rep,heat_enabled,transmitter_bit,transmitter_mask,ctrl_0_ro_0,ctrl_0_ro_1,ctrl_0_ro_2,ctrl_0_ro_3,ctrl_0_ro_4,ctrl_1_ro_0,ctrl_1_ro_1,ctrl_1_ro_2,ctrl_1_ro_3,ctrl_1_ro_4,ctrl_2_ro_0,ctrl_2_ro_1,ctrl_2_ro_2,ctrl_2_ro_3,ctrl_2_ro_4,ctrl_3_ro_0,ctrl_3_ro_1,ctrl_3_ro_2,ctrl_3_ro_3,ctrl_3_ro_4
0,31,1,15,6727344,6699362,6578897,6621042,6556338,6606186,6602432,6576791,6658384,6549450,6648845,6590445,6505840,6614284,6589399,6519956,6556194,6515387,6537401,6414279
1,0,1,15,6740653,6711907,6591817,6634305,6569026,6619830,6615020,6589126,6671796,6562428,6661487,6604175,6519003,6628133,6602470,6533680,6570260,6528768,6550337,6428144
2,31,1,15,6727438,6699075,6579013,6622571,6556295,6607172,6601829,6576465,6658906,6549287,6647888,6591212,6505516,6614277,6589196,6520239,6557620,6515700,6537568,6415023
3,0,1,15,6739992,6711902,6592181,6635067,6569295,6619775,6614932,6589507,6671972,6562207,6661570,6604200,6518521,6627204,6602988,6533712,6570418,6528260,6549858,6427553
4,31,1,15,6726468,6699725,6580344,6622856,6556735,6606039,6602273,6576929,6659458,6549244,6647825,6591123,6505268,6613944,6588926,6520832,6556650,6515568,6536898,6414333
5,0,1,15,6739466,6712264,6592343,6634161,6568512,6618971,6614680,6589155,6671534,6561582,6660994,6603796,6517841,6626875,6602531,6534083,6569913,6528330,6549917,6426132
6,31,1,15,6728098,6700564,6580271,6622288,6556774,6606971,6602333,6576705,6659722,6549213,6648311,6591468,6505949,6614434,6590172,6521104,6556939,6515506,6537446,6413317
7,0,1,15,6740338,6712776,6591301,6634663,6568968,6619074,6614652,6589214,6671714,6561592,6660941,6603307,6518395,6626845,6601835,6533468,6568738,6527931,6549559,6426347
8,31,1,15,6728600,6701004,6579102,6622072,6557264,6607205,6601543,6576997,6659220,6549649,6648329,6590837,6505896,6614980,6589590,6520365,6555422,6515275,6537382,6414046
9,0,1,15,6740677,6713270,6591853,6634839,6569267,6619596,6613797,6589991,6671776,6562209,6661648,6603720,6518658,6627088,6602111,6533027,6568998,6528863,6550254,6427374
10,31,1,15,6728790,6701959,6579494,6622392,6556507,6608057,6602488,6577606,6659010,6549995,6649705,6591327,6505604,6615227,6589856,6520387,6555945,6516203,6537094,6415294
11,0,1,15,6741669,6715011,6593271,6635932,6569485,6621436,6616066,6590506,6672938,6562448,6663231,6604773,6518588,6627890,6602449,6534422,6570072,6529270,6550775,6428316
12,31,1,15,6728512,6702314,6579900,6623370,6557086,6607589,6603094,6577623,6660359,6549819,6649421,6591374,6506295,6615448,6589624,6521412,6556699,6515955,6536899,6416095
13,0,1,15,6740666,6714156,6591925,6636039,6569321,6619975,6615121,6589589,6672755,6562600,6662397,6603225,6518412,6627211,6601985,6533689,6569013,6528024,6549535,6428202
14,31,1,15,6727997,6701274,6579592,6622813,6556639,6607163,6602333,6577288,6659655,6549567,6649000,6590823,6505444,6614977,6589490,6520261,6556380,6515612,6535899,6415413
15,0,1,15,6740579,6713227,6591936,6635874,6568365,6619117,6614921,6589789,6672761,6562326,6662401,6603162,6518742,6627037,6602060,6533142,6569542,6528755,6549025,6427804
16,31,1,15,6727600,6700893,6578866,6622485,6555854,6606594,6601814,6576297,6659413,6548553,6648861,6589753,6506719,6614017,6589009,6519832,6555317,6515359,6535977,6414701
17,0,1,15,6741141,6714091,6592235,6636429,6569084,6620302,6615359,6589690,6673268,6562007,6662557,6603641,6519360,6628048,6603126,6533482,6570635,6529503,6550132,6427962
18,31,1,15,6728046,6701169,6579751,6623770,6555821,6607319,6602773,6576622,6660191,6549156,6649397,6591348,6506710,6615690,6590057,6519978,6557101,6516187,6536804,6415170
19,0,1,15,6741392,6713919,6592453,6636560,6568112,6619892,6615777,6589639,6673386,6562467,6663009,6604716,6519451,6628950,6602864,6533848,6570188,6529239,6550060,6428479
20,31,1,15,6727533,6699654,6579759,6622816,6555754,6607047,6602553,6576110,6659682,6549421,6648823,6591131,6506359,6614200,6588857,6520129,6556459,6515479,6536246,6415209
21,0,1,15,6739626,6711065,6590693,6635049,6568044,6618397,6614242,6588361,6671435,6561627,6661344,6603008,6518058,6627393,6601179,6532825,6569038,6528447,6548839,6426752
22,31,1,15,6727748,6698757,6577815,6622615,6555861,6605901,6601521,6575762,6658267,6549530,6648016,6589857,6505906,6614439,6587955,6519767,6555761,6515427,6536271,6414098
23,0,1,15,6739972,6711524,6591101,6635563,6568699,6618773,6614700,6588961,6671174,6562188,6660926,6602767,6518550,6627512,6601221,6533297,6569716,6528574,6549725,6426904
24,31,1,15,6728079,6700048,6578979,6623640,6557436,6606609,6602782,6576837,6658591,6549900,6649247,6590752,6506586,6615532,6589259,6520633,6557215,6515506,6537366,6414862
25,0,1,15,6739924,6712398,6591315,6637159,6569691,6619070,6615538,6589637,6671857,6563300,6662517,6603795,6518831,6627886,6602351,6533934,6570595,6528443,6550200,6427575
26,31,1,15,6727863,6700482,6579160,6624769,6556749,6607089,6603609,6577089,6659536,6550502,6649867,6591059,6506272,6615609,6589565,6520191,6557010,6515732,6537247,6414978
27,0,1,15,6740863,6713567,6592272,6637358,6569230,6619738,6616795,6589743,6673201,6563281,6663986,6604647,6519798,6627677,6603385,6534107,6570791,6528811,6550711,6428555
28,31,1,15,6728840,6701151,6580225,6625111,6557608,6607408,6604280,6577178,6660631,6551128,6650737,6592263,6506869,6614842,6590581,6521200,6557424,6515387,6537707,6416184
29,0,1,15,6739995,6713399,6591530,6637409,6569429,6619094,6616159,6589139,6672744,6563585,6662862,6604400,6519255,6627435,6602578,6534067,6569991,6528688,6550457,6428517
30,31,1,15,6727409,6700495,6580085,6624843,6556614,6606792,6603365,6576378,6659413,6551145,6649581,6591332,6506488,6614886,6589669,6520420,6556965,6515369,6536999,6416242
31,0,1,15,6739250,6712409,6591670,6636771,6568307,6619355,6615247,6589032,6672044,6563281,6662346,6603548,6518793,6626583,6602148,6533423,6569377,6527982,6548875,6427952
32,31,1,15,6727568,6700785,6579725,6624312,6556594,6606436,6603458,6576571,6659179,6550977,6649572,6590455,6506343,6615247,6589621,6520632,6556397,6514805,6535597,6414758
33,0,1,15,6739863,6713683,6591926,6636810,6569250,6619718,6616126,6588818,6673004,6563012,6662574,6603557,6519157,6628181,6602741,6534032,6570546,6527553,6548819,6428245
34,31,1,15,6727073,6700591,6579151,6623857,6556974,6606143,6602763,6575888,6659349,6550065,6648907,6590658,6505806,6614385,6589830,6520379,6556894,6513901,6535375,6414978
35,0,1,15,6739428,6713238,6591671,6635642,6569333,6619081,6615493,6588883,6672510,6562894,6662418,6603656,6518317,6627453,6601423,6533380,6570020,6527588,6549051,6428270
36,31,1,15,6727246,6699635,6579333,6622929,6556084,6606773,6602850,6576078,6659590,6550384,6649479,6591026,6505901,6614602,6588529,6520106,6556701,6514874,6536827,6415210
37,0,1,15,6739183,6711989,6590841,6635671,6567900,6618492,6615076,6587890,6671247,6562710,6661195,6602976,6517559,6626568,6601263,6532741,6568487,6527189,6549012,6426909
38,31,1,15,6727660,6700464,6579128,6623386,6556500,6606605,6603616,6575877,6659343,6551215,6649589,6591601,6506502,6615046,6589672,6520688,6555981,6515492,6537066,6415363
39,0,1,15,6739739,6712442,6591697,6635775,6568384,6618765,6615248,6588081,6671461,6564127,6662244,6603601,6518556,6627200,6601765,6533598,6569436,6528209,6549945,6427438
40,31,1,15,6728269,6701561,6580025,6624447,6557129,6607025,6603426,6576331,6659368,6552369,6650438,6591562,6507288,6614667,6589716,6521039,6556858,6515704,6537843,6415305
41,0,1,15,6740408,6713727,6592322,6635934,6569179,6619586,6615727,6588359,6671394,6564360,6662839,6604276,6519284,6627308,6601346,6534225,6569945,6527775,6550374,6428230
42,31,1,15,6728437,6701655,6579402,6623195,6556743,6606861,6603729,6576355,6659353,6551551,6650289,6591974,6507273,6615082,6589579,6521567,6556799,6515486,6537416,6415912
43,0,1,15,6739828,6712599,6590451,6634716,6568055,6618029,6614437,6587955,6671026,6562739,6661862,6603134,6518094,6627203,6601683,6533088,6569126,6527053,6548402,6427798
44,31,1,15,6727252,6700599,6578061,6621914,6555952,6606219,6601640,6575814,6658925,6549642,6648516,6590805,6505321,6614513,6589158,6520720,6556609,6514492,6536349,6415161
45,0,1,15,6739717,6712719,6590804,6634172,6567279,6619242,6613694,6588418,6671242,6562439,6661356,6602542,6517645,6626466,6601161,6533031,6569717,6526585,6549124,6427082
46,31,1,15,6728299,6701158,6578958,6622743,6556137,6606917,6601404,6576205,6659451,6550700,6648574,6590594,6505698,6613357,6588467,6520460,6556915,6514611,6536303,6415235
47,0,1,15,6740210,6712558,6590929,6634911,6568131,6619307,6614845,6588405,6671817,6562847,6661977,6603106,6517565,6625562,6601577,6532937,6569960,6527564,6549275,6427988
48,31,1,15,6727193,6700466,6578529,6622281,6555897,6606511,6601045,6576133,6658721,6549831,6648295,6590153,6505095,6613499,6588042,6519824,6555607,6514318,6536642,6414455
49,0,1,15,6739006,6712295,6589982,6634860,6568673,6618363,6613719,6587885,6670833,6562450,6661224,6602511,6517101,6626257,6600009,6532143,6568591,6526531,6548799,6426235
50,31,1,15,6727801,6700575,6578038,6622463,6555957,6606047,6601615,6575642,6658848,6549991,6648350,6590685,6505871,6613146,6588394,6520037,6556201,6514014,6536040,6414180
51,0,1,15,6740783,6712864,6590574,6635562,6568720,6619149,6615253,6588559,6671563,6563118,6662035,6603554,6519047,6626766,6601306,6533511,6569824,6527875,6549028,6427602
52,31,1,15,6727691,6700257,6578628,6623212,6556761,6607137,6602486,6576923,6659183,6550549,6648861,6591322,6506190,6614335,6588736,6520451,6556626,6515215,6536132,6414592
53,0,1,15,6739946,6712781,6590561,6635112,6568860,6619036,6614963,6589838,6671950,6563512,6661895,6603369,6518325,6627467,6600664,6533867,6569007,6527691,6549115,6427369
54,31,1,15,6727217,6700314,6578627,6622465,6556131,6606223,6602290,6575901,6658671,6550069,6648611,6590224,6505906,6613914,6588660,6520239,6556335,6515268,6536330,6413847
55,0,1,15,6739391,6711153,6590268,6634740,6569043,6618465,6614620,6588271,6671184,6562868,6661201,6603139,6518346,6626013,6600830,6532953,6569350,6527113,6548891,6426737
56,31,1,15,6728633,6699746,6578677,6623459,6557284,6607143,6602981,6576545,6659290,6551065,6649096,6591295,6506684,6615034,6588639,6521009,6557015,6515376,6536958,6415419
57,0,1,15,6739922,6711251,6590601,6634627,6568684,6619369,6614765,6587933,6671010,6562424,6661482,6603413,6518500,6626727,6601707,6533542,6569573,6527036,6549441,6427181
58,31,1,15,6727589,6698584,6577957,6622164,6556299,6606951,6602684,6575535,6658081,6549428,6648301,6590656,6505796,6613993,6588597,6520084,6556901,6513785,6536278,6414375
59,0,1,15,6739690,6711969,6591252,6634627,6568692,6619583,6615728,6588590,6671115,6562711,6661501,6603401,6517883,6626551,6602049,6533777,6569792,6527477,6549647,6427458
60,31,1,15,6727067,6699679,6579025,6623323,6556800,6606849,6603147,6576442,6659446,6550403,6648793,6590716,6506076,6614011,6589514,6520800,6557351,6514723,6537512,6414997
61,0,1,15,6739350,6712229,6590531,6635724,6568321,6618286,6614187,6587741,6671511,6562076,6661006,6602338,6517480,6625851,6601187,6533217,6569601,6526526,6549612,6426875
62,31,1,15,6727058,6699732,6578522,6623418,6555614,6606319,6601601,6575601,6658953,6549616,6647948,6590244,6505307,6613861,6588107,6520417,6557109,6514023,6535962,6414877
63,0,1,15,6739081,6711663,6590248,6635539,6567587,6618125,6614179,6587252,6670829,6561371,6660880,6602648,6517255,6625075,6600603,6532362,6568767,6526439,6548516,6426934
64,31,1,15,6726747,6699931,6578761,6623988,6556374,6606367,6602251,6575503,6658969,6549488,6649012,6590799,6505432,6613049,6587996,6519848,6556457,6514143,6536994,6414950
65,0,1,15,6738969,6712119,6590816,6635986,6568404,6618686,6614639,6587958,6671997,6562052,6661929,6603101,6517481,6625718,6601238,6532975,6569563,6527159,6548918,6426615
66,31,1,15,6727408,6700107,6579108,6623543,6556738,6607367,6603116,6576823,6659690,6550307,6649465,6591260,6505391,6614457,6588642,6521157,6557089,6515324,6536512,6414441
67,0,1,15,6739998,6712374,6590768,6635288,6569004,6619672,6615261,6589003,6672547,6563099,6662163,6603718,6517339,6626680,6601483,6533832,6570863,6527996,6550189,6426766
68,31,1,15,6727155,6699607,6578300,6622657,6555863,6606917,6601635,6575390,6658901,6549852,6648477,6590495,6504642,6613759,6588427,6519978,6556848,6514753,6537292,6413958
69,0,1,15,6739243,6712108,6591115,6635157,6567707,6618884,6614614,6587710,6671335,6562714,6661295,6603381,6517178,6626015,6601142,6532985,6570674,6527489,6549033,6426290
70,31,1,15,6727163,6699378,6577842,6622736,6555488,6605610,6601467,6575581,6658432,6549620,6648360,6590127,6504717,6612526,6587605,6519643,6556466,6514168,6536028,6413729
71,0,1,15,6739855,6712676,6590679,6636294,6567981,6618798,6614680,6588777,6672105,6562981,6662221,6603717,6517491,6626933,6601398,6532781,6569662,6528518,6550017,6427063
72,31,1,15,6727339,6699856,6578299,6623215,6555522,6605941,6602217,6576430,6659193,6550067,6648976,6591006,6505030,6613600,6587520,6519781,6557070,6515367,6536812,6414675
73,0,1,15,6739069,6712357,6590129,6634667,6568217,6618435,6613886,6588405,6672006,6562840,6661826,6603338,6517391,6625426,6600871,6532883,6569324,6527867,6549635,6427031
74,31,1,15,6727839,6700651,6578282,6623431,6555968,6606542,6601797,6576177,6659971,6550745,6649791,6591375,6506113,6614071,6588773,6521353,6557333,6515294,6537135,6414893
75,0,1,15,6739756,6712687,6590140,6634966,6568280,6618689,6614687,6588354,6672359,6563782,6662488,6603624,6517736,6626930,6601037,6533409,6569894,6528128,6549617,6427613
76,31,1,15,6727019,6700472,6578833,6623356,6556468,6606464,6601944,6576558,6660170,6550949,6648841,6590818,6505648,6614568,6588576,6520422,6557575,6515726,6536389,6414603
77,0,1,15,6738768,6712185,6590544,6634924,6567693,6618301,6614309,6588184,6671969,6563352,6660696,6602823,6516994,6626547,6600743,6532863,6569565,6527463,6548631,6426799
78,31,1,15,6727197,6700405,6578761,6623312,6555488,6606971,6601944,6576522,6659532,6551295,6648669,6591394,6505574,6614275,6588918,6520818,6556988,6515721,6536008,6414935
79,0,1,15,6738506,6711791,6589569,6634609,6566887,6617710,6613251,6587700,6670485,6562280,6660036,6602628,6516823,6624945,6600948,6532408,6568355,6527372,6547549,6426555
80,31,1,15,6726860,6699769,6578434,6622088,6555983,6605613,6600957,6576005,6658588,6550380,6647859,6590524,6504694,6613347,6588291,6520019,6555930,6515015,6535374,6414461
81,0,1,15,6739084,6712586,6589735,6634215,6568473,6617647,6614016,6588025,6671259,6562889,6660831,6603292,6516988,6626193,6601787,6532793,6569923,6528226,6548243,6426982
82,31,1,15,6726150,6700309,6577429,6621912,6555760,6605141,6601619,6576392,6659205,6550352,6648160,6590934,6504420,6613322,6588841,6519705,6556901,6514779,6535681,6415017
83,0,1,15,6738669,6713398,6590593,6634990,6568883,6618259,6615133,6588675,6672427,6563689,6662172,6604086,6517180,6625826,6601200,6533125,6570742,6527617,6548985,6427582
84,31,1,15,6727030,6701095,6578845,6623831,6557053,6606460,6603206,6576805,6659883,6552693,6649772,6592138,6506058,6613386,6589360,6521208,6558166,6516053,6537066,6415486
85,0,1,15,6739586,6713283,6590646,6636135,6569367,6618937,6614719,6589650,6672482,6565472,6661790,6604363,6518322,6626386,6602462,6533958,6570437,6528723,6549733,6427935
86,31,1,15,6726750,6700077,6578731,6622553,6556245,6606344,6602081,6575699,6658558,6551300,6648209,6591125,6504870,6613535,6589020,6519722,6556502,6514700,6536516,6414778
87,0,1,15,6739052,6712300,6590430,6635342,6568649,6619046,6615001,6588357,6671334,6563569,6661671,6603486,6517473,6625412,6601405,6532714,6569754,6527549,6549313,6426559
88,31,1,15,6725959,6700628,6578299,6623115,6556230,6606233,6602003,6576095,6659150,6551179,6648602,6591014,6505218,6613465,6588295,6519950,6556822,6514418,6535596,6414211
89,0,1,15,6739172,6712736,6590285,6635696,6568858,6619067,6614481,6589373,6672106,6564738,6662481,6604261,6518085,6626132,6602271,6533391,6569993,6527932,6549423,6426758
90,31,1,15,6725759,6699859,6577862,6622507,6555983,6605880,6600972,6575789,6658584,6551381,6648447,6590586,6504873,6612854,6588058,6519157,6556957,6514262,6535691,6413301
91,0,1,15,6739603,6713232,6590988,6636069,6569570,6619341,6614522,6589465,6672123,6564608,6662275,6604533,6518533,6626783,6602330,6533447,6570682,6528314,6549792,6427546
92,31,1,15,6727329,6700969,6579265,6623887,6557324,6607638,6602834,6577169,6659817,6552516,6649515,6592256,6506580,6613961,6589636,6521436,6558373,6515781,6537047,6415283
93,0,1,15,6739278,6713356,6592091,6636226,6569132,6619662,6614313,6589002,6671843,6564819,6662852,6604380,6518149,6626702,6602583,6534372,6571026,6528594,6549994,6428496
94,31,1,15,6726052,6700614,6579428,6622755,6557071,6606353,6601668,6576676,6659312,6551656,6649498,6591079,6505653,6613791,6589275,6520635,6557565,6515476,6537032,6415739
95,0,1,15,6738887,6713065,6590720,6635819,6569425,6618653,6614785,6588969,6671773,6563837,6662128,6604218,6517716,6626084,6602173,6533221,6570715,6527947,6549810,6427642
96,31,1,15,6726663,6700185,6578930,6623460,6557111,6606333,6602120,6576150,6658873,6551262,6649007,6591918,6505446,6613582,6588844,6520556,6558033,6514660,6537087,6415580
97,0,1,15,6739125,6712507,6590556,6635240,6568903,6618381,6613528,6588235,6671177,6564457,6661288,6603709,6517169,6624629,6600787,6532743,6570410,6527146,6548744,6427814
98,31,1,15,6727418,6700320,6578233,6623248,6556766,6605673,6601330,6575953,6658897,6551755,6648105,6590991,6504563,6612072,6588511,6519678,6556841,6514782,6536211,6415291
99,0,1,15,6738966,6712737,6590658,6635383,6569429,6618219,6614848,6588216,6671485,6564888,6661117,6603816,6518026,6625621,6601364,6533215,6569800,6527960,6549309,6427296
100,31,1,15,6726577,6700326,6577799,6622392,6556744,6606354,6602510,6576424,6658494,6551521,6648497,6590871,6505112,6613451,6589446,6519904,6556925,6515415,6536758,6414699
101,0,1,15,6738407,6712206,6590387,6635998,6569068,6618484,6615248,6588483,6671527,6564878,6661656,6603908,6517922,6626472,6601580,6533056,6570676,6528350,6549671,6427284
102,31,1,15,6726916,6699602,6578405,6622611,6556805,6605817,6602062,6576020,6659160,6552235,6648021,6590886,6504888,6612900,6588789,6520397,6557395,6514837,6536687,6415029
103,0,1,15,6739367,6712350,6590011,6634470,6568582,6618401,6614210,6588015,6671328,6564513,6660720,6603030,6517564,6625551,6601498,6532676,6570594,6527945,6549947,6427291
104,31,1,15,6727209,6699673,6577792,6621979,6556460,6605263,6601303,6575510,6657526,6550931,6647798,6590270,6504562,6612360,6587815,6519378,6556894,6515042,6536346,6414196
105,0,1,15,6739469,6712025,6589929,6634505,6568401,6617977,6613284,6587448,6670194,6563659,6660686,6602028,6516493,6624980,6600236,6531883,6569629,6527209,6548997,6426888
106,31,1,15,6727509,6699858,6578038,6622257,6556188,6605576,6600782,6575454,6657926,6551400,6648247,6589844,6504526,6611895,6588238,6519054,6556887,6514136,6535827,6414601
107,0,1,15,6739803,6712577,6590679,6635687,6567960,6618691,6614106,6587834,6670840,6564162,6660708,6603457,6517443,6624129,6600843,6532545,6570128,6527917,6548359,6427081
108,31,1,15,6727003,6699522,6577995,6622906,6555999,6606057,6601519,6574992,6657832,6551007,6647755,6590079,6504706,6612304,6587900,6519220,6557192,6514590,6535842,6414664
109,0,1,15,6739652,6712388,6590408,6635520,6568779,6618802,6614861,6588270,6671088,6563992,6661411,6603640,6517936,6624648,6601783,6533094,6570511,6528021,6548583,6427649
110,31,1,15,6727865,6700649,6579583,6623668,6557655,6607634,6602241,6576513,6659168,6552107,6649454,6591853,6505496,6612893,6589087,6520320,6557331,6516035,6536355,6415982
111,0,1,15,6739462,6711861,6589911,6635401,6568510,6618311,6614255,6587556,6670954,6563716,6660993,6602677,6516593,6625104,6600700,6532368,6569451,6527592,6548522,6427243
112,31,1,15,6727300,6700013,6577909,6622525,6556109,6606313,6602007,6575543,6658887,6551445,6648063,6590505,6505060,6612904,6588029,6519024,6555973,6514447,6536059,6415410
113,0,1,15,6738652,6712112,6589444,6634194,6567916,6618181,6613114,6587802,6671727,6562971,6660556,6602222,6517118,6624092,6600886,6531503,6569527,6527404,6548523,6427181
114,31,1,15,6726925,6700501,6577423,6622144,6556843,6605623,6600728,6575232,6659481,6550655,6648020,6590438,6505094,6612108,6588530,6519206,6557177,6514907,6536300,6415257
115,0,1,15,6739597,6713121,6590880,6634985,6569033,6618949,6614550,6588930,6672477,6563962,6661957,6603537,6518095,6625411,6602385,6532719,6570987,6528328,6549513,6427985
116,31,1,15,6726379,6699377,6577463,6622772,6556258,6605973,6601349,6575312,6658901,6551322,6648537,6589715,6504526,6612288,6588182,6519201,6557079,6514584,6535704,6414721
117,0,1,15,6738221,6711973,6589984,6634925,6569549,6618603,6613846,6587906,6671632,6563574,6661617,6602703,6516967,6625030,6600342,6532084,6569828,6527464,6548331,6427325
118,31,1,15,6725443,6699403,6576593,6621126,6556379,6605450,6600619,6574651,6658582,6549930,6647111,6589877,6503553,6612269,6587261,6518240,6556545,6513701,6534815,6414488
119,0,1,15,6737935,6711929,6589618,6635219,6568466,6619100,6613705,6588223,6671169,6563455,6660515,6602943,6516774,6624962,6600019,6532090,6569809,6526960,6548086,6426961
120,31,1,15,6726505,6700742,6578433,6623362,6556675,6607479,6601692,6576100,6659015,6551112,6648765,6590843,6505461,6613159,6588836,6519509,6556694,6514395,6536150,6414539
121,0,1,15,6738446,6712110,6590329,6634696,6568323,6619379,6613492,6587884,6671249,6563323,6660902,6602460,6516784,6625721,6599265,6531716,6568878,6527032,6548104,6426584
122,31,1,15,6726908,6700997,6578785,6623152,6557241,6607232,6602106,6576193,6658674,6551519,6648313,6591524,6504993,6613124,6587632,6520377,6557348,6514902,6536403,6414992
123,0,1,15,6738837,6712130,6589929,6633582,6569088,6618750,6613839,6587874,6671087,6563108,6659991,6602749,6517123,6624648,6601107,6531637,6569753,6526729,6547929,6426336
124,31,1,15,6727060,6700781,6578556,6622146,6557444,6607103,6602253,6575565,6658946,6551218,6648027,6590887,6504869,6613366,6589357,6519455,6556587,6514542,6535619,6414864
125,0,1,15,6738837,6711540,6589432,6633818,6568965,6619229,6614343,6587536,6670350,6562708,6660062,6602436,6516678,6624561,6601162,6532234,6568158,6526187,6548140,6426549
126,31,1,15,6726247,6699133,6577611,6621638,6555766,6606079,6601596,6574883,6656842,6548740,6646869,6589388,6503520,6611650,6588253,6518922,6554933,6513926,6535019,6414104
127,0,1,15,6738041,6711261,6589291,6634613,6567948,6618608,6614298,6586806,6670109,6561359,6659594,6602018,6517068,6624875,6601015,6532046,6568176,6527021,6548666,6426287
128,31,1,15,6726068,6699223,6576908,6621841,6556383,6606190,6601378,6574545,6658102,6549401,6646662,6589704,6503951,6612414,6586875,6519290,6555726,6514028,6535580,6414376
129,0,1,15,6738502,6711856,6589311,6634263,6568728,6618097,6614203,6587712,6670759,6562317,6660465,6602561,6517480,6626172,6600881,6532856,6569355,6527565,6548665,6427073
130,31,1,15,6726171,6698944,6577546,6622206,6555938,6605816,6601922,6574803,6657658,6549529,6647328,6589266,6504464,6612904,6587822,6519641,6556290,6514143,6535106,6413959
131,0,1,15,6738932,6711338,6589963,6634917,6568031,6618687,6613851,6587758,6670928,6562757,6660736,6602942,6517886,6625805,6600838,6532778,6569426,6527529,6548493,6426767
132,31,1,15,6725811,6699203,6578107,6622733,6556722,6606185,6601304,6575143,6658198,6549836,6647535,6590355,6505878,6613200,6588855,6519710,6555546,6514959,6535764,6413747
133,0,1,15,6738383,6711915,6589762,6635385,6568774,6618897,6614364,6588042,6670622,6562289,6660518,6603188,6518241,6625360,6601187,6532306,6568516,6527578,6548412,6426654
134,31,1,15,6726848,6699256,6578106,6623163,6556259,6606667,6602400,6575393,6658128,6549967,6648274,6590270,6505734,6612822,6588600,6520179,6556497,6514876,6536007,6414679
135,0,1,15,6738512,6711399,6589221,6634603,6568214,6618767,6613821,6587391,6670484,6562843,6660444,6602502,6518069,6624364,6600727,6532434,6568984,6526080,6547929,6427081
136,31,1,15,6726068,6699653,6577490,6622136,6555944,6606374,6601499,6575794,6657775,6549842,6647366,6589629,6505846,6612436,6588543,6519423,6556152,6513993,6535508,6415133
137,0,1,15,6739402,6712032,6588926,6635020,6568183,6618635,6613609,6587476,6670855,6562871,6661073,6603290,6518597,6624646,6601618,6532478,6569960,6526848,6549166,6426944
138,31,1,15,6727714,6699751,6577558,6623651,6556076,6606652,6601779,6575207,6658823,6549805,6648790,6590765,6506064,6612007,6588764,6519671,6557519,6514209,6535924,6414414
139,0,1,15,6739462,6711721,6589538,6635759,6568341,6618547,6614154,6588275,6671222,6563036,6661589,6603193,6518528,6624839,6601355,6532592,6569975,6526938,6549382,6427276
140,31,1,15,6726715,6699860,6578109,6624077,6556450,6606523,6601973,6575832,6658721,6550233,6649339,6590250,6505664,6612521,6588882,6519664,6557046,6515152,6536609,6414918
141,0,1,15,6738944,6712317,6590111,6636149,6568784,6618064,6614167,6587946,6671289,6563290,6662273,6602955,6518084,6624895,6601258,6533060,6570408,6527626,6549033,6427223
142,31,1,15,6727534,6700931,6578166,6624102,6556643,6606679,6602885,6576089,6659019,6550714,6649387,6591336,6505929,6613330,6588784,6520523,6556969,6515278,6536605,6414398
143,0,1,15,6739229,6712440,6590233,6634578,6568514,6619057,6615416,6588584,6671673,6562823,6662317,6603750,6517730,6626202,6601251,6533113,6569934,6527645,6549385,6426734
144,31,1,15,6726506,6699642,6577225,6621752,6555511,6605982,6601893,6575682,6658213,6549923,6648707,6590247,6504799,6612978,6587884,6519876,6556410,6513854,6535821,6413849
145,0,1,15,6739154,6711870,6589902,6634788,6567828,6618559,6614805,6588439,6670840,6562536,6662011,6602917,6517854,6626143,6600716,6533043,6569257,6527004,6549206,6426994
146,31,1,15,6727774,6700446,6577981,6623698,6556962,6607414,6603024,6576677,6658984,6551915,6650112,6591563,6506331,6614066,6589235,6520252,6556667,6514505,6536650,6415317
147,0,1,15,6739095,6712654,6589362,6636318,6568827,6619317,6614609,6587702,6671139,6564313,6662109,6603373,6518096,6626428,6601771,6532934,6568571,6526688,6548992,6428116
148,31,1,15,6727035,6700923,6578807,6623591,6556591,6607204,6603127,6576419,6659099,6551212,6649556,6591141,6506075,6614195,6589123,6520559,6555758,6514381,6537046,6416048
149,0,1,15,6739597,6713214,6591610,6634928,6568292,6619157,6615447,6588630,6670912,6564315,6661748,6602859,6518164,6625747,6601866,6533345,6568127,6527039,6549861,6428083
150,31,1,15,6727540,6701414,6579908,6623629,6556734,6606682,6603291,6576549,6659347,6551540,6650246,6591205,6506647,6614238,6590220,6520814,6556124,6515128,6538446,6416147
151,0,1,15,6739628,6713349,6591329,6635870,6568439,6619345,6615239,6589677,6671749,6564472,6663174,6603973,6518626,6625315,6602796,6533878,6569429,6527687,6550983,6429119
152,31,1,15,6727085,6700075,6578190,6622909,6555561,6606483,6602380,6576496,6658955,6551878,6649581,6590654,6505979,6612151,6589761,6520280,6555947,6514182,6537347,6415566
153,0,1,15,6740179,6712566,6590412,6636665,6568072,6619637,6615515,6589079,6672149,6564551,6662881,6603528,6518688,6625260,6601824,6533112,6568947,6528040,6550159,6427955
154,31,1,15,6728767,6701146,6579141,6624444,6556739,6607529,6603546,6576481,6659175,6552019,6650475,6592127,6506878,6612872,6589877,6520326,6555963,6515097,6537513,6416225
155,0,1,15,6740641,6712985,6590632,6636070,6568251,6619601,6615293,6588741,6670533,6564808,6663136,6603763,6518587,6624595,6601941,6532790,6568947,6527492,6549770,6427574
156,31,1,15,6727385,6700108,6577219,6622816,6555933,6606156,6601737,6575944,6657067,6551107,6648703,6590230,6504833,6611642,6588892,6519070,6554983,6513900,6536225,6414972
157,0,1,15,6739749,6713077,6590027,6635833,6568673,6619136,6614770,6588185,6670813,6564583,6662574,6602978,6517675,6625400,6602555,6533056,6569691,6527537,6550266,6428101
158,31,1,15,6726860,6699933,6577155,6622582,6555628,6605059,6601602,6575142,6658197,6551243,6649505,6590080,6505282,6612169,6588953,6519204,6555637,6513971,6536360,6415542
159,0,1,15,6739444,6712210,6589763,6635064,6568034,6618158,6614928,6587567,6670870,6564117,6662392,6603270,6518095,6625221,6601869,6532200,6568765,6527517,6548486,6428234
160,31,1,15,6725720,6699424,6577089,6621020,6555108,6605083,6600826,6574207,6657436,6550274,6648515,6589366,6504704,6611842,6587755,6518789,6555373,6513521,6536095,6414779
161,0,1,15,6738367,6712309,6589792,6634647,6567514,6618009,6614380,6587545,6670360,6563230,6661558,6602841,6516680,6625504,6601957,6532137,6568155,6526570,6549647,6427329
162,31,1,15,6726216,6700648,6577097,6621536,6554844,6604993,6602199,6575296,6657497,6550671,6648874,6590141,6505076,6611664,6588640,6519357,6555983,6513899,6536990,6414595
163,0,1,15,6739750,6713096,6590391,6634496,6568641,6618219,6615050,6587492,6671047,6563935,6662846,6603253,6518837,6625427,6602407,6532773,6569322,6528370,6549851,6428226
164,31,1,15,6726916,6700421,6578164,6622780,6556289,6605791,6602926,6575442,6659226,6551421,6649546,6590996,6505905,6613158,6589008,6520572,6556127,6514604,6537246,6415822
165,0,1,15,6739253,6713170,6590849,6634609,6567909,6618528,6615281,6587955,6671490,6564273,6663531,6603070,6518237,6625594,6602186,6533841,6568992,6527884,6550332,6428655
166,31,1,15,6726559,6700341,6578312,6621884,6555409,6605872,6602318,6575430,6658988,6551518,6649741,6590698,6506337,6612868,6589201,6521263,6555839,6514854,6536427,6415116
167,0,1,15,6738548,6712430,6589990,6634491,6567265,6617409,6614615,6587659,6670549,6563368,6662424,6602847,6518045,6625230,6601585,6533030,6568592,6526965,6549273,6427746
168,31,1,15,6726453,6700935,6578384,6623307,6555509,6606026,6602381,6576173,6658617,6551275,6650492,6591774,6506769,6613283,6588985,6520863,6556142,6515045,6536998,6416284
169,0,1,15,6738605,6712559,6589412,6635272,6566798,6617932,6614309,6587749,6670691,6563965,6662575,6603059,6518576,6624728,6600781,6532838,6568497,6526985,6549318,6427845
170,31,1,15,6727181,6700544,6578345,6623480,6554978,6606150,6602387,6576051,6658631,6552007,6650145,6591011,6505733,6612406,6588537,6521177,6556200,6515101,6536954,6415826
171,0,1,15,6739145,6711485,6589861,6634859,6566966,6617784,6614857,6587407,6671099,6563144,6662357,6603006,6517163,6624245,6600545,6533009,6568547,6527191,6549639,6427553
172,31,1,15,6726810,6699579,6577851,6622746,6554693,6605050,6602192,6575025,6657948,6551020,6649950,6590481,6505173,6611712,6588449,6519891,6555363,6514268,6537007,6415275
173,0,1,15,6739362,6711417,6589715,6634905,6567656,6617411,6614634,6587841,6670893,6564228,6662684,6602600,6517588,6624066,6600968,6532774,6568154,6527402,6549651,6427350
174,31,1,15,6727252,6699908,6578623,6622482,6555899,6605217,6601992,6575675,6658602,6551378,6649910,6591021,6505410,6612918,6588265,6520211,6555102,6514702,6537346,6414657
175,0,1,15,6739937,6712809,6590527,6634566,6568280,6618499,6615182,6588470,6671534,6563956,6662607,6603641,6518347,6625937,6601335,6533540,6567531,6527362,6550257,6427662
176,31,1,15,6727134,6700474,6578282,6621756,6555464,6605908,6602460,6575628,6658455,6550499,6649215,6590487,6504833,6612846,6587951,6519647,6554519,6513679,6536083,6414955
177,0,1,15,6739251,6712645,6590260,6634216,6566826,6617807,6614597,6587648,6671036,6562733,6661522,6602833,6517295,6625842,6600280,6532459,6568783,6525984,6548604,6427387
178,31,1,15,6727461,6700964,6578947,6622181,6555576,6606362,6602395,6576256,6659651,6551103,6649336,6590984,6505548,6612734,6588379,6520446,6556108,6514228,6536621,6415563
179,0,1,15,6738614,6711562,6590167,6634103,6567664,6618203,6614070,6588420,6671473,6563790,6661978,6603129,6517058,6625402,6600347,6533158,6568646,6526191,6548802,6427460
180,31,1,15,6726023,6699307,6577315,6621197,6554826,6604837,6601974,6574968,6658236,6550682,6648990,6589838,6504331,6612582,6588123,6519980,6555077,6513455,6535530,6414660
181,0,1,15,6739603,6712701,6590805,6635770,6568735,6618731,6615811,6588526,6672359,6564284,6662632,6604107,6518227,6625982,6601590,6533562,6569368,6527266,6549691,6428967
182,31,1,15,6726183,6699064,6577879,6621817,6555799,6604955,6601812,6574990,6658490,6550441,6648710,6589927,6504233,6612537,6587743,6519154,6555413,6513459,6535310,6414976
183,0,1,15,6738961,6711426,6590049,6634505,6567766,6617690,6613968,6587630,6671096,6563354,6661702,6602882,6516917,6625396,6600389,6532770,6568674,6526365,6548584,6427331
184,31,1,15,6726204,6699201,6578148,6621799,6554754,6605421,6601836,6574879,6657661,6550459,6648926,6590262,6505150,6612060,6587178,6519077,6555247,6513273,6535999,6414460
185,0,1,15,6739348,6712615,6590171,6635129,6567729,6618204,6614806,6587627,6670700,6563416,6661774,6603063,6518157,6624997,6599624,6532189,6568203,6526774,6549117,6427034
186,31,1,15,6727271,6700090,6578323,6622450,6555155,6605579,6602266,6575232,6658296,6550532,6648037,6590720,6505601,6612713,6587728,6519003,6555251,6514074,6536060,6414618
187,0,1,15,6739705,6712777,6591019,6635273,6567246,6618668,6615289,6587934,6671589,6563122,6661446,6603536,6517761,6625411,6600527,6532497,6568226,6527087,6548393,6426825
188,31,1,15,6727710,6700571,6578579,6622904,6555141,6606749,6602783,6575881,6659392,6551199,6649092,6591059,6505641,6612859,6588899,6520077,6556381,6514785,6535898,6414668
189,0,1,15,6738687,6712041,6589960,6634810,6567165,6618329,6614417,6588125,6670534,6563410,6661274,6603198,6517379,6625041,6600097,6532223,6568492,6526828,6548417,6426546
190,31,1,15,6727326,6700653,6578783,6622740,6555318,6606220,6602729,6576595,6658901,6551337,6648766,6591104,6505579,6613179,6589049,6519875,6556002,6514297,6536558,6414142
191,0,1,15,6739124,6711902,6589812,6634301,6566562,6617270,6614143,6588068,6670756,6563201,6661227,6603807,6517337,6625406,6601225,6532304,6568798,6527138,6548662,6426550
192,31,1,15,6727077,6699407,6578170,6622181,6554978,6605614,6601783,6575864,6658960,6551282,6648368,6591766,6505408,6612964,6588748,6519490,6556695,6514091,6535992,6413611
193,0,1,15,6739898,6712164,6590993,6634576,6568190,6618811,6615376,6589144,6671824,6563656,6661987,6604193,6518067,6626231,6600900,6533215,6569853,6527722,6550030,6426770
194,31,1,15,6726607,6699520,6577282,6621585,6555333,6605177,6601556,6575391,6658395,6550033,6648043,6590485,6504635,6612049,6588149,6519578,6555735,6513664,6536159,6414234
195,0,1,15,6739151,6712462,6590394,6635012,6567214,6617891,6614800,6587752,6671581,6563277,6661502,6603124,6517978,6625023,6600874,6533046,6569617,6527257,6549241,6426806
196,31,1,15,6727215,6700751,6578609,6623189,6555824,6605619,6602529,6576022,6658943,6551129,6649344,6590930,6505209,6612872,6588858,6520621,6556711,6514510,6536511,6415078
197,0,1,15,6738115,6712542,6589715,6634695,6567219,6617864,6614140,6588153,6671048,6562904,6661227,6603015,6517486,6624014,6601449,6532285,6568804,6526523,6548543,6426584
198,31,1,15,6726325,6700329,6577270,6622325,6554925,6605985,6601975,6575382,6658572,6550647,6648749,6590880,6505625,6612406,6588800,6519837,6556615,6513938,6536171,6414440
199,0,1,15,6739340,6712304,6589281,6634450,6566934,6618592,6614207,6587452,6670916,6563480,6661170,6603369,6517279,6624560,6600787,6532198,6569003,6526725,6548873,6426879
200,31,1,15,6726749,6698932,6576618,6622135,6554613,6605932,6601102,6575064,6658153,6549971,6647998,6590185,6504438,6611646,6588137,6518803,6555560,6513288,6534748,6413927
201,0,1,15,6738955,6711883,6589195,6633828,6566427,6617646,6613713,6587720,6670608,6562424,6660327,6602147,6516993,6624855,6599477,6531623,6568704,6526070,6547301,6426484
202,31,1,15,6727385,6700189,6577746,6621945,6555231,6605870,6601706,6575278,6658606,6550183,6648316,6590522,6505087,6612728,6587604,6519019,6555939,6514011,6535210,6415056
203,0,1,15,6740582,6713071,6590704,6635754,6569119,6618863,6615213,6588922,6671709,6564397,6663139,6604177,6519005,6626679,6601877,6532902,6569797,6527651,6549471,6428686
204,31,1,15,6726693,6699679,6577682,6622904,6555297,6605489,6601609,6575192,6657880,6550702,6649625,6590810,6505371,6612925,6588659,6519135,6556339,6514146,6536246,6414633
205,0,1,15,6739262,6712683,6590285,6634716,6567219,6617315,6614187,6587939,6670839,6563851,6662432,6603243,6517963,6625720,6601511,6532734,6569901,6527167,6549393,6427603
206,31,1,15,6726716,6699066,6577275,6622131,6554447,6604550,6601029,6575195,6658109,6550748,6648652,6590067,6504537,6612455,6587729,6519445,6556352,6514020,6536005,6414628
207,0,1,15,6739406,6711922,6589852,6634041,6567503,6617836,6613962,6588156,6671346,6563106,6661438,6603467,6517442,6624611,6600839,6532408,6569802,6527697,6549252,6427885
208,31,1,15,6726303,6699131,6577807,6621121,6555252,6604732,6601030,6574986,6657839,6549833,6647348,6589749,6504115,6611751,6587917,6519456,6555756,6514164,6535489,6414582
209,0,1,15,6739013,6711663,6589876,6633625,6567661,6617447,6613655,6587893,6670974,6563258,6660443,6602866,6516569,6624672,6600406,6532228,6569306,6526884,6548341,6427672
210,31,1,15,6727545,6699272,6577790,6621517,6556413,6605122,6601909,6576153,6658405,6551154,6648986,6590746,6504372,6611891,6588258,6519574,6556507,6513886,6535777,6415660
211,0,1,15,6739409,6711903,6589605,6633742,6568829,6617403,6613900,6588022,6670667,6562900,6661655,6603030,6516394,6624745,6600886,6533047,6569391,6527247,6548464,6427738
212,31,1,15,6727924,6699566,6577851,6622168,6557041,6605066,6602056,6575799,6658521,6550109,6649376,6590902,6504887,6613068,6587768,6520518,6556715,6514757,6536014,6415212
213,0,1,15,6739293,6711537,6589745,6633508,6568106,6617072,6613411,6587411,6670412,6561587,6662130,6602467,6517589,6623873,6600350,6532512,6569066,6526548,6548171,6427158
214,31,1,15,6725480,6700007,6577302,6621357,6554954,6604382,6600797,6574570,6657333,6548914,6648156,6589215,6504486,6611782,6587131,6519099,6555997,6512969,6535367,6413886
215,0,1,15,6739445,6713614,6590462,6635513,6568406,6617790,6614580,6588306,6671430,6562550,6662266,6603345,6517764,6625977,6601015,6533169,6570419,6527180,6548922,6428383
216,31,1,15,6726481,6700397,6578013,6622204,6555748,6604410,6601587,6575829,6658006,6548961,6648992,6590292,6505179,6612742,6588344,6518954,6556308,6513775,6535118,6414989
217,0,1,15,6739324,6711900,6589343,6634962,6567640,6616811,6613410,6588390,6670892,6561720,6661671,6603056,6517280,6624720,6600322,6532300,6568798,6526628,6548119,6426999
218,31,1,15,6726682,6699904,6576733,6622683,6554532,6604313,6601237,6575409,6658071,6549247,6648543,6589854,6504267,6612334,6587327,6518855,6555873,6513028,6534895,6413677
219,0,1,15,6739515,6711805,6588940,6634845,6567668,6617086,6614309,6588295,6670659,6562504,6662002,6602543,6517151,6625213,6600446,6531967,6569348,6526255,6548808,6427701
220,31,1,15,6727380,6699650,6576729,6622883,6555421,6605273,6601885,6576292,6658649,6549892,6649272,6590623,6504983,6612778,6588754,6519383,6556958,6513854,6536231,6414933
221,0,1,15,6737868,6711243,6587936,6634350,6566417,6616369,6613345,6587620,6669903,6561758,6660807,6601852,6515709,6625414,6600171,6531399,6568124,6526194,6548125,6425771
222,31,1,15,6725991,6699238,6576558,6622256,6554826,6604523,6601489,6575965,6657488,6549187,6648742,6589650,6503810,6613652,6587886,6518561,6555116,6513661,6536032,6414138
223,0,1,15,6738904,6712825,6590039,6634942,6567314,6617349,6614305,6588701,6671179,6563175,6662141,6602551,6517680,6625943,6601763,6532133,6569545,6527630,6548897,6427093
224,31,1,15,6726079,6700119,6577597,6623058,6555084,6604232,6601560,6576045,6658297,6549885,6649684,6589867,6505185,6613590,6588231,6519546,6556478,6514569,6535575,6414426
225,0,1,15,6737181,6711309,6588552,6633884,6566592,6616049,6613125,6586856,6669539,6561928,6660733,6602058,6516202,6624830,6600048,6531806,6567778,6526168,6547860,6425848
226,31,1,15,6726628,6699240,6577696,6622391,6555638,6604143,6601360,6575532,6658211,6549965,6649032,6590206,6504514,6613262,6588416,6519508,6555196,6514073,6535619,6414304
227,0,1,15,6738929,6712149,6589915,6635341,6568599,6616686,6613688,6587609,6671496,6563495,6662245,6603194,6517191,6626092,6601633,6532648,6568001,6527238,6548561,6427246
228,31,1,15,6726366,6699104,6577012,6622550,6555328,6603571,6601125,6575322,6657961,6550210,6649027,6589667,6504198,6612846,6588245,6518902,6554987,6513987,6534350,6413952
229,0,1,15,6739006,6711828,6589135,6635181,6566859,6616074,6613509,6587205,6670624,6562526,6662030,6602485,6516581,6625044,6600604,6532182,6568616,6526387,6547007,6426031
230,31,1,15,6727173,6699585,6577227,6622613,6554841,6604400,6602124,6575446,6658858,6550882,6648709,6590259,6505011,6613294,6588495,6519352,6556504,6514514,6535397,6413910
231,0,1,15,6739553,6712910,6590476,6635706,6567460,6617496,6614505,6588902,6671842,6563103,6662543,6603111,6518054,6625914,6601757,6532964,6569952,6527506,6549036,6427703
232,31,1,15,6725888,6699764,6577050,6622606,6554588,6604050,6601625,6575840,6658469,6549798,6649334,6589097,6505039,6613379,6587901,6519369,6556588,6514011,6534886,6414071
233,0,1,15,6739067,6712837,6589408,6635078,6567113,6617519,6614702,6589029,6671690,6562362,6662431,6602669,6518048,6625732,6600588,6533096,6570119,6527377,6548711,6427669
234,31,1,15,6726399,6701194,6577604,6623651,6554766,6604969,6601226,6576181,6658831,6548825,6649692,6589945,6504916,6613393,6587371,6519295,6556951,6514151,6535494,6414486
235,0,1,15,6738737,6713181,6589944,6635028,6567190,6616732,6613984,6588358,6671083,6561683,6662761,6602599,6517345,6625718,6600056,6532147,6569782,6527204,6548395,6426700
236,31,1,15,6727347,6700862,6578500,6622228,6555244,6604533,6601794,6575659,6658561,6549325,6649993,6590460,6506069,6613863,6587243,6519383,6557223,6514415,6536177,6414757
237,0,1,15,6739265,6712233,6590026,6634524,6567119,6616848,6613419,6587778,6670568,6561412,6662013,6602811,6517462,6625961,6599418,6532083,6569784,6526756,6548557,6426654
238,31,1,15,6726889,6700259,6577284,6621912,6554896,6604468,6600789,6575557,6658146,6549320,6649306,6590384,6505085,6613667,6587457,6519381,6556618,6514314,6535420,6414453
239,0,1,15,6740145,6712868,6589881,6634000,6568160,6617665,6613622,6588120,6671006,6562611,6661771,6602920,6517741,6626086,6601231,6533227,6569684,6527100,6548534,6427002
240,31,1,15,6727596,6699770,6577027,6621472,6554963,6604833,6601425,6575962,6657942,6550465,6648526,6590005,6504575,6613523,6587909,6519666,6556739,6514736,6535306,6414645
241,0,1,15,6739727,6711631,6588850,6634389,6567048,6616356,6614011,6588338,6670218,6562821,6661480,6602784,6517006,6626109,6600445,6532346,6569656,6526856,6548270,6426208
242,31,1,15,6727121,6699018,6576540,6621687,6554413,6603720,6600849,6575626,6657211,6549704,6647537,6589691,6504629,6612743,6587414,6518982,6555739,6512981,6534938,6413716
243,0,1,15,6739519,6710951,6589425,6634322,6567285,6616278,6613341,6587787,6670719,6562621,6660970,6602851,6517566,6626013,6600357,6532557,6569331,6526353,6547929,6426928
244,31,1,15,6726969,6699525,6577981,6622599,6555769,6603930,6602072,6574745,6658492,6550080,6648154,6589726,6504722,6613714,6587938,6519263,6556211,6513772,6535602,6414100
245,0,1,15,6739484,6712120,6590888,6634755,6567314,6616722,6614714,6587505,6671110,6562960,6660723,6601912,6517540,6626006,6600226,6532325,6569386,6526498,6548067,6426955
246,31,1,15,6727542,6699257,6577894,6622544,6554851,6603600,6601318,6574994,6658282,6549726,6647470,6588857,6504762,6612631,6588006,6518507,6555528,6513236,6535104,6414179
247,0,1,15,6738399,6710468,6588888,6633151,6566110,6615514,6613260,6586996,6669613,6561795,6660776,6600650,6516215,6624322,6599780,6530412,6568086,6525711,6547454,6426285
248,31,1,15,6727579,6699695,6578053,6622051,6555447,6604592,6601715,6575484,6658288,6550034,6649014,6589819,6505148,6613561,6588920,6518996,6556846,6513604,6535704,6415325
249,0,1,15,6739209,6710734,6589528,6633582,6566569,6616299,6613051,6587246,6670091,6561316,6660895,6601059,6516357,6625056,6600340,6530837,6568511,6525592,6547874,6426880
250,31,1,15,6726681,6699013,6576552,6620080,6554595,6603734,6600474,6574538,6657119,6548320,6647650,6588606,6503685,6611972,6587437,6517559,6555176,6512260,6535103,6414094
251,0,1,15,6739539,6711637,6589300,6632905,6568016,6616535,6613605,6587347,6670748,6562256,6661277,6601915,6517194,6625126,6601376,6531213,6568805,6525220,6549081,6427237
252,31,1,15,6726915,6699034,6577087,6620675,6555293,6603797,6600971,6574334,6658204,6549319,6648196,6589201,6504301,6612237,6587852,6518054,6555655,6512481,6535658,6414388
253,0,1,15,6739574,6712037,6590298,6633678,6568034,6616479,6614551,6587459,6671869,6562282,6661634,6602493,6517549,6625503,6601389,6531836,6569703,6526552,6549085,6428170
254,31,1,15,6727284,6698943,6577652,6621010,6555471,6604007,6601663,6575056,6658767,6549562,6649083,6589683,6505225,6612925,6588221,6518591,6556164,6513966,6536673,6415188
255,0,1,15,6739131,6711238,6589730,6633559,6567777,6616624,6613871,6587474,6671108,6561995,6661759,6602547,6517628,6625603,6601215,6531960,6569024,6526676,6549224,6427851
256,31,1,15,6726816,6698791,6577248,6621175,6555363,6604220,6601366,6574835,6657598,6549183,6647853,6589979,6505908,6612944,6588576,6519452,6555880,6514078,6535686,6415074
257,0,1,15,6739020,6710908,6589262,6633403,6567556,6616092,6613420,6587359,6670232,6562222,6660594,6602054,6518145,6625108,6600513,6531925,6568486,6526250,6548440,6427822
258,31,1,15,6726437,6698515,6577109,6621511,6555493,6604287,6601001,6575346,6658336,6550269,6647984,6589460,6505190,6612992,6588130,6519402,6555520,6513101,6536478,6415537
259,0,1,15,6738573,6710103,6589494,6633970,6567861,6616563,6613777,6587642,6670825,6562017,6660391,6602407,6517339,6625350,6601069,6532857,6568909,6526303,6549152,6427559
260,31,1,15,6725843,6697958,6577211,6621406,6555224,6603638,6600594,6574666,6657502,6549424,6647243,6588992,6505146,6612875,6587974,6519185,6555691,6513084,6535805,6414599
261,0,1,15,6739228,6711234,6590128,6634383,6567999,6617701,6613717,6588345,6671613,6562531,6661617,6602356,6518238,6626097,6600557,6533093,6569797,6526428,6549079,6427157
262,31,1,15,6726914,6698197,6578044,6621790,6555422,6604674,6600573,6575017,6658354,6548533,6648235,6589724,6504838,6613146,6587815,6519533,6556921,6513289,6536484,6414659
263,0,1,15,6740182,6712311,6590860,6634415,6568676,6618000,6614788,6588639,6672267,6562237,6662034,6603269,6518709,6626742,6601132,6533198,6570799,6527102,6550016,6428310
264,31,1,15,6726357,6699457,6576995,6621843,6555852,6604747,6601539,6575664,6658595,6548734,6648578,6589839,6505139,6612941,6588088,6519649,6556445,6514135,6536830,6414672
265,0,1,15,6739505,6712440,6589723,6635088,6568701,6617630,6614458,6588677,6671982,6561986,6662310,6603073,6518111,6626382,6600944,6533342,6569058,6527685,6549521,6428156
266,31,1,15,6727407,6700337,6577402,6621958,6555879,6604768,6601120,6575332,6658610,6548400,6648372,6590160,6505551,6613619,6588122,6519602,6556791,6514559,6536202,6414392
267,0,1,15,6740232,6713163,6589744,6634581,6568861,6617549,6614051,6588561,6672206,6561980,6661358,6603403,6518249,6626081,6600294,6532880,6570363,6527027,6549538,6427722
268,31,1,15,6727277,6700092,6577766,6621930,6556172,6604770,6601344,6575092,6658758,6549296,6647896,6590501,6505634,6613183,6587738,6519073,6556267,6514070,6536190,6414294
269,0,1,15,6739285,6712590,6590293,6634765,6568438,6617527,6614063,6587668,6671637,6562345,6661422,6602983,6518347,6626171,6600486,6532196,6569775,6526978,6549141,6427258
270,31,1,15,6726457,6700004,6577471,6622295,6555524,6605097,6601492,6575589,6658154,6548741,6647904,6590361,6506146,6613800,6588237,6519419,6556975,6514079,6536234,6415358
271,0,1,15,6739856,6712890,6590437,6635230,6568626,6618315,6615215,6588129,6671537,6562404,6662095,6604177,6519396,6627163,6601863,6533378,6569738,6527268,6549423,6428641
272,31,1,15,6727414,6700471,6577870,6622327,6556503,6606328,6602886,6576526,6659155,6549875,6649580,6591120,6507084,6614313,6589447,6519606,6556883,6514126,6536863,6415604
273,0,1,15,6739740,6712631,6590582,6635254,6568654,6618838,6615032,6588783,6672094,6562817,6662389,6603224,6519491,6626786,6601760,6532898,6569913,6526954,6549520,6428318
274,31,1,15,6727174,6700499,6578420,6622713,6556437,6607354,6602624,6576608,6659752,6550708,6650070,6591351,6506954,6614043,6589332,6520601,6557223,6514462,6536592,6416361
275,0,1,15,6739681,6712755,6591216,6635147,6569104,6619471,6615332,6589019,6672821,6563874,6662122,6603336,6519712,6626085,6601364,6533304,6569802,6526923,6549270,6428681
276,31,1,15,6726546,6699870,6578321,6622991,6556618,6605933,6601617,6575613,6659498,6550115,6648704,6590343,6505899,6613366,6588123,6519209,6556672,6513636,6535712,6415945
277,0,1,15,6740115,6712349,6591329,6635347,6569447,6619268,6614908,6588348,6672748,6563798,6662081,6604044,6519259,6627041,6601348,6533247,6570338,6527533,6549446,6429042
278,31,1,15,6727222,6699362,6578751,6622689,6556680,6606363,6602038,6575353,6659664,6549788,6648707,6590724,6506406,6613645,6587428,6519884,6556819,6514256,6535985,6415461
279,0,1,15,6739028,6711584,6589856,6633876,6568365,6617857,6613922,6587033,6671429,6562267,6661588,6602999,6517672,6625734,6599395,6532254,6568344,6526776,6548160,6427095
280,31,1,15,6726738,6699809,6578306,6621684,6556244,6605808,6601570,6575445,6659245,6550091,6649152,6591548,6505833,6613096,6588480,6519532,6556029,6514278,6536512,6415355
281,0,1,15,6738998,6711830,6590384,6633792,6568486,6618048,6614204,6588058,6671684,6562205,6661093,6603431,6517802,6625715,6600674,6532230,6569951,6526987,6548986,6427403
282,31,1,15,6726544,6699961,6577626,6621575,6556125,6606440,6601483,6575635,6659020,6549389,6648722,6590716,6504596,6613091,6588452,6519487,6556807,6513690,6535996,6414862
283,0,1,15,6739342,6712873,6590886,6634253,6568380,6619677,6614587,6588638,6672265,6563030,6662139,6603806,6518121,6625861,6601199,6533005,6571093,6527487,6549416,6428168
284,31,1,15,6726140,6699449,6577868,6621556,6555492,6606421,6601818,6575731,6658688,6550159,6648501,6589705,6504950,6613144,6588119,6518821,6557362,6513579,6535932,6414257
285,0,1,15,6739157,6712402,6590257,6634054,6568184,6618614,6614125,6588094,6671823,6562892,6661449,6602625,6517523,6625415,6601067,6532137,6570322,6526404,6548861,6426900
286,31,1,15,6726527,6699856,6578088,6621391,6556464,6606347,6601764,6575580,6659345,6550127,6649283,6590233,6505229,6613440,6588587,6518944,6556626,6513564,6536386,6415189
287,0,1,15,6738216,6711451,6589975,6633424,6568132,6618173,6613263,6587437,6670996,6561839,6661872,6602340,6516451,6625154,6600989,6531012,6569316,6525930,6548449,6426977
288,31,1,15,6726500,6699740,6577408,6621703,6556600,6605877,6601031,6575700,6658257,6549545,6648740,6590329,6504447,6613300,6588437,6518534,6556527,6513241,6535726,6414501
289,0,1,15,6738726,6712118,6589387,6633224,6567972,6618130,6613128,6588030,6670452,6562005,6660992,6602866,6516797,6625273,6601206,6531041,6568996,6525881,6548544,6426711
290,31,1,15,6726845,6699941,6577194,6621670,6556118,6606080,6600654,6576020,6658048,6549805,6648879,6590767,6504566,6612898,6588568,6518956,6555897,6513599,6536317,6414474
291,0,1,15,6739825,6712298,6590061,6633960,6569448,6618295,6613018,6587921,6671420,6562560,6661492,6603880,6516898,6626219,6601360,6532069,6569153,6526736,6549175,6427820
292,31,1,15,6725991,6699183,6576713,6621097,6555903,6605130,6600112,6574969,6657746,6549212,6647509,6590276,6504077,6612395,6587718,6518933,6554781,6513267,6535691,6414099
293,0,1,15,6738720,6711590,6589108,6633889,6568466,6617656,6612926,6587302,6670829,6561662,6660920,6603148,6517300,6625478,6601308,6531886,6568716,6526389,6548581,6427036
294,31,1,15,6725865,6699055,6577466,6621319,6555996,6605116,6600377,6574015,6658120,6548862,6647912,6590360,6504315,6611957,6588457,6518174,6555365,6513363,6535592,6414413
295,0,1,15,6739533,6711688,6590079,6634144,6567941,6618249,6613385,6586811,6671057,6562211,6660983,6603453,6517833,6625792,6601833,6532110,6568687,6526887,6548825,6427993
296,31,1,15,6726687,6699337,6578061,6622012,6555744,6606275,6601362,6574841,6658473,6549441,6647919,6590915,6505418,6613467,6589483,6519547,6555945,6513886,6536212,6414927
297,0,1,15,6739204,6711611,6590063,6634905,6568466,6618748,6613574,6587793,6671317,6562158,6661543,6603726,6517788,6626101,6602523,6532569,6568893,6526991,6548777,6427362
298,31,1,15,6726253,6698008,6577581,6622096,6556053,6605719,6600812,6574595,6658118,6549382,6648335,6590369,6505216,6612278,6589103,6519249,6555964,6513796,6535441,6414486
299,0,1,15,6739512,6711604,6589669,6634453,6568279,6618462,6613091,6587968,6671161,6562148,6661226,6603173,6518068,6625719,6601293,6532000,6568406,6526543,6548690,6427364
300,31,1,15,6726276,6699545,6577501,6622234,6555500,6604905,6600228,6575212,6657997,6549330,6648793,6590291,6504508,6613068,6588816,6518779,6554211,6514101,6536113,6414551
301,0,1,15,6738953,6711641,6589548,6634922,6568350,6617338,6612711,6588445,6670823,6562413,6662244,6602755,6517275,6625916,6602521,6531766,6567801,6526695,6549062,6427549
302,31,1,15,6726424,6699707,6577423,6622598,6556342,6605817,6600632,6575617,6658306,6550207,6648963,6590224,6504919,6613476,6588791,6518964,6555705,6514621,6536141,6415835
303,0,1,15,6739192,6711578,6590402,6634895,6568763,6618361,6613192,6588512,6671113,6563235,6661398,6603006,6517712,6626276,6600910,6531774,6568595,6527233,6548555,6427973
304,31,1,15,6726167,6698967,6576941,6621266,6555246,6604412,6599642,6574686,6657760,6548968,6647614,6589723,6504146,6611694,6586931,6517872,6554225,6512890,6534590,6413939
305,0,1,15,6739157,6711996,6589230,6633840,6567949,6617553,6613058,6587905,6670865,6562291,6660912,6602809,6517139,6625496,6600169,6531529,6568261,6526575,6548034,6427553
306,31,1,15,6725666,6699081,6577124,6621045,6555676,6604920,6600184,6575130,6657850,6549940,6648379,6589684,6504434,6611988,6587203,6518491,6555264,6513178,6535079,6414837
307,0,1,15,6737889,6711293,6589190,6633144,6567193,6617456,6612722,6587115,6670191,6563219,6661155,6602375,6516676,6624586,6599473,6531126,6568540,6526167,6547633,6427208
308,31,1,15,6726330,6698784,6576936,6620604,6555408,6604885,6600243,6574299,6657932,6550208,6648299,6589712,6504469,6612271,6588270,6518293,6555631,6513807,6534190,6414870
309,0,1,15,6738611,6711622,6589817,6633201,6568333,6617435,6612797,6586932,6671076,6562835,6661693,6602432,6517188,6625392,6600382,6530946,6568013,6526822,6547115,6427969
310,31,1,15,6726181,6698949,6577196,6620580,6556297,6605518,6600539,6574387,6658583,6550167,6648520,6590181,6504958,6612397,6587614,6518138,6555225,6513730,6535048,6415865
311,0,1,15,6738564,6711011,6588788,6632746,6568003,6617347,6613253,6586708,6670674,6561939,6661136,6602702,6517311,6624403,6599934,6530991,6568203,6526157,6547628,6427645
312,31,1,15,6725735,6698135,6577019,6620359,6555064,6603965,6600520,6574360,6657649,6549166,6648140,6590300,6504255,6611973,6587556,6517909,6555174,6513912,6534516,6415302
313,0,1,15,6737636,6710798,6588916,6633227,6567768,6616946,6612890,6587295,6669954,6561662,6661406,6602869,6516816,6625208,6601132,6531184,6568387,6526508,6547443,6427904
314,31,1,15,6726679,6698491,6577665,6621681,6556336,6605554,6601273,6574987,6658313,6550222,6649242,6590665,6504956,6613143,6588246,6518745,6555946,6514173,6535799,6416105
315,0,1,15,6738139,6710029,6589298,6633681,6568082,6617031,6613110,6587660,6670301,6562971,6661807,6602938,6517228,6624953,6600998,6530426,6568876,6526012,6548056,6427728
316,31,1,15,6725805,6697822,6577137,6621542,6556319,6604024,6600557,6575169,6657932,6549625,6648823,6590242,6504736,6612802,6587702,6518457,6556465,6514084,6535561,6415638
317,0,1,15,6738880,6710606,6590176,6634582,6569262,6617496,6613833,6588040,6671497,6563295,6662256,6603667,6518184,6626018,6602062,6532162,6570007,6527149,6549113,6428862
318,31,1,15,6726041,6697727,6577261,6621996,6556089,6604761,6601203,6575862,6658571,6550526,6648610,6590998,6505630,6612354,6588846,6518668,6556906,6513809,6535841,6415789
319,0,1,15,6738916,6710557,6589781,6634055,6568663,6617533,6613175,6588166,6670913,6562235,6661366,6603160,6517975,6625023,6601629,6531295,6569865,6526665,6549020,6427965
320,31,1,15,6725784,6697653,6577650,6621415,6555675,6604834,6600149,6575214,6657786,6549621,6647791,6590491,6504745,6612471,6588662,6517969,6556273,6513568,6535882,6415635
321,0,1,15,6738603,6710521,6589513,6634594,6568862,6617585,6612726,6588067,6670639,6562594,6661642,6603523,6517649,6625352,6601401,6531757,6569326,6526332,6548934,6428373
322,31,1,15,6726389,6698472,6576967,6622012,6556712,6605244,6600468,6575640,6658027,6550391,6648607,6590952,6505454,6612591,6588824,6519667,6556418,6514245,6535844,6415528
323,0,1,15,6739542,6711417,6589431,6634775,6569028,6618265,6613539,6588565,6670891,6563666,6661996,6604182,6518774,6626113,6601674,6532899,6569696,6527370,6549463,6429155
324,31,1,15,6726181,6698366,6577243,6620282,6555566,6604651,6600286,6574677,6657311,6549497,6648705,6590718,6505127,6612575,6588067,6518816,6554681,6513220,6535462,6415372
325,0,1,15,6739331,6711107,6589508,6633480,6567710,6618009,6613658,6587805,6670434,6562643,6661672,6603683,6517529,6625696,6601170,6532387,6568255,6526725,6548484,6428465
326,31,1,15,6727093,6699330,6577026,6620927,6555385,6606068,6600666,6575796,6657328,6550144,6648949,6591257,6505055,6612697,6589032,6519885,6555426,6513538,6535692,6415604
327,0,1,15,6739164,6711514,6589292,6633409,6569057,6618124,6612984,6587959,6670572,6562856,6661586,6603722,6517190,6624938,6602013,6532785,6568351,6526721,6548724,6427508
328,31,1,15,6727200,6699317,6577647,6622071,6557608,6605443,6601778,6575564,6658589,6550367,6649360,6591219,6505479,6614497,6588969,6520450,6556625,6514501,6535932,6415715
329,0,1,15,6738846,6710801,6589418,6633664,6568454,6616947,6613400,6587900,6670674,6562308,6661454,6603874,6517434,6626546,6601273,6532658,6568844,6526699,6548880,6427382
330,31,1,15,6726504,6698627,6576750,6621490,6555868,6604860,6600830,6576087,6657998,6549937,6648601,6591145,6504289,6613401,6588903,6519486,6555444,6513844,6535156,6415254
331,0,1,15,6739116,6711815,6588652,6634186,6567760,6617915,6612798,6587977,6670890,6562384,6661510,6603781,6517048,6625686,6601712,6532517,6568150,6527066,6548334,6428214
332,31,1,15,6726308,6699647,6576485,6621465,6555662,6604904,6600061,6575160,6658110,6549657,6648401,6590955,6504191,6612985,6588885,6519482,6555349,6513474,6535404,6415690
333,0,1,15,6738584,6711420,6588557,6633844,6567536,6617768,6612400,6587422,6670706,6562313,6661602,6603413,6516374,6624748,6601267,6531824,6568041,6526084,6547699,6427979
334,31,1,15,6726712,6699301,6577161,6621770,6555253,6605833,6599736,6575204,6658141,6549756,6649027,6591080,6504926,6612330,6589330,6519761,6555962,6513480,6535227,6415218
335,0,1,15,6739739,6711938,6589700,6633728,6567953,6618923,6613183,6588024,6671208,6563128,6662739,6604508,6517616,6626109,6602367,6533092,6569331,6527662,6549095,6428650
336,31,1,15,6726932,6699766,6577561,6621570,6555341,6606521,6601129,6575898,6657660,6550081,6648874,6591801,6505271,6613960,6589750,6519878,6556062,6514592,6535868,6415760
337,0,1,15,6739319,6710388,6588675,6633738,6568006,6618331,6613738,6587548,6670502,6562606,6661547,6603974,6517527,6625781,6602346,6532254,6568834,6526581,6548445,6427903
338,31,1,15,6726548,6698286,6577760,6622617,6555534,6605672,6601003,6575557,6657989,6549765,6649718,6590701,6505186,6613983,6589366,6519541,6555791,6514213,6535854,6415397
339,0,1,15,6738519,6710737,6588675,6634384,6567939,6617123,6612412,6587242,6670395,6561085,6662030,6603216,6517165,6626137,6601530,6532622,6569073,6526804,6548363,6427761
340,31,1,15,6725983,6698498,6577269,6620912,6555789,6605136,6600169,6574850,6657366,6548715,6648178,6590368,6504512,6612838,6588886,6519412,6555772,6513647,6534779,6414958
341,0,1,15,6738894,6711006,6589263,6633076,6567363,6618380,6612716,6586759,6670110,6561477,6660643,6603227,6516778,6625151,6601619,6532145,6568293,6526192,6547546,6426882
342,31,1,15,6726246,6699496,6576759,6620841,6555610,6605118,6600913,6574676,6657826,6549388,6647246,6590785,6504257,6612861,6588806,6518992,6555470,6513148,6534648,6414360
343,0,1,15,6738898,6711671,6589016,6632654,6567916,6617637,6613288,6587409,6670928,6562707,6660473,6603268,6516534,6626380,6602492,6532266,6568440,6525756,6547746,6427174
344,31,1,15,6726518,6699206,6576313,6620557,6554997,6604575,6600562,6574369,6657659,6549311,6647752,6590464,6503835,6612485,6589241,6519039,6555051,6513059,6534700,6415737
345,0,1,15,6738124,6711403,6588432,6631988,6567227,6616546,6612952,6586645,6669546,6561710,6659689,6602865,6516392,6624669,6601368,6531889,6567401,6525127,6546931,6427536
346,31,1,15,6726128,6699138,6576412,6620205,6555113,6604136,6600685,6574297,6657180,6548772,6647059,6590337,6504179,6612142,6588651,6519012,6554669,6512466,6534123,6414786
347,0,1,15,6740011,6712157,6589706,6633973,6568056,6617821,6614661,6588205,6671101,6562897,6660897,6604233,6517221,6625722,6601909,6532956,6569090,6526552,6547972,6428338
348,31,1,15,6727375,6699302,6576509,6621179,6556003,6605195,6601081,6574941,6657866,6549794,6647759,6590997,6504679,6611492,6588606,6518919,6554753,6513322,6534296,6415652
349,0,1,15,6740093,6711826,6589338,6634138,6568128,6618107,6613745,6586989,6671259,6562079,6661099,6603790,6518036,6624371,6601643,6532068,6568305,6526538,6547258,6427529
350,31,1,15,6726302,6699062,6576149,6621194,6555057,6605133,6600328,6574650,6658107,6548973,6647635,6590722,6504538,6610888,6588030,6518980,6554788,6513050,6534498,6414861
351,0,1,15,6739320,6711934,6588824,6633743,6567887,6617715,6612665,6587494,6670858,6561664,6660484,6603578,6517547,6624677,6601376,6531786,6568699,6525869,6547587,6427822
352,31,1,15,6725782,6698339,6575681,6621441,6554453,6604000,6599876,6574407,6657180,6549354,6646442,6589717,6503614,6611643,6587970,6518393,6554750,6512816,6534577,6415165
353,0,1,15,6739007,6711946,6588174,6634004,6567282,6616845,6613055,6586821,6670724,6562249,6659916,6602860,6516687,6625067,6600977,6532080,6567780,6525530,6547870,6428376
354,31,1,15,6727675,6700218,6576067,6621671,6555394,6604614,6601183,6575086,6658283,6550113,6647984,6591192,6505837,6612834,6588726,6519999,6554590,6513931,6535918,6415367
355,0,1,15,6739806,6711769,6588193,6633488,6567532,6617173,6613001,6586813,6669839,6561824,6660019,6602678,6517741,6625146,6600298,6532346,6566783,6525963,6547526,6426721
356,31,1,15,6727538,6699949,6576354,6621801,6555475,6605343,6600582,6574585,6657010,6550001,6647769,6590143,6505057,6612827,6588664,6519074,6554803,6513751,6535424,6414941
357,0,1,15,6739209,6712444,6587850,6634129,6568038,6617630,6613023,6586700,6669917,6562332,6660452,6602655,6517815,6625642,6601337,6532097,6567869,6526749,6548025,6427937
358,31,1,15,6727118,6700148,6576599,6621868,6556506,6605942,6601200,6575931,6657435,6550683,6647714,6591118,6505777,6613248,6588700,6519139,6554655,6514435,6535185,6415483
359,0,1,15,6738645,6711548,6588236,6633263,6567788,6617601,6612592,6586818,6670004,6562306,6659364,6602711,6517245,6624084,6600809,6531177,6567068,6526046,6548037,6426809
360,31,1,15,6727194,6699727,6576501,6620847,6556082,6605436,6600960,6575153,6658277,6550070,6647688,6590785,6505233,6612264,6588678,6518827,6554654,6514258,6536112,6415514
361,0,1,15,6739096,6711823,6587624,6632534,6568132,6617656,6612897,6586676,6670125,6562194,6660218,6602949,6516843,6624559,6601268,6531803,6567950,6526580,6548528,6427420
362,31,1,15,6725457,6697479,6575270,6619869,6554088,6604400,6599303,6573044,6656029,6549219,6645956,6588800,6503984,6610261,6587569,6517657,6554354,6512255,6534429,6413917
363,0,1,15,6738707,6710860,6588363,6633462,6567363,6618317,6612343,6586777,6669518,6562964,6660293,6603424,6517778,6624324,6601289,6532380,6568302,6526886,6547909,6428452
364,31,1,15,6725963,6698889,6575893,6620762,6554680,6605677,6599487,6573498,6656640,6549803,6646772,6590581,6505015,6611019,6588386,6518760,6554584,6513749,6535244,6415632
365,0,1,15,6739716,6711967,6589081,6633741,6568371,6618019,6612897,6587613,6670701,6563794,6660830,6604505,6518058,6625416,6601739,6532782,6568306,6527520,6549240,6428957
366,31,1,15,6726034,6698693,6576545,6621399,6555483,6605081,6599917,6574610,6657357,6550043,6647681,6590722,6504865,6613219,6588044,6518728,6555390,6513835,6535616,6415814
367,0,1,15,6738804,6711787,6589033,6633694,6567567,6617708,6612807,6587455,6670242,6563153,6661217,6603216,6517784,6626238,6600624,6531537,6568676,6526733,6548490,6428284
368,31,1,15,6725567,6698287,6576485,6621187,6554761,6603994,6599731,6574052,6656869,6549566,6647440,6589547,6504701,6612138,6586585,6517774,6554881,6513037,6535390,6414331
369,0,1,15,6739275,6711217,6588658,6633618,6567729,6616813,6612840,6586850,6669477,6562902,6660680,6602084,6517253,6624926,6599977,6531079,6568209,6526435,6548517,6427533
370,31,1,15,6727145,6699270,6577552,6621772,6555554,6605020,6600491,6574627,6657716,6550664,6648252,6589912,6505358,6612526,6588485,6518688,6555431,6514264,6536034,6415524
371,0,1,15,6739837,6711734,6589529,6634225,6567759,6617222,6612654,6586934,6670159,6562706,6661522,6602864,6517791,6625368,6601114,6531263,6568673,6526681,6548597,6428161
372,31,1,15,6727451,6699964,6577715,6622828,6556278,6606210,6601217,6575565,6658160,6550115,6649103,6591035,6506074,6614041,6589102,6519466,6555795,6514353,6536325,6416427
373,0,1,15,6739579,6710592,6589151,6633990,6567609,6617439,6612417,6586952,6670097,6561973,6661466,6603408,6517715,6625570,6600743,6531521,6568954,6526921,6548549,6427757
374,31,1,15,6726946,6697772,6576509,6621394,6554823,6604140,6599293,6573992,6657160,6549675,6647725,6590113,6504417,6612774,6587649,6518289,6554767,6513646,6534603,6414910
375,0,1,15,6740140,6710874,6589613,6634493,6567921,6617861,6612882,6587602,6670892,6562448,6661846,6603585,6517661,6626217,6601667,6532096,6568506,6527005,6548697,6428481
376,31,1,15,6727078,6698349,6576745,6621200,6556022,6604830,6600015,6575184,6657808,6549635,6648139,6589978,6504549,6613166,6588010,6518221,6555210,6513508,6535520,6415509
377,0,1,15,6739974,6711526,6589408,6634093,6568763,6617334,6612756,6587654,6670999,6563354,6661238,6603134,6517602,6625436,6601532,6531925,6567982,6526634,6548692,6428255
378,31,1,15,6726689,6698403,6576623,6620631,6555667,6604285,6599522,6574491,6657388,6549775,6647654,6589718,6504470,6612121,6587946,6517982,6554347,6513062,6534398,6414477
379,0,1,15,6739761,6711437,6588889,6634498,6568922,6617441,6612840,6587828,6670615,6563151,6661426,6602862,6517620,6625281,6601079,6532011,6567422,6526681,6548009,6427367
380,31,1,15,6726921,6698719,6576566,6621641,6556761,6604949,6600468,6574222,6657808,6550055,6648563,6589995,6504575,6612928,6587539,6518732,6554699,6513426,6534332,6414181
381,0,1,15,6739100,6711029,6588976,6634421,6568957,6617583,6612693,6587416,6670683,6562503,6661197,6603034,6517714,6625096,6600132,6531718,6567626,6526058,6547322,6426288
382,31,1,15,6727399,6700473,6578512,6623835,6557361,6605965,6600330,6576187,6658914,6550192,6648413,6591012,6505829,6613183,6588078,6519260,6555623,6514063,6535420,6414629
383,0,1,15,6739232,6711484,6590077,6635269,6568762,6618150,6612642,6587478,6669694,6563703,6660720,6602717,6517327,6625249,6600049,6531993,6567694,6526567,6547163,6426520
384,31,1,15,6727023,6700167,6577468,6622567,6556436,6606030,6600316,6575455,6657697,6551078,6648364,6590673,6504894,6612486,6587116,6519500,6555044,6514366,6534650,6414669
385,0,1,15,6738469,6712370,6589094,6634252,6567867,6617724,6612458,6586799,6669531,6563040,6660159,6602602,6516770,6624950,6600190,6531678,6567814,6526074,6546446,6426259
386,31,1,15,6726393,6700043,6576058,6621846,6555302,6605183,6600365,6574166,6657038,6550329,6647218,6589541,6503803,6612550,6587639,6518578,6555080,6512850,6533108,6413571
387,0,1,15,6738150,6711814,6588237,6633924,6567973,6617719,6612570,6587329,6669797,6563236,6660185,6602812,6516935,6625528,6601308,6532049,6568479,6525686,6546907,6426431
388,31,1,15,6727135,6700336,6577135,6622186,6556591,6605872,6601214,6575077,6657639,6550515,6648719,6590564,6504911,6613211,6588594,6519833,6555456,6512870,6535395,6414266
389,0,1,15,6739572,6712165,6589066,6634278,6568790,6618004,6613612,6587565,6670771,6563152,6661539,6603562,6517684,6625489,6601413,6533001,6567839,6525859,6548815,6427345
390,31,1,15,6727508,6699549,6576922,6621453,6557039,6605204,6601287,6575196,6657570,6550174,6648374,6590448,6504493,6613287,6588903,6519533,6554743,6513032,6535415,6414859
391,0,1,15,6739202,6712062,6589345,6633688,6568910,6617989,6613647,6587589,6670231,6563471,6660421,6602954,6517124,6625537,6601866,6532217,6567745,6526258,6547887,6427012
392,31,1,15,6726110,6699404,6576788,6621423,6556334,6605455,6601121,6575050,6657834,6550243,6646534,6590068,6504348,6612129,6588566,6519026,6554182,6513229,6534948,6414162
393,0,1,15,6738379,6712012,6589296,6634067,6568031,6617570,6614627,6588008,6671135,6563234,6660172,6603193,6517130,6624910,6601391,6532662,6568048,6526406,6548343,6427118
394,31,1,15,6726153,6700310,6575935,6621454,6555898,6605207,6601572,6574868,6657943,6550043,6647186,6590252,6504439,6612341,6588756,6519315,6555129,6514329,6535908,6414082
395,0,1,15,6738252,6712292,6588352,6634201,6568160,6617759,6613951,6587513,6670941,6562588,6660395,6602651,6516868,6624639,6601009,6532080,6567308,6526757,6548151,6426944
396,31,1,15,6726647,6699878,6576059,6622213,6556638,6605623,6601611,6575453,6658447,6549883,6647583,6590183,6504721,6612374,6587685,6519139,6554454,6514000,6534683,6414406
397,0,1,15,6738778,6712522,6587883,6633817,6567966,6617436,6613705,6587149,6670836,6562181,6660126,6602387,6517033,6624084,6600573,6531740,6567826,6526397,6547273,6426824
398,31,1,15,6726243,6699356,6575648,6620247,6555024,6604916,6601068,6574860,6657703,6549112,6646795,6589045,6504043,6611656,6587846,6518152,6554780,6513220,6533990,6413892
399,0,1,15,6738656,6711809,6588381,6633314,6567728,6618007,6613087,6587131,6670257,6562278,6660136,6601936,6516646,6624458,6600503,6531692,6568065,6527128,6547114,6426241
400,31,1,15,6727388,6699375,6576226,6621666,6555908,6605554,6600585,6575190,6658677,6550421,6647933,6589872,6505025,6612512,6587801,6519693,6556004,6514614,6535299,6414538
401,0,1,15,6739286,6711859,6588005,6633971,6567834,6618455,6612935,6587630,6670910,6562481,6660663,6602936,6517453,6625065,6600991,6532219,6567559,6526938,6547431,6427388
402,31,1,15,6726981,6699727,6576535,6621644,6555823,6605887,6600524,6575263,6658533,6550304,6647800,6590184,6504844,6612570,6588283,6519150,6554310,6514488,6534905,6414899
403,0,1,15,6738797,6711619,6588888,6633783,6568212,6618052,6612495,6586629,6670728,6562555,6660640,6602799,6516049,6624311,6600485,6531950,6567345,6526147,6547659,6427222
404,31,1,15,6726972,6699287,6577073,6622120,6556292,6606315,6601284,6575693,6658744,6550419,6648286,6590647,6504925,6612494,6588832,6519381,6554957,6513701,6534934,6414924
405,0,1,15,6739545,6711746,6589230,6634698,6568755,6618585,6613965,6587327,6671228,6562926,6661794,6603337,6517348,6625102,6601451,6533035,6568349,6526728,6548250,6427182
406,31,1,15,6726987,6699930,6576986,6622198,6556503,6606196,6601096,6574907,6658758,6551050,6649222,6590480,6505111,6613359,6588412,6519953,6555535,6514427,6535374,6414895
407,0,1,15,6739230,6712050,6589779,6633799,6568344,6618226,6613747,6587958,6670983,6563458,6661592,6602940,6517684,6625427,6602753,6532676,6568760,6526623,6548432,6428012
408,31,1,15,6725990,6699559,6577010,6621421,6555705,6606064,6601493,6575579,6657814,6550499,6648509,6590458,6504608,6612472,6588840,6519672,6554933,6513427,6535520,6414614
409,0,1,15,6738749,6712046,6589168,6634062,6568285,6618369,6613833,6588029,6670436,6562632,6661519,6603117,6517018,6626053,6600502,6532300,6568006,6526478,6548587,6427551
410,31,1,15,6726767,6699976,6577626,6621123,6556391,6606127,6601617,6575098,6657567,6549892,6647569,6590555,6505035,6613415,6588289,6519153,6555158,6513693,6536203,6415127
411,0,1,15,6738099,6711665,6588428,6632240,6567349,6617415,6612809,6587023,6669279,6561698,6659479,6601787,6516209,6624208,6600142,6531173,6567839,6525553,6547789,6426597
412,31,1,15,6726107,6699724,6577258,6620880,6556297,6605197,6601451,6575480,6657106,6549711,6647307,6589975,6504650,6612518,6587451,6518458,6554873,6513081,6535561,6414304
413,0,1,15,6738409,6711877,6588754,6633419,6568481,6617649,6614206,6587618,6669974,6562508,6660816,6602660,6517308,6624647,6600536,6531233,6568168,6526344,6547660,6426709
414,31,1,15,6726366,6699499,6576470,6619941,6556304,6605126,6601273,6575011,6657461,6549363,6647015,6589494,6504405,6612022,6588127,6518483,6555404,6512782,6534571,6414064
415,0,1,15,6738675,6711666,6588049,6632624,6568511,6617368,6613361,6587152,6669836,6562525,6660228,6602168,6516345,6625191,6600438,6531147,6567984,6526152,6547738,6427017
416,31,1,15,6726513,6699459,6576434,6621404,6557083,6604684,6600937,6575169,6657863,6549350,6647747,6590379,6504480,6613040,6589036,6518467,6555802,6513696,6534878,6414410
417,0,1,15,6738840,6711679,6588879,6633656,6569516,6617618,6613169,6587682,6670504,6562269,6660207,6602276,6516740,6625040,6601569,6531444,6568136,6525835,6547640,6427318
418,31,1,15,6726785,6699819,6577895,6622053,6557567,6605368,6601625,6575430,6658573,6549419,6648215,6590160,6505156,6613576,6589725,6518687,6555801,6513774,6535775,6415133
419,0,1,15,6738384,6710897,6589060,6633712,6568860,6616843,6613683,6587629,6670655,6561770,6660125,6602946,6517465,6625068,6602143,6531112,6567697,6526353,6547605,6427033
420,31,1,15,6726189,6699491,6577000,6621424,6556791,6604759,6601011,6574963,6658276,6548816,6647147,6590192,6504637,6612382,6589556,6518153,6554677,6513970,6535298,6414975
421,0,1,15,6738587,6712182,6590175,6634386,6569066,6617520,6613790,6586913,6670973,6562478,6660733,6602652,6516771,6625111,6601874,6531410,6567663,6527077,6547687,6427555
422,31,1,15,6726256,6699785,6577334,6621383,6556180,6604757,6601724,6575119,6658227,6549489,6647400,6589608,6504840,6612504,6588748,6518671,6555185,6513946,6534997,6415386
423,0,1,15,6739134,6711692,6589778,6634348,6568389,6617179,6613852,6587130,6670704,6562615,6659999,6602084,6517537,6625024,6601885,6532123,6568182,6527087,6547775,6427586
424,31,1,15,6726776,6699479,6577735,6621843,6557042,6605393,6601844,6574744,6657463,6549550,6647351,6590056,6504755,6613038,6589226,6519164,6555478,6514117,6535379,6414697
425,0,1,15,6738546,6711535,6589548,6633325,6569143,6617257,6613592,6587046,6669539,6561986,6660464,6602796,6517170,6624485,6601461,6531724,6567807,6526520,6547727,6426982
426,31,1,15,6726208,6699788,6576832,6621855,6557224,6605033,6602021,6575017,6657646,6549325,6648512,6590276,6504378,6613055,6589019,6518854,6555158,6514471,6535106,6414997
427,0,1,15,6737853,6711754,6588754,6634281,6569332,6617361,6613312,6587283,6669744,6561674,6660916,6602344,6516073,6625193,6601660,6532231,6567679,6526526,6548279,6427041
428,31,1,15,6725334,6699693,6576636,6621930,6556634,6604801,6600886,6574608,6657404,6548895,6647564,6589404,6503662,6611666,6588766,6518970,6555207,6513491,6535315,6413296
429,0,1,15,6737638,6712915,6588442,6633859,6568839,6616817,6613489,6586493,6670178,6561421,6661069,6601424,6516660,6624438,6601363,6531584,6566990,6526021,6547628,6426584
430,31,1,15,6724886,6699978,6575596,6620717,6555922,6604017,6600882,6574103,6657563,6548982,6647803,6588990,6504145,6612094,6588431,6518628,6553458,6513403,6534681,6414341
431,0,1,15,6738494,6712218,6588583,6633896,6568745,6616461,6613057,6587134,6670276,6561610,6661151,6602371,6516806,6625373,6600895,6531291,6567112,6526105,6548154,6426559
432,31,1,15,6725957,6700195,6577289,6621618,6556418,6604286,6600780,6574539,6657957,6549925,6648187,6589796,6504718,6612872,6588899,6518228,6553688,6513383,6535323,6414226
433,0,1,15,6737700,6713303,6589248,6634102,6568954,6616590,6613219,6587319,6670583,6562424,6661645,6602178,6516872,6624771,6601931,6531566,6566589,6526268,6548438,6426711
434,31,1,15,6725935,6701066,6576389,6621728,6556670,6604343,6600555,6575347,6657953,6549303,6648734,6589543,6504594,6612250,6589084,6518836,6554505,6513161,6534842,6414007
435,0,1,15,6738154,6713021,6588343,6634638,6569075,6617154,6613081,6587771,6670715,6561910,6661513,6602295,6517255,6624521,6602290,6532693,6567971,6526612,6547929,6427107
436,31,1,15,6726335,6699888,6576980,6622599,6556591,6605441,6600885,6575628,6658035,6549239,6648741,6589714,6505107,6612442,6588517,6519413,6554522,6513191,6535419,6414359
437,0,1,15,6738154,6711747,6588015,6634333,6568422,6617425,6613101,6587559,6670495,6561700,6660948,6601702,6516454,6624334,6600769,6531761,6567203,6525716,6547456,6427242
438,31,1,15,6726378,6699819,6576379,6622816,6557392,6605647,6601770,6576478,6658147,6550278,6648698,6590116,6504654,6612656,6589083,6519285,6554980,6513900,6535777,6415392
439,0,1,15,6738748,6711857,6589155,6635456,6569529,6617985,6614218,6588727,6670596,6563181,6661679,6602964,6517712,6626408,6602250,6532078,6567945,6526315,6548528,6428248
440,31,1,15,6725290,6699208,6576412,6622807,6556255,6605263,6601177,6575374,6657816,6549874,6647157,6589594,6504591,6612379,6587539,6518099,6554400,6512672,6534790,6415050
441,0,1,15,6737353,6711400,6588644,6634699,6568665,6617612,6613406,6588414,6670393,6563145,6660436,6601575,6516632,6624060,6600707,6531198,6567262,6525781,6546856,6427610
442,31,1,15,6724809,6699560,6575909,6622477,6555927,6605527,6600355,6575464,6657377,6548907,6647923,6588694,6503613,6611998,6588434,6518417,6553844,6512971,6533648,6414604
443,0,1,15,6736633,6711511,6588343,6634945,6567813,6617259,6613600,6587811,6670274,6561547,6660965,6601751,6516081,6625142,6600754,6531207,6566273,6525487,6546557,6427128
444,31,1,15,6725067,6700433,6576853,6622004,6556308,6605473,6602354,6576262,6658400,6549395,6648913,6590115,6504999,6612830,6588791,6519188,6553702,6513639,6534783,6415266
445,0,1,15,6737748,6713289,6588872,6634256,6568559,6617566,6614244,6588631,6670543,6561656,6661175,6602422,6517094,6625440,6600718,6532114,6567550,6526180,6547628,6427695
446,31,1,15,6725072,6700654,6576413,6621370,6555835,6604757,6601870,6575878,6658002,6549242,6648824,6589654,6504403,6612661,6587851,6519034,6554094,6513417,6534590,6415252
447,0,1,15,6737133,6712161,6588482,6633842,6568217,6617064,6613873,6588682,6671090,6561746,6661245,6602315,6517145,6624776,6601071,6531766,6566893,6526199,6547504,6427432
448,31,1,15,6725022,6700234,6576012,6622043,6556657,6604017,6601273,6576195,6658506,6549518,6648795,6589579,6504190,6612503,6588824,6518906,6554313,6513276,6534438,6415254
449,0,1,15,6737282,6711688,6588270,6633880,6568912,6616742,6614674,6588372,6670638,6561908,6661140,6602274,6517353,6625345,6601344,6531137,6566175,6526217,6547728,6427711
450,31,1,15,6725236,6699433,6576430,6621188,6556722,6605121,6602462,6575539,6657788,6549210,6648437,6590022,6504776,6612308,6588889,6518331,6553524,6513421,6534534,6414886
451,0,1,15,6737999,6712128,6588465,6634101,6569442,6617992,6614747,6588716,6670903,6562445,6661836,6602767,6517790,6625000,6601386,6531451,6567201,6525947,6547705,6427730
452,31,1,15,6725269,6699933,6575807,6621391,6557171,6606005,6601955,6576400,6658773,6550339,6648739,6589941,6505000,6612400,6588928,6518859,6554312,6512972,6535599,6415311
453,0,1,15,6738451,6712222,6588184,6633512,6569655,6618282,6614603,6589378,6671807,6563373,6661922,6602461,6517576,6625591,6602012,6532238,6568247,6526738,6548591,6428124
454,31,1,15,6726002,6700461,6576239,6621533,6557212,6605953,6602354,6576245,6659228,6550027,6648673,6589652,6505745,6612884,6589278,6518849,6555027,6513289,6535648,6415754
455,0,1,15,6738565,6712362,6588136,6634071,6569504,6618382,6614643,6588534,6671136,6561918,6661853,6602479,6517645,6625238,6601188,6531451,6567548,6526116,6548514,6427261
456,31,1,15,6726240,6700278,6576070,6621798,6557536,6605803,6602438,6576281,6659218,6549806,6648927,6589566,6505297,6613671,6589566,6518959,6554312,6513661,6535651,6415462
457,0,1,15,6738178,6712041,6588120,6634127,6569212,6618169,6614914,6589077,6671813,6562772,6661568,6601998,6516804,6625278,6600873,6531491,6567185,6526500,6548497,6427527
458,31,1,15,6726078,6700281,6576699,6622168,6556698,6606048,6602735,6576586,6659288,6550357,6649115,6590241,6505526,6613398,6589681,6519214,6554676,6514074,6535275,6416177
459,0,1,15,6738652,6712383,6589030,6634487,6568958,6618260,6615407,6588919,6672211,6562561,6661375,6602808,6517446,6625769,6602007,6531922,6568553,6527086,6547833,6427818
460,31,1,15,6727087,6700489,6576839,6622174,6556891,6605694,6602692,6577158,6659417,6549874,6648621,6590181,6505398,6613294,6588569,6519573,6555746,6514615,6535905,6415900
461,0,1,15,6739248,6712435,6589028,6634462,6569614,6618106,6614855,6589832,6671860,6562570,6661839,6602828,6518164,6626556,6602146,6532603,6568917,6526982,6549268,6427873
462,31,1,15,6726754,6700760,6576408,6622955,6556517,6605969,6601756,6577187,6659461,6550652,6649265,6590165,6505176,6614392,6589808,6519133,6556551,6514498,6536588,6415623
463,0,1,15,6738316,6712337,6588187,6634820,6568086,6617962,6613674,6588628,6671053,6562347,6661293,6601803,6517079,6625803,6601270,6532013,6567807,6526501,6547995,6426934
464,31,1,15,6725283,6700158,6575412,6621362,6555519,6605232,6600653,6575820,6657980,6549704,6648024,6588818,6504076,6612500,6588532,6518099,6554442,6513392,6534330,6413598
465,0,1,15,6738896,6713714,6588787,6635091,6568868,6618056,6613742,6589104,6671450,6562820,6661608,6602987,6517392,6626679,6602591,6531470,6568446,6526758,6548265,6427130
466,31,1,15,6727220,6700466,6577014,6622690,6555824,6605243,6601067,6576909,6658389,6549317,6648928,6589664,6504823,6613306,6589010,6518164,6555374,6513758,6535105,6413944
467,0,1,15,6739367,6712424,6589058,6635051,6568230,6617693,6614560,6589301,6671295,6562479,6662044,6602872,6517550,6625822,6601773,6531579,6567950,6527050,6548110,6425614
468,31,1,15,6726329,6700706,6576700,6623273,6556176,6604790,6602597,6576871,6658496,6550153,6649455,6590449,6505333,6613227,6589071,6519233,6556244,6514628,6534566,6413580
469,0,1,15,6737852,6711791,6588158,6634436,6567771,6616788,6614440,6588753,6670215,6562625,6660804,6601860,6517152,6624309,6600913,6530363,6568357,6525993,6546809,6426049
470,31,1,15,6726923,6700052,6577158,6622792,6556037,6604318,6602465,6576755,6658201,6550347,6647774,6589989,6505784,6612249,6588698,6518157,6555083,6513796,6534931,6414580
471,0,1,15,6739464,6712141,6589464,6634863,6568047,6617074,6614915,6589475,6671303,6563206,6660375,6602782,6517720,6624760,6601162,6531062,6567925,6526484,6547589,6427015
472,31,1,15,6725618,6698490,6576174,6620430,6554341,6603408,6602011,6576255,6657579,6549566,6645899,6589296,6504164,6611720,6588179,6517694,6554612,6512655,6534457,6413613
473,0,1,15,6738595,6711627,6588110,6633843,6567218,6616395,6615044,6589146,6670899,6561813,6660685,6602156,6517102,6624658,6601545,6531023,6567851,6525870,6547876,6426531
474,31,1,15,6725844,6699324,6576353,6621242,6555048,6603863,6601998,6576328,6657999,6548838,6647333,6589577,6504321,6611779,6588028,6517801,6554687,6512915,6534345,6413401
475,0,1,15,6739312,6712474,6589309,6634174,6567837,6617203,6614601,6588771,6670741,6561268,6660285,6602848,6517096,6625124,6600296,6530578,6568183,6526164,6547594,6425617
476,31,1,15,6727033,6700158,6576713,6621888,6555244,6604898,6601574,6576306,6658593,6549364,6646897,6590099,6505006,6612171,6588007,6517738,6555634,6513180,6535207,6413467
477,0,1,15,6737904,6711475,6588829,6632854,6567561,6616373,6613208,6588314,6670189,6561189,6659064,6601959,6516792,6624037,6599817,6530294,6567763,6525541,6547236,6425624
478,31,1,15,6726390,6700214,6576729,6620961,6556088,6604290,6601700,6576165,6658213,6549295,6647114,6589320,6504645,6611915,6588651,6517942,6555527,6512946,6534825,6414202
479,0,1,15,6738726,6713073,6589343,6633137,6568168,6616691,6614426,6589252,6671581,6561743,6660363,6602973,6517578,6625695,6601554,6531134,6569354,6526234,6547313,6426908
480,31,1,15,6726411,6700700,6577964,6621287,6556401,6604906,6602711,6576632,6658907,6549884,6647777,6590546,6504926,6612691,6589202,6518699,6556773,6513614,6535147,6414941
481,0,1,15,6738951,6712745,6590132,6633581,6568591,6618406,6615513,6589324,6671717,6562277,6660478,6603735,6517228,6625673,6601855,6531576,6569791,6526886,6548645,6428250
482,31,1,15,6726117,6700540,6577401,6621446,6555587,6605782,6601816,6576422,6658408,6549215,6647014,6590710,6504504,6612187,6589499,6518095,6555979,6513485,6535225,6414645
483,0,1,15,6739159,6713169,6589377,6634132,6568646,6618334,6614363,6588862,6670929,6563024,6660120,6603744,6517529,6624750,6602402,6531168,6568829,6526511,6547610,6427373
484,31,1,15,6726017,6700231,6577114,6621485,6555406,6605597,6602354,6576592,6658755,6549929,6647169,6590944,6504980,6611764,6589110,6518346,6555234,6513469,6534466,6414560
485,0,1,15,6738695,6712819,6589575,6634233,6568038,6617722,6614467,6589466,6670978,6562202,6660509,6603616,6517263,6624635,6601725,6531514,6568977,6526441,6548154,6427380
486,31,1,15,6726357,6699290,6577123,6621461,6555856,6605763,6601684,6576821,6658172,6548907,6647519,6590512,6504876,6612245,6588039,6518408,6556303,6513834,6535805,6414923
487,0,1,15,6738109,6711090,6589322,6633865,6568144,6617701,6613884,6588505,6671010,6561569,6659964,6602178,6517397,6624656,6600795,6530552,6568770,6525732,6547485,6427250
488,31,1,15,6725838,6699080,6576272,6621543,6555920,6604823,6601683,6576319,6658049,6548818,6647456,6589752,6504575,6612321,6588411,6518127,6555777,6513135,6534836,6414532
489,0,1,15,6738586,6711703,6588786,6634465,6567776,6617697,6614201,6588995,6670327,6561747,6659892,6602315,6517256,6624542,6601363,6530750,6568374,6526708,6547885,6426772
490,31,1,15,6726560,6699006,6576759,6621748,6555366,6604806,6601387,6576996,6658242,6548349,6647146,6589374,6504876,6611848,6588445,6516886,6555276,6513672,6534751,6413499
491,0,1,15,6738694,6711568,6588841,6633907,6567580,6616426,6614098,6588451,6670610,6561351,6660240,6601832,6517553,6624531,6601063,6530178,6567263,6526436,6547819,6425872
492,31,1,15,6726473,6699827,6577670,6622734,6555575,6605114,6602692,6577031,6658749,6548994,6647478,6589375,6505470,6612050,6589140,6517589,6554685,6514083,6535322,6413878
493,0,1,15,6738646,6711709,6588430,6634515,6567140,6617268,6614061,6589197,6670615,6560912,6659627,6601425,6517203,6624550,6601791,6530000,6568130,6526050,6547333,6426024
494,31,1,15,6725465,6699752,6576521,6621767,6555648,6604202,6601236,6576791,6658014,6548608,6647033,6589048,6504638,6611524,6587376,6517727,6554648,6513200,6534269,6413481
495,0,1,15,6737585,6711458,6588564,6634309,6567513,6616101,6613588,6588271,6670682,6561560,6660260,6601166,6516576,6623366,6599678,6530991,6567831,6526100,6546832,6425714
496,31,1,15,6725359,6700132,6576736,6621850,6554894,6604641,6601542,6575733,6658677,6549152,6647303,6589153,6504057,6611462,6588067,6518308,6554965,6512987,6533851,6413842
497,0,1,15,6737886,6711837,6589051,6634298,6566791,6617460,6614105,6588228,6670934,6561494,6659877,6601606,6516543,6623589,6601760,6531793,6567801,6526220,6547079,6426129
498,31,1,15,6725149,6698826,6576758,6621269,6554318,6604724,6600989,6575023,6657387,6547747,6646842,6588569,6503885,6610810,6588036,6518204,6555428,6513309,6533720,6412596
499,0,1,15,6738083,6712262,6588737,6634084,6566720,6617895,6613703,6588337,6670409,6560777,6660396,6601632,6517047,6623570,6601429,6531237,6568638,6525798,6547468,6425891
500,31,1,15,6726001,6700287,6576672,6621544,6554722,6605303,6600997,6575975,6658116,6548322,6646979,6588902,6504285,6611442,6588312,6518813,6555119,6512943,6533776,6413054
501,0,1,15,6738219,6712483,6588715,6633948,6567078,6617636,6613097,6587979,6670246,6561278,6660043,6601266,6516484,6623642,6600517,6531401,6567899,6525676,6546574,6425278
502,31,1,15,6726236,6700617,6577242,6621986,6555820,6605279,6601336,6575624,6658797,6549008,6647731,6589138,6503872,6611404,6589131,6518697,6555240,6513312,6534659,6413636
503,0,1,15,6738032,6712356,6589066,6634007,6566891,6617613,6613835,6587834,6670916,6561990,6660524,6601771,6516637,6624991,6601541,6530876,6568763,6526115,6547829,6425874
504,31,1,15,6726622,6700595,6576893,6622211,6555998,6605865,6601718,6576383,6658841,6550373,6648513,6589611,6504853,6612716,6589325,6519024,6556339,6513771,6535114,6414588
505,0,1,15,6738709,6712821,6589329,6633928,6568376,6618202,6614042,6587998,6670940,6563332,6660705,6601771,6517033,6624984,6600881,6531612,6569235,6526041,6547050,6426805
506,31,1,15,6725375,6699357,6576505,6621321,6555782,6605264,6601421,6574936,6658374,6549146,6647549,6588928,6504252,6612072,6587509,6518450,6555220,6513142,6534452,6413786
507,0,1,15,6739790,6712895,6589598,6634457,6568315,6618869,6614613,6588868,6671676,6562973,6661484,6602376,6517458,6625157,6601256,6531666,6568032,6527077,6548214,6427116
508,31,1,15,6727125,6700649,6577321,6622041,6555891,6606966,6602499,6575778,6659535,6550925,6648839,6590032,6505769,6612926,6588950,6519512,6555322,6514808,6535454,6414865
509,0,1,15,6739401,6712681,6589442,6634527,6568272,6619248,6614700,6588387,6671819,6563227,6661714,6602846,6518333,6626052,6601897,6532941,6568645,6527953,6547945,6427808
510,31,1,15,6725426,6699328,6576285,6620898,6555199,6605222,6601475,6575139,6657877,6549470,6647641,6588731,6504370,6612712,6588270,6518445,6554815,6513969,6534237,6413933
511,0,1,15,6738051,6711880,6588962,6633717,6567509,6618296,6614160,6587698,6670980,6562941,6660545,6601268,6516384,6625277,6600464,6531754,6567585,6526929,6546964,6426666
512,31,1,15,6726751,6700332,6577893,6622060,6556413,6606369,6602851,6575682,6659609,6550508,6648940,6590505,6505609,6613494,6588817,6520174,6554661,6515004,6535613,6415210
513,0,1,15,6738654,6711548,6588784,6633689,6566693,6617508,6614579,6587558,6671039,6562432,6661370,6601791,6516768,6623353,6600928,6532263,6567062,6526993,6547691,6426224
514,31,1,15,6726807,6699735,6577307,6621709,6555075,6606263,6602455,6576203,6658833,6549904,6648319,6589827,6504678,6612020,6588684,6519855,6554415,6514581,6535269,6414227
515,0,1,15,6739066,6711766,6589149,6634216,6566880,6618362,6614859,6587827,6671242,6562514,6661145,6602310,6516759,6624874,6600727,6532195,6567637,6527404,6547947,6427099
516,31,1,15,6727051,6699223,6576672,6621905,6555059,6605598,6602526,6575381,6658290,6549297,6648107,6588538,6504079,6612200,6588734,6519463,6554572,6514282,6535067,6413524
517,0,1,15,6739668,6712125,6589521,6634755,6567637,6618328,6614844,6588314,6671546,6562954,6661309,6602160,6517176,6624851,6601210,6532390,6569006,6526942,6548361,6426283
518,31,1,15,6726170,6698739,6576732,6622434,6555467,6605560,6601484,6575258,6658275,6549285,6648010,6589302,6503890,6612294,6587771,6518722,6555187,6514302,6535359,6413563
519,0,1,15,6738358,6711269,6589779,6634653,6568672,6617932,6613700,6588132,6671290,6562145,6661542,6601800,6516626,6624241,6602096,6531926,6567781,6527004,6548529,6426568
520,31,1,15,6725416,6698596,6576032,6621700,6555217,6604574,6601309,6574538,6658161,6549183,6647332,6588129,6503727,6610778,6588141,6518555,6554506,6513059,6534456,6413105
521,0,1,15,6738273,6711828,6588945,6634344,6567112,6617461,6613355,6587608,6670943,6561794,6661227,6601607,6516433,6623426,6601053,6532070,6567218,6526655,6547783,6426473
522,31,1,15,6726384,6700258,6577200,6621713,6555111,6604526,6600845,6575829,6659019,6549317,6647584,6588939,6504467,6611078,6587756,6519029,6554766,6513402,6534723,6413808
523,0,1,15,6738567,6712035,6588797,6634083,6567189,6616861,6613193,6587786,6671380,6562276,6660192,6601221,6516532,6623915,6600797,6531573,6567545,6526945,6548277,6426093
524,31,1,15,6726484,6699979,6577323,6621826,6555488,6605174,6601005,6576152,6658535,6550253,6647302,6589476,6504413,6611296,6587420,6518851,6554640,6514381,6535323,6413817
525,0,1,15,6738693,6711988,6589620,6634421,6567004,6617822,6614299,6588363,6670959,6562010,6659754,6602436,6516323,6624093,6600075,6532262,6567803,6526851,6548623,6426407
526,31,1,15,6726805,6699468,6577383,6621564,6554864,6605388,6601906,6576055,6658664,6549670,6646983,6589955,6504751,6611572,6587303,6518784,6555115,6514925,6535979,6414087
527,0,1,15,6739091,6711816,6589184,6633802,6567261,6617893,6614179,6588130,6671123,6563071,6659849,6602352,6516948,6623759,6599781,6531154,6567585,6527362,6548246,6426056
528,31,1,15,6727060,6700165,6577813,6622352,6555686,6606469,6602907,6576545,6659509,6550135,6647977,6590239,6504817,6611858,6588418,6519014,6554937,6514957,6534667,6414736
529,0,1,15,6738156,6712028,6589260,6633542,6566784,6618094,6614621,6587921,6670686,6562455,6660138,6602519,6516759,6623053,6599941,6530615,6567836,6526865,6547260,6425848
530,31,1,15,6726203,6699744,6576812,6621445,6554509,6605181,6601663,6575589,6657828,6549718,6647118,6589457,6504406,6611104,6587620,6517920,6554721,6514076,6533721,6413281
531,0,1,15,6738243,6712139,6589718,6634461,6567653,6618284,6614030,6588829,6670289,6561712,6660475,6602462,6517478,6623821,6601038,6531945,6568664,6526816,6547165,6425857
532,31,1,15,6726447,6699994,6577466,6622370,6555320,6606169,6601729,6575943,6658167,6549801,6647500,6589678,6504558,6612101,6588639,6519031,6555174,6514496,6535056,6413343
533,0,1,15,6737756,6711370,6588669,6634491,6566795,6617474,6613084,6588025,6670092,6561519,6659364,6601673,6515319,6624131,6600542,6530915,6567894,6526488,6547333,6424743
534,31,1,15,6724811,6698536,6576111,6621129,6554773,6604540,6600711,6575349,6657436,6549281,6647100,6588729,6502820,6611305,6587365,6517656,6554430,6512946,6533633,6412377
535,0,1,15,6737956,6711810,6589589,6633323,6567594,6617729,6613584,6588370,6670751,6562541,6660271,6602255,6516435,6624442,6600574,6531178,6567703,6526737,6547020,6425783
536,31,1,15,6726027,6699332,6577570,6620944,6555351,6605158,6601249,6575521,6657977,6549558,6647360,6588732,6503379,6611959,6587317,6518106,6554403,6513725,6534528,6412474
537,0,1,15,6738277,6711618,6588874,6633823,6567259,6617283,6613556,6587778,6670688,6562295,6659540,6601624,6516193,6625180,6600385,6531261,6567776,6526755,6547084,6425730
538,31,1,15,6726509,6699979,6577127,6621238,6555033,6604733,6601086,6575903,6658230,6550074,6647323,6588953,6504378,6611602,6587517,6518726,6553971,6513887,6534158,6413027
539,0,1,15,6739456,6712930,6589949,6634483,6567466,6618007,6614292,6588991,6671130,6563353,6661060,6602687,6517348,6625278,6600782,6532445,6566408,6527532,6548188,6426280
540,31,1,15,6727148,6700210,6577475,6622868,6555448,6606143,6602404,6577276,6658814,6550274,6647885,6590295,6505355,6613308,6587795,6519582,6553527,6514769,6536122,6414203
541,0,1,15,6738664,6712566,6589839,6634797,6567496,6618308,6614847,6589314,6671121,6563499,6660278,6602940,6517119,6625163,6601636,6532084,6567242,6527298,6548815,6426468
542,31,1,15,6725905,6698943,6576592,6621631,6554802,6605398,6601243,6575653,6658179,6549988,6647379,6589040,6504301,6611598,6588079,6518564,6553784,6514278,6534805,6412855
543,0,1,15,6737169,6710415,6587902,6632947,6567077,6617023,6613211,6587361,6669782,6561937,6659454,6600994,6515363,6624021,6600215,6530381,6566376,6525685,6546371,6425325
544,31,1,15,6726298,6699661,6577349,6621587,6556060,6605806,6602043,6576054,6658427,6550686,6647720,6590292,6504605,6611871,6588580,6518879,6554613,6514477,6535492,6413704
545,0,1,15,6738697,6711596,6588751,6634356,6568184,6618228,6614598,6588616,6670782,6563135,6661230,6602641,6516007,6625115,6601306,6532223,6567755,6526753,6548171,6425790
546,31,1,15,6726062,6698976,6576689,6622108,6555294,6605714,6601688,6575288,6657924,6550342,6647123,6589545,6503959,6611494,6587095,6518622,6554067,6513707,6534795,6412768
547,0,1,15,6738895,6711857,6589008,6634784,6568082,6618318,6613344,6588158,6670869,6562921,6659925,6602728,6516594,6624292,6599976,6531439,6567563,6526085,6547781,6425193
548,31,1,15,6727259,6699909,6577149,6621988,6556593,6605953,6601764,6576037,6658301,6550311,6647761,6590237,6503844,6611916,6588581,6518606,6555025,6514208,6534635,6413415
549,0,1,15,6740189,6712678,6589317,6634917,6568964,6618376,6615008,6588947,6671640,6563779,6660854,6603314,6517271,6625093,6601501,6531725,6569201,6527193,6547968,6426672
550,31,1,15,6727100,6700641,6577095,6622493,6556653,6605684,6602091,6576229,6658951,6549893,6647963,6590009,6504283,6612070,6587319,6518281,6555769,6513693,6534884,6413898
551,0,1,15,6738430,6712255,6588247,6633386,6568158,6617307,6613324,6587989,6670356,6561913,6660137,6601964,6516095,6624619,6599986,6531092,6567849,6525916,6547198,6425505
552,31,1,15,6726759,6700136,6576473,6621834,6556521,6605770,6602187,6576342,6658002,6550516,6647424,6589919,6504189,6613374,6588458,6519371,6555175,6513701,6534737,6413966
553,0,1,15,6738767,6712041,6588687,6634484,6568521,6618871,6614581,6588985,6671346,6563002,6660721,6602494,6516088,6625972,6601146,6531858,6568064,6527157,6547843,6426884
554,31,1,15,6726399,6699404,6576603,6621865,6556065,6606723,6601592,6576078,6658223,6550827,6648406,6589986,6503966,6612913,6588545,6518897,6555352,6514071,6535455,6414083
555,0,1,15,6738526,6712045,6590106,6634517,6569091,6619248,6615282,6589285,6671165,6563230,6661338,6602707,6516420,6625034,6601331,6531680,6568567,6527275,6548386,6426605
556,31,1,15,6727046,6700863,6578014,6622495,6557371,6607380,6603113,6576457,6658783,6550465,6648460,6589723,6504359,6612572,6588144,6518816,6555209,6514963,6536506,6414403
557,0,1,15,6739738,6713386,6589745,6634693,6569297,6619311,6615285,6588884,6671379,6562318,6660974,6602652,6517118,6625451,6601612,6531378,6568923,6527965,6549286,6426681
558,31,1,15,6726803,6700847,6577859,6622358,6556737,6606337,6602417,6576724,6658444,6549960,6647937,6590143,6505030,6612757,6588715,6518661,6555316,6514799,6535925,6413762
559,0,1,15,6739099,6713240,6589797,6634288,6568459,6618749,6615082,6589172,6671137,6563318,6660818,6602923,6517742,6625845,6601098,6531968,6568141,6528282,6548717,6426598
560,31,1,15,6726675,6700716,6577123,6621692,6556377,6606481,6602753,6576737,6658447,6549679,6648368,6590188,6505616,6613209,6587970,6519411,6555301,6515291,6535563,6413632
561,0,1,15,6738940,6713498,6589785,6634683,6569080,6618776,6614581,6589863,6671505,6562795,6661066,6602752,6517555,6625626,6601176,6532565,6569185,6528240,6548551,6426874
562,31,1,15,6725928,6701539,6577572,6622623,6556529,6606148,6602261,6576795,6659412,6551102,6647727,6590744,6505676,6612471,6588418,6520332,6556281,6515211,6536316,6414477
563,0,1,15,6738160,6712995,6589548,6634424,6568538,6617444,6614392,6588868,6671910,6563488,6660071,6603239,6517867,6625651,6601644,6532728,6568088,6527888,6549213,6426849
564,31,1,15,6726090,6700550,6577233,6622297,6556414,6605744,6602059,6577432,6659252,6549909,6647786,6590501,6505034,6613047,6588708,6519595,6555901,6515421,6535328,6413948
565,0,1,15,6740431,6713738,6590481,6635279,6569945,6618872,6615427,6590480,6672446,6563082,6661297,6603389,6518189,6626231,6601998,6533519,6568643,6528476,6549250,6426991
566,31,1,15,6726841,6700453,6577740,6622665,6557233,6606029,6602695,6577459,6659291,6550038,6647467,6590476,6505407,6613220,6588900,6520046,6556049,6514972,6535402,6414809
567,0,1,15,6739266,6712751,6589954,6635043,6569577,6618578,6615472,6589471,6672020,6563058,6660382,6603705,6518061,6626334,6601185,6533013,6569163,6527535,6548371,6427281
568,31,1,15,6727369,6700486,6577343,6622962,6557160,6606169,6603183,6577402,6660031,6551263,6647791,6591037,6505314,6613681,6588799,6519944,6556183,6515574,6535893,6415614
569,0,1,15,6739526,6712075,6589093,6634558,6568503,6617906,6614665,6588207,6671429,6563130,6659814,6602206,6517245,6624674,6600648,6531880,6568615,6527474,6547848,6427324
570,31,1,15,6727658,6700249,6577387,6622906,6556362,6606364,6602557,6576335,6658863,6550233,6647652,6590599,6505403,6613397,6588345,6519432,6555601,6515409,6535523,6415351
571,0,1,15,6739543,6712041,6589456,6634726,6568804,6618916,6615170,6588874,6671578,6563599,6660645,6603429,6517868,6625165,6601632,6532218,6569345,6528618,6547465,6426995
572,31,1,15,6726340,6699094,6576694,6621673,6555540,6605002,6601791,6575204,6657413,6549602,6646678,6590259,6503749,6611051,6587274,6518747,6554597,6514473,6533874,6413118
573,0,1,15,6739886,6712583,6590096,6635577,6569278,6618703,6614943,6588340,6671049,6562465,6660889,6603764,6517378,6624988,6600786,6532520,6569178,6528157,6547882,6427398
574,31,1,15,6727341,6700875,6577860,6622680,6556558,6606301,6602582,6576095,6659022,6549692,6647452,6591285,6505018,6612312,6588539,6519325,6556430,6515344,6535377,6415052
575,0,1,15,6740258,6714155,6591025,6635588,6568898,6618905,6615844,6589662,6672294,6563529,6661807,6603965,6518043,6624358,6602535,6532999,6570346,6528599,6549160,6427631
576,31,1,15,6726733,6701891,6578975,6623222,6556452,6606429,6602734,6576999,6659503,6550458,6648508,6591563,6505899,6612338,6589362,6520022,6556713,6515727,6535373,6414234
577,0,1,15,6738968,6713608,6590211,6634814,6568014,6618210,6615017,6589037,6672022,6562381,6661015,6603337,6517610,6624579,6602161,6532560,6568420,6527918,6548126,6426240
578,31,1,15,6727744,6702597,6579145,6623422,6556427,6607160,6603301,6577654,6660129,6550669,6649454,6591990,6506111,6613866,6590262,6520611,6556311,6516234,6536332,6415159
579,0,1,15,6738868,6714004,6590933,6634549,6568148,6618485,6614824,6588935,6671473,6562229,6661172,6603996,6518046,6625307,6601933,6532614,6568930,6528355,6548537,6426794
580,31,1,15,6726812,6701555,6578312,6621356,6555560,6606011,6602286,6576414,6659319,6549980,6649237,6590947,6505476,6613080,6589476,6519731,6556061,6514495,6535275,6414476
581,0,1,15,6739713,6713154,6590892,6634219,6568137,6618472,6615075,6589167,6672319,6562962,6661919,6603377,6518344,6625452,6601981,6532388,6569255,6527389,6547966,6427542
582,31,1,15,6727496,6700301,6578686,6622246,6556854,6605991,6602580,6576258,6659754,6549824,6649189,6590785,6504876,6612704,6589348,6519840,6555694,6514349,6535013,6415460
583,0,1,15,6739216,6713110,6590599,6634687,6567658,6618812,6614892,6588510,6671928,6562849,6661578,6603001,6516461,6624674,6601707,6532233,6569072,6527680,6548018,6427225
584,31,1,15,6726196,6700774,6578571,6622519,6555268,6605943,6602142,6576059,6659184,6550048,6648016,6590308,6504193,6611986,6588242,6519529,6555308,6514572,6534994,6414390
585,0,1,15,6739120,6713213,6590174,6635364,6567880,6619195,6614547,6588991,6672166,6562808,6661781,6603492,6516723,6624965,6601489,6532862,6568957,6527828,6547693,6427091
586,31,1,15,6727187,6701300,6578739,6622416,6555991,6606997,6602065,6576501,6659420,6550495,6648622,6591353,6504466,6612815,6589194,6519960,6556141,6514210,6534874,6414872
587,0,1,15,6739452,6713981,6590805,6635503,6568690,6618497,6614451,6589007,6672459,6562867,6661254,6604235,6517903,6624700,6601595,6532263,6569215,6527812,6548396,6427073
588,31,1,15,6726692,6701365,6577852,6623153,6555725,6605856,6601592,6576671,6659507,6549242,6648371,6591077,6505184,6611862,6588720,6519199,6556278,6515068,6535184,6414831
589,0,1,15,6739136,6714012,6590715,6635876,6568486,6618691,6614388,6588700,6672796,6563155,6661604,6603939,6518128,6624780,6601857,6532872,6569353,6527448,6548451,6427824
590,31,1,15,6725839,6700983,6578017,6622750,6556458,6605675,6601511,6575917,6659291,6549980,6648066,6590965,6504650,6611777,6588623,6518932,6555346,6514392,6535082,6413621
591,0,1,15,6738598,6713046,6590051,6634384,6567901,6618643,6614228,6588113,6672323,6562880,6661184,6603209,6517359,6624180,6600971,6532010,6568246,6527930,6547648,6426832
592,31,1,15,6726897,6701208,6578023,6622894,6555762,6606255,6601431,6576320,6659659,6551142,6648381,6591052,6505014,6612445,6588584,6520111,6556318,6515497,6535306,6414611
593,0,1,15,6739500,6713189,6590051,6635813,6567357,6618655,6613744,6588979,6671714,6563057,6660779,6602964,6517663,6625365,6601777,6532433,6568222,6527154,6548517,6427023
594,31,1,15,6726745,6700625,6577391,6622757,6554236,6605679,6601240,6576034,6659118,6549913,6647676,6590323,6504679,6612197,6588993,6519293,6555048,6513676,6535735,6413828
595,0,1,15,6737643,6712628,6589684,6634796,6566123,6617503,6613000,6587820,6671589,6561808,6660189,6602333,6516344,6623724,6600663,6531461,6567638,6525458,6547633,6426110
596,31,1,15,6725028,6700613,6577606,6622623,6554367,6605479,6601231,6575745,6658634,6550594,6647354,6589737,6504148,6610922,6588409,6518905,6554337,6513348,6534744,6413752
597,0,1,15,6739416,6714006,6590318,6635552,6567165,6619358,6614393,6589135,6672538,6562954,6660817,6603476,6517144,6624952,6601689,6532790,6568648,6527382,6548965,6427659
598,31,1,15,6726360,6701196,6577900,6622145,6554054,6606209,6600980,6576067,6659547,6549872,6646994,6590057,6503695,6612641,6588618,6519391,6555464,6514517,6535446,6414599
599,0,1,15,6739027,6713297,6590028,6634300,6566889,6619070,6614234,6588687,6672221,6563053,6660037,6602636,6516524,6624648,6601435,6532097,6568789,6528080,6548127,6427089
600,31,1,15,6727160,6702150,6579036,6622965,6555754,6608182,6603547,6577389,6660626,6551798,6648753,6591571,6505678,6613453,6589792,6520032,6557231,6515635,6536487,6416112
601,0,1,15,6739540,6713788,6591299,6634552,6567340,6618874,6615099,6589088,6672585,6563757,6661162,6603047,6517295,6625413,6602297,6532547,6569483,6528260,6548581,6428110
602,31,1,15,6726955,6701068,6579060,6621728,6555406,6606081,6601953,6576769,6660163,6551221,6647858,6590042,6504271,6612866,6589088,6518926,6556344,6514767,6535304,6415481
603,0,1,15,6739930,6713880,6590781,6634914,6568240,6618724,6615090,6590164,6673315,6564192,6660914,6602638,6517187,6626126,6602101,6531988,6570003,6528890,6548343,6427659
604,31,1,15,6726521,6700017,6578017,6621808,6555453,6605467,6601746,6576746,6659574,6550531,6646809,6589233,6504545,6612180,6588548,6518209,6556031,6515385,6534243,6414048
605,0,1,15,6738993,6712481,6590460,6634867,6568326,6618573,6614937,6589246,6672240,6563480,6660515,6602603,6517199,6625645,6602103,6533012,6568911,6528420,6548651,6427685
606,31,1,15,6726411,6699436,6577944,6622657,6555651,6606057,6602466,6576283,6658966,6550598,6647693,6589487,6504407,6612469,6588607,6519326,6555866,6514857,6535518,6414650
607,0,1,15,6739048,6712207,6590163,6635132,6568093,6618493,6614461,6588740,6671681,6562539,6661138,6601848,6516309,6624477,6602177,6532082,6568559,6528100,6547981,6426726
608,31,1,15,6727178,6700846,6578729,6623098,6556157,6606814,6602186,6576826,6659932,6550807,6648820,6589820,6504521,6612407,6589354,6519998,6556592,6515502,6535612,6414869
609,0,1,15,6739503,6713163,6591081,6635528,6568571,6618769,6614458,6588713,6672129,6562725,6661591,6602782,6517230,6625420,6601500,6532871,6569072,6528296,6548273,6427412
610,31,1,15,6726769,6699316,6578919,6623161,6555948,6605447,6600909,6575704,6659127,6549656,6647811,6590050,6504732,6612828,6588163,6518344,6554425,6514841,6534959,6415524
611,0,1,15,6738413,6711024,6590743,6634400,6568721,6617277,6613379,6588055,6671657,6562221,6661455,6602233,6516910,6624872,6600745,6531154,6567898,6527580,6548323,6427686
612,31,1,15,6726155,6699412,6578892,6621964,6556614,6605157,6600807,6576017,6659876,6550165,6649092,6590383,6505162,6612340,6589257,6519755,6555230,6514799,6536364,6414758
613,0,1,15,6738218,6711066,6589949,6634841,6568724,6617602,6614211,6588726,6672143,6562838,6661145,6602444,6517184,6624855,6602105,6532033,6568431,6527613,6548659,6427351
614,31,1,15,6726024,6698480,6578088,6622461,6556324,6605031,6600799,6575917,6659115,6549373,6647640,6589177,6504406,6612340,6589211,6518827,6555520,6514432,6535068,6413996
615,0,1,15,6739175,6711209,6590279,6635074,6568480,6617159,6613710,6588294,6671367,6562485,6660770,6602076,6517313,6625027,6602285,6532364,6568241,6527124,6547326,6427132
616,31,1,15,6726414,6699519,6578417,6622454,6555894,6605442,6601422,6575851,6658090,6549725,6648827,6589070,6504820,6612190,6588906,6519218,6555392,6514979,6534820,6414949
617,0,1,15,6738986,6711812,6589704,6635205,6568723,6617889,6614094,6588612,6671567,6562806,6661921,6602268,6517491,6625401,6601727,6532286,6568831,6528003,6548049,6427612
618,31,1,15,6726882,6699154,6578443,6622273,6556335,6605399,6601711,6575983,6659278,6550120,6648764,6589585,6505172,6612651,6588208,6518765,6556061,6515100,6535042,6415590
619,0,1,15,6738626,6711743,6590280,6634324,6568970,6618194,6613566,6587834,6671708,6562276,6661552,6602012,6517297,6624875,6600668,6531497,6568755,6528152,6548120,6427991
620,31,1,15,6725829,6699488,6577482,6621314,6556142,6604553,6600481,6575006,6658221,6549516,6648213,6588863,6504643,6611801,6587373,6518566,6555150,6514995,6535033,6414745
621,0,1,15,6739112,6712539,6589326,6634158,6568379,6617366,6613815,6588260,6671797,6562716,6660723,6601813,6517398,6624895,6601003,6531689,6568626,6527677,6548075,6427527
622,31,1,15,6727675,6700395,6577600,6622092,6556814,6605256,6602194,6576302,6659609,6550333,6647589,6590115,6505605,6612330,6589506,6519185,6555850,6515292,6536208,6415011
623,0,1,15,6739063,6710934,6589163,6633552,6568306,6617069,6613465,6587452,6671753,6561976,6659884,6601392,6516738,6623519,6600569,6531659,6568404,6527964,6548259,6426523
624,31,1,15,6726948,6699106,6577910,6621249,6556639,6604994,6601025,6575325,6659409,6549729,6647765,6589278,6505278,6611509,6587521,6518889,6555819,6515456,6535269,6414272
625,0,1,15,6739251,6712535,6590238,6633340,6569468,6617047,6613854,6587661,6671644,6562398,6661061,6602019,6517012,6624426,6600884,6532090,6568567,6527221,6547737,6426948
626,31,1,15,6726171,6699837,6577977,6620889,6556607,6604589,6601692,6575254,6658639,6549486,6647670,6589289,6504299,6611173,6587865,6519363,6555352,6514896,6535171,6414050
627,0,1,15,6738723,6711945,6590496,6634242,6568582,6617234,6614346,6588152,6671256,6562193,6660590,6601852,6516987,6624273,6600672,6531897,6568109,6527712,6548930,6427126
628,31,1,15,6726706,6700357,6578367,6621846,6556394,6605278,6601738,6575576,6658783,6549673,6647393,6589697,6505237,6612600,6588725,6518989,6555553,6516051,6535879,6414765
629,0,1,15,6739411,6712560,6590163,6634201,6569166,6617872,6613712,6588374,6671317,6562627,6660270,6601848,6517965,6623910,6600028,6531630,6568165,6528315,6548128,6426504
630,31,1,15,6727255,6699314,6578033,6621747,6557144,6605452,6601222,6575832,6658389,6549840,6646848,6588698,6504987,6611322,6587565,6518809,6554688,6515238,6535495,6414375
631,0,1,15,6739606,6711760,6589708,6634101,6568506,6617637,6613011,6588759,6671935,6562432,6660199,6601802,6518395,6625030,6600902,6532161,6568014,6527562,6548378,6426462
632,31,1,15,6726666,6700086,6577755,6621036,6556216,6604550,6600647,6576133,6658036,6549302,6647414,6588498,6504575,6612253,6588685,6518781,6554362,6514652,6535820,6413976
633,0,1,15,6737881,6711379,6588989,6632659,6567696,6616685,6612817,6587548,6670546,6561616,6659600,6600137,6516934,6623623,6600239,6531245,6567241,6527119,6547528,6425698
634,31,1,15,6726379,6700062,6577032,6621059,6555143,6605139,6600699,6575913,6658526,6549289,6647564,6587901,6504724,6612275,6587764,6519021,6554859,6514402,6535401,6413694
635,0,1,15,6738401,6711533,6589065,6633539,6567541,6617578,6613638,6588603,6671115,6562778,6660197,6599957,6517414,6624814,6601320,6531868,6568187,6527161,6548409,6426708
636,31,1,15,6725681,6698954,6576556,6620914,6555294,6604257,6600342,6575724,6658681,6549501,6646849,6587137,6503972,6611680,6588638,6518389,6554923,6514162,6535439,6413587
637,0,1,15,6738714,6711830,6589165,6634017,6568243,6616778,6613044,6588125,6672320,6562516,6660454,6600389,6517082,6624756,6600694,6531797,6569258,6527177,6549035,6426927
638,31,1,15,6726207,6699103,6576247,6620704,6555180,6604058,6599473,6575068,6658739,6548691,6646478,6587207,6504655,6611394,6587212,6518289,6554690,6513679,6535208,6413939
639,0,1,15,6738631,6711047,6589339,6633034,6567877,6617072,6612609,6587614,6671666,6561841,6659582,6600984,6516770,6624125,6600226,6531180,6568404,6526788,6548262,6426462
640,31,1,15,6726568,6698738,6577560,6621025,6555724,6604971,6601563,6575762,6659013,6549797,6647622,6588768,6504707,6612032,6587671,6518173,6555447,6514270,6535581,6414071
641,0,1,15,6738923,6711138,6590061,6633646,6567968,6616925,6613226,6588512,6671279,6562509,6660418,6601080,6517099,6624304,6600247,6531189,6568522,6526911,6547827,6426608
642,31,1,15,6726310,6698384,6577150,6620667,6555190,6603928,6600051,6575137,6658376,6549353,6647265,6587844,6503926,6610795,6587180,6517824,6555135,6513829,6534488,6413815
643,0,1,15,6739658,6711485,6589986,6633037,6568183,6617457,6613607,6587890,6671514,6562384,6660574,6600899,6517178,6623762,6600468,6531658,6568416,6527292,6547896,6427013
644,31,1,15,6726579,6699135,6577390,6619981,6555129,6604166,6600381,6575189,6658521,6548967,6646978,6587634,6504957,6610701,6587354,6517807,6555200,6513780,6534174,6413310
645,0,1,15,6739311,6711928,6589620,6633291,6568166,6617681,6612634,6588085,6671727,6561910,6660503,6600586,6517670,6623495,6601392,6531262,6568412,6526979,6547044,6425652
646,31,1,15,6726241,6698763,6576780,6620588,6555017,6604756,6600089,6574667,6658430,6549107,6646874,6587365,6504245,6610580,6588267,6517879,6554751,6513558,6533309,6413247
647,0,1,15,6738556,6711415,6589059,6633626,6567161,6616936,6612998,6588002,6670639,6562506,6659985,6600732,6516906,6623743,6601043,6530159,6568215,6526494,6546401,6425185
648,31,1,15,6725642,6699344,6576676,6621193,6555461,6604659,6600622,6575224,6657931,6548971,6647535,6588558,6504769,6611365,6587263,6517893,6555470,6513804,6533742,6413018
649,0,1,15,6738334,6711923,6589150,6633249,6567354,6616642,6612998,6587807,6670657,6561960,6660459,6601088,6517115,6623290,6600580,6531111,6567931,6526457,6546586,6424957
650,31,1,15,6726119,6700071,6577156,6620897,6555957,6604833,6601004,6575671,6657850,6549334,6647631,6589034,6505038,6610653,6587180,6518602,6555497,6513462,6534621,6412566
651,0,1,15,6739239,6712954,6589726,6633946,6568582,6617724,6613809,6588371,6671081,6561823,6660445,6602077,6518073,6624612,6600922,6531410,6568847,6527147,6547589,6425470
652,31,1,15,6726225,6699702,6576732,6620872,6555513,6604379,6600399,6574726,6657391,6548304,6646754,6588375,6504489,6611134,6587254,6516842,6554198,6513559,6534215,6412486
653,0,1,15,6738988,6712051,6589150,6633379,6569047,6616886,6612541,6588258,6670598,6562359,6660641,6601503,6517933,6623794,6600853,6531244,6567923,6526828,6547502,6425325
654,31,1,15,6727273,6699735,6577561,6621685,6556366,6604784,6600330,6576204,6658569,6549695,6648413,6589215,6505605,6612360,6588412,6518389,6555598,6514604,6534860,6413639
655,0,1,15,6738296,6711982,6588683,6633561,6566700,6616528,6612289,6587689,6670529,6561483,6660484,6600637,6517401,6623043,6600315,6530778,6567631,6527027,6546964,6425080
656,31,1,15,6726647,6700190,6577263,6621334,6555638,6604748,6601429,6575817,6658877,6549576,6648591,6589090,6505673,6611817,6588332,6518281,6555437,6515198,6535132,6413966
657,0,1,15,6738417,6711876,6589512,6633347,6567596,6617228,6613079,6588092,6670934,6562497,6661269,6601620,6517266,6624425,6601157,6530679,6568377,6526689,6547640,6426533
658,31,1,15,6726254,6699648,6577303,6620270,6554775,6604734,6600359,6575018,6658366,6549812,6647695,6588751,6504998,6611264,6587160,6517987,6554979,6514260,6534414,6413371
659,0,1,15,6738377,6711565,6589621,6632749,6567115,6617224,6613367,6587441,6670870,6562375,6660620,6600934,6516977,6623603,6600599,6530521,6567691,6527071,6546871,6425634
660,31,1,15,6726511,6699522,6577879,6620990,6555947,6605227,6601325,6575222,6658514,6550164,6647886,6588794,6504860,6610805,6588278,6517428,6555613,6515022,6534568,6413555
661,0,1,15,6739459,6712199,6590290,6633753,6568521,6617892,6613216,6588131,6671629,6562408,6660757,6601541,6517550,6623847,6600944,6531118,6568775,6528024,6547802,6426365
662,31,1,15,6726140,6699253,6577283,6621076,6555121,6604282,6600362,6575174,6658386,6549637,6647289,6588000,6504084,6610877,6588036,6517235,6554921,6514557,6534250,6413000
663,0,1,15,6738316,6711104,6589139,6633134,6567197,6616737,6612371,6587585,6670905,6562082,6659410,6600907,6516340,6622494,6600455,6529619,6567476,6527471,6546651,6425369
664,31,1,15,6727524,6699991,6578119,6621844,6555980,6605799,6601244,6576621,6659152,6550417,6648443,6589597,6505987,6612413,6588549,6518596,6555681,6515407,6535179,6414514
665,0,1,15,6739231,6711622,6589800,6632638,6567112,6618017,6612990,6588820,6671078,6562672,6660409,6601450,6517595,6624251,6600921,6530908,6568235,6527985,6547010,6426754
666,31,1,15,6726244,6698935,6577011,6619337,6554976,6604144,6599988,6575553,6658184,6548993,6647198,6588411,6504560,6610950,6587962,6517618,6554214,6513479,6533569,6413288
667,0,1,15,6738700,6711839,6589221,6632435,6567593,6617609,6612712,6587992,6670619,6562137,6660092,6601019,6516441,6623913,6600115,6530873,6567572,6527398,6546634,6426231
668,31,1,15,6726621,6699471,6576451,6619486,6555104,6605100,6600306,6575439,6658537,6549156,6646259,6588149,6504503,6611016,6587408,6517499,6554689,6514245,6533891,6413203
669,0,1,15,6739623,6712675,6590047,6633367,6567779,6618063,6614317,6588690,6672293,6562773,6660801,6601600,6517898,6624023,6601747,6531646,6569623,6528009,6547794,6425781
670,31,1,15,6725564,6698886,6576092,6618892,6554632,6604042,6600457,6574740,6658128,6549638,6647226,6587907,6503915,6611226,6587552,6516985,6554715,6513998,6533582,6412088
671,0,1,15,6738414,6711662,6588250,6632646,6568057,6617229,6613450,6587753,6671408,6562309,6660423,6601633,6516707,6624439,6600966,6531168,6568574,6527278,6547058,6425124
672,31,1,15,6725881,6697929,6575566,6619899,6555456,6604517,6600842,6575503,6658399,6549094,6646319,6588589,6503612,6611419,6587645,6517178,6554888,6513989,6533946,6412456
673,0,1,15,6737934,6711256,6588549,6632742,6568133,6617002,6612960,6588677,6670385,6562387,6659167,6601293,6516300,6623999,6599942,6530613,6568084,6526715,6547370,6425557
674,31,1,15,6726723,6699975,6577352,6620899,6556877,6605080,6601771,6576536,6659109,6550445,6648117,6589158,6504951,6613202,6588378,6518404,6555189,6514731,6535446,6414412
675,0,1,15,6738207,6710713,6588326,6631896,6567504,6616546,6612925,6588087,6670301,6561560,6659653,6600474,6516616,6625107,6599798,6529931,6567610,6526456,6547174,6425991
676,31,1,15,6726196,6699010,6576415,6620288,6555691,6604817,6600746,6575562,6658213,6549549,6646855,6588704,6504185,6612038,6587142,6517172,6555290,6513783,6534421,6413986
677,0,1,15,6739667,6712154,6589114,6633154,6568728,6617521,6613396,6588328,6671518,6562337,6661024,6601765,6517606,6624973,6600903,6530647,6569265,6526725,6547490,6426489
678,31,1,15,6727145,6699575,6577538,6621700,6556967,6605122,6601769,6576036,6658269,6549804,6648131,6589249,6504816,6612014,6587792,6518077,6556283,6514471,6534765,6414058
679,0,1,15,6738880,6712188,6589364,6634188,6568618,6617366,6613866,6588470,6671273,6561963,6661285,6601982,6517275,6625292,6601047,6531094,6568854,6526847,6547457,6426700
680,31,1,15,6726506,6699551,6577132,6621330,6556415,6605227,6601609,6576030,6658959,6549138,6647709,6589371,6505249,6612084,6588933,6518032,6555011,6514771,6533930,6413864
681,0,1,15,6739003,6711919,6589677,6633533,6568592,6617239,6613747,6588425,6671693,6562364,6661044,6602223,6517263,6623887,6601581,6530769,6567894,6527172,6547189,6426546
682,31,1,15,6726056,6698910,6576339,6620948,6556233,6604502,6601402,6576012,6658622,6550248,6647488,6589455,6504454,6611670,6587865,6516924,6555070,6514230,6534315,6413206
683,0,1,15,6739282,6711408,6588546,6633669,6568534,6616723,6614029,6588890,6670404,6563320,6660765,6602549,6517584,6624309,6601127,6530706,6568413,6527400,6547651,6426349
684,31,1,15,6726893,6698941,6576662,6621469,6556235,6604476,6601309,6576160,6658287,6550811,6647615,6590156,6505424,6612055,6588441,6518551,6555641,6514342,6534745,6414172
685,0,1,15,6738774,6710746,6588713,6633392,6567939,6616648,6614219,6588602,6671670,6563170,6660778,6602378,6517295,6625448,6601427,6530912,6567771,6526872,6547733,6426388
686,31,1,15,6726399,6699055,6576484,6621666,6556438,6604183,6602022,6576603,6658797,6550320,6647914,6590278,6505123,6612880,6589180,6517876,6555242,6514874,6534788,6414538
687,0,1,15,6738381,6710193,6588361,6632971,6567749,6616574,6613253,6587268,6670961,6562791,6659627,6601940,6516365,6624581,6600798,6529857,6568068,6527004,6546461,6425798
688,31,1,15,6727090,6699248,6577542,6621330,6556730,6605378,6602511,6576286,6660091,6551902,6648202,6590039,6505241,6612679,6589404,6518589,6556084,6514715,6535078,6414624
689,0,1,15,6740045,6711884,6590158,6633773,6569151,6618381,6615245,6589004,6672696,6564790,6661407,6602902,6518052,6624975,6602254,6532221,6569522,6528372,6548540,6427099
690,31,1,15,6726108,6697873,6576370,6619757,6555712,6604725,6601308,6575550,6658574,6551068,6647109,6589536,6504439,6610558,6588517,6518032,6555565,6514283,6534163,6413401
691,0,1,15,6738184,6710802,6588855,6632031,6567847,6617279,6613201,6587973,6671018,6563732,6660271,6602594,6516835,6623905,6601237,6531331,6568272,6527526,6547987,6425920
692,31,1,15,6726298,6699216,6576856,6619926,6555665,6605289,6601481,6576341,6658166,6551228,6648040,6590380,6504579,6612037,6588799,6519062,6555395,6514594,6535030,6413561
693,0,1,15,6738521,6711820,6589691,6632705,6568341,6618679,6614368,6588967,6672590,6564926,6661237,6603213,6518491,6625136,6602684,6532282,6569295,6528465,6548977,6426806
694,31,1,15,6726275,6699066,6576776,6619476,6556434,6605413,6601026,6575554,6659330,6551259,6648005,6589785,6504890,6611357,6589760,6518317,6555391,6514536,6535323,6413409
695,0,1,15,6739250,6711968,6589435,6631883,6569022,6617888,6613511,6588573,6672125,6563901,6660963,6602490,6517408,6624715,6602024,6531050,6569081,6527392,6549200,6426252
696,31,1,15,6725955,6699357,6577192,6620228,6556484,6605034,6600480,6575913,6658896,6550816,6647355,6589200,6504115,6611258,6588412,6517623,6555032,6513959,6535307,6412713
697,0,1,15,6740156,6712675,6589548,6633373,6568967,6618124,6614644,6589679,6672372,6564952,6661934,6602946,6517397,6625452,6602211,6532209,6567901,6526861,6548944,6426330
698,31,1,15,6727404,6700182,6577066,6620816,6556131,6604515,6601359,6576432,6659113,6551339,6648284,6589809,6505049,6611391,6589007,6518894,6555012,6514272,6535831,6413419
699,0,1,15,6738904,6711785,6588741,6632785,6568242,6616537,6613328,6587457,6671177,6563719,6660154,6601297,6516401,6623871,6601752,6531393,6568337,6526809,6548246,6425681
700,31,1,15,6726903,6698871,6576766,6621157,6556916,6605280,6601630,6576580,6659292,6551816,6648685,6589374,6504853,6612457,6589742,6519407,6556222,6514848,6536184,6414263
701,0,1,15,6739195,6711515,6589359,6632816,6569023,6617215,6613925,6588689,6672059,6564184,6661309,6601912,6517200,6623922,6602699,6532511,6568898,6527673,6548922,6426728
702,31,1,15,6726766,6699610,6577693,6620482,6556548,6605581,6601501,6576033,6660006,6550649,6648359,6589288,6504746,6611461,6589348,6519196,6555775,6514989,6536642,6413765
703,0,1,15,6739664,6711627,6589501,6632642,6568243,6617487,6614159,6588187,6672882,6564115,6661039,6601850,6516908,6623232,6602464,6531892,6569111,6527433,6549142,6426478
704,31,1,15,6726381,6698348,6576494,6620233,6555589,6603595,6600404,6575179,6659180,6551003,6647918,6588407,6503967,6610862,6588451,6518740,6555931,6513827,6535854,6413067
705,0,1,15,6738023,6710816,6587418,6631784,6567546,6615665,6612441,6587840,6671300,6562910,6660255,6600839,6515429,6622961,6600258,6531556,6568821,6526731,6548468,6424932
706,31,1,15,6726293,6699137,6576304,6619832,6556252,6604006,6600727,6575649,6659127,6551506,6647492,6588657,6503587,6611602,6589077,6519136,6556481,6514712,6535815,6413310
707,0,1,15,6738949,6711817,6589408,6632033,6568009,6616042,6613730,6588672,6671548,6564368,6660434,6601039,6516614,6624339,6602301,6532313,6569406,6527847,6548656,6425924
708,31,1,15,6725191,6699046,6575955,6618266,6555293,6602610,6599764,6574610,6657854,6550197,6646473,6586832,6503047,6610211,6587538,6517653,6554832,6513125,6534437,6412521
709,0,1,15,6738540,6711635,6588823,6631946,6568626,6616047,6613331,6587623,6671171,6563517,6660747,6601583,6516982,6624620,6600939,6531664,6568656,6526426,6548064,6426722
710,31,1,15,6725923,6699937,6576865,6619722,6556214,6604517,6600996,6575304,6659118,6550357,6648742,6589082,6504436,6611656,6588751,6518535,6555644,6513690,6535172,6414097
711,0,1,15,6738424,6711531,6588120,6630468,6567826,6615432,6612477,6587094,6670510,6562554,6660421,6601011,6515561,6623246,6601163,6530849,6567414,6525816,6547230,6425501
712,31,1,15,6726172,6699251,6575885,6618792,6555228,6603473,6600317,6574849,6657761,6549847,6647135,6588702,6503620,6610837,6587506,6518355,6555266,6513061,6534947,6412666
713,0,1,15,6738463,6711263,6588794,6632630,6567263,6616749,6612653,6588040,6671387,6562542,6660731,6601454,6516463,6624757,6600841,6531630,6568946,6526264,6548052,6425785
714,31,1,15,6726475,6699709,6576958,6620700,6554646,6604525,6600480,6575550,6658928,6550465,6648909,6589211,6504373,6612218,6588273,6518999,6555204,6514374,6534901,6413471
715,0,1,15,6738452,6711800,6588704,6632667,6566265,6616239,6612284,6587344,6671198,6562295,6660665,6601514,6516089,6623925,6600856,6531593,6567354,6526902,6547299,6425252
716,31,1,15,6724962,6698471,6575508,6619471,6553819,6603224,6599455,6574840,6657379,6548671,6646978,6588227,6503165,6610246,6587685,6517960,6554111,6513200,6534322,6412311
717,0,1,15,6738000,6711372,6588331,6632223,6566558,6616780,6612178,6587633,6670750,6561887,6661209,6601556,6516532,6623805,6601184,6530810,6567792,6525549,6548348,6425477
718,31,1,15,6725620,6698707,6576076,6619934,6554301,6603684,6599409,6575299,6657553,6549580,6648296,6589001,6502944,6611503,6587641,6517959,6554529,6513302,6535373,6413123
719,0,1,15,6738638,6711139,6589116,6632998,6566762,6616767,6613059,6587982,6670849,6563379,6661515,6601505,6515934,6624626,6600655,6531542,6568087,6526343,6549176,6426268
720,31,1,15,6725579,6698681,6576438,6619931,6554717,6603613,6599731,6574838,6657688,6550291,6648036,6588861,6503220,6610384,6588651,6518247,6554772,6513139,6535058,6412362
721,0,1,15,6738702,6712347,6590301,6633399,6568519,6617155,6613614,6587994,6671634,6563186,6661427,6602764,6516927,6624543,6601927,6532170,6569536,6527495,6549327,6426371
722,31,1,15,6725606,6699158,6576631,6620421,6555832,6605019,6600536,6575340,6658428,6549974,6647853,6589154,6503383,6611929,6588557,6518414,6556051,6513380,6536428,6413303
723,0,1,15,6738406,6710450,6588794,6631800,6566865,6616530,6612247,6587125,6670971,6562994,6659909,6601953,6516052,6624110,6600710,6530773,6569248,6525458,6548121,6425549
724,31,1,15,6726674,6699850,6577372,6621069,6555592,6605046,6600911,6575556,6658866,6550669,6649133,6589772,6504877,6612565,6588751,6518646,6556634,6514409,6536618,6414193
725,0,1,15,6738335,6710713,6588618,6632092,6567222,6616754,6613200,6586701,6670123,6561509,6660094,6601351,6516107,6623694,6600999,6530924,6567657,6526503,6547570,6425557
726,31,1,15,6725979,6698995,6576612,6620180,6555499,6604445,6600806,6574347,6658149,6549697,6648211,6589322,6504342,6611387,6588141,6518596,6555347,6513839,6535572,6413288
727,0,1,15,6738844,6711989,6589991,6633699,6568850,6617636,6613540,6587533,6671477,6563467,6661340,6602775,6517894,6624855,6601884,6532012,6569197,6527544,6549942,6426320
728,31,1,15,6726409,6698894,6577220,6620053,6555389,6604680,6600953,6574550,6658457,6550235,6648263,6589680,6504330,6612115,6588742,6518857,6555461,6514232,6535854,6412942
729,0,1,15,6738666,6711590,6588739,6633148,6567854,6617011,6613867,6587248,6671118,6562513,6660765,6602281,6516378,6625315,6601425,6531733,6568189,6527256,6549106,6426090
730,31,1,15,6725911,6700040,6577224,6620226,6555916,6604499,6601377,6575302,6659224,6550237,6648044,6589953,6504672,6612529,6588356,6518862,6555759,6514190,6535437,6413615
731,0,1,15,6738989,6712110,6589883,6633043,6568423,6617677,6614247,6588332,6672091,6563461,6661021,6602808,6518247,6625883,6601104,6532305,6569917,6527044,6549157,6427096
732,31,1,15,6725694,6699467,6577670,6620410,6555795,6604778,6601221,6575327,6659122,6550206,6648872,6589672,6505128,6612746,6587578,6519163,6557055,6514234,6536671,6414464
733,0,1,15,6737638,6711713,6589274,6632925,6567589,6616304,6613785,6587421,6671487,6562180,6661405,6602036,6517390,6624713,6600174,6532043,6569605,6526708,6549099,6425675
734,31,1,15,6726319,6699228,6577330,6620797,6555653,6604603,6601657,6575544,6659032,6550144,6648215,6589456,6505587,6612338,6587917,6519133,6556927,6514426,6536280,6413066
735,0,1,15,6738150,6711663,6589061,6632483,6567350,6616382,6614235,6587818,6670922,6562978,6660806,6601759,6517571,6624702,6600340,6531639,6570063,6525947,6548316,6425012
736,31,1,15,6726161,6699050,6577047,6620488,6555434,6603516,6601670,6575130,6658667,6549677,6647928,6589322,6504805,6612036,6588475,6519014,6556716,6513823,6535505,6412627
737,0,1,15,6739289,6712122,6589139,6633350,6568017,6616452,6613770,6588477,6671924,6563523,6661112,6602364,6517517,6624710,6601737,6532005,6569976,6527274,6548515,6425895
738,31,1,15,6726654,6699777,6576997,6619774,6555803,6603377,6601350,6575096,6658519,6550163,6647747,6589472,6504886,6611888,6587681,6518002,6556093,6513715,6534694,6412339
739,0,1,15,6739544,6711776,6589374,6632523,6568275,6616090,6614138,6588261,6671943,6562695,6661310,6602392,6517548,6625110,6600922,6532174,6569342,6526106,6548180,6426193
740,31,1,15,6726748,6699787,6577300,6621449,6556141,6604538,6601818,6575514,6659388,6550494,6648181,6590136,6505646,6612694,6587326,6518606,6556424,6513939,6535240,6414222
741,0,1,15,6739436,6712044,6589801,6633718,6569110,6617140,6614372,6588544,6672532,6562929,6661039,6602410,6518489,6625271,6601021,6531060,6570454,6526850,6547261,6426645
742,31,1,15,6727371,6700218,6577780,6622058,6556387,6604339,6602502,6576409,6659793,6550091,6648339,6590020,6505234,6611935,6588415,6518750,6557669,6514094,6534948,6414473
743,0,1,15,6739378,6712763,6590134,6634049,6568785,6616923,6614536,6588841,6672351,6563115,6661213,6602912,6517625,6624339,6601598,6532045,6569520,6527327,6548179,6426729
744,31,1,15,6726873,6700547,6577548,6622065,6557050,6604791,6603020,6576239,6660057,6550376,6648689,6590405,6505497,6613010,6588548,6519274,6556548,6514651,6536086,6414200
745,0,1,15,6739133,6711980,6589870,6634050,6568475,6617372,6614119,6588591,6672010,6562909,6661527,6602726,6517948,6625615,6600812,6531995,6569845,6527207,6548322,6426374
746,31,1,15,6726951,6698991,6578175,6621079,6555882,6604616,6600968,6575547,6659506,6550134,6648113,6590435,6505130,6613185,6588953,6518968,6556560,6514031,6535364,6413401
747,0,1,15,6739321,6711665,6590772,6633369,6567735,6616607,6613312,6588006,6672216,6562600,6660814,6602884,6517301,6624859,6600146,6531362,6568877,6527124,6548414,6426029
748,31,1,15,6728609,6700446,6579119,6622558,6556155,6605612,6602349,6576871,6661123,6551660,6649675,6591508,6506097,6612979,6589346,6519759,6557130,6515172,6536754,6414428
749,0,1,15,6739523,6712199,6590876,6632932,6567963,6617890,6613654,6588714,6672725,6562854,6661543,6603657,6517130,6625543,6601369,6532175,6569929,6527660,6548296,6425894
750,31,1,15,6727667,6700170,6578628,6619985,6555799,6605079,6601898,6576667,6659989,6550656,6648679,6590514,6504963,6612405,6588284,6519166,6556603,6514736,6535089,6413354
751,0,1,15,6739952,6712571,6590592,6632717,6567592,6617816,6613735,6588916,6672034,6562544,6661588,6603261,6517425,6625024,6600972,6532262,6569870,6527666,6547964,6426453
752,31,1,15,6727611,6699485,6578281,6620575,6555646,6605299,6601055,6576565,6659815,6549763,6648215,6590546,6505065,6612177,6588997,6519590,6556915,6514537,6535186,6413802
753,0,1,15,6740007,6712524,6590501,6632964,6567837,6617839,6613585,6588880,6672837,6562693,6660696,6603125,6517467,6625527,6600796,6532779,6569539,6527186,6547750,6426276
754,31,1,15,6726697,6700234,6577682,6620360,6555345,6605328,6600553,6576122,6659741,6549867,6647863,6590288,6504946,6612043,6587320,6519399,6555754,6514215,6534764,6413955
755,0,1,15,6739757,6712526,6590234,6633063,6568022,6617229,6612864,6588969,6672028,6562466,6661434,6602911,6517685,6624809,6599817,6532720,6569454,6527147,6547616,6426615
756,31,1,15,6727376,6699251,6578292,6620405,6555598,6604595,6601082,6575926,6658909,6550120,6648126,6589597,6504894,6612388,6587060,6519447,6556776,6514074,6534269,6413935
757,0,1,15,6738463,6710665,6589965,6632490,6567072,6616153,6613189,6588478,6671045,6562212,6660348,6601508,6517140,6624624,6599560,6531459,6569338,6526447,6547086,6425631
758,31,1,15,6727346,6699870,6578386,6621705,6555939,6604946,6601590,6576832,6659278,6550137,6648454,6590966,6505750,6612338,6587743,6519295,6556374,6514851,6535480,6414324
759,0,1,15,6739964,6711866,6590556,6633689,6568868,6617013,6613232,6588712,6671862,6562386,6661090,6603131,6517693,6623703,6600132,6532075,6568881,6527352,6548361,6426686
760,31,1,15,6727795,6699718,6578632,6621663,6556850,6604445,6601734,6576574,6659309,6549685,6648305,6590506,6505608,6611622,6587682,6519215,6556407,6514256,6535463,6414463
761,0,1,15,6740794,6711959,6590367,6633655,6568547,6617231,6614496,6588693,6672129,6562012,6661146,6602667,6518182,6624507,6601102,6532056,6569551,6527306,6547625,6426465
762,31,1,15,6728007,6700023,6578228,6621910,6557204,6605601,6602117,6576677,6659858,6549349,6648649,6590402,6505891,6613340,6588989,6519154,6556675,6515217,6534563,6414040
763,0,1,15,6740826,6713235,6591332,6633840,6569931,6618471,6614246,6589222,6672776,6562589,6662609,6603702,6518297,6625778,6603220,6532955,6570195,6528272,6548099,6427123
764,31,1,15,6728608,6700539,6578688,6621907,6557983,6605915,6602414,6576558,6660710,6550330,6649229,6590669,6506065,6613528,6589775,6519589,6557678,6515208,6535404,6415344
765,0,1,15,6741178,6712439,6590684,6634017,6569682,6618125,6614913,6589462,6672900,6562764,6662032,6603538,6518607,6625844,6602893,6532381,6569688,6528587,6547654,6427447
766,31,1,15,6728158,6699322,6578229,6620809,6556652,6605436,6601823,6576632,6660088,6549427,6648551,6590657,6506344,6612455,6588739,6519329,6556687,6515675,6534449,6414534
767,0,1,15,6740207,6711338,6589397,6633465,6568643,6617713,6613949,6588505,6672435,6561876,6661007,6603149,6518269,6625281,6601794,6532515,6569277,6527467,6547785,6426714
768,31,1,15,6727967,6698585,6577113,6620475,6555950,6604901,6601639,6575267,6659511,6549114,6647715,6590071,6505480,6612677,6588788,6519043,6556423,6515362,6535308,6413387
769,0,1,15,6740724,6711748,6589685,6634002,6569099,6617165,6613756,6588543,6671892,6562214,6661308,6603030,6518991,6625519,6601710,6532245,6570175,6528284,6548050,6426471
770,31,1,15,6727890,6699082,6577512,6621396,6557406,6604696,6601487,6575491,6659063,6549254,6648141,6590109,6505659,6612459,6587703,6518379,6557131,6515198,6535093,6413818
771,0,1,15,6739950,6711235,6589465,6633283,6568693,6616925,6612240,6587307,6671375,6560889,6661010,6601702,6517221,6623820,6601125,6531072,6569442,6527656,6547027,6425823
772,31,1,15,6727744,6699424,6577074,6620475,6556753,6604312,6600043,6574872,6658591,6548515,6647668,6589306,6504762,6610760,6588363,6518621,6556213,6514767,6534789,6413000
773,0,1,15,6740458,6712435,6589839,6632465,6569003,6616601,6612237,6587750,6670926,6562129,6660445,6602524,6517674,6624076,6600527,6531425,6568749,6527248,6547437,6425938
774,31,1,15,6727521,6699052,6576932,6619177,6555983,6603543,6600109,6574861,6658281,6548665,6646935,6589437,6504249,6610397,6587271,6518423,6555064,6514118,6535194,6412546
775,0,1,15,6740143,6711943,6589462,6632110,6568808,6617144,6613378,6587640,6671395,6562186,6660016,6602765,6517721,6623491,6600164,6532281,6569175,6527624,6547905,6426103
776,31,1,15,6727274,6699617,6577417,6620845,6556846,6604870,6601296,6576375,6658976,6549454,6648599,6590478,6505632,6611663,6588624,6519444,6557398,6515322,6535724,6413796
777,0,1,15,6739970,6711872,6589761,6633540,6568438,6617774,6613070,6588428,6671155,6562171,6661234,6603164,6517960,6624235,6601452,6532229,6570224,6527901,6548289,6426025
778,31,1,15,6727495,6699572,6577557,6621588,6556368,6605411,6601589,6576363,6658696,6549637,6648953,6590704,6505594,6612182,6589480,6518905,6556253,6515200,6535896,6413403
779,0,1,15,6740105,6711642,6590676,6633748,6568793,6618387,6613448,6589618,6671797,6562907,6662187,6603516,6518677,6625052,6601620,6532350,6570019,6527823,6549235,6426410
780,31,1,15,6727822,6699706,6578557,6619841,6556123,6605249,6600713,6576267,6659023,6549430,6649046,6590451,6506009,6611523,6589299,6519163,6556355,6514923,6536186,6413792
781,0,1,15,6739152,6712069,6589804,6632357,6568516,6616639,6612489,6588238,6671104,6561460,6661363,6602604,6517295,6623893,6601017,6531666,6568445,6526775,6548566,6426132
782,31,1,15,6726890,6700255,6577965,6620397,6557099,6604729,6601171,6576011,6659324,6548731,6648557,6590628,6505793,6612573,6588917,6519185,6556026,6514824,6535633,6414625
783,0,1,15,6739622,6712997,6591156,6632865,6570281,6618044,6614677,6589169,6672851,6562353,6662455,6603944,6518615,6625906,6602242,6532990,6570041,6528023,6549133,6427246
784,31,1,15,6726272,6699570,6577951,6620523,6557530,6604858,6602053,6575464,6658786,6548790,6648084,6589718,6505450,6612103,6588716,6519075,6556163,6514679,6535270,6414016
785,0,1,15,6738940,6712084,6590102,6633127,6570055,6617333,6614476,6588583,6671197,6561643,6661294,6603503,6518027,6624656,6601573,6532401,6569513,6527725,6548590,6426976
786,31,1,15,6726638,6700017,6578445,6620970,6557898,6604961,6600916,6576621,6658699,6549330,6648877,6591112,6505892,6612987,6588894,6519736,6556429,6514876,6536279,6414711
787,0,1,15,6739335,6712595,6590905,6633963,6570587,6617785,6614232,6589417,6671552,6562487,6662382,6603961,6518602,6625847,6601904,6532551,6569495,6528205,6549217,6427577
788,31,1,15,6727531,6700260,6579209,6622116,6558030,6605443,6602658,6576806,6658632,6549782,6649802,6591143,6506270,6613509,6588754,6520121,6556715,6515308,6536713,6415123
789,0,1,15,6739464,6712088,6590777,6634225,6569999,6618171,6615093,6588793,6671144,6561922,6662994,6603162,6518919,6625719,6601203,6532928,6569869,6527562,6549679,6427406
790,31,1,15,6727826,6700026,6578877,6622163,6557202,6605813,6602845,6576074,6658718,6550138,6650060,6590649,6505881,6613080,6588558,6520202,6556538,6514585,6536474,6414392
791,0,1,15,6739269,6711951,6590696,6634209,6568905,6617529,6615242,6588848,6671050,6562480,6662328,6602762,6518247,6625709,6601630,6532780,6569821,6527565,6548594,6426274
792,31,1,15,6727563,6699125,6578619,6621918,6556317,6604925,6601999,6576091,6658336,6549504,6648783,6589323,6505641,6612770,6588558,6519318,6556534,6514231,6534940,6413764
793,0,1,15,6740029,6710960,6590371,6634573,6568744,6617544,6614469,6588331,6670845,6562444,6661686,6601858,6518335,6624313,6600950,6532447,6569084,6527288,6548516,6426216
794,31,1,15,6727723,6699014,6577989,6621998,6556557,6604510,6601127,6575786,6658167,6550002,6648678,6589890,6505255,6611577,6588642,6519386,6556119,6514101,6536120,6413783
795,0,1,15,6739936,6712319,6590902,6634785,6569044,6616847,6614360,6588842,6671590,6563407,6661588,6603006,6518471,6625117,6601983,6533006,6569431,6527836,6548899,6426804
796,31,1,15,6727498,6700447,6579188,6622640,6556976,6605124,6602350,6576961,6658739,6550445,6648670,6590624,6506284,6613145,6588792,6520271,6556029,6515294,6535930,6413870
797,0,1,15,6739002,6712434,6590787,6634260,6569485,6617238,6614543,6588634,6671259,6562322,6661490,6603188,6517606,6624844,6600945,6532868,6568746,6527242,6548561,6426059
798,31,1,15,6726942,6700475,6578323,6621648,6557900,6604959,6602227,6576162,6658487,6550663,6648257,6590248,6505806,6612492,6588594,6519628,6555444,6514501,6535767,6413512
799,0,1,15,6740752,6713952,6591811,6634970,6570702,6618437,6615625,6589807,6672813,6563903,6662045,6603641,6519679,6626587,6602989,6533308,6570172,6528306,6549827,6427665
800,31,1,15,6727146,6700381,6578744,6621298,6556388,6604778,6602076,6575729,6659166,6549911,6647371,6589204,6505632,6612631,6589005,6518855,6555973,6513988,6535965,6413981
801,0,1,15,6739669,6711831,6590273,6635268,6568514,6617300,6614638,6587869,6671776,6562457,6660025,6602178,6518163,6625433,6601747,6531838,6569402,6526957,6548703,6426701
802,31,1,15,6727003,6699414,6577308,6622033,6556248,6603893,6601319,6575809,6658446,6549163,6646621,6589258,6505113,6612566,6588518,6517858,6555487,6513428,6535634,6413256
803,0,1,15,6739964,6713178,6590507,6634816,6569726,6617185,6614271,6588225,6672030,6562258,6661200,6603146,6518518,6625390,6601621,6532142,6569591,6526924,6549353,6426917
804,31,1,15,6727821,6700795,6577956,6622620,6557118,6605369,6601675,6576301,6658857,6550321,6648455,6590470,6505676,6612061,6588861,6519616,6557261,6514799,6536327,6413140
805,0,1,15,6739432,6712891,6589839,6634875,6569412,6617755,6614856,6588830,6671972,6563245,6661163,6602759,6519307,6624810,6601581,6531606,6569855,6527280,6549143,6426549
806,31,1,15,6727272,6700597,6577948,6622460,6557169,6605269,6602082,6576386,6660052,6550638,6648964,6590463,6506625,6612543,6588478,6519070,6556507,6515171,6535638,6414011
807,0,1,15,6739955,6712879,6590841,6635691,6570217,6618195,6614939,6588459,6672574,6563613,6661932,6603610,6519353,6624852,6601375,6532770,6570582,6527553,6549040,6426663
808,31,1,15,6727042,6701018,6578528,6622312,6556951,6604870,6602106,6576355,6659812,6549799,6648504,6590564,6506065,6612794,6588356,6519499,6556643,6514447,6535078,6414203
809,0,1,15,6738852,6712727,6589732,6634052,6568359,6616693,6613886,6588658,6671532,6561802,6660778,6602884,6518082,6624734,6601143,6532739,6568647,6527157,6548086,6426553
810,31,1,15,6727268,6700540,6578203,6621584,6556680,6604871,6601835,6575753,6659519,6549273,6648972,6590293,6505882,6611847,6588443,6520003,6556367,6514967,6534886,6414752
811,0,1,15,6739662,6712639,6590101,6633950,6568670,6617490,6614226,6587583,6671394,6561900,6661855,6602488,6518219,6624984,6601417,6532665,6568862,6527250,6548037,6426576
812,31,1,15,6727669,6700934,6578325,6622294,6556437,6605594,6602493,6576019,6659462,6549657,6649201,6590744,6506122,6613297,6589370,6519576,6556773,6515162,6535917,6414423
813,0,1,15,6738908,6712065,6589625,6633230,6567471,6616892,6614480,6587619,6671545,6562067,6660948,6603172,6517432,6623998,6602040,6531861,6568911,6527410,6548156,6425408
814,31,1,15,6727650,6700404,6578114,6622240,6556497,6605372,6602767,6576110,6659574,6549702,6649829,6591239,6506029,6611560,6589789,6520249,6557132,6515110,6536282,6413996
815,0,1,15,6739433,6712025,6590265,6633635,6567909,6616631,6614269,6587826,6671301,6561585,6661671,6602546,6516864,6623467,6601080,6532100,6569248,6526980,6547787,6425665
816,31,1,15,6727299,6700631,6578743,6621707,6556324,6605410,6601761,6576294,6659379,6549592,6649760,6590764,6505921,6612393,6589539,6520116,6557368,6515072,6534846,6413983
817,0,1,15,6739529,6712155,6590011,6633493,6568299,6617261,6613817,6588349,6670913,6562152,6662039,6602718,6517138,6624918,6601510,6532227,6569349,6527044,6547295,6425849
818,31,1,15,6727351,6699600,6578654,6620685,6556388,6605190,6602149,6576243,6658897,6549006,6649258,6590238,6504890,6611949,6589803,6519184,6556589,6514561,6534781,6413899
819,0,1,15,6739708,6711349,6589770,6632774,6568425,6617829,6614343,6588297,6671780,6561849,6662006,6603200,6516971,6624992,6601785,6532577,6569059,6527550,6547206,6426437
820,31,1,15,6727521,6698841,6577959,6620433,6556415,6605707,6601600,6576074,6659851,6549670,6649042,6590616,6504643,6613530,6589495,6520286,6556415,6515079,6535777,6414093
821,0,1,15,6738804,6711688,6590720,6633162,6568329,6618288,6613379,6588076,6673184,6562475,6661821,6603146,6517548,6626041,6601738,6533053,6569436,6527674,6548805,6427173
822,31,1,15,6727484,6700508,6578456,6621864,6556563,6606361,6601740,6576310,6660606,6550738,6649399,6591235,6505834,6613650,6589711,6520157,6557254,6515766,6536993,6415085
823,0,1,15,6739830,6712564,6589918,6633821,6568492,6618314,6615186,6588478,6672391,6563059,6661805,6603052,6518371,6626004,6602841,6532656,6569858,6528217,6549141,6427071
824,31,1,15,6727833,6700521,6578301,6621894,6556325,6606107,6602801,6576701,6659804,6550867,6649097,6591096,6506594,6614009,6590871,6519942,6556548,6515572,6536565,6415141
825,0,1,15,6739639,6713059,6590893,6633901,6568489,6617956,6614799,6588715,6672095,6563446,6662009,6603225,6518616,6626117,6602350,6533300,6569972,6527902,6549142,6427028
826,31,1,15,6727303,6700130,6577705,6620243,6555761,6604964,6601652,6575029,6658876,6549021,6647709,6589152,6505035,6612695,6588278,6520055,6555904,6514421,6535169,6413172
827,0,1,15,6740226,6712619,6590143,6633291,6569291,6617686,6615444,6587903,6671589,6562239,6661341,6602001,6517293,6625929,6601726,6532909,6569253,6527315,6547314,6425825
828,31,1,15,6728196,6700191,6578004,6621229,6557282,6605706,6603373,6576540,6659562,6549849,6648639,6590170,6505742,6613888,6588997,6520001,6557714,6514573,6535265,6413905
829,0,1,15,6740058,6713796,6590568,6633678,6569028,6618293,6615837,6588099,6672137,6562727,6661406,6602929,6518916,6626874,6601773,6532918,6570958,6528378,6548265,6426462
830,31,1,15,6727080,6699898,6578063,6620658,6556600,6605020,6602638,6575024,6658487,6550042,6647582,6589669,6505369,6613516,6589257,6519321,6556620,6514347,6534540,6413343
831,0,1,15,6739019,6712203,6589536,6633123,6568276,6617569,6614824,6587830,6671136,6562661,6660559,6602358,6517591,6625486,6600964,6531852,6568951,6527151,6547836,6426448
832,31,1,15,6727439,6700378,6577930,6620360,6556662,6605643,6602216,6575632,6659449,6550163,6648184,6589955,6505597,6613076,6588464,6519836,6556951,6515068,6535294,6415021
833,0,1,15,6739820,6712953,6589336,6632711,6569176,6617696,6614438,6588328,6671719,6562431,6660678,6602766,6517831,6625044,6601518,6532387,6569270,6527870,6548008,6427061
834,31,1,15,6727270,6700903,6578108,6620591,6556933,6605417,6601760,6576337,6659369,6550497,6648147,6590290,6505055,6611710,6589929,6519632,6556486,6515110,6535313,6414693
835,0,1,15,6739448,6712653,6590176,6632290,6568115,6617081,6613457,6588523,6671443,6562570,6660999,6602772,6517110,6625474,6601927,6532435,6569405,6527822,6547832,6426577
836,31,1,15,6726825,6699828,6578282,6619836,6555725,6604638,6601812,6575444,6658214,6549630,6647899,6589961,6504480,6612304,6589401,6519334,6555933,6514487,6535016,6414137
837,0,1,15,6739159,6711805,6590760,6632416,6568159,6617216,6613622,6588182,6671226,6561978,6660774,6602314,6516582,6624743,6602166,6532044,6568377,6527125,6547696,6426908
838,31,1,15,6727425,6699884,6578591,6620217,6556493,6604501,6601649,6575830,6658697,6550074,6647495,6589582,6505137,6613104,6589070,6518969,6555594,6514809,6535369,6413933
839,0,1,15,6739905,6712422,6590703,6632547,6569326,6617592,6613075,6588029,6671086,6562315,6660208,6602692,6517064,6625496,6601561,6532614,6568564,6527863,6547781,6426976
840,31,1,15,6726103,6699964,6577471,6620519,6556440,6604498,6600647,6575349,6657404,6549021,6647425,6589883,6504796,6612265,6587805,6519097,6554952,6514190,6534163,6413448
841,0,1,15,6738317,6711858,6589725,6632683,6568993,6617063,6613475,6587385,6669964,6562110,6660149,6602007,6517210,6624396,6600634,6532412,6568092,6526839,6547214,6425718
842,31,1,15,6726107,6699483,6578821,6620398,6556103,6604496,6600923,6575110,6657778,6548906,6647707,6589106,6505424,6611449,6587553,6519732,6555252,6514648,6534616,6414099
843,0,1,15,6738363,6711683,6590489,6633614,6568415,6616547,6613382,6588018,6670426,6562412,6660842,6602112,6517726,6624743,6601588,6532950,6568803,6527412,6547739,6426333
844,31,1,15,6727322,6699834,6578733,6621428,6556906,6605369,6601938,6575673,6658945,6550161,6648849,6589927,6505923,6612900,6588868,6520450,6556046,6515648,6535291,6414346
845,0,1,15,6739721,6712225,6590782,6633521,6569316,6617868,6614067,6588387,6671720,6562097,6662108,6602755,6518074,6625231,6602198,6533136,6569484,6527730,6548326,6427041
846,31,1,15,6726724,6699688,6578325,6620241,6556715,6605029,6601116,6575699,6658803,6549799,6648949,6589681,6505526,6613195,6588936,6519362,6556209,6514637,6535180,6414214
847,0,1,15,6739956,6712773,6590410,6633459,6569192,6618011,6614258,6587595,6671517,6562499,6662661,6602438,6518045,6626579,6601993,6532333,6569593,6527757,6548503,6426312
848,31,1,15,6727229,6700395,6577640,6620860,6556669,6605779,6601480,6575709,6658830,6550299,6648811,6589943,6504733,6612950,6589474,6519436,6556138,6514901,6535780,6414245
849,0,1,15,6739924,6711616,6589854,6633411,6567805,6618130,6613813,6588228,6671293,6562435,6661170,6602677,6517865,6625208,6602164,6532063,6568530,6527016,6548248,6426565
850,31,1,15,6726642,6698135,6577002,6620132,6554972,6604489,6601260,6574413,6657789,6549165,6647615,6590033,6505073,6611884,6587699,6517991,6554899,6513359,6534745,6413596
851,0,1,15,6738616,6710917,6589593,6632737,6567279,6616768,6613590,6587214,6670451,6562380,6660984,6602648,6517898,6624091,6600848,6531592,6568376,6527071,6548028,6426320
852,31,1,15,6726616,6699007,6577429,6620425,6555398,6605166,6600866,6575244,6658004,6549774,6647281,6589719,6505691,6611591,6588062,6518940,6555121,6513788,6534511,6413863
853,0,1,15,6739330,6711619,6590269,6633547,6568585,6617938,6614259,6588499,6671507,6562933,6661053,6603369,6518492,6625434,6601928,6532631,6569224,6527657,6548132,6426783
854,31,1,15,6727029,6698852,6577229,6620287,6555500,6605156,6600290,6574888,6658234,6548943,6647754,6589770,6505299,6611314,6589259,6518450,6555535,6513455,6534543,6413136
855,0,1,15,6739170,6711625,6589274,6632835,6567814,6617580,6613196,6587152,6670551,6562619,6660327,6602068,6517048,6624157,6601615,6531416,6568668,6526891,6547352,6425084
856,31,1,15,6727518,6700251,6578018,6620763,6556270,6605627,6601048,6574805,6658521,6549866,6647988,6589688,6505071,6612346,6588711,6519393,6556165,6514231,6535154,6414552
857,0,1,15,6739644,6712852,6589575,6632807,6568045,6617770,6613097,6587393,6670844,6562200,6660984,6602166,6517191,6624855,6601204,6532173,6568745,6526530,6547614,6426461
858,31,1,15,6727088,6700430,6577063,6620228,6555449,6605499,6600172,6574774,6657295,6549474,6647542,6589743,6504250,6612431,6589250,6518682,6555432,6513905,6535061,6413401
859,0,1,15,6739007,6712225,6589286,6632381,6567562,6617910,6612853,6587001,6669800,6562148,6660631,6602078,6516443,6625274,6601502,6531908,6569157,6526546,6548024,6426572
860,31,1,15,6727422,6699055,6577144,6619711,6555327,6604772,6600862,6574844,6657182,6548877,6647819,6589173,6503953,6611820,6589199,6518373,6556330,6514591,6535225,6414159
861,0,1,15,6739661,6712037,6589083,6633099,6567724,6617566,6613140,6587576,6669737,6561540,6660524,6601838,6516970,6624325,6602200,6531713,6569344,6527243,6548456,6426832
862,31,1,15,6727012,6699377,6576589,6619940,6555722,6605332,6600927,6575081,6657171,6548789,6647443,6589317,6504424,6611821,6589314,6519123,6556477,6514168,6535042,6414600
863,0,1,15,6739401,6711727,6589475,6632319,6567954,6617717,6612999,6587280,6669922,6562459,6660054,6602071,6516550,6624798,6601651,6532118,6569424,6526431,6547556,6426435
864,31,1,15,6727164,6699055,6576741,6619609,6555073,6604432,6600487,6574132,6657486,6549036,6647133,6588973,6503938,6612009,6588909,6517979,6556304,6513486,6534405,6413233
865,0,1,15,6739266,6711572,6589610,6632698,6567473,6617342,6613442,6587070,6670804,6562108,6660567,6601948,6516873,6625274,6601544,6531483,6569143,6527376,6547081,6426314
866,31,1,15,6726416,6699375,6577109,6620209,6554887,6605143,6601038,6575021,6658047,6548894,6647762,6588384,6503772,6612118,6589176,6519006,6556051,6514398,6534213,6413740
867,0,1,15,6739341,6712197,6589629,6632332,6567680,6618272,6612753,6587663,6671284,6562194,6660773,6601600,6516510,6624854,6601915,6532287,6569224,6527180,6547446,6426783
868,31,1,15,6727660,6699743,6577818,6621072,6555370,6605932,6601753,6575679,6658678,6549483,6648205,6589637,6504465,6613276,6589281,6519397,6556954,6514091,6534604,6414606
869,0,1,15,6739203,6711935,6589890,6633322,6567623,6618233,6613763,6587807,6670659,6561777,6660735,6602396,6517178,6624787,6601817,6532547,6569538,6527107,6547397,6425872
870,31,1,15,6727914,6700210,6578549,6620951,6555801,6606613,6601712,6575746,6658876,6550416,6648627,6590264,6505472,6612809,6590037,6519757,6557629,6515294,6535681,6414614
871,0,1,15,6739335,6712022,6590201,6632688,6567946,6618459,6613201,6587897,6670721,6562185,6660874,6601663,6517402,6624982,6600882,6532079,6570117,6527105,6547940,6426040
872,31,1,15,6727102,6699838,6577390,6619170,6555105,6605926,6600359,6575258,6658073,6548944,6647523,6588443,6503767,6611641,6587739,6518579,6556614,6513551,6534722,6414295
873,0,1,15,6739743,6712765,6590960,6632728,6568178,6618812,6613737,6588042,6672007,6562590,6662039,6602844,6517977,6625761,6601465,6533255,6570064,6527983,6548891,6427343
874,31,1,15,6725821,6699590,6577460,6619246,6555268,6605429,6600961,6574186,6658211,6549431,6647926,6589435,6504317,6612063,6588730,6518927,6556449,6513728,6534621,6413538
875,0,1,15,6738744,6711838,6589899,6632182,6568611,6618087,6613939,6587710,6671381,6561966,6660703,6602469,6516504,6624615,6601632,6532153,6569600,6526788,6548032,6426846
876,31,1,15,6726160,6699688,6577323,6619751,6556567,6605478,6600774,6574884,6658367,6549513,6647722,6590104,6504008,6612591,6588961,6518791,6556144,6513775,6534337,6413187
877,0,1,15,6739256,6712800,6590116,6633075,6569227,6618392,6613516,6588127,6671847,6562989,6660819,6602665,6517214,6625440,6602102,6532570,6569683,6527600,6548267,6426430
878,31,1,15,6726796,6699279,6576460,6619405,6555818,6604602,6600379,6574428,6658252,6548689,6647355,6589369,6504275,6612267,6587831,6518232,6555362,6514035,6534525,6413776
879,0,1,15,6738632,6711686,6588570,6632067,6567287,6616722,6612905,6586656,6671161,6561214,6660356,6601719,6516768,6623984,6600733,6531931,6567877,6526680,6546921,6425324
880,31,1,15,6726593,6699552,6576720,6620533,6555706,6604760,6600512,6574863,6659122,6549197,6647091,6589300,6504282,6612480,6587415,6519238,6555388,6514216,6534642,6412837
881,0,1,15,6739202,6712183,6588369,6632378,6568245,6617151,6613268,6587537,6671256,6561783,6659870,6601808,6516244,6624609,6600026,6532317,6568493,6526722,6547080,6425113
882,31,1,15,6726829,6700786,6577084,6620655,6555872,6605500,6600846,6574774,6658390,6549388,6646993,6589472,6504048,6611502,6587990,6519317,6556240,6514272,6534453,6412603
883,0,1,15,6739282,6713469,6589360,6633166,6568557,6617544,6613143,6588047,6671342,6562371,6659966,6602153,6516867,6624144,6600586,6531421,6569470,6526859,6547156,6425112
884,31,1,15,6726813,6700815,6577063,6620404,6556404,6604722,6600577,6575091,6658084,6549848,6647370,6589358,6504758,6612876,6588656,6518465,6556244,6513871,6535179,6412666
885,0,1,15,6739174,6712519,6588431,6633053,6567826,6617437,6613178,6586855,6671108,6561993,6660843,6601812,6516734,6625016,6600659,6531165,6569202,6526499,6547643,6425315
886,31,1,15,6726644,6699446,6576366,6620311,6555463,6604737,6600426,6574806,6658433,6549088,6647282,6589372,6503721,6611945,6587567,6517943,6555829,6513596,6534521,6411869
887,0,1,15,6739085,6711325,6588937,6632726,6567785,6617477,6613480,6587546,6670544,6561639,6660666,6601634,6516173,6624619,6600123,6531000,6568950,6526090,6547515,6424336
888,31,1,15,6726152,6699061,6576372,6620850,6555271,6604892,6600557,6574293,6657822,6548472,6647779,6588945,6503628,6611676,6587677,6518005,6555436,6513655,6534500,6411788
889,0,1,15,6738557,6712722,6588955,6633266,6567680,6617562,6613423,6587185,6671150,6561613,6660607,6602105,6516807,6624842,6600537,6531535,6568492,6525716,6547615,6424188
890,31,1,15,6727344,6700448,6577723,6620979,6555567,6605334,6601087,6575104,6658975,6548796,6648951,6589414,6503868,6612435,6587788,6518504,6555818,6513479,6534573,6412432
891,0,1,15,6740180,6712006,6589808,6633377,6568486,6617734,6613123,6587683,6671838,6561961,6661450,6601781,6516584,6625088,6600851,6531866,6568298,6526188,6547252,6425832
892,31,1,15,6726129,6699602,6576808,6619915,6554999,6603769,6600205,6573797,6658243,6547791,6647718,6588241,6503223,6611767,6587681,6517387,6554402,6512928,6534045,6411860
893,0,1,15,6739052,6712690,6589440,6633131,6568014,6616986,6613411,6587435,6671821,6561097,6661047,6602233,6516306,6625216,6600790,6531459,6568457,6526411,6547951,6425067
894,31,1,15,6726199,6700101,6576687,6620509,6555520,6604934,6600200,6574596,6659245,6548693,6647587,6589734,6503836,6612178,6588414,6518402,6554919,6513886,6534935,6411975
895,0,1,15,6738744,6711160,6588362,6632453,6566972,6616878,6612966,6586883,6671204,6561034,6660355,6601615,6515796,6624167,6600018,6530996,6567285,6525699,6547057,6424262
896,31,1,15,6727124,6699834,6576845,6621022,6554407,6604426,6600768,6574369,6657875,6548580,6647187,6588656,6503706,6612080,6588703,6518125,6554738,6513456,6533773,6412271
897,0,1,15,6740045,6713297,6589802,6633940,6567302,6617586,6613884,6587343,6671459,6562183,6661055,6602248,6516634,6624442,6601319,6531945,6567939,6526480,6547877,6425639
898,31,1,15,6727349,6700907,6578392,6621396,6556249,6605685,6602011,6575363,6659775,6549601,6649045,6590126,6504805,6613540,6589430,6519557,6555217,6514595,6535872,6413659
899,0,1,15,6739483,6712251,6589563,6632776,6567452,6617401,6613698,6587110,6671819,6561147,6660860,6602402,6515879,6625218,6601480,6531774,6567735,6526402,6548128,6425335
900,31,1,15,6727128,6699027,6577246,6620279,6555334,6604647,6600663,6574246,6658495,6549166,6647387,6589392,6503305,6611551,6588148,6518828,6554499,6513724,6534587,6413283
901,0,1,15,6739330,6710961,6589568,6632733,6566838,6616485,6613193,6587341,6671076,6560981,6659954,6602097,6515893,6624048,6600651,6531391,6566700,6526831,6547565,6425207
902,31,1,15,6726607,6698709,6577741,6620395,6554439,6604839,6600616,6574705,6658436,6548102,6647224,6589167,6503374,6610955,6588151,6518582,6553833,6514009,6535019,6413251
903,0,1,15,6738281,6710726,6589108,6631550,6566487,6616733,6611928,6586916,6670850,6560688,6659986,6601781,6516029,6623191,6600021,6531517,6567138,6526232,6547574,6425464
904,31,1,15,6726831,6699965,6577878,6620557,6555084,6605723,6601286,6575435,6659338,6548640,6648298,6590175,6504174,6611691,6588573,6519438,6555377,6514495,6535576,6413887
905,0,1,15,6739151,6711741,6589135,6632332,6567324,6616760,6613504,6586880,6671832,6561122,6660483,6602408,6516253,6623351,6601097,6532031,6567785,6526913,6547210,6425627
906,31,1,15,6726585,6699033,6577594,6620596,6555912,6604289,6600978,6575198,6659261,6549096,6647629,6589736,6504019,6611612,6588111,6519440,6554361,6514706,6534212,6413410
907,0,1,15,6739366,6712156,6589846,6632893,6567751,6617342,6613103,6587771,6673136,6561916,6660798,6601902,6516486,6625126,6600850,6532538,6567444,6527178,6547176,6426492
908,31,1,15,6726052,6699055,6577396,6620422,6554616,6604497,6600147,6574691,6659114,6548325,6647249,6588013,6503596,6611803,6587300,6518434,6554360,6513347,6533613,6413133
909,0,1,15,6738837,6711234,6589872,6633345,6567295,6616871,6613153,6587051,6671591,6561102,6659925,6601291,6516117,6624185,6600723,6531290,6567885,6526666,6546213,6425496
910,31,1,15,6726848,6698590,6577057,6620683,6554810,6604165,6600757,6573901,6658431,6548143,6647487,6588337,6503926,6611336,6587328,6517952,6554049,6513882,6533173,6412494
911,0,1,15,6739010,6711528,6589317,6632493,6567972,6616829,6612720,6586978,6671191,6561266,6660294,6601956,6516586,6623754,6600615,6531483,6567484,6527164,6546413,6425896
912,31,1,15,6725885,6698855,6576829,6620048,6555121,6604182,6599650,6573649,6657649,6548031,6646591,6588670,6503690,6610746,6588137,6518393,6554347,6513258,6533772,6413204
913,0,1,15,6740070,6712740,6591121,6634089,6569098,6618140,6613474,6587666,6672278,6562117,6660370,6602732,6516962,6625081,6601458,6532240,6568596,6527354,6547638,6426830
914,31,1,15,6727671,6700077,6578512,6621974,6556992,6605993,6601726,6576163,6660018,6549095,6647686,6590170,6504593,6612749,6589061,6519157,6556116,6515151,6534818,6414759
915,0,1,15,6738328,6711289,6589453,6633346,6568453,6617425,6612989,6587557,6671974,6561686,6659879,6601470,6516080,6624815,6600196,6532021,6568353,6527696,6546545,6426158
916,31,1,15,6726337,6698497,6577167,6621018,6555895,6604843,6600090,6575014,6658539,6549133,6646865,6588807,6503664,6612435,6588297,6518593,6554460,6513803,6533505,6414196
917,0,1,15,6739081,6711611,6590319,6633936,6568246,6617275,6613460,6587901,6671401,6563028,6660548,6601916,6516563,6626125,6601535,6532061,6568674,6527019,6546541,6426499
918,31,1,15,6726669,6699504,6578145,6621135,6556074,6605233,6601249,6575363,6659228,6549716,6648164,6589339,6504046,6612365,6588733,6519008,6556068,6514842,6533861,6414284
919,0,1,15,6739321,6712077,6590474,6633269,6568036,6618162,6613115,6588136,6671810,6562159,6661684,6602027,6516605,6625448,6601902,6531991,6569125,6527485,6546921,6427190
920,31,1,15,6727254,6699636,6577586,6620563,6555274,6605834,6600061,6575291,6659228,6548706,6648514,6589920,6503634,6612735,6588965,6518676,6556313,6513802,6534460,6414232
921,0,1,15,6739205,6711796,6589804,6632434,6567176,6617938,6613059,6587075,6670853,6561375,6661401,6602271,6516353,6624606,6602229,6531900,6568984,6527559,6547096,6426412
922,31,1,15,6726334,6699540,6577836,6619914,6554605,6605038,6600480,6574780,6658262,6548621,6647885,6589677,6504005,6611494,6588835,6518812,6556079,6514505,6534083,6413513
923,0,1,15,6738497,6711642,6588981,6631918,6566652,6617193,6612929,6586990,6670626,6560924,6660957,6601700,6515889,6624021,6600420,6531198,6568204,6526849,6546797,6425912
924,31,1,15,6726247,6699585,6577114,6620621,6554425,6605164,6600577,6575294,6658021,6548212,6647381,6589193,6503603,6611835,6588636,6518996,6555755,6514170,6533868,6412912
925,0,1,15,6739576,6712538,6589922,6633886,6567913,6618177,6613853,6588544,6671559,6561753,6661170,6602366,6516644,6625075,6601871,6532671,6569160,6528003,6546953,6426720
926,31,1,15,6726306,6699416,6577198,6620617,6554730,6604231,6600692,6575071,6658247,6548215,6647766,6589067,6503600,6611715,6588287,6518959,6555366,6514257,6533602,6413318
927,0,1,15,6738743,6712454,6590177,6633859,6566802,6617338,6612897,6587860,6670776,6561193,6661245,6601826,6516343,6624830,6601341,6531945,6568742,6526337,6546883,6426711
928,31,1,15,6727212,6700737,6579027,6621927,6556215,6605303,6601425,6576427,6658661,6549084,6649189,6590274,6505210,6612472,6589762,6519586,6556722,6515002,6534988,6414233
929,0,1,15,6738781,6712801,6590580,6633257,6567960,6617368,6613982,6588496,6670904,6561561,6661619,6602927,6517227,6625717,6602777,6531860,6568401,6527448,6547243,6426171
930,31,1,15,6726757,6700604,6578294,6621833,6556021,6605314,6601245,6575345,6658309,6549573,6649035,6590222,6503239,6613507,6589552,6519550,6555550,6514762,6535242,6413906
931,0,1,15,6738476,6711744,6589411,6632499,6567358,6616948,6612930,6586975,6670056,6560807,6660009,6602074,6515450,6625197,6601451,6531864,6568721,6527265,6548130,6426056
932,31,1,15,6726917,6699748,6577463,6620394,6555604,6604936,6600778,6574981,6658015,6547944,6647898,6589396,6503797,6612686,6588789,6519263,6556214,6514144,6535313,6413852
933,0,1,15,6739333,6712293,6589618,6633034,6567762,6617538,6612852,6587652,6670716,6560683,6661059,6602237,6516133,6625162,6600794,6531923,6568498,6527077,6547684,6426365
934,31,1,15,6726058,6699162,6577317,6620400,6555503,6604340,6599736,6574644,6657867,6547318,6647806,6589171,6503471,6611348,6587385,6518659,6554358,6514380,6534186,6413009
935,0,1,15,6738728,6711518,6589266,6633735,6567782,6617277,6612792,6587702,6671042,6559169,6661038,6601899,6515793,6624232,6600670,6532099,6568542,6527324,6546967,6426007
936,31,1,15,6726697,6699988,6577631,6621241,6555513,6604987,6600660,6576024,6658797,6547036,6647833,6589757,6503836,6611681,6588149,6519435,6556025,6514912,6534778,6413335
937,0,1,15,6739482,6712374,6590044,6633348,6568274,6617505,6612916,6587878,6671282,6559860,6660524,6602741,6516123,6624176,6600951,6532398,6568488,6527867,6547737,6425695
938,31,1,15,6725835,6699644,6577353,6620968,6555347,6603907,6599673,6575294,6657738,6547380,6647950,6589913,6503230,6611490,6588707,6518065,6555398,6514514,6534635,6412523
939,0,1,15,6738658,6712259,6590022,6633450,6568464,6615833,6612868,6588188,6671658,6560569,6661559,6602820,6516313,6624114,6601994,6531732,6568757,6527313,6547764,6425612
940,31,1,15,6726076,6699871,6577566,6620527,6555640,6602750,6600419,6575459,6659067,6548029,6647525,6590198,6503704,6611710,6588884,6518590,6555281,6513975,6534678,6412707
941,0,1,15,6738885,6711837,6589460,6632895,6568055,6616010,6612991,6587749,6671360,6561044,6661161,6602519,6516195,6624742,6601185,6531348,6566849,6527160,6547286,6425625
942,31,1,15,6727188,6700044,6577402,6620126,6555947,6603706,6601297,6575873,6659527,6548728,6648363,6589937,6504072,6612466,6588785,6518641,6554666,6514239,6534911,6413861
943,0,1,15,6738002,6710765,6587876,6631948,6567003,6615426,6612357,6587093,6670458,6560010,6660261,6601469,6515329,6623768,6600337,6530292,6567068,6525911,6546367,6424668
944,31,1,15,6727133,6699862,6577465,6621182,6555685,6605343,6601103,6575532,6659210,6549106,6649054,6590741,6504464,6613443,6589092,6518730,6555787,6515218,6535481,6413929
945,0,1,15,6738950,6710768,6589183,6632668,6566676,6616986,6612777,6587062,6670719,6560911,6660700,6601958,6515235,6625122,6600723,6530951,6568018,6526817,6547595,6425263
946,31,1,15,6726162,6698546,6577276,6620910,6554951,6604846,6600756,6575162,6657848,6548289,6647229,6589322,6503016,6611931,6587828,6517550,6554398,6514202,6535297,6412657
947,0,1,15,6738330,6711532,6588844,6633508,6567401,6617159,6613111,6588091,6670457,6561118,6661018,6602662,6515582,6624257,6601488,6530738,6566967,6526771,6547904,6425878
948,31,1,15,6726329,6698992,6576035,6620642,6555326,6604961,6600266,6575369,6658583,6547804,6648210,6589363,6502741,6612875,6588811,6517205,6553738,6513788,6534816,6412907
949,0,1,15,6740438,6712913,6589393,6634707,6569751,6618604,6614330,6588983,6673007,6561555,6662617,6603857,6517325,6626246,6603272,6532022,6568573,6528353,6549472,6427178
950,31,1,15,6727158,6699561,6576651,6621142,6556444,6605727,6600748,6576407,6659631,6548655,6649122,6589843,6504290,6612438,6589552,6518215,6554695,6514664,6535662,6413494
951,0,1,15,6739074,6711609,6588604,6632838,6567904,6617232,6612590,6588074,6671700,6561159,6661134,6601880,6515770,6624703,6601541,6530575,6567308,6526664,6548093,6425770
952,31,1,15,6726759,6700025,6576324,6620716,6555331,6604515,6599799,6575694,6659080,6547840,6648088,6589013,6503353,6612188,6588621,6517900,6553584,6514111,6535434,6413331
953,0,1,15,6738623,6712159,6588850,6633002,6567300,6617175,6612422,6587972,6671730,6560433,6661423,6601978,6515880,6625312,6601016,6531107,6566938,6526732,6548021,6426019
954,31,1,15,6726433,6699679,6577159,6620455,6555751,6604328,6599726,6575910,6658378,6548690,6648297,6589354,6504106,6612433,6588258,6518318,6554410,6513708,6535779,6413396
955,0,1,15,6739131,6712396,6589968,6634057,6567924,6616876,6613186,6588352,6671612,6560779,6661720,6602033,6516222,6625080,6600696,6531952,6568305,6527381,6548133,6426317
956,31,1,15,6727666,6700109,6578238,6623274,6556448,6605959,6601529,6576776,6660106,6548744,6649372,6589388,6505028,6613552,6589517,6519113,6556589,6515130,6535685,6414257
957,0,1,15,6739785,6712400,6589950,6635184,6568568,6618015,6613549,6588763,6672475,6561493,6662050,6601799,6517552,6625536,6602682,6532332,6569184,6527859,6548344,6426862
958,31,1,15,6726489,6699131,6576791,6621974,6554748,6604648,6600480,6575291,6658409,6547365,6648073,6588284,6503852,6612106,6588582,6518400,6555153,6513721,6534791,6413140
959,0,1,15,6739699,6711709,6590808,6634484,6567909,6617754,6613143,6588654,6671657,6561245,6661534,6601495,6517173,6625017,6601735,6531598,6569379,6527356,6548045,6426486
960,31,1,15,6726873,6698725,6577385,6621656,6555653,6604765,6600462,6575631,6659379,6548643,6648537,6588199,6503460,6612232,6588520,6518559,6555759,6514253,6534966,6413609
961,0,1,15,6738870,6712217,6589056,6633282,6567822,6616257,6612993,6588353,6671343,6560687,6661435,6601217,6516285,6625475,6601209,6532149,6568710,6526704,6548005,6426289
962,31,1,15,6726858,6699827,6577212,6621167,6555303,6604425,6600617,6575762,6659261,6548528,6648390,6588529,6504187,6612159,6588936,6518560,6554994,6514029,6534876,6413545
963,0,1,15,6739057,6712480,6589332,6633878,6566995,6617441,6614060,6588121,6672249,6561622,6662588,6602434,6516369,6625108,6602475,6531675,6569204,6527494,6548519,6426180
964,31,1,15,6727576,6700927,6577164,6622607,6555755,6605087,6601403,6576200,6659368,6548789,6649150,6590361,6504804,6613351,6589498,6519123,6556442,6514811,6536065,6414170
965,0,1,15,6738964,6712105,6588898,6634106,6567379,6616496,6612862,6587595,6671379,6560854,6660887,6601905,6516166,6625374,6601171,6531191,6568003,6526605,6547848,6425494
966,31,1,15,6726432,6699175,6576254,6621241,6555575,6604165,6600666,6574983,6658840,6548101,6647653,6589482,6503982,6612331,6589096,6518553,6555193,6513581,6534929,6412571
967,0,1,15,6739318,6711342,6588288,6633633,6567868,6616524,6612982,6588268,6670808,6560909,6661346,6601896,6515712,6625175,6601448,6531321,6567232,6525885,6547591,6425839
968,31,1,15,6727371,6699686,6576940,6621755,6556565,6605049,6600737,6576366,6658777,6549241,6648618,6589628,6504334,6612839,6589477,6519293,6555470,6514549,6534661,6413570
969,0,1,15,6739487,6712413,6589068,6634483,6569110,6617791,6613456,6588795,6671789,6561894,6661734,6602827,6517232,6625013,6602724,6531751,6568729,6527183,6548147,6426439
970,31,1,15,6727182,6699874,6576428,6622207,6556303,6604954,6601083,6575840,6659053,6548778,6648532,6589712,6504354,6611886,6589641,6519183,6555509,6513933,6534986,6413704
971,0,1,15,6739655,6712499,6588833,6634691,6569299,6617866,6613996,6588443,6672297,6561672,6661354,6602703,6516925,6624904,6603030,6532462,6568387,6527223,6548197,6426007
972,31,1,15,6727361,6700321,6576707,6621909,6556615,6605265,6601339,6575622,6659510,6548996,6648372,6589773,6504003,6612906,6590566,6519388,6554891,6514508,6535546,6413340
973,0,1,15,6738387,6711760,6588042,6632745,6567270,6617065,6612329,6587565,6671402,6561323,6660295,6601594,6516002,6624327,6602345,6531246,6567632,6526371,6547363,6425292
974,31,1,15,6726658,6699616,6576100,6621065,6555399,6604078,6600778,6575988,6659186,6549358,6647798,6589368,6504374,6612177,6589303,6518712,6554301,6513600,6535131,6413155
975,0,1,15,6737894,6711505,6587602,6632616,6567198,6616724,6612257,6587402,6671340,6561350,6659953,6601410,6516560,6623608,6601476,6531493,6566901,6525931,6546888,6425433
976,31,1,15,6726401,6699629,6576190,6620212,6555066,6605274,6600312,6575921,6659414,6549678,6647428,6589396,6503817,6611625,6589480,6518638,6554564,6513659,6535149,6413231
977,0,1,15,6738691,6713048,6588210,6633007,6567782,6616976,6613054,6587887,6672295,6562647,6660639,6602323,6516332,6623750,6602275,6531912,6568024,6526965,6548245,6426317
978,31,1,15,6726087,6700382,6576139,6620717,6555150,6604040,6599941,6575830,6659634,6548152,6647796,6589438,6503572,6611213,6588713,6518158,6554093,6513578,6534725,6413088
979,0,1,15,6738577,6712255,6588546,6634075,6567404,6616316,6612620,6587210,6671957,6561370,6661061,6601723,6515694,6624318,6601854,6531809,6567066,6526599,6547644,6425965
980,31,1,15,6726733,6700228,6576530,6621674,6555756,6604299,6600976,6575306,6659360,6549254,6648658,6589243,6503792,6611635,6589646,6518122,6554747,6514502,6534768,6413891
981,0,1,15,6737951,6711449,6587711,6633306,6566607,6616559,6612272,6587129,6671575,6560600,6660438,6601584,6515718,6624140,6600797,6530790,6567493,6526842,6546837,6424687
982,31,1,15,6725858,6698917,6576012,6621561,6555077,6604559,6600164,6575712,6659108,6548059,6648394,6589857,6503451,6611742,6588720,6518386,6555356,6514707,6534834,6413545
983,0,1,15,6739407,6712095,6589331,6635349,6569684,6617644,6613414,6588887,6672293,6562079,6662260,6603121,6516857,6626150,6602087,6532126,6568966,6528111,6548591,6427406
984,31,1,15,6726798,6699811,6577370,6622996,6556715,6605093,6601258,6576221,6659304,6548266,6648311,6590005,6504861,6613409,6589137,6518658,6555861,6514422,6535340,6414941
985,0,1,15,6739228,6711730,6589515,6634601,6568697,6617073,6613631,6588152,6671946,6560359,6661313,6602811,6516885,6625162,6601080,6531073,6568844,6527531,6547999,6427104
986,31,1,15,6727303,6699823,6576725,6622369,6556620,6605377,6600806,6575855,6659081,6548206,6647679,6589815,6504493,6612245,6588082,6518283,6555708,6514667,6535153,6415159
987,0,1,15,6738557,6711199,6588123,6633305,6567726,6617035,6613042,6587251,6670848,6559718,6660162,6601718,6515886,6624342,6600358,6530382,6567713,6526319,6547464,6426733
988,31,1,15,6726866,6699784,6576930,6621925,6555656,6604806,6600472,6575724,6658596,6548897,6647716,6589451,6504365,6612368,6588957,6518297,6555946,6513867,6535603,6414890
989,0,1,15,6738798,6711603,6587996,6632996,6567803,6616402,6611779,6587650,6670789,6560086,6659968,6601688,6516707,6624631,6600721,6530754,6567724,6526362,6547574,6426383
990,31,1,15,6727076,6698629,6576169,6621050,6555565,6604499,6599812,6575361,6658571,6547843,6647545,6589161,6503270,6612847,6588250,6517784,6555466,6514086,6534999,6414397
991,0,1,15,6738405,6711128,6588167,6631955,6567600,6616775,6612572,6587344,6671205,6560288,6660506,6601673,6516020,6625215,6601135,6530652,6568583,6526678,6547120,6426565
992,31,1,15,6726408,6699170,6577680,6620014,6556235,6605291,6599895,6575357,6658750,6548301,6648589,6589714,6504102,6612821,6588395,6517980,6555346,6514155,6534502,6413644
993,0,1,15,6738323,6711131,6589015,6633208,6568049,6617294,6612346,6588165,6671082,6560965,6661291,6602068,6515926,6624554,6601462,6530750,6567888,6526674,6546848,6426387
994,31,1,15,6726350,6697597,6576267,6619851,6554917,6604239,6599739,6574875,6657636,6547867,6647650,6589483,6503093,6612407,6589146,6516928,6554567,6513220,6533794,6413267
995,0,1,15,6739689,6711338,6589791,6633596,6568429,6617827,6612956,6588228,6670866,6561296,6661765,6602414,6516551,6624743,6601989,6531378,6568395,6527373,6547891,6426796
996,31,1,15,6727053,6699034,6577713,6621424,6555299,6605132,6600454,6575369,6658535,6548379,6647932,6589480,6503808,6611927,6588772,6518257,6555419,6514033,6535371,6413909
997,0,1,15,6739408,6712692,6590750,6633897,6567650,6617821,6613075,6588851,6672141,6561662,6661214,6602776,6516738,6625088,6601607,6531551,6568091,6527290,6548152,6425718
998,31,1,15,6726279,6699255,6577490,6620815,6554886,6604720,6599885,6575708,6658245,6547424,6648118,6589445,6503013,6611785,6588396,6518123,6555386,6513478,6534502,6412209
999,0,1,15,6738450,6710780,6589120,6631919,6567006,6616860,6612354,6588123,6671150,6560980,6660878,6601853,6515296,6623696,6601498,6530679,6567963,6525627,6547072,6425483
