rep,heat_enabled,transmitter_bit,transmitter_mask,ctrl_0_ro_0,ctrl_0_ro_1,ctrl_0_ro_2,ctrl_0_ro_3,ctrl_0_ro_4,ctrl_1_ro_0,ctrl_1_ro_1,ctrl_1_ro_2,ctrl_1_ro_3,ctrl_1_ro_4,ctrl_2_ro_0,ctrl_2_ro_1,ctrl_2_ro_2,ctrl_2_ro_3,ctrl_2_ro_4,ctrl_3_ro_0,ctrl_3_ro_1,ctrl_3_ro_2,ctrl_3_ro_3,ctrl_3_ro_4
0,31,0,15,6724522,6699980,6579964,6622066,6556664,6604921,6599713,6575673,6658579,6549178,6647795,6587830,6505209,6612406,6588792,6518856,6555321,6514666,6534941,6413821
1,0,0,15,6738657,6713092,6592896,6635688,6569850,6619198,6613864,6588859,6671389,6561876,6661583,6601227,6518560,6626977,6602870,6533316,6569874,6528043,6548954,6426722
2,31,0,15,6726242,6701415,6580876,6624320,6557552,6606176,6600843,6576432,6658942,6549343,6648836,6588817,6506378,6614012,6590116,6520974,6556900,6515498,6536128,6413928
3,0,0,15,6737859,6712619,6592455,6636178,6569460,6617606,6612592,6587698,6671714,6561801,6661524,6600849,6517993,6625641,6602445,6533320,6569741,6527354,6548480,6426396
4,31,0,15,6726397,6700743,6581243,6624223,6558227,6606202,6601453,6576249,6659573,6549935,6649073,6589426,6506143,6613755,6590638,6521164,6557683,6515705,6536130,6414994
5,0,0,15,6737593,6711853,6592529,6634973,6568920,6616992,6612738,6588132,6671125,6560926,6661111,6601164,6518023,6624164,6601544,6533175,6569607,6526807,6548132,6426806
6,31,0,15,6726004,6700320,6580597,6623685,6556649,6606467,6601931,6575741,6658822,6548961,6649077,6589398,6506135,6613064,6588918,6520740,6556555,6514505,6536249,6414321
7,0,0,15,6738530,6712956,6592860,6637113,6569940,6619089,6615903,6588271,6672902,6563185,6662423,6602379,6518763,6626249,6602095,6534302,6570830,6528152,6549443,6427653
8,31,0,15,6726533,6700142,6580516,6624633,6557618,6606381,6603720,6576288,6660397,6549846,6649244,6590247,6506256,6613753,6589848,6520584,6557751,6515086,6536268,6415195
9,0,0,15,6738455,6711944,6592390,6636595,6569152,6618612,6615192,6588502,6672682,6562000,6662015,6602458,6518466,6625672,6602312,6533373,6570102,6527193,6548956,6427346
10,31,0,15,6725802,6699286,6580254,6624167,6556322,6605466,6602117,6575871,6659632,6549225,6648529,6589542,6505594,6612486,6589390,6519900,6555750,6514583,6536011,6414281
11,0,0,15,6739140,6713036,6593430,6637105,6569536,6618743,6615551,6588821,6672719,6562409,6662109,6602851,6518261,6626321,6601527,6533453,6569949,6528199,6549113,6427567
12,31,0,15,6726530,6700625,6580693,6624632,6557560,6606592,6602594,6576443,6659747,6550042,6649497,6590206,6506792,6613297,6588800,6520986,6556956,6515542,6536090,6415398
13,0,0,15,6737900,6712361,6592835,6635676,6568911,6618073,6614030,6587779,6671557,6562171,6661633,6602944,6518221,6625177,6601178,6533008,6570020,6527621,6548734,6426802
14,31,0,15,6726699,6701480,6581915,6624403,6558550,6607183,6602969,6576799,6659927,6551305,6650019,6592098,6506941,6614400,6589256,6521184,6558156,6516410,6537391,6415446
15,0,0,15,6738590,6712503,6593528,6635765,6570387,6618770,6614789,6588040,6671372,6562194,6662276,6604083,6518853,6626433,6601549,6533522,6571065,6528317,6549211,6427293
16,31,0,15,6726905,6700346,6581340,6624026,6558196,6605806,6602780,6575920,6659101,6549694,6649277,6592172,6506681,6614171,6590084,6521329,6557193,6515728,6537227,6415653
17,0,0,15,6739094,6712626,6592876,6636243,6569703,6618441,6615458,6588617,6671894,6562381,6662881,6604519,6518861,6627397,6602226,6533442,6570231,6528431,6550063,6427922
18,31,0,15,6726430,6699709,6580699,6623874,6556742,6605540,6602762,6576646,6658810,6549550,6649132,6591560,6505573,6613919,6588413,6519792,6556701,6514845,6535739,6414565
19,0,0,15,6738561,6712265,6592440,6636421,6569631,6618716,6614470,6588564,6671952,6562138,6662230,6603757,6518671,6626460,6601707,6533437,6569978,6528253,6548399,6427330
20,31,0,15,6725905,6699270,6580797,6623324,6557275,6605255,6601469,6575763,6658563,6549085,6648520,6590634,6505403,6613273,6588169,6519750,6556308,6514342,6535266,6413942
21,0,0,15,6737921,6711384,6592691,6635433,6568535,6617971,6614030,6587735,6671066,6561852,6661215,6603061,6518094,6625963,6601499,6532178,6569788,6527319,6548496,6427318
22,31,0,15,6725372,6698105,6579610,6622998,6556056,6605536,6602142,6575232,6658212,6548274,6648184,6590070,6505193,6612743,6588634,6519334,6556829,6514192,6534849,6414373
23,0,0,15,6738834,6711251,6592359,6636198,6568732,6618214,6615013,6588106,6671286,6561575,6661613,6603226,6517709,6626006,6601950,6532669,6570264,6527485,6548269,6427500
24,31,0,15,6725509,6698951,6578831,6622916,6556407,6605216,6601159,6575140,6657436,6547798,6647766,6589929,6504260,6612200,6587456,6519265,6556118,6513723,6534865,6413604
25,0,0,15,6737948,6711526,6591325,6636012,6569818,6618191,6614025,6587041,6670558,6560614,6661420,6602992,6517433,6625492,6600005,6532232,6569475,6527150,6547069,6427364
26,31,0,15,6726014,6698987,6579331,6623841,6557675,6606679,6602251,6574954,6658540,6548195,6648733,6591228,6505552,6613137,6588272,6520084,6556671,6514762,6535386,6415506
27,0,0,15,6737693,6710951,6591001,6635931,6569779,6618474,6614224,6587208,6670743,6559379,6661238,6603278,6517635,6624701,6600680,6532893,6569868,6527194,6548342,6427661
28,31,0,15,6726953,6699548,6580064,6624604,6558687,6607065,6602955,6575538,6659039,6549026,6648890,6591224,6506097,6612773,6589111,6521171,6557763,6515848,6536896,6415920
29,0,0,15,6738597,6711635,6592285,6636775,6570050,6618789,6615101,6587824,6671559,6562028,6661954,6603691,6518504,6625720,6601374,6534007,6570517,6528372,6548827,6427651
30,31,0,15,6725943,6699126,6579652,6623731,6557933,6606457,6602499,6575239,6659346,6549059,6648562,6591021,6505704,6612677,6588614,6520306,6556789,6515309,6535928,6415198
31,0,0,15,6738146,6711489,6591209,6635775,6569953,6618272,6614422,6586829,6671131,6560611,6660973,6602579,6517280,6624856,6600493,6532776,6570019,6527566,6548173,6427525
32,31,0,15,6725738,6699371,6579052,6623462,6557100,6605098,6601735,6574542,6658055,6548274,6647389,6589723,6505199,6612366,6588171,6520328,6557083,6515113,6535541,6415148
33,0,0,15,6738514,6711687,6591769,6635900,6569749,6618948,6614232,6587832,6671072,6561452,6661179,6603435,6517968,6625177,6601383,6533596,6570619,6527437,6548209,6428137
34,31,0,15,6726903,6700114,6580004,6624125,6557718,6607058,6602598,6576381,6658457,6549165,6649444,6590828,6506270,6612546,6589286,6521020,6557958,6514790,6536359,6415667
35,0,0,15,6738394,6712100,6591676,6636214,6569200,6619062,6614240,6588516,6671049,6561335,6661772,6603111,6518541,6624106,6601423,6533717,6570854,6527358,6549063,6428118
36,31,0,15,6726233,6699234,6580157,6622787,6557272,6606672,6602620,6576312,6658462,6549150,6649275,6590623,6506082,6612862,6589296,6520950,6557570,6514633,6536731,6415671
37,0,0,15,6739462,6712342,6593110,6635472,6569347,6619677,6615226,6589084,6671879,6562729,6662074,6603020,6519103,6625685,6601963,6533643,6570823,6528023,6548857,6428190
38,31,0,15,6727060,6699479,6580380,6622894,6556368,6606826,6602333,6576067,6658898,6548694,6649022,6590269,6505923,6613306,6588872,6520251,6557565,6514836,6535718,6414948
39,0,0,15,6739184,6711729,6592033,6635593,6568535,6618302,6615538,6588364,6670840,6562214,6662137,6602910,6517581,6625397,6600734,6533075,6570308,6526908,6548525,6427174
40,31,0,15,6726347,6698984,6579600,6623131,6555581,6606180,6602630,6575973,6658347,6548736,6648516,6589982,6504950,6612272,6586748,6519965,6556379,6514079,6535555,6414492
41,0,0,15,6738729,6711394,6592299,6635010,6567753,6618411,6614930,6588612,6671032,6561093,6660580,6602695,6517669,6624635,6600724,6532886,6570481,6527002,6548420,6427040
42,31,0,15,6726803,6699707,6580047,6623358,6556383,6605955,6602106,6576028,6659199,6548122,6649025,6590590,6505901,6612934,6588430,6520320,6557701,6514571,6535690,6415775
43,0,0,15,6738792,6711543,6592202,6634986,6568180,6618412,6614157,6588723,6671585,6560286,6661378,6603011,6518481,6625421,6601871,6533768,6570450,6527116,6548742,6427815
44,31,0,15,6726429,6699519,6579029,6623393,6556792,6607085,6602545,6576282,6659106,6548841,6648896,6590592,6506591,6613218,6589197,6520875,6557659,6515325,6535996,6415260
45,0,0,15,6738000,6711749,6591143,6635581,6568856,6619244,6615118,6588534,6671381,6561214,6662009,6602964,6518519,6625231,6601509,6533670,6570788,6527558,6548352,6427275
46,31,0,15,6725617,6699683,6579123,6623096,6556358,6605888,6603034,6575793,6658413,6548899,6648884,6590628,6505644,6612133,6588600,6520181,6557361,6514460,6535379,6415304
47,0,0,15,6738218,6712490,6592119,6636098,6570034,6618189,6615332,6589534,6671431,6563048,6661864,6603724,6518407,6625343,6601495,6533642,6571199,6527586,6548971,6427739
48,31,0,15,6726778,6699558,6579198,6623394,6557140,6605034,6602635,6576132,6658865,6549780,6648709,6591338,6506131,6613311,6588748,6520577,6558338,6515003,6536387,6414632
49,0,0,15,6739246,6711837,6591207,6635344,6569621,6618830,6615212,6588186,6671747,6563102,6661290,6604016,6518924,6626112,6601869,6533684,6571316,6528440,6548835,6427925
50,31,0,15,6725812,6699178,6578311,6622702,6556986,6606059,6602086,6575049,6658595,6549516,6648179,6591164,6506544,6613443,6588634,6520922,6557386,6515437,6536711,6415272
51,0,0,15,6738541,6711791,6590223,6634949,6569198,6618612,6614331,6587829,6670973,6562615,6660977,6603870,6518957,6625887,6600950,6533336,6570566,6528742,6549443,6427543
52,31,0,15,6726802,6700140,6578863,6622618,6557164,6606196,6602672,6575748,6658179,6549650,6648370,6590869,6506250,6614029,6588554,6520898,6557396,6515031,6536401,6414268
53,0,0,15,6738179,6711030,6589777,6634722,6569320,6617975,6613733,6587796,6670305,6562095,6660263,6603004,6517829,6625447,6600440,6533024,6569643,6527090,6548352,6426488
54,31,0,15,6726779,6699330,6578371,6623891,6557632,6605646,6601324,6576072,6658617,6549395,6648180,6590895,6505729,6613273,6588300,6520468,6556568,6514863,6536100,6414964
55,0,0,15,6738545,6711545,6590313,6635298,6569696,6618019,6613660,6587938,6670910,6562229,6660889,6602928,6517910,6626159,6600789,6533453,6569641,6527736,6548630,6427731
56,31,0,15,6726949,6700072,6579181,6623807,6558174,6607020,6602245,6576112,6659177,6550631,6648957,6591323,6506386,6614368,6589174,6521254,6557300,6515771,6536628,6416475
57,0,0,15,6738397,6712078,6590712,6635307,6570150,6618666,6614675,6587884,6671435,6563289,6661331,6603839,6518879,6626497,6601949,6533408,6570015,6528176,6549287,6428212
58,31,0,15,6726291,6699758,6578910,6622530,6557530,6606345,6601856,6575223,6658240,6549807,6648488,6590810,6506682,6614068,6588451,6520180,6557397,6515032,6535926,6415672
59,0,0,15,6740092,6712704,6591643,6636507,6570227,6619464,6614857,6589119,6671388,6562896,6662178,6603994,6519321,6627475,6601964,6534052,6571193,6528634,6549293,6428943
60,31,0,15,6726862,6699786,6578376,6623099,6557627,6606486,6601620,6575481,6658165,6549362,6647806,6590820,6506421,6613625,6588771,6519569,6557637,6515439,6535980,6415453
61,0,0,15,6739921,6712426,6591486,6636345,6570117,6619112,6614430,6588221,6671477,6562616,6661157,6603674,6519092,6626329,6602238,6532918,6570989,6528372,6548862,6428647
62,31,0,15,6727287,6700596,6578856,6623729,6557116,6606245,6601990,6575642,6658801,6550348,6648120,6590698,6506413,6613996,6588999,6519725,6558010,6515097,6536108,6415797
63,0,0,15,6738345,6712787,6590217,6635919,6569424,6617956,6613909,6587977,6670952,6561883,6660539,6602558,6518537,6625274,6602337,6532530,6570396,6527793,6549144,6427558
64,31,0,15,6726005,6700559,6577551,6623193,6557561,6605034,6602044,6575368,6658509,6549949,6647776,6589850,6506146,6612754,6588419,6519719,6557296,6515639,6535777,6414815
65,0,0,15,6738701,6712457,6589976,6635015,6569919,6616673,6614454,6588098,6671306,6562201,6661172,6602868,6518684,6625391,6601805,6533173,6570175,6527588,6548648,6428131
66,31,0,15,6726480,6700570,6578878,6623326,6558100,6605884,6602188,6575925,6659302,6549682,6648498,6590279,6506008,6613329,6589480,6520477,6558319,6515220,6535673,6416022
67,0,0,15,6739172,6712905,6591822,6636002,6570499,6619138,6614186,6588769,6672195,6562088,6661291,6603045,6518327,6625927,6602144,6533323,6571431,6527878,6549012,6428744
68,31,0,15,6727298,6700691,6579670,6623775,6558407,6606973,6602322,6576268,6659295,6550418,6648106,6590881,6506649,6613081,6589404,6520733,6557803,6515765,6536391,6416116
69,0,0,15,6739623,6712733,6591731,6636043,6569994,6618534,6614826,6588667,6671685,6563157,6661432,6603366,6518661,6626649,6602107,6533203,6571083,6528606,6549389,6428366
70,31,0,15,6727294,6701334,6579960,6624087,6558458,6606640,6603019,6576270,6659376,6550712,6648831,6590946,6506293,6614518,6588739,6520425,6557822,6515261,6536799,6415970
71,0,0,15,6738761,6713269,6591344,6636002,6569519,6618722,6614052,6587816,6670497,6562050,6660166,6602493,6517822,6626546,6601074,6533319,6570581,6527301,6548799,6428294
72,31,0,15,6726352,6700218,6578520,6623471,6556660,6606104,6601437,6575288,6657577,6549131,6647166,6589591,6504695,6613331,6588226,6519725,6557113,6514706,6535996,6414747
73,0,0,15,6739112,6712815,6591038,6636242,6569597,6618461,6614515,6588009,6671095,6562056,6660626,6602404,6517303,6626482,6602076,6533098,6570790,6528111,6549206,6427649
74,31,0,15,6726093,6700180,6578548,6623665,6556931,6605164,6601944,6575368,6658216,6549637,6647543,6589492,6505157,6613236,6588773,6520162,6557435,6514964,6535632,6414816
75,0,0,15,6738543,6712813,6590596,6636146,6568862,6618118,6614085,6587678,6670514,6562415,6660043,6602179,6517754,6626494,6601953,6533282,6570450,6527895,6549140,6427636
76,31,0,15,6727446,6701110,6579106,6624197,6557396,6606399,6602554,6575967,6658850,6550606,6648248,6590435,6505966,6613960,6588764,6520896,6557890,6515635,6537016,6415722
77,0,0,15,6739869,6713384,6591396,6636575,6569211,6618328,6614690,6587900,6671377,6562635,6660549,6602755,6517867,6626238,6602289,6533244,6570588,6528354,6549474,6428172
78,31,0,15,6727579,6701321,6580053,6624670,6557343,6606282,6602637,6575860,6659137,6550812,6648366,6591016,6505521,6613874,6589853,6521753,6558277,6515814,6537862,6416650
79,0,0,15,6738826,6713116,6591614,6636614,6569170,6619139,6614640,6588067,6670760,6562578,6661264,6603314,6517455,6626499,6601730,6534466,6571451,6527963,6550371,6428976
80,31,0,15,6725543,6699059,6577864,6622509,6556023,6605719,6602213,6574447,6657771,6549379,6647678,6589862,6504074,6613497,6588170,6519919,6557503,6514111,6536569,6415310
81,0,0,15,6738866,6711040,6590557,6634780,6569094,6618294,6614862,6587176,6670716,6562324,6660474,6602493,6516941,6625988,6600859,6533822,6570926,6526994,6549378,6427867
82,31,0,15,6726052,6698608,6578908,6622615,6556916,6606052,6601673,6575207,6657896,6550155,6647167,6589591,6504765,6613406,6588613,6520838,6557819,6514149,6536432,6415392
83,0,0,15,6738933,6711455,6591338,6635711,6569404,6618236,6615007,6587865,6670567,6562821,6660118,6602871,6517571,6625440,6601871,6534015,6570977,6527391,6549592,6427915
84,31,0,15,6726496,6700922,6579566,6624098,6556544,6606607,6603068,6576272,6658141,6550086,6647566,6590434,6505550,6612984,6590268,6521423,6557982,6514909,6536580,6415991
85,0,0,15,6738777,6712696,6591473,6635718,6568957,6619025,6614833,6588436,6670759,6562598,6660945,6602640,6517784,6625399,6602011,6533449,6570551,6528269,6548844,6427831
86,31,0,15,6726914,6700073,6578313,6623013,6557248,6606559,6602096,6575772,6658301,6550040,6648135,6590015,6505827,6613209,6588903,6521108,6557403,6514459,6536707,6415644
87,0,0,15,6738256,6711742,6591821,6635938,6569823,6618667,6614761,6588445,6671083,6562365,6661483,6602954,6517894,6626171,6602620,6534134,6570439,6527765,6549147,6428711
88,31,0,15,6726418,6699288,6578785,6623313,6557885,6606602,6602163,6575325,6658834,6549666,6648563,6589840,6505382,6613532,6589052,6520993,6557713,6514182,6536300,6414890
89,0,0,15,6739332,6712068,6591568,6635295,6570489,6619244,6615136,6588195,6671925,6563357,6661965,6603310,6518368,6626710,6602236,6534107,6570557,6527895,6549392,6427715
90,31,0,15,6726389,6698615,6578605,6622779,6557635,6606122,6601832,6574820,6658376,6550321,6648915,6590082,6505696,6613431,6588599,6521099,6557057,6514251,6536127,6415292
91,0,0,15,6738329,6711279,6591250,6634937,6569899,6618179,6613615,6587355,6671004,6562491,6662325,6602796,6518177,6626035,6601236,6533973,6570298,6527657,6549007,6427853
92,31,0,15,6727069,6700325,6580385,6624756,6558365,6606028,6602057,6576365,6659496,6551013,6650024,6591338,6506699,6614819,6590071,6521952,6558306,6515895,6537378,6416250
93,0,0,15,6739552,6711827,6591814,6636399,6570557,6617395,6613428,6588180,6671177,6563013,6662380,6603412,6518123,6626242,6602305,6533985,6570518,6528431,6549612,6428400
94,31,0,15,6726671,6700011,6579339,6623053,6558291,6605358,6601292,6575488,6658452,6550288,6649297,6590623,6506320,6613578,6589110,6520772,6557334,6515394,6536096,6415459
95,0,0,15,6738173,6712027,6591276,6635887,6570225,6618058,6612714,6587323,6670730,6562987,6661152,6602866,6518309,6625481,6601317,6533550,6570449,6528030,6549164,6427454
96,31,0,15,6726082,6699404,6579529,6623367,6559635,6605931,6601083,6575807,6659326,6550272,6648972,6590417,6506402,6612974,6589302,6521310,6558059,6515357,6536409,6415950
97,0,0,15,6738525,6712528,6591150,6635442,6571448,6617113,6613379,6587878,6671620,6563422,6661818,6602994,6518900,6625836,6602351,6533965,6570853,6528485,6549758,6428799
98,31,0,15,6725779,6700737,6579401,6622521,6558978,6605181,6601115,6575709,6658964,6550258,6648620,6589915,6506025,6613236,6589155,6521338,6557336,6514632,6536240,6415806
99,0,0,15,6737973,6712227,6590943,6635195,6570290,6617522,6612793,6587712,6671015,6562403,6660636,6602240,6517589,6625059,6601656,6533630,6569388,6526886,6548259,6428097
100,31,0,15,6725230,6699278,6578503,6622732,6558221,6605106,6599828,6575126,6658354,6549269,6647495,6590060,6504894,6611984,6588450,6520510,6555791,6514247,6535334,6415185
101,0,0,15,6738476,6711155,6591341,6635340,6570644,6618361,6613086,6587391,6671590,6561529,6660231,6602345,6517248,6623862,6601733,6533479,6569375,6527064,6548963,6428109
102,31,0,15,6726149,6699409,6579215,6623234,6558487,6605961,6600697,6575590,6658756,6549254,6647632,6589987,6505399,6612095,6589792,6520659,6557161,6513750,6535873,6415710
103,0,0,15,6738260,6710869,6591726,6635291,6571412,6618059,6612936,6587456,6671653,6562680,6660791,6602579,6517786,6625491,6602500,6533473,6570595,6526992,6549387,6427715
104,31,0,15,6725757,6698972,6579135,6623091,6558715,6604930,6601128,6575126,6658811,6549596,6647855,6589162,6505453,6612257,6589262,6520403,6557261,6514204,6536204,6415335
105,0,0,15,6737851,6710605,6590709,6635360,6570595,6616431,6613095,6587022,6669836,6561415,6660166,6601054,6516477,6624025,6600856,6532828,6569656,6526226,6548517,6426296
106,31,0,15,6725853,6698092,6579156,6622536,6559101,6604694,6600734,6574927,6658246,6549560,6647932,6589567,6504421,6610865,6588660,6519759,6557085,6513658,6535835,6413886
107,0,0,15,6738019,6710579,6591125,6634904,6571014,6617541,6613652,6586864,6670777,6562013,6660650,6602208,6517410,6623938,6601665,6532843,6569597,6527491,6548820,6426877
108,31,0,15,6726180,6698023,6578749,6622266,6558631,6605990,6601674,6574736,6658215,6550126,6647906,6589842,6505794,6611890,6589484,6520587,6557235,6515287,6535712,6414642
109,0,0,15,6738963,6709762,6590035,6634154,6570768,6618300,6613914,6586814,6670178,6562568,6660483,6602162,6517565,6624489,6601336,6533023,6570037,6527772,6548156,6427059
110,31,0,15,6726715,6698311,6578560,6622794,6559297,6606383,6601613,6574384,6657792,6550588,6648353,6590020,6505657,6612510,6589237,6519777,6557147,6515299,6535326,6415235
111,0,0,15,6739281,6711424,6591281,6635275,6571645,6619005,6613845,6587562,6670936,6563760,6661385,6602482,6518458,6625496,6601937,6533415,6570751,6528251,6548332,6427551
112,31,0,15,6725224,6697990,6578023,6621958,6557651,6605602,6600510,6573787,6657377,6549464,6647431,6588794,6504987,6612217,6588130,6519871,6556620,6514183,6535154,6413998
113,0,0,15,6738064,6710757,6590455,6634673,6570363,6618063,6613600,6587154,6669853,6562105,6660683,6601966,6518246,6624513,6601660,6532459,6569596,6527505,6548204,6427109
114,31,0,15,6725718,6698510,6578310,6622393,6557732,6605722,6600982,6574323,6657933,6549605,6647158,6589151,6505733,6612302,6589193,6519668,6556546,6514505,6535658,6414138
115,0,0,15,6737272,6710426,6590393,6634246,6569486,6618136,6613010,6586135,6669428,6562099,6659627,6601332,6517332,6623881,6601020,6532303,6568883,6526464,6548222,6426611
116,31,0,15,6725658,6699377,6578549,6623425,6558261,6606471,6601370,6574737,6658103,6550466,6647915,6589808,6505622,6612642,6589062,6519847,6556041,6514676,6536229,6414965
117,0,0,15,6737991,6711106,6591003,6636022,6571192,6618510,6614088,6587040,6671115,6563400,6661567,6602791,6518368,6624842,6602038,6533607,6570111,6527861,6549019,6427552
118,31,0,15,6725943,6699157,6578901,6623507,6558680,6605768,6601301,6574225,6658271,6550235,6647516,6589578,6505889,6611523,6589074,6520234,6557370,6514394,6535843,6414802
119,0,0,15,6738270,6710496,6590986,6635533,6569930,6617679,6613060,6586208,6670448,6562475,6659421,6601499,6517883,6624056,6601831,6532934,6570056,6527209,6548553,6426974
120,31,0,15,6725554,6697616,6577871,6622253,6557210,6605213,6599958,6573178,6656867,6549625,6646466,6587838,6504869,6611505,6588588,6519600,6556367,6512632,6534676,6413689
121,0,0,15,6737888,6710077,6590483,6635109,6570423,6617995,6613882,6585912,6669561,6562439,6659578,6600750,6517559,6624411,6601647,6532593,6570519,6526393,6547787,6426214
122,31,0,15,6726445,6698395,6578025,6622905,6558981,6605448,6601601,6573705,6657423,6549975,6646865,6588369,6505008,6611067,6588883,6520502,6556942,6513971,6535640,6414625
123,0,0,15,6738070,6711272,6590441,6634941,6570717,6617481,6613466,6586166,6669699,6562129,6659580,6600656,6517100,6624342,6600455,6533011,6569772,6526654,6548541,6425905
124,31,0,15,6726618,6700274,6578736,6623133,6558806,6605516,6602243,6574372,6658551,6550866,6647525,6589367,6505802,6612481,6589638,6520431,6557708,6515029,6536213,6414363
125,0,0,15,6738729,6712310,6590620,6635646,6570294,6617515,6614229,6586567,6670752,6562871,6659837,6601423,6517557,6624328,6601686,6533277,6569984,6527886,6548468,6426338
126,31,0,15,6725801,6699564,6578417,6622896,6557733,6605083,6601774,6573828,6657655,6549739,6646326,6588418,6504835,6611855,6588004,6519982,6555625,6514170,6535326,6412808
127,0,0,15,6738476,6711239,6589976,6634979,6569956,6617860,6613551,6585990,6670132,6562202,6659673,6600827,6516905,6625491,6600901,6533130,6568260,6526209,6548517,6426266
128,31,0,15,6726252,6699087,6577828,6622225,6557181,6605360,6600857,6573745,6657441,6549930,6647034,6588892,6504749,6612549,6588126,6520595,6555064,6513692,6536032,6414034
129,0,0,15,6739152,6711798,6590600,6634959,6569811,6618226,6613443,6587417,6670669,6562584,6660478,6602146,6518201,6625586,6601633,6533954,6568805,6526451,6549513,6426932
130,31,0,15,6726885,6699924,6578673,6623277,6558021,6605718,6601296,6574578,6658413,6551103,6647991,6590082,6505518,6613159,6589322,6520699,6556241,6514664,6536812,6414346
131,0,0,15,6738499,6712029,6590151,6635831,6570678,6617798,6613849,6586868,6670556,6562889,6660320,6602107,6517258,6624948,6602288,6533418,6568811,6527231,6548800,6426577
132,31,0,15,6727381,6700312,6578290,6623745,6559213,6605997,6602594,6575009,6658783,6550425,6647626,6590242,6505782,6613291,6588993,6521421,6556863,6514276,6536574,6413755
133,0,0,15,6738590,6712382,6590256,6636028,6571212,6618088,6614820,6587247,6671146,6562774,6660276,6602922,6517518,6625600,6601484,6533606,6569189,6526731,6548292,6426217
134,31,0,15,6726964,6700419,6579465,6624701,6559039,6606469,6603205,6576012,6659393,6550549,6648308,6590377,6505462,6613198,6588922,6520958,6557300,6515249,6536544,6415182
135,0,0,15,6739322,6712459,6590691,6636169,6570390,6617973,6615055,6587457,6671465,6562931,6660693,6602391,6517698,6624768,6602048,6533735,6570120,6527507,6548245,6426827
136,31,0,15,6725993,6699613,6577880,6623424,6558277,6605095,6602053,6574344,6658357,6549631,6647180,6589714,6504781,6612005,6589132,6520234,6555683,6514529,6535739,6414209
137,0,0,15,6738945,6712400,6591163,6636643,6570680,6619040,6614464,6588036,6671311,6562602,6660647,6602972,6517759,6625323,6602395,6534014,6569170,6527546,6548675,6427092
138,31,0,15,6726175,6700111,6578357,6624318,6558175,6605686,6602040,6575124,6658266,6549494,6647122,6590219,6505763,6612458,6589562,6520138,6556399,6515082,6535480,6414391
139,0,0,15,6738533,6712122,6590599,6635997,6570362,6618047,6614762,6587207,6670973,6561512,6660407,6602621,6517729,6624891,6601519,6533497,6568964,6527115,6548544,6426592
140,31,0,15,6725916,6700179,6578426,6623410,6558087,6605455,6602259,6574893,6657770,6549145,6647195,6589623,6505393,6612785,6588543,6521770,6556008,6514595,6535744,6414861
141,0,0,15,6737677,6711972,6589914,6635598,6569708,6618061,6613830,6587380,6670627,6562615,6659809,6602230,6517852,6625139,6600787,6534121,6568586,6527260,6547786,6427181
142,31,0,15,6725206,6700214,6578458,6622519,6558302,6606031,6601660,6575316,6657860,6550568,6647326,6590118,6505841,6612802,6588556,6520959,6556493,6515189,6535643,6414434
143,0,0,15,6738465,6712596,6590716,6634526,6570943,6618168,6614601,6587403,6671097,6563060,6661171,6603420,6518028,6626365,6601190,6534043,6569575,6528219,6548908,6427231
144,31,0,15,6727173,6700093,6578390,6623423,6558965,6605763,6601801,6575575,6658435,6550109,6648981,6591082,6505954,6613904,6588864,6522164,6556783,6515652,6536453,6414827
145,0,0,15,6737607,6711534,6589746,6634912,6570028,6616980,6612953,6586795,6669789,6562192,6660849,6602506,6517271,6624705,6601022,6533806,6568139,6527424,6547618,6426249
146,31,0,15,6725169,6699287,6577568,6622455,6557824,6604771,6600855,6574207,6657275,6549887,6647459,6590040,6504931,6612689,6587976,6521284,6555786,6515179,6535132,6414400
147,0,0,15,6738497,6711975,6590237,6635297,6570410,6617670,6614200,6587115,6670233,6562298,6660732,6603003,6518152,6625589,6600972,6533965,6568977,6527778,6548408,6427403
148,31,0,15,6727072,6700890,6579057,6624196,6559161,6606790,6602811,6575642,6658784,6551006,6649170,6591459,6506053,6613849,6590434,6521561,6556884,6515848,6536576,6415618
149,0,0,15,6738663,6712506,6590097,6635250,6570633,6618617,6614168,6587043,6670556,6563101,6661576,6602954,6518035,6625618,6601840,6534011,6568996,6527338,6548930,6426941
150,31,0,15,6726484,6699612,6577706,6622774,6558086,6605799,6602151,6574527,6658066,6550567,6648775,6590312,6505224,6612649,6588779,6520536,6556451,6515328,6535868,6414309
151,0,0,15,6738222,6712122,6590484,6635881,6570645,6618467,6615167,6587491,6670946,6563366,6662181,6603545,6517828,6625893,6602071,6533887,6569437,6527736,6549189,6426804
152,31,0,15,6725749,6699028,6577348,6622679,6558154,6605068,6601067,6574235,6657218,6549677,6648221,6590511,6504344,6612472,6588260,6519994,6555061,6514096,6535099,6413589
153,0,0,15,6739561,6711385,6590553,6635824,6571190,6618505,6614197,6587137,6670807,6562961,6661898,6603587,6518267,6625057,6601567,6533324,6568161,6527422,6548427,6426599
154,31,0,15,6725474,6698779,6577975,6622551,6557993,6605144,6601020,6574344,6657102,6549487,6646984,6589798,6504611,6612075,6587891,6519352,6554501,6513872,6535445,6412877
155,0,0,15,6738815,6711700,6590204,6635275,6570784,6617871,6613962,6586882,6670581,6562784,6660951,6603541,6517186,6624279,6600849,6532745,6568499,6527734,6549340,6426525
156,31,0,15,6725878,6699298,6577842,6622772,6557878,6605132,6601016,6574268,6657653,6549753,6648300,6590678,6504869,6611108,6587832,6519920,6556427,6514515,6536127,6414912
157,0,0,15,6739166,6711745,6590006,6635010,6570694,6618202,6614689,6587154,6669933,6562536,6661020,6603316,6517813,6624639,6600702,6533744,6568543,6527815,6548810,6427619
158,31,0,15,6727574,6699706,6578142,6623369,6558782,6606620,6602315,6574866,6658403,6550457,6648439,6591776,6505444,6612685,6588824,6520671,6555779,6515046,6536914,6414937
159,0,0,15,6738684,6710926,6589595,6634728,6569965,6617128,6613917,6586184,6669295,6561761,6660682,6602628,6517171,6624357,6600602,6531773,6567741,6527134,6548669,6426307
160,31,0,15,6725944,6698497,6577277,6622272,6557578,6605603,6601309,6574031,6656904,6549614,6647891,6590269,6505077,6611643,6588588,6519354,6555727,6514112,6536007,6414235
161,0,0,15,6738216,6711108,6589667,6635345,6570117,6618439,6614061,6586499,6669804,6562612,6661518,6603126,6517914,6625150,6601452,6533123,6569126,6527480,6549310,6427101
162,31,0,15,6726289,6699126,6577766,6622675,6557810,6605676,6601719,6574351,6657756,6550721,6648706,6590722,6505146,6612479,6588058,6520455,6556169,6514951,6536507,6414392
163,0,0,15,6738378,6712046,6590490,6634415,6570409,6618777,6614165,6587261,6670661,6564203,6662284,6603042,6518441,6625285,6601896,6533376,6569667,6528054,6549864,6427065
164,31,0,15,6725365,6699062,6577662,6621846,6557661,6606008,6601187,6574910,6657565,6550455,6648461,6590439,6505105,6612264,6588396,6520280,6555193,6514213,6536126,6414464
165,0,0,15,6738632,6711419,6590139,6633977,6570369,6618345,6613619,6587213,6670758,6562805,6661356,6603445,6518165,6625058,6602173,6534270,6569099,6527993,6548985,6427186
166,31,0,15,6726392,6698253,6578126,6621467,6558391,6605223,6600436,6574719,6658487,6549839,6648153,6590763,6506004,6612448,6588679,6520440,6555319,6514081,6536142,6413666
167,0,0,15,6739285,6711615,6589996,6634286,6570685,6617321,6613290,6587554,6671230,6563074,6661201,6603522,6518637,6625023,6601604,6533956,6568269,6526979,6549483,6426500
168,31,0,15,6725564,6699221,6578271,6622062,6558141,6604979,6600987,6574882,6658709,6550399,6648198,6590467,6505635,6613189,6588749,6520191,6555145,6514041,6535685,6413925
169,0,0,15,6738447,6711568,6590285,6633781,6570206,6618359,6613167,6587536,6671229,6562595,6660806,6603064,6518184,6626001,6602308,6532838,6567956,6527199,6548740,6426674
170,31,0,15,6725592,6698398,6577515,6621040,6557651,6605572,6599478,6574540,6658145,6548704,6647615,6589787,6505368,6612220,6588850,6519868,6555156,6513598,6535121,6413358
171,0,0,15,6739307,6711490,6590023,6633934,6571265,6618805,6613860,6587332,6671682,6562658,6661498,6603437,6518970,6625575,6602808,6533852,6569608,6527977,6548963,6427275
172,31,0,15,6726848,6699240,6577773,6621600,6558269,6605964,6601180,6574378,6659416,6549753,6648138,6590700,6505945,6612733,6589718,6520515,6555662,6514489,6535770,6415477
173,0,0,15,6739487,6711860,6590081,6634649,6571198,6618401,6614265,6587343,6672415,6562843,6661362,6602856,6519091,6625341,6603009,6534153,6569154,6528361,6548690,6428186
174,31,0,15,6726619,6699360,6577466,6622519,6558222,6605109,6601261,6574749,6659017,6549848,6648289,6590133,6506205,6613153,6589414,6520780,6555649,6514990,6535591,6416047
175,0,0,15,6738178,6710857,6589076,6633770,6569383,6616712,6612775,6586035,6670531,6561190,6659879,6602116,6516900,6624718,6600731,6532311,6567458,6527568,6547533,6426401
176,31,0,15,6726456,6699093,6577569,6622164,6557692,6605850,6601020,6574355,6658462,6549279,6647783,6590564,6505676,6611864,6589477,6520347,6555284,6515122,6535787,6413962
177,0,0,15,6738097,6711354,6589875,6633706,6570491,6618100,6613717,6586466,6671476,6561800,6660686,6603153,6517043,6625356,6602251,6533361,6568469,6527318,6548737,6426394
178,31,0,15,6726151,6698846,6577148,6621619,6557997,6605253,6601378,6573357,6658483,6548991,6647419,6590663,6504583,6612288,6590181,6520332,6555288,6514606,6535535,6414252
179,0,0,15,6738054,6710860,6589083,6633971,6570338,6617182,6613739,6585972,6670767,6561182,6660046,6602677,6517144,6624228,6601392,6532989,6568406,6527589,6548159,6427205
180,31,0,15,6726053,6698748,6577215,6622335,6557803,6604899,6601002,6573444,6658307,6548390,6646983,6589953,6504672,6611870,6587759,6520192,6554983,6514329,6535324,6414727
181,0,0,15,6738790,6711971,6589917,6636397,6570801,6618958,6614638,6587633,6671503,6562530,6661075,6603789,6518369,6626230,6602327,6534296,6568970,6528182,6549547,6428216
182,31,0,15,6725945,6699720,6577979,6624176,6558208,6606517,6601602,6574711,6658493,6549171,6647603,6590871,6505578,6613254,6589395,6520644,6555784,6515031,6536575,6415562
183,0,0,15,6737954,6711296,6589762,6635930,6569273,6618158,6612800,6586179,6670405,6561407,6660203,6602680,6517238,6626138,6600488,6533224,6568452,6527169,6548459,6427065
184,31,0,15,6725001,6698166,6577148,6622939,6556735,6605520,6600538,6573818,6658278,6547533,6647093,6590199,6504773,6612772,6587532,6519433,6555478,6514635,6535379,6414471
185,0,0,15,6738143,6710545,6589046,6634756,6569466,6617833,6613659,6586738,6670456,6561631,6660250,6602641,6516985,6624974,6600471,6532557,6568492,6527044,6548663,6427318
186,31,0,15,6725098,6697747,6576878,6622344,6556386,6604439,6600690,6573881,6657698,6548508,6646955,6589201,6504385,6611885,6587237,6519274,6554846,6514033,6535295,6414334
187,0,0,15,6738281,6710682,6589700,6636031,6569728,6618225,6614295,6586580,6670246,6562340,6660471,6602332,6517595,6625382,6601148,6533246,6568057,6527911,6549346,6427487
188,31,0,15,6726241,6698642,6577510,6623010,6557148,6605500,6601872,6574364,6657348,6549022,6647687,6589084,6505325,6612863,6588128,6519791,6555008,6514646,6536398,6414487
189,0,0,15,6737849,6710151,6588994,6635248,6568519,6617717,6613979,6586441,6669365,6561413,6660022,6602171,6517451,6625204,6600242,6532264,6567474,6527407,6548365,6426483
190,31,0,15,6726467,6699273,6577961,6623693,6557184,6605960,6601090,6575146,6657670,6549770,6647620,6590948,6505934,6613636,6587809,6520726,6555184,6515804,6536158,6415483
191,0,0,15,6739026,6711088,6589991,6635776,6569695,6618045,6613740,6587446,6670471,6562067,6660345,6603591,6517766,6626240,6601003,6533357,6568067,6528133,6548895,6427034
192,31,0,15,6725871,6698420,6576829,6622140,6556628,6605089,6600371,6574357,6657214,6548472,6646560,6590340,6504639,6612834,6586382,6519244,6553949,6514323,6535218,6413740
193,0,0,15,6738344,6710497,6589134,6634598,6568745,6616919,6612821,6586827,6670170,6561688,6659577,6602324,6517423,6625131,6599719,6532773,6566190,6526410,6547870,6426025
194,31,0,15,6726341,6699370,6577813,6624106,6557256,6605613,6601448,6574768,6658346,6549618,6647642,6590550,6506271,6613202,6588457,6520695,6554555,6515686,6535709,6414929
195,0,0,15,6739869,6711343,6590064,6636418,6570288,6618064,6613575,6586987,6671021,6562518,6660262,6603599,6518526,6625947,6601143,6533721,6567888,6528010,6548397,6427817
196,31,0,15,6726455,6698830,6576973,6623245,6557347,6604745,6600571,6573611,6658213,6548681,6647206,6590357,6505125,6612383,6587485,6520031,6554623,6514976,6535605,6414573
197,0,0,15,6739013,6712476,6590046,6636096,6569942,6618483,6614114,6586963,6671865,6562900,6660596,6603310,6518252,6625880,6600764,6533734,6567804,6528577,6549131,6427868
198,31,0,15,6724793,6698318,6576859,6622384,6556221,6604513,6600707,6573898,6657866,6549413,6646549,6589665,6505071,6612021,6586934,6519743,6553860,6514372,6535165,6413545
199,0,0,15,6738963,6711818,6590238,6636270,6570004,6619278,6614179,6587745,6671023,6562944,6660803,6603801,6518538,6626289,6600959,6533804,6568055,6528055,6548850,6427406
200,31,0,15,6726548,6698547,6577885,6623389,6556914,6606010,6601031,6574441,6657687,6549943,6646366,6589775,6505376,6612218,6587212,6520075,6554919,6515333,6535079,6414484
201,0,0,15,6738911,6712095,6591153,6636145,6570181,6619365,6613929,6587598,6671012,6562278,6660378,6603122,6518318,6625346,6600990,6533419,6568695,6528095,6548549,6427665
202,31,0,15,6725502,6699470,6577906,6623263,6556819,6606783,6600938,6574096,6657413,6549594,6647470,6590502,6505566,6611535,6588347,6520498,6555630,6514603,6534517,6414046
203,0,0,15,6738583,6711811,6590768,6636106,6569176,6619393,6613983,6587224,6670771,6562412,6660699,6602898,6518608,6624927,6601821,6533945,6569073,6527897,6547702,6427577
204,31,0,15,6726377,6699662,6579065,6622918,6556708,6606977,6601228,6575019,6657722,6550211,6648164,6590265,6505907,6613384,6588542,6520346,6556171,6515296,6535517,6415457
205,0,0,15,6739377,6712247,6590988,6635378,6569259,6619326,6613945,6587164,6671015,6563099,6661048,6603515,6519109,6626049,6601122,6534626,6569307,6528527,6548354,6428485
206,31,0,15,6726268,6699257,6577975,6622919,6556536,6606239,6600441,6573721,6657643,6550000,6647584,6590297,6505482,6613235,6588097,6520617,6554871,6514903,6535676,6414913
207,0,0,15,6738433,6711890,6590511,6636176,6568998,6618935,6612979,6586876,6670772,6562660,6660644,6603018,6518522,6625871,6601150,6533609,6568473,6527805,6548934,6428532
208,31,0,15,6726596,6699931,6578744,6624110,6556611,6606757,6601123,6575333,6658255,6549737,6648553,6590985,6506277,6613900,6588480,6521229,6555804,6515598,6535997,6416897
209,0,0,15,6738440,6711069,6590263,6635811,6568302,6618619,6612660,6586448,6669762,6562351,6660671,6602764,6517541,6625975,6599923,6533010,6568443,6527403,6547894,6427667
210,31,0,15,6726159,6698726,6578138,6623782,6556675,6606268,6600619,6574045,6657543,6550289,6647465,6590115,6505260,6613343,6587773,6520283,6556175,6515135,6534925,6415447
211,0,0,15,6738045,6711055,6590656,6636119,6569208,6618328,6613750,6586911,6669918,6562740,6660848,6603021,6517512,6627087,6600775,6533206,6569546,6527511,6548103,6428183
212,31,0,15,6725436,6697661,6577803,6623341,6556244,6605606,6600215,6573911,6657237,6549489,6646943,6589696,6504504,6613314,6587346,6519649,6555608,6513876,6534354,6414886
213,0,0,15,6738098,6710574,6589438,6636219,6568648,6617866,6612588,6586450,6669930,6562476,6660212,6602611,6516877,6625905,6600459,6533431,6569122,6526993,6548301,6427092
214,31,0,15,6725317,6698065,6577433,6622969,6556645,6604759,6600352,6573699,6657164,6549828,6647533,6589605,6504321,6612393,6587164,6520341,6555795,6514483,6535727,6414445
215,0,0,15,6737822,6710447,6589853,6635014,6569069,6616957,6613396,6586385,6670105,6562787,6660127,6602829,6517521,6625269,6599782,6534036,6568320,6527385,6548196,6427210
216,31,0,15,6725244,6698620,6578335,6622230,6556864,6605327,6601333,6574265,6658434,6550109,6647500,6590765,6505265,6612421,6587929,6520520,6555201,6514949,6535316,6415221
217,0,0,15,6737896,6710691,6590082,6634905,6568349,6616993,6613336,6586202,6670213,6562605,6659964,6602434,6517130,6624475,6600780,6532765,6568014,6527431,6547092,6427318
218,31,0,15,6725822,6699099,6578740,6623182,6556431,6605609,6601037,6573916,6657572,6550896,6647305,6590127,6505789,6611760,6587820,6520185,6556233,6514660,6535135,6414700
219,0,0,15,6738651,6711225,6590391,6635731,6569187,6618155,6613254,6586966,6670254,6562419,6660592,6603165,6518653,6624624,6601414,6533631,6569036,6527814,6548429,6428431
220,31,0,15,6726457,6698637,6578332,6622579,6557189,6604448,6600129,6573983,6657726,6549085,6647163,6589937,6505384,6612754,6587415,6520932,6555728,6514380,6535589,6415185
221,0,0,15,6739051,6710458,6590566,6635195,6570183,6617707,6612630,6586814,6670581,6562710,6660373,6603214,6518530,6625937,6600821,6533511,6568954,6527309,6548613,6428161
222,31,0,15,6726710,6699161,6579123,6623046,6558694,6606527,6600887,6575734,6658300,6550827,6648477,6591272,6506648,6613670,6588830,6521105,6556388,6515968,6536132,6416522
223,0,0,15,6737913,6710391,6590160,6634378,6569791,6617644,6612454,6586531,6670416,6562849,6660073,6602430,6517750,6625850,6600870,6533229,6567902,6526807,6548397,6427405
224,31,0,15,6725861,6698536,6577784,6622374,6557297,6605367,6601120,6574315,6658134,6550634,6647158,6590028,6505179,6613497,6588017,6520172,6555245,6514313,6535567,6414651
225,0,0,15,6738907,6711334,6590451,6634887,6570184,6618705,6613779,6587170,6671109,6563028,6661620,6603378,6518754,6626827,6601079,6533900,6569163,6528026,6548989,6428424
226,31,0,15,6726658,6698733,6578161,6622986,6558122,6605907,6601687,6574688,6657911,6550268,6647931,6590266,6505856,6613080,6588764,6520371,6555560,6514582,6536567,6415251
227,0,0,15,6738909,6710929,6590157,6634977,6570522,6617734,6613742,6587354,6670001,6562182,6660880,6602677,6517766,6625085,6601796,6533961,6567865,6527502,6549066,6427672
228,31,0,15,6725423,6698342,6577545,6622554,6557322,6604982,6600708,6574695,6656839,6549573,6646801,6590022,6505292,6612778,6588408,6520389,6553586,6513988,6536031,6414801
229,0,0,15,6738088,6710878,6589669,6634696,6569569,6617612,6614056,6586455,6670201,6562587,6660467,6602866,6517186,6626078,6600887,6533360,6567242,6527243,6548698,6427325
230,31,0,15,6725929,6698439,6577650,6622148,6558376,6605650,6601604,6574223,6657580,6550094,6647291,6591121,6505437,6613925,6588229,6521210,6555001,6515472,6536336,6415908
231,0,0,15,6737900,6710295,6589582,6634408,6570225,6617918,6613473,6585775,6670252,6562800,6659641,6602745,6517210,6625277,6600244,6533664,6567731,6527601,6548812,6427939
232,31,0,15,6725693,6698558,6577466,6622444,6557925,6605232,6600771,6574137,6657652,6550057,6647380,6590027,6505140,6612705,6588001,6520743,6555985,6514693,6535988,6414466
233,0,0,15,6737589,6711163,6590287,6635087,6570181,6618011,6614338,6586937,6670411,6562768,6660007,6602876,6517598,6625157,6601393,6533549,6568556,6527662,6549479,6426787
234,31,0,15,6725341,6699005,6578174,6622540,6558219,6605395,6601589,6574447,6657762,6550243,6647697,6590105,6505077,6612531,6588039,6520530,6555578,6515091,6536009,6413924
235,0,0,15,6736638,6711113,6588876,6634596,6569059,6616680,6613098,6585722,6669822,6561167,6659193,6601456,6516249,6624145,6599737,6532173,6566997,6526422,6547758,6425782
236,31,0,15,6725425,6699901,6578021,6622969,6557698,6605424,6601300,6574543,6657277,6549522,6647448,6590442,6504683,6612741,6588851,6519627,6555009,6513592,6535650,6413821
237,0,0,15,6737913,6711472,6590380,6635360,6569575,6617764,6613951,6587667,6670373,6562382,6659850,6602847,6517070,6625568,6601234,6532512,6568298,6526820,6548544,6426673
238,31,0,15,6724587,6698922,6577981,6622871,6557153,6605364,6600073,6575517,6657562,6549388,6647332,6589905,6504672,6612080,6587971,6519620,6554918,6513287,6535301,6414329
239,0,0,15,6736650,6710727,6589342,6634665,6568593,6617723,6613142,6587196,6669278,6561487,6659726,6602308,6516587,6624063,6600108,6532129,6567624,6526284,6547464,6427397
240,31,0,15,6724628,6699188,6577293,6622554,6556978,6605808,6601425,6575177,6656708,6549740,6646901,6590053,6504474,6611885,6587966,6519961,6554701,6513955,6535000,6415139
241,0,0,15,6738067,6712665,6590355,6635321,6569712,6617925,6613916,6587632,6670226,6562584,6660568,6602973,6517433,6624622,6601052,6532681,6567494,6527057,6548376,6428218
242,31,0,15,6725783,6699739,6577643,6622273,6557056,6605005,6601345,6574720,6657183,6549641,6646779,6589370,6503990,6612180,6586932,6519241,6554485,6513856,6534746,6415350
243,0,0,15,6738165,6711392,6589686,6634494,6569662,6617619,6613133,6586620,6669530,6562062,6660183,6602577,6517078,6625140,6600045,6532545,6567651,6526965,6547980,6427109
244,31,0,15,6725893,6699585,6578243,6622080,6557577,6606179,6601203,6574031,6657815,6550022,6647289,6590062,6504748,6613420,6588124,6520081,6555027,6514526,6535657,6414772
245,0,0,15,6737815,6711546,6589575,6634075,6569852,6618407,6613617,6586863,6670281,6562130,6660151,6602509,6517163,6625558,6600810,6532237,6567312,6526992,6548370,6426945
246,31,0,15,6724761,6699590,6576983,6621697,6557931,6606107,6601785,6574240,6657649,6549981,6647474,6590240,6505581,6612848,6587969,6519749,6554845,6514362,6535918,6414414
247,0,0,15,6737015,6712016,6589684,6634699,6570203,6618562,6614653,6586437,6670726,6563119,6660943,6603114,6518344,6626361,6601311,6532360,6567792,6526953,6548296,6427250
248,31,0,15,6725203,6699580,6577450,6622592,6557511,6606033,6600854,6574230,6657463,6550111,6647837,6590078,6505412,6612995,6588734,6519214,6555239,6514125,6535298,6414720
249,0,0,15,6737720,6711949,6589557,6635079,6569281,6617999,6613235,6586418,6669577,6563030,6660109,6602538,6517700,6625209,6600210,6531676,6568564,6526644,6547465,6426910
250,31,0,15,6725743,6700023,6577283,6622783,6557197,6605531,6601618,6574829,6657235,6550236,6647152,6590341,6505280,6612382,6587728,6518690,6554991,6514495,6535434,6414617
251,0,0,15,6737428,6712728,6590372,6635220,6568815,6618188,6614819,6587367,6670532,6563314,6660756,6602806,6518054,6624301,6600808,6532297,6568349,6527561,6548430,6427061
252,31,0,15,6724906,6700070,6578335,6622694,6556259,6605929,6602192,6574701,6657560,6550806,6647669,6590529,6505681,6612189,6588040,6519880,6554766,6514089,6535711,6414474
253,0,0,15,6737482,6712459,6590927,6635511,6568793,6618413,6614596,6587427,6670678,6563234,6660818,6603565,6517940,6624964,6600720,6532676,6568249,6527578,6548792,6427120
254,31,0,15,6724817,6699974,6577876,6622968,6556756,6605492,6601928,6575062,6658123,6549994,6648141,6590308,6505753,6612545,6588110,6519631,6555274,6514495,6535452,6414844
255,0,0,15,6737749,6711706,6590350,6635137,6568816,6617599,6613667,6586755,6670203,6562634,6660677,6602297,6518030,6624590,6600822,6532325,6567818,6527598,6548140,6426747
256,31,0,15,6726113,6699162,6578995,6623726,6557186,6604960,6601684,6575768,6658823,6550729,6648638,6590294,6505971,6613263,6588266,6519725,6555150,6515379,6535522,6415180
257,0,0,15,6738472,6711698,6590917,6636418,6569125,6617488,6614154,6588117,6670938,6563189,6661083,6603277,6518645,6625824,6600300,6532805,6567855,6528269,6548241,6427512
258,31,0,15,6725887,6699950,6578842,6623672,6557234,6605474,6601697,6575656,6658026,6551102,6647932,6590582,6506250,6612961,6587420,6519715,6555007,6514523,6535190,6415276
259,0,0,15,6737990,6712641,6591101,6636330,6569390,6617422,6614267,6588070,6670392,6563203,6660798,6602784,6518290,6626000,6600256,6532265,6567979,6527630,6548072,6427793
260,31,0,15,6726074,6700009,6578574,6623532,6556511,6605056,6601751,6575062,6657652,6549988,6647944,6590190,6505575,6613180,6587404,6519121,6555480,6514261,6535115,6415551
261,0,0,15,6738561,6712841,6591016,6636275,6568626,6617961,6614311,6587488,6670768,6562783,6661357,6603095,6517865,6625766,6600507,6532277,6568448,6527473,6547721,6428326
262,31,0,15,6726685,6701232,6578992,6624322,6556881,6605577,6601917,6575828,6657859,6550097,6649115,6591091,6505959,6613874,6588295,6519622,6555472,6514925,6535995,6415886
263,0,0,15,6738707,6713153,6591291,6636613,6569818,6617389,6615257,6588119,6670974,6563154,6661777,6603739,6518603,6625857,6601012,6532862,6569279,6527915,6549636,6428315
264,31,0,15,6725822,6699434,6578243,6623288,6556451,6605030,6601430,6575257,6656898,6549203,6647976,6589620,6505616,6612012,6588121,6518455,6555779,6514142,6535781,6415192
265,0,0,15,6737912,6711993,6590457,6635137,6568665,6617679,6614482,6587314,6669075,6561643,6660680,6602443,6517585,6623947,6600734,6532030,6568624,6527131,6548607,6427148
266,31,0,15,6726227,6699705,6578562,6623168,6557179,6605453,6602224,6575287,6657189,6549143,6647816,6590016,6505750,6612574,6588280,6519950,6555995,6514589,6536107,6415993
267,0,0,15,6737876,6712393,6590838,6635221,6569171,6617685,6614414,6587799,6669794,6561946,6660734,6602708,6518235,6625542,6600802,6532823,6568083,6527628,6548888,6427997
268,31,0,15,6726972,6701463,6579333,6622921,6557655,6605837,6603062,6575454,6658320,6549991,6647696,6590421,6505516,6613457,6589184,6520043,6556298,6515357,6536199,6416080
269,0,0,15,6738719,6713320,6591545,6634745,6570121,6617242,6614485,6587208,6670065,6562300,6660746,6602750,6517471,6625847,6601485,6532673,6567606,6527370,6547993,6427818
270,31,0,15,6726538,6700060,6578632,6622142,6556742,6604399,6601175,6574648,6657541,6549952,6647857,6589841,6504815,6611996,6588528,6519425,6554863,6514542,6534533,6414433
271,0,0,15,6738992,6712591,6591210,6634764,6569093,6617041,6613585,6587272,6670402,6562071,6661376,6602947,6517998,6624593,6601257,6532996,6568416,6527357,6548515,6427371
272,31,0,15,6726991,6701004,6578977,6622612,6557536,6604755,6601858,6574906,6657891,6549828,6648161,6590116,6506350,6612822,6589172,6519666,6555801,6515172,6535607,6415245
273,0,0,15,6739468,6712311,6591152,6634988,6569904,6617420,6614184,6587620,6670362,6561966,6660792,6602874,6518551,6625751,6600344,6532129,6569215,6527864,6548599,6428177
274,31,0,15,6725891,6699616,6578896,6621320,6557706,6604781,6601341,6575174,6657585,6549127,6647548,6590009,6505428,6613764,6587388,6519225,6555257,6514543,6535461,6415432
275,0,0,15,6738887,6712285,6590454,6633565,6568921,6617190,6613563,6587296,6670044,6561908,6660254,6602761,6518049,6625135,6600537,6532518,6567498,6527929,6547806,6427759
276,31,0,15,6727245,6700107,6578128,6621371,6556749,6604609,6601889,6575091,6657202,6549779,6648079,6590274,6505364,6612669,6588145,6519869,6554978,6514997,6535498,6415537
277,0,0,15,6739147,6713004,6590488,6634665,6569385,6617225,6613964,6587186,6670190,6561926,6661305,6603065,6517746,6625220,6600858,6533005,6568486,6527178,6548476,6427476
278,31,0,15,6727267,6700695,6578841,6622358,6557244,6605055,6601935,6575238,6658467,6549866,6648316,6590878,6505778,6613109,6588440,6520237,6555793,6515075,6536347,6415357
279,0,0,15,6739086,6713724,6590445,6634701,6569668,6617014,6614905,6587841,6670899,6562609,6661257,6603259,6517666,6626507,6600825,6533440,6568958,6528239,6548919,6428210
280,31,0,15,6726413,6700991,6577671,6622493,6557103,6604328,6601984,6575489,6657897,6549904,6648600,6590727,6505287,6614208,6587607,6520429,6555688,6515583,6535545,6415427
281,0,0,15,6739365,6714231,6591457,6634940,6570311,6617541,6615040,6588495,6671575,6562929,6661817,6603663,6518938,6626870,6601559,6533450,6569250,6528849,6548958,6429004
282,31,0,15,6728002,6702138,6579231,6623199,6558849,6605022,6602668,6575890,6659075,6550113,6648705,6590836,6506811,6614587,6588869,6520829,6556011,6515828,6536073,6416548
283,0,0,15,6739817,6713290,6590915,6635005,6570595,6616301,6614486,6588129,6670812,6561778,6660465,6603401,6518739,6626602,6601158,6533085,6568389,6528031,6548327,6428498
284,31,0,15,6727900,6701303,6579016,6622668,6558958,6604333,6603004,6576152,6658765,6549975,6648494,6590879,6506440,6614456,6589241,6520184,6555828,6515168,6535854,6416909
285,0,0,15,6739286,6713301,6590241,6634395,6569808,6616676,6613851,6587664,6669919,6561709,6660622,6602910,6518567,6626342,6601230,6532241,6568230,6527000,6547051,6428143
286,31,0,15,6726691,6700784,6578667,6622787,6558301,6604004,6602683,6575619,6657319,6550042,6647947,6590217,6506068,6614200,6589302,6520069,6555234,6515077,6535668,6416517
287,0,0,15,6738502,6711354,6590025,6634219,6569580,6615539,6613623,6587490,6669291,6562206,6659955,6602389,6517103,6626338,6601050,6532039,6567836,6527146,6547405,6427410
288,31,0,15,6728112,6701175,6578216,6622875,6558935,6604752,6602551,6576269,6658207,6551127,6648425,6590259,6506374,6615011,6589912,6520050,6556751,6515261,6535786,6416335
289,0,0,15,6739956,6712805,6590749,6634933,6570644,6617110,6614664,6588165,6670539,6562780,6660854,6602744,6518150,6627501,6601370,6533045,6569626,6527920,6548301,6428748
290,31,0,15,6727223,6700866,6578904,6622744,6558681,6604227,6601881,6574990,6657917,6550027,6648085,6589385,6505125,6615006,6588566,6519211,6556001,6515176,6535723,6416039
291,0,0,15,6738282,6712789,6589937,6633261,6570263,6616196,6613198,6586934,6669532,6562460,6660611,6600819,6517060,6626285,6601173,6531682,6567707,6526730,6547416,6428159
292,31,0,15,6726628,6701393,6578380,6621292,6557839,6604751,6602137,6574631,6657732,6549825,6648069,6589222,6504767,6613726,6588705,6519059,6555145,6514662,6534715,6416199
293,0,0,15,6739194,6713049,6590784,6634182,6570015,6617611,6614617,6587682,6670627,6562614,6660572,6602427,6516938,6626335,6601300,6531767,6568337,6527927,6548258,6428561
294,31,0,15,6728115,6701202,6579947,6622811,6558821,6606232,6602502,6575808,6658407,6550595,6648548,6590689,6505403,6614889,6589176,6519897,6556076,6515721,6536086,6416885
295,0,0,15,6738761,6712451,6590698,6634171,6569972,6617129,6613860,6586718,6670065,6561350,6659715,6602547,6517136,6626409,6600229,6532115,6567918,6527487,6548490,6427929
296,31,0,15,6726014,6699883,6578773,6621362,6558253,6605218,6601755,6574765,6657647,6549334,6646907,6589859,6505604,6613709,6588739,6519417,6554013,6514988,6535435,6415126
297,0,0,15,6739370,6713290,6590862,6634610,6570647,6617920,6615152,6587300,6670801,6562425,6660454,6602417,6517896,6626395,6601789,6533230,6567992,6527632,6548489,6427666
298,31,0,15,6726701,6700366,6578468,6622589,6557682,6605183,6602190,6574856,6657221,6550637,6647861,6588996,6504662,6614249,6587846,6519988,6554893,6514932,6535622,6415168
299,0,0,15,6739512,6713329,6590776,6635109,6570756,6618197,6614669,6587568,6670290,6563342,6661134,6602370,6517951,6626802,6600680,6533284,6567962,6527874,6549182,6427806
300,31,0,15,6726405,6700201,6578061,6621842,6558075,6604371,6601863,6575093,6657176,6549913,6647791,6589614,6504725,6613380,6587699,6519422,6554415,6514439,6535497,6414697
301,0,0,15,6739432,6712871,6590771,6634450,6570323,6617528,6614516,6588386,6670710,6563359,6661664,6602401,6517749,6626963,6601360,6532909,6568485,6527671,6548780,6427624
302,31,0,15,6727096,6700585,6578524,6622979,6558125,6604987,6602369,6575983,6658430,6551306,6648800,6590368,6505469,6614846,6588818,6519753,6555855,6514497,6535184,6415632
303,0,0,15,6737966,6712165,6589215,6634475,6569374,6615880,6614176,6586928,6670116,6562155,6660901,6602612,6517504,6625912,6600526,6532279,6567155,6526557,6547330,6426555
304,31,0,15,6726222,6699999,6577467,6622659,6557524,6604211,6602018,6574016,6657657,6549763,6648270,6589879,6504891,6613276,6588217,6519175,6554709,6514240,6535093,6414339
305,0,0,15,6737805,6711994,6589774,6634827,6569932,6616348,6614578,6586684,6670696,6562209,6660889,6602389,6517151,6626432,6601204,6532711,6568424,6527587,6547140,6427521
306,31,0,15,6726031,6699852,6577509,6622640,6557449,6605025,6601612,6574407,6657114,6549666,6648226,6589208,6505042,6614089,6588227,6519360,6555471,6514726,6534801,6415177
307,0,0,15,6739297,6712286,6589885,6636751,6569977,6617524,6614600,6587153,6670229,6563438,6661694,6602802,6517941,6626900,6600888,6533257,6568485,6528266,6548390,6428506
308,31,0,15,6725720,6699227,6577241,6622961,6557137,6604176,6601075,6573668,6657116,6549580,6647710,6589774,6504418,6612874,6586631,6519202,6555269,6514137,6534278,6414437
309,0,0,15,6738171,6712157,6589704,6635555,6569409,6616153,6613820,6586271,6669925,6562952,6660676,6601503,6516951,6625887,6599614,6532837,6568094,6527627,6547403,6426821
310,31,0,15,6726002,6699263,6577205,6622724,6557291,6603630,6601299,6573954,6656949,6549985,6647841,6588159,6504647,6612660,6587348,6519566,6555211,6514559,6534798,6414382
311,0,0,15,6738656,6712325,6589885,6636201,6569932,6617000,6614169,6586832,6670049,6562622,6661914,6601977,6517970,6625300,6600465,6532741,6568425,6527725,6547969,6428112
312,31,0,15,6726770,6700959,6578776,6624058,6558103,6605650,6602354,6575432,6658254,6550797,6649047,6589924,6505898,6613580,6588834,6520446,6555732,6515723,6535853,6416110
313,0,0,15,6738658,6712628,6589867,6635428,6569370,6617328,6614183,6587196,6670351,6562633,6661501,6602122,6517491,6626001,6600346,6532334,6568096,6527761,6547983,6427890
314,31,0,15,6726062,6699992,6577858,6622935,6557379,6604700,6601914,6575070,6657979,6550954,6648261,6589940,6504552,6613212,6587910,6519230,6555256,6514961,6535307,6415066
315,0,0,15,6738447,6713041,6589859,6635535,6569765,6617953,6614833,6586955,6671222,6563788,6662058,6603042,6517461,6626338,6601070,6532584,6569574,6529011,6548518,6427649
316,31,0,15,6726055,6700663,6577200,6623025,6557414,6604740,6602463,6574833,6658175,6550594,6648473,6590439,6504842,6612829,6588378,6520019,6555552,6515129,6535332,6414868
317,0,0,15,6737976,6713064,6589336,6634828,6569661,6617226,6614666,6586923,6670772,6563661,6661646,6602842,6517705,6625912,6600746,6533193,6568737,6527145,6547968,6427642
318,31,0,15,6725387,6700478,6577117,6623201,6557342,6605077,6602820,6575234,6658369,6551137,6648453,6590511,6505531,6613532,6587951,6519546,6555862,6514738,6535358,6414524
319,0,0,15,6738746,6712651,6589670,6635714,6570294,6617514,6615655,6587347,6671267,6564039,6662693,6603313,6518010,6625766,6600765,6532587,6569046,6527828,6548225,6426909
320,31,0,15,6725849,6698408,6577534,6623085,6557011,6604753,6602739,6574602,6657704,6550200,6648881,6590341,6504827,6613848,6588063,6519016,6555508,6514739,6535691,6415304
321,0,0,15,6738044,6710615,6588700,6634519,6569229,6616695,6615056,6586715,6669321,6563120,6661330,6602980,6517414,6626045,6600599,6531589,6568198,6527712,6548565,6427437
322,31,0,15,6726345,6698766,6577534,6622766,6557904,6604262,6603027,6574621,6657292,6550805,6648426,6590775,6504999,6613782,6588026,6519499,6555762,6514967,6535466,6414957
323,0,0,15,6738341,6711794,6589562,6635412,6570378,6617595,6616035,6586957,6670025,6563806,6661371,6603243,6517235,6626887,6601525,6532309,6568979,6527977,6548121,6427397
324,31,0,15,6725774,6699386,6576881,6622764,6557699,6604543,6603262,6574943,6657283,6550674,6648507,6590923,6504849,6613882,6588304,6519285,6555876,6514924,6535235,6414756
325,0,0,15,6738837,6712160,6589225,6635133,6569927,6617100,6615141,6587550,6670273,6562695,6659863,6603708,6518088,6626772,6601517,6532532,6569174,6528165,6548583,6428102
326,31,0,15,6725858,6698743,6576431,6621980,6556296,6604182,6602625,6574253,6657242,6550126,6646412,6589526,6504945,6612769,6588068,6519110,6555457,6514847,6535164,6414653
327,0,0,15,6738598,6711496,6589166,6635129,6569361,6617116,6615141,6587290,6670609,6563329,6659671,6602866,6517876,6626252,6601295,6532312,6568817,6527752,6548037,6427171
328,31,0,15,6726420,6699180,6577307,6622982,6557273,6604585,6602903,6575023,6658261,6550437,6647005,6590302,6504911,6613095,6588646,6519280,6555557,6514984,6535371,6414376
329,0,0,15,6739346,6711689,6589975,6635820,6569495,6617553,6615323,6587889,6671255,6563804,6659714,6603011,6518124,6625147,6601930,6533133,6568290,6528518,6549124,6427435
330,31,0,15,6726245,6698880,6577204,6622907,6557218,6604588,6602492,6575216,6657972,6550409,6646636,6589654,6505177,6612974,6588476,6519408,6555402,6515747,6536053,6414728
331,0,0,15,6739691,6710888,6589912,6635691,6569924,6616487,6614980,6587659,6670190,6563111,6660123,6602483,6517873,6625558,6601542,6532948,6568051,6528484,6548617,6427147
332,31,0,15,6726699,6698246,6577878,6623498,6557572,6604051,6602742,6574991,6657796,6550362,6646312,6589607,6504864,6612609,6588661,6519484,6554756,6514924,6535441,6414688
333,0,0,15,6738562,6710894,6590216,6636241,6569686,6616801,6615081,6587620,6670594,6563169,6659373,6602360,6517053,6625373,6601646,6532417,6567634,6527753,6548274,6427398
334,31,0,15,6726405,6699685,6578643,6624061,6557944,6605453,6602347,6575701,6658502,6551277,6647118,6590479,6505360,6613822,6589146,6519598,6555226,6515391,6536054,6414553
335,0,0,15,6738700,6711849,6590039,6635927,6570078,6617346,6615201,6587708,6670402,6563812,6659844,6602556,6517063,6625423,6601393,6531921,6568374,6527524,6548846,6426796
336,31,0,15,6725188,6700187,6578444,6624112,6557589,6604993,6603055,6575090,6658246,6551667,6647258,6589864,6505618,6613168,6589594,6519106,6555670,6515589,6536309,6414462
337,0,0,15,6738163,6712210,6590173,6636650,6570006,6618017,6616042,6587808,6671370,6564405,6660611,6602621,6518053,6626555,6601971,6532796,6568744,6528695,6549553,6427891
338,31,0,15,6725575,6699332,6576665,6622876,6556685,6604643,6602189,6574718,6657643,6550919,6647296,6589848,6504509,6612700,6588738,6518795,6555348,6515306,6535573,6414019
339,0,0,15,6738038,6711029,6588848,6635192,6568731,6617318,6614811,6586741,6670131,6563744,6660230,6601988,6516925,6625160,6601348,6532091,6568593,6527303,6548034,6426880
340,31,0,15,6726580,6699214,6577906,6623646,6557659,6605429,6603392,6575065,6657799,6551254,6647075,6589866,6504981,6612940,6588913,6520024,6555595,6515501,6535901,6414521
341,0,0,15,6738652,6711569,6590567,6636062,6570601,6618098,6615511,6587798,6670777,6564259,6660934,6603424,6518027,6625772,6601577,6533378,6568859,6528544,6548574,6427469
342,31,0,15,6726621,6699354,6578603,6623133,6558098,6605596,6602489,6574342,6657496,6551628,6647441,6590091,6504842,6612694,6589263,6519353,6555264,6515166,6535677,6414566
343,0,0,15,6737396,6710308,6589796,6634233,6569265,6617182,6614076,6585994,6669353,6563211,6659232,6601287,6516508,6624786,6600860,6531746,6567230,6526770,6548095,6426282
344,31,0,15,6725597,6699666,6578044,6622962,6557306,6605176,6602209,6574851,6657952,6551231,6646630,6589608,6505365,6612674,6588156,6519451,6554781,6515145,6536035,6414406
345,0,0,15,6737868,6711332,6590309,6634605,6569033,6617397,6614202,6587173,6669835,6563640,6659092,6602437,6517774,6624373,6601272,6531872,6566935,6527255,6547993,6426597
346,31,0,15,6725867,6698808,6578426,6622860,6557404,6605734,6601349,6574485,6658145,6550904,6646474,6590019,6505881,6612144,6589150,6519370,6554982,6514572,6535383,6414404
347,0,0,15,6738589,6710875,6590963,6634517,6569217,6617522,6613515,6587464,6670596,6563200,6659551,6602658,6517566,6624357,6601172,6532175,6567211,6527716,6547974,6426608
348,31,0,15,6725884,6698232,6578444,6622892,6556815,6605412,6602365,6575118,6657499,6550749,6646498,6590100,6504756,6611467,6588527,6519432,6554895,6514635,6534653,6414266
349,0,0,15,6738686,6711371,6591720,6635533,6569706,6618323,6615280,6588316,6670601,6564038,6660599,6603004,6517906,6625574,6602870,6533216,6567687,6528587,6548499,6427784
350,31,0,15,6726689,6699055,6578677,6622092,6557296,6605072,6601834,6574951,6658426,6551067,6646988,6590099,6504996,6612532,6589383,6519763,6555077,6514987,6535722,6414724
351,0,0,15,6739308,6710708,6590653,6633702,6568915,6617380,6614570,6586934,6670469,6563534,6660169,6602704,6517248,6625487,6601806,6532098,6568448,6527249,6548148,6426771
352,31,0,15,6726982,6699500,6578535,6622125,6557241,6605220,6602287,6574292,6657997,6551126,6647871,6590769,6505413,6613560,6589334,6520311,6556325,6515264,6535431,6414318
353,0,0,15,6738576,6711581,6589566,6634243,6569058,6617105,6614631,6586274,6669978,6563361,6659970,6603242,6517489,6625853,6601451,6532334,6568618,6527111,6548034,6426203
354,31,0,15,6725532,6699094,6578467,6621873,6557186,6604541,6602001,6574232,6657926,6550618,6646997,6590315,6504764,6612992,6588360,6519413,6555899,6514631,6535599,6414129
355,0,0,15,6738409,6711318,6590422,6634166,6569292,6617239,6614239,6586758,6670730,6563274,6659740,6602327,6517640,6625535,6600929,6532823,6568818,6527945,6548240,6426962
356,31,0,15,6726971,6699728,6579272,6623208,6558108,6605552,6603068,6574904,6658696,6550900,6648229,6590591,6505865,6613625,6588693,6520609,6556540,6515852,6535645,6414494
357,0,0,15,6738803,6711520,6589930,6635008,6569588,6617258,6614180,6586258,6671065,6563205,6660462,6602884,6517480,6625154,6601593,6532635,6568950,6527827,6548081,6426372
358,31,0,15,6726410,6699803,6578239,6622898,6557114,6604830,6602078,6574705,6658334,6550003,6647598,6589575,6504269,6611930,6589401,6520223,6555760,6514796,6535502,6413932
359,0,0,15,6738032,6711636,6589120,6634615,6568184,6616708,6614011,6586135,6670084,6562756,6659510,6601357,6516381,6623837,6600569,6531795,6567475,6526599,6547452,6426651
360,31,0,15,6726043,6699171,6577356,6622158,6556384,6604262,6601274,6573284,6657387,6550079,6646388,6589314,6504253,6611547,6588086,6519032,6554407,6514706,6534645,6413745
361,0,0,15,6738857,6712989,6590556,6635445,6568777,6617427,6613905,6586134,6670662,6563689,6659217,6602783,6517202,6624240,6601010,6532192,6568612,6528206,6548050,6426513
362,31,0,15,6726730,6700796,6577596,6622589,6556559,6605065,6602077,6573853,6657943,6550269,6646653,6589162,6504493,6612978,6587873,6519004,6555261,6514818,6534858,6413770
363,0,0,15,6738017,6712492,6589789,6634063,6568279,6617340,6613940,6585803,6669937,6562251,6659008,6601413,6516475,6625253,6600249,6532147,6567198,6526779,6547306,6425742
364,31,0,15,6726213,6700765,6578230,6622005,6557254,6605748,6601837,6574050,6658294,6551027,6646651,6589991,6504819,6613673,6588635,6519234,6554604,6514961,6535771,6413936
365,0,0,15,6738694,6713230,6590495,6635396,6569674,6618002,6614874,6586923,6671484,6564234,6660227,6603079,6518516,6625970,6601366,6532882,6567475,6528058,6549210,6427380
366,31,0,15,6725795,6699320,6577873,6622725,6557173,6604630,6602125,6573836,6658252,6550407,6646721,6590071,6504661,6612103,6588140,6519515,6554966,6514696,6535637,6414266
367,0,0,15,6738548,6712689,6590901,6635737,6570148,6617399,6614893,6587561,6671221,6563411,6660486,6603040,6517543,6624871,6602077,6533158,6568563,6527595,6548559,6427361
368,31,0,15,6726353,6700117,6578208,6622679,6558005,6604718,6602122,6574939,6657867,6550485,6647643,6589839,6505434,6612225,6589262,6519843,6555251,6514932,6535652,6414051
369,0,0,15,6738827,6712379,6591276,6635230,6571007,6617966,6614590,6587600,6670924,6563994,6661252,6602836,6517815,6625977,6602380,6533484,6568575,6528715,6549022,6427250
370,31,0,15,6726910,6698885,6578262,6622615,6558456,6605386,6601692,6574636,6657578,6550453,6647342,6589897,6504730,6612388,6588488,6519245,6555383,6515498,6535306,6414204
371,0,0,15,6737974,6711103,6589507,6634462,6569910,6617640,6613042,6586720,6669554,6562550,6659626,6601889,6517119,6624239,6601104,6532073,6567878,6527455,6547048,6425595
372,31,0,15,6726504,6700156,6578058,6623518,6558429,6605787,6601477,6574560,6657982,6549936,6647955,6590152,6505749,6613589,6589448,6519514,6554665,6515495,6535181,6413453
373,0,0,15,6738752,6712771,6591089,6635467,6570798,6618787,6614105,6587020,6671098,6563267,6660837,6602724,6518201,6625683,6601406,6532348,6567879,6527953,6548952,6426333
374,31,0,15,6726781,6700144,6578490,6622911,6557431,6605917,6601273,6574859,6657658,6550188,6647372,6590483,6505222,6612701,6588508,6519315,6554282,6514761,6535777,6413176
375,0,0,15,6739190,6712334,6590272,6635952,6569620,6617679,6614716,6587120,6670344,6562783,6660330,6602418,6517802,6625323,6602028,6532869,6567614,6527618,6549159,6426870
376,31,0,15,6726893,6700340,6577250,6622918,6557226,6605134,6601096,6574240,6657797,6550043,6647075,6590474,6504575,6612474,6589223,6519399,6554400,6514956,6536117,6414081
377,0,0,15,6739161,6712895,6590391,6635388,6569535,6617734,6614085,6586923,6670508,6563376,6660147,6603121,6517733,6625271,6601873,6532577,6566802,6528267,6549041,6426086
378,31,0,15,6725685,6699783,6577589,6622885,6556721,6604417,6601134,6574864,6657205,6549767,6646792,6589683,6505296,6611869,6588605,6518909,6553626,6515114,6535596,6413729
379,0,0,15,6738003,6711956,6589550,6634469,6568749,6617052,6613631,6587449,6669836,6562641,6659561,6602622,6517920,6623188,6601114,6532486,6566906,6528138,6548643,6425757
380,31,0,15,6725315,6698240,6576786,6621425,6556653,6603634,6600838,6574090,6656971,6549429,6646068,6589774,6504680,6610884,6587517,6518970,6554040,6514294,6535392,6412565
381,0,0,15,6739309,6711726,6591128,6634649,6570228,6617668,6614334,6587397,6670533,6563428,6659985,6603762,6517861,6625108,6601507,6532831,6568592,6528158,6548924,6426956
382,31,0,15,6726398,6698662,6577919,6622580,6557227,6604528,6600677,6574737,6657156,6550074,6646182,6590414,6505255,6612167,6588317,6519297,6555296,6514681,6534841,6413468
383,0,0,15,6738893,6712355,6590178,6634776,6570527,6618037,6613527,6587867,6670130,6562948,6659729,6603601,6518172,6625268,6601164,6532643,6568699,6527976,6548539,6426446
384,31,0,15,6726303,6699866,6577867,6622270,6558305,6605198,6600758,6575017,6657193,6550304,6646695,6590530,6505621,6611736,6588847,6519142,6555590,6514949,6535337,6413680
385,0,0,15,6738318,6711798,6589798,6634454,6569954,6617115,6613046,6587557,6670098,6562866,6659964,6602978,6517699,6623929,6601279,6531884,6568349,6527668,6548392,6426386
386,31,0,15,6725389,6698399,6577206,6621344,6557076,6603389,6600288,6574761,6656613,6549419,6646144,6589322,6504456,6610035,6587463,6518095,6554570,6514015,6534728,6413252
387,0,0,15,6738204,6711848,6590462,6634754,6570231,6617006,6613457,6587718,6669560,6562690,6660463,6602586,6517589,6623682,6601345,6532089,6568258,6528055,6548091,6426392
388,31,0,15,6725917,6699295,6577592,6621472,6557313,6604904,6600092,6574330,6656335,6549863,6646549,6589546,6504591,6611228,6587503,6518251,6555649,6514301,6535298,6412906
389,0,0,15,6738227,6711295,6590287,6634110,6570056,6617698,6613897,6587350,6670299,6562416,6660507,6602590,6517518,6624985,6601040,6531310,6568782,6527323,6548749,6425861
390,31,0,15,6726198,6700217,6577818,6621863,6557864,6604937,6601856,6574953,6657974,6549651,6647621,6590137,6505201,6611889,6588852,6519067,6555945,6514821,6535849,6413742
391,0,0,15,6739303,6712914,6590634,6634040,6570498,6617751,6613830,6587705,6670609,6562948,6660623,6603248,6517576,6624914,6601530,6532672,6569787,6528369,6548259,6426819
392,31,0,15,6726506,6700341,6578304,6621975,6558332,6605743,6602077,6575515,6658456,6550532,6647556,6590684,6504328,6612327,6589565,6519922,6555728,6515661,6535096,6414178
393,0,0,15,6738058,6711555,6589763,6633882,6570352,6618169,6614093,6586928,6670681,6562567,6659768,6603000,6516313,6623578,6601716,6532594,6567696,6527610,6547664,6425962
394,31,0,15,6726278,6700127,6578131,6622638,6558525,6606321,6601853,6575280,6658450,6549999,6647708,6590537,6504392,6611537,6589492,6520376,6555366,6515463,6535929,6414724
395,0,0,15,6738809,6711701,6589992,6634951,6570176,6617906,6613979,6587630,6670611,6563256,6660262,6602737,6516521,6624166,6601671,6532121,6568338,6527902,6547997,6426847
396,31,0,15,6726454,6699474,6577624,6622370,6557110,6604814,6601467,6574893,6657457,6549685,6647270,6589651,6504288,6611554,6588532,6518728,6554399,6514332,6534567,6413036
397,0,0,15,6738582,6711801,6589361,6634870,6569640,6617828,6613611,6587589,6669950,6562134,6660536,6601707,6516724,6624337,6601942,6531992,6567703,6527877,6548323,6425762
398,31,0,15,6726902,6700322,6578274,6623384,6558216,6604929,6601850,6576163,6658378,6549971,6647986,6590042,6505264,6612129,6589948,6520305,6555589,6515602,6535785,6414123
399,0,0,15,6738070,6712206,6590438,6634969,6569892,6616625,6614116,6587787,6670366,6562360,6659986,6602350,6516922,6624506,6601380,6532791,6568105,6527771,6548146,6426158
400,31,0,15,6726396,6699674,6578239,6622946,6557934,6605313,6602288,6576026,6658018,6550341,6647408,6590383,6505528,6611854,6588757,6520282,6555578,6514868,6535229,6414380
401,0,0,15,6739068,6711632,6590688,6634571,6569731,6617335,6614341,6588143,6671097,6563012,6660752,6602747,6518116,6623957,6600967,6533329,6568874,6527649,6548275,6426799
402,31,0,15,6726297,6700870,6579384,6622858,6558404,6605856,6603105,6575672,6659146,6551288,6649180,6590833,6506512,6612236,6589271,6521173,6557109,6515895,6537011,6415621
403,0,0,15,6737963,6711817,6590181,6634154,6569430,6616426,6613777,6587003,6670258,6562127,6660833,6602075,6517606,6624272,6600869,6532737,6568259,6527251,6548451,6426766
404,31,0,15,6726400,6699668,6578207,6622144,6557922,6604906,6602088,6575222,6657827,6549938,6648232,6590041,6505074,6611507,6588269,6520662,6556016,6515694,6535393,6414700
405,0,0,15,6738148,6711160,6589822,6633924,6569698,6617125,6613717,6587330,6669855,6561956,6660807,6601668,6516830,6623386,6600161,6532628,6568172,6527900,6547127,6425930
406,31,0,15,6725993,6700089,6578443,6622487,6558389,6605743,6601740,6575381,6658111,6550146,6648342,6590092,6505151,6611775,6588347,6520592,6555388,6515381,6534635,6414242
407,0,0,15,6738373,6712312,6590309,6634892,6571213,6618086,6613645,6588101,6670867,6562040,6661691,6602892,6518242,6624675,6601133,6533860,6567945,6528161,6547323,6427410
408,31,0,15,6725156,6698821,6577284,6622209,6558451,6605484,6601239,6574966,6658071,6548899,6648060,6588652,6504991,6611456,6588098,6519781,6555022,6515212,6533814,6414664
409,0,0,15,6739307,6711454,6590343,6635271,6570480,6618647,6613935,6588077,6671325,6561676,6662335,6601781,6517586,6624620,6601215,6533069,6568809,6528054,6547449,6428244
410,31,0,15,6725717,6698264,6577523,6622472,6557356,6605513,6601486,6574113,6657601,6547992,6648447,6589188,6504986,6611750,6588255,6519443,6555399,6515203,6533674,6414650
411,0,0,15,6738777,6710918,6590219,6634736,6570497,6618438,6614510,6587498,6671014,6561767,6661329,6602312,6518120,6624106,6601576,6532579,6568587,6528243,6547676,6427181
412,31,0,15,6725866,6698081,6578096,6622734,6558269,6606150,6601866,6574694,6658303,6549468,6648162,6589985,6505558,6611638,6588486,6519922,6556032,6515494,6534639,6414969
413,0,0,15,6737673,6710586,6590106,6635557,6569845,6617861,6613714,6586462,6670540,6561925,6661024,6602140,6517119,6623405,6600585,6533064,6568787,6527783,6547028,6427648
414,31,0,15,6726454,6698913,6577883,6622759,6557711,6605994,6601592,6574533,6658244,6549863,6648150,6589968,6504997,6610610,6588586,6520059,6555421,6514824,6534845,6414535
415,0,0,15,6738507,6710925,6589796,6635083,6569654,6617605,6613942,6586492,6670573,6561728,6660512,6602115,6516979,6623249,6600215,6532612,6568031,6526499,6547507,6426464
416,31,0,15,6724735,6698207,6577382,6622980,6557216,6604758,6600653,6574353,6657254,6549506,6647385,6589253,6504368,6610815,6587889,6520019,6554774,6514557,6534264,6413738
417,0,0,15,6738168,6711333,6589642,6635198,6570251,6618410,6614195,6587111,6670490,6562215,6660942,6602464,6517376,6623938,6601353,6533020,6568618,6527515,6547164,6427014
418,31,0,15,6726090,6699242,6577624,6623082,6557615,6605577,6602279,6574667,6657912,6549703,6647934,6589729,6505110,6612465,6589377,6519672,6556026,6514967,6534772,6415062
419,0,0,15,6738556,6711928,6590355,6635735,6569944,6618095,6614939,6587789,6670442,6562728,6660618,6602768,6517874,6625082,6601750,6533202,6569053,6528483,6547336,6427724
420,31,0,15,6725105,6698679,6577482,6622634,6557111,6604952,6601209,6574729,6657572,6549418,6647237,6589629,6504346,6611609,6588568,6520147,6555287,6514171,6534589,6413823
421,0,0,15,6737582,6711283,6589669,6634995,6568864,6617797,6613874,6586470,6670055,6562330,6660428,6601898,6517293,6624513,6600885,6532641,6567735,6527074,6547320,6426147
422,31,0,15,6725175,6698506,6577946,6622088,6556784,6604558,6601340,6574181,6657025,6548794,6646877,6589142,6504583,6612123,6587859,6519585,6554105,6514470,6534472,6413509
423,0,0,15,6738084,6711886,6591052,6635847,6569672,6617996,6614702,6587817,6670746,6562358,6661066,6602918,6517607,6625025,6600776,6533445,6567591,6528024,6548341,6426709
424,31,0,15,6726009,6699783,6578530,6623486,6558238,6605610,6602121,6575958,6658234,6549576,6648435,6590424,6504962,6612644,6588484,6520944,6555354,6515512,6534875,6414324
425,0,0,15,6738104,6712293,6590861,6635328,6570721,6618018,6614456,6588560,6671059,6562031,6661067,6602498,6517196,6624962,6600833,6533878,6568632,6527827,6547524,6427144
426,31,0,15,6725473,6699245,6578298,6622613,6557721,6604639,6601491,6574980,6658029,6548951,6647419,6589528,6504340,6611078,6588011,6519870,6554981,6515111,6533643,6414781
427,0,0,15,6738047,6710627,6589107,6634428,6569301,6616923,6613109,6587269,6669717,6561096,6659501,6601639,6515860,6623406,6600200,6532184,6567846,6527919,6546685,6426835
428,31,0,15,6725214,6698676,6577939,6622420,6558133,6605126,6601339,6574901,6657492,6549446,6647372,6589545,6504788,6611740,6588615,6520138,6555131,6515365,6534088,6413712
429,0,0,15,6737556,6711100,6589903,6633888,6569765,6617617,6613736,6586929,6669770,6561938,6660187,6602213,6516780,6624645,6600279,6533062,6568366,6527792,6547386,6425824
430,31,0,15,6725173,6698979,6577473,6621605,6556965,6604912,6601170,6574444,6657525,6549247,6647163,6589336,6504470,6611811,6588167,6519213,6555053,6515238,6534461,6412648
431,0,0,15,6737506,6711830,6590087,6633798,6569519,6617873,6613326,6586757,6669822,6562087,6659969,6601574,6516394,6624772,6601674,6531783,6567149,6527896,6547642,6425830
432,31,0,15,6725214,6699183,6576938,6621718,6557508,6605448,6600744,6574022,6657423,6549551,6647146,6588973,6504102,6612063,6587923,6518724,6554162,6514774,6534845,6413023
433,0,0,15,6738769,6711545,6590378,6634993,6570412,6617789,6614672,6587899,6671556,6563156,6660793,6602382,6517112,6625820,6601588,6532263,6568219,6528401,6548404,6426031
434,31,0,15,6725503,6698900,6578060,6622080,6557554,6604870,6601540,6574453,6657591,6548891,6647359,6589015,6504180,6612372,6588409,6519002,6554693,6515358,6534727,6413613
435,0,0,15,6737258,6711124,6590091,6633832,6568748,6617563,6613357,6586743,6669796,6561228,6659540,6601793,6516326,6624774,6600373,6532295,6567658,6527294,6547165,6426046
436,31,0,15,6724967,6698299,6577680,6622258,6556377,6604733,6601316,6574117,6657228,6548705,6646599,6589529,6503600,6612749,6588088,6519280,6553734,6513566,6534690,6413290
437,0,0,15,6737697,6711339,6590256,6634547,6569261,6617396,6613688,6586751,6670222,6560894,6659745,6602176,6515937,6625095,6600602,6532048,6567477,6526838,6547761,6425741
438,31,0,15,6725242,6699960,6577642,6621883,6557563,6605178,6601064,6574486,6657479,6549151,6646511,6589426,6503897,6612317,6588493,6519423,6554366,6514655,6534900,6414262
439,0,0,15,6738852,6712379,6590879,6634715,6570037,6618285,6614044,6587349,6670538,6562248,6660275,6602463,6517237,6625410,6601700,6533270,6567835,6528121,6548478,6427015
440,31,0,15,6725644,6699517,6577750,6621792,6557647,6605251,6601586,6574827,6656847,6549169,6646902,6589886,6504145,6611890,6588466,6519496,6554377,6514117,6534725,6414204
441,0,0,15,6738239,6711616,6589700,6634333,6569070,6618061,6614066,6587619,6669745,6562089,6659917,6602610,6516821,6625310,6600877,6532206,6567373,6527687,6547829,6427384
442,31,0,15,6726170,6699933,6578372,6622571,6557412,6605752,6602996,6575766,6657772,6550078,6647723,6590659,6504618,6612770,6588713,6520217,6554808,6515169,6535465,6415302
443,0,0,15,6738009,6711733,6589762,6634412,6569438,6618235,6614295,6586984,6670402,6562413,6660521,6603012,6516964,6624220,6601580,6532303,6567980,6527525,6548049,6426477
444,31,0,15,6724958,6698837,6576437,6621691,6556205,6604696,6599967,6574041,6656915,6547951,6646893,6589519,6503520,6611085,6587664,6518630,6554062,6513001,6534217,6413285
445,0,0,15,6737310,6712090,6590385,6634395,6568979,6617682,6613528,6587690,6669901,6562234,6661119,6602223,6516605,6625162,6600352,6532595,6568446,6527318,6548198,6426599
446,31,0,15,6723937,6698264,6576295,6621324,6556051,6604182,6600714,6573366,6656680,6548279,6647635,6588781,6503498,6611292,6587107,6518607,6553971,6514176,6534521,6412986
447,0,0,15,6736703,6710214,6587914,6634136,6568579,6616344,6612124,6586078,6669393,6560835,6660205,6601322,6515644,6623753,6599476,6531360,6565842,6526637,6546893,6425465
448,31,0,15,6725710,6699364,6576746,6623053,6557156,6604582,6601299,6574827,6657599,6549683,6648109,6589347,6505087,6612555,6587579,6519165,6554524,6514782,6535387,6413734
449,0,0,15,6736858,6710743,6588267,6634048,6568033,6616970,6612743,6585708,6669062,6560957,6660416,6601494,6516818,6624780,6599618,6531083,6566822,6526565,6547245,6426243
450,31,0,15,6725259,6698827,6576672,6622225,6556554,6604731,6600593,6574129,6656819,6548321,6647742,6588771,6504770,6611695,6587311,6517985,6554250,6514076,6534537,6413896
451,0,0,15,6738149,6711788,6588722,6634541,6569079,6617278,6613412,6586836,6669882,6561641,6660670,6601796,6518124,6624224,6600423,6531184,6567802,6526929,6548004,6426804
452,31,0,15,6725642,6699250,6576723,6622243,6556094,6604492,6600242,6574317,6656937,6548788,6647551,6588885,6505186,6611441,6587679,6517677,6554730,6513918,6534229,6413316
453,0,0,15,6738409,6712564,6589858,6634921,6569161,6617272,6613533,6587229,6669784,6562473,6660947,6602003,6518147,6624987,6601336,6531098,6568211,6527300,6548204,6426398
454,31,0,15,6725936,6699552,6577546,6622160,6556545,6604959,6600851,6574546,6656986,6549806,6648403,6589218,6505625,6612173,6587339,6519333,6554352,6514003,6535204,6413403
455,0,0,15,6738252,6711998,6589084,6634460,6568759,6616932,6613485,6587307,6669763,6562292,6660439,6601584,6517446,6624430,6600622,6532091,6566875,6526352,6547916,6425442
456,31,0,15,6724638,6698968,6576770,6621981,6556762,6604507,6600588,6574747,6657371,6548244,6646923,6588852,6504377,6611769,6587942,6518918,6554173,6514063,6534822,6413237
457,0,0,15,6737932,6711102,6588986,6634404,6568954,6617248,6612758,6587292,6669970,6561103,6660319,6601619,6516230,6623460,6600369,6532153,6567038,6527340,6547667,6425930
458,31,0,15,6725816,6700170,6577337,6622838,6557195,6605335,6601130,6575415,6657878,6549240,6648662,6590122,6504650,6611474,6589068,6519762,6554432,6514875,6534729,6413410
459,0,0,15,6738298,6712533,6588575,6634908,6568403,6617678,6613080,6587417,6669940,6561388,6660769,6602090,6517030,6624119,6601041,6532223,6567818,6527012,6548190,6426332
460,31,0,15,6725626,6699660,6577110,6621832,6556473,6605293,6599985,6574802,6657066,6548559,6648052,6588935,6504209,6612136,6587708,6519352,6554730,6514333,6535471,6413340
461,0,0,15,6739174,6713735,6590650,6636055,6569666,6618670,6613634,6588570,6671649,6563480,6662199,6603364,6518298,6625691,6601116,6533583,6569010,6528476,6549413,6428067
462,31,0,15,6726643,6700347,6578045,6622202,6557548,6605711,6600963,6575899,6658343,6549860,6648692,6589504,6505133,6612954,6587815,6519918,6554903,6515418,6536397,6414921
463,0,0,15,6738619,6712069,6589629,6634400,6569121,6617213,6613191,6587536,6670333,6562088,6660658,6601918,6517202,6624317,6600074,6532509,6566553,6526933,6548555,6426352
464,31,0,15,6726625,6700928,6578612,6622894,6556913,6605660,6602447,6575916,6658037,6550071,6648637,6589949,6505426,6613200,6589044,6520129,6554979,6515260,6536085,6414334
465,0,0,15,6737534,6712130,6589581,6633744,6568079,6616889,6613725,6587482,6669846,6562598,6661183,6601958,6517323,6624813,6600866,6532395,6568591,6527067,6547372,6425646
466,31,0,15,6725882,6699793,6577874,6622249,6556409,6605129,6601490,6575947,6658237,6550690,6648791,6589933,6505645,6612562,6588742,6520058,6556130,6515233,6535839,6414290
467,0,0,15,6738222,6712276,6589934,6634434,6567992,6616824,6613310,6587286,6670214,6562580,6660480,6601849,6517044,6625058,6601137,6531999,6568439,6527814,6548238,6426480
468,31,0,15,6726041,6700365,6577505,6622206,6556176,6604338,6601526,6575331,6657652,6550356,6647867,6589562,6505136,6612866,6588599,6518661,6555495,6515001,6534858,6414097
469,0,0,15,6737152,6711794,6589452,6633779,6568204,6616517,6613766,6586867,6669689,6562155,6660402,6601837,6517352,6624382,6600336,6531569,6568111,6527334,6547834,6425988
470,31,0,15,6726340,6700190,6578126,6621660,6556772,6604646,6602212,6575496,6657823,6550076,6648012,6589807,6505739,6612699,6589008,6519865,6555617,6515571,6536129,6414256
471,0,0,15,6737768,6710770,6589201,6633521,6568164,6616224,6613584,6587010,6669980,6562404,6660038,6601846,6517271,6624175,6599909,6532241,6567531,6527624,6547967,6425446
472,31,0,15,6725863,6699447,6577398,6622259,6557044,6605044,6601747,6574601,6658413,6550485,6648081,6589525,6506099,6612849,6588278,6519632,6555064,6515298,6535589,6413557
473,0,0,15,6738167,6712462,6589790,6635267,6568933,6617647,6614372,6587619,6671152,6564068,6661834,6602347,6517698,6625087,6601293,6532980,6568668,6528278,6548355,6426138
474,31,0,15,6724811,6698986,6576419,6621812,6556065,6603716,6601113,6573548,6657329,6549647,6646846,6588674,6504439,6611091,6588179,6519251,6555186,6513998,6534436,6412967
475,0,0,15,6738335,6712363,6589363,6634895,6568661,6617038,6613985,6586741,6670106,6562904,6660340,6602257,6517671,6625091,6602230,6533379,6568426,6527668,6548682,6426227
476,31,0,15,6726406,6699689,6577769,6623078,6556728,6604462,6602088,6574305,6657814,6550858,6648150,6590134,6505747,6612602,6589857,6520297,6555362,6514801,6535551,6414573
477,0,0,15,6737695,6710889,6589449,6634280,6568211,6615377,6613687,6586406,6669054,6562971,6660050,6601487,6517345,6624522,6601688,6532344,6566916,6526936,6547803,6425785
478,31,0,15,6726647,6699509,6578447,6622843,6557033,6603849,6601748,6574907,6657133,6551596,6648466,6590005,6506520,6613200,6589717,6520085,6554830,6515095,6536115,6414749
479,0,0,15,6739387,6712836,6590781,6635317,6569905,6617357,6614503,6587023,6669511,6564099,6661201,6603121,6518723,6625583,6602823,6533845,6568594,6528686,6548518,6427498
480,31,0,15,6726481,6699768,6578553,6622478,6557165,6604886,6602812,6574346,6657249,6550419,6647714,6590230,6506045,6613477,6589557,6520377,6554467,6515191,6535809,6414942
481,0,0,15,6739113,6712558,6590653,6635504,6569859,6617746,6615313,6587080,6670446,6563961,6661046,6602881,6518821,6626225,6603152,6533743,6568757,6528131,6548771,6427816
482,31,0,15,6726890,6699222,6577200,6622363,6556432,6604425,6602431,6574462,6657574,6550558,6647796,6589652,6505104,6613344,6589148,6520372,6555434,6514856,6535148,6414460
483,0,0,15,6738357,6711459,6589022,6634960,6568146,6616770,6613937,6587151,6670049,6563131,6660543,6602056,6517745,6626064,6602349,6533570,6568212,6527715,6548228,6427037
484,31,0,15,6726661,6699738,6577164,6622500,6555650,6604793,6601514,6575074,6657970,6550184,6647331,6589837,6505454,6613033,6589141,6521041,6555556,6514773,6535712,6414192
485,0,0,15,6738569,6711352,6588773,6634711,6568600,6616010,6613709,6586264,6669911,6562447,6659953,6601878,6516693,6625019,6601315,6533266,6567683,6527582,6547883,6426402
486,31,0,15,6726438,6698571,6576756,6621894,6556125,6604056,6601654,6573862,6656785,6550329,6646748,6589392,6504420,6611768,6587991,6519848,6554111,6514673,6535254,6413812
487,0,0,15,6738823,6711754,6589131,6634333,6567950,6616411,6613780,6586007,6669275,6563091,6659874,6602057,6517506,6624390,6600681,6532871,6567516,6527323,6548129,6426079
488,31,0,15,6726082,6699058,6576955,6622426,6555050,6604162,6601912,6573562,6657175,6549723,6647072,6589634,6504682,6612163,6587604,6519882,6553966,6514369,6535216,6413510
489,0,0,15,6738553,6711541,6588964,6634515,6567422,6616254,6614201,6586219,6669663,6562568,6660131,6602319,6517212,6624567,6600879,6532439,6567292,6527581,6548013,6426344
490,31,0,15,6725181,6698374,6576786,6621447,6556329,6604201,6601569,6573549,6657108,6549492,6646773,6589303,6504026,6612003,6588207,6519868,6554470,6515224,6535240,6414264
491,0,0,15,6738111,6710846,6589119,6634257,6569170,6616892,6614072,6586857,6669823,6562276,6659876,6602086,6517323,6625255,6600749,6532879,6567740,6528016,6548161,6426617
492,31,0,15,6726564,6699304,6577215,6622241,6557005,6604531,6601918,6574708,6658062,6550085,6647807,6590308,6505543,6613148,6588744,6519986,6556094,6516410,6535985,6414538
493,0,0,15,6738754,6712000,6590146,6634611,6569008,6617496,6614673,6587308,6670588,6562766,6660642,6602619,6518256,6626458,6601617,6533107,6569329,6528751,6548531,6427596
494,31,0,15,6725632,6699769,6577521,6622875,6556726,6604360,6602459,6575018,6657636,6550267,6647848,6589261,6505824,6612696,6588539,6519813,6555889,6515715,6535485,6414738
495,0,0,15,6737589,6711688,6590095,6634513,6568394,6616465,6614321,6587068,6669909,6562799,6660544,6601822,6518262,6624993,6600399,6532420,6568871,6528334,6548400,6426383
496,31,0,15,6724788,6699383,6577218,6620924,6556063,6603308,6600860,6573844,6655925,6549728,6646188,6588950,6505315,6612253,6588286,6519074,6554077,6514925,6534458,6413292
497,0,0,15,6737380,6712058,6589511,6633330,6568317,6615801,6613360,6585986,6668740,6562215,6659127,6601823,6517579,6625839,6601360,6531886,6567293,6527666,6546847,6426602
498,31,0,15,6725093,6699652,6576653,6620129,6556176,6603470,6600313,6573624,6656158,6549379,6646191,6588685,6505039,6612222,6587706,6518410,6553478,6513670,6534249,6413370
499,0,0,15,6737400,6712131,6589396,6633386,6568566,6616466,6613080,6586879,6668911,6561834,6659509,6601396,6517418,6624955,6601010,6532003,6567328,6527212,6547196,6426598
500,31,0,15,6726393,6699452,6578029,6622522,6557393,6604983,6602073,6575485,6656932,6549911,6647741,6590046,6506256,6613688,6588705,6519761,6555365,6515321,6535106,6414579
501,0,0,15,6738032,6711427,6589069,6634675,6568943,6616528,6613851,6587436,6668985,6562691,6660246,6601601,6517972,6626199,6601150,6532481,6567982,6528223,6547252,6426872
502,31,0,15,6725725,6698990,6577480,6622470,6556645,6603904,6601007,6574750,6656331,6550058,6646910,6589483,6505455,6612488,6588339,6519774,6555004,6515296,6534360,6413876
503,0,0,15,6738992,6711637,6588734,6634683,6568615,6616336,6613552,6587172,6668933,6562597,6660168,6602201,6518375,6625445,6601540,6532521,6568155,6527995,6547225,6426391
504,31,0,15,6726874,6699726,6577523,6622555,6556385,6604678,6601859,6574762,6657174,6549787,6648619,6590043,6506332,6613545,6588090,6520240,6555804,6516013,6535164,6414409
505,0,0,15,6739024,6711702,6589566,6635133,6568156,6616851,6613906,6587239,6670306,6562722,6661247,6602368,6518126,6626455,6601072,6532838,6568086,6528419,6547366,6427321
506,31,0,15,6727005,6699286,6577040,6622544,6556372,6604166,6601864,6575282,6657590,6550980,6648302,6590075,6506178,6612915,6588788,6519949,6555032,6516380,6535154,6414946
507,0,0,15,6739458,6711928,6590039,6634829,6568552,6616261,6613945,6587822,6669674,6563242,6661071,6602325,6518882,6625992,6601492,6532701,6568352,6528555,6547994,6427534
508,31,0,15,6727537,6699845,6577590,6622981,6556976,6604372,6602398,6576067,6658101,6551124,6647647,6590029,6507066,6613323,6589329,6520331,6555813,6516222,6535171,6415754
509,0,0,15,6739009,6711773,6589302,6633819,6568186,6616558,6614146,6587775,6669381,6562461,6659440,6602365,6518793,6625417,6601084,6532222,6567778,6528332,6547478,6427502
510,31,0,15,6726009,6699596,6576887,6620705,6556063,6604224,6601187,6574829,6656801,6550093,6646926,6589793,6505329,6612669,6588447,6519183,6555497,6515475,6535245,6414122
511,0,0,15,6738550,6712262,6588587,6634368,6569065,6616727,6614219,6586930,6669401,6561833,6659939,6602525,6517475,6626129,6600534,6532132,6568616,6528194,6549103,6426094
512,31,0,15,6726097,6700095,6576920,6622062,6556453,6604272,6601681,6574795,6656895,6549027,6647129,6589850,6504802,6613448,6588389,6519159,6554811,6515242,6536026,6413990
513,0,0,15,6738145,6711252,6589158,6634091,6568761,6616657,6613425,6587664,6669688,6562372,6659847,6602703,6517437,6626002,6600400,6532513,6567788,6527785,6548551,6426823
514,31,0,15,6725731,6697499,6576609,6620783,6555684,6603737,6600168,6573611,6656113,6549075,6646193,6588695,6504202,6612690,6587183,6518072,6554754,6513763,6535014,6413521
515,0,0,15,6738788,6710937,6589161,6633385,6568505,6616205,6612990,6587099,6669398,6562108,6659686,6602338,6516770,6624624,6599644,6531864,6568144,6527120,6547752,6426606
516,31,0,15,6726478,6698298,6577279,6620860,6556582,6603455,6600970,6574605,6657266,6549643,6646668,6590201,6504970,6612245,6587596,6518668,6555083,6514768,6535352,6414821
517,0,0,15,6739314,6710829,6589710,6634575,6569746,6616919,6614292,6587671,6670868,6562946,6660816,6603094,6518339,6625326,6601269,6533015,6568816,6528326,6548794,6427662
518,31,0,15,6726441,6698188,6576887,6622267,6557188,6604822,6602419,6574311,6657525,6550156,6647238,6589896,6505362,6612070,6588489,6519971,6555667,6515001,6535673,6415158
519,0,0,15,6738794,6709981,6588709,6634667,6568647,6615855,6613670,6586494,6670106,6563025,6659374,6602114,6516645,6623214,6600112,6532201,6567731,6527405,6548027,6426806
520,31,0,15,6726153,6697327,6576559,6622340,6556490,6603490,6600564,6573326,6657052,6550019,6646548,6588804,6504864,6611492,6588153,6519207,6554907,6514093,6534569,6413405
521,0,0,15,6739412,6710981,6588967,6635119,6569107,6615843,6613665,6586435,6669990,6563142,6659854,6601812,6517563,6624751,6601149,6532136,6568377,6527520,6547577,6426195
522,31,0,15,6726630,6699159,6576887,6622513,6556246,6603349,6601218,6574552,6657560,6550657,6647404,6589463,6504867,6612849,6588218,6519248,6556062,6514945,6534921,6414068
523,0,0,15,6739315,6711121,6589580,6635049,6569063,6616283,6613140,6586803,6670164,6563115,6660380,6601898,6518121,6625720,6601129,6532507,6569087,6528157,6548007,6426585
524,31,0,15,6727545,6699173,6577432,6622901,6557820,6604712,6601731,6575538,6657481,6551501,6648145,6590148,6506360,6613611,6589328,6520269,6556808,6516030,6535821,6414595
525,0,0,15,6738345,6710576,6587874,6634169,6569114,6615656,6613456,6586400,6669328,6563247,6659740,6601634,6517734,6624866,6599869,6532542,6568065,6527015,6547640,6425934
526,31,0,15,6726104,6698754,6575895,6622171,6556539,6603981,6601402,6574403,6657226,6550774,6647001,6589528,6505998,6612147,6587642,6519441,6554655,6515047,6535695,6413840
527,0,0,15,6739925,6711852,6588638,6634708,6569722,6617014,6614800,6587112,6670452,6564011,6660544,6602740,6518989,6625614,6601270,6533205,6568422,6527834,6548908,6427061
528,31,0,15,6725888,6698002,6575874,6621096,6556101,6603376,6601551,6572915,6656532,6550821,6646633,6589392,6505737,6612693,6587356,6519217,6553945,6513724,6534457,6412733
529,0,0,15,6738446,6710045,6587717,6633447,6567984,6616205,6613708,6586387,6669262,6562692,6660844,6602418,6518746,6624938,6599929,6532602,6567279,6527249,6547565,6425106
530,31,0,15,6726289,6698258,6576119,6621926,6556866,6604657,6601524,6575058,6657507,6551600,6648227,6589885,6506235,6612227,6586769,6519822,6555728,6514806,6536120,6412865
531,0,0,15,6739106,6710954,6588569,6634202,6569142,6617023,6614347,6587248,6670080,6564053,6660984,6602910,6518590,6624740,6600424,6532164,6569212,6527853,6549149,6425812
532,31,0,15,6725626,6698374,6576248,6621900,6556430,6604077,6601450,6574412,6656965,6551060,6646891,6589870,6505830,6612059,6587589,6519019,6555126,6514514,6535767,6412626
533,0,0,15,6738571,6710687,6588547,6634757,6568952,6616097,6613977,6586747,6669538,6564022,6660207,6602546,6517999,6624881,6601244,6531873,6567993,6527386,6548509,6425357
534,31,0,15,6727045,6699112,6576826,6622666,6557795,6604363,6602296,6575444,6657642,6552547,6647985,6590709,6506623,6613416,6589562,6519625,6556012,6515638,6535875,6413246
535,0,0,15,6739997,6711016,6589229,6634355,6569857,6616796,6614593,6587441,6669683,6565251,6660853,6603386,6519223,6625421,6602058,6532708,6568931,6528569,6548832,6426536
536,31,0,15,6726949,6698487,6576468,6621580,6556525,6604135,6601294,6574229,6656853,6551648,6647634,6590108,6505702,6612766,6587418,6519381,6555612,6514824,6535396,6413167
537,0,0,15,6739199,6710764,6588692,6633850,6569140,6616039,6613982,6587252,6670461,6563996,6660742,6602961,6518539,6626017,6600720,6532344,6569026,6527962,6548494,6426427
538,31,0,15,6726010,6697831,6575917,6620594,6557057,6603296,6600549,6574357,6656791,6550987,6647453,6589639,6505411,6611690,6587849,6518554,6555540,6514646,6534954,6413390
539,0,0,15,6738852,6710499,6588015,6633928,6568678,6616274,6613043,6586993,6669668,6563587,6660769,6602977,6518330,6624456,6601275,6532651,6568687,6527547,6548273,6426608
540,31,0,15,6726933,6698316,6576056,6622109,6557401,6604191,6601577,6575691,6657671,6551263,6647699,6590999,6506496,6613061,6588048,6520016,6556392,6515590,6535929,6414596
541,0,0,15,6739268,6711562,6588416,6634740,6569707,6616506,6614148,6587897,6671021,6563715,6660611,6603499,6518944,6625857,6601459,6533219,6569164,6528657,6548754,6427619
542,31,0,15,6726684,6698980,6575679,6622203,6556666,6603233,6602105,6575287,6657816,6550776,6647995,6590394,6505725,6613625,6588392,6520323,6555733,6515472,6535836,6414839
543,0,0,15,6739440,6710944,6588872,6635087,6569508,6616825,6614750,6587570,6670931,6563403,6661094,6603601,6519160,6626452,6601873,6533319,6569075,6528155,6549464,6427122
544,31,0,15,6727368,6699094,6576975,6622703,6557097,6604790,6602772,6575079,6657913,6550887,6648050,6590579,6506811,6613116,6589280,6520318,6555940,6515489,6535886,6414757
545,0,0,15,6738769,6711435,6589128,6635084,6569013,6617387,6614579,6587244,6670225,6563469,6660670,6603463,6519323,6625738,6601553,6533705,6569406,6528275,6548822,6427020
546,31,0,15,6726282,6698982,6576330,6622086,6556244,6604477,6601903,6574137,6657140,6550212,6647342,6590647,6506406,6613810,6588610,6519702,6555571,6514656,6535411,6413894
547,0,0,15,6738587,6711170,6588451,6634152,6568756,6616651,6613570,6586546,6669810,6563058,6660477,6603043,6518618,6624904,6601640,6532056,6567542,6527518,6548234,6426483
548,31,0,15,6727129,6699810,6576789,6622218,6556973,6604430,6602310,6575226,6657756,6551117,6648562,6591229,6507063,6613971,6589660,6520030,6555231,6515462,6536326,6414383
549,0,0,15,6737975,6711013,6588447,6633986,6568158,6615958,6614111,6586570,6669536,6563001,6660196,6602783,6518146,6625330,6600509,6532263,6567284,6527316,6547933,6425366
550,31,0,15,6725372,6698678,6576071,6622217,6556097,6604425,6601580,6574320,6656990,6550020,6647210,6590060,6506077,6611730,6587810,6519569,6554240,6514338,6535090,6413507
551,0,0,15,6738663,6711960,6589457,6635769,6569705,6617375,6615309,6587558,6671035,6563396,6660529,6603448,6518949,6625703,6602697,6533389,6569538,6527922,6548907,6427218
552,31,0,15,6725396,6698997,6576903,6622475,6556847,6604550,6602179,6574899,6658236,6550580,6646990,6589938,6505388,6612800,6589105,6519323,6556224,6514624,6535282,6414508
553,0,0,15,6738290,6711328,6588576,6634646,6569128,6617276,6615033,6586590,6670403,6563231,6659615,6602229,6518009,6625372,6601808,6533051,6569249,6527575,6548334,6426151
554,31,0,15,6726342,6699743,6577111,6622723,6557368,6605175,6602723,6575357,6658768,6550760,6647858,6589746,6505906,6613161,6589116,6520879,6556279,6514982,6535381,6413418
555,0,0,15,6738956,6711931,6589532,6635147,6569780,6617554,6614779,6587524,6671672,6563904,6661113,6602625,6518397,6626046,6601903,6533964,6569058,6528278,6548263,6426002
556,31,0,15,6726629,6700228,6577415,6622915,6557501,6605546,6602702,6575225,6658319,6551427,6648370,6590054,6506785,6614130,6589452,6520726,6556740,6515598,6535745,6414314
557,0,0,15,6738541,6712317,6589724,6635205,6569385,6618234,6615270,6587093,6670771,6563858,6660451,6602471,6519211,6625958,6602327,6533442,6569813,6528248,6548181,6427250
558,31,0,15,6726661,6699843,6577402,6623109,6556569,6605380,6603136,6574765,6657768,6550406,6647995,6589950,6506693,6613067,6589426,6520341,6556215,6515077,6535117,6414297
559,0,0,15,6738939,6711265,6588878,6635636,6568755,6617254,6615083,6587203,6670298,6563457,6660647,6602486,6519145,6626336,6601984,6533575,6568573,6527343,6548319,6426425
560,31,0,15,6726927,6699435,6577322,6624242,6557172,6605511,6603465,6575990,6658848,6550612,6648672,6590170,6507202,6614540,6590157,6521215,6556748,6516304,6535452,6414964
561,0,0,15,6738577,6711035,6589601,6634840,6568547,6617142,6614431,6586811,6670627,6562604,6660939,6602013,6518788,6625462,6601356,6533257,6568645,6527895,6547628,6427054
562,31,0,15,6726213,6698948,6577108,6622011,6556465,6605115,6601919,6574592,6657932,6550671,6648355,6589527,6506638,6612886,6589001,6520316,6556058,6515662,6535040,6414199
563,0,0,15,6738781,6711089,6588852,6634288,6568257,6617316,6614325,6587412,6670949,6563580,6661182,6602279,6518938,6625672,6602748,6532605,6568408,6528205,6547682,6426847
564,31,0,15,6726583,6698285,6577570,6621507,6556247,6604943,6602324,6574962,6658600,6551142,6648875,6589655,6506712,6614210,6589733,6519939,6555129,6515446,6535670,6413910
565,0,0,15,6738744,6710569,6589859,6633884,6568576,6616450,6615089,6587117,6671433,6563814,6661300,6602099,6518843,6626920,6603048,6532715,6568432,6527548,6548427,6426046
566,31,0,15,6726591,6698838,6578211,6623042,6556982,6605166,6602860,6575659,6659021,6551870,6648905,6590127,6506769,6614706,6590217,6520265,6555892,6515578,6535651,6414079
567,0,0,15,6738911,6710322,6589470,6634563,6568278,6616919,6614407,6588235,6671155,6563737,6662011,6601921,6518390,6626771,6602046,6532387,6568604,6527267,6547702,6426696
568,31,0,15,6727027,6698422,6577452,6621956,6556373,6604428,6601863,6575214,6658383,6550292,6648760,6589001,6505820,6613629,6589230,6519958,6556047,6515210,6534714,6414733
569,0,0,15,6739467,6710998,6590272,6634435,6569134,6617295,6615182,6587985,6671214,6563349,6661775,6601996,6517917,6625949,6602255,6532873,6569136,6527391,6547964,6427210
570,31,0,15,6726573,6698862,6577901,6621982,6557023,6604818,6602034,6575303,6659101,6550557,6648630,6589520,6505787,6613067,6588744,6519616,6556488,6514545,6535016,6415265
571,0,0,15,6738802,6709892,6589295,6634516,6569388,6616383,6613505,6587034,6670865,6562506,6660419,6601393,6517921,6625651,6600595,6532084,6569106,6527334,6547337,6426221
572,31,0,15,6726124,6698011,6577585,6622052,6557213,6604108,6600940,6574372,6658499,6549839,6648239,6589221,6505419,6612985,6588866,6518964,6556146,6515090,6534967,6413950
573,0,0,15,6738826,6710685,6590287,6634455,6568919,6616465,6614070,6587499,6670893,6563006,6661451,6602116,6518227,6625456,6601162,6532444,6568246,6527738,6548101,6426846
574,31,0,15,6726334,6698452,6578262,6622276,6556941,6604601,6601528,6575092,6658198,6550600,6648612,6589711,6506028,6612597,6588546,6519958,6555384,6514575,6535223,6414169
575,0,0,15,6738050,6710838,6590075,6634067,6568587,6616246,6613659,6587022,6670707,6563118,6661225,6602082,6518241,6625057,6601272,6532735,6568265,6527287,6548222,6426248
576,31,0,15,6725912,6698542,6577864,6622134,6557262,6603859,6601426,6575134,6658649,6550924,6648584,6589580,6506533,6612456,6588751,6520017,6555423,6514750,6535313,6413636
577,0,0,15,6737891,6710328,6589815,6633242,6569343,6616580,6614119,6586693,6670550,6563004,6661085,6601174,6518240,6624099,6601171,6532698,6567067,6527130,6547632,6426101
578,31,0,15,6726342,6698925,6578090,6622488,6557333,6605400,6601708,6574683,6658793,6551287,6648194,6589377,6506350,6612305,6589379,6519931,6555332,6515385,6535492,6415527
579,0,0,15,6739429,6711143,6590690,6634482,6569765,6617925,6614168,6587528,6671238,6563848,6662417,6602780,6519304,6625433,6602279,6533757,6568437,6528508,6548275,6428060
580,31,0,15,6726180,6698285,6578613,6621814,6557298,6605366,6601262,6574417,6658264,6550827,6648847,6589660,6506233,6612543,6588897,6520431,6554918,6515311,6534970,6414787
581,0,0,15,6737832,6710206,6590298,6633183,6568693,6616283,6613199,6586682,6670238,6562892,6660885,6602038,6517494,6624715,6600595,6533015,6567919,6527084,6547574,6426394
582,31,0,15,6726054,6698350,6578882,6622485,6556884,6604646,6601551,6574813,6658142,6551019,6648582,6589389,6505524,6613161,6588510,6520365,6555903,6515514,6535082,6414562
583,0,0,15,6738702,6711119,6591278,6634805,6569301,6617296,6613924,6587135,6671275,6563776,6661527,6602360,6518130,6625957,6601373,6533364,6569008,6527918,6548096,6427617
584,31,0,15,6727022,6699598,6579389,6622838,6557888,6604762,6601939,6575095,6658187,6551348,6649374,6589839,6505890,6613318,6589770,6520810,6556396,6515263,6535349,6415280
585,0,0,15,6738311,6710727,6590181,6634562,6569445,6616332,6613626,6586751,6670496,6563464,6661532,6601863,6518068,6624804,6601942,6533130,6568300,6527759,6547802,6427524
586,31,0,15,6727117,6699415,6578556,6622842,6558975,6605307,6602314,6575279,6658666,6551390,6649332,6589889,6506426,6613308,6589650,6522043,6556430,6515818,6536356,6415228
587,0,0,15,6739484,6711396,6590373,6634559,6570196,6617336,6614242,6587275,6670989,6563666,6661547,6601995,6519061,6625324,6602433,6534490,6568738,6528021,6548907,6426998
588,31,0,15,6726725,6698803,6577559,6621580,6557083,6604471,6601300,6574294,6658155,6550374,6647853,6588606,6505406,6611683,6589132,6521413,6554646,6515327,6534836,6414379
589,0,0,15,6739494,6711078,6589679,6634417,6568998,6616499,6613926,6586879,6670197,6562791,6660787,6601418,6517778,6623913,6601251,6533799,6568034,6527652,6547974,6427390
590,31,0,15,6726736,6698617,6577817,6622128,6556594,6604407,6601648,6574343,6658216,6550522,6648141,6589608,6506263,6611227,6589204,6521202,6555583,6515507,6535356,6414577
591,0,0,15,6739226,6711244,6590064,6634620,6568629,6616834,6614825,6586736,6670833,6563193,6661827,6602121,6519144,6624162,6601576,6533792,6568885,6527962,6548656,6426914
592,31,0,15,6728316,6699649,6578799,6623173,6557769,6605522,6602880,6574592,6658144,6551115,6649083,6590031,6507381,6612781,6590494,6521098,6557082,6515580,6536840,6415130
593,0,0,15,6740015,6710983,6590111,6634550,6569352,6617238,6614058,6586937,6669763,6562688,6660376,6601981,6518450,6624887,6601791,6532780,6568790,6527711,6548984,6427344
594,31,0,15,6727335,6698160,6578184,6621679,6557572,6604710,6602204,6574358,6657255,6549617,6647434,6589485,6505418,6612777,6588887,6520226,6555346,6514603,6536233,6414821
595,0,0,15,6739943,6710948,6590020,6634640,6569487,6616656,6614482,6587226,6670270,6563078,6660370,6602029,6518795,6624885,6601296,6533928,6568898,6528344,6549224,6427077
596,31,0,15,6727508,6699538,6578177,6622590,6557953,6603934,6602473,6575111,6657905,6550752,6649209,6590135,6506385,6613374,6589924,6521030,6556060,6515650,6536537,6414875
597,0,0,15,6739367,6711796,6589663,6634950,6570069,6616956,6614813,6588340,6670279,6563389,6661750,6602588,6518295,6626131,6602287,6533670,6568926,6527968,6549458,6426942
598,31,0,15,6726290,6698861,6577879,6622567,6557665,6604207,6602147,6574918,6657204,6550075,6647682,6589309,6505695,6612395,6587915,6520359,6555208,6514882,6535689,6413674
599,0,0,15,6738891,6711457,6590585,6635344,6570311,6616799,6614280,6587581,6670310,6563224,6660611,6601862,6518323,6625389,6601244,6533488,6568654,6527878,6548314,6426351
600,31,0,15,6725792,6698813,6576994,6622370,6557258,6604501,6601834,6574229,6657329,6550601,6647599,6589019,6505204,6612323,6588110,6520342,6555382,6514602,6534360,6413914
601,0,0,15,6740378,6712394,6590190,6635792,6570036,6617722,6615251,6588179,6671027,6564253,6661570,6602786,6518786,6625869,6602488,6533586,6569826,6528344,6548119,6427952
602,31,0,15,6727695,6700133,6578181,6623828,6558349,6605671,6603546,6575734,6658927,6551840,6648296,6590383,6506189,6613565,6589682,6520667,6556302,6515721,6535769,6415646
603,0,0,15,6737851,6710792,6588942,6634314,6568684,6615973,6614220,6586806,6669948,6562598,6659715,6602027,6517019,6623946,6600694,6531913,6568522,6527264,6547668,6426441
604,31,0,15,6725269,6698313,6577029,6622055,6556575,6603766,6602211,6574708,6657325,6551015,6646811,6588859,6505635,6612100,6587352,6518866,6555861,6514716,6535377,6414504
605,0,0,15,6738997,6712218,6590276,6635413,6569897,6617424,6615457,6587071,6670386,6563865,6660660,6602619,6518661,6625376,6600966,6532683,6568627,6528102,6548376,6427699
606,31,0,15,6725902,6699098,6577767,6622390,6556793,6604464,6602255,6574554,6657570,6550609,6646790,6588698,6505391,6613429,6588620,6519367,6554901,6514678,6533909,6414853
607,0,0,15,6738794,6711558,6590413,6634696,6568603,6616890,6614818,6587124,6669916,6563041,6659383,6601176,6517488,6625287,6601338,6532546,6567969,6527352,6547244,6427372
608,31,0,15,6726647,6698776,6578201,6622750,6556445,6604881,6602510,6575160,6657982,6550781,6647933,6589487,6505477,6612619,6589454,6519698,6556377,6515191,6535708,6414859
609,0,0,15,6737908,6709736,6588672,6634339,6568085,6616014,6613311,6586140,6669188,6563033,6659709,6601170,6517200,6624271,6600012,6531402,6568346,6526443,6547575,6426380
610,31,0,15,6726550,6698436,6577727,6622594,6556819,6604550,6601604,6574195,6657875,6550640,6647047,6589742,6505504,6612216,6588295,6519706,6556358,6515482,6535718,6414424
611,0,0,15,6738062,6709772,6589135,6634600,6567750,6615802,6612663,6586136,6669114,6562718,6659621,6601899,6516930,6623823,6600809,6531569,6568585,6526922,6548000,6425283
612,31,0,15,6726330,6697773,6577249,6622633,6556326,6603764,6601210,6573459,6657014,6550228,6647184,6589104,6505373,6611580,6588557,6519204,6555307,6514461,6535601,6413528
613,0,0,15,6739062,6711230,6589709,6635923,6569375,6616755,6614661,6587007,6670566,6563731,6661073,6601608,6518379,6624680,6602228,6532885,6569230,6528557,6548814,6426461
614,31,0,15,6726243,6698019,6576944,6622487,6556560,6603152,6600767,6573484,6656856,6549615,6647067,6588320,6504592,6611908,6587900,6518735,6555705,6513771,6535168,6412054
615,0,0,15,6739548,6710860,6590308,6635115,6568696,6616413,6613416,6585715,6669929,6561958,6660329,6602196,6517563,6625073,6601423,6532371,6569218,6527267,6548204,6426301
616,31,0,15,6726701,6699175,6578400,6623357,6556809,6604237,6601251,6573674,6657616,6550408,6648099,6589661,6505965,6611855,6588943,6519579,6556031,6514586,6535222,6414184
617,0,0,15,6737120,6711209,6590666,6634268,6568469,6616611,6613842,6586174,6670179,6562683,6660556,6602131,6517991,6624427,6601542,6532279,6568761,6527307,6547359,6426476
618,31,0,15,6725807,6699614,6578756,6622764,6556665,6604234,6601205,6574282,6658630,6551003,6647991,6590377,6505947,6612319,6589142,6519795,6555495,6515058,6535232,6414664
619,0,0,15,6738642,6711776,6590629,6635409,6569427,6616991,6614456,6587264,6671319,6563314,6661357,6603496,6518789,6624772,6602308,6532613,6568987,6527741,6547622,6427369
620,31,0,15,6726772,6699529,6577708,6622425,6557045,6604377,6601737,6573983,6657950,6550240,6648021,6590129,6506106,6612042,6589826,6519162,6555622,6514657,6534969,6414051
621,0,0,15,6738740,6711136,6589484,6634626,6568489,6616733,6613021,6586536,6670126,6562796,6660117,6602253,6517901,6623715,6600833,6530948,6567991,6526827,6546808,6426119
622,31,0,15,6726322,6699306,6578076,6622658,6557309,6605411,6601677,6574715,6658118,6550391,6648257,6590299,6505645,6612584,6589672,6518785,6555739,6514768,6535034,6414310
623,0,0,15,6737665,6711082,6589935,6634521,6568928,6617021,6613831,6586774,6671031,6562842,6660691,6602517,6518347,6625579,6601491,6532252,6568712,6527732,6547620,6426646
624,31,0,15,6726098,6699168,6578075,6622741,6558047,6605268,6601897,6574589,6659244,6550987,6648043,6590450,6506325,6613876,6588942,6519541,6555468,6515889,6535359,6414820
625,0,0,15,6738754,6711921,6590152,6634661,6569582,6617273,6613981,6587672,6670934,6563666,6661491,6602928,6519320,6625597,6601718,6532641,6568764,6528562,6548473,6426569
626,31,0,15,6726515,6699650,6577602,6621601,6556379,6604974,6601647,6574127,6657992,6550149,6647597,6589555,6506223,6612214,6587745,6518992,6555738,6515089,6535205,6413786
627,0,0,15,6738290,6710616,6589322,6633738,6568574,6616597,6613995,6586202,6670229,6562774,6659690,6601560,6518132,6624761,6600098,6531255,6568283,6527277,6546593,6425800
628,31,0,15,6727302,6699645,6578238,6622452,6557663,6605468,6603111,6575121,6659018,6551447,6648362,6590620,6506817,6613194,6589459,6519793,6556256,6515568,6535420,6414754
629,0,0,15,6739214,6711836,6590174,6634565,6569945,6617318,6614583,6586652,6671186,6563487,6661311,6602571,6519123,6625153,6602104,6532908,6569212,6528152,6548082,6427015
630,31,0,15,6725930,6698890,6577574,6621098,6557279,6604503,6601463,6573732,6657574,6550393,6647838,6589313,6506455,6611934,6589154,6518836,6555398,6514905,6535142,6413847
631,0,0,15,6738313,6711426,6589989,6634497,6569573,6616412,6613311,6586566,6670168,6562999,6660732,6601930,6518802,6624420,6601682,6532547,6569014,6528086,6548490,6426930
632,31,0,15,6726067,6698989,6578357,6623003,6557388,6605085,6601538,6574756,6657404,6550892,6647995,6589727,6506468,6611533,6589363,6519558,6556513,6515334,6535713,6415117
633,0,0,15,6738108,6711248,6589422,6634791,6569699,6616546,6613750,6586749,6669528,6562620,6660569,6601706,6517911,6623306,6600770,6531300,6568406,6527304,6548131,6426504
634,31,0,15,6726457,6698470,6577468,6622626,6557247,6604081,6601369,6574082,6656655,6550364,6647749,6589117,6505389,6610679,6588207,6518720,6554932,6514544,6535284,6414310
635,0,0,15,6738517,6710066,6589649,6634669,6569021,6616927,6613433,6586096,6669228,6562953,6660167,6601492,6517602,6623327,6601236,6531444,6568138,6527339,6547693,6425977
636,31,0,15,6726219,6699484,6578364,6622561,6556635,6605247,6602179,6574922,6658132,6551238,6647710,6589545,6506414,6611829,6589034,6519978,6555778,6515571,6535384,6413864
637,0,0,15,6737447,6710838,6589596,6634121,6567779,6616185,6613211,6586219,6669814,6562288,6659301,6601078,6518110,6623357,6601045,6531732,6567088,6527401,6547231,6425957
638,31,0,15,6724948,6698601,6577204,6621641,6555952,6603814,6600987,6573743,6656912,6550033,6646736,6588812,6504812,6609974,6588576,6518873,6553923,6514084,6534859,6413922
639,0,0,15,6738228,6711330,6590464,6634771,6568567,6617156,6613844,6586886,6669475,6563275,6660675,6602669,6519038,6623935,6601610,6532146,6568623,6527515,6548285,6426628
640,31,0,15,6725524,6698587,6577912,6621439,6555733,6604404,6601547,6574232,6657257,6550065,6647045,6588983,6505845,6611334,6588403,6518825,6555250,6513885,6534625,6413771
641,0,0,15,6737628,6710894,6589290,6633856,6568015,6616074,6613814,6586396,6670333,6562704,6659827,6601170,6517992,6624439,6600685,6531692,6568211,6526495,6547263,6426623
642,31,0,15,6725842,6698278,6576818,6622120,6555818,6603951,6600955,6573603,6657184,6550150,6646673,6588754,6505133,6612185,6588354,6518796,6555262,6513845,6534664,6414593
643,0,0,15,6738649,6711065,6589326,6634572,6569249,6616732,6613884,6586943,6670233,6562956,6660757,6602163,6518577,6624746,6601292,6532167,6568829,6527736,6548029,6427748
644,31,0,15,6725835,6698260,6576184,6621528,6556059,6603584,6600917,6574055,6656296,6550200,6647282,6588832,6505884,6612138,6588143,6518957,6554776,6514085,6534709,6414907
645,0,0,15,6738755,6710927,6588837,6633620,6568691,6616274,6613472,6585994,6668958,6562419,6660077,6600931,6518294,6623974,6601042,6531355,6566907,6527145,6547623,6427490
646,31,0,15,6725271,6697998,6575953,6620546,6556171,6603421,6600349,6573126,6656056,6549373,6646675,6588023,6505328,6610553,6587669,6517896,6553874,6513807,6534178,6413780
647,0,0,15,6739126,6711290,6589027,6633586,6568948,6616590,6613561,6586286,6669425,6562722,6660117,6601222,6518764,6623951,6601126,6531854,6567900,6527264,6547868,6427289
648,31,0,15,6726599,6698481,6576943,6621241,6556187,6603617,6600031,6573733,6656294,6549883,6647092,6588115,6505589,6610757,6587780,6518511,6555233,6513875,6534398,6414455
649,0,0,15,6737817,6710649,6588806,6632478,6568730,6616123,6612751,6586602,6669064,6562371,6659748,6600916,6516674,6624126,6600597,6531577,6568320,6526265,6547497,6426707
650,31,0,15,6725655,6698948,6576097,6620552,6555879,6603741,6601055,6574048,6656996,6549881,6646066,6588444,6505118,6611872,6588291,6518598,6555763,6514202,6534668,6414354
651,0,0,15,6738054,6710934,6588682,6633143,6567904,6616610,6613027,6586544,6669105,6562509,6659703,6600895,6517456,6624432,6600807,6531622,6568284,6527135,6547183,6426685
652,31,0,15,6725594,6699137,6576372,6620414,6555376,6604217,6600678,6573527,6656259,6549477,6646143,6588391,6504841,6611849,6588180,6518295,6555318,6513863,6534071,6413679
653,0,0,15,6737857,6711299,6587791,6632368,6567463,6615948,6612276,6585082,6668674,6561635,6659094,6600840,6517062,6623314,6600349,6531033,6568554,6526131,6546638,6425494
654,31,0,15,6726100,6699212,6576301,6621277,6555656,6604233,6600158,6573374,6657620,6549043,6647238,6588610,6505181,6611002,6588189,6518341,6555024,6513752,6534647,6414199
655,0,0,15,6738324,6711193,6589245,6633851,6568267,6616441,6613233,6586096,6669898,6562030,6660070,6601781,6517588,6624021,6601255,6531328,6567950,6526615,6547549,6426630
656,31,0,15,6726245,6698644,6577224,6621358,6556207,6604771,6600942,6573846,6657258,6548960,6647322,6589323,6506041,6612297,6588594,6519246,6555814,6514176,6534981,6413905
657,0,0,15,6737593,6710876,6588350,6632860,6567181,6616434,6612918,6585767,6668896,6561399,6659526,6600667,6517744,6624971,6600013,6531872,6567330,6526764,6547342,6425818
658,31,0,15,6726330,6699323,6577190,6620343,6556475,6604815,6600389,6574021,6657120,6548267,6648219,6588816,6505631,6612141,6587556,6518918,6554764,6515031,6534636,6413970
659,0,0,15,6738573,6711205,6589215,6633338,6568808,6616685,6613233,6586668,6670112,6561426,6660739,6601922,6517990,6624778,6599842,6531617,6568142,6527481,6547282,6425699
660,31,0,15,6726391,6699047,6577350,6620979,6556412,6603646,6601461,6574194,6657194,6548907,6647070,6589194,6505449,6612440,6587249,6518825,6555818,6514732,6534691,6414011
661,0,0,15,6737771,6710375,6589160,6632401,6568228,6615813,6613347,6585754,6669454,6561061,6659897,6601777,6517617,6624452,6600253,6531228,6567840,6526894,6546900,6426339
662,31,0,15,6725535,6698079,6576245,6620449,6555894,6604313,6600643,6573807,6656790,6548180,6646419,6589098,6504264,6611831,6587599,6518507,6554649,6513868,6533805,6413395
663,0,0,15,6738686,6710987,6589030,6633665,6569040,6616537,6614250,6586662,6670309,6561844,6660031,6602633,6517369,6625137,6600542,6531817,6567868,6526911,6547694,6427676
664,31,0,15,6725958,6698181,6576480,6621278,6556077,6604153,6601194,6573799,6657108,6548946,6646587,6589773,6504253,6611539,6587632,6518513,6554033,6513247,6534391,6413601
665,0,0,15,6738677,6710711,6588767,6633683,6568715,6616547,6613542,6586600,6669872,6561393,6659735,6602564,6517058,6624940,6600416,6531387,6566728,6526621,6547134,6426308
666,31,0,15,6726297,6698699,6576897,6621927,6557406,6604636,6601278,6574758,6657604,6549203,6647060,6590214,6504861,6612227,6588685,6518771,6554622,6514400,6535037,6414395
667,0,0,15,6738565,6711060,6588936,6633636,6568027,6616169,6612771,6586004,6669755,6562111,6659591,6602012,6516820,6624282,6600445,6531246,6566968,6527202,6547668,6426389
668,31,0,15,6726108,6698975,6577098,6621185,6555146,6604188,6600426,6573565,6656744,6548751,6646227,6588704,6503977,6611520,6587807,6518707,6553996,6513603,6534008,6414304
669,0,0,15,6739250,6711736,6589761,6633936,6569177,6616631,6613524,6586791,6669821,6562457,6660093,6602337,6516926,6625352,6601097,6531779,6567835,6527271,6547939,6426862
670,31,0,15,6727168,6700054,6577555,6622178,6557456,6605065,6601798,6574364,6657555,6550696,6647914,6590672,6504988,6613273,6588895,6519820,6555715,6514884,6535123,6414549
671,0,0,15,6739311,6711605,6589833,6633506,6568523,6617147,6613709,6587220,6669611,6562913,6660216,6602535,6516455,6624787,6601299,6532541,6569267,6527236,6547658,6427080
672,31,0,15,6726082,6699597,6577253,6621278,6556293,6603755,6601386,6574044,6656919,6550359,6646884,6589491,6504227,6611860,6588599,6519647,6555794,6514243,6534546,6414196
673,0,0,15,6738160,6711593,6588723,6633274,6568545,6616148,6613415,6586113,6669085,6562114,6659649,6601733,6516688,6624404,6600732,6531997,6568516,6526703,6547111,6426712
674,31,0,15,6725952,6699181,6576524,6620966,6556356,6603870,6600856,6574096,6656392,6549779,6646845,6589187,6504568,6612617,6588031,6519229,6555400,6513981,6533508,6414600
675,0,0,15,6738734,6711436,6587999,6632402,6568107,6615606,6613295,6585739,6668927,6561673,6659424,6601382,6517329,6624691,6600803,6531361,6567605,6526072,6546391,6426602
676,31,0,15,6726634,6698838,6576669,6620180,6557083,6603340,6601699,6573525,6656527,6548495,6646366,6588757,6505550,6612227,6589100,6519121,6554433,6513677,6533551,6414575
677,0,0,15,6739899,6711863,6590180,6633783,6570611,6616346,6614424,6587253,6669821,6562285,6660443,6602266,6518457,6625741,6602598,6533087,6568663,6527019,6546748,6427225
678,31,0,15,6727292,6699762,6577114,6621316,6557647,6603828,6601301,6574581,6657310,6548928,6647390,6590077,6505247,6612596,6589643,6519357,6555792,6514413,6534307,6414181
679,0,0,15,6738207,6711210,6588379,6632667,6568208,6614612,6612837,6585197,6668228,6560508,6658946,6601737,6516552,6622787,6601317,6530987,6567209,6525525,6545836,6426158
680,31,0,15,6726534,6699383,6577111,6621225,6556455,6602648,6600655,6573840,6657125,6548638,6647358,6589559,6505329,6611580,6588806,6518756,6554915,6514142,6533704,6414824
681,0,0,15,6739715,6711796,6589888,6634096,6569401,6615518,6613770,6586573,6669563,6562911,6659802,6602427,6517538,6625027,6602442,6531539,6569152,6527405,6546934,6427709
682,31,0,15,6727240,6699777,6577893,6621811,6557108,6603941,6601971,6573604,6657181,6550330,6647292,6590184,6504888,6612103,6589815,6518645,6555492,6514078,6534094,6415053
683,0,0,15,6737959,6711683,6588851,6633385,6568630,6614854,6612953,6584794,6669004,6561189,6659514,6601514,6516758,6623800,6600709,6531084,6567676,6525973,6546206,6426888
684,31,0,15,6726705,6700056,6577855,6622397,6557175,6603947,6601609,6573648,6657478,6549873,6647705,6590498,6505724,6612111,6589096,6519408,6556204,6514175,6535152,6415458
685,0,0,15,6738626,6712287,6589852,6634773,6568976,6615935,6613146,6586093,6669397,6562065,6660079,6602736,6517933,6624359,6601257,6531677,6568400,6526796,6547398,6427787
686,31,0,15,6725971,6700581,6577533,6623098,6556343,6603786,6601398,6574031,6657013,6550285,6647704,6590253,6505406,6612046,6589001,6518702,6555485,6513711,6534280,6415182
687,0,0,15,6737262,6711426,6588870,6634964,6568331,6616126,6612508,6585458,6668935,6561923,6660009,6602186,6517341,6624054,6600853,6531542,6568271,6525886,6546324,6426413
688,31,0,15,6725344,6699281,6577191,6623058,6556882,6604036,6600498,6574091,6656677,6549988,6646904,6589986,6505340,6612319,6588635,6519042,6554889,6514108,6533964,6414272
689,0,0,15,6736957,6711199,6588451,6634240,6568612,6615877,6612823,6585917,6668702,6561651,6659305,6601743,6517030,6624164,6600989,6531357,6567696,6525823,6546651,6426131
690,31,0,15,6725776,6699592,6576676,6622797,6556724,6603824,6600836,6574053,6656643,6549780,6647227,6590135,6505140,6611335,6588698,6518899,6555303,6513880,6534157,6414499
691,0,0,15,6739009,6712357,6589396,6635312,6569411,6616228,6613455,6586720,6669577,6563331,6660325,6603213,6517843,6624491,6601991,6532424,6568633,6527421,6547387,6426877
692,31,0,15,6726161,6699375,6577484,6622995,6556900,6603101,6600346,6573427,6657654,6549566,6647104,6590126,6504850,6611743,6588905,6518762,6555320,6513992,6534386,6414655
693,0,0,15,6738262,6711740,6588990,6635023,6568699,6615798,6613239,6586113,6669707,6562751,6660349,6602457,6517769,6623960,6601689,6531456,6567952,6526819,6546775,6426767
694,31,0,15,6726539,6699877,6577875,6622761,6556605,6603964,6600753,6574080,6657770,6550730,6647578,6590184,6506165,6611900,6589881,6518989,6555610,6514862,6533871,6414831
695,0,0,15,6739050,6712178,6590027,6634873,6568356,6616119,6613292,6586319,6670155,6563266,6660205,6602373,6518542,6625352,6602004,6532175,6568238,6526917,6546868,6427759
696,31,0,15,6726415,6699561,6577658,6622089,6556283,6603802,6600613,6573402,6657590,6550491,6647569,6589647,6505288,6612576,6589693,6518877,6555910,6514300,6534254,6415388
697,0,0,15,6737933,6711123,6588991,6633535,6567761,6615483,6611791,6585499,6669617,6562195,6659351,6601463,6517228,6623993,6601468,6531648,6568046,6525963,6546275,6426473
698,31,0,15,6726103,6699849,6577503,6621423,6556112,6603738,6599582,6572991,6656995,6549933,6646491,6589427,6505616,6611757,6588273,6518975,6554771,6513892,6533958,6414157
699,0,0,15,6737597,6711110,6589160,6633103,6567692,6615881,6612221,6584880,6668932,6562111,6659913,6601817,6517699,6623725,6601157,6531675,6568135,6526247,6546566,6426410
700,31,0,15,6724993,6698596,6577183,6620828,6556001,6603246,6600199,6572727,6656935,6549142,6647566,6589342,6504821,6611421,6589137,6518739,6554879,6514099,6533942,6413382
701,0,0,15,6737888,6711771,6589973,6633959,6569122,6615912,6613918,6585868,6669911,6562803,6661350,6602894,6518302,6624095,6601900,6532101,6567902,6527395,6546834,6426985
702,31,0,15,6725575,6699220,6576806,6621227,6556221,6603110,6600354,6573088,6656506,6549812,6647448,6589364,6505557,6611504,6589061,6519309,6554794,6514001,6533552,6413976
703,0,0,15,6737876,6711647,6589533,6634116,6568723,6616227,6612818,6585861,6669318,6562378,6660670,6602218,6518039,6624707,6602456,6532442,6567801,6526189,6546818,6426372
704,31,0,15,6725723,6699050,6577794,6621669,6556258,6604040,6601134,6574028,6656690,6549498,6647339,6590099,6505755,6612688,6588289,6519665,6554609,6513515,6534306,6413918
705,0,0,15,6738890,6712035,6590395,6634496,6569502,6616945,6614275,6587242,6670068,6563099,6661387,6603129,6518151,6625458,6601948,6532484,6568420,6527270,6546858,6427040
706,31,0,15,6726709,6700402,6578385,6622145,6557431,6603881,6601767,6574682,6657161,6550883,6647916,6590216,6505821,6613063,6588977,6519759,6555228,6514696,6533929,6414571
707,0,0,15,6738604,6712408,6590318,6634145,6569324,6616374,6614136,6586903,6669748,6563403,6661016,6602777,6517931,6625252,6601553,6532574,6568781,6527133,6546740,6426399
708,31,0,15,6724856,6699303,6577622,6620775,6555626,6602850,6600850,6573713,6656725,6549374,6647405,6589448,6505245,6612161,6588525,6518882,6555195,6513533,6533005,6413352
709,0,0,15,6737690,6711873,6589354,6633036,6568750,6615921,6613541,6586810,6669725,6562112,6660275,6602029,6517413,6624587,6601390,6531492,6568357,6526764,6546315,6426560
710,31,0,15,6726792,6701309,6578199,6621850,6558049,6604066,6602706,6575121,6658313,6550453,6648532,6590833,6506344,6613716,6590518,6519262,6556350,6515140,6534890,6415244
711,0,0,15,6738392,6713404,6590330,6633702,6569432,6616326,6614912,6586650,6669875,6562942,6661095,6602869,6518175,6625761,6602404,6532626,6568572,6527029,6546978,6427508
712,31,0,15,6726059,6700152,6578360,6622282,6557295,6603816,6601815,6574542,6657457,6550363,6648072,6590199,6506296,6612696,6589413,6520211,6555687,6514663,6534628,6414012
713,0,0,15,6738293,6712104,6589881,6634195,6569427,6615878,6614237,6586924,6670633,6563620,6660815,6602718,6518423,6625247,6602304,6532554,6568876,6527008,6546984,6426048
714,31,0,15,6724997,6699661,6577880,6622104,6557632,6604262,6602459,6574404,6657592,6550764,6648338,6590010,6505611,6612015,6588923,6520047,6556038,6514656,6534196,6414140
715,0,0,15,6737675,6711481,6590001,6633672,6569371,6616187,6614832,6586978,6670060,6563039,6660996,6602451,6518039,6624458,6601294,6532050,6569077,6527285,6546672,6426073
716,31,0,15,6725569,6699354,6577842,6621541,6557218,6603684,6602378,6574354,6657895,6549872,6648163,6589550,6505892,6612245,6588500,6519256,6555969,6514407,6533506,6414158
717,0,0,15,6737450,6711106,6590055,6633736,6568497,6615305,6613804,6585761,6670368,6562153,6659731,6601176,6517155,6623986,6599950,6531583,6567411,6526147,6545939,6425543
718,31,0,15,6725709,6698909,6577512,6621113,6555841,6603387,6601321,6573535,6657007,6548847,6647087,6588960,6505202,6611441,6587101,6519109,6554338,6513319,6533371,6413101
719,0,0,15,6738168,6712287,6590104,6634433,6568650,6616742,6614336,6586789,6670500,6562860,6661563,6602181,6517797,6624929,6600423,6532735,6567682,6526714,6547229,6426336
720,31,0,15,6725417,6699435,6577948,6622074,6556025,6603648,6601551,6574418,6656956,6549267,6647166,6589444,6504961,6611922,6587246,6518963,6553913,6513600,6534695,6413329
721,0,0,15,6738216,6711692,6589489,6634162,6568624,6615752,6614152,6586816,6669976,6562143,6660401,6602400,6517418,6624785,6600145,6532153,6567781,6526863,6548014,6427026
722,31,0,15,6725826,6699379,6577734,6622033,6556719,6604052,6601699,6574352,6657397,6549693,6647391,6589981,6504820,6612364,6586849,6519216,6555376,6514090,6534461,6413990
723,0,0,15,6738303,6711845,6589581,6634256,6568766,6616268,6614427,6586588,6670493,6562441,6660016,6602304,6517383,6624953,6600566,6532156,6567708,6526715,6547326,6426915
724,31,0,15,6726591,6699138,6578130,6622219,6556872,6603815,6601806,6574281,6657519,6550443,6647199,6589881,6505044,6612453,6588143,6519260,6554172,6514384,6533832,6414493
725,0,0,15,6738805,6711567,6589448,6634642,6568446,6615613,6614151,6587085,6669663,6562696,6660373,6601878,6517435,6624246,6600927,6532029,6567220,6526766,6546882,6427006
726,31,0,15,6725648,6699434,6577715,6622992,6556620,6603053,6601967,6574970,6657094,6550519,6648013,6589698,6505800,6611705,6588808,6519389,6554566,6514110,6534378,6414712
727,0,0,15,6737141,6712364,6589995,6635099,6568936,6615365,6614465,6587546,6670144,6563440,6660956,6602138,6518515,6624651,6601495,6532027,6567560,6527024,6547227,6427434
728,31,0,15,6725249,6699904,6577540,6622814,6556399,6603280,6601916,6574533,6657691,6550121,6647859,6588851,6505967,6611575,6587925,6518720,6555178,6514264,6534542,6415179
729,0,0,15,6737747,6712013,6590168,6635144,6568657,6615496,6613794,6586912,6670386,6562191,6660720,6601877,6517692,6624045,6600632,6531742,6568381,6526643,6547436,6427357
730,31,0,15,6725383,6699837,6577771,6622279,6556298,6604153,6601695,6574188,6657479,6550264,6647331,6589463,6504962,6611336,6588211,6519037,6555080,6513996,6534467,6415153
731,0,0,15,6738224,6711921,6590141,6634697,6568820,6616115,6614404,6587736,6670499,6563133,6660313,6602302,6518060,6624781,6601297,6532719,6568373,6527176,6547593,6427682
732,31,0,15,6725525,6698665,6577443,6622645,6555971,6603292,6601285,6574559,6657368,6550100,6647441,6589168,6505685,6611842,6588388,6519184,6555157,6514333,6534402,6415532
733,0,0,15,6737847,6711169,6589615,6635313,6567931,6615412,6613742,6586906,6669850,6562347,6660304,6601726,6517716,6624506,6600935,6532296,6568219,6526844,6547008,6427566
734,31,0,15,6726272,6699089,6577466,6623339,6556660,6603360,6601793,6574522,6657399,6550459,6647709,6589543,6505682,6611921,6588501,6519702,6555413,6514637,6535112,6415276
735,0,0,15,6739296,6711944,6590117,6635344,6569419,6617121,6614357,6586851,6670536,6562630,6660942,6602482,6518170,6625771,6600743,6532534,6568413,6527902,6548091,6428709
736,31,0,15,6726019,6699354,6576542,6622592,6556027,6603630,6600825,6574496,6657074,6549327,6647105,6589325,6504921,6611785,6588053,6519227,6555141,6515134,6534112,6415006
737,0,0,15,6737989,6712274,6589110,6635657,6568654,6616119,6614142,6587156,6670197,6562428,6660777,6602425,6517159,6624835,6601334,6532450,6568734,6527334,6547061,6427548
738,31,0,15,6725893,6699533,6576716,6623045,6555729,6603296,6601317,6575017,6657285,6549786,6647006,6589810,6503588,6612095,6587857,6519124,6555293,6514068,6534311,6414544
739,0,0,15,6739017,6712123,6589820,6635639,6568214,6616198,6614211,6587250,6670507,6562250,6660307,6603065,6516647,6625194,6601717,6532315,6568942,6527316,6547842,6427553
740,31,0,15,6725435,6699314,6576989,6623318,6555569,6604296,6600520,6574913,6657570,6550083,6647673,6590453,6504488,6612819,6588644,6518758,6555230,6514146,6534828,6414889
741,0,0,15,6736695,6710968,6588404,6635501,6567433,6615790,6612530,6586931,6669596,6562285,6659421,6602409,6516599,6623811,6600083,6530884,6568113,6526305,6546983,6426625
742,31,0,15,6724409,6697547,6576283,6622912,6554637,6602964,6600954,6574848,6657000,6549842,6646637,6589575,6504112,6612223,6588166,6518025,6555422,6513492,6534335,6414530
743,0,0,15,6737113,6709705,6589521,6634924,6567126,6615075,6612546,6586872,6669071,6561870,6659076,6601785,6516410,6625105,6600704,6530641,6567739,6526024,6546559,6426706
744,31,0,15,6724918,6697237,6576214,6622324,6555105,6602203,6600435,6574139,6656115,6549518,6645829,6589396,6504573,6611730,6587185,6518344,6554491,6513950,6533311,6413707
745,0,0,15,6737187,6710680,6588139,6634498,6567329,6614737,6612596,6586776,6668957,6562367,6659411,6602032,6516477,6623472,6600692,6531582,6568188,6526157,6546104,6425859
746,31,0,15,6724764,6698801,6576020,6621157,6554721,6602103,6600138,6573735,6656759,6549767,6646638,6589302,6503479,6611631,6588017,6517982,6554936,6513840,6533145,6413275
747,0,0,15,6737701,6710830,6589351,6634057,6567125,6615288,6613268,6586716,6669021,6562521,6659682,6602176,6515941,6624170,6600712,6530749,6568317,6526427,6545446,6425905
748,31,0,15,6724730,6699068,6577527,6621682,6554519,6602627,6599923,6574457,6656282,6549696,6646126,6589596,6503990,6611231,6588141,6517631,6554835,6513870,6532715,6413855
749,0,0,15,6737427,6710872,6589687,6634164,6567147,6615009,6612705,6587217,6669588,6562239,6658880,6601839,6516262,6624658,6600567,6531074,6568530,6526817,6545726,6426048
750,31,0,15,6725434,6698681,6577066,6621773,6554634,6602521,6600085,6574786,6656578,6549381,6645274,6588697,6504419,6611193,6587699,6518479,6555380,6513970,6532940,6413567
751,0,0,15,6738015,6711360,6589734,6634750,6568079,6614844,6613361,6587437,6669501,6562664,6659385,6602088,6517533,6623577,6600749,6532915,6567871,6527538,6545994,6426747
752,31,0,15,6725327,6699626,6577539,6621433,6555587,6602494,6600422,6574506,6656732,6549673,6646168,6589073,6504168,6611629,6586947,6518681,6555054,6514178,6533062,6413660
753,0,0,15,6738106,6712557,6589847,6634736,6567936,6615572,6612592,6587287,6669880,6564218,6659245,6601405,6517116,6624133,6600955,6531660,6567933,6527980,6546289,6425913
754,31,0,15,6725894,6699485,6577466,6622086,6555198,6602614,6600167,6574014,6657042,6549430,6645619,6588677,6504000,6610809,6588294,6518569,6554081,6514308,6533000,6413345
755,0,0,15,6738151,6711888,6590624,6635271,6568504,6615812,6613307,6587808,6669835,6562795,6658917,6602269,6517110,6624113,6601129,6532007,6567724,6528029,6546193,6426315
756,31,0,15,6725392,6699286,6577987,6622423,6555816,6603245,6600808,6575180,6656972,6549977,6646241,6589243,6504785,6610985,6588468,6518762,6554684,6514383,6533757,6414047
757,0,0,15,6737883,6710805,6589351,6634251,6567805,6615346,6612206,6586552,6669235,6561925,6658511,6601684,6516798,6624274,6600312,6531943,6567033,6526953,6545894,6425597
758,31,0,15,6725497,6697895,6577185,6622710,6556075,6603196,6600063,6573810,6656536,6549566,6646059,6590303,6504031,6612357,6587129,6518867,6554362,6514736,6533723,6413650
759,0,0,15,6738176,6710750,6589698,6635154,6568391,6615621,6612337,6586428,6669765,6562529,6659064,6602982,6517293,6625275,6600673,6531781,6568929,6528075,6547100,6426931
760,31,0,15,6725732,6697802,6577042,6622596,6555625,6602865,6600284,6573865,6656765,6548620,6645918,6589456,6504387,6611694,6587391,6518495,6555572,6514964,6533585,6414310
761,0,0,15,6737673,6710287,6588812,6633969,6567938,6615126,6611788,6586192,6669554,6560588,6658756,6601796,6517319,6623635,6600265,6530835,6567688,6527480,6546205,6425685
762,31,0,15,6725563,6698075,6576861,6622021,6555876,6602184,6600203,6573572,6656860,6548296,6645576,6589453,6504998,6611938,6588057,6517963,6555261,6515083,6533550,6413822
763,0,0,15,6736664,6711168,6589455,6634685,6568546,6615431,6612574,6586387,6669262,6561385,6659248,6602464,6517310,6624612,6600913,6530842,6568313,6527988,6546579,6426943
764,31,0,15,6724959,6699093,6577115,6622536,6556475,6603416,6600371,6574495,6657025,6548995,6646289,6590292,6504582,6611977,6587643,6518022,6555068,6515005,6534202,6414549
765,0,0,15,6736680,6710350,6588431,6633777,6567978,6614913,6611660,6586192,6668423,6561043,6659035,6601140,6516342,6624464,6599982,6530351,6566567,6526791,6545248,6425981
766,31,0,15,6724758,6699149,6576357,6621791,6556174,6602427,6599411,6573973,6655945,6548533,6646556,6588813,6503429,6611875,6587491,6517386,6553638,6514291,6533018,6413610
767,0,0,15,6736766,6711215,6588727,6633917,6568242,6615022,6612215,6585723,6668700,6560953,6659107,6601129,6515807,6623723,6599671,6530547,6566610,6527210,6545716,6425564
768,31,0,15,6724342,6699042,6577039,6621962,6556752,6602982,6599627,6573942,6657030,6548233,6646853,6589130,6504179,6612260,6588191,6518463,6553800,6514843,6533367,6413965
769,0,0,15,6737597,6711273,6589902,6635373,6568751,6615754,6612252,6586848,6670071,6561837,6660208,6601926,6517011,6625938,6601299,6531455,6567677,6528146,6546858,6427040
770,31,0,15,6724585,6697894,6576644,6620808,6555249,6602429,6599322,6572830,6656354,6548903,6645711,6588060,6503704,6611966,6586198,6518025,6553394,6514321,6533104,6413443
771,0,0,15,6737439,6711067,6589356,6632797,6567623,6615544,6611765,6586248,6669612,6562003,6658621,6601371,6516616,6624719,6599980,6530850,6567423,6527666,6546725,6426298
772,31,0,15,6724838,6698922,6576606,6620466,6554883,6603207,6599262,6573461,6656227,6548220,6645571,6588327,6503516,6611979,6587144,6517045,6554607,6513531,6533467,6413722
773,0,0,15,6737803,6711215,6588518,6632716,6567234,6615191,6611444,6586242,6668855,6561324,6658443,6601095,6516182,6624371,6599287,6530939,6567968,6527414,6546588,6425892
774,31,0,15,6725100,6698607,6576338,6621652,6555071,6602902,6599803,6574200,6656710,6548854,6645711,6587967,6504397,6610715,6587471,6518330,6554303,6514802,6533731,6413517
775,0,0,15,6737983,6711167,6589144,6633670,6567187,6615248,6612192,6586014,6669281,6561236,6659276,6600704,6516326,6622975,6600182,6531123,6567473,6527358,6546792,6425948
776,31,0,15,6726012,6699331,6577017,6620805,6555193,6603320,6599553,6573878,6656613,6548235,6646181,6588124,6503735,6610209,6586756,6518256,6554915,6513711,6533941,6413371
777,0,0,15,6738223,6712888,6589123,6633420,6568562,6616421,6613140,6586991,6670084,6562304,6659798,6602256,6517353,6623266,6600319,6531769,6568681,6526988,6547386,6426403
778,31,0,15,6724470,6699213,6576206,6620101,6555589,6603292,6599396,6573503,6656538,6549316,6645558,6588620,6503894,6610832,6586278,6517633,6554789,6513490,6534087,6413068
779,0,0,15,6737326,6711530,6588135,6632930,6568008,6615984,6611970,6586725,6669669,6562277,6658509,6601350,6516365,6623918,6599407,6531083,6567536,6526923,6547434,6425719
780,31,0,15,6725377,6699055,6576812,6622116,6555849,6603674,6600021,6575326,6657823,6550299,6646290,6589644,6504284,6611218,6586786,6518688,6554202,6514906,6534524,6413704
781,0,0,15,6737887,6710895,6589749,6634549,6568297,6616139,6612304,6587805,6670537,6562980,6660011,6601416,6516505,6624095,6600522,6531533,6567594,6528181,6547005,6425864
782,31,0,15,6725893,6699635,6577525,6622457,6556802,6604003,6600365,6574883,6657818,6550448,6647113,6589339,6504433,6612062,6588348,6518647,6554555,6515726,6534738,6414287
783,0,0,15,6737124,6712500,6589060,6633904,6569316,6616197,6612626,6587404,6670315,6563596,6659741,6602141,6516689,6624442,6600791,6531567,6568050,6528148,6547181,6426543
784,31,0,15,6725615,6699452,6577052,6621601,6556872,6604039,6600395,6574873,6657508,6551206,6646754,6589279,6504915,6612403,6587787,6518429,6554527,6515111,6533997,6414085
785,0,0,15,6737809,6711899,6589134,6634737,6568780,6615945,6612878,6586914,6670019,6563216,6659544,6601472,6517153,6624316,6600477,6531360,6567395,6526767,6546815,6425919
786,31,0,15,6726073,6699846,6578114,6622774,6557393,6604201,6600462,6575075,6657998,6550499,6646920,6589546,6504821,6612384,6588634,6518881,6555145,6515490,6534616,6414245
787,0,0,15,6738518,6712152,6589779,6634895,6568557,6616730,6613422,6587792,6669902,6563460,6660174,6601747,6517269,6625127,6601687,6531820,6567947,6528202,6548046,6426691
788,31,0,15,6726637,6699153,6576648,6622547,6556278,6603693,6600779,6574691,6657789,6550608,6647735,6588862,6503263,6612211,6587972,6518824,6554154,6514765,6534908,6414370
789,0,0,15,6738232,6711127,6588393,6634989,6568510,6615937,6612977,6586878,6669894,6562426,6660382,6601523,6515258,6623842,6600182,6531038,6566368,6527553,6546623,6426636
790,31,0,15,6725455,6698514,6576240,6622764,6556696,6603604,6600734,6574246,6657179,6549225,6646621,6589332,6503316,6611652,6587990,6518911,6554002,6515506,6534348,6414239
791,0,0,15,6738775,6711380,6589116,6635503,6569773,6616798,6613453,6587242,6671055,6563198,6660715,6602166,6516119,6625096,6601162,6532510,6568156,6529017,6547440,6427129
792,31,0,15,6726466,6700116,6577461,6623411,6557173,6604188,6601866,6574555,6658365,6550594,6647188,6589850,6503629,6613375,6588563,6519255,6555054,6515494,6534495,6414724
793,0,0,15,6738030,6712152,6589811,6635447,6569841,6617238,6613949,6587315,6670157,6563530,6660095,6602167,6515969,6625642,6601687,6532161,6567965,6527771,6546697,6426893
794,31,0,15,6725171,6699369,6576968,6621252,6556522,6603867,6600779,6574739,6657128,6550052,6646466,6588486,6503335,6612522,6588489,6518922,6555100,6514992,6533972,6413854
795,0,0,15,6737897,6711949,6588810,6634817,6568893,6616572,6613242,6587419,6670094,6562598,6659590,6602006,6516598,6624820,6601548,6532005,6568252,6527890,6547276,6427030
796,31,0,15,6725218,6698622,6576892,6621724,6556192,6603474,6599544,6574213,6656660,6549639,6646370,6588373,6503172,6611490,6588253,6518018,6553667,6513943,6533727,6413591
797,0,0,15,6737005,6711329,6588685,6633801,6568274,6615665,6612105,6586094,6669139,6562059,6658340,6601268,6515550,6623967,6600364,6530520,6566809,6526362,6546708,6426201
798,31,0,15,6725238,6699405,6577157,6622173,6557256,6604148,6600232,6575035,6657063,6549991,6646081,6589290,6503515,6612638,6587874,6518385,6554705,6514517,6534489,6413832
799,0,0,15,6737685,6710686,6588748,6633679,6568792,6616244,6612574,6586917,6669408,6561547,6658928,6601586,6515344,6624710,6600210,6531017,6567870,6527058,6546607,6425530
800,31,0,15,6725017,6698317,6576108,6621479,6556023,6604050,6600392,6574591,6656798,6549119,6646694,6588326,6503585,6611441,6587423,6518403,6553790,6514609,6533761,6412981
801,0,0,15,6737899,6711522,6588745,6634280,6568555,6617161,6612880,6586854,6670184,6562123,6659247,6601649,6515933,6623606,6600216,6531082,6567158,6527493,6546787,6425698
802,31,0,15,6725166,6698610,6576985,6621642,6556131,6604407,6599960,6574275,6657361,6548644,6646932,6588475,6503324,6611578,6587721,6518089,6553929,6513783,6533103,6412736
803,0,0,15,6736783,6711143,6588314,6634155,6568538,6616595,6612966,6586587,6669522,6561763,6659940,6600813,6515558,6624429,6600523,6530962,6566491,6527018,6546356,6425506
804,31,0,15,6725261,6698930,6576838,6622483,6556634,6604355,6601186,6575041,6657240,6549686,6647104,6588277,6503541,6611961,6588129,6519373,6553449,6514476,6534364,6413804
805,0,0,15,6738145,6711434,6588754,6635044,6568993,6616983,6613922,6587270,6669574,6561896,6660072,6600973,6516245,6624277,6600727,6532400,6567566,6527931,6547354,6426306
806,31,0,15,6725121,6699227,6576470,6622499,6556697,6604441,6600619,6574391,6657263,6548793,6647149,6588335,6503596,6611715,6587709,6519024,6554382,6514449,6533603,6413385
807,0,0,15,6737914,6710910,6588743,6635017,6568511,6616496,6612622,6587197,6669785,6561517,6659877,6601409,6515488,6624764,6600708,6531782,6567875,6527083,6546995,6426027
808,31,0,15,6724981,6698352,6576646,6622090,6556752,6604103,6600514,6574539,6656701,6548924,6646567,6588142,6503568,6612479,6587263,6518431,6554364,6514570,6533887,6413092
809,0,0,15,6737700,6711318,6587959,6635022,6569298,6616977,6613053,6587036,6668857,6562122,6661081,6601298,6516000,6625673,6599775,6531374,6567320,6527145,6547274,6425888
810,31,0,15,6726738,6700485,6577675,6623673,6558222,6605692,6601743,6576188,6657782,6549943,6649119,6589903,6504204,6614641,6588955,6519796,6555087,6515672,6535206,6414651
811,0,0,15,6738532,6712329,6589153,6635587,6569293,6617166,6614331,6587880,6669724,6561457,6661148,6601655,6516073,6625423,6600689,6531404,6567985,6528243,6547738,6426612
812,31,0,15,6726258,6700348,6577282,6623184,6557591,6604348,6601761,6575577,6657172,6549123,6648215,6589259,6503762,6613373,6588771,6519703,6555121,6515379,6535563,6413833
813,0,0,15,6738102,6712166,6589130,6634235,6569004,6616542,6613583,6586918,6669344,6561528,6660930,6601261,6515754,6625071,6600733,6531858,6568283,6527751,6547817,6425668
814,31,0,15,6725852,6699987,6577186,6622285,6556941,6604437,6601969,6574968,6657034,6548784,6648280,6588350,6503180,6612517,6588734,6518963,6555759,6514836,6534538,6413773
815,0,0,15,6738378,6712718,6589752,6634999,6569531,6617719,6615341,6588061,6670518,6562844,6661699,6601611,6516784,6626045,6601601,6532408,6569201,6528141,6547494,6426944
816,31,0,15,6725684,6700205,6576801,6622337,6556739,6604623,6601813,6574872,6658146,6550682,6648818,6588942,6503999,6612369,6588670,6519199,6555586,6514553,6534655,6414334
817,0,0,15,6739138,6712111,6589755,6635190,6569532,6617402,6614479,6586664,6671367,6563359,6661771,6602037,6517104,6625000,6601424,6532819,6568683,6527412,6548196,6427361
818,31,0,15,6726491,6699431,6577731,6623812,6556494,6604916,6602296,6574273,6658205,6549644,6648680,6589763,6504131,6611773,6588341,6519551,6555424,6515047,6535305,6414263
819,0,0,15,6738597,6711189,6589388,6634585,6568462,6617194,6613104,6586196,6670547,6561696,6660936,6601379,6516107,6623977,6600652,6532161,6568072,6527361,6547441,6426338
820,31,0,15,6727211,6699878,6577962,6623587,6556557,6605656,6601255,6574614,6658981,6550479,6648689,6589627,6504303,6612811,6588160,6519850,6555885,6515119,6535301,6414404
821,0,0,15,6738620,6711038,6589144,6634659,6567989,6615860,6613706,6586315,6670641,6561692,6660339,6601481,6515904,6624383,6600235,6532017,6567878,6527000,6546687,6426330
822,31,0,15,6726867,6699996,6578161,6622761,6556239,6604380,6601144,6574486,6658244,6549786,6647954,6588988,6504711,6612638,6588171,6519280,6555758,6514976,6534138,6413825
823,0,0,15,6738608,6712046,6589010,6635695,6568813,6617031,6614243,6587059,6670654,6561837,6660963,6601911,6517393,6625488,6600463,6532088,6568657,6527986,6547386,6426926
824,31,0,15,6726488,6700020,6577324,6623223,6556696,6605139,6602709,6574762,6658523,6549423,6648061,6588981,6504682,6612441,6588266,6519178,6556326,6515548,6534460,6414881
825,0,0,15,6738586,6712539,6589908,6635729,6569160,6617693,6614111,6586982,6670561,6562181,6661904,6601259,6516387,6625727,6600894,6532680,6569795,6527904,6547778,6427717
826,31,0,15,6725879,6698901,6576803,6622229,6556090,6604384,6600608,6574599,6657511,6548365,6647639,6588048,6503125,6612135,6586730,6518953,6555605,6513889,6534345,6414064
827,0,0,15,6738629,6712497,6590856,6635711,6568671,6617617,6613363,6587617,6670641,6561698,6661446,6601618,6516380,6625621,6600301,6533005,6569726,6527491,6547489,6427167
828,31,0,15,6726689,6700138,6578762,6623757,6556409,6603946,6601964,6575292,6657914,6549427,6649354,6588932,6504084,6613471,6587910,6519770,6556534,6515103,6535088,6414144
829,0,0,15,6739657,6712632,6591030,6635973,6569373,6617177,6614487,6588275,6671144,6562348,6662274,6602203,6517011,6625973,6600621,6533304,6570262,6527576,6548598,6427198
830,31,0,15,6727120,6700357,6578385,6623584,6556763,6605128,6602078,6576027,6658700,6550199,6649063,6589858,6504489,6612590,6587680,6520188,6556108,6515135,6536343,6414466
831,0,0,15,6739418,6712671,6590599,6636171,6569253,6617308,6614176,6588565,6671050,6562419,6661953,6602280,6516708,6625811,6600616,6532898,6568727,6528180,6548443,6426918
832,31,0,15,6726646,6699439,6577891,6622851,6556632,6604359,6601217,6575468,6658244,6549251,6648180,6589086,6503761,6611747,6587006,6519507,6554812,6515330,6534856,6413682
833,0,0,15,6739063,6712133,6590666,6635759,6569765,6617019,6614050,6588332,6671578,6562354,6660933,6602209,6516681,6625597,6600961,6532954,6568964,6528085,6547727,6426584
834,31,0,15,6726410,6700319,6578277,6623576,6557499,6605088,6600742,6575360,6658294,6548906,6648153,6589508,6504345,6612656,6588413,6519584,6556036,6515331,6535236,6414292
835,0,0,15,6738173,6712031,6590371,6635296,6569266,6616809,6613247,6587547,6670630,6561146,6660794,6601719,6516241,6624843,6599842,6531813,6569649,6528248,6547805,6426684
836,31,0,15,6727545,6700904,6579062,6624053,6558382,6606116,6601893,6576522,6658506,6550007,6649072,6590118,6504884,6613648,6589200,6520279,6557809,6516825,6536253,6415259
837,0,0,15,6738973,6712967,6590580,6636426,6570106,6617851,6614142,6588152,6671110,6561580,6661304,6602581,6516908,6626468,6601404,6532383,6570009,6528489,6548437,6427766
838,31,0,15,6727832,6701085,6579130,6624764,6557806,6605833,6602875,6576445,6659437,6549562,6648795,6590691,6505170,6614354,6588345,6520384,6557354,6515824,6535815,6415055
839,0,0,15,6739494,6713066,6590853,6636380,6569559,6617424,6614595,6588138,6670607,6561684,6661006,6602368,6516916,6626071,6600529,6532077,6569531,6528228,6547744,6426958
840,31,0,15,6727078,6699948,6578745,6623582,6557254,6604936,6601547,6575239,6657699,6549257,6647705,6589637,6503887,6612589,6587676,6518672,6556322,6514294,6535108,6414289
841,0,0,15,6738644,6711078,6589576,6635402,6568630,6615768,6612977,6586362,6669804,6561169,6660385,6601705,6516034,6625230,6600372,6531189,6568327,6527287,6547229,6425973
842,31,0,15,6726049,6699651,6577222,6622938,6556961,6603910,6601769,6574336,6657154,6548686,6647564,6589076,6503716,6612648,6587695,6518580,6556394,6514725,6534235,6414060
843,0,0,15,6738950,6712050,6589914,6636041,6569511,6616638,6614782,6587926,6670407,6562055,6661002,6601913,6516559,6626400,6600827,6532063,6569087,6527919,6547510,6427044
844,31,0,15,6726754,6700092,6578048,6623718,6557718,6604863,6601765,6575206,6657998,6550067,6648478,6589689,6504495,6613767,6588300,6519375,6556397,6515075,6534770,6414518
845,0,0,15,6739288,6711994,6590349,6636433,6569251,6617849,6613973,6587974,6670147,6561869,6661669,6602670,6516551,6625628,6600617,6532297,6569061,6527368,6547536,6426559
846,31,0,15,6725791,6699572,6576892,6623470,6556246,6605270,6601201,6574546,6657021,6548732,6648096,6589665,6503989,6612245,6587124,6519243,6554937,6514313,6534547,6413891
847,0,0,15,6738448,6711418,6589148,6635218,6568351,6617016,6614032,6586383,6669795,6560748,6661030,6601910,6516161,6624462,6599748,6532050,6567435,6526871,6547740,6426094
848,31,0,15,6725613,6698915,6576856,6622536,6556462,6604353,6600378,6574038,6657299,6548246,6647635,6588894,6502523,6611903,6587040,6518604,6553977,6513565,6534293,6413322
849,0,0,15,6737789,6711506,6588859,6635308,6568441,6616416,6613563,6586430,6670324,6561107,6660777,6601475,6515642,6625235,6600962,6531885,6567103,6526744,6547759,6425944
850,31,0,15,6725190,6699311,6576855,6622906,6556424,6604047,6600741,6573801,6657017,6548454,6647752,6589037,6503084,6612828,6587916,6519510,6553727,6513205,6534265,6413742
851,0,0,15,6739247,6711843,6590075,6635393,6569303,6617229,6614378,6586920,6670534,6561449,6660633,6601909,6515996,6626232,6600536,6532778,6568226,6527002,6547307,6426727
852,31,0,15,6725348,6698559,6578152,6622500,6556498,6604489,6600552,6574561,6657287,6547994,6647651,6588570,6502360,6612102,6586496,6519083,6555046,6513202,6533462,6413450
853,0,0,15,6738691,6710565,6590171,6634927,6568655,6616888,6613448,6586838,6669917,6561462,6660562,6601901,6515208,6624979,6599842,6532076,6568702,6526810,6547083,6426554
854,31,0,15,6725876,6698367,6577599,6622025,6556571,6603972,6601135,6574038,6657244,6548916,6647624,6589226,6502969,6611559,6587741,6519053,6554228,6514278,6533772,6413311
855,0,0,15,6738063,6711200,6589734,6634391,6569087,6616706,6613616,6586523,6669975,6561065,6660802,6601602,6515043,6624098,6600554,6532105,6567087,6527049,6546920,6426127
856,31,0,15,6725570,6699055,6577413,6621766,6556923,6604858,6601280,6574666,6657794,6548459,6647428,6589103,6502595,6611301,6587676,6519560,6553867,6514865,6533998,6413616
857,0,0,15,6737631,6710640,6588568,6633132,6568376,6615895,6613088,6585999,6670220,6561001,6659989,6600851,6514373,6622811,6599554,6531557,6566128,6526534,6546159,6425199
858,31,0,15,6725353,6698428,6577230,6620635,6556195,6603923,6600682,6573121,6656980,6548002,6646814,6588486,6501898,6610241,6586917,6518433,6554274,6513595,6533476,6412665
859,0,0,15,6737428,6711134,6588950,6633249,6568235,6617778,6613124,6585689,6669851,6561698,6659943,6601320,6514712,6623591,6599927,6531192,6566399,6525892,6546149,6424749
860,31,0,15,6725533,6699048,6576486,6620426,6556164,6605057,6599864,6573464,6656831,6548714,6646743,6588959,6502287,6610264,6586499,6517838,6553244,6513797,6533478,6411836
861,0,0,15,6738415,6711211,6588864,6633578,6568518,6617281,6612162,6586440,6669183,6561369,6660092,6602038,6515425,6623780,6599840,6531757,6567405,6527547,6546874,6425027
862,31,0,15,6725504,6698249,6575935,6620843,6555737,6604387,6600545,6573625,6656603,6549007,6647223,6588542,6503138,6611351,6587710,6519057,6554430,6513557,6533966,6412817
863,0,0,15,6737908,6712221,6588773,6633418,6568475,6616994,6613718,6586807,6669647,6561792,6660571,6601309,6515524,6624471,6600567,6531632,6567399,6527074,6546809,6425381
864,31,0,15,6725345,6699646,6576384,6621499,6555911,6603697,6601058,6574171,6656493,6548749,6647431,6588663,6502781,6611533,6587021,6518523,6553482,6513860,6534114,6413506
865,0,0,15,6738577,6712532,6589156,6633453,6568190,6617040,6613692,6587057,6669689,6561754,6660760,6601647,6515963,6624180,6600293,6531469,6567221,6527271,6548112,6426545
866,31,0,15,6725901,6699520,6576373,6621413,6555733,6604061,6600737,6573797,6657103,6548562,6646673,6589289,6502643,6611166,6587365,6518296,6553597,6514213,6534818,6413313
867,0,0,15,6738192,6711376,6588863,6633455,6566996,6616735,6613076,6585638,6669814,6560980,6659535,6601636,6515276,6623469,6599982,6530875,6566461,6527019,6547704,6425644
868,31,0,15,6726342,6698910,6576510,6621556,6554846,6604360,6600175,6573698,6656531,6548142,6646422,6588826,6502703,6610386,6586764,6518141,6552834,6513809,6533903,6413095
869,0,0,15,6738628,6712287,6588966,6634829,6567664,6617164,6612248,6586740,6669744,6561465,6660372,6601664,6515833,6624569,6600376,6531835,6566549,6526976,6546744,6425806
870,31,0,15,6725114,6699037,6576462,6621170,6554850,6604221,6599149,6573535,6656367,6548273,6646505,6588529,6502370,6610915,6586505,6517981,6552620,6513334,6533520,6412056
871,0,0,15,6738180,6711374,6589345,6634523,6567691,6616239,6612519,6586595,6669602,6561789,6659888,6601274,6514813,6624203,6599365,6531447,6566276,6525976,6546926,6424844
872,31,0,15,6726088,6699244,6577254,6621429,6555753,6603820,6599724,6574397,6656925,6549195,6647217,6588509,6502759,6611557,6587086,6519105,6553632,6513871,6534317,6412794
873,0,0,15,6738327,6711313,6589117,6633331,6567861,6616216,6611995,6586691,6669402,6560959,6659934,6601240,6514628,6624387,6600331,6531766,6567051,6526115,6546679,6425224
874,31,0,15,6726053,6698682,6576921,6620699,6554934,6603298,6599320,6573839,6656818,6548740,6646658,6588310,6501981,6611561,6586767,6518051,6553775,6513218,6533861,6413047
875,0,0,15,6738273,6711354,6589597,6633421,6567814,6616407,6611878,6586897,6669105,6561148,6659970,6601218,6514672,6625646,6600266,6531108,6567552,6526480,6547244,6425568
876,31,0,15,6725040,6699437,6576738,6620909,6554849,6603865,6599044,6574241,6656829,6547527,6646788,6588127,6501997,6612567,6587861,6517800,6554255,6513748,6534316,6412327
877,0,0,15,6737873,6711841,6589255,6633690,6567348,6616095,6612349,6586630,6670067,6560480,6660338,6600512,6514974,6625284,6600698,6531023,6567911,6526944,6548058,6425264
878,31,0,15,6725844,6700043,6577447,6620895,6554705,6604174,6600047,6574036,6656960,6547638,6647111,6588092,6502830,6611831,6587929,6518143,6555160,6514801,6535118,6413162
879,0,0,15,6737817,6711910,6588963,6633304,6567115,6615577,6612042,6585546,6668811,6559311,6659059,6600757,6514629,6623544,6600030,6530462,6567633,6526805,6547497,6424979
880,31,0,15,6725836,6701021,6578249,6622168,6556070,6604895,6600231,6573834,6656943,6547986,6647494,6589081,6502950,6611182,6587970,6518526,6555249,6514835,6535127,6414060
881,0,0,15,6736784,6711548,6589373,6632859,6566684,6616200,6611372,6585427,6668361,6559213,6659264,6601011,6514349,6622319,6599994,6530748,6567855,6525901,6546786,6425413
882,31,0,15,6724589,6700089,6576760,6621205,6554801,6604218,6599146,6573722,6656382,6547617,6647102,6588454,6502159,6611461,6586918,6518197,6554601,6514090,6534633,6412973
883,0,0,15,6737557,6712506,6589022,6633135,6567305,6616888,6611697,6586974,6669327,6560499,6660188,6601293,6515558,6624914,6599905,6531585,6567684,6527149,6547420,6425149
884,31,0,15,6724978,6699047,6576358,6621016,6554628,6603891,6599090,6573959,6656418,6548423,6646620,6588082,6502099,6611350,6586861,6518441,6553913,6513717,6534261,6412636
885,0,0,15,6737543,6711818,6588973,6633844,6567934,6616766,6611808,6586708,6669352,6561494,6660091,6601477,6514951,6623815,6600010,6531160,6567642,6527502,6547443,6425904
886,31,0,15,6724922,6699525,6576554,6621649,6555768,6604032,6599454,6574920,6656966,6548441,6646944,6588956,6503082,6611513,6586921,6518308,6554779,6514636,6534763,6413015
887,0,0,15,6736857,6711128,6588048,6633522,6567505,6616435,6610794,6586993,6669368,6560984,6659480,6601201,6515075,6624055,6599501,6531006,6567405,6526781,6547181,6425884
888,31,0,15,6726210,6699493,6576428,6621632,6555340,6604343,6599285,6574747,6656998,6548651,6647423,6589237,6503250,6611445,6587556,6518559,6555220,6514750,6534384,6413359
889,0,0,15,6737429,6711989,6588238,6633823,6567152,6616996,6612231,6586385,6669916,6560974,6659481,6601719,6515654,6624133,6599985,6530521,6567398,6527758,6547349,6425877
890,31,0,15,6725956,6699936,6577419,6621914,6555680,6604877,6599870,6574259,6657089,6548722,6648288,6589607,6503891,6611215,6588492,6518375,6555038,6514976,6534386,6413772
891,0,0,15,6737169,6712136,6589012,6633337,6567907,6616511,6611757,6586410,6669424,6560821,6659959,6601567,6515250,6623680,6600039,6531305,6568196,6526635,6546525,6425749
892,31,0,15,6724449,6700384,6577500,6621037,6555803,6604362,6599321,6574216,6657116,6548842,6647388,6589286,6503441,6612124,6587336,6518386,6555512,6514262,6534070,6412954
893,0,0,15,6736861,6712006,6589289,6633238,6567630,6616269,6611551,6586483,6669484,6560900,6659904,6601963,6515842,6624410,6599803,6530953,6567520,6526957,6546408,6425859
894,31,0,15,6724444,6699149,6576595,6620480,6555431,6604140,6598479,6573784,6656749,6548710,6646943,6588968,6503023,6611294,6587129,6517723,6554527,6513981,6534116,6413052
895,0,0,15,6736535,6711289,6588756,6633180,6567001,6615967,6611420,6586068,6668979,6560653,6659428,6601061,6514894,6623739,6599547,6530447,6567186,6526626,6546483,6426157
896,31,0,15,6725022,6699113,6577391,6621857,6555771,6604473,6599620,6574305,6656981,6548964,6646828,6589579,6503120,6612099,6587433,6518554,6554604,6514774,6534158,6413382
897,0,0,15,6737073,6711069,6589599,6634148,6568282,6616404,6611843,6586928,6670081,6561532,6659597,6601357,6515775,6624835,6599873,6531175,6567461,6527290,6547144,6425659
898,31,0,15,6724767,6697674,6576850,6620858,6555829,6603451,6598809,6572768,6656749,6547706,6646387,6588391,6502402,6610968,6585866,6517257,6553683,6513517,6533395,6412699
899,0,0,15,6737377,6710675,6588915,6633786,6568473,6616127,6611732,6586707,6669264,6560466,6660017,6601630,6515714,6624421,6600348,6530674,6567316,6527062,6546509,6425808
900,31,0,15,6724349,6697983,6576039,6620612,6555166,6603280,6599113,6573614,6655888,6548018,6645955,6589142,6502610,6611622,6587401,6517739,6554039,6514475,6533343,6412465
901,0,0,15,6737040,6710691,6588897,6633810,6567514,6616390,6612482,6586036,6668995,6561714,6659454,6602048,6515805,6625087,6600506,6531511,6567758,6528000,6546554,6425429
902,31,0,15,6725456,6698739,6576681,6621746,6555376,6603718,6600471,6573773,6656640,6549009,6646955,6589562,6503337,6611794,6587875,6518526,6555321,6514410,6534126,6412628
903,0,0,15,6737911,6710104,6588276,6634073,6567290,6616540,6612317,6586068,6668424,6561417,6659533,6601253,6515818,6623482,6599863,6530591,6567510,6527346,6547074,6425515
904,31,0,15,6725550,6698421,6576460,6621708,6555704,6604120,6599466,6573811,6655852,6549358,6646817,6588809,6504050,6611587,6587275,6517933,6554852,6514433,6534270,6413581
905,0,0,15,6737920,6710960,6589262,6634128,6567860,6616178,6612653,6586811,6668721,6561737,6660575,6601551,6516511,6625341,6600021,6531096,6568485,6527608,6548452,6426107
906,31,0,15,6724576,6697844,6575820,6621193,6555260,6602748,6598835,6573110,6655237,6548679,6647068,6588142,6502816,6611168,6586740,6517686,6554961,6513939,6534356,6413012
907,0,0,15,6737403,6711008,6588493,6634063,6567553,6615826,6612164,6586257,6668913,6561451,6660452,6601690,6515450,6624572,6599705,6531081,6568345,6527246,6547563,6425885
908,31,0,15,6724959,6698658,6577565,6622068,6555575,6603374,6599719,6574980,6656909,6549355,6647507,6589260,6502829,6612241,6586852,6519012,6555630,6514990,6535006,6413639
909,0,0,15,6737738,6711576,6589153,6635299,6568267,6616182,6613157,6587943,6670075,6562212,6660826,6602270,6515749,6625405,6600501,6532083,6568609,6528029,6548092,6426374
910,31,0,15,6724960,6698863,6576486,6622555,6555303,6603262,6600498,6574643,6656872,6548108,6647425,6589080,6503106,6612555,6586801,6518597,6555206,6514318,6534651,6413282
911,0,0,15,6737021,6710239,6587912,6634517,6567389,6615190,6612152,6587177,6669548,6560825,6659480,6600884,6514863,6624065,6598926,6530732,6568676,6526606,6546975,6425445
912,31,0,15,6724034,6698285,6575551,6622222,6554962,6602726,6599288,6574239,6656328,6548454,6645556,6588214,6502326,6611948,6586574,6517080,6555687,6514255,6534291,6413261
913,0,0,15,6737177,6710482,6588816,6635317,6567683,6616070,6612786,6586500,6669695,6562367,6659741,6601529,6515688,6625140,6600799,6531453,6568153,6527574,6547475,6426088
914,31,0,15,6725650,6698110,6576064,6622602,6555190,6603212,6600556,6574166,6656732,6548909,6646423,6588586,6503776,6611684,6587331,6518473,6555007,6514673,6534758,6413726
915,0,0,15,6737622,6710820,6588401,6634516,6567734,6616064,6612780,6586944,6669209,6562200,6659235,6601631,6516340,6624611,6600037,6531170,6568531,6527704,6547617,6426285
916,31,0,15,6725923,6698670,6576367,6621976,6555735,6603356,6600263,6573855,6656566,6549255,6645607,6588849,6503414,6612561,6586875,6518525,6555678,6514506,6534296,6414060
917,0,0,15,6737342,6710527,6588754,6634334,6567226,6615863,6612597,6586260,6669116,6561503,6658778,6600989,6515665,6624941,6599532,6531180,6567950,6527241,6546545,6426270
918,31,0,15,6724843,6698876,6576620,6621267,6555479,6603671,6600117,6574066,6657047,6549060,6646212,6588755,6502975,6612320,6586774,6518251,6554641,6514809,6534067,6413912
919,0,0,15,6737169,6711335,6588023,6634161,6567545,6616342,6612353,6586089,6669679,6562315,6659661,6600878,6515319,6624853,6599747,6530900,6568186,6527349,6546546,6426894
920,31,0,15,6724882,6699471,6575528,6622284,6555517,6604190,6600691,6574058,6657803,6550363,6646912,6588960,6503151,6612103,6587048,6518461,6555099,6514506,6534367,6414276
921,0,0,15,6737319,6710995,6587866,6633502,6567011,6615846,6612554,6585700,6669429,6561992,6659339,6601110,6514714,6624388,6599591,6530832,6567009,6527288,6547109,6425451
922,31,0,15,6725623,6699689,6576206,6622050,6555251,6603715,6600944,6574026,6657268,6550205,6646930,6588781,6503414,6613246,6587306,6519025,6554927,6515099,6535136,6414347
923,0,0,15,6738132,6712738,6589277,6635016,6568590,6617025,6613839,6587234,6670115,6563370,6660401,6602148,6516493,6626000,6599711,6532506,6568499,6528322,6548075,6427189
924,31,0,15,6725881,6700254,6576495,6622359,6556960,6604326,6600864,6574778,6657214,6551257,6647482,6589564,6503233,6612845,6586993,6519053,6555275,6515333,6534778,6415244
925,0,0,15,6737817,6711181,6588554,6633733,6568235,6615901,6612513,6586125,6669445,6562399,6660118,6601139,6514686,6624419,6599321,6531047,6567620,6527161,6547309,6426179
926,31,0,15,6726159,6700135,6577738,6623019,6556691,6604605,6600912,6574997,6658020,6550702,6647972,6589668,6503716,6613933,6588179,6519124,6556360,6515448,6535518,6414876
927,0,0,15,6738353,6712350,6589486,6635451,6568598,6616538,6613302,6586455,6670295,6563078,6660445,6602156,6516410,6626030,6600343,6532062,6569013,6528150,6548509,6426753
928,31,0,15,6725518,6699635,6576761,6622945,6555829,6604024,6600062,6573843,6657383,6550669,6646824,6589492,6503204,6612147,6587304,6518536,6555514,6514948,6535324,6414031
929,0,0,15,6737472,6712678,6589168,6635080,6568593,6616484,6612584,6586664,6670165,6563526,6659280,6601533,6515662,6625354,6599905,6531789,6568152,6527835,6547647,6426233
930,31,0,15,6725821,6701211,6577706,6623549,6556921,6604772,6600951,6574651,6658157,6551122,6646773,6589183,6504389,6612438,6587598,6519781,6555658,6515596,6535044,6414165
931,0,0,15,6737609,6712015,6589296,6634110,6568494,6615924,6613069,6586895,6670070,6562569,6658737,6601174,6515710,6625138,6599763,6531861,6568840,6527604,6547661,6425971
932,31,0,15,6725831,6700200,6577552,6622189,6556326,6604193,6601208,6574308,6657962,6550805,6646493,6589200,6503606,6613490,6587423,6519490,6555803,6515479,6535145,6413962
933,0,0,15,6738630,6711685,6589204,6634588,6569012,6616575,6613222,6586600,6670418,6563503,6659924,6601742,6516412,6625674,6599920,6532589,6569402,6527891,6547799,6426877
934,31,0,15,6726402,6699587,6577273,6621770,6557083,6604081,6600863,6574262,6657435,6550856,6646331,6588842,6504268,6612835,6587557,6519759,6556196,6514955,6535058,6413816
935,0,0,15,6738279,6711927,6589637,6634059,6568867,6617085,6613617,6587467,6669932,6563817,6659093,6601368,6516406,6626021,6599945,6532235,6568837,6527829,6548104,6426013
936,31,0,15,6725838,6699682,6577333,6621233,6556454,6604800,6600620,6573637,6657227,6550511,6646002,6588274,6503477,6612939,6587623,6519024,6555260,6514277,6534751,6413503
937,0,0,15,6738337,6711985,6590020,6634038,6569205,6616874,6613333,6586566,6669334,6563210,6659042,6601402,6515294,6626032,6599996,6531632,6568265,6526884,6547565,6426210
938,31,0,15,6726496,6700921,6578298,6622030,6556972,6604968,6602046,6574760,6657270,6550560,6646464,6589460,6503943,6613765,6587004,6519578,6556047,6514579,6534867,6414962
939,0,0,15,6739216,6712971,6590464,6634662,6569598,6617659,6614126,6588002,6670661,6562893,6659802,6602970,6516434,6626133,6600501,6532968,6569456,6528030,6548127,6427997
940,31,0,15,6726048,6700902,6577881,6623086,6557148,6605226,6601415,6575156,6658076,6549701,6646771,6590534,6505091,6613451,6587661,6519939,6555320,6515976,6535232,6414678
941,0,0,15,6737551,6712535,6589326,6635152,6568948,6616677,6612607,6586741,6670167,6562159,6658990,6602280,6516551,6625475,6599895,6531520,6568037,6527526,6546972,6426368
942,31,0,15,6725861,6700416,6577660,6622812,6556450,6604830,6601129,6574227,6658207,6549466,6646977,6589957,6504627,6612916,6587323,6519922,6555509,6515562,6534443,6414114
943,0,0,15,6737670,6713019,6589295,6635186,6568081,6616473,6613374,6586611,6670755,6562242,6660079,6602562,6516837,6625385,6600202,6532473,6568574,6528288,6547482,6426715
944,31,0,15,6726438,6701205,6578034,6623599,6556799,6604934,6601799,6574650,6658436,6550493,6647746,6590167,6504536,6613554,6587372,6519659,6556148,6515567,6535397,6414424
945,0,0,15,6738280,6713019,6590077,6635371,6569136,6616831,6613978,6585858,6670494,6563066,6660598,6601908,6516461,6625211,6600217,6531930,6568911,6528106,6546804,6426687
946,31,0,15,6725876,6700492,6577748,6623046,6556386,6604055,6601150,6573578,6657328,6550181,6647505,6589112,6504016,6613192,6587196,6518737,6555868,6514778,6533404,6413921
947,0,0,15,6738450,6713717,6590373,6636044,6568946,6617355,6614056,6586818,6670564,6562836,6661019,6602714,6516902,6625671,6600125,6532567,6569480,6528462,6547563,6427536
948,31,0,15,6725304,6700778,6577256,6622386,6555922,6604433,6600785,6573726,6657333,6550008,6646846,6589147,6503767,6612604,6587084,6518711,6556023,6515090,6533792,6414122
949,0,0,15,6738143,6712890,6590594,6635487,6569224,6617402,6614109,6586925,6670148,6563740,6660034,6602255,6516537,6626066,6600562,6532014,6568749,6528381,6546866,6427453
950,31,0,15,6725490,6699957,6577428,6622599,6556721,6604558,6601171,6573946,6657587,6550229,6646682,6589374,6504165,6612406,6587235,6518812,6555757,6515010,6533778,6414616
951,0,0,15,6738023,6712205,6590067,6635823,6568584,6616290,6614239,6586967,6670118,6562486,6660283,6602347,6516711,6625221,6600744,6532087,6569232,6528254,6547146,6427011
952,31,0,15,6725254,6700110,6577588,6622628,6556007,6603813,6601081,6573920,6656556,6549376,6646531,6589158,6503862,6612376,6587191,6518693,6556004,6514858,6534467,6413820
953,0,0,15,6737700,6712659,6589428,6634945,6568082,6616037,6612715,6585999,6669199,6562238,6659616,6601550,6516137,6625188,6599278,6531749,6568483,6527310,6546544,6427268
954,31,0,15,6725695,6700549,6577131,6622818,6556206,6604457,6601888,6573823,6656901,6549402,6647266,6589013,6504296,6612909,6587260,6519252,6555624,6514684,6534265,6414910
955,0,0,15,6738277,6713642,6589666,6636159,6568745,6617203,6614752,6586450,6670222,6562825,6660555,6602425,6517200,6626516,6601279,6532096,6569269,6528508,6547505,6428120
956,31,0,15,6725761,6700753,6577391,6624005,6556708,6603814,6602496,6573230,6657124,6550551,6647299,6589409,6504764,6613227,6587795,6518432,6556276,6515694,6534494,6415427
957,0,0,15,6737287,6712374,6589348,6636227,6568519,6616293,6613978,6586042,6669527,6562911,6659943,6601790,6516882,6625441,6600295,6531012,6568747,6528303,6547080,6427314
958,31,0,15,6725243,6699994,6576799,6623088,6556434,6603901,6600949,6573599,6656486,6549283,6646932,6588966,6503963,6613174,6587318,6517757,6554751,6514724,6534124,6414406
959,0,0,15,6737206,6712459,6588785,6635027,6568540,6616474,6613995,6585746,6669317,6562390,6659777,6601651,6516364,6625455,6600120,6530815,6567302,6527953,6546916,6426707
960,31,0,15,6725347,6700141,6577535,6622422,6556663,6604230,6601350,6574103,6656725,6549926,6647125,6589422,6503365,6613011,6586943,6517945,6555246,6515895,6534892,6414953
961,0,0,15,6737609,6712912,6589758,6635908,6569452,6616937,6612853,6586581,6669561,6563143,6660115,6602018,6516014,6625289,6600425,6530794,6567904,6527967,6547948,6427302
962,31,0,15,6725600,6701038,6577978,6623389,6557321,6604681,6600906,6574590,6657716,6550104,6647296,6589104,6503805,6612851,6588131,6517174,6555657,6515506,6535405,6415162
963,0,0,15,6738106,6713042,6590044,6635901,6568932,6617163,6613760,6587061,6671042,6563045,6660806,6602373,6516656,6625957,6600769,6530352,6568620,6528694,6548555,6427597
964,31,0,15,6724489,6700042,6577471,6622679,6555708,6604416,6600158,6574200,6657383,6549566,6646983,6589017,6503945,6612014,6587219,6517870,6555703,6515502,6535172,6413945
965,0,0,15,6738144,6712545,6589905,6635542,6568584,6617012,6612960,6587164,6670629,6562990,6660321,6602382,6516430,6626166,6599450,6532032,6569039,6528821,6548977,6427374
966,31,0,15,6725862,6699831,6577581,6622837,6555828,6604907,6600122,6574134,6657554,6549361,6647470,6589514,6503740,6613319,6586190,6518686,6555534,6515899,6535370,6414490
967,0,0,15,6738109,6712052,6589458,6635542,6567404,6616874,6612655,6586174,6669958,6562301,6659908,6602050,6516500,6625456,6598841,6531340,6568481,6528366,6547199,6427041
968,31,0,15,6725134,6699862,6577057,6622118,6554913,6604013,6599899,6573778,6656831,6549641,6647053,6589474,6503602,6612139,6586373,6518114,6554576,6515173,6534259,6413763
969,0,0,15,6737526,6711998,6588887,6635318,6567761,6616356,6612475,6586127,6669174,6562556,6659998,6602217,6515973,6625078,6599071,6531099,6567657,6528302,6547703,6427235
970,31,0,15,6725244,6699571,6577022,6622381,6555329,6603856,6599530,6573296,6656385,6549562,6647229,6589225,6503638,6611816,6586291,6518170,6555591,6514894,6534583,6414864
971,0,0,15,6737479,6711919,6588959,6635331,6567617,6616597,6611892,6585728,6669499,6561863,6660536,6601691,6516143,6623864,6598840,6531234,6568889,6527474,6547419,6427274
972,31,0,15,6724799,6699685,6576582,6623377,6555079,6604036,6599203,6573140,6656568,6548944,6647368,6588814,6504335,6611282,6586295,6517887,6554882,6514662,6534771,6414403
973,0,0,15,6737579,6711769,6588442,6635314,6567733,6616063,6611615,6585943,6669331,6561756,6659878,6601438,6516217,6623752,6598579,6531258,6567724,6526626,6547634,6426297
974,31,0,15,6725642,6700394,6576381,6623283,6556193,6604293,6600338,6574846,6656834,6549732,6647906,6589206,6504008,6612144,6586215,6519267,6555151,6514751,6534662,6414520
975,0,0,15,6737916,6712462,6588724,6636024,6568129,6616329,6612362,6586771,6669118,6562800,6661222,6601790,6516465,6625555,6598515,6532139,6567717,6527185,6547593,6426284
976,31,0,15,6726035,6700231,6577021,6624056,6556631,6604004,6600175,6574098,6656606,6551045,6647990,6589617,6504546,6612098,6586943,6519060,6555141,6515132,6535131,6414805
977,0,0,15,6738663,6711649,6588732,6635742,6568136,6616732,6612158,6587203,6669026,6563730,6660974,6602151,6517026,6625692,6599475,6532122,6568211,6527921,6547917,6427665
978,31,0,15,6726730,6699236,6576472,6623065,6555987,6604388,6600059,6574456,6656716,6550806,6647894,6589454,6504022,6612491,6586356,6519204,6556316,6515711,6534787,6414681
979,0,0,15,6739100,6712545,6588997,6635744,6568867,6617824,6613599,6587410,6669895,6563618,6661265,6602999,6517141,6625618,6599525,6532467,6569100,6529051,6548173,6427311
980,31,0,15,6726134,6700452,6575947,6622548,6556324,6604075,6600586,6575022,6656902,6550586,6647580,6590081,6503957,6611169,6586955,6518270,6555267,6515345,6534925,6414437
981,0,0,15,6738096,6713028,6588589,6635846,6568247,6617217,6613192,6587674,6669528,6563168,6661102,6602850,6516704,6623996,6598292,6531669,6568806,6528647,6547878,6427561
982,31,0,15,6726832,6701234,6576595,6623260,6556604,6605042,6601316,6574640,6657843,6550251,6649363,6589987,6505647,6612522,6587357,6519672,6555985,6516257,6535359,6414847
983,0,0,15,6738391,6713426,6588935,6635661,6569152,6616911,6613542,6586739,6670254,6563015,6661969,6603060,6518082,6625261,6600138,6532294,6568916,6529148,6547717,6426794
984,31,0,15,6725677,6700767,6576516,6623197,6556693,6604535,6601428,6575011,6657277,6549963,6648671,6590123,6505468,6612485,6586885,6519572,6556263,6515672,6534914,6414356
985,0,0,15,6738547,6712647,6589099,6635819,6569278,6617064,6613534,6588194,6669992,6563122,6661438,6603031,6517845,6625131,6599574,6532064,6569069,6528703,6548228,6427544
986,31,0,15,6725735,6699762,6576307,6622464,6556632,6604225,6601172,6575233,6657143,6549506,6647879,6589553,6504658,6612785,6586872,6518237,6555763,6515478,6534469,6414719
987,0,0,15,6738019,6712396,6589108,6636231,6568408,6616847,6613512,6587527,6669850,6562945,6661406,6602184,6517539,6625814,6600224,6531430,6568906,6527973,6547668,6426708
988,31,0,15,6725993,6699982,6577305,6623994,6556384,6604471,6601412,6575318,6657663,6550529,6648614,6589865,6504899,6613136,6587271,6518475,6556021,6515627,6534981,6414488
989,0,0,15,6737990,6712577,6589431,6636055,6568339,6617020,6613654,6587485,6670593,6563499,6661447,6602527,6517327,6625931,6599157,6531981,6569090,6528415,6548043,6427624
990,31,0,15,6725850,6700899,6576869,6623753,6556508,6605349,6601489,6574799,6657712,6550676,6647888,6589697,6505240,6612886,6586752,6518888,6555529,6515968,6534352,6414737
991,0,0,15,6738410,6712865,6588842,6636057,6568749,6617066,6614336,6587678,6670490,6563095,6661098,6602563,6517804,6625743,6599454,6531895,6568574,6528880,6547521,6426768
992,31,0,15,6725145,6699855,6575925,6623162,6554891,6603810,6601285,6574345,6657109,6549816,6647335,6589261,6504819,6612392,6586149,6518181,6554943,6515769,6534456,6413703
993,0,0,15,6737652,6712483,6588100,6634903,6567594,6616115,6613058,6586685,6669657,6562780,6659722,6601930,6516428,6624849,6599328,6530963,6568003,6528082,6547214,6426167
994,31,0,15,6725458,6700395,6576352,6622337,6555973,6604114,6600815,6573861,6657604,6550507,6647003,6590098,6504249,6611403,6587336,6518646,6554861,6515139,6535051,6413742
995,0,0,15,6737895,6712671,6588711,6634812,6568080,6616121,6612598,6586965,6669985,6563031,6659720,6602129,6516411,6625052,6598908,6531764,6567849,6527512,6547858,6426234
996,31,0,15,6726114,6700374,6576270,6622580,6556383,6604008,6601456,6575041,6657433,6550824,6646758,6589750,6505217,6613034,6586859,6518758,6555471,6515214,6535586,6413811
997,0,0,15,6737527,6712128,6588011,6633847,6567505,6615381,6613047,6587073,6669473,6562465,6658905,6601996,6516526,6624975,6599415,6530818,6568261,6527194,6547633,6426147
998,31,0,15,6725568,6700217,6576457,6621982,6555454,6602946,6601337,6575232,6657431,6549612,6646867,6588918,6504940,6612135,6586852,6518620,6555631,6515219,6534899,6414585
999,0,0,15,6738145,6712670,6588590,6634438,6568038,6615849,6613220,6587272,6670257,6562596,6660003,6601575,6517710,6624336,6599752,6531839,6568462,6528300,6548182,6427094
