rep,heat_enabled,transmitter_bit,transmitter_mask,ctrl_0_ro_0,ctrl_0_ro_1,ctrl_0_ro_2,ctrl_0_ro_3,ctrl_0_ro_4,ctrl_1_ro_0,ctrl_1_ro_1,ctrl_1_ro_2,ctrl_1_ro_3,ctrl_1_ro_4,ctrl_2_ro_0,ctrl_2_ro_1,ctrl_2_ro_2,ctrl_2_ro_3,ctrl_2_ro_4,ctrl_3_ro_0,ctrl_3_ro_1,ctrl_3_ro_2,ctrl_3_ro_3,ctrl_3_ro_4
0,1,0,22,76778,76317,75560,75552,76198,69465,68258,68845,68490,68306,77059,76367,75812,76262,75922,65973,65230,65412,65894,65290
1,0,0,22,77358,76901,76143,76113,76771,69933,68728,69309,68966,68754,77626,76950,76391,76848,76487,66422,65672,65870,66353,65743
2,1,0,22,76814,76350,75586,75564,76213,69487,68290,68857,68511,68318,77048,76390,75809,76288,75923,65979,65235,65430,65927,65295
3,0,0,22,77379,76917,76133,76110,76775,69941,68756,69320,68950,68769,77607,76942,76394,76853,76481,66421,65686,65869,66377,65741
4,1,0,22,76822,76357,75579,75559,76220,69487,68311,68868,68511,68318,77044,76377,75823,76291,75929,65984,65248,65440,65927,65297
5,0,0,22,77378,76913,76120,76109,76770,69926,68751,69316,68951,68756,77616,76943,76389,76842,76481,66414,65679,65859,66355,65728
6,1,0,22,76804,76337,75549,75551,76206,69477,68296,68857,68495,68308,77035,76382,75826,76280,75918,65973,65240,65418,65914,65285
7,0,0,22,77388,76908,76132,76106,76776,69944,68746,69322,68954,68775,77615,76949,76402,76855,76488,66417,65686,65878,66370,65729
8,1,0,22,76820,76342,75576,75553,76211,69485,68299,68857,68499,68319,77042,76373,75824,76291,75928,65969,65244,65424,65921,65290
9,0,0,22,77388,76908,76132,76098,76764,69937,68741,69308,68948,68769,77620,76934,76401,76848,76486,66417,65681,65871,66370,65732
10,1,0,22,76831,76354,75584,75565,76201,69497,68300,68863,68506,68331,77060,76381,75850,76291,75942,65989,65253,65442,65939,65303
11,0,0,22,77392,76910,76138,76102,76767,69945,68753,69318,68954,68790,77626,76939,76408,76857,76494,66427,65691,65879,66376,65741
12,1,0,22,76831,76364,75595,75575,76221,69501,68326,68888,68534,68361,77073,76393,75849,76319,75941,66002,65262,65446,65949,65326
13,0,0,22,77388,76915,76146,76126,76773,69955,68771,69339,68969,68798,77631,76952,76414,76876,76495,66434,65697,65878,66381,65751
14,1,0,22,76815,76342,75592,75562,76211,69492,68314,68865,68509,68339,77047,76385,75830,76297,75918,65980,65242,65426,65925,65293
15,0,0,22,77394,76901,76131,76116,76787,69938,68763,69322,68964,68796,77622,76959,76406,76862,76487,66424,65683,65869,66366,65747
16,1,0,22,76830,76358,75593,75567,76232,69505,68315,68873,68522,68353,77064,76389,75845,76324,75936,65984,65255,65435,65933,65309
17,0,0,22,77390,76910,76145,76121,76783,69960,68772,69319,68959,68794,77632,76954,76411,76881,76491,66420,65676,65866,66369,65751
18,1,0,22,76830,76351,75594,75556,76224,69492,68316,68868,68506,68347,77064,76396,75849,76315,75932,65985,65243,65427,65918,65311
19,0,0,22,77405,76912,76148,76114,76772,69946,68764,69331,68961,68794,77629,76955,76411,76870,76483,66432,65690,65861,66367,65745
20,1,0,22,76832,76370,75602,75559,76217,69503,68321,68887,68520,68355,77067,76404,75835,76324,75938,65995,65260,65435,65934,65310
21,0,0,22,77409,76952,76151,76125,76782,69964,68773,69346,68979,68807,77645,76978,76412,76887,76508,66456,65703,65882,66386,65757
22,1,0,22,76828,76389,75593,75565,76217,69499,68321,68885,68522,68344,77068,76404,75840,76310,75930,65994,65254,65431,65926,65299
23,0,0,22,77385,76932,76133,76111,76772,69946,68760,69328,68972,68806,77636,76965,76408,76873,76482,66429,65692,65870,66369,65736
24,1,0,22,76826,76374,75577,75565,76214,69505,68320,68887,68525,68349,77071,76401,75844,76317,75941,65994,65261,65431,65934,65294
25,0,0,22,77407,76945,76156,76119,76783,69963,68768,69354,68971,68809,77653,76974,76422,76894,76508,66441,65706,65874,66388,65750
26,1,0,22,76839,76384,75602,75580,76220,69511,68333,68897,68531,68358,77076,76417,75852,76327,75952,66000,65267,65445,65942,65304
27,0,0,22,77392,76938,76141,76115,76768,69945,68760,69332,68967,68794,77635,76966,76404,76870,76497,66424,65694,65872,66378,65733
28,1,0,22,76828,76378,75595,75576,76212,69498,68330,68883,68512,68354,77066,76401,75851,76313,75947,65988,65259,65440,65941,65298
29,0,0,22,77391,76921,76144,76120,76769,69942,68767,69334,68956,68793,77626,76955,76406,76873,76503,66428,65699,65866,66379,65738
30,1,0,22,76830,76367,75596,75566,76211,69496,68318,68885,68511,68340,77056,76386,75830,76300,75940,65975,65246,65427,65934,65300
31,0,0,22,77418,76959,76163,76141,76797,69958,68786,69362,68983,68813,77642,76978,76414,76880,76518,66446,65705,65889,66392,65771
32,1,0,22,76837,76389,75605,75581,76216,69503,68329,68886,68524,68356,77054,76399,75846,76313,75948,66005,65255,65443,65934,65313
33,0,0,22,77399,76944,76146,76124,76774,69945,68768,69332,68967,68804,77617,76957,76416,76865,76511,66430,65692,65885,66374,65743
34,1,0,22,76826,76381,75591,75575,76220,69505,68322,68884,68524,68358,77060,76396,75841,76302,75935,65988,65247,65441,65938,65312
35,0,0,22,77393,76943,76137,76123,76781,69945,68764,69335,68975,68809,77636,76963,76414,76861,76498,66439,65686,65874,66377,65749
36,1,0,22,76820,76364,75582,75563,76212,69488,68319,68876,68518,68358,77068,76403,75850,76301,75935,65994,65258,65429,65934,65302
37,0,0,22,77397,76934,76134,76116,76775,69938,68760,69335,68968,68807,77638,76964,76420,76869,76494,66435,65687,65871,66382,65743
38,1,0,22,76828,76377,75581,75568,76222,69492,68315,68883,68527,68358,77062,76397,75855,76297,75928,65987,65254,65435,65939,65313
39,0,0,22,77399,76941,76134,76124,76780,69942,68764,69334,68975,68807,77623,76958,76431,76870,76490,66434,65706,65878,66379,65751
40,1,0,22,76829,76382,75585,75569,76213,69493,68315,68879,68515,68357,77063,76377,75859,76302,75928,65990,65260,65439,65943,65307
41,0,0,22,77398,76940,76135,76130,76776,69931,68760,69320,68964,68805,77621,76943,76417,76869,76485,66422,65699,65873,66379,65749
42,1,0,22,76825,76380,75588,75580,76217,69491,68312,68856,68517,68361,77066,76380,75847,76302,75928,65982,65268,65429,65942,65310
43,0,0,22,77381,76945,76145,76121,76781,69934,68761,69310,68961,68798,77635,76946,76422,76864,76490,66435,65698,65871,66376,65743
44,1,0,22,76834,76376,75592,75577,76223,69498,68320,68865,68524,68365,77080,76388,75854,76306,75940,65996,65269,65435,65942,65321
45,0,0,22,77406,76942,76134,76129,76777,69943,68765,69323,68970,68818,77636,76951,76413,76873,76500,66435,65688,65872,66382,65748
46,1,0,22,76847,76392,75591,75586,76228,69510,68327,68879,68535,68375,77065,76398,75864,76313,75945,66009,65251,65435,65945,65320
47,0,0,22,77412,76951,76143,76137,76770,69953,68771,69328,68981,68821,77634,76962,76426,76876,76511,66448,65680,65882,66380,65755
48,1,0,22,76819,76378,75571,75560,76201,69481,68303,68851,68515,68356,77049,76375,75829,76293,75934,65975,65228,65416,65928,65297
49,0,0,22,77400,76962,76141,76125,76782,69942,68769,69329,68969,68824,77644,76956,76420,76874,76503,66434,65694,65871,66385,65756
50,1,0,22,76830,76382,75577,75577,76202,69485,68319,68869,68521,68370,77070,76386,75837,76309,75942,65987,65238,65418,65938,65308
51,0,0,22,77399,76934,76128,76121,76763,69931,68760,69311,68970,68807,77637,76947,76397,76872,76493,66428,65675,65861,66377,65743
52,1,0,22,76838,76381,75587,75583,76211,69491,68326,68874,68521,68370,77077,76398,75852,76319,75946,65999,65249,65421,65947,65314
53,0,0,22,77392,76946,76138,76130,76778,69945,68773,69333,68974,68821,77645,76959,76405,76871,76500,66431,65691,65865,66388,65758
54,1,0,22,76816,76385,75573,75570,76208,69491,68325,68883,68522,68354,77064,76389,75831,76298,75928,65987,65254,65417,65934,65303
55,0,0,22,77376,76944,76128,76118,76777,69935,68765,69325,68966,68800,77637,76958,76415,76872,76487,66433,65694,65865,66379,65753
56,1,0,22,76819,76389,75576,75560,76224,69485,68319,68864,68505,68343,77046,76384,75832,76299,75923,65990,65250,65414,65934,65308
57,0,0,22,77381,76952,76135,76109,76779,69937,68761,69318,68952,68796,77614,76945,76405,76867,76483,66438,65676,65861,66364,65747
58,1,0,22,76831,76403,75587,75580,76240,69495,68329,68881,68510,68354,77051,76393,75846,76314,75942,66002,65242,65426,65936,65317
59,0,0,22,77387,76954,76134,76132,76797,69938,68771,69326,68963,68800,77622,76953,76395,76879,76485,66434,65671,65866,66374,65752
60,1,0,22,76820,76392,75584,75585,76238,69490,68320,68879,68521,68360,77058,76388,75834,76315,75923,65986,65241,65432,65936,65316
61,0,0,22,77385,76943,76137,76133,76791,69937,68763,69325,68960,68795,77627,76938,76405,76876,76489,66430,65679,65857,66371,65749
62,1,0,22,76827,76387,75587,75578,76231,69501,68331,68883,68514,68361,77067,76387,75844,76323,75943,65992,65259,65438,65937,65315
63,0,0,22,77397,76965,76143,76138,76802,69964,68786,69348,68973,68810,77647,76965,76421,76901,76504,66445,65711,65896,66386,65769
64,1,0,22,76828,76395,75590,75581,76238,69500,68320,68886,68515,68356,77065,76395,75838,76325,75934,65987,65264,65439,65938,65311
65,0,0,22,77392,76951,76140,76136,76786,69943,68764,69337,68951,68800,77628,76955,76410,76884,76490,66426,65698,65875,66379,65751
66,1,0,22,76822,76391,75593,75578,76219,69497,68314,68883,68508,68353,77060,76382,75828,76320,75928,65984,65248,65424,65927,65308
67,0,0,22,77410,76964,76157,76143,76802,69959,68780,69352,68976,68817,77642,76967,76414,76898,76504,66439,65706,65874,66385,65771
68,1,0,22,76832,76375,75590,75578,76226,69502,68325,68874,68520,68360,77048,76385,75832,76319,75940,65981,65252,65423,65932,65320
69,0,0,22,77404,76948,76147,76137,76799,69956,68780,69338,68976,68810,77620,76960,76410,76898,76505,66432,65695,65870,66380,65766
70,1,0,22,76843,76384,75591,75585,76247,69503,68335,68885,68522,68363,77050,76386,75846,76333,75941,65990,65254,65420,65926,65323
71,0,0,22,77396,76923,76131,76121,76790,69928,68772,69324,68958,68789,77619,76936,76401,76881,76486,66411,65678,65851,66359,65744
72,1,0,22,76834,76383,75584,75557,76232,69488,68316,68871,68511,68340,77051,76370,75832,76312,75924,65963,65234,65416,65917,65300
73,0,0,22,77398,76937,76132,76116,76781,69942,68759,69321,68961,68790,77621,76946,76397,76882,76493,66412,65673,65855,66350,65750
74,1,0,22,76834,76382,75596,75572,76232,69489,68321,68872,68521,68356,77065,76391,75837,76323,75936,65989,65241,65418,65912,65319
75,0,0,22,77391,76955,76140,76123,76791,69947,68763,69334,68965,68801,77632,76952,76409,76886,76492,66427,65699,65861,66365,65757
76,1,0,22,76817,76392,75595,75568,76225,69497,68315,68875,68518,68354,77054,76383,75838,76306,75928,65986,65248,65412,65924,65308
77,0,0,22,77401,76952,76139,76137,76797,69957,68771,69342,68975,68814,77633,76963,76413,76878,76497,66429,65693,65860,66375,65769
78,1,0,22,76833,76388,75596,75586,76240,69515,68326,68898,68530,68372,77069,76400,75844,76325,75941,65993,65263,65424,65936,65330
79,0,0,22,77385,76940,76132,76127,76785,69947,68757,69335,68960,68806,77617,76953,76410,76880,76487,66419,65687,65854,66370,65755
80,1,0,22,76819,76382,75589,75576,76229,69499,68323,68883,68516,68365,77065,76390,75846,76319,75940,65986,65260,65432,65928,65325
81,0,0,22,77387,76943,76132,76126,76790,69950,68771,69338,68963,68804,77644,76959,76420,76885,76496,66424,65699,65871,66382,65763
82,1,0,22,76816,76382,75580,75575,76233,69505,68327,68891,68512,68361,77068,76395,75851,76329,75932,65992,65263,65438,65937,65317
83,0,0,22,77382,76939,76133,76121,76786,69947,68768,69336,68953,68802,77633,76949,76416,76886,76491,66424,65701,65877,66379,65748
84,1,0,22,76807,76378,75574,75572,76226,69489,68313,68885,68514,68345,77063,76388,75844,76325,75934,65988,65251,65428,65928,65310
85,0,0,22,77384,76941,76129,76122,76789,69942,68775,69346,68958,68795,77632,76947,76419,76888,76499,66435,65690,65876,66382,65762
86,1,0,22,76818,76385,75569,75579,76216,69490,68324,68884,68515,68356,77059,76380,75848,76328,75938,66002,65262,65429,65935,65319
87,0,0,22,77403,76954,76146,76153,76805,69966,68781,69349,68970,68813,77629,76958,76407,76904,76505,66447,65698,65883,66385,65764
88,1,0,22,76836,76382,75585,75592,76235,69511,68342,68893,68527,68363,77055,76390,75842,76334,75945,65998,65255,65438,65930,65328
89,0,0,22,77403,76950,76135,76135,76798,69954,68782,69338,68970,68813,77626,76959,76409,76898,76500,66435,65701,65875,66372,65763
90,1,0,22,76840,76387,75583,75591,76234,69501,68335,68890,68521,68362,77065,76397,75844,76339,75943,66003,65267,65445,65933,65319
91,0,0,22,77408,76946,76140,76136,76798,69954,68772,69346,68966,68803,77636,76956,76415,76893,76498,66441,65698,65872,66372,65757
92,1,0,22,76841,76378,75581,75585,76230,69499,68338,68875,68514,68364,77061,76391,75847,76330,75934,65995,65254,65441,65928,65316
93,0,0,22,77403,76939,76138,76131,76789,69938,68772,69317,68970,68806,77639,76959,76410,76889,76492,66435,65694,65875,66375,65762
94,1,0,22,76831,76380,75579,75578,76231,69489,68330,68876,68518,68359,77054,76389,75846,76321,75937,65994,65254,65425,65937,65318
95,0,0,22,77408,76957,76141,76141,76799,69949,68783,69345,68967,68812,77646,76963,76419,76896,76507,66447,65701,65877,66397,65773
96,1,0,22,76836,76384,75589,75582,76227,69496,68331,68879,68517,68364,77071,76392,75829,76320,75930,65999,65261,65438,65945,65332
97,0,0,22,77394,76964,76154,76136,76784,69944,68787,69336,68962,68818,77651,76959,76408,76893,76490,66445,65703,65875,66385,65769
98,1,0,22,76827,76394,75585,75575,76217,69489,68337,68876,68498,68366,77075,76385,75829,76319,75932,65997,65269,65432,65941,65319
99,0,0,22,77396,76940,76137,76121,76778,69941,68780,69325,68955,68816,77634,76946,76412,76889,76490,66439,65702,65867,66389,65771
100,1,0,22,76848,76386,75607,75587,76242,69508,68351,68893,68525,68386,77088,76412,75868,76346,75942,66007,65276,65446,65963,65339
101,0,0,22,77400,76948,76151,76133,76788,69955,68788,69343,68962,68825,77650,76963,76428,76900,76495,66442,65707,65874,66385,65781
102,1,0,22,76834,76392,75593,75577,76232,69505,68341,68880,68507,68366,77069,76396,75855,76333,75936,66006,65266,65432,65946,65322
103,0,0,22,77407,76958,76144,76132,76793,69956,68786,69331,68959,68819,77633,76948,76423,76896,76504,66449,65702,65882,66396,65760
104,1,0,22,76838,76384,75583,75583,76232,69500,68335,68878,68509,68371,77055,76382,75848,76325,75938,65998,65254,65433,65942,65318
105,0,0,22,77423,76979,76170,76168,76816,69976,68812,69362,68979,68844,77651,76976,76462,76915,76529,66461,65715,65897,66409,65787
106,1,0,22,76840,76388,75601,75597,76242,69510,68353,68886,68526,68385,77079,76396,75866,76341,75957,66007,65267,65440,65946,65327
107,0,0,22,77409,76949,76148,76146,76802,69956,68792,69343,68967,68820,77643,76960,76438,76905,76513,66450,65704,65883,66394,65759
108,1,0,22,76828,76383,75580,75582,76241,69494,68343,68881,68520,68359,77061,76385,75868,76332,75946,65995,65257,65433,65936,65305
109,0,0,22,77397,76956,76141,76133,76804,69944,68800,69357,68970,68816,77624,76959,76445,76906,76509,66446,65700,65884,66396,65769
110,1,0,22,76824,76385,75583,75573,76234,69489,68341,68884,68513,68364,77063,76373,75857,76337,75942,65994,65260,65432,65945,65323
111,0,0,22,77381,76949,76141,76128,76796,69939,68787,69345,68964,68817,77630,76942,76430,76907,76505,66437,65703,65877,66378,65765
112,1,0,22,76818,76384,75580,75569,76235,69491,68334,68882,68515,68356,77063,76377,75861,76341,75946,65990,65260,65436,65936,65324
113,0,0,22,77396,76956,76150,76136,76806,69953,68780,69345,68974,68819,77646,76955,76440,76911,76518,66444,65709,65882,66397,65780
114,1,0,22,76825,76386,75596,75581,76253,69501,68342,68893,68531,68378,77075,76394,75867,76335,75951,65998,65272,65438,65945,65335
115,0,0,22,77399,76960,76148,76136,76820,69957,68790,69346,68972,68828,77649,76965,76439,76911,76516,66446,65712,65878,66389,65785
116,1,0,22,76821,76383,75580,75582,76247,69495,68328,68876,68516,68368,77065,76387,75861,76336,75954,65992,65257,65429,65939,65327
117,0,0,22,77413,76972,76154,76153,76829,69971,68797,69357,68984,68836,77653,76973,76443,76920,76527,66450,65722,65896,66404,65788
118,1,0,22,76836,76383,75584,75590,76248,69515,68342,68888,68520,68381,77072,76392,75850,76344,75956,65993,65266,65438,65949,65331
119,0,0,22,77399,76955,76135,76141,76810,69967,68788,69349,68968,68824,77645,76965,76429,76906,76513,66437,65702,65867,66388,65768
120,1,0,22,76820,76384,75573,75577,76239,69503,68329,68887,68515,68368,77065,76389,75847,76331,75949,65991,65243,65425,65942,65320
121,0,0,22,77398,76950,76133,76121,76795,69946,68779,69340,68965,68819,77642,76962,76428,76897,76504,66433,65695,65878,66382,65765
122,1,0,22,76840,76392,75589,75576,76244,69494,68338,68896,68518,68364,77075,76407,75870,76341,75953,65996,65265,65432,65944,65330
123,0,0,22,77389,76954,76141,76133,76799,69948,68775,69344,68969,68806,77642,76961,76421,76893,76501,66427,65705,65862,66377,65770
124,1,0,22,76807,76385,75575,75567,76229,69491,68327,68885,68504,68348,77047,76385,75840,76319,75937,65971,65252,65417,65919,65315
125,0,0,22,77388,76961,76134,76127,76807,69944,68783,69347,68956,68807,77634,76958,76419,76896,76510,66424,65696,65871,66371,65765
126,1,0,22,76821,76387,75601,75583,76246,69495,68341,68900,68516,68365,77074,76401,75854,76339,75957,65991,65275,65432,65938,65329
127,0,0,22,77388,76948,76144,76134,76797,69944,68781,69346,68963,68803,77630,76946,76422,76897,76504,66423,65703,65860,66369,65755
128,1,0,22,76827,76386,75593,75585,76236,69486,68332,68889,68514,68353,77061,76380,75842,76342,75951,65979,65258,65416,65923,65308
129,0,0,22,77388,76953,76148,76140,76803,69941,68783,69346,68965,68804,77639,76954,76427,76908,76508,66424,65707,65864,66384,65767
130,1,0,22,76834,76402,75600,75589,76248,69498,68339,68898,68515,68366,77080,76398,75869,76351,75955,65995,65273,65439,65948,65336
131,0,0,22,77379,76942,76134,76120,76796,69938,68774,69343,68959,68813,77629,76948,76432,76904,76505,66427,65702,65872,66386,65766
132,1,0,22,76830,76394,75597,75585,76242,69504,68332,68904,68520,68368,77062,76391,75860,76340,75953,65994,65267,65432,65943,65327
133,0,0,22,77393,76949,76152,76128,76810,69954,68773,69348,68968,68814,77631,76955,76433,76905,76505,66436,65705,65868,66380,65762
134,1,0,22,76811,76369,75595,75574,76234,69497,68318,68892,68517,68353,77052,76389,75855,76335,75946,65994,65266,65414,65932,65312
135,0,0,22,77411,76950,76147,76138,76813,69954,68773,69364,68972,68814,77639,76971,76433,76913,76517,66437,65716,65874,66390,65759
136,1,0,22,76836,76392,75592,75586,76249,69504,68334,68911,68523,68365,77057,76401,75859,76340,75953,66000,65265,65441,65938,65327
137,0,0,22,77401,76948,76145,76131,76801,69945,68768,69346,68956,68807,77631,76960,76425,76901,76511,66434,65704,65872,66377,65763
138,1,0,22,76842,76401,75604,75595,76253,69508,68325,68903,68521,68366,77073,76410,75872,76349,75970,66005,65281,65443,65947,65334
139,0,0,22,77408,76950,76154,76142,76821,69961,68770,69360,68957,68806,77639,76960,76433,76905,76518,66441,65720,65889,66395,65777
140,1,0,22,76826,76373,75583,75573,76227,69486,68322,68889,68497,68352,77045,76377,75856,76330,75936,65996,65262,65429,65935,65321
141,0,0,22,77393,76945,76135,76123,76780,69932,68767,69344,68956,68798,77610,76949,76439,76895,76495,66427,65692,65863,66381,65761
142,1,0,22,76832,76392,75575,75584,76232,69489,68328,68890,68515,68353,77054,76389,75866,76336,75938,66001,65261,65428,65932,65329
143,0,0,22,77407,76955,76136,76137,76796,69939,68776,69339,68958,68797,77627,76955,76425,76906,76503,66433,65705,65873,66369,65775
144,1,0,22,76829,76380,75581,75571,76234,69486,68318,68883,68515,68351,77045,76386,75857,76335,75942,65987,65261,65425,65926,65327
145,0,0,22,77393,76942,76129,76132,76796,69944,68769,69334,68969,68798,77613,76956,76430,76914,76506,66429,65704,65864,66370,65775
146,1,0,22,76835,76390,75594,75576,76244,69507,68332,68873,68517,68358,77064,76391,75867,76345,75944,65999,65281,65444,65943,65342
147,0,0,22,77404,76956,76155,76125,76799,69958,68790,69333,68968,68810,77635,76955,76435,76911,76500,66445,65722,65879,66393,65787
148,1,0,22,76827,76376,75591,75567,76235,69501,68334,68875,68522,68352,77053,76369,75855,76343,75937,65991,65261,65433,65941,65333
149,0,0,22,77392,76945,76142,76120,76793,69948,68766,69340,68972,68803,77620,76936,76421,76903,76497,66438,65709,65876,66396,65779
150,1,0,22,76839,76397,75606,75583,76250,69518,68340,68904,68519,68370,77071,76386,75872,76353,75953,66008,65289,65446,65959,65340
151,0,0,22,77403,76952,76160,76130,76803,69954,68788,69342,68961,68817,77640,76948,76433,76905,76502,66439,65721,65872,66392,65778
152,1,0,22,76843,76396,75603,75591,76248,69519,68345,68894,68535,68380,77074,76391,75868,76349,75951,66003,65278,65444,65953,65339
153,0,0,22,77398,76950,76150,76129,76805,69958,68779,69350,68982,68824,77632,76945,76425,76901,76495,66429,65707,65874,66387,65766
154,1,0,22,76837,76393,75607,75597,76258,69513,68333,68909,68534,68379,77070,76381,75870,76351,75937,65997,65269,65438,65942,65337
155,0,0,22,77406,76947,76160,76141,76812,69967,68778,69365,68977,68822,77632,76954,76433,76907,76497,66436,65709,65891,66381,65771
156,1,0,22,76834,76376,75602,75580,76245,69500,68329,68889,68523,68367,77062,76388,75866,76337,75937,65989,65263,65444,65932,65324
157,0,0,22,77395,76948,76146,76124,76799,69956,68773,69344,68958,68814,77619,76948,76431,76900,76495,66430,65701,65874,66367,65765
158,1,0,22,76824,76390,75595,75572,76241,69507,68321,68893,68516,68367,77059,76387,75848,76334,75946,65996,65265,65434,65921,65326
159,0,0,22,77407,76955,76161,76137,76812,69965,68783,69349,68973,68829,77645,76954,76437,76905,76521,66444,65709,65882,66378,65778
160,1,0,22,76849,76385,75613,75589,76249,69517,68332,68889,68525,68379,77064,76379,75864,76343,75955,65993,65270,65443,65927,65334
161,0,0,22,77410,76954,76147,76130,76816,69963,68779,69334,68974,68826,77642,76952,76435,76914,76513,66437,65703,65878,66373,65778
162,1,0,22,76830,76377,75598,75582,76243,69506,68337,68885,68519,68365,77072,76392,75866,76337,75948,65990,65256,65431,65923,65324
163,0,0,22,77406,76956,76168,76149,76821,69971,68797,69350,68983,68824,77645,76968,76457,76912,76526,66444,65715,65890,66384,65773
164,1,0,22,76799,76396,75608,75574,76234,69496,68308,68879,68510,68351,77075,76386,75859,76332,75953,65987,65264,65448,65934,65326
165,0,0,22,77401,76977,76178,76148,76821,69962,68771,69353,68982,68829,77656,76976,76450,76926,76518,66443,65711,65901,66390,65792
166,1,0,22,76819,76357,75589,75587,76223,69499,68322,68876,68516,68355,77079,76378,75839,76313,75957,65996,65259,65422,65939,65327
167,0,0,22,77389,76924,76156,76144,76793,69949,68771,69327,68976,68803,77654,76941,76403,76886,76516,66450,65697,65879,66373,65782
168,1,0,22,76830,76385,75596,75591,76234,69526,68322,68884,68528,68353,77093,76380,75854,76318,75962,66003,65295,65451,65945,65342
169,0,0,22,77404,76953,76160,76153,76811,69968,68778,69344,68985,68809,77659,76951,76432,76888,76526,66443,65733,65894,66388,65800
170,1,0,22,76799,76369,75589,75576,76228,69497,68297,68880,68491,68325,77076,76392,75854,76314,75946,65981,65246,65444,65945,65320
171,0,0,22,77404,76946,76166,76145,76803,69976,68779,69344,68961,68797,77662,76979,76443,76900,76520,66443,65705,65903,66414,65772
172,1,0,22,76831,76383,75604,75599,76237,69516,68322,68891,68517,68351,77106,76403,75857,76323,75969,66003,65257,65452,65950,65337
173,0,0,22,77379,76927,76138,76138,76789,69949,68758,69323,68939,68791,77642,76950,76405,76874,76508,66432,65688,65887,66378,65763
174,1,0,22,76822,76376,75599,75593,76223,69493,68310,68867,68516,68349,77088,76384,75842,76331,75953,66001,65247,65431,65937,65327
175,0,0,22,77411,76957,76161,76155,76808,69960,68782,69327,68977,68812,77661,76961,76431,76919,76525,66442,65703,65888,66387,65795
176,1,0,22,76824,76370,75597,75578,76220,69488,68301,68866,68489,68334,77088,76380,75851,76338,75943,66002,65249,65434,65924,65328
177,0,0,22,77381,76924,76134,76123,76768,69929,68747,69302,68940,68773,77636,76943,76408,76890,76489,66424,65670,65871,66362,65751
178,1,0,22,76812,76381,75582,75589,76216,69506,68304,68877,68485,68335,77088,76391,75846,76325,75951,65999,65251,65442,65934,65337
179,0,0,22,77396,76946,76145,76152,76793,69952,68754,69338,68946,68798,77638,76954,76415,76908,76514,66438,65689,65881,66375,65778
180,1,0,22,76837,76389,75588,75602,76241,69503,68315,68905,68515,68355,77082,76394,75848,76327,75968,66005,65243,65468,65938,65351
181,0,0,22,77424,76971,76169,76171,76814,69967,68791,69366,68978,68817,77661,76971,76436,76910,76538,66464,65704,65917,66405,65800
182,1,0,22,76813,76360,75609,75573,76219,69497,68296,68886,68492,68351,77075,76373,75852,76311,75927,65982,65241,65452,65937,65331
183,0,0,22,77392,76926,76163,76140,76784,69947,68755,69327,68936,68791,77635,76950,76432,76884,76497,66420,65698,65890,66380,65771
184,1,0,22,76802,76389,75587,75588,76226,69503,68303,68868,68502,68340,77072,76392,75839,76322,75943,65998,65249,65451,65942,65327
185,0,0,22,77400,76946,76156,76132,76794,69944,68751,69326,68954,68793,77642,76955,76415,76886,76505,66438,65693,65882,66388,65769
186,1,0,22,76816,76384,75607,75597,76237,69512,68329,68881,68513,68369,77101,76393,75842,76324,75952,66000,65262,65449,65928,65337
187,0,0,22,77392,76936,76143,76139,76789,69951,68769,69327,68954,68820,77654,76947,76409,76883,76504,66437,65697,65885,66381,65782
188,1,0,22,76796,76356,75564,75553,76202,69498,68299,68856,68490,68329,77071,76369,75834,76298,75919,65973,65234,65436,65924,65292
189,0,0,22,77389,76941,76153,76132,76796,69961,68762,69322,68968,68793,77655,76963,76424,76881,76518,66440,65689,65895,66394,65752
190,1,0,22,76820,76379,75580,75580,76224,69491,68310,68875,68517,68346,77110,76359,75859,76320,75939,66000,65255,65448,65936,65332
191,0,0,22,77397,76937,76146,76132,76783,69948,68757,69337,68969,68790,77662,76929,76415,76895,76492,66435,65691,65889,66369,65777
192,1,0,22,76816,76365,75604,75586,76229,69491,68314,68886,68509,68355,77098,76375,75858,76319,75960,65995,65254,65437,65920,65333
193,0,0,22,77423,76944,76176,76161,76815,69953,68777,69359,68974,68823,77677,76962,76442,76910,76527,66458,65710,65897,66387,65786
194,1,0,22,76830,76386,75596,75598,76219,69480,68302,68894,68509,68336,77076,76371,75857,76307,75944,65990,65259,65442,65921,65322
195,0,0,22,77413,76950,76164,76163,76802,69953,68765,69350,68969,68804,77662,76942,76436,76887,76508,66438,65696,65889,66380,65771
196,1,0,22,76814,76356,75586,75596,76225,69492,68298,68876,68510,68339,77085,76380,75859,76318,75943,65984,65235,65450,65955,65327
197,0,0,22,77404,76945,76160,76165,76814,69958,68770,69335,68973,68807,77669,76966,76441,76905,76525,66433,65704,65912,66417,65782
198,1,0,22,76797,76361,75561,75577,76216,69476,68294,68869,68495,68330,77073,76364,75829,76288,75931,65972,65219,65436,65901,65317
199,0,0,22,77402,76956,76148,76147,76807,69955,68771,69332,68967,68808,77667,76962,76427,76898,76513,66433,65685,65899,66374,65774
200,1,0,22,76815,76370,75583,75579,76218,69500,68305,68881,68504,68332,77085,76374,75837,76324,75931,65988,65237,65439,65951,65313
201,0,0,22,77394,76932,76143,76129,76778,69951,68761,69325,68969,68788,77663,76943,76411,76889,76496,66426,65678,65883,66397,65760
202,1,0,22,76818,76383,75588,75594,76212,69502,68307,68870,68523,68337,77090,76387,75844,76329,75956,65997,65246,65465,65952,65328
203,0,0,22,77391,76947,76144,76145,76778,69948,68765,69326,68976,68791,77660,76957,76421,76905,76513,66448,65693,65908,66402,65778
204,1,0,22,76805,76360,75599,75569,76211,69507,68299,68846,68494,68325,77057,76377,75819,76314,75936,65988,65232,65449,65921,65303
205,0,0,22,77395,76943,76169,76147,76798,69965,68759,69315,68953,68784,77640,76950,76400,76896,76511,66427,65682,65888,66374,65745
206,1,0,22,76793,76361,75597,75591,76201,69506,68302,68883,68488,68331,77075,76382,75838,76305,75944,65988,65242,65463,65931,65316
207,0,0,22,77392,76939,76162,76145,76793,69961,68753,69342,68955,68802,77665,76961,76422,76902,76522,66450,65700,65906,66392,65772
208,1,0,22,76798,76365,75591,75588,76219,69497,68303,68874,68490,68322,77067,76365,75833,76320,75936,65985,65231,65449,65921,65320
209,0,0,22,77400,76949,76161,76157,76806,69972,68768,69345,68966,68799,77644,76952,76421,76910,76516,66439,65687,65906,66381,65779
210,1,0,22,76816,76384,75605,75578,76208,69496,68311,68876,68490,68333,77077,76384,75849,76311,75952,65991,65238,65448,65925,65315
211,0,0,22,77386,76940,76147,76126,76764,69932,68748,69325,68936,68779,77624,76943,76402,76864,76500,66425,65672,65873,66362,65750
212,1,0,22,76783,76359,75572,75576,76192,69470,68302,68858,68477,68322,77074,76341,75811,76277,75921,65966,65206,65417,65907,65310
213,0,0,22,77384,76940,76147,76150,76780,69942,68766,69327,68940,68795,77665,76933,76407,76856,76501,66420,65654,65879,66365,65772
214,1,0,22,76823,76381,75591,75586,76214,69487,68315,68876,68481,68343,77088,76377,75834,76307,75955,65996,65229,65430,65918,65328
215,0,0,22,77401,76948,76156,76149,76791,69943,68774,69328,68931,68809,77673,76958,76416,76882,76519,66449,65689,65896,66384,65786
216,1,0,22,76801,76374,75580,75579,76221,69480,68304,68885,68477,68337,77079,76367,75836,76321,75939,65984,65241,65444,65923,65317
217,0,0,22,77404,76953,76161,76156,76805,69935,68771,69339,68953,68799,77667,76949,76416,76894,76515,66433,65694,65890,66372,65776
218,1,0,22,76814,76384,75612,75612,76231,69494,68322,68892,68501,68361,77088,76384,75844,76318,75950,66007,65260,65459,65932,65327
219,0,0,22,77393,76964,76179,76163,76824,69961,68781,69352,68968,68819,77661,76963,76420,76894,76516,66459,65705,65909,66396,65797
220,1,0,22,76797,76343,75604,75581,76217,69477,68305,68883,68490,68336,77085,76365,75824,76292,75944,65994,65247,65435,65918,65327
221,0,0,22,77382,76924,76172,76140,76792,69940,68759,69341,68940,68797,77666,76951,76407,76881,76516,66445,65691,65888,66364,65774
222,1,0,22,76820,76372,75625,75597,76221,69489,68312,68870,68505,68352,77097,76370,75832,76313,75948,66016,65246,65434,65927,65341
223,0,0,22,77401,76951,76189,76152,76808,69949,68768,69331,68961,68814,77666,76949,76410,76892,76526,66458,65687,65880,66376,65785
224,1,0,22,76820,76377,75604,75591,76228,69492,68306,68889,68494,68363,77076,76373,75821,76322,75955,66007,65257,65447,65922,65343
225,0,0,22,77406,76957,76161,76143,76806,69960,68765,69333,68943,68816,77650,76940,76396,76898,76515,66450,65696,65895,66378,65790
226,1,0,22,76798,76383,75596,75588,76212,69497,68306,68874,68497,68375,77084,76379,75819,76317,75962,66006,65247,65444,65934,65356
227,0,0,22,77395,76946,76166,76155,76798,69956,68770,69334,68959,68838,77661,76947,76404,76894,76531,66454,65698,65890,66380,65806
228,1,0,22,76804,76366,75601,75566,76207,69493,68302,68874,68491,68356,77076,76369,75822,76310,75953,66012,65262,65445,65920,65338
229,0,0,22,77374,76946,76163,76131,76776,69956,68766,69327,68953,68813,77647,76947,76395,76882,76514,66449,65711,65880,66367,65791
230,1,0,22,76799,76363,75591,75569,76209,69476,68292,68850,68479,68330,77054,76368,75804,76302,75932,65988,65230,65433,65917,65321
231,0,0,22,77390,76938,76164,76140,76800,69937,68759,69320,68949,68792,77646,76953,76389,76890,76518,66443,65682,65890,66376,65786
232,1,0,22,76826,76375,75604,75588,76243,69510,68324,68874,68508,68359,77065,76378,75835,76323,75959,66015,65273,65448,65934,65350
233,0,0,22,77388,76943,76155,76149,76803,69959,68776,69327,68957,68820,77642,76938,76410,76900,76521,66460,65711,65903,66378,65790
234,1,0,22,76793,76355,75588,75577,76215,69498,68316,68866,68485,68349,77080,76368,75825,76316,75927,65982,65240,65435,65913,65335
235,0,0,22,77403,76942,76174,76150,76801,69974,68783,69334,68970,68821,77668,76951,76422,76896,76503,66439,65710,65897,66380,65788
236,1,0,22,76841,76396,75626,75611,76240,69526,68337,68886,68521,68362,77097,76368,75845,76336,75951,66013,65263,65456,65935,65356
237,0,0,22,77421,76959,76181,76175,76808,69978,68794,69341,68977,68828,77671,76947,76422,76913,76527,66458,65712,65908,66393,65806
238,1,0,22,76828,76390,75599,75585,76224,69489,68322,68870,68510,68366,77104,76381,75825,76317,75942,65997,65260,65455,65922,65336
239,0,0,22,77410,76969,76169,76167,76801,69966,68786,69344,68980,68827,77685,76961,76417,76902,76505,66447,65711,65907,66381,65789
240,1,0,22,76827,76384,75597,75591,76220,69501,68319,68890,68491,68361,77092,76373,75840,76308,75935,65997,65243,65439,65935,65333
241,0,0,22,77416,76967,76167,76151,76794,69942,68777,69335,68947,68813,77663,76950,76416,76891,76489,66445,65696,65888,66378,65788
242,1,0,22,76821,76367,75586,75583,76197,69489,68301,68867,68496,68352,77084,76366,75815,76292,75932,65994,65230,65439,65912,65336
243,0,0,22,77401,76927,76148,76142,76779,69940,68760,69323,68960,68803,77655,76938,76390,76865,76490,66432,65691,65882,66351,65780
244,1,0,22,76798,76362,75579,75578,76201,69502,68283,68858,68490,68326,77087,76366,75825,76291,75939,65977,65236,65434,65913,65333
245,0,0,22,77386,76937,76143,76148,76777,69955,68751,69326,68940,68793,77670,76943,76406,76873,76496,66421,65673,65881,66355,65786
246,1,0,22,76809,76388,75614,75581,76212,69498,68289,68865,68481,68344,77080,76370,75829,76316,75943,65993,65249,65446,65910,65342
247,0,0,22,77412,76957,76183,76151,76796,69959,68746,69332,68958,68812,77658,76959,76429,76890,76517,66433,65708,65890,66375,65805
248,1,0,22,76825,76365,75585,75573,76206,69495,68300,68860,68486,68345,77099,76383,75838,76312,75943,65986,65241,65432,65923,65330
249,0,0,22,77386,76921,76142,76124,76775,69945,68748,69309,68942,68787,77648,76940,76394,76876,76497,66426,65675,65871,66370,65772
250,1,0,22,76815,76378,75588,75569,76195,69478,68278,68871,68491,68338,77080,76363,75815,76300,75948,65970,65231,65427,65910,65318
251,0,0,22,77405,76950,76147,76132,76773,69942,68745,69319,68955,68793,77645,76945,76404,76885,76506,66418,65687,65880,66375,65788
252,1,0,22,76820,76395,75598,75591,76226,69513,68319,68868,68510,68360,77098,76388,75841,76323,75951,66015,65263,65456,65935,65343
253,0,0,22,77408,76969,76171,76155,76801,69967,68788,69330,68969,68813,77678,76969,76412,76903,76518,66461,65716,65902,66400,65803
254,1,0,22,76813,76382,75601,75595,76193,69496,68313,68856,68496,68350,77093,76386,75837,76308,75949,66000,65250,65442,65922,65331
255,0,0,22,77393,76951,76156,76147,76758,69940,68771,69315,68951,68807,77651,76960,76411,76884,76504,66432,65687,65881,66375,65774
256,1,0,22,76819,76384,75610,75595,76217,69518,68321,68875,68505,68360,77087,76401,75822,76331,75941,66000,65244,65451,65939,65335
257,0,0,22,77395,76953,76165,76157,76785,69952,68780,69330,68967,68814,77669,76963,76399,76898,76506,66436,65701,65898,66382,65777
258,1,0,22,76803,76368,75595,75569,76197,69490,68293,68852,68496,68334,77060,76371,75817,76302,75933,65980,65238,65438,65917,65320
259,0,0,22,77388,76947,76161,76137,76774,69937,68776,69318,68954,68809,77650,76954,76401,76880,76514,66428,65695,65891,66372,65776
260,1,0,22,76798,76375,75594,75581,76204,69488,68303,68865,68483,68343,77064,76369,75831,76307,75933,65993,65244,65443,65926,65342
261,0,0,22,77384,76939,76139,76137,76771,69932,68751,69329,68934,68800,77637,76940,76400,76878,76504,66428,65687,65872,66374,65778
262,1,0,22,76792,76368,75590,75579,76205,69490,68295,68858,68492,68348,77061,76360,75832,76294,75933,65971,65236,65427,65928,65331
263,0,0,22,77381,76944,76175,76153,76785,69940,68758,69331,68961,68823,77639,76942,76427,76884,76500,66432,65689,65880,66391,65790
264,1,0,22,76827,76382,75607,75611,76202,69501,68320,68884,68515,68350,77084,76377,75851,76327,75963,65986,65258,65453,65946,65349
265,0,0,22,77389,76947,76163,76147,76773,69949,68766,69337,68972,68803,77640,76927,76400,76892,76507,66429,65692,65889,66388,65790
266,1,0,22,76806,76374,75581,75580,76198,69481,68293,68867,68491,68350,77064,76353,75818,76306,75945,65976,65242,65428,65916,65333
267,0,0,22,77405,76956,76139,76152,76780,69939,68756,69342,68942,68809,77640,76941,76412,76887,76519,66429,65694,65892,66356,65789
268,1,0,22,76842,76379,75605,75593,76199,69508,68306,68878,68501,68347,77084,76376,75847,76327,75956,65987,65260,65457,65947,65349
269,0,0,22,77420,76964,76169,76155,76776,69966,68765,69340,68964,68810,77660,76944,76435,76893,76522,66436,65703,65900,66389,65796
270,1,0,22,76832,76410,75609,75600,76203,69510,68321,68887,68511,68355,77073,76371,75851,76317,75966,66004,65262,65457,65945,65346
271,0,0,22,77403,76972,76159,76140,76771,69953,68770,69331,68955,68807,77632,76933,76410,76882,76513,66443,65708,65895,66395,65799
272,1,0,22,76804,76374,75578,75567,76194,69491,68295,68859,68480,68319,77074,76347,75811,76297,75935,65990,65225,65421,65906,65318
273,0,0,22,77391,76962,76172,76140,76784,69964,68770,69333,68963,68802,77650,76946,76394,76895,76507,66440,65691,65888,66373,65779
274,1,0,22,76800,76378,75576,75574,76201,69477,68290,68863,68484,68337,77056,76367,75802,76308,75931,65974,65226,65440,65921,65311
275,0,0,22,77382,76953,76142,76144,76781,69944,68755,69326,68949,68792,77636,76939,76385,76879,76502,66429,65671,65890,66379,65764
276,1,0,22,76808,76403,75594,75588,76217,69505,68294,68878,68504,68360,77083,76374,75816,76310,75938,65979,65250,65436,65931,65327
277,0,0,22,77374,76949,76157,76128,76781,69962,68740,69322,68949,68806,77641,76943,76394,76877,76487,66418,65679,65873,66366,65764
278,1,0,22,76799,76377,75582,75568,76187,69481,68304,68853,68495,68340,77060,76368,75820,76284,75937,65955,65222,65433,65907,65309
279,0,0,22,77380,76956,76151,76125,76772,69944,68749,69314,68948,68795,77638,76931,76404,76875,76508,66405,65663,65879,66362,65760
280,1,0,22,76807,76383,75610,75588,76221,69498,68319,68871,68522,68348,77087,76378,75837,76321,75927,65977,65244,65446,65934,65330
281,0,0,22,77371,76941,76161,76121,76786,69954,68760,69315,68958,68792,77640,76943,76390,76885,76482,66412,65672,65892,66360,65761
282,1,0,22,76805,76388,75601,75585,76216,69513,68314,68867,68516,68346,77068,76377,75826,76333,75937,65980,65230,65443,65927,65322
283,0,0,22,77383,76957,76159,76155,76798,69958,68763,69334,68971,68807,77642,76942,76396,76895,76497,66426,65681,65889,66376,65770
284,1,0,22,76819,76402,75630,75591,76234,69511,68328,68887,68513,68348,77089,76389,75845,76329,75955,65992,65239,65461,65933,65336
285,0,0,22,77373,76950,76161,76126,76790,69958,68757,69316,68956,68793,77639,76943,76395,76884,76491,66421,65666,65897,66374,65767
286,1,0,22,76813,76362,75601,75578,76193,69495,68298,68855,68525,68346,77060,76357,75815,76312,75938,65981,65235,65441,65924,65321
287,0,0,22,77385,76934,76167,76133,76786,69950,68744,69308,68976,68805,77641,76934,76391,76880,76488,66428,65664,65884,66369,65758
288,1,0,22,76810,76366,75595,75579,76203,69522,68307,68851,68514,68351,77061,76367,75812,76309,75932,65978,65219,65442,65933,65338
289,0,0,22,77396,76937,76167,76139,76785,69972,68767,69317,68959,68805,77642,76938,76393,76885,76504,66424,65669,65912,66394,65779
290,1,0,22,76806,76369,75592,75571,76205,69485,68298,68869,68497,68324,77062,76363,75824,76308,75918,65972,65229,65443,65908,65320
291,0,0,22,77408,76969,76169,76139,76806,69960,68777,69338,68974,68793,77659,76962,76415,76913,76511,66440,65688,65915,66372,65785
292,1,0,22,76827,76406,75629,75603,76236,69534,68345,68900,68506,68347,77086,76404,75844,76351,75963,66012,65273,65478,65947,65340
293,0,0,22,77384,76941,76169,76141,76798,69970,68786,69329,68952,68791,77648,76952,76408,76900,76511,66431,65691,65903,66369,65755
294,1,0,22,76798,76366,75589,75567,76198,69484,68298,68858,68485,68317,77052,76358,75823,76304,75913,65982,65239,65439,65900,65310
295,0,0,22,77392,76943,76156,76145,76783,69950,68761,69325,68962,68775,77631,76935,76398,76893,76490,66433,65676,65902,66365,65761
296,1,0,22,76818,76368,75607,75593,76222,69500,68311,68871,68483,68349,77061,76375,75829,76324,75941,65978,65250,65456,65923,65333
297,0,0,22,77372,76926,76146,76136,76782,69940,68761,69317,68940,68790,77612,76933,76381,76888,76502,66416,65682,65883,66365,65757
298,1,0,22,76796,76365,75599,75573,76223,69487,68302,68850,68491,68339,77072,76368,75837,76318,75933,65977,65226,65445,65923,65321
299,0,0,22,77366,76926,76152,76125,76767,69938,68744,69308,68934,68791,77623,76938,76403,76885,76485,66420,65664,65882,66352,65756
300,1,0,22,76795,76376,75598,75570,76203,69490,68301,68851,68487,68326,77065,76341,75827,76295,75933,65976,65225,65456,65907,65313
301,0,0,22,77396,76949,76176,76133,76778,69948,68767,69321,68949,68787,77652,76934,76411,76884,76509,66426,65671,65912,66354,65772
302,1,0,22,76791,76372,75598,75569,76194,69489,68294,68843,68491,68329,77068,76358,75813,76309,75931,65979,65230,65442,65922,65334
303,0,0,22,77380,76932,76161,76142,76778,69948,68757,69301,68945,68785,77647,76923,76387,76873,76487,66416,65670,65884,66363,65770
304,1,0,22,76814,76376,75602,75593,76231,69509,68326,68871,68497,68325,77091,76374,75834,76316,75944,65989,65240,65448,65926,65321
305,0,0,22,77396,76938,76142,76133,76798,69952,68775,69322,68939,68768,77645,76946,76387,76886,76498,66428,65668,65880,66367,65751
306,1,0,22,76811,76386,75592,75580,76205,69501,68317,68872,68501,68335,77068,76371,75833,76323,75948,65990,65247,65459,65943,65323
307,0,0,22,77404,76962,76173,76142,76789,69957,68786,69334,68954,68802,77633,76959,76404,76899,76513,66441,65695,65912,66403,65772
308,1,0,22,76800,76368,75590,75579,76199,69485,68304,68860,68465,68322,77038,76368,75814,76310,75922,65977,65236,65428,65926,65323
309,0,0,22,77380,76947,76154,76147,76795,69947,68773,69326,68941,68784,77625,76947,76396,76886,76494,66432,65693,65887,66378,65771
310,1,0,22,76816,76389,75596,75583,76224,69518,68317,68861,68502,68344,77072,76396,75824,76313,75935,65994,65238,65439,65918,65329
311,0,0,22,77387,76923,76136,76126,76786,69942,68763,69304,68955,68776,77622,76952,76386,76885,76487,66419,65669,65869,66371,65775
312,1,0,22,76796,76363,75569,75564,76197,69493,68319,68861,68481,68326,77063,76356,75791,76301,75909,65979,65245,65427,65925,65312
313,0,0,22,77391,76948,76152,76144,76786,69958,68787,69331,68951,68799,77644,76941,76379,76891,76496,66432,65690,65879,66399,65764
314,1,0,22,76818,76358,75589,75595,76217,69489,68325,68864,68491,68330,77089,76357,75819,76305,75949,65988,65237,65441,65923,65307
315,0,0,22,77389,76919,76159,76138,76783,69945,68765,69313,68957,68787,77652,76936,76396,76887,76506,66443,65682,65891,66368,65751
316,1,0,22,76810,76359,75587,75583,76209,69490,68292,68857,68473,68328,77071,76374,75807,76303,75942,65985,65233,65438,65916,65331
317,0,0,22,77374,76908,76138,76131,76772,69932,68735,69301,68945,68771,77635,76924,76369,76857,76491,66421,65682,65871,66352,65771
318,1,0,22,76813,76373,75593,75582,76202,69491,68298,68856,68507,68330,77067,76356,75822,76318,75925,65983,65235,65443,65912,65315
319,0,0,22,77399,76937,76157,76147,76798,69943,68765,69326,68971,68798,77639,76927,76407,76898,76491,66424,65681,65893,66359,65769
320,1,0,22,76820,76367,75609,75585,76218,69507,68317,68873,68495,68347,77074,76368,75833,76335,75944,65985,65229,65455,65934,65322
321,0,0,22,77412,76932,76167,76157,76788,69961,68777,69331,68963,68813,77650,76937,76412,76905,76514,66435,65693,65906,66380,65773
322,1,0,22,76805,76353,75580,75574,76209,69500,68304,68849,68504,68333,77071,76362,75822,76309,75918,65980,65227,65432,65917,65324
323,0,0,22,77393,76916,76127,76133,76775,69950,68764,69315,68959,68793,77628,76930,76403,76891,76482,66419,65666,65884,66357,65768
324,1,0,22,76847,76382,75609,75594,76225,69513,68325,68885,68521,68346,77090,76381,75835,76333,75942,66009,65249,65466,65947,65334
325,0,0,22,77407,76934,76159,76153,76786,69962,68765,69329,68963,68788,77645,76936,76401,76895,76487,66437,65679,65890,66372,65764
326,1,0,22,76815,76365,75585,75566,76185,69487,68279,68850,68485,68332,77053,76348,75813,76312,75913,65968,65225,65448,65926,65304
327,0,0,22,77405,76948,76164,76133,76771,69942,68755,69323,68966,68801,77623,76942,76408,76902,76490,66423,65689,65909,66389,65761
328,1,0,22,76842,76405,75616,75606,76256,69523,68337,68892,68520,68365,77081,76413,75857,76330,75953,66008,65266,65482,65948,65347
329,0,0,22,77420,76952,76174,76160,76812,69964,68788,69338,68970,68816,77642,76964,76422,76898,76519,66442,65707,65927,66391,65788
330,1,0,22,76827,76390,75610,75609,76209,69510,68307,68871,68510,68348,77062,76395,75827,76305,75941,66002,65217,65457,65938,65324
331,0,0,22,77400,76950,76169,76165,76792,69960,68765,69328,68960,68799,77638,76967,76420,76889,76501,66447,65672,65901,66392,65773
332,1,0,22,76800,76349,75591,75564,76197,69487,68286,68839,68486,68333,77057,76361,75811,76300,75903,65961,65215,65427,65924,65303
333,0,0,22,77391,76926,76159,76122,76787,69949,68746,69301,68952,68802,77629,76943,76419,76891,76470,66420,65672,65878,66387,65759
334,1,0,22,76822,76392,75631,75585,76224,69506,68307,68878,68519,68357,77097,76391,75850,76316,75952,65996,65245,65458,65946,65336
335,0,0,22,77391,76946,76180,76138,76804,69961,68778,69339,68971,68812,77662,76955,76417,76887,76505,66432,65688,65904,66389,65774
336,1,0,22,76806,76370,75606,75555,76209,69500,68300,68860,68490,68338,77063,76366,75837,76303,75926,65977,65229,65444,65949,65317
337,0,0,22,77384,76933,76178,76124,76787,69952,68765,69323,68950,68796,77639,76941,76410,76869,76488,66425,65665,65884,66398,65758
338,1,0,22,76819,76363,75610,75571,76215,69494,68324,68874,68489,68339,77066,76352,75833,76310,75921,65988,65226,65449,65935,65322
339,0,0,22,77409,76929,76183,76120,76777,69947,68777,69333,68953,68793,77636,76934,76414,76881,76485,66440,65676,65895,66381,65766
340,1,0,22,76822,76378,75607,75573,76206,69501,68311,68867,68502,68347,77078,76357,75833,76316,75925,65976,65228,65446,65949,65330
341,0,0,22,77390,76937,76168,76129,76764,69954,68761,69324,68955,68791,77638,76921,76411,76881,76483,66397,65664,65879,66383,65769
342,1,0,22,76808,76372,75591,75574,76202,69489,68293,68856,68493,68325,77076,76359,75834,76310,75922,65967,65238,65418,65927,65306
343,0,0,22,77372,76926,76139,76126,76763,69923,68735,69299,68938,68775,77626,76922,76384,76865,76472,66401,65664,65850,66355,65746
344,1,0,22,76793,76374,75606,75566,76189,69485,68302,68848,68479,68338,77056,76354,75815,76295,75928,65960,65223,65432,65916,65296
345,0,0,22,77369,76927,76149,76123,76760,69932,68744,69302,68920,68779,77622,76916,76388,76873,76478,66401,65665,65866,66360,65737
346,1,0,22,76792,76353,75578,75558,76178,69469,68272,68828,68477,68301,77055,76357,75792,76286,75925,65944,65216,65399,65903,65282
347,0,0,22,77385,76928,76153,76127,76762,69929,68733,69290,68947,68780,77619,76930,76370,76864,76481,66395,65662,65862,66366,65735
348,1,0,22,76810,76371,75592,75572,76202,69467,68281,68855,68483,68326,77069,76351,75814,76312,75939,65958,65233,65422,65917,65297
349,0,0,22,77378,76921,76131,76124,76764,69905,68724,69302,68926,68757,77633,76919,76371,76872,76479,66389,65676,65855,66358,65741
350,1,0,22,76791,76370,75585,75550,76199,69475,68274,68840,68470,68307,77062,76335,75817,76294,75911,65952,65209,65423,65919,65290
351,0,0,22,77391,76939,76152,76126,76787,69930,68752,69318,68945,68788,77632,76925,76399,76883,76479,66415,65672,65885,66388,65751
352,1,0,22,76830,76389,75591,75591,76225,69504,68316,68870,68506,68344,77095,76373,75838,76330,75943,65992,65237,65458,65956,65341
353,0,0,22,77396,76945,76147,76147,76792,69949,68765,69319,68958,68790,77657,76931,76418,76890,76490,66429,65677,65893,66390,65778
354,1,0,22,76788,76368,75563,75562,76187,69474,68266,68839,68471,68310,77082,76352,75826,76300,75900,65956,65220,65423,65917,65308
355,0,0,22,77385,76948,76130,76134,76763,69925,68737,69297,68937,68769,77648,76910,76403,76870,76465,66404,65675,65864,66363,65749
356,1,0,22,76811,76380,75589,75574,76209,69475,68294,68858,68490,68320,77078,76358,75835,76313,75907,65977,65227,65426,65943,65317
357,0,0,22,77394,76951,76154,76134,76784,69939,68753,69308,68943,68783,77648,76926,76407,76888,76484,66414,65676,65874,66392,65769
358,1,0,22,76814,76361,75574,75574,76197,69472,68295,68868,68484,68324,77072,76360,75828,76312,75913,65979,65239,65438,65940,65329
359,0,0,22,77392,76948,76143,76145,76783,69937,68756,69332,68962,68803,77654,76940,76420,76903,76494,66434,65682,65894,66413,65783
360,1,0,22,76812,76379,75582,75579,76227,69496,68303,68857,68470,68334,77079,76367,75828,76313,75928,65988,65249,65444,65944,65341
361,0,0,22,77395,76947,76142,76147,76798,69962,68756,69326,68936,68796,77644,76939,76422,76898,76498,66419,65708,65892,66398,65791
362,1,0,22,76825,76369,75609,75600,76211,69506,68314,68867,68505,68342,77074,76378,75856,76323,75949,65995,65254,65462,65963,65361
363,0,0,22,77402,76935,76173,76148,76788,69949,68767,69332,68961,68800,77636,76946,76429,76898,76499,66431,65698,65899,66403,65804
364,1,0,22,76808,76350,75590,75582,76204,69486,68286,68837,68470,68314,77079,76339,75814,76307,75916,65963,65232,65450,65943,65321
365,0,0,22,77394,76925,76173,76155,76788,69951,68750,69306,68937,68783,77648,76934,76403,76901,76481,66408,65698,65903,66396,65771
366,1,0,22,76823,76359,75614,75586,76219,69516,68314,68866,68499,68352,77104,76384,75846,76325,75939,65989,65262,65451,65957,65345
367,0,0,22,77404,76934,76180,76148,76803,69970,68770,69322,68971,68811,77671,76955,76421,76904,76506,66432,65710,65891,66405,65788
368,1,0,22,76830,76374,75609,75602,76237,69515,68301,68887,68485,68352,77092,76379,75874,76335,75946,65986,65256,65460,65962,65346
369,0,0,22,77406,76937,76175,76153,76802,69976,68766,69350,68949,68818,77677,76957,76437,76913,76513,66436,65723,65912,66398,65792
370,1,0,22,76826,76368,75605,75597,76221,69493,68290,68878,68514,68328,77062,76373,75843,76318,75938,65974,65246,65437,65935,65346
371,0,0,22,77390,76927,76156,76135,76786,69941,68746,69324,68963,68772,77632,76935,76411,76874,76498,66410,65682,65869,66386,65777
372,1,0,22,76836,76390,75617,75609,76215,69504,68316,68879,68518,68337,77080,76364,75840,76335,75945,65986,65257,65452,65966,65355
373,0,0,22,77410,76958,76174,76170,76789,69959,68774,69332,68976,68785,77643,76939,76415,76905,76509,66441,65705,65901,66416,65805
374,1,0,22,76814,76371,75594,75600,76222,69495,68297,68852,68485,68327,77067,76371,75832,76312,75926,65985,65239,65455,65960,65347
375,0,0,22,77408,76950,76168,76168,76802,69965,68767,69324,68953,68794,77648,76957,76426,76900,76494,66434,65690,65907,66415,65796
376,1,0,22,76820,76361,75594,75600,76230,69494,68309,68878,68515,68328,77074,76339,75828,76316,75937,65994,65248,65451,65937,65332
377,0,0,22,77399,76945,76160,76151,76796,69950,68779,69331,68978,68789,77661,76922,76406,76898,76499,66437,65688,65911,66396,65778
378,1,0,22,76829,76378,75603,75602,76223,69495,68309,68874,68504,68323,77078,76346,75832,76313,75932,66001,65233,65453,65929,65330
379,0,0,22,77413,76959,76173,76166,76793,69969,68766,69332,68953,68775,77653,76922,76411,76906,76502,66441,65682,65892,66384,65777
380,1,0,22,76824,76365,75614,75580,76218,69501,68282,68851,68498,68323,77088,76369,75831,76316,75939,65986,65235,65455,65927,65331
381,0,0,22,77410,76930,76185,76156,76787,69961,68739,69311,68962,68783,77663,76942,76406,76897,76504,66431,65680,65918,66385,65782
382,1,0,22,76824,76360,75577,75587,76199,69490,68281,68843,68491,68321,77083,76359,75809,76307,75915,65962,65238,65430,65948,65312
383,0,0,22,77409,76928,76147,76147,76782,69939,68747,69310,68957,68781,77658,76927,76382,76892,76488,66409,65679,65875,66397,65759
384,1,0,22,76823,76373,75606,75587,76224,69503,68302,68864,68497,68320,77076,76366,75845,76322,75950,65973,65241,65444,65953,65316
385,0,0,22,77415,76951,76169,76170,76812,69967,68774,69347,68951,68782,77652,76951,76429,76908,76525,66436,65695,65904,66418,65781
386,1,0,22,76839,76376,75614,75599,76227,69514,68322,68889,68511,68343,77099,76373,75852,76319,75941,65992,65246,65468,65961,65340
387,0,0,22,77415,76943,76186,76158,76805,69960,68785,69340,68969,68798,77674,76940,76424,76893,76516,66430,65693,65911,66413,65791
388,1,0,22,76830,76357,75602,75591,76213,69511,68317,68876,68495,68324,77086,76371,75824,76322,75953,65981,65248,65454,65957,65335
389,0,0,22,77410,76931,76162,76147,76785,69975,68783,69335,68938,68788,77662,76949,76393,76902,76512,66433,65693,65903,66395,65779
390,1,0,22,76820,76375,75613,75575,76221,69506,68301,68863,68489,68310,77086,76358,75821,76321,75930,65976,65223,65442,65945,65325
391,0,0,22,77399,76939,76162,76141,76803,69954,68767,69316,68947,68775,77659,76942,76409,76892,76511,66430,65684,65885,66404,65784
392,1,0,22,76827,76365,75606,75585,76210,69501,68303,68866,68489,68319,77077,76366,75823,76321,75938,65973,65245,65446,65939,65321
393,0,0,22,77411,76953,76176,76150,76794,69960,68766,69329,68954,68792,77668,76933,76396,76903,76507,66419,65697,65890,66397,65775
394,1,0,22,76817,76368,75581,75564,76216,69494,68306,68874,68494,68327,77072,76347,75805,76301,75930,65976,65230,65434,65935,65320
395,0,0,22,77391,76918,76154,76122,76787,69953,68764,69330,68953,68777,77639,76907,76389,76873,76486,66417,65673,65879,66379,65759
396,1,0,22,76795,76357,75569,75582,76216,69491,68299,68859,68495,68316,77054,76348,75809,76299,75944,65967,65231,65445,65937,65329
397,0,0,22,77407,76941,76161,76155,76803,69967,68767,69336,68978,68789,77653,76934,76402,76896,76519,66425,65697,65902,66405,65793
398,1,0,22,76794,76330,75573,75559,76196,69491,68290,68854,68485,68311,77059,76343,75799,76309,75919,65963,65222,65441,65930,65330
399,0,0,22,77398,76920,76146,76144,76779,69955,68760,69314,68944,68777,77642,76923,76392,76892,76504,66424,65679,65891,66396,65784
400,1,0,22,76802,76363,75591,75568,76195,69482,68300,68853,68486,68309,77043,76350,75816,76319,75935,65972,65231,65426,65940,65321
401,0,0,22,77403,76933,76164,76137,76786,69949,68773,69310,68956,68780,77641,76939,76402,76899,76501,66430,65682,65898,66392,65777
402,1,0,22,76804,76374,75587,75575,76183,69479,68301,68833,68480,68298,77053,76328,75809,76294,75931,65965,65232,65424,65925,65307
403,0,0,22,77399,76951,76155,76142,76778,69944,68773,69306,68949,68768,77647,76923,76420,76881,76508,66428,65691,65886,66398,65768
404,1,0,22,76819,76377,75607,75576,76224,69504,68316,68857,68489,68314,77094,76344,75817,76307,75932,65988,65245,65453,65961,65330
405,0,0,22,77407,76959,76179,76140,76793,69965,68770,69321,68952,68778,77673,76918,76412,76892,76506,66430,65693,65905,66403,65779
406,1,0,22,76820,76383,75591,75575,76220,69497,68315,68868,68484,68327,77079,76347,75831,76310,75948,65978,65239,65440,65960,65336
407,0,0,22,77380,76944,76149,76132,76779,69938,68771,69321,68943,68777,77638,76917,76394,76866,76491,66421,65678,65880,66406,65779
408,1,0,22,76804,76384,75591,75577,76224,69514,68319,68870,68493,68320,77083,76356,75813,76319,75942,65988,65223,65444,65951,65344
409,0,0,22,77383,76957,76150,76131,76791,69964,68778,69319,68939,68772,77646,76930,76395,76893,76500,66424,65670,65879,66394,65786
410,1,0,22,76812,76381,75594,75594,76219,69523,68319,68872,68496,68321,77088,76368,75819,76306,75948,65997,65228,65438,65954,65345
411,0,0,22,77402,76965,76165,76157,76801,69990,68778,69342,68966,68785,77657,76953,76417,76890,76525,66449,65688,65888,66411,65795
412,1,0,22,76804,76379,75584,75585,76227,69494,68298,68863,68485,68303,77066,76359,75822,76317,75927,65996,65231,65421,65954,65324
413,0,0,22,77393,76972,76180,76154,76813,69967,68766,69342,68958,68780,77656,76949,76424,76916,76512,66459,65677,65893,66404,65782
414,1,0,22,76785,76378,75593,75577,76220,69508,68307,68862,68495,68307,77060,76344,75837,76316,75923,65998,65238,65435,65940,65318
415,0,0,22,77381,76951,76158,76137,76802,69977,68767,69327,68964,68774,77636,76936,76413,76898,76494,66436,65683,65881,66402,65771
416,1,0,22,76814,76370,75588,75573,76217,69503,68307,68871,68495,68330,77038,76362,75832,76312,75938,65981,65225,65430,65931,65333
417,0,0,22,77396,76932,76152,76131,76797,69958,68772,69342,68965,68790,77618,76926,76422,76898,76503,66422,65681,65882,66385,65792
418,1,0,22,76814,76378,75601,75596,76217,69510,68317,68888,68494,68321,77059,76381,75818,76309,75934,65980,65256,65452,65947,65337
419,0,0,22,77387,76953,76169,76162,76800,69972,68769,69343,68953,68785,77620,76955,76405,76889,76499,66437,65695,65882,66393,65785
420,1,0,22,76817,76387,75602,75583,76218,69504,68304,68881,68498,68322,77070,76343,75843,76318,75938,65978,65240,65440,65961,65312
421,0,0,22,77384,76961,76170,76149,76785,69964,68766,69335,68963,68782,77650,76924,76417,76891,76503,66419,65689,65886,66404,65758
422,1,0,22,76810,76393,75602,75581,76214,69516,68317,68881,68501,68320,77055,76362,75847,76322,75952,65982,65243,65457,65951,65337
423,0,0,22,77380,76960,76168,76151,76785,69960,68773,69333,68946,68777,77623,76942,76431,76902,76524,66433,65683,65903,66396,65778
424,1,0,22,76793,76383,75578,75563,76203,69497,68293,68875,68476,68299,77028,76343,75826,76296,75923,65961,65216,65432,65945,65304
425,0,0,22,77383,76965,76149,76141,76790,69955,68755,69338,68935,68769,77623,76942,76414,76886,76498,66420,65668,65885,66406,65761
426,1,0,22,76850,76412,75600,75601,76223,69512,68317,68896,68504,68310,77088,76362,75840,76340,75946,65993,65246,65458,65961,65350
427,0,0,22,77418,76981,76164,76162,76805,69973,68777,69353,68962,68777,77656,76946,76399,76923,76509,66431,65679,65901,66405,65801
428,1,0,22,76832,76397,75612,75597,76242,69495,68301,68873,68505,68310,77083,76360,75835,76325,75932,65966,65238,65434,65933,65317
429,0,0,22,77397,76963,76172,76147,76814,69935,68756,69336,68961,68777,77664,76933,76412,76904,76499,66421,65677,65891,66382,65768
430,1,0,22,76807,76379,75581,75578,76234,69497,68303,68868,68491,68312,77084,76352,75827,76327,75917,65972,65227,65449,65934,65322
431,0,0,22,77376,76936,76131,76142,76799,69943,68754,69312,68950,68767,77646,76917,76384,76893,76484,66411,65666,65889,66379,65760
432,1,0,22,76800,76372,75597,75580,76228,69498,68288,68876,68484,68318,77073,76360,75835,76319,75927,65968,65235,65445,65945,65321
433,0,0,22,77378,76945,76167,76147,76815,69957,68756,69332,68939,68770,77650,76943,76410,76890,76499,66415,65676,65899,66401,65767
434,1,0,22,76806,76366,75596,75593,76242,69503,68312,68871,68479,68311,77066,76361,75827,76316,75944,65974,65247,65435,65948,65335
435,0,0,22,77382,76943,76160,76148,76810,69962,68772,69340,68942,68772,77635,76932,76394,76892,76499,66419,65686,65883,66405,65774
436,1,0,22,76824,76392,75615,75587,76221,69501,68311,68866,68493,68338,77068,76381,75815,76332,75946,65996,65243,65453,65949,65335
437,0,0,22,77412,76955,76173,76154,76787,69949,68767,69333,68953,68794,77652,76942,76393,76903,76506,66436,65689,65898,66393,65786
438,1,0,22,76805,76389,75598,75592,76223,69500,68305,68866,68491,68350,77055,76353,75820,76323,75942,65987,65237,65434,65940,65332
439,0,0,22,77396,76956,76159,76156,76795,69955,68772,69317,68950,68796,77636,76925,76398,76887,76507,66433,65672,65882,66390,65768
440,1,0,22,76799,76381,75583,75581,76208,69495,68283,68876,68443,68335,77061,76355,75805,76306,75932,65976,65223,65441,65941,65313
441,0,0,22,77394,76965,76158,76143,76787,69952,68759,69347,68927,68795,77645,76935,76398,76894,76510,66435,65684,65891,66385,65780
442,1,0,22,76814,76408,75606,75604,76235,69513,68318,68878,68518,68356,77093,76365,75850,76329,75937,66017,65254,65451,65959,65352
443,0,0,22,77375,76952,76147,76142,76800,69944,68760,69323,68949,68799,77639,76926,76405,76884,76497,66444,65692,65892,66388,65780
444,1,0,22,76806,76388,75585,75577,76203,69488,68290,68867,68484,68333,77065,76345,75828,76293,75928,65981,65225,65439,65929,65320
445,0,0,22,77394,76952,76169,76141,76793,69952,68761,69312,68952,68799,77632,76934,76404,76880,76505,66433,65681,65890,66387,65774
446,1,0,22,76816,76368,75600,75579,76203,69494,68295,68864,68497,68346,77086,76359,75829,76304,75927,65977,65227,65423,65915,65321
447,0,0,22,77396,76934,76160,76138,76781,69949,68764,69317,68953,68801,77652,76946,76416,76882,76493,66425,65671,65878,66377,65767
448,1,0,22,76826,76387,75608,75594,76212,69510,68319,68868,68496,68352,77069,76363,75837,76336,75938,66001,65241,65465,65947,65327
449,0,0,22,77394,76940,76168,76141,76787,69962,68780,69314,68952,68807,77648,76932,76409,76896,76497,66437,65681,65899,66391,65763
450,1,0,22,76823,76375,75612,75603,76224,69502,68321,68884,68489,68349,77076,76379,75841,76329,75932,65987,65246,65443,65958,65341
451,0,0,22,77396,76943,76168,76151,76790,69964,68790,69331,68940,68797,77642,76944,76418,76900,76499,66436,65696,65897,66418,65785
452,1,0,22,76809,76355,75601,75596,76213,69510,68323,68873,68485,68348,77085,76359,75829,76316,75929,65993,65241,65462,65941,65333
453,0,0,22,77392,76943,76158,76155,76795,69955,68778,69341,68944,68799,77648,76930,76404,76887,76497,66438,65676,65907,66387,65778
454,1,0,22,76809,76362,75608,75583,76200,69504,68305,68855,68475,68344,77052,76367,75819,76311,75918,65972,65229,65435,65929,65319
455,0,0,22,77398,76936,76179,76159,76790,69960,68763,69325,68950,68817,77638,76951,76408,76903,76499,66428,65686,65902,66391,65776
456,1,0,22,76829,76394,75610,75621,76243,69529,68308,68890,68511,68372,77093,76379,75836,76319,75945,66001,65265,65466,65960,65333
457,0,0,22,77403,76950,76154,76163,76801,69952,68753,69324,68959,68817,77649,76936,76394,76880,76500,66427,65691,65889,66384,65764
458,1,0,22,76817,76390,75590,75600,76230,69505,68313,68878,68506,68331,77098,76357,75819,76313,75940,65979,65229,65445,65944,65330
459,0,0,22,77392,76934,76142,76150,76799,69960,68764,69323,68977,68793,77655,76927,76392,76885,76502,66432,65681,65892,66391,65776
460,1,0,22,76813,76377,75595,75589,76231,69510,68307,68882,68506,68324,77076,76372,75814,76309,75943,65981,65233,65448,65947,65324
461,0,0,22,77396,76957,76161,76140,76810,69963,68766,69338,68957,68788,77661,76934,76403,76891,76505,66424,65685,65895,66396,65778
462,1,0,22,76804,76378,75584,75589,76211,69491,68305,68858,68493,68327,77062,76352,75822,76309,75929,65966,65215,65434,65933,65307
463,0,0,22,77368,76926,76135,76125,76767,69938,68745,69289,68936,68765,77604,76907,76376,76859,76474,66396,65642,65867,66372,65737
464,1,0,22,76796,76367,75604,75566,76184,69489,68299,68868,68485,68316,77063,76348,75808,76313,75935,65968,65235,65442,65940,65315
465,0,0,22,77398,76962,76190,76143,76783,69963,68765,69341,68960,68788,77662,76939,76406,76903,76528,66435,65694,65904,66399,65774
466,1,0,22,76821,76369,75589,75564,76217,69496,68302,68851,68482,68329,77052,76352,75835,76313,75931,65979,65242,65435,65930,65336
467,0,0,22,77420,76971,76166,76130,76815,69974,68778,69332,68963,68816,77654,76940,76422,76901,76519,66445,65701,65896,66389,65796
468,1,0,22,76816,76378,75599,75546,76227,69497,68307,68873,68493,68343,77065,76362,75822,76298,75935,65986,65247,65450,65940,65328
469,0,0,22,77408,76957,76166,76127,76817,69958,68768,69332,68976,68806,77646,76943,76408,76889,76511,66433,65693,65906,66395,65778
470,1,0,22,76807,76382,75624,75578,76210,69488,68302,68857,68474,68350,77063,76367,75823,76312,75947,65962,65231,65442,65955,65320
471,0,0,22,77387,76932,76181,76133,76776,69930,68747,69315,68940,68790,77634,76930,76392,76869,76492,66400,65676,65892,66392,65768
472,1,0,22,76830,76401,75629,75587,76235,69508,68310,68880,68504,68361,77074,76386,75835,76323,75927,65998,65246,65457,65955,65336
473,0,0,22,77384,76954,76159,76130,76799,69951,68754,69319,68963,68802,77625,76936,76402,76878,76478,66426,65671,65884,66392,65761
474,1,0,22,76812,76375,75607,75572,76218,69491,68310,68861,68496,68335,77056,76362,75823,76317,75945,65979,65233,65441,65942,65322
475,0,0,22,77388,76949,76175,76139,76783,69936,68769,69309,68963,68788,77637,76927,76385,76903,76504,66426,65675,65892,66410,65766
476,1,0,22,76810,76383,75596,75583,76185,69503,68315,68876,68500,68337,77072,76360,75824,76336,75925,65983,65241,65460,65951,65319
477,0,0,22,77380,76926,76143,76134,76765,69946,68758,69326,68944,68769,77623,76914,76393,76902,76477,66411,65662,65895,66384,65753
478,1,0,22,76825,76353,75573,75574,76182,69484,68311,68861,68502,68331,77041,76351,75821,76304,75924,65986,65204,65455,65926,65301
479,0,0,22,77419,76930,76152,76152,76773,69956,68795,69330,68972,68795,77634,76933,76421,76889,76497,66437,65666,65907,66388,65757
480,1,0,22,76815,76363,75596,75580,76197,69460,68311,68860,68472,68318,77052,76362,75833,76294,75934,65986,65229,65444,65936,65294
481,0,0,22,77405,76942,76158,76151,76784,69930,68776,69320,68956,68786,77617,76938,76418,76883,76509,66430,65677,65897,66386,65760
482,1,0,22,76823,76365,75603,75592,76215,69500,68314,68879,68485,68350,77060,76369,75830,76330,75933,65989,65238,65465,65937,65343
483,0,0,22,77393,76936,76150,76138,76773,69956,68758,69328,68942,68786,77601,76931,76404,76884,76491,66419,65673,65898,66376,65772
484,1,0,22,76830,76371,75613,75577,76229,69515,68330,68866,68498,68338,77082,76370,75848,76317,75933,66008,65241,65447,65946,65332
485,0,0,22,77422,76942,76185,76158,76809,69984,68798,69346,68975,68802,77675,76943,76429,76908,76506,66464,65703,65906,66412,65798
486,1,0,22,76820,76355,75585,75564,76207,69483,68282,68849,68471,68319,77053,76338,75812,76302,75901,65982,65215,65432,65919,65322
487,0,0,22,77417,76948,76175,76130,76802,69950,68757,69334,68961,68797,77644,76934,76426,76894,76488,66437,65672,65892,66395,65786
488,1,0,22,76822,76366,75579,75566,76202,69489,68311,68851,68481,68329,77049,76351,75834,76301,75934,65980,65236,65451,65936,65313
489,0,0,22,77403,76948,76149,76138,76783,69945,68764,69312,68947,68797,77621,76935,76407,76884,76498,66432,65673,65904,66398,65759
490,1,0,22,76814,76360,75598,75579,76198,69481,68308,68854,68471,68324,77050,76339,75832,76300,75924,65988,65224,65453,65933,65315
491,0,0,22,77387,76939,76166,76148,76787,69943,68763,69313,68939,68794,77624,76932,76424,76886,76498,66446,65674,65904,66396,65773
492,1,0,22,76807,76348,75566,75584,76192,69496,68302,68847,68477,68307,77036,76339,75828,76285,75921,65991,65231,65446,65934,65323
493,0,0,22,77402,76929,76148,76141,76774,69961,68758,69309,68936,68770,77616,76921,76396,76870,76484,66435,65667,65889,66381,65773
494,1,0,22,76828,76383,75596,75582,76206,69508,68309,68875,68493,68319,77057,76347,75838,76304,75942,65998,65226,65463,65936,65331
495,0,0,22,77404,76951,76159,76144,76791,69963,68771,69329,68955,68777,77626,76924,76420,76882,76512,66447,65660,65914,66392,65776
496,1,0,22,76827,76381,75594,75556,76204,69489,68316,68866,68498,68326,77040,76350,75842,76306,75928,65983,65229,65459,65932,65325
497,0,0,22,77422,76972,76163,76139,76795,69955,68788,69336,68967,68806,77634,76932,76431,76899,76513,66448,65692,65914,66409,65776
498,1,0,22,76811,76374,75580,75584,76189,69484,68295,68847,68484,68320,77054,76342,75839,76308,75929,65999,65232,65444,65945,65335
499,0,0,22,77389,76944,76130,76131,76765,69931,68752,69302,68941,68774,77631,76909,76408,76884,76482,66438,65665,65890,66381,65779
500,1,0,22,76807,76370,75578,75566,76201,69487,68294,68841,68463,68310,77042,76336,75814,76301,75904,65981,65212,65435,65922,65314
501,0,0,22,77409,76960,76152,76146,76790,69953,68774,69317,68938,68782,77629,76929,76414,76895,76492,66436,65677,65886,66374,65773
502,1,0,22,76821,76398,75586,75573,76205,69496,68313,68850,68491,68321,77069,76357,75831,76308,75938,65994,65220,65439,65938,65317
503,0,0,22,77417,76965,76157,76138,76786,69955,68765,69309,68956,68779,77631,76926,76417,76884,76489,66425,65665,65883,66393,65758
504,1,0,22,76804,76373,75587,75567,76214,69477,68288,68849,68490,68328,77070,76345,75832,76316,75925,65977,65225,65438,65927,65331
505,0,0,22,77385,76941,76157,76126,76801,69928,68756,69321,68949,68790,77639,76921,76412,76899,76506,66416,65662,65886,66388,65779
506,1,0,22,76809,76364,75587,75552,76211,69483,68298,68846,68469,68331,77049,76338,75823,76306,75930,65956,65212,65425,65936,65318
507,0,0,22,77402,76951,76145,76130,76791,69948,68763,69307,68931,68801,77631,76927,76416,76897,76500,66409,65667,65890,66392,65780
508,1,0,22,76806,76377,75583,75573,76206,69486,68302,68837,68472,68313,77073,76330,75834,76315,75928,65975,65225,65447,65943,65320
509,0,0,22,77377,76931,76135,76131,76772,69933,68751,69304,68920,68774,77632,76905,76397,76878,76485,66419,65669,65886,66388,65763
510,1,0,22,76838,76402,75603,75587,76225,69496,68318,68870,68499,68330,77078,76364,75828,76331,75938,66009,65234,65445,65952,65346
511,0,0,22,77412,76952,76152,76135,76778,69951,68765,69314,68960,68783,77646,76926,76388,76901,76490,66438,65671,65889,66380,65777
512,1,0,22,76829,76393,75595,75587,76226,69499,68298,68859,68509,68320,77072,76360,75822,76325,75951,66005,65236,65455,65939,65356
513,0,0,22,77406,76952,76155,76149,76800,69942,68758,69312,68965,68782,77642,76929,76405,76894,76501,66446,65685,65892,66379,65798
514,1,0,22,76805,76356,75581,75576,76198,69469,68280,68834,68470,68290,77040,76338,75808,76295,75908,65983,65221,65438,65927,65304
515,0,0,22,77413,76951,76163,76153,76787,69943,68761,69315,68946,68764,77646,76950,76401,76894,76501,66442,65681,65897,66400,65768
516,1,0,22,76812,76389,75607,75592,76218,69511,68313,68852,68489,68342,77069,76359,75840,76337,75941,65994,65236,65447,65944,65346
517,0,0,22,77383,76939,76164,76136,76779,69948,68761,69304,68937,68784,77627,76925,76395,76893,76493,66438,65677,65895,66386,65778
518,1,0,22,76817,76386,75602,75584,76201,69487,68307,68864,68474,68336,77063,76351,75828,76314,75953,65986,65254,65450,65928,65337
519,0,0,22,77387,76954,76158,76138,76783,69948,68760,69326,68952,68797,77629,76923,76405,76897,76510,66432,65694,65891,66376,65783
520,1,0,22,76806,76377,75579,75555,76210,69483,68301,68855,68492,68336,77067,76333,75833,76317,75936,65981,65235,65434,65938,65340
521,0,0,22,77378,76950,76155,76120,76775,69940,68757,69315,68953,68786,77626,76917,76409,76907,76514,66422,65693,65880,66382,65782
522,1,0,22,76824,76379,75601,75579,76198,69503,68301,68878,68482,68326,77055,76347,75838,76332,75941,65983,65246,65438,65930,65333
523,0,0,22,77399,76948,76168,76141,76765,69946,68758,69329,68940,68787,77620,76922,76412,76908,76502,66420,65686,65891,66387,65781
524,1,0,22,76803,76356,75587,75568,76205,69487,68289,68831,68468,68326,77039,76327,75801,76303,75946,65978,65222,65432,65918,65318
525,0,0,22,77395,76939,76165,76140,76780,69947,68756,69313,68940,68787,77638,76917,76396,76888,76515,66421,65682,65899,66387,65776
526,1,0,22,76799,76350,75582,75567,76204,69468,68284,68846,68482,68320,77057,76325,75801,76308,75922,65979,65212,65413,65930,65308
527,0,0,22,77403,76935,76155,76135,76788,69942,68754,69308,68942,68800,77640,76914,76391,76903,76492,66427,65668,65868,66376,65769
528,1,0,22,76820,76348,75594,75549,76224,69492,68308,68849,68476,68322,77063,76326,75828,76296,75948,65975,65224,65429,65926,65317
529,0,0,22,77398,76924,76158,76114,76794,69940,68779,69308,68926,68785,77638,76905,76402,76872,76502,66411,65673,65874,66383,65772
530,1,0,22,76812,76360,75582,75575,76221,69483,68298,68865,68483,68331,77043,76346,75816,76315,75933,66000,65256,65440,65935,65324
531,0,0,22,77396,76930,76135,76128,76790,69930,68750,69311,68934,68783,77621,76909,76392,76880,76483,66435,65688,65884,66370,65772
532,1,0,22,76814,76370,75572,75556,76191,69483,68295,68857,68460,68313,77048,76334,75808,76311,75940,65972,65224,65435,65917,65307
533,0,0,22,77385,76935,76146,76114,76768,69935,68756,69312,68928,68779,77626,76914,76386,76888,76505,66425,65674,65880,66367,65764
534,1,0,22,76805,76378,75591,75578,76199,69502,68301,68870,68495,68324,77054,76347,75821,76313,75948,65980,65248,65455,65923,65320
535,0,0,22,77383,76932,76140,76127,76772,69958,68766,69325,68950,68784,77625,76907,76398,76885,76498,66428,65680,65906,66370,65758
536,1,0,22,76822,76378,75596,75568,76216,69506,68306,68878,68491,68330,77043,76342,75824,76317,75927,65981,65239,65448,65943,65318
537,0,0,22,77393,76940,76145,76118,76793,69960,68759,69329,68944,68790,77621,76911,76403,76888,76487,66426,65678,65905,66395,65762
538,1,0,22,76811,76381,75612,75595,76212,69516,68316,68868,68494,68339,77079,76355,75831,76341,75948,66011,65251,65458,65939,65330
539,0,0,22,77397,76951,76173,76152,76789,69976,68774,69324,68947,68789,77644,76913,76410,76904,76504,66448,65685,65900,66393,65764
540,1,0,22,76807,76353,75588,75563,76209,69489,68302,68854,68481,68327,77060,76332,75827,76318,75940,65981,65235,65444,65923,65319
541,0,0,22,77392,76928,76161,76141,76780,69944,68768,69318,68949,68791,77626,76918,76408,76896,76517,66437,65678,65907,66379,65779
542,1,0,22,76816,76361,75606,75587,76198,69513,68328,68873,68476,68330,77036,76358,75843,76314,75941,65998,65228,65452,65940,65326
543,0,0,22,77414,76938,76175,76147,76786,69970,68779,69326,68940,68800,77621,76921,76422,76894,76505,66452,65673,65895,66383,65779
544,1,0,22,76806,76387,75594,75590,76216,69511,68306,68867,68490,68329,77064,76354,75834,76323,75962,65984,65247,65452,65934,65324
545,0,0,22,77370,76929,76147,76143,76783,69949,68757,69304,68940,68781,77600,76914,76382,76883,76505,66415,65665,65886,66371,65763
546,1,0,22,76808,76357,75571,75580,76220,69501,68296,68862,68477,68337,77058,76337,75821,76315,75946,65973,65232,65449,65935,65323
547,0,0,22,77413,76940,76160,76142,76796,69961,68767,69325,68946,68797,77638,76920,76412,76899,76513,66434,65688,65905,66398,65776
548,1,0,22,76816,76366,75591,75581,76218,69509,68318,68856,68489,68314,77059,76338,75848,76327,75928,65983,65242,65446,65932,65332
549,0,0,22,77395,76937,76135,76143,76794,69968,68762,69322,68941,68767,77610,76919,76421,76896,76495,66430,65671,65895,66379,65771
550,1,0,22,76815,76366,75611,75575,76220,69501,68314,68843,68513,68324,77060,76351,75833,76320,75928,65994,65235,65451,65938,65309
551,0,0,22,77397,76935,76179,76140,76796,69957,68770,69313,68978,68788,77626,76921,76423,76887,76488,66441,65684,65900,66390,65763
552,1,0,22,76820,76352,75622,75565,76237,69515,68305,68870,68505,68333,77056,76362,75838,76319,75949,65996,65236,65441,65929,65304
553,0,0,22,77402,76927,76172,76115,76794,69969,68758,69319,68958,68776,77616,76934,76417,76900,76508,66449,65679,65883,66386,65765
554,1,0,22,76820,76367,75615,75580,76228,69517,68308,68875,68509,68344,77057,76368,75835,76304,75943,65996,65239,65456,65931,65328
555,0,0,22,77422,76940,76185,76139,76806,69976,68767,69339,68956,68802,77631,76945,76427,76891,76516,66446,65687,65904,66395,65781
556,1,0,22,76830,76373,75615,75559,76216,69516,68314,68853,68491,68327,77063,76370,75844,76317,75933,65995,65223,65441,65925,65320
557,0,0,22,77410,76943,76188,76127,76797,69975,68773,69314,68946,68801,77637,76941,76430,76881,76501,66447,65668,65896,66386,65776
558,1,0,22,76817,76363,75610,75554,76213,69508,68310,68847,68487,68329,77065,76367,75824,76317,75939,65996,65237,65443,65932,65307
559,0,0,22,77385,76927,76163,76116,76776,69964,68758,69300,68935,68780,77627,76916,76398,76879,76499,66432,65664,65878,66376,65764
560,1,0,22,76812,76358,75612,75569,76213,69498,68293,68828,68465,68316,77036,76347,75827,76297,75926,65974,65220,65424,65906,65311
561,0,0,22,77380,76923,76162,76124,76779,69954,68743,69282,68914,68764,77601,76923,76392,76876,76495,66422,65662,65879,66362,65756
562,1,0,22,76826,76356,75615,75575,76209,69512,68306,68864,68475,68322,77059,76352,75839,76302,75940,65983,65232,65441,65931,65319
563,0,0,22,77405,76911,76167,76126,76783,69968,68753,69314,68936,68775,77628,76926,76406,76866,76494,66431,65677,65881,66377,65766
564,1,0,22,76837,76359,75603,75557,76216,69503,68300,68862,68479,68340,77048,76361,75833,76295,75934,65982,65235,65436,65939,65315
565,0,0,22,77394,76931,76157,76115,76784,69946,68765,69315,68936,68792,77612,76929,76411,76858,76495,66418,65674,65879,66384,65756
566,1,0,22,76829,76377,75607,75581,76223,69509,68311,68864,68475,68340,77070,76360,75842,76327,75948,66001,65239,65449,65937,65327
567,0,0,22,77406,76942,76180,76143,76794,69963,68762,69320,68945,68789,77650,76931,76403,76889,76498,66443,65676,65904,66382,65765
568,1,0,22,76786,76349,75591,75573,76195,69501,68280,68834,68476,68323,77045,76337,75837,76297,75922,65962,65226,65420,65924,65307
569,0,0,22,77373,76912,76146,76130,76763,69939,68736,69306,68932,68779,77613,76906,76423,76864,76503,66405,65665,65872,66362,65749
570,1,0,22,76791,76345,75592,75550,76199,69475,68279,68837,68471,68308,77038,76352,75816,76291,75935,65953,65211,65438,65924,65308
571,0,0,22,77370,76929,76165,76111,76773,69937,68737,69289,68939,68766,77613,76928,76398,76863,76499,66406,65665,65891,66364,65750
572,1,0,22,76810,76361,75572,75543,76200,69479,68282,68851,68467,68327,77035,76337,75831,76298,75928,65969,65223,65439,65915,65314
573,0,0,22,77388,76933,76148,76118,76783,69945,68746,69311,68941,68792,77619,76920,76411,76888,76506,66417,65675,65888,66374,65768
574,1,0,22,76805,76361,75584,75572,76207,69502,68293,68854,68467,68326,77049,76342,75818,76295,75936,65971,65216,65437,65918,65322
575,0,0,22,77384,76920,76141,76126,76780,69945,68750,69301,68937,68776,77636,76924,76404,76871,76511,66410,65664,65881,66360,65759
576,1,0,22,76835,76383,75612,75574,76221,69497,68309,68864,68503,68326,77072,76354,75815,76302,75948,65984,65231,65430,65922,65324
577,0,0,22,77422,76948,76176,76149,76794,69962,68767,69312,68969,68792,77658,76932,76408,76883,76512,66439,65682,65888,66386,65768
578,1,0,22,76831,76371,75609,75583,76226,69524,68315,68861,68499,68338,77069,76367,75814,76308,75950,66002,65248,65461,65936,65340
579,0,0,22,77422,76947,76179,76157,76809,69985,68790,69328,68976,68817,77642,76947,76398,76896,76528,66459,65704,65919,66405,65796
580,1,0,22,76841,76391,75592,75569,76227,69497,68321,68860,68494,68347,77076,76367,75823,76307,75960,65990,65227,65447,65947,65343
581,0,0,22,77418,76964,76154,76132,76789,69953,68771,69307,68951,68795,77634,76938,76394,76878,76520,66425,65661,65887,66391,65780
582,1,0,22,76829,76380,75618,75583,76198,69521,68324,68867,68487,68337,77050,76366,75832,76299,75949,65992,65253,65448,65938,65342
583,0,0,22,77425,76955,76186,76157,76781,69979,68792,69317,68954,68802,77648,76944,76411,76873,76524,66435,65706,65897,66401,65790
584,1,0,22,76834,76378,75621,75576,76209,69523,68316,68843,68481,68335,77057,76357,75826,76296,75951,65981,65250,65450,65945,65334
585,0,0,22,77417,76953,76185,76131,76778,69988,68767,69313,68931,68796,77642,76926,76388,76875,76523,66426,65701,65891,66396,65779
586,1,0,22,76817,76384,75583,75556,76187,69505,68298,68853,68473,68314,77061,76344,75824,76298,75938,65974,65219,65433,65925,65307
587,0,0,22,77410,76965,76161,76125,76777,69966,68770,69329,68957,68780,77649,76941,76406,76887,76514,66426,65687,65883,66386,65767
588,1,0,22,76838,76395,75622,75595,76216,69533,68335,68888,68490,68346,77081,76365,75842,76328,75966,65990,65249,65465,65960,65327
589,0,0,22,77401,76943,76165,76129,76788,69985,68781,69321,68946,68802,77638,76922,76402,76888,76517,66431,65687,65889,66385,65770
590,1,0,22,76811,76373,75607,75562,76210,69510,68318,68848,68486,68326,77072,76356,75847,76319,75964,65982,65239,65443,65944,65332
591,0,0,22,77400,76952,76166,76134,76804,69963,68781,69312,68941,68799,77653,76942,76421,76907,76532,66431,65690,65889,66396,65780
592,1,0,22,76840,76392,75604,75595,76221,69498,68315,68872,68513,68347,77085,76377,75843,76319,75956,65989,65246,65456,65946,65341
593,0,0,22,77407,76955,76153,76145,76774,69951,68758,69306,68947,68784,77636,76930,76399,76878,76510,66412,65674,65888,66365,65771
594,1,0,22,76817,76358,75596,75569,76211,69504,68299,68836,68482,68313,77068,76345,75827,76301,75947,65979,65232,65439,65948,65329
595,0,0,22,77402,76944,76174,76145,76785,69969,68772,69312,68951,68775,77642,76937,76412,76880,76526,66435,65670,65893,66400,65796
596,1,0,22,76824,76389,75604,75574,76188,69505,68315,68851,68478,68328,77064,76343,75845,76309,75935,65975,65221,65436,65948,65320
597,0,0,22,77410,76956,76176,76137,76767,69971,68771,69309,68935,68797,77648,76916,76422,76888,76498,66429,65676,65887,66408,65774
598,1,0,22,76813,76370,75605,75579,76199,69507,68288,68857,68472,68334,77076,76352,75831,76311,75940,65970,65236,65444,65934,65341
599,0,0,22,77407,76942,76163,76143,76779,69959,68756,69320,68940,68802,77655,76935,76429,76879,76504,66425,65679,65890,66394,65800
600,1,0,22,76797,76368,75603,75569,76181,69503,68311,68856,68495,68327,77063,76350,75836,76304,75941,66007,65227,65433,65948,65343
601,0,0,22,77407,76960,76180,76151,76775,69980,68781,69334,68967,68808,77658,76940,76430,76891,76526,66465,65688,65888,66412,65792
602,1,0,22,76811,76374,75595,75573,76207,69507,68314,68875,68492,68319,77046,76362,75842,76292,75938,65984,65231,65429,65943,65334
603,0,0,22,77381,76933,76152,76138,76780,69960,68763,69328,68947,68778,77627,76941,76413,76870,76510,66431,65679,65885,66394,65774
604,1,0,22,76819,76386,75603,75588,76198,69499,68329,68870,68488,68340,77078,76363,75843,76304,75962,66003,65254,65435,65957,65335
605,0,0,22,77423,76959,76186,76166,76784,69965,68805,69343,68952,68816,77656,76961,76429,76894,76533,66466,65713,65901,66410,65805
606,1,0,22,76810,76351,75581,75564,76177,69492,68310,68847,68492,68318,77057,76329,75833,76287,75909,65966,65216,65415,65922,65316
607,0,0,22,77396,76931,76153,76130,76779,69959,68782,69317,68940,68788,77645,76906,76420,76870,76497,66416,65682,65872,66393,65778
608,1,0,22,76807,76356,75605,75579,76200,69506,68315,68854,68486,68338,77085,76343,75841,76291,75930,65975,65209,65419,65920,65323
609,0,0,22,77368,76912,76151,76130,76760,69940,68765,69308,68933,68789,77644,76917,76400,76857,76492,66404,65658,65862,66364,65766
610,1,0,22,76852,76385,75624,75602,76230,69524,68335,68871,68523,68350,77098,76385,75867,76337,75958,65980,65247,65453,65945,65351
611,0,0,22,77423,76957,76181,76162,76799,69990,68778,69324,68975,68801,77670,76958,76438,76909,76528,66434,65697,65891,66386,65797
612,1,0,22,76822,76365,75607,75596,76196,69512,68310,68865,68502,68329,77073,76341,75832,76299,75945,65979,65205,65452,65939,65327
613,0,0,22,77394,76930,76164,76154,76779,69963,68764,69327,68957,68785,77634,76921,76402,76883,76505,66421,65652,65892,66384,65780
614,1,0,22,76833,76387,75611,75611,76217,69544,68329,68875,68514,68370,77089,76372,75847,76323,75953,65996,65251,65469,65972,65355
615,0,0,22,77407,76941,76157,76154,76779,69990,68789,69326,68965,68812,77650,76920,76430,76889,76510,66428,65683,65913,66402,65795
616,1,0,22,76832,76372,75631,75597,76217,69532,68320,68882,68504,68331,77087,76364,75842,76310,75954,65996,65241,65465,65953,65364
617,0,0,22,77417,76963,76195,76163,76801,69988,68779,69349,68975,68797,77665,76941,76424,76885,76517,66449,65697,65912,66400,65804
618,1,0,22,76823,76371,75603,75591,76208,69521,68318,68865,68498,68338,77065,76367,75845,76311,75934,65982,65240,65452,65935,65352
619,0,0,22,77398,76934,76191,76147,76787,69963,68769,69312,68948,68774,77632,76934,76423,76876,76509,66422,65687,65902,66380,65792
620,1,0,22,76809,76373,75605,75600,76185,69492,68301,68861,68480,68338,77063,76342,75837,76301,75941,65977,65241,65443,65937,65317
621,0,0,22,77416,76957,76188,76164,76791,69964,68776,69325,68960,68810,77639,76931,76435,76892,76537,66441,65700,65902,66402,65789
622,1,0,22,76835,76387,75627,75604,76231,69518,68326,68868,68500,68350,77073,76370,75858,76337,75965,65983,65255,65466,65966,65337
623,0,0,22,77402,76958,76179,76157,76801,69964,68773,69321,68950,68791,77629,76934,76419,76898,76516,66421,65692,65909,66407,65781
624,1,0,22,76835,76393,75621,75599,76227,69515,68314,68869,68499,68334,77085,76373,75838,76326,75948,66007,65253,65461,65959,65345
625,0,0,22,77411,76939,76178,76146,76785,69959,68765,69321,68944,68782,77646,76927,76407,76889,76511,66448,65683,65891,66407,65786
626,1,0,22,76831,76384,75612,75596,76217,69512,68318,68873,68514,68341,77067,76373,75834,76322,75947,66017,65245,65456,65953,65345
627,0,0,22,77416,76968,76181,76153,76802,69975,68780,69336,68977,68804,77640,76959,76429,76896,76525,66464,65698,65899,66411,65799
628,1,0,22,76815,76373,75602,75584,76208,69509,68308,68851,68497,68333,77067,76363,75822,76312,75939,65992,65230,65434,65955,65327
629,0,0,22,77392,76941,76159,76124,76773,69936,68745,69298,68947,68788,77640,76925,76384,76874,76503,66427,65679,65880,66404,65768
630,1,0,22,76814,76391,75604,75585,76216,69498,68294,68852,68492,68330,77091,76354,75833,76302,75947,65985,65221,65437,65936,65334
631,0,0,22,77387,76958,76168,76146,76795,69970,68765,69316,68956,68793,77653,76919,76410,76879,76507,66438,65676,65892,66396,65778
632,1,0,22,76817,76358,75600,75559,76216,69481,68282,68846,68500,68323,77063,76354,75819,76288,75936,65976,65220,65422,65923,65298
633,0,0,22,77408,76953,76178,76130,76799,69960,68754,69315,68964,68795,77657,76952,76424,76882,76516,66443,65692,65889,66384,65778
634,1,0,22,76829,76393,75621,75577,76200,69511,68311,68868,68505,68344,77067,76360,75840,76307,75953,65975,65249,65455,65945,65341
635,0,0,22,77404,76934,76176,76135,76765,69965,68764,69316,68956,68801,77630,76936,76413,76877,76514,66414,65694,65912,66397,65779
636,1,0,22,76835,76398,75600,75592,76207,69487,68304,68855,68501,68356,77065,76359,75824,76318,75946,65989,65248,65454,65950,65327
637,0,0,22,77412,76957,76165,76147,76769,69951,68762,69312,68950,68812,77631,76927,76401,76888,76516,66436,65687,65889,66394,65774
638,1,0,22,76815,76386,75599,75572,76209,69502,68297,68845,68484,68317,77064,76353,75821,76301,75941,65973,65235,65453,65946,65317
639,0,0,22,77397,76959,76160,76133,76781,69953,68754,69312,68957,68789,77637,76931,76408,76881,76510,66436,65688,65910,66417,65772
640,1,0,22,76803,76373,75591,75573,76192,69492,68288,68859,68483,68315,77047,76336,75802,76302,75932,65969,65215,65439,65934,65320
641,0,0,22,77407,76945,76184,76136,76786,69960,68761,69328,68969,68792,77639,76928,76400,76896,76523,66422,65683,65891,66402,65781
642,1,0,22,76814,76379,75597,75573,76201,69507,68300,68863,68489,68327,77060,76364,75833,76307,75941,65972,65233,65446,65947,65338
643,0,0,22,77392,76951,76168,76140,76783,69961,68758,69319,68960,68787,77639,76949,76411,76891,76507,66427,65670,65900,66394,65789
644,1,0,22,76795,76359,75590,75576,76184,69485,68289,68855,68491,68313,77045,76347,75823,76286,75925,65960,65230,65436,65937,65325
645,0,0,22,77384,76932,76161,76123,76784,69965,68757,69322,68967,68788,77623,76935,76393,76881,76498,66403,65682,65892,66389,65781
646,1,0,22,76809,76375,75597,75577,76186,69503,68296,68857,68476,68331,77056,76346,75815,76290,75918,65964,65218,65443,65932,65334
647,0,0,22,77406,76956,76168,76146,76761,69969,68765,69322,68951,68795,77633,76921,76416,76879,76494,66425,65675,65908,66392,65787
648,1,0,22,76816,76364,75594,75574,76195,69518,68304,68855,68505,68327,77044,76361,75833,76304,75943,65967,65242,65456,65947,65322
649,0,0,22,77382,76940,76152,76135,76775,69968,68761,69314,68955,68798,77611,76937,76399,76874,76510,66412,65688,65893,66386,65767
650,1,0,22,76828,76373,75591,75566,76204,69509,68300,68858,68486,68328,77056,76344,75832,76293,75937,65979,65241,65446,65925,65326
651,0,0,22,77397,76928,76153,76124,76777,69974,68758,69312,68928,68780,77618,76916,76401,76871,76503,66411,65672,65881,66367,65767
652,1,0,22,76825,76369,75615,75567,76214,69505,68289,68861,68502,68340,77050,76364,75843,76314,75952,65973,65237,65447,65935,65329
653,0,0,22,77398,76942,76173,76135,76785,69961,68753,69317,68963,68808,77620,76939,76418,76879,76512,66413,65675,65899,66378,65778
654,1,0,22,76822,76371,75607,75580,76209,69512,68291,68863,68505,68347,77063,76366,75833,76293,75920,65974,65240,65459,65949,65338
655,0,0,22,77417,76956,76185,76159,76808,69988,68752,69333,68986,68816,77646,76951,76426,76886,76509,66427,65710,65924,66416,65798
656,1,0,22,76835,76377,75609,75585,76203,69510,68309,68867,68499,68326,77073,76363,75829,76311,75942,65976,65242,65450,65947,65333
657,0,0,22,77404,76954,76173,76141,76788,69979,68773,69322,68965,68809,77652,76935,76420,76892,76504,66424,65695,65913,66396,65796
658,1,0,22,76807,76365,75617,75583,76220,69509,68313,68876,68497,68315,77051,76354,75832,76309,75925,65979,65255,65463,65953,65338
659,0,0,22,77389,76943,76183,76149,76810,69968,68784,69339,68960,68783,77621,76936,76416,76892,76507,66425,65705,65911,66421,65788
660,1,0,22,76804,76388,75624,75585,76214,69517,68331,68875,68508,68336,77063,76367,75839,76325,75927,65988,65245,65460,65948,65340
661,0,0,22,77392,76955,76186,76157,76799,69974,68784,69339,68968,68799,77642,76949,76425,76896,76498,66439,65702,65911,66403,65798
662,1,0,22,76809,76373,75623,75573,76214,69509,68327,68882,68502,68336,77059,76362,75823,76301,75924,65974,65224,65453,65953,65335
663,0,0,22,77390,76944,76196,76148,76790,69964,68783,69332,68963,68793,77631,76937,76400,76883,76492,66433,65673,65911,66401,65788
664,1,0,22,76832,76356,75613,75582,76210,69506,68323,68870,68511,68331,77049,76366,75848,76317,75939,65982,65254,65466,65963,65336
665,0,0,22,77432,76932,76184,76150,76806,69979,68801,69338,68990,68813,77641,76945,76445,76908,76524,66437,65715,65934,66422,65796
666,1,0,22,76830,76393,75627,75596,76207,69516,68327,68868,68527,68340,77069,76367,75844,76314,75952,65981,65237,65472,65957,65328
667,0,0,22,77403,76952,76176,76142,76780,69965,68776,69329,68982,68802,77646,76940,76422,76888,76501,66423,65687,65906,66402,65774
668,1,0,22,76816,76387,75630,75593,76219,69502,68330,68891,68501,68348,77076,76361,75846,76313,75938,66007,65254,65471,65949,65341
669,0,0,22,77398,76956,76179,76145,76785,69950,68773,69341,68956,68800,77639,76923,76414,76886,76500,66437,65696,65914,66396,65777
670,1,0,22,76813,76374,75607,75572,76197,69496,68312,68866,68496,68338,77058,76340,75841,76303,75931,65975,65242,65448,65935,65323
671,0,0,22,77387,76935,76167,76139,76770,69948,68763,69321,68956,68790,77630,76914,76415,76878,76481,66410,65671,65901,66379,65762
672,1,0,22,76825,76378,75603,75582,76201,69494,68314,68872,68505,68336,77067,76343,75836,76316,75921,65978,65250,65457,65934,65338
673,0,0,22,77407,76954,76176,76150,76784,69961,68781,69333,68965,68802,77648,76923,76424,76901,76502,66426,65687,65920,66386,65789
674,1,0,22,76822,76376,75606,75602,76221,69506,68327,68882,68493,68334,77067,76345,75838,76310,75932,65996,65250,65457,65938,65335
675,0,0,22,77403,76937,76162,76137,76788,69953,68775,69331,68955,68788,77632,76911,76424,76891,76489,66428,65684,65900,66405,65787
676,1,0,22,76815,76358,75604,75578,76208,69497,68312,68859,68494,68326,77044,76346,75826,76298,75918,65984,65218,65434,65938,65330
677,0,0,22,77414,76942,76182,76158,76786,69966,68782,69335,68975,68796,77628,76948,76423,76895,76494,66439,65684,65895,66399,65794
678,1,0,22,76845,76370,75607,75603,76216,69508,68328,68873,68509,68333,77061,76363,75837,76319,75928,65992,65245,65458,65949,65338
679,0,0,22,77420,76932,76164,76156,76792,69967,68783,69327,68969,68788,77637,76926,76412,76905,76488,66432,65694,65905,66401,65793
680,1,0,22,76827,76366,75587,75596,76206,69501,68323,68858,68495,68346,77068,76367,75832,76322,75930,66010,65261,65448,65939,65329
681,0,0,22,77409,76942,76157,76156,76781,69962,68795,69325,68958,68825,77636,76944,76419,76905,76500,66469,65706,65905,66394,65788
682,1,0,22,76815,76389,75602,75589,76223,69507,68333,68867,68502,68355,77068,76377,75839,76314,75929,65996,65246,65461,65929,65331
683,0,0,22,77407,76982,76177,76158,76805,69967,68800,69330,68970,68822,77645,76957,76424,76900,76512,66448,65705,65912,66389,65800
684,1,0,22,76811,76382,75589,75589,76208,69509,68313,68863,68499,68316,77070,76351,75820,76314,75937,65990,65232,65446,65929,65329
685,0,0,22,77407,76956,76154,76161,76786,69963,68788,69318,68978,68785,77642,76922,76414,76895,76507,66448,65682,65895,66389,65792
686,1,0,22,76813,76376,75611,75571,76209,69504,68316,68855,68485,68320,77071,76367,75826,76336,75932,65999,65231,65455,65927,65346
687,0,0,22,77412,76971,76180,76153,76788,69962,68789,69331,68962,68789,77651,76957,76406,76911,76510,66463,65690,65910,66392,65815
688,1,0,22,76814,76376,75611,75554,76201,69496,68296,68867,68486,68318,77085,76363,75816,76304,75919,65975,65254,65440,65927,65334
689,0,0,22,77388,76960,76162,76125,76777,69958,68764,69328,68952,68785,77650,76943,76382,76888,76503,66424,65707,65905,66379,65791
690,1,0,22,76814,76371,75599,75588,76197,69507,68304,68865,68498,68325,77067,76351,75827,76323,75936,65990,65241,65454,65922,65323
691,0,0,22,77399,76935,76165,76140,76776,69945,68754,69305,68958,68780,77626,76921,76399,76887,76492,66428,65688,65896,66366,65770
692,1,0,22,76830,76386,75608,75595,76197,69498,68312,68871,68485,68315,77071,76344,75824,76321,75931,66002,65232,65443,65935,65322
693,0,0,22,77402,76943,76169,76153,76781,69952,68763,69313,68958,68777,77634,76912,76392,76894,76493,66447,65680,65893,66375,65779
694,1,0,22,76807,76388,75606,75585,76198,69493,68292,68862,68485,68336,77054,76341,75841,76301,75928,65982,65231,65462,65917,65329
695,0,0,22,77386,76943,76148,76133,76764,69952,68749,69312,68951,68777,77626,76903,76387,76865,76491,66430,65675,65903,66362,65773
696,1,0,22,76812,76389,75606,75575,76180,69483,68307,68867,68480,68326,77062,76340,75813,76296,75928,65982,65226,65452,65922,65318
697,0,0,22,77403,76966,76168,76136,76756,69950,68769,69321,68943,68791,77637,76915,76403,76877,76498,66434,65667,65900,66391,65777
698,1,0,22,76814,76401,75602,75578,76200,69501,68287,68853,68499,68338,77073,76351,75828,76313,75928,65988,65231,65446,65927,65325
699,0,0,22,77394,76968,76171,76140,76774,69963,68759,69318,68960,68800,77639,76928,76408,76886,76494,66436,65682,65903,66379,65779
700,1,0,22,76808,76382,75607,75586,76222,69492,68292,68869,68486,68339,77067,76351,75834,76316,75928,66007,65232,65466,65935,65337
701,0,0,22,77390,76958,76163,76156,76788,69953,68757,69323,68945,68788,77645,76922,76410,76898,76508,66450,65671,65909,66387,65792
702,1,0,22,76806,76395,75600,75571,76200,69493,68305,68864,68473,68336,77061,76345,75824,76297,75948,65991,65229,65441,65915,65322
703,0,0,22,77389,76976,76189,76152,76776,69956,68764,69335,68934,68795,77646,76934,76400,76887,76520,66443,65683,65905,66377,65790
704,1,0,22,76815,76396,75598,75577,76196,69488,68296,68864,68479,68338,77073,76353,75829,76321,75937,65987,65227,65455,65935,65336
705,0,0,22,77390,76962,76171,76136,76761,69942,68755,69316,68947,68801,77643,76928,76410,76899,76501,66441,65675,65902,66394,65775
706,1,0,22,76794,76364,75587,75557,76186,69482,68291,68845,68489,68319,77062,76346,75829,76301,75936,65970,65211,65449,65918,65315
707,0,0,22,77368,76930,76146,76109,76759,69936,68746,69289,68937,68768,77622,76911,76403,76874,76490,66404,65653,65893,66365,65746
708,1,0,22,76809,76361,75600,75569,76189,69483,68297,68867,68487,68320,77072,76350,75834,76304,75932,65984,65218,65455,65923,65319
709,0,0,22,77388,76945,76164,76126,76751,69938,68746,69311,68943,68773,77638,76929,76408,76870,76494,66424,65661,65906,66376,65777
710,1,0,22,76809,76378,75609,75584,76200,69505,68308,68864,68487,68341,77084,76364,75816,76311,75951,65996,65236,65452,65944,65338
711,0,0,22,77379,76928,76153,76118,76767,69949,68747,69300,68936,68789,77644,76924,76391,76873,76506,66419,65675,65899,66380,65751
712,1,0,22,76813,76366,75609,75583,76179,69496,68295,68849,68501,68316,77069,76331,75817,76292,75913,65963,65231,65440,65928,65329
713,0,0,22,77391,76934,76163,76147,76751,69941,68748,69300,68955,68781,77644,76909,76385,76864,76490,66412,65664,65878,66382,65776
714,1,0,22,76808,76381,75601,75574,76189,69483,68302,68868,68487,68321,77059,76351,75821,76291,75929,65973,65228,65437,65915,65326
715,0,0,22,77386,76951,76155,76127,76762,69940,68757,69312,68940,68778,77621,76912,76401,76871,76493,66415,65665,65887,66362,65772
716,1,0,22,76815,76385,75599,75580,76194,69500,68314,68866,68497,68334,77076,76365,75826,76319,75947,65993,65236,65445,65938,65317
717,0,0,22,77376,76929,76141,76118,76741,69921,68741,69294,68930,68771,77619,76920,76397,76871,76496,66415,65652,65869,66378,65742
718,1,0,22,76789,76381,75613,75578,76200,69473,68300,68854,68478,68319,77064,76343,75824,76296,75930,65968,65219,65429,65942,65323
719,0,0,22,77388,76940,76187,76144,76781,69935,68771,69317,68949,68786,77643,76920,76416,76886,76502,66425,65674,65896,66394,65784
720,1,0,22,76801,76367,75610,75582,76189,69490,68308,68835,68493,68320,77052,76359,75820,76287,75917,65966,65225,65432,65922,65318
721,0,0,22,77384,76955,76179,76141,76779,69942,68777,69308,68960,68780,77631,76931,76412,76877,76496,66425,65688,65883,66367,65773
722,1,0,22,76795,76363,75595,75570,76171,69497,68301,68863,68477,68309,77054,76333,75826,76292,75913,65980,65232,65435,65933,65314
723,0,0,22,77382,76946,76147,76132,76748,69940,68767,69309,68948,68778,77624,76916,76396,76860,76487,66429,65679,65883,66378,65768
724,1,0,22,76824,76382,75599,75565,76189,69492,68300,68853,68487,68325,77040,76355,75816,76306,75913,65989,65236,65432,65933,65328
725,0,0,22,77398,76947,76165,76117,76760,69940,68761,69310,68951,68783,77605,76931,76392,76881,76468,66424,65676,65881,66388,65788
726,1,0,22,76822,76383,75613,75572,76202,69512,68320,68874,68494,68328,77058,76361,75847,76311,75926,65997,65248,65441,65927,65328
727,0,0,22,77411,76958,76200,76147,76792,69972,68784,69340,68954,68800,77631,76948,76432,76900,76493,66445,65694,65900,66387,65779
728,1,0,22,76811,76363,75597,75569,76202,69500,68298,68877,68486,68325,77058,76360,75826,76306,75936,65990,65237,65437,65928,65328
729,0,0,22,77391,76933,76166,76122,76770,69954,68747,69321,68939,68784,77621,76924,76391,76873,76485,66425,65679,65879,66370,65763
730,1,0,22,76820,76353,75608,75572,76196,69509,68316,68887,68493,68322,77051,76361,75832,76302,75926,66000,65225,65429,65936,65308
731,0,0,22,77385,76922,76164,76132,76766,69953,68759,69327,68940,68776,77619,76919,76397,76865,76477,66427,65670,65868,66365,65745
732,1,0,22,76810,76368,75616,75575,76197,69498,68321,68865,68493,68338,77073,76353,75833,76304,75936,65987,65233,65451,65949,65323
733,0,0,22,77384,76941,76178,76126,76775,69956,68768,69324,68945,68793,77639,76927,76418,76884,76488,66425,65673,65881,66395,65773
734,1,0,22,76818,76384,75602,75562,76210,69499,68314,68861,68473,68331,77067,76358,75830,76312,75944,65977,65219,65421,65930,65322
735,0,0,22,77371,76941,76158,76115,76763,69947,68752,69314,68921,68778,77613,76908,76400,76874,76493,66412,65657,65854,66375,65757
736,1,0,22,76816,76387,75612,75574,76215,69506,68327,68875,68500,68342,77075,76359,75839,76315,75939,65995,65230,65437,65948,65322
737,0,0,22,77404,76958,76176,76130,76783,69958,68791,69327,68961,68801,77648,76931,76415,76897,76505,66438,65689,65879,66391,65769
738,1,0,22,76829,76401,75624,75587,76221,69509,68307,68867,68502,68344,77065,76363,75832,76319,75948,66005,65236,65451,65957,65330
739,0,0,22,77410,76967,76182,76148,76791,69965,68764,69327,68968,68799,77639,76945,76414,76892,76519,66455,65698,65897,66408,65787
740,1,0,22,76806,76411,75597,75573,76207,69497,68311,68869,68502,68335,77059,76355,75845,76328,75935,65998,65257,65452,65958,65339
741,0,0,22,77399,76964,76174,76144,76772,69964,68772,69331,68957,68803,77638,76930,76425,76898,76503,66443,65702,65884,66398,65778
742,1,0,22,76811,76406,75602,75567,76199,69499,68299,68845,68474,68324,77049,76356,75829,76304,75929,65973,65238,65425,65931,65324
743,0,0,22,77390,76965,76166,76132,76761,69957,68753,69299,68939,68790,77621,76928,76401,76880,76488,66426,65673,65859,66377,65778
744,1,0,22,76816,76392,75604,75575,76203,69490,68313,68869,68468,68347,77055,76350,75835,76309,75944,65982,65241,65433,65935,65323
745,0,0,22,77398,76956,76166,76124,76774,69947,68764,69325,68923,68794,77622,76927,76407,76888,76493,66429,65691,65879,66375,65776
746,1,0,22,76838,76392,75622,75594,76207,69496,68334,68878,68497,68339,77064,76349,75852,76300,75935,65989,65251,65449,65949,65325
747,0,0,22,77413,76956,76176,76169,76795,69961,68787,69340,68961,68803,77630,76930,76413,76878,76510,66442,65693,65895,66395,65778
748,1,0,22,76816,76383,75581,75570,76199,69505,68312,68849,68490,68318,77065,76341,75854,76286,75929,65981,65241,65429,65935,65336
749,0,0,22,77393,76938,76149,76135,76780,69954,68773,69314,68941,68776,77632,76917,76434,76867,76501,66425,65683,65877,66389,65776
750,1,0,22,76799,76373,75573,75564,76189,69487,68282,68847,68467,68314,77038,76328,75824,76293,75916,65971,65229,65406,65917,65307
751,0,0,22,77389,76945,76145,76131,76761,69949,68756,69322,68933,68784,77628,76920,76401,76877,76485,66426,65676,65866,66372,65766
752,1,0,22,76809,76371,75600,75581,76204,69496,68316,68867,68475,68326,77062,76356,75824,76318,75937,65975,65239,65444,65941,65320
753,0,0,22,77392,76941,76166,76150,76768,69951,68774,69326,68931,68794,77640,76926,76406,76881,76492,66418,65688,65876,66397,65772
754,1,0,22,76813,76335,75580,75563,76198,69487,68291,68852,68464,68322,77052,76350,75824,76283,75913,65962,65229,65412,65932,65320
755,0,0,22,77391,76912,76153,76131,76779,69947,68760,69314,68927,68796,77636,76927,76402,76858,76476,66404,65677,65858,66374,65777
756,1,0,22,76810,76372,75573,75571,76192,69482,68299,68876,68486,68328,77047,76343,75828,76287,75921,65977,65230,65437,65927,65316
757,0,0,22,77406,76966,76160,76143,76781,69952,68775,69342,68959,68794,77627,76928,76420,76873,76503,66439,65683,65880,66383,65774
758,1,0,22,76808,76353,75599,75565,76201,69491,68284,68866,68481,68316,77051,76345,75845,76303,75928,65996,65229,65443,65939,65321
759,0,0,22,77390,76917,76152,76123,76769,69941,68743,69311,68926,68771,77601,76901,76419,76864,76477,66429,65659,65879,66368,65758
760,1,0,22,76793,76355,75595,75583,76193,69490,68273,68859,68469,68330,77042,76351,75829,76291,75914,65984,65222,65423,65911,65311
761,0,0,22,77397,76936,76171,76171,76792,69969,68759,69341,68960,68809,77645,76946,76437,76899,76505,66455,65689,65890,66389,65787
762,1,0,22,76808,76354,75581,75568,76204,69481,68294,68860,68476,68316,77047,76320,75830,76297,75915,65983,65228,65420,65928,65317
763,0,0,22,77399,76947,76160,76152,76796,69954,68766,69327,68951,68791,77635,76916,76426,76893,76504,66441,65693,65888,66395,65778
764,1,0,22,76805,76361,75571,75564,76202,69482,68309,68857,68462,68318,77048,76340,75817,76292,75920,65970,65220,65427,65931,65312
765,0,0,22,77428,76960,76177,76151,76815,69963,68801,69338,68953,68804,77664,76941,76434,76897,76513,66442,65703,65887,66407,65790
766,1,0,22,76804,76369,75609,75576,76195,69492,68312,68857,68481,68326,77061,76359,75840,76313,75956,65981,65220,65440,65940,65309
767,0,0,22,77372,76921,76146,76107,76749,69932,68745,69316,68927,68766,77617,76912,76422,76870,76499,66410,65649,65878,66373,65735
768,1,0,22,76804,76358,75601,75565,76202,69485,68308,68864,68487,68333,77068,76366,75838,76288,75938,65978,65224,65439,65944,65331
769,0,0,22,77377,76931,76170,76124,76778,69941,68769,69321,68944,68786,77639,76934,76407,76869,76495,66422,65669,65884,66401,65776
770,1,0,22,76821,76372,75627,75587,76208,69499,68317,68875,68491,68333,77061,76371,75860,76322,75944,66001,65238,65453,65940,65333
771,0,0,22,77388,76945,76180,76146,76790,69958,68772,69341,68955,68807,77628,76933,76436,76892,76516,66444,65681,65912,66399,65780
772,1,0,22,76801,76352,75604,75574,76197,69481,68296,68873,68465,68327,77058,76356,75827,76311,75926,65985,65216,65445,65942,65329
773,0,0,22,77389,76925,76168,76130,76782,69945,68748,69327,68934,68793,77632,76925,76402,76889,76481,66422,65668,65887,66390,65776
774,1,0,22,76814,76366,75620,75567,76202,69470,68283,68858,68482,68322,77048,76350,75832,76314,75929,65989,65229,65438,65917,65310
775,0,0,22,77392,76928,76172,76128,76782,69937,68746,69312,68930,68789,77627,76926,76410,76886,76483,66438,65679,65886,66368,65762
776,1,0,22,76791,76342,75590,75554,76199,69472,68271,68860,68458,68315,77035,76330,75827,76291,75929,65969,65213,65434,65919,65310
777,0,0,22,77392,76925,76167,76115,76789,69930,68750,69337,68937,68778,77642,76919,76416,76890,76510,66429,65670,65898,66375,65772
778,1,0,22,76795,76353,75606,75555,76198,69473,68284,68850,68474,68310,77033,76347,75826,76300,75948,65990,65211,65435,65912,65317
779,0,0,22,77378,76936,76183,76110,76775,69934,68740,69313,68934,68786,77612,76931,76404,76876,76520,66433,65666,65887,66370,65760
780,1,0,22,76799,76363,75606,75564,76197,69476,68294,68864,68488,68341,77045,76348,75820,76284,75943,65995,65221,65436,65928,65314
781,0,0,22,77369,76946,76169,76118,76780,69931,68749,69313,68931,68795,77621,76915,76392,76861,76498,66446,65658,65879,66372,65764
782,1,0,22,76793,76344,75593,75574,76200,69478,68295,68868,68499,68338,77056,76342,75835,76296,75942,65985,65228,65425,65913,65308
783,0,0,22,77388,76934,76173,76144,76783,69940,68760,69325,68976,68798,77641,76923,76433,76893,76515,66445,65679,65887,66383,65761
784,1,0,22,76781,76365,75586,75553,76184,69470,68287,68860,68492,68337,77033,76332,75828,76268,75907,65977,65207,65418,65914,65297
785,0,0,22,77367,76926,76153,76112,76759,69917,68751,69323,68950,68789,77614,76899,76401,76847,76476,66419,65638,65866,66362,65749
786,1,0,22,76811,76368,75596,75578,76213,69489,68302,68874,68492,68343,77056,76339,75833,76303,75928,65985,65226,65443,65932,65327
787,0,0,22,77382,76935,76152,76130,76779,69949,68761,69333,68941,68805,77631,76900,76411,76877,76495,66420,65670,65888,66382,65775
788,1,0,22,76793,76343,75590,75579,76187,69478,68285,68850,68480,68328,77036,76342,75809,76280,75913,65955,65225,65419,65937,65293
789,0,0,22,77376,76915,76152,76144,76774,69940,68749,69312,68945,68794,77601,76919,76390,76865,76495,66403,65682,65867,66372,65741
790,1,0,22,76794,76363,75603,75575,76208,69497,68305,68878,68487,68354,77059,76350,75828,76284,75933,65977,65219,65427,65935,65313
791,0,0,22,77383,76939,76179,76143,76787,69953,68767,69346,68952,68816,77642,76921,76415,76868,76504,66427,65674,65875,66388,65771
792,1,0,22,76807,76359,75595,75580,76186,69485,68292,68862,68476,68343,77018,76336,75818,76303,75918,65974,65230,65424,65934,65319
793,0,0,22,77396,76947,76179,76153,76775,69940,68771,69328,68959,68813,77620,76910,76409,76883,76499,66435,65691,65884,66393,65778
794,1,0,22,76801,76362,75603,75564,76200,69487,68300,68861,68482,68329,77042,76339,75825,76297,75922,65986,65221,65424,65916,65330
795,0,0,22,77395,76937,76181,76134,76773,69948,68772,69330,68941,68789,77620,76914,76408,76877,76491,66431,65675,65878,66378,65783
796,1,0,22,76804,76400,75581,75574,76188,69488,68304,68860,68476,68338,77050,76323,75815,76286,75915,65979,65220,65420,65932,65320
797,0,0,22,77412,76984,76176,76159,76792,69968,68778,69340,68951,68824,77650,76917,76412,76888,76510,66451,65697,65888,66394,65796
798,1,0,22,76812,76375,75606,75574,76201,69499,68303,68878,68482,68341,77053,76329,75832,76287,75921,65974,65220,65440,65929,65326
799,0,0,22,77386,76949,76179,76132,76781,69944,68780,69331,68931,68809,77619,76912,76417,76866,76490,66412,65678,65885,66378,65774
800,1,0,22,76810,76380,75595,75591,76218,69507,68317,68880,68505,68333,77062,76349,75850,76297,75925,65987,65226,65425,65933,65321
801,0,0,22,77406,76952,76161,76162,76817,69961,68793,69352,68968,68794,77649,76932,76426,76886,76510,66443,65683,65879,66392,65781
802,1,0,22,76823,76373,75598,75577,76211,69479,68302,68865,68492,68340,77051,76347,75824,76283,75939,65979,65233,65424,65924,65319
803,0,0,22,77418,76955,76168,76132,76792,69943,68762,69345,68969,68820,77638,76937,76414,76872,76515,66438,65687,65877,66389,65768
804,1,0,22,76817,76373,75613,75578,76220,69498,68293,68879,68483,68320,77050,76342,75833,76319,75938,65977,65207,65425,65924,65328
805,0,0,22,77413,76950,76184,76144,76801,69950,68762,69342,68955,68793,77631,76916,76433,76901,76506,66428,65667,65881,66381,65775
806,1,0,22,76798,76372,75601,75569,76191,69480,68278,68859,68461,68309,77029,76330,75814,76301,75905,65966,65218,65420,65912,65294
807,0,0,22,77392,76962,76168,76136,76786,69956,68750,69333,68933,68788,77616,76919,76396,76884,76481,66425,65684,65879,66382,65752
808,1,0,22,76818,76387,75605,75590,76200,69489,68299,68859,68491,68332,77074,76328,75832,76299,75922,65974,65230,65434,65928,65321
809,0,0,22,77409,76945,76166,76144,76770,69949,68750,69324,68946,68789,77652,76903,76398,76885,76488,66425,65677,65864,66374,65760
810,1,0,22,76788,76362,75579,75567,76188,69481,68277,68849,68453,68321,77048,76336,75812,76297,75907,65969,65211,65417,65900,65307
811,0,0,22,77387,76944,76157,76149,76774,69937,68739,69314,68920,68781,77626,76906,76390,76886,76486,66425,65662,65873,66374,65754
812,1,0,22,76799,76365,75599,75584,76215,69490,68293,68855,68490,68337,77079,76364,75828,76311,75918,65981,65217,65431,65931,65332
813,0,0,22,77372,76930,76154,76143,76781,69938,68749,69317,68947,68791,77644,76933,76395,76878,76473,66426,65667,65874,66370,65777
814,1,0,22,76801,76364,75585,75572,76208,69470,68293,68863,68483,68327,77055,76334,75817,76298,75910,65955,65223,65421,65911,65320
815,0,0,22,77393,76938,76152,76147,76790,69949,68758,69339,68947,68794,77644,76922,76419,76890,76489,66411,65677,65887,66377,65781
816,1,0,22,76812,76378,75611,75589,76217,69500,68310,68870,68483,68337,77070,76361,75841,76307,75936,65988,65235,65427,65937,65337
817,0,0,22,77412,76967,76183,76168,76801,69958,68784,69350,68955,68807,77652,76931,76449,76896,76511,66438,65694,65896,66398,65792
818,1,0,22,76831,76374,75622,75584,76229,69506,68323,68885,68506,68335,77075,76367,75844,76313,75943,65975,65236,65452,65929,65335
819,0,0,22,77415,76953,76194,76145,76813,69974,68782,69344,68981,68806,77663,76954,76433,76890,76509,66424,65692,65906,66380,65793
820,1,0,22,76827,76368,75609,75566,76223,69495,68311,68872,68506,68337,77073,76356,75839,76301,75945,65984,65244,65437,65930,65335
821,0,0,22,77405,76939,76169,76152,76802,69949,68762,69334,68973,68795,77651,76933,76415,76875,76508,66430,65691,65898,66379,65782
822,1,0,22,76833,76367,75607,75573,76192,69516,68319,68876,68496,68345,77104,76369,75844,76312,75922,65992,65234,65448,65932,65333
823,0,0,22,77409,76932,76179,76141,76783,69950,68780,69330,68947,68802,77671,76940,76417,76884,76490,66439,65680,65900,66384,65778
824,1,0,22,76819,76378,75603,75560,76195,69484,68290,68863,68483,68327,77063,76352,75830,76297,75932,65987,65226,65426,65923,65308
825,0,0,22,77405,76942,76160,76109,76774,69942,68747,69318,68947,68789,77635,76925,76414,76873,76497,66429,65679,65880,66379,65753
826,1,0,22,76831,76382,75599,75580,76207,69496,68302,68870,68490,68331,77070,76350,75831,76307,75935,65992,65218,65440,65933,65322
827,0,0,22,77424,76961,76177,76159,76794,69974,68774,69346,68971,68805,77656,76940,76423,76897,76517,66455,65669,65900,66376,65776
828,1,0,22,76819,76364,75602,75580,76204,69492,68297,68854,68502,68325,77060,76357,75842,76319,75911,65981,65220,65439,65935,65323
829,0,0,22,77399,76932,76164,76125,76779,69950,68758,69305,68954,68776,77645,76930,76416,76895,76474,66427,65673,65868,66381,65770
830,1,0,22,76823,76357,75613,75586,76207,69493,68301,68876,68495,68323,77072,76353,75831,76312,75910,65989,65256,65438,65922,65324
831,0,0,22,77398,76934,76178,76137,76771,69962,68763,69341,68956,68786,77649,76922,76411,76891,76479,66438,65696,65882,66381,65770
832,1,0,22,76821,76369,75604,75575,76200,69493,68304,68883,68483,68327,77069,76353,75839,76313,75914,65976,65237,65433,65935,65310
833,0,0,22,77402,76920,76169,76123,76769,69928,68751,69323,68923,68764,77624,76912,76399,76875,76469,66408,65675,65869,66376,65743
834,1,0,22,76841,76375,75603,75584,76199,69485,68303,68876,68496,68319,77061,76345,75838,76285,75912,65983,65241,65428,65902,65298
835,0,0,22,77415,76938,76154,76149,76760,69938,68749,69340,68947,68770,77626,76909,76411,76863,76471,66422,65694,65864,66367,65746
836,1,0,22,76807,76393,75608,75580,76195,69502,68301,68861,68486,68330,77076,76331,75839,76305,75915,65987,65234,65432,65921,65305
837,0,0,22,77409,76976,76177,76161,76786,69962,68766,69327,68968,68794,77675,76915,76428,76888,76491,66448,65689,65889,66390,65767
838,1,0,22,76793,76376,75595,75578,76201,69493,68295,68839,68470,68318,77061,76332,75842,76292,75924,65980,65218,65433,65902,65303
839,0,0,22,77381,76945,76169,76142,76779,69957,68752,69291,68933,68785,77630,76915,76438,76880,76502,66435,65674,65879,66361,65745
840,1,0,22,76790,76387,75603,75577,76206,69504,68296,68856,68475,68331,77071,76335,75853,76307,75926,65981,65234,65432,65938,65309
841,0,0,22,77375,76954,76163,76115,76771,69956,68744,69320,68930,68792,77633,76908,76420,76888,76477,66421,65678,65872,66379,65746
842,1,0,22,76791,76382,75595,75579,76199,69499,68284,68862,68463,68325,77082,76343,75846,76296,75922,65981,65231,65425,65924,65287
843,0,0,22,77381,76949,76174,76137,76786,69967,68754,69329,68939,68799,77651,76922,76432,76879,76499,66434,65682,65889,66386,65749
844,1,0,22,76804,76373,75611,75572,76203,69505,68297,68886,68482,68340,77072,76353,75836,76303,75936,65992,65242,65423,65938,65314
845,0,0,22,77370,76929,76168,76127,76773,69957,68754,69335,68943,68798,77635,76923,76404,76865,76493,66418,65675,65870,66382,65748
846,1,0,22,76814,76378,75597,75586,76207,69512,68309,68891,68497,68333,77071,76347,75840,76315,75943,65988,65245,65446,65942,65330
847,0,0,22,77407,76952,76185,76166,76790,69970,68779,69353,68981,68806,77656,76927,76423,76906,76529,66443,65703,65902,66404,65788
848,1,0,22,76805,76381,75624,75585,76202,69501,68323,68887,68503,68348,77065,76358,75836,76302,75937,65972,65237,65443,65941,65330
849,0,0,22,77382,76948,76170,76142,76762,69947,68759,69332,68942,68794,77621,76925,76408,76863,76492,66408,65658,65871,66387,65769
850,1,0,22,76800,76377,75606,75586,76203,69490,68307,68859,68484,68346,77066,76351,75844,76316,75926,65965,65240,65454,65942,65319
851,0,0,22,77404,76967,76197,76163,76789,69961,68788,69340,68965,68830,77655,76950,76446,76915,76513,66431,65708,65916,66407,65782
852,1,0,22,76798,76371,75607,75577,76185,69492,68310,68871,68475,68337,77063,76340,75820,76315,75947,65985,65232,65437,65942,65314
853,0,0,22,77383,76933,76176,76135,76754,69939,68766,69322,68927,68792,77653,76919,76397,76896,76513,66440,65674,65881,66386,65767
854,1,0,22,76802,76364,75604,75576,76180,69487,68306,68882,68473,68327,77033,76343,75824,76302,75928,65975,65239,65435,65927,65324
855,0,0,22,77398,76950,76189,76143,76773,69956,68781,69346,68942,68786,77624,76926,76400,76890,76498,66433,65682,65880,66390,65776
856,1,0,22,76815,76384,75621,75590,76218,69509,68326,68885,68486,68337,77069,76344,75841,76334,75930,65997,65226,65452,65941,65341
857,0,0,22,77402,76965,76180,76164,76797,69978,68788,69354,68958,68805,77648,76930,76411,76922,76495,66450,65677,65901,66411,65801
858,1,0,22,76814,76370,75610,75584,76204,69511,68304,68867,68482,68347,77049,76348,75827,76303,75912,65981,65234,65436,65934,65328
859,0,0,22,77399,76960,76193,76159,76792,69978,68784,69344,68954,68824,77635,76938,76415,76895,76498,66445,65692,65903,66404,65792
860,1,0,22,76827,76402,75614,75597,76220,69505,68316,68879,68493,68343,77071,76360,75843,76320,75938,65990,65239,65440,65948,65331
861,0,0,22,77392,76954,76164,76146,76778,69965,68774,69322,68948,68792,77635,76922,76407,76890,76484,66423,65674,65882,66388,65771
862,1,0,22,76805,76376,75609,75562,76204,69491,68306,68851,68465,68332,77053,76343,75814,76298,75933,65983,65228,65427,65925,65317
863,0,0,22,77392,76962,76170,76140,76794,69956,68773,69331,68946,68793,77637,76942,76394,76889,76510,66446,65680,65879,66392,65774
864,1,0,22,76823,76394,75619,75579,76212,69515,68310,68879,68490,68335,77082,76368,75852,76321,75946,66006,65248,65446,65947,65327
865,0,0,22,77407,76964,76195,76147,76798,69975,68771,69338,68961,68793,77660,76949,76420,76899,76514,66449,65691,65901,66404,65787
866,1,0,22,76801,76388,75607,75584,76201,69491,68316,68855,68492,68335,77070,76348,75820,76313,75926,65968,65239,65438,65929,65313
867,0,0,22,77401,76961,76182,76158,76790,69948,68780,69324,68961,68803,77652,76940,76406,76893,76498,66426,65690,65891,66387,65769
868,1,0,22,76840,76415,75629,75592,76218,69507,68329,68881,68506,68356,77086,76346,75844,76335,75960,65989,65248,65452,65959,65342
869,0,0,22,77399,76971,76184,76148,76775,69950,68768,69323,68962,68804,77655,76907,76399,76902,76505,66432,65685,65889,66388,65777
870,1,0,22,76814,76390,75613,75583,76213,69509,68314,68882,68508,68334,77071,76357,75834,76310,75938,65993,65234,65452,65937,65323
871,0,0,22,77387,76944,76175,76133,76771,69955,68767,69334,68971,68786,77643,76922,76403,76879,76496,66427,65671,65890,66386,65764
872,1,0,22,76811,76371,75609,75580,76225,69496,68309,68865,68480,68343,77072,76348,75817,76317,75928,65987,65242,65436,65938,65329
873,0,0,22,77396,76943,76186,76142,76795,69946,68763,69333,68946,68807,77638,76911,76392,76884,76493,66424,65685,65879,66391,65771
874,1,0,22,76820,76378,75609,75584,76231,69500,68316,68881,68499,68331,77079,76345,75822,76309,75940,65978,65236,65448,65941,65334
875,0,0,22,77400,76948,76176,76150,76801,69959,68778,69330,68961,68789,77648,76921,76400,76897,76505,66434,65688,65897,66394,65789
876,1,0,22,76785,76359,75587,75567,76183,69485,68287,68850,68479,68318,77047,76327,75803,76300,75904,65965,65206,65428,65911,65305
877,0,0,22,77384,76953,76180,76151,76781,69963,68768,69331,68957,68794,77635,76928,76409,76908,76495,66437,65677,65897,66383,65770
878,1,0,22,76798,76369,75598,75555,76190,69484,68303,68858,68477,68314,77070,76352,75817,76306,75909,65971,65222,65426,65916,65316
879,0,0,22,77390,76933,76154,76108,76769,69947,68765,69315,68940,68780,77627,76932,76389,76893,76486,66420,65659,65865,66362,65762
880,1,0,22,76805,76372,75593,75557,76194,69489,68300,68847,68474,68326,77064,76353,75824,76305,75946,65973,65216,65440,65930,65299
881,0,0,22,77398,76951,76184,76137,76778,69952,68775,69323,68953,68793,77643,76939,76399,76885,76512,66427,65682,65893,66391,65760
882,1,0,22,76820,76372,75602,75561,76197,69481,68296,68862,68502,68323,77058,76360,75831,76315,75931,65981,65230,65429,65929,65309
883,0,0,22,77411,76949,76171,76129,76781,69934,68748,69314,68965,68780,77630,76942,76399,76895,76493,66414,65669,65879,66380,65742
884,1,0,22,76799,76370,75595,75570,76205,69485,68296,68858,68501,68321,77056,76354,75820,76306,75919,65988,65221,65444,65931,65304
885,0,0,22,77390,76944,76162,76122,76781,69951,68756,69318,68964,68776,77633,76931,76392,76876,76490,66435,65669,65887,66387,65748
886,1,0,22,76816,76384,75603,75569,76210,69496,68305,68889,68480,68333,77073,76366,75838,76307,75948,65980,65223,65447,65930,65308
887,0,0,22,77393,76950,76170,76122,76777,69949,68751,69347,68940,68789,77636,76926,76400,76875,76513,66420,65668,65888,66386,65755
888,1,0,22,76822,76379,75620,75607,76220,69501,68290,68890,68525,68340,77073,76357,75841,76310,75953,65991,65241,65442,65959,65315
889,0,0,22,77405,76953,76186,76170,76806,69957,68762,69363,68993,68802,77665,76948,76437,76901,76534,66446,65698,65902,66417,65775
890,1,0,22,76818,76360,75624,75562,76205,69487,68295,68877,68508,68342,77081,76371,75832,76309,75932,65997,65234,65440,65935,65316
891,0,0,22,77390,76925,76177,76115,76790,69934,68736,69336,68955,68795,77650,76938,76394,76880,76486,66433,65655,65886,66382,65764
892,1,0,22,76806,76374,75601,75587,76218,69501,68290,68865,68509,68331,77061,76369,75822,76303,75932,65974,65231,65443,65946,65314
893,0,0,22,77400,76945,76177,76152,76807,69962,68755,69330,68969,68801,77635,76956,76418,76903,76509,66432,65682,65899,66400,65775
894,1,0,22,76836,76379,75620,75579,76223,69518,68302,68893,68510,68358,77072,76384,75868,76318,75951,66014,65247,65470,65947,65340
895,0,0,22,77410,76924,76182,76128,76786,69961,68757,69340,68948,68803,77643,76954,76426,76887,76513,66438,65682,65902,66391,65779
896,1,0,22,76812,76366,75620,75568,76208,69508,68294,68878,68510,68334,77070,76359,75835,76320,75927,65987,65238,65452,65937,65330
897,0,0,22,77390,76944,76183,76130,76776,69959,68756,69332,68961,68803,77633,76947,76402,76891,76501,66429,65689,65892,66389,65777
898,1,0,22,76811,76385,75606,75579,76226,69497,68301,68866,68496,68332,77067,76367,75822,76323,75953,65984,65247,65446,65919,65329
899,0,0,22,77398,76963,76175,76146,76813,69956,68764,69328,68961,68808,77641,76946,76402,76901,76518,66433,65692,65892,66373,65784
900,1,0,22,76816,76384,75620,75584,76228,69501,68298,68877,68493,68355,77079,76375,75834,76293,75936,65998,65239,65454,65947,65349
901,0,0,22,77388,76952,76170,76146,76795,69960,68754,69340,68950,68807,77643,76937,76416,76870,76496,66437,65678,65897,66387,65797
902,1,0,22,76807,76377,75592,75569,76204,69495,68292,68878,68493,68322,77055,76354,75846,76316,75926,65987,65239,65433,65936,65326
903,0,0,22,77397,76949,76174,76140,76794,69964,68760,69348,68962,68791,77647,76943,76431,76899,76500,66438,65697,65895,66388,65800
904,1,0,22,76829,76399,75620,75592,76224,69525,68315,68886,68511,68350,77082,76370,75846,76308,75957,66012,65231,65443,65952,65346
905,0,0,22,77401,76959,76178,76133,76790,69960,68752,69345,68965,68811,77641,76935,76413,76867,76509,66457,65661,65889,66386,65781
906,1,0,22,76812,76389,75605,75559,76202,69490,68303,68870,68499,68338,77072,76365,75829,76321,75948,65979,65229,65437,65944,65327
907,0,0,22,77385,76944,76164,76119,76753,69941,68758,69315,68952,68794,77638,76923,76407,76883,76500,66413,65663,65880,66382,65770
908,1,0,22,76822,76399,75607,75586,76195,69506,68301,68859,68492,68355,77075,76361,75831,76303,75926,65986,65232,65436,65942,65320
909,0,0,22,77399,76975,76175,76151,76774,69961,68767,69327,68957,68823,77642,76944,76407,76887,76502,66435,65686,65891,66400,65790
910,1,0,22,76796,76389,75600,75575,76201,69504,68293,68867,68493,68340,77046,76357,75820,76314,75943,65980,65231,65447,65928,65328
911,0,0,22,77415,76965,76177,76148,76787,69975,68774,69340,68980,68813,77635,76936,76412,76900,76521,66446,65686,65907,66390,65783
912,1,0,22,76812,76378,75607,75576,76191,69486,68297,68858,68482,68333,77047,76340,75813,76300,75918,65972,65241,65416,65921,65304
913,0,0,22,77398,76948,76164,76140,76768,69944,68751,69322,68932,68795,77630,76915,76398,76881,76490,66418,65684,65868,66376,65754
914,1,0,22,76810,76374,75605,75570,76205,69499,68294,68866,68485,68326,77057,76348,75797,76297,75938,65990,65235,65435,65927,65311
915,0,0,22,77394,76952,76182,76134,76786,69965,68754,69332,68949,68780,77632,76929,76407,76891,76514,66440,65682,65891,66394,65768
916,1,0,22,76821,76389,75597,75583,76203,69498,68290,68874,68497,68318,77055,76356,75829,76308,75934,65978,65249,65436,65930,65316
917,0,0,22,77400,76969,76163,76144,76771,69971,68740,69332,68944,68779,77623,76930,76396,76879,76499,66425,65686,65886,66374,65755
918,1,0,22,76827,76403,75610,75593,76199,69502,68305,68889,68513,68332,77072,76365,75842,76318,75944,66006,65258,65450,65938,65327
919,0,0,22,77407,76972,76173,76139,76781,69968,68765,69347,68978,68789,77653,76942,76419,76903,76502,66446,65699,65896,66393,65784
920,1,0,22,76812,76385,75597,75583,76190,69484,68303,68872,68489,68326,77058,76361,75827,76319,75936,65983,65237,65449,65930,65316
921,0,0,22,77403,76947,76150,76145,76756,69920,68757,69333,68949,68783,77642,76928,76396,76890,76499,66419,65678,65895,66374,65758
922,1,0,22,76813,76379,75592,75576,76196,69483,68281,68876,68487,68332,77058,76352,75828,76308,75934,65972,65232,65442,65930,65298
923,0,0,22,77383,76935,76156,76141,76774,69937,68745,69330,68942,68787,77633,76926,76407,76885,76489,66417,65665,65888,66379,65759
924,1,0,22,76833,76382,75608,75579,76198,69511,68281,68887,68481,68329,77061,76352,75816,76303,75932,65968,65242,65461,65917,65317
925,0,0,22,77395,76929,76159,76128,76778,69949,68735,69332,68920,68777,77632,76924,76392,76870,76476,66414,65681,65895,66363,65759
926,1,0,22,76816,76373,75615,75579,76216,69500,68290,68874,68476,68338,77062,76361,75845,76324,75938,65983,65242,65455,65921,65316
927,0,0,22,77399,76955,76190,76145,76789,69967,68760,69354,68950,68814,77652,76941,76437,76910,76502,66437,65696,65918,66379,65771
928,1,0,22,76812,76399,75588,75574,76209,69494,68306,68879,68487,68349,77073,76369,75822,76319,75929,65989,65229,65460,65936,65316
929,0,0,22,77400,76982,76167,76153,76784,69959,68762,69344,68966,68809,77652,76948,76412,76897,76501,66435,65678,65915,66381,65763
930,1,0,22,76807,76383,75593,75566,76198,69490,68287,68872,68463,68326,77061,76355,75823,76300,75931,65972,65222,65450,65919,65307
931,0,0,22,77402,76969,76163,76128,76784,69962,68758,69345,68926,68793,77641,76937,76400,76887,76511,66420,65677,65913,66386,65771
932,1,0,22,76823,76400,75606,75587,76216,69505,68302,68874,68492,68341,77069,76355,75845,76314,75944,65978,65252,65462,65943,65318
933,0,0,22,77395,76962,76167,76146,76786,69969,68756,69335,68944,68794,77637,76919,76412,76885,76509,66416,65697,65903,66391,65766
934,1,0,22,76826,76384,75610,75583,76214,69514,68314,68877,68478,68347,77064,76367,75837,76316,75944,65975,65235,65453,65933,65313
935,0,0,22,77397,76958,76168,76152,76787,69960,68764,69341,68952,68805,77635,76937,76413,76893,76513,66415,65684,65893,66384,65769
936,1,0,22,76805,76379,75587,75578,76200,69480,68288,68859,68477,68338,77063,76343,75836,76313,75938,65965,65226,65426,65923,65312
937,0,0,22,77376,76947,76159,76130,76771,69948,68739,69323,68935,68787,77626,76905,76401,76880,76496,66407,65665,65873,66372,65753
938,1,0,22,76824,76398,75612,75582,76193,69490,68295,68865,68479,68328,77072,76354,75832,76320,75935,65974,65223,65454,65923,65324
939,0,0,22,77391,76956,76171,76130,76762,69942,68744,69322,68940,68781,77639,76919,76395,76890,76491,66412,65667,65887,66368,65756
940,1,0,22,76819,76391,75622,75594,76212,69502,68304,68896,68489,68341,77076,76353,75847,76329,75942,65995,65252,65451,65935,65347
941,0,0,22,77385,76952,76167,76143,76772,69936,68759,69335,68928,68787,77635,76917,76422,76889,76497,66435,65674,65894,66373,65775
942,1,0,22,76816,76386,75621,75586,76193,69499,68308,68881,68485,68339,77055,76351,75847,76307,75931,65986,65230,65439,65925,65324
943,0,0,22,77396,76961,76194,76150,76774,69958,68768,69352,68964,68805,77622,76931,76428,76890,76505,66434,65676,65894,66391,65778
944,1,0,22,76823,76397,75605,75577,76222,69492,68299,68876,68488,68333,77072,76342,75839,76315,75913,65989,65243,65456,65937,65322
945,0,0,22,77410,76971,76170,76131,76805,69958,68767,69336,68954,68801,77648,76926,76417,76900,76485,66431,65703,65918,66387,65772
946,1,0,22,76812,76378,75609,75569,76204,69487,68298,68890,68481,68330,77065,76349,75823,76315,75929,65976,65235,65445,65922,65322
947,0,0,22,77399,76953,76171,76128,76774,69946,68755,69349,68939,68789,77643,76928,76411,76890,76498,66424,65681,65892,66381,65777
948,1,0,22,76824,76384,75621,75582,76227,69491,68303,68877,68510,68331,77070,76343,75837,76329,75931,65992,65248,65451,65931,65326
949,0,0,22,77414,76959,76179,76147,76799,69962,68777,69336,68967,68800,77627,76928,76418,76907,76498,66439,65704,65905,66386,65780
950,1,0,22,76812,76372,75597,75547,76188,69477,68289,68856,68469,68325,77053,76327,75808,76310,75918,65965,65232,65421,65901,65304
951,0,0,22,77400,76953,76173,76125,76773,69945,68757,69335,68949,68783,77620,76925,76397,76894,76492,66422,65688,65889,66368,65761
952,1,0,22,76807,76377,75602,75573,76200,69494,68301,68877,68475,68318,77061,76345,75840,76305,75912,65981,65244,65432,65917,65314
953,0,0,22,77388,76946,76170,76133,76778,69948,68755,69345,68927,68784,77639,76916,76399,76875,76466,66429,65696,65883,66371,65755
954,1,0,22,76802,76360,75569,75560,76171,69479,68295,68851,68464,68317,77058,76340,75813,76304,75915,65946,65225,65416,65922,65294
955,0,0,22,77382,76936,76133,76113,76751,69936,68750,69311,68926,68777,77635,76907,76388,76876,76483,66387,65675,65862,66375,65739
956,1,0,22,76803,76371,75584,75549,76187,69471,68288,68868,68478,68313,77068,76339,75835,76313,75904,65960,65245,65439,65928,65316
957,0,0,22,77395,76959,76164,76133,76776,69946,68774,69350,68957,68793,77642,76924,76420,76896,76490,66426,65699,65903,66381,65788
958,1,0,22,76787,76347,75562,75546,76191,69482,68284,68878,68480,68321,77053,76344,75814,76294,75910,65968,65233,65440,65922,65291
959,0,0,22,77363,76911,76129,76103,76768,69931,68727,69326,68927,68780,77617,76913,76376,76875,76471,66410,65668,65868,66357,65736
960,1,0,22,76816,76362,75596,75568,76209,69483,68300,68864,68480,68329,77049,76335,75809,76321,75926,65962,65231,65432,65927,65298
961,0,0,22,77388,76931,76160,76128,76789,69952,68769,69346,68942,68788,77601,76912,76395,76887,76502,66425,65683,65875,66371,65747
962,1,0,22,76811,76376,75627,75575,76201,69491,68297,68886,68484,68329,77059,76347,75842,76327,75921,65985,65250,65439,65934,65320
963,0,0,22,77391,76942,76176,76126,76774,69950,68763,69334,68940,68784,77627,76906,76410,76891,76484,66417,65684,65890,66370,65758
964,1,0,22,76803,76391,75619,75589,76211,69518,68303,68894,68508,68337,77057,76360,75850,76322,75951,66003,65257,65461,65947,65338
965,0,0,22,77388,76952,76178,76139,76781,69965,68759,69351,68960,68793,77622,76925,76410,76890,76512,66436,65691,65906,66390,65781
966,1,0,22,76806,76391,75627,75585,76218,69508,68316,68884,68496,68342,77076,76348,75841,76319,75933,65985,65245,65449,65937,65328
967,0,0,22,77399,76968,76186,76135,76779,69956,68762,69342,68960,68793,77655,76911,76415,76888,76483,66430,65688,65897,66387,65771
968,1,0,22,76819,76383,75604,75562,76197,69499,68310,68869,68473,68326,77067,76345,75827,76305,75922,65970,65239,65447,65932,65308
969,0,0,22,77402,76960,76193,76143,76787,69967,68787,69340,68946,68790,77651,76933,76435,76883,76508,66424,65699,65900,66404,65768
970,1,0,22,76821,76398,75619,75594,76223,69511,68323,68891,68503,68344,77076,76362,75839,76332,75938,65976,65258,65459,65940,65328
971,0,0,22,77396,76957,76167,76144,76788,69959,68779,69336,68946,68796,77641,76942,76408,76899,76496,66411,65702,65912,66377,65766
972,1,0,22,76822,76400,75623,75599,76229,69519,68315,68881,68487,68337,77068,76372,75845,76343,75925,65980,65241,65463,65933,65325
973,0,0,22,77413,76973,76192,76161,76808,69983,68801,69343,68965,68803,77647,76947,76418,76923,76506,66430,65699,65917,66397,65785
974,1,0,22,76818,76400,75605,75573,76205,69506,68321,68887,68481,68346,77068,76355,75838,76336,75929,65986,65231,65458,65946,65330
975,0,0,22,77411,76976,76175,76143,76789,69974,68791,69351,68961,68814,77645,76935,76429,76911,76502,66440,65683,65905,66398,65782
976,1,0,22,76820,76400,75604,75573,76207,69509,68316,68871,68485,68332,77081,76364,75845,76324,75929,65982,65218,65453,65937,65322
977,0,0,22,77392,76959,76164,76120,76778,69948,68768,69323,68936,68787,77633,76939,76413,76890,76486,66421,65672,65900,66375,65771
978,1,0,22,76824,76391,75615,75584,76215,69511,68326,68882,68495,68334,77058,76357,75848,76311,75922,65988,65230,65448,65939,65324
979,0,0,22,77396,76945,76162,76140,76779,69958,68782,69335,68942,68796,77631,76924,76413,76880,76484,66419,65662,65896,66380,65762
980,1,0,22,76812,76395,75626,75591,76216,69520,68325,68888,68499,68342,77067,76376,75855,76319,75952,65989,65225,65453,65931,65328
981,0,0,22,77375,76947,76166,76140,76769,69952,68764,69331,68948,68787,77638,76938,76419,76884,76494,66422,65663,65874,66369,65770
982,1,0,22,76802,76387,75603,75580,76203,69509,68310,68876,68478,68316,77074,76366,75830,76313,75931,65966,65240,65450,65922,65332
983,0,0,22,77381,76954,76167,76134,76769,69950,68757,69337,68938,68780,77634,76930,76409,76884,76491,66404,65690,65895,66379,65777
984,1,0,22,76785,76374,75578,75563,76201,69495,68290,68866,68480,68305,77056,76353,75824,76304,75926,65959,65214,65439,65921,65308
985,0,0,22,77379,76959,76154,76129,76786,69959,68757,69333,68934,68773,77642,76926,76412,76891,76497,66418,65669,65895,66383,65762
986,1,0,22,76810,76360,75589,75581,76196,69487,68301,68870,68480,68301,77050,76348,75827,76293,75916,65965,65211,65418,65924,65311
987,0,0,22,77412,76957,76169,76161,76794,69952,68784,69333,68961,68779,77642,76937,76423,76895,76499,66422,65679,65875,66393,65776
988,1,0,22,76793,76402,75622,75594,76224,69511,68311,68891,68493,68326,77068,76367,75849,76316,75950,65994,65247,65461,65932,65341
989,0,0,22,77382,76967,76174,76151,76790,69956,68763,69349,68941,68772,77629,76930,76414,76874,76499,66431,65685,65896,66374,65780
990,1,0,22,76794,76376,75602,75562,76203,69483,68288,68870,68477,68307,77024,76360,75813,76296,75929,65961,65216,65436,65911,65314
991,0,0,22,77382,76957,76173,76119,76786,69941,68753,69335,68945,68778,77611,76932,76395,76878,76492,66418,65681,65890,66380,65765
992,1,0,22,76810,76409,75619,75599,76235,69502,68313,68888,68499,68345,77048,76361,75856,76328,75955,65998,65250,65466,65933,65332
993,0,0,22,77403,76973,76186,76166,76792,69950,68774,69337,68958,68805,77608,76941,76433,76901,76514,66431,65688,65901,66382,65787
994,1,0,22,76818,76396,75610,75586,76215,69499,68306,68884,68495,68333,77048,76368,75833,76322,75940,65996,65228,65448,65935,65327
995,0,0,22,77393,76955,76159,76135,76788,69949,68767,69342,68955,68792,77611,76920,76404,76896,76495,66426,65656,65888,66377,65765
996,1,0,22,76814,76399,75595,75572,76210,69498,68307,68885,68490,68340,77040,76366,75843,76329,75948,65985,65244,65454,65926,65338
997,0,0,22,77388,76968,76174,76129,76799,69948,68759,69345,68943,68803,77613,76933,76411,76908,76511,66428,65694,65902,66370,65789
998,1,0,22,76802,76383,75582,75560,76197,69485,68289,68860,68481,68319,77035,76331,75825,76306,75922,65961,65221,65441,65902,65315
999,0,0,22,77386,76954,76160,76121,76786,69946,68754,69329,68953,68783,77617,76911,76418,76878,76492,66412,65669,65898,66367,65759
1000,1,0,22,76801,76374,75599,75565,76198,69491,68300,68866,68473,68327,77050,76341,75817,76305,75923,65968,65222,65446,65920,65327
1001,0,0,22,77381,76964,76175,76139,76777,69947,68756,69322,68958,68782,77632,76923,76401,76883,76495,66427,65675,65901,66384,65778
1002,1,0,22,76803,76387,75588,75572,76199,69491,68282,68876,68475,68325,77062,76351,75833,76301,75912,65970,65221,65442,65915,65317
1003,0,0,22,77393,76961,76184,76141,76787,69952,68753,69336,68938,68795,77640,76924,76408,76891,76497,66422,65671,65895,66376,65778
1004,1,0,22,76825,76373,75623,75571,76222,69500,68305,68884,68497,68337,77072,76353,75847,76313,75929,65994,65228,65455,65939,65342
1005,0,0,22,77407,76943,76177,76134,76800,69952,68764,69337,68958,68788,77638,76925,76411,76890,76493,66433,65677,65901,66393,65791
1006,1,0,22,76791,76372,75588,75565,76195,69485,68293,68850,68471,68303,77052,76333,75814,76288,75905,65951,65204,65421,65922,65304
1007,0,0,22,77372,76940,76146,76128,76764,69934,68742,69319,68931,68757,77618,76891,76401,76873,76472,66403,65641,65874,66369,65748
1008,1,0,22,76793,76370,75594,75565,76203,69501,68291,68858,68477,68313,77059,76336,75824,76315,75933,65957,65220,65439,65928,65311
1009,0,0,22,77379,76933,76150,76132,76781,69954,68753,69328,68929,68775,77631,76908,76407,76882,76490,66408,65651,65882,66375,65761
1010,1,0,22,76808,76370,75579,75563,76192,69489,68288,68860,68475,68313,77067,76341,75821,76291,75922,65976,65196,65426,65926,65316
1011,0,0,22,77401,76947,76147,76119,76775,69940,68754,69337,68938,68768,77646,76916,76398,76868,76505,66412,65655,65878,66365,65772
1012,1,0,22,76828,76390,75577,75573,76199,69497,68288,68867,68482,68311,77059,76337,75833,76303,75916,65970,65228,65438,65923,65317
1013,0,0,22,77421,76961,76161,76137,76799,69952,68749,69324,68959,68769,77640,76911,76411,76886,76489,66424,65671,65891,66392,65777
1014,1,0,22,76815,76364,75601,75561,76205,69483,68279,68877,68473,68319,77062,76346,75822,76304,75923,65962,65221,65440,65907,65308
1015,0,0,22,77404,76939,76169,76127,76785,69940,68753,69344,68941,68784,77623,76927,76406,76893,76487,66418,65682,65899,66367,65771
1016,1,0,22,76810,76367,75598,75561,76206,69496,68295,68858,68473,68309,77060,76343,75845,76290,75922,65973,65222,65435,65915,65308
1017,0,0,22,77384,76932,76163,76116,76788,69951,68747,69316,68933,68761,77626,76914,76412,76873,76481,66411,65657,65878,66359,65756
1018,1,0,22,76816,76374,75601,75592,76211,69506,68303,68866,68485,68302,77075,76336,75847,76310,75924,65986,65234,65446,65936,65321
1019,0,0,22,77389,76944,76156,76143,76783,69946,68747,69315,68936,68763,77646,76906,76416,76867,76478,66430,65662,65883,66371,65762
1020,1,0,22,76833,76386,75603,75584,76214,69511,68302,68868,68496,68327,77086,76371,75847,76305,75949,65989,65234,65452,65930,65337
1021,0,0,22,77424,76950,76176,76141,76791,69966,68764,69318,68961,68795,77657,76942,76432,76883,76510,66434,65681,65903,66389,65798
1022,1,0,22,76813,76378,75590,75583,76205,69520,68290,68871,68491,68335,77070,76349,75827,76294,75933,65982,65225,65456,65929,65339
1023,0,0,22,77409,76952,76172,76153,76784,69971,68758,69344,68961,68794,77652,76927,76421,76883,76506,66436,65679,65899,66382,65789
1024,1,0,22,76831,76393,75639,75615,76220,69532,68321,68893,68519,68349,77107,76369,75864,76326,75954,66017,65245,65487,65950,65355
1025,0,0,22,77409,76950,76186,76166,76782,69978,68769,69342,68961,68795,77652,76916,76421,76901,76508,66445,65674,65906,66377,65793
1026,1,0,22,76843,76382,75618,75599,76228,69534,68312,68891,68497,68327,77078,76350,75862,76315,75952,65996,65230,65453,65937,65348
1027,0,0,22,77399,76935,76165,76141,76784,69981,68766,69336,68948,68791,77619,76914,76416,76881,76502,66430,65665,65889,66374,65784
1028,1,0,22,76814,76378,75615,75592,76202,69512,68287,68889,68475,68322,77066,76339,75842,76301,75937,65995,65218,65460,65919,65338
1029,0,0,22,77391,76947,76175,76154,76769,69973,68759,69350,68943,68787,77644,76915,76433,76884,76501,66442,65665,65899,66365,65775
1030,1,0,22,76820,76378,75614,75599,76211,69523,68308,68885,68489,68334,77080,76350,75848,76308,75949,65996,65220,65456,65939,65319
1031,0,0,22,77408,76960,76191,76164,76787,69988,68772,69356,68965,68810,77652,76935,76436,76896,76522,66461,65685,65921,66398,65776
1032,1,0,22,76815,76363,75601,75578,76205,69491,68302,68878,68472,68319,77071,76322,75827,76292,75910,65993,65225,65454,65911,65308
1033,0,0,22,77411,76944,76191,76155,76797,69959,68773,69347,68954,68793,77655,76913,76423,76880,76499,66445,65689,65912,66373,65767
1034,1,0,22,76832,76393,75624,75601,76228,69517,68319,68894,68495,68336,77089,76357,75854,76325,75948,66012,65238,65475,65932,65327
1035,0,0,22,77411,76961,76180,76150,76806,69955,68767,69348,68943,68802,77646,76936,76428,76902,76504,66452,65679,65906,66385,65776
1036,1,0,22,76833,76386,75608,75596,76215,69512,68316,68891,68475,68347,77066,76349,75817,76315,75948,65999,65232,65446,65931,65331
1037,0,0,22,77418,76958,76173,76155,76798,69970,68777,69345,68941,68802,77638,76938,76402,76887,76509,66441,65679,65887,66380,65769
1038,1,0,22,76830,76392,75612,75574,76214,69515,68301,68893,68507,68336,77075,76355,75836,76308,75932,66001,65229,65455,65932,65321
1039,0,0,22,77426,76968,76181,76157,76807,69972,68781,69368,68983,68801,77655,76934,76424,76896,76505,66448,65692,65904,66388,65786
1040,1,0,22,76814,76381,75611,75589,76188,69495,68295,68879,68483,68319,77093,76349,75818,76293,75933,65982,65232,65434,65915,65314
1041,0,0,22,77401,76951,76183,76139,76787,69962,68760,69345,68941,68786,77662,76919,76402,76876,76506,66428,65673,65890,66364,65773
1042,1,0,22,76807,76368,75610,75565,76211,69500,68289,68875,68481,68312,77051,76346,75818,76304,75920,65977,65218,65438,65920,65321
1043,0,0,22,77394,76941,76180,76138,76803,69972,68759,69341,68951,68784,77632,76928,76405,76886,76502,66426,65665,65894,66381,65774
1044,1,0,22,76799,76365,75603,75576,76213,69496,68299,68861,68479,68320,77047,76359,75812,76290,75912,65972,65209,65430,65931,65326
1045,0,0,22,77385,76944,76178,76134,76784,69951,68767,69328,68950,68786,77632,76934,76405,76879,76491,66431,65656,65879,66375,65776
1046,1,0,22,76807,76367,75602,75570,76203,69489,68288,68865,68469,68315,77045,76350,75809,76281,75914,66001,65195,65426,65924,65313
1047,0,0,22,77383,76927,76157,76121,76768,69929,68743,69314,68926,68768,77617,76913,76374,76850,76480,66439,65631,65873,66360,65760
1048,1,0,22,76834,76382,75608,75569,76206,69503,68297,68895,68484,68323,77055,76368,75826,76307,75944,65999,65228,65431,65934,65329
1049,0,0,22,77409,76959,76178,76140,76794,69960,68759,69350,68947,68784,77626,76942,76404,76895,76526,66448,65672,65889,66386,65785
1050,1,0,22,76813,76396,75610,75583,76209,69504,68290,68876,68487,68321,77044,76351,75845,76302,75912,65993,65210,65422,65920,65338
1051,0,0,22,77410,76966,76195,76151,76788,69969,68766,69350,68971,68793,77636,76934,76426,76893,76491,66451,65664,65892,66388,65791
1052,1,0,22,76822,76390,75621,75578,76208,69499,68308,68885,68504,68328,77075,76375,75848,76323,75942,66003,65228,65443,65926,65331
1053,0,0,22,77388,76954,76174,76130,76769,69940,68756,69319,68952,68777,77617,76929,76394,76886,76486,66428,65666,65870,66369,65762
1054,1,0,22,76801,76360,75616,75559,76210,69494,68288,68874,68476,68301,77038,76357,75825,76288,75910,65992,65210,65417,65923,65316
1055,0,0,22,77394,76951,76194,76128,76791,69951,68751,69332,68961,68765,77612,76936,76417,76874,76489,66442,65668,65873,66384,65778
1056,1,0,22,76816,76376,75593,75577,76228,69485,68291,68877,68488,68328,77029,76360,75844,76304,75896,65987,65228,65434,65916,65327
1057,0,0,22,77411,76946,76161,76141,76804,69948,68761,69342,68954,68812,77615,76937,76420,76893,76476,66439,65683,65876,66371,65783
1058,1,0,22,76797,76372,75608,75565,76187,69477,68277,68866,68463,68313,77039,76349,75824,76281,75908,65977,65217,65432,65899,65302
1059,0,0,22,77381,76935,76167,76123,76752,69930,68732,69312,68923,68768,77617,76919,76401,76852,76468,66419,65648,65865,66342,65752
1060,1,0,22,76791,76359,75584,75579,76185,69486,68279,68861,68475,68308,77035,76333,75822,76279,75894,65969,65208,65412,65904,65307
1061,0,0,22,77388,76942,76164,76154,76769,69949,68750,69330,68961,68772,77620,76931,76416,76867,76469,66437,65662,65871,66366,65768
1062,1,0,22,76807,76358,75598,75574,76214,69504,68307,68866,68497,68324,77033,76353,75835,76283,75926,66000,65215,65436,65927,65323
1063,0,0,22,77382,76924,76165,76144,76783,69945,68753,69322,68947,68785,77608,76926,76409,76860,76502,66438,65655,65887,66369,65774
1064,1,0,22,76813,76354,75613,75588,76220,69506,68311,68884,68492,68322,77039,76355,75826,76292,75931,65986,65209,65431,65915,65340
1065,0,0,22,77389,76925,76179,76138,76785,69955,68768,69334,68946,68777,77615,76936,76394,76878,76514,66427,65660,65881,66363,65791
1066,1,0,22,76796,76356,75615,75578,76196,69489,68278,68872,68472,68319,77049,76353,75838,76291,75918,65974,65211,65438,65900,65326
1067,0,0,22,77384,76939,76183,76143,76783,69949,68736,69350,68936,68787,77623,76933,76406,76880,76500,66427,65665,65884,66347,65778
1068,1,0,22,76822,76361,75596,75578,76214,69499,68286,68870,68469,68332,77048,76349,75822,76290,75906,65982,65174,65432,65922,65319
1069,0,0,22,77400,76943,76170,76134,76782,69947,68739,69330,68930,68792,77618,76931,76411,76870,76475,66420,65634,65879,66366,65774
1070,1,0,22,76830,76376,75608,75576,76221,69519,68311,68884,68486,68335,77070,76372,75859,76315,75926,65991,65219,65445,65942,65325
1071,0,0,22,77399,76947,76185,76135,76785,69966,68751,69335,68940,68785,77630,76930,76431,76886,76490,66442,65659,65877,66392,65768
1072,1,0,22,76839,76370,75605,75581,76200,69504,68294,68862,68493,68315,77031,76360,75832,76299,75904,65978,65210,65430,65917,65314
1073,0,0,22,77413,76941,76168,76138,76775,69952,68758,69327,68958,68784,77607,76931,76408,76872,76471,66415,65649,65872,66363,65757
1074,1,0,22,76814,76384,75610,75570,76194,69488,68287,68887,68499,68322,77055,76368,75817,76310,75926,65982,65214,65429,65923,65307
1075,0,0,22,77391,76941,76161,76146,76768,69943,68761,69343,68956,68783,77633,76933,76395,76881,76480,66419,65658,65886,66383,65762
1076,1,0,22,76807,76362,75607,75573,76206,69479,68286,68886,68482,68318,77060,76339,75828,76297,75915,65960,65201,65425,65918,65319
1077,0,0,22,77376,76923,76151,76117,76756,69923,68746,69341,68942,68769,77620,76910,76408,76860,76470,66398,65640,65863,66356,65754
1078,1,0,22,76812,76357,75583,75562,76210,69486,68292,68860,68493,68310,77045,76340,75824,76272,75911,65969,65229,65427,65921,65303
1079,0,0,22,77402,76943,76165,76137,76773,69948,68762,69331,68957,68774,77637,76924,76413,76851,76488,66419,65674,65878,66371,65758
1080,1,0,22,76833,76380,75593,75589,76210,69487,68292,68899,68499,68315,77042,76354,75846,76294,75934,65994,65222,65446,65929,65312
1081,0,0,22,77414,76939,76144,76137,76782,69940,68739,69348,68956,68774,77625,76911,76412,76857,76487,66436,65653,65879,66378,65759
1082,1,0,22,76828,76363,75609,75579,76219,69499,68304,68897,68501,68326,77061,76356,75853,76306,75952,65995,65224,65450,65949,65341
1083,0,0,22,77396,76918,76145,76120,76780,69939,68751,69345,68950,68770,77626,76921,76412,76859,76489,66421,65665,65882,66372,65776
1084,1,0,22,76804,76335,75593,75566,76194,69470,68284,68866,68475,68284,77042,76345,75817,76291,75899,65972,65204,65428,65918,65314
1085,0,0,22,77400,76923,76176,76135,76783,69937,68750,69342,68958,68756,77625,76933,76409,76882,76469,66424,65661,65889,66378,65776
1086,1,0,22,76828,76358,75613,75570,76218,69494,68297,68874,68487,68335,77054,76353,75834,76297,75917,65987,65232,65440,65935,65322
1087,0,0,22,77398,76914,76159,76136,76775,69949,68746,69319,68943,68787,77629,76917,76388,76853,76485,66422,65653,65875,66375,65774
1088,1,0,22,76818,76363,75618,75593,76217,69492,68302,68885,68502,68327,77044,76362,75830,76300,75924,65991,65238,65446,65920,65346
1089,0,0,22,77393,76939,76187,76147,76806,69951,68765,69348,68959,68779,77617,76924,76411,76869,76497,66450,65682,65895,66382,65790
1090,1,0,22,76823,76362,75592,75574,76213,69499,68310,68860,68486,68325,77063,76349,75821,76290,75914,65977,65227,65425,65911,65318
1091,0,0,22,77425,76933,76184,76151,76799,69967,68777,69343,68957,68799,77647,76934,76418,76888,76491,66441,65690,65885,66381,65781
1092,1,0,22,76826,76366,75593,75587,76225,69488,68305,68868,68506,68321,77054,76357,75831,76286,75919,65986,65225,65404,65932,65331
1093,0,0,22,77428,76945,76152,76149,76790,69936,68765,69320,68951,68784,77629,76927,76409,76859,76493,66427,65680,65853,66379,65787
1094,1,0,22,76826,76377,75604,75574,76224,69478,68301,68875,68489,68310,77053,76362,75830,76299,75936,65990,65230,65427,65916,65323
1095,0,0,22,77401,76948,76157,76137,76788,69937,68768,69326,68951,68766,77628,76939,76406,76867,76505,66433,65674,65874,66367,65774
1096,1,0,22,76823,76373,75610,75571,76212,69488,68296,68880,68483,68315,77026,76347,75821,76281,75918,65984,65211,65421,65923,65316
1097,0,0,22,77411,76939,76168,76139,76799,69946,68768,69341,68961,68783,77615,76928,76400,76865,76495,66434,65664,65887,66388,65774
1098,1,0,22,76836,76358,75620,75586,76213,69492,68284,68890,68493,68309,77038,76360,75827,76282,75924,65980,65234,65433,65927,65321
1099,0,0,22,77422,76934,76183,76156,76796,69941,68757,69352,68965,68782,77619,76928,76410,76869,76494,66422,65686,65888,66369,65768
1100,1,0,22,76836,76390,75630,75596,76225,69497,68308,68901,68512,68322,77076,76369,75840,76296,75935,66009,65228,65446,65943,65335
1101,0,0,22,77419,76956,76204,76156,76807,69964,68761,69360,68977,68787,77639,76954,76425,76873,76503,66453,65678,65891,66391,65786
1102,1,0,22,76852,76384,75624,75606,76234,69501,68328,68900,68518,68324,77082,76374,75842,76318,75943,66009,65246,65452,65951,65351
1103,0,0,22,77448,76968,76208,76185,76815,69978,68790,69377,68983,68797,77662,76969,76436,76905,76530,66457,65697,65905,66415,65809
1104,1,0,22,76825,76352,75600,75578,76214,69486,68291,68876,68484,68310,77037,76342,75824,76290,75903,65979,65214,65432,65919,65322
1105,0,0,22,77419,76929,76175,76158,76794,69962,68757,69337,68954,68782,77613,76941,76404,76866,76491,66432,65676,65872,66376,65784
1106,1,0,22,76822,76376,75581,75591,76215,69486,68298,68873,68499,68311,77038,76347,75820,76299,75912,65988,65218,65434,65928,65323
1107,0,0,22,77414,76947,76171,76155,76798,69949,68765,69342,68964,68778,77622,76925,76417,76875,76493,66436,65677,65886,66379,65787
1108,1,0,22,76841,76380,75594,75581,76220,69485,68301,68884,68524,68316,77059,76356,75833,76298,75940,65998,65239,65432,65918,65323
1109,0,0,22,77427,76956,76168,76161,76803,69955,68765,69354,68993,68781,77643,76943,76416,76878,76510,66452,65685,65889,66386,65791
1110,1,0,22,76830,76381,75614,75578,76212,69509,68315,68886,68515,68312,77048,76367,75820,76306,75922,65995,65240,65440,65917,65335
1111,0,0,22,77439,76969,76202,76158,76816,69962,68784,69354,68987,68779,77646,76953,76423,76910,76509,66455,65704,65903,66386,65787
1112,1,0,22,76835,76380,75604,75589,76217,69505,68309,68883,68507,68310,77044,76352,75813,76300,75926,65983,65227,65437,65915,65323
1113,0,0,22,77408,76942,76158,76132,76784,69945,68752,69319,68945,68757,77596,76912,76391,76859,76486,66416,65665,65871,66353,65759
1114,1,0,22,76851,76377,75610,75599,76221,69501,68298,68890,68518,68313,77050,76365,75831,76285,75923,65997,65214,65441,65920,65323
1115,0,0,22,77426,76940,76169,76157,76788,69953,68756,69344,68970,68768,77619,76928,76389,76856,76497,66445,65666,65878,66363,65769
1116,1,0,22,76848,76388,75617,75594,76238,69502,68300,68879,68483,68310,77094,76376,75823,76301,75934,65983,65241,65436,65927,65332
1117,0,0,22,77413,76933,76156,76137,76797,69944,68738,69310,68944,68759,77653,76930,76381,76857,76474,66416,65678,65868,66363,65768
1118,1,0,22,76854,76393,75617,75601,76244,69513,68299,68892,68530,68327,77091,76377,75843,76295,75937,65995,65234,65450,65931,65364
1119,0,0,22,77414,76971,76171,76148,76818,69957,68754,69339,68974,68778,77657,76946,76419,76865,76498,66432,65678,65887,66374,65793
1120,1,0,22,76825,76388,75607,75578,76223,69503,68285,68875,68500,68293,77074,76355,75822,76270,75911,65972,65231,65434,65924,65331
1121,0,0,22,77421,76970,76178,76133,76800,69957,68746,69332,68975,68756,77654,76926,76407,76854,76471,66421,65683,65871,66380,65779
1122,1,0,22,76833,76377,75595,75576,76207,69507,68278,68873,68505,68307,77071,76357,75824,76282,75915,65966,65228,65435,65916,65325
1123,0,0,22,77426,76952,76159,76148,76787,69965,68741,69343,68976,68762,77642,76935,76404,76860,76486,66418,65671,65889,66375,65773
1124,1,0,22,76819,76376,75597,75580,76213,69496,68299,68873,68503,68299,77059,76342,75824,76277,75922,65975,65221,65425,65918,65332
1125,0,0,22,77410,76952,76176,76145,76790,69942,68765,69324,68971,68766,77622,76915,76413,76852,76491,66428,65672,65873,66374,65782
1126,1,0,22,76814,76362,75598,75579,76204,69497,68297,68880,68507,68310,77074,76334,75831,76280,75921,65973,65234,65427,65919,65348
1127,0,0,22,77410,76960,76183,76160,76803,69966,68782,69361,68961,68785,77657,76924,76418,76875,76496,66442,65691,65886,66382,65813
1128,1,0,22,76826,76375,75600,75588,76227,69489,68309,68884,68508,68313,77062,76360,75836,76283,75929,65992,65230,65443,65920,65342
1129,0,0,22,77405,76952,76167,76152,76799,69944,68771,69348,68965,68776,77640,76929,76421,76867,76497,66429,65673,65891,66377,65794
1130,1,0,22,76841,76379,75604,75588,76228,69508,68319,68904,68520,68328,77079,76361,75845,76303,75940,65995,65232,65445,65938,65352
1131,0,0,22,77423,76951,76160,76147,76798,69967,68762,69355,68976,68780,77646,76938,76415,76879,76503,66427,65674,65896,66381,65799
1132,1,0,22,76854,76397,75608,75607,76242,69518,68314,68899,68523,68337,77077,76364,75849,76310,75933,66002,65225,65448,65951,65362
1133,0,0,22,77426,76970,76169,76168,76812,69976,68775,69352,68990,68796,77652,76927,76424,76883,76496,66453,65674,65901,66398,65806
1134,1,0,22,76846,76386,75620,75610,76226,69522,68317,68896,68527,68332,77081,76382,75846,76297,75935,65976,65233,65443,65925,65349
1135,0,0,22,77436,76958,76200,76180,76814,69975,68792,69356,68993,68807,77654,76960,76417,76879,76509,66431,65682,65893,66382,65803
1136,1,0,22,76852,76376,75609,75598,76217,69507,68303,68860,68486,68323,77073,76363,75830,76313,75924,65976,65208,65438,65932,65322
1137,0,0,22,77413,76936,76164,76146,76784,69944,68749,69315,68933,68774,77636,76933,76382,76873,76473,66416,65630,65876,66359,65755
1138,1,0,22,76814,76380,75599,75574,76203,69510,68306,68878,68474,68316,77074,76354,75800,76296,75926,65982,65210,65450,65916,65313
1139,0,0,22,77413,76958,76174,76149,76793,69976,68765,69341,68962,68784,77652,76950,76369,76880,76487,66432,65669,65886,66368,65759
1140,1,0,22,76836,76372,75616,75602,76240,69501,68323,68889,68523,68336,77081,76380,75820,76321,75916,66003,65237,65432,65935,65352
1141,0,0,22,77423,76948,76170,76158,76811,69957,68786,69355,68978,68790,77651,76938,76401,76892,76488,66449,65684,65880,66395,65783
1142,1,0,22,76839,76374,75619,75586,76225,69500,68312,68885,68502,68308,77063,76353,75832,76315,75931,65994,65230,65441,65937,65329
1143,0,0,22,77423,76954,76166,76152,76793,69948,68777,69339,68962,68758,77640,76926,76412,76892,76508,66434,65666,65879,66385,65781
1144,1,0,22,76824,76367,75603,75593,76230,69500,68314,68876,68511,68310,77069,76360,75829,76301,75929,65995,65243,65439,65943,65331
1145,0,0,22,77414,76951,76178,76153,76802,69961,68779,69331,68962,68769,77641,76941,76409,76888,76491,66448,65685,65891,66398,65780
1146,1,0,22,76841,76374,75617,75610,76251,69504,68321,68885,68528,68333,77084,76365,75824,76310,75947,65998,65245,65433,65939,65338
1147,0,0,22,77416,76937,76179,76166,76819,69961,68775,69344,68972,68793,77646,76934,76403,76878,76503,66437,65681,65881,66389,65783
1148,1,0,22,76838,76392,75649,75610,76239,69532,68330,68907,68530,68344,77096,76378,75849,76313,75947,66006,65257,65465,65942,65354
1149,0,0,22,77423,76963,76194,76157,76813,69978,68791,69345,68977,68798,77651,76944,76410,76881,76508,66451,65691,65901,66389,65793
1150,1,0,22,76819,76389,75580,75580,76228,69498,68284,68866,68495,68309,77061,76346,75822,76310,75920,65977,65224,65439,65917,65334
1151,0,0,22,77410,76975,76158,76140,76811,69956,68759,69337,68975,68787,77644,76940,76412,76899,76491,66432,65678,65897,66386,65792
1152,1,0,22,76838,76407,75617,75609,76241,69517,68320,68884,68514,68346,77090,76386,75843,76324,75972,66006,65257,65458,65939,65354
1153,0,0,22,77422,76967,76176,76161,76809,69971,68775,69347,68980,68803,77667,76954,76414,76897,76523,66447,65691,65892,66384,65791
1154,1,0,22,76815,76389,75616,75594,76225,69521,68308,68871,68525,68330,77077,76370,75842,76317,75938,66011,65257,65471,65933,65337
1155,0,0,22,77392,76962,76172,76152,76789,69970,68766,69330,68980,68784,77643,76931,76414,76886,76492,66442,65702,65909,66391,65786
1156,1,0,22,76826,76352,75596,75573,76217,69491,68291,68869,68508,68322,77053,76349,75826,76308,75927,65988,65236,65436,65921,65331
1157,0,0,22,77436,76971,76198,76176,76820,69985,68792,69362,69011,68832,77669,76958,76434,76917,76531,66466,65713,65919,66411,65831
1158,1,0,22,76823,76359,75594,75581,76219,69499,68286,68866,68504,68345,77051,76362,75842,76307,75933,65996,65240,65452,65917,65351
1159,0,0,22,77420,76960,76165,76144,76799,69960,68759,69329,68965,68808,77631,76949,76419,76898,76509,66449,65698,65899,66370,65809
1160,1,0,22,76820,76356,75593,75581,76205,69486,68286,68856,68498,68327,77053,76350,75800,76308,75910,65984,65231,65436,65908,65339
1161,0,0,22,77388,76915,76153,76135,76779,69945,68756,69307,68963,68784,77611,76925,76372,76884,76478,66430,65677,65874,66364,65780
1162,1,0,22,76818,76360,75617,75578,76223,69494,68312,68871,68483,68331,77068,76366,75818,76304,75938,65987,65242,65430,65929,65338
1163,0,0,22,77385,76937,76172,76132,76786,69948,68765,69315,68941,68786,77628,76929,76395,76868,76487,66421,65669,65870,66365,65768
1164,1,0,22,76821,76377,75626,75601,76236,69513,68303,68882,68532,68348,77061,76366,75836,76315,75948,65994,65247,65458,65937,65356
1165,0,0,22,77397,76926,76175,76146,76795,69956,68748,69338,68976,68802,77629,76928,76408,76883,76505,66423,65683,65891,66376,65786
1166,1,0,22,76824,76388,75612,75599,76235,69539,68308,68883,68518,68350,77052,76378,75837,76309,75923,65993,65243,65456,65935,65344
1167,0,0,22,77410,76934,76168,76161,76810,69981,68762,69339,68979,68820,77620,76944,76423,76884,76485,66441,65687,65905,66383,65789
1168,1,0,22,76823,76371,75622,75596,76219,69516,68315,68885,68541,68350,77061,76368,75854,76328,75936,66007,65251,65451,65933,65343
1169,0,0,22,77398,76939,76178,76147,76778,69961,68772,69340,68998,68795,77630,76931,76422,76898,76491,66444,65700,65893,66376,65791
1170,1,0,22,76820,76384,75618,75583,76221,69513,68311,68888,68526,68352,77068,76373,75847,76328,75954,66010,65263,65467,65942,65350
1171,0,0,22,77395,76960,76178,76151,76807,69970,68768,69340,68987,68810,77628,76942,76413,76898,76507,66453,65699,65909,66406,65801
1172,1,0,22,76819,76386,75616,75598,76217,69520,68300,68879,68534,68349,77052,76365,75827,76326,75920,65992,65236,65451,65937,65320
1173,0,0,22,77389,76950,76176,76161,76806,69969,68758,69340,68990,68805,77619,76945,76408,76906,76498,66437,65680,65897,66386,65770
1174,1,0,22,76814,76370,75613,75577,76210,69512,68292,68862,68525,68336,77052,76365,75826,76329,75923,65985,65234,65456,65926,65322
1175,0,0,22,77404,76939,76180,76143,76801,69962,68757,69335,68984,68795,77629,76937,76403,76910,76498,66428,65680,65908,66383,65778
1176,1,0,22,76810,76367,75604,75580,76216,69505,68278,68879,68515,68331,77041,76361,75825,76325,75930,65984,65231,65458,65918,65316
1177,0,0,22,77394,76933,76156,76152,76793,69960,68745,69348,68974,68797,77634,76940,76398,76897,76493,66424,65677,65900,66383,65771
1178,1,0,22,76805,76369,75617,75581,76228,69499,68296,68874,68509,68337,77056,76359,75822,76308,75922,65983,65236,65445,65928,65320
1179,0,0,22,77407,76970,76196,76157,76817,69976,68771,69351,68975,68806,77650,76954,76411,76899,76508,66445,65711,65904,66406,65796
1180,1,0,22,76816,76376,75611,75586,76225,69504,68291,68876,68521,68347,77059,76369,75828,76308,75936,65991,65253,65447,65926,65322
1181,0,0,22,77400,76936,76163,76144,76807,69953,68741,69336,68974,68793,77622,76942,76399,76879,76499,66427,65695,65895,66368,65763
1182,1,0,22,76805,76354,75609,75559,76208,69509,68278,68863,68506,68328,77045,76370,75822,76299,75931,65983,65245,65454,65922,65325
1183,0,0,22,77407,76940,76183,76133,76804,69973,68754,69330,68962,68798,77629,76957,76420,76900,76508,66435,65700,65913,66378,65790
1184,1,0,22,76796,76358,75604,75577,76209,69504,68290,68866,68499,68327,77023,76353,75816,76310,75934,65966,65238,65434,65913,65327
1185,0,0,22,77381,76947,76171,76142,76789,69960,68736,69327,68965,68793,77616,76937,76391,76886,76507,66412,65684,65877,66366,65776
1186,1,0,22,76814,76353,75607,75575,76203,69491,68280,68865,68486,68323,77066,76358,75811,76294,75922,65956,65219,65433,65924,65309
1187,0,0,22,77404,76938,76184,76135,76794,69959,68750,69332,68960,68793,77642,76941,76397,76897,76487,66411,65691,65896,66383,65769
1188,1,0,22,76819,76365,75594,75575,76211,69500,68283,68877,68501,68330,77058,76363,75834,76319,75926,65981,65222,65446,65929,65329
1189,0,0,22,77397,76918,76163,76136,76783,69960,68730,69326,68954,68787,77628,76935,76390,76894,76487,66421,65654,65892,66375,65780
1190,1,0,22,76817,76377,75617,75585,76221,69516,68293,68885,68519,68336,77082,76380,75832,76337,75929,65998,65248,65467,65953,65339
1191,0,0,22,77402,76938,76168,76136,76792,69960,68746,69329,68966,68797,77647,76941,76407,76900,76494,66435,65695,65906,66394,65778
1192,1,0,22,76813,76372,75608,75569,76216,69508,68278,68870,68484,68334,77044,76364,75822,76321,75935,65987,65232,65440,65915,65321
1193,0,0,22,77397,76930,76161,76134,76790,69951,68741,69324,68951,68799,77607,76938,76397,76890,76491,66427,65673,65873,66358,65760
1194,1,0,22,76792,76355,75598,75559,76204,69495,68261,68865,68479,68314,77049,76342,75826,76304,75919,65979,65222,65432,65913,65322
1195,0,0,22,77384,76934,76175,76129,76793,69954,68737,69324,68950,68788,77636,76934,76412,76892,76498,66432,65688,65888,66373,65773
1196,1,0,22,76818,76357,75600,75580,76222,69494,68282,68857,68491,68328,77049,76356,75838,76313,75934,65991,65225,65441,65941,65339
1197,0,0,22,77394,76935,76179,76143,76796,69959,68757,69320,68954,68791,77639,76942,76417,76895,76504,66441,65688,65891,66397,65793
1198,1,0,22,76829,76376,75612,75575,76234,69517,68306,68874,68509,68349,77059,76372,75840,76322,75924,65985,65257,65440,65935,65351
1199,0,0,22,77396,76945,76176,76138,76809,69966,68753,69327,68971,68798,77628,76933,76419,76899,76478,66439,65693,65889,66383,65798
