rep,heat_enabled,transmitter_bit,transmitter_mask,ctrl_0_ro_0,ctrl_0_ro_1,ctrl_0_ro_2,ctrl_0_ro_3,ctrl_0_ro_4,ctrl_1_ro_0,ctrl_1_ro_1,ctrl_1_ro_2,ctrl_1_ro_3,ctrl_1_ro_4,ctrl_2_ro_0,ctrl_2_ro_1,ctrl_2_ro_2,ctrl_2_ro_3,ctrl_2_ro_4,ctrl_3_ro_0,ctrl_3_ro_1,ctrl_3_ro_2,ctrl_3_ro_3,ctrl_3_ro_4
0,1,0,22,76781,76349,75586,75571,76193,69493,68295,68882,68486,68332,77070,76348,75832,76313,75941,65982,65229,65438,65920,65310
1,0,0,22,77344,76910,76136,76115,76753,69949,68741,69333,68943,68780,77625,76914,76390,76874,76484,66422,65659,65882,66363,65739
2,1,0,22,76810,76356,75604,75593,76220,69510,68316,68895,68498,68342,77073,76377,75847,76334,75950,66002,65238,65462,65938,65317
3,0,0,22,77349,76912,76143,76122,76765,69934,68747,69325,68927,68776,77606,76933,76402,76874,76493,66419,65656,65875,66350,65747
4,1,0,22,76799,76365,75594,75574,76216,69510,68305,68876,68509,68350,77045,76377,75827,76317,75942,65993,65223,65441,65919,65322
5,0,0,22,77369,76927,76149,76134,76783,69954,68766,69339,68965,68809,77615,76956,76401,76886,76507,66436,65662,65885,66377,65762
6,1,0,22,76805,76372,75592,75593,76223,69512,68326,68884,68514,68353,77054,76394,75839,76319,75952,65987,65229,65452,65945,65332
7,0,0,22,77375,76929,76143,76141,76773,69956,68769,69333,68959,68789,77625,76948,76403,76874,76503,66414,65659,65887,66383,65755
8,1,0,22,76823,76374,75609,75590,76224,69514,68328,68882,68518,68358,77067,76394,75855,76320,75959,65988,65234,65456,65947,65326
9,0,0,22,77387,76940,76156,76144,76794,69962,68781,69341,68968,68814,77629,76958,76417,76893,76515,66432,65674,65906,66393,65779
10,1,0,22,76805,76372,75600,75587,76220,69504,68334,68877,68512,68359,77054,76381,75837,76318,75943,65985,65236,65453,65946,65326
11,0,0,22,77366,76944,76161,76143,76781,69961,68777,69348,68967,68810,77633,76944,76417,76882,76503,66430,65674,65895,66385,65769
12,1,0,22,76788,76382,75606,75581,76210,69501,68329,68885,68509,68357,77057,76365,75831,76307,75943,65990,65239,65441,65941,65328
13,0,0,22,77366,76945,76155,76131,76777,69946,68779,69331,68958,68809,77619,76931,76400,76864,76502,66430,65681,65887,66378,65769
14,1,0,22,76808,76372,75608,75592,76224,69509,68350,68888,68523,68371,77055,76384,75849,76316,75949,65998,65243,65451,65940,65330
15,0,0,22,77366,76935,76153,76145,76783,69963,68790,69339,68967,68812,77629,76948,76411,76881,76501,66435,65684,65887,66383,65772
16,1,0,22,76822,76385,75612,75606,76232,69523,68359,68889,68525,68372,77067,76384,75851,76324,75944,65997,65256,65457,65952,65343
17,0,0,22,77378,76939,76163,76155,76785,69960,68790,69343,68963,68812,77625,76946,76413,76884,76500,66430,65689,65893,66386,65778
18,1,0,22,76809,76390,75612,75601,76225,69510,68349,68893,68522,68375,77057,76388,75854,76325,75948,65993,65247,65450,65946,65342
19,0,0,22,77375,76930,76156,76139,76772,69954,68776,69324,68946,68811,77600,76937,76405,76881,76491,66413,65665,65875,66375,65772
20,1,0,22,76821,76378,75608,75593,76222,69514,68345,68880,68521,68362,77049,76373,75850,76318,75942,65981,65230,65447,65948,65329
21,0,0,22,77389,76943,76169,76153,76790,69966,68800,69348,68974,68818,77627,76946,76419,76898,76505,66434,65689,65898,66413,65791
22,1,0,22,76835,76371,75616,75598,76221,69518,68344,68887,68513,68369,77052,76392,75846,76333,75944,65995,65251,65447,65968,65345
23,0,0,22,77384,76931,76159,76132,76771,69958,68788,69329,68952,68805,77614,76936,76405,76887,76493,66416,65680,65888,66402,65779
24,1,0,22,76811,76367,75613,75578,76212,69500,68341,68878,68513,68365,77045,76379,75841,76325,75936,65979,65241,65450,65944,65333
25,0,0,22,77371,76917,76159,76131,76769,69946,68785,69331,68973,68815,77622,76941,76410,76881,76484,66420,65667,65893,66378,65782
26,1,0,22,76816,76367,75611,75581,76229,69509,68344,68891,68525,68379,77049,76397,75841,76321,75937,65982,65234,65457,65942,65347
27,0,0,22,77373,76927,76161,76136,76778,69951,68781,69332,68976,68812,77603,76958,76400,76890,76487,66420,65678,65899,66385,65778
28,1,0,22,76816,76375,75617,75589,76224,69505,68348,68886,68533,68379,77046,76400,75838,76326,75931,65989,65243,65450,65949,65340
29,0,0,22,77391,76936,76171,76153,76791,69962,68791,69346,68984,68831,77617,76961,76415,76887,76494,66434,65674,65902,66397,65785
30,1,0,22,76828,76372,75596,75585,76216,69500,68338,68887,68526,68373,77048,76397,75837,76324,75937,65978,65238,65457,65962,65332
31,0,0,22,77391,76939,76158,76137,76783,69952,68782,69341,68970,68816,77614,76959,76404,76886,76501,66419,65681,65890,66400,65775
32,1,0,22,76822,76368,75616,75588,76230,69511,68328,68888,68525,68375,77051,76395,75839,76327,75936,65986,65247,65453,65957,65351
33,0,0,22,77387,76923,76159,76134,76787,69955,68780,69340,68961,68829,77614,76950,76392,76881,76497,66430,65682,65902,66395,65788
34,1,0,22,76838,76366,75607,75585,76231,69513,68341,68889,68525,68386,77043,76388,75837,76324,75946,66001,65247,65467,65958,65354
35,0,0,22,77419,76937,76166,76148,76801,69970,68793,69348,68985,68838,77623,76963,76409,76900,76509,66438,65689,65910,66412,65799
36,1,0,22,76829,76372,75609,75590,76242,69515,68343,68893,68528,68386,77047,76382,75838,76327,75946,65993,65233,65461,65952,65347
37,0,0,22,77390,76939,76162,76145,76800,69965,68787,69354,68977,68829,77626,76943,76414,76893,76508,66439,65674,65902,66397,65787
38,1,0,22,76829,76372,75616,75593,76228,69524,68346,68899,68530,68380,77052,76385,75841,76331,75953,65992,65238,65466,65957,65344
39,0,0,22,77387,76939,76159,76134,76790,69977,68783,69344,68971,68822,77616,76944,76401,76891,76509,66432,65673,65906,66391,65777
40,1,0,22,76826,76382,75623,75595,76232,69527,68345,68890,68525,68381,77053,76383,75837,76335,75948,66003,65241,65469,65957,65343
41,0,0,22,77402,76949,76171,76146,76791,69972,68795,69350,68982,68842,77626,76963,76412,76907,76516,66442,65683,65910,66407,65790
42,1,0,22,76827,76373,75623,75589,76226,69509,68345,68886,68524,68380,77047,76383,75829,76330,75937,65986,65235,65452,65953,65340
43,0,0,22,77397,76944,76173,76150,76801,69968,68799,69337,68970,68833,77619,76960,76410,76902,76499,66435,65678,65903,66393,65792
44,1,0,22,76821,76377,75617,75596,76239,69512,68339,68884,68510,68377,77045,76390,75840,76323,75932,65990,65234,65463,65947,65341
45,0,0,22,77390,76934,76168,76136,76790,69949,68780,69327,68962,68821,77598,76947,76397,76888,76489,66418,65679,65899,66393,65782
46,1,0,22,76832,76396,75628,75590,76240,69515,68339,68884,68525,68384,77054,76393,75838,76336,75951,65991,65258,65466,65948,65352
47,0,0,22,77390,76954,76173,76150,76789,69954,68780,69344,68973,68833,77619,76962,76405,76898,76505,66433,65691,65912,66391,65786
48,1,0,22,76820,76386,75612,75595,76224,69502,68340,68891,68519,68387,77044,76387,75840,76332,75944,65984,65241,65461,65947,65340
49,0,0,22,77401,76964,76177,76158,76791,69960,68795,69353,68979,68832,77619,76963,76426,76897,76512,66430,65690,65898,66393,65792
50,1,0,22,76836,76390,75619,75600,76238,69511,68340,68893,68529,68391,77041,76393,75857,76327,75945,65997,65253,65457,65950,65348
51,0,0,22,77388,76928,76164,76138,76788,69946,68771,69341,68958,68832,77586,76944,76407,76877,76503,66431,65680,65894,66385,65777
52,1,0,22,76826,76382,75626,75595,76237,69505,68334,68888,68526,68390,77045,76399,75844,76331,75959,65992,65252,65461,65957,65351
53,0,0,22,77399,76939,76180,76140,76800,69962,68786,69345,68967,68835,77616,76960,76422,76901,76516,66434,65696,65910,66405,65787
54,1,0,22,76824,76372,75617,75587,76229,69506,68334,68879,68506,68378,77035,76388,75837,76333,75947,65988,65244,65459,65958,65338
55,0,0,22,77400,76957,76179,76152,76799,69961,68798,69349,68964,68832,77611,76959,76421,76910,76511,66443,65700,65912,66409,65791
56,1,0,22,76814,76374,75617,75598,76216,69505,68338,68884,68496,68368,77029,76376,75836,76325,75944,65985,65252,65454,65944,65337
57,0,0,22,77411,76950,76179,76164,76786,69963,68798,69350,68979,68827,77603,76970,76423,76904,76524,66438,65704,65915,66392,65797
58,1,0,22,76832,76379,75617,75596,76225,69511,68342,68886,68526,68370,77028,76397,75853,76329,75945,65985,65248,65458,65939,65341
59,0,0,22,77393,76943,76161,76143,76780,69957,68786,69336,68968,68818,77603,76952,76426,76896,76501,66434,65692,65900,66387,65786
60,1,0,22,76841,76390,75625,75609,76228,69520,68361,68897,68542,68381,77056,76403,75865,76346,75959,66004,65266,65470,65956,65355
61,0,0,22,77387,76934,76161,76144,76768,69955,68785,69337,68967,68817,77604,76954,76418,76892,76499,66424,65686,65899,66383,65769
62,1,0,22,76833,76393,75625,75597,76224,69511,68351,68886,68528,68379,77050,76406,75862,76341,75951,65990,65259,65464,65946,65340
63,0,0,22,77410,76957,76182,76159,76788,69958,68803,69354,68989,68835,77629,76971,76430,76914,76514,66442,65710,65926,66391,65800
64,1,0,22,76841,76397,75634,75602,76218,69504,68361,68890,68525,68384,77048,76392,75856,76340,75943,66002,65272,65472,65949,65345
65,0,0,22,77398,76956,76181,76151,76789,69969,68811,69338,68972,68833,77617,76967,76428,76905,76500,66442,65697,65920,66400,65792
66,1,0,22,76827,76387,75616,75587,76230,69511,68347,68877,68514,68374,77043,76388,75853,76337,75924,65989,65265,65474,65951,65335
67,0,0,22,77405,76955,76183,76148,76795,69969,68804,69339,68972,68828,77624,76965,76424,76908,76497,66426,65701,65919,66403,65783
68,1,0,22,76837,76401,75638,75605,76234,69519,68357,68891,68529,68386,77069,76404,75860,76345,75943,66001,65260,65479,65975,65350
69,0,0,22,77397,76964,76193,76160,76807,69974,68797,69346,68975,68828,77634,76970,76432,76899,76484,66437,65703,65920,66416,65788
70,1,0,22,76823,76391,75627,75586,76227,69514,68341,68881,68526,68372,77038,76388,75852,76321,75923,65980,65259,65467,65956,65333
71,0,0,22,77390,76961,76182,76140,76794,69946,68785,69333,68972,68815,77604,76957,76424,76891,76482,66428,65703,65902,66403,65786
72,1,0,22,76820,76397,75619,75580,76218,69487,68343,68865,68527,68371,77040,76389,75857,76333,75930,65979,65261,65454,65949,65335
73,0,0,22,77394,76959,76192,76141,76801,69960,68808,69340,68987,68832,77622,76953,76424,76906,76506,66432,65709,65910,66408,65795
74,1,0,22,76839,76410,75644,75614,76243,69532,68369,68900,68548,68392,77077,76403,75872,76350,75957,66006,65274,65481,65974,65361
75,0,0,22,77391,76957,76182,76140,76788,69956,68799,69334,68978,68823,77618,76955,76427,76899,76499,66427,65701,65899,66396,65786
76,1,0,22,76834,76399,75630,75597,76232,69512,68358,68883,68541,68380,77056,76394,75872,76356,75942,65991,65274,65462,65946,65341
77,0,0,22,77389,76952,76175,76146,76786,69949,68801,69326,68977,68812,77616,76955,76430,76912,76499,66433,65704,65893,66393,65785
78,1,0,22,76837,76385,75626,75582,76230,69498,68351,68874,68521,68362,77040,76383,75848,76343,75942,65979,65254,65458,65938,65334
79,0,0,22,77403,76953,76181,76141,76796,69957,68805,69342,68983,68814,77608,76958,76423,76906,76502,66422,65696,65913,66398,65783
80,1,0,22,76822,76390,75612,75581,76225,69503,68348,68876,68532,68368,77041,76392,75846,76337,75943,65977,65246,65468,65953,65334
81,0,0,22,77371,76943,76152,76131,76786,69947,68797,69336,68971,68811,77607,76943,76402,76896,76496,66417,65686,65901,66397,65773
82,1,0,22,76821,76397,75606,75587,76230,69503,68360,68893,68528,68357,77039,76391,75835,76345,75945,65982,65246,65462,65959,65327
83,0,0,22,77392,76959,76172,76137,76788,69958,68801,69350,68976,68813,77616,76957,76409,76909,76506,66430,65681,65904,66407,65773
84,1,0,22,76817,76387,75627,75595,76234,69513,68353,68900,68526,68375,77048,76392,75844,76343,75944,65998,65256,65463,65966,65340
85,0,0,22,77390,76943,76169,76137,76781,69952,68796,69349,68968,68821,77612,76947,76409,76897,76493,66436,65691,65907,66397,65778
86,1,0,22,76821,76384,75609,75589,76223,69502,68340,68883,68521,68370,77036,76378,75841,76336,75932,65992,65253,65457,65948,65332
87,0,0,22,77375,76944,76158,76135,76781,69943,68791,69329,68962,68805,77608,76938,76403,76899,76481,66421,65685,65893,66386,65766
88,1,0,22,76806,76383,75610,75581,76215,69488,68346,68870,68496,68355,77042,76377,75844,76329,75929,65970,65243,65443,65942,65321
89,0,0,22,77369,76937,76153,76127,76777,69942,68785,69317,68943,68807,77606,76938,76411,76901,76488,66415,65683,65889,66385,65758
90,1,0,22,76814,76369,75605,75578,76225,69494,68352,68878,68506,68367,77039,76368,75853,76339,75932,65975,65249,65444,65938,65321
91,0,0,22,77387,76943,76161,76135,76797,69947,68804,69341,68959,68818,77613,76945,76420,76915,76504,66426,65691,65895,66392,65780
92,1,0,22,76801,76375,75594,75573,76225,69491,68345,68876,68504,68359,77032,76363,75843,76347,75937,65972,65245,65447,65944,65320
93,0,0,22,77372,76934,76151,76134,76787,69944,68797,69331,68957,68816,77601,76931,76414,76907,76483,66414,65679,65886,66386,65759
94,1,0,22,76816,76373,75615,75586,76236,69498,68353,68888,68528,68368,77043,76380,75857,76347,75933,65986,65245,65462,65941,65327
95,0,0,22,77396,76947,76165,76147,76804,69954,68809,69353,68978,68823,77627,76955,76430,76914,76502,66438,65690,65897,66388,65779
96,1,0,22,76816,76381,75608,75583,76221,69502,68353,68890,68520,68362,77052,76368,75851,76341,75928,65983,65244,65456,65944,65327
97,0,0,22,77389,76941,76167,76137,76780,69955,68806,69344,68960,68815,77617,76939,76424,76912,76493,66428,65690,65896,66392,65769
98,1,0,22,76827,76377,75604,75578,76217,69502,68355,68881,68522,68365,77040,76375,75854,76337,75934,65989,65253,65452,65949,65333
99,0,0,22,77394,76930,76152,76135,76791,69960,68800,69335,68964,68806,77608,76954,76427,76905,76496,66428,65687,65897,66390,65769
100,1,0,22,76805,76360,75580,75572,76208,69487,68340,68870,68496,68352,77035,76370,75834,76325,75916,65980,65237,65439,65927,65317
101,0,0,22,77387,76935,76135,76137,76778,69945,68794,69322,68961,68810,77618,76939,76415,76896,76486,66421,65683,65898,66381,65773
102,1,0,22,76816,76369,75585,75568,76206,69502,68344,68878,68516,68361,77046,76379,75845,76331,75919,65981,65237,65450,65934,65329
103,0,0,22,77390,76926,76142,76125,76764,69954,68786,69335,68960,68810,77619,76945,76413,76900,76490,66419,65680,65906,66381,65774
104,1,0,22,76823,76365,75594,75574,76211,69505,68348,68879,68511,68359,77044,76374,75847,76336,75929,65987,65253,65467,65940,65324
105,0,0,22,77376,76934,76142,76106,76763,69958,68794,69332,68963,68811,77607,76939,76403,76894,76483,66422,65683,65902,66376,65769
106,1,0,22,76819,76383,75599,75570,76208,69521,68353,68888,68520,68364,77049,76380,75844,76341,75937,65992,65257,65459,65956,65336
107,0,0,22,77394,76950,76162,76117,76760,69962,68801,69350,68966,68822,77629,76956,76413,76904,76500,66427,65697,65913,66403,65774
108,1,0,22,76813,76376,75603,75557,76196,69502,68349,68882,68514,68359,77043,76386,75839,76333,75936,65981,65246,65452,65951,65324
109,0,0,22,77375,76919,76142,76107,76750,69946,68782,69322,68955,68801,77601,76943,76400,76887,76487,66404,65676,65889,66389,65766
110,1,0,22,76818,76363,75586,75557,76203,69491,68340,68876,68505,68361,77032,76377,75839,76331,75934,65974,65239,65448,65942,65325
111,0,0,22,77386,76934,76150,76113,76773,69959,68788,69337,68961,68808,77608,76950,76420,76903,76500,66420,65682,65897,66391,65769
112,1,0,22,76820,76371,75581,75559,76211,69498,68340,68873,68506,68352,77031,76381,75840,76335,75931,65972,65233,65444,65938,65318
113,0,0,22,77398,76932,76149,76117,76789,69952,68789,69337,68970,68810,77613,76959,76415,76898,76499,66418,65683,65901,66388,65771
114,1,0,22,76826,76376,75594,75560,76219,69502,68347,68878,68510,68361,77034,76400,75840,76340,75944,65983,65248,65461,65939,65326
115,0,0,22,77404,76934,76154,76129,76786,69960,68799,69338,68964,68813,77618,76979,76423,76904,76520,66440,65703,65916,66400,65782
116,1,0,22,76830,76365,75591,75564,76211,69493,68337,68881,68501,68359,77038,76385,75841,76325,75933,65982,65242,65454,65934,65319
117,0,0,22,77398,76923,76136,76124,76770,69942,68783,69329,68954,68804,77610,76955,76414,76887,76495,66423,65686,65881,66373,65766
118,1,0,22,76824,76366,75579,75565,76204,69500,68336,68872,68502,68350,77046,76381,75845,76340,75932,65982,65231,65446,65930,65332
119,0,0,22,77401,76951,76153,76142,76775,69952,68803,69339,68973,68815,77637,76963,76436,76916,76512,66433,65695,65908,66392,65789
120,1,0,22,76793,76353,75568,75551,76187,69481,68322,68853,68487,68354,77027,76360,75832,76316,75924,65963,65229,65441,65913,65313
121,0,0,22,77390,76937,76148,76121,76778,69947,68795,69327,68952,68817,77627,76947,76430,76894,76514,66416,65683,65899,66384,65773
122,1,0,22,76807,76366,75592,75551,76203,69483,68335,68864,68504,68347,77050,76378,75842,76313,75931,65977,65239,65451,65931,65318
123,0,0,22,77396,76953,76167,76131,76779,69953,68801,69340,68977,68821,77632,76965,76426,76905,76518,66435,65694,65919,66388,65785
124,1,0,22,76826,76386,75605,75569,76227,69489,68344,68883,68521,68364,77061,76389,75853,76333,75944,65983,65252,65470,65944,65340
125,0,0,22,77369,76937,76136,76111,76763,69932,68777,69315,68947,68793,77611,76937,76387,76870,76493,66414,65669,65896,66363,65758
126,1,0,22,76817,76370,75589,75563,76217,69491,68340,68864,68509,68356,77046,76378,75841,76311,75933,65977,65243,65458,65930,65324
127,0,0,22,77385,76921,76154,76121,76776,69949,68792,69332,68957,68800,77606,76947,76412,76879,76496,66427,65682,65904,66375,65769
128,1,0,22,76820,76371,75615,75584,76222,69503,68349,68888,68513,68370,77050,76383,75853,76327,75948,65988,65244,65468,65937,65340
129,0,0,22,77368,76920,76141,76116,76770,69937,68782,69334,68948,68803,77604,76928,76398,76868,76483,66413,65667,65890,66365,65769
130,1,0,22,76812,76369,75597,75566,76215,69495,68346,68876,68515,68367,77051,76376,75837,76322,75929,65975,65237,65454,65936,65332
131,0,0,22,77378,76940,76157,76129,76776,69944,68788,69340,68965,68808,77619,76943,76410,76888,76492,66418,65679,65905,66377,65784
132,1,0,22,76807,76370,75592,75562,76202,69484,68331,68865,68505,68358,77042,76370,75835,76318,75926,65966,65235,65457,65927,65331
133,0,0,22,77375,76929,76147,76107,76773,69944,68776,69342,68963,68805,77621,76946,76398,76892,76490,66409,65676,65905,66386,65780
134,1,0,22,76809,76376,75586,75567,76214,69498,68336,68877,68516,68360,77064,76374,75842,76322,75937,65972,65244,65472,65945,65335
135,0,0,22,77378,76942,76141,76113,76778,69947,68784,69328,68966,68811,77624,76936,76411,76884,76496,66415,65682,65905,66389,65777
136,1,0,22,76813,76386,75593,75557,76219,69493,68345,68875,68506,68363,77051,76366,75845,76319,75941,65979,65239,65467,65943,65341
137,0,0,22,77387,76949,76148,76115,76777,69954,68791,69342,68960,68807,77618,76941,76417,76890,76494,66418,65689,65911,66391,65785
138,1,0,22,76798,76367,75574,75553,76199,69495,68331,68879,68498,68349,77032,76366,75831,76314,75933,65964,65224,65459,65928,65324
139,0,0,22,77375,76948,76145,76118,76779,69956,68802,69339,68954,68809,77622,76942,76408,76897,76512,66413,65674,65919,66379,65778
140,1,0,22,76807,76380,75597,75560,76219,69510,68351,68884,68502,68355,77047,76377,75851,76327,75942,65968,65247,65468,65936,65333
141,0,0,22,77385,76950,76148,76130,76790,69966,68803,69346,68959,68810,77629,76945,76431,76903,76509,66425,65697,65915,66383,65786
142,1,0,22,76807,76391,75588,75582,76214,69509,68350,68885,68508,68363,77058,76368,75850,76332,75939,65977,65255,65473,65936,65337
143,0,0,22,77384,76954,76151,76142,76787,69968,68804,69349,68967,68817,77635,76948,76423,76904,76511,66436,65704,65928,66393,65800
144,1,0,22,76808,76380,75596,75584,76218,69504,68353,68884,68511,68361,77057,76362,75843,76330,75936,65986,65257,65480,65937,65350
145,0,0,22,77392,76961,76159,76131,76793,69958,68813,69347,68967,68824,77632,76943,76421,76905,76514,66437,65712,65925,66396,65796
146,1,0,22,76818,76406,75613,75591,76233,69517,68357,68896,68524,68379,77076,76384,75846,76341,75957,66002,65271,65490,65957,65364
147,0,0,22,77394,76961,76148,76152,76800,69973,68812,69351,68975,68829,77632,76961,76418,76908,76516,66444,65716,65935,66401,65807
148,1,0,22,76828,76390,75595,75594,76221,69522,68366,68905,68524,68369,77054,76390,75836,76343,75950,65999,65272,65494,65955,65357
149,0,0,22,77378,76943,76141,76121,76770,69959,68796,69351,68962,68805,77612,76941,76403,76902,76506,66425,65694,65912,66380,65787
150,1,0,22,76824,76400,75603,75595,76224,69516,68370,68901,68517,68377,77060,76388,75847,76351,75959,66002,65266,65492,65949,65363
151,0,0,22,77393,76953,76149,76142,76789,69959,68806,69356,68958,68820,77622,76953,76419,76906,76512,66429,65713,65933,66385,65792
152,1,0,22,76828,76399,75601,75588,76228,69512,68362,68903,68515,68373,77066,76391,75858,76334,75948,65986,65265,65487,65948,65363
153,0,0,22,77396,76968,76166,76149,76802,69971,68809,69368,68967,68825,77650,76965,76433,76919,76519,66435,65717,65942,66406,65812
154,1,0,22,76817,76400,75605,75591,76240,69518,68365,68909,68513,68379,77077,76399,75854,76348,75966,65989,65269,65494,65956,65363
155,0,0,22,77385,76951,76145,76136,76796,69952,68804,69343,68969,68821,77636,76957,76418,76902,76517,66423,65709,65925,66392,65793
156,1,0,22,76813,76378,75588,75580,76230,69513,68355,68885,68516,68373,77059,76396,75847,76337,75949,65988,65263,65482,65949,65352
157,0,0,22,77375,76945,76144,76126,76778,69949,68791,69328,68952,68810,77619,76953,76417,76894,76500,66407,65685,65914,66378,65781
158,1,0,22,76826,76399,75605,75586,76232,69508,68354,68890,68521,68368,77069,76395,75851,76346,75953,65982,65253,65474,65946,65348
159,0,0,22,77386,76961,76145,76128,76794,69948,68807,69347,68967,68825,77626,76952,76415,76903,76513,66418,65701,65914,66392,65795
160,1,0,22,76813,76392,75589,75575,76223,69498,68353,68897,68519,68369,77062,76383,75850,76335,75953,65980,65251,65470,65945,65351
161,0,0,22,77368,76950,76132,76121,76775,69940,68794,69340,68955,68808,77613,76932,76409,76892,76509,66409,65685,65910,66376,65770
162,1,0,22,76821,76387,75582,75574,76223,69504,68351,68885,68523,68369,77050,76388,75856,76335,75955,65981,65248,65475,65946,65335
163,0,0,22,77380,76953,76136,76118,76773,69951,68796,69337,68966,68819,77623,76954,76411,76905,76514,66417,65678,65915,66389,65775
164,1,0,22,76835,76378,75599,75594,76211,69502,68336,68898,68506,68354,77076,76388,75840,76323,75959,65991,65245,65473,65936,65350
165,0,0,22,77408,76944,76160,76132,76774,69951,68791,69353,68958,68806,77621,76952,76396,76895,76516,66436,65681,65907,66372,65785
166,1,0,22,76815,76363,75595,75564,76218,69483,68324,68873,68480,68334,77070,76394,75845,76313,75951,65980,65246,65440,65926,65312
167,0,0,22,77388,76928,76153,76115,76789,69947,68777,69327,68941,68795,77632,76966,76402,76883,76511,66417,65687,65885,66389,65770
168,1,0,22,76826,76396,75617,75588,76212,69523,68330,68879,68507,68358,77083,76404,75848,76327,75951,66003,65265,65482,65938,65334
169,0,0,22,77417,76967,76185,76151,76787,69977,68802,69333,68966,68821,77648,76978,76433,76904,76527,66454,65705,65940,66395,65780
170,1,0,22,76826,76390,75605,75573,76221,69515,68343,68869,68496,68344,77061,76393,75856,76331,75958,65994,65264,65460,65947,65328
171,0,0,22,77410,76953,76170,76133,76784,69964,68794,69333,68949,68798,77631,76961,76433,76893,76515,66444,65709,65909,66392,65783
172,1,0,22,76801,76370,75613,75569,76218,69514,68323,68869,68495,68351,77067,76402,75838,76335,75944,65992,65239,65473,65947,65336
173,0,0,22,77387,76938,76177,76144,76790,69976,68799,69339,68949,68810,77636,76970,76410,76908,76514,66437,65677,65917,66400,65789
174,1,0,22,76803,76363,75591,75582,76204,69501,68324,68872,68490,68331,77051,76374,75826,76316,75948,65986,65224,65459,65935,65308
175,0,0,22,77372,76914,76158,76124,76777,69947,68773,69333,68949,68787,77609,76937,76395,76891,76507,66429,65663,65901,66387,65751
176,1,0,22,76800,76353,75585,75553,76192,69496,68313,68867,68475,68342,77039,76370,75827,76289,75931,65980,65233,65445,65912,65326
177,0,0,22,77394,76940,76155,76116,76783,69955,68782,69330,68946,68797,77614,76954,76406,76876,76503,66423,65688,65906,66380,65780
178,1,0,22,76797,76358,75580,75565,76190,69505,68319,68864,68481,68335,77053,76370,75827,76306,75947,65988,65233,65431,65919,65324
179,0,0,22,77388,76925,76157,76131,76784,69947,68787,69334,68951,68802,77628,76955,76412,76899,76521,66442,65689,65888,66383,65777
180,1,0,22,76811,76353,75581,75568,76197,69520,68320,68873,68483,68354,77064,76376,75823,76311,75945,65993,65226,65460,65940,65323
181,0,0,22,77393,76954,76144,76146,76780,69978,68783,69329,68960,68813,77660,76966,76412,76899,76523,66441,65680,65902,66395,65777
182,1,0,22,76810,76378,75598,75578,76210,69499,68325,68863,68492,68348,77071,76385,75830,76319,75950,65987,65240,65463,65930,65357
183,0,0,22,77381,76944,76164,76146,76795,69960,68776,69323,68950,68807,77649,76949,76406,76897,76507,66437,65686,65910,66390,65797
184,1,0,22,76807,76360,75581,75569,76186,69487,68313,68855,68473,68344,77064,76376,75819,76321,75934,65983,65215,65450,65938,65319
185,0,0,22,77396,76926,76148,76123,76759,69938,68757,69308,68944,68787,77622,76932,76392,76884,76485,66417,65660,65891,66371,65769
186,1,0,22,76820,76383,75602,75591,76214,69521,68327,68874,68492,68353,77065,76396,75839,76316,75962,65998,65250,65457,65950,65352
187,0,0,22,77414,76946,76170,76163,76806,69973,68792,69332,68948,68813,77659,76962,76423,76900,76536,66436,65697,65896,66406,65803
188,1,0,22,76805,76363,75606,75584,76215,69494,68333,68876,68488,68344,77078,76388,75828,76319,75964,65986,65246,65460,65938,65352
189,0,0,22,77371,76925,76161,76122,76771,69947,68783,69321,68941,68800,77632,76952,76395,76880,76512,66419,65668,65895,66376,65792
190,1,0,22,76795,76364,75594,75574,76196,69489,68312,68857,68486,68327,77068,76373,75829,76298,75949,65982,65218,65454,65942,65335
191,0,0,22,77388,76945,76171,76144,76778,69953,68771,69329,68961,68794,77660,76966,76420,76899,76518,66440,65670,65907,66405,65788
192,1,0,22,76821,76392,75617,75594,76213,69505,68325,68878,68494,68351,77098,76394,75839,76328,75959,65993,65252,65468,65953,65338
193,0,0,22,77399,76978,76196,76162,76806,69972,68794,69353,68976,68821,77687,76974,76428,76914,76540,66456,65714,65916,66413,65797
194,1,0,22,76828,76378,75623,75615,76220,69534,68331,68882,68503,68359,77085,76395,75845,76328,75967,65992,65256,65468,65950,65342
195,0,0,22,77409,76957,76190,76176,76802,69982,68798,69349,68960,68824,77652,76967,76419,76907,76536,66448,65709,65912,66415,65798
196,1,0,22,76809,76356,75608,75579,76218,69501,68320,68862,68479,68349,77065,76385,75841,76316,75955,65988,65248,65459,65941,65317
197,0,0,22,77402,76938,76181,76147,76786,69963,68790,69330,68946,68813,77638,76960,76419,76892,76533,66441,65693,65915,66393,65780
198,1,0,22,76806,76376,75596,75576,76196,69509,68319,68876,68488,68353,77073,76390,75839,76339,75966,65993,65245,65461,65946,65321
199,0,0,22,77396,76956,76170,76153,76793,69980,68796,69337,68953,68812,77665,76977,76421,76922,76541,66438,65705,65920,66408,65785
200,1,0,22,76797,76372,75595,75581,76210,69510,68325,68867,68477,68357,77082,76398,75833,76326,75951,65998,65239,65439,65946,65344
201,0,0,22,77372,76937,76146,76142,76784,69969,68772,69326,68946,68813,77660,76975,76401,76900,76521,66443,65683,65893,66397,65786
202,1,0,22,76797,76360,75588,75567,76202,69498,68314,68866,68473,68325,77067,76378,75826,76318,75948,65978,65227,65438,65925,65324
203,0,0,22,77400,76946,76155,76134,76789,69965,68778,69326,68934,68798,77657,76958,76420,76910,76525,66435,65674,65903,66391,65781
204,1,0,22,76798,76345,75586,75568,76207,69494,68321,68865,68474,68336,77061,76385,75824,76318,75967,65993,65224,65443,65943,65326
205,0,0,22,77373,76904,76142,76129,76764,69949,68769,69317,68929,68791,77633,76953,76406,76891,76521,66434,65663,65883,66379,65764
206,1,0,22,76819,76345,75619,75575,76200,69509,68321,68892,68494,68333,77087,76383,75841,76340,75968,65999,65218,65451,65936,65343
207,0,0,22,77381,76894,76153,76102,76765,69948,68757,69321,68937,68786,77646,76946,76403,76897,76513,66430,65646,65873,66375,65772
208,1,0,22,76819,76362,75621,75570,76217,69505,68317,68895,68504,68355,77091,76397,75837,76316,75971,65997,65227,65442,65940,65331
209,0,0,22,77386,76916,76165,76120,76782,69948,68764,69335,68949,68788,77644,76941,76398,76872,76512,66418,65661,65866,66373,65757
210,1,0,22,76826,76357,75604,75577,76196,69479,68310,68876,68488,68338,77078,76396,75831,76329,75959,65993,65241,65439,65929,65329
211,0,0,22,77404,76938,76167,76149,76780,69961,68769,69343,68967,68820,77653,76971,76417,76912,76524,66439,65684,65900,66389,65777
212,1,0,22,76787,76325,75570,75568,76181,69488,68316,68860,68482,68329,77048,76375,75795,76299,75939,65978,65227,65439,65925,65315
213,0,0,22,77396,76938,76154,76151,76777,69973,68800,69343,68963,68818,77651,76986,76408,76906,76534,66449,65695,65905,66391,65785
214,1,0,22,76806,76354,75583,75566,76183,69498,68296,68858,68472,68334,77083,76386,75826,76321,75938,65973,65240,65430,65917,65322
215,0,0,22,77368,76926,76131,76124,76754,69939,68755,69310,68930,68777,77655,76940,76400,76887,76507,66413,65680,65868,66371,65759
216,1,0,22,76805,76360,75586,75576,76195,69494,68310,68857,68493,68334,77076,76369,75823,76316,75937,65980,65242,65433,65927,65313
217,0,0,22,77378,76922,76160,76130,76773,69950,68776,69318,68959,68798,77633,76948,76406,76889,76501,66419,65684,65872,66374,65760
218,1,0,22,76793,76365,75575,75554,76187,69491,68304,68852,68472,68321,77082,76379,75819,76302,75935,65983,65205,65447,65920,65319
219,0,0,22,77384,76933,76142,76115,76770,69945,68768,69317,68935,68787,77666,76962,76411,76890,76507,66435,65672,65896,66378,65777
220,1,0,22,76816,76371,75581,75566,76200,69506,68321,68863,68473,68337,77065,76387,75826,76315,75949,65991,65236,65456,65928,65327
221,0,0,22,77401,76957,76157,76130,76786,69959,68768,69332,68934,68813,77656,76968,76406,76900,76530,66445,65687,65908,66386,65786
222,1,0,22,76804,76365,75602,75575,76197,69485,68308,68857,68492,68332,77054,76370,75819,76309,75949,65982,65233,65448,65942,65335
223,0,0,22,77385,76924,76161,76144,76770,69949,68779,69309,68958,68787,77638,76952,76401,76891,76515,66438,65689,65902,66396,65766
224,1,0,22,76795,76357,75593,75552,76186,69496,68300,68853,68467,68340,77061,76379,75800,76308,75949,65980,65222,65439,65921,65312
225,0,0,22,77373,76927,76163,76116,76776,69949,68757,69304,68933,68794,77631,76937,76369,76884,76498,66431,65664,65892,66379,65767
226,1,0,22,76804,76386,75600,75569,76209,69498,68316,68855,68482,68340,77063,76381,75819,76322,75958,65996,65246,65455,65937,65325
227,0,0,22,77379,76938,76158,76134,76784,69955,68773,69311,68938,68793,77631,76950,76401,76885,76517,66438,65687,65899,66388,65777
228,1,0,22,76801,76350,75598,75565,76207,69501,68309,68871,68496,68324,77069,76392,75814,76309,75953,65996,65244,65449,65945,65322
229,0,0,22,77373,76926,76151,76117,76775,69949,68754,69311,68934,68785,77638,76951,76392,76878,76502,66439,65679,65905,66385,65753
230,1,0,22,76797,76356,75595,75579,76204,69496,68301,68855,68473,68318,77055,76376,75823,76308,75950,65996,65231,65429,65922,65336
231,0,0,22,77395,76940,76174,76153,76797,69959,68780,69331,68950,68793,77657,76968,76417,76892,76527,66458,65700,65899,66394,65805
232,1,0,22,76813,76357,75601,75588,76212,69515,68312,68864,68477,68343,77090,76387,75817,76318,75970,66012,65236,65447,65950,65340
233,0,0,22,77387,76939,76184,76153,76797,69955,68771,69316,68924,68803,77657,76966,76392,76898,76523,66459,65684,65898,66400,65791
234,1,0,22,76800,76356,75601,75574,76205,69499,68314,68869,68477,68331,77070,76388,75811,76320,75950,65998,65249,65438,65932,65333
235,0,0,22,77390,76937,76173,76136,76791,69962,68773,69333,68950,68796,77652,76962,76388,76893,76528,66446,65677,65890,66380,65785
236,1,0,22,76790,76351,75588,75562,76196,69499,68293,68860,68490,68317,77065,76363,75818,76300,75941,65971,65213,65419,65919,65308
237,0,0,22,77379,76912,76174,76131,76771,69953,68750,69306,68957,68773,77653,76950,76407,76881,76515,66422,65657,65874,66369,65762
238,1,0,22,76798,76367,75603,75582,76208,69508,68303,68849,68478,68332,77053,76381,75809,76301,75934,65993,65226,65436,65921,65307
239,0,0,22,77374,76919,76168,76136,76768,69950,68756,69312,68932,68782,77619,76957,76387,76880,76496,66429,65668,65871,66384,65755
240,1,0,22,76788,76360,75604,75578,76213,69520,68296,68858,68491,68317,77056,76403,75829,76309,75952,65991,65217,65420,65907,65321
241,0,0,22,77369,76928,76162,76119,76771,69971,68753,69301,68956,68773,77633,76968,76393,76880,76515,66435,65663,65862,66362,65767
242,1,0,22,76809,76353,75595,75589,76199,69496,68294,68856,68480,68319,77066,76370,75806,76294,75950,65981,65231,65424,65911,65324
243,0,0,22,77387,76935,76165,76134,76763,69957,68751,69311,68933,68776,77620,76938,76392,76862,76511,66428,65672,65873,66357,65772
244,1,0,22,76821,76374,75601,75575,76199,69497,68293,68856,68485,68319,77073,76386,75824,76306,75940,65997,65229,65427,65916,65324
245,0,0,22,77390,76946,76163,76127,76779,69948,68745,69314,68949,68777,77631,76951,76396,76879,76504,66437,65674,65879,66375,65776
246,1,0,22,76791,76361,75571,75554,76193,69487,68278,68845,68480,68314,77061,76352,75809,76280,75927,65984,65218,65418,65904,65321
247,0,0,22,77373,76938,76142,76123,76767,69940,68745,69312,68955,68777,77641,76929,76387,76856,76494,66431,65675,65870,66350,65781
248,1,0,22,76781,76368,75578,75564,76198,69493,68291,68837,68491,68327,77041,76370,75801,76282,75923,65966,65209,65425,65917,65314
249,0,0,22,77371,76951,76146,76130,76773,69941,68754,69301,68953,68795,77626,76945,76386,76865,76497,66420,65657,65882,66367,65764
250,1,0,22,76816,76377,75622,75588,76216,69499,68302,68852,68504,68341,77073,76380,75818,76307,75939,65983,65243,65442,65940,65316
251,0,0,22,77388,76940,76170,76140,76772,69951,68765,69320,68953,68795,77645,76946,76390,76890,76508,66435,65685,65886,66376,65762
252,1,0,22,76782,76349,75586,75553,76208,69483,68295,68841,68480,68311,77056,76374,75799,76294,75909,65971,65204,65422,65904,65316
253,0,0,22,77386,76938,76154,76127,76792,69943,68764,69309,68957,68781,77647,76946,76391,76888,76495,66425,65665,65870,66374,65779
254,1,0,22,76792,76378,75605,75571,76209,69483,68314,68837,68485,68329,77066,76375,75819,76315,75938,65968,65217,65443,65932,65325
255,0,0,22,77375,76947,76171,76132,76781,69938,68770,69304,68941,68786,77635,76947,76394,76889,76512,66413,65671,65890,66387,65769
256,1,0,22,76805,76387,75608,75583,76223,69502,68322,68868,68510,68337,77090,76376,75826,76326,75952,65991,65225,65461,65946,65327
257,0,0,22,77387,76968,76168,76153,76810,69961,68782,69328,68969,68801,77665,76958,76400,76908,76524,66445,65683,65903,66405,65785
258,1,0,22,76806,76376,75605,75581,76216,69494,68323,68852,68511,68340,77062,76383,75819,76303,75936,65975,65226,65454,65921,65308
259,0,0,22,77383,76943,76169,76143,76798,69947,68790,69317,68965,68797,77656,76948,76399,76891,76494,66428,65670,65903,66392,65766
260,1,0,22,76788,76369,75577,75553,76180,69484,68301,68827,68467,68303,77051,76362,75790,76299,75904,65958,65223,65438,65918,65299
261,0,0,22,77363,76940,76156,76126,76763,69944,68751,69290,68939,68767,77626,76947,76385,76880,76489,66408,65668,65893,66381,65755
262,1,0,22,76772,76372,75590,75565,76199,69495,68287,68849,68483,68316,77072,76384,75793,76297,75937,65986,65241,65448,65927,65321
263,0,0,22,77376,76945,76168,76142,76788,69971,68751,69313,68958,68783,77651,76959,76373,76887,76507,66425,65677,65913,66384,65775
264,1,0,22,76795,76379,75584,75578,76198,69502,68295,68852,68487,68326,77053,76376,75813,76281,75949,65983,65222,65445,65923,65307
265,0,0,22,77387,76939,76167,76144,76778,69958,68758,69315,68949,68784,77644,76955,76404,76856,76520,66423,65663,65896,66371,65761
266,1,0,22,76806,76364,75598,75569,76197,69510,68301,68854,68484,68322,77064,76388,75810,76284,75935,65972,65236,65436,65922,65309
267,0,0,22,77375,76933,76158,76123,76761,69949,68748,69302,68927,68777,77645,76957,76366,76855,76500,66414,65678,65873,66372,65768
268,1,0,22,76803,76391,75601,75599,76188,69504,68303,68860,68499,68340,77074,76382,75823,76285,75949,65991,65241,65459,65929,65315
269,0,0,22,77379,76951,76169,76154,76774,69952,68761,69314,68951,68793,77650,76955,76395,76865,76509,66438,65683,65902,66375,65758
270,1,0,22,76797,76381,75636,75582,76199,69509,68306,68858,68491,68325,77066,76387,75809,76292,75940,65997,65250,65459,65917,65331
271,0,0,22,77360,76926,76168,76132,76762,69945,68744,69300,68946,68768,77630,76935,76368,76847,76495,66423,65684,65893,66367,65758
272,1,0,22,76798,76380,75616,75591,76190,69484,68313,68855,68476,68342,77077,76382,75834,76304,75950,65977,65249,65459,65935,65331
273,0,0,22,77362,76931,76160,76125,76762,69925,68748,69300,68930,68787,77629,76939,76387,76864,76495,66413,65678,65895,66369,65758
274,1,0,22,76784,76394,75606,75580,76191,69498,68300,68858,68500,68349,77084,76404,75843,76308,75933,65986,65249,65454,65951,65329
275,0,0,22,77361,76949,76170,76139,76764,69952,68757,69310,68959,68804,77650,76976,76406,76885,76494,66430,65698,65908,66393,65780
276,1,0,22,76777,76353,75591,75550,76179,69478,68283,68852,68476,68310,77061,76354,75800,76282,75931,65972,65233,65427,65898,65291
277,0,0,22,77384,76944,76176,76135,76770,69946,68755,69317,68958,68793,77659,76950,76397,76882,76507,66442,65690,65890,66376,65749
278,1,0,22,76800,76368,75606,75573,76205,69509,68316,68856,68479,68324,77087,76383,75816,76315,75950,66003,65254,65443,65943,65315
279,0,0,22,77392,76948,76173,76136,76793,69976,68781,69315,68950,68780,77668,76958,76414,76887,76532,66454,65696,65898,66397,65774
280,1,0,22,76800,76366,75611,75580,76196,69487,68303,68847,68458,68327,77090,76379,75818,76320,75939,65975,65244,65453,65923,65309
281,0,0,22,77366,76928,76177,76122,76773,69948,68757,69317,68926,68788,77664,76951,76398,76890,76500,66415,65690,65895,66362,65747
282,1,0,22,76775,76367,75608,75571,76195,69476,68306,68860,68474,68323,77079,76383,75820,76303,75926,65978,65231,65436,65919,65303
283,0,0,22,77368,76939,76174,76139,76770,69920,68770,69322,68930,68786,77647,76959,76393,76877,76495,66423,65682,65890,66374,65751
284,1,0,22,76796,76362,75604,75572,76202,69491,68309,68842,68471,68345,77072,76376,75804,76295,75930,65973,65237,65433,65923,65315
285,0,0,22,77382,76951,76175,76134,76790,69958,68776,69313,68949,68808,77662,76978,76404,76882,76505,66436,65708,65904,66383,65775
286,1,0,22,76807,76370,75628,75585,76219,69495,68333,68864,68501,68331,77080,76415,75837,76312,75965,65998,65262,65451,65928,65330
287,0,0,22,77365,76930,76170,76126,76770,69943,68770,69296,68945,68768,77643,76963,76395,76880,76501,66430,65691,65884,66374,65771
288,1,0,22,76812,76385,75624,75583,76226,69505,68325,68870,68501,68351,77079,76403,75842,76325,75961,66016,65248,65448,65959,65334
289,0,0,22,77389,76948,76175,76128,76787,69931,68771,69319,68949,68801,77625,76965,76403,76892,76515,66443,65689,65882,66395,65773
290,1,0,22,76797,76363,75616,75570,76191,69488,68314,68856,68491,68334,77079,76396,75817,76321,75943,65985,65246,65448,65928,65325
291,0,0,22,77379,76926,76170,76127,76768,69948,68770,69315,68951,68796,77639,76953,76395,76895,76497,66428,65696,65891,66379,65762
292,1,0,22,76783,76356,75597,75573,76190,69487,68316,68862,68478,68349,77076,76384,75824,76332,75953,65979,65245,65432,65931,65309
293,0,0,22,77369,76929,76164,76131,76765,69943,68765,69310,68932,68797,77648,76961,76398,76901,76511,66413,65690,65882,66378,65753
294,1,0,22,76809,76370,75622,75587,76190,69507,68303,68876,68499,68348,77102,76390,75842,76333,75956,65995,65254,65448,65934,65322
295,0,0,22,77384,76923,76186,76151,76780,69969,68763,69330,68955,68801,77673,76956,76417,76911,76525,66440,65692,65894,66393,65771
296,1,0,22,76770,76359,75583,75544,76183,69476,68290,68846,68462,68328,77064,76365,75822,76303,75920,65965,65214,65422,65907,65294
297,0,0,22,77365,76936,76156,76120,76761,69945,68757,69315,68932,68794,77649,76947,76407,76891,76501,66420,65670,65881,66372,65751
298,1,0,22,76791,76356,75613,75581,76203,69494,68300,68853,68492,68354,77081,76374,75821,76316,75946,65976,65241,65422,65944,65317
299,0,0,22,77356,76913,76158,76127,76760,69942,68752,69292,68926,68795,77635,76940,76382,76868,76497,66415,65680,65865,66376,65752
300,1,0,22,76792,76362,75602,75578,76201,69489,68304,68858,68481,68336,77077,76378,75807,76317,75940,65994,65225,65436,65933,65317
301,0,0,22,77348,76902,76151,76114,76749,69922,68738,69302,68921,68777,77633,76923,76360,76867,76473,66416,65655,65860,66364,65746
302,1,0,22,76802,76392,75615,75587,76203,69510,68310,68863,68491,68350,77071,76402,75822,76338,75958,65993,65244,65445,65948,65319
303,0,0,22,77366,76939,76172,76122,76775,69947,68757,69311,68944,68789,77629,76956,76382,76903,76505,66425,65677,65882,66376,65765
304,1,0,22,76782,76356,75599,75582,76189,69488,68287,68846,68490,68330,77072,76373,75804,76314,75938,65994,65224,65438,65921,65325
305,0,0,22,77364,76941,76159,76145,76769,69957,68752,69305,68953,68797,77653,76955,76389,76892,76512,66441,65689,65898,66376,65781
306,1,0,22,76781,76353,75614,75570,76201,69497,68283,68840,68487,68336,77069,76364,75810,76300,75934,65984,65226,65434,65938,65324
307,0,0,22,77358,76909,76174,76119,76766,69955,68737,69299,68937,68786,77648,76942,76382,76881,76502,66420,65665,65883,66392,65770
308,1,0,22,76815,76365,75625,75597,76228,69512,68314,68854,68504,68358,77094,76392,75831,76322,75967,65992,65255,65468,65954,65340
309,0,0,22,77398,76934,76187,76161,76809,69969,68780,69313,68973,68813,77674,76966,76416,76909,76521,66445,65709,65912,66410,65801
310,1,0,22,76809,76380,75617,75590,76226,69519,68321,68869,68518,68366,77096,76383,75831,76312,75963,66005,65251,65467,65947,65338
311,0,0,22,77391,76951,76178,76147,76790,69973,68777,69323,68982,68827,77676,76951,76410,76899,76522,66452,65696,65916,66403,65784
312,1,0,22,76794,76385,75594,75571,76204,69496,68301,68845,68512,68352,77082,76383,75825,76322,75954,65992,65244,65432,65927,65333
313,0,0,22,77358,76928,76133,76113,76759,69940,68741,69290,68945,68802,77628,76939,76387,76876,76497,66430,65665,65867,66365,65757
314,1,0,22,76784,76375,75600,75564,76192,69485,68296,68849,68475,68333,77064,76356,75814,76316,75931,65975,65230,65438,65918,65315
315,0,0,22,77365,76932,76161,76116,76752,69932,68744,69305,68934,68786,77632,76924,76383,76885,76487,66423,65676,65878,66374,65753
316,1,0,22,76796,76352,75590,75546,76196,69485,68277,68837,68472,68320,77064,76361,75816,76287,75923,65975,65216,65409,65923,65302
317,0,0,22,77373,76933,76162,76125,76766,69940,68745,69302,68937,68786,77644,76933,76396,76874,76494,66429,65663,65868,66379,65765
318,1,0,22,76791,76374,75597,75557,76197,69481,68291,68850,68465,68341,77075,76366,75816,76311,75920,65994,65227,65419,65928,65317
319,0,0,22,77365,76947,76159,76117,76779,69944,68750,69313,68914,68805,77657,76936,76407,76889,76477,66441,65669,65866,66368,65766
320,1,0,22,76795,76372,75597,75567,76195,69495,68297,68858,68470,68340,77090,76375,75830,76312,75936,65992,65238,65429,65933,65309
321,0,0,22,77374,76932,76167,76126,76780,69937,68762,69314,68921,68794,77662,76957,76409,76882,76499,66426,65673,65878,66374,65757
322,1,0,22,76768,76342,75595,75575,76191,69481,68297,68845,68463,68328,77080,76375,75829,76313,75929,65998,65199,65443,65937,65317
323,0,0,22,77340,76897,76151,76118,76746,69928,68748,69296,68912,68761,77635,76937,76387,76878,76483,66420,65634,65870,66374,65749
324,1,0,22,76767,76360,75588,75561,76178,69468,68299,68845,68459,68312,77065,76346,75819,76300,75914,65975,65218,65425,65922,65319
325,0,0,22,77371,76932,76163,76122,76754,69929,68759,69307,68920,68783,77641,76922,76399,76868,76479,66425,65664,65870,66370,65784
326,1,0,22,76791,76363,75596,75574,76195,69499,68303,68847,68509,68346,77088,76352,75826,76314,75925,65986,65234,65435,65938,65332
327,0,0,22,77376,76943,76165,76137,76772,69950,68763,69309,68969,68796,77646,76920,76399,76898,76500,66438,65683,65886,66393,65780
328,1,0,22,76784,76357,75581,75557,76182,69486,68288,68851,68448,68317,77079,76356,75831,76314,75919,65969,65213,65431,65932,65315
329,0,0,22,77370,76932,76150,76124,76760,69936,68748,69313,68932,68781,77648,76935,76406,76902,76491,66419,65669,65885,66388,65767
330,1,0,22,76779,76365,75578,75563,76175,69483,68285,68850,68472,68319,77076,76341,75821,76296,75927,65979,65219,65433,65923,65313
331,0,0,22,77363,76926,76155,76135,76764,69932,68757,69307,68929,68778,77657,76917,76408,76880,76491,66422,65657,65875,66373,65756
332,1,0,22,76785,76360,75591,75581,76205,69487,68312,68868,68476,68332,77108,76354,75825,76325,75920,65995,65249,65446,65944,65323
333,0,0,22,77374,76939,76165,76146,76784,69954,68771,69324,68949,68800,77682,76942,76414,76911,76491,66440,65690,65892,66393,65787
334,1,0,22,76789,76377,75618,75574,76207,69502,68312,68881,68473,68345,77080,76356,75828,76329,75947,65989,65251,65439,65939,65314
335,0,0,22,77369,76940,76173,76126,76790,69961,68764,69332,68938,68796,77651,76927,76397,76890,76504,66430,65691,65887,66396,65768
336,1,0,22,76792,76377,75612,75570,76208,69496,68312,68861,68483,68335,77077,76358,75842,76303,75942,65972,65221,65442,65913,65324
337,0,0,22,77381,76944,76188,76135,76793,69966,68767,69333,68955,68796,77649,76932,76418,76892,76506,66432,65688,65889,66377,65775
338,1,0,22,76773,76375,75608,75572,76198,69498,68308,68870,68465,68335,77085,76361,75824,76309,75931,65994,65250,65440,65948,65319
339,0,0,22,77388,76964,76198,76154,76798,69981,68791,69340,68948,68817,77657,76959,76422,76901,76523,66450,65698,65906,66409,65790
340,1,0,22,76784,76382,75583,75573,76190,69485,68305,68857,68478,68335,77086,76350,75829,76305,75921,65972,65230,65434,65919,65312
341,0,0,22,77354,76942,76151,76129,76754,69928,68760,69310,68939,68788,77651,76923,76385,76882,76467,66410,65679,65877,66366,65752
342,1,0,22,76768,76353,75590,75565,76186,69483,68290,68848,68469,68323,77055,76362,75815,76287,75908,65955,65209,65419,65909,65309
343,0,0,22,77353,76935,76176,76135,76776,69944,68760,69316,68940,68808,77645,76941,76394,76872,76487,66414,65677,65884,66375,65749
344,1,0,22,76799,76381,75613,75571,76205,69498,68304,68855,68476,68353,77073,76374,75817,76311,75936,65975,65230,65444,65938,65328
345,0,0,22,77381,76967,76176,76131,76786,69946,68764,69328,68953,68825,77668,76951,76410,76898,76502,66430,65695,65898,66392,65782
346,1,0,22,76797,76394,75604,75592,76202,69507,68313,68870,68472,68346,77074,76376,75834,76314,75947,65993,65257,65449,65948,65330
347,0,0,22,77378,76971,76173,76160,76776,69951,68778,69331,68948,68807,77648,76959,76422,76886,76514,66442,65702,65903,66401,65782
348,1,0,22,76772,76367,75586,75568,76191,69477,68309,68850,68468,68318,77062,76366,75808,76291,75908,65965,65211,65433,65920,65314
349,0,0,22,77368,76939,76153,76134,76765,69936,68764,69315,68932,68774,77629,76945,76393,76861,76478,66415,65657,65880,66378,65766
350,1,0,22,76790,76374,75602,75562,76210,69505,68289,68862,68473,68341,77077,76365,75815,76294,75907,65967,65217,65433,65917,65320
351,0,0,22,77364,76945,76168,76124,76785,69959,68751,69319,68929,68800,77657,76945,76391,76862,76483,66405,65656,65887,66365,65768
352,1,0,22,76787,76349,75591,75579,76193,69502,68292,68850,68470,68332,77061,76363,75815,76304,75918,65971,65239,65434,65907,65319
353,0,0,22,77361,76929,76161,76131,76770,69962,68749,69304,68933,68793,77639,76928,76391,76882,76475,66413,65681,65877,66357,65762
354,1,0,22,76764,76350,75585,75549,76190,69470,68294,68845,68477,68311,77060,76353,75806,76292,75913,65954,65213,65426,65918,65302
355,0,0,22,77358,76942,76165,76130,76778,69944,68764,69316,68942,68784,77650,76942,76399,76883,76503,66420,65673,65882,66372,65774
356,1,0,22,76796,76382,75609,75583,76212,69516,68325,68868,68487,68334,77089,76377,75853,76319,75963,65997,65234,65449,65925,65326
357,0,0,22,77354,76935,76150,76118,76769,69944,68761,69312,68927,68779,77642,76939,76407,76881,76489,66424,65673,65882,66364,65768
358,1,0,22,76782,76339,75574,75563,76172,69476,68299,68846,68468,68336,77062,76354,75819,76293,75922,65976,65239,65428,65914,65320
359,0,0,22,77364,76922,76142,76128,76777,69939,68758,69306,68931,68806,77644,76937,76395,76864,76485,66431,65677,65880,66361,65776
360,1,0,22,76799,76373,75606,75575,76203,69499,68327,68852,68490,68348,77102,76380,75826,76309,75932,65984,65223,65444,65925,65351
361,0,0,22,77362,76924,76150,76114,76767,69937,68767,69293,68941,68791,77656,76944,76394,76867,76482,66428,65662,65879,66360,65784
362,1,0,22,76784,76361,75603,75565,76203,69499,68301,68859,68494,68346,77082,76382,75842,76302,75934,65990,65231,65439,65924,65334
363,0,0,22,77368,76925,76171,76116,76772,69952,68772,69317,68953,68808,77661,76963,76415,76879,76506,66439,65674,65893,66365,65772
364,1,0,22,76759,76336,75585,75553,76174,69459,68291,68839,68459,68335,77066,76356,75818,76295,75902,65961,65204,65403,65903,65310
365,0,0,22,77350,76917,76143,76119,76754,69916,68744,69297,68923,68796,77640,76940,76408,76877,76472,66412,65656,65863,66363,65765
366,1,0,22,76796,76369,75601,75567,76213,69503,68312,68841,68484,68361,77091,76380,75832,76317,75932,65998,65239,65454,65938,65336
367,0,0,22,77381,76932,76156,76113,76780,69957,68768,69310,68942,68815,77660,76959,76403,76900,76501,66436,65671,65891,66380,65780
368,1,0,22,76770,76368,75590,75556,76198,69487,68284,68834,68470,68322,77054,76370,75831,76305,75915,65974,65210,65429,65910,65319
369,0,0,22,77355,76948,76134,76124,76763,69938,68735,69288,68922,68788,77632,76932,76404,76878,76482,66420,65655,65870,66357,65762
370,1,0,22,76778,76336,75585,75557,76174,69475,68277,68837,68458,68321,77067,76356,75813,76283,75920,65961,65207,65424,65902,65306
371,0,0,22,77379,76915,76161,76127,76762,69941,68743,69301,68934,68798,77638,76947,76404,76885,76491,66409,65677,65877,66366,65759
372,1,0,22,76780,76362,75596,75564,76190,69498,68295,68851,68465,68328,77063,76367,75817,76309,75926,65976,65216,65426,65905,65332
373,0,0,22,77355,76933,76158,76120,76759,69935,68747,69300,68909,68776,77630,76939,76381,76871,76482,66417,65650,65872,66344,65771
374,1,0,22,76787,76356,75592,75570,76201,69494,68301,68857,68466,68340,77080,76386,75811,76301,75941,65963,65237,65437,65911,65341
375,0,0,22,77365,76922,76146,76124,76759,69943,68756,69301,68929,68799,77639,76935,76381,76865,76488,66402,65679,65867,66369,65777
376,1,0,22,76793,76364,75609,75567,76204,69495,68316,68848,68488,68356,77069,76378,75836,76314,75938,65992,65230,65449,65931,65334
377,0,0,22,77362,76925,76160,76114,76766,69941,68763,69290,68929,68812,77626,76947,76406,76892,76487,66422,65672,65882,66370,65781
378,1,0,22,76800,76367,75587,75570,76185,69497,68313,68840,68478,68341,77089,76379,75835,76300,75934,65986,65245,65435,65937,65333
379,0,0,22,77379,76940,76150,76128,76760,69943,68770,69303,68948,68788,77648,76949,76415,76877,76492,66434,65679,65888,66392,65776
380,1,0,22,76782,76362,75575,75573,76187,69482,68309,68830,68475,68324,77076,76377,75828,76293,75931,65984,65217,65427,65930,65331
381,0,0,22,77363,76931,76145,76146,76760,69942,68768,69294,68943,68787,77655,76950,76417,76882,76497,66431,65666,65884,66388,65784
382,1,0,22,76769,76351,75567,75569,76183,69491,68299,68836,68477,68325,77071,76357,75813,76308,75906,65983,65230,65434,65917,65319
383,0,0,22,77375,76952,76159,76149,76783,69965,68778,69318,68957,68799,77666,76953,76432,76906,76507,66446,65703,65910,66396,65793
384,1,0,22,76792,76366,75584,75566,76194,69490,68307,68852,68472,68331,77074,76376,75835,76319,75918,65990,65226,65426,65926,65329
385,0,0,22,77373,76935,76140,76125,76773,69944,68762,69309,68935,68799,77625,76953,76402,76890,76483,66420,65680,65872,66379,65779
386,1,0,22,76794,76382,75598,75563,76199,69490,68303,68838,68473,68329,77070,76360,75820,76302,75933,65971,65235,65429,65916,65328
387,0,0,22,77363,76949,76161,76126,76767,69934,68763,69298,68936,68790,77643,76927,76400,76881,76490,66419,65684,65883,66368,65778
388,1,0,22,76784,76384,75586,75567,76182,69482,68301,68841,68466,68336,77063,76352,75823,76298,75918,65964,65230,65428,65920,65316
389,0,0,22,77369,76958,76154,76136,76779,69953,68777,69309,68931,68815,77645,76941,76407,76887,76488,66423,65688,65890,66394,65772
390,1,0,22,76772,76363,75568,75553,76182,69481,68294,68829,68466,68326,77058,76353,75808,76292,75928,65962,65226,65416,65916,65305
391,0,0,22,77362,76948,76142,76125,76771,69947,68761,69292,68935,68795,77626,76926,76403,76887,76501,66417,65683,65880,66373,65761
392,1,0,22,76763,76364,75576,75533,76192,69471,68303,68829,68481,68322,77065,76350,75820,76272,75913,65949,65221,65420,65911,65323
393,0,0,22,77360,76938,76147,76099,76780,69941,68764,69298,68946,68802,77631,76936,76396,76867,76477,66409,65674,65871,66358,65780
394,1,0,22,76791,76386,75608,75580,76195,69524,68318,68855,68477,68320,77087,76375,75850,76307,75924,66000,65261,65455,65937,65358
395,0,0,22,77378,76931,76176,76132,76767,69960,68763,69305,68941,68783,77646,76943,76408,76880,76494,66437,65695,65888,66383,65786
396,1,0,22,76798,76393,75614,75578,76199,69511,68317,68866,68494,68346,77085,76372,75837,76322,75928,65988,65258,65450,65948,65349
397,0,0,22,77357,76945,76158,76122,76760,69953,68759,69314,68953,68778,77641,76936,76406,76888,76481,66428,65688,65886,66390,65785
398,1,0,22,76794,76373,75599,75572,76199,69515,68279,68858,68482,68332,77080,76366,75847,76316,75933,65989,65254,65443,65929,65342
399,0,0,22,77369,76946,76163,76130,76779,69970,68761,69311,68934,68774,77635,76944,76419,76879,76494,66424,65685,65887,66376,65776
400,1,0,22,76782,76365,75596,75580,76196,69504,68299,68843,68464,68312,77065,76354,75823,76299,75930,65978,65244,65422,65921,65340
401,0,0,22,77373,76970,76178,76158,76804,69969,68781,69322,68951,68802,77665,76950,76427,76888,76510,66441,65708,65888,66396,65794
402,1,0,22,76781,76379,75579,75552,76205,69485,68303,68837,68467,68310,77074,76374,75830,76296,75918,65983,65240,65414,65919,65336
403,0,0,22,77362,76943,76155,76118,76777,69948,68756,69302,68936,68771,77647,76947,76405,76882,76493,66426,65694,65856,66372,65789
404,1,0,22,76791,76368,75590,75565,76200,69490,68312,68869,68489,68338,77068,76364,75832,76291,75932,65975,65226,65429,65938,65336
405,0,0,22,77371,76952,76154,76127,76776,69956,68774,69331,68968,68811,77644,76959,76415,76878,76505,66424,65685,65879,66384,65783
406,1,0,22,76775,76378,75609,75562,76201,69503,68302,68857,68492,68324,77067,76367,75832,76283,75928,65988,65233,65435,65927,65337
407,0,0,22,77365,76938,76184,76134,76783,69955,68762,69319,68955,68790,77641,76952,76416,76881,76503,66441,65696,65890,66381,65798
408,1,0,22,76764,76326,75568,75560,76176,69486,68302,68851,68479,68308,77060,76346,75823,76258,75914,65982,65232,65417,65901,65326
409,0,0,22,77352,76929,76156,76131,76752,69957,68776,69324,68946,68787,77642,76945,76404,76855,76506,66441,65676,65872,66373,65788
410,1,0,22,76786,76353,75598,75567,76190,69501,68296,68860,68489,68333,77071,76376,75843,76301,75907,65990,65233,65429,65919,65331
411,0,0,22,77361,76909,76159,76121,76757,69949,68749,69306,68939,68780,77638,76941,76402,76861,76460,66429,65665,65873,66365,65761
412,1,0,22,76784,76346,75590,75563,76177,69479,68287,68849,68484,68307,77064,76347,75839,76299,75927,66003,65211,65410,65921,65320
413,0,0,22,77375,76919,76157,76132,76764,69945,68752,69325,68938,68782,77647,76937,76427,76874,76497,66445,65662,65857,66371,65778
414,1,0,22,76786,76375,75589,75578,76184,69493,68300,68857,68479,68341,77083,76366,75819,76305,75932,65990,65231,65423,65920,65345
415,0,0,22,77367,76949,76157,76141,76761,69963,68762,69319,68942,68807,77661,76933,76408,76882,76494,66451,65691,65872,66387,65803
416,1,0,22,76785,76382,75590,75582,76198,69495,68305,68871,68502,68355,77064,76378,75837,76307,75947,66008,65243,65422,65943,65357
417,0,0,22,77368,76934,76158,76134,76760,69940,68763,69323,68950,68801,77630,76938,76401,76868,76495,66443,65674,65865,66380,65790
418,1,0,22,76787,76385,75618,75583,76197,69510,68304,68877,68494,68351,77085,76377,75835,76305,75937,66005,65241,65434,65939,65342
419,0,0,22,77366,76942,76178,76132,76768,69951,68761,69328,68947,68805,77649,76937,76401,76877,76502,66447,65689,65868,66378,65784
420,1,0,22,76774,76361,75602,75574,76187,69472,68288,68860,68478,68334,77044,76377,75812,76320,75934,65981,65230,65412,65912,65332
421,0,0,22,77369,76933,76178,76132,76757,69938,68758,69324,68941,68809,77628,76956,76397,76903,76501,66434,65690,65877,66370,65795
422,1,0,22,76803,76369,75616,75578,76198,69499,68307,68876,68510,68343,77090,76372,75830,76329,75956,66013,65250,65443,65960,65354
423,0,0,22,77381,76940,76169,76129,76759,69957,68763,69325,68966,68800,77662,76944,76412,76898,76509,66453,65689,65891,66392,65803
424,1,0,22,76782,76366,75583,75585,76187,69512,68306,68869,68483,68345,77089,76383,75831,76308,75923,65997,65240,65433,65926,65343
425,0,0,22,77370,76937,76144,76146,76760,69962,68775,69330,68946,68802,77668,76949,76411,76892,76486,66448,65680,65874,66368,65783
426,1,0,22,76792,76387,75609,75565,76202,69523,68310,68874,68495,68339,77086,76372,75829,76303,75937,66009,65249,65444,65929,65345
427,0,0,22,77363,76959,76168,76124,76773,69965,68754,69315,68947,68815,77653,76942,76398,76869,76491,66442,65692,65884,66382,65786
428,1,0,22,76801,76373,75596,75596,76210,69514,68309,68866,68498,68365,77075,76371,75849,76314,75967,65999,65251,65430,65940,65337
429,0,0,22,77361,76933,76143,76133,76764,69957,68754,69318,68942,68810,77639,76927,76404,76873,76512,66428,65684,65874,66374,65780
430,1,0,22,76786,76380,75591,75575,76192,69509,68316,68876,68490,68329,77074,76383,75826,76289,75945,65991,65221,65436,65934,65315
431,0,0,22,77351,76935,76144,76128,76763,69962,68759,69318,68942,68781,77633,76942,76390,76853,76494,66422,65660,65862,66374,65744
432,1,0,22,76785,76354,75595,75565,76201,69497,68310,68855,68474,68327,77073,76365,75824,76290,75921,65996,65230,65436,65920,65309
433,0,0,22,77354,76912,76159,76119,76779,69940,68766,69316,68947,68774,77627,76942,76396,76863,76482,66431,65671,65873,66361,65743
434,1,0,22,76791,76378,75593,75565,76181,69508,68312,68868,68489,68349,77070,76382,75833,76303,75939,65975,65237,65431,65928,65316
435,0,0,22,77359,76938,76157,76107,76760,69951,68766,69312,68933,68795,77636,76946,76386,76874,76497,66407,65677,65864,66363,65751
436,1,0,22,76782,76367,75582,75584,76187,69511,68311,68866,68471,68350,77053,76370,75826,76303,75925,65970,65225,65419,65921,65298
437,0,0,22,77369,76941,76145,76144,76766,69957,68763,69322,68933,68807,77640,76939,76402,76887,76501,66413,65674,65868,66379,65750
438,1,0,22,76776,76355,75585,75586,76176,69500,68303,68855,68467,68328,77064,76371,75816,76297,75939,65973,65219,65430,65923,65305
439,0,0,22,77372,76939,76161,76144,76764,69960,68771,69318,68944,68801,77645,76944,76415,76891,76509,66423,65671,65878,66371,65750
440,1,0,22,76819,76391,75628,75585,76210,69521,68321,68876,68501,68370,77071,76389,75856,76328,75940,65994,65255,65464,65937,65335
441,0,0,22,77401,76948,76185,76145,76785,69976,68778,69335,68954,68827,77646,76958,76421,76905,76502,66435,65705,65907,66389,65778
442,1,0,22,76799,76386,75623,75569,76203,69524,68308,68882,68512,68364,77072,76381,75846,76334,75931,65993,65244,65436,65947,65338
443,0,0,22,77373,76951,76182,76122,76773,69984,68765,69322,68960,68824,77646,76959,76424,76905,76499,66428,65686,65883,66391,65771
444,1,0,22,76793,76371,75609,75566,76203,69515,68301,68852,68493,68325,77059,76359,75830,76305,75933,65993,65239,65435,65924,65330
445,0,0,22,77380,76942,76163,76129,76771,69959,68752,69311,68947,68788,77632,76926,76412,76882,76495,66438,65681,65881,66375,65774
446,1,0,22,76792,76360,75609,75564,76206,69509,68302,68872,68483,68345,77067,76388,75825,76310,75919,65992,65230,65448,65920,65313
447,0,0,22,77371,76930,76186,76119,76788,69963,68771,69330,68948,68800,77646,76966,76401,76883,76483,66442,65681,65908,66385,65772
448,1,0,22,76786,76368,75602,75575,76191,69503,68308,68869,68489,68340,77072,76378,75826,76316,75921,65994,65236,65440,65929,65326
449,0,0,22,77369,76943,76165,76137,76768,69968,68769,69329,68951,68809,77635,76946,76399,76894,76487,66441,65685,65889,66389,65784
450,1,0,22,76801,76375,75626,75578,76208,69517,68308,68870,68492,68352,77064,76375,75825,76321,75932,65999,65257,65451,65927,65315
451,0,0,22,77396,76955,76194,76140,76779,69984,68767,69338,68962,68811,77641,76968,76409,76899,76509,66443,65696,65905,66392,65781
452,1,0,22,76798,76367,75623,75569,76211,69496,68298,68865,68477,68346,77064,76368,75826,76306,75924,65978,65241,65445,65920,65316
453,0,0,22,77380,76945,76199,76141,76774,69953,68759,69330,68941,68811,77646,76954,76411,76889,76503,66433,65689,65899,66385,65767
454,1,0,22,76780,76350,75600,75557,76180,69492,68294,68852,68469,68343,77053,76373,75805,76290,75900,65959,65219,65442,65930,65305
455,0,0,22,77375,76948,76182,76137,76780,69971,68775,69326,68955,68815,77640,76970,76409,76889,76490,66415,65688,65906,66404,65765
456,1,0,22,76787,76355,75591,75572,76184,69495,68299,68856,68473,68332,77068,76362,75833,76306,75929,65971,65232,65439,65926,65305
457,0,0,22,77366,76925,76167,76141,76770,69946,68759,69308,68929,68806,77640,76947,76412,76885,76496,66429,65671,65894,66376,65766
458,1,0,22,76772,76340,75580,75569,76168,69481,68285,68839,68467,68314,77054,76360,75796,76268,75902,65962,65196,65429,65910,65301
459,0,0,22,77366,76923,76146,76133,76771,69944,68756,69309,68942,68778,77643,76941,76378,76858,76479,66418,65658,65876,66358,65758
460,1,0,22,76790,76348,75588,75579,76189,69484,68294,68841,68497,68323,77070,76371,75813,76298,75927,65985,65217,65434,65915,65312
461,0,0,22,77377,76931,76166,76154,76770,69947,68755,69310,68964,68796,77642,76945,76405,76878,76493,66437,65677,65891,66384,65768
462,1,0,22,76786,76348,75586,75578,76184,69498,68290,68844,68482,68334,77070,76379,75823,76299,75942,65983,65222,65418,65922,65320
463,0,0,22,77361,76917,76141,76126,76748,69947,68751,69306,68937,68789,77628,76953,76393,76863,76504,66422,65665,65869,66372,65767
464,1,0,22,76785,76359,75586,75579,76181,69491,68281,68849,68473,68321,77072,76364,75807,76274,75920,65974,65218,65433,65917,65326
465,0,0,22,77354,76927,76148,76139,76764,69930,68746,69306,68942,68783,77637,76940,76397,76843,76484,66423,65657,65881,66357,65766
466,1,0,22,76795,76369,75603,75591,76212,69493,68308,68872,68483,68333,77076,76377,75823,76296,75941,65994,65221,65439,65926,65335
467,0,0,22,77368,76931,76154,76152,76776,69949,68772,69323,68937,68784,77634,76944,76384,76874,76496,66430,65673,65885,66374,65770
468,1,0,22,76773,76349,75583,75588,76194,69494,68301,68872,68482,68317,77065,76372,75821,76293,75940,65986,65222,65427,65938,65329
469,0,0,22,77364,76912,76143,76146,76757,69951,68755,69325,68945,68779,77635,76954,76394,76864,76496,66429,65671,65868,66384,65773
470,1,0,22,76787,76325,75585,75577,76196,69490,68298,68850,68471,68332,77055,76359,75804,76290,75907,65996,65226,65428,65910,65316
471,0,0,22,77368,76903,76150,76146,76762,69949,68752,69316,68933,68797,77616,76939,76388,76861,76479,66443,65659,65879,66361,65765
472,1,0,22,76768,76333,75596,75588,76192,69482,68289,68861,68469,68327,77054,76361,75810,76286,75922,65987,65220,65416,65920,65315
473,0,0,22,77349,76892,76155,76138,76754,69933,68736,69307,68921,68775,77625,76929,76380,76860,76478,66423,65659,65862,66371,65757
474,1,0,22,76790,76352,75592,75592,76189,69495,68301,68862,68490,68341,77076,76370,75820,76310,75932,65998,65243,65441,65945,65330
475,0,0,22,77391,76944,76172,76167,76777,69961,68767,69319,68953,68812,77659,76956,76420,76903,76516,66457,65700,65904,66401,65780
476,1,0,22,76776,76355,75593,75573,76193,69485,68307,68863,68472,68323,77063,76373,75819,76292,75939,65991,65214,65428,65912,65310
477,0,0,22,77374,76937,76172,76145,76781,69957,68764,69315,68928,68786,77642,76961,76395,76879,76509,66453,65673,65874,66374,65759
478,1,0,22,76776,76340,75583,75566,76176,69488,68283,68861,68481,68312,77057,76351,75799,76289,75917,65978,65200,65433,65909,65306
479,0,0,22,77372,76929,76160,76143,76780,69965,68761,69336,68969,68793,77664,76938,76398,76884,76501,66441,65669,65893,66384,65772
480,1,0,22,76770,76331,75571,75560,76178,69482,68296,68834,68466,68308,77064,76358,75805,76276,75919,65968,65207,65428,65913,65305
481,0,0,22,77350,76912,76140,76122,76754,69943,68747,69299,68934,68778,77639,76945,76387,76865,76489,66423,65656,65869,66370,65750
482,1,0,22,76777,76338,75570,75571,76180,69489,68289,68858,68477,68329,77065,76367,75811,76291,75928,65983,65205,65434,65929,65302
483,0,0,22,77361,76908,76144,76134,76752,69935,68753,69311,68938,68803,77640,76941,76386,76860,76492,66437,65656,65884,66383,65748
484,1,0,22,76777,76345,75586,75570,76185,69482,68288,68865,68488,68329,77068,76379,75831,76305,75932,65985,65216,65426,65907,65310
485,0,0,22,77363,76924,76156,76135,76752,69952,68747,69327,68960,68794,77642,76951,76399,76886,76505,66434,65668,65868,66360,65763
486,1,0,22,76774,76329,75591,75561,76188,69470,68272,68857,68465,68327,77052,76363,75816,76301,75935,65980,65214,65417,65906,65317
487,0,0,22,77349,76902,76155,76130,76750,69926,68737,69313,68922,68782,77630,76940,76394,76867,76494,66424,65657,65862,66369,65774
488,1,0,22,76756,76316,75574,75549,76153,69458,68266,68837,68450,68304,77052,76346,75794,76262,75896,65942,65194,65392,65885,65287
489,0,0,22,77337,76889,76128,76117,76728,69930,68730,69303,68919,68767,77602,76918,76376,76847,76467,66391,65644,65845,66345,65739
490,1,0,22,76764,76325,75584,75572,76158,69471,68266,68828,68449,68311,77058,76349,75801,76270,75918,65950,65193,65401,65897,65291
491,0,0,22,77340,76882,76144,76131,76736,69928,68727,69289,68900,68766,77623,76911,76375,76836,76472,66390,65635,65840,66351,65744
492,1,0,22,76773,76318,75575,75572,76169,69456,68262,68846,68431,68317,77043,76336,75793,76259,75904,65948,65204,65401,65880,65287
493,0,0,22,77351,76897,76146,76130,76748,69922,68727,69309,68908,68768,77611,76913,76386,76856,76469,66397,65648,65849,66341,65743
494,1,0,22,76784,76346,75578,75575,76189,69481,68292,68853,68459,68336,77049,76355,75813,76290,75921,65965,65214,65435,65915,65310
495,0,0,22,77357,76914,76158,76137,76768,69938,68759,69318,68918,68790,77653,76947,76399,76876,76495,66422,65662,65886,66373,65760
496,1,0,22,76784,76349,75597,75590,76197,69501,68287,68872,68478,68322,77077,76361,75820,76300,75940,65983,65233,65448,65919,65324
497,0,0,22,77354,76914,76145,76147,76766,69955,68736,69313,68928,68778,77640,76925,76383,76875,76490,66423,65673,65877,66363,65765
498,1,0,22,76781,76348,75574,75571,76189,69487,68282,68859,68475,68333,77067,76362,75804,76308,75921,65976,65211,65432,65913,65304
499,0,0,22,77368,76912,76139,76127,76771,69949,68742,69319,68938,68798,77649,76939,76376,76883,76485,66422,65645,65872,66357,65761
500,1,0,22,76787,76337,75584,75574,76200,69481,68291,68859,68474,68328,77068,76352,75818,76298,75929,65977,65221,65435,65905,65305
501,0,0,22,77368,76908,76150,76148,76774,69946,68761,69331,68933,68810,77648,76934,76396,76886,76500,66425,65672,65883,66359,65751
502,1,0,22,76776,76346,75582,75553,76181,69478,68283,68860,68475,68327,77073,76365,75807,76289,75918,65964,65190,65433,65908,65294
503,0,0,22,77383,76931,76172,76127,76782,69962,68759,69330,68946,68793,77658,76960,76404,76895,76507,66421,65658,65901,66367,65753
504,1,0,22,76790,76363,75587,75575,76207,69502,68289,68864,68479,68338,77080,76374,75824,76311,75939,65980,65232,65441,65920,65326
505,0,0,22,77375,76941,76143,76138,76783,69949,68752,69327,68922,68798,77654,76941,76407,76880,76501,66417,65672,65891,66365,65768
506,1,0,22,76802,76357,75592,75560,76190,69488,68291,68874,68482,68337,77078,76364,75828,76296,75913,65975,65224,65430,65908,65323
507,0,0,22,77390,76936,76170,76130,76773,69958,68756,69340,68941,68793,77658,76939,76398,76873,76468,66424,65665,65897,66362,65771
508,1,0,22,76803,76358,75591,75583,76193,69498,68301,68873,68481,68339,77076,76367,75835,76311,75920,65990,65229,65448,65916,65337
509,0,0,22,77385,76914,76143,76135,76766,69949,68752,69326,68928,68793,77639,76946,76406,76887,76484,66425,65675,65899,66367,65779
510,1,0,22,76809,76351,75593,75560,76196,69488,68308,68884,68471,68333,77072,76364,75833,76300,75928,65981,65235,65441,65926,65314
511,0,0,22,77394,76923,76160,76128,76775,69960,68775,69336,68943,68793,77666,76947,76417,76882,76503,66433,65681,65889,66371,65767
512,1,0,22,76802,76370,75608,75580,76188,69491,68309,68876,68486,68349,77077,76373,75830,76315,75918,65978,65230,65431,65921,65339
513,0,0,22,77383,76921,76165,76127,76766,69944,68758,69310,68945,68789,77644,76945,76403,76889,76490,66421,65663,65873,66376,65780
514,1,0,22,76819,76367,75589,75571,76213,69481,68309,68867,68492,68330,77070,76384,75829,76306,75942,65984,65235,65438,65931,65331
515,0,0,22,77396,76933,76159,76144,76788,69942,68766,69320,68950,68793,77643,76960,76407,76883,76506,66422,65690,65888,66377,65791
516,1,0,22,76791,76385,75610,75589,76193,69497,68316,68881,68505,68342,77083,76367,75841,76313,75936,65988,65240,65456,65939,65337
517,0,0,22,77387,76969,76173,76157,76769,69957,68769,69350,68967,68796,77653,76956,76419,76898,76509,66441,65699,65900,66396,65793
518,1,0,22,76794,76364,75596,75565,76188,69493,68299,68857,68468,68338,77066,76368,75820,76303,75933,65975,65238,65443,65911,65335
519,0,0,22,77366,76937,76163,76131,76752,69954,68750,69322,68932,68790,77630,76941,76391,76892,76505,66412,65688,65892,66360,65779
520,1,0,22,76797,76375,75585,75579,76203,69486,68298,68867,68472,68322,77064,76382,75829,76320,75937,65985,65231,65435,65913,65327
521,0,0,22,77383,76932,76151,76133,76759,69940,68757,69331,68933,68774,77629,76968,76407,76895,76490,66431,65675,65886,66364,65779
522,1,0,22,76785,76351,75579,75580,76202,69489,68300,68861,68476,68329,77053,76376,75813,76315,75917,65974,65235,65431,65925,65319
523,0,0,22,77358,76929,76149,76135,76779,69950,68766,69322,68942,68783,77634,76938,76397,76906,76493,66432,65682,65890,66368,65769
524,1,0,22,76807,76374,75578,75588,76187,69487,68304,68869,68486,68326,77062,76351,75812,76299,75925,65996,65233,65443,65934,65320
525,0,0,22,77378,76955,76156,76163,76776,69952,68776,69343,68947,68799,77653,76940,76405,76890,76502,66440,65677,65905,66395,65781
526,1,0,22,76801,76371,75595,75580,76188,69504,68308,68870,68491,68332,77072,76348,75835,76288,75933,65981,65242,65446,65933,65325
527,0,0,22,77392,76944,76162,76141,76770,69965,68770,69333,68956,68809,77666,76929,76405,76871,76509,66437,65703,65905,66390,65780
528,1,0,22,76794,76387,75581,75583,76209,69518,68304,68878,68498,68335,77061,76362,75834,76312,75937,65989,65247,65449,65938,65323
529,0,0,22,77380,76958,76146,76144,76776,69979,68769,69331,68948,68796,77633,76941,76408,76899,76502,66437,65693,65897,66389,65771
530,1,0,22,76818,76383,75617,75611,76216,69513,68321,68893,68500,68344,77093,76396,75848,76316,75938,66016,65278,65470,65961,65334
531,0,0,22,77383,76957,76183,76172,76779,69956,68778,69336,68950,68792,77673,76965,76413,76892,76498,66446,65720,65915,66404,65771
532,1,0,22,76809,76380,75604,75584,76207,69500,68302,68866,68485,68345,77079,76394,75836,76316,75959,66005,65240,65468,65948,65344
533,0,0,22,77377,76936,76159,76141,76775,69958,68752,69327,68928,68795,77649,76947,76395,76888,76505,66437,65672,65901,66390,65784
534,1,0,22,76783,76356,75578,75585,76193,69484,68303,68867,68508,68333,77089,76373,75806,76310,75951,65992,65238,65447,65953,65329
535,0,0,22,77364,76908,76148,76126,76760,69946,68753,69322,68958,68788,77633,76933,76384,76876,76509,66429,65680,65887,66389,65764
536,1,0,22,76792,76371,75585,75567,76194,69506,68306,68875,68490,68337,77065,76372,75831,76302,75925,66002,65244,65457,65916,65325
537,0,0,22,77380,76947,76158,76140,76785,69967,68779,69339,68957,68803,77655,76945,76423,76889,76500,66455,65698,65900,66369,65780
538,1,0,22,76780,76359,75597,75580,76195,69497,68295,68872,68487,68331,77077,76362,75819,76290,75916,65988,65224,65448,65911,65321
539,0,0,22,77359,76928,76159,76139,76780,69953,68758,69335,68943,68783,77651,76933,76409,76885,76489,66431,65669,65898,66360,65767
540,1,0,22,76816,76354,75584,75586,76201,69495,68296,68876,68484,68351,77087,76370,75835,76303,75939,65981,65240,65459,65931,65339
541,0,0,22,77384,76905,76135,76138,76772,69945,68754,69338,68940,68806,77641,76944,76394,76856,76503,66428,65685,65897,66379,65783
542,1,0,22,76797,76342,75592,75569,76174,69505,68298,68856,68485,68325,77067,76359,75812,76292,75910,65982,65221,65433,65916,65325
543,0,0,22,77408,76938,76165,76165,76792,69989,68782,69338,68959,68814,77655,76951,76407,76883,76506,66441,65690,65898,66388,65793
544,1,0,22,76786,76343,75581,75570,76199,69497,68303,68853,68476,68322,77070,76379,75811,76299,75935,65986,65238,65442,65926,65322
545,0,0,22,77379,76914,76168,76146,76790,69950,68757,69313,68935,68786,77654,76968,76399,76871,76506,66435,65687,65892,66381,65777
546,1,0,22,76797,76329,75601,75573,76195,69491,68294,68857,68472,68325,77056,76383,75812,76307,75937,65976,65209,65453,65902,65307
547,0,0,22,77371,76903,76164,76131,76766,69947,68753,69324,68940,68776,77618,76948,76381,76879,76503,66428,65659,65897,66363,65765
548,1,0,22,76787,76319,75566,75564,76172,69487,68298,68845,68472,68319,77053,76367,75813,76295,75929,65976,65217,65425,65911,65299
549,0,0,22,77374,76891,76153,76134,76757,69951,68758,69321,68944,68789,77622,76952,76396,76874,76492,66423,65680,65879,66376,65769
550,1,0,22,76827,76379,75598,75593,76208,69518,68307,68875,68502,68349,77086,76394,75829,76315,75932,65990,65243,65454,65940,65334
551,0,0,22,77391,76929,76148,76148,76772,69951,68751,69323,68932,68797,77651,76944,76398,76877,76490,66431,65692,65889,66384,65774
552,1,0,22,76819,76382,75599,75603,76201,69495,68308,68874,68485,68360,77082,76396,75833,76309,75948,65984,65262,65461,65934,65346
553,0,0,22,77381,76931,76143,76140,76763,69941,68757,69325,68932,68806,77627,76953,76383,76881,76497,66414,65687,65891,66367,65781
554,1,0,22,76802,76352,75591,75587,76209,69503,68305,68872,68488,68340,77079,76384,75819,76281,75927,65979,65251,65463,65936,65330
555,0,0,22,77365,76921,76140,76142,76778,69945,68750,69321,68938,68793,77643,76947,76381,76858,76490,66415,65686,65896,66379,65778
556,1,0,22,76789,76377,75606,75594,76209,69497,68297,68888,68483,68345,77060,76373,75835,76307,75934,65975,65249,65458,65929,65323
557,0,0,22,77358,76937,76154,76130,76768,69946,68738,69325,68925,68788,77615,76938,76395,76875,76494,66412,65689,65891,66369,65768
558,1,0,22,76767,76338,75569,75561,76160,69470,68262,68829,68453,68303,77053,76340,75790,76256,75901,65941,65180,65422,65889,65286
559,0,0,22,77365,76915,76137,76138,76750,69931,68736,69300,68930,68779,77625,76910,76377,76851,76479,66400,65645,65878,66349,65744
560,1,0,22,76786,76353,75585,75576,76200,69493,68285,68855,68463,68329,77062,76365,75834,76276,75931,65969,65252,65456,65922,65317
561,0,0,22,77358,76915,76147,76133,76774,69957,68729,69309,68917,68787,77630,76932,76400,76863,76487,66415,65685,65900,66358,65753
562,1,0,22,76778,76350,75584,75582,76198,69483,68287,68866,68469,68329,77064,76366,75823,76296,75926,65970,65242,65440,65930,65314
563,0,0,22,77386,76936,76177,76160,76788,69950,68758,69339,68938,68797,77661,76953,76410,76889,76501,66433,65700,65904,66390,65779
564,1,0,22,76787,76347,75589,75570,76195,69483,68289,68874,68461,68350,77071,76374,75820,76296,75922,65971,65229,65442,65927,65321
565,0,0,22,77352,76897,76134,76119,76762,69933,68742,69317,68895,68786,77645,76932,76381,76845,76468,66400,65665,65869,66359,65749
566,1,0,22,76793,76354,75600,75585,76208,69504,68292,68865,68470,68345,77075,76373,75827,76282,75923,65982,65250,65452,65910,65307
567,0,0,22,77370,76920,76157,76145,76779,69950,68755,69332,68932,68808,77648,76956,76402,76853,76480,66420,65692,65894,66365,65758
568,1,0,22,76788,76372,75597,75579,76201,69484,68283,68860,68472,68349,77062,76368,75800,76298,75912,65972,65230,65439,65921,65317
569,0,0,22,77371,76943,76168,76141,76782,69941,68746,69319,68932,68805,77643,76950,76380,76889,76475,66422,65684,65891,66380,65762
570,1,0,22,76780,76360,75568,75573,76196,69479,68296,68863,68473,68341,77071,76363,75798,76286,75902,65972,65243,65439,65908,65300
571,0,0,22,77364,76942,76158,76133,76791,69941,68768,69333,68935,68797,77660,76953,76396,76864,76486,66427,65691,65902,66363,65747
572,1,0,22,76798,76366,75601,75586,76194,69501,68301,68856,68472,68351,77083,76375,75828,76298,75936,65989,65232,65447,65911,65297
573,0,0,22,77370,76936,76158,76144,76774,69955,68764,69321,68932,68806,77658,76945,76401,76881,76506,66436,65685,65888,66366,65750
574,1,0,22,76790,76357,75593,75562,76207,69501,68284,68864,68465,68330,77083,76342,75826,76293,75920,65971,65231,65423,65909,65300
575,0,0,22,77369,76925,76151,76121,76792,69945,68736,69316,68934,68792,77648,76923,76392,76858,76486,66419,65679,65864,66360,65749
576,1,0,22,76801,76378,75610,75594,76214,69501,68302,68852,68491,68344,77086,76366,75825,76305,75934,65986,65258,65433,65915,65323
577,0,0,22,77387,76931,76165,76150,76782,69959,68754,69320,68947,68789,77640,76935,76405,76878,76484,66427,65687,65880,66343,65771
578,1,0,22,76788,76358,75582,75588,76203,69484,68292,68875,68481,68322,77082,76357,75839,76303,75929,65980,65230,65435,65916,65309
579,0,0,22,77371,76919,76157,76156,76777,69942,68764,69331,68933,68787,77650,76936,76407,76879,76491,66423,65671,65880,66366,65760
580,1,0,22,76796,76349,75601,75584,76214,69496,68286,68873,68466,68334,77080,76374,75818,76287,75940,65976,65231,65446,65926,65312
581,0,0,22,77369,76921,76154,76152,76790,69950,68749,69331,68928,68796,77652,76943,76414,76867,76508,66424,65669,65902,66376,65767
582,1,0,22,76796,76369,75592,75595,76219,69498,68310,68869,68490,68351,77095,76361,75820,76300,75934,65981,65235,65447,65909,65312
583,0,0,22,77364,76916,76146,76144,76776,69935,68752,69322,68925,68794,77660,76918,76387,76856,76480,66419,65666,65879,66351,65748
584,1,0,22,76799,76324,75575,75574,76188,69481,68289,68852,68471,68340,77061,76361,75823,76284,75909,65971,65243,65439,65916,65303
585,0,0,22,77382,76924,76139,76120,76769,69937,68757,69324,68931,68809,77641,76949,76399,76869,76494,66422,65689,65899,66363,65765
586,1,0,22,76795,76356,75606,75576,76209,69480,68296,68890,68485,68339,77086,76365,75820,76296,75905,65974,65237,65457,65921,65316
587,0,0,22,77370,76926,76161,76127,76780,69938,68755,69343,68937,68791,77658,76939,76392,76873,76470,66424,65695,65906,66376,65760
588,1,0,22,76787,76367,75601,75577,76234,69507,68297,68882,68474,68316,77094,76369,75828,76304,75923,65982,65270,65453,65923,65312
589,0,0,22,77345,76917,76140,76126,76774,69926,68748,69310,68920,68770,77637,76931,76390,76865,76475,66414,65689,65872,66358,65740
590,1,0,22,76788,76335,75583,75566,76218,69483,68290,68883,68469,68338,77067,76368,75817,76304,75929,65973,65250,65453,65919,65306
591,0,0,22,77359,76907,76149,76124,76791,69945,68748,69332,68925,68783,77636,76929,76386,76884,76489,66413,65687,65898,66362,65745
592,1,0,22,76796,76331,75574,75561,76212,69487,68285,68869,68453,68317,77073,76371,75812,76295,75918,65980,65247,65456,65912,65300
593,0,0,22,77367,76905,76130,76108,76770,69922,68735,69310,68913,68762,77617,76938,76378,76863,76472,66419,65686,65890,66360,65729
594,1,0,22,76771,76325,75575,75567,76209,69489,68286,68870,68474,68325,77063,76348,75814,76282,75892,65970,65236,65431,65913,65307
595,0,0,22,77359,76903,76140,76140,76787,69954,68759,69337,68938,68799,77644,76926,76405,76866,76462,66422,65697,65888,66371,65759
596,1,0,22,76809,76345,75600,75596,76220,69503,68292,68878,68486,68353,77082,76373,75819,76298,75924,65972,65251,65449,65914,65307
597,0,0,22,77400,76930,76174,76173,76803,69965,68753,69346,68946,68826,77665,76964,76422,76876,76507,66451,65716,65922,66376,65770
598,1,0,22,76805,76356,75598,75582,76198,69492,68293,68876,68484,68349,77060,76369,75823,76301,75944,65973,65244,65459,65922,65330
599,0,0,22,77381,76927,76162,76146,76780,69946,68746,69318,68942,68802,77629,76948,76401,76877,76496,66423,65690,65896,66358,65768
600,1,0,22,76806,76345,75596,75580,76208,69487,68309,68897,68494,68361,77085,76389,75828,76297,75926,66000,65262,65470,65929,65336
601,0,0,22,77380,76908,76160,76143,76793,69936,68765,69354,68958,68820,77641,76962,76404,76870,76490,66448,65710,65918,66383,65786
602,1,0,22,76779,76332,75575,75571,76196,69477,68284,68884,68467,68338,77069,76363,75812,76287,75921,65979,65255,65447,65918,65312
603,0,0,22,77389,76928,76152,76153,76800,69967,68770,69364,68949,68828,77655,76966,76407,76880,76511,66441,65721,65924,66397,65785
604,1,0,22,76781,76359,75594,75576,76221,69493,68304,68878,68475,68349,77081,76378,75838,76301,75914,65977,65251,65441,65933,65313
605,0,0,22,77366,76928,76163,76140,76793,69948,68768,69348,68948,68803,77664,76958,76421,76881,76492,66419,65693,65897,66389,65769
606,1,0,22,76783,76340,75577,75557,76200,69475,68292,68856,68471,68346,77062,76360,75818,76294,75918,65965,65236,65434,65917,65294
607,0,0,22,77377,76928,76168,76135,76794,69947,68757,69317,68943,68814,77645,76946,76421,76886,76506,66417,65690,65906,66389,65756
608,1,0,22,76769,76342,75580,75571,76199,69482,68297,68862,68473,68332,77061,76363,75807,76284,75918,65964,65213,65436,65925,65299
609,0,0,22,77359,76921,76151,76134,76772,69943,68763,69308,68932,68793,77633,76929,76390,76867,76494,66407,65654,65882,66376,65756
610,1,0,22,76792,76348,75581,75571,76198,69478,68298,68864,68489,68344,77064,76360,75818,76270,75918,65959,65227,65438,65922,65317
611,0,0,22,77358,76910,76144,76138,76764,69933,68752,69316,68939,68801,77633,76928,76389,76851,76479,66407,65663,65873,66377,65746
612,1,0,22,76790,76367,75603,75590,76211,69495,68322,68883,68496,68340,77088,76378,75838,76305,75934,65979,65245,65463,65938,65329
613,0,0,22,77371,76919,76158,76135,76783,69941,68766,69329,68948,68803,77651,76945,76401,76874,76489,66416,65681,65898,66380,65773
614,1,0,22,76797,76355,75583,75588,76216,69494,68303,68877,68483,68356,77064,76371,75821,76314,75932,65965,65248,65460,65940,65311
615,0,0,22,77382,76928,76140,76130,76767,69957,68764,69329,68937,68809,77634,76939,76396,76877,76480,66412,65699,65905,66394,65769
616,1,0,22,76790,76361,75583,75586,76208,69488,68325,68876,68481,68354,77058,76383,75816,76314,75935,65984,65248,65449,65934,65323
617,0,0,22,77373,76926,76145,76139,76768,69948,68774,69335,68943,68818,77615,76961,76387,76888,76495,66432,65684,65900,66379,65772
618,1,0,22,76792,76354,75579,75578,76201,69489,68307,68865,68463,68332,77049,76370,75826,76297,75906,65981,65235,65443,65936,65326
619,0,0,22,77378,76930,76155,76140,76784,69952,68764,69323,68935,68814,77628,76941,76417,76880,76477,66432,65679,65897,66390,65782
620,1,0,22,76770,76342,75557,75564,76181,69470,68292,68842,68457,68338,77046,76360,75810,76280,75892,65955,65238,65431,65919,65298
621,0,0,22,77360,76924,76134,76138,76770,69929,68753,69320,68928,68794,77629,76939,76395,76868,76465,66406,65689,65882,66374,65762
622,1,0,22,76767,76330,75563,75569,76157,69463,68279,68833,68457,68337,77041,76345,75789,76267,75882,65942,65217,65430,65900,65298
623,0,0,22,77377,76918,76153,76158,76764,69942,68764,69313,68933,68811,77633,76948,76380,76861,76482,66400,65683,65888,66375,65761
624,1,0,22,76799,76344,75602,75588,76203,69490,68292,68861,68470,68343,77071,76367,75815,76295,75921,65970,65230,65448,65931,65328
625,0,0,22,77388,76911,76171,76146,76774,69939,68752,69325,68935,68807,77645,76944,76396,76870,76499,66421,65674,65895,66378,65788
626,1,0,22,76787,76365,75603,75594,76205,69505,68294,68879,68479,68360,77086,76381,75812,76306,75938,65984,65241,65447,65940,65329
627,0,0,22,77367,76926,76145,76143,76777,69946,68741,69327,68931,68814,77642,76951,76392,76874,76488,66420,65679,65882,66375,65767
628,1,0,22,76804,76384,75590,75591,76222,69490,68315,68875,68486,68358,77081,76392,75826,76311,75936,65971,65242,65456,65954,65338
629,0,0,22,77391,76957,76155,76144,76791,69946,68769,69333,68951,68823,77651,76966,76411,76888,76507,66409,65693,65906,66393,65793
630,1,0,22,76780,76354,75572,75593,76201,69487,68291,68872,68473,68352,77073,76376,75815,76313,75923,65961,65243,65451,65933,65318
631,0,0,22,77365,76936,76152,76158,76776,69953,68755,69338,68933,68825,77651,76956,76401,76884,76486,66417,65684,65902,66393,65776
632,1,0,22,76786,76381,75588,75577,76200,69485,68290,68891,68476,68350,77052,76383,75827,76301,75937,65978,65229,65445,65948,65335
633,0,0,22,77373,76945,76151,76130,76774,69947,68750,69338,68926,68824,77633,76953,76400,76879,76496,66418,65677,65892,66397,65784
634,1,0,22,76802,76363,75586,75590,76186,69498,68288,68865,68482,68359,77066,76384,75810,76317,75927,65973,65228,65448,65931,65307
635,0,0,22,77370,76931,76131,76141,76761,69947,68745,69326,68937,68813,77634,76951,76388,76884,76488,66415,65673,65892,66375,65759
636,1,0,22,76798,76368,75584,75579,76200,69500,68314,68869,68490,68366,77090,76372,75824,76299,75935,65962,65257,65451,65944,65333
637,0,0,22,77373,76943,76142,76129,76768,69942,68763,69320,68939,68822,77643,76947,76395,76866,76488,66414,65693,65896,66395,65786
638,1,0,22,76794,76365,75594,75595,76213,69499,68300,68874,68479,68359,77068,76378,75824,76299,75913,65979,65249,65453,65942,65341
639,0,0,22,77362,76928,76160,76144,76790,69946,68747,69331,68939,68823,77640,76955,76398,76874,76474,66429,65696,65895,66375,65780
640,1,0,22,76797,76362,75594,75588,76209,69509,68306,68882,68494,68375,77079,76378,75825,76309,75924,65985,65255,65451,65952,65343
641,0,0,22,77387,76932,76158,76153,76792,69969,68778,69342,68967,68836,77651,76948,76411,76896,76485,66432,65696,65897,66406,65805
642,1,0,22,76798,76382,75610,75608,76234,69525,68314,68900,68497,68388,77082,76392,75828,76323,75929,66005,65256,65471,65970,65355
643,0,0,22,77379,76947,76165,76169,76806,69968,68761,69353,68957,68831,77640,76955,76414,76896,76496,66443,65686,65903,66412,65803
644,1,0,22,76793,76372,75598,75594,76211,69502,68301,68885,68509,68365,77046,76383,75819,76298,75929,65971,65257,65458,65933,65342
645,0,0,22,77384,76940,76171,76159,76795,69962,68764,69342,68963,68824,77629,76975,76404,76870,76503,66421,65707,65907,66396,65797
646,1,0,22,76785,76348,75578,75586,76210,69494,68301,68870,68504,68338,77048,76372,75825,76291,75916,65966,65238,65443,65938,65332
647,0,0,22,77359,76919,76137,76140,76780,69940,68755,69325,68957,68784,77625,76932,76402,76860,76483,66408,65673,65873,66383,65780
648,1,0,22,76769,76368,75575,75582,76205,69485,68283,68860,68481,68326,77061,76360,75818,76276,75912,65964,65217,65432,65925,65331
649,0,0,22,77356,76936,76129,76139,76780,69947,68741,69326,68946,68795,77627,76928,76394,76852,76482,66409,65665,65864,66379,65769
650,1,0,22,76790,76357,75587,75579,76210,69506,68297,68872,68502,68330,77073,76355,75826,76296,75939,65980,65239,65438,65933,65325
651,0,0,22,77366,76920,76145,76137,76784,69962,68754,69327,68944,68796,77641,76937,76397,76868,76499,66424,65681,65900,66371,65773
652,1,0,22,76792,76348,75573,75573,76202,69498,68299,68870,68463,68350,77051,76354,75828,76288,75914,65978,65241,65433,65920,65338
653,0,0,22,77396,76942,76153,76148,76795,69966,68765,69336,68946,68824,77635,76951,76411,76872,76492,66425,65696,65897,66398,65797
654,1,0,22,76790,76355,75580,75575,76219,69490,68294,68884,68487,68352,77067,76361,75826,76286,75924,65980,65240,65451,65942,65340
655,0,0,22,77392,76929,76148,76141,76801,69958,68764,69350,68950,68806,77648,76944,76421,76867,76502,66435,65690,65907,66397,65797
656,1,0,22,76784,76375,75589,75581,76220,69499,68293,68857,68482,68338,77073,76370,75823,76300,75925,66005,65248,65453,65935,65350
657,0,0,22,77353,76947,76125,76129,76788,69944,68726,69312,68931,68792,77624,76942,76381,76868,76472,66440,65689,65883,66381,65786
658,1,0,22,76803,76376,75590,75586,76219,69507,68317,68871,68494,68358,77078,76387,75838,76302,75915,66005,65238,65453,65934,65348
659,0,0,22,77406,76963,76190,76153,76816,69973,68786,69345,68974,68824,77664,76970,76422,76897,76504,66457,65694,65914,66394,65804
660,1,0,22,76782,76366,75581,75574,76196,69497,68295,68880,68470,68330,77053,76359,75814,76301,75905,65986,65237,65452,65941,65319
661,0,0,22,77361,76938,76148,76140,76777,69952,68745,69337,68938,68786,77641,76942,76393,76871,76481,66436,65676,65892,66394,65769
662,1,0,22,76789,76367,75577,75576,76212,69496,68319,68866,68488,68329,77079,76382,75817,76306,75914,65982,65226,65443,65940,65321
663,0,0,22,77383,76937,76147,76144,76811,69961,68790,69332,68959,68793,77655,76963,76417,76886,76482,66434,65684,65896,66393,65778
664,1,0,22,76788,76395,75616,75611,76233,69522,68333,68899,68504,68369,77112,76386,75865,76328,75927,66019,65263,65480,65980,65353
665,0,0,22,77377,76963,76180,76169,76807,69957,68791,69353,68963,68822,77684,76963,76444,76912,76495,66455,65708,65929,66422,65809
666,1,0,22,76779,76361,75589,75561,76193,69487,68298,68859,68474,68328,77061,76369,75826,76292,75909,65973,65232,65444,65926,65323
667,0,0,22,77374,76942,76154,76127,76770,69945,68757,69324,68948,68798,77640,76944,76412,76881,76480,66419,65686,65884,66369,65775
668,1,0,22,76778,76367,75574,75578,76206,69491,68309,68865,68489,68335,77064,76360,75816,76305,75909,65969,65241,65442,65919,65315
669,0,0,22,77349,76925,76146,76134,76785,69940,68763,69318,68948,68792,77628,76950,76394,76881,76475,66420,65699,65886,66359,65776
670,1,0,22,76792,76371,75591,75578,76209,69484,68309,68873,68459,68339,77065,76360,75828,76303,75914,65976,65248,65457,65916,65336
671,0,0,22,77377,76948,76153,76142,76779,69939,68781,69335,68926,68801,77629,76946,76419,76886,76481,66428,65694,65904,66365,65788
672,1,0,22,76800,76359,75582,75572,76195,69490,68317,68869,68480,68327,77080,76338,75813,76309,75907,65977,65238,65452,65913,65344
673,0,0,22,77385,76933,76154,76147,76776,69952,68774,69328,68945,68784,77644,76918,76406,76883,76485,66420,65689,65890,66367,65789
674,1,0,22,76801,76345,75581,75579,76207,69497,68314,68881,68476,68339,77093,76350,75830,76289,75935,65983,65249,65452,65922,65334
675,0,0,22,77391,76928,76133,76136,76786,69963,68778,69340,68941,68796,77641,76929,76411,76868,76487,66427,65694,65907,66365,65783
676,1,0,22,76810,76367,75592,75584,76214,69502,68316,68882,68501,68339,77073,76373,75838,76310,75932,65993,65246,65460,65924,65342
677,0,0,22,77382,76929,76136,76135,76772,69962,68762,69338,68945,68790,77632,76942,76404,76886,76495,66433,65693,65901,66366,65778
678,1,0,22,76808,76375,75587,75580,76217,69509,68316,68887,68477,68346,77074,76387,75835,76316,75946,66002,65255,65478,65944,65356
679,0,0,22,77421,76974,76177,76176,76819,69980,68802,69374,68950,68826,77670,76990,76431,76922,76535,66469,65725,65928,66429,65830
680,1,0,22,76811,76377,75593,75591,76205,69512,68318,68873,68483,68343,77077,76383,75846,76303,75923,65988,65260,65452,65940,65362
681,0,0,22,77413,76967,76179,76167,76802,69973,68785,69347,68965,68812,77668,76965,76429,76895,76501,66444,65715,65919,66394,65812
682,1,0,22,76836,76390,75594,75607,76233,69517,68338,68903,68492,68358,77089,76404,75850,76333,75951,65999,65267,65474,65939,65353
683,0,0,22,77423,76956,76157,76158,76780,69958,68786,69345,68947,68812,77651,76964,76427,76907,76496,66436,65714,65917,66385,65798
684,1,0,22,76797,76369,75592,75576,76212,69486,68305,68861,68484,68337,77080,76373,75826,76300,75949,65984,65253,65463,65938,65350
685,0,0,22,77378,76935,76157,76144,76785,69954,68771,69330,68948,68796,77665,76952,76409,76883,76521,66428,65692,65914,66394,65806
686,1,0,22,76811,76370,75594,75591,76217,69511,68311,68881,68501,68349,77076,76378,75836,76309,75939,65984,65261,65452,65958,65341
687,0,0,22,77393,76951,76170,76159,76801,69977,68775,69343,68955,68809,77651,76958,76412,76897,76521,66438,65710,65914,66411,65799
688,1,0,22,76816,76351,75575,75573,76197,69500,68298,68869,68482,68336,77073,76364,75817,76305,75930,65972,65229,65456,65932,65340
689,0,0,22,77407,76935,76150,76142,76788,69952,68766,69334,68953,68801,77648,76941,76405,76885,76498,66425,65684,65899,66400,65785
690,1,0,22,76815,76359,75583,75567,76204,69502,68303,68867,68479,68315,77065,76360,75824,76305,75944,65996,65257,65452,65933,65315
691,0,0,22,77399,76941,76151,76120,76783,69955,68757,69325,68943,68779,77642,76937,76409,76891,76511,66448,65695,65904,66383,65771
692,1,0,22,76805,76353,75584,75575,76212,69493,68300,68858,68484,68339,77094,76374,75841,76304,75942,65988,65245,65457,65939,65349
693,0,0,22,77382,76914,76140,76128,76769,69951,68755,69313,68937,68803,77660,76944,76405,76872,76510,66430,65682,65896,66386,65784
694,1,0,22,76801,76351,75593,75583,76189,69490,68302,68873,68466,68346,77062,76359,75812,76294,75914,65952,65231,65448,65928,65321
695,0,0,22,77381,76915,76161,76155,76774,69942,68767,69337,68934,68811,77646,76938,76393,76879,76479,66413,65687,65891,66376,65770
696,1,0,22,76792,76341,75580,75584,76193,69503,68312,68873,68473,68349,77083,76368,75824,76309,75932,65984,65268,65464,65925,65322
697,0,0,22,77368,76910,76162,76149,76769,69941,68774,69331,68937,68803,77646,76937,76404,76883,76498,66427,65701,65913,66377,65782
698,1,0,22,76806,76357,75600,75599,76208,69501,68327,68868,68488,68341,77100,76391,75852,76326,75927,65989,65257,65464,65929,65330
699,0,0,22,77369,76919,76153,76153,76770,69940,68780,69321,68934,68782,77668,76946,76411,76886,76489,66421,65694,65885,66374,65771
700,1,0,22,76796,76345,75595,75586,76195,69476,68299,68862,68480,68334,77074,76362,75825,76294,75910,65972,65250,65446,65942,65321
701,0,0,22,77370,76910,76156,76142,76778,69934,68770,69320,68927,68790,77646,76937,76392,76871,76476,66412,65681,65895,66385,65766
702,1,0,22,76798,76354,75590,75567,76210,69495,68318,68863,68471,68335,77065,76368,75814,76292,75912,65960,65232,65435,65937,65320
703,0,0,22,77383,76912,76172,76125,76783,69948,68772,69318,68934,68787,77639,76943,76393,76877,76484,66406,65682,65884,66385,65770
704,1,0,22,76797,76342,75619,75582,76214,69498,68311,68859,68482,68329,77089,76352,75835,76302,75936,65976,65245,65454,65941,65332
705,0,0,22,77377,76911,76178,76138,76791,69953,68779,69314,68932,68796,77662,76941,76401,76888,76495,66427,65689,65910,66400,65786
706,1,0,22,76794,76340,75590,75556,76194,69487,68293,68834,68470,68330,77069,76372,75819,76289,75901,65952,65241,65442,65926,65305
707,0,0,22,77377,76909,76140,76127,76780,69949,68749,69303,68937,68786,77650,76954,76403,76868,76492,66404,65689,65892,66388,65758
708,1,0,22,76812,76353,75590,75582,76215,69493,68326,68868,68500,68334,77087,76381,75852,76311,75948,65989,65248,65450,65931,65327
709,0,0,22,77378,76915,76146,76124,76786,69944,68775,69314,68942,68785,77647,76953,76431,76886,76500,66439,65697,65888,66393,65766
710,1,0,22,76801,76364,75581,75578,76209,69493,68319,68866,68494,68337,77064,76385,75836,76310,75913,65980,65234,65448,65935,65326
711,0,0,22,77379,76934,76153,76140,76789,69955,68773,69317,68943,68791,77640,76952,76412,76881,76478,66424,65673,65894,66380,65769
712,1,0,22,76805,76353,75588,75569,76193,69493,68307,68851,68480,68330,77058,76362,75821,76302,75922,65972,65249,65453,65921,65314
713,0,0,22,77392,76917,76158,76128,76786,69952,68770,69314,68953,68776,77638,76944,76408,76882,76496,66427,65690,65911,66381,65773
714,1,0,22,76799,76371,75586,75578,76199,69503,68317,68855,68478,68335,77070,76369,75824,76300,75920,65976,65242,65442,65939,65315
715,0,0,22,77376,76931,76148,76138,76775,69957,68776,69312,68941,68792,77633,76946,76392,76869,76484,66414,65683,65892,66385,65761
716,1,0,22,76807,76350,75591,75552,76183,69492,68311,68841,68481,68319,77052,76339,75813,76315,75911,65963,65236,65431,65920,65310
717,0,0,22,77393,76915,76163,76116,76771,69952,68768,69312,68943,68779,77643,76929,76406,76897,76486,66419,65699,65899,66384,65767
718,1,0,22,76819,76355,75617,75561,76201,69507,68312,68881,68490,68333,77090,76387,75849,76323,75916,65988,65249,65445,65941,65336
719,0,0,22,77393,76914,76171,76122,76772,69958,68767,69324,68946,68792,77641,76942,76410,76893,76471,66415,65681,65887,66385,65766
720,1,0,22,76778,76338,75593,75542,76196,69484,68311,68858,68489,68327,77075,76366,75822,76302,75903,65964,65231,65448,65925,65323
721,0,0,22,77376,76918,76165,76119,76774,69943,68771,69330,68960,68790,77664,76943,76409,76881,76486,66406,65679,65903,66394,65776
722,1,0,22,76785,76341,75598,75559,76184,69479,68295,68851,68476,68313,77065,76367,75809,76305,75914,65944,65231,65446,65913,65327
723,0,0,22,77348,76895,76128,76088,76741,69913,68730,69287,68902,68749,77608,76907,76359,76855,76443,66358,65647,65859,66344,65745
724,1,0,22,76766,76326,75599,75562,76184,69475,68311,68854,68468,68316,77059,76371,75817,76289,75907,65959,65231,65446,65904,65305
725,0,0,22,77339,76877,76155,76113,76753,69921,68767,69304,68925,68771,77626,76934,76397,76852,76462,66399,65666,65891,66363,65741
726,1,0,22,76782,76324,75575,75548,76172,69467,68298,68847,68471,68313,77050,76362,75802,76278,75910,65950,65214,65453,65915,65317
727,0,0,22,77380,76913,76150,76133,76757,69937,68761,69309,68939,68786,77647,76950,76386,76869,76474,66403,65688,65910,66382,65775
728,1,0,22,76788,76341,75599,75583,76192,69492,68302,68851,68485,68338,77063,76379,75832,76305,75918,65964,65237,65459,65918,65328
729,0,0,22,77374,76902,76167,76132,76774,69940,68760,69310,68943,68800,77633,76951,76413,76892,76491,66416,65690,65902,66377,65768
730,1,0,22,76786,76315,75582,75553,76180,69463,68294,68832,68461,68305,77048,76347,75817,76284,75890,65961,65228,65438,65898,65320
731,0,0,22,77376,76897,76150,76130,76760,69931,68763,69302,68934,68784,77642,76931,76412,76878,76475,66409,65677,65891,66352,65766
732,1,0,22,76789,76337,75573,75563,76195,69471,68290,68830,68472,68326,77063,76342,75803,76277,75907,65956,65218,65422,65902,65318
733,0,0,22,77354,76899,76130,76101,76750,69913,68744,69290,68925,68775,77612,76913,76375,76833,76454,66387,65652,65861,66346,65746
734,1,0,22,76783,76357,75585,75560,76191,69488,68308,68856,68465,68341,77041,76366,75816,76289,75902,65965,65233,65441,65915,65329
735,0,0,22,77366,76931,76145,76132,76770,69950,68759,69317,68926,68799,77613,76951,76402,76870,76471,66409,65679,65898,66372,65762
736,1,0,22,76782,76349,75556,75553,76175,69470,68279,68832,68456,68327,77051,76365,75810,76285,75904,65955,65236,65449,65924,65333
737,0,0,22,77358,76911,76125,76110,76752,69934,68735,69295,68926,68777,77628,76940,76383,76867,76464,66399,65680,65900,66367,65775
738,1,0,22,76801,76353,75594,75571,76188,69483,68310,68867,68461,68330,77036,76375,75826,76300,75921,65979,65231,65457,65920,65340
739,0,0,22,77349,76890,76125,76107,76740,69909,68741,69295,68901,68761,77591,76915,76378,76853,76464,66405,65653,65882,66354,65763
740,1,0,22,76782,76327,75581,75562,76174,69469,68291,68854,68465,68308,77046,76362,75810,76293,75910,65962,65232,65447,65907,65302
741,0,0,22,77356,76898,76139,76111,76751,69928,68756,69301,68920,68762,77608,76941,76394,76861,76483,66391,65681,65883,66354,65743
742,1,0,22,76780,76345,75571,75570,76172,69490,68307,68850,68450,68316,77057,76361,75828,76296,75903,65961,65223,65431,65911,65329
743,0,0,22,77380,76925,76167,76148,76770,69961,68775,69329,68946,68796,77644,76955,76419,76880,76491,66427,65687,65898,66365,65780
744,1,0,22,76813,76363,75610,75592,76209,69500,68312,68882,68505,68350,77096,76379,75857,76332,75947,65995,65266,65461,65941,65351
745,0,0,22,77382,76924,76154,76141,76773,69948,68765,69317,68958,68793,77666,76956,76417,76886,76494,66417,65692,65893,66378,65794
746,1,0,22,76787,76353,75594,75571,76196,69486,68308,68856,68492,68348,77093,76371,75838,76306,75934,65979,65243,65447,65940,65324
747,0,0,22,77367,76915,76163,76133,76764,69940,68763,69318,68952,68802,77653,76948,76416,76879,76499,66419,65689,65890,66392,65777
748,1,0,22,76793,76354,75584,75581,76197,69496,68311,68851,68481,68337,77080,76381,75831,76313,75932,65984,65258,65439,65930,65313
749,0,0,22,77367,76916,76144,76141,76770,69947,68776,69307,68949,68801,77652,76951,76406,76891,76500,66429,65694,65900,66381,65765
750,1,0,22,76807,76365,75602,75564,76200,69481,68312,68862,68487,68330,77095,76377,75831,76312,75918,65971,65239,65459,65933,65340
751,0,0,22,77391,76954,76167,76143,76777,69946,68787,69320,68947,68807,77661,76952,76407,76896,76490,66429,65698,65914,66393,65798
752,1,0,22,76795,76362,75576,75558,76174,69486,68310,68858,68471,68331,77061,76356,75827,76298,75922,65970,65235,65420,65921,65322
753,0,0,22,77368,76921,76131,76125,76753,69937,68757,69310,68923,68781,77632,76923,76398,76871,76472,66409,65684,65867,66362,65767
754,1,0,22,76791,76349,75565,75580,76181,69485,68315,68840,68461,68331,77077,76374,75841,76295,75915,65970,65244,65440,65927,65313
755,0,0,22,77380,76931,76127,76136,76765,69938,68773,69313,68926,68789,77645,76953,76414,76878,76483,66403,65680,65884,66373,65767
756,1,0,22,76811,76363,75597,75588,76193,69487,68328,68859,68476,68340,77081,76384,75841,76300,75935,65967,65237,65452,65943,65318
757,0,0,22,77366,76911,76140,76136,76743,69938,68753,69306,68926,68780,77639,76934,76400,76858,76482,66406,65664,65884,66379,65745
758,1,0,22,76785,76367,75574,75583,76175,69471,68298,68852,68476,68334,77083,76356,75837,76314,75935,65988,65231,65441,65928,65324
759,0,0,22,77375,76946,76152,76147,76749,69927,68760,69314,68948,68798,77654,76944,76414,76886,76509,66429,65683,65897,66401,65775
760,1,0,22,76799,76355,75570,75566,76168,69471,68309,68845,68472,68328,77075,76367,75836,76308,75915,65982,65236,65422,65932,65313
761,0,0,22,77388,76940,76137,76145,76762,69940,68778,69324,68950,68808,77659,76964,76417,76887,76497,66439,65698,65890,66394,65782
762,1,0,22,76806,76362,75576,75578,76192,69486,68330,68847,68472,68332,77081,76365,75820,76289,75916,65979,65240,65461,65925,65320
763,0,0,22,77389,76947,76151,76154,76783,69945,68793,69317,68947,68804,77670,76963,76417,76878,76503,66443,65695,65913,66384,65779
764,1,0,22,76823,76374,75606,75584,76208,69485,68340,68867,68494,68357,77095,76386,75850,76319,75931,66002,65260,65465,65938,65343
765,0,0,22,77388,76920,76144,76129,76759,69917,68779,69319,68935,68797,77648,76951,76416,76881,76482,66424,65690,65901,66371,65779
766,1,0,22,76795,76360,75587,75570,76185,69475,68311,68860,68470,68347,77066,76366,75817,76298,75916,65957,65230,65447,65924,65314
767,0,0,22,77371,76948,76153,76139,76764,69946,68778,69326,68944,68803,77646,76938,76399,76878,76491,66407,65672,65900,66373,65766
768,1,0,22,76816,76398,75605,75600,76212,69496,68330,68887,68504,68364,77078,76399,75846,76338,75953,65984,65267,65479,65951,65354
769,0,0,22,77394,76950,76151,76152,76784,69941,68783,69337,68960,68824,77640,76965,76418,76912,76504,66415,65699,65910,66387,65797
770,1,0,22,76786,76363,75567,75569,76188,69496,68306,68861,68493,68333,77043,76359,75820,76301,75918,65958,65218,65433,65920,65314
771,0,0,22,77377,76941,76130,76128,76761,69946,68769,69318,68952,68795,77629,76934,76403,76883,76481,66412,65673,65881,66369,65763
772,1,0,22,76783,76349,75581,75554,76184,69490,68286,68854,68456,68322,77058,76351,75821,76310,75910,65966,65216,65443,65918,65313
773,0,0,22,77386,76932,76156,76139,76777,69955,68760,69329,68938,68801,77652,76933,76405,76887,76490,66429,65679,65896,66369,65780
774,1,0,22,76787,76355,75582,75576,76190,69482,68298,68854,68473,68323,77046,76350,75827,76297,75918,65959,65217,65453,65920,65314
775,0,0,22,77383,76923,76138,76143,76770,69932,68762,69309,68936,68789,77624,76929,76400,76882,76481,66411,65662,65904,66368,65763
776,1,0,22,76799,76363,75567,75581,76200,69482,68302,68866,68477,68336,77058,76355,75825,76307,75924,65958,65229,65444,65923,65322
777,0,0,22,77372,76925,76135,76136,76770,69934,68756,69321,68936,68781,77621,76934,76408,76876,76478,66415,65664,65883,66370,65764
778,1,0,22,76803,76356,75582,75586,76197,69488,68306,68860,68477,68351,77071,76362,75812,76309,75907,65997,65221,65469,65915,65325
779,0,0,22,77383,76922,76136,76143,76781,69932,68769,69310,68934,68809,77640,76934,76391,76882,76478,66430,65671,65916,66371,65773
780,1,0,22,76789,76337,75584,75584,76186,69477,68289,68856,68476,68338,77074,76368,75817,76304,75905,65980,65233,65448,65920,65314
781,0,0,22,77373,76929,76153,76146,76765,69938,68756,69320,68959,68809,77654,76943,76404,76891,76487,66438,65677,65910,66389,65777
782,1,0,22,76793,76347,75584,75582,76197,69490,68303,68856,68474,68329,77072,76355,75810,76286,75921,65982,65222,65459,65925,65332
783,0,0,22,77377,76912,76151,76150,76774,69939,68767,69325,68938,68797,77656,76938,76408,76862,76492,66434,65686,65910,66389,65784
784,1,0,22,76801,76354,75585,75583,76202,69502,68310,68869,68478,68341,77066,76379,75829,76299,75933,65995,65249,65472,65942,65336
785,0,0,22,77424,76948,76175,76181,76809,69982,68787,69355,68965,68834,77675,76982,76440,76913,76534,66459,65718,65950,66426,65814
786,1,0,22,76789,76338,75592,75567,76190,69489,68297,68848,68472,68320,77068,76357,75812,76289,75921,65973,65222,65459,65911,65312
787,0,0,22,77374,76927,76161,76140,76772,69953,68762,69311,68936,68794,77648,76936,76402,76877,76499,66435,65675,65920,66367,65768
788,1,0,22,76803,76358,75593,75578,76188,69507,68316,68870,68474,68345,77065,76365,75830,76321,75931,65994,65213,65463,65936,65331
789,0,0,22,77389,76914,76160,76141,76772,69969,68772,69329,68931,68802,77632,76940,76407,76899,76495,66442,65656,65909,66374,65783
790,1,0,22,76795,76359,75589,75589,76199,69504,68315,68872,68502,68346,77071,76385,75852,76323,75952,66002,65242,65469,65927,65361
791,0,0,22,77391,76939,76162,76150,76784,69958,68769,69333,68963,68805,77652,76961,76427,76904,76521,66458,65694,65923,66373,65812
792,1,0,22,76807,76364,75599,75570,76183,69503,68299,68864,68493,68329,77064,76362,75821,76311,75917,66004,65236,65457,65938,65340
793,0,0,22,77391,76940,76167,76147,76767,69960,68772,69324,68965,68793,77639,76945,76417,76888,76493,66444,65691,65902,66377,65785
794,1,0,22,76795,76355,75591,75579,76205,69497,68298,68865,68507,68321,77067,76369,75838,76317,75928,65987,65235,65459,65940,65340
795,0,0,22,77380,76919,76147,76137,76775,69947,68770,69322,68958,68782,77631,76939,76415,76897,76489,66427,65680,65903,66390,65792
796,1,0,22,76790,76362,75594,75555,76182,69506,68323,68851,68483,68337,77070,76370,75824,76308,75942,65967,65228,65454,65938,65336
797,0,0,22,77384,76956,76164,76116,76774,69970,68787,69320,68954,68804,77651,76960,76405,76888,76501,66430,65678,65922,66399,65797
798,1,0,22,76784,76356,75555,75551,76183,69476,68287,68850,68470,68311,77063,76350,75806,76293,75911,65971,65229,65439,65916,65296
799,0,0,22,77388,76944,76148,76128,76773,69949,68766,69311,68957,68795,77652,76948,76404,76899,76497,66438,65682,65916,66380,65762
800,1,0,22,76794,76352,75574,75543,76186,69482,68295,68846,68466,68324,77053,76349,75820,76301,75914,65970,65222,65432,65926,65312
801,0,0,22,77387,76929,76146,76128,76763,69958,68758,69305,68940,68792,77659,76939,76412,76887,76490,66426,65676,65898,66391,65773
802,1,0,22,76789,76360,75595,75571,76189,69499,68303,68867,68489,68333,77073,76366,75817,76296,75915,65978,65242,65445,65935,65307
803,0,0,22,77374,76915,76143,76129,76766,69946,68756,69302,68940,68778,77655,76922,76396,76860,76476,66416,65675,65887,66377,65754
804,1,0,22,76781,76362,75569,75557,76177,69474,68299,68858,68479,68316,77062,76364,75819,76287,75903,65973,65228,65444,65923,65324
805,0,0,22,77375,76933,76136,76125,76758,69930,68769,69319,68951,68785,77627,76937,76407,76868,76478,66435,65689,65892,66368,65773
806,1,0,22,76796,76341,75570,75544,76182,69478,68296,68860,68470,68316,77056,76362,75837,76299,75908,65968,65219,65424,65913,65323
807,0,0,22,77376,76911,76123,76104,76757,69935,68750,69312,68925,68772,77626,76940,76411,76879,76468,66409,65665,65881,66363,65757
808,1,0,22,76812,76360,75590,75566,76188,69517,68318,68867,68490,68328,77087,76369,75845,76317,75928,65998,65236,65453,65936,65333
809,0,0,22,77382,76921,76148,76124,76758,69963,68776,69330,68951,68787,77661,76939,76417,76885,76497,66439,65680,65889,66379,65787
810,1,0,22,76825,76375,75587,75585,76186,69506,68314,68868,68476,68321,77076,76384,75840,76332,75936,65987,65219,65459,65928,65352
811,0,0,22,77391,76926,76129,76127,76750,69961,68758,69317,68932,68776,77631,76944,76412,76897,76489,66420,65661,65897,66381,65787
812,1,0,22,76785,76341,75566,75555,76158,69482,68278,68853,68453,68300,77060,76371,75832,76290,75908,65961,65227,65445,65908,65318
813,0,0,22,77393,76924,76126,76125,76768,69947,68757,69327,68936,68777,77641,76954,76420,76887,76480,66424,65681,65898,66374,65775
814,1,0,22,76800,76342,75563,75561,76194,69490,68296,68839,68474,68325,77065,76359,75837,76324,75918,65969,65227,65434,65924,65326
815,0,0,22,77391,76930,76137,76131,76786,69961,68772,69316,68947,68796,77649,76942,76430,76905,76504,66428,65691,65889,66398,65783
816,1,0,22,76793,76371,75574,75569,76195,69488,68301,68857,68462,68317,77078,76365,75822,76305,75912,65971,65216,65442,65911,65318
817,0,0,22,77349,76919,76122,76100,76747,69929,68738,69296,68918,68762,77634,76922,76382,76860,76453,66399,65643,65876,66344,65755
818,1,0,22,76794,76370,75574,75555,76195,69498,68295,68857,68487,68329,77103,76384,75843,76320,75932,65977,65246,65443,65942,65328
819,0,0,22,77388,76947,76150,76121,76773,69956,68771,69327,68961,68786,77677,76972,76433,76904,76491,66431,65694,65896,66391,65777
820,1,0,22,76806,76343,75579,75564,76175,69490,68309,68845,68469,68328,77077,76364,75809,76317,75923,65973,65211,65449,65919,65330
821,0,0,22,77404,76932,76158,76140,76768,69974,68784,69318,68956,68796,77665,76958,76411,76912,76497,66443,65676,65905,66398,65788
822,1,0,22,76796,76354,75585,75570,76172,69479,68291,68873,68475,68306,77073,76372,75834,76302,75909,65969,65235,65429,65934,65322
823,0,0,22,77385,76930,76168,76129,76764,69960,68767,69331,68944,68774,77652,76959,76420,76893,76487,66431,65696,65887,66390,65787
824,1,0,22,76812,76359,75600,75554,76180,69509,68312,68874,68496,68329,77068,76375,75842,76310,75921,65993,65239,65438,65940,65331
825,0,0,22,77396,76925,76161,76129,76761,69970,68776,69334,68963,68798,77651,76944,76404,76895,76488,66440,65690,65885,66394,65781
826,1,0,22,76788,76333,75567,75555,76177,69479,68297,68845,68469,68313,77076,76343,75818,76296,75914,65962,65227,65419,65923,65298
827,0,0,22,77375,76913,76139,76118,76766,69943,68766,69315,68940,68781,77652,76928,76398,76881,76490,66423,65680,65873,66373,65760
828,1,0,22,76804,76346,75594,75576,76190,69508,68302,68873,68479,68333,77081,76366,75823,76320,75926,65974,65235,65436,65929,65332
829,0,0,22,77377,76908,76154,76130,76760,69948,68765,69315,68931,68783,77652,76936,76395,76877,76489,66406,65675,65868,66366,65766
830,1,0,22,76804,76355,75596,75575,76182,69504,68305,68871,68476,68323,77078,76350,75827,76310,75934,65969,65222,65446,65923,65324
831,0,0,22,77382,76919,76161,76119,76749,69948,68762,69321,68934,68776,77626,76919,76401,76879,76495,66403,65665,65885,66363,65766
832,1,0,22,76793,76380,75603,75585,76191,69491,68296,68875,68471,68341,77065,76353,75839,76309,75935,65973,65229,65442,65928,65321
833,0,0,22,77377,76961,76160,76137,76759,69953,68758,69332,68941,68805,77641,76917,76409,76894,76502,66418,65668,65890,66380,65764
834,1,0,22,76803,76375,75585,75566,76191,69481,68302,68877,68489,68340,77081,76352,75835,76314,75930,65981,65234,65452,65935,65328
835,0,0,22,77390,76963,76157,76140,76778,69940,68774,69344,68949,68823,77661,76942,76411,76897,76508,66437,65698,65907,66391,65783
836,1,0,22,76798,76371,75583,75574,76187,69490,68301,68870,68474,68331,77088,76351,75832,76316,75928,65966,65240,65436,65916,65320
837,0,0,22,77380,76941,76153,76125,76757,69954,68759,69328,68940,68778,77666,76927,76422,76890,76495,66419,65683,65885,66376,65778
838,1,0,22,76798,76369,75589,75549,76184,69498,68308,68872,68478,68338,77082,76359,75838,76330,75927,65972,65237,65447,65919,65324
839,0,0,22,77381,76942,76149,76107,76756,69954,68768,69326,68937,68787,77656,76932,76401,76899,76475,66409,65686,65884,66360,65778
840,1,0,22,76783,76366,75595,75580,76184,69510,68292,68875,68489,68336,77073,76363,75825,76318,75928,65982,65247,65450,65917,65337
841,0,0,22,77373,76948,76155,76134,76750,69964,68761,69329,68955,68809,77645,76930,76401,76896,76507,66427,65697,65892,66374,65791
842,1,0,22,76786,76365,75592,75584,76181,69499,68312,68861,68467,68332,77072,76367,75830,76305,75911,65978,65239,65442,65918,65335
843,0,0,22,77374,76936,76153,76133,76744,69956,68761,69305,68936,68789,77648,76936,76400,76883,76471,66418,65674,65882,66370,65786
844,1,0,22,76809,76363,75610,75591,76176,69483,68322,68861,68478,68338,77066,76376,75827,76316,75924,65973,65244,65438,65921,65337
845,0,0,22,77389,76944,76171,76144,76757,69955,68789,69331,68942,68797,77659,76953,76419,76903,76495,66424,65696,65885,66376,65790
846,1,0,22,76789,76354,75584,75553,76175,69492,68298,68854,68472,68323,77066,76369,75820,76303,75903,65961,65219,65438,65911,65336
847,0,0,22,77359,76928,76142,76111,76743,69941,68750,69310,68925,68786,77635,76951,76401,76887,76467,66408,65667,65888,66366,65771
848,1,0,22,76795,76369,75608,75576,76201,69509,68313,68893,68494,68331,77095,76379,75828,76330,75943,65975,65236,65457,65938,65334
849,0,0,22,77389,76944,76184,76157,76787,69980,68794,69352,68963,68794,77680,76971,76412,76903,76514,66432,65698,65916,66400,65800
850,1,0,22,76782,76355,75580,75553,76198,69498,68303,68859,68482,68320,77042,76365,75821,76310,75920,65963,65238,65451,65925,65335
851,0,0,22,77378,76936,76159,76129,76785,69960,68769,69324,68962,68784,77646,76950,76407,76898,76506,66404,65688,65896,66376,65781
852,1,0,22,76791,76360,75594,75567,76177,69513,68302,68862,68474,68335,77080,76370,75830,76308,75919,65951,65240,65433,65919,65339
853,0,0,22,77371,76933,76160,76138,76752,69957,68749,69319,68924,68786,77655,76934,76407,76883,76472,66402,65687,65890,66369,65779
854,1,0,22,76811,76389,75592,75579,76210,69508,68297,68883,68476,68336,77077,76364,75822,76337,75928,65960,65240,65454,65934,65342
855,0,0,22,77375,76941,76160,76142,76776,69964,68756,69324,68935,68801,77657,76945,76405,76908,76487,66400,65694,65895,66396,65789
856,1,0,22,76799,76345,75594,75583,76185,69503,68303,68874,68477,68342,77062,76367,75833,76301,75945,65974,65244,65447,65942,65322
857,0,0,22,77373,76910,76152,76134,76748,69949,68749,69321,68928,68799,77639,76933,76400,76868,76495,66408,65680,65889,66383,65767
858,1,0,22,76808,76357,75592,75583,76209,69520,68314,68882,68497,68342,77074,76377,75826,76340,75941,66001,65269,65464,65957,65338
859,0,0,22,77403,76941,76162,76150,76785,69980,68777,69338,68962,68817,77648,76953,76419,76923,76513,66446,65722,65921,66429,65788
860,1,0,22,76821,76372,75603,75561,76206,69492,68309,68857,68477,68369,77067,76387,75843,76331,75937,65992,65239,65443,65939,65330
861,0,0,22,77389,76939,76163,76117,76759,69953,68764,69315,68936,68809,77644,76956,76398,76898,76496,66426,65678,65881,66392,65765
862,1,0,22,76799,76364,75598,75573,76206,69499,68316,68874,68488,68339,77070,76381,75831,76330,75926,65973,65246,65452,65939,65339
863,0,0,22,77377,76924,76149,76118,76769,69945,68769,69329,68940,68791,77641,76950,76413,76908,76485,66421,65683,65897,66392,65786
864,1,0,22,76815,76346,75592,75557,76198,69493,68297,68876,68485,68334,77072,76379,75840,76322,75916,65987,65243,65443,65938,65341
865,0,0,22,77394,76910,76155,76110,76778,69943,68766,69334,68955,68808,77650,76947,76413,76898,76478,66425,65695,65887,66389,65776
866,1,0,22,76805,76358,75576,75572,76186,69505,68298,68863,68471,68332,77094,76382,75829,76320,75900,65973,65243,65436,65935,65312
867,0,0,22,77380,76929,76132,76124,76756,69964,68747,69315,68933,68778,77654,76944,76412,76883,76461,66415,65684,65883,66378,65766
868,1,0,22,76807,76363,75599,75577,76194,69515,68311,68879,68493,68345,77093,76390,75852,76316,75933,65994,65255,65444,65965,65327
869,0,0,22,77374,76921,76153,76112,76758,69958,68762,69320,68927,68792,77653,76950,76417,76892,76486,66426,65690,65877,66397,65781
870,1,0,22,76797,76351,75577,75551,76176,69499,68301,68866,68455,68311,77063,76380,75831,76310,75927,65971,65227,65422,65911,65327
871,0,0,22,77383,76926,76159,76115,76764,69971,68769,69339,68927,68785,77638,76965,76412,76904,76497,66427,65684,65879,66380,65788
872,1,0,22,76807,76358,75592,75557,76189,69509,68301,68859,68480,68323,77075,76375,75844,76329,75932,65963,65245,65429,65938,65323
873,0,0,22,77384,76922,76142,76118,76754,69948,68742,69311,68927,68777,77654,76941,76401,76896,76479,66395,65684,65862,66371,65756
874,1,0,22,76811,76379,75607,75573,76216,69514,68328,68874,68489,68349,77084,76387,75853,76331,75928,65988,65267,65440,65937,65350
875,0,0,22,77389,76952,76160,76128,76768,69970,68784,69327,68955,68799,77654,76949,76425,76897,76488,66424,65708,65885,66398,65793
876,1,0,22,76822,76376,75608,75576,76218,69522,68326,68881,68493,68353,77072,76402,75844,76325,75946,65984,65258,65440,65958,65348
877,0,0,22,77399,76930,76166,76119,76780,69962,68780,69328,68942,68799,77627,76971,76413,76899,76494,66437,65692,65879,66404,65784
878,1,0,22,76786,76347,75581,75563,76185,69498,68290,68863,68469,68312,77054,76361,75820,76300,75914,65959,65222,65414,65934,65311
879,0,0,22,77387,76928,76162,76132,76779,69961,68765,69335,68953,68798,77654,76953,76413,76900,76495,66424,65686,65885,66414,65775
880,1,0,22,76831,76381,75602,75587,76201,69498,68316,68873,68506,68359,77094,76376,75845,76338,75938,65993,65252,65438,65962,65344
881,0,0,22,77406,76943,76177,76139,76791,69962,68786,69323,68972,68823,77660,76964,76423,76904,76513,66442,65702,65895,66410,65794
882,1,0,22,76818,76366,75611,75587,76217,69521,68326,68874,68504,68346,77088,76382,75835,76339,75951,65992,65261,65443,65971,65342
883,0,0,22,77396,76945,76160,76141,76788,69976,68782,69329,68957,68819,77653,76954,76411,76906,76502,66438,65699,65888,66412,65786
884,1,0,22,76789,76335,75582,75561,76187,69488,68300,68853,68471,68320,77057,76366,75810,76310,75928,65946,65219,65420,65937,65334
885,0,0,22,77372,76911,76157,76123,76773,69934,68761,69317,68921,68784,77633,76943,76406,76893,76496,66394,65675,65867,66400,65789
886,1,0,22,76800,76366,75606,75573,76196,69498,68295,68856,68484,68316,77051,76376,75823,76330,75912,65966,65231,65424,65953,65329
887,0,0,22,77375,76923,76146,76125,76753,69939,68746,69310,68926,68763,77595,76941,76386,76900,76471,66392,65668,65845,66382,65755
888,1,0,22,76809,76368,75591,75578,76213,69508,68302,68865,68500,68322,77085,76377,75850,76337,75923,65981,65234,65426,65947,65342
889,0,0,22,77382,76938,76161,76127,76784,69966,68760,69331,68951,68778,77642,76959,76440,76910,76490,66420,65666,65878,66405,65779
890,1,0,22,76789,76359,75581,75567,76172,69470,68304,68846,68479,68302,77059,76359,75819,76299,75910,65955,65236,65426,65940,65315
891,0,0,22,77362,76928,76135,76127,76748,69925,68762,69304,68939,68767,77626,76933,76387,76883,76475,66401,65687,65869,66381,65768
892,1,0,22,76810,76374,75590,75585,76195,69505,68317,68866,68492,68326,77081,76377,75839,76335,75933,65973,65246,65448,65962,65346
893,0,0,22,77375,76930,76138,76127,76769,69955,68757,69319,68934,68778,77633,76940,76400,76895,76489,66420,65677,65886,66399,65782
894,1,0,22,76801,76362,75598,75584,76200,69490,68323,68869,68471,68312,77075,76386,75845,76316,75926,65981,65244,65454,65966,65333
895,0,0,22,77387,76932,76167,76138,76778,69951,68773,69319,68927,68776,77653,76952,76415,76894,76490,66426,65683,65906,66398,65783
896,1,0,22,76793,76329,75561,75544,76191,69476,68292,68840,68452,68300,77069,76368,75827,76304,75913,65960,65219,65402,65942,65324
897,0,0,22,77362,76891,76131,76089,76762,69933,68757,69285,68897,68754,77641,76937,76396,76865,76462,66399,65658,65841,66378,65763
898,1,0,22,76785,76320,75559,75562,76184,69480,68299,68844,68458,68298,77041,76365,75834,76284,75910,65947,65223,65413,65919,65311
899,0,0,22,77386,76911,76140,76134,76769,69961,68777,69313,68940,68776,77637,76948,76419,76871,76493,66409,65679,65878,66386,65772
900,1,0,22,76821,76350,75604,75601,76216,69508,68344,68870,68489,68341,77092,76388,75854,76326,75935,65996,65250,65456,65962,65335
901,0,0,22,77413,76926,76182,76163,76798,69971,68804,69333,68953,68803,77664,76971,76430,76908,76509,66440,65684,65906,66417,65782
902,1,0,22,76801,76389,75591,75579,76212,69501,68326,68858,68488,68326,77102,76373,75836,76322,75922,65971,65240,65440,65952,65327
903,0,0,22,77378,76940,76148,76131,76764,69948,68769,69299,68943,68774,77658,76936,76400,76882,76472,66420,65677,65873,66378,65764
904,1,0,22,76813,76381,75594,75587,76199,69502,68340,68871,68495,68340,77073,76384,75841,76342,75917,65988,65250,65440,65947,65337
905,0,0,22,77378,76922,76141,76129,76756,69939,68783,69320,68940,68775,77632,76932,76388,76897,76463,66413,65678,65861,66381,65768
906,1,0,22,76806,76351,75590,75599,76202,69505,68332,68864,68491,68331,77070,76384,75833,76344,75932,65980,65246,65452,65942,65326
907,0,0,22,77383,76922,76154,76160,76785,69960,68782,69309,68944,68782,77634,76949,76406,76912,76486,66419,65688,65899,66390,65763
908,1,0,22,76820,76348,75603,75601,76210,69508,68332,68864,68479,68325,77097,76405,75842,76347,75949,65989,65262,65453,65979,65334
909,0,0,22,77389,76923,76156,76156,76786,69953,68779,69317,68932,68777,77655,76972,76424,76906,76506,66436,65704,65903,66424,65768
910,1,0,22,76842,76366,75622,75610,76228,69517,68345,68875,68502,68339,77102,76400,75865,76344,75959,66008,65287,65464,65976,65347
911,0,0,22,77395,76915,76158,76148,76779,69959,68790,69323,68952,68783,77666,76957,76425,76902,76504,66443,65706,65897,66403,65775
912,1,0,22,76807,76357,75574,75594,76207,69504,68318,68867,68496,68325,77071,76392,75830,76332,75936,65994,65243,65458,65944,65326
913,0,0,22,77387,76911,76136,76138,76771,69958,68777,69319,68948,68776,77633,76955,76395,76898,76483,66433,65687,65896,66380,65772
914,1,0,22,76802,76365,75587,75591,76199,69503,68327,68868,68499,68335,77073,76387,75824,76329,75940,65995,65230,65459,65947,65343
915,0,0,22,77383,76907,76127,76134,76758,69945,68766,69313,68938,68774,77645,76947,76376,76893,76485,66424,65657,65886,66391,65778
916,1,0,22,76790,76379,75586,75588,76210,69506,68321,68859,68491,68320,77086,76380,75841,76326,75941,65980,65245,65452,65949,65333
917,0,0,22,77386,76940,76152,76137,76782,69959,68781,69308,68947,68780,77660,76944,76410,76910,76508,66431,65693,65900,66397,65786
918,1,0,22,76813,76364,75566,75574,76194,69504,68326,68843,68478,68315,77054,76368,75838,76309,75934,65965,65237,65436,65951,65325
919,0,0,22,77392,76923,76131,76143,76779,69958,68789,69310,68951,68785,77646,76949,76421,76882,76499,66419,65679,65881,66406,65769
920,1,0,22,76803,76362,75590,75592,76206,69510,68332,68867,68502,68312,77095,76397,75847,76326,75942,66006,65252,65454,65973,65345
921,0,0,22,77377,76921,76145,76149,76767,69958,68789,69315,68955,68755,77652,76960,76401,76893,76498,66439,65686,65895,66395,65784
922,1,0,22,76817,76375,75589,75599,76205,69522,68331,68880,68511,68332,77068,76392,75849,76340,75939,66002,65239,65458,65971,65345
923,0,0,22,77387,76938,76154,76152,76779,69977,68786,69336,68961,68796,77653,76965,76424,76904,76504,66444,65681,65895,66415,65784
924,1,0,22,76817,76368,75588,75586,76199,69500,68322,68867,68488,68321,77073,76385,75826,76350,75936,65974,65247,65434,65939,65322
925,0,0,22,77402,76950,76151,76135,76777,69958,68787,69334,68944,68782,77655,76963,76413,76918,76509,66424,65703,65894,66393,65777
926,1,0,22,76815,76373,75585,75583,76203,69510,68322,68877,68488,68314,77075,76385,75835,76328,75930,65968,65248,65451,65959,65329
927,0,0,22,77392,76941,76143,76137,76783,69968,68785,69324,68942,68761,77644,76948,76412,76893,76489,66413,65687,65894,66393,65768
928,1,0,22,76825,76381,75590,75601,76211,69514,68336,68889,68496,68329,77090,76397,75833,76333,75943,65995,65265,65443,65957,65331
929,0,0,22,77395,76940,76165,76147,76773,69962,68778,69341,68956,68778,77649,76962,76404,76906,76496,66427,65706,65884,66402,65766
930,1,0,22,76804,76347,75587,75585,76194,69495,68323,68868,68476,68325,77067,76365,75830,76333,75920,65974,65243,65442,65945,65323
931,0,0,22,77399,76918,76160,76151,76777,69955,68783,69326,68940,68779,77643,76959,76408,76916,76483,66427,65708,65903,66412,65784
932,1,0,22,76799,76325,75573,75568,76188,69484,68313,68853,68475,68301,77054,76374,75804,76319,75930,65957,65226,65425,65932,65318
933,0,0,22,77390,76911,76157,76135,76773,69954,68779,69325,68939,68775,77634,76956,76417,76899,76500,66418,65685,65888,66390,65771
934,1,0,22,76811,76351,75588,75562,76196,69498,68322,68871,68463,68329,77064,76380,75823,76328,75923,65990,65230,65447,65960,65312
935,0,0,22,77403,76919,76156,76132,76773,69970,68788,69343,68926,68800,77650,76960,76406,76917,76497,66451,65693,65897,66413,65773
936,1,0,22,76791,76352,75591,75575,76193,69488,68306,68857,68494,68313,77073,76376,75837,76331,75928,65979,65237,65450,65935,65319
937,0,0,22,77372,76921,76136,76134,76756,69931,68757,69302,68951,68771,77631,76947,76403,76898,76488,66418,65672,65889,66383,65763
938,1,0,22,76797,76356,75574,75575,76210,69497,68308,68864,68485,68332,77067,76381,75835,76328,75926,65962,65238,65438,65944,65335
939,0,0,22,77373,76922,76147,76128,76787,69958,68772,69325,68947,68796,77646,76947,76414,76900,76481,66425,65684,65885,66403,65781
940,1,0,22,76810,76367,75623,75591,76216,69508,68334,68865,68498,68347,77085,76398,75856,76335,75929,65998,65251,65458,65950,65324
941,0,0,22,77396,76920,76186,76142,76789,69958,68781,69318,68950,68794,77651,76963,76416,76901,76494,66438,65685,65899,66394,65767
942,1,0,22,76795,76339,75580,75570,76205,69501,68310,68858,68468,68326,77052,76373,75830,76306,75922,65980,65233,65445,65941,65321
943,0,0,22,77404,76928,76165,76151,76799,69964,68794,69339,68942,68811,77640,76957,76438,76902,76503,66449,65705,65908,66413,65791
944,1,0,22,76799,76352,75581,75566,76166,69488,68312,68870,68484,68331,77065,76372,75829,76315,75928,65980,65230,65446,65949,65318
945,0,0,22,77386,76927,76165,76130,76776,69953,68776,69338,68940,68795,77645,76953,76433,76903,76503,66421,65690,65902,66396,65774
946,1,0,22,76803,76348,75596,75586,76186,69499,68331,68867,68482,68332,77067,76374,75828,76319,75914,65974,65253,65454,65953,65326
947,0,0,22,77381,76905,76158,76147,76771,69948,68780,69322,68942,68788,77640,76951,76407,76895,76476,66414,65692,65891,66400,65772
948,1,0,22,76797,76362,75585,75577,76196,69487,68313,68853,68474,68320,77065,76382,75823,76322,75916,65974,65232,65430,65949,65320
949,0,0,22,77383,76939,76162,76139,76777,69953,68782,69318,68942,68784,77652,76960,76409,76910,76484,66429,65697,65899,66408,65782
950,1,0,22,76812,76367,75601,75571,76208,69508,68324,68855,68490,68319,77086,76378,75844,76326,75938,65988,65243,65443,65941,65326
951,0,0,22,77391,76925,76157,76128,76786,69954,68785,69324,68952,68779,77655,76958,76420,76900,76505,66425,65683,65896,66395,65768
952,1,0,22,76798,76331,75575,75558,76204,69494,68314,68859,68466,68344,77079,76375,75838,76327,75919,65972,65242,65429,65957,65310
953,0,0,22,77357,76875,76109,76103,76762,69929,68756,69306,68916,68776,77636,76936,76398,76885,76459,66409,65672,65873,66383,65744
954,1,0,22,76807,76330,75583,75560,76194,69498,68308,68863,68469,68324,77089,76375,75822,76326,75927,65982,65247,65433,65950,65327
955,0,0,22,77404,76918,76154,76120,76771,69963,68771,69332,68956,68793,77654,76965,76404,76916,76498,66443,65695,65894,66419,65778
956,1,0,22,76790,76338,75582,75565,76183,69467,68294,68848,68483,68310,77072,76345,75822,76327,75899,65964,65228,65432,65923,65307
957,0,0,22,77378,76924,76164,76140,76776,69938,68766,69316,68961,68782,77654,76947,76395,76921,76475,66413,65678,65885,66384,65767
958,1,0,22,76796,76345,75584,75570,76171,69481,68295,68857,68485,68306,77074,76355,75816,76324,75910,65978,65238,65440,65943,65321
959,0,0,22,77376,76915,76153,76138,76760,69944,68758,69315,68937,68769,77637,76933,76392,76890,76475,66420,65687,65886,66393,65764
960,1,0,22,76807,76344,75585,75561,76205,69499,68308,68853,68475,68320,77084,76366,75831,76324,75941,65982,65248,65412,65950,65324
961,0,0,22,77385,76897,76142,76116,76776,69941,68757,69300,68927,68768,77651,76940,76401,76897,76484,66420,65701,65861,66395,65765
962,1,0,22,76795,76342,75570,75570,76203,69513,68307,68847,68481,68325,77071,76362,75824,76333,75927,65976,65259,65440,65946,65314
963,0,0,22,77380,76915,76147,76128,76771,69975,68769,69316,68940,68792,77657,76944,76403,76912,76488,66423,65714,65902,66406,65773
964,1,0,22,76782,76336,75571,75563,76178,69507,68285,68835,68486,68315,77066,76351,75814,76305,75906,65951,65225,65417,65922,65310
965,0,0,22,77369,76925,76155,76142,76764,69969,68758,69308,68958,68790,77655,76939,76409,76897,76488,66418,65688,65878,66380,65767
966,1,0,22,76800,76375,75585,75575,76201,69498,68297,68856,68490,68323,77091,76365,75816,76325,75934,65973,65252,65450,65938,65316
967,0,0,22,77369,76931,76138,76126,76753,69944,68743,69294,68938,68777,77654,76934,76372,76893,76497,66399,65688,65878,66381,65749
968,1,0,22,76777,76336,75581,75566,76177,69473,68293,68846,68477,68316,77076,76355,75820,76311,75905,65959,65224,65428,65935,65320
969,0,0,22,77369,76922,76153,76146,76771,69946,68767,69320,68951,68786,77665,76940,76404,76905,76478,66421,65692,65890,66401,65780
970,1,0,22,76810,76343,75597,75585,76196,69508,68316,68859,68482,68326,77078,76365,75834,76338,75931,65981,65251,65434,65948,65341
971,0,0,22,77369,76904,76141,76129,76762,69954,68769,69311,68935,68783,77641,76924,76383,76900,76479,66418,65679,65871,66383,65773
972,1,0,22,76770,76321,75593,75556,76202,69483,68291,68846,68469,68318,77079,76357,75803,76307,75907,65966,65224,65427,65941,65300
973,0,0,22,77382,76922,76174,76147,76793,69948,68774,69322,68949,68787,77668,76959,76419,76907,76500,66432,65693,65894,66415,65772
974,1,0,22,76794,76363,75592,75575,76203,69490,68315,68849,68480,68340,77088,76372,75828,76323,75913,65983,65240,65442,65947,65326
975,0,0,22,77367,76927,76152,76130,76781,69947,68765,69301,68929,68794,77634,76935,76412,76890,76464,66416,65686,65870,66402,65767
976,1,0,22,76793,76343,75588,75564,76195,69475,68311,68845,68456,68334,77075,76362,75836,76308,75925,65974,65237,65429,65927,65316
977,0,0,22,77359,76908,76153,76138,76760,69932,68758,69303,68918,68796,77639,76933,76403,76887,76477,66415,65680,65873,66385,65769
978,1,0,22,76793,76348,75587,75574,76183,69490,68304,68859,68475,68325,77072,76378,75837,76319,75914,65966,65218,65445,65939,65320
979,0,0,22,77372,76908,76153,76122,76744,69932,68755,69305,68933,68773,77640,76941,76397,76892,76475,66404,65661,65883,66396,65759
980,1,0,22,76774,76324,75584,75579,76198,69477,68291,68842,68460,68320,77079,76357,75828,76295,75904,65971,65209,65433,65933,65302
981,0,0,22,77351,76884,76139,76133,76764,69923,68739,69306,68928,68776,77654,76917,76394,76867,76457,66403,65647,65867,66368,65743
982,1,0,22,76801,76354,75598,75587,76215,69501,68320,68865,68473,68334,77092,76360,75832,76326,75910,65959,65248,65444,65944,65318
983,0,0,22,77395,76935,76157,76152,76805,69957,68777,69332,68937,68795,77673,76935,76416,76905,76480,66407,65694,65898,66400,65765
984,1,0,22,76786,76346,75587,75573,76169,69488,68294,68862,68471,68309,77057,76360,75833,76314,75914,65960,65226,65441,65933,65310
985,0,0,22,77377,76913,76151,76150,76758,69941,68760,69324,68926,68763,77642,76929,76417,76888,76491,66405,65675,65891,66396,65759
986,1,0,22,76771,76331,75574,75570,76177,69465,68301,68841,68459,68317,77053,76345,75820,76308,75901,65953,65216,65434,65935,65301
987,0,0,22,77360,76917,76151,76140,76767,69930,68769,69304,68914,68780,77637,76917,76393,76881,76473,66406,65665,65872,66390,65761
988,1,0,22,76787,76332,75585,75565,76177,69482,68283,68835,68465,68297,77070,76357,75822,76306,75915,65963,65224,65430,65922,65298
989,0,0,22,77378,76905,76144,76115,76758,69932,68740,69280,68921,68756,77632,76933,76395,76881,76484,66404,65673,65879,66376,65741
990,1,0,22,76809,76362,75608,75582,76197,69496,68311,68855,68495,68342,77106,76372,75833,76323,75930,65986,65255,65447,65954,65329
991,0,0,22,77387,76933,76175,76153,76775,69953,68769,69313,68945,68805,77675,76954,76404,76893,76488,66437,65701,65906,66395,65782
992,1,0,22,76786,76333,75574,75564,76173,69483,68290,68829,68465,68320,77069,76349,75822,76303,75917,65952,65232,65445,65916,65310
993,0,0,22,77377,76919,76159,76139,76769,69949,68758,69296,68935,68791,77660,76939,76404,76897,76499,66406,65677,65896,66373,65765
994,1,0,22,76805,76343,75587,75585,76193,69483,68300,68844,68460,68326,77078,76368,75822,76320,75937,65968,65244,65435,65943,65320
995,0,0,22,77381,76893,76154,76141,76766,69927,68741,69298,68918,68792,77632,76924,76390,76879,76495,66403,65687,65881,66371,65770
996,1,0,22,76784,76333,75588,75577,76183,69485,68281,68852,68482,68313,77078,76366,75814,76313,75908,65975,65241,65417,65924,65320
997,0,0,22,77358,76898,76157,76131,76763,69930,68736,69298,68935,68771,77640,76925,76401,76883,76482,66415,65672,65859,66371,65766
998,1,0,22,76778,76334,75593,75567,76189,69497,68300,68849,68487,68331,77078,76362,75816,76288,75916,65968,65225,65434,65945,65313
999,0,0,22,77362,76894,76147,76120,76751,69951,68756,69301,68935,68777,77641,76935,76380,76858,76481,66411,65659,65882,66373,65763
1000,1,0,22,76809,76347,75611,75582,76195,69497,68303,68847,68489,68339,77058,76375,75838,76320,75927,65977,65256,65448,65943,65322
1001,0,0,22,77383,76910,76177,76137,76768,69948,68752,69313,68948,68791,77627,76941,76413,76892,76483,66409,65693,65894,66394,65765
1002,1,0,22,76795,76320,75588,75575,76183,69478,68297,68852,68464,68319,77058,76358,75809,76312,75913,65963,65229,65419,65924,65289
1003,0,0,22,77394,76908,76168,76146,76772,69953,68772,69318,68954,68806,77644,76943,76404,76899,76500,66416,65676,65876,66390,65749
1004,1,0,22,76803,76326,75595,75581,76211,69485,68299,68871,68482,68336,77068,76370,75831,76303,75908,65980,65214,65437,65952,65309
1005,0,0,22,77377,76896,76158,76134,76785,69932,68747,69327,68930,68776,77636,76933,76408,76875,76475,66428,65663,65876,66396,65761
1006,1,0,22,76792,76342,75579,75579,76209,69475,68298,68879,68478,68333,77064,76374,75847,76309,75919,65969,65236,65445,65958,65316
1007,0,0,22,77376,76920,76140,76148,76782,69945,68761,69342,68943,68791,77647,76957,76424,76900,76500,66431,65699,65895,66406,65762
1008,1,0,22,76797,76348,75583,75579,76210,69490,68306,68867,68499,68324,77069,76374,75838,76322,75932,65977,65247,65444,65947,65332
1009,0,0,22,77379,76915,76151,76134,76779,69943,68765,69323,68944,68777,77644,76951,76416,76904,76503,66427,65692,65886,66398,65780
1010,1,0,22,76812,76350,75598,75580,76201,69494,68302,68863,68478,68330,77084,76363,75843,76319,75920,65973,65241,65432,65936,65320
1011,0,0,22,77407,76924,76176,76158,76790,69958,68771,69329,68943,68800,77655,76947,76428,76914,76497,66435,65693,65887,66402,65784
1012,1,0,22,76809,76355,75579,75557,76204,69493,68292,68858,68482,68307,77087,76375,75837,76306,75910,65963,65226,65414,65929,65312
1013,0,0,22,77395,76938,76150,76121,76791,69942,68758,69324,68944,68768,77658,76953,76429,76887,76487,66414,65681,65872,66384,65767
1014,1,0,22,76775,76340,75570,75563,76200,69479,68293,68827,68456,68303,77069,76350,75817,76305,75907,65956,65234,65410,65929,65303
1015,0,0,22,77378,76918,76141,76127,76786,69948,68759,69305,68934,68767,77647,76931,76414,76877,76491,66410,65689,65879,66387,65772
1016,1,0,22,76784,76327,75565,75559,76194,69477,68276,68838,68468,68297,77058,76345,75829,76286,75901,65957,65226,65419,65908,65293
1017,0,0,22,77386,76906,76132,76117,76777,69942,68731,69298,68931,68757,77642,76923,76424,76871,76470,66405,65678,65871,66374,65750
1018,1,0,22,76797,76346,75581,75561,76204,69497,68287,68852,68483,68319,77080,76360,75827,76326,75908,65972,65247,65448,65943,65306
1019,0,0,22,77368,76909,76156,76121,76763,69941,68748,69299,68941,68781,77641,76943,76389,76897,76468,66413,65694,65884,66384,65757
1020,1,0,22,76801,76331,75579,75576,76198,69497,68306,68848,68469,68332,77077,76345,75816,76315,75920,65966,65242,65437,65939,65321
1021,0,0,22,77410,76930,76169,76151,76795,69976,68779,69325,68953,68808,77676,76950,76408,76913,76503,66423,65694,65893,66412,65785
1022,1,0,22,76777,76325,75581,75569,76183,69481,68304,68838,68469,68330,77069,76356,75816,76299,75915,65945,65225,65409,65910,65286
1023,0,0,22,77380,76915,76160,76145,76780,69947,68778,69308,68943,68796,77660,76944,76422,76892,76496,66407,65686,65875,66383,65748
1024,1,0,22,76803,76353,75588,75593,76212,69507,68324,68867,68490,68342,77072,76359,75839,76322,75935,65977,65246,65438,65938,65309
1025,0,0,22,77370,76921,76154,76139,76773,69956,68768,69321,68937,68787,77637,76931,76383,76893,76482,66410,65694,65891,66380,65760
1026,1,0,22,76818,76354,75623,75578,76220,69504,68333,68861,68501,68338,77098,76375,75841,76338,75944,65973,65255,65460,65950,65328
1027,0,0,22,77385,76902,76168,76128,76775,69941,68781,69321,68952,68800,77648,76946,76420,76905,76503,66412,65696,65897,66399,65766
1028,1,0,22,76795,76335,75573,75553,76207,69477,68302,68835,68469,68331,77056,76360,75831,76309,75903,65969,65243,65439,65922,65303
1029,0,0,22,77368,76900,76142,76112,76777,69936,68749,69297,68924,68787,77610,76922,76410,76871,76463,66404,65680,65889,66364,65743
1030,1,0,22,76809,76358,75589,75595,76213,69499,68314,68871,68479,68366,77063,76377,75843,76310,75916,65971,65243,65460,65946,65330
1031,0,0,22,77373,76922,76138,76137,76776,69942,68759,69315,68938,68805,77619,76940,76406,76871,76477,66391,65678,65893,66391,65748
1032,1,0,22,76802,76340,75582,75558,76198,69477,68296,68848,68464,68321,77079,76349,75821,76302,75891,65958,65236,65429,65949,65303
1033,0,0,22,77395,76916,76141,76119,76773,69944,68761,69307,68925,68785,77660,76935,76411,76880,76461,66405,65694,65887,66415,65752
1034,1,0,22,76798,76350,75591,75572,76194,69483,68295,68846,68463,68318,77054,76341,75823,76305,75899,65951,65233,65433,65926,65305
1035,0,0,22,77365,76906,76139,76122,76762,69932,68730,69290,68916,68772,77613,76909,76384,76872,76450,66396,65669,65865,66359,65738
1036,1,0,22,76796,76334,75592,75581,76208,69480,68302,68854,68470,68326,77059,76358,75820,76298,75911,65957,65239,65443,65923,65312
1037,0,0,22,77376,76907,76142,76131,76773,69937,68758,69303,68937,68782,77618,76921,76392,76855,76464,66398,65674,65881,66363,65747
1038,1,0,22,76791,76328,75582,75553,76205,69470,68296,68828,68468,68308,77074,76353,75824,76274,75903,65953,65235,65438,65931,65307
1039,0,0,22,77364,76908,76149,76131,76785,69925,68753,69294,68922,68750,77636,76919,76397,76856,76466,66387,65668,65882,66369,65757
1040,1,0,22,76803,76338,75591,75558,76204,69479,68293,68845,68472,68307,77059,76362,75818,76296,75902,65948,65229,65444,65921,65309
1041,0,0,22,77377,76893,76142,76119,76770,69933,68752,69290,68927,68769,77634,76930,76388,76865,76454,66393,65675,65879,66369,65754
1042,1,0,22,76809,76321,75594,75566,76191,69476,68301,68843,68462,68307,77034,76345,75813,76299,75897,65947,65236,65431,65929,65299
1043,0,0,22,77384,76884,76161,76137,76761,69919,68756,69290,68917,68767,77625,76928,76387,76874,76456,66395,65677,65874,66392,65757
1044,1,0,22,76789,76341,75592,75569,76187,69489,68288,68836,68458,68319,77053,76347,75817,76314,75898,65943,65241,65438,65928,65308
1045,0,0,22,77368,76915,76151,76131,76779,69943,68752,69298,68920,68776,77635,76949,76398,76883,76478,66402,65683,65883,66377,65767
1046,1,0,22,76801,76345,75597,75558,76202,69480,68306,68834,68484,68334,77076,76361,75820,76298,75920,65959,65218,65430,65944,65321
1047,0,0,22,77388,76926,76159,76121,76785,69939,68764,69296,68936,68787,77648,76937,76402,76875,76486,66404,65669,65885,66388,65774
1048,1,0,22,76792,76345,75581,75564,76208,69489,68300,68842,68460,68319,77062,76340,75802,76309,75896,65950,65233,65425,65938,65311
1049,0,0,22,77396,76915,76144,76128,76787,69942,68772,69301,68930,68783,77644,76923,76403,76882,76474,66401,65679,65876,66381,65759
1050,1,0,22,76805,76338,75593,75579,76215,69493,68308,68847,68481,68295,77060,76357,75836,76310,75915,65953,65232,65431,65924,65314
1051,0,0,22,77391,76903,76146,76129,76789,69942,68769,69293,68934,68747,77628,76925,76404,76881,76477,66396,65674,65871,66362,65761
1052,1,0,22,76786,76345,75570,75550,76186,69489,68297,68822,68458,68290,77051,76345,75824,76292,75912,65957,65206,65406,65904,65295
1053,0,0,22,77374,76908,76140,76122,76773,69945,68761,69298,68920,68747,77638,76926,76406,76878,76479,66418,65660,65863,66353,65754
1054,1,0,22,76795,76352,75585,75566,76210,69493,68312,68843,68465,68311,77062,76351,75838,76309,75907,65973,65225,65431,65940,65318
1055,0,0,22,77379,76921,76155,76130,76794,69954,68775,69296,68930,68778,77651,76933,76414,76886,76482,66425,65683,65881,66392,65767
1056,1,0,22,76819,76355,75589,75569,76218,69506,68318,68865,68485,68314,77076,76365,75850,76319,75924,65962,65235,65449,65943,65319
1057,0,0,22,77379,76923,76149,76121,76778,69952,68768,69314,68942,68771,77639,76927,76424,76881,76476,66400,65669,65892,66373,65767
1058,1,0,22,76788,76345,75577,75568,76200,69494,68311,68843,68472,68303,77076,76352,75842,76305,75912,65953,65249,65424,65942,65317
1059,0,0,22,77366,76908,76135,76110,76766,69941,68757,69286,68927,68753,77639,76924,76405,76878,76466,66401,65675,65874,66379,65751
1060,1,0,22,76784,76332,75587,75561,76197,69494,68308,68831,68464,68291,77072,76363,75832,76288,75911,65966,65222,65417,65933,65321
1061,0,0,22,77373,76907,76164,76128,76783,69961,68776,69299,68946,68766,77646,76938,76411,76866,76481,66418,65670,65874,66391,65776
1062,1,0,22,76800,76337,75579,75573,76207,69486,68310,68827,68483,68300,77065,76363,75842,76305,75921,65970,65228,65437,65939,65315
1063,0,0,22,77369,76899,76128,76113,76781,69924,68758,69281,68945,68754,77632,76928,76412,76865,76473,66402,65663,65873,66385,65744
1064,1,0,22,76797,76335,75579,75559,76194,69490,68306,68841,68454,68289,77075,76359,75829,76292,75919,65940,65237,65419,65947,65297
1065,0,0,22,77377,76913,76156,76120,76755,69947,68776,69305,68912,68753,77641,76932,76417,76872,76499,66394,65679,65873,66405,65752
1066,1,0,22,76790,76341,75581,75568,76201,69494,68327,68850,68475,68318,77055,76368,75836,76321,75913,65967,65245,65440,65950,65326
1067,0,0,22,77382,76915,76149,76136,76786,69946,68793,69309,68944,68783,77641,76951,76416,76897,76494,66418,65698,65889,66405,65772
1068,1,0,22,76813,76359,75605,75590,76209,69518,68302,68859,68481,68343,77081,76377,75850,76336,75940,65977,65249,65463,65954,65340
1069,0,0,22,77413,76940,76166,76152,76792,69978,68769,69328,68938,68796,77665,76950,76425,76918,76505,66424,65701,65919,66417,65792
1070,1,0,22,76808,76364,75580,75585,76205,69508,68318,68855,68462,68337,77061,76373,75844,76296,75931,65984,65245,65461,65944,65329
1071,0,0,22,77394,76940,76152,76150,76789,69971,68790,69326,68927,68796,77651,76959,76426,76891,76498,66425,65700,65909,66404,65784
1072,1,0,22,76782,76337,75559,75557,76192,69479,68296,68820,68447,68297,77072,76337,75806,76283,75899,65939,65231,65413,65915,65304
1073,0,0,22,77376,76918,76129,76132,76773,69945,68762,69276,68922,68763,77647,76913,76391,76878,76463,66390,65679,65872,66364,65749
1074,1,0,22,76800,76362,75581,75578,76215,69501,68308,68867,68477,68311,77059,76351,75824,76304,75917,65966,65233,65449,65961,65317
1075,0,0,22,77387,76925,76141,76141,76796,69946,68760,69325,68934,68769,77630,76925,76407,76880,76492,66404,65682,65904,66408,65762
1076,1,0,22,76788,76350,75590,75549,76196,69493,68290,68828,68457,68287,77061,76342,75817,76305,75920,65962,65246,65410,65938,65326
1077,0,0,22,77375,76920,76151,76117,76766,69945,68747,69292,68924,68752,77628,76905,76394,76887,76480,66390,65685,65864,66386,65770
1078,1,0,22,76802,76330,75584,75557,76197,69479,68278,68853,68456,68301,77069,76352,75804,76317,75922,65950,65221,65414,65936,65317
1079,0,0,22,77354,76888,76146,76106,76768,69934,68731,69294,68909,68749,77632,76920,76379,76872,76471,66393,65664,65849,66382,65750
1080,1,0,22,76799,76341,75600,75580,76204,69503,68314,68843,68469,68310,77069,76362,75823,76320,75913,65971,65241,65423,65939,65342
1081,0,0,22,77387,76911,76169,76141,76788,69952,68764,69312,68934,68769,77647,76951,76402,76897,76475,66416,65699,65879,66397,65787
1082,1,0,22,76804,76337,75600,75576,76206,69502,68309,68866,68482,68297,77061,76368,75836,76322,75930,65960,65236,65424,65946,65322
1083,0,0,22,77411,76925,76185,76156,76794,69966,68798,69326,68954,68785,77644,76963,76422,76912,76510,66426,65701,65897,66413,65781
1084,1,0,22,76793,76332,75590,75567,76192,69485,68302,68854,68459,68302,77051,76370,75822,76316,75910,65958,65237,65434,65937,65316
1085,0,0,22,77388,76908,76163,76129,76769,69949,68768,69320,68930,68770,77644,76945,76397,76901,76484,66417,65688,65890,66402,65769
1086,1,0,22,76789,76340,75592,75564,76203,69489,68299,68863,68466,68287,77060,76374,75820,76317,75896,65971,65230,65426,65945,65309
1087,0,0,22,77379,76923,76167,76130,76787,69951,68764,69324,68937,68757,77639,76950,76406,76896,76470,66416,65684,65878,66398,65763
1088,1,0,22,76792,76376,75610,75571,76222,69486,68301,68872,68483,68312,77060,76372,75808,76329,75919,65974,65259,65446,65946,65317
1089,0,0,22,77387,76928,76170,76124,76782,69947,68760,69318,68953,68763,77638,76957,76401,76901,76476,66415,65709,65882,66398,65758
1090,1,0,22,76801,76330,75575,75571,76204,69494,68305,68865,68482,68316,77070,76363,75831,76323,75911,65969,65234,65438,65959,65311
1091,0,0,22,77392,76902,76157,76134,76780,69955,68759,69325,68953,68784,77640,76944,76413,76901,76484,66428,65685,65891,66413,65758
1092,1,0,22,76835,76356,75607,75574,76228,69528,68315,68869,68512,68332,77086,76384,75837,76332,75942,65977,65268,65449,65970,65336
1093,0,0,22,77407,76910,76150,76116,76788,69968,68759,69321,68954,68780,77640,76946,76409,76897,76490,66415,65687,65881,66402,65778
1094,1,0,22,76816,76345,75586,75561,76201,69507,68298,68864,68484,68313,77069,76373,75829,76315,75937,65970,65234,65432,65951,65309
1095,0,0,22,77384,76899,76153,76118,76774,69967,68751,69321,68943,68761,77632,76930,76395,76894,76496,66417,65676,65888,66392,65759
1096,1,0,22,76791,76322,75590,75538,76198,69495,68295,68845,68471,68308,77068,76353,75817,76296,75901,65959,65234,65428,65932,65316
1097,0,0,22,77399,76922,76177,76119,76795,69972,68780,69327,68946,68788,77659,76950,76410,76887,76487,66423,65695,65895,66396,65795
1098,1,0,22,76783,76321,75571,75562,76203,69489,68294,68844,68464,68308,77071,76366,75832,76291,75901,65971,65229,65433,65943,65318
1099,0,0,22,77370,76914,76154,76122,76781,69950,68767,69323,68941,68771,77661,76949,76413,76875,76478,66421,65684,65886,66407,65779
1100,1,0,22,76798,76351,75587,75575,76217,69506,68310,68853,68485,68336,77071,76378,75827,76317,75919,65978,65233,65460,65948,65334
1101,0,0,22,77395,76919,76161,76144,76788,69961,68774,69313,68959,68793,77653,76959,76406,76907,76492,66423,65700,65900,66414,65790
1102,1,0,22,76792,76321,75590,75568,76213,69516,68299,68851,68495,68323,77075,76379,75823,76313,75917,65972,65238,65456,65950,65336
1103,0,0,22,77393,76902,76148,76147,76785,69972,68768,69309,68961,68786,77650,76949,76407,76892,76495,66419,65689,65911,66407,65790
1104,1,0,22,76803,76324,75598,75566,76193,69498,68306,68851,68477,68328,77076,76364,75808,76327,75928,65966,65228,65434,65940,65314
1105,0,0,22,77393,76894,76174,76129,76776,69953,68765,69311,68943,68791,77636,76953,76395,76907,76490,66408,65677,65890,66393,65766
1106,1,0,22,76809,76337,75580,75564,76202,69516,68310,68837,68476,68335,77075,76376,75815,76319,75914,65962,65235,65437,65930,65317
1107,0,0,22,77387,76910,76131,76121,76779,69974,68760,69293,68933,68786,77634,76941,76394,76895,76472,66405,65668,65894,66389,65759
1108,1,0,22,76806,76357,75596,75571,76221,69509,68326,68839,68481,68329,77057,76378,75839,76322,75924,65964,65234,65442,65941,65319
1109,0,0,22,77391,76921,76148,76136,76776,69960,68780,69282,68927,68787,77614,76948,76408,76887,76490,66408,65675,65888,66388,65768
1110,1,0,22,76808,76326,75599,75554,76187,69483,68292,68836,68454,68312,77062,76355,75812,76309,75907,65961,65222,65424,65916,65317
1111,0,0,22,77373,76897,76153,76108,76760,69947,68747,69299,68941,68757,77619,76934,76381,76880,76483,66407,65659,65878,66371,65762
1112,1,0,22,76803,76345,75605,75560,76215,69517,68307,68861,68485,68318,77085,76378,75817,76324,75936,65978,65240,65428,65937,65321
1113,0,0,22,77395,76922,76168,76130,76798,69977,68779,69323,68951,68776,77674,76949,76400,76909,76506,66423,65686,65888,66394,65767
1114,1,0,22,76801,76363,75616,75584,76220,69522,68326,68860,68473,68330,77076,76373,75829,76344,75938,65968,65232,65447,65943,65330
1115,0,0,22,77380,76899,76162,76107,76787,69960,68768,69296,68928,68771,77620,76913,76386,76899,76480,66398,65658,65879,66365,65763
1116,1,0,22,76805,76339,75589,75587,76205,69499,68304,68837,68465,68310,77091,76372,75813,76323,75923,65975,65229,65423,65930,65316
1117,0,0,22,77395,76926,76168,76154,76797,69961,68772,69304,68935,68783,77661,76954,76395,76911,76503,66425,65690,65873,66394,65767
1118,1,0,22,76783,76348,75596,75554,76210,69491,68322,68852,68477,68311,77069,76369,75831,76319,75924,65967,65223,65426,65930,65320
1119,0,0,22,77389,76920,76181,76133,76782,69947,68780,69312,68946,68769,77639,76945,76401,76905,76494,66413,65673,65876,66387,65767
1120,1,0,22,76801,76348,75595,75569,76196,69494,68301,68833,68465,68299,77062,76350,75817,76307,75927,65957,65216,65417,65914,65320
1121,0,0,22,77381,76919,76159,76123,76777,69956,68761,69299,68938,68758,77637,76931,76402,76899,76488,66400,65659,65854,66370,65773
1122,1,0,22,76804,76361,75588,75573,76192,69500,68318,68846,68486,68315,77060,76367,75804,76336,75904,65955,65237,65426,65921,65307
1123,0,0,22,77381,76932,76148,76134,76772,69950,68783,69295,68938,68765,77641,76943,76383,76906,76468,66402,65677,65866,66358,65755
1124,1,0,22,76777,76335,75567,75560,76193,69479,68294,68824,68461,68288,77045,76358,75796,76309,75904,65955,65204,65424,65916,65305
1125,0,0,22,77363,76917,76150,76132,76786,69947,68761,69293,68941,68759,77627,76946,76397,76895,76488,66415,65674,65888,66383,65764
1126,1,0,22,76797,76332,75594,75586,76200,69494,68303,68831,68465,68312,77078,76372,75809,76320,75912,65957,65222,65422,65946,65310
1127,0,0,22,77386,76904,76162,76132,76765,69954,68767,69289,68922,68771,77649,76945,76386,76893,76483,66398,65669,65860,66387,65753
1128,1,0,22,76763,76323,75568,75558,76194,69500,68279,68827,68455,68305,77081,76351,75821,76305,75898,65946,65213,65398,65916,65297
1129,0,0,22,77368,76897,76150,76139,76776,69975,68767,69304,68931,68776,77669,76939,76401,76885,76480,66392,65667,65853,66375,65751
1130,1,0,22,76792,76348,75580,75548,76176,69492,68300,68833,68456,68300,77072,76364,75817,76288,75905,65951,65210,65407,65913,65314
1131,0,0,22,77398,76943,76161,76129,76778,69961,68780,69302,68929,68759,77659,76959,76410,76885,76489,66413,65681,65868,66382,65759
1132,1,0,22,76794,76328,75594,75577,76187,69490,68294,68850,68460,68298,77057,76364,75818,76288,75910,65942,65230,65403,65912,65302
1133,0,0,22,77372,76888,76148,76137,76771,69937,68753,69311,68922,68766,77631,76933,76385,76871,76471,66389,65670,65861,66370,65753
1134,1,0,22,76785,76335,75557,75555,76198,69496,68283,68849,68462,68300,77068,76357,75800,76304,75914,65962,65230,65427,65927,65310
1135,0,0,22,77384,76902,76134,76110,76785,69943,68754,69307,68919,68752,77647,76948,76396,76895,76497,66411,65681,65885,66374,65766
1136,1,0,22,76795,76348,75578,75572,76194,69488,68288,68845,68459,68294,77090,76374,75818,76294,75912,65963,65230,65426,65939,65302
1137,0,0,22,77379,76930,76150,76137,76779,69957,68769,69304,68933,68774,77661,76954,76402,76890,76500,66418,65691,65885,66391,65759
1138,1,0,22,76794,76364,75589,75573,76201,69491,68306,68843,68457,68308,77066,76365,75804,76305,75922,65947,65218,65433,65928,65326
1139,0,0,22,77393,76939,76156,76144,76785,69953,68770,69315,68934,68776,77644,76948,76393,76892,76485,66401,65676,65896,66379,65775
1140,1,0,22,76780,76343,75561,75557,76195,69475,68278,68822,68459,68287,77040,76360,75814,76295,75910,65955,65233,65412,65904,65303
1141,0,0,22,77366,76920,76133,76118,76767,69934,68740,69274,68932,68748,77619,76937,76393,76870,76475,66403,65679,65855,66358,65760
1142,1,0,22,76799,76378,75592,75573,76217,69507,68298,68845,68499,68322,77107,76381,75818,76309,75935,65973,65243,65436,65937,65329
1143,0,0,22,77369,76932,76142,76130,76793,69956,68754,69304,68943,68777,77663,76957,76384,76878,76490,66421,65681,65879,66373,65774
1144,1,0,22,76803,76374,75583,75575,76210,69503,68313,68864,68497,68317,77108,76403,75826,76322,75937,65976,65250,65456,65956,65333
1145,0,0,22,77386,76944,76151,76150,76785,69961,68767,69313,68951,68769,77675,76972,76397,76898,76510,66421,65698,65899,66401,65783
1146,1,0,22,76791,76378,75588,75579,76207,69497,68307,68851,68487,68320,77089,76376,75831,76312,75919,65967,65242,65450,65935,65346
1147,0,0,22,77389,76960,76177,76152,76796,69964,68777,69320,68958,68787,77682,76969,76414,76906,76503,66426,65700,65913,66402,65805
1148,1,0,22,76801,76362,75599,75569,76199,69496,68308,68838,68477,68303,77079,76403,75814,76308,75928,65962,65237,65440,65933,65323
1149,0,0,22,77390,76933,76172,76131,76792,69955,68766,69306,68961,68765,77664,76964,76399,76890,76499,66402,65686,65879,66382,65771
1150,1,0,22,76800,76366,75602,75572,76217,69505,68321,68859,68491,68318,77087,76385,75830,76326,75927,65979,65242,65457,65934,65342
1151,0,0,22,77380,76940,76160,76124,76790,69944,68773,69307,68935,68767,77651,76957,76409,76899,76487,66421,65677,65889,66383,65783
1152,1,0,22,76829,76370,75617,75591,76234,69511,68306,68867,68497,68320,77095,76392,75834,76322,75919,65969,65253,65454,65940,65346
1153,0,0,22,77392,76914,76171,76141,76793,69964,68758,69303,68949,68766,77663,76960,76394,76885,76476,66405,65676,65890,66390,65781
1154,1,0,22,76833,76362,75596,75572,76220,69504,68299,68851,68495,68309,77065,76390,75834,76319,75922,65968,65244,65461,65947,65330
1155,0,0,22,77425,76942,76177,76138,76811,69975,68764,69312,68959,68777,77661,76969,76428,76898,76495,66418,65698,65923,66404,65788
1156,1,0,22,76828,76365,75610,75591,76213,69510,68311,68849,68491,68327,77076,76376,75833,76327,75922,65969,65245,65450,65937,65335
1157,0,0,22,77421,76934,76182,76172,76807,69959,68778,69311,68948,68795,77662,76963,76438,76911,76509,66426,65701,65915,66394,65798
1158,1,0,22,76821,76359,75596,75577,76217,69503,68304,68832,68479,68312,77066,76382,75841,76318,75933,65970,65225,65452,65927,65317
1159,0,0,22,77403,76928,76163,76137,76795,69956,68765,69288,68938,68774,77640,76952,76427,76896,76500,66423,65681,65904,66386,65765
1160,1,0,22,76786,76357,75589,75568,76208,69495,68298,68836,68477,68313,77079,76361,75823,76311,75918,65966,65230,65433,65913,65329
1161,0,0,22,77382,76940,76168,76133,76783,69963,68762,69292,68946,68778,77647,76951,76413,76888,76485,66420,65677,65889,66371,65776
1162,1,0,22,76812,76355,75619,75581,76211,69482,68311,68840,68489,68323,77098,76392,75846,76321,75932,65983,65247,65458,65937,65328
1163,0,0,22,77401,76925,76190,76164,76800,69953,68779,69311,68962,68800,77668,76977,76431,76903,76510,66441,65707,65920,66393,65798
1164,1,0,22,76807,76359,75584,75586,76203,69510,68295,68830,68478,68315,77082,76379,75827,76322,75921,65973,65227,65445,65918,65330
1165,0,0,22,77383,76919,76142,76140,76786,69961,68760,69295,68942,68769,77657,76953,76410,76896,76480,66414,65678,65895,66367,65761
1166,1,0,22,76797,76342,75578,75570,76194,69493,68291,68832,68479,68301,77066,76382,75830,76310,75913,65969,65218,65423,65912,65313
1167,0,0,22,77389,76921,76150,76144,76783,69963,68763,69310,68955,68777,77661,76954,76419,76893,76485,66432,65670,65885,66377,65779
1168,1,0,22,76797,76332,75601,75577,76229,69494,68288,68839,68493,68299,77089,76370,75833,76307,75926,65974,65233,65429,65914,65324
1169,0,0,22,77380,76908,76171,76150,76808,69932,68752,69300,68957,68762,77646,76939,76416,76892,76491,66418,65680,65884,66368,65776
1170,1,0,22,76803,76326,75592,75577,76199,69479,68287,68823,68472,68294,77061,76366,75813,76295,75898,65935,65233,65405,65917,65305
1171,0,0,22,77384,76906,76150,76151,76780,69944,68743,69290,68928,68755,77643,76943,76401,76884,76485,66392,65684,65856,66381,65759
1172,1,0,22,76788,76337,75592,75576,76210,69487,68301,68853,68466,68299,77080,76371,75822,76319,75926,65962,65223,65440,65926,65319
1173,0,0,22,77361,76902,76145,76124,76763,69924,68741,69301,68907,68742,77630,76938,76393,76884,76490,66402,65655,65871,66377,65756
1174,1,0,22,76803,76361,75584,75572,76206,69504,68311,68834,68477,68293,77087,76371,75839,76318,75937,65977,65232,65418,65928,65328
1175,0,0,22,77401,76925,76166,76130,76785,69963,68785,69310,68953,68766,77669,76956,76421,76897,76515,66430,65683,65871,66374,65788
1176,1,0,22,76802,76357,75606,75592,76213,69495,68308,68834,68470,68312,77083,76375,75836,76316,75914,65959,65226,65440,65920,65336
1177,0,0,22,77385,76935,76162,76152,76790,69950,68767,69298,68932,68771,77649,76940,76405,76891,76487,66405,65657,65880,66358,65776
1178,1,0,22,76825,76347,75608,75596,76214,69497,68313,68863,68476,68319,77078,76377,75836,76320,75921,65976,65251,65438,65936,65344
1179,0,0,22,77394,76919,76169,76151,76791,69937,68765,69322,68936,68761,77640,76945,76416,76895,76473,66408,65691,65886,66382,65774
1180,1,0,22,76815,76348,75613,75571,76210,69493,68307,68829,68496,68312,77085,76380,75809,76315,75934,65966,65241,65418,65929,65316
1181,0,0,22,77400,76928,76183,76129,76798,69945,68778,69301,68964,68781,77666,76959,76400,76895,76504,66416,65693,65878,66389,65757
1182,1,0,22,76785,76336,75580,75548,76182,69484,68303,68830,68458,68269,77047,76357,75808,76294,75898,65961,65227,65406,65912,65306
1183,0,0,22,77381,76922,76151,76125,76764,69939,68769,69292,68927,68745,77639,76958,76405,76871,76470,66404,65674,65868,66365,65750
1184,1,0,22,76820,76340,75590,75572,76219,69493,68306,68841,68484,68302,77084,76361,75810,76303,75935,65967,65224,65419,65927,65312
1185,0,0,22,77394,76908,76149,76132,76787,69941,68771,69301,68946,68770,77672,76930,76383,76892,76496,66420,65686,65874,66385,65756
1186,1,0,22,76788,76350,75568,75556,76203,69480,68290,68825,68467,68287,77067,76359,75813,76309,75910,65944,65218,65408,65909,65308
1187,0,0,22,77383,76928,76153,76127,76784,69951,68759,69297,68941,68762,77654,76938,76410,76899,76490,66397,65676,65872,66373,65772
1188,1,0,22,76759,76344,75555,75555,76187,69459,68294,68818,68473,68276,77042,76363,75786,76290,75902,65938,65211,65387,65887,65264
1189,0,0,22,77352,76931,76136,76134,76777,69931,68756,69286,68940,68752,77631,76938,76385,76884,76485,66396,65664,65844,66345,65738
1190,1,0,22,76784,76351,75587,75578,76188,69492,68298,68856,68474,68310,77082,76375,75819,76303,75913,65966,65233,65415,65918,65298
1191,0,0,22,77364,76914,76153,76128,76763,69942,68755,69312,68934,68771,77656,76949,76387,76888,76489,66419,65659,65866,66360,65747
1192,1,0,22,76805,76352,75581,75574,76199,69486,68298,68853,68469,68314,77071,76363,75820,76305,75931,65960,65230,65436,65925,65309
1193,0,0,22,77376,76931,76159,76135,76771,69949,68770,69313,68928,68769,77650,76933,76401,76893,76491,66409,65670,65885,66376,65757
1194,1,0,22,76802,76352,75603,75552,76194,69506,68311,68857,68488,68316,77063,76362,75830,76312,75924,65968,65241,65425,65923,65323
1195,0,0,22,77380,76913,76154,76124,76779,69954,68764,69304,68938,68769,77634,76940,76409,76898,76493,66410,65683,65872,66373,65756
1196,1,0,22,76804,76354,75602,75593,76202,69499,68308,68847,68478,68311,77091,76376,75835,76315,75930,65989,65255,65450,65942,65325
1197,0,0,22,77383,76916,76152,76146,76775,69955,68766,69298,68924,68771,77660,76946,76407,76884,76493,66426,65688,65891,66388,65770
1198,1,0,22,76799,76353,75587,75564,76196,69500,68310,68846,68475,68309,77079,76373,75857,76303,75928,65963,65216,65439,65919,65307
1199,0,0,22,77372,76905,76125,76115,76758,69939,68750,69284,68921,68747,77642,76928,76403,76869,76473,66402,65662,65862,66371,65750
