rep,heat_enabled,transmitter_bit,transmitter_mask,ctrl_0_ro_0,ctrl_0_ro_1,ctrl_0_ro_2,ctrl_0_ro_3,ctrl_0_ro_4,ctrl_1_ro_0,ctrl_1_ro_1,ctrl_1_ro_2,ctrl_1_ro_3,ctrl_1_ro_4,ctrl_2_ro_0,ctrl_2_ro_1,ctrl_2_ro_2,ctrl_2_ro_3,ctrl_2_ro_4,ctrl_3_ro_0,ctrl_3_ro_1,ctrl_3_ro_2,ctrl_3_ro_3,ctrl_3_ro_4
0,1,0,-1,76730,76316,75519,75514,76108,69408,68200,68746,68329,68175,77089,76309,75768,76269,75882,65919,65179,65361,65774,65248
1,0,0,-1,77334,76899,76100,76104,76712,69866,68674,69209,68796,68646,77676,76900,76362,76861,76464,66370,65631,65815,66237,65713
2,1,0,-1,76742,76331,75547,75555,76134,69408,68224,68750,68346,68204,77091,76318,75784,76284,75890,65921,65185,65361,65788,65263
3,0,0,-1,77330,76908,76114,76106,76694,69859,68685,69209,68802,68657,77662,76878,76361,76851,76463,66369,65644,65815,66234,65722
4,1,0,-1,76761,76346,75565,75552,76140,69422,68250,68757,68359,68228,77094,76312,75795,76292,75899,65930,65210,65383,65793,65289
5,0,0,-1,77352,76923,76112,76118,76717,69882,68714,69226,68821,68680,77681,76904,76382,76875,76480,66377,65656,65838,66247,65741
6,1,0,-1,76771,76340,75538,75549,76136,69413,68256,68756,68360,68222,77091,76316,75791,76294,75896,65919,65197,65392,65800,65274
7,0,0,-1,77361,76946,76107,76110,76722,69882,68709,69231,68821,68677,77680,76895,76380,76875,76478,66381,65639,65842,66264,65725
8,1,0,-1,76775,76364,75552,75541,76150,69429,68262,68770,68358,68218,77098,76323,75789,76297,75901,65928,65190,65383,65816,65276
9,0,0,-1,77341,76928,76112,76099,76710,69880,68707,69220,68811,68666,77667,76876,76368,76859,76462,66368,65630,65823,66249,65718
10,1,0,-1,76786,76369,75550,75534,76150,69429,68267,68776,68358,68226,77105,76321,75786,76296,75904,65929,65188,65385,65811,65279
11,0,0,-1,77372,76935,76105,76104,76733,69886,68717,69240,68817,68688,77680,76901,76367,76875,76488,66380,65645,65841,66267,65741
12,1,0,-1,76772,76348,75537,75522,76153,69412,68254,68762,68358,68219,77095,76310,75772,76291,75897,65915,65189,65375,65800,65279
13,0,0,-1,77346,76908,76092,76076,76706,69857,68700,69209,68800,68663,77667,76879,76344,76858,76460,66360,65631,65818,66246,65722
14,1,0,-1,76778,76347,75544,75526,76148,69409,68250,68762,68354,68224,77090,76313,75779,76305,75896,65921,65195,65373,65801,65273
15,0,0,-1,77346,76916,76091,76071,76708,69852,68695,69204,68800,68662,77672,76875,76334,76860,76456,66357,65622,65793,66239,65705
16,1,0,-1,76783,76353,75546,75529,76153,69408,68259,68764,68370,68222,77094,76313,75784,76295,75902,65927,65186,65361,65805,65268
17,0,0,-1,77358,76931,76101,76085,76725,69864,68712,69228,68825,68670,77682,76890,76368,76875,76467,66375,65632,65821,66256,65722
18,1,0,-1,76774,76355,75534,75510,76139,69404,68246,68758,68349,68215,77080,76304,75782,76295,75890,65906,65177,65359,65795,65260
19,0,0,-1,77347,76934,76095,76070,76719,69862,68698,69220,68809,68665,77659,76889,76358,76863,76458,66356,65627,65812,66242,65707
20,1,0,-1,76775,76363,75535,75523,76152,69406,68252,68763,68348,68210,77079,76313,75782,76297,75891,65913,65199,65377,65799,65265
21,0,0,-1,77345,76933,76089,76082,76717,69864,68704,69220,68807,68672,77652,76881,76346,76871,76466,66355,65641,65818,66244,65717
22,1,0,-1,76777,76375,75538,75535,76157,69409,68264,68769,68356,68218,77074,76327,75786,76314,75908,65921,65211,65371,65800,65276
23,0,0,-1,77356,76942,76104,76093,76724,69865,68708,69223,68804,68679,77654,76890,76360,76876,76473,66367,65649,65820,66247,65722
24,1,0,-1,76766,76349,75519,75518,76145,69410,68251,68748,68340,68210,77060,76303,75775,76297,75892,65900,65190,65372,65797,65259
25,0,0,-1,77343,76924,76087,76080,76716,69866,68699,69212,68806,68658,77650,76882,76345,76858,76461,66356,65633,65804,66243,65707
26,1,0,-1,76771,76367,75531,75516,76154,69411,68247,68759,68352,68216,77085,76308,75773,76293,75885,65911,65201,65362,65800,65259
27,0,0,-1,77340,76937,76085,76079,76717,69865,68690,69224,68808,68669,77653,76882,76343,76860,76450,66359,65635,65811,66239,65699
28,1,0,-1,76769,76368,75536,75521,76152,69405,68251,68765,68364,68232,77081,76312,75785,76294,75895,65917,65195,65370,65798,65260
29,0,0,-1,77336,76933,76101,76075,76710,69853,68704,69214,68817,68679,77660,76886,76358,76856,76461,66367,65639,65805,66250,65716
30,1,0,-1,76774,76358,75543,75526,76148,69412,68255,68756,68358,68232,77081,76317,75781,76292,75894,65922,65201,65364,65810,65271
31,0,0,-1,77351,76937,76106,76088,76723,69867,68704,69213,68821,68683,77660,76886,76360,76867,76467,66367,65651,65812,66260,65720
32,1,0,-1,76795,76372,75551,75529,76151,69421,68261,68765,68372,68236,77099,76319,75787,76310,75898,65923,65204,65370,65807,65269
33,0,0,-1,77348,76935,76085,76080,76704,69863,68691,69209,68813,68666,77664,76885,76340,76869,76443,66364,65644,65798,66236,65712
34,1,0,-1,76786,76366,75535,75525,76144,69410,68240,68751,68366,68231,77078,76315,75780,76300,75883,65919,65204,65352,65799,65267
35,0,0,-1,77362,76928,76092,76082,76711,69858,68694,69212,68816,68673,77656,76881,76350,76872,76458,66364,65641,65801,66256,65702
36,1,0,-1,76799,76378,75541,75544,76161,69421,68256,68772,68383,68238,77088,76322,75785,76315,75897,65930,65214,65363,65817,65281
37,0,0,-1,77364,76933,76090,76096,76721,69870,68688,69212,68819,68673,77659,76885,76370,76875,76462,66366,65642,65806,66251,65721
38,1,0,-1,76787,76368,75536,75532,76157,69417,68247,68771,68367,68229,77091,76307,75783,76304,75897,65926,65204,65367,65811,65274
39,0,0,-1,77355,76930,76092,76087,76721,69867,68703,69227,68824,68680,77673,76883,76359,76874,76468,66379,65648,65814,66252,65722
40,1,0,-1,76776,76355,75531,75530,76157,69416,68249,68763,68369,68222,77090,76307,75778,76297,75889,65926,65192,65378,65810,65275
41,0,0,-1,77364,76953,76117,76095,76732,69872,68714,69233,68829,68682,77672,76898,76362,76880,76480,66383,65637,65833,66261,65731
42,1,0,-1,76780,76369,75534,75533,76159,69413,68248,68766,68371,68224,77086,76325,75772,76299,75898,65925,65190,65377,65810,65269
43,0,0,-1,77363,76940,76106,76090,76724,69870,68703,69229,68832,68684,77666,76895,76355,76878,76465,66370,65644,65830,66256,65721
44,1,0,-1,76776,76363,75539,75529,76154,69410,68243,68759,68378,68221,77081,76324,75766,76295,75881,65923,65190,65371,65807,65268
45,0,0,-1,77363,76956,76108,76102,76735,69884,68708,69242,68847,68690,77675,76904,76365,76880,76465,66384,65656,65846,66275,65740
46,1,0,-1,76783,76373,75556,75536,76164,69432,68260,68781,68382,68239,77099,76332,75789,76306,75901,65937,65201,65396,65828,65293
47,0,0,-1,77347,76939,76106,76093,76723,69876,68704,69227,68825,68675,77669,76904,76367,76872,76462,66374,65653,65838,66268,65731
48,1,0,-1,76778,76363,75549,75534,76157,69417,68256,68776,68367,68230,77100,76338,75790,76295,75893,65933,65203,65385,65812,65292
49,0,0,-1,77347,76941,76110,76083,76728,69866,68701,69232,68829,68677,77673,76898,76367,76875,76451,66374,65655,65830,66251,65735
50,1,0,-1,76772,76344,75547,75520,76148,69395,68244,68763,68376,68225,77081,76317,75787,76298,75884,65923,65190,65375,65800,65275
51,0,0,-1,77354,76929,76113,76080,76714,69864,68703,69227,68838,68673,77657,76894,76360,76868,76458,66376,65639,65829,66251,65729
52,1,0,-1,76786,76352,75545,75514,76140,69409,68246,68764,68373,68222,77087,76329,75786,76297,75886,65919,65190,65379,65793,65277
53,0,0,-1,77362,76932,76122,76080,76720,69871,68711,69234,68837,68687,77674,76910,76366,76879,76469,66379,65648,65840,66253,65726
54,1,0,-1,76787,76366,75548,75520,76156,69406,68250,68776,68374,68222,77089,76334,75794,76309,75906,65936,65199,65391,65804,65281
55,0,0,-1,77352,76930,76109,76087,76723,69858,68704,69224,68804,68672,77665,76907,76367,76877,76472,66374,65630,65833,66266,65730
56,1,0,-1,76773,76362,75546,75526,76153,69397,68245,68762,68351,68219,77081,76328,75787,76298,75897,65926,65181,65380,65810,65273
57,0,0,-1,77353,76930,76113,76094,76723,69862,68691,69222,68811,68672,77658,76897,76364,76882,76471,66377,65635,65828,66261,65729
58,1,0,-1,76774,76353,75542,75511,76139,69414,68240,68748,68345,68206,77083,76322,75793,76295,75897,65928,65189,65373,65805,65281
59,0,0,-1,77349,76927,76113,76081,76722,69872,68700,69213,68820,68657,77665,76896,76370,76883,76472,66373,65632,65828,66261,65730
60,1,0,-1,76758,76344,75544,75514,76134,69401,68236,68746,68350,68195,77076,76321,75781,76294,75891,65913,65175,65377,65797,65271
61,0,0,-1,77343,76925,76108,76066,76710,69857,68699,69205,68809,68653,77659,76889,76359,76863,76468,66367,65628,65831,66244,65720
62,1,0,-1,76784,76368,75553,75527,76162,69417,68257,68760,68366,68216,77098,76331,75790,76312,75914,65937,65192,65389,65805,65287
63,0,0,-1,77335,76916,76084,76061,76702,69859,68696,69204,68795,68645,77652,76876,76345,76855,76452,66358,65622,65814,66235,65724
64,1,0,-1,76784,76372,75551,75539,76169,69431,68267,68779,68373,68211,77100,76332,75797,76309,75912,65943,65209,65393,65810,65289
65,0,0,-1,77351,76940,76118,76088,76727,69869,68707,69228,68821,68666,77670,76895,76364,76862,76472,66382,65650,65835,66256,65721
66,1,0,-1,76780,76369,75562,75545,76165,69421,68263,68775,68368,68229,77081,76340,75798,76311,75914,65938,65211,65395,65814,65274
67,0,0,-1,77342,76926,76105,76086,76719,69874,68705,69221,68814,68673,77649,76891,76366,76869,76468,66373,65643,65836,66246,65715
68,1,0,-1,76783,76369,75565,75528,76166,69418,68264,68769,68370,68223,77087,76334,75787,76315,75921,65933,65208,65399,65803,65277
69,0,0,-1,77355,76931,76115,76084,76734,69868,68716,69231,68822,68667,77664,76901,76367,76885,76474,66385,65650,65850,66257,65732
70,1,0,-1,76776,76379,75563,75524,76164,69422,68274,68778,68376,68231,77094,76333,75790,76315,75920,65939,65214,65401,65816,65294
71,0,0,-1,77354,76951,76116,76088,76723,69871,68715,69235,68826,68675,77665,76906,76368,76881,76483,66386,65645,65846,66259,65740
72,1,0,-1,76766,76354,75546,75518,76149,69402,68252,68762,68356,68208,77075,76304,75773,76292,75908,65925,65182,65370,65800,65269
73,0,0,-1,77345,76939,76116,76089,76724,69867,68716,69219,68824,68674,77655,76896,76363,76875,76478,66381,65644,65829,66266,65726
74,1,0,-1,76794,76382,75568,75548,76168,69422,68276,68775,68397,68237,77088,76342,75803,76325,75925,65947,65217,65404,65833,65305
75,0,0,-1,77367,76951,76128,76095,76744,69882,68722,69236,68831,68684,77667,76913,76374,76894,76483,66382,65660,65847,66275,65739
76,1,0,-1,76776,76365,75553,75515,76145,69407,68246,68760,68357,68206,77078,76322,75783,76308,75903,65924,65191,65386,65813,65277
77,0,0,-1,77335,76930,76105,76073,76715,69848,68703,69218,68810,68668,77646,76898,76345,76874,76467,66367,65629,65824,66258,65716
78,1,0,-1,76766,76358,75554,75514,76144,69396,68255,68762,68362,68217,77081,76330,75775,76305,75898,65924,65187,65378,65805,65273
79,0,0,-1,77338,76931,76098,76078,76694,69844,68696,69212,68796,68664,77644,76892,76346,76867,76460,66353,65635,65818,66237,65713
80,1,0,-1,76780,76361,75551,75527,76131,69398,68252,68759,68352,68217,77063,76335,75780,76310,75904,65924,65203,65382,65802,65273
81,0,0,-1,77356,76934,76126,76090,76709,69867,68713,69227,68821,68673,77648,76913,76366,76890,76479,66370,65652,65836,66260,65727
82,1,0,-1,76780,76371,75551,75525,76136,69406,68258,68757,68365,68218,77065,76332,75782,76306,75907,65925,65205,65386,65805,65275
83,0,0,-1,77352,76934,76120,76086,76722,69859,68701,69214,68814,68657,77637,76905,76358,76883,76472,66370,65645,65832,66253,65732
84,1,0,-1,76774,76348,75537,75504,76141,69402,68248,68751,68353,68200,77047,76329,75778,76303,75893,65916,65194,65374,65795,65274
85,0,0,-1,77345,76938,76098,76068,76709,69853,68705,69215,68813,68655,77642,76899,76350,76870,76456,66366,65637,65815,66241,65714
86,1,0,-1,76786,76367,75561,75514,76159,69410,68269,68768,68368,68216,77075,76322,75785,76311,75909,65935,65206,65372,65812,65277
87,0,0,-1,77358,76941,76116,76079,76722,69882,68727,69228,68826,68666,77655,76903,76366,76884,76478,66383,65654,65827,66260,65736
88,1,0,-1,76767,76358,75537,75504,76135,69406,68254,68751,68355,68197,77058,76320,75762,76304,75901,65929,65194,65366,65805,65269
89,0,0,-1,77372,76959,76129,76099,76726,69886,68730,69232,68830,68677,77667,76921,76376,76899,76496,66399,65658,65839,66279,65745
90,1,0,-1,76771,76368,75540,75519,76152,69411,68256,68757,68349,68205,77077,76321,75776,76316,75911,65935,65190,65372,65811,65288
91,0,0,-1,77363,76952,76110,76090,76740,69884,68718,69231,68828,68672,77670,76913,76374,76900,76487,66390,65648,65836,66274,65738
92,1,0,-1,76774,76364,75533,75507,76146,69407,68252,68752,68369,68204,77068,76313,75777,76299,75906,65929,65180,65371,65813,65273
93,0,0,-1,77367,76938,76123,76083,76736,69869,68703,69228,68829,68674,77664,76906,76373,76895,76483,66384,65626,65839,66260,65730
94,1,0,-1,76778,76372,75566,75516,76151,69415,68246,68771,68378,68215,77069,76334,75790,76315,75914,65935,65176,65397,65815,65276
95,0,0,-1,77354,76954,76124,76076,76728,69875,68701,69229,68829,68670,77654,76916,76369,76885,76485,66390,65632,65839,66265,65717
96,1,0,-1,76778,76372,75566,75526,76159,69420,68249,68779,68372,68217,77065,76336,75795,76312,75918,65937,65182,65393,65817,65279
97,0,0,-1,77342,76927,76119,76074,76716,69865,68690,69221,68823,68669,77644,76896,76359,76872,76466,66371,65613,65824,66249,65713
98,1,0,-1,76764,76348,75546,75512,76143,69408,68235,68747,68369,68214,77074,76322,75772,76301,75896,65924,65153,65367,65792,65262
99,0,0,-1,77355,76939,76122,76078,76721,69875,68695,69217,68828,68677,77664,76907,76359,76877,76479,66383,65614,65821,66249,65736
100,1,0,-1,76775,76358,75554,75510,76140,69410,68238,68739,68365,68215,77069,76328,75775,76280,75901,65925,65176,65367,65798,65287
101,0,0,-1,77360,76935,76120,76082,76716,69870,68707,69214,68825,68672,77659,76913,76355,76879,76475,66378,65630,65823,66257,65744
102,1,0,-1,76781,76371,75559,75511,76146,69417,68257,68747,68369,68222,77068,76338,75779,76308,75911,65936,65181,65374,65807,65291
103,0,0,-1,77353,76930,76111,76073,76715,69866,68702,69213,68815,68680,77639,76906,76353,76876,76472,66375,65631,65816,66244,65731
104,1,0,-1,76767,76357,75533,75509,76129,69408,68235,68756,68357,68212,77048,76322,75778,76303,75901,65919,65182,65360,65788,65266
105,0,0,-1,77357,76930,76102,76077,76707,69868,68698,69226,68826,68669,77644,76896,76365,76884,76473,66366,65632,65822,66251,65733
106,1,0,-1,76768,76344,75533,75500,76131,69402,68235,68745,68366,68219,77064,76310,75770,76296,75890,65915,65181,65361,65787,65264
107,0,0,-1,77336,76920,76098,76066,76709,69847,68703,69212,68811,68673,77640,76894,76350,76863,76467,66376,65627,65811,66252,65717
108,1,0,-1,76769,76348,75533,75513,76138,69397,68249,68760,68355,68223,77065,76327,75775,76296,75894,65922,65190,65363,65805,65275
109,0,0,-1,77353,76926,76113,76069,76714,69868,68708,69216,68812,68679,77653,76903,76365,76878,76477,66377,65645,65816,66252,65738
110,1,0,-1,76769,76343,75540,75507,76134,69396,68247,68744,68359,68207,77062,76309,75776,76297,75895,65924,65174,65365,65804,65276
111,0,0,-1,77352,76921,76110,76065,76704,69859,68699,69214,68824,68661,77649,76902,76370,76872,76468,66374,65618,65811,66254,65725
112,1,0,-1,76772,76347,75535,75497,76133,69398,68244,68749,68364,68206,77076,76322,75783,76302,75903,65927,65174,65361,65803,65267
113,0,0,-1,77359,76919,76099,76066,76708,69851,68697,69206,68818,68659,77647,76903,76356,76874,76479,66377,65619,65814,66251,65723
114,1,0,-1,76761,76337,75522,75486,76114,69384,68238,68733,68347,68186,77052,76315,75763,76286,75899,65917,65160,65352,65790,65263
115,0,0,-1,77362,76923,76107,76064,76704,69855,68694,69205,68817,68656,77653,76899,76359,76880,76469,66369,65616,65812,66247,65718
116,1,0,-1,76777,76343,75544,75504,76136,69400,68245,68743,68360,68209,77074,76332,75792,76302,75897,65915,65165,65367,65796,65267
117,0,0,-1,77340,76922,76099,76050,76693,69845,68693,69194,68813,68661,77634,76889,76350,76863,76462,66351,65609,65807,66246,65713
118,1,0,-1,76775,76364,75551,75502,76147,69396,68253,68752,68373,68225,77069,76326,75785,76301,75909,65922,65174,65376,65803,65280
119,0,0,-1,77358,76938,76117,76062,76728,69869,68715,69216,68829,68681,77659,76903,76368,76889,76486,66379,65625,65830,66258,65733
120,1,0,-1,76758,76358,75527,75493,76132,69396,68243,68735,68360,68214,77060,76320,75772,76301,75897,65925,65171,65368,65792,65270
121,0,0,-1,77338,76932,76086,76071,76716,69851,68703,69207,68824,68683,77648,76912,76360,76881,76471,66374,65622,65828,66246,65725
122,1,0,-1,76769,76363,75547,75525,76160,69403,68260,68754,68386,68225,77081,76346,75794,76316,75906,65938,65184,65385,65808,65285
123,0,0,-1,77348,76926,76118,76082,76734,69865,68714,69207,68839,68678,77666,76909,76366,76885,76477,66381,65635,65840,66264,65736
124,1,0,-1,76768,76356,75549,75528,76168,69408,68257,68743,68380,68224,77094,76331,75780,76315,75904,65939,65194,65385,65811,65282
125,0,0,-1,77345,76938,76092,76077,76719,69859,68701,69193,68834,68672,77663,76897,76362,76878,76470,66380,65638,65832,66258,65723
126,1,0,-1,76778,76373,75534,75520,76157,69414,68257,68751,68384,68226,77077,76329,75785,76311,75907,65930,65198,65393,65813,65281
127,0,0,-1,77352,76932,76106,76073,76723,69865,68699,69209,68828,68683,77630,76901,76357,76880,76470,66375,65644,65831,66249,65723
128,1,0,-1,76763,76354,75530,75515,76148,69397,68240,68735,68365,68222,77062,76317,75768,76309,75888,65927,65187,65372,65801,65266
129,0,0,-1,77341,76936,76113,76082,76725,69864,68703,69202,68827,68674,77657,76899,76348,76890,76475,66379,65632,65833,66267,65723
130,1,0,-1,76782,76366,75549,75526,76163,69413,68255,68760,68383,68229,77081,76335,75775,76314,75903,65937,65182,65382,65824,65278
131,0,0,-1,77358,76938,76124,76082,76732,69879,68704,69223,68838,68690,77652,76903,76363,76886,76476,66386,65627,65837,66270,65741
132,1,0,-1,76773,76372,75560,75508,76163,69406,68246,68753,68369,68235,77077,76322,75781,76306,75911,65927,65186,65374,65803,65287
133,0,0,-1,77340,76931,76107,76066,76736,69858,68694,69207,68821,68676,77635,76897,76354,76877,76461,66368,65615,65820,66249,65725
134,1,0,-1,76777,76363,75555,75523,76170,69407,68260,68758,68379,68224,77063,76329,75796,76324,75910,65926,65182,65384,65804,65282
135,0,0,-1,77342,76939,76124,76075,76726,69858,68714,69210,68830,68680,77647,76895,76360,76893,76473,66373,65616,65831,66248,65734
136,1,0,-1,76763,76359,75554,75509,76156,69405,68250,68750,68365,68221,77069,76327,75779,76307,75900,65927,65168,65383,65798,65288
137,0,0,-1,77349,76930,76109,76070,76725,69853,68701,69204,68821,68667,77633,76897,76350,76875,76454,66375,65614,65828,66250,65727
138,1,0,-1,76770,76363,75545,75503,76147,69403,68245,68735,68355,68211,77053,76325,75781,76300,75890,65920,65176,65384,65806,65279
139,0,0,-1,77364,76939,76130,76072,76733,69865,68710,69222,68824,68678,77643,76919,76373,76887,76473,66370,65634,65832,66269,65743
140,1,0,-1,76772,76353,75555,75495,76158,69393,68243,68742,68359,68212,77049,76326,75774,76300,75892,65918,65184,65383,65814,65284
141,0,0,-1,77353,76931,76125,76064,76733,69854,68703,69206,68824,68672,77647,76904,76355,76879,76465,66368,65640,65839,66260,65731
142,1,0,-1,76770,76349,75548,75499,76154,69400,68246,68735,68368,68213,77060,76326,75761,76300,75894,65906,65181,65375,65803,65281
143,0,0,-1,77355,76914,76127,76074,76724,69865,68703,69204,68821,68674,77641,76907,76348,76892,76467,66360,65629,65825,66253,65735
144,1,0,-1,76756,76342,75543,75500,76141,69388,68234,68734,68353,68204,77047,76317,75759,76286,75876,65895,65163,65364,65796,65270
145,0,0,-1,77329,76923,76110,76064,76723,69855,68695,69209,68817,68670,77633,76898,76350,76873,76453,66353,65627,65830,66261,65733
146,1,0,-1,76770,76366,75558,75509,76173,69409,68263,68761,68379,68223,77072,76339,75785,76312,75901,65920,65187,65382,65816,65294
147,0,0,-1,77340,76922,76122,76063,76738,69856,68707,69220,68824,68680,77652,76907,76361,76888,76473,66366,65630,65828,66256,65727
148,1,0,-1,76755,76353,75543,75497,76151,69385,68242,68735,68356,68214,77058,76323,75763,76298,75897,65913,65185,65364,65791,65274
149,0,0,-1,77337,76927,76100,76059,76717,69843,68698,69212,68811,68665,77643,76906,76348,76883,76463,66357,65625,65811,66251,65718
150,1,0,-1,76763,76346,75545,75505,76149,69383,68251,68748,68360,68217,77056,76328,75765,76302,75895,65909,65172,65370,65807,65262
151,0,0,-1,77336,76920,76110,76055,76721,69838,68706,69196,68825,68662,77640,76894,76344,76879,76470,66357,65627,65825,66246,65709
152,1,0,-1,76767,76359,75549,75496,76160,69385,68263,68740,68375,68214,77050,76322,75769,76305,75902,65917,65186,65375,65801,65276
153,0,0,-1,77332,76918,76100,76057,76717,69835,68699,69195,68813,68654,77623,76884,76342,76866,76454,66357,65625,65808,66242,65710
154,1,0,-1,76772,76358,75559,75504,76167,69401,68260,68745,68381,68212,77060,76322,75783,76317,75905,65920,65201,65375,65802,65276
155,0,0,-1,77338,76912,76098,76059,76733,69843,68707,69196,68820,68659,77635,76892,76339,76885,76458,66355,65633,65810,66242,65721
156,1,0,-1,76761,76339,75541,75501,76159,69385,68254,68742,68354,68210,77063,76324,75772,76315,75903,65910,65190,65365,65802,65280
157,0,0,-1,77338,76915,76106,76074,76733,69853,68709,69206,68815,68667,77645,76905,76361,76880,76480,66363,65636,65810,66244,65726
158,1,0,-1,76743,76337,75521,75504,76150,69381,68235,68735,68355,68188,77051,76318,75773,76295,75891,65902,65172,65359,65793,65264
159,0,0,-1,77327,76912,76098,76076,76724,69834,68696,69195,68808,68652,77628,76889,76349,76876,76460,66350,65616,65811,66237,65714
160,1,0,-1,76762,76338,75540,75522,76162,69379,68253,68748,68362,68210,77045,76321,75771,76315,75890,65901,65178,65367,65796,65275
161,0,0,-1,77340,76918,76094,76069,76725,69837,68708,69202,68806,68652,77639,76902,76358,76882,76462,66348,65619,65817,66234,65721
162,1,0,-1,76762,76337,75535,75515,76147,69379,68245,68745,68353,68203,77054,76323,75769,76305,75892,65897,65172,65369,65776,65274
163,0,0,-1,77337,76915,76099,76073,76723,69839,68698,69211,68811,68663,77639,76911,76359,76884,76469,66352,65619,65818,66240,65721
164,1,0,-1,76785,76359,75539,75528,76148,69416,68247,68768,68366,68199,77100,76347,75788,76306,75887,65914,65196,65378,65805,65289
165,0,0,-1,77370,76943,76124,76092,76742,69870,68706,69219,68821,68666,77694,76932,76377,76901,76465,66365,65654,65822,66256,65747
166,1,0,-1,76784,76346,75522,75516,76138,69404,68243,68748,68358,68199,77091,76327,75776,76287,75883,65905,65201,65357,65786,65260
167,0,0,-1,77376,76929,76111,76099,76738,69872,68717,69220,68830,68664,77684,76927,76371,76886,76473,66359,65662,65831,66258,65726
168,1,0,-1,76778,76355,75553,75536,76134,69430,68252,68780,68366,68226,77097,76344,75789,76293,75900,65923,65203,65388,65818,65272
169,0,0,-1,77361,76917,76126,76097,76714,69889,68699,69242,68817,68682,77679,76914,76365,76869,76468,66377,65650,65834,66271,65719
170,1,0,-1,76764,76327,75547,75525,76128,69400,68210,68749,68331,68197,77078,76315,75769,76294,75879,65924,65180,65362,65798,65267
171,0,0,-1,77388,76932,76135,76111,76739,69881,68699,69241,68815,68686,77676,76923,76381,76903,76481,66398,65657,65839,66275,65739
172,1,0,-1,76771,76351,75558,75537,76162,69427,68231,68777,68367,68227,77106,76346,75789,76300,75895,65934,65210,65381,65815,65290
173,0,0,-1,77352,76912,76125,76090,76746,69881,68693,69243,68812,68682,77670,76913,76352,76868,76456,66381,65658,65845,66262,65743
174,1,0,-1,76779,76348,75547,75524,76148,69411,68229,68774,68344,68200,77102,76339,75780,76293,75901,65929,65207,65399,65799,65268
175,0,0,-1,77362,76927,76125,76099,76755,69889,68704,69236,68814,68672,77681,76925,76365,76877,76470,66388,65664,65848,66256,65730
176,1,0,-1,76749,76360,75544,75527,76163,69406,68220,68765,68348,68197,77091,76328,75772,76282,75893,65912,65196,65389,65803,65260
177,0,0,-1,77348,76949,76123,76112,76762,69868,68689,69225,68821,68675,77681,76919,76375,76882,76486,66378,65667,65840,66260,65723
178,1,0,-1,76748,76344,75525,75502,76131,69399,68199,68744,68321,68191,77086,76309,75753,76267,75885,65904,65205,65381,65783,65244
179,0,0,-1,77346,76922,76110,76075,76716,69862,68665,69218,68801,68655,77677,76891,76348,76867,76463,66352,65654,65831,66241,65704
180,1,0,-1,76733,76325,75522,75502,76123,69386,68201,68745,68311,68177,77074,76317,75760,76279,75865,65905,65190,65376,65772,65237
181,0,0,-1,77337,76921,76113,76090,76726,69855,68681,69228,68796,68653,77669,76916,76360,76863,76457,66366,65646,65840,66239,65705
182,1,0,-1,76751,76298,75527,75499,76110,69391,68198,68750,68320,68172,77062,76289,75746,76278,75880,65911,65173,65367,65776,65240
183,0,0,-1,77379,76905,76124,76098,76730,69880,68697,69252,68802,68665,77673,76906,76358,76897,76487,66384,65644,65853,66258,65730
184,1,0,-1,76751,76337,75510,75520,76135,69400,68234,68750,68343,68187,77074,76311,75768,76283,75889,65919,65191,65395,65793,65261
185,0,0,-1,77342,76913,76077,76085,76721,69850,68694,69220,68794,68660,77647,76896,76361,76868,76463,66379,65647,65849,66246,65714
186,1,0,-1,76732,76326,75512,75495,76114,69392,68209,68753,68318,68178,77054,76291,75747,76279,75881,65905,65175,65367,65765,65254
187,0,0,-1,77324,76906,76099,76072,76708,69850,68680,69222,68791,68646,77651,76874,76349,76871,76454,66357,65635,65822,66233,65713
188,1,0,-1,76767,76345,75542,75523,76147,69386,68219,68775,68349,68187,77078,76319,75784,76286,75890,65913,65180,65380,65794,65256
189,0,0,-1,77339,76920,76113,76084,76715,69843,68682,69227,68808,68654,77654,76896,76353,76869,76459,66368,65633,65829,66252,65717
190,1,0,-1,76741,76335,75514,75506,76143,69406,68211,68779,68352,68193,77097,76305,75767,76305,75893,65919,65188,65388,65790,65263
191,0,0,-1,77336,76923,76106,76079,76727,69876,68684,69246,68811,68665,77680,76893,76368,76898,76483,66377,65651,65841,66249,65723
192,1,0,-1,76783,76356,75560,75527,76155,69435,68249,68794,68358,68208,77119,76337,75790,76308,75905,65931,65209,65402,65813,65287
193,0,0,-1,77372,76929,76135,76103,76738,69889,68724,69253,68806,68670,77708,76917,76377,76889,76473,66395,65660,65856,66272,65745
194,1,0,-1,76769,76341,75548,75534,76148,69406,68221,68767,68344,68195,77099,76307,75760,76285,75885,65922,65190,65385,65798,65264
195,0,0,-1,77351,76911,76119,76094,76739,69874,68680,69235,68807,68667,77670,76889,76349,76870,76462,66370,65647,65841,66251,65712
196,1,0,-1,76758,76337,75551,75521,76159,69423,68226,68768,68350,68206,77082,76317,75776,76280,75905,65914,65185,65384,65824,65277
197,0,0,-1,77351,76917,76118,76093,76743,69890,68697,69233,68817,68666,77663,76905,76370,76867,76480,66365,65638,65848,66282,65727
198,1,0,-1,76743,76351,75541,75524,76147,69414,68226,68766,68338,68216,77087,76320,75772,76265,75884,65908,65190,65393,65797,65274
199,0,0,-1,77337,76927,76119,76093,76741,69885,68698,69233,68828,68689,77677,76917,76363,76866,76472,66377,65655,65846,66261,65730
200,1,0,-1,76761,76326,75522,75513,76125,69385,68209,68772,68324,68185,77064,76311,75770,76262,75885,65923,65173,65367,65768,65262
201,0,0,-1,77353,76909,76093,76081,76710,69845,68674,69228,68795,68649,77651,76886,76364,76846,76458,66369,65628,65824,66224,65707
202,1,0,-1,76775,76355,75550,75541,76146,69390,68230,68774,68356,68194,77089,76327,75782,76290,75886,65922,65202,65405,65788,65273
203,0,0,-1,77359,76935,76138,76109,76745,69856,68689,69247,68830,68671,77684,76907,76378,76881,76470,66374,65649,65861,66255,65729
204,1,0,-1,76765,76329,75564,75533,76137,69389,68221,68769,68336,68208,77084,76331,75783,76281,75897,65928,65208,65396,65799,65256
205,0,0,-1,77362,76916,76140,76082,76730,69851,68680,69231,68804,68671,77652,76910,76377,76865,76476,66377,65656,65842,66261,65726
206,1,0,-1,76764,76336,75516,75516,76151,69390,68205,68752,68335,68195,77092,76315,75781,76284,75904,65922,65192,65392,65797,65263
207,0,0,-1,77365,76925,76097,76089,76736,69859,68672,69226,68805,68668,77673,76907,76374,76879,76478,66376,65650,65843,66263,65728
208,1,0,-1,76762,76338,75507,75497,76116,69395,68195,68752,68320,68191,77062,76301,75759,76269,75889,65887,65181,65379,65783,65243
209,0,0,-1,77359,76932,76092,76080,76714,69855,68663,69224,68785,68664,77639,76896,76345,76856,76463,66340,65628,65833,66258,65701
210,1,0,-1,76779,76355,75562,75542,76150,69401,68213,68771,68344,68200,77106,76316,75787,76300,75910,65926,65189,65401,65798,65269
211,0,0,-1,77361,76922,76127,76109,76728,69855,68687,69226,68805,68656,77671,76899,76353,76887,76491,66373,65630,65843,66258,65713
212,1,0,-1,76757,76346,75534,75517,76142,69391,68206,68746,68333,68194,77079,76308,75792,76279,75890,65899,65174,65381,65772,65252
213,0,0,-1,77353,76929,76109,76092,76728,69863,68684,69206,68806,68667,77660,76884,76370,76877,76472,66356,65618,65840,66231,65706
214,1,0,-1,76755,76346,75524,75516,76123,69407,68202,68748,68339,68195,77060,76316,75781,76262,75895,65909,65180,65373,65792,65246
215,0,0,-1,77352,76932,76109,76082,76716,69869,68683,69208,68808,68662,77645,76906,76373,76851,76471,66374,65637,65842,66259,65711
216,1,0,-1,76783,76338,75526,75530,76146,69419,68229,68756,68337,68206,77087,76306,75785,76298,75912,65915,65205,65395,65797,65245
217,0,0,-1,77365,76924,76105,76096,76730,69878,68694,69227,68807,68663,77665,76894,76378,76887,76490,66377,65669,65852,66259,65705
218,1,0,-1,76772,76340,75528,75522,76134,69413,68234,68764,68357,68208,77052,76317,75797,76295,75893,65919,65214,65395,65789,65254
219,0,0,-1,77367,76915,76092,76090,76724,69875,68702,69211,68809,68666,77650,76892,76382,76875,76463,66370,65652,65845,66234,65708
220,1,0,-1,76758,76350,75535,75526,76128,69402,68217,68743,68345,68200,77073,76300,75776,76289,75892,65920,65188,65388,65772,65247
221,0,0,-1,77351,76932,76099,76098,76716,69870,68687,69215,68816,68657,77658,76887,76371,76865,76466,66380,65638,65841,66233,65696
222,1,0,-1,76767,76352,75526,75522,76122,69407,68222,68748,68333,68186,77064,76307,75783,76265,75881,65914,65180,65370,65779,65231
223,0,0,-1,77348,76930,76112,76092,76719,69871,68700,69214,68815,68651,77631,76890,76370,76852,76459,66361,65634,65826,66236,65693
224,1,0,-1,76762,76352,75519,75542,76120,69404,68220,68754,68321,68186,77055,76312,75775,76271,75876,65914,65182,65367,65773,65245
225,0,0,-1,77352,76920,76095,76096,76708,69861,68683,69210,68800,68655,77634,76893,76357,76855,76450,66360,65634,65825,66219,65679
226,1,0,-1,76756,76340,75523,75529,76126,69426,68242,68761,68335,68200,77069,76323,75791,76277,75898,65929,65207,65385,65802,65236
227,0,0,-1,77343,76909,76106,76097,76707,69881,68705,69239,68808,68663,77663,76903,76373,76870,76471,66375,65651,65837,66262,65713
228,1,0,-1,76755,76344,75527,75518,76123,69401,68228,68762,68322,68193,77089,76296,75781,76289,75887,65919,65186,65386,65787,65266
229,0,0,-1,77340,76913,76104,76095,76705,69856,68698,69219,68786,68652,77666,76876,76364,76872,76455,66368,65639,65838,66242,65721
230,1,0,-1,76779,76355,75541,75527,76136,69408,68226,68759,68357,68190,77076,76309,75775,76291,75895,65925,65192,65387,65807,65258
231,0,0,-1,77360,76926,76098,76086,76727,69864,68690,69212,68811,68642,77653,76888,76357,76881,76458,66366,65640,65841,66262,65703
232,1,0,-1,76771,76345,75524,75525,76140,69400,68225,68770,68336,68196,77064,76313,75773,76291,75877,65894,65180,65370,65797,65244
233,0,0,-1,77369,76938,76113,76102,76727,69864,68695,69239,68800,68664,77653,76902,76377,76879,76461,66368,65652,65840,66262,65717
234,1,0,-1,76777,76351,75531,75540,76153,69421,68243,68768,68354,68217,77094,76328,75782,76303,75900,65932,65202,65388,65813,65272
235,0,0,-1,77368,76945,76110,76109,76757,69891,68711,69236,68817,68681,77677,76920,76374,76889,76487,66384,65661,65848,66275,65725
236,1,0,-1,76755,76344,75511,75499,76129,69388,68220,68749,68331,68192,77054,76326,75773,76275,75875,65898,65177,65376,65799,65265
237,0,0,-1,77341,76930,76094,76085,76720,69860,68684,69217,68811,68649,77639,76910,76353,76862,76469,66358,65638,65832,66258,65718
238,1,0,-1,76767,76339,75528,75514,76127,69406,68228,68760,68353,68207,77078,76333,75779,76283,75898,65906,65188,65390,65798,65255
239,0,0,-1,77352,76904,76087,76080,76726,69861,68687,69222,68817,68671,77652,76912,76370,76861,76465,66355,65633,65838,66251,65710
240,1,0,-1,76751,76324,75510,75506,76133,69376,68224,68752,68352,68184,77067,76308,75777,76280,75882,65907,65187,65376,65789,65244
241,0,0,-1,77360,76926,76104,76091,76736,69855,68707,69229,68836,68665,77670,76907,76375,76890,76470,66378,65656,65845,66265,65721
242,1,0,-1,76777,76342,75521,75524,76139,69416,68231,68779,68361,68214,77075,76324,75776,76291,75897,65922,65198,65381,65800,65280
243,0,0,-1,77366,76923,76110,76101,76733,69875,68700,69257,68831,68681,77668,76910,76361,76884,76479,66385,65663,65844,66265,65735
244,1,0,-1,76741,76316,75503,75500,76125,69394,68214,68765,68337,68174,77064,76295,75760,76269,75885,65908,65190,65375,65780,65243
245,0,0,-1,77346,76905,76090,76080,76717,69863,68701,69242,68820,68650,77659,76901,76363,76871,76475,66370,65649,65845,66240,65716
246,1,0,-1,76742,76327,75517,75493,76111,69396,68206,68739,68325,68179,77061,76300,75747,76257,75859,65909,65175,65368,65793,65244
247,0,0,-1,77322,76895,76090,76069,76691,69856,68675,69216,68801,68643,77644,76879,76344,76840,76445,66360,65627,65813,66244,65694
248,1,0,-1,76757,76349,75521,75502,76129,69393,68219,68755,68330,68194,77091,76315,75767,76272,75886,65923,65206,65382,65800,65236
249,0,0,-1,77338,76927,76090,76079,76718,69874,68688,69229,68803,68665,77686,76905,76366,76865,76477,66388,65665,65845,66262,65702
250,1,0,-1,76764,76316,75504,75491,76128,69396,68212,68746,68334,68189,77080,76304,75772,76278,75881,65911,65182,65371,65788,65245
251,0,0,-1,77348,76897,76087,76062,76717,69854,68687,69221,68800,68658,77678,76901,76367,76869,76463,66366,65640,65826,66249,65705
252,1,0,-1,76762,76340,75514,75506,76134,69404,68226,68751,68333,68196,77093,76312,75771,76278,75882,65923,65198,65388,65799,65242
253,0,0,-1,77358,76924,76100,76087,76727,69867,68698,69221,68816,68678,77681,76897,76350,76860,76462,66378,65660,65835,66249,65702
254,1,0,-1,76762,76337,75527,75507,76148,69404,68221,68767,68349,68211,77084,76298,75778,76263,75892,65921,65193,65385,65787,65257
255,0,0,-1,77351,76912,76090,76070,76734,69866,68697,69236,68823,68679,77682,76899,76369,76862,76464,66371,65637,65842,66238,65710
256,1,0,-1,76757,76325,75519,75515,76136,69412,68203,68756,68347,68187,77075,76313,75764,76269,75865,65908,65191,65382,65799,65264
257,0,0,-1,77356,76917,76100,76091,76727,69880,68683,69234,68820,68658,77677,76903,76347,76855,76453,66383,65657,65836,66262,65739
258,1,0,-1,76761,76338,75503,75508,76132,69407,68207,68773,68347,68204,77089,76311,75756,76279,75897,65936,65210,65366,65787,65264
259,0,0,-1,77356,76902,76082,76074,76726,69864,68666,69234,68810,68666,77659,76900,76338,76865,76464,66378,65656,65814,66249,65718
260,1,0,-1,76789,76353,75537,75532,76158,69421,68223,68784,68340,68228,77083,76329,75784,76299,75912,65950,65229,65400,65821,65290
261,0,0,-1,77379,76936,76112,76100,76749,69885,68689,69257,68822,68706,77673,76913,76380,76892,76493,66399,65686,65850,66281,65748
262,1,0,-1,76766,76340,75513,75518,76131,69410,68209,68751,68355,68189,77075,76314,75780,76274,75886,65923,65202,65385,65786,65271
263,0,0,-1,77353,76923,76086,76094,76714,69868,68679,69218,68816,68659,77665,76896,76366,76864,76467,66382,65653,65838,66256,65726
264,1,0,-1,76772,76342,75530,75519,76149,69414,68214,68766,68355,68214,77096,76319,75774,76290,75915,65933,65205,65383,65815,65267
265,0,0,-1,77354,76924,76102,76091,76726,69874,68677,69224,68814,68670,77657,76885,76356,76866,76472,66383,65653,65835,66263,65723
266,1,0,-1,76756,76319,75525,75515,76126,69413,68202,68756,68332,68200,77083,76321,75756,76276,75880,65908,65211,65370,65778,65269
267,0,0,-1,77347,76908,76104,76089,76721,69881,68666,69227,68803,68670,77663,76907,76348,76862,76463,66367,65658,65821,66235,65722
268,1,0,-1,76761,76343,75538,75534,76141,69407,68216,68768,68359,68214,77107,76325,75783,76293,75895,65936,65217,65378,65792,65270
269,0,0,-1,77348,76935,76118,76092,76723,69867,68679,69224,68817,68681,77679,76902,76362,76873,76463,66395,65665,65819,66254,65719
270,1,0,-1,76766,76339,75531,75511,76140,69440,68217,68770,68352,68206,77074,76312,75766,76291,75904,65928,65215,65380,65799,65269
271,0,0,-1,77357,76929,76125,76085,76728,69906,68702,69236,68840,68678,77668,76916,76369,76893,76490,66389,65670,65833,66260,65733
272,1,0,-1,76751,76335,75520,75510,76140,69414,68212,68761,68357,68189,77057,76311,75741,76280,75892,65918,65187,65369,65791,65274
273,0,0,-1,77348,76919,76092,76079,76721,69884,68679,69227,68825,68663,77655,76894,76333,76869,76473,66366,65647,65828,66244,65719
274,1,0,-1,76768,76333,75520,75514,76139,69407,68215,68755,68337,68187,77064,76321,75765,76280,75873,65924,65193,65376,65782,65266
275,0,0,-1,77357,76916,76085,76081,76725,69870,68680,69223,68818,68644,77663,76895,76352,76867,76449,66379,65641,65826,66231,65712
276,1,0,-1,76760,76342,75518,75505,76134,69411,68211,68744,68332,68186,77071,76297,75766,76280,75888,65914,65175,65359,65780,65247
277,0,0,-1,77347,76911,76073,76080,76712,69862,68672,69210,68801,68650,77646,76870,76344,76845,76457,66349,65616,65811,66225,65691
278,1,0,-1,76770,76360,75535,75513,76128,69438,68217,68760,68343,68198,77080,76311,75760,76284,75893,65919,65189,65385,65799,65253
279,0,0,-1,77373,76941,76103,76086,76722,69900,68693,69233,68820,68668,77658,76903,76356,76867,76471,66379,65653,65851,66265,65718
280,1,0,-1,76763,76358,75536,75515,76143,69412,68219,68767,68346,68207,77072,76314,75771,76291,75875,65914,65186,65386,65785,65262
281,0,0,-1,77350,76953,76108,76075,76722,69878,68687,69230,68820,68679,77663,76895,76363,76866,76454,66389,65639,65846,66245,65720
282,1,0,-1,76743,76317,75508,75491,76117,69395,68197,68736,68334,68197,77070,76292,75752,76255,75876,65906,65166,65374,65765,65245
283,0,0,-1,77354,76932,76101,76084,76717,69879,68693,69229,68831,68674,77663,76892,76370,76863,76473,66383,65632,65840,66240,65728
284,1,0,-1,76759,76353,75508,75509,76113,69386,68198,68750,68337,68181,77063,76309,75757,76271,75873,65918,65174,65366,65777,65255
285,0,0,-1,77341,76927,76081,76074,76694,69848,68661,69210,68802,68650,77636,76882,76338,76849,76445,66371,65626,65812,66229,65701
286,1,0,-1,76750,76341,75533,75510,76133,69396,68210,68743,68328,68191,77075,76300,75767,76263,75881,65918,65169,65379,65788,65271
287,0,0,-1,77338,76936,76105,76073,76716,69859,68688,69219,68805,68664,77666,76895,76361,76857,76461,66366,65628,65838,66244,65725
288,1,0,-1,76738,76320,75504,75515,76107,69404,68204,68740,68328,68188,77065,76299,75766,76255,75873,65905,65177,65365,65781,65254
289,0,0,-1,77336,76924,76083,76094,76703,69873,68674,69219,68807,68664,77669,76895,76348,76859,76460,66368,65645,65833,66250,65715
290,1,0,-1,76756,76328,75521,75511,76130,69388,68212,68761,68351,68206,77089,76326,75767,76287,75896,65927,65193,65387,65803,65269
291,0,0,-1,77336,76902,76083,76064,76692,69860,68663,69217,68802,68659,77655,76902,76342,76858,76451,66371,65630,65841,66249,65712
292,1,0,-1,76762,76339,75538,75523,76133,69413,68224,68750,68356,68211,77082,76323,75780,76289,75895,65924,65205,65388,65802,65270
293,0,0,-1,77342,76921,76106,76090,76714,69874,68692,69230,68813,68682,77654,76911,76376,76873,76473,66373,65658,65842,66264,65719
294,1,0,-1,76744,76326,75510,75503,76116,69399,68214,68736,68328,68191,77084,76306,75758,76274,75871,65914,65189,65373,65772,65253
295,0,0,-1,77346,76923,76102,76098,76732,69876,68695,69227,68811,68674,77681,76909,76367,76874,76469,66379,65647,65848,66244,65728
296,1,0,-1,76759,76353,75531,75520,76142,69437,68228,68766,68369,68219,77091,76314,75786,76277,75896,65923,65201,65404,65808,65279
297,0,0,-1,77348,76923,76101,76081,76728,69894,68685,69219,68826,68687,77660,76903,76371,76844,76476,66373,65647,65848,66270,65737
298,1,0,-1,76759,76323,75523,75522,76128,69436,68218,68766,68369,68210,77098,76315,75791,76286,75892,65907,65213,65398,65797,65284
299,0,0,-1,77353,76929,76112,76106,76728,69916,68689,69238,68841,68687,77696,76915,76387,76880,76484,66377,65669,65864,66273,65753
300,1,0,-1,76778,76353,75539,75529,76152,69431,68246,68770,68364,68219,77111,76335,75789,76288,75908,65920,65221,65389,65825,65289
301,0,0,-1,77363,76928,76116,76101,76749,69887,68712,69236,68835,68676,77699,76913,76392,76880,76485,66377,65668,65849,66273,65751
302,1,0,-1,76759,76327,75519,75526,76132,69425,68238,68759,68361,68211,77076,76307,75776,76286,75896,65922,65199,65393,65797,65264
303,0,0,-1,77352,76917,76115,76100,76732,69883,68705,69234,68831,68691,77669,76902,76378,76880,76477,66384,65656,65848,66255,65746
304,1,0,-1,76758,76329,75518,75522,76136,69430,68221,68770,68363,68201,77102,76304,75787,76293,75895,65923,65198,65388,65810,65280
305,0,0,-1,77336,76899,76084,76075,76712,69875,68688,69214,68822,68663,77668,76882,76350,76865,76468,66360,65639,65832,66252,65718
306,1,0,-1,76753,76324,75508,75501,76123,69411,68217,68758,68337,68198,77091,76303,75776,76278,75878,65918,65194,65391,65803,65279
307,0,0,-1,77344,76908,76092,76081,76716,69868,68692,69224,68800,68673,77687,76885,76367,76864,76459,66386,65654,65846,66266,65741
308,1,0,-1,76753,76340,75523,75503,76114,69412,68236,68757,68340,68211,77078,76311,75781,76281,75882,65921,65181,65379,65807,65273
309,0,0,-1,77355,76926,76104,76075,76707,69871,68704,69238,68807,68680,77670,76892,76367,76872,76450,66380,65630,65830,66261,65728
310,1,0,-1,76761,76339,75526,75516,76131,69406,68216,68755,68362,68194,77098,76313,75785,76283,75890,65931,65196,65381,65810,65265
311,0,0,-1,77376,76944,76114,76092,76743,69890,68701,69232,68845,68674,77704,76913,76388,76883,76487,66400,65663,65853,66281,65735
312,1,0,-1,76775,76352,75523,75513,76116,69415,68232,68765,68350,68209,77103,76315,75791,76283,75879,65910,65183,65391,65811,65264
313,0,0,-1,77353,76914,76095,76076,76705,69879,68696,69224,68814,68677,77671,76898,76376,76862,76460,66360,65639,65845,66267,65718
314,1,0,-1,76749,76351,75537,75521,76126,69420,68210,68748,68350,68202,77087,76324,75772,76270,75876,65923,65183,65382,65796,65243
315,0,0,-1,77340,76937,76118,76099,76722,69880,68676,69217,68827,68679,77673,76912,76367,76860,76457,66374,65636,65841,66254,65709
316,1,0,-1,76771,76355,75532,75510,76136,69410,68227,68776,68349,68204,77103,76316,75776,76289,75899,65928,65203,65410,65814,65267
317,0,0,-1,77358,76926,76104,76088,76726,69852,68692,69240,68799,68671,77701,76889,76355,76867,76460,66377,65662,65864,66266,65731
318,1,0,-1,76766,76340,75523,75498,76131,69391,68208,68758,68333,68200,77086,76321,75762,76282,75882,65905,65194,65376,65778,65260
319,0,0,-1,77349,76924,76079,76066,76710,69849,68673,69222,68789,68669,77681,76885,76344,76854,76458,66358,65632,65826,66239,65698
320,1,0,-1,76773,76365,75540,75534,76139,69419,68221,68768,68360,68219,77110,76338,75766,76299,75911,65921,65217,65401,65821,65279
321,0,0,-1,77348,76926,76097,76090,76707,69866,68686,69222,68826,68675,77684,76907,76345,76878,76474,66373,65657,65850,66276,65724
322,1,0,-1,76744,76355,75519,75514,76130,69400,68200,68758,68331,68192,77070,76302,75750,76274,75881,65900,65174,65374,65779,65255
323,0,0,-1,77355,76940,76109,76104,76730,69884,68677,69236,68818,68673,77660,76908,76359,76870,76474,66368,65634,65836,66264,65737
324,1,0,-1,76761,76340,75522,75514,76130,69400,68203,68753,68326,68220,77065,76299,75757,76261,75853,65885,65172,65380,65794,65256
325,0,0,-1,77356,76942,76106,76089,76722,69868,68678,69227,68805,68699,77659,76899,76352,76854,76437,66350,65639,65840,66259,65713
326,1,0,-1,76765,76346,75528,75526,76150,69420,68208,68763,68341,68213,77074,76305,75767,76263,75886,65902,65188,65386,65797,65260
327,0,0,-1,77377,76939,76117,76098,76753,69896,68685,69243,68817,68690,77662,76894,76355,76855,76468,66356,65640,65846,66268,65723
328,1,0,-1,76769,76346,75503,75514,76142,69397,68207,68753,68337,68196,77078,76293,75745,76260,75881,65881,65186,65380,65780,65243
329,0,0,-1,77371,76958,76114,76110,76742,69877,68686,69236,68823,68671,77674,76896,76348,76863,76467,66361,65652,65854,66255,65720
330,1,0,-1,76754,76322,75504,75520,76122,69403,68212,68746,68338,68198,77083,76302,75739,76253,75876,65898,65200,65384,65808,65261
331,0,0,-1,77345,76911,76071,76084,76703,69864,68671,69206,68810,68670,77667,76885,76334,76839,76455,66360,65637,65849,66255,65707
332,1,0,-1,76765,76332,75520,75517,76125,69399,68206,68756,68330,68202,77092,76301,75750,76258,75872,65908,65185,65378,65788,65256
333,0,0,-1,77375,76934,76124,76109,76726,69873,68688,69235,68817,68688,77693,76902,76357,76866,76470,66377,65656,65858,66264,65728
334,1,0,-1,76763,76335,75523,75503,76134,69392,68200,68748,68347,68199,77082,76299,75754,76276,75889,65907,65183,65390,65793,65270
335,0,0,-1,77345,76916,76091,76073,76721,69856,68663,69198,68808,68653,77655,76886,76334,76857,76460,66357,65631,65844,66250,65709
336,1,0,-1,76767,76343,75538,75525,76146,69400,68204,68748,68343,68214,77096,76318,75760,76279,75877,65907,65198,65394,65794,65262
337,0,0,-1,77357,76930,76122,76095,76731,69887,68686,69229,68827,68695,77686,76896,76361,76875,76462,66367,65650,65851,66263,65728
338,1,0,-1,76754,76352,75535,75532,76140,69414,68213,68769,68351,68216,77099,76327,75768,76270,75895,65905,65182,65389,65807,65270
339,0,0,-1,77353,76930,76113,76098,76726,69875,68684,69236,68818,68687,77699,76911,76360,76862,76476,66369,65639,65857,66269,65735
340,1,0,-1,76741,76345,75517,75511,76130,69395,68199,68764,68338,68208,77104,76293,75748,76255,75874,65919,65173,65373,65782,65248
341,0,0,-1,77367,76943,76101,76106,76740,69876,68673,69236,68820,68693,77691,76895,76349,76865,76470,66382,65633,65840,66257,65723
342,1,0,-1,76762,76342,75516,75515,76143,69412,68212,68764,68354,68211,77091,76318,75759,76265,75894,65911,65197,65384,65788,65269
343,0,0,-1,77352,76934,76114,76096,76738,69881,68694,69243,68833,68684,77704,76916,76361,76860,76485,66395,65656,65851,66267,65738
344,1,0,-1,76783,76366,75534,75531,76150,69421,68235,68775,68357,68213,77101,76331,75777,76293,75904,65937,65216,65418,65811,65281
345,0,0,-1,77361,76948,76114,76091,76741,69892,68692,69255,68825,68691,77693,76920,76365,76879,76463,66385,65656,65857,66268,65742
346,1,0,-1,76755,76354,75523,75502,76152,69423,68229,68768,68365,68213,77094,76328,75755,76283,75898,65920,65186,65396,65799,65252
347,0,0,-1,77354,76955,76109,76077,76745,69879,68704,69235,68832,68691,77685,76919,76346,76877,76483,66382,65645,65857,66265,65726
348,1,0,-1,76761,76366,75518,75521,76144,69417,68214,68754,68343,68213,77089,76319,75772,76279,75885,65918,65185,65392,65793,65266
349,0,0,-1,77355,76947,76095,76095,76739,69885,68692,69238,68829,68686,77668,76923,76354,76868,76473,66380,65650,65849,66263,65733
350,1,0,-1,76756,76366,75535,75523,76138,69424,68225,68760,68348,68207,77091,76308,75767,76268,75867,65918,65178,65392,65801,65260
351,0,0,-1,77359,76942,76114,76099,76728,69891,68693,69245,68820,68687,77680,76893,76364,76853,76467,66379,65635,65849,66250,65715
352,1,0,-1,76766,76357,75527,75521,76158,69424,68231,68776,68356,68233,77100,76338,75777,76283,75898,65928,65193,65400,65809,65241
353,0,0,-1,77350,76942,76103,76095,76747,69884,68694,69249,68840,68703,77697,76929,76375,76883,76475,66387,65656,65865,66264,65714
354,1,0,-1,76773,76357,75527,75517,76143,69424,68227,68761,68360,68205,77101,76313,75776,76275,75885,65916,65171,65389,65783,65255
355,0,0,-1,77363,76937,76108,76086,76734,69895,68696,69231,68825,68671,77680,76905,76353,76861,76462,66362,65641,65852,66250,65719
356,1,0,-1,76762,76356,75528,75509,76142,69431,68223,68766,68349,68208,77094,76324,75781,76290,75877,65914,65201,65405,65782,65252
357,0,0,-1,77349,76911,76092,76070,76719,69878,68677,69218,68790,68651,77661,76900,76356,76864,76444,66357,65645,65850,66231,65697
358,1,0,-1,76764,76357,75523,75520,76144,69421,68213,68768,68347,68207,77090,76323,75768,76289,75881,65912,65193,65384,65784,65258
359,0,0,-1,77364,76925,76101,76078,76735,69890,68676,69230,68817,68674,77669,76908,76352,76872,76463,66367,65644,65845,66252,65713
360,1,0,-1,76772,76337,75533,75524,76144,69423,68215,68750,68351,68208,77090,76327,75771,76284,75883,65913,65193,65380,65799,65249
361,0,0,-1,77380,76931,76122,76096,76746,69898,68689,69229,68829,68695,77689,76924,76368,76874,76477,66394,65658,65852,66279,65732
362,1,0,-1,76770,76357,75533,75516,76154,69415,68226,68767,68351,68203,77070,76323,75761,76276,75882,65929,65203,65396,65789,65256
363,0,0,-1,77364,76955,76108,76094,76737,69885,68693,69230,68835,68667,77657,76915,76351,76870,76459,66388,65656,65855,66260,65721
364,1,0,-1,76786,76356,75531,75516,76131,69410,68222,68774,68345,68211,77071,76325,75776,76276,75891,65944,65185,65396,65810,65265
365,0,0,-1,77369,76938,76114,76101,76730,69886,68687,69241,68829,68683,77670,76918,76373,76865,76484,66400,65650,65858,66278,65723
366,1,0,-1,76783,76345,75547,75521,76143,69438,68228,68775,68356,68214,77093,76329,75784,76284,75904,65933,65191,65395,65799,65262
367,0,0,-1,77357,76913,76107,76087,76719,69887,68688,69224,68817,68663,77657,76902,76366,76863,76470,66377,65636,65840,66255,65698
368,1,0,-1,76775,76340,75531,75516,76143,69420,68222,68763,68364,68213,77088,76302,75775,76275,75888,65940,65192,65386,65797,65265
369,0,0,-1,77362,76942,76109,76101,76743,69880,68692,69242,68835,68687,77687,76893,76356,76869,76465,66393,65645,65865,66264,65727
370,1,0,-1,76780,76357,75549,75518,76150,69428,68230,68788,68369,68230,77107,76338,75793,76289,75900,65940,65198,65401,65812,65268
371,0,0,-1,77372,76948,76135,76098,76738,69889,68694,69248,68835,68714,77682,76918,76383,76876,76479,66394,65651,65863,66270,65716
372,1,0,-1,76764,76344,75533,75514,76159,69412,68226,68776,68361,68218,77103,76314,75762,76287,75896,65927,65187,65390,65804,65256
373,0,0,-1,77354,76932,76100,76089,76734,69880,68687,69244,68822,68684,77668,76894,76351,76873,76466,66388,65629,65854,66261,65707
374,1,0,-1,76759,76337,75513,75517,76144,69398,68202,68742,68338,68211,77074,76308,75766,76256,75884,65910,65160,65386,65787,65236
375,0,0,-1,77342,76896,76086,76087,76723,69858,68666,69218,68792,68660,77650,76879,76344,76840,76446,66361,65603,65835,66233,65690
376,1,0,-1,76774,76372,75543,75535,76161,69429,68250,68787,68367,68231,77117,76333,75774,76291,75895,65941,65223,65404,65823,65275
377,0,0,-1,77355,76941,76105,76096,76737,69891,68718,69235,68829,68691,77692,76906,76351,76858,76467,66386,65661,65855,66267,65718
378,1,0,-1,76754,76332,75525,75519,76130,69402,68229,68742,68333,68220,77083,76307,75753,76262,75865,65926,65155,65381,65782,65246
379,0,0,-1,77361,76939,76118,76116,76736,69888,68716,69215,68825,68703,77686,76916,76359,76866,76467,66391,65625,65863,66256,65717
380,1,0,-1,76766,76341,75544,75524,76152,69409,68229,68773,68362,68237,77097,76320,75768,76285,75880,65944,65201,65412,65807,65264
381,0,0,-1,77353,76922,76116,76087,76724,69868,68693,69233,68820,68699,77667,76886,76345,76867,76453,66383,65643,65858,66260,65708
382,1,0,-1,76770,76332,75532,75511,76137,69415,68211,68748,68347,68229,77103,76316,75758,76276,75881,65927,65161,65387,65795,65261
383,0,0,-1,77355,76920,76105,76083,76719,69876,68684,69211,68805,68697,77669,76906,76354,76863,76448,66380,65625,65850,66254,65708
384,1,0,-1,76768,76351,75538,75526,76128,69409,68210,68761,68332,68225,77088,76304,75763,76292,75872,65911,65175,65389,65793,65263
385,0,0,-1,77362,76932,76107,76098,76727,69890,68693,69228,68819,68699,77673,76896,76340,76867,76453,66372,65634,65847,66257,65714
386,1,0,-1,76773,76341,75537,75531,76142,69420,68215,68771,68350,68230,77094,76317,75767,76284,75880,65934,65189,65396,65789,65271
387,0,0,-1,77347,76911,76088,76092,76720,69877,68671,69235,68814,68691,77683,76889,76350,76860,76447,66376,65642,65843,66255,65722
388,1,0,-1,76768,76345,75529,75525,76137,69415,68232,68754,68350,68219,77096,76302,75754,76291,75873,65927,65190,65392,65784,65269
389,0,0,-1,77370,76941,76117,76097,76728,69882,68694,69221,68824,68684,77676,76900,76348,76890,76461,66387,65653,65854,66247,65726
390,1,0,-1,76780,76347,75550,75533,76138,69429,68224,68774,68355,68234,77095,76316,75769,76283,75894,65926,65197,65403,65802,65283
391,0,0,-1,77366,76929,76125,76098,76721,69884,68685,69246,68833,68702,77654,76895,76361,76879,76471,66377,65652,65857,66249,65724
392,1,0,-1,76765,76354,75539,75532,76148,69426,68212,68778,68333,68230,77092,76318,75758,76290,75905,65918,65187,65397,65799,65257
393,0,0,-1,77362,76931,76114,76098,76726,69888,68687,69234,68817,68698,77672,76905,76339,76875,76472,66380,65651,65856,66251,65722
394,1,0,-1,76753,76339,75532,75527,76151,69409,68213,68759,68335,68200,77088,76317,75764,76283,75873,65924,65177,65383,65796,65250
395,0,0,-1,77338,76927,76107,76098,76729,69867,68674,69223,68810,68665,77679,76899,76351,76868,76454,66366,65626,65848,66261,65706
396,1,0,-1,76769,76353,75540,75520,76131,69407,68205,68748,68325,68211,77075,76313,75766,76280,75882,65914,65198,65391,65825,65252
397,0,0,-1,77366,76944,76128,76088,76719,69869,68679,69229,68806,68685,77667,76900,76359,76881,76468,66382,65665,65855,66280,65721
398,1,0,-1,76746,76343,75526,75505,76117,69399,68197,68746,68329,68209,77051,76300,75764,76280,75866,65911,65184,65387,65798,65236
399,0,0,-1,77355,76933,76116,76089,76717,69867,68676,69214,68812,68684,77652,76899,76352,76869,76463,66368,65642,65852,66265,65702
400,1,0,-1,76748,76342,75528,75502,76129,69399,68210,68715,68305,68212,77058,76301,75748,76267,75855,65890,65172,65379,65790,65238
401,0,0,-1,77359,76928,76106,76082,76722,69877,68687,69198,68794,68696,77657,76912,76355,76889,76448,66361,65641,65843,66259,65705
402,1,0,-1,76740,76358,75521,75502,76140,69414,68225,68747,68326,68226,77063,76313,75752,76292,75880,65922,65188,65391,65799,65247
403,0,0,-1,77339,76944,76097,76064,76717,69874,68683,69199,68784,68697,77645,76890,76339,76870,76451,66375,65645,65844,66254,65700
404,1,0,-1,76750,76357,75528,75500,76144,69400,68213,68748,68328,68217,77073,76298,75754,76273,75863,65902,65197,65384,65799,65252
405,0,0,-1,77337,76945,76107,76074,76726,69874,68690,69212,68804,68694,77668,76899,76350,76871,76457,66368,65657,65844,66267,65720
406,1,0,-1,76753,76338,75522,75512,76123,69407,68208,68732,68328,68225,77076,76306,75757,76277,75877,65906,65185,65376,65788,65256
407,0,0,-1,77345,76918,76095,76080,76706,69876,68680,69206,68793,68694,77660,76884,76348,76867,76465,66372,65637,65831,66255,65722
408,1,0,-1,76752,76352,75501,75494,76122,69393,68196,68737,68334,68204,77065,76296,75756,76271,75867,65915,65175,65380,65786,65247
409,0,0,-1,77345,76934,76078,76077,76716,69855,68666,69200,68797,68668,77660,76893,76355,76858,76452,66369,65637,65837,66247,65709
410,1,0,-1,76762,76345,75525,75526,76128,69407,68215,68731,68345,68216,77075,76304,75755,76270,75867,65916,65179,65388,65786,65240
411,0,0,-1,77360,76948,76110,76106,76730,69882,68697,69213,68819,68699,77681,76892,76351,76875,76466,66387,65642,65847,66265,65715
412,1,0,-1,76762,76344,75519,75507,76127,69417,68221,68740,68343,68203,77089,76306,75766,76269,75876,65913,65188,65377,65793,65250
413,0,0,-1,77349,76935,76095,76088,76720,69881,68676,69210,68818,68678,77667,76892,76352,76860,76450,66358,65647,65835,66255,65713
414,1,0,-1,76757,76334,75508,75517,76136,69418,68213,68748,68348,68215,77072,76310,75759,76280,75862,65921,65184,65384,65792,65257
415,0,0,-1,77353,76918,76102,76089,76728,69882,68689,69219,68824,68679,77676,76903,76360,76881,76450,66378,65636,65838,66260,65717
416,1,0,-1,76761,76357,75534,75521,76142,69404,68232,68744,68347,68211,77100,76331,75767,76281,75869,65910,65188,65383,65799,65262
417,0,0,-1,77346,76928,76090,76084,76716,69859,68687,69206,68812,68661,77658,76897,76342,76855,76435,66364,65636,65827,66261,65724
418,1,0,-1,76748,76344,75524,75499,76117,69405,68227,68748,68342,68209,77070,76308,75765,76270,75865,65913,65180,65386,65794,65265
419,0,0,-1,77341,76930,76120,76076,76712,69877,68697,69211,68810,68672,77655,76893,76351,76865,76458,66365,65637,65848,66271,65727
420,1,0,-1,76759,76376,75534,75524,76129,69425,68227,68748,68334,68216,77068,76318,75769,76292,75894,65924,65189,65375,65814,65271
421,0,0,-1,77353,76964,76105,76096,76721,69885,68693,69213,68804,68682,77671,76902,76357,76875,76475,66378,65646,65845,66270,65726
422,1,0,-1,76756,76360,75545,75524,76130,69419,68219,68741,68348,68203,77074,76326,75776,76294,75885,65921,65198,65387,65801,65281
423,0,0,-1,77353,76944,76119,76104,76728,69885,68698,69212,68822,68680,77665,76917,76371,76890,76464,66373,65644,65844,66260,65743
424,1,0,-1,76777,76379,75559,75538,76157,69436,68248,68755,68358,68229,77084,76330,75799,76320,75893,65922,65196,65396,65824,65283
425,0,0,-1,77354,76955,76123,76112,76740,69890,68710,69222,68813,68700,77673,76904,76371,76891,76467,66378,65644,65852,66290,65730
426,1,0,-1,76785,76377,75567,75537,76132,69434,68251,68773,68362,68224,77085,76346,75789,76311,75908,65934,65188,65400,65825,65267
427,0,0,-1,77387,76965,76157,76115,76738,69915,68727,69249,68849,68694,77685,76939,76385,76908,76493,66405,65657,65870,66286,65748
428,1,0,-1,76752,76367,75537,75508,76124,69427,68231,68747,68355,68202,77057,76315,75787,76283,75882,65921,65186,65379,65802,65258
429,0,0,-1,77357,76933,76121,76082,76719,69881,68719,69221,68820,68684,77652,76899,76375,76876,76469,66380,65638,65842,66253,65718
430,1,0,-1,76783,76343,75531,75519,76143,69429,68247,68770,68357,68215,77076,76336,75780,76290,75894,65932,65200,65394,65813,65253
431,0,0,-1,77362,76919,76094,76076,76718,69883,68706,69236,68819,68676,77663,76916,76366,76873,76459,66379,65649,65846,66270,65714
432,1,0,-1,76781,76340,75527,75514,76141,69422,68243,68770,68345,68213,77083,76327,75785,76298,75885,65913,65190,65391,65804,65264
433,0,0,-1,77369,76932,76110,76099,76730,69888,68717,69236,68826,68684,77668,76916,76370,76882,76476,66381,65644,65855,66275,65714
434,1,0,-1,76771,76335,75505,75511,76108,69413,68224,68758,68328,68218,77061,76318,75765,76285,75883,65917,65193,65375,65809,65256
435,0,0,-1,77367,76921,76087,76082,76705,69867,68685,69220,68789,68684,77644,76895,76354,76876,76460,66372,65647,65833,66260,65702
436,1,0,-1,76780,76362,75545,75512,76132,69405,68227,68757,68350,68215,77061,76309,75784,76307,75881,65932,65191,65378,65795,65264
437,0,0,-1,77362,76937,76120,76080,76733,69875,68698,69226,68816,68686,77667,76896,76379,76890,76471,66376,65643,65840,66261,65721
438,1,0,-1,76771,76378,75535,75514,76142,69411,68239,68757,68344,68225,77089,76319,75792,76299,75890,65923,65195,65384,65821,65282
439,0,0,-1,77361,76968,76102,76091,76742,69888,68706,69241,68831,68701,77666,76912,76384,76887,76463,66385,65643,65846,66284,65745
440,1,0,-1,76749,76358,75511,75500,76110,69390,68208,68741,68342,68188,77069,76275,75760,76274,75877,65907,65177,65361,65793,65261
441,0,0,-1,77339,76935,76096,76076,76706,69866,68678,69205,68812,68671,77662,76851,76347,76868,76447,66355,65637,65816,66253,65712
442,1,0,-1,76742,76360,75527,75508,76125,69395,68217,68755,68333,68202,77065,76307,75764,76293,75894,65904,65177,65350,65788,65257
443,0,0,-1,77335,76938,76098,76075,76710,69855,68688,69209,68801,68671,77646,76890,76350,76867,76461,66348,65626,65806,66235,65708
444,1,0,-1,76729,76338,75512,75488,76107,69385,68221,68719,68323,68182,77051,76299,75752,76263,75863,65869,65160,65358,65762,65245
445,0,0,-1,77325,76913,76091,76058,76701,69857,68695,69199,68796,68652,77643,76891,76348,76850,76445,66337,65613,65812,66237,65709
446,1,0,-1,76774,76346,75530,75522,76128,69403,68227,68755,68352,68204,77073,76303,75785,76283,75871,65916,65180,65380,65775,65274
447,0,0,-1,77367,76943,76115,76093,76724,69874,68711,69228,68830,68680,77667,76904,76390,76880,76463,66374,65640,65836,66253,65747
448,1,0,-1,76749,76330,75502,75506,76121,69390,68211,68734,68336,68188,77061,76290,75755,76275,75862,65899,65165,65361,65764,65260
449,0,0,-1,77344,76917,76096,76080,76715,69851,68687,69212,68820,68659,77663,76896,76345,76869,76441,66356,65612,65824,66229,65714
450,1,0,-1,76752,76359,75532,75512,76137,69402,68236,68763,68348,68208,77076,76324,75766,76288,75884,65900,65174,65358,65782,65255
451,0,0,-1,77348,76941,76111,76076,76725,69863,68700,69222,68801,68675,77641,76911,76354,76871,76457,66363,65632,65821,66249,65716
452,1,0,-1,76756,76352,75536,75519,76129,69408,68239,68756,68348,68203,77073,76306,75770,76294,75881,65908,65189,65382,65798,65269
453,0,0,-1,77341,76928,76106,76080,76717,69865,68694,69209,68807,68665,77652,76875,76349,76866,76455,66364,65640,65832,66243,65711
454,1,0,-1,76750,76350,75530,75517,76127,69406,68218,68748,68340,68209,77079,76307,75761,76274,75876,65909,65184,65382,65783,65244
455,0,0,-1,77354,76945,76112,76087,76719,69860,68689,69221,68802,68673,77654,76895,76355,76874,76459,66366,65635,65838,66243,65706
456,1,0,-1,76778,76355,75533,75540,76144,69409,68242,68762,68347,68207,77087,76315,75767,76281,75910,65943,65210,65379,65803,65284
457,0,0,-1,77362,76939,76092,76114,76726,69870,68708,69233,68813,68685,77670,76897,76353,76878,76489,66398,65663,65843,66271,65751
458,1,0,-1,76779,76357,75527,75543,76140,69425,68239,68772,68361,68221,77091,76322,75789,76307,75911,65930,65216,65394,65829,65271
459,0,0,-1,77354,76943,76107,76103,76718,69879,68694,69239,68827,68680,77658,76902,76364,76891,76480,66384,65663,65834,66275,65722
460,1,0,-1,76758,76354,75529,75528,76136,69410,68216,68755,68329,68206,77071,76302,75767,76287,75878,65921,65192,65378,65809,65252
461,0,0,-1,77345,76927,76095,76085,76724,69862,68682,69216,68786,68663,77646,76889,76348,76864,76446,66361,65637,65821,66252,65703
462,1,0,-1,76771,76363,75538,75516,76119,69417,68235,68757,68332,68204,77090,76320,75789,76302,75889,65930,65210,65381,65810,65259
463,0,0,-1,77351,76932,76106,76077,76693,69874,68692,69214,68783,68663,77672,76901,76349,76884,76456,66375,65661,65831,66264,65718
464,1,0,-1,76748,76362,75530,75522,76121,69421,68227,68750,68349,68221,77080,76287,75769,76271,75894,65928,65202,65383,65807,65262
465,0,0,-1,77343,76939,76106,76093,76712,69875,68690,69212,68817,68686,77662,76882,76359,76857,76470,66382,65652,65840,66253,65721
466,1,0,-1,76759,76350,75515,75508,76135,69416,68230,68754,68335,68216,77089,76312,75794,76284,75890,65925,65210,65383,65797,65257
467,0,0,-1,77343,76941,76099,76081,76715,69880,68704,69224,68812,68691,77676,76891,76383,76873,76458,66383,65668,65832,66248,65711
468,1,0,-1,76763,76352,75523,75514,76128,69417,68229,68743,68344,68225,77075,76307,75775,76280,75893,65922,65183,65380,65799,65258
469,0,0,-1,77362,76941,76104,76102,76719,69881,68698,69212,68825,68695,77663,76899,76367,76871,76475,66380,65650,65839,66262,65728
470,1,0,-1,76769,76341,75549,75518,76134,69411,68242,68757,68358,68224,77086,76315,75797,76298,75881,65923,65208,65386,65799,65254
471,0,0,-1,77368,76925,76131,76083,76717,69876,68705,69218,68836,68691,77672,76897,76383,76893,76466,66377,65667,65845,66251,65724
472,1,0,-1,76773,76335,75537,75499,76126,69408,68221,68754,68354,68198,77091,76312,75781,76305,75891,65925,65177,65383,65793,65260
473,0,0,-1,77358,76930,76106,76072,76713,69873,68707,69221,68824,68683,77680,76912,76371,76889,76469,66366,65636,65839,66260,65711
474,1,0,-1,76782,76366,75525,75519,76156,69417,68230,68759,68367,68226,77103,76340,75798,76286,75909,65929,65207,65402,65790,65275
475,0,0,-1,77374,76957,76103,76093,76735,69873,68689,69216,68824,68680,77676,76916,76383,76869,76485,66372,65651,65846,66240,65723
476,1,0,-1,76763,76347,75515,75509,76125,69391,68221,68757,68346,68187,77068,76304,75799,76295,75888,65910,65182,65376,65786,65252
477,0,0,-1,77361,76930,76099,76091,76728,69864,68695,69230,68818,68665,77660,76896,76396,76888,76469,66374,65646,65852,66255,65727
478,1,0,-1,76744,76356,75516,75520,76124,69406,68225,68750,68351,68202,77088,76335,75784,76278,75897,65924,65198,65379,65793,65254
479,0,0,-1,77337,76941,76095,76088,76711,69863,68697,69219,68819,68665,77677,76926,76375,76866,76472,66376,65648,65830,66258,65711
480,1,0,-1,76776,76376,75523,75513,76152,69422,68243,68768,68356,68209,77091,76329,75784,76301,75897,65930,65206,65395,65788,65271
481,0,0,-1,77371,76957,76112,76094,76742,69889,68723,69236,68824,68686,77692,76922,76378,76897,76480,66402,65678,65855,66258,65729
482,1,0,-1,76748,76368,75523,75529,76131,69403,68223,68756,68359,68216,77095,76339,75781,76297,75892,65930,65192,65402,65797,65267
483,0,0,-1,77335,76948,76098,76099,76716,69868,68678,69222,68827,68679,77660,76916,76364,76867,76461,66386,65638,65852,66249,65712
484,1,0,-1,76762,76365,75537,75524,76121,69420,68227,68769,68350,68235,77084,76324,75786,76280,75888,65929,65194,65395,65805,65268
485,0,0,-1,77350,76951,76103,76091,76712,69882,68694,69228,68812,68701,77664,76917,76361,76876,76457,66378,65638,65855,66272,65734
486,1,0,-1,76778,76381,75550,75547,76154,69433,68236,68766,68370,68239,77078,76332,75790,76303,75888,65931,65191,65399,65815,65281
487,0,0,-1,77366,76952,76107,76101,76727,69882,68692,69235,68834,68697,77661,76914,76362,76882,76447,66376,65638,65848,66260,65738
488,1,0,-1,76760,76354,75518,75527,76130,69419,68232,68761,68363,68238,77089,76325,75777,76295,75878,65935,65176,65395,65807,65273
489,0,0,-1,77359,76946,76109,76106,76723,69880,68703,69217,68832,68706,77677,76901,76365,76897,76460,66379,65647,65861,66273,65737
490,1,0,-1,76774,76368,75517,75535,76134,69414,68238,68762,68335,68218,77087,76324,75766,76297,75882,65923,65190,65376,65782,65257
491,0,0,-1,77356,76941,76090,76101,76714,69866,68705,69223,68813,68691,77656,76898,76359,76889,76452,66377,65648,65832,66241,65724
492,1,0,-1,76783,76389,75537,75534,76143,69418,68245,68764,68344,68224,77069,76324,75785,76305,75895,65928,65203,65380,65809,65257
493,0,0,-1,77370,76963,76094,76113,76721,69886,68705,69222,68820,68702,77670,76904,76375,76905,76466,66382,65657,65833,66272,65714
494,1,0,-1,76774,76383,75546,75540,76141,69417,68248,68759,68348,68224,77090,76328,75796,76298,75905,65940,65209,65402,65834,65265
495,0,0,-1,77359,76946,76095,76097,76718,69862,68702,69212,68805,68682,77647,76905,76366,76877,76456,66382,65655,65836,66271,65719
496,1,0,-1,76759,76344,75509,75522,76109,69401,68221,68743,68347,68196,77066,76309,75762,76286,75866,65923,65180,65360,65769,65245
497,0,0,-1,77345,76920,76079,76078,76699,69852,68687,69203,68801,68654,77633,76886,76341,76872,76434,66371,65633,65812,66210,65684
498,1,0,-1,76767,76363,75517,75500,76123,69396,68206,68745,68342,68191,77069,76318,75777,76299,75866,65930,65200,65367,65790,65259
499,0,0,-1,77349,76948,76085,76074,76692,69861,68670,69206,68798,68646,77652,76877,76354,76879,76441,66376,65649,65811,66241,65715
500,1,0,-1,76747,76362,75523,75502,76127,69398,68194,68746,68330,68199,77067,76293,75766,76286,75881,65918,65169,65363,65771,65250
501,0,0,-1,77346,76947,76109,76074,76707,69866,68664,69221,68802,68677,77662,76888,76360,76868,76464,66372,65621,65826,66221,65702
502,1,0,-1,76780,76374,75544,75522,76145,69411,68219,68765,68374,68215,77100,76317,75810,76309,75882,65939,65193,65395,65795,65268
503,0,0,-1,77355,76947,76111,76094,76717,69869,68679,69222,68822,68686,77665,76890,76380,76881,76456,66380,65632,65830,66245,65716
504,1,0,-1,76746,76348,75509,75507,76123,69402,68201,68738,68332,68202,77078,76307,75794,76266,75883,65908,65184,65370,65775,65254
505,0,0,-1,77339,76926,76078,76078,76695,69863,68667,69201,68808,68666,77658,76881,76362,76850,76453,66347,65628,65822,66231,65701
506,1,0,-1,76768,76349,75534,75526,76125,69411,68221,68763,68362,68225,77088,76316,75808,76305,75896,65926,65201,65389,65794,65272
507,0,0,-1,77361,76919,76098,76081,76709,69865,68674,69231,68833,68690,77661,76911,76390,76879,76467,66373,65652,65836,66244,65734
508,1,0,-1,76749,76339,75515,75518,76126,69417,68213,68754,68349,68223,77066,76311,75794,76298,75881,65923,65191,65372,65794,65278
509,0,0,-1,77339,76929,76087,76085,76709,69877,68683,69214,68821,68684,77658,76910,76371,76880,76460,66379,65638,65829,66242,65730
510,1,0,-1,76767,76345,75529,75524,76125,69416,68215,68743,68358,68238,77075,76321,75785,76279,75877,65924,65174,65379,65792,65264
511,0,0,-1,77335,76910,76098,76086,76710,69870,68679,69195,68821,68690,77644,76892,76354,76857,76437,66360,65607,65827,66239,65716
512,1,0,-1,76755,76321,75528,75502,76119,69401,68223,68742,68328,68197,77074,76298,75781,76262,75856,65914,65174,65375,65790,65259
513,0,0,-1,77346,76909,76106,76076,76714,69854,68687,69215,68806,68669,77660,76885,76369,76855,76442,66388,65637,65829,66245,65713
514,1,0,-1,76744,76350,75509,75527,76130,69410,68233,68760,68353,68221,77082,76316,75787,76286,75864,65928,65184,65375,65785,65270
515,0,0,-1,77332,76914,76076,76087,76698,69869,68688,69216,68805,68674,77649,76881,76354,76851,76435,66366,65617,65820,66234,65708
516,1,0,-1,76765,76352,75515,75513,76127,69409,68238,68748,68342,68206,77080,76307,75771,76294,75867,65942,65177,65370,65787,65256
517,0,0,-1,77338,76915,76097,76087,76700,69874,68704,69216,68819,68671,77635,76877,76343,76875,76443,66386,65624,65831,66242,65708
518,1,0,-1,76763,76357,75526,75533,76123,69414,68240,68755,68344,68221,77083,76315,75781,76295,75890,65925,65184,65399,65789,65273
519,0,0,-1,77354,76934,76103,76100,76705,69866,68709,69222,68814,68681,77651,76887,76354,76882,76463,66379,65629,65852,66242,65725
520,1,0,-1,76763,76361,75509,75520,76117,69422,68232,68752,68346,68206,77078,76311,75769,76298,75876,65935,65196,65387,65789,65261
521,0,0,-1,77349,76935,76095,76104,76714,69873,68697,69217,68812,68669,77648,76880,76355,76890,76447,66382,65647,65838,66244,65715
522,1,0,-1,76752,76328,75526,75520,76117,69420,68230,68750,68338,68205,77086,76297,75782,76294,75882,65924,65178,65382,65804,65264
523,0,0,-1,77351,76912,76107,76108,76710,69879,68692,69223,68815,68688,77669,76895,76369,76876,76456,66371,65636,65841,66260,65725
524,1,0,-1,76761,76347,75533,75530,76128,69411,68229,68756,68333,68221,77096,76325,75774,76294,75895,65929,65187,65377,65797,65272
525,0,0,-1,77341,76918,76099,76093,76716,69857,68683,69218,68782,68677,77662,76882,76359,76870,76458,66368,65635,65826,66254,65717
526,1,0,-1,76768,76359,75520,75548,76142,69408,68224,68774,68347,68237,77085,76320,75777,76300,75901,65925,65190,65396,65808,65272
527,0,0,-1,77348,76934,76088,76101,76713,69864,68677,69233,68804,68698,77664,76890,76348,76875,76465,66371,65642,65846,66244,65720
528,1,0,-1,76747,76351,75528,75541,76121,69399,68211,68750,68343,68205,77097,76316,75765,76287,75884,65920,65189,65386,65810,65266
529,0,0,-1,77333,76916,76096,76109,76698,69861,68680,69204,68807,68667,77668,76879,76344,76869,76458,66371,65636,65842,66255,65726
530,1,0,-1,76744,76351,75536,75536,76117,69404,68219,68745,68342,68211,77052,76315,75769,76279,75887,65920,65189,65377,65806,65262
531,0,0,-1,77329,76932,76105,76109,76704,69867,68687,69213,68803,68682,77642,76895,76354,76867,76463,66374,65643,65839,66261,65717
532,1,0,-1,76749,76341,75528,75521,76117,69410,68224,68734,68327,68199,77087,76294,75759,76270,75884,65932,65180,65374,65780,65264
533,0,0,-1,77332,76919,76108,76086,76693,69871,68684,69203,68790,68668,77650,76871,76334,76847,76455,66377,65634,65823,66237,65712
534,1,0,-1,76747,76348,75507,75506,76105,69408,68225,68739,68333,68196,77073,76286,75748,76262,75878,65899,65170,65371,65764,65253
535,0,0,-1,77359,76951,76103,76098,76716,69888,68716,69230,68819,68678,77688,76895,76361,76875,76472,66371,65651,65853,66249,65731
536,1,0,-1,76740,76360,75511,75514,76138,69406,68219,68756,68331,68202,77087,76296,75772,76278,75877,65917,65160,65389,65765,65254
537,0,0,-1,77347,76939,76076,76089,76727,69872,68680,69221,68804,68670,77666,76893,76361,76873,76451,66370,65618,65836,66230,65705
538,1,0,-1,76748,76330,75519,75512,76127,69403,68219,68722,68342,68196,77081,76299,75768,76280,75881,65923,65172,65379,65792,65269
539,0,0,-1,77351,76922,76099,76081,76713,69874,68698,69207,68817,68683,77670,76889,76355,76877,76461,66385,65637,65841,66262,65731
540,1,0,-1,76768,76358,75526,75518,76146,69410,68222,68753,68343,68217,77083,76301,75789,76293,75897,65947,65202,65391,65816,65278
541,0,0,-1,77363,76928,76104,76091,76733,69864,68679,69217,68828,68686,77665,76897,76375,76877,76468,66404,65654,65844,66260,65738
542,1,0,-1,76768,76352,75533,75522,76130,69406,68230,68762,68353,68228,77089,76316,75781,76294,75889,65933,65199,65393,65797,65292
543,0,0,-1,77363,76922,76100,76085,76705,69866,68684,69215,68812,68693,77661,76884,76366,76869,76457,66378,65642,65831,66250,65743
544,1,0,-1,76750,76326,75527,75499,76114,69400,68209,68744,68324,68211,77097,76292,75765,76274,75867,65913,65173,65377,65777,65246
545,0,0,-1,77341,76908,76115,76073,76716,69871,68679,69229,68799,68681,77688,76887,76352,76865,76453,66384,65646,65838,66247,65719
546,1,0,-1,76748,76344,75510,75511,76111,69394,68215,68747,68342,68206,77088,76282,75780,76274,75886,65929,65186,65377,65788,65254
547,0,0,-1,77369,76945,76109,76100,76716,69884,68708,69229,68822,68688,77690,76885,76382,76888,76484,66401,65657,65855,66263,65732
548,1,0,-1,76756,76344,75527,75524,76130,69399,68220,68756,68351,68204,77091,76297,75778,76280,75887,65932,65180,65374,65796,65261
549,0,0,-1,77356,76931,76118,76105,76724,69879,68693,69238,68834,68686,77685,76904,76380,76891,76483,66395,65645,65845,66267,65740
550,1,0,-1,76751,76331,75504,75513,76134,69410,68221,68756,68332,68205,77068,76303,75764,76279,75871,65921,65189,65376,65800,65264
551,0,0,-1,77344,76916,76083,76091,76719,69865,68690,69212,68809,68676,77651,76888,76361,76867,76454,66375,65642,65834,66267,65721
552,1,0,-1,76762,76333,75514,75520,76138,69407,68223,68750,68337,68187,77105,76301,75761,76275,75867,65917,65188,65364,65780,65263
553,0,0,-1,77341,76916,76089,76090,76720,69863,68684,69211,68804,68652,77687,76882,76341,76854,76454,66363,65644,65807,66234,65718
554,1,0,-1,76743,76314,75516,75518,76117,69389,68242,68751,68332,68205,77076,76306,75770,76262,75873,65922,65185,65375,65799,65254
555,0,0,-1,77329,76891,76095,76090,76697,69845,68702,69217,68790,68669,77670,76888,76351,76849,76449,66363,65635,65815,66255,65705
556,1,0,-1,76768,76331,75528,75531,76126,69411,68238,68767,68353,68206,77090,76298,75776,76281,75894,65933,65199,65376,65797,65258
557,0,0,-1,77371,76904,76097,76103,76712,69868,68702,69235,68826,68677,77672,76893,76359,76853,76477,66377,65639,65831,66242,65709
558,1,0,-1,76775,76334,75546,75533,76124,69427,68240,68765,68335,68228,77096,76310,75788,76297,75901,65924,65197,65377,65793,65268
559,0,0,-1,77334,76896,76098,76081,76686,69864,68678,69204,68800,68659,77665,76878,76356,76862,76453,66356,65631,65814,66228,65703
560,1,0,-1,76750,76311,75522,75496,76117,69404,68219,68758,68320,68201,77063,76294,75763,76276,75864,65917,65165,65360,65778,65246
561,0,0,-1,77335,76891,76086,76057,76697,69853,68678,69209,68786,68656,77649,76868,76339,76857,76438,66359,65614,65820,66235,65694
562,1,0,-1,76743,76310,75526,75518,76119,69400,68217,68740,68315,68214,77086,76295,75759,76258,75879,65907,65171,65371,65780,65257
563,0,0,-1,77350,76901,76114,76111,76720,69869,68701,69215,68797,68689,77667,76885,76364,76862,76471,66378,65647,65839,66249,65730
564,1,0,-1,76774,76349,75526,75529,76148,69423,68223,68754,68333,68214,77095,76309,75780,76290,75894,65931,65191,65389,65806,65278
565,0,0,-1,77364,76926,76099,76091,76735,69889,68706,69235,68801,68693,77686,76899,76379,76879,76470,66389,65663,65837,66267,65758
566,1,0,-1,76767,76352,75527,75516,76142,69429,68231,68759,68353,68225,77095,76305,75775,76278,75886,65925,65205,65384,65818,65281
567,0,0,-1,77348,76915,76081,76064,76702,69870,68687,69205,68799,68679,77654,76879,76337,76843,76441,66371,65639,65820,66255,65725
568,1,0,-1,76767,76339,75543,75522,76137,69420,68230,68760,68332,68213,77089,76317,75785,76269,75874,65935,65194,65383,65807,65276
569,0,0,-1,77361,76921,76114,76102,76734,69884,68699,69231,68813,68682,77678,76904,76361,76864,76460,66390,65660,65841,66272,65752
570,1,0,-1,76787,76359,75540,75518,76139,69415,68226,68769,68345,68210,77105,76317,75783,76280,75909,65930,65205,65376,65802,65278
571,0,0,-1,77372,76937,76112,76088,76720,69887,68682,69230,68825,68672,77688,76906,76368,76861,76481,66382,65642,65826,66250,65738
572,1,0,-1,76754,76346,75518,75523,76122,69399,68216,68750,68344,68196,77093,76306,75756,76279,75893,65904,65189,65365,65790,65281
573,0,0,-1,77348,76901,76091,76078,76719,69858,68673,69205,68798,68661,77664,76893,76334,76856,76452,66344,65634,65803,66228,65727
574,1,0,-1,76756,76342,75532,75518,76145,69411,68223,68737,68328,68200,77091,76324,75773,76282,75876,65921,65185,65386,65789,65265
575,0,0,-1,77359,76918,76102,76094,76719,69875,68687,69209,68802,68665,77677,76903,76359,76865,76442,66374,65651,65839,66238,65725
576,1,0,-1,76769,76328,75531,75529,76131,69401,68205,68763,68342,68199,77092,76301,75791,76273,75880,65918,65211,65371,65795,65279
577,0,0,-1,77350,76913,76118,76096,76726,69871,68670,69231,68813,68674,77677,76896,76380,76857,76474,66385,65672,65848,66257,65727
578,1,0,-1,76759,76346,75536,75534,76123,69422,68207,68759,68337,68202,77088,76315,75783,76274,75895,65916,65198,65391,65813,65269
579,0,0,-1,77349,76916,76104,76088,76716,69868,68666,69223,68782,68656,77648,76895,76365,76845,76461,66365,65639,65828,66263,65718
580,1,0,-1,76770,76350,75522,75532,76141,69416,68218,68765,68337,68211,77076,76309,75760,76284,75894,65933,65197,65395,65809,65277
581,0,0,-1,77344,76934,76096,76097,76717,69865,68681,69229,68795,68678,77662,76898,76354,76860,76465,66389,65645,65843,66262,65738
582,1,0,-1,76771,76381,75531,75517,76140,69415,68228,68754,68350,68208,77062,76320,75771,76278,75905,65946,65206,65375,65795,65292
583,0,0,-1,77342,76935,76092,76073,76698,69874,68679,69213,68805,68673,77650,76890,76359,76858,76460,66381,65649,65818,66245,65736
584,1,0,-1,76745,76363,75530,75510,76120,69410,68225,68756,68322,68205,77068,76307,75779,76275,75895,65922,65191,65388,65789,65272
585,0,0,-1,77341,76944,76101,76085,76711,69875,68701,69225,68799,68669,77634,76896,76363,76869,76466,66378,65637,65848,66248,65726
586,1,0,-1,76766,76352,75538,75529,76132,69411,68218,68767,68346,68215,77087,76325,75776,76280,75894,65935,65204,65401,65804,65283
587,0,0,-1,77363,76922,76101,76087,76707,69866,68679,69225,68799,68678,77651,76907,76346,76855,76459,66382,65645,65845,66261,65736
588,1,0,-1,76763,76342,75532,75521,76130,69408,68212,68750,68346,68195,77063,76324,75761,76276,75892,65929,65191,65382,65788,65267
589,0,0,-1,77357,76916,76107,76075,76707,69869,68670,69223,68807,68678,77642,76902,76334,76863,76447,66376,65642,65837,66242,65716
590,1,0,-1,76771,76352,75542,75536,76128,69419,68241,68765,68336,68213,77081,76309,75772,76285,75884,65912,65203,65376,65796,65278
591,0,0,-1,77368,76941,76127,76104,76726,69888,68702,69233,68823,68684,77662,76890,76372,76876,76484,66383,65657,65846,66272,65732
592,1,0,-1,76768,76355,75506,75530,76125,69405,68195,68764,68327,68203,77080,76295,75750,76263,75884,65927,65192,65377,65775,65250
593,0,0,-1,77346,76929,76088,76089,76700,69854,68660,69216,68784,68659,77656,76872,76335,76847,76452,66370,65644,65826,66233,65708
594,1,0,-1,76763,76345,75521,75529,76122,69400,68226,68755,68325,68190,77088,76304,75752,76268,75871,65914,65176,65367,65805,65272
595,0,0,-1,77363,76928,76098,76108,76707,69861,68688,69223,68794,68653,77673,76897,76357,76849,76456,66362,65626,65828,66261,65724
596,1,0,-1,76775,76353,75522,75541,76137,69413,68232,68747,68328,68208,77072,76314,75769,76279,75883,65923,65211,65381,65798,65266
597,0,0,-1,77361,76928,76099,76094,76718,69859,68682,69211,68802,68668,77645,76890,76351,76859,76454,66369,65643,65820,66250,65712
598,1,0,-1,76730,76330,75494,75493,76108,69376,68194,68730,68308,68162,77044,76277,75746,76251,75838,65890,65152,65337,65764,65243
599,0,0,-1,77323,76922,76086,76080,76709,69844,68670,69194,68783,68640,77633,76867,76332,76840,76436,66347,65623,65797,66236,65694
600,1,0,-1,76779,76359,75545,75539,76150,69409,68216,68777,68337,68195,77075,76334,75785,76288,75885,65925,65216,65400,65790,65280
601,0,0,-1,77373,76934,76122,76108,76742,69873,68679,69235,68830,68667,77662,76922,76379,76881,76466,66384,65669,65848,66251,65743
602,1,0,-1,76762,76331,75530,75525,76129,69390,68211,68744,68344,68197,77060,76300,75768,76279,75877,65907,65168,65368,65770,65257
603,0,0,-1,77350,76915,76114,76107,76726,69856,68682,69211,68807,68675,77643,76894,76357,76874,76448,66369,65627,65836,66246,65723
604,1,0,-1,76779,76367,75527,75537,76134,69413,68218,68768,68349,68203,77088,76314,75777,76290,75880,65916,65213,65393,65806,65263
605,0,0,-1,77363,76938,76101,76107,76724,69871,68693,69221,68813,68670,77662,76893,76363,76874,76464,66363,65648,65832,66256,65714
606,1,0,-1,76770,76358,75520,75542,76148,69424,68243,68763,68351,68226,77101,76324,75783,76293,75905,65928,65204,65394,65806,65261
607,0,0,-1,77356,76936,76092,76111,76727,69882,68702,69230,68818,68686,77683,76899,76366,76878,76478,66377,65655,65843,66256,65718
608,1,0,-1,76767,76357,75541,75533,76132,69419,68226,68754,68335,68214,77094,76325,75775,76278,75907,65912,65186,65384,65799,65264
609,0,0,-1,77330,76917,76092,76082,76707,69864,68685,69207,68788,68674,77643,76889,76341,76848,76461,66348,65631,65822,66247,65709
610,1,0,-1,76756,76366,75516,75531,76128,69405,68227,68762,68337,68211,77078,76316,75765,76273,75894,65914,65202,65392,65804,65272
611,0,0,-1,77371,76941,76111,76107,76731,69887,68709,69244,68825,68687,77684,76906,76368,76868,76484,66388,65656,65855,66270,65743
612,1,0,-1,76767,76351,75527,75515,76136,69419,68225,68753,68319,68204,77097,76317,75779,76282,75896,65933,65186,65386,65776,65253
613,0,0,-1,77353,76932,76100,76097,76728,69868,68694,69221,68795,68654,77658,76894,76359,76869,76463,66376,65638,65830,66236,65706
614,1,0,-1,76759,76352,75520,75535,76136,69420,68225,68761,68344,68198,77083,76331,75778,76295,75888,65924,65187,65389,65797,65272
615,0,0,-1,77353,76941,76097,76106,76729,69887,68703,69224,68809,68669,77679,76905,76367,76879,76468,66375,65636,65831,66269,65725
616,1,0,-1,76751,76342,75519,75528,76124,69395,68230,68760,68331,68188,77069,76302,75769,76266,75867,65888,65190,65359,65762,65257
617,0,0,-1,77340,76925,76093,76101,76718,69861,68692,69220,68785,68660,77661,76893,76356,76851,76444,66344,65640,65818,66226,65716
618,1,0,-1,76757,76347,75527,75513,76123,69397,68216,68757,68333,68197,77075,76317,75782,76278,75882,65907,65171,65366,65787,65272
619,0,0,-1,77343,76912,76090,76064,76691,69850,68681,69208,68786,68644,77645,76888,76341,76843,76442,66351,65624,65813,66221,65711
620,1,0,-1,76765,76345,75521,75532,76128,69415,68226,68760,68336,68206,77073,76305,75777,76272,75872,65915,65186,65381,65797,65277
621,0,0,-1,77370,76952,76104,76112,76728,69882,68702,69231,68808,68673,77674,76901,76371,76867,76468,66380,65642,65840,66254,65741
622,1,0,-1,76765,76363,75508,75519,76123,69401,68221,68755,68350,68208,77073,76314,75774,76265,75888,65916,65177,65383,65788,65284
623,0,0,-1,77349,76936,76088,76088,76702,69868,68677,69221,68815,68673,77651,76901,76363,76849,76461,66360,65625,65835,66246,65721
624,1,0,-1,76782,76355,75557,75525,76143,69412,68238,68771,68363,68233,77082,76312,75794,76288,75900,65927,65179,65379,65806,65271
625,0,0,-1,77379,76940,76133,76102,76734,69884,68712,69242,68827,68703,77672,76906,76382,76871,76477,66387,65644,65843,66267,65728
626,1,0,-1,76782,76381,75549,75549,76152,69420,68240,68770,68371,68235,77085,76346,75801,76291,75900,65943,65201,65397,65811,65282
627,0,0,-1,77354,76932,76105,76105,76716,69855,68686,69229,68809,68677,77646,76904,76375,76849,76455,66372,65643,65843,66256,65731
628,1,0,-1,76767,76346,75521,75503,76129,69389,68197,68731,68318,68204,77057,76302,75758,76270,75878,65901,65173,65366,65780,65234
629,0,0,-1,77373,76939,76093,76088,76719,69854,68663,69202,68800,68682,77664,76908,76358,76868,76447,66369,65633,65829,66240,65712
630,1,0,-1,76783,76371,75532,75532,76142,69417,68216,68760,68324,68219,77077,76323,75772,76287,75898,65917,65182,65376,65788,65251
631,0,0,-1,77372,76953,76102,76103,76739,69873,68686,69219,68789,68676,77665,76904,76355,76861,76473,66376,65632,65837,66253,65721
632,1,0,-1,76761,76346,75526,75516,76129,69397,68210,68749,68319,68190,77060,76316,75758,76262,75889,65897,65171,65357,65789,65250
633,0,0,-1,77356,76937,76095,76098,76716,69857,68679,69223,68788,68657,77656,76900,76341,76849,76475,66357,65625,65822,66256,65707
634,1,0,-1,76771,76359,75520,75530,76126,69418,68217,68767,68339,68205,77084,76332,75771,76287,75900,65932,65189,65375,65797,65276
635,0,0,-1,77382,76971,76118,76109,76732,69890,68699,69249,68829,68693,77688,76941,76373,76888,76494,66389,65661,65848,66271,65754
636,1,0,-1,76766,76360,75525,75521,76139,69398,68210,68747,68326,68197,77075,76324,75760,76272,75891,65905,65183,65373,65780,65261
637,0,0,-1,77365,76959,76115,76092,76738,69879,68692,69228,68801,68688,77679,76920,76360,76861,76474,66373,65645,65841,66254,65729
638,1,0,-1,76784,76378,75542,75554,76159,69419,68233,68775,68344,68219,77099,76322,75774,76295,75925,65926,65198,65398,65799,65261
639,0,0,-1,77371,76956,76117,76122,76738,69885,68700,69243,68830,68683,77671,76909,76365,76875,76499,66373,65662,65855,66270,65725
640,1,0,-1,76766,76345,75514,75516,76134,69399,68213,68751,68321,68193,77074,76309,75761,76280,75890,65917,65184,65370,65776,65239
641,0,0,-1,77371,76932,76087,76096,76724,69859,68674,69216,68789,68650,77649,76901,76351,76868,76476,66377,65654,65832,66240,65708
642,1,0,-1,76778,76370,75536,75533,76138,69405,68240,68749,68336,68216,77069,76318,75760,76283,75901,65934,65189,65381,65795,65266
643,0,0,-1,77360,76953,76107,76092,76724,69862,68690,69212,68805,68686,77660,76901,76345,76871,76481,66382,65630,65841,66244,65707
644,1,0,-1,76748,76370,75517,75525,76143,69408,68217,68748,68327,68229,77075,76319,75776,76284,75901,65923,65183,65390,65796,65256
645,0,0,-1,77347,76950,76098,76097,76725,69871,68686,69220,68802,68705,77666,76915,76367,76882,76486,66380,65637,65849,66264,65715
646,1,0,-1,76772,76365,75530,75543,76135,69419,68234,68757,68340,68214,77084,76341,75786,76279,75897,65921,65191,65390,65807,65260
647,0,0,-1,77374,76954,76118,76114,76732,69884,68711,69225,68806,68686,77672,76920,76384,76868,76475,66386,65654,65848,66267,65712
648,1,0,-1,76766,76341,75529,75525,76143,69394,68206,68757,68306,68206,77081,76324,75775,76291,75906,65932,65183,65381,65776,65246
649,0,0,-1,77349,76920,76108,76095,76722,69863,68682,69219,68783,68671,77671,76897,76360,76878,76475,66380,65628,65838,66230,65702
650,1,0,-1,76775,76366,75546,75539,76131,69416,68218,68755,68332,68216,77092,76344,75789,76280,75896,65918,65185,65384,65798,65263
651,0,0,-1,77355,76940,76106,76084,76708,69867,68680,69204,68796,68672,77667,76902,76357,76856,76453,66365,65631,65835,66255,65714
652,1,0,-1,76758,76352,75519,75518,76123,69387,68213,68736,68322,68195,77065,76311,75760,76276,75861,65901,65175,65373,65774,65252
653,0,0,-1,77339,76924,76096,76080,76701,69838,68669,69203,68785,68668,77657,76890,76344,76860,76429,66348,65621,65822,66228,65710
654,1,0,-1,76781,76376,75546,75536,76146,69429,68246,68773,68344,68223,77095,76342,75792,76301,75919,65923,65200,65396,65810,65267
655,0,0,-1,77363,76942,76102,76082,76711,69895,68694,69221,68803,68672,77673,76911,76362,76875,76468,66368,65644,65837,66262,65720
656,1,0,-1,76766,76361,75537,75538,76132,69417,68217,68757,68344,68223,77092,76317,75773,76283,75878,65911,65187,65391,65795,65262
657,0,0,-1,77347,76939,76097,76095,76710,69870,68675,69202,68795,68683,77653,76892,76341,76860,76442,66358,65640,65836,66239,65707
658,1,0,-1,76784,76361,75544,75569,76148,69440,68234,68751,68367,68227,77093,76332,75779,76310,75914,65919,65193,65391,65817,65286
659,0,0,-1,77375,76956,76115,76130,76726,69907,68693,69226,68834,68696,77655,76914,76362,76887,76477,66381,65647,65845,66275,65740
660,1,0,-1,76777,76363,75532,75538,76131,69420,68226,68751,68319,68216,77071,76323,75791,76289,75895,65921,65201,65383,65793,65253
661,0,0,-1,77371,76956,76113,76112,76721,69890,68698,69229,68788,68699,77659,76906,76378,76875,76462,66386,65670,65850,66254,65724
662,1,0,-1,76753,76357,75513,75527,76132,69408,68208,68743,68324,68212,77048,76314,75779,76288,75877,65918,65183,65395,65792,65248
663,0,0,-1,77357,76958,76127,76121,76741,69900,68702,69224,68823,68694,77663,76920,76396,76898,76492,66390,65661,65862,66274,65729
664,1,0,-1,76765,76352,75535,75528,76123,69408,68219,68757,68331,68222,77066,76320,75784,76278,75887,65924,65191,65391,65791,65277
665,0,0,-1,77346,76925,76110,76102,76705,69871,68682,69227,68797,68680,77652,76898,76372,76860,76468,66376,65640,65840,66250,65732
666,1,0,-1,76764,76365,75518,75521,76127,69397,68205,68752,68339,68207,77072,76312,75780,76285,75890,65929,65188,65386,65793,65271
667,0,0,-1,77351,76938,76096,76090,76703,69862,68662,69212,68807,68667,77650,76892,76367,76875,76465,66370,65636,65827,66244,65721
668,1,0,-1,76779,76358,75530,75541,76131,69416,68216,68751,68330,68222,77075,76323,75783,76297,75887,65932,65177,65379,65814,65274
669,0,0,-1,77368,76951,76095,76120,76713,69878,68689,69221,68801,68682,77648,76904,76365,76879,76469,66376,65631,65832,66265,65727
670,1,0,-1,76773,76364,75529,75527,76120,69405,68211,68744,68318,68195,77064,76323,75768,76281,75876,65929,65168,65381,65791,65281
671,0,0,-1,77356,76949,76107,76109,76709,69866,68684,69209,68787,68673,77652,76911,76356,76873,76451,66376,65617,65837,66261,65732
672,1,0,-1,76772,76352,75525,75514,76121,69395,68207,68752,68335,68205,77081,76298,75758,76281,75875,65910,65154,65370,65773,65265
673,0,0,-1,77352,76939,76110,76084,76700,69859,68678,69215,68807,68672,77658,76891,76339,76864,76448,66363,65619,65831,66237,65727
674,1,0,-1,76774,76362,75505,75520,76128,69401,68213,68752,68333,68205,77087,76308,75764,76278,75883,65896,65185,65388,65794,65266
675,0,0,-1,77369,76938,76069,76092,76716,69861,68674,69221,68794,68671,77658,76898,76354,76858,76460,66355,65632,65837,66255,65719
676,1,0,-1,76780,76360,75521,75535,76141,69404,68222,68754,68333,68215,77084,76324,75784,76291,75892,65916,65181,65388,65796,65261
677,0,0,-1,77378,76952,76095,76114,76722,69860,68685,69221,68809,68687,77662,76914,76364,76871,76463,66377,65633,65842,66263,65729
678,1,0,-1,76767,76344,75518,75518,76112,69397,68197,68748,68326,68215,77068,76299,75751,76274,75868,65917,65175,65357,65794,65244
679,0,0,-1,77378,76949,76111,76103,76722,69876,68682,69224,68798,68694,77666,76900,76359,76873,76460,66380,65635,65822,66264,65716
680,1,0,-1,76791,76361,75527,75545,76135,69409,68219,68760,68340,68214,77083,76322,75769,76284,75881,65929,65197,65393,65800,65273
681,0,0,-1,77390,76953,76118,76131,76735,69888,68683,69248,68818,68696,77684,76918,76375,76872,76465,66391,65662,65858,66267,65745
682,1,0,-1,76755,76351,75521,75525,76121,69403,68208,68754,68316,68202,77065,76293,75763,76285,75862,65902,65166,65371,65780,65256
683,0,0,-1,77368,76951,76106,76100,76723,69870,68678,69232,68805,68690,77664,76903,76372,76877,76467,66365,65632,65834,66256,65722
684,1,0,-1,76766,76357,75536,75537,76121,69395,68224,68752,68333,68205,77081,76313,75773,76274,75889,65936,65190,65385,65793,65262
685,0,0,-1,77360,76923,76103,76112,76706,69850,68680,69216,68796,68664,77667,76890,76366,76852,76469,66383,65639,65835,66240,65708
686,1,0,-1,76777,76358,75514,75533,76121,69413,68211,68758,68335,68202,77081,76326,75777,76283,75890,65923,65190,65398,65793,65264
687,0,0,-1,77370,76938,76103,76108,76716,69867,68682,69230,68795,68679,77678,76914,76367,76870,76468,66383,65648,65848,66251,65718
688,1,0,-1,76796,76357,75548,75538,76155,69428,68247,68759,68350,68231,77102,76329,75792,76310,75920,65944,65206,65400,65817,65286
689,0,0,-1,77395,76937,76128,76109,76744,69898,68718,69226,68817,68703,77690,76923,76390,76907,76501,66411,65658,65863,66288,65746
690,1,0,-1,76770,76342,75530,75539,76122,69405,68214,68748,68330,68211,77071,76310,75774,76285,75878,65912,65176,65378,65799,65249
691,0,0,-1,77376,76952,76116,76118,76714,69886,68687,69226,68802,68697,77666,76911,76383,76896,76464,66387,65640,65835,66263,65725
692,1,0,-1,76790,76359,75529,75548,76143,69413,68228,68759,68358,68223,77084,76342,75788,76287,75892,65932,65201,65406,65800,65277
693,0,0,-1,77385,76949,76121,76123,76737,69893,68708,69244,68834,68704,77690,76933,76393,76886,76500,66400,65659,65878,66272,65754
694,1,0,-1,76781,76362,75545,75543,76138,69417,68226,68750,68357,68212,77090,76324,75801,76300,75900,65936,65177,65399,65808,65271
695,0,0,-1,77370,76932,76104,76108,76733,69872,68684,69204,68817,68670,77668,76889,76377,76876,76460,66382,65622,65846,66263,65722
696,1,0,-1,76785,76341,75522,75535,76130,69406,68214,68756,68345,68214,77063,76328,75768,76281,75871,65925,65180,65388,65796,65251
697,0,0,-1,77374,76920,76095,76107,76712,69875,68677,69224,68824,68674,77632,76917,76359,76876,76447,66380,65637,65844,66247,65706
698,1,0,-1,76796,76348,75552,75536,76130,69407,68242,68760,68341,68214,77096,76311,75770,76283,75896,65929,65175,65395,65786,65269
699,0,0,-1,77381,76934,76119,76107,76726,69878,68701,69226,68799,68697,77660,76883,76367,76873,76478,66382,65632,65847,66255,65728
700,1,0,-1,76765,76353,75534,75527,76145,69425,68212,68746,68342,68234,77074,76320,75769,76282,75915,65918,65182,65397,65794,65253
701,0,0,-1,77367,76936,76100,76103,76726,69891,68677,69208,68817,68697,77668,76913,76367,76875,76489,66377,65640,65853,66266,65722
702,1,0,-1,76763,76330,75504,75516,76112,69396,68195,68730,68329,68206,77078,76304,75763,76289,75884,65908,65168,65389,65772,65252
703,0,0,-1,77360,76932,76093,76109,76711,69880,68680,69216,68806,68680,77664,76904,76364,76888,76477,66375,65639,65855,66249,65719
704,1,0,-1,76793,76345,75553,75531,76140,69424,68219,68774,68349,68202,77095,76318,75780,76309,75901,65938,65187,65386,65799,65274
705,0,0,-1,77351,76899,76093,76079,76697,69859,68655,69210,68799,68650,77654,76875,76336,76862,76446,66367,65617,65820,66246,65711
706,1,0,-1,76781,76344,75544,75537,76150,69428,68212,68755,68333,68210,77110,76322,75787,76303,75916,65928,65179,65396,65788,65256
707,0,0,-1,77378,76929,76130,76108,76737,69904,68690,69230,68824,68682,77697,76908,76376,76890,76488,66385,65649,65859,66249,65717
708,1,0,-1,76779,76347,75529,75520,76139,69409,68211,68743,68342,68213,77072,76332,75770,76273,75894,65906,65182,65393,65783,65261
709,0,0,-1,77378,76929,76100,76094,76729,69868,68677,69208,68808,68675,77662,76903,76364,76858,76480,66360,65630,65850,66236,65718
710,1,0,-1,76790,76356,75547,75544,76163,69427,68236,68771,68362,68224,77110,76333,75790,76299,75928,65939,65201,65424,65814,65281
711,0,0,-1,77378,76942,76129,76113,76751,69881,68698,69233,68823,68700,77694,76925,76384,76882,76498,66395,65663,65871,66277,65732
712,1,0,-1,76788,76373,75534,75531,76143,69425,68226,68760,68360,68213,77095,76325,75773,76284,75898,65929,65184,65395,65800,65272
713,0,0,-1,77383,76956,76110,76103,76733,69886,68697,69223,68824,68692,77684,76903,76351,76883,76471,66387,65638,65853,66264,65730
714,1,0,-1,76789,76370,75527,75534,76148,69413,68231,68755,68328,68209,77105,76337,75774,76293,75906,65939,65215,65390,65815,65272
715,0,0,-1,77367,76933,76101,76103,76713,69870,68692,69216,68807,68678,77664,76910,76356,76872,76471,66389,65660,65843,66260,65732
716,1,0,-1,76781,76349,75506,75530,76134,69417,68227,68758,68342,68220,77085,76333,75758,76270,75892,65922,65178,65379,65808,65262
717,0,0,-1,77379,76918,76109,76106,76721,69871,68685,69223,68813,68681,77692,76917,76348,76859,76477,66380,65633,65839,66259,65712
718,1,0,-1,76797,76385,75536,75550,76153,69442,68249,68776,68350,68236,77116,76339,75794,76299,75914,65953,65190,65414,65831,65284
719,0,0,-1,77365,76938,76090,76092,76719,69882,68698,69230,68809,68682,77676,76902,76367,76864,76483,66379,65627,65853,66273,65726
720,1,0,-1,76771,76356,75517,75523,76122,69418,68208,68742,68339,68211,77091,76328,75777,76282,75888,65922,65183,65375,65788,65280
721,0,0,-1,77375,76935,76102,76096,76723,69887,68681,69220,68817,68696,77675,76915,76368,76879,76472,66377,65641,65845,66256,65750
722,1,0,-1,76765,76348,75505,75514,76112,69404,68193,68742,68333,68203,77074,76292,75774,76271,75877,65914,65183,65381,65778,65261
723,0,0,-1,77380,76954,76103,76104,76704,69878,68687,69225,68819,68690,77674,76896,76375,76881,76475,66390,65654,65858,66264,65735
724,1,0,-1,76791,76361,75525,75547,76138,69435,68223,68776,68336,68223,77101,76323,75771,76290,75910,65919,65179,65399,65802,65275
725,0,0,-1,77376,76947,76104,76115,76722,69888,68687,69244,68793,68680,77668,76900,76363,76880,76477,66372,65633,65857,66256,65730
726,1,0,-1,76784,76354,75532,75532,76128,69413,68210,68770,68356,68206,77099,76307,75783,76290,75892,65936,65198,65396,65810,65270
727,0,0,-1,77355,76941,76102,76098,76714,69868,68679,69218,68802,68667,77669,76892,76359,76872,76459,66375,65647,65839,66252,65724
728,1,0,-1,76794,76367,75531,75526,76131,69408,68217,68762,68326,68229,77100,76323,75770,76281,75887,65924,65174,65395,65799,65251
729,0,0,-1,77355,76939,76097,76086,76719,69862,68680,69220,68786,68682,77664,76895,76341,76856,76464,66364,65619,65838,66240,65710
730,1,0,-1,76775,76387,75533,75523,76129,69410,68217,68763,68357,68227,77092,76308,75773,76284,75899,65933,65182,65397,65794,65265
731,0,0,-1,77390,76974,76113,76126,76733,69883,68694,69238,68829,68706,77691,76908,76382,76880,76482,66392,65638,65853,66269,65730
732,1,0,-1,76782,76372,75520,75536,76130,69408,68226,68766,68342,68228,77095,76321,75772,76282,75909,65930,65189,65377,65794,65279
733,0,0,-1,77360,76953,76094,76105,76718,69870,68692,69223,68812,68696,77663,76906,76368,76872,76474,66380,65634,65833,66234,65734
734,1,0,-1,76788,76397,75551,75549,76133,69415,68235,68784,68369,68237,77107,76330,75798,76288,75915,65951,65197,65394,65813,65288
735,0,0,-1,77363,76959,76112,76115,76714,69870,68691,69236,68821,68690,77682,76912,76377,76871,76469,66392,65643,65849,66264,65735
736,1,0,-1,76775,76359,75525,75531,76121,69425,68225,68778,68336,68220,77089,76302,75778,76262,75878,65925,65182,65372,65789,65275
737,0,0,-1,77372,76952,76095,76116,76711,69882,68701,69255,68807,68691,77674,76898,76381,76863,76460,66388,65649,65835,66253,65724
738,1,0,-1,76797,76387,75532,75547,76138,69426,68229,68773,68351,68238,77100,76319,75790,76289,75910,65938,65199,65401,65795,65287
739,0,0,-1,77380,76969,76111,76123,76727,69899,68698,69245,68824,68697,77682,76911,76383,76873,76483,66389,65652,65858,66258,65730
740,1,0,-1,76783,76383,75528,75544,76132,69430,68217,68789,68345,68219,77117,76335,75786,76287,75911,65942,65207,65390,65803,65290
741,0,0,-1,77364,76966,76109,76110,76713,69886,68694,69249,68810,68681,77685,76910,76369,76865,76481,66382,65644,65839,66257,65728
742,1,0,-1,76778,76385,75525,75513,76133,69417,68218,68772,68340,68240,77103,76324,75784,76271,75911,65937,65190,65386,65788,65280
743,0,0,-1,77369,76951,76099,76092,76712,69884,68682,69228,68804,68698,77685,76911,76362,76848,76474,66391,65647,65836,66244,65743
744,1,0,-1,76783,76391,75538,75530,76128,69422,68224,68769,68362,68222,77100,76335,75761,76281,75914,65931,65183,65392,65785,65286
745,0,0,-1,77366,76977,76124,76097,76715,69898,68690,69244,68828,68694,77692,76916,76365,76871,76481,66389,65650,65848,66245,65743
746,1,0,-1,76789,76381,75536,75537,76136,69421,68228,68754,68356,68232,77106,76328,75782,76292,75910,65938,65197,65397,65798,65289
747,0,0,-1,77381,76962,76107,76119,76719,69876,68695,69220,68829,68693,77694,76909,76374,76889,76487,66389,65640,65847,66254,65755
748,1,0,-1,76761,76361,75520,75508,76130,69404,68206,68755,68355,68213,77090,76333,75769,76276,75895,65929,65183,65383,65776,65269
749,0,0,-1,77372,76947,76113,76092,76728,69883,68682,69237,68844,68689,77684,76924,76373,76874,76490,66401,65647,65854,66243,65745
750,1,0,-1,76775,76368,75543,75539,76124,69426,68224,68765,68356,68218,77067,76332,75782,76288,75904,65943,65182,65398,65802,65275
751,0,0,-1,77362,76951,76093,76082,76714,69877,68683,69220,68814,68664,77656,76911,76364,76865,76473,66386,65633,65851,66246,65726
752,1,0,-1,76783,76384,75551,75541,76123,69431,68237,68766,68355,68223,77125,76350,75783,76306,75923,65950,65202,65399,65818,65292
753,0,0,-1,77373,76948,76127,76100,76707,69898,68697,69227,68823,68675,77693,76913,76379,76874,76489,66399,65651,65854,66259,65749
754,1,0,-1,76764,76357,75534,75533,76120,69426,68232,68764,68350,68224,77094,76335,75775,76286,75919,65948,65201,65398,65805,65274
755,0,0,-1,77369,76929,76108,76105,76704,69887,68688,69226,68818,68699,77669,76919,76366,76878,76497,66395,65653,65846,66269,65727
756,1,0,-1,76776,76371,75546,75540,76126,69422,68228,68759,68352,68223,77100,76332,75779,76296,75902,65934,65210,65394,65785,65275
757,0,0,-1,77372,76961,76119,76112,76709,69891,68697,69240,68822,68698,77680,76924,76372,76882,76480,66391,65671,65856,66245,65732
758,1,0,-1,76776,76381,75535,75526,76133,69425,68224,68755,68364,68217,77110,76335,75776,76285,75895,65943,65208,65388,65790,65278
759,0,0,-1,77381,76952,76114,76099,76723,69892,68692,69214,68825,68687,77700,76915,76368,76872,76481,66391,65653,65836,66258,65745
760,1,0,-1,76786,76363,75546,75530,76120,69439,68236,68770,68337,68219,77101,76333,75764,76290,75907,65929,65195,65394,65792,65282
761,0,0,-1,77371,76951,76118,76095,76702,69904,68699,69228,68810,68674,77693,76906,76347,76871,76485,66376,65648,65848,66245,65733
762,1,0,-1,76769,76357,75532,75516,76131,69431,68217,68762,68340,68200,77090,76306,75769,76266,75907,65937,65174,65372,65797,65266
763,0,0,-1,77377,76958,76116,76107,76743,69909,68694,69244,68822,68687,77700,76909,76375,76881,76502,66402,65647,65844,66261,65744
764,1,0,-1,76787,76404,75555,75521,76150,69446,68241,68778,68366,68230,77134,76343,75794,76300,75928,65940,65203,65405,65809,65291
765,0,0,-1,77372,76969,76118,76099,76731,69897,68685,69234,68826,68701,77702,76914,76376,76873,76480,66382,65648,65845,66248,65736
766,1,0,-1,76787,76371,75533,75532,76124,69413,68222,68746,68342,68220,77103,76320,75774,76283,75888,65936,65181,65378,65781,65265
767,0,0,-1,77389,76969,76097,76103,76715,69888,68694,69224,68813,68689,77692,76897,76363,76869,76465,66393,65651,65840,66247,65726
768,1,0,-1,76762,76359,75520,75494,76109,69403,68204,68745,68340,68193,77096,76328,75766,76274,75889,65929,65168,65366,65775,65264
769,0,0,-1,77363,76949,76094,76067,76707,69874,68666,69216,68807,68655,77686,76913,76353,76860,76477,66382,65627,65828,66243,65724
770,1,0,-1,76781,76370,75520,75516,76110,69422,68204,68747,68343,68184,77095,76315,75775,76288,75881,65918,65160,65382,65795,65258
771,0,0,-1,77365,76945,76087,76086,76691,69868,68653,69198,68804,68648,77682,76891,76349,76865,76453,66374,65609,65823,66243,65715
772,1,0,-1,76775,76351,75544,75532,76109,69412,68211,68747,68339,68218,77110,76315,75750,76275,75905,65934,65178,65373,65775,65267
773,0,0,-1,77361,76932,76100,76102,76692,69871,68671,69202,68810,68674,77684,76902,76331,76857,76469,66387,65642,65829,66226,65717
774,1,0,-1,76772,76362,75548,75522,76122,69421,68214,68753,68343,68200,77108,76312,75766,76280,75899,65930,65187,65380,65789,65261
775,0,0,-1,77366,76950,76124,76103,76702,69872,68673,69218,68818,68653,77673,76898,76358,76866,76471,66383,65633,65833,66243,65713
776,1,0,-1,76773,76357,75518,75539,76122,69421,68216,68753,68346,68214,77089,76328,75781,76284,75900,65931,65181,65386,65785,65252
777,0,0,-1,77361,76932,76079,76107,76703,69888,68680,69220,68807,68682,77673,76909,76371,76877,76486,66381,65631,65834,66244,65713
778,1,0,-1,76765,76346,75519,75511,76119,69411,68218,68747,68342,68198,77082,76321,75777,76278,75896,65921,65193,65390,65790,65260
779,0,0,-1,77350,76918,76094,76081,76707,69867,68685,69217,68804,68664,77677,76900,76366,76865,76457,66366,65644,65841,66236,65710
780,1,0,-1,76768,76351,75537,75526,76143,69423,68221,68757,68332,68201,77091,76316,75778,76282,75905,65923,65189,65392,65803,65272
781,0,0,-1,77349,76941,76107,76105,76725,69887,68685,69218,68798,68673,77671,76892,76355,76874,76483,66383,65646,65846,66261,65725
782,1,0,-1,76772,76380,75545,75521,76126,69424,68221,68760,68365,68221,77105,76335,75804,76287,75908,65939,65189,65374,65786,65259
783,0,0,-1,77340,76952,76110,76084,76699,69879,68676,69211,68811,68663,77675,76901,76379,76853,76466,66368,65635,65818,66238,65707
784,1,0,-1,76764,76368,75503,75524,76114,69413,68207,68741,68337,68200,77097,76316,75764,76268,75882,65905,65169,65372,65777,65259
785,0,0,-1,77359,76959,76092,76104,76713,69886,68688,69219,68805,68685,77684,76913,76366,76870,76472,66363,65615,65830,66241,65730
786,1,0,-1,76764,76381,75553,75539,76135,69415,68244,68757,68366,68224,77101,76322,75798,76292,75906,65934,65189,65397,65811,65293
787,0,0,-1,77352,76955,76119,76102,76719,69881,68705,69208,68826,68686,77663,76905,76370,76870,76480,66371,65634,65844,66252,65745
788,1,0,-1,76758,76373,75541,75532,76131,69435,68240,68756,68360,68229,77101,76333,75786,76300,75900,65939,65190,65397,65800,65272
789,0,0,-1,77355,76953,76112,76092,76709,69900,68708,69224,68835,68682,77684,76916,76387,76883,76462,66396,65655,65849,66256,65735
790,1,0,-1,76758,76361,75544,75519,76127,69414,68214,68747,68343,68194,77093,76310,75764,76287,75895,65919,65179,65387,65778,65257
791,0,0,-1,77361,76961,76140,76109,76717,69894,68701,69234,68818,68679,77663,76920,76374,76877,76485,66384,65650,65853,66253,65737
792,1,0,-1,76765,76372,75538,75521,76126,69425,68212,68759,68350,68209,77069,76326,75764,76295,75893,65919,65167,65385,65790,65249
793,0,0,-1,77350,76946,76104,76093,76707,69881,68671,69212,68821,68677,77657,76906,76328,76875,76464,66378,65629,65834,66245,65715
794,1,0,-1,76789,76403,75559,75545,76149,69445,68233,68781,68362,68235,77117,76353,75799,76319,75917,65944,65209,65408,65803,65270
795,0,0,-1,77356,76965,76122,76095,76725,69882,68690,69229,68804,68686,77688,76929,76367,76882,76477,66382,65640,65846,66242,65709
796,1,0,-1,76760,76364,75537,75522,76142,69402,68226,68775,68349,68210,77103,76327,75787,76305,75895,65932,65168,65384,65792,65261
797,0,0,-1,77341,76949,76120,76095,76722,69870,68691,69240,68814,68669,77665,76910,76375,76893,76467,66384,65620,65848,66243,65712
798,1,0,-1,76751,76366,75536,75523,76141,69425,68217,68765,68361,68209,77109,76329,75791,76309,75895,65924,65197,65390,65787,65280
799,0,0,-1,77346,76946,76107,76104,76730,69891,68682,69245,68836,68684,77698,76919,76378,76895,76483,66390,65659,65853,66249,65728
800,1,0,-1,76772,76378,75551,75533,76146,69431,68232,68781,68364,68222,77102,76334,75797,76307,75909,65953,65185,65392,65803,65284
801,0,0,-1,77367,76951,76125,76097,76743,69903,68697,69248,68838,68693,77694,76923,76399,76905,76499,66399,65657,65859,66262,65739
802,1,0,-1,76748,76380,75538,75530,76133,69417,68226,68777,68353,68206,77099,76339,75787,76298,75901,65940,65190,65384,65794,65271
803,0,0,-1,77366,76970,76116,76119,76724,69897,68706,69257,68845,68685,77686,76943,76391,76902,76493,66425,65661,65855,66274,65751
804,1,0,-1,76760,76359,75553,75534,76139,69403,68222,68758,68345,68204,77107,76337,75796,76318,75898,65938,65183,65384,65809,65259
805,0,0,-1,77335,76930,76107,76095,76706,69859,68678,69199,68796,68655,77676,76911,76367,76882,76460,66379,65627,65821,66252,65709
806,1,0,-1,76757,76376,75528,75541,76150,69411,68223,68767,68362,68197,77106,76315,75790,76277,75903,65922,65163,65379,65803,65265
807,0,0,-1,77350,76955,76107,76112,76743,69879,68691,69227,68825,68654,77691,76900,76367,76858,76475,66373,65612,65834,66254,65717
808,1,0,-1,76756,76362,75531,75535,76130,69402,68230,68758,68349,68201,77107,76317,75776,76297,75918,65921,65172,65387,65805,65277
809,0,0,-1,77352,76948,76115,76112,76741,69870,68701,69240,68821,68679,77709,76920,76383,76898,76491,66378,65630,65849,66272,65731
810,1,0,-1,76786,76368,75552,75544,76147,69417,68239,68765,68361,68225,77099,76326,75802,76298,75926,65933,65177,65390,65818,65296
811,0,0,-1,77374,76948,76134,76111,76737,69880,68708,69243,68827,68689,77678,76921,76385,76882,76505,66382,65634,65850,66272,65745
812,1,0,-1,76778,76360,75540,75525,76115,69398,68224,68754,68333,68194,77089,76334,75802,76281,75908,65926,65150,65377,65783,65266
813,0,0,-1,77376,76942,76114,76095,76713,69871,68699,69227,68809,68677,77677,76930,76383,76882,76481,66388,65618,65842,66256,65725
814,1,0,-1,76769,76352,75538,75533,76135,69408,68223,68751,68337,68221,77078,76317,75785,76279,75901,65919,65182,65391,65795,65271
815,0,0,-1,77361,76933,76111,76098,76720,69869,68687,69211,68805,68689,77673,76892,76368,76875,76474,66370,65623,65841,66252,65730
816,1,0,-1,76794,76374,75544,75531,76134,69411,68237,68778,68335,68205,77091,76330,75789,76297,75905,65928,65183,65395,65806,65283
817,0,0,-1,77371,76934,76110,76094,76708,69876,68699,69233,68797,68659,77669,76904,76362,76876,76469,66359,65618,65829,66246,65715
818,1,0,-1,76778,76364,75530,75535,76136,69404,68238,68759,68324,68203,77109,76332,75780,76295,75908,65906,65179,65409,65805,65266
819,0,0,-1,77371,76950,76105,76101,76722,69867,68695,69222,68795,68677,77681,76919,76368,76875,76484,66368,65633,65859,66256,65723
820,1,0,-1,76772,76350,75534,75533,76134,69415,68215,68767,68331,68207,77081,76314,75785,76294,75901,65904,65191,65378,65806,65267
821,0,0,-1,77373,76945,76124,76112,76730,69886,68687,69234,68804,68672,77682,76918,76375,76895,76483,66365,65649,65832,66275,65728
822,1,0,-1,76793,76377,75541,75534,76140,69438,68233,68758,68335,68200,77080,76328,75782,76298,75895,65923,65181,65371,65815,65270
823,0,0,-1,77370,76939,76118,76100,76719,69886,68693,69227,68803,68672,77664,76911,76366,76876,76471,66367,65635,65822,66278,65722
824,1,0,-1,76786,76377,75549,75534,76135,69418,68235,68784,68343,68222,77097,76336,75784,76319,75913,65941,65175,65387,65806,65294
825,0,0,-1,77379,76953,76122,76104,76734,69891,68694,69248,68820,68694,77674,76929,76370,76901,76493,66376,65637,65845,66259,65741
826,1,0,-1,76776,76363,75539,75528,76143,69415,68240,68763,68353,68219,77100,76331,75780,76301,75897,65920,65190,65388,65813,65284
827,0,0,-1,77373,76945,76107,76098,76727,69863,68693,69224,68809,68671,77663,76918,76361,76894,76472,66368,65635,65829,66258,65734
828,1,0,-1,76788,76362,75542,75514,76112,69411,68224,68758,68358,68215,77086,76329,75774,76294,75891,65915,65184,65391,65793,65280
829,0,0,-1,77386,76948,76119,76094,76682,69887,68697,69229,68839,68677,77673,76919,76367,76886,76476,66375,65643,65849,66267,65748
830,1,0,-1,76783,76362,75531,75526,76123,69415,68212,68751,68335,68210,77106,76333,75788,76296,75894,65926,65190,65393,65805,65288
831,0,0,-1,77359,76938,76103,76087,76704,69875,68670,69215,68801,68671,77692,76916,76378,76895,76471,66374,65638,65842,66259,65729
832,1,0,-1,76780,76392,75542,75531,76133,69411,68217,68773,68353,68234,77092,76341,75781,76303,75901,65924,65176,65401,65805,65275
833,0,0,-1,77364,76948,76107,76085,76711,69864,68681,69228,68806,68693,77665,76913,76359,76882,76457,66363,65622,65837,66255,65724
834,1,0,-1,76774,76371,75530,75520,76126,69404,68222,68756,68336,68223,77092,76308,75773,76293,75895,65926,65169,65391,65818,65281
835,0,0,-1,77361,76948,76105,76083,76707,69862,68688,69219,68812,68695,77664,76892,76354,76875,76469,66373,65622,65832,66269,65730
836,1,0,-1,76787,76368,75551,75524,76116,69420,68216,68755,68332,68222,77092,76325,75768,76307,75902,65923,65189,65387,65833,65279
837,0,0,-1,77365,76950,76126,76095,76701,69870,68678,69227,68800,68679,77670,76914,76356,76894,76484,66375,65635,65849,66279,65734
838,1,0,-1,76798,76370,75561,75527,76120,69399,68222,68753,68357,68219,77096,76312,75777,76303,75900,65916,65192,65387,65808,65277
839,0,0,-1,77400,76959,76140,76111,76712,69871,68697,69230,68832,68689,77678,76901,76368,76896,76496,66378,65637,65842,66265,65739
840,1,0,-1,76775,76357,75509,75507,76107,69401,68199,68738,68327,68203,77077,76294,75762,76283,75878,65898,65185,65359,65780,65245
841,0,0,-1,77371,76961,76094,76076,76705,69874,68667,69211,68782,68685,77663,76890,76349,76871,76459,66348,65632,65820,66247,65707
842,1,0,-1,76797,76355,75537,75511,76131,69398,68227,68745,68323,68215,77080,76308,75766,76281,75883,65905,65179,65378,65809,65260
843,0,0,-1,77385,76932,76111,76082,76701,69860,68697,69208,68792,68690,77671,76893,76360,76877,76469,66366,65635,65830,66268,65712
844,1,0,-1,76766,76372,75528,75500,76129,69396,68213,68745,68328,68207,77086,76306,75776,76289,75883,65899,65167,65376,65796,65268
845,0,0,-1,77354,76931,76106,76067,76709,69860,68677,69211,68793,68678,77678,76883,76360,76870,76460,66355,65626,65826,66255,65710
846,1,0,-1,76758,76342,75533,75504,76116,69375,68214,68741,68309,68210,77071,76288,75770,76256,75874,65882,65157,65367,65771,65249
847,0,0,-1,77344,76911,76096,76063,76695,69824,68669,69208,68770,68674,77642,76858,76353,76834,76448,66334,65608,65815,66217,65698
848,1,0,-1,76774,76372,75546,75512,76127,69400,68216,68752,68344,68212,77086,76299,75781,76292,75892,65922,65198,65393,65812,65273
849,0,0,-1,77357,76957,76118,76078,76720,69871,68677,69222,68813,68682,77663,76871,76363,76867,76469,66361,65643,65852,66262,65738
850,1,0,-1,76779,76347,75554,75514,76136,69400,68201,68761,68342,68216,77094,76303,75783,76279,75895,65907,65184,65387,65793,65254
851,0,0,-1,77374,76933,76132,76083,76717,69860,68665,69225,68822,68676,77677,76885,76369,76858,76480,66351,65640,65840,66244,65708
852,1,0,-1,76769,76334,75518,75509,76123,69394,68218,68756,68343,68212,77080,76309,75771,76258,75894,65911,65173,65388,65792,65258
853,0,0,-1,77390,76953,76130,76099,76730,69888,68709,69240,68826,68714,77687,76917,76378,76867,76499,66382,65668,65864,66275,65737
854,1,0,-1,76763,76347,75523,75517,76124,69398,68207,68731,68318,68208,77075,76308,75759,76253,75892,65896,65184,65377,65779,65260
855,0,0,-1,77352,76939,76098,76097,76715,69861,68680,69207,68791,68684,77667,76890,76364,76850,76474,66363,65622,65840,66236,65708
856,1,0,-1,76775,76370,75533,75509,76122,69405,68219,68767,68341,68229,77085,76313,75774,76277,75879,65917,65188,65369,65786,65287
857,0,0,-1,77364,76949,76124,76079,76714,69867,68680,69225,68813,68703,77679,76894,76360,76869,76462,66373,65649,65828,66245,65738
858,1,0,-1,76764,76370,75531,75507,76118,69402,68214,68738,68337,68210,77084,76306,75756,76264,75879,65912,65182,65363,65791,65269
859,0,0,-1,77348,76932,76089,76079,76691,69862,68672,69192,68794,68661,77653,76872,76345,76845,76445,66355,65630,65810,66249,65712
860,1,0,-1,76775,76394,75545,75524,76139,69425,68233,68762,68355,68227,77079,76327,75791,76263,75900,65912,65193,65401,65799,65274
861,0,0,-1,77352,76951,76108,76089,76703,69872,68694,69222,68814,68693,77646,76898,76373,76847,76469,66354,65636,65844,66246,65731
862,1,0,-1,76770,76368,75530,75537,76119,69417,68224,68773,68356,68234,77106,76305,75800,76270,75893,65909,65184,65404,65799,65279
863,0,0,-1,77354,76947,76094,76097,76701,69870,68680,69233,68825,68689,77686,76898,76385,76849,76466,66358,65638,65842,66254,65727
864,1,0,-1,76768,76361,75532,75526,76117,69427,68221,68760,68343,68228,77092,76329,75797,76276,75883,65906,65167,65392,65810,65275
865,0,0,-1,77345,76919,76088,76071,76672,69864,68669,69192,68783,68685,77647,76873,76358,76839,76443,66338,65612,65831,66238,65704
866,1,0,-1,76774,76385,75529,75536,76141,69421,68226,68779,68359,68240,77099,76342,75801,76290,75908,65914,65207,65401,65797,65287
867,0,0,-1,77377,76962,76117,76112,76733,69882,68692,69237,68818,68710,77689,76930,76391,76877,76485,66369,65661,65857,66257,65750
868,1,0,-1,76788,76365,75533,75517,76121,69418,68218,68755,68328,68228,77083,76319,75774,76269,75889,65915,65177,65394,65790,65268
869,0,0,-1,77360,76941,76093,76073,76692,69869,68671,69218,68795,68687,77659,76888,76359,76849,76453,66354,65622,65843,66247,65719
870,1,0,-1,76766,76358,75513,75516,76119,69409,68214,68739,68339,68208,77075,76313,75774,76268,75895,65901,65187,65386,65787,65266
871,0,0,-1,77351,76931,76089,76093,76709,69868,68677,69206,68807,68678,77660,76882,76362,76856,76473,66351,65627,65835,66251,65716
872,1,0,-1,76755,76360,75511,75512,76109,69397,68225,68744,68323,68204,77081,76331,75770,76273,75905,65891,65181,65390,65783,65279
873,0,0,-1,77347,76947,76091,76091,76696,69850,68687,69205,68781,68673,77669,76910,76362,76865,76480,66349,65628,65843,66238,65741
874,1,0,-1,76775,76361,75526,75519,76133,69409,68216,68746,68333,68225,77076,76326,75777,76285,75910,65926,65173,65398,65802,65277
875,0,0,-1,77372,76944,76115,76092,76721,69883,68696,69222,68818,68703,77669,76916,76374,76888,76502,66379,65644,65850,66266,65740
876,1,0,-1,76760,76342,75544,75509,76135,69404,68221,68735,68346,68194,77076,76320,75774,76270,75902,65919,65166,65385,65786,65281
877,0,0,-1,77348,76918,76100,76076,76700,69858,68672,69197,68801,68666,77639,76899,76358,76854,76469,66370,65614,65828,66231,65726
878,1,0,-1,76793,76360,75559,75538,76132,69442,68234,68770,68355,68216,77104,76340,75803,76287,75929,65931,65198,65410,65812,65288
879,0,0,-1,77347,76925,76095,76086,76692,69875,68693,69209,68805,68664,77656,76888,76356,76844,76469,66351,65619,65837,66256,65729
880,1,0,-1,76768,76342,75530,75526,76125,69416,68221,68748,68343,68208,77090,76309,75774,76276,75907,65914,65172,65381,65798,65274
881,0,0,-1,77387,76938,76128,76118,76727,69893,68707,69237,68826,68699,77682,76922,76387,76886,76504,66382,65648,65854,66258,65751
882,1,0,-1,76772,76367,75535,75530,76121,69417,68228,68750,68345,68219,77083,76320,75776,76272,75902,65919,65189,65405,65804,65280
883,0,0,-1,77370,76946,76109,76112,76707,69891,68696,69219,68815,68691,77655,76915,76367,76869,76482,66373,65646,65851,66267,65744
884,1,0,-1,76772,76372,75523,75532,76124,69412,68228,68750,68330,68209,77088,76313,75771,76281,75897,65907,65176,65384,65797,65278
885,0,0,-1,77345,76931,76087,76090,76697,69868,68694,69209,68802,68673,77665,76899,76356,76866,76479,66360,65624,65849,66250,65727
886,1,0,-1,76782,76351,75552,75526,76118,69410,68229,68752,68346,68209,77111,76325,75773,76294,75908,65918,65198,65404,65810,65266
887,0,0,-1,77346,76905,76096,76080,76690,69853,68682,69215,68803,68662,77664,76898,76350,76871,76455,66351,65630,65836,66242,65703
888,1,0,-1,76777,76350,75536,75522,76120,69418,68225,68757,68356,68208,77104,76324,75764,76293,75880,65916,65194,65385,65806,65268
889,0,0,-1,77364,76944,76115,76095,76706,69879,68692,69231,68824,68675,77685,76917,76353,76881,76462,66371,65644,65832,66261,65732
890,1,0,-1,76778,76350,75541,75525,76126,69402,68218,68758,68357,68209,77103,76324,75766,76304,75891,65917,65202,65401,65804,65276
891,0,0,-1,77372,76916,76121,76105,76716,69859,68681,69223,68824,68689,77687,76918,76345,76891,76477,66376,65654,65861,66275,65735
892,1,0,-1,76790,76360,75526,75515,76127,69422,68221,68762,68353,68213,77099,76322,75791,76313,75890,65930,65193,65399,65823,65287
893,0,0,-1,77371,76944,76093,76087,76703,69871,68678,69221,68811,68671,77670,76907,76377,76895,76464,66369,65634,65843,66270,65726
894,1,0,-1,76781,76356,75525,75522,76123,69410,68210,68759,68339,68201,77103,76315,75777,76297,75891,65907,65191,65378,65795,65264
895,0,0,-1,77361,76938,76100,76090,76707,69869,68683,69226,68799,68672,77678,76900,76350,76871,76460,66360,65636,65832,66261,65715
896,1,0,-1,76786,76368,75553,75537,76133,69411,68231,68753,68363,68229,77098,76340,75786,76296,75908,65946,65205,65404,65815,65287
897,0,0,-1,77395,76963,76149,76119,76736,69887,68713,69236,68854,68703,77692,76936,76392,76906,76492,66406,65674,65871,66283,65758
898,1,0,-1,76781,76358,75525,75527,76117,69409,68228,68743,68340,68203,77093,76322,75782,76294,75887,65912,65170,65386,65793,65282
899,0,0,-1,77355,76922,76108,76089,76688,69871,68679,69197,68804,68655,77656,76895,76360,76871,76451,66350,65610,65825,66228,65721
900,1,0,-1,76785,76357,75521,75520,76117,69417,68207,68758,68347,68198,77086,76314,75771,76287,75892,65910,65183,65375,65809,65280
901,0,0,-1,77380,76944,76110,76097,76711,69885,68683,69236,68827,68675,77693,76911,76376,76883,76471,66369,65641,65843,66270,65744
902,1,0,-1,76743,76334,75510,75498,76091,69399,68190,68740,68317,68191,77073,76299,75777,76265,75883,65894,65168,65375,65786,65257
903,0,0,-1,77363,76930,76105,76090,76706,69882,68675,69230,68808,68670,77682,76892,76374,76870,76466,66370,65647,65851,66269,65727
904,1,0,-1,76775,76346,75538,75523,76128,69400,68206,68745,68342,68200,77082,76313,75785,76274,75888,65897,65169,65385,65799,65260
905,0,0,-1,77356,76924,76102,76080,76707,69861,68656,69206,68805,68664,77652,76889,76372,76854,76464,66349,65625,65838,66246,65720
906,1,0,-1,76787,76362,75531,75508,76105,69403,68208,68746,68352,68196,77080,76312,75779,76293,75888,65907,65177,65369,65792,65264
907,0,0,-1,77352,76934,76095,76070,76681,69865,68666,69206,68819,68655,77652,76887,76335,76860,76448,66360,65627,65820,66235,65715
908,1,0,-1,76768,76371,75528,75520,76118,69417,68225,68757,68348,68219,77079,76306,75770,76271,75887,65926,65182,65374,65801,65270
909,0,0,-1,77364,76955,76110,76095,76715,69876,68696,69222,68821,68685,77679,76896,76364,76866,76471,66382,65640,65832,66262,65731
910,1,0,-1,76766,76357,75509,75514,76114,69397,68207,68758,68332,68200,77061,76299,75753,76263,75873,65890,65163,65381,65788,65262
911,0,0,-1,77357,76945,76086,76085,76702,69868,68687,69227,68784,68679,77647,76891,76350,76865,76454,66357,65620,65827,66247,65722
912,1,0,-1,76758,76355,75512,75509,76106,69401,68209,68746,68332,68197,77057,76300,75758,76270,75875,65891,65166,65359,65791,65247
913,0,0,-1,77341,76945,76077,76071,76691,69863,68664,69217,68802,68672,77636,76882,76344,76869,76449,66337,65616,65813,66248,65694
914,1,0,-1,76771,76356,75514,75496,76104,69400,68194,68729,68338,68191,77064,76303,75757,76268,75888,65902,65176,65355,65797,65259
915,0,0,-1,77360,76931,76086,76076,76692,69856,68674,69192,68807,68659,77639,76896,76342,76852,76458,66363,65629,65803,66246,65710
916,1,0,-1,76746,76321,75508,75499,76111,69381,68190,68729,68316,68190,77061,76285,75751,76257,75886,65877,65155,65341,65786,65248
917,0,0,-1,77346,76917,76088,76076,76702,69855,68663,69204,68787,68674,77665,76883,76343,76844,76470,66347,65618,65801,66255,65708
918,1,0,-1,76749,76348,75529,75512,76108,69400,68185,68743,68319,68208,77079,76316,75777,76274,75884,65912,65162,65357,65798,65271
919,0,0,-1,77360,76941,76126,76102,76708,69874,68676,69224,68800,68681,77671,76905,76375,76869,76482,66375,65637,65826,66268,65749
920,1,0,-1,76768,76366,75523,75519,76111,69407,68213,68754,68336,68199,77074,76309,75781,76283,75905,65924,65177,65385,65828,65262
921,0,0,-1,77348,76937,76090,76087,76697,69858,68659,69214,68804,68660,77644,76901,76360,76868,76474,66375,65621,65833,66280,65721
922,1,0,-1,76763,76343,75534,75501,76114,69395,68201,68758,68359,68176,77076,76298,75772,76274,75902,65916,65160,65359,65800,65265
923,0,0,-1,77355,76925,76108,76083,76705,69861,68682,69221,68826,68645,77663,76892,76357,76869,76472,66366,65622,65813,66269,65721
924,1,0,-1,76762,76344,75510,75479,76098,69382,68193,68724,68306,68183,77050,76290,75750,76261,75864,65900,65153,65350,65782,65237
925,0,0,-1,77359,76934,76102,76059,76692,69838,68670,69200,68781,68654,77644,76891,76349,76858,76448,66360,65614,65822,66255,65710
926,1,0,-1,76761,76327,75504,75488,76105,69381,68186,68754,68325,68205,77060,76286,75747,76252,75873,65884,65164,65362,65780,65248
927,0,0,-1,77363,76911,76086,76062,76690,69840,68648,69219,68810,68669,77649,76881,76355,76844,76454,66345,65615,65806,66253,65708
928,1,0,-1,76761,76313,75533,75507,76117,69381,68196,68747,68330,68200,77084,76296,75762,76269,75879,65891,65174,65349,65789,65256
929,0,0,-1,77356,76908,76096,76078,76696,69841,68666,69221,68798,68661,77661,76894,76351,76862,76452,66359,65615,65812,66244,65716
930,1,0,-1,76748,76355,75497,75482,76105,69374,68191,68731,68334,68195,77072,76288,75753,76265,75887,65896,65164,65351,65786,65258
931,0,0,-1,77347,76951,76088,76063,76711,69861,68663,69208,68810,68662,77671,76881,76360,76858,76481,66359,65625,65816,66249,65716
932,1,0,-1,76731,76346,75516,75497,76094,69378,68173,68727,68327,68188,77074,76287,75749,76264,75885,65890,65150,65352,65769,65231
933,0,0,-1,77331,76930,76113,76075,76690,69845,68655,69202,68813,68663,77665,76875,76351,76851,76466,66350,65611,65820,66237,65697
934,1,0,-1,76765,76327,75530,75516,76115,69389,68206,68744,68341,68210,77067,76328,75781,76285,75902,65914,65179,65362,65796,65261
935,0,0,-1,77345,76916,76093,76077,76689,69845,68662,69205,68800,68663,77648,76889,76365,76864,76464,66364,65617,65812,66245,65707
936,1,0,-1,76765,76360,75524,75511,76105,69385,68202,68751,68333,68221,77067,76310,75774,76285,75903,65910,65190,65364,65801,65263
937,0,0,-1,77360,76930,76093,76072,76688,69848,68662,69207,68794,68679,77642,76897,76344,76872,76473,66357,65632,65812,66252,65709
938,1,0,-1,76764,76363,75528,75526,76125,69392,68211,68744,68334,68218,77084,76317,75777,76288,75910,65906,65173,65365,65810,65261
939,0,0,-1,77348,76927,76096,76077,76712,69840,68653,69208,68799,68677,77646,76891,76357,76866,76480,66351,65619,65808,66265,65714
940,1,0,-1,76735,76318,75494,75501,76099,69373,68169,68722,68313,68191,77056,76295,75739,76261,75882,65885,65161,65338,65760,65246
941,0,0,-1,77315,76886,76054,76054,76669,69822,68635,69175,68768,68653,77630,76876,76316,76825,76450,66336,65604,65795,66220,65688
942,1,0,-1,76762,76359,75530,75514,76116,69401,68203,68741,68331,68208,77094,76300,75767,76273,75901,65914,65182,65370,65776,65272
943,0,0,-1,77347,76938,76105,76079,76689,69863,68671,69198,68789,68661,77664,76885,76350,76849,76472,66361,65625,65813,66220,65705
944,1,0,-1,76768,76383,75537,75532,76129,69413,68219,68759,68347,68205,77096,76316,75784,76268,75905,65922,65208,65378,65799,65263
945,0,0,-1,77369,76954,76121,76111,76715,69885,68704,69236,68825,68684,77688,76914,76379,76859,76494,66375,65665,65838,66268,65733
946,1,0,-1,76741,76361,75505,75491,76087,69389,68188,68728,68312,68188,77070,76292,75754,76248,75868,65898,65174,65341,65770,65243
947,0,0,-1,77346,76939,76092,76073,76691,69855,68659,69201,68786,68640,77652,76878,76341,76836,76454,66345,65629,65803,66231,65713
948,1,0,-1,76757,76351,75525,75501,76124,69390,68201,68740,68345,68204,77086,76295,75773,76268,75892,65899,65190,65361,65786,65254
949,0,0,-1,77339,76934,76105,76083,76706,69865,68669,69198,68807,68663,77650,76879,76350,76853,76458,66345,65633,65808,66244,65723
950,1,0,-1,76761,76356,75525,75508,76113,69395,68194,68725,68335,68189,77059,76292,75779,76269,75894,65914,65161,65362,65789,65270
951,0,0,-1,77340,76936,76090,76075,76696,69846,68656,69183,68784,68654,77631,76871,76350,76851,76465,66355,65615,65799,66231,65716
952,1,0,-1,76781,76379,75559,75535,76134,69416,68227,68755,68349,68214,77106,76329,75795,76297,75910,65916,65189,65391,65808,65281
953,0,0,-1,77377,76963,76139,76103,76728,69885,68706,69225,68811,68693,77698,76906,76374,76874,76497,66366,65645,65843,66257,65732
954,1,0,-1,76763,76347,75527,75514,76126,69393,68214,68746,68334,68214,77083,76303,75771,76260,75895,65908,65187,65368,65800,65266
955,0,0,-1,77377,76942,76125,76108,76734,69882,68700,69232,68804,68697,77682,76907,76384,76873,76485,66370,65656,65840,66267,65735
956,1,0,-1,76753,76317,75520,75501,76115,69372,68201,68726,68297,68205,77059,76284,75762,76259,75888,65888,65173,65353,65773,65255
957,0,0,-1,77332,76904,76095,76083,76692,69843,68662,69192,68788,68673,77643,76873,76347,76838,76457,66331,65625,65817,66236,65714
958,1,0,-1,76775,76336,75537,75522,76125,69402,68223,68746,68349,68219,77106,76306,75791,76280,75898,65908,65204,65394,65806,65273
959,0,0,-1,77348,76918,76104,76102,76714,69858,68687,69213,68822,68681,77689,76881,76365,76860,76469,66357,65657,65856,66259,65719
960,1,0,-1,76751,76326,75518,75520,76124,69386,68205,68734,68345,68208,77077,76312,75774,76266,75890,65894,65186,65388,65787,65272
961,0,0,-1,77340,76931,76106,76093,76724,69860,68683,69206,68807,68683,77672,76909,76367,76862,76463,66340,65638,65849,66266,65730
962,1,0,-1,76760,76366,75548,75520,76147,69418,68233,68757,68349,68220,77092,76322,75782,76291,75912,65901,65205,65393,65814,65294
963,0,0,-1,77348,76935,76127,76085,76720,69873,68691,69225,68809,68681,77676,76905,76374,76867,76484,66352,65663,65854,66272,65750
964,1,0,-1,76750,76350,75529,75518,76121,69376,68207,68734,68330,68208,77085,76316,75774,76288,75879,65897,65179,65387,65799,65267
965,0,0,-1,77341,76920,76095,76077,76694,69833,68676,69197,68802,68670,77662,76888,76341,76862,76457,66345,65633,65834,66248,65715
966,1,0,-1,76750,76354,75524,75513,76124,69397,68213,68730,68328,68197,77091,76307,75763,76276,75880,65901,65167,65370,65795,65271
967,0,0,-1,77347,76924,76113,76074,76709,69856,68678,69209,68796,68666,77676,76885,76335,76858,76445,66348,65617,65824,66253,65718
968,1,0,-1,76752,76356,75525,75514,76127,69404,68216,68746,68341,68207,77081,76298,75771,76294,75903,65891,65158,65380,65790,65272
969,0,0,-1,77345,76933,76094,76075,76698,69862,68675,69209,68794,68663,77666,76879,76346,76871,76482,66332,65593,65821,66244,65719
970,1,0,-1,76774,76360,75541,75501,76120,69397,68211,68744,68333,68190,77097,76311,75753,76277,75905,65913,65178,65365,65795,65261
971,0,0,-1,77362,76932,76113,76084,76700,69854,68678,69213,68809,68653,77665,76894,76340,76859,76475,66354,65634,65815,66255,65718
972,1,0,-1,76746,76312,75511,75477,76105,69365,68192,68720,68325,68189,77059,76291,75752,76258,75864,65886,65157,65349,65771,65244
973,0,0,-1,77324,76903,76084,76041,76704,69829,68659,69189,68788,68654,77644,76880,76335,76839,76430,66349,65608,65814,66238,65700
974,1,0,-1,76739,76340,75510,75491,76109,69390,68197,68719,68329,68190,77049,76283,75758,76246,75872,65893,65169,65353,65785,65239
975,0,0,-1,77344,76915,76082,76059,76700,69855,68662,69180,68800,68651,77625,76860,76348,76833,76442,66339,65622,65804,66229,65690
976,1,0,-1,76770,76350,75537,75507,76138,69397,68227,68751,68320,68207,77076,76312,75779,76286,75893,65900,65178,65383,65778,65265
977,0,0,-1,77367,76922,76109,76077,76721,69850,68691,69217,68794,68674,77664,76889,76377,76871,76468,66367,65631,65837,66238,65730
978,1,0,-1,76795,76354,75544,75509,76140,69398,68232,68754,68341,68198,77101,76319,75792,76306,75910,65934,65189,65392,65798,65278
979,0,0,-1,77370,76933,76098,76058,76712,69851,68689,69207,68809,68666,77650,76891,76365,76868,76477,66361,65639,65838,66249,65711
980,1,0,-1,76782,76355,75524,75504,76132,69401,68226,68755,68348,68219,77086,76310,75770,76291,75882,65910,65173,65383,65792,65274
981,0,0,-1,77378,76931,76090,76082,76717,69871,68693,69223,68816,68683,77682,76902,76359,76883,76458,66366,65638,65844,66247,65741
982,1,0,-1,76777,76332,75519,75523,76123,69397,68206,68770,68327,68200,77097,76311,75754,76279,75890,65908,65176,65371,65796,65278
983,0,0,-1,77371,76903,76097,76084,76708,69859,68672,69230,68783,68677,77675,76905,76348,76861,76471,66362,65625,65826,66244,65728
984,1,0,-1,76758,76338,75527,75509,76113,69384,68213,68737,68314,68198,77066,76286,75766,76280,75881,65896,65169,65369,65782,65260
985,0,0,-1,77346,76921,76107,76072,76708,69840,68682,69204,68775,68662,77655,76882,76345,76866,76467,66352,65623,65817,66225,65714
986,1,0,-1,76765,76352,75534,75515,76129,69388,68193,68741,68327,68187,77066,76293,75774,76283,75889,65895,65164,65363,65776,65259
987,0,0,-1,77355,76939,76101,76079,76706,69849,68665,69199,68794,68663,77649,76881,76356,76866,76472,66349,65611,65822,66239,65713
988,1,0,-1,76769,76360,75524,75513,76117,69401,68220,68748,68337,68206,77078,76307,75772,76286,75891,65910,65175,65365,65780,65255
989,0,0,-1,77345,76941,76088,76065,76705,69857,68688,69201,68794,68668,77661,76886,76335,76857,76467,66368,65608,65813,66232,65709
990,1,0,-1,76754,76349,75528,75516,76136,69408,68214,68734,68330,68198,77071,76319,75768,76269,75886,65925,65187,65382,65790,65256
991,0,0,-1,77338,76940,76091,76080,76715,69872,68678,69195,68793,68659,77660,76893,76359,76843,76457,66371,65623,65827,66256,65703
992,1,0,-1,76750,76338,75517,75509,76110,69376,68212,68729,68321,68186,77063,76284,75762,76262,75880,65893,65166,65353,65779,65240
993,0,0,-1,77340,76918,76099,76082,76694,69848,68678,69198,68796,68658,77656,76878,76349,76848,76454,66353,65628,65820,66235,65706
994,1,0,-1,76764,76352,75522,75526,76128,69404,68217,68741,68325,68194,77083,76292,75778,76273,75899,65911,65176,65386,65791,65266
995,0,0,-1,77362,76931,76103,76099,76719,69868,68694,69217,68802,68663,77684,76890,76376,76864,76474,66378,65635,65834,66262,65734
996,1,0,-1,76758,76340,75515,75501,76130,69402,68205,68741,68307,68198,77067,76292,75765,76262,75894,65895,65162,65363,65775,65252
997,0,0,-1,77321,76905,76064,76052,76685,69838,68659,69187,68763,68639,77628,76859,76332,76822,76453,66328,65594,65794,66220,65687
998,1,0,-1,76751,76339,75516,75513,76128,69393,68206,68724,68306,68205,77074,76279,75772,76262,75892,65896,65182,65369,65771,65256
999,0,0,-1,77342,76925,76096,76087,76718,69857,68681,69193,68768,68674,77655,76874,76359,76856,76486,66351,65657,65827,66232,65715
1000,1,0,-1,76757,76342,75528,75513,76117,69401,68208,68730,68318,68199,77066,76297,75759,76267,75891,65904,65191,65366,65767,65252
1001,0,0,-1,77367,76946,76116,76092,76723,69861,68695,69209,68796,68686,77664,76903,76365,76868,76491,66372,65645,65832,66249,65723
1002,1,0,-1,76755,76346,75516,75495,76106,69388,68197,68740,68300,68177,77062,76301,75774,76266,75882,65893,65187,65345,65763,65243
1003,0,0,-1,77356,76924,76085,76063,76702,69844,68671,69199,68787,68651,77642,76883,76366,76858,76462,66332,65634,65799,66225,65703
1004,1,0,-1,76755,76336,75512,75508,76113,69394,68199,68742,68321,68193,77092,76285,75768,76254,75886,65903,65179,65362,65757,65235
1005,0,0,-1,77340,76918,76085,76081,76701,69858,68660,69216,68781,68652,77672,76876,76352,76839,76458,66345,65638,65819,66202,65692
1006,1,0,-1,76763,76353,75513,75507,76126,69388,68202,68738,68318,68193,77063,76294,75748,76271,75894,65896,65182,65357,65760,65228
1007,0,0,-1,77347,76925,76084,76083,76700,69843,68668,69211,68800,68660,77647,76876,76355,76856,76468,66348,65632,65806,66210,65681
1008,1,0,-1,76744,76351,75516,75507,76120,69380,68200,68734,68317,68189,77070,76302,75768,76271,75894,65888,65180,65368,65761,65236
1009,0,0,-1,77356,76938,76100,76088,76720,69850,68672,69216,68793,68676,77674,76893,76373,76852,76481,66348,65635,65835,66231,65700
1010,1,0,-1,76756,76338,75531,75508,76111,69420,68206,68746,68325,68217,77071,76327,75779,76260,75895,65904,65180,65365,65764,65245
1011,0,0,-1,77338,76915,76106,76071,76702,69868,68668,69213,68783,68678,77632,76903,76364,76843,76464,66347,65635,65820,66217,65695
1012,1,0,-1,76776,76344,75510,75495,76119,69412,68187,68752,68307,68209,77079,76308,75767,76266,75887,65893,65168,65367,65773,65248
1013,0,0,-1,77365,76921,76088,76059,76700,69864,68650,69224,68783,68670,77667,76891,76367,76854,76469,66340,65629,65816,66227,65700
1014,1,0,-1,76758,76347,75509,75491,76120,69391,68192,68743,68316,68189,77052,76307,75754,76251,75877,65887,65163,65356,65766,65251
1015,0,0,-1,77367,76940,76096,76081,76717,69857,68667,69214,68799,68660,77652,76897,76343,76837,76460,66346,65623,65815,66226,65718
1016,1,0,-1,76754,76363,75508,75502,76114,69411,68185,68737,68318,68179,77060,76293,75763,76260,75882,65894,65170,65354,65780,65248
1017,0,0,-1,77353,76941,76087,76084,76709,69877,68655,69203,68793,68652,77642,76888,76356,76848,76457,66355,65624,65809,66239,65701
1018,1,0,-1,76756,76344,75513,75512,76109,69385,68188,68736,68323,68179,77081,76316,75756,76267,75896,65899,65173,65376,65769,65242
1019,0,0,-1,77352,76911,76089,76084,76699,69847,68658,69203,68784,68649,77652,76898,76340,76856,76468,66353,65625,65823,66217,65698
1020,1,0,-1,76759,76361,75522,75512,76117,69410,68217,68748,68314,68208,77076,76317,75761,76283,75894,65902,65185,65374,65786,65239
1021,0,0,-1,77334,76923,76088,76075,76681,69870,68679,69209,68779,68657,77638,76877,76334,76850,76454,66341,65636,65815,66234,65694
1022,1,0,-1,76748,76350,75520,75496,76113,69375,68197,68735,68321,68167,77034,76286,75751,76242,75860,65872,65168,65357,65767,65227
1023,0,0,-1,77342,76926,76098,76069,76704,69835,68673,69200,68797,68646,77629,76868,76334,76843,76449,66328,65626,65820,66235,65688
1024,1,0,-1,76757,76371,75515,75504,76103,69405,68230,68735,68312,68190,77080,76300,75770,76269,75898,65886,65178,65365,65779,65246
1025,0,0,-1,77335,76923,76078,76051,76680,69861,68679,69193,68773,68649,77651,76871,76345,76853,76454,66319,65611,65791,66224,65684
1026,1,0,-1,76756,76360,75517,75490,76111,69381,68189,68746,68315,68174,77045,76300,75743,76272,75885,65888,65168,65363,65765,65246
1027,0,0,-1,77373,76950,76121,76079,76723,69855,68678,69222,68790,68657,77649,76902,76351,76882,76491,66357,65629,65828,66242,65723
1028,1,0,-1,76761,76350,75499,75500,76108,69389,68192,68743,68318,68180,77054,76305,75753,76265,75894,65894,65155,65375,65764,65235
1029,0,0,-1,77343,76933,76083,76072,76707,69848,68665,69202,68784,68649,77642,76879,76347,76856,76464,66341,65613,65831,66230,65683
1030,1,0,-1,76760,76351,75540,75499,76127,69396,68200,68750,68311,68192,77052,76309,75751,76273,75892,65885,65161,65372,65778,65229
1031,0,0,-1,77346,76923,76099,76046,76690,69851,68652,69208,68771,68643,77635,76874,76334,76841,76458,66338,65607,65823,66225,65677
1032,1,0,-1,76737,76322,75505,75486,76108,69374,68178,68729,68299,68178,77045,76290,75749,76254,75857,65882,65158,65357,65754,65210
1033,0,0,-1,77328,76918,76095,76065,76707,69838,68652,69206,68773,68656,77637,76882,76341,76847,76440,66350,65621,65818,66230,65683
1034,1,0,-1,76758,76340,75509,75482,76105,69377,68191,68732,68306,68194,77038,76300,75744,76256,75875,65881,65153,65352,65757,65227
1035,0,0,-1,77363,76929,76107,76068,76708,69842,68668,69206,68789,68684,77643,76909,76342,76860,76477,66344,65624,65826,66241,65697
1036,1,0,-1,76769,76361,75533,75510,76140,69401,68217,68750,68337,68196,77055,76320,75758,76288,75886,65895,65159,65374,65777,65245
1037,0,0,-1,77360,76955,76102,76085,76719,69862,68675,69220,68808,68669,77629,76896,76350,76868,76461,66346,65615,65822,66236,65706
1038,1,0,-1,76759,76337,75519,75491,76115,69386,68182,68734,68312,68208,77046,76303,75755,76246,75876,65882,65154,65358,65775,65239
1039,0,0,-1,77349,76941,76109,76079,76716,69850,68663,69211,68788,68680,77646,76895,76356,76853,76466,66353,65620,65813,66236,65700
1040,1,0,-1,76744,76340,75509,75481,76098,69382,68181,68725,68307,68166,77043,76288,75750,76250,75880,65876,65151,65342,65757,65228
1041,0,0,-1,77321,76910,76057,76039,76671,69821,68625,69170,68754,68621,77610,76847,76336,76827,76446,66320,65593,65783,66195,65669
1042,1,0,-1,76766,76358,75534,75498,76116,69399,68202,68736,68334,68198,77059,76302,75765,76278,75903,65902,65163,65364,65781,65246
1043,0,0,-1,77349,76943,76113,76069,76714,69863,68666,69210,68812,68672,77646,76892,76349,76878,76478,66362,65636,65829,66241,65716
1044,1,0,-1,76765,76348,75524,75507,76113,69396,68205,68738,68327,68185,77050,76303,75765,76275,75882,65887,65170,65347,65787,65250
1045,0,0,-1,77348,76929,76089,76078,76691,69858,68671,69211,68791,68665,77640,76887,76362,76852,76462,66344,65623,65810,66248,65704
1046,1,0,-1,76772,76369,75532,75531,76129,69410,68223,68741,68338,68207,77067,76309,75774,76272,75898,65910,65188,65372,65799,65260
1047,0,0,-1,77360,76957,76109,76106,76728,69874,68688,69211,68805,68674,77646,76879,76350,76860,76482,66361,65638,65823,66261,65715
1048,1,0,-1,76772,76372,75524,75518,76127,69402,68213,68742,68338,68202,77072,76302,75771,76282,75887,65906,65176,65363,65795,65247
1049,0,0,-1,77340,76920,76074,76062,76685,69846,68662,69193,68782,68660,77634,76863,76335,76845,76447,66337,65617,65806,66228,65698
1050,1,0,-1,76757,76351,75528,75519,76114,69401,68207,68750,68344,68201,77077,76311,75760,76271,75896,65903,65179,65372,65798,65255
1051,0,0,-1,77334,76903,76081,76077,76698,69859,68673,69212,68792,68655,77645,76865,76320,76835,76450,66341,65617,65817,66233,65693
1052,1,0,-1,76753,76340,75506,75490,76100,69383,68185,68742,68315,68187,77079,76268,75755,76267,75867,65887,65168,65353,65769,65259
1053,0,0,-1,77352,76935,76086,76067,76702,69860,68656,69207,68800,68651,77664,76859,76348,76868,76451,66342,65634,65807,66234,65712
1054,1,0,-1,76749,76347,75508,75491,76094,69385,68190,68723,68320,68199,77060,76272,75748,76246,75879,65897,65153,65350,65765,65228
1055,0,0,-1,77350,76931,76087,76067,76687,69856,68657,69198,68792,68668,77656,76874,76335,76837,76466,66361,65614,65806,66231,65699
1056,1,0,-1,76749,76325,75485,75494,76100,69397,68174,68723,68305,68187,77053,76288,75748,76247,75882,65877,65152,65343,65765,65228
1057,0,0,-1,77339,76907,76078,76064,76676,69847,68634,69191,68779,68661,77645,76869,76337,76828,76457,66326,65603,65798,66213,65672
1058,1,0,-1,76760,76371,75516,75511,76125,69407,68223,68737,68322,68212,77068,76317,75768,76277,75905,65910,65178,65370,65790,65243
1059,0,0,-1,77333,76937,76092,76073,76706,69856,68682,69191,68775,68671,77650,76889,76344,76856,76464,66348,65620,65809,66240,65703
1060,1,0,-1,76740,76348,75507,75490,76100,69386,68191,68731,68303,68202,77055,76302,75763,76254,75880,65886,65169,65348,65776,65216
1061,0,0,-1,77330,76919,76085,76069,76687,69854,68657,69195,68778,68668,77640,76878,76350,76841,76452,66337,65618,65803,66236,65678
1062,1,0,-1,76764,76337,75521,75491,76110,69407,68199,68751,68323,68211,77067,76299,75770,76260,75888,65902,65165,65373,65782,65237
1063,0,0,-1,77343,76913,76081,76056,76689,69853,68655,69205,68799,68664,77635,76857,76348,76832,76446,66344,65602,65817,66228,65685
1064,1,0,-1,76744,76343,75507,75496,76090,69380,68183,68727,68319,68178,77069,76290,75745,76241,75849,65884,65150,65350,65753,65213
1065,0,0,-1,77341,76916,76089,76066,76687,69851,68656,69204,68792,68649,77663,76878,76335,76838,76442,66347,65611,65820,66221,65661
1066,1,0,-1,76757,76358,75536,75488,76109,69394,68201,68743,68325,68193,77079,76301,75760,76250,75883,65902,65166,65350,65778,65233
1067,0,0,-1,77339,76918,76089,76049,76684,69846,68670,69193,68772,68653,77648,76864,76342,76829,76450,66341,65612,65808,66218,65680
1068,1,0,-1,76757,76345,75515,75516,76097,69389,68190,68741,68317,68176,77062,76298,75755,76269,75883,65894,65172,65363,65789,65223
1069,0,0,-1,77350,76935,76100,76090,76686,69859,68657,69204,68795,68662,77658,76887,76357,76864,76459,66356,65628,65818,66249,65684
1070,1,0,-1,76760,76362,75542,75517,76108,69404,68207,68746,68329,68191,77078,76297,75761,76272,75882,65907,65178,65368,65800,65251
1071,0,0,-1,77352,76963,76127,76087,76699,69871,68681,69223,68802,68669,77678,76891,76363,76868,76457,66366,65629,65830,66262,65703
1072,1,0,-1,76740,76332,75505,75484,76088,69395,68178,68741,68305,68178,77044,76288,75760,76251,75856,65885,65152,65349,65788,65222
1073,0,0,-1,77332,76921,76094,76076,76688,69858,68665,69210,68782,68658,77653,76890,76359,76849,76444,66355,65619,65809,66266,65688
1074,1,0,-1,76755,76356,75504,75507,76098,69404,68208,68754,68322,68203,77067,76294,75766,76268,75870,65894,65164,65360,65787,65243
1075,0,0,-1,77337,76947,76093,76081,76685,69869,68684,69228,68795,68671,77658,76889,76367,76854,76451,66351,65629,65822,66251,65710
1076,1,0,-1,76754,76361,75526,75514,76106,69407,68226,68746,68320,68186,77083,76301,75763,76279,75885,65890,65173,65365,65795,65238
1077,0,0,-1,77339,76940,76097,76071,76695,69864,68686,69206,68794,68656,77656,76870,76343,76859,76459,66353,65623,65817,66247,65693
1078,1,0,-1,76756,76348,75532,75513,76105,69402,68208,68742,68310,68189,77087,76296,75766,76258,75893,65890,65183,65349,65794,65256
1079,0,0,-1,77340,76942,76107,76075,76678,69861,68668,69205,68776,68635,77652,76866,76341,76834,76467,66338,65627,65793,66245,65694
1080,1,0,-1,76739,76353,75519,75515,76101,69390,68194,68729,68315,68186,77064,76305,75772,76244,75865,65887,65167,65355,65766,65241
1081,0,0,-1,77337,76946,76097,76085,76688,69856,68667,69205,68781,68651,77640,76890,76356,76835,76441,66336,65624,65810,66228,65698
1082,1,0,-1,76745,76344,75506,75488,76088,69381,68207,68714,68303,68167,77045,76295,75758,76260,75867,65877,65145,65342,65763,65234
1083,0,0,-1,77343,76933,76080,76073,76694,69839,68670,69193,68781,68634,77637,76879,76347,76850,76451,66334,65608,65807,66214,65688
1084,1,0,-1,76756,76361,75528,75502,76109,69398,68213,68742,68330,68192,77077,76322,75763,76268,75883,65884,65183,65361,65798,65254
1085,0,0,-1,77355,76942,76101,76083,76698,69850,68678,69219,68792,68661,77662,76895,76349,76864,76463,66341,65635,65819,66250,65707
1086,1,0,-1,76754,76361,75523,75495,76109,69398,68200,68737,68319,68183,77066,76300,75752,76264,75880,65899,65169,65360,65796,65247
1087,0,0,-1,77341,76943,76100,76079,76691,69857,68663,69211,68797,68651,77645,76887,76337,76854,76459,66344,65622,65822,66248,65707
1088,1,0,-1,76771,76359,75525,75499,76102,69389,68207,68740,68328,68193,77082,76318,75778,76287,75892,65912,65173,65363,65790,65242
1089,0,0,-1,77341,76931,76078,76051,76674,69825,68656,69186,68774,68634,77624,76882,76334,76849,76448,66350,65604,65794,66217,65686
1090,1,0,-1,76732,76343,75504,75494,76092,69396,68197,68735,68331,68166,77054,76283,75747,76269,75866,65900,65162,65364,65773,65246
1091,0,0,-1,77335,76936,76095,76077,76685,69870,68676,69202,68810,68647,77661,76887,76352,76876,76462,66369,65623,65836,66240,65720
1092,1,0,-1,76749,76359,75528,75504,76081,69383,68196,68730,68317,68187,77068,76298,75759,76278,75882,65897,65160,65353,65765,65250
1093,0,0,-1,77337,76932,76097,76081,76669,69858,68662,69181,68772,68655,77651,76881,76333,76866,76455,66341,65609,65814,66226,65709
1094,1,0,-1,76757,76323,75511,75500,76092,69381,68185,68712,68327,68191,77060,76304,75746,76273,75879,65898,65156,65355,65769,65247
1095,0,0,-1,77344,76923,76096,76065,76681,69844,68652,69188,68794,68668,77656,76880,76340,76860,76454,66354,65615,65814,66240,65716
1096,1,0,-1,76756,76352,75538,75507,76106,69405,68203,68733,68336,68190,77063,76290,75755,76279,75888,65903,65168,65369,65774,65252
1097,0,0,-1,77347,76941,76121,76078,76691,69874,68679,69204,68804,68653,77640,76884,76352,76880,76466,66366,65636,65832,66242,65728
1098,1,0,-1,76745,76358,75526,75496,76096,69386,68194,68737,68324,68177,77064,76297,75753,76260,75865,65882,65164,65353,65775,65241
1099,0,0,-1,77345,76935,76098,76066,76687,69851,68664,69201,68788,68637,77651,76876,76340,76859,76458,66339,65614,65807,66223,65705
1100,1,0,-1,76763,76341,75516,75507,76092,69378,68199,68740,68322,68184,77059,76305,75756,76270,75889,65896,65172,65365,65781,65251
1101,0,0,-1,77347,76937,76084,76086,76685,69842,68657,69207,68783,68669,77638,76882,76358,76853,76465,66343,65630,65817,66237,65704
1102,1,0,-1,76757,76372,75525,75500,76086,69391,68198,68737,68320,68195,77064,76306,75771,76277,75889,65907,65163,65374,65788,65261
1103,0,0,-1,77339,76925,76087,76055,76659,69850,68649,69190,68781,68653,77638,76871,76334,76845,76453,66346,65610,65822,66230,65713
1104,1,0,-1,76742,76367,75500,75497,76095,69386,68189,68742,68332,68167,77036,76294,75736,76263,75874,65885,65161,65360,65760,65242
1105,0,0,-1,77339,76960,76096,76076,76690,69859,68672,69204,68800,68647,77632,76894,76338,76861,76460,66351,65630,65836,66233,65714
1106,1,0,-1,76734,76344,75514,75492,76077,69375,68186,68725,68320,68186,77053,76290,75760,76249,75877,65887,65180,65358,65774,65238
1107,0,0,-1,77332,76936,76094,76078,76676,69836,68661,69194,68804,68669,77633,76881,76364,76844,76464,66350,65632,65821,66232,65705
1108,1,0,-1,76757,76360,75527,75514,76102,69398,68204,68747,68334,68195,77070,76319,75774,76263,75892,65906,65174,65374,65776,65258
1109,0,0,-1,77357,76937,76098,76083,76693,69842,68681,69206,68802,68659,77641,76898,76355,76845,76462,66353,65630,65827,66230,65706
1110,1,0,-1,76772,76362,75532,75516,76105,69400,68206,68731,68340,68205,77070,76310,75764,76260,75890,65899,65179,65390,65789,65254
1111,0,0,-1,77376,76959,76120,76084,76706,69868,68677,69210,68814,68677,77669,76899,76363,76858,76479,66351,65649,65855,66258,65715
1112,1,0,-1,76758,76370,75524,75510,76107,69402,68207,68744,68334,68203,77076,76308,75759,76260,75886,65901,65178,65386,65798,65247
1113,0,0,-1,77342,76944,76114,76086,76689,69859,68675,69200,68799,68661,77652,76892,76349,76844,76468,66346,65632,65837,66245,65696
1114,1,0,-1,76764,76354,75513,75524,76109,69400,68202,68752,68337,68214,77076,76318,75783,76285,75898,65913,65183,65382,65807,65267
1115,0,0,-1,77356,76937,76098,76096,76692,69866,68674,69221,68817,68677,77649,76887,76373,76872,76480,66380,65649,65843,66262,65728
1116,1,0,-1,76760,76375,75534,75517,76116,69405,68223,68761,68340,68194,77076,76312,75774,76275,75877,65906,65186,65395,65808,65275
1117,0,0,-1,77344,76966,76105,76090,76704,69871,68689,69230,68819,68668,77664,76905,76361,76867,76455,66370,65643,65852,66267,65732
1118,1,0,-1,76748,76374,75530,75517,76115,69395,68188,68762,68345,68200,77073,76323,75769,76275,75871,65891,65181,65379,65804,65262
1119,0,0,-1,77342,76962,76112,76079,76696,69846,68658,69218,68811,68663,77637,76902,76361,76851,76450,66341,65623,65842,66261,65721
1120,1,0,-1,76748,76362,75516,75490,76077,69372,68189,68741,68314,68184,77059,76304,75742,76269,75867,65882,65169,65369,65780,65250
1121,0,0,-1,77354,76951,76106,76076,76678,69837,68658,69201,68785,68655,77648,76889,76347,76861,76461,66341,65626,65831,66252,65717
1122,1,0,-1,76743,76346,75530,75503,76095,69383,68185,68724,68322,68184,77047,76282,75756,76253,75878,65886,65160,65368,65783,65242
1123,0,0,-1,77336,76927,76108,76071,76679,69848,68656,69199,68794,68658,77631,76872,76339,76828,76458,66341,65620,65819,66243,65700
1124,1,0,-1,76751,76367,75512,75509,76104,69393,68195,68746,68312,68198,77056,76302,75763,76260,75878,65903,65173,65378,65789,65241
1125,0,0,-1,77347,76945,76107,76086,76685,69863,68665,69222,68790,68674,77651,76888,76342,76859,76456,66353,65630,65832,66254,65711
1126,1,0,-1,76761,76372,75524,75522,76101,69398,68194,68739,68324,68213,77084,76297,75753,76261,75890,65893,65178,65365,65796,65248
1127,0,0,-1,77342,76963,76108,76087,76685,69842,68662,69206,68795,68690,77659,76895,76350,76856,76454,66349,65635,65822,66262,65705
1128,1,0,-1,76746,76367,75524,75509,76117,69399,68203,68752,68334,68208,77052,76323,75766,76270,75884,65915,65193,65390,65794,65271
1129,0,0,-1,77345,76942,76091,76082,76702,69853,68660,69215,68800,68669,77646,76897,76350,76862,76465,66362,65641,65842,66266,65727
1130,1,0,-1,76742,76372,75516,75511,76090,69389,68187,68731,68327,68188,77050,76314,75760,76266,75884,65896,65159,65384,65791,65250
1131,0,0,-1,77337,76946,76097,76084,76684,69841,68660,69202,68798,68649,77639,76904,76345,76858,76462,66357,65628,65824,66259,65712
1132,1,0,-1,76758,76361,75533,75506,76109,69395,68199,68744,68333,68202,77065,76314,75747,76282,75886,65905,65184,65368,65802,65257
1133,0,0,-1,77355,76943,76116,76095,76701,69869,68661,69218,68819,68681,77652,76897,76339,76860,76474,66359,65649,65830,66270,65717
1134,1,0,-1,76739,76342,75514,75498,76093,69379,68182,68730,68311,68173,77073,76298,75747,76271,75891,65908,65180,65374,65773,65229
1135,0,0,-1,77329,76902,76074,76062,76671,69829,68643,69188,68778,68633,77645,76865,76324,76851,76454,66348,65614,65807,66224,65688
1136,1,0,-1,76745,76345,75521,75505,76109,69376,68189,68736,68328,68171,77062,76301,75753,76280,75894,65902,65188,65377,65787,65242
1137,0,0,-1,77357,76949,76115,76095,76712,69861,68676,69212,68817,68667,77657,76907,76348,76875,76474,66374,65646,65849,66249,65715
1138,1,0,-1,76774,76376,75549,75526,76117,69401,68207,68753,68339,68202,77080,76320,75767,76299,75922,65928,65181,65380,65782,65260
1139,0,0,-1,77358,76949,76117,76089,76697,69847,68663,69206,68804,68661,77662,76895,76347,76871,76489,66382,65637,65837,66244,65717
1140,1,0,-1,76743,76358,75517,75490,76101,69394,68192,68735,68318,68183,77056,76307,75756,76280,75879,65895,65175,65366,65775,65247
1141,0,0,-1,77326,76943,76094,76060,76683,69848,68650,69199,68763,68647,77640,76885,76343,76856,76462,66347,65626,65826,66229,65703
1142,1,0,-1,76748,76356,75521,75497,76103,69387,68177,68723,68332,68189,77055,76300,75745,76260,75872,65887,65141,65369,65784,65257
1143,0,0,-1,77331,76939,76085,76067,76689,69853,68659,69189,68793,68642,77630,76870,76332,76846,76454,66331,65596,65815,66222,65707
1144,1,0,-1,76726,76337,75509,75488,76092,69369,68182,68726,68309,68157,77049,76283,75742,76258,75860,65886,65145,65347,65772,65219
1145,0,0,-1,77298,76903,76072,76035,76662,69816,68637,69180,68767,68609,77617,76855,76316,76827,76430,66322,65586,65804,66215,65657
1146,1,0,-1,76748,76342,75528,75520,76114,69397,68209,68742,68334,68191,77060,76301,75766,76282,75901,65892,65183,65357,65793,65266
1147,0,0,-1,77355,76925,76106,76090,76697,69863,68677,69203,68815,68669,77648,76882,76374,76866,76484,66343,65647,65826,66251,65728
1148,1,0,-1,76728,76334,75502,75502,76091,69382,68183,68723,68315,68172,77045,76298,75764,76258,75887,65876,65159,65349,65782,65242
1149,0,0,-1,77334,76932,76096,76074,76695,69860,68650,69195,68790,68647,77643,76900,76358,76852,76466,66339,65612,65808,66247,65698
1150,1,0,-1,76740,76353,75521,75505,76097,69381,68183,68733,68300,68187,77067,76293,75756,76252,75886,65885,65172,65354,65753,65233
1151,0,0,-1,77339,76935,76100,76086,76684,69859,68660,69206,68787,68664,77662,76882,76353,76841,76463,66342,65636,65826,66234,65696
1152,1,0,-1,76746,76349,75526,75520,76107,69399,68193,68738,68335,68190,77067,76306,75760,76266,75885,65894,65189,65372,65786,65265
1153,0,0,-1,77335,76922,76095,76077,76697,69844,68658,69195,68806,68653,77633,76883,76343,76847,76451,66340,65642,65819,66250,65717
1154,1,0,-1,76743,76335,75518,75515,76089,69385,68185,68727,68321,68197,77058,76308,75767,76229,75871,65885,65170,65355,65777,65258
1155,0,0,-1,77338,76913,76097,76091,76685,69846,68651,69198,68788,68675,77645,76898,76349,76825,76455,66341,65618,65804,66237,65715
1156,1,0,-1,76753,76343,75542,75514,76115,69396,68196,68751,68337,68193,77075,76320,75774,76268,75900,65913,65183,65383,65783,65262
1157,0,0,-1,77335,76924,76116,76082,76704,69854,68659,69202,68796,68662,77661,76899,76363,76847,76470,66374,65641,65828,66243,65727
1158,1,0,-1,76732,76327,75501,75486,76085,69381,68172,68716,68314,68166,77049,76304,75765,76249,75880,65883,65161,65362,65771,65246
1159,0,0,-1,77317,76896,76067,76066,76672,69836,68631,69182,68779,68630,77636,76885,76360,76835,76458,66331,65617,65815,66227,65701
1160,1,0,-1,76741,76344,75524,75516,76115,69407,68192,68746,68316,68191,77051,76298,75769,76249,75878,65903,65168,65372,65789,65255
1161,0,0,-1,77313,76921,76094,76075,76691,69858,68654,69195,68779,68646,77630,76885,76349,76839,76452,66347,65614,65821,66238,65704
1162,1,0,-1,76726,76329,75511,75507,76097,69379,68189,68713,68307,68179,77054,76299,75758,76268,75872,65884,65177,65362,65773,65244
1163,0,0,-1,77337,76916,76101,76085,76691,69862,68664,69204,68784,68669,77657,76899,76369,76867,76473,66355,65647,65836,66244,65713
1164,1,0,-1,76722,76321,75504,75499,76090,69378,68180,68721,68308,68167,77045,76287,75741,76260,75874,65883,65157,65352,65758,65233
1165,0,0,-1,77313,76914,76097,76085,76692,69845,68659,69195,68791,68654,77645,76892,76352,76859,76464,66344,65630,65820,66232,65699
1166,1,0,-1,76724,76336,75523,75509,76107,69380,68198,68717,68313,68175,77065,76309,75769,76278,75870,65875,65171,65363,65772,65239
1167,0,0,-1,77306,76909,76096,76066,76681,69843,68653,69177,68773,68637,77637,76893,76342,76853,76435,66329,65619,65815,66217,65692
1168,1,0,-1,76713,76318,75511,75489,76087,69380,68173,68715,68302,68163,77047,76294,75764,76243,75877,65892,65166,65354,65771,65225
1169,0,0,-1,77311,76906,76102,76074,76677,69854,68650,69186,68771,68641,77632,76885,76353,76843,76456,66351,65629,65819,66241,65690
1170,1,0,-1,76734,76313,75516,75503,76098,69369,68170,68729,68311,68165,77064,76292,75746,76248,75867,65878,65144,65368,65784,65219
1171,0,0,-1,77339,76902,76098,76070,76688,69832,68651,69200,68784,68636,77635,76882,76335,76837,76451,66339,65605,65813,66242,65683
1172,1,0,-1,76748,76341,75530,75488,76110,69381,68191,68728,68309,68177,77061,76301,75756,76257,75887,65898,65165,65358,65774,65260
1173,0,0,-1,77316,76897,76075,76042,76667,69824,68633,69174,68761,68619,77629,76860,76328,76819,76435,66331,65597,65791,66218,65688
1174,1,0,-1,76739,76337,75516,75486,76111,69387,68197,68724,68301,68179,77065,76296,75763,76274,75885,65905,65170,65358,65786,65264
1175,0,0,-1,77325,76907,76091,76055,76688,69842,68664,69191,68758,68646,77643,76878,76336,76855,76454,66347,65618,65799,66251,65720
1176,1,0,-1,76734,76326,75508,75495,76081,69377,68173,68711,68291,68169,77060,76296,75759,76246,75856,65890,65152,65352,65779,65230
1177,0,0,-1,77327,76903,76089,76067,76672,69837,68643,69176,68782,68648,77655,76877,76355,76831,76437,66343,65599,65815,66229,65695
1178,1,0,-1,76757,76340,75527,75500,76100,69396,68188,68726,68305,68188,77070,76308,75745,76251,75884,65894,65174,65382,65778,65249
1179,0,0,-1,77345,76921,76106,76064,76685,69853,68645,69190,68757,68645,77642,76893,76333,76840,76464,66342,65620,65835,66234,65707
1180,1,0,-1,76732,76339,75532,75494,76090,69381,68189,68729,68284,68176,77057,76306,75750,76258,75872,65909,65176,65364,65761,65246
1181,0,0,-1,77314,76900,76095,76053,76666,69841,68649,69192,68760,68645,77631,76868,76325,76831,76436,66355,65618,65809,66210,65690
1182,1,0,-1,76745,76351,75535,75492,76094,69400,68206,68742,68318,68209,77063,76311,75766,76264,75888,65914,65186,65382,65777,65263
1183,0,0,-1,77356,76953,76115,76062,76691,69861,68664,69209,68779,68685,77659,76902,76359,76865,76470,66369,65638,65846,66227,65718
1184,1,0,-1,76738,76349,75516,75482,76076,69378,68190,68722,68293,68171,77046,76293,75752,76241,75869,65890,65162,65360,65753,65244
1185,0,0,-1,77322,76926,76085,76066,76674,69843,68664,69192,68757,68648,77622,76876,76344,76819,76448,66344,65620,65816,66214,65691
1186,1,0,-1,76747,76361,75526,75510,76093,69387,68203,68741,68318,68180,77070,76312,75758,76267,75891,65897,65189,65372,65787,65246
1187,0,0,-1,77319,76934,76104,76069,76674,69839,68660,69197,68781,68641,77640,76894,76343,76846,76453,66346,65628,65826,66241,65697
1188,1,0,-1,76741,76348,75521,75497,76104,69385,68206,68741,68307,68199,77085,76301,75759,76251,75885,65907,65171,65378,65774,65251
1189,0,0,-1,77344,76941,76121,76074,76693,69853,68689,69219,68786,68674,77676,76894,76362,76838,76462,66368,65634,65842,66246,65726
1190,1,0,-1,76759,76366,75545,75508,76119,69392,68215,68741,68327,68202,77077,76317,75780,76268,75890,65913,65181,65388,65780,65263
1191,0,0,-1,77350,76948,76114,76073,76703,69852,68681,69209,68797,68679,77658,76902,76360,76854,76462,66367,65627,65838,66242,65724
1192,1,0,-1,76747,76352,75535,75505,76089,69392,68220,68753,68322,68207,77063,76313,75778,76254,75883,65906,65184,65364,65793,65255
1193,0,0,-1,77354,76935,76117,76087,76689,69866,68690,69226,68790,68679,77648,76895,76362,76845,76466,66359,65647,65827,66254,65717
1194,1,0,-1,76753,76343,75537,75501,76114,69384,68221,68748,68333,68187,77072,76301,75771,76258,75878,65923,65195,65378,65802,65274
1195,0,0,-1,77358,76935,76118,76092,76709,69844,68687,69220,68807,68668,77673,76894,76365,76856,76475,66387,65658,65843,66261,65733
1196,1,0,-1,76745,76347,75534,75515,76118,69412,68218,68755,68318,68212,77069,76317,75773,76282,75879,65919,65175,65384,65803,65272
1197,0,0,-1,77340,76930,76106,76089,76702,69870,68689,69204,68798,68679,77649,76903,76358,76852,76455,66370,65622,65836,66259,65726
1198,1,0,-1,76749,76338,75541,75509,76119,69385,68215,68749,68333,68193,77066,76320,75782,76259,75864,65925,65186,65394,65795,65269
1199,0,0,-1,77326,76922,76115,76084,76698,69838,68667,69213,68797,68657,77649,76912,76370,76840,76434,66384,65644,65842,66240,65716
1200,1,0,-1,76741,76337,75548,75505,76126,69388,68206,68748,68341,68196,77055,76305,75768,76265,75866,65924,65188,65381,65800,65264
1201,0,0,-1,77339,76919,76112,76073,76701,69854,68680,69213,68805,68651,77636,76896,76359,76849,76447,66366,65637,65828,66255,65711
1202,1,0,-1,76732,76337,75546,75505,76121,69404,68210,68740,68335,68208,77075,76313,75778,76263,75893,65929,65205,65392,65799,65284
1203,0,0,-1,77306,76912,76097,76063,76687,69849,68657,69193,68785,68667,77645,76886,76349,76833,76452,66373,65647,65847,66247,65720
1204,1,0,-1,76731,76358,75527,75506,76105,69395,68217,68745,68331,68196,77071,76310,75768,76254,75899,65930,65198,65377,65790,65269
1205,0,0,-1,77300,76918,76093,76056,76676,69838,68666,69196,68771,68637,77636,76875,76341,76834,76456,66357,65635,65820,66236,65708
1206,1,0,-1,76756,76364,75540,75518,76140,69416,68227,68775,68338,68201,77073,76329,75788,76270,75898,65924,65180,65388,65823,65274
1207,0,0,-1,77344,76950,76118,76095,76718,69877,68697,69250,68811,68672,77644,76915,76387,76864,76478,66383,65640,65848,66278,65734
1208,1,0,-1,76733,76339,75527,75513,76118,69388,68219,68735,68339,68197,77059,76306,75765,76256,75881,65905,65174,65373,65814,65268
1209,0,0,-1,77331,76926,76108,76083,76704,69842,68685,69203,68809,68663,77630,76878,76350,76835,76450,66359,65622,65830,66253,65714
1210,1,0,-1,76724,76341,75535,75509,76112,69391,68212,68733,68326,68184,77069,76298,75763,76234,75875,65892,65163,65360,65796,65257
1211,0,0,-1,77334,76937,76114,76088,76707,69853,68684,69212,68802,68663,77660,76894,76366,76832,76458,66358,65626,65827,66264,65715
1212,1,0,-1,76722,76346,75531,75493,76107,69391,68210,68744,68321,68183,77048,76307,75785,76250,75885,65908,65171,65372,65805,65266
1213,0,0,-1,77312,76920,76101,76059,76699,69836,68687,69212,68780,68644,77638,76883,76366,76830,76439,66362,65627,65820,66264,65724
1214,1,0,-1,76740,76338,75538,75506,76106,69412,68206,68757,68327,68181,77059,76299,75771,76242,75882,65901,65178,65389,65803,65268
1215,0,0,-1,77340,76937,76121,76088,76714,69879,68683,69228,68799,68654,77655,76889,76381,76828,76467,66366,65638,65851,66263,65732
1216,1,0,-1,76711,76322,75530,75486,76107,69379,68188,68732,68317,68187,77042,76295,75772,76247,75867,65894,65163,65353,65773,65254
1217,0,0,-1,77315,76914,76104,76071,76701,69852,68664,69211,68805,68653,77641,76887,76367,76841,76464,66355,65628,65826,66258,65725
1218,1,0,-1,76729,76359,75523,75504,76114,69376,68206,68748,68339,68189,77083,76309,75768,76258,75884,65917,65193,65388,65801,65261
1219,0,0,-1,77314,76929,76101,76069,76700,69841,68674,69205,68801,68652,77664,76883,76362,76822,76450,66370,65633,65836,66251,65705
1220,1,0,-1,76744,76361,75540,75521,76127,69391,68235,68756,68337,68197,77067,76316,75796,76268,75892,65920,65199,65390,65797,65279
1221,0,0,-1,77337,76942,76124,76090,76707,69846,68699,69219,68793,68662,77649,76898,76378,76860,76471,66377,65645,65845,66245,65732
1222,1,0,-1,76747,76372,75533,75517,76124,69400,68234,68758,68343,68187,77072,76324,75782,76268,75888,65917,65175,65381,65796,65271
1223,0,0,-1,77351,76960,76131,76098,76723,69869,68705,69226,68817,68667,77657,76918,76385,76874,76476,66379,65639,65852,66266,65735
1224,1,0,-1,76752,76353,75528,75496,76143,69408,68235,68759,68343,68195,77080,76314,75784,76269,75901,65911,65186,65391,65805,65266
1225,0,0,-1,77349,76938,76099,76071,76708,69865,68686,69216,68805,68650,77661,76903,76366,76853,76466,66365,65632,65836,66247,65720
1226,1,0,-1,76744,76357,75535,75516,76120,69397,68212,68756,68331,68187,77086,76304,75794,76288,75886,65915,65170,65379,65815,65263
1227,0,0,-1,77330,76923,76094,76072,76697,69850,68677,69216,68793,68641,77646,76890,76372,76856,76456,66365,65630,65836,66253,65706
1228,1,0,-1,76744,76368,75562,75527,76119,69397,68221,68761,68338,68201,77102,76324,75801,76281,75900,65931,65182,65395,65824,65276
1229,0,0,-1,77320,76937,76123,76087,76691,69848,68678,69220,68813,68657,77669,76889,76381,76849,76465,66377,65626,65846,66261,65725
1230,1,0,-1,76754,76361,75552,75528,76130,69401,68227,68765,68361,68216,77089,76314,75790,76285,75910,65941,65197,65402,65813,65267
1231,0,0,-1,77361,76942,76133,76100,76726,69857,68698,69243,68845,68684,77678,76908,76384,76873,76481,66406,65651,65865,66282,65723
1232,1,0,-1,76755,76359,75547,75503,76119,69396,68219,68752,68331,68189,77098,76309,75795,76272,75896,65926,65185,65382,65803,65260
1233,0,0,-1,77337,76940,76110,76072,76690,69852,68683,69214,68806,68650,77653,76897,76382,76846,76446,66364,65619,65835,66248,65697
1234,1,0,-1,76753,76348,75540,75499,76127,69385,68213,68742,68329,68189,77075,76293,75775,76260,75885,65911,65167,65390,65800,65260
1235,0,0,-1,77369,76950,76126,76084,76725,69864,68688,69225,68808,68667,77675,76890,76376,76855,76476,66380,65643,65854,66265,65727
1236,1,0,-1,76737,76340,75539,75512,76119,69407,68210,68742,68329,68202,77096,76318,75790,76248,75879,65916,65180,65372,65784,65264
1237,0,0,-1,77333,76934,76122,76082,76715,69863,68684,69212,68811,68673,77674,76913,76380,76837,76466,66373,65640,65830,66252,65721
1238,1,0,-1,76761,76352,75528,75490,76121,69375,68204,68743,68340,68181,77090,76319,75799,76259,75876,65897,65174,65364,65800,65258
1239,0,0,-1,77364,76939,76105,76068,76716,69847,68675,69215,68819,68657,77681,76912,76376,76855,76466,66369,65628,65826,66259,65718
1240,1,0,-1,76745,76356,75544,75524,76129,69388,68211,68752,68356,68201,77078,76319,75781,76264,75890,65922,65175,65380,65802,65240
1241,0,0,-1,77331,76945,76111,76090,76722,69858,68683,69208,68820,68673,77660,76915,76372,76855,76471,66382,65638,65846,66270,65702
1242,1,0,-1,76758,76360,75543,75506,76119,69391,68213,68757,68333,68203,77097,76324,75793,76279,75898,65918,65176,65374,65816,65250
1243,0,0,-1,77349,76936,76117,76090,76704,69854,68680,69218,68821,68672,77683,76909,76380,76859,76473,66372,65642,65825,66281,65722
1244,1,0,-1,76749,76355,75550,75519,76120,69395,68205,68753,68350,68205,77097,76324,75785,76265,75903,65910,65192,65377,65804,65259
1245,0,0,-1,77329,76936,76116,76081,76697,69850,68676,69207,68800,68667,77684,76902,76361,76839,76471,66362,65642,65827,66263,65724
1246,1,0,-1,76775,76354,75553,75528,76136,69393,68226,68759,68355,68208,77096,76327,75791,76286,75918,65924,65179,65394,65829,65273
1247,0,0,-1,77351,76921,76121,76083,76708,69855,68685,69215,68802,68670,77668,76905,76373,76864,76488,66360,65626,65840,66283,65734
1248,1,0,-1,76781,76345,75549,75524,76125,69422,68228,68745,68360,68208,77091,76326,75794,76278,75892,65925,65184,65386,65826,65253
1249,0,0,-1,77365,76933,76127,76107,76710,69879,68704,69209,68821,68686,77675,76908,76379,76877,76477,66383,65640,65842,66271,65725
1250,1,0,-1,76759,76337,75536,75513,76119,69402,68210,68743,68349,68212,77084,76327,75770,76272,75906,65912,65178,65376,65810,65275
1251,0,0,-1,77361,76930,76115,76077,76709,69866,68676,69209,68813,68691,77670,76904,76370,76864,76480,66366,65634,65834,66270,65725
1252,1,0,-1,76763,76345,75536,75505,76114,69400,68206,68741,68341,68211,77078,76289,75774,76275,75883,65904,65177,65360,65799,65276
1253,0,0,-1,77352,76926,76117,76081,76699,69863,68678,69200,68817,68689,77662,76882,76369,76870,76471,66361,65634,65826,66270,65730
1254,1,0,-1,76768,76359,75532,75508,76112,69395,68202,68741,68348,68212,77086,76301,75772,76281,75886,65903,65169,65357,65815,65258
1255,0,0,-1,77360,76952,76117,76081,76704,69860,68675,69214,68814,68683,77659,76898,76364,76867,76480,66372,65637,65827,66264,65724
1256,1,0,-1,76776,76373,75531,75529,76123,69404,68212,68753,68359,68224,77102,76319,75785,76287,75914,65917,65192,65381,65810,65264
1257,0,0,-1,77363,76951,76097,76086,76701,69865,68670,69219,68829,68690,77675,76897,76363,76869,76481,66368,65639,65834,66262,65701
1258,1,0,-1,76778,76384,75563,75531,76129,69414,68225,68754,68353,68221,77100,76332,75805,76293,75908,65930,65213,65385,65833,65255
1259,0,0,-1,77377,76959,76129,76100,76719,69869,68693,69222,68816,68697,77688,76926,76383,76873,76470,66385,65657,65837,66289,65708
1260,1,0,-1,76762,76338,75540,75520,76099,69390,68211,68737,68340,68203,77078,76315,75789,76279,75889,65893,65181,65361,65798,65250
1261,0,0,-1,77357,76938,76122,76092,76696,69858,68669,69208,68812,68673,77672,76903,76391,76871,76472,66367,65637,65816,66265,65703
1262,1,0,-1,76759,76354,75542,75529,76118,69397,68217,68752,68347,68215,77088,76315,75782,76288,75897,65903,65182,65372,65794,65241
1263,0,0,-1,77347,76920,76106,76092,76699,69856,68669,69214,68806,68684,77660,76900,76362,76861,76463,66351,65622,65820,66255,65687
1264,1,0,-1,76762,76347,75522,75510,76089,69389,68199,68743,68335,68211,77103,76308,75769,76265,75877,65900,65151,65366,65785,65260
1265,0,0,-1,77363,76930,76109,76080,76688,69852,68673,69216,68806,68679,77669,76895,76363,76858,76453,66360,65612,65815,66238,65705
1266,1,0,-1,76782,76360,75527,75525,76123,69392,68211,68749,68341,68214,77096,76311,75765,76268,75887,65919,65165,65362,65781,65253
1267,0,0,-1,77371,76946,76097,76099,76703,69861,68677,69218,68819,68679,77678,76897,76352,76856,76471,66368,65626,65812,66241,65715
1268,1,0,-1,76757,76352,75511,75510,76113,69403,68198,68736,68342,68207,77059,76290,75766,76256,75886,65899,65161,65353,65797,65263
1269,0,0,-1,77358,76943,76099,76088,76711,69861,68673,69221,68822,68686,77660,76891,76371,76855,76466,66371,65616,65818,66271,65725
1270,1,0,-1,76772,76363,75559,75525,76135,69399,68218,68754,68366,68219,77105,76319,75794,76278,75888,65932,65179,65382,65820,65273
1271,0,0,-1,77365,76961,76130,76090,76715,69865,68689,69226,68835,68687,77684,76901,76369,76868,76471,66384,65632,65837,66271,65739
1272,1,0,-1,76742,76356,75524,75504,76120,69396,68195,68745,68326,68201,77059,76295,75782,76253,75881,65903,65166,65369,65783,65254
1273,0,0,-1,77338,76935,76110,76074,76708,69864,68668,69214,68789,68668,77660,76888,76367,76854,76458,66356,65605,65819,66246,65705
1274,1,0,-1,76759,76355,75531,75515,76122,69389,68200,68739,68332,68207,77067,76291,75775,76267,75897,65915,65179,65385,65808,65257
1275,0,0,-1,77364,76957,76114,76106,76712,69864,68677,69219,68811,68682,77676,76894,76379,76866,76484,66366,65639,65848,66268,65719
1276,1,0,-1,76763,76352,75538,75512,76106,69397,68215,68738,68326,68192,77077,76311,75775,76262,75884,65910,65182,65385,65796,65266
1277,0,0,-1,77353,76938,76121,76076,76701,69867,68682,69210,68813,68669,77658,76905,76371,76855,76479,66363,65640,65852,66262,65727
1278,1,0,-1,76770,76362,75556,75533,76116,69409,68214,68732,68343,68207,77077,76296,75775,76276,75911,65906,65188,65373,65811,65263
1279,0,0,-1,77357,76949,76126,76090,76691,69862,68677,69207,68813,68671,77663,76882,76357,76854,76475,66360,65637,65825,66263,65706
1280,1,0,-1,76760,76360,75541,75504,76123,69389,68204,68744,68322,68206,77071,76321,75788,76261,75886,65916,65198,65379,65814,65253
1281,0,0,-1,77355,76944,76125,76088,76698,69870,68679,69220,68795,68679,77658,76913,76386,76849,76478,66369,65651,65835,66278,65715
1282,1,0,-1,76779,76349,75546,75525,76116,69406,68215,68757,68350,68215,77089,76323,75791,76277,75910,65923,65199,65396,65808,65267
1283,0,0,-1,77356,76928,76105,76096,76698,69871,68692,69223,68805,68673,77674,76909,76384,76869,76483,66378,65638,65844,66272,65708
1284,1,0,-1,76756,76336,75545,75493,76107,69383,68204,68734,68325,68186,77070,76294,75766,76238,75875,65906,65162,65382,65794,65235
1285,0,0,-1,77352,76918,76148,76087,76716,69863,68672,69211,68811,68667,77678,76895,76366,76846,76463,66370,65631,65841,66266,65696
1286,1,0,-1,76750,76352,75540,75520,76130,69396,68225,68745,68329,68219,77079,76311,75782,76270,75886,65917,65181,65387,65806,65268
1287,0,0,-1,77344,76944,76130,76100,76709,69870,68696,69215,68800,68693,77662,76901,76380,76876,76466,66374,65647,65849,66263,65735
1288,1,0,-1,76775,76358,75550,75526,76134,69401,68217,68750,68332,68231,77104,76320,75784,76276,75904,65905,65197,65382,65813,65260
1289,0,0,-1,77366,76929,76127,76089,76711,69861,68685,69218,68805,68690,77678,76898,76376,76862,76484,66352,65650,65833,66267,65710
1290,1,0,-1,76753,76325,75530,75511,76109,69387,68205,68728,68320,68195,77072,76308,75770,76271,75880,65905,65175,65377,65785,65249
1291,0,0,-1,77366,76924,76108,76096,76704,69860,68688,69206,68795,68670,77656,76901,76359,76873,76463,66362,65645,65841,66251,65722
1292,1,0,-1,76763,76350,75532,75520,76116,69400,68215,68747,68324,68208,77092,76296,75784,76277,75890,65912,65175,65376,65788,65256
1293,0,0,-1,77373,76957,76121,76102,76710,69878,68699,69226,68793,68684,77689,76894,76386,76881,76487,66380,65630,65850,66261,65729
1294,1,0,-1,76775,76358,75535,75521,76109,69420,68220,68742,68330,68205,77080,76310,75786,76270,75898,65924,65182,65380,65803,65244
1295,0,0,-1,77358,76933,76109,76095,76691,69877,68688,69207,68799,68661,77685,76897,76381,76857,76477,66371,65639,65838,66252,65719
1296,1,0,-1,76759,76340,75520,75496,76112,69391,68211,68736,68312,68196,77035,76292,75767,76255,75875,65904,65178,65373,65778,65242
1297,0,0,-1,77350,76949,76110,76084,76717,69859,68692,69222,68804,68677,77647,76887,76358,76858,76468,66359,65643,65843,66261,65711
1298,1,0,-1,76763,76368,75529,75520,76124,69404,68220,68754,68362,68192,77070,76297,75785,76271,75895,65924,65181,65376,65814,65267
1299,0,0,-1,77359,76947,76128,76098,76711,69852,68698,69227,68837,68680,77661,76887,76391,76867,76479,66382,65647,65848,66269,65733
1300,1,0,-1,76756,76373,75523,75517,76101,69386,68218,68732,68341,68196,77083,76305,75772,76274,75890,65907,65166,65379,65798,65267
1301,0,0,-1,77335,76929,76098,76085,76682,69840,68681,69187,68796,68654,77651,76878,76360,76852,76455,66363,65618,65834,66257,65700
1302,1,0,-1,76775,76372,75547,75539,76126,69391,68230,68752,68346,68205,77096,76321,75790,76284,75893,65937,65185,65395,65817,65282
1303,0,0,-1,77357,76946,76104,76096,76697,69847,68684,69210,68804,68657,77659,76879,76368,76862,76464,66364,65624,65834,66271,65725
1304,1,0,-1,76761,76361,75529,75517,76107,69407,68227,68744,68340,68222,77086,76302,75793,76269,75883,65905,65148,65367,65797,65261
1305,0,0,-1,77343,76945,76106,76085,76692,69859,68672,69205,68805,68682,77653,76893,76365,76852,76450,66359,65604,65821,66251,65714
1306,1,0,-1,76784,76376,75534,75523,76117,69402,68236,68746,68355,68204,77102,76320,75791,76285,75898,65931,65190,65387,65812,65271
1307,0,0,-1,77362,76930,76088,76087,76685,69875,68683,69206,68810,68662,77663,76895,76370,76849,76461,66372,65631,65833,66256,65714
1308,1,0,-1,76753,76365,75532,75533,76120,69410,68212,68750,68342,68197,77080,76309,75792,76281,75880,65901,65187,65382,65799,65252
1309,0,0,-1,77325,76934,76097,76099,76693,69868,68664,69208,68809,68665,77654,76892,76374,76859,76452,66344,65624,65823,66247,65705
1310,1,0,-1,76746,76363,75520,75513,76100,69398,68195,68738,68322,68191,77086,76304,75775,76275,75878,65911,65176,65371,65799,65235
1311,0,0,-1,77342,76945,76090,76085,76683,69856,68660,69204,68786,68657,77676,76880,76366,76861,76442,66363,65616,65822,66251,65702
1312,1,0,-1,76755,76355,75544,75516,76111,69412,68219,68759,68335,68190,77085,76293,75798,76275,75879,65903,65183,65374,65789,65254
1313,0,0,-1,77344,76927,76113,76091,76701,69872,68686,69226,68808,68651,77664,76872,76388,76850,76456,66360,65644,65832,66236,65708
1314,1,0,-1,76741,76336,75511,75521,76105,69399,68202,68742,68342,68186,77076,76301,75787,76275,75880,65915,65179,65360,65771,65255
1315,0,0,-1,77337,76914,76081,76090,76692,69855,68663,69208,68815,68651,77658,76883,76380,76858,76462,66364,65627,65814,66236,65707
1316,1,0,-1,76740,76352,75531,75524,76111,69405,68213,68747,68328,68203,77090,76304,75796,76296,75883,65899,65168,65366,65797,65257
1317,0,0,-1,77327,76920,76104,76080,76695,69864,68671,69203,68780,68665,77653,76882,76377,76865,76468,66346,65613,65826,66241,65702
1318,1,0,-1,76756,76350,75520,75520,76107,69383,68195,68745,68330,68204,77087,76295,75793,76278,75893,65893,65164,65371,65783,65252
1319,0,0,-1,77350,76924,76103,76088,76706,69846,68668,69209,68806,68661,77656,76878,76386,76866,76477,66354,65624,65828,66248,65711
1320,1,0,-1,76763,76357,75553,75509,76107,69404,68215,68760,68348,68218,77092,76325,75792,76284,75915,65918,65184,65401,65789,65261
1321,0,0,-1,77350,76941,76121,76091,76701,69862,68689,69225,68811,68675,77672,76896,76371,76876,76478,66373,65640,65849,66249,65717
1322,1,0,-1,76755,76364,75526,75526,76119,69396,68211,68753,68332,68209,77087,76305,75802,76288,75900,65903,65172,65379,65790,65263
1323,0,0,-1,77339,76929,76088,76084,76693,69856,68676,69213,68791,68672,77662,76889,76389,76854,76471,66351,65626,65826,66246,65708
1324,1,0,-1,76750,76342,75544,75518,76120,69387,68227,68754,68340,68196,77095,76312,75783,76282,75900,65900,65177,65385,65789,65259
1325,0,0,-1,77332,76913,76110,76071,76700,69835,68684,69224,68791,68653,77671,76896,76364,76868,76467,66330,65625,65829,66238,65708
1326,1,0,-1,76747,76357,75539,75508,76115,69395,68225,68760,68334,68207,77095,76308,75789,76283,75898,65920,65165,65396,65808,65280
1327,0,0,-1,77340,76932,76098,76077,76697,69857,68685,69221,68799,68665,77682,76885,76368,76862,76471,66370,65608,65843,66261,65724
1328,1,0,-1,76758,76342,75528,75508,76124,69389,68209,68756,68340,68214,77086,76333,75766,76288,75908,65914,65187,65378,65811,65270
1329,0,0,-1,77364,76937,76106,76089,76724,69870,68678,69239,68812,68684,77679,76924,76373,76888,76499,66376,65646,65840,66276,65733
1330,1,0,-1,76749,76338,75534,75515,76113,69377,68211,68741,68309,68203,77088,76329,75781,76284,75886,65899,65158,65365,65791,65245
1331,0,0,-1,77341,76901,76106,76070,76690,69830,68681,69202,68791,68652,77658,76903,76366,76865,76457,66358,65602,65814,66255,65704
1332,1,0,-1,76760,76356,75529,75518,76105,69408,68216,68754,68336,68195,77081,76320,75774,76288,75895,65899,65161,65372,65785,65239
1333,0,0,-1,77356,76933,76101,76097,76694,69865,68683,69234,68817,68662,77675,76908,76365,76871,76480,66363,65613,65827,66249,65700
1334,1,0,-1,76750,76334,75543,75519,76121,69398,68204,68734,68339,68203,77099,76307,75779,76293,75892,65897,65161,65370,65793,65255
1335,0,0,-1,77364,76918,76141,76100,76719,69868,68690,69215,68813,68683,77689,76900,76374,76891,76486,66358,65633,65842,66266,65719
1336,1,0,-1,76769,76336,75527,75515,76112,69389,68212,68739,68321,68192,77088,76316,75776,76291,75891,65894,65160,65361,65772,65244
1337,0,0,-1,77378,76923,76115,76102,76710,69852,68693,69218,68814,68661,77681,76911,76392,76883,76480,66349,65633,65815,66225,65711
1338,1,0,-1,76765,76334,75539,75511,76122,69394,68215,68742,68332,68212,77084,76316,75773,76291,75886,65894,65171,65366,65787,65234
1339,0,0,-1,77367,76928,76121,76092,76714,69867,68703,69215,68801,68674,77681,76915,76378,76875,76476,66357,65638,65834,66263,65711
1340,1,0,-1,76764,76342,75529,75512,76119,69416,68234,68753,68347,68191,77081,76326,75780,76295,75892,65902,65179,65381,65807,65242
1341,0,0,-1,77358,76942,76112,76077,76697,69868,68701,69222,68810,68675,77672,76910,76389,76891,76473,66357,65635,65840,66261,65696
1342,1,0,-1,76752,76366,75542,75520,76134,69405,68233,68777,68360,68218,77104,76314,75806,76277,75907,65908,65180,65395,65813,65253
1343,0,0,-1,77346,76949,76123,76096,76718,69867,68684,69243,68816,68673,77680,76892,76385,76863,76483,66352,65634,65843,66260,65708
1344,1,0,-1,76745,76313,75529,75487,76109,69388,68218,68736,68320,68197,77097,76292,75788,76257,75876,65880,65152,65367,65781,65251
1345,0,0,-1,77346,76914,76117,76082,76709,69865,68699,69229,68823,68683,77705,76905,76406,76862,76483,66356,65633,65840,66262,65720
1346,1,0,-1,76766,76321,75545,75524,76144,69390,68230,68752,68334,68218,77107,76317,75791,76282,75907,65905,65173,65380,65783,65260
1347,0,0,-1,77353,76919,76121,76089,76730,69852,68690,69221,68799,68696,77696,76897,76389,76871,76487,66357,65638,65840,66239,65721
1348,1,0,-1,76765,76339,75556,75515,76128,69403,68240,68758,68332,68226,77097,76319,75793,76275,75902,65906,65173,65395,65804,65256
1349,0,0,-1,77349,76926,76137,76095,76723,69860,68710,69225,68810,68688,77672,76906,76389,76871,76476,66363,65626,65848,66272,65718
1350,1,0,-1,76753,76344,75554,75522,76110,69394,68238,68757,68342,68213,77085,76327,75801,76281,75902,65909,65181,65398,65799,65272
1351,0,0,-1,77356,76936,76150,76105,76714,69867,68708,69236,68813,68692,77699,76929,76397,76885,76495,66372,65642,65869,66266,65741
1352,1,0,-1,76783,76357,75571,75523,76135,69414,68249,68764,68365,68235,77102,76349,75818,76294,75919,65926,65205,65393,65808,65273
1353,0,0,-1,77359,76916,76137,76082,76708,69867,68695,69218,68814,68691,77669,76920,76379,76865,76477,66365,65638,65837,66237,65706
1354,1,0,-1,76758,76347,75537,75511,76114,69386,68219,68744,68326,68215,77084,76322,75783,76279,75885,65902,65180,65389,65793,65262
1355,0,0,-1,77357,76947,76117,76094,76693,69854,68694,69228,68810,68685,77682,76913,76387,76875,76474,66359,65645,65849,66252,65728
1356,1,0,-1,76752,76346,75551,75515,76129,69407,68217,68755,68345,68220,77093,76321,75802,76274,75906,65904,65191,65389,65797,65255
1357,0,0,-1,77352,76934,76123,76086,76721,69879,68696,69232,68802,68684,77677,76907,76401,76863,76481,66361,65635,65848,66270,65724
1358,1,0,-1,76777,76363,75547,75530,76124,69404,68238,68747,68342,68220,77086,76303,75802,76287,75901,65894,65197,65394,65798,65271
1359,0,0,-1,77374,76942,76124,76095,76718,69868,68697,69228,68820,68689,77667,76893,76377,76880,76483,66368,65658,65849,66269,65737
1360,1,0,-1,76758,76351,75534,75508,76119,69397,68207,68747,68329,68192,77066,76293,75761,76259,75900,65887,65178,65374,65791,65252
1361,0,0,-1,77346,76928,76123,76080,76693,69861,68682,69196,68811,68663,77651,76898,76358,76854,76474,66339,65629,65832,66243,65708
1362,1,0,-1,76759,76353,75543,75523,76127,69405,68219,68752,68341,68208,77073,76321,75782,76272,75892,65888,65174,65382,65796,65243
1363,0,0,-1,77361,76912,76123,76106,76718,69873,68685,69230,68821,68677,77659,76917,76382,76866,76489,66352,65645,65829,66262,65716
1364,1,0,-1,76773,76336,75537,75523,76120,69409,68200,68747,68334,68215,77076,76311,75772,76268,75884,65893,65168,65373,65776,65243
1365,0,0,-1,77368,76932,76127,76088,76722,69891,68681,69235,68817,68691,77674,76916,76374,76868,76483,66359,65636,65845,66247,65711
1366,1,0,-1,76755,76329,75550,75523,76130,69401,68204,68749,68326,68221,77100,76316,75775,76260,75887,65903,65173,65370,65802,65259
1367,0,0,-1,77343,76913,76125,76099,76715,69869,68667,69212,68797,68694,77671,76906,76360,76851,76468,66348,65621,65821,66248,65709
1368,1,0,-1,76751,76341,75553,75533,76137,69410,68203,68755,68320,68219,77087,76323,75786,76278,75902,65908,65178,65368,65801,65251
1369,0,0,-1,77357,76936,76126,76126,76735,69887,68690,69232,68808,68700,77686,76921,76396,76880,76491,66374,65641,65844,66267,65725
1370,1,0,-1,76757,76353,75561,75527,76144,69417,68228,68769,68330,68227,77105,76327,75779,76293,75907,65915,65194,65395,65807,65270
1371,0,0,-1,77364,76929,76146,76098,76736,69879,68699,69240,68795,68695,77683,76925,76376,76887,76470,66365,65643,65849,66267,65731
1372,1,0,-1,76752,76360,75544,75511,76128,69410,68218,68754,68335,68219,77085,76312,75792,76271,75910,65896,65188,65388,65796,65266
1373,0,0,-1,77354,76945,76130,76096,76728,69874,68692,69221,68819,68703,77672,76902,76378,76876,76496,66359,65649,65852,66257,65736
1374,1,0,-1,76755,76369,75542,75507,76111,69399,68216,68745,68336,68207,77080,76317,75782,76273,75897,65908,65199,65388,65787,65271
1375,0,0,-1,77336,76947,76100,76078,76694,69857,68675,69200,68801,68657,77655,76896,76354,76857,76469,66351,65645,65846,66238,65718
1376,1,0,-1,76747,76352,75529,75503,76130,69411,68210,68748,68355,68199,77086,76311,75771,76279,75871,65893,65172,65376,65794,65253
1377,0,0,-1,77335,76931,76096,76076,76707,69866,68676,69209,68811,68672,77653,76895,76361,76868,76449,66351,65628,65826,66244,65708
1378,1,0,-1,76765,76360,75534,75511,76125,69404,68207,68757,68336,68206,77086,76311,75781,76284,75879,65901,65185,65387,65803,65251
1379,0,0,-1,77357,76940,76105,76095,76700,69873,68679,69214,68809,68673,77659,76899,76368,76861,76465,66357,65627,65844,66259,65712
1380,1,0,-1,76742,76356,75545,75515,76128,69412,68205,68746,68360,68204,77084,76321,75777,76288,75879,65905,65183,65383,65809,65259
1381,0,0,-1,77361,76957,76156,76101,76727,69888,68689,69229,68840,68675,77698,76930,76380,76898,76487,66384,65648,65868,66283,65734
1382,1,0,-1,76753,76343,75521,75508,76118,69387,68209,68739,68337,68192,77091,76322,75781,76276,75873,65904,65171,65384,65799,65246
1383,0,0,-1,77343,76927,76099,76079,76697,69857,68676,69205,68801,68664,77671,76898,76355,76859,76447,66351,65617,65832,66251,65704
1384,1,0,-1,76765,76345,75538,75520,76118,69397,68226,68758,68352,68226,77082,76330,75772,76297,75912,65905,65176,65396,65791,65257
1385,0,0,-1,77344,76908,76105,76070,76693,69849,68680,69212,68808,68664,77669,76903,76351,76872,76476,66342,65626,65844,66241,65703
1386,1,0,-1,76772,76335,75529,75513,76102,69392,68217,68761,68336,68204,77085,76324,75768,76291,75893,65905,65198,65406,65816,65265
1387,0,0,-1,77363,76918,76107,76100,76694,69864,68692,69238,68813,68670,77677,76917,76374,76885,76489,66360,65649,65862,66284,65728
1388,1,0,-1,76773,76339,75546,75511,76130,69408,68216,68761,68352,68211,77088,76325,75778,76284,75902,65920,65193,65399,65807,65259
1389,0,0,-1,77365,76919,76107,76081,76706,69866,68684,69216,68814,68674,77661,76898,76352,76866,76472,66374,65639,65845,66262,65704
1390,1,0,-1,76763,76313,75533,75516,76118,69396,68213,68743,68334,68185,77076,76296,75770,76267,75873,65900,65178,65376,65786,65250
1391,0,0,-1,77357,76898,76112,76094,76708,69870,68677,69218,68805,68655,77658,76900,76366,76852,76460,66351,65644,65833,66240,65706
1392,1,0,-1,76761,76352,75524,75528,76131,69401,68209,68769,68355,68203,77090,76311,75794,76290,75884,65915,65196,65390,65808,65242
1393,0,0,-1,77341,76928,76101,76092,76710,69855,68674,69231,68828,68656,77667,76904,76375,76869,76446,66365,65653,65847,66267,65695
1394,1,0,-1,76768,76341,75528,75517,76111,69404,68203,68763,68345,68202,77075,76332,75780,76267,75871,65903,65190,65386,65816,65257
1395,0,0,-1,77354,76921,76113,76094,76700,69874,68665,69231,68813,68675,77667,76904,76372,76857,76462,66361,65657,65851,66277,65707
1396,1,0,-1,76765,76348,75530,75517,76124,69403,68211,68763,68331,68199,77091,76306,75785,76279,75908,65925,65186,65391,65796,65254
1397,0,0,-1,77376,76937,76134,76093,76728,69883,68697,69256,68824,68677,77675,76904,76384,76881,76489,66382,65655,65863,66268,65719
1398,1,0,-1,76768,76352,75550,75519,76134,69402,68225,68773,68346,68207,77089,76333,75797,76281,75907,65926,65206,65407,65807,65263
1399,0,0,-1,77361,76936,76113,76085,76713,69871,68691,69233,68803,68676,77676,76909,76368,76869,76483,66374,65665,65851,66265,65711
1400,1,0,-1,76766,76334,75536,75508,76125,69392,68192,68753,68331,68193,77091,76304,75769,76279,75872,65903,65190,65391,65779,65244
1401,0,0,-1,77361,76915,76097,76072,76705,69859,68659,69215,68805,68645,77665,76881,76358,76854,76447,66355,65644,65849,66242,65706
1402,1,0,-1,76767,76354,75532,75497,76117,69403,68213,68754,68353,68197,77074,76306,75778,76282,75890,65909,65197,65392,65790,65269
1403,0,0,-1,77358,76935,76115,76078,76717,69884,68688,69218,68819,68664,77676,76893,76367,76867,76468,66365,65646,65854,66247,65729
1404,1,0,-1,76768,76331,75525,75490,76113,69393,68209,68767,68338,68210,77091,76306,75781,76270,75890,65909,65194,65406,65788,65255
1405,0,0,-1,77371,76941,76112,76076,76726,69868,68697,69248,68811,68689,77699,76908,76388,76872,76478,66372,65652,65865,66251,65721
1406,1,0,-1,76777,76355,75537,75525,76127,69409,68206,68771,68341,68200,77097,76317,75785,76280,75909,65909,65200,65400,65813,65265
1407,0,0,-1,77360,76939,76121,76092,76705,69872,68673,69234,68804,68673,77675,76907,76375,76871,76488,66369,65649,65849,66264,65731
1408,1,0,-1,76753,76351,75554,75511,76134,69406,68190,68762,68329,68216,77081,76309,75770,76286,75890,65917,65180,65396,65789,65269
1409,0,0,-1,77341,76942,76124,76080,76714,69865,68658,69231,68805,68679,77661,76906,76364,76868,76465,66381,65637,65844,66260,65738
1410,1,0,-1,76766,76337,75538,75525,76131,69405,68211,68748,68350,68216,77088,76309,75768,76270,75887,65914,65194,65383,65804,65267
1411,0,0,-1,77382,76916,76118,76097,76719,69874,68684,69233,68808,68676,77673,76901,76360,76855,76474,66373,65641,65844,66279,65726
1412,1,0,-1,76771,76347,75553,75518,76139,69396,68216,68747,68350,68213,77109,76324,75784,76280,75881,65901,65182,65374,65812,65256
1413,0,0,-1,77366,76923,76128,76086,76728,69864,68688,69224,68824,68690,77689,76907,76374,76864,76463,66362,65636,65850,66263,65723
1414,1,0,-1,76779,76354,75546,75504,76147,69405,68223,68760,68360,68209,77099,76312,75810,76296,75899,65922,65198,65396,65814,65275
1415,0,0,-1,77357,76918,76120,76075,76726,69873,68678,69225,68815,68656,77688,76892,76381,76874,76468,66360,65639,65843,66257,65723
1416,1,0,-1,76764,76341,75547,75504,76138,69407,68215,68751,68336,68218,77068,76316,75786,76270,75905,65911,65185,65371,65803,65249
1417,0,0,-1,77357,76931,76130,76068,76721,69875,68695,69211,68813,68682,77660,76908,76375,76857,76482,66363,65639,65823,66256,65716
1418,1,0,-1,76768,76361,75563,75511,76129,69409,68226,68763,68361,68205,77079,76336,75794,76286,75901,65916,65184,65385,65802,65278
1419,0,0,-1,77375,76937,76143,76094,76725,69879,68695,69235,68846,68682,77672,76922,76384,76881,76480,66374,65653,65852,66272,65740
1420,1,0,-1,76754,76332,75534,75505,76120,69403,68210,68751,68341,68201,77083,76320,75776,76270,75868,65906,65183,65382,65797,65251
1421,0,0,-1,77348,76921,76116,76072,76712,69869,68677,69212,68802,68670,77659,76901,76362,76854,76455,66367,65643,65837,66241,65719
1422,1,0,-1,76759,76327,75538,75489,76117,69390,68200,68749,68332,68188,77077,76298,75777,76274,75870,65902,65170,65378,65783,65255
1423,0,0,-1,77358,76912,76115,76068,76711,69858,68671,69217,68806,68661,77663,76883,76359,76864,76433,66356,65621,65834,66248,65715
1424,1,0,-1,76764,76335,75538,75517,76137,69414,68221,68754,68354,68227,77083,76316,75780,76280,75899,65920,65171,65397,65802,65277
1425,0,0,-1,77366,76933,76137,76109,76738,69889,68693,69233,68830,68696,77682,76913,76385,76877,76491,66383,65651,65859,66267,65742
1426,1,0,-1,76761,76335,75542,75515,76134,69396,68202,68757,68344,68212,77082,76306,75779,76278,75905,65902,65182,65384,65807,65273
1427,0,0,-1,77373,76931,76129,76085,76729,69857,68667,69232,68828,68676,77670,76895,76370,76869,76480,66361,65622,65843,66265,65726
1428,1,0,-1,76770,76346,75534,75514,76132,69410,68219,68751,68340,68217,77078,76330,75795,76286,75908,65910,65183,65382,65798,65268
1429,0,0,-1,77353,76921,76104,76069,76699,69856,68667,69211,68795,68676,77653,76900,76357,76861,76475,66356,65626,65829,66248,65722
1430,1,0,-1,76771,76366,75533,75512,76132,69425,68207,68752,68350,68221,77099,76307,75779,76272,75893,65908,65170,65392,65795,65278
1431,0,0,-1,77361,76947,76107,76086,76720,69883,68677,69222,68822,68677,77688,76906,76376,76864,76473,66364,65633,65842,66253,65724
1432,1,0,-1,76779,76383,75559,75525,76154,69419,68214,68767,68330,68215,77080,76334,75785,76281,75921,65929,65203,65408,65815,65291
1433,0,0,-1,77362,76950,76136,76082,76735,69880,68681,69222,68789,68670,77672,76914,76351,76861,76482,66374,65647,65859,66271,65743
1434,1,0,-1,76751,76354,75519,75500,76116,69395,68195,68744,68319,68193,77045,76309,75774,76256,75880,65889,65165,65370,65802,65266
1435,0,0,-1,77337,76937,76100,76071,76693,69860,68660,69212,68793,68661,77633,76886,76347,76837,76455,66338,65615,65818,66253,65714
1436,1,0,-1,76751,76340,75519,75491,76111,69391,68190,68733,68294,68175,77058,76289,75748,76255,75870,65884,65159,65359,65781,65255
1437,0,0,-1,77371,76926,76105,76077,76713,69868,68672,69216,68781,68661,77652,76896,76348,76854,76466,66363,65620,65834,66276,65725
1438,1,0,-1,76775,76331,75517,75507,76121,69404,68195,68753,68341,68186,77089,76325,75775,76262,75900,65910,65164,65361,65815,65272
1439,0,0,-1,77350,76918,76094,76081,76698,69867,68663,69224,68811,68654,77674,76907,76365,76843,76473,66366,65629,65811,66287,65728
1440,1,0,-1,76744,76335,75533,75506,76106,69397,68211,68744,68316,68203,77076,76315,75772,76244,75886,65888,65158,65369,65791,65261
1441,0,0,-1,77346,76905,76092,76077,76701,69848,68676,69206,68778,68668,77658,76893,76356,76841,76467,66354,65612,65826,66247,65719
1442,1,0,-1,76766,76355,75527,75508,76117,69407,68202,68763,68318,68201,77084,76311,75779,76267,75899,65920,65176,65390,65829,65266
1443,0,0,-1,77363,76937,76091,76081,76700,69860,68667,69220,68782,68664,77661,76889,76354,76851,76466,66359,65622,65834,66273,65715
1444,1,0,-1,76765,76340,75523,75497,76115,69409,68205,68745,68330,68192,77062,76301,75772,76252,75886,65902,65161,65362,65812,65251
1445,0,0,-1,77356,76924,76109,76073,76709,69880,68660,69208,68797,68669,77657,76901,76373,76855,76474,66363,65626,65830,66270,65719
1446,1,0,-1,76757,76343,75531,75503,76119,69397,68193,68730,68334,68186,77064,76297,75777,76249,75883,65890,65169,65361,65793,65245
1447,0,0,-1,77361,76922,76114,76079,76712,69859,68667,69189,68811,68666,77651,76883,76370,76828,76453,66354,65622,65817,66256,65711
1448,1,0,-1,76756,76361,75531,75504,76116,69406,68198,68740,68338,68201,77061,76311,75774,76269,75874,65906,65171,65380,65803,65259
1449,0,0,-1,77331,76949,76097,76074,76707,69864,68657,69196,68798,68664,77631,76883,76373,76840,76450,66348,65616,65830,66251,65712
1450,1,0,-1,76765,76361,75550,75519,76126,69421,68202,68742,68330,68206,77068,76300,75782,76270,75889,65908,65182,65382,65806,65264
1451,0,0,-1,77355,76937,76128,76100,76729,69883,68677,69214,68802,68674,77665,76887,76363,76854,76473,66368,65640,65846,66264,65722
1452,1,0,-1,76759,76343,75525,75513,76113,69423,68209,68751,68335,68194,77058,76306,75750,76272,75874,65917,65178,65364,65821,65257
1453,0,0,-1,77338,76921,76085,76071,76701,69873,68670,69201,68794,68656,77638,76875,76337,76855,76447,66346,65608,65809,66267,65710
1454,1,0,-1,76748,76343,75523,75519,76118,69394,68206,68739,68325,68203,77058,76317,75772,76270,75893,65905,65177,65372,65813,65279
1455,0,0,-1,77347,76937,76110,76087,76704,69867,68681,69210,68801,68675,77640,76906,76376,76867,76475,66352,65636,65840,66270,65728
1456,1,0,-1,76767,76362,75533,75518,76121,69414,68199,68763,68331,68218,77080,76324,75788,76288,75888,65902,65191,65379,65812,65282
1457,0,0,-1,77353,76936,76109,76091,76714,69878,68672,69223,68802,68688,77665,76909,76367,76872,76473,66361,65647,65839,66279,65733
1458,1,0,-1,76765,76346,75522,75505,76119,69394,68199,68731,68316,68186,77059,76315,75772,76261,75878,65884,65170,65363,65793,65252
1459,0,0,-1,77347,76918,76081,76053,76698,69831,68648,69188,68786,68643,77620,76884,76346,76832,76437,66322,65604,65796,66244,65696
1460,1,0,-1,76750,76322,75507,75510,76119,69390,68195,68723,68323,68206,77065,76312,75767,76262,75882,65886,65146,65361,65795,65237
1461,0,0,-1,77367,76931,76107,76089,76713,69866,68680,69202,68806,68681,77656,76902,76366,76865,76480,66354,65612,65824,66282,65700
1462,1,0,-1,76760,76341,75529,75515,76128,69409,68198,68747,68335,68197,77072,76302,75764,76283,75884,65903,65176,65366,65798,65251
1463,0,0,-1,77364,76939,76112,76089,76730,69873,68657,69214,68812,68664,77657,76883,76369,76866,76466,66351,65632,65822,66252,65717
1464,1,0,-1,76749,76334,75525,75521,76118,69396,68188,68740,68333,68179,77072,76311,75772,76279,75877,65897,65176,65363,65794,65245
1465,0,0,-1,77360,76930,76114,76101,76720,69869,68668,69217,68814,68666,77672,76902,76378,76884,76478,66364,65643,65823,66270,65710
1466,1,0,-1,76756,76338,75534,75504,76122,69395,68188,68732,68335,68201,77079,76315,75780,76270,75885,65890,65182,65369,65802,65250
1467,0,0,-1,77355,76917,76115,76079,76711,69865,68669,69199,68803,68663,77654,76895,76376,76857,76477,66346,65638,65815,66267,65703
1468,1,0,-1,76750,76353,75539,75506,76130,69396,68210,68748,68347,68201,77060,76318,75799,76277,75881,65888,65178,65379,65788,65256
1469,0,0,-1,77346,76929,76105,76062,76703,69857,68669,69201,68814,68669,77625,76895,76377,76847,76452,66342,65623,65823,66250,65715
1470,1,0,-1,76771,76350,75527,75507,76131,69406,68195,68744,68336,68193,77065,76320,75779,76272,75875,65900,65174,65370,65798,65250
1471,0,0,-1,77357,76926,76103,76077,76716,69859,68662,69211,68801,68658,77653,76901,76355,76853,76458,66356,65632,65823,66257,65702
1472,1,0,-1,76774,76342,75530,75506,76139,69410,68206,68755,68346,68201,77050,76317,75773,76276,75891,65910,65180,65374,65805,65251
1473,0,0,-1,77366,76923,76098,76077,76727,69861,68669,69228,68815,68675,77628,76904,76361,76863,76465,66354,65630,65824,66271,65712
1474,1,0,-1,76772,76342,75536,75519,76141,69394,68200,68740,68349,68185,77082,76315,75770,76275,75887,65890,65169,65374,65794,65256
1475,0,0,-1,77366,76913,76096,76084,76718,69854,68659,69208,68805,68658,77660,76891,76353,76858,76458,66338,65618,65814,66246,65707
1476,1,0,-1,76771,76359,75536,75512,76128,69411,68221,68743,68331,68213,77088,76318,75778,76263,75898,65893,65181,65385,65795,65243
1477,0,0,-1,77371,76938,76123,76086,76730,69870,68701,69228,68833,68684,77663,76896,76373,76867,76485,66367,65630,65849,66261,65704
1478,1,0,-1,76785,76355,75540,75522,76126,69407,68207,68758,68351,68205,77073,76326,75784,76282,75906,65913,65182,65378,65779,65259
1479,0,0,-1,77380,76937,76104,76088,76724,69859,68675,69218,68831,68666,77653,76909,76361,76861,76485,66363,65639,65826,66248,65737
1480,1,0,-1,76764,76329,75503,75501,76093,69366,68182,68728,68325,68186,77043,76292,75743,76252,75870,65888,65146,65359,65784,65229
1481,0,0,-1,77362,76916,76085,76085,76692,69846,68660,69202,68808,68660,77649,76887,76348,76854,76464,66347,65620,65822,66251,65698
1482,1,0,-1,76772,76349,75534,75529,76136,69383,68205,68741,68334,68196,77072,76309,75758,76266,75887,65909,65172,65376,65804,65252
1483,0,0,-1,77373,76924,76109,76093,76727,69842,68674,69204,68797,68657,77652,76895,76349,76853,76466,66358,65628,65826,66250,65714
1484,1,0,-1,76756,76322,75486,75490,76109,69373,68186,68716,68326,68197,77053,76288,75745,76251,75866,65892,65150,65350,65774,65232
1485,0,0,-1,77356,76915,76063,76074,76710,69847,68659,69196,68790,68678,77637,76877,76351,76849,76447,66358,65610,65816,66241,65693
1486,1,0,-1,76771,76333,75501,75519,76119,69387,68200,68722,68344,68192,77070,76280,75767,76258,75869,65894,65176,65364,65782,65241
1487,0,0,-1,77353,76912,76078,76092,76714,69860,68666,69193,68819,68667,77666,76875,76368,76850,76451,66354,65632,65831,66255,65699
1488,1,0,-1,76769,76337,75535,75506,76109,69373,68194,68724,68335,68208,77069,76286,75762,76249,75867,65890,65175,65363,65798,65242
1489,0,0,-1,77355,76930,76110,76084,76713,69847,68665,69200,68809,68671,77656,76884,76345,76848,76441,66357,65626,65821,66268,65706
1490,1,0,-1,76745,76312,75507,75481,76102,69363,68170,68721,68330,68184,77051,76291,75753,76244,75881,65869,65151,65348,65790,65233
1491,0,0,-1,77341,76913,76089,76059,76703,69830,68641,69184,68807,68659,77641,76883,76347,76837,76456,66329,65611,65808,66248,65694
1492,1,0,-1,76751,76336,75498,75498,76124,69380,68181,68744,68341,68195,77056,76304,75763,76271,75854,65887,65162,65369,65799,65250
1493,0,0,-1,77358,76932,76092,76080,76718,69864,68670,69215,68815,68661,77660,76898,76361,76866,76455,66350,65622,65816,66266,65707
1494,1,0,-1,76779,76347,75512,75535,76141,69404,68210,68758,68356,68211,77068,76315,75776,76274,75897,65917,65176,65394,65809,65262
1495,0,0,-1,77340,76922,76102,76079,76712,69860,68674,69207,68811,68657,77633,76887,76345,76845,76452,66356,65614,65831,66267,65698
1496,1,0,-1,76731,76339,75512,75502,76118,69377,68195,68734,68329,68185,77047,76292,75753,76227,75850,65870,65154,65346,65767,65227
1497,0,0,-1,77352,76933,76128,76090,76732,69865,68687,69217,68810,68679,77670,76905,76373,76850,76465,66357,65638,65828,66259,65705
1498,1,0,-1,76765,76364,75519,75499,76114,69392,68206,68727,68335,68197,77055,76297,75760,76246,75872,65888,65158,65356,65790,65230
1499,0,0,-1,77362,76948,76096,76076,76716,69846,68682,69205,68803,68676,77636,76887,76361,76837,76457,66344,65623,65813,66251,65694
