rep,heat_enabled,transmitter_bit,transmitter_mask,ctrl_0_ro_0,ctrl_0_ro_1,ctrl_0_ro_2,ctrl_0_ro_3,ctrl_0_ro_4,ctrl_1_ro_0,ctrl_1_ro_1,ctrl_1_ro_2,ctrl_1_ro_3,ctrl_1_ro_4,ctrl_2_ro_0,ctrl_2_ro_1,ctrl_2_ro_2,ctrl_2_ro_3,ctrl_2_ro_4,ctrl_3_ro_0,ctrl_3_ro_1,ctrl_3_ro_2,ctrl_3_ro_3,ctrl_3_ro_4
0,1,0,0,76739,76307,75535,75527,76140,69436,68259,68810,68410,68281,76986,76321,75794,76238,75856,65971,65192,65393,65849,65270
1,0,0,0,77344,76900,76113,76098,76722,69887,68729,69283,68884,68753,77591,76907,76371,76824,76427,66415,65641,65852,66299,65716
2,1,0,0,76766,76334,75546,75534,76153,69426,68288,68809,68435,68294,77021,76337,75787,76252,75852,65960,65191,65405,65839,65256
3,0,0,0,77338,76908,76112,76089,76720,69887,68746,69270,68897,68747,77593,76902,76364,76824,76420,66420,65655,65848,66297,65712
4,1,0,0,76778,76344,75550,75547,76169,69438,68301,68820,68451,68308,77027,76343,75807,76273,75865,65970,65203,65408,65861,65284
5,0,0,0,77353,76924,76118,76111,76743,69898,68753,69267,68904,68768,77617,76909,76391,76850,76434,66417,65642,65855,66326,65737
6,1,0,0,76786,76344,75554,75537,76167,69435,68304,68800,68447,68305,77031,76332,75810,76273,75855,65966,65197,65394,65867,65278
7,0,0,0,77357,76929,76121,76097,76741,69890,68765,69271,68911,68758,77609,76913,76385,76850,76431,66407,65647,65848,66318,65734
8,1,0,0,76775,76345,75554,75530,76168,69433,68305,68805,68450,68293,77017,76330,75797,76267,75860,65951,65201,65388,65857,65283
9,0,0,0,77357,76931,76115,76095,76743,69892,68759,69265,68910,68755,77606,76898,76370,76837,76429,66403,65650,65841,66313,65734
10,1,0,0,76777,76366,75559,75547,76177,69426,68311,68812,68459,68300,77038,76339,75809,76280,75864,65965,65200,65396,65872,65284
11,0,0,0,77361,76927,76130,76105,76757,69893,68765,69281,68916,68762,77601,76906,76388,76857,76437,66411,65651,65849,66325,65731
12,1,0,0,76769,76350,75547,75537,76161,69435,68306,68816,68453,68302,77015,76320,75810,76276,75856,65953,65191,65397,65861,65275
13,0,0,0,77345,76930,76115,76099,76749,69903,68757,69283,68908,68762,77589,76887,76393,76846,76436,66407,65640,65847,66304,65726
14,1,0,0,76787,76376,75568,75548,76197,69460,68325,68842,68471,68332,77040,76341,75830,76302,75886,65977,65218,65421,65873,65296
15,0,0,0,77341,76924,76118,76088,76758,69890,68756,69289,68908,68765,77591,76906,76390,76861,76438,66408,65643,65851,66306,65729
16,1,0,0,76757,76356,75551,75529,76187,69444,68294,68817,68449,68307,77030,76326,75806,76283,75866,65956,65189,65394,65870,65278
17,0,0,0,77349,76925,76117,76100,76756,69904,68754,69285,68913,68754,77609,76905,76384,76856,76442,66404,65641,65844,66324,65728
18,1,0,0,76785,76353,75548,75524,76185,69451,68301,68827,68466,68300,77027,76340,75808,76283,75873,65966,65202,65391,65878,65290
19,0,0,0,77354,76921,76116,76090,76756,69913,68759,69276,68920,68755,77604,76899,76387,76859,76435,66404,65651,65847,66317,65739
20,1,0,0,76779,76350,75555,75539,76188,69459,68308,68826,68471,68307,77022,76331,75822,76282,75878,65965,65209,65404,65877,65283
21,0,0,0,77361,76941,76122,76104,76769,69915,68771,69290,68933,68770,77604,76913,76397,76855,76446,66416,65670,65863,66331,65735
22,1,0,0,76780,76358,75564,75545,76198,69463,68302,68821,68469,68316,77030,76339,75816,76282,75877,65973,65216,65419,65876,65278
23,0,0,0,77338,76914,76105,76093,76738,69890,68748,69277,68916,68747,77578,76903,76378,76842,76427,66405,65642,65847,66313,65720
24,1,0,0,76787,76376,75581,75562,76195,69461,68324,68839,68484,68318,77032,76361,75830,76291,75890,65985,65218,65423,65896,65293
25,0,0,0,77331,76927,76101,76093,76746,69891,68752,69275,68913,68746,77585,76900,76381,76835,76426,66403,65645,65845,66326,65727
26,1,0,0,76783,76373,75565,75543,76197,69464,68314,68823,68473,68310,77023,76347,75838,76286,75887,65974,65215,65421,65881,65304
27,0,0,0,77345,76924,76115,76097,76746,69911,68761,69269,68920,68759,77581,76908,76401,76846,76437,66419,65658,65859,66330,65744
28,1,0,0,76776,76359,75561,75545,76178,69461,68316,68808,68476,68308,77011,76347,75829,76279,75876,65971,65217,65422,65889,65292
29,0,0,0,77348,76917,76108,76092,76732,69898,68757,69261,68918,68748,77576,76890,76382,76829,76422,66405,65632,65854,66318,65732
30,1,0,0,76790,76361,75568,75562,76188,69453,68325,68826,68472,68326,77015,76341,75822,76287,75880,65966,65212,65415,65886,65291
31,0,0,0,77366,76937,76118,76113,76750,69913,68776,69281,68922,68777,77593,76906,76391,76860,76443,66416,65655,65862,66340,65741
32,1,0,0,76784,76357,75559,75549,76190,69462,68325,68823,68466,68322,77024,76329,75822,76282,75871,65965,65202,65412,65883,65294
33,0,0,0,77358,76927,76111,76100,76748,69907,68774,69293,68918,68771,77590,76896,76389,76849,76431,66410,65638,65858,66323,65727
34,1,0,0,76788,76350,75561,75547,76186,69455,68325,68833,68464,68319,77013,76332,75820,76285,75866,65958,65199,65408,65871,65284
35,0,0,0,77362,76922,76120,76112,76756,69922,68784,69291,68921,68768,77591,76913,76406,76857,76447,66413,65653,65860,66328,65738
36,1,0,0,76770,76362,75550,75537,76196,69458,68326,68822,68460,68315,77019,76330,75819,76279,75874,65967,65211,65418,65879,65281
37,0,0,0,77344,76927,76109,76101,76758,69909,68775,69288,68914,68769,77593,76918,76405,76857,76442,66412,65656,65867,66331,65732
38,1,0,0,76772,76357,75555,75534,76187,69449,68326,68831,68458,68315,77013,76342,75826,76285,75875,65960,65195,65411,65885,65275
39,0,0,0,77355,76924,76106,76096,76751,69906,68770,69291,68921,68770,77582,76913,76392,76842,76439,66408,65642,65854,66337,65723
40,1,0,0,76789,76353,75556,75545,76187,69465,68327,68827,68466,68320,77009,76342,75822,76284,75870,65976,65199,65418,65898,65294
41,0,0,0,77340,76908,76105,76097,76748,69905,68767,69273,68913,68759,77586,76907,76380,76841,76427,66407,65628,65848,66327,65722
42,1,0,0,76800,76376,75575,75572,76209,69470,68350,68852,68486,68336,77048,76357,75831,76307,75892,65984,65216,65438,65903,65304
43,0,0,0,77372,76935,76122,76122,76760,69925,68784,69306,68936,68777,77607,76925,76399,76867,76446,66426,65656,65875,66343,65748
44,1,0,0,76789,76351,75565,75553,76198,69466,68321,68837,68479,68315,77037,76350,75816,76283,75877,65968,65210,65415,65889,65295
45,0,0,0,77361,76935,76137,76123,76777,69930,68783,69305,68940,68780,77623,76933,76405,76863,76454,66413,65666,65877,66353,65751
46,1,0,0,76770,76359,75568,75553,76194,69462,68316,68831,68467,68317,77027,76342,75822,76284,75877,65964,65210,65413,65887,65290
47,0,0,0,77342,76926,76118,76116,76754,69911,68760,69278,68918,68771,77591,76916,76377,76844,76438,66403,65647,65850,66323,65724
48,1,0,0,76787,76378,75579,75572,76197,69488,68337,68847,68480,68332,77039,76366,75838,76301,75895,65977,65223,65435,65903,65305
49,0,0,0,77350,76940,76125,76121,76749,69924,68774,69287,68913,68777,77595,76926,76399,76853,76462,66421,65652,65864,66344,65739
50,1,0,0,76771,76366,75572,75555,76187,69466,68324,68820,68468,68328,77016,76350,75816,76275,75887,65964,65200,65414,65890,65286
51,0,0,0,77350,76943,76126,76123,76754,69929,68778,69290,68928,68772,77593,76925,76398,76847,76457,66408,65638,65856,66333,65724
52,1,0,0,76774,76376,75564,75568,76182,69477,68319,68819,68473,68325,77023,76360,75823,76281,75888,65966,65189,65416,65886,65285
53,0,0,0,77346,76941,76124,76120,76754,69924,68765,69290,68926,68769,77600,76922,76400,76860,76456,66415,65636,65867,66339,65729
54,1,0,0,76790,76382,75570,75564,76203,69475,68321,68842,68485,68323,77033,76361,75819,76288,75897,65973,65202,65431,65902,65295
55,0,0,0,77350,76942,76120,76117,76763,69918,68769,69293,68929,68761,77593,76932,76389,76853,76449,66407,65640,65863,66343,65726
56,1,0,0,76776,76367,75551,75554,76185,69462,68316,68826,68462,68304,77014,76350,75803,76273,75873,65953,65198,65404,65875,65275
57,0,0,0,77359,76947,76120,76115,76756,69918,68776,69298,68935,68769,77594,76932,76396,76848,76440,66408,65655,65856,66335,65735
58,1,0,0,76782,76376,75566,75565,76202,69470,68329,68839,68477,68326,77018,76365,75822,76292,75876,65967,65208,65408,65894,65289
59,0,0,0,77358,76946,76114,76116,76756,69921,68775,69302,68934,68780,77595,76943,76384,76862,76452,66411,65666,65861,66340,65732
60,1,0,0,76798,76385,75569,75569,76200,69478,68331,68845,68489,68334,77035,76384,75825,76302,75896,65970,65232,65422,65893,65292
61,0,0,0,77340,76921,76107,76097,76746,69919,68771,69277,68922,68763,77586,76937,76387,76850,76444,66408,65655,65850,66327,65724
62,1,0,0,76782,76368,75559,75560,76182,69477,68325,68831,68480,68325,77015,76380,75824,76297,75890,65971,65221,65419,65903,65291
63,0,0,0,77351,76918,76114,76097,76739,69927,68770,69286,68925,68764,77582,76928,76376,76851,76454,66412,65658,65855,66344,65730
64,1,0,0,76791,76368,75570,75548,76186,69482,68330,68836,68478,68321,77027,76375,75822,76300,75897,65975,65224,65416,65892,65279
65,0,0,0,77349,76932,76113,76099,76751,69918,68771,69276,68928,68765,77584,76924,76383,76851,76443,66413,65657,65857,66332,65727
66,1,0,0,76782,76380,75565,75556,76182,69478,68326,68830,68476,68321,77021,76362,75806,76283,75886,65982,65222,65419,65892,65286
67,0,0,0,77359,76944,76126,76116,76750,69940,68777,69296,68926,68774,77606,76940,76390,76858,76440,66425,65666,65864,66341,65745
68,1,0,0,76795,76360,75551,75556,76172,69475,68314,68833,68472,68325,77027,76358,75808,76284,75868,65973,65211,65415,65890,65293
69,0,0,0,77358,76931,76112,76115,76744,69928,68767,69297,68921,68778,77593,76932,76382,76857,76446,66422,65656,65864,66346,65744
70,1,0,0,76793,76376,75569,75556,76197,69486,68325,68847,68483,68335,77028,76368,75826,76303,75894,65983,65217,65424,65908,65304
71,0,0,0,77355,76937,76107,76108,76756,69926,68754,69290,68918,68772,77593,76922,76379,76863,76440,66414,65644,65857,66345,65738
72,1,0,0,76799,76390,75579,75563,76207,69487,68325,68842,68483,68339,77039,76378,75826,76305,75895,65984,65219,65434,65908,65308
73,0,0,0,77356,76932,76117,76114,76756,69937,68763,69294,68927,68778,77591,76932,76400,76866,76447,66421,65659,65872,66347,65750
74,1,0,0,76788,76371,75564,75565,76185,69472,68313,68832,68475,68328,77014,76367,75835,76297,75883,65969,65220,65428,65906,65299
75,0,0,0,77349,76932,76114,76096,76736,69915,68748,69277,68914,68768,77574,76928,76393,76861,76431,66405,65658,65856,66341,65731
76,1,0,0,76795,76376,75566,75552,76181,69477,68320,68831,68470,68336,77009,76370,75832,76308,75883,65968,65217,65423,65901,65292
77,0,0,0,77361,76917,76119,76102,76742,69925,68767,69288,68926,68782,77579,76940,76391,76869,76436,66412,65652,65858,66345,65742
78,1,0,0,76770,76355,75543,75544,76180,69476,68313,68823,68468,68328,76999,76364,75822,76302,75875,65968,65212,65411,65900,65290
79,0,0,0,77338,76932,76111,76106,76754,69931,68768,69279,68929,68783,77582,76939,76403,76875,76447,66417,65647,65860,66338,65732
80,1,0,0,76785,76373,75565,75558,76188,69477,68318,68819,68474,68326,77016,76365,75836,76308,75884,65973,65212,65417,65892,65297
81,0,0,0,77343,76928,76108,76120,76740,69916,68755,69272,68918,68776,77586,76935,76387,76865,76436,66412,65654,65855,66330,65732
82,1,0,0,76783,76370,75567,75564,76178,69469,68315,68828,68468,68326,77010,76364,75816,76307,75886,65965,65216,65415,65889,65283
83,0,0,0,77357,76933,76126,76108,76744,69923,68763,69286,68926,68783,77578,76925,76377,76871,76446,66414,65659,65859,66335,65724
84,1,0,0,76779,76355,75553,75550,76177,69458,68302,68819,68465,68311,76997,76355,75817,76295,75877,65961,65214,65399,65877,65279
85,0,0,0,77354,76924,76116,76104,76746,69923,68752,69271,68913,68756,77564,76920,76384,76859,76449,66402,65658,65844,66322,65718
86,1,0,0,76782,76354,75539,75530,76172,69462,68287,68806,68454,68303,76987,76354,75821,76288,75871,65950,65205,65397,65862,65269
87,0,0,0,77365,76933,76106,76103,76742,69925,68746,69273,68911,68767,77579,76940,76402,76864,76439,66401,65655,65850,66323,65730
88,1,0,0,76784,76372,75556,75551,76171,69467,68304,68818,68464,68317,77000,76364,75815,76288,75879,65955,65208,65401,65877,65277
89,0,0,0,77366,76932,76116,76099,76742,69908,68751,69274,68914,68762,77575,76935,76383,76861,76446,66395,65642,65855,66322,65717
90,1,0,0,76778,76363,75543,75540,76164,69448,68300,68820,68446,68311,76982,76354,75801,76279,75871,65941,65200,65399,65864,65271
91,0,0,0,77366,76947,76103,76111,76743,69915,68760,69283,68918,68778,77577,76935,76395,76859,76446,66396,65659,65855,66337,65730
92,1,0,0,76794,76371,75559,75559,76183,69465,68313,68833,68471,68334,77015,76360,75822,76299,75889,65959,65216,65417,65887,65283
93,0,0,0,77342,76914,76100,76083,76720,69901,68739,69257,68900,68755,77564,76911,76369,76848,76422,66379,65647,65829,66317,65711
94,1,0,0,76782,76369,75573,75554,76156,69459,68310,68828,68472,68324,77015,76371,75835,76308,75880,65962,65227,65407,65890,65291
95,0,0,0,77356,76938,76137,76121,76731,69925,68765,69288,68935,68773,77595,76950,76403,76876,76451,66409,65675,65863,66334,65737
96,1,0,0,76787,76360,75572,75559,76172,69466,68306,68823,68482,68314,77012,76373,75824,76311,75881,65959,65223,65406,65883,65288
97,0,0,0,77346,76917,76105,76092,76725,69910,68737,69266,68907,68749,77565,76922,76378,76864,76426,66393,65654,65843,66315,65721
98,1,0,0,76793,76364,75574,75551,76169,69474,68311,68816,68459,68310,77002,76367,75819,76299,75876,65958,65211,65406,65884,65286
99,0,0,0,77353,76936,76123,76106,76732,69918,68761,69280,68910,68758,77570,76935,76394,76873,76448,66407,65650,65853,66330,65726
100,1,0,0,76778,76364,75555,75549,76158,69463,68301,68817,68448,68307,76986,76370,75815,76303,75865,65957,65199,65399,65880,65274
101,0,0,0,77339,76914,76107,76091,76711,69902,68752,69267,68900,68739,77552,76925,76374,76861,76418,66398,65633,65835,66313,65711
102,1,0,0,76785,76364,75568,75553,76170,69463,68306,68821,68461,68300,76998,76370,75835,76315,75879,65972,65207,65406,65892,65288
103,0,0,0,77361,76936,76133,76111,76730,69918,68767,69281,68911,68758,77572,76931,76410,76886,76444,66410,65651,65855,66344,65738
104,1,0,0,76776,76346,75563,75536,76151,69447,68302,68808,68445,68302,76988,76353,75818,76296,75861,65948,65195,65392,65885,65277
105,0,0,0,77367,76938,76144,76122,76737,69917,68762,69284,68917,68770,77583,76941,76414,76889,76451,66418,65657,65865,66346,65754
106,1,0,0,76789,76364,75574,75556,76163,69455,68311,68805,68460,68319,77007,76356,75820,76314,75881,65963,65206,65417,65896,65293
107,0,0,0,77358,76920,76133,76096,76733,69905,68753,69261,68905,68753,77578,76931,76381,76865,76432,66408,65643,65857,66331,65736
108,1,0,0,76783,76352,75566,75547,76164,69453,68306,68801,68449,68305,76994,76357,75816,76300,75870,65968,65194,65411,65880,65283
109,0,0,0,77366,76924,76136,76119,76740,69919,68757,69275,68913,68766,77576,76937,76389,76872,76442,66413,65648,65856,66324,65735
110,1,0,0,76787,76358,75575,75559,76171,69467,68293,68814,68466,68309,76996,76353,75817,76302,75874,65963,65198,65402,65875,65282
111,0,0,0,77361,76919,76123,76113,76739,69920,68746,69263,68919,68764,77575,76926,76389,76873,76437,66402,65636,65855,66324,65734
112,1,0,0,76776,76349,75555,75548,76165,69465,68290,68805,68454,68296,76988,76352,75807,76300,75861,65947,65190,65397,65869,65277
113,0,0,0,77369,76937,76131,76117,76748,69929,68766,69279,68926,68766,77589,76937,76402,76877,76443,66409,65653,65870,66342,65751
114,1,0,0,76778,76361,75551,75550,76167,69477,68299,68821,68466,68300,77000,76356,75820,76292,75864,65957,65199,65401,65887,65297
115,0,0,0,77347,76929,76110,76107,76733,69916,68747,69274,68904,68747,77563,76929,76386,76854,76425,66396,65648,65850,66327,65739
116,1,0,0,76796,76371,75570,75563,76177,69477,68316,68821,68472,68321,77012,76375,75827,76303,75886,65968,65226,65429,65908,65306
117,0,0,0,77361,76936,76108,76114,76732,69913,68758,69270,68909,68758,77588,76931,76388,76867,76440,66400,65652,65860,66334,65740
118,1,0,0,76789,76372,75560,75566,76177,69476,68311,68824,68462,68306,77008,76365,75811,76298,75877,65961,65218,65419,65902,65306
119,0,0,0,77352,76933,76113,76107,76733,69916,68752,69268,68909,68755,77568,76914,76384,76860,76434,66398,65639,65847,66337,65727
120,1,0,0,76790,76369,75559,75565,76177,69479,68314,68828,68462,68313,77000,76360,75823,76307,75874,65961,65199,65397,65891,65290
121,0,0,0,77351,76938,76113,76108,76739,69913,68751,69270,68902,68755,77560,76929,76382,76858,76432,66403,65638,65840,66341,65727
122,1,0,0,76793,76359,75556,75549,76175,69471,68303,68817,68458,68312,77001,76358,75807,76298,75874,65946,65199,65395,65887,65289
123,0,0,0,77344,76927,76098,76100,76724,69904,68747,69252,68893,68756,77559,76918,76376,76854,76421,66383,65633,65831,66328,65727
124,1,0,0,76795,76378,75551,75559,76170,69475,68304,68815,68450,68323,76996,76368,75821,76305,75880,65960,65197,65400,65895,65295
125,0,0,0,77356,76940,76102,76116,76725,69930,68752,69271,68909,68765,77561,76928,76397,76857,76428,66398,65639,65838,66340,65741
126,1,0,0,76784,76371,75546,75554,76164,69472,68306,68813,68453,68314,76994,76354,75821,76295,75875,65957,65197,65400,65884,65297
127,0,0,0,77369,76948,76119,76120,76745,69930,68766,69277,68922,68772,77580,76931,76401,76875,76455,66409,65652,65859,66349,65744
128,1,0,0,76771,76346,75540,75539,76157,69466,68298,68804,68445,68307,76992,76341,75806,76278,75873,65948,65192,65386,65887,65279
129,0,0,0,77347,76938,76099,76104,76727,69910,68755,69270,68893,68776,77572,76921,76380,76861,76441,66402,65646,65854,66333,65739
130,1,0,0,76776,76374,75547,75558,76159,69466,68301,68812,68452,68329,76991,76355,75808,76291,75872,65954,65192,65409,65894,65304
131,0,0,0,77363,76940,76110,76110,76731,69910,68762,69280,68909,68782,77567,76931,76399,76858,76444,66411,65648,65858,66345,65744
132,1,0,0,76773,76368,75547,75540,76163,69449,68302,68818,68448,68325,76982,76356,75824,76286,75880,65951,65196,65395,65878,65298
133,0,0,0,77342,76933,76102,76100,76738,69900,68746,69263,68909,68781,77564,76922,76389,76859,76445,66396,65645,65840,66329,65740
134,1,0,0,76781,76388,75553,75550,76173,69463,68304,68808,68460,68323,76982,76362,75829,76294,75877,65956,65210,65406,65891,65296
135,0,0,0,77361,76953,76120,76113,76744,69927,68753,69272,68912,68780,77570,76941,76384,76866,76452,66400,65656,65858,66348,65748
136,1,0,0,76799,76389,75570,75576,76191,69479,68319,68833,68461,68340,77022,76379,75830,76313,75898,65962,65222,65426,65908,65310
137,0,0,0,77374,76962,76135,76124,76754,69934,68771,69288,68914,68798,77597,76950,76401,76876,76464,66416,65672,65881,66358,65759
138,1,0,0,76790,76385,75551,75551,76176,69471,68308,68814,68464,68334,77001,76369,75817,76303,75890,65957,65215,65422,65905,65309
139,0,0,0,77370,76954,76112,76124,76747,69926,68763,69282,68914,68792,77572,76932,76403,76875,76451,66400,65644,65869,66352,65753
140,1,0,0,76803,76391,75556,75557,76188,69477,68302,68819,68461,68325,77008,76368,75825,76304,75889,65959,65208,65433,65898,65315
141,0,0,0,77364,76950,76120,76113,76745,69927,68758,69286,68917,68792,77587,76952,76393,76871,76448,66407,65659,65871,66356,65769
142,1,0,0,76792,76375,75556,75551,76161,69464,68305,68821,68451,68331,76994,76368,75825,76294,75877,65952,65208,65414,65908,65317
143,0,0,0,77353,76940,76109,76109,76718,69913,68748,69273,68900,68781,77567,76931,76393,76856,76431,66386,65658,65856,66343,65760
144,1,0,0,76810,76388,75569,75576,76185,69486,68320,68835,68473,68350,77026,76384,75823,76318,75886,65975,65236,65425,65910,65326
145,0,0,0,77373,76948,76113,76118,76735,69921,68757,69287,68911,68786,77578,76930,76389,76877,76436,66401,65662,65853,66350,65755
146,1,0,0,76814,76402,75572,75583,76189,69474,68313,68849,68475,68345,77026,76377,75844,76319,75895,65971,65232,65430,65908,65324
147,0,0,0,77363,76963,76122,76112,76738,69913,68741,69279,68907,68773,77583,76940,76393,76870,76442,66398,65659,65860,66338,65750
148,1,0,0,76809,76397,75564,75571,76179,69477,68303,68839,68468,68343,77016,76377,75831,76304,75887,65962,65231,65435,65911,65319
149,0,0,0,77375,76966,76123,76121,76741,69919,68753,69285,68911,68798,77585,76944,76410,76872,76449,66403,65663,65880,66361,65765
150,1,0,0,76800,76386,75579,75559,76176,69467,68306,68825,68457,68338,77008,76385,75836,76304,75880,65960,65225,65426,65904,65310
151,0,0,0,77372,76952,76133,76105,76745,69923,68754,69283,68906,68786,77587,76942,76390,76870,76435,66411,65659,65868,66340,65760
152,1,0,0,76790,76379,75560,75541,76173,69461,68294,68816,68450,68328,76997,76362,75810,76285,75861,65955,65207,65423,65880,65304
153,0,0,0,77370,76957,76117,76107,76748,69917,68749,69289,68906,68773,77575,76930,76396,76861,76426,66399,65653,65866,66319,65750
154,1,0,0,76807,76401,75564,75573,76180,69468,68316,68842,68472,68328,77025,76388,75840,76303,75880,65968,65233,65434,65895,65321
155,0,0,0,77371,76957,76112,76115,76730,69923,68755,69287,68916,68770,77589,76939,76402,76870,76443,66410,65667,65861,66343,65753
156,1,0,0,76781,76380,75552,75553,76157,69459,68311,68817,68456,68319,76998,76358,75815,76303,75874,65960,65221,65415,65890,65308
157,0,0,0,77352,76950,76104,76102,76723,69905,68749,69277,68889,68753,77560,76925,76392,76864,76431,66399,65663,65851,66335,65743
158,1,0,0,76798,76379,75564,75564,76168,69473,68313,68832,68456,68316,77004,76361,75838,76306,75888,65970,65219,65425,65904,65320
159,0,0,0,77370,76954,76111,76122,76737,69931,68759,69295,68916,68771,77588,76934,76413,76870,76454,66409,65658,65882,66349,65765
160,1,0,0,76781,76378,75542,75558,76169,69456,68305,68822,68451,68310,76995,76355,75829,76283,75875,65952,65210,65413,65889,65310
161,0,0,0,77355,76959,76100,76101,76736,69911,68746,69286,68893,68759,77562,76918,76397,76853,76435,66407,65655,65861,66332,65753
162,1,0,0,76778,76376,75542,75543,76159,69449,68297,68831,68444,68308,76984,76348,75823,76290,75874,65959,65212,65412,65885,65319
163,0,0,0,77371,76956,76108,76114,76733,69918,68762,69313,68906,68776,77583,76927,76402,76871,76452,66414,65661,65873,66351,65776
164,1,0,0,76762,76359,75544,75541,76168,69470,68293,68840,68436,68315,77004,76364,75817,76262,75879,65962,65215,65406,65885,65313
165,0,0,0,77358,76947,76123,76121,76758,69953,68763,69313,68906,68793,77597,76945,76404,76868,76472,66418,65679,65874,66346,65785
166,1,0,0,76788,76353,75557,75566,76176,69488,68301,68839,68437,68325,77039,76394,75822,76294,75897,65981,65221,65423,65894,65328
167,0,0,0,77378,76941,76133,76128,76743,69954,68759,69305,68916,68792,77619,76970,76397,76873,76462,66433,65682,65874,66347,65781
168,1,0,0,76769,76367,75549,75541,76153,69482,68279,68830,68431,68311,77029,76379,75799,76271,75888,65968,65211,65399,65869,65319
169,0,0,0,77360,76940,76123,76107,76736,69937,68736,69284,68895,68775,77613,76954,76399,76855,76466,66423,65665,65871,66325,65765
170,1,0,0,76780,76372,75542,75545,76157,69484,68265,68823,68458,68306,77007,76366,75825,76263,75882,65969,65200,65401,65879,65293
171,0,0,0,77336,76905,76088,76093,76717,69918,68709,69266,68895,68735,77566,76918,76372,76818,76427,66396,65640,65827,66304,65732
172,1,0,0,76789,76384,75559,75558,76169,69479,68290,68838,68448,68320,77043,76370,75824,76292,75879,65965,65213,65414,65885,65319
173,0,0,0,77358,76960,76121,76116,76745,69935,68747,69293,68899,68784,77599,76942,76401,76861,76452,66415,65654,65851,66338,65759
174,1,0,0,76763,76373,75559,75554,76156,69482,68266,68823,68458,68310,77030,76360,75824,76279,75881,65973,65211,65416,65890,65293
175,0,0,0,77354,76956,76122,76121,76743,69954,68737,69285,68913,68780,77607,76942,76409,76866,76450,66429,65675,65872,66344,65756
176,1,0,0,76764,76348,75554,75556,76166,69481,68277,68829,68441,68297,77045,76360,75813,76265,75880,65983,65214,65408,65895,65307
177,0,0,0,77359,76935,76130,76129,76746,69944,68760,69294,68897,68774,77628,76953,76398,76856,76458,66443,65669,65873,66343,65771
178,1,0,0,76788,76375,75562,75571,76172,69483,68303,68837,68458,68314,77053,76378,75824,76296,75889,65992,65247,65437,65914,65332
179,0,0,0,77356,76945,76120,76122,76729,69924,68751,69284,68911,68773,77612,76932,76397,76863,76451,66428,65684,65869,66356,65765
180,1,0,0,76780,76355,75568,75551,76164,69483,68298,68843,68452,68317,77022,76357,75814,76266,75864,65985,65223,65417,65904,65304
181,0,0,0,77358,76931,76130,76114,76733,69944,68751,69296,68915,68782,77591,76940,76398,76859,76441,66442,65681,65862,66367,65751
182,1,0,0,76774,76374,75561,75560,76175,69494,68298,68841,68463,68325,77050,76380,75812,76284,75886,65992,65245,65441,65921,65314
183,0,0,0,77377,76971,76152,76145,76770,69966,68768,69313,68947,68800,77633,76975,76413,76871,76468,66449,65695,65880,66393,65777
184,1,0,0,76796,76381,75570,75577,76187,69499,68314,68867,68470,68336,77037,76372,75841,76304,75922,66006,65230,65440,65921,65324
185,0,0,0,77364,76935,76126,76122,76738,69936,68767,69318,68932,68791,77602,76940,76419,76874,76473,66448,65669,65873,66363,65780
186,1,0,0,76804,76373,75550,75569,76172,69480,68308,68840,68462,68318,77038,76368,75824,76280,75892,65988,65225,65430,65902,65322
187,0,0,0,77366,76936,76113,76109,76744,69921,68758,69279,68904,68768,77600,76931,76395,76842,76444,66419,65669,65867,66340,65766
188,1,0,0,76775,76383,75568,75573,76168,69485,68292,68839,68462,68322,77045,76358,75813,76283,75887,65968,65237,65425,65898,65325
189,0,0,0,77371,76964,76138,76133,76750,69944,68761,69306,68922,68781,77621,76947,76401,76857,76455,66417,65692,65871,66351,65768
190,1,0,0,76786,76358,75550,75565,76162,69483,68292,68827,68447,68314,77037,76356,75816,76276,75886,65971,65250,65426,65899,65323
191,0,0,0,77393,76946,76131,76155,76756,69951,68776,69305,68929,68798,77625,76965,76425,76873,76470,66443,65714,65884,66378,65796
192,1,0,0,76800,76391,75566,75573,76154,69485,68305,68816,68445,68326,77026,76367,75823,76278,75883,65985,65251,65436,65905,65318
193,0,0,0,77361,76948,76114,76123,76728,69937,68751,69268,68897,68777,77590,76930,76377,76841,76429,66418,65678,65868,66347,65750
194,1,0,0,76785,76390,75557,75581,76179,69488,68304,68823,68440,68326,77030,76387,75820,76291,75878,65986,65235,65407,65900,65339
195,0,0,0,77367,76963,76124,76131,76741,69936,68766,69276,68911,68774,77605,76948,76409,76862,76447,66427,65680,65846,66341,65784
196,1,0,0,76781,76372,75554,75564,76160,69493,68297,68834,68439,68312,77044,76371,75827,76272,75881,65976,65220,65406,65902,65321
197,0,0,0,77364,76948,76115,76136,76745,69948,68762,69300,68906,68784,77625,76959,76410,76854,76457,66422,65676,65865,66370,65777
198,1,0,0,76778,76382,75551,75569,76147,69480,68297,68826,68451,68313,77051,76360,75816,76274,75884,65992,65237,65413,65921,65335
199,0,0,0,77372,76953,76117,76126,76741,69937,68761,69285,68914,68780,77610,76939,76395,76855,76459,66439,65677,65861,66375,65784
200,1,0,0,76772,76349,75550,75549,76166,69462,68285,68814,68449,68312,77045,76356,75812,76259,75878,65976,65236,65406,65892,65315
201,0,0,0,77384,76950,76134,76133,76771,69928,68773,69291,68945,68791,77636,76944,76418,76851,76466,66446,65702,65871,66378,65774
202,1,0,0,76780,76361,75555,75568,76176,69493,68292,68818,68463,68310,77040,76356,75825,76259,75895,65978,65242,65417,65902,65302
203,0,0,0,77361,76932,76122,76118,76747,69935,68740,69275,68929,68759,77608,76926,76403,76830,76449,66414,65685,65858,66346,65738
204,1,0,0,76794,76353,75550,75570,76159,69494,68297,68832,68480,68318,77045,76375,75828,76286,75888,65980,65240,65415,65903,65311
205,0,0,0,77374,76930,76118,76129,76729,69953,68754,69288,68936,68772,77625,76947,76394,76849,76449,66423,65684,65856,66343,65757
206,1,0,0,76785,76366,75562,75567,76161,69487,68296,68839,68450,68317,77052,76368,75821,76286,75894,65991,65236,65414,65911,65317
207,0,0,0,77354,76926,76116,76118,76739,69934,68744,69293,68917,68775,77618,76946,76393,76852,76456,66434,65668,65853,66344,65760
208,1,0,0,76808,76371,75577,75581,76164,69501,68302,68835,68479,68334,77054,76380,75832,76289,75911,65997,65250,65396,65921,65344
209,0,0,0,77404,76955,76156,76148,76757,69977,68785,69306,68937,68803,77639,76966,76441,76884,76481,66459,65711,65865,66376,65802
210,1,0,0,76809,76379,75582,75579,76193,69502,68313,68849,68481,68345,77056,76398,75849,76301,75909,66021,65257,65453,65928,65347
211,0,0,0,77395,76954,76159,76154,76769,69965,68782,69320,68947,68808,77644,76984,76431,76891,76486,66475,65708,65906,66391,65791
212,1,0,0,76773,76362,75560,75557,76165,69493,68280,68811,68477,68323,77043,76362,75816,76263,75876,65991,65232,65422,65909,65311
213,0,0,0,77371,76943,76140,76124,76752,69952,68750,69292,68938,68798,77641,76951,76410,76863,76468,66452,65693,65882,66376,65784
214,1,0,0,76776,76349,75572,75559,76177,69487,68282,68826,68454,68341,77022,76366,75820,76295,75884,65993,65233,65421,65910,65325
215,0,0,0,77380,76953,76156,76132,76772,69948,68760,69296,68937,68808,77615,76964,76422,76888,76462,66460,65681,65876,66383,65787
216,1,0,0,76785,76361,75553,75545,76164,69484,68274,68820,68467,68319,77027,76363,75832,76281,75888,65992,65243,65411,65910,65316
217,0,0,0,77374,76940,76131,76107,76747,69956,68757,69296,68920,68781,77615,76949,76432,76868,76457,66440,65694,65868,66371,65776
218,1,0,0,76775,76357,75553,75551,76172,69477,68268,68826,68438,68330,77053,76359,75821,76280,75885,65983,65221,65409,65909,65314
219,0,0,0,77363,76924,76111,76125,76746,69930,68739,69293,68898,68793,77625,76934,76412,76860,76451,66434,65670,65852,66364,65772
220,1,0,0,76790,76381,75569,75567,76170,69497,68294,68825,68448,68318,77046,76357,75818,76293,75898,65995,65240,65423,65907,65321
221,0,0,0,77378,76944,76142,76125,76764,69945,68761,69290,68906,68784,77630,76936,76413,76866,76467,66450,65698,65871,66364,65773
222,1,0,0,76768,76356,75543,75564,76182,69471,68293,68829,68439,68321,77041,76350,75822,76283,75898,65978,65235,65413,65899,65303
223,0,0,0,77345,76936,76112,76127,76755,69925,68749,69296,68898,68779,77605,76926,76396,76855,76454,66422,65680,65863,66354,65753
224,1,0,0,76765,76368,75549,75568,76171,69474,68300,68833,68463,68336,77040,76343,75830,76274,75886,65995,65231,65421,65911,65317
225,0,0,0,77361,76949,76116,76140,76749,69932,68768,69305,68926,68797,77607,76936,76409,76856,76457,66453,65678,65868,66366,65787
226,1,0,0,76768,76339,75567,75565,76167,69471,68308,68847,68449,68327,77034,76352,75821,76295,75886,65991,65229,65417,65903,65308
227,0,0,0,77363,76933,76127,76121,76750,69933,68765,69307,68920,68792,77614,76941,76394,76868,76453,66444,65678,65871,66364,65773
228,1,0,0,76773,76366,75564,75576,76179,69488,68309,68839,68453,68313,77035,76366,75843,76280,75904,65984,65234,65420,65916,65321
229,0,0,0,77351,76924,76122,76128,76757,69950,68774,69294,68914,68768,77615,76949,76414,76859,76471,66433,65686,65873,66353,65771
230,1,0,0,76760,76346,75534,75548,76165,69465,68296,68827,68451,68300,77038,76346,75799,76255,75881,65967,65216,65388,65897,65295
231,0,0,0,77335,76917,76091,76104,76732,69919,68747,69278,68902,68748,77600,76908,76365,76829,76431,66400,65650,65840,66336,65731
232,1,0,0,76759,76356,75547,75543,76171,69466,68295,68836,68462,68310,77045,76362,75801,76271,75876,65973,65220,65402,65905,65317
233,0,0,0,77350,76939,76132,76134,76762,69955,68766,69310,68937,68797,77627,76948,76384,76883,76465,66436,65678,65877,66366,65780
234,1,0,0,76777,76360,75543,75557,76181,69470,68302,68828,68464,68314,77047,76344,75810,76286,75875,65979,65239,65399,65891,65299
235,0,0,0,77360,76941,76110,76128,76756,69921,68761,69294,68922,68780,77634,76922,76381,76861,76450,66428,65675,65853,66340,65747
236,1,0,0,76788,76360,75577,75550,76177,69464,68301,68842,68472,68316,77052,76367,75817,76284,75892,66004,65248,65422,65908,65321
237,0,0,0,77373,76938,76131,76112,76763,69921,68754,69307,68932,68780,77629,76934,76394,76870,76464,66447,65697,65867,66361,65764
238,1,0,0,76805,76377,75589,75569,76192,69480,68308,68862,68494,68336,77086,76370,75818,76295,75893,66013,65252,65429,65910,65343
239,0,0,0,77387,76950,76144,76125,76771,69927,68771,69314,68957,68801,77654,76936,76398,76871,76471,66451,65707,65884,66360,65789
240,1,0,0,76778,76367,75573,75569,76183,69484,68310,68857,68483,68314,77087,76364,75807,76306,75901,65994,65254,65432,65912,65333
241,0,0,0,77368,76951,76133,76133,76758,69941,68772,69315,68940,68776,77671,76956,76398,76888,76466,66445,65704,65885,66371,65795
242,1,0,0,76764,76343,75561,75558,76165,69473,68292,68848,68468,68294,77060,76356,75814,76280,75874,65981,65233,65398,65907,65312
243,0,0,0,77342,76919,76124,76112,76745,69927,68755,69307,68926,68749,77635,76929,76387,76852,76441,66422,65681,65858,66346,65761
244,1,0,0,76775,76371,75562,75553,76174,69468,68296,68827,68451,68300,77051,76344,75811,76272,75877,65988,65223,65409,65902,65335
245,0,0,0,77365,76959,76139,76140,76753,69940,68767,69306,68933,68779,77629,76939,76394,76863,76463,66441,65683,65873,66367,65793
246,1,0,0,76780,76386,75579,75554,76183,69495,68299,68844,68485,68314,77058,76363,75820,76293,75889,65990,65239,65417,65923,65314
247,0,0,0,77363,76960,76143,76120,76758,69942,68761,69301,68930,68791,77636,76945,76408,76872,76452,66436,65704,65879,66367,65763
248,1,0,0,76794,76376,75568,75562,76176,69493,68316,68850,68488,68325,77060,76374,75835,76296,75880,65992,65247,65426,65898,65332
249,0,0,0,77375,76952,76140,76127,76752,69940,68771,69309,68951,68778,77628,76965,76403,76866,76446,66439,65697,65881,66357,65782
250,1,0,0,76787,76393,75577,75560,76173,69497,68323,68853,68476,68336,77062,76363,75828,76285,75881,65997,65251,65435,65922,65336
251,0,0,0,77372,76962,76156,76139,76760,69955,68791,69312,68932,68801,77641,76933,76404,76861,76454,66445,65699,65882,66369,65786
252,1,0,0,76778,76384,75557,75555,76174,69506,68299,68828,68461,68329,77063,76366,75823,76289,75892,65987,65240,65426,65905,65319
253,0,0,0,77366,76950,76122,76116,76746,69946,68755,69282,68919,68779,77627,76940,76405,76849,76458,66431,65687,65875,66350,65766
254,1,0,0,76804,76386,75555,75568,76167,69489,68310,68818,68471,68307,77068,76378,75819,76292,75873,65983,65239,65419,65904,65328
255,0,0,0,77392,76962,76125,76137,76753,69956,68772,69294,68940,68770,77651,76958,76414,76870,76448,66441,65682,65876,66372,65777
256,1,0,0,76793,76386,75562,75568,76198,69506,68319,68819,68482,68333,77079,76381,75832,76291,75897,65980,65253,65438,65919,65344
257,0,0,0,77377,76951,76131,76131,76762,69952,68775,69285,68936,68786,77654,76953,76408,76867,76467,66428,65706,65886,66369,65789
258,1,0,0,76801,76361,75574,75583,76183,69488,68299,68822,68486,68308,77073,76373,75842,76293,75891,65982,65255,65420,65906,65342
259,0,0,0,77397,76964,76154,76150,76775,69950,68773,69295,68970,68787,77646,76965,76428,76882,76479,66439,65711,65880,66376,65802
260,1,0,0,76776,76367,75571,75568,76161,69484,68305,68821,68486,68305,77061,76365,75817,76280,75886,65977,65239,65414,65889,65310
261,0,0,0,77355,76944,76126,76114,76740,69924,68765,69282,68934,68764,77634,76933,76387,76850,76439,66412,65680,65849,66337,65745
262,1,0,0,76789,76382,75562,75585,76184,69479,68299,68853,68476,68318,77067,76378,75834,76289,75912,65991,65235,65429,65892,65314
263,0,0,0,77356,76939,76122,76138,76736,69936,68746,69299,68933,68780,77626,76955,76402,76859,76462,66431,65673,65864,66335,65755
264,1,0,0,76788,76367,75568,75548,76181,69478,68304,68823,68489,68316,77050,76370,75831,76295,75889,65993,65234,65421,65894,65318
265,0,0,0,77368,76939,76137,76119,76760,69942,68755,69287,68947,68771,77619,76945,76403,76873,76471,66447,65672,65871,66349,65762
266,1,0,0,76780,76398,75562,75580,76175,69488,68310,68844,68486,68308,77063,76369,75810,76289,75882,65987,65227,65409,65901,65324
267,0,0,0,77378,76964,76143,76149,76763,69961,68777,69303,68951,68780,77640,76965,76406,76878,76465,66450,65682,65876,66368,65788
268,1,0,0,76784,76380,75581,75576,76177,69488,68303,68835,68481,68325,77060,76373,75834,76293,75891,65984,65234,65414,65914,65315
269,0,0,0,77352,76934,76127,76129,76739,69929,68745,69278,68921,68750,77622,76931,76396,76853,76449,66419,65658,65849,66344,65757
270,1,0,0,76795,76398,75583,75584,76194,69494,68313,68847,68497,68327,77055,76370,75828,76300,75885,65996,65250,65429,65910,65326
271,0,0,0,77377,76953,76145,76134,76762,69942,68773,69292,68944,68786,77614,76936,76398,76872,76460,66429,65692,65869,66347,65780
272,1,0,0,76785,76394,75570,75579,76175,69473,68299,68828,68474,68318,77041,76356,75813,76284,75873,65969,65227,65412,65885,65315
273,0,0,0,77364,76966,76133,76142,76760,69927,68759,69291,68923,68773,77612,76923,76389,76863,76443,66418,65675,65872,66331,65769
274,1,0,0,76782,76374,75574,75572,76156,69476,68285,68826,68468,68314,77050,76359,75812,76285,75890,65981,65228,65437,65907,65309
275,0,0,0,77371,76949,76134,76132,76745,69930,68747,69281,68935,68778,77629,76944,76396,76866,76463,66438,65695,65868,66360,65751
276,1,0,0,76781,76381,75570,75574,76192,69470,68311,68834,68477,68315,77051,76360,75820,76284,75891,65989,65243,65414,65906,65319
277,0,0,0,77365,76963,76139,76145,76768,69933,68771,69302,68949,68776,77640,76950,76401,76879,76473,66439,65712,65872,66375,65772
278,1,0,0,76790,76389,75573,75584,76198,69497,68310,68838,68485,68332,77071,76383,75827,76283,75882,66001,65270,65428,65922,65313
279,0,0,0,77352,76944,76118,76113,76744,69917,68753,69279,68928,68767,77610,76939,76381,76836,76424,66424,65693,65852,66355,65756
280,1,0,0,76792,76391,75589,75594,76196,69511,68313,68845,68474,68323,77055,76377,75838,76284,75890,65987,65243,65415,65930,65314
281,0,0,0,77361,76953,76149,76146,76759,69947,68767,69293,68922,68771,77625,76928,76401,76857,76462,66429,65688,65854,66369,65756
282,1,0,0,76760,76357,75548,75571,76176,69463,68296,68816,68460,68307,77054,76359,75791,76264,75879,65978,65229,65396,65899,65300
283,0,0,0,77350,76933,76127,76130,76751,69921,68762,69290,68926,68782,77636,76931,76376,76863,76440,66426,65673,65851,66363,65760
284,1,0,0,76770,76366,75569,75569,76168,69480,68300,68822,68472,68307,77051,76347,75821,76294,75891,65993,65238,65396,65904,65306
285,0,0,0,77360,76936,76140,76120,76750,69937,68759,69289,68934,68773,77619,76930,76402,76883,76460,66436,65690,65849,66351,65770
286,1,0,0,76792,76383,75581,75585,76187,69489,68313,68854,68469,68313,77042,76367,75823,76304,75900,66003,65248,65414,65908,65324
287,0,0,0,77366,76945,76141,76145,76751,69935,68761,69296,68926,68765,77612,76938,76399,76867,76461,66449,65689,65853,66355,65765
288,1,0,0,76783,76357,75577,75576,76174,69473,68304,68821,68461,68302,77064,76367,75818,76273,75893,65986,65240,65409,65897,65301
289,0,0,0,77358,76931,76135,76127,76758,69936,68769,69291,68927,68767,77631,76947,76411,76864,76459,66432,65690,65865,66369,65774
290,1,0,0,76802,76368,75593,75588,76200,69493,68308,68847,68468,68320,77058,76369,75830,76304,75910,66000,65250,65437,65918,65316
291,0,0,0,77356,76921,76138,76134,76756,69928,68752,69297,68919,68765,77619,76921,76398,76853,76454,66420,65679,65858,66348,65743
292,1,0,0,76796,76368,75577,75579,76173,69478,68307,68828,68464,68303,77054,76369,75816,76285,75892,65997,65251,65427,65917,65312
293,0,0,0,77381,76951,76155,76158,76768,69939,68773,69286,68923,68782,77633,76954,76423,76863,76460,66444,65699,65881,66376,65767
294,1,0,0,76780,76371,75573,75559,76196,69487,68292,68822,68464,68299,77056,76357,75819,76272,75873,65984,65234,65412,65909,65308
295,0,0,0,77362,76955,76140,76133,76763,69937,68759,69283,68936,68761,77642,76931,76405,76847,76454,66437,65686,65851,66351,65761
296,1,0,0,76786,76381,75554,75575,76177,69481,68297,68814,68474,68301,77077,76360,75835,76281,75898,65977,65244,65413,65907,65323
297,0,0,0,77365,76947,76122,76132,76734,69929,68758,69269,68929,68760,77658,76933,76401,76850,76463,66420,65685,65859,66355,65756
298,1,0,0,76783,76394,75578,75582,76169,69491,68300,68835,68484,68306,77061,76363,75820,76277,75895,65985,65258,65428,65918,65309
299,0,0,0,77368,76966,76133,76141,76745,69939,68753,69289,68931,68753,77638,76946,76396,76850,76461,66430,65693,65879,66366,65759
300,1,0,0,76778,76368,75563,75565,76174,69479,68299,68827,68469,68300,77077,76354,75814,76292,75901,65983,65255,65425,65917,65327
301,0,0,0,77363,76951,76131,76135,76749,69945,68764,69293,68922,68749,77644,76933,76394,76861,76469,66427,65703,65877,66373,65781
302,1,0,0,76774,76355,75565,75556,76164,69476,68308,68833,68472,68291,77056,76341,75811,76267,75884,65979,65228,65404,65899,65310
303,0,0,0,77365,76940,76130,76118,76749,69931,68777,69301,68950,68761,77637,76925,76398,76848,76459,66430,65679,65855,66364,65767
304,1,0,0,76774,76350,75566,75558,76161,69464,68296,68841,68468,68281,77056,76358,75799,76287,75886,65987,65247,65416,65905,65325
305,0,0,0,77377,76948,76147,76131,76753,69933,68776,69313,68947,68759,77650,76951,76403,76884,76477,66453,65703,65877,66375,65791
306,1,0,0,76782,76360,75580,75570,76178,69489,68317,68841,68473,68286,77073,76361,75810,76282,75896,65999,65244,65431,65931,65339
307,0,0,0,77377,76948,76162,76144,76770,69963,68780,69326,68952,68767,77658,76944,76403,76878,76477,66441,65700,65893,66392,65796
308,1,0,0,76793,76370,75569,75567,76166,69485,68299,68848,68478,68324,77068,76371,75821,76303,75913,65983,65258,65442,65925,65352
309,0,0,0,77387,76944,76143,76149,76756,69943,68770,69302,68945,68787,77651,76941,76393,76886,76482,66440,65706,65899,66382,65806
310,1,0,0,76793,76360,75583,75573,76170,69477,68286,68824,68463,68304,77037,76348,75825,76277,75878,65972,65240,65422,65903,65319
311,0,0,0,77373,76935,76143,76145,76753,69936,68749,69279,68918,68768,77607,76935,76407,76859,76442,66425,65681,65869,66351,65755
312,1,0,0,76785,76351,75577,75578,76178,69508,68305,68840,68460,68305,77049,76378,75822,76305,75897,65992,65246,65444,65914,65325
313,0,0,0,77367,76909,76137,76130,76751,69947,68763,69299,68927,68760,77631,76944,76390,76879,76458,66428,65682,65888,66356,65767
314,1,0,0,76783,76341,75577,75565,76167,69467,68285,68820,68442,68287,77055,76358,75810,76282,75876,65978,65244,65414,65912,65315
315,0,0,0,77359,76916,76145,76120,76750,69920,68760,69289,68912,68755,77636,76928,76395,76865,76447,66426,65690,65857,66361,65768
316,1,0,0,76772,76343,75560,75567,76164,69475,68288,68825,68467,68304,77059,76348,75806,76287,75877,65974,65243,65412,65910,65308
317,0,0,0,77348,76925,76131,76121,76745,69925,68751,69275,68922,68757,77635,76926,76371,76861,76445,66425,65689,65854,66345,65745
318,1,0,0,76786,76360,75571,75582,76188,69484,68302,68827,68476,68293,77055,76349,75812,76285,75892,65985,65236,65405,65907,65307
319,0,0,0,77364,76915,76134,76122,76757,69931,68751,69283,68928,68736,77609,76925,76377,76854,76455,66431,65680,65851,66351,65740
320,1,0,0,76788,76357,75583,75569,76185,69486,68296,68846,68479,68298,77047,76375,75829,76290,75891,65979,65233,65407,65908,65311
321,0,0,0,77362,76927,76143,76139,76758,69939,68750,69303,68950,68766,77626,76943,76402,76871,76473,66421,65680,65848,66363,65760
322,1,0,0,76780,76353,75573,75574,76184,69479,68307,68843,68496,68301,77055,76375,75835,76297,75902,66003,65253,65432,65927,65315
323,0,0,0,77350,76922,76130,76123,76759,69933,68769,69297,68949,68756,77614,76935,76404,76852,76450,66436,65685,65867,66367,65756
324,1,0,0,76776,76344,75557,75552,76184,69483,68283,68822,68486,68297,77059,76348,75820,76287,75892,65993,65247,65421,65908,65304
325,0,0,0,77368,76914,76128,76121,76761,69946,68745,69285,68943,68764,77623,76928,76396,76861,76466,66441,65700,65871,66373,65759
326,1,0,0,76802,76378,75583,75580,76179,69495,68329,68843,68494,68320,77053,76359,75820,76309,75917,66011,65263,65431,65925,65320
327,0,0,0,77378,76938,76136,76140,76739,69946,68769,69292,68941,68765,77614,76924,76395,76870,76465,66447,65700,65868,66370,65766
328,1,0,0,76815,76396,75587,75590,76206,69494,68327,68843,68495,68327,77083,76371,75840,76316,75909,66002,65278,65446,65929,65338
329,0,0,0,77388,76970,76164,76140,76782,69958,68788,69304,68954,68788,77661,76946,76414,76900,76481,66452,65725,65897,66377,65788
330,1,0,0,76775,76376,75572,75560,76174,69473,68303,68837,68472,68299,77041,76358,75804,76273,75875,65981,65244,65435,65915,65319
331,0,0,0,77356,76931,76130,76121,76746,69922,68749,69302,68922,68758,77620,76927,76375,76842,76435,66415,65686,65867,66357,65763
332,1,0,0,76780,76361,75570,75570,76178,69488,68309,68832,68479,68286,77061,76350,75823,76293,75882,65978,65253,65410,65909,65295
333,0,0,0,77367,76929,76123,76132,76753,69944,68762,69283,68922,68752,77631,76928,76391,76872,76451,66416,65700,65861,66348,65746
334,1,0,0,76792,76373,75570,75572,76173,69489,68307,68851,68490,68306,77063,76364,75832,76298,75902,65983,65260,65422,65906,65307
335,0,0,0,77374,76938,76118,76138,76749,69952,68777,69305,68948,68761,77625,76933,76402,76877,76463,66425,65695,65865,66359,65755
336,1,0,0,76803,76377,75574,75572,76186,69476,68310,68856,68471,68302,77063,76372,75833,76292,75890,65988,65254,65442,65890,65302
337,0,0,0,77369,76936,76134,76127,76750,69919,68761,69299,68918,68749,77621,76921,76393,76851,76448,66424,65680,65866,66335,65745
338,1,0,0,76775,76385,75559,75556,76174,69472,68300,68832,68481,68290,77060,76336,75810,76285,75862,65969,65242,65415,65891,65300
339,0,0,0,77366,76953,76123,76117,76746,69922,68750,69283,68931,68750,77630,76916,76373,76862,76418,66413,65678,65868,66351,65751
340,1,0,0,76800,76382,75563,75564,76182,69475,68295,68831,68484,68294,77050,76336,75818,76281,75882,65971,65233,65421,65896,65306
341,0,0,0,77372,76941,76115,76116,76753,69926,68741,69285,68933,68748,77617,76902,76378,76850,76440,66400,65658,65853,66333,65740
342,1,0,0,76796,76378,75562,75562,76181,69488,68292,68830,68482,68305,77051,76362,75826,76285,75890,65973,65243,65433,65909,65311
343,0,0,0,77372,76951,76134,76119,76764,69946,68759,69302,68946,68773,77620,76931,76405,76863,76449,66412,65697,65888,66349,65769
344,1,0,0,76780,76374,75573,75565,76174,69474,68284,68836,68467,68306,77048,76352,75811,76289,75877,65971,65247,65425,65897,65311
345,0,0,0,77370,76963,76143,76135,76748,69934,68748,69296,68935,68777,77632,76935,76398,76875,76449,66417,65695,65875,66342,65768
346,1,0,0,76794,76382,75566,75569,76178,69481,68292,68841,68476,68320,77066,76369,75835,76282,75888,65982,65245,65429,65908,65336
347,0,0,0,77380,76962,76137,76135,76755,69946,68756,69309,68949,68782,77647,76948,76414,76874,76457,66427,65698,65879,66360,65776
348,1,0,0,76809,76394,75553,75582,76206,69488,68295,68832,68475,68310,77059,76359,75825,76298,75880,65996,65255,65419,65907,65319
349,0,0,0,77368,76953,76098,76127,76767,69932,68741,69279,68932,68773,77619,76924,76384,76859,76430,66424,65688,65862,66353,65758
350,1,0,0,76807,76408,75586,75580,76186,69519,68316,68863,68486,68322,77057,76381,75841,76289,75887,65991,65261,65447,65917,65340
351,0,0,0,77386,76967,76137,76135,76754,69966,68769,69305,68914,68775,77628,76929,76406,76858,76435,66419,65700,65885,66360,65770
352,1,0,0,76778,76376,75568,75558,76172,69487,68299,68854,68485,68307,77052,76359,75846,76262,75877,65973,65250,65427,65914,65326
353,0,0,0,77352,76935,76129,76117,76733,69935,68750,69303,68936,68755,77613,76929,76403,76834,76428,66422,65692,65867,66350,65766
354,1,0,0,76792,76370,75562,75569,76168,69493,68284,68837,68479,68297,77042,76354,75823,76279,75884,65976,65233,65427,65916,65320
355,0,0,0,77365,76937,76113,76117,76742,69937,68736,69288,68938,68763,77605,76925,76398,76853,76445,66417,65686,65869,66361,65765
356,1,0,0,76798,76379,75577,75560,76183,69499,68304,68853,68494,68316,77056,76361,75828,76289,75899,65993,65246,65438,65913,65334
357,0,0,0,77380,76941,76139,76129,76762,69954,68757,69306,68940,68774,77624,76934,76407,76859,76472,66446,65680,65889,66363,65779
358,1,0,0,76800,76363,75566,75557,76186,69470,68286,68844,68477,68311,77054,76345,75813,76274,75887,65976,65232,65427,65909,65336
359,0,0,0,77384,76932,76118,76120,76765,69931,68752,69303,68930,68777,77627,76925,76403,76853,76463,66424,65685,65877,66363,65785
360,1,0,0,76791,76371,75554,75553,76179,69470,68286,68825,68457,68300,77033,76343,75825,76281,75889,65961,65231,65429,65895,65331
361,0,0,0,77367,76941,76110,76119,76758,69929,68744,69283,68925,68761,77619,76920,76396,76853,76452,66412,65671,65883,66346,65779
362,1,0,0,76798,76381,75577,75571,76185,69470,68296,68830,68456,68306,77064,76361,75825,76275,75889,65970,65249,65425,65902,65338
363,0,0,0,77384,76958,76149,76121,76758,69926,68751,69282,68918,68769,77643,76934,76410,76853,76463,66425,65700,65866,66368,65779
364,1,0,0,76797,76372,75586,75571,76189,69487,68304,68839,68480,68323,77058,76378,75840,76296,75905,65978,65259,65434,65915,65329
365,0,0,0,77369,76940,76152,76123,76748,69942,68761,69293,68937,68768,77631,76952,76408,76864,76461,66422,65703,65875,66370,65774
366,1,0,0,76805,76392,75580,75584,76173,69501,68300,68849,68495,68321,77068,76366,75820,76300,75880,65988,65262,65429,65917,65315
367,0,0,0,77390,76969,76135,76146,76750,69959,68767,69313,68948,68771,77638,76946,76409,76887,76452,66441,65709,65880,66376,65763
368,1,0,0,76787,76352,75568,75564,76168,69467,68290,68837,68445,68306,77059,76354,75819,76274,75878,65957,65249,65400,65908,65307
369,0,0,0,77376,76939,76138,76131,76760,69936,68771,69311,68917,68773,77649,76939,76404,76861,76461,66427,65701,65865,66368,65767
370,1,0,0,76802,76364,75570,75567,76174,69483,68289,68841,68464,68316,77029,76352,75819,76293,75881,65956,65244,65424,65908,65313
371,0,0,0,77381,76945,76133,76137,76749,69933,68759,69291,68930,68775,77609,76926,76396,76872,76432,66404,65692,65872,66357,65763
372,1,0,0,76796,76364,75577,75552,76155,69479,68287,68839,68470,68300,77042,76358,75806,76299,75870,65962,65258,65418,65915,65321
373,0,0,0,77399,76958,76153,76139,76761,69938,68752,69310,68931,68771,77628,76946,76405,76880,76457,66418,65708,65876,66363,65772
374,1,0,0,76814,76385,75588,75580,76193,69505,68330,68841,68484,68314,77079,76371,75846,76301,75893,65985,65273,65446,65914,65344
375,0,0,0,77394,76955,76151,76129,76760,69957,68777,69292,68943,68770,77647,76932,76404,76868,76470,66419,65708,65879,66350,65775
376,1,0,0,76797,76391,75583,75575,76190,69490,68310,68851,68482,68319,77075,76373,75833,76300,75900,65984,65247,65429,65908,65326
377,0,0,0,77382,76942,76135,76118,76751,69941,68757,69301,68922,68768,77639,76931,76390,76865,76461,66423,65691,65860,66350,65764
378,1,0,0,76808,76380,75574,75569,76188,69486,68316,68835,68463,68310,77050,76354,75825,76291,75876,65976,65240,65444,65914,65308
379,0,0,0,77377,76948,76131,76127,76738,69928,68762,69287,68906,68763,77611,76923,76386,76849,76438,66414,65670,65871,66347,65759
380,1,0,0,76810,76374,75578,75562,76190,69502,68312,68844,68483,68322,77049,76367,75846,76288,75899,65999,65259,65445,65920,65333
381,0,0,0,77395,76946,76142,76133,76773,69956,68767,69299,68947,68769,77639,76941,76422,76862,76461,66447,65698,65889,66362,65781
382,1,0,0,76802,76349,75559,75560,76175,69468,68297,68838,68471,68293,77053,76359,75818,76280,75867,65970,65241,65412,65900,65313
383,0,0,0,77396,76945,76143,76138,76766,69944,68759,69308,68938,68771,77646,76949,76409,76874,76452,66439,65698,65872,66362,65773
384,1,0,0,76798,76372,75582,75570,76183,69495,68310,68832,68471,68296,77048,76371,75823,76278,75883,65984,65236,65415,65917,65310
385,0,0,0,77393,76957,76155,76143,76768,69951,68778,69303,68945,68775,77635,76956,76410,76868,76453,66439,65694,65880,66372,65783
386,1,0,0,76766,76345,75549,75547,76158,69470,68278,68819,68464,68296,77027,76323,75803,76263,75847,65959,65242,65411,65890,65301
387,0,0,0,77373,76941,76139,76117,76738,69942,68748,69303,68943,68771,77621,76921,76401,76859,76431,66416,65701,65865,66354,65772
388,1,0,0,76800,76364,75586,75560,76195,69491,68291,68851,68469,68317,77064,76371,75817,76267,75886,65970,65249,65432,65899,65320
389,0,0,0,77362,76931,76146,76112,76747,69946,68747,69308,68926,68763,77615,76929,76392,76835,76435,66418,65692,65869,66347,65759
390,1,0,0,76786,76336,75566,75554,76179,69473,68267,68827,68467,68307,77034,76335,75819,76263,75865,65975,65246,65412,65895,65295
391,0,0,0,77372,76923,76133,76122,76766,69924,68736,69293,68926,68778,77617,76917,76403,76853,76459,66423,65703,65874,66349,65750
392,1,0,0,76791,76372,75567,75562,76187,69477,68299,68859,68455,68335,77066,76370,75825,76296,75881,65971,65251,65433,65903,65326
393,0,0,0,77378,76955,76145,76147,76768,69946,68769,69331,68934,68806,77659,76956,76426,76892,76461,66428,65718,65887,66356,65776
394,1,0,0,76786,76367,75559,75553,76182,69488,68294,68848,68456,68317,77049,76368,75829,76260,75884,65964,65237,65419,65892,65308
395,0,0,0,77382,76955,76142,76127,76775,69950,68764,69325,68922,68783,77644,76954,76408,76862,76451,66426,65705,65891,66364,65771
396,1,0,0,76789,76376,75572,75582,76189,69494,68301,68852,68483,68314,77066,76389,75824,76291,75891,65993,65261,65434,65897,65319
397,0,0,0,77380,76947,76129,76152,76778,69952,68768,69312,68959,68795,77646,76949,76426,76880,76464,66451,65715,65885,66345,65777
398,1,0,0,76785,76365,75575,75558,76191,69477,68297,68838,68472,68305,77067,76368,75804,76278,75882,65968,65255,65426,65888,65328
399,0,0,0,77367,76937,76142,76116,76777,69940,68756,69297,68921,68763,77648,76939,76390,76862,76455,66413,65711,65877,66347,65776
400,1,0,0,76792,76361,75554,75556,76180,69487,68291,68839,68472,68329,77061,76352,75810,76282,75882,65982,65247,65417,65886,65319
401,0,0,0,77374,76921,76116,76128,76747,69931,68735,69295,68920,68770,77630,76916,76381,76849,76430,66423,65689,65858,66323,65760
402,1,0,0,76798,76340,75562,75549,76174,69490,68314,68847,68467,68310,77058,76362,75807,76280,75857,65981,65247,65432,65891,65325
403,0,0,0,77383,76914,76129,76114,76744,69945,68772,69309,68933,68768,77624,76935,76385,76856,76431,66430,65685,65886,66346,65768
404,1,0,0,76778,76364,75567,75558,76176,69503,68299,68854,68472,68315,77075,76364,75811,76270,75889,65992,65251,65421,65891,65333
405,0,0,0,77371,76930,76118,76114,76755,69960,68762,69298,68939,68772,77638,76943,76395,76837,76453,66433,65705,65884,66341,65779
406,1,0,0,76795,76365,75571,75568,76186,69497,68300,68845,68479,68308,77085,76366,75837,76273,75884,65981,65252,65430,65895,65327
407,0,0,0,77380,76952,76148,76134,76779,69962,68774,69307,68941,68779,77643,76941,76416,76864,76466,66438,65718,65883,66353,65784
408,1,0,0,76788,76355,75569,75559,76170,69473,68292,68832,68459,68300,77049,76352,75801,76271,75879,65967,65242,65408,65880,65296
409,0,0,0,77387,76930,76149,76132,76761,69934,68761,69306,68944,68792,77632,76940,76400,76866,76467,66426,65716,65871,66358,65761
410,1,0,0,76784,76369,75560,75564,76170,69481,68296,68839,68474,68307,77052,76360,75799,76274,75862,65966,65232,65413,65889,65311
411,0,0,0,77386,76958,76136,76138,76768,69949,68776,69312,68951,68784,77630,76948,76397,76874,76443,66418,65683,65883,66361,65771
412,1,0,0,76775,76381,75565,75566,76178,69488,68313,68843,68477,68299,77062,76379,75806,76299,75888,65971,65247,65419,65884,65316
413,0,0,0,77363,76952,76140,76124,76756,69939,68769,69301,68932,68764,77630,76942,76386,76866,76444,66419,65686,65871,66341,65778
414,1,0,0,76773,76376,75582,75565,76184,69492,68311,68840,68481,68326,77063,76380,75810,76283,75897,65986,65247,65428,65901,65337
415,0,0,0,77366,76955,76160,76119,76760,69939,68766,69300,68941,68792,77633,76954,76392,76870,76464,66426,65686,65883,66348,65778
416,1,0,0,76780,76385,75586,75546,76178,69485,68313,68837,68494,68306,77070,76359,75821,76295,75884,65986,65238,65430,65901,65326
417,0,0,0,77364,76948,76161,76115,76760,69945,68776,69303,68952,68758,77645,76940,76387,76875,76452,66433,65699,65879,66357,65765
418,1,0,0,76789,76378,75600,75563,76185,69496,68303,68849,68485,68342,77074,76373,75817,76299,75896,65989,65260,65445,65908,65321
419,0,0,0,77357,76934,76142,76122,76744,69927,68748,69294,68925,68785,77634,76930,76377,76861,76434,66427,65685,65861,66331,65751
420,1,0,0,76804,76387,75588,75582,76197,69505,68327,68860,68496,68340,77097,76382,75836,76298,75890,66003,65248,65442,65904,65339
421,0,0,0,77376,76960,76159,76149,76779,69977,68785,69314,68955,68807,77667,76969,76420,76883,76474,66458,65699,65904,66374,65803
422,1,0,0,76797,76382,75570,75558,76181,69485,68304,68835,68466,68314,77079,76363,75814,76291,75873,65986,65253,65426,65895,65325
423,0,0,0,77379,76960,76148,76116,76761,69949,68767,69294,68941,68787,77661,76939,76413,76868,76446,66442,65707,65877,66362,65790
424,1,0,0,76801,76356,75576,75562,76175,69495,68312,68829,68465,68324,77071,76364,75819,76294,75907,65982,65265,65422,65899,65319
425,0,0,0,77374,76931,76148,76129,76762,69942,68777,69289,68930,68788,77657,76949,76396,76883,76475,66447,65713,65872,66358,65775
426,1,0,0,76783,76366,75574,75565,76184,69481,68294,68837,68448,68328,77066,76354,75815,76278,75871,65994,65226,65425,65898,65326
427,0,0,0,77370,76932,76148,76129,76763,69934,68745,69286,68903,68783,77643,76939,76395,76858,76450,66441,65681,65877,66344,65777
428,1,0,0,76787,76361,75574,75556,76172,69474,68293,68828,68454,68306,77059,76352,75834,76255,75888,65984,65245,65415,65909,65319
429,0,0,0,77372,76936,76128,76114,76750,69925,68750,69285,68912,68765,77621,76923,76405,76836,76451,66429,65685,65863,66351,65761
430,1,0,0,76799,76375,75586,75567,76202,69494,68304,68834,68480,68325,77078,76387,75827,76287,75901,65997,65258,65445,65912,65349
431,0,0,0,77405,76974,76167,76144,76787,69959,68780,69319,68947,68802,77662,76982,76409,76884,76489,66464,65724,65911,66372,65806
432,1,0,0,76818,76379,75578,75566,76184,69494,68302,68840,68473,68317,77080,76365,75816,76274,75901,65998,65247,65427,65907,65320
433,0,0,0,77382,76936,76143,76112,76751,69949,68753,69281,68923,68769,77641,76927,76388,76842,76449,66432,65688,65874,66351,65772
434,1,0,0,76802,76373,75603,75548,76197,69498,68304,68861,68475,68319,77078,76390,75849,76299,75915,66013,65260,65441,65905,65330
435,0,0,0,77383,76941,76153,76111,76759,69943,68762,69299,68937,68773,77626,76958,76407,76865,76473,66446,65700,65875,66363,65769
436,1,0,0,76788,76377,75592,75559,76184,69476,68304,68828,68488,68311,77077,76375,75825,76298,75895,65983,65257,65420,65893,65316
437,0,0,0,77359,76933,76144,76111,76753,69929,68766,69280,68937,68761,77635,76943,76394,76869,76453,66423,65694,65857,66337,65745
438,1,0,0,76797,76363,75592,75565,76196,69498,68315,68854,68464,68325,77075,76395,75831,76303,75908,65992,65248,65438,65905,65298
439,0,0,0,77375,76920,76141,76111,76755,69938,68774,69299,68912,68768,77642,76963,76409,76868,76466,66434,65685,65874,66362,65732
440,1,0,0,76813,76385,75604,75560,76174,69481,68309,68851,68462,68330,77068,76376,75833,76291,75885,66001,65242,65435,65907,65314
441,0,0,0,77368,76918,76145,76092,76734,69922,68748,69280,68914,68766,77621,76927,76391,76850,76429,66411,65665,65855,66340,65740
442,1,0,0,76797,76372,75580,75565,76175,69477,68318,68849,68484,68331,77081,76363,75818,76297,75901,65989,65242,65441,65907,65323
443,0,0,0,77393,76943,76144,76142,76759,69948,68783,69315,68950,68796,77640,76949,76399,76874,76471,66436,65685,65892,66365,65770
444,1,0,0,76811,76363,75588,75569,76182,69483,68315,68847,68481,68322,77065,76362,75830,76285,75874,65989,65254,65430,65911,65325
445,0,0,0,77376,76920,76131,76111,76751,69936,68770,69304,68926,68780,77629,76931,76402,76859,76434,66431,65690,65875,66358,65761
446,1,0,0,76767,76340,75554,75544,76163,69461,68286,68833,68442,68297,77046,76323,75805,76277,75868,65962,65232,65390,65891,65297
447,0,0,0,77367,76936,76130,76115,76760,69928,68761,69299,68917,68769,77628,76912,76420,76863,76438,66425,65677,65852,66344,65757
448,1,0,0,76787,76369,75588,75562,76206,69493,68323,68857,68469,68332,77069,76377,75831,76292,75896,65993,65256,65429,65921,65342
449,0,0,0,77363,76931,76160,76121,76771,69949,68777,69299,68929,68787,77647,76935,76408,76856,76451,66439,65695,65872,66371,65777
450,1,0,0,76800,76355,75587,75558,76196,69497,68285,68834,68477,68329,77062,76366,75835,76280,75899,65997,65253,65433,65916,65310
451,0,0,0,77380,76920,76140,76113,76763,69957,68743,69283,68925,68788,77638,76935,76408,76850,76448,66442,65698,65881,66359,65764
452,1,0,0,76804,76352,75584,75574,76182,69504,68305,68852,68469,68335,77077,76366,75830,76277,75893,65982,65257,65432,65918,65316
453,0,0,0,77386,76932,76156,76131,76758,69971,68764,69311,68927,68801,77649,76947,76421,76850,76477,66440,65699,65884,66357,65762
454,1,0,0,76803,76373,75577,75568,76179,69510,68305,68849,68450,68335,77071,76362,75829,76285,75898,65986,65252,65438,65924,65328
455,0,0,0,77394,76947,76161,76135,76775,69978,68769,69313,68926,68797,77640,76957,76419,76872,76471,66440,65708,65886,66380,65780
456,1,0,0,76785,76362,75591,75568,76183,69501,68299,68831,68455,68321,77061,76367,75838,76272,75901,65997,65246,65409,65903,65300
457,0,0,0,77400,76936,76169,76134,76768,69964,68776,69308,68939,68795,77634,76951,76418,76864,76475,66450,65706,65871,66367,65769
458,1,0,0,76791,76359,75586,75559,76187,69494,68305,68839,68456,68308,77051,76365,75829,76266,75888,65991,65236,65423,65916,65318
459,0,0,0,77395,76947,76159,76132,76769,69958,68776,69310,68935,68789,77629,76949,76424,76851,76472,66457,65690,65876,66371,65776
460,1,0,0,76806,76357,75581,75564,76177,69483,68300,68837,68456,68324,77040,76349,75843,76268,75908,65987,65238,65431,65898,65314
461,0,0,0,77367,76919,76135,76118,76737,69942,68755,69272,68900,68778,77616,76925,76400,76833,76464,66419,65676,65866,66341,65758
462,1,0,0,76783,76367,75577,75555,76171,69491,68305,68836,68448,68306,77052,76368,75833,76281,75886,65989,65252,65422,65913,65323
463,0,0,0,77382,76947,76155,76125,76761,69952,68766,69301,68928,68773,77637,76948,76427,76855,76461,66437,65695,65877,66370,65771
464,1,0,0,76794,76379,75588,75564,76198,69493,68314,68844,68481,68328,77071,76385,75851,76290,75926,66003,65277,65440,65926,65313
465,0,0,0,77383,76941,76138,76122,76770,69951,68769,69297,68944,68784,77633,76958,76436,76864,76488,66445,65721,65877,66365,65762
466,1,0,0,76795,76362,75572,75560,76182,69480,68300,68840,68478,68318,77052,76361,75823,76265,75901,65976,65256,65423,65908,65302
467,0,0,0,77381,76944,76138,76120,76759,69939,68772,69307,68930,68776,77637,76941,76406,76853,76480,66434,65706,65868,66361,65750
468,1,0,0,76785,76352,75579,75551,76191,69492,68294,68840,68464,68320,77076,76361,75825,76278,75908,65993,65255,65425,65916,65310
469,0,0,0,77358,76921,76132,76106,76760,69938,68751,69290,68919,68775,77641,76940,76391,76851,76468,66429,65689,65862,66366,65751
470,1,0,0,76788,76375,75581,75554,76185,69493,68303,68830,68458,68320,77055,76367,75818,76270,75895,65983,65260,65430,65907,65299
471,0,0,0,77380,76954,76155,76131,76764,69961,68776,69300,68931,68788,77638,76950,76400,76869,76474,66430,65689,65881,66363,65763
472,1,0,0,76786,76344,75578,75560,76183,69491,68304,68827,68464,68310,77066,76359,75828,76259,75902,65980,65234,65427,65893,65309
473,0,0,0,77373,76940,76143,76135,76768,69950,68766,69296,68930,68783,77652,76939,76413,76843,76470,66433,65694,65881,66354,65762
474,1,0,0,76811,76374,75598,75588,76213,69504,68323,68866,68466,68320,77076,76384,75854,76277,75917,65992,65272,65441,65921,65311
475,0,0,0,77389,76943,76152,76141,76765,69947,68777,69316,68927,68789,77655,76959,76425,76847,76480,66441,65710,65889,66367,65762
476,1,0,0,76774,76348,75568,75562,76193,69488,68309,68827,68458,68322,77057,76344,75814,76273,75896,65972,65249,65424,65893,65313
477,0,0,0,77378,76928,76129,76134,76778,69949,68777,69298,68917,68793,77646,76932,76399,76859,76479,66419,65697,65883,66354,65769
478,1,0,0,76790,76335,75564,75558,76177,69488,68305,68824,68456,68323,77070,76362,75825,76285,75893,65970,65258,65415,65891,65306
479,0,0,0,77382,76926,76151,76126,76764,69956,68775,69297,68940,68787,77633,76947,76418,76875,76470,66431,65711,65872,66350,65754
480,1,0,0,76811,76375,75600,75578,76208,69493,68323,68868,68482,68346,77083,76398,75858,76304,75911,66006,65286,65457,65915,65337
481,0,0,0,77402,76957,76171,76153,76793,69959,68792,69331,68948,68825,77659,76974,76444,76885,76486,66464,65745,65912,66387,65788
482,1,0,0,76795,76362,75584,75560,76191,69468,68318,68824,68470,68325,77063,76373,75822,76272,75884,65985,65253,65433,65911,65325
483,0,0,0,77369,76926,76141,76122,76766,69918,68761,69288,68918,68782,77637,76941,76398,76845,76449,66422,65691,65875,66356,65763
484,1,0,0,76806,76369,75602,75576,76187,69512,68320,68847,68480,68331,77083,76385,75847,76295,75900,65988,65275,65441,65923,65341
485,0,0,0,77378,76929,76161,76131,76772,69963,68765,69302,68937,68783,77634,76961,76410,76870,76458,66435,65714,65889,66369,65785
486,1,0,0,76791,76348,75582,75553,76190,69503,68289,68839,68466,68330,77079,76381,75825,76267,75887,65979,65257,65431,65892,65322
487,0,0,0,77374,76918,76137,76106,76757,69948,68747,69293,68936,68789,77657,76948,76405,76836,76454,66424,65698,65865,66344,65760
488,1,0,0,76776,76356,75581,75548,76186,69481,68280,68836,68460,68302,77047,76366,75821,76285,75895,65965,65246,65420,65879,65318
489,0,0,0,77378,76944,76153,76127,76776,69946,68742,69310,68921,68774,77636,76955,76402,76874,76472,66423,65703,65866,66351,65769
490,1,0,0,76777,76346,75562,75556,76172,69476,68284,68838,68451,68303,77055,76370,75814,76269,75879,65982,65245,65407,65891,65297
491,0,0,0,77361,76928,76134,76118,76744,69941,68754,69310,68929,68765,77631,76945,76396,76851,76458,66432,65702,65857,66362,65756
492,1,0,0,76786,76384,75595,75567,76200,69496,68306,68833,68491,68325,77065,76375,75847,76287,75900,66001,65272,65439,65918,65326
493,0,0,0,77381,76957,76159,76122,76774,69962,68780,69308,68950,68796,77631,76959,76420,76867,76472,66435,65720,65887,66373,65775
494,1,0,0,76789,76371,75578,75560,76185,69494,68310,68815,68467,68319,77069,76385,75832,76280,75910,65973,65238,65435,65898,65326
495,0,0,0,77377,76955,76158,76120,76777,69960,68778,69300,68946,68798,77648,76980,76425,76862,76477,66439,65706,65889,66368,65791
496,1,0,0,76784,76374,75578,75562,76191,69489,68306,68840,68468,68326,77054,76380,75834,76286,75898,65985,65265,65431,65903,65322
497,0,0,0,77370,76959,76143,76125,76764,69945,68763,69304,68939,68796,77636,76963,76409,76867,76467,66424,65720,65879,66368,65768
498,1,0,0,76771,76370,75572,75581,76191,69487,68295,68848,68474,68331,77064,76385,75836,76282,75885,65986,65269,65425,65917,65311
499,0,0,0,77355,76922,76125,76125,76754,69935,68740,69302,68919,68784,77637,76945,76400,76857,76458,66433,65695,65855,66362,65745
500,1,0,0,76809,76377,75591,75576,76200,69494,68315,68857,68496,68336,77067,76392,75844,76300,75921,66002,65278,65436,65933,65337
501,0,0,0,77388,76955,76145,76144,76779,69950,68777,69325,68953,68802,77643,76975,76427,76883,76480,66449,65723,65876,66394,65788
502,1,0,0,76806,76370,75590,75559,76177,69478,68297,68850,68483,68323,77064,76384,75842,76302,75914,65983,65250,65413,65917,65321
503,0,0,0,77386,76931,76155,76123,76760,69925,68766,69302,68930,68780,77653,76951,76414,76874,76470,66428,65696,65858,66374,65772
504,1,0,0,76797,76374,75574,75559,76188,69464,68292,68816,68474,68303,77054,76364,75809,76278,75901,65974,65255,65428,65915,65311
505,0,0,0,77389,76958,76156,76135,76785,69930,68764,69300,68944,68779,77646,76955,76404,76879,76467,66432,65706,65887,66373,65767
506,1,0,0,76799,76387,75583,75557,76169,69470,68290,68840,68477,68321,77087,76370,75820,76282,75907,65991,65248,65426,65911,65317
507,0,0,0,77363,76947,76140,76119,76757,69941,68753,69301,68925,68779,77665,76945,76410,76861,76468,66439,65710,65881,66364,65764
508,1,0,0,76780,76363,75590,75546,76191,69469,68284,68835,68448,68309,77064,76359,75810,76273,75890,65982,65242,65432,65898,65316
509,0,0,0,77380,76955,76156,76118,76784,69937,68745,69311,68929,68784,77641,76948,76401,76858,76471,66435,65708,65881,66363,65773
510,1,0,0,76797,76380,75597,75575,76194,69492,68321,68867,68481,68326,77100,76380,75826,76293,75920,65993,65258,65435,65920,65329
511,0,0,0,77378,76937,76137,76124,76764,69944,68768,69318,68935,68779,77653,76948,76396,76862,76478,66433,65695,65876,66353,65765
512,1,0,0,76803,76358,75575,75561,76184,69491,68301,68838,68450,68322,77036,76386,75817,76273,75882,65993,65241,65403,65905,65307
513,0,0,0,77385,76927,76135,76117,76762,69934,68750,69293,68925,68787,77616,76948,76396,76854,76453,66450,65692,65857,66368,65762
514,1,0,0,76821,76366,75573,75559,76181,69488,68299,68843,68473,68330,77043,76381,75822,76297,75886,65983,65250,65416,65900,65308
515,0,0,0,77409,76944,76149,76140,76767,69947,68763,69320,68934,68796,77626,76974,76419,76884,76477,66437,65695,65876,66354,65765
516,1,0,0,76804,76363,75583,75565,76182,69496,68297,68841,68470,68323,77057,76362,75834,76282,75879,65982,65254,65431,65901,65294
517,0,0,0,77382,76959,76144,76109,76757,69959,68761,69309,68927,68787,77631,76951,76423,76862,76460,66437,65702,65876,66350,65747
518,1,0,0,76799,76385,75573,75551,76172,69473,68286,68852,68480,68321,77069,76378,75837,76298,75901,65989,65255,65429,65896,65297
519,0,0,0,77385,76949,76130,76106,76745,69937,68737,69322,68942,68780,77630,76951,76406,76875,76467,66430,65698,65868,66343,65739
520,1,0,0,76809,76365,75581,75558,76172,69484,68307,68852,68472,68332,77056,76376,75824,76280,75894,65991,65272,65431,65917,65301
521,0,0,0,77387,76917,76124,76118,76740,69932,68772,69306,68920,68783,77607,76943,76396,76842,76454,66417,65712,65871,66365,65742
522,1,0,0,76817,76367,75581,75555,76182,69487,68301,68835,68463,68322,77053,76390,75820,76277,75912,65995,65266,65438,65931,65321
523,0,0,0,77383,76937,76139,76122,76746,69944,68758,69296,68924,68781,77628,76960,76411,76849,76472,66440,65698,65878,66384,65762
524,1,0,0,76793,76368,75567,75556,76142,69478,68288,68835,68468,68308,77030,76357,75811,76263,75890,65973,65246,65418,65916,65314
525,0,0,0,77364,76934,76130,76104,76721,69911,68748,69278,68904,68757,77596,76916,76376,76829,76452,66412,65680,65855,66345,65751
526,1,0,0,76798,76359,75562,75535,76158,69461,68293,68827,68479,68304,77038,76365,75811,76273,75891,65965,65238,65417,65902,65296
527,0,0,0,77370,76933,76138,76106,76738,69929,68754,69278,68919,68756,77608,76935,76384,76843,76437,66424,65679,65861,66332,65743
528,1,0,0,76790,76357,75563,75560,76170,69473,68312,68838,68467,68310,77035,76351,75834,76266,75888,65989,65231,65414,65911,65300
529,0,0,0,77376,76928,76136,76131,76737,69925,68773,69304,68909,68764,77618,76940,76414,76836,76467,66438,65674,65853,66368,65749
530,1,0,0,76792,76370,75582,75566,76175,69487,68304,68844,68493,68320,77075,76372,75826,76276,75904,65989,65265,65419,65931,65293
531,0,0,0,77369,76939,76139,76126,76753,69937,68753,69299,68940,68778,77634,76938,76398,76853,76466,66433,65706,65856,66373,65745
532,1,0,0,76778,76346,75568,75567,76165,69487,68288,68829,68476,68305,77039,76367,75822,76255,75886,65970,65263,65421,65906,65305
533,0,0,0,77356,76930,76137,76125,76749,69948,68751,69291,68948,68768,77623,76955,76405,76831,76453,66418,65709,65867,66352,65757
534,1,0,0,76803,76376,75584,75571,76190,69489,68303,68853,68474,68331,77047,76381,75830,76296,75877,65975,65249,65433,65924,65332
535,0,0,0,77372,76941,76141,76127,76759,69946,68757,69306,68940,68774,77611,76948,76404,76869,76446,66422,65692,65873,66368,65775
536,1,0,0,76779,76374,75564,75561,76163,69481,68292,68830,68477,68310,77051,76373,75805,76263,75889,65977,65262,65406,65920,65305
537,0,0,0,77378,76960,76134,76131,76746,69950,68763,69293,68945,68775,77618,76953,76410,76847,76447,66432,65709,65861,66381,65766
538,1,0,0,76775,76374,75578,75559,76160,69492,68299,68842,68480,68315,77042,76356,75805,76278,75875,65961,65243,65404,65914,65316
539,0,0,0,77373,76953,76159,76119,76748,69957,68778,69310,68963,68783,77645,76941,76403,76862,76463,66425,65699,65870,66388,65778
540,1,0,0,76762,76362,75583,75550,76158,69475,68300,68840,68475,68306,77038,76348,75793,76265,75869,65960,65239,65392,65916,65320
541,0,0,0,77359,76943,76155,76121,76746,69939,68762,69307,68939,68776,77630,76937,76379,76848,76459,66423,65699,65863,66371,65772
542,1,0,0,76769,76370,75563,75556,76164,69488,68292,68829,68464,68315,77043,76346,75797,76272,75874,65961,65235,65409,65914,65304
543,0,0,0,77376,76952,76142,76135,76765,69964,68769,69309,68937,68798,77627,76944,76391,76858,76466,66439,65711,65881,66382,65772
544,1,0,0,76808,76382,75583,75566,76181,69486,68303,68824,68470,68338,77051,76369,75811,76280,75880,65987,65272,65421,65921,65325
545,0,0,0,77375,76944,76147,76119,76752,69932,68754,69282,68921,68785,77630,76931,76385,76850,76434,66431,65700,65861,66371,65764
546,1,0,0,76795,76371,75569,75550,76170,69487,68286,68826,68455,68323,77052,76359,75819,76270,75872,65959,65256,65387,65902,65316
547,0,0,0,77389,76970,76152,76134,76761,69964,68752,69293,68912,68801,77647,76935,76411,76870,76456,66418,65713,65849,66367,65777
548,1,0,0,76793,76376,75588,75571,76181,69512,68296,68832,68473,68324,77059,76390,75821,76277,75905,65979,65266,65419,65924,65345
549,0,0,0,77371,76955,76145,76142,76767,69960,68752,69289,68929,68777,77637,76956,76393,76863,76467,66435,65706,65875,66374,65789
550,1,0,0,76780,76359,75577,75561,76178,69488,68292,68832,68458,68315,77051,76351,75813,76277,75877,65979,65249,65406,65907,65338
551,0,0,0,77361,76925,76155,76128,76756,69942,68758,69291,68924,68779,77632,76934,76379,76857,76448,66423,65690,65854,66368,65798
552,1,0,0,76803,76382,75597,75565,76195,69487,68304,68849,68484,68329,77034,76374,75824,76289,75910,65978,65263,65430,65925,65336
553,0,0,0,77376,76960,76157,76129,76775,69956,68764,69309,68936,68796,77626,76949,76397,76856,76477,66431,65715,65871,66390,65791
554,1,0,0,76817,76399,75598,75587,76208,69525,68334,68876,68510,68354,77080,76404,75834,76289,75927,66003,65279,65444,65948,65358
555,0,0,0,77404,76975,76174,76152,76779,69984,68789,69335,68968,68838,77653,76973,76414,76869,76484,66451,65728,65881,66392,65812
556,1,0,0,76788,76374,75579,75556,76164,69479,68300,68833,68480,68311,77055,76374,75811,76272,75888,65969,65246,65409,65907,65325
557,0,0,0,77368,76961,76157,76130,76750,69948,68770,69296,68932,68772,77626,76962,76397,76853,76463,66418,65699,65855,66358,65775
558,1,0,0,76794,76376,75580,75566,76204,69510,68306,68843,68505,68340,77061,76391,75823,76285,75905,65978,65258,65427,65916,65339
559,0,0,0,77376,76944,76151,76134,76778,69946,68756,69313,68958,68797,77629,76947,76400,76854,76469,66429,65700,65870,66364,65781
560,1,0,0,76810,76389,75569,75572,76204,69515,68316,68855,68476,68338,77062,76390,75835,76293,75910,65979,65264,65426,65925,65337
561,0,0,0,77370,76938,76131,76123,76770,69967,68770,69301,68946,68787,77622,76952,76399,76851,76471,66419,65699,65865,66365,65775
562,1,0,0,76816,76381,75581,75578,76197,69521,68319,68866,68492,68321,77060,76391,75841,76293,75911,65990,65281,65434,65932,65351
563,0,0,0,77381,76942,76131,76135,76765,69968,68767,69313,68957,68786,77622,76948,76410,76852,76459,66419,65707,65873,66375,65790
564,1,0,0,76772,76346,75567,75537,76156,69466,68284,68827,68451,68312,77048,76358,75803,76259,75887,65952,65246,65396,65889,65304
565,0,0,0,77375,76953,76145,76125,76761,69933,68768,69299,68945,68782,77643,76957,76405,76853,76470,66426,65714,65851,66354,65782
566,1,0,0,76798,76366,75588,75560,76195,69488,68309,68842,68487,68329,77063,76373,75822,76290,75885,65984,65255,65414,65901,65335
567,0,0,0,77373,76940,76146,76126,76768,69950,68756,69290,68944,68789,77625,76957,76399,76871,76453,66434,65704,65874,66365,65783
568,1,0,0,76757,76375,75570,75551,76179,69475,68301,68810,68462,68317,77050,76362,75799,76277,75894,65977,65240,65411,65897,65327
569,0,0,0,77361,76955,76158,76136,76772,69966,68777,69296,68942,68794,77645,76948,76401,76876,76472,66430,65704,65874,66360,65785
570,1,0,0,76773,76355,75594,75559,76186,69484,68306,68831,68472,68335,77053,76357,75808,76277,75890,65982,65239,65402,65904,65331
571,0,0,0,77373,76940,76164,76138,76780,69946,68771,69294,68952,68786,77625,76955,76397,76863,76461,66440,65699,65856,66368,65783
572,1,0,0,76793,76362,75592,75545,76183,69479,68306,68831,68463,68313,77046,76364,75809,76257,75894,65974,65247,65412,65905,65332
573,0,0,0,77375,76946,76160,76118,76754,69940,68773,69294,68929,68774,77632,76937,76410,76839,76472,66430,65694,65860,66351,65790
574,1,0,0,76782,76353,75579,75544,76171,69489,68291,68823,68464,68314,77041,76370,75815,76267,75895,65966,65236,65398,65898,65320
575,0,0,0,77363,76918,76142,76104,76745,69940,68753,69280,68918,68765,77604,76941,76386,76840,76459,66410,65684,65852,66357,65773
576,1,0,0,76780,76359,75586,75546,76162,69480,68311,68826,68477,68336,77025,76362,75802,76261,75889,65968,65230,65413,65911,65322
577,0,0,0,77368,76944,76160,76123,76758,69938,68768,69294,68942,68809,77612,76936,76388,76842,76463,66420,65689,65876,66375,65780
578,1,0,0,76782,76365,75576,75562,76177,69489,68303,68838,68471,68331,77042,76346,75810,76268,75895,65973,65246,65418,65914,65307
579,0,0,0,77366,76947,76143,76133,76755,69944,68756,69300,68931,68795,77613,76930,76388,76855,76474,66420,65693,65874,66355,65757
580,1,0,0,76801,76369,75578,75567,76165,69496,68298,68820,68470,68330,77050,76359,75819,76264,75879,65973,65237,65418,65908,65311
581,0,0,0,77399,76952,76164,76138,76765,69963,68762,69307,68940,68809,77644,76944,76405,76867,76450,66435,65685,65882,66360,65779
582,1,0,0,76804,76380,75581,75558,76194,69500,68320,68848,68492,68339,77066,76361,75813,76274,75902,65983,65266,65411,65927,65321
583,0,0,0,77376,76958,76160,76141,76773,69959,68788,69313,68964,68796,77632,76944,76394,76854,76467,66436,65710,65876,66384,65786
584,1,0,0,76804,76382,75586,75570,76177,69487,68304,68837,68479,68334,77040,76353,75808,76273,75903,65989,65254,65424,65921,65319
585,0,0,0,77384,76963,76164,76133,76757,69954,68777,69306,68941,68788,77635,76938,76395,76857,76481,66440,65705,65888,66379,65784
586,1,0,0,76784,76374,75572,75545,76175,69491,68306,68834,68467,68316,77033,76354,75802,76262,75887,65973,65242,65415,65907,65310
587,0,0,0,77379,76950,76147,76112,76763,69947,68763,69293,68926,68781,77603,76941,76385,76848,76474,66421,65696,65863,66362,65770
588,1,0,0,76780,76369,75578,75543,76179,69495,68303,68844,68476,68324,77045,76353,75813,76260,75869,65976,65229,65419,65923,65323
589,0,0,0,77367,76958,76171,76119,76774,69963,68769,69314,68952,68783,77638,76941,76401,76850,76458,66429,65689,65872,66385,65779
590,1,0,0,76783,76378,75579,75546,76168,69491,68315,68824,68463,68324,77051,76349,75796,76264,75899,65971,65255,65407,65911,65301
591,0,0,0,77354,76945,76127,76105,76748,69938,68768,69292,68914,68784,77606,76926,76382,76842,76464,66413,65685,65851,66362,65759
592,1,0,0,76791,76363,75598,75573,76175,69495,68321,68857,68482,68335,77049,76366,75830,76285,75889,66007,65268,65431,65916,65327
593,0,0,0,77376,76940,76168,76130,76764,69942,68773,69308,68932,68790,77639,76946,76410,76868,76452,66454,65708,65883,66360,65774
594,1,0,0,76766,76328,75585,75536,76166,69487,68286,68823,68449,68313,77036,76336,75784,76244,75879,65960,65236,65408,65884,65306
595,0,0,0,77361,76918,76158,76119,76750,69954,68762,69287,68924,68787,77620,76917,76384,76830,76462,66422,65683,65866,66352,65774
596,1,0,0,76773,76378,75590,75558,76195,69500,68311,68842,68489,68333,77062,76365,75822,76269,75898,65984,65237,65409,65923,65309
597,0,0,0,77354,76937,76140,76106,76754,69949,68758,69289,68945,68779,77621,76919,76387,76835,76448,66418,65674,65861,66359,65752
598,1,0,0,76776,76375,75587,75549,76170,69478,68296,68828,68480,68324,77045,76351,75812,76256,75891,65970,65255,65407,65900,65298
599,0,0,0,77364,76951,76149,76102,76749,69937,68758,69295,68943,68785,77628,76925,76382,76834,76451,66418,65698,65855,66343,65739
600,1,0,0,76791,76378,75583,75577,76200,69502,68322,68840,68486,68339,77064,76365,75828,76270,75899,65993,65262,65435,65925,65330
601,0,0,0,77376,76963,76139,76139,76771,69953,68786,69309,68954,68808,77646,76933,76405,76851,76468,66452,65722,65887,66381,65787
602,1,0,0,76784,76363,75571,75558,76182,69498,68303,68848,68460,68329,77051,76370,75810,76276,75892,65986,65256,65415,65911,65323
603,0,0,0,77350,76928,76130,76112,76747,69953,68751,69285,68916,68780,77615,76937,76376,76841,76447,66418,65701,65850,66340,65761
604,1,0,0,76793,76369,75579,75572,76191,69507,68326,68853,68494,68349,77066,76375,75815,76275,75892,65987,65248,65431,65917,65341
605,0,0,0,77385,76942,76151,76120,76762,69962,68775,69313,68952,68811,77649,76954,76401,76864,76465,66428,65708,65887,66367,65791
606,1,0,0,76802,76394,75586,75570,76187,69498,68319,68841,68478,68340,77056,76361,75805,76264,75886,65972,65246,65411,65912,65330
607,0,0,0,77388,76960,76164,76144,76770,69962,68789,69309,68947,68803,77634,76951,76391,76850,76458,66422,65699,65871,66371,65776
608,1,0,0,76781,76374,75582,75561,76188,69497,68316,68831,68476,68332,77076,76364,75825,76274,75886,65986,65250,65426,65914,65333
609,0,0,0,77365,76951,76157,76120,76769,69960,68776,69299,68935,68785,77632,76939,76393,76857,76456,66427,65706,65869,66372,65768
610,1,0,0,76820,76379,75596,75561,76192,69493,68316,68852,68479,68335,77071,76364,75799,76278,75887,65992,65255,65431,65917,65321
611,0,0,0,77386,76960,76163,76133,76760,69950,68768,69311,68942,68791,77645,76948,76389,76859,76463,66444,65700,65889,66385,65776
612,1,0,0,76813,76381,75592,75574,76194,69484,68301,68857,68457,68321,77067,76366,75828,76267,75886,65984,65240,65425,65917,65314
613,0,0,0,77374,76949,76137,76124,76744,69928,68747,69294,68911,68772,77623,76924,76372,76838,76430,66414,65690,65857,66352,65754
614,1,0,0,76797,76396,75599,75566,76176,69504,68316,68834,68486,68334,77071,76365,75810,76267,75878,66004,65255,65399,65920,65317
615,0,0,0,77390,76972,76162,76140,76764,69971,68785,69308,68948,68806,77654,76946,76403,76857,76451,66444,65702,65867,66376,65771
616,1,0,0,76802,76372,75587,75566,76200,69500,68320,68860,68495,68322,77064,76379,75829,76272,75897,65992,65236,65424,65932,65320
617,0,0,0,77380,76940,76139,76126,76765,69956,68779,69307,68953,68794,77636,76940,76395,76846,76453,66427,65690,65863,66379,65755
618,1,0,0,76810,76365,75590,75570,76192,69487,68319,68852,68473,68333,77075,76377,75813,76274,75889,65987,65240,65427,65920,65317
619,0,0,0,77387,76936,76153,76127,76773,69941,68774,69305,68937,68782,77652,76948,76383,76860,76455,66433,65682,65871,66362,65769
620,1,0,0,76795,76359,75593,75566,76182,69495,68310,68824,68497,68329,77071,76368,75821,76274,75885,65983,65236,65420,65923,65309
621,0,0,0,77360,76929,76147,76114,76749,69944,68757,69274,68943,68767,77622,76931,76381,76846,76440,66412,65669,65850,66344,65744
622,1,0,0,76800,76366,75575,75562,76177,69488,68299,68822,68489,68326,77056,76363,75801,76270,75891,65982,65237,65407,65906,65328
623,0,0,0,77382,76931,76151,76134,76757,69948,68776,69293,68953,68793,77629,76942,76387,76851,76465,66424,65691,65870,66366,65777
624,1,0,0,76813,76382,75605,75567,76184,69515,68328,68857,68502,68334,77069,76392,75814,76296,75908,65987,65256,65427,65928,65325
625,0,0,0,77394,76966,76169,76130,76761,69968,68793,69306,68962,68801,77652,76973,76391,76869,76475,66438,65708,65880,66386,65780
626,1,0,0,76804,76383,75597,75560,76194,69518,68307,68854,68486,68340,77064,76387,75819,76281,75890,65987,65249,65432,65913,65338
627,0,0,0,77369,76949,76147,76113,76756,69964,68766,69316,68946,68791,77638,76960,76390,76853,76451,66428,65701,65869,66351,65792
628,1,0,0,76800,76363,75590,75548,76180,69498,68292,68858,68486,68323,77066,76368,75806,76259,75882,65988,65240,65425,65908,65312
629,0,0,0,77386,76944,76157,76124,76770,69968,68755,69321,68953,68802,77637,76950,76389,76847,76457,66438,65709,65877,66366,65775
630,1,0,0,76809,76362,75599,75573,76199,69508,68311,68872,68516,68332,77053,76391,75821,76267,75898,65999,65256,65412,65908,65327
631,0,0,0,77379,76933,76164,76126,76768,69962,68766,69328,68969,68806,77629,76971,76408,76847,76455,66433,65703,65857,66362,65779
632,1,0,0,76796,76374,75577,75543,76173,69487,68296,68842,68481,68326,77038,76366,75821,76259,75879,65981,65242,65406,65897,65308
633,0,0,0,77390,76959,76170,76124,76777,69967,68770,69325,68952,68807,77625,76959,76423,76852,76473,66438,65705,65879,66364,65773
634,1,0,0,76798,76385,75609,75579,76198,69503,68309,68869,68496,68352,77064,76410,75841,76277,75915,65995,65262,65424,65926,65337
635,0,0,0,77381,76956,76175,76147,76783,69969,68768,69320,68957,68813,77642,76986,76431,76871,76490,66443,65707,65874,66374,65778
636,1,0,0,76789,76347,75574,75547,76182,69481,68298,68845,68491,68344,77055,76357,75813,76260,75896,65978,65252,65423,65899,65309
637,0,0,0,77370,76925,76140,76123,76769,69949,68758,69306,68947,68808,77643,76944,76409,76843,76471,66414,65689,65872,66357,65765
638,1,0,0,76779,76366,75574,75559,76189,69473,68293,68848,68484,68335,77063,76371,75807,76275,75885,65968,65238,65413,65892,65304
639,0,0,0,77368,76942,76135,76120,76763,69931,68742,69310,68939,68791,77627,76938,76389,76850,76452,66409,65672,65857,66350,65747
640,1,0,0,76786,76350,75579,75529,76169,69473,68296,68827,68466,68327,77027,76377,75816,76265,75885,65979,65239,65413,65895,65305
641,0,0,0,77375,76927,76143,76106,76756,69939,68760,69307,68929,68795,77608,76951,76393,76844,76457,66425,65695,65860,66351,65757
642,1,0,0,76793,76338,75560,75534,76153,69476,68280,68829,68486,68334,77065,76361,75815,76261,75877,65963,65232,65395,65890,65309
643,0,0,0,77359,76892,76111,76082,76717,69920,68730,69281,68927,68774,77625,76917,76371,76829,76430,66397,65673,65836,66348,65745
644,1,0,0,76783,76343,75557,75539,76176,69474,68282,68838,68463,68319,77044,76348,75821,76266,75866,65947,65235,65390,65901,65299
645,0,0,0,77360,76910,76119,76109,76752,69930,68740,69296,68918,68776,77627,76928,76399,76848,76432,66399,65687,65841,66336,65754
646,1,0,0,76767,76352,75540,75523,76149,69472,68271,68817,68454,68313,77041,76360,75799,76262,75875,65954,65225,65400,65889,65297
647,0,0,0,77362,76925,76113,76093,76734,69934,68734,69286,68923,68774,77616,76935,76378,76844,76446,66405,65679,65855,66343,65749
648,1,0,0,76793,76380,75574,75552,76185,69486,68293,68862,68494,68327,77078,76372,75823,76268,75886,65967,65251,65400,65926,65328
649,0,0,0,77351,76937,76128,76105,76746,69941,68747,69304,68950,68772,77638,76934,76394,76843,76452,66396,65688,65845,66356,65766
650,1,0,0,76807,76379,75572,75545,76189,69494,68288,68846,68484,68320,77082,76361,75827,76266,75877,65972,65246,65415,65917,65311
651,0,0,0,77397,76963,76153,76124,76776,69948,68756,69319,68956,68791,77657,76951,76415,76859,76463,66422,65700,65879,66378,65768
652,1,0,0,76795,76367,75581,75555,76194,69503,68304,68831,68487,68329,77071,76385,75833,76267,75895,65972,65244,65421,65929,65326
653,0,0,0,77363,76925,76138,76099,76758,69954,68751,69297,68946,68787,77636,76959,76397,76834,76463,66415,65687,65861,66371,65769
654,1,0,0,76788,76348,75568,75545,76175,69491,68298,68832,68472,68332,77061,76371,75839,76270,75899,65969,65252,65413,65901,65304
655,0,0,0,77372,76924,76146,76112,76755,69930,68747,69302,68927,68790,77637,76948,76406,76846,76467,66416,65699,65868,66345,65760
656,1,0,0,76807,76364,75571,75538,76181,69495,68288,68847,68477,68324,77095,76352,75826,76262,75888,65968,65266,65424,65906,65307
657,0,0,0,77366,76929,76133,76096,76762,69941,68749,69302,68927,68767,77641,76933,76403,76843,76447,66413,65697,65864,66354,65751
658,1,0,0,76801,76372,75583,75560,76196,69499,68316,68832,68469,68327,77080,76383,75828,76283,75897,66003,65268,65427,65921,65318
659,0,0,0,77381,76942,76145,76109,76761,69956,68768,69285,68921,68780,77633,76944,76397,76848,76447,66437,65704,65862,66356,65754
660,1,0,0,76799,76360,75574,75548,76190,69480,68313,68842,68481,68317,77061,76361,75814,76281,75890,65984,65240,65411,65901,65319
661,0,0,0,77387,76929,76147,76117,76769,69936,68775,69298,68942,68784,77631,76948,76406,76858,76448,66436,65680,65862,66366,65779
662,1,0,0,76793,76364,75591,75561,76182,69492,68312,68841,68459,68334,77085,76371,75829,76264,75898,65990,65251,65402,65915,65320
663,0,0,0,77383,76934,76159,76121,76757,69957,68773,69306,68925,68801,77663,76946,76397,76848,76476,66443,65710,65858,66367,65777
664,1,0,0,76798,76370,75581,75557,76183,69510,68321,68858,68470,68331,77078,76379,75827,76287,75904,65982,65258,65421,65931,65310
665,0,0,0,77397,76948,76151,76134,76764,69968,68789,69333,68943,68793,77653,76962,76419,76871,76474,66436,65707,65871,66383,65761
666,1,0,0,76798,76363,75589,75564,76181,69492,68336,68864,68467,68339,77088,76372,75830,76299,75904,65990,65256,65427,65922,65316
667,0,0,0,77376,76937,76158,76141,76764,69961,68796,69317,68936,68799,77658,76954,76419,76890,76477,66434,65711,65878,66369,65776
668,1,0,0,76800,76377,75593,75562,76201,69503,68327,68861,68480,68347,77089,76375,75821,76305,75911,65999,65262,65429,65918,65321
669,0,0,0,77382,76935,76154,76110,76757,69955,68776,69305,68935,68784,77653,76943,76391,76866,76463,66427,65697,65865,66348,65761
670,1,0,0,76796,76371,75579,75550,76193,69488,68315,68842,68490,68323,77080,76383,75828,76279,75891,65954,65263,65408,65898,65316
671,0,0,0,77368,76928,76130,76096,76754,69932,68764,69302,68931,68755,77629,76929,76384,76837,76437,66397,65694,65848,66340,65755
672,1,0,0,76787,76341,75571,75542,76191,69478,68313,68847,68466,68307,77057,76371,75807,76266,75892,65981,65240,65423,65905,65305
673,0,0,0,77372,76917,76143,76101,76759,69943,68770,69307,68931,68770,77647,76948,76386,76853,76454,66430,65699,65863,66354,65750
674,1,0,0,76831,76400,75577,75559,76202,69511,68320,68860,68505,68332,77074,76383,75815,76297,75915,65982,65256,65436,65910,65319
675,0,0,0,77390,76945,76144,76113,76768,69957,68772,69305,68957,68787,77634,76950,76377,76855,76479,66424,65698,65873,66361,65763
676,1,0,0,76788,76370,75578,75564,76201,69510,68329,68843,68488,68340,77053,76372,75817,76279,75905,65973,65250,65429,65907,65302
677,0,0,0,77391,76948,76149,76133,76785,69967,68792,69315,68948,68812,77637,76949,76394,76861,76481,66428,65709,65890,66375,65767
678,1,0,0,76803,76390,75596,75571,76199,69513,68334,68861,68493,68341,77073,76394,75835,76291,75901,65992,65263,65449,65930,65327
679,0,0,0,77381,76947,76146,76123,76775,69959,68782,69313,68947,68790,77636,76955,76406,76850,76461,66429,65700,65880,66359,65760
680,1,0,0,76797,76353,75569,75546,76178,69497,68321,68851,68481,68326,77060,76380,75817,76262,75893,65979,65246,65427,65903,65313
681,0,0,0,77374,76927,76130,76116,76766,69961,68769,69307,68935,68778,77633,76953,76400,76839,76457,66421,65693,65884,66356,65754
682,1,0,0,76788,76373,75555,75552,76184,69492,68325,68843,68472,68330,77063,76374,75833,76284,75890,65980,65251,65427,65908,65312
683,0,0,0,77381,76949,76135,76116,76762,69965,68788,69301,68938,68790,77647,76953,76418,76871,76459,66435,65691,65883,66373,65768
684,1,0,0,76783,76378,75594,75554,76198,69508,68319,68839,68475,68346,77071,76369,75830,76279,75905,66000,65257,65443,65917,65316
685,0,0,0,77367,76966,76167,76128,76777,69968,68797,69306,68953,68819,77639,76951,76421,76865,76487,66455,65720,65900,66372,65773
686,1,0,0,76802,76393,75573,75567,76186,69500,68314,68855,68485,68342,77067,76379,75832,76293,75903,65993,65257,65436,65917,65322
687,0,0,0,77396,76958,76139,76131,76771,69955,68787,69313,68954,68804,77656,76964,76418,76868,76469,66442,65705,65876,66360,65772
688,1,0,0,76820,76371,75596,75569,76192,69494,68341,68845,68490,68345,77079,76375,75831,76280,75902,66004,65255,65436,65922,65325
689,0,0,0,77396,76958,76162,76122,76769,69957,68795,69302,68958,68806,77640,76944,76408,76852,76462,66450,65692,65870,66375,65770
690,1,0,0,76777,76336,75558,75528,76161,69474,68289,68816,68463,68304,77052,76339,75801,76253,75885,65964,65226,65410,65872,65293
691,0,0,0,77371,76917,76152,76114,76753,69932,68756,69286,68925,68783,77635,76927,76400,76851,76460,66426,65685,65874,66336,65759
692,1,0,0,76800,76372,75586,75561,76170,69494,68315,68824,68487,68330,77056,76379,75821,76273,75888,65981,65229,65433,65902,65307
693,0,0,0,77391,76934,76152,76104,76750,69960,68768,69276,68951,68789,77634,76947,76398,76837,76458,66425,65676,65881,66359,65727
694,1,0,0,76791,76351,75555,75524,76166,69492,68297,68824,68451,68321,77060,76357,75805,76262,75886,65964,65227,65411,65893,65296
695,0,0,0,77378,76915,76127,76084,76752,69951,68768,69281,68914,68785,77629,76934,76383,76838,76460,66409,65685,65869,66339,65742
696,1,0,0,76792,76347,75566,75541,76152,69482,68307,68822,68458,68321,77059,76361,75815,76267,75877,65964,65234,65413,65893,65297
697,0,0,0,77373,76926,76129,76104,76734,69947,68774,69288,68913,68775,77626,76933,76398,76849,76450,66406,65679,65858,66348,65749
698,1,0,0,76772,76353,75567,75548,76160,69485,68297,68817,68462,68328,77046,76353,75801,76259,75871,65954,65237,65410,65894,65302
699,0,0,0,77364,76940,76145,76122,76748,69947,68776,69285,68932,68800,77622,76938,76397,76854,76452,66402,65689,65867,66346,65754
700,1,0,0,76779,76338,75562,75531,76164,69463,68282,68827,68447,68321,77047,76349,75790,76264,75895,65960,65218,65402,65879,65297
701,0,0,0,77386,76934,76144,76109,76751,69947,68758,69304,68919,68801,77627,76947,76382,76855,76483,66428,65686,65869,66346,65762
702,1,0,0,76789,76359,75568,75557,76150,69491,68297,68819,68457,68329,77049,76345,75801,76270,75891,65955,65234,65416,65893,65316
703,0,0,0,77363,76912,76125,76102,76711,69941,68755,69281,68904,68772,77590,76921,76372,76835,76446,66401,65672,65849,66340,65751
704,1,0,0,76787,76337,75571,75542,76178,69490,68298,68832,68470,68343,77044,76363,75816,76276,75895,65959,65241,65421,65910,65304
705,0,0,0,77376,76925,76140,76129,76749,69947,68769,69293,68933,68814,77625,76946,76392,76870,76469,66419,65698,65882,66362,65770
706,1,0,0,76789,76342,75577,75549,76170,69481,68317,68850,68474,68337,77053,76359,75805,76277,75902,65976,65238,65417,65904,65317
707,0,0,0,77372,76926,76155,76112,76753,69939,68781,69318,68947,68804,77637,76951,76400,76862,76477,66427,65693,65879,66363,65768
708,1,0,0,76777,76330,75558,75536,76154,69470,68293,68820,68458,68317,77038,76358,75784,76261,75864,65949,65219,65412,65883,65303
709,0,0,0,77382,76923,76146,76111,76751,69934,68765,69289,68933,68811,77617,76951,76367,76852,76464,66409,65689,65869,66345,65772
710,1,0,0,76789,76335,75553,75537,76135,69467,68278,68800,68459,68303,77035,76350,75778,76258,75885,65936,65223,65390,65872,65293
711,0,0,0,77392,76916,76133,76113,76734,69930,68753,69271,68933,68785,77618,76942,76375,76856,76467,66399,65694,65855,66350,65762
712,1,0,0,76793,76367,75577,75548,76161,69489,68307,68825,68486,68333,77046,76376,75805,76286,75895,65962,65237,65425,65910,65320
713,0,0,0,77384,76956,76141,76119,76732,69947,68773,69287,68943,68793,77623,76946,76382,76847,76459,66410,65693,65868,66350,65766
714,1,0,0,76779,76364,75564,75539,76158,69481,68297,68821,68483,68314,77043,76367,75802,76265,75879,65965,65234,65400,65897,65308
715,0,0,0,77369,76937,76126,76100,76733,69933,68756,69279,68936,68776,77614,76938,76397,76846,76450,66411,65679,65839,66347,65751
716,1,0,0,76797,76375,75584,75559,76197,69500,68317,68837,68501,68337,77051,76388,75813,76304,75901,65973,65261,65412,65899,65327
717,0,0,0,77388,76956,76165,76128,76777,69966,68779,69294,68968,68801,77623,76973,76410,76884,76474,66439,65707,65877,66362,65779
718,1,0,0,76780,76365,75568,75551,76162,69472,68295,68818,68466,68328,77039,76366,75815,76260,75877,65960,65230,65401,65898,65309
719,0,0,0,77380,76960,76160,76110,76762,69948,68773,69288,68943,68808,77631,76956,76399,76861,76466,66425,65697,65871,66376,65770
720,1,0,0,76783,76340,75560,75532,76162,69468,68298,68808,68464,68307,77029,76367,75799,76268,75879,65958,65229,65406,65884,65326
721,0,0,0,77372,76914,76129,76095,76743,69930,68764,69279,68914,68779,77615,76940,76387,76845,76463,66414,65677,65863,66339,65770
722,1,0,0,76792,76361,75561,75546,76179,69476,68316,68832,68475,68321,77052,76370,75822,76286,75887,65970,65244,65412,65896,65315
723,0,0,0,77365,76917,76124,76098,76742,69916,68754,69270,68931,68770,77611,76936,76393,76849,76443,66405,65684,65845,66328,65743
724,1,0,0,76792,76362,75572,75540,76176,69483,68313,68825,68494,68324,77069,76362,75811,76280,75890,65952,65245,65405,65888,65320
725,0,0,0,77375,76938,76140,76108,76758,69939,68771,69277,68947,68782,77646,76936,76383,76865,76460,66408,65697,65848,66355,65770
726,1,0,0,76786,76351,75571,75533,76190,69487,68300,68823,68477,68316,77038,76364,75808,76276,75874,65962,65250,65416,65903,65315
727,0,0,0,77393,76942,76156,76117,76774,69949,68772,69303,68959,68792,77638,76960,76400,76884,76463,66421,65702,65887,66373,65785
728,1,0,0,76802,76355,75582,75532,76170,69492,68311,68823,68496,68331,77043,76363,75790,76284,75889,65965,65251,65432,65906,65316
729,0,0,0,77392,76949,76145,76099,76748,69942,68780,69289,68964,68808,77622,76945,76381,76860,76456,66413,65697,65882,66368,65787
730,1,0,0,76789,76365,75570,75533,76171,69465,68299,68819,68464,68324,77057,76353,75800,76270,75887,65962,65224,65412,65888,65302
731,0,0,0,77359,76927,76129,76082,76743,69915,68749,69274,68924,68772,77625,76921,76373,76835,76451,66400,65659,65849,66324,65744
732,1,0,0,76798,76361,75570,75544,76169,69482,68301,68846,68473,68328,77066,76358,75800,76284,75880,65962,65237,65425,65894,65331
733,0,0,0,77375,76922,76143,76107,76745,69932,68764,69303,68926,68784,77636,76933,76377,76853,76447,66413,65688,65865,66346,65777
734,1,0,0,76796,76340,75582,75545,76184,69493,68300,68849,68484,68332,77061,76367,75812,76290,75887,65979,65248,65425,65906,65317
735,0,0,0,77379,76917,76144,76105,76766,69959,68756,69313,68939,68792,77644,76943,76397,76871,76455,66423,65689,65878,66348,65771
736,1,0,0,76780,76363,75569,75542,76182,69475,68296,68836,68458,68332,77073,76368,75800,76275,75883,65970,65245,65420,65892,65314
737,0,0,0,77364,76944,76137,76105,76747,69936,68745,69297,68912,68789,77635,76950,76376,76854,76450,66427,65690,65878,66345,65764
738,1,0,0,76803,76367,75574,75537,76185,69480,68297,68853,68479,68333,77055,76367,75800,76284,75882,65965,65266,65421,65893,65329
739,0,0,0,77377,76929,76127,76090,76751,69928,68749,69297,68942,68772,77614,76932,76360,76857,76458,66403,65708,65858,66332,65767
740,1,0,0,76778,76364,75568,75539,76181,69486,68284,68843,68463,68319,77063,76369,75810,76291,75871,65980,65247,65403,65898,65314
741,0,0,0,77358,76933,76115,76102,76749,69940,68743,69307,68933,68786,77642,76940,76396,76878,76441,66441,65714,65850,66346,65768
742,1,0,0,76787,76368,75566,75542,76180,69488,68297,68836,68458,68317,77042,76356,75811,76284,75871,65974,65246,65405,65895,65320
743,0,0,0,77378,76946,76136,76100,76759,69944,68761,69307,68938,68766,77621,76944,76394,76873,76452,66425,65690,65854,66361,65772
744,1,0,0,76798,76390,75577,75539,76184,69485,68305,68840,68473,68333,77065,76362,75813,76299,75885,65975,65226,65395,65883,65313
745,0,0,0,77377,76954,76133,76098,76753,69941,68761,69298,68932,68786,77643,76940,76381,76876,76447,66416,65673,65845,66341,65763
746,1,0,0,76784,76363,75554,75529,76171,69475,68292,68826,68459,68309,77050,76372,75808,76288,75876,65968,65224,65394,65892,65319
747,0,0,0,77370,76940,76124,76098,76755,69929,68754,69282,68935,68765,77623,76959,76394,76868,76448,66408,65667,65846,66339,65774
748,1,0,0,76769,76358,75562,75526,76160,69490,68287,68814,68449,68304,77060,76362,75809,76283,75873,65963,65240,65398,65871,65310
749,0,0,0,77362,76936,76137,76097,76748,69940,68747,69279,68916,68772,77643,76941,76391,76866,76447,66413,65683,65850,66330,65769
750,1,0,0,76783,76366,75554,75532,76169,69481,68277,68837,68457,68321,77043,76364,75799,76287,75884,65966,65245,65410,65898,65323
751,0,0,0,77381,76962,76144,76118,76767,69948,68752,69302,68928,68794,77635,76953,76382,76879,76469,66428,65701,65864,66370,65783
752,1,0,0,76768,76348,75552,75520,76173,69455,68283,68826,68445,68293,77044,76350,75813,76283,75879,65948,65220,65404,65899,65302
753,0,0,0,77372,76929,76130,76090,76757,69931,68759,69298,68915,68761,77631,76934,76401,76881,76451,66408,65670,65863,66368,65758
754,1,0,0,76781,76361,75577,75532,76171,69490,68300,68836,68458,68326,77051,76367,75822,76297,75898,65974,65225,65411,65880,65322
755,0,0,0,77397,76949,76153,76097,76764,69968,68772,69317,68942,68812,77644,76962,76416,76888,76486,66437,65692,65881,66356,65790
756,1,0,0,76753,76346,75559,75530,76169,69482,68303,68822,68475,68314,77053,76351,75818,76286,75877,65963,65233,65398,65902,65291
757,0,0,0,77345,76925,76127,76099,76761,69943,68775,69284,68946,68781,77638,76936,76400,76885,76456,66426,65689,65859,66354,65753
758,1,0,0,76759,76339,75542,75526,76177,69482,68301,68831,68487,68312,77057,76367,75807,76304,75896,65963,65246,65417,65906,65319
759,0,0,0,77349,76928,76125,76089,76762,69926,68756,69297,68947,68766,77621,76946,76385,76884,76475,66418,65683,65856,66358,65768
760,1,0,0,76785,76359,75574,75530,76173,69484,68296,68831,68486,68324,77052,76365,75803,76282,75891,65975,65238,65395,65900,65309
761,0,0,0,77367,76936,76138,76081,76753,69947,68764,69286,68949,68788,77630,76938,76386,76843,76458,66413,65685,65840,66340,65757
762,1,0,0,76768,76346,75553,75522,76169,69469,68287,68818,68464,68310,77034,76351,75801,76282,75859,65959,65206,65389,65861,65294
763,0,0,0,77350,76911,76118,76076,76733,69916,68747,69272,68919,68766,77590,76923,76385,76845,76437,66397,65643,65829,66314,65741
764,1,0,0,76773,76335,75535,75531,76154,69469,68284,68823,68451,68299,77037,76336,75801,76254,75885,65948,65219,65387,65874,65299
765,0,0,0,77376,76931,76124,76109,76741,69943,68753,69299,68921,68766,77646,76948,76408,76847,76468,66418,65687,65851,66338,65767
766,1,0,0,76770,76360,75556,75531,76173,69492,68296,68816,68469,68307,77046,76352,75818,76285,75873,65952,65240,65387,65886,65286
767,0,0,0,77362,76926,76125,76083,76751,69934,68759,69270,68926,68768,77626,76924,76399,76865,76442,66398,65677,65831,66337,65733
768,1,0,0,76793,76353,75577,75545,76190,69493,68317,68826,68486,68332,77078,76376,75825,76282,75892,65990,65255,65415,65892,65318
769,0,0,0,77371,76926,76137,76097,76758,69941,68765,69274,68936,68785,77632,76939,76408,76857,76448,66422,65692,65852,66329,65760
770,1,0,0,76787,76366,75566,75528,76180,69490,68310,68830,68462,68305,77049,76361,75830,76271,75885,65973,65241,65390,65891,65317
771,0,0,0,77389,76957,76148,76116,76774,69961,68791,69307,68943,68779,77638,76957,76413,76869,76474,66430,65700,65856,66355,65776
772,1,0,0,76795,76370,75569,75543,76179,69512,68320,68849,68480,68334,77070,76366,75829,76293,75891,65966,65267,65417,65909,65316
773,0,0,0,77396,76945,76144,76115,76764,69959,68787,69308,68943,68791,77648,76953,76412,76879,76465,66434,65727,65878,66370,65773
774,1,0,0,76806,76363,75577,75544,76198,69498,68325,68833,68481,68316,77077,76375,75827,76277,75893,65986,65261,65424,65905,65330
775,0,0,0,77376,76926,76125,76094,76757,69937,68777,69287,68933,68768,77635,76942,76405,76847,76447,66428,65697,65865,66349,65775
776,1,0,0,76806,76382,75592,75576,76198,69506,68322,68848,68492,68335,77068,76377,75847,76290,75903,65998,65281,65431,65921,65335
777,0,0,0,77392,76960,76152,76132,76777,69965,68784,69312,68966,68805,77655,76962,76436,76874,76489,66444,65725,65889,66376,65796
778,1,0,0,76780,76371,75570,75554,76176,69496,68324,68838,68489,68329,77066,76375,75827,76291,75899,65990,65233,65407,65911,65334
779,0,0,0,77376,76955,76149,76129,76775,69967,68797,69310,68952,68797,77645,76964,76414,76876,76481,66442,65690,65876,66373,65781
780,1,0,0,76788,76378,75578,75535,76174,69512,68322,68828,68497,68317,77072,76361,75830,76285,75888,65996,65244,65419,65906,65322
781,0,0,0,77373,76957,76147,76108,76765,69966,68783,69298,68971,68773,77643,76941,76415,76872,76454,66447,65686,65866,66353,65777
782,1,0,0,76784,76369,75564,75526,76185,69496,68307,68836,68490,68333,77064,76368,75823,76292,75888,65990,65256,65412,65903,65328
783,0,0,0,77368,76947,76139,76094,76759,69958,68768,69300,68951,68784,77634,76946,76394,76864,76459,66435,65701,65867,66348,65767
784,1,0,0,76799,76388,75585,75541,76192,69516,68311,68861,68502,68340,77084,76368,75847,76286,75908,65986,65247,65446,65913,65320
785,0,0,0,77363,76948,76147,76093,76751,69954,68761,69309,68942,68799,77649,76933,76411,76849,76465,66427,65688,65875,66352,65768
786,1,0,0,76803,76392,75587,75558,76179,69513,68306,68836,68474,68343,77075,76369,75844,76297,75892,65987,65258,65433,65931,65330
787,0,0,0,77366,76953,76140,76108,76750,69955,68769,69292,68928,68800,77625,76932,76407,76872,76456,66433,65698,65875,66365,65762
788,1,0,0,76772,76380,75579,75520,76179,69498,68316,68836,68453,68316,77057,76353,75811,76271,75878,65969,65247,65419,65884,65324
789,0,0,0,77354,76941,76147,76086,76750,69952,68785,69299,68911,68781,77636,76935,76381,76851,76446,66420,65694,65858,66347,65780
790,1,0,0,76774,76354,75567,75538,76184,69489,68301,68853,68456,68328,77071,76356,75826,76301,75899,65975,65248,65411,65907,65320
791,0,0,0,77367,76937,76133,76102,76766,69955,68766,69312,68926,68802,77639,76945,76400,76881,76474,66427,65707,65869,66375,65776
792,1,0,0,76800,76360,75581,75547,76183,69489,68309,68848,68478,68340,77063,76358,75839,76309,75889,65980,65259,65428,65909,65338
793,0,0,0,77370,76929,76141,76099,76756,69951,68763,69303,68933,68789,77634,76931,76420,76880,76462,66412,65699,65856,66356,65790
794,1,0,0,76795,76371,75592,75546,76192,69499,68320,68845,68486,68336,77078,76374,75840,76296,75904,65995,65269,65410,65914,65323
795,0,0,0,77376,76946,76155,76111,76764,69962,68778,69296,68945,68796,77649,76948,76419,76871,76472,66435,65711,65857,66370,65774
796,1,0,0,76793,76390,75595,75574,76197,69503,68323,68851,68508,68352,77060,76385,75832,76287,75919,66003,65261,65437,65925,65335
797,0,0,0,77371,76961,76158,76125,76758,69953,68782,69308,68949,68804,77627,76960,76412,76866,76484,66446,65702,65884,66379,65787
798,1,0,0,76787,76371,75572,75549,76185,69491,68322,68836,68485,68344,77069,76378,75835,76295,75891,65999,65279,65428,65932,65334
799,0,0,0,77360,76949,76130,76103,76757,69938,68769,69297,68951,68808,77651,76945,76417,76877,76461,66438,65714,65872,66378,65777
800,1,0,0,76789,76397,75595,75554,76188,69495,68335,68847,68503,68360,77091,76378,75857,76315,75909,66009,65267,65460,65932,65346
801,0,0,0,77370,76951,76156,76124,76759,69958,68785,69305,68964,68810,77669,76944,76424,76889,76474,66459,65718,65906,66376,65796
802,1,0,0,76798,76365,75561,75560,76200,69495,68310,68840,68475,68345,77069,76366,75836,76309,75886,66001,65262,65427,65914,65336
803,0,0,0,77365,76937,76126,76120,76764,69951,68770,69302,68930,68803,77637,76950,76407,76885,76459,66435,65702,65866,66369,65770
804,1,0,0,76798,76365,75579,75556,76174,69500,68310,68849,68490,68346,77075,76380,75848,76301,75903,65995,65270,65430,65913,65337
805,0,0,0,77369,76940,76137,76114,76735,69955,68753,69301,68936,68804,77641,76935,76420,76870,76467,66440,65712,65872,66370,65769
806,1,0,0,76784,76346,75564,75539,76154,69480,68296,68846,68492,68325,77065,76358,75828,76275,75905,65994,65248,65429,65902,65310
807,0,0,0,77382,76929,76136,76119,76744,69944,68753,69317,68955,68788,77650,76958,76421,76874,76478,66446,65713,65874,66353,65772
808,1,0,0,76822,76351,75567,75543,76164,69490,68309,68835,68483,68335,77062,76372,75831,76310,75891,65991,65258,65425,65905,65337
809,0,0,0,77393,76940,76133,76105,76751,69954,68771,69293,68951,68795,77646,76950,76412,76899,76454,66441,65711,65883,66359,65792
810,1,0,0,76779,76359,75573,75539,76160,69479,68314,68838,68489,68325,77053,76386,75828,76276,75902,65991,65256,65427,65905,65341
811,0,0,0,77378,76945,76154,76112,76755,69954,68777,69303,68963,68792,77631,76963,76431,76862,76469,66445,65709,65880,66362,65796
812,1,0,0,76796,76374,75596,75565,76163,69518,68324,68852,68494,68339,77080,76400,75844,76306,75919,66012,65285,65458,65921,65362
813,0,0,0,77375,76933,76148,76115,76736,69969,68773,69312,68949,68795,77636,76960,76403,76880,76472,66445,65717,65885,66374,65811
814,1,0,0,76797,76375,75565,75570,76155,69502,68306,68839,68485,68343,77069,76382,75819,76298,75895,66000,65265,65440,65926,65331
815,0,0,0,77387,76959,76150,76149,76746,69966,68768,69309,68951,68797,77649,76970,76423,76894,76472,66454,65724,65898,66389,65794
816,1,0,0,76801,76390,75564,75544,76146,69500,68311,68836,68496,68341,77067,76374,75825,76297,75903,65982,65255,65429,65912,65323
817,0,0,0,77400,76970,76139,76129,76748,69961,68786,69303,68978,68808,77648,76961,76420,76886,76481,66442,65724,65876,66372,65785
818,1,0,0,76796,76378,75572,75550,76164,69496,68294,68847,68475,68349,77055,76356,75816,76291,75874,65953,65239,65414,65923,65306
819,0,0,0,77384,76952,76147,76124,76746,69957,68760,69313,68944,68804,77642,76939,76399,76881,76461,66408,65693,65871,66380,65767
820,1,0,0,76807,76383,75567,75538,76160,69504,68298,68854,68476,68323,77059,76369,75814,76296,75897,65976,65243,65429,65918,65308
821,0,0,0,77387,76956,76132,76118,76733,69950,68762,69312,68932,68790,77625,76932,76409,76877,76468,66439,65700,65880,66371,65771
822,1,0,0,76799,76388,75578,75556,76173,69499,68301,68851,68488,68329,77063,76362,75820,76299,75902,65990,65251,65430,65926,65323
823,0,0,0,77380,76958,76144,76131,76760,69962,68767,69315,68962,68791,77634,76936,76401,76874,76474,66436,65697,65890,66379,65780
824,1,0,0,76781,76387,75551,75534,76162,69490,68291,68851,68472,68317,77053,76353,75822,76293,75893,65972,65238,65422,65919,65328
825,0,0,0,77368,76965,76129,76106,76739,69950,68763,69305,68935,68773,77631,76937,76403,76870,76456,66425,65690,65876,66369,65770
826,1,0,0,76777,76351,75557,75527,76157,69495,68293,68825,68463,68297,77034,76354,75815,76269,75877,65972,65239,65405,65903,65303
827,0,0,0,77372,76928,76137,76105,76736,69959,68757,69296,68929,68769,77615,76942,76396,76860,76454,66427,65690,65859,66370,65763
828,1,0,0,76820,76402,75593,75573,76196,69539,68326,68868,68509,68356,77080,76398,75848,76318,75902,66013,65265,65454,65939,65338
829,0,0,0,77389,76960,76152,76124,76765,69982,68770,69311,68956,68806,77650,76952,76422,76898,76470,66447,65698,65892,66375,65778
830,1,0,0,76785,76376,75569,75547,76157,69489,68288,68828,68479,68317,77044,76358,75815,76285,75888,65965,65231,65426,65902,65322
831,0,0,0,77371,76948,76130,76104,76735,69942,68748,69289,68945,68785,77629,76923,76381,76857,76448,66420,65673,65869,66349,65766
832,1,0,0,76800,76382,75578,75541,76174,69495,68298,68849,68480,68341,77051,76368,75828,76290,75901,65986,65242,65439,65929,65324
833,0,0,0,77388,76949,76139,76110,76746,69952,68763,69311,68946,68805,77627,76941,76392,76862,76465,66428,65695,65879,66369,65769
834,1,0,0,76805,76394,75571,75555,76172,69493,68300,68834,68476,68329,77059,76371,75811,76292,75906,65991,65239,65432,65904,65328
835,0,0,0,77379,76962,76137,76114,76753,69953,68763,69294,68945,68788,77646,76944,76387,76863,76465,66431,65681,65868,66349,65778
836,1,0,0,76809,76382,75558,75562,76176,69510,68300,68848,68500,68334,77049,76359,75828,76275,75895,65981,65272,65429,65905,65321
837,0,0,0,77383,76964,76114,76117,76753,69955,68749,69307,68959,68798,77613,76937,76412,76856,76469,66421,65708,65873,66351,65779
838,1,0,0,76804,76399,75574,75564,76163,69482,68302,68866,68497,68341,77056,76370,75846,76272,75887,65980,65246,65427,65912,65320
839,0,0,0,77383,76970,76131,76120,76743,69941,68766,69315,68955,68791,77630,76939,76423,76846,76459,66433,65692,65878,66346,65768
840,1,0,0,76801,76379,75578,75571,76166,69501,68309,68838,68492,68329,77039,76372,75830,76285,75906,65978,65237,65413,65910,65322
841,0,0,0,77362,76944,76134,76109,76735,69947,68750,69281,68932,68771,77598,76939,76392,76842,76454,66407,65674,65838,66346,65747
842,1,0,0,76795,76382,75582,75570,76166,69500,68309,68845,68474,68327,77050,76373,75832,76275,75891,65980,65257,65440,65906,65335
843,0,0,0,77380,76956,76151,76135,76745,69953,68771,69316,68938,68791,77630,76956,76425,76874,76474,66437,65699,65882,66363,65790
844,1,0,0,76764,76368,75563,75546,76168,69469,68283,68824,68444,68303,77041,76347,75809,76273,75888,65952,65233,65414,65890,65304
845,0,0,0,77361,76938,76138,76114,76738,69933,68749,69289,68919,68773,77631,76926,76393,76863,76457,66407,65692,65863,66340,65749
846,1,0,0,76798,76365,75559,75567,76154,69482,68290,68842,68449,68286,77057,76361,75835,76287,75894,65955,65254,65419,65897,65301
847,0,0,0,77373,76932,76121,76117,76735,69929,68739,69289,68913,68743,77608,76934,76401,76857,76450,66400,65696,65856,66342,65745
848,1,0,0,76793,76377,75583,75563,76159,69496,68311,68831,68486,68323,77051,76370,75821,76268,75891,65969,65247,65425,65901,65315
849,0,0,0,77393,76953,76154,76140,76751,69967,68781,69298,68963,68790,77632,76950,76411,76861,76467,66444,65700,65885,66368,65782
850,1,0,0,76807,76389,75567,75580,76180,69505,68317,68843,68490,68325,77050,76381,75843,76302,75911,65986,65255,65437,65915,65314
851,0,0,0,77364,76949,76123,76125,76738,69949,68756,69296,68942,68784,77625,76936,76400,76863,76459,66423,65697,65867,66359,65757
852,1,0,0,76811,76375,75579,75570,76170,69500,68308,68854,68467,68335,77051,76368,75825,76274,75906,65977,65255,65432,65910,65327
853,0,0,0,77381,76949,76132,76129,76741,69946,68767,69311,68924,68788,77606,76946,76405,76856,76458,66419,65695,65881,66360,65775
854,1,0,0,76803,76381,75577,75562,76170,69506,68297,68839,68474,68308,77051,76355,75817,76291,75899,65972,65236,65424,65905,65332
855,0,0,0,77380,76967,76146,76136,76746,69968,68759,69297,68943,68777,77639,76948,76411,76872,76478,66431,65712,65872,66353,65779
856,1,0,0,76815,76387,75569,75558,76175,69489,68303,68843,68466,68316,77058,76371,75836,76283,75893,65968,65269,65414,65910,65324
857,0,0,0,77378,76941,76120,76122,76728,69930,68754,69292,68924,68766,77624,76934,76396,76843,76450,66401,65700,65844,66352,65759
858,1,0,0,76797,76370,75574,75561,76159,69481,68281,68828,68484,68307,77058,76364,75831,76283,75894,65980,65262,65407,65905,65302
859,0,0,0,77380,76939,76136,76126,76738,69939,68750,69291,68940,68780,77613,76920,76414,76857,76467,66424,65700,65858,66354,65757
860,1,0,0,76807,76395,75585,75576,76186,69516,68304,68846,68496,68339,77084,76392,75849,76289,75921,65996,65283,65447,65910,65331
861,0,0,0,77395,76961,76151,76150,76773,69971,68762,69312,68963,68801,77648,76974,76434,76871,76489,66444,65734,65896,66367,65782
862,1,0,0,76810,76371,75548,75560,76169,69495,68290,68841,68487,68308,77047,76356,75816,76263,75890,65962,65257,65407,65894,65304
863,0,0,0,77410,76973,76139,76148,76776,69968,68772,69324,68975,68790,77649,76954,76416,76866,76479,66435,65720,65878,66364,65772
864,1,0,0,76802,76403,75576,75587,76175,69500,68315,68843,68498,68320,77064,76386,75848,76280,75893,65982,65262,65418,65923,65317
865,0,0,0,77384,76976,76147,76133,76747,69972,68771,69312,68951,68790,77654,76958,76421,76849,76455,66423,65708,65869,66376,65773
866,1,0,0,76806,76376,75561,75591,76186,69515,68309,68849,68514,68321,77077,76375,75831,76283,75895,65988,65259,65439,65914,65340
867,0,0,0,77404,76976,76154,76159,76776,69990,68790,69330,69004,68809,77682,76973,76424,76883,76474,66443,65722,65898,66390,65806
868,1,0,0,76814,76381,75591,75584,76190,69528,68323,68858,68502,68355,77082,76387,75834,76300,75904,65991,65287,65442,65917,65323
869,0,0,0,77408,76962,76144,76144,76766,69978,68783,69309,68974,68804,77670,76961,76414,76888,76479,66435,65719,65884,66378,65773
870,1,0,0,76797,76377,75549,75561,76174,69504,68310,68838,68477,68333,77061,76354,75810,76290,75891,65980,65267,65419,65890,65325
871,0,0,0,77398,76959,76146,76136,76777,69972,68777,69307,68960,68805,77641,76953,76406,76884,76485,66433,65724,65876,66360,65780
872,1,0,0,76808,76393,75582,75577,76189,69504,68309,68855,68479,68333,77042,76372,75810,76281,75911,65976,65276,65423,65907,65322
873,0,0,0,77395,76961,76143,76135,76759,69956,68764,69313,68947,68799,77618,76954,76379,76864,76480,66426,65721,65869,66351,65772
874,1,0,0,76808,76391,75555,75556,76186,69494,68294,68832,68460,68306,77046,76356,75815,76276,75890,65966,65249,65401,65897,65310
875,0,0,0,77384,76953,76119,76115,76752,69929,68746,69286,68927,68766,77603,76915,76390,76859,76455,66411,65696,65839,66347,65762
876,1,0,0,76817,76381,75575,75570,76172,69496,68311,68847,68479,68323,77023,76363,75822,76287,75894,65980,65256,65426,65905,65316
877,0,0,0,77417,76980,76157,76151,76765,69975,68785,69324,68945,68802,77621,76966,76409,76877,76479,66442,65721,65882,66374,65777
878,1,0,0,76806,76389,75567,75548,76176,69483,68297,68834,68474,68318,77042,76357,75817,76279,75899,65983,65253,65422,65909,65329
879,0,0,0,77408,76977,76150,76133,76765,69953,68765,69300,68950,68797,77621,76950,76410,76862,76484,66442,65706,65878,66365,65784
880,1,0,0,76808,76385,75578,75561,76187,69490,68289,68837,68471,68318,77062,76364,75819,76287,75898,65968,65239,65415,65894,65312
881,0,0,0,77409,76986,76167,76151,76780,69981,68765,69309,68941,68793,77643,76961,76408,76881,76482,66445,65701,65884,66364,65797
882,1,0,0,76827,76408,75573,75571,76211,69515,68304,68856,68496,68335,77042,76385,75827,76292,75895,66001,65261,65447,65919,65337
883,0,0,0,77396,76982,76146,76142,76762,69979,68768,69303,68949,68798,77616,76956,76408,76870,76468,66443,65710,65897,66375,65781
884,1,0,0,76806,76385,75571,75571,76179,69499,68291,68831,68476,68321,77043,76375,75830,76300,75895,65986,65260,65447,65914,65322
885,0,0,0,77389,76953,76125,76122,76752,69950,68755,69283,68934,68774,77610,76949,76406,76872,76462,66426,65705,65883,66358,65766
886,1,0,0,76789,76380,75601,75563,76191,69512,68322,68868,68485,68346,77057,76367,75826,76297,75910,65984,65249,65436,65922,65330
887,0,0,0,77371,76971,76168,76134,76770,69962,68781,69324,68942,68808,77642,76943,76415,76878,76481,66426,65697,65891,66387,65769
888,1,0,0,76806,76389,75581,75573,76181,69513,68312,68869,68468,68333,77045,76381,75816,76288,75882,65990,65262,65441,65915,65321
889,0,0,0,77402,76973,76157,76146,76771,69965,68779,69331,68928,68807,77625,76957,76411,76872,76474,66439,65713,65887,66381,65783
890,1,0,0,76810,76401,75599,75579,76226,69516,68335,68857,68488,68361,77047,76394,75838,76301,75914,65985,65265,65437,65939,65346
891,0,0,0,77385,76965,76144,76130,76780,69955,68781,69304,68946,68798,77605,76964,76411,76873,76474,66422,65702,65879,66377,65787
892,1,0,0,76804,76391,75559,75567,76194,69489,68307,68833,68454,68323,77043,76353,75829,76267,75888,65981,65243,65414,65915,65328
893,0,0,0,77412,76992,76150,76153,76789,69975,68785,69314,68948,68797,77645,76963,76435,76862,76483,66438,65723,65887,66382,65787
894,1,0,0,76804,76399,75576,75561,76179,69485,68303,68836,68471,68326,77058,76389,75826,76262,75896,65971,65247,65429,65916,65321
895,0,0,0,77397,76969,76151,76120,76759,69941,68769,69293,68925,68808,77634,76960,76406,76842,76451,66423,65695,65873,66366,65775
896,1,0,0,76791,76392,75575,75563,76199,69507,68307,68832,68457,68331,77045,76377,75839,76269,75887,65970,65236,65426,65926,65313
897,0,0,0,77394,76976,76147,76137,76786,69980,68785,69313,68935,68806,77631,76964,76424,76864,76479,66433,65696,65901,66382,65773
898,1,0,0,76813,76376,75561,75569,76198,69511,68306,68831,68481,68323,77035,76370,75827,76280,75891,65967,65227,65422,65895,65286
899,0,0,0,77397,76969,76137,76135,76785,69966,68773,69305,68949,68807,77625,76959,76410,76858,76474,66430,65691,65877,66354,65753
900,1,0,0,76807,76404,75576,75584,76220,69526,68321,68846,68483,68349,77070,76377,75827,76285,75900,65984,65272,65434,65931,65316
901,0,0,0,77388,76981,76144,76135,76794,69982,68794,69302,68953,68807,77642,76950,76418,76874,76483,66431,65716,65872,66385,65771
902,1,0,0,76792,76393,75573,75567,76197,69502,68303,68826,68477,68333,77067,76379,75840,76274,75899,65983,65261,65417,65907,65311
903,0,0,0,77378,76952,76148,76116,76765,69951,68749,69294,68940,68802,77639,76943,76409,76846,76468,66412,65716,65872,66362,65758
904,1,0,0,76811,76399,75581,75588,76194,69509,68310,68856,68476,68357,77043,76378,75834,76288,75897,65975,65279,65428,65906,65306
905,0,0,0,77383,76969,76146,76132,76767,69962,68763,69310,68932,68793,77624,76958,76404,76859,76460,66420,65720,65881,66352,65761
906,1,0,0,76799,76391,75596,75575,76184,69509,68307,68846,68458,68334,77061,76381,75831,76281,75883,65989,65256,65417,65920,65315
907,0,0,0,77399,76969,76159,76140,76761,69965,68766,69317,68926,68797,77627,76959,76412,76863,76462,66440,65695,65869,66371,65765
908,1,0,0,76821,76379,75596,75566,76196,69498,68297,68860,68480,68336,77076,76381,75843,76302,75904,65989,65263,65433,65935,65319
909,0,0,0,77423,76969,76168,76131,76776,69972,68760,69337,68952,68808,77660,76960,76438,76878,76484,66441,65729,65882,66392,65778
910,1,0,0,76816,76396,75597,75574,76192,69509,68313,68863,68481,68353,77070,76385,75854,76293,75897,65985,65255,65429,65949,65327
911,0,0,0,77386,76945,76138,76124,76756,69948,68759,69303,68918,68796,77622,76949,76414,76856,76447,66422,65685,65850,66374,65769
912,1,0,0,76787,76381,75593,75572,76182,69490,68309,68861,68479,68342,77044,76383,75849,76270,75886,65986,65266,65419,65919,65320
913,0,0,0,77372,76946,76151,76125,76759,69941,68763,69317,68929,68792,77623,76953,76415,76844,76448,66417,65711,65866,66377,65772
914,1,0,0,76804,76381,75588,75584,76180,69485,68293,68847,68479,68325,77074,76388,75838,76276,75900,65976,65267,65423,65917,65311
915,0,0,0,77394,76955,76149,76144,76766,69945,68751,69316,68946,68803,77646,76966,76402,76869,76467,66423,65715,65870,66378,65766
916,1,0,0,76803,76389,75590,75593,76190,69495,68330,68870,68496,68352,77069,76387,75858,76292,75911,65995,65278,65443,65953,65342
917,0,0,0,77389,76959,76164,76160,76778,69952,68788,69333,68951,68822,77638,76972,76430,76880,76494,66448,65729,65900,66407,65796
918,1,0,0,76791,76344,75569,75572,76169,69486,68311,68854,68487,68327,77057,76359,75834,76287,75880,65976,65261,65423,65916,65320
919,0,0,0,77383,76927,76133,76133,76758,69938,68781,69314,68955,68798,77626,76948,76413,76868,76467,66425,65716,65878,66366,65764
920,1,0,0,76809,76368,75587,75582,76197,69494,68325,68847,68475,68343,77063,76389,75857,76286,75907,65976,65268,65438,65915,65318
921,0,0,0,77405,76946,76144,76152,76778,69970,68790,69320,68948,68805,77655,76979,76443,76874,76481,66431,65723,65889,66377,65768
922,1,0,0,76792,76361,75582,75573,76194,69506,68298,68843,68481,68337,77041,76378,75846,76278,75902,65967,65247,65416,65926,65333
923,0,0,0,77391,76938,76160,76146,76781,69966,68770,69313,68948,68807,77620,76974,76436,76872,76482,66420,65722,65880,66398,65792
924,1,0,0,76786,76351,75549,75539,76171,69478,68303,68830,68485,68331,77069,76371,75834,76296,75899,65971,65258,65413,65916,65310
925,0,0,0,77370,76920,76122,76107,76753,69942,68756,69295,68946,68789,77638,76947,76401,76863,76458,66410,65701,65861,66373,65759
926,1,0,0,76791,76335,75574,75553,76176,69479,68309,68847,68473,68320,77072,76374,75846,76270,75892,65983,65248,65417,65918,65306
927,0,0,0,77396,76939,76158,76131,76764,69956,68777,69314,68943,68801,77646,76961,76446,76867,76473,66450,65716,65885,66384,65768
928,1,0,0,76808,76357,75588,75576,76187,69504,68319,68847,68481,68344,77060,76381,75854,76290,75907,65969,65266,65427,65920,65318
929,0,0,0,77383,76916,76139,76135,76756,69945,68771,69297,68950,68789,77618,76957,76409,76853,76467,66402,65695,65865,66374,65762
930,1,0,0,76785,76344,75561,75555,76177,69497,68296,68842,68465,68315,77060,76361,75842,76274,75889,65970,65243,65419,65922,65309
931,0,0,0,77369,76915,76136,76126,76756,69943,68760,69307,68936,68775,77616,76948,76415,76863,76452,66416,65698,65871,66369,65769
932,1,0,0,76806,76356,75576,75579,76188,69493,68310,68849,68472,68330,77051,76377,75830,76282,75912,65976,65247,65414,65915,65318
933,0,0,0,77385,76931,76132,76145,76755,69944,68769,69299,68932,68797,77632,76947,76407,76864,76466,66422,65690,65856,66360,65765
934,1,0,0,76799,76379,75568,75582,76206,69490,68304,68847,68472,68338,77050,76375,75832,76290,75909,65983,65257,65428,65918,65316
935,0,0,0,77387,76947,76138,76142,76779,69941,68761,69302,68938,68792,77617,76957,76417,76877,76481,66430,65708,65893,66365,65765
936,1,0,0,76781,76354,75547,75551,76173,69478,68279,68840,68466,68313,77045,76370,75820,76266,75874,65966,65233,65407,65918,65286
937,0,0,0,77370,76944,76128,76115,76772,69953,68755,69306,68945,68773,77635,76960,76421,76859,76442,66422,65702,65864,66374,65764
938,1,0,0,76793,76368,75579,75564,76194,69489,68301,68837,68489,68327,77065,76368,75831,76277,75893,65976,65258,65420,65913,65307
939,0,0,0,77382,76948,76157,76141,76784,69956,68773,69302,68958,68794,77637,76941,76416,76850,76460,66427,65712,65864,66364,65764
940,1,0,0,76779,76352,75562,75570,76186,69487,68293,68838,68474,68326,77050,76363,75829,76256,75883,65970,65252,65406,65917,65300
941,0,0,0,77374,76933,76118,76125,76759,69946,68745,69291,68932,68776,77632,76936,76403,76837,76457,66400,65703,65853,66376,65753
942,1,0,0,76824,76386,75588,75578,76219,69499,68311,68850,68490,68338,77066,76384,75840,76291,75901,65979,65273,65426,65935,65324
943,0,0,0,77382,76955,76138,76133,76776,69949,68752,69304,68937,68786,77628,76952,76419,76863,76476,66420,65711,65860,66369,65756
944,1,0,0,76796,76357,75565,75572,76185,69497,68307,68845,68473,68325,77075,76368,75838,76281,75908,65952,65253,65423,65920,65306
945,0,0,0,77374,76927,76127,76137,76758,69955,68764,69306,68936,68784,77645,76942,76410,76870,76470,66396,65697,65872,66372,65754
946,1,0,0,76799,76355,75561,75566,76182,69482,68305,68828,68474,68313,77044,76358,75830,76285,75898,65946,65254,65421,65908,65295
947,0,0,0,77369,76928,76115,76121,76761,69934,68760,69287,68931,68768,77609,76927,76395,76859,76461,66390,65692,65872,66358,65747
948,1,0,0,76824,76399,75578,75574,76194,69509,68314,68858,68496,68338,77074,76375,75851,76301,75925,65986,65266,65434,65925,65339
949,0,0,0,77391,76955,76124,76120,76751,69953,68750,69305,68948,68795,77629,76929,76412,76864,76471,66421,65705,65868,66367,65771
950,1,0,0,76815,76388,75572,75565,76190,69485,68300,68845,68491,68346,77077,76374,75842,76297,75919,65993,65259,65425,65920,65323
951,0,0,0,77369,76947,76123,76110,76750,69933,68741,69285,68939,68793,77643,76949,76400,76862,76464,66423,65682,65855,66350,65761
952,1,0,0,76785,76380,75563,75560,76180,69464,68301,68836,68468,68334,77047,76357,75813,76280,75892,65984,65238,65406,65886,65319
953,0,0,0,77391,76963,76153,76142,76779,69941,68769,69300,68941,68806,77636,76943,76416,76878,76486,66435,65700,65872,66340,65773
954,1,0,0,76808,76391,75601,75587,76195,69491,68311,68855,68486,68330,77083,76375,75862,76297,75929,65984,65273,65434,65933,65334
955,0,0,0,77384,76956,76150,76134,76762,69954,68767,69304,68941,68795,77643,76942,76440,76869,76487,66428,65720,65877,66382,65782
956,1,0,0,76799,76392,75593,75575,76201,69519,68319,68853,68491,68333,77080,76381,75848,76306,75920,65996,65268,65430,65927,65322
957,0,0,0,77388,76967,76163,76134,76785,69975,68783,69310,68973,68797,77645,76960,76437,76880,76484,66451,65720,65885,66380,65777
958,1,0,0,76795,76364,75571,75552,76192,69495,68316,68846,68467,68323,77053,76375,75833,76302,75910,65978,65249,65415,65895,65313
959,0,0,0,77390,76950,76148,76114,76772,69953,68776,69307,68936,68797,77637,76954,76418,76883,76473,66427,65698,65874,66364,65765
960,1,0,0,76787,76377,75566,75574,76203,69491,68307,68835,68479,68345,77050,76381,75842,76306,75910,65981,65259,65428,65910,65302
961,0,0,0,77374,76954,76143,76130,76778,69950,68767,69300,68939,68799,77621,76955,76423,76881,76476,66426,65704,65867,66375,65752
962,1,0,0,76790,76382,75561,75560,76193,69499,68301,68843,68475,68338,77067,76379,75833,76314,75891,65975,65245,65426,65917,65309
963,0,0,0,77368,76949,76130,76115,76764,69942,68752,69302,68932,68794,77627,76949,76415,76881,76455,66432,65691,65870,66357,65746
964,1,0,0,76788,76364,75587,75573,76203,69490,68315,68852,68482,68323,77065,76361,75835,76299,75905,65977,65250,65422,65929,65310
965,0,0,0,77352,76930,76133,76113,76771,69929,68758,69292,68934,68782,77623,76925,76406,76864,76452,66412,65685,65867,66367,65756
966,1,0,0,76778,76365,75572,75564,76181,69480,68300,68844,68479,68303,77045,76349,75825,76292,75902,65956,65251,65398,65907,65304
967,0,0,0,77368,76933,76148,76123,76769,69932,68767,69316,68946,68769,77647,76934,76408,76876,76475,66421,65706,65844,66364,65740
968,1,0,0,76774,76352,75560,75557,76194,69495,68295,68839,68469,68324,77072,76362,75832,76299,75925,65957,65238,65406,65927,65317
969,0,0,0,77371,76928,76121,76134,76765,69946,68759,69287,68936,68771,77640,76940,76416,76878,76493,66416,65681,65867,66379,65763
970,1,0,0,76804,76376,75586,75561,76203,69508,68316,68844,68477,68320,77067,76366,75839,76308,75926,65970,65256,65423,65931,65309
971,0,0,0,77380,76933,76128,76114,76761,69940,68755,69314,68923,68765,77626,76924,76402,76871,76485,66418,65694,65860,66370,65746
972,1,0,0,76797,76384,75567,75557,76197,69498,68304,68843,68468,68319,77071,76362,75842,76292,75909,65975,65258,65400,65927,65315
973,0,0,0,77377,76950,76131,76121,76776,69941,68768,69306,68929,68787,77643,76930,76424,76873,76477,66421,65711,65847,66377,65767
974,1,0,0,76794,76373,75580,75574,76196,69500,68317,68841,68464,68324,77052,76373,75843,76292,75903,65957,65265,65412,65917,65325
975,0,0,0,77396,76958,76156,76144,76783,69968,68790,69308,68947,68791,77658,76957,76430,76871,76483,66427,65717,65870,66374,65787
976,1,0,0,76801,76393,75574,75561,76199,69501,68311,68860,68477,68316,77078,76382,75826,76295,75897,65981,65266,65430,65919,65322
977,0,0,0,77373,76946,76137,76111,76755,69939,68752,69307,68927,68775,77633,76947,76395,76858,76443,66406,65698,65866,66355,65751
978,1,0,0,76774,76376,75566,75551,76201,69478,68295,68844,68475,68317,77059,76347,75829,76295,75889,65961,65245,65427,65915,65316
979,0,0,0,77354,76944,76130,76114,76771,69934,68752,69312,68948,68780,77639,76926,76405,76872,76452,66414,65696,65862,66366,65759
980,1,0,0,76777,76366,75571,75549,76187,69489,68298,68841,68485,68325,77059,76368,75817,76294,75884,65950,65247,65409,65911,65319
981,0,0,0,77359,76933,76132,76109,76752,69955,68766,69309,68934,68790,77628,76938,76403,76869,76456,66390,65683,65849,66363,65751
982,1,0,0,76788,76346,75568,75553,76190,69481,68282,68820,68466,68314,77051,76351,75828,76293,75886,65940,65239,65417,65904,65297
983,0,0,0,77360,76926,76124,76125,76765,69941,68733,69279,68922,68767,77621,76927,76400,76864,76438,66392,65694,65857,66361,65748
984,1,0,0,76791,76353,75564,75562,76192,69490,68284,68850,68473,68323,77067,76363,75833,76288,75893,65970,65241,65415,65915,65319
985,0,0,0,77378,76929,76122,76122,76780,69953,68753,69305,68935,68786,77654,76951,76420,76863,76452,66422,65690,65877,66368,65776
986,1,0,0,76778,76344,75562,75565,76196,69484,68287,68850,68478,68332,77071,76373,75833,76283,75881,65967,65252,65416,65919,65307
987,0,0,0,77365,76934,76146,76141,76788,69966,68759,69316,68956,68801,77662,76956,76423,76887,76472,66429,65713,65868,66384,65772
988,1,0,0,76784,76366,75573,75545,76180,69499,68290,68848,68482,68318,77043,76370,75835,76283,75888,65962,65250,65420,65919,65317
989,0,0,0,77373,76948,76143,76121,76777,69969,68765,69312,68957,68794,77640,76957,76438,76874,76473,66418,65709,65887,66380,65790
990,1,0,0,76782,76370,75576,75544,76202,69515,68294,68859,68489,68343,77086,76375,75819,76299,75903,65993,65259,65420,65935,65324
991,0,0,0,77360,76935,76134,76119,76782,69962,68749,69318,68943,68803,77656,76954,76395,76874,76469,66419,65695,65865,66384,65767
992,1,0,0,76775,76353,75572,75559,76192,69483,68304,68837,68473,68330,77054,76351,75827,76292,75892,65969,65225,65418,65915,65297
993,0,0,0,77350,76926,76138,76105,76769,69933,68755,69293,68923,68786,77624,76933,76401,76866,76453,66414,65673,65865,66362,65741
994,1,0,0,76794,76360,75571,75550,76192,69499,68300,68839,68494,68336,77061,76358,75823,76285,75897,65971,65244,65428,65922,65313
995,0,0,0,77375,76944,76140,76107,76764,69946,68750,69306,68943,68803,77631,76933,76387,76867,76463,66426,65699,65870,66365,65757
996,1,0,0,76778,76371,75568,75544,76178,69480,68293,68847,68461,68328,77061,76362,75827,76277,75894,65965,65238,65406,65916,65313
997,0,0,0,77375,76942,76129,76126,76747,69928,68768,69309,68939,68797,77647,76943,76411,76863,76467,66415,65692,65861,66376,65770
998,1,0,0,76791,76368,75569,75555,76170,69486,68286,68824,68472,68326,77053,76364,75817,76277,75901,65975,65236,65406,65896,65318
999,0,0,0,77368,76938,76130,76122,76745,69952,68740,69287,68924,68783,77628,76933,76396,76853,76460,66407,65681,65850,66354,65762
1000,1,0,0,76779,76377,75592,75542,76185,69500,68305,68849,68477,68332,77046,76357,75817,76285,75894,65971,65237,65414,65912,65320
1001,0,0,0,77349,76960,76150,76104,76760,69959,68756,69311,68940,68798,77620,76942,76404,76862,76464,66414,65685,65863,66366,65763
1002,1,0,0,76788,76384,75567,75562,76206,69496,68318,68849,68497,68348,77087,76364,75833,76300,75907,65978,65255,65437,65927,65336
1003,0,0,0,77369,76955,76132,76128,76768,69944,68764,69308,68953,68797,77627,76948,76403,76867,76465,66419,65696,65881,66375,65782
1004,1,0,0,76780,76386,75560,75547,76184,69504,68304,68840,68479,68323,77069,76367,75844,76290,75894,65981,65252,65430,65914,65320
1005,0,0,0,77362,76953,76126,76105,76768,69950,68760,69287,68935,68778,77633,76936,76412,76851,76463,66414,65694,65873,66364,65774
1006,1,0,0,76796,76391,75561,75563,76194,69503,68298,68844,68487,68319,77058,76381,75835,76285,75910,65980,65257,65425,65919,65321
1007,0,0,0,77368,76936,76123,76118,76759,69958,68751,69274,68938,68776,77619,76936,76393,76847,76450,66409,65693,65869,66361,65755
1008,1,0,0,76795,76382,75566,75552,76192,69498,68311,68852,68481,68338,77070,76366,75857,76282,75890,65983,65247,65426,65923,65317
1009,0,0,0,77377,76957,76127,76114,76769,69955,68767,69303,68945,68792,77638,76934,76423,76860,76457,66431,65685,65874,66377,65759
1010,1,0,0,76789,76378,75562,75563,76189,69498,68295,68832,68486,68331,77073,76349,75830,76267,75901,65988,65243,65434,65919,65323
1011,0,0,0,77370,76947,76128,76121,76756,69954,68748,69302,68952,68785,77634,76925,76395,76842,76459,66431,65670,65876,66368,65773
1012,1,0,0,76795,76364,75563,75556,76177,69477,68296,68829,68473,68331,77051,76366,75814,76269,75888,65975,65226,65420,65918,65309
1013,0,0,0,77392,76945,76133,76123,76773,69934,68764,69303,68940,68801,77640,76941,76415,76853,76466,66436,65677,65876,66369,65761
1014,1,0,0,76787,76367,75557,75553,76183,69483,68298,68850,68459,68322,77067,76351,75815,76268,75894,65979,65229,65409,65909,65309
1015,0,0,0,77378,76938,76132,76114,76777,69944,68776,69316,68935,68792,77647,76939,76388,76850,76465,66428,65681,65875,66363,65757
1016,1,0,0,76791,76364,75565,75558,76186,69482,68307,68838,68469,68341,77051,76358,75818,76276,75884,65962,65241,65413,65911,65307
1017,0,0,0,77371,76933,76133,76123,76770,69934,68766,69304,68932,68794,77621,76924,76395,76850,76447,66407,65685,65859,66347,65756
1018,1,0,0,76772,76353,75558,75563,76175,69464,68304,68851,68463,68322,77065,76356,75812,76278,75874,65965,65231,65421,65906,65327
1019,0,0,0,77380,76962,76142,76135,76768,69937,68788,69316,68941,68797,77657,76934,76417,76868,76467,66431,65693,65887,66363,65789
1020,1,0,0,76790,76386,75573,75563,76176,69495,68311,68861,68486,68328,77064,76362,75816,76280,75894,65984,65245,65445,65926,65325
1021,0,0,0,77367,76950,76124,76110,76746,69926,68755,69316,68935,68763,77612,76916,76377,76844,76447,66409,65681,65877,66370,65767
1022,1,0,0,76760,76370,75532,75526,76153,69472,68286,68822,68467,68298,77035,76343,75799,76248,75869,65950,65213,65394,65881,65285
1023,0,0,0,77363,76959,76114,76116,76741,69943,68755,69298,68933,68778,77627,76946,76399,76841,76458,66411,65684,65862,66351,65756
1024,1,0,0,76769,76358,75555,75554,76170,69480,68306,68844,68481,68326,77055,76355,75820,76286,75887,65970,65249,65427,65910,65307
1025,0,0,0,77361,76950,76137,76147,76771,69966,68781,69310,68951,68802,77647,76954,76398,76881,76476,66425,65696,65881,66370,65772
1026,1,0,0,76787,76370,75572,75567,76195,69504,68316,68850,68473,68318,77067,76394,75831,76292,75917,65974,65247,65424,65918,65332
1027,0,0,0,77348,76929,76124,76115,76746,69948,68763,69293,68923,68771,77624,76942,76407,76850,76465,66412,65683,65861,66368,65771
1028,1,0,0,76769,76375,75546,75538,76182,69478,68297,68837,68465,68308,77054,76332,75806,76268,75889,65971,65236,65401,65921,65306
1029,0,0,0,77363,76955,76119,76111,76753,69925,68757,69300,68937,68778,77626,76925,76394,76855,76464,66422,65687,65845,66371,65755
1030,1,0,0,76797,76380,75570,75557,76194,69489,68299,68839,68482,68332,77060,76378,75847,76287,75890,65980,65255,65406,65914,65340
1031,0,0,0,77394,76969,76158,76145,76788,69959,68770,69321,68954,68822,77651,76975,76435,76878,76471,66448,65735,65864,66375,65802
1032,1,0,0,76817,76377,75571,75562,76166,69495,68316,68834,68480,68322,77083,76370,75824,76285,75887,65979,65262,65405,65915,65311
1033,0,0,0,77391,76961,76144,76123,76737,69946,68766,69296,68942,68786,77643,76956,76399,76861,76458,66433,65710,65852,66361,65771
1034,1,0,0,76794,76386,75582,75572,76188,69494,68309,68830,68468,68345,77074,76392,75836,76289,75905,65987,65262,65426,65918,65323
1035,0,0,0,77367,76952,76133,76113,76758,69939,68750,69283,68929,68802,77619,76948,76391,76852,76461,66426,65700,65859,66355,65760
1036,1,0,0,76792,76396,75550,75572,76194,69498,68303,68837,68490,68336,77057,76357,75826,76280,75902,65991,65247,65418,65918,65318
1037,0,0,0,77386,76975,76149,76149,76789,69962,68781,69301,68968,68812,77651,76950,76418,76877,76485,66443,65706,65875,66380,65781
1038,1,0,0,76787,76383,75569,75573,76191,69492,68304,68839,68496,68344,77069,76370,75824,76290,75906,65991,65262,65429,65906,65332
1039,0,0,0,77371,76956,76117,76123,76767,69937,68753,69285,68951,68781,77616,76939,76399,76857,76447,66423,65703,65860,66348,65762
1040,1,0,0,76800,76399,75568,75579,76199,69493,68317,68848,68488,68338,77074,76380,75831,76298,75900,66001,65265,65425,65918,65321
1041,0,0,0,77380,76975,76131,76134,76762,69946,68775,69306,68938,68791,77641,76945,76403,76866,76460,66441,65705,65873,66372,65769
1042,1,0,0,76773,76365,75574,75551,76177,69455,68314,68827,68470,68319,77053,76355,75826,76263,75899,65963,65235,65398,65898,65308
1043,0,0,0,77371,76956,76141,76114,76757,69911,68768,69286,68933,68779,77626,76935,76401,76854,76459,66409,65675,65840,66353,65749
1044,1,0,0,76782,76389,75554,75563,76174,69469,68281,68825,68455,68329,77050,76356,75802,76253,75874,65960,65228,65397,65895,65315
1045,0,0,0,77380,76970,76125,76135,76752,69935,68749,69297,68903,68797,77637,76948,76397,76856,76460,66423,65683,65857,66349,65774
1046,1,0,0,76790,76385,75559,75557,76179,69478,68289,68833,68467,68324,77056,76358,75820,76274,75895,65977,65228,65401,65903,65314
1047,0,0,0,77371,76953,76100,76111,76746,69922,68736,69278,68918,68777,77618,76921,76387,76839,76449,66412,65673,65843,66338,65759
1048,1,0,0,76788,76378,75562,75561,76180,69483,68293,68837,68473,68324,77047,76365,75803,76277,75895,65985,65250,65409,65910,65319
1049,0,0,0,77380,76969,76134,76127,76752,69943,68769,69312,68948,68806,77623,76941,76385,76869,76477,66438,65705,65859,66366,65772
1050,1,0,0,76791,76379,75577,75560,76190,69486,68286,68826,68475,68325,77051,76361,75811,76286,75903,65969,65254,65401,65902,65307
1051,0,0,0,77382,76970,76150,76129,76758,69945,68768,69291,68945,68796,77624,76942,76392,76865,76471,66416,65705,65866,66367,65759
1052,1,0,0,76797,76379,75569,75567,76193,69499,68309,68846,68472,68328,77038,76375,75830,76289,75901,65974,65248,65395,65902,65314
1053,0,0,0,77353,76930,76107,76103,76739,69926,68735,69275,68906,68764,77589,76917,76379,76835,76435,66410,65671,65828,66318,65730
1054,1,0,0,76779,76391,75579,75558,76170,69495,68307,68830,68492,68338,77060,76374,75820,76291,75893,65974,65240,65403,65912,65297
1055,0,0,0,77356,76949,76134,76102,76742,69944,68755,69280,68941,68783,77620,76930,76394,76850,76447,66412,65683,65841,66348,65741
1056,1,0,0,76761,76380,75562,75557,76169,69485,68287,68831,68473,68322,77035,76340,75803,76271,75868,65960,65225,65401,65895,65286
1057,0,0,0,77367,76967,76140,76130,76763,69948,68760,69282,68958,68801,77621,76928,76389,76862,76449,66417,65686,65867,66359,65754
1058,1,0,0,76778,76370,75573,75540,76178,69490,68290,68812,68456,68331,77050,76343,75801,76271,75876,65946,65239,65391,65891,65305
1059,0,0,0,77369,76936,76138,76107,76754,69945,68755,69282,68928,68794,77626,76921,76386,76850,76439,66397,65681,65845,66340,65750
1060,1,0,0,76802,76393,75577,75568,76187,69502,68296,68856,68489,68341,77065,76361,75833,76283,75889,65970,65239,65427,65916,65330
1061,0,0,0,77380,76966,76134,76141,76761,69941,68757,69311,68948,68803,77619,76939,76407,76862,76460,66426,65685,65864,66365,65783
1062,1,0,0,76793,76364,75574,75556,76176,69470,68312,68851,68469,68324,77050,76354,75828,76282,75890,65973,65238,65411,65901,65313
1063,0,0,0,77363,76937,76133,76122,76756,69934,68767,69303,68930,68791,77620,76935,76401,76856,76458,66419,65681,65853,66357,65760
1064,1,0,0,76781,76360,75567,75548,76177,69484,68289,68831,68463,68312,77053,76356,75830,76272,75890,65972,65232,65398,65895,65315
1065,0,0,0,77380,76952,76136,76107,76766,69951,68755,69301,68929,68782,77643,76937,76411,76851,76473,66413,65690,65854,66353,65769
1066,1,0,0,76774,76360,75559,75564,76161,69475,68285,68827,68453,68324,77048,76349,75817,76257,75882,65963,65242,65401,65909,65306
1067,0,0,0,77355,76940,76124,76126,76749,69915,68737,69291,68910,68782,77633,76930,76384,76843,76450,66410,65686,65849,66355,65752
1068,1,0,0,76800,76374,75561,75560,76184,69478,68301,68850,68463,68312,77078,76364,75814,76283,75898,65988,65262,65413,65912,65316
1069,0,0,0,77364,76943,76105,76122,76753,69924,68749,69300,68924,68768,77623,76936,76380,76846,76461,66425,65698,65841,66350,65759
1070,1,0,0,76783,76371,75560,75557,76155,69471,68299,68840,68458,68313,77054,76357,75805,76273,75893,65973,65250,65412,65918,65301
1071,0,0,0,77383,76946,76126,76128,76735,69935,68761,69305,68929,68795,77646,76942,76383,76864,76468,66427,65709,65873,66365,65764
1072,1,0,0,76783,76380,75557,75557,76174,69461,68301,68817,68465,68315,77040,76368,75808,76266,75877,65965,65243,65383,65914,65288
1073,0,0,0,77382,76965,76130,76134,76761,69939,68773,69295,68930,68797,77630,76957,76402,76861,76464,66433,65692,65852,66372,65758
1074,1,0,0,76786,76366,75562,75557,76186,69484,68294,68822,68460,68331,77054,76368,75821,76266,75885,65971,65248,65411,65907,65312
1075,0,0,0,77376,76948,76125,76122,76763,69949,68761,69287,68927,68792,77626,76939,76398,76850,76456,66411,65691,65854,66352,65752
1076,1,0,0,76790,76382,75557,75565,76173,69486,68296,68828,68463,68330,77061,76357,75820,76268,75881,65970,65242,65403,65905,65298
1077,0,0,0,77366,76953,76120,76126,76752,69945,68757,69296,68930,68792,77639,76938,76399,76849,76451,66421,65700,65853,66360,65760
1078,1,0,0,76786,76374,75550,75540,76162,69481,68283,68817,68462,68322,77050,76350,75804,76269,75881,65963,65234,65393,65909,65303
1079,0,0,0,77365,76954,76121,76123,76743,69938,68745,69294,68936,68792,77623,76928,76409,76862,76451,66416,65694,65848,66364,65765
1080,1,0,0,76768,76367,75536,75557,76176,69478,68284,68830,68455,68312,77028,76351,75816,76271,75882,65978,65236,65376,65905,65301
1081,0,0,0,77353,76934,76099,76111,76755,69933,68741,69294,68929,68787,77613,76935,76385,76852,76459,66421,65680,65825,66355,65749
1082,1,0,0,76788,76363,75561,75559,76187,69492,68301,68855,68464,68335,77064,76362,75824,76281,75884,65992,65229,65391,65898,65316
1083,0,0,0,77354,76911,76119,76103,76743,69938,68739,69298,68912,68776,77607,76920,76389,76835,76431,66423,65674,65831,66340,65755
1084,1,0,0,76769,76363,75561,75557,76166,69479,68273,68809,68467,68318,77033,76352,75811,76277,75854,65964,65207,65394,65912,65321
1085,0,0,0,77346,76933,76129,76120,76749,69933,68735,69281,68932,68789,77619,76942,76390,76865,76431,66432,65669,65839,66365,65774
1086,1,0,0,76773,76370,75569,75558,76178,69483,68290,68830,68474,68324,77051,76359,75814,76278,75884,65968,65221,65414,65916,65333
1087,0,0,0,77353,76940,76134,76127,76753,69933,68750,69287,68931,68789,77630,76933,76390,76864,76456,66419,65671,65865,66366,65778
1088,1,0,0,76751,76351,75553,75547,76165,69463,68273,68813,68477,68305,77024,76348,75803,76267,75889,65954,65229,65376,65883,65304
1089,0,0,0,77341,76913,76103,76097,76737,69909,68726,69275,68916,68761,77590,76913,76380,76841,76450,66392,65668,65818,66334,65739
1090,1,0,0,76767,76383,75557,75557,76161,69472,68293,68821,68462,68336,77060,76352,75815,76271,75880,65970,65244,65409,65890,65322
1091,0,0,0,77369,76964,76136,76139,76759,69932,68768,69301,68931,68804,77660,76936,76411,76867,76458,66424,65691,65862,66361,65775
1092,1,0,0,76792,76403,75588,75571,76183,69492,68313,68855,68487,68348,77068,76382,75829,76291,75903,65995,65250,65422,65931,65336
1093,0,0,0,77375,76977,76153,76140,76762,69954,68776,69308,68962,68813,77645,76963,76413,76882,76473,66435,65699,65872,66392,65783
1094,1,0,0,76791,76371,75559,75565,76178,69456,68309,68837,68471,68327,77063,76361,75814,76282,75878,65969,65248,65411,65918,65334
1095,0,0,0,77374,76940,76137,76134,76750,69921,68761,69308,68917,68786,77634,76934,76409,76860,76446,66413,65692,65862,66363,65777
1096,1,0,0,76809,76397,75570,75561,76185,69491,68319,68844,68484,68343,77053,76341,75822,76271,75895,65979,65255,65418,65916,65327
1097,0,0,0,77396,76979,76144,76123,76769,69954,68772,69309,68947,68796,77621,76924,76398,76843,76470,66437,65710,65873,66373,65777
1098,1,0,0,76792,76381,75565,75570,76189,69499,68301,68844,68479,68332,77053,76367,75810,76279,75897,65973,65253,65425,65919,65336
1099,0,0,0,77384,76969,76135,76156,76766,69950,68771,69308,68945,68807,77637,76952,76412,76876,76469,66432,65695,65877,66376,65795
1100,1,0,0,76798,76370,75586,75578,76181,69496,68302,68847,68487,68350,77038,76371,75833,76286,75905,65970,65262,65430,65923,65315
1101,0,0,0,77381,76959,76145,76142,76766,69946,68751,69307,68942,68800,77615,76945,76402,76857,76464,66415,65703,65877,66369,65762
1102,1,0,0,76819,76407,75576,75593,76204,69495,68301,68845,68508,68338,77076,76385,75828,76284,75897,65994,65263,65436,65925,65334
1103,0,0,0,77403,76973,76145,76150,76782,69955,68765,69302,68959,68803,77644,76950,76412,76874,76470,66444,65711,65883,66383,65784
1104,1,0,0,76813,76393,75578,75570,76185,69496,68307,68843,68501,68339,77070,76368,75810,76281,75891,65994,65254,65423,65926,65319
1105,0,0,0,77377,76936,76133,76120,76754,69941,68763,69287,68960,68780,77625,76941,76380,76860,76450,66435,65696,65864,66371,65774
1106,1,0,0,76787,76375,75578,75566,76172,69491,68316,68828,68478,68331,77050,76353,75810,76290,75895,65980,65258,65408,65913,65319
1107,0,0,0,77374,76965,76154,76126,76760,69954,68770,69296,68939,68796,77633,76941,76398,76873,76472,66430,65717,65866,66370,65777
1108,1,0,0,76794,76375,75573,75562,76188,69485,68293,68837,68488,68333,77051,76366,75811,76287,75909,65976,65242,65400,65911,65338
1109,0,0,0,77372,76948,76139,76113,76755,69932,68753,69290,68937,68800,77624,76939,76388,76862,76480,66423,65688,65847,66363,65791
1110,1,0,0,76796,76367,75553,75552,76174,69479,68305,68847,68478,68328,77049,76346,75810,76263,75895,65975,65248,65413,65916,65314
1111,0,0,0,77388,76949,76146,76128,76768,69959,68784,69316,68952,68807,77638,76938,76408,76859,76483,66436,65714,65887,66370,65777
1112,1,0,0,76790,76392,75570,75571,76174,69494,68311,68864,68484,68337,77067,76378,75821,76274,75889,65980,65250,65429,65926,65329
1113,0,0,0,77381,76977,76134,76144,76754,69954,68778,69330,68963,68795,77639,76952,76404,76860,76470,66432,65711,65890,66388,65790
1114,1,0,0,76784,76370,75563,75560,76192,69492,68296,68850,68468,68314,77058,76376,75801,76288,75903,65968,65242,65408,65915,65318
1115,0,0,0,77381,76958,76149,76141,76771,69959,68771,69309,68928,68786,77647,76955,76396,76868,76472,66425,65695,65861,66371,65784
1116,1,0,0,76776,76372,75576,75554,76182,69499,68276,68835,68464,68313,77053,76354,75807,76272,75899,65983,65245,65412,65915,65326
1117,0,0,0,77344,76930,76116,76095,76744,69926,68723,69272,68911,68751,77600,76921,76374,76828,76446,66403,65673,65847,66343,65758
1118,1,0,0,76776,76372,75552,75550,76179,69466,68289,68824,68453,68316,77038,76348,75815,76273,75890,65962,65227,65398,65914,65301
1119,0,0,0,77362,76942,76110,76112,76743,69927,68746,69276,68911,68777,77601,76920,76383,76852,76452,66414,65672,65843,66355,65746
1120,1,0,0,76788,76359,75557,75556,76166,69491,68301,68831,68476,68325,77049,76366,75813,76282,75898,65981,65235,65405,65909,65312
1121,0,0,0,77374,76928,76136,76115,76753,69958,68763,69294,68944,68786,77626,76945,76395,76867,76478,66440,65681,65860,66364,65770
1122,1,0,0,76775,76366,75563,75544,76170,69480,68298,68809,68452,68306,77054,76357,75806,76278,75890,65967,65232,65383,65915,65315
1123,0,0,0,77344,76936,76118,76089,76737,69935,68750,69276,68915,68767,77627,76922,76380,76845,76453,66404,65674,65838,66356,65757
1124,1,0,0,76782,76377,75575,75573,76167,69492,68306,68837,68469,68338,77042,76373,75812,76276,75903,65974,65242,65403,65913,65311
1125,0,0,0,77371,76947,76131,76131,76747,69946,68759,69297,68920,68781,77626,76950,76390,76855,76470,66428,65691,65856,66364,65762
1126,1,0,0,76781,76367,75557,75575,76175,69498,68307,68824,68471,68331,77062,76365,75811,76288,75888,65968,65244,65424,65928,65315
1127,0,0,0,77357,76928,76121,76121,76737,69933,68762,69279,68932,68781,77625,76926,76379,76857,76448,66407,65669,65868,66374,65751
1128,1,0,0,76788,76378,75593,75566,76179,69496,68321,68849,68490,68334,77067,76377,75826,76306,75899,65980,65259,65427,65917,65335
1129,0,0,0,77368,76943,76153,76118,76752,69943,68776,69311,68947,68794,77632,76944,76390,76870,76457,66424,65687,65865,66363,65773
1130,1,0,0,76776,76374,75578,75570,76179,69492,68305,68829,68485,68319,77053,76378,75821,76288,75905,65975,65240,65416,65913,65322
1131,0,0,0,77353,76949,76144,76139,76765,69953,68764,69297,68937,68789,77641,76944,76404,76867,76473,66427,65691,65870,66364,65773
1132,1,0,0,76788,76379,75577,75556,76178,69482,68298,68842,68493,68340,77047,76354,75829,76282,75889,65975,65246,65414,65921,65337
1133,0,0,0,77382,76955,76156,76122,76763,69955,68763,69312,68967,68802,77623,76925,76409,76862,76465,66423,65689,65867,66371,65792
1134,1,0,0,76787,76379,75565,75554,76172,69505,68315,68824,68473,68324,77065,76348,75824,76280,75888,65977,65242,65428,65919,65319
1135,0,0,0,77369,76952,76126,76126,76755,69946,68775,69291,68929,68790,77633,76935,76404,76868,76465,66434,65697,65877,66365,65769
1136,1,0,0,76775,76369,75561,75559,76164,69470,68298,68824,68476,68311,77052,76351,75811,76288,75872,65977,65228,65421,65910,65306
1137,0,0,0,77356,76942,76127,76120,76741,69933,68761,69280,68938,68767,77633,76927,76375,76861,76452,66424,65674,65860,66352,65774
1138,1,0,0,76779,76394,75579,75570,76185,69492,68320,68846,68486,68334,77080,76346,75827,76293,75901,65991,65265,65436,65923,65317
1139,0,0,0,77366,76957,76135,76120,76762,69944,68769,69306,68946,68793,77643,76931,76402,76875,76462,66434,65711,65876,66364,65766
1140,1,0,0,76779,76374,75555,75542,76189,69490,68306,68822,68479,68326,77060,76361,75828,76292,75889,65985,65252,65433,65928,65317
1141,0,0,0,77350,76944,76122,76105,76752,69948,68761,69292,68929,68786,77617,76936,76395,76861,76443,66432,65691,65873,66373,65763
1142,1,0,0,76769,76363,75567,75558,76180,69492,68304,68838,68468,68331,77066,76363,75805,76286,75889,65963,65236,65420,65919,65305
1143,0,0,0,77351,76930,76128,76115,76750,69931,68761,69290,68914,68776,77625,76934,76373,76857,76450,66412,65683,65865,66365,65746
1144,1,0,0,76782,76350,75564,75558,76173,69475,68307,68824,68462,68321,77069,76358,75815,76272,75884,65967,65238,65425,65901,65325
1145,0,0,0,77374,76948,76145,76127,76758,69955,68772,69288,68939,68782,77648,76945,76397,76857,76458,66429,65686,65885,66355,65773
1146,1,0,0,76767,76347,75548,75540,76176,69479,68295,68815,68454,68320,77049,76344,75803,76264,75867,65979,65235,65412,65893,65310
1147,0,0,0,77369,76936,76128,76110,76765,69945,68765,69298,68940,68809,77636,76935,76395,76859,76451,66429,65694,65861,66363,65785
1148,1,0,0,76782,76381,75575,75553,76176,69477,68303,68831,68475,68333,77068,76360,75826,76274,75883,65982,65253,65429,65915,65323
1149,0,0,0,77361,76956,76146,76126,76768,69945,68767,69293,68953,68801,77663,76953,76419,76866,76469,66446,65698,65884,66374,65772
1150,1,0,0,76783,76383,75563,75557,76185,69495,68319,68823,68458,68326,77058,76360,75820,76277,75892,65975,65244,65408,65935,65313
1151,0,0,0,77346,76930,76115,76098,76744,69927,68760,69268,68915,68768,77613,76909,76384,76829,76444,66412,65667,65838,66361,65755
1152,1,0,0,76775,76389,75560,75555,76175,69486,68312,68817,68467,68316,77034,76350,75823,76267,75879,65977,65236,65421,65905,65303
1153,0,0,0,77361,76975,76124,76126,76756,69944,68774,69278,68932,68775,77611,76934,76420,76846,76449,66429,65684,65869,66351,65751
1154,1,0,0,76783,76368,75564,75559,76182,69482,68307,68833,68461,68316,77074,76370,75818,76285,75882,65968,65244,65431,65916,65316
1155,0,0,0,77364,76942,76131,76125,76755,69925,68757,69286,68929,68764,77638,76952,76394,76850,76446,66408,65693,65874,66365,65751
1156,1,0,0,76763,76369,75553,75544,76162,69477,68300,68808,68460,68320,77038,76342,75816,76266,75881,65975,65216,65396,65907,65295
1157,0,0,0,77346,76933,76129,76106,76739,69924,68752,69270,68920,68782,77622,76916,76389,76851,76459,66421,65667,65850,66378,65749
1158,1,0,0,76787,76380,75579,75556,76182,69489,68314,68823,68484,68331,77082,76351,75826,76278,75890,65987,65249,65419,65920,65312
1159,0,0,0,77381,76974,76154,76136,76766,69947,68776,69290,68945,68792,77665,76927,76412,76861,76478,66444,65708,65875,66364,65768
1160,1,0,0,76781,76365,75560,75551,76170,69480,68294,68837,68445,68321,77040,76356,75813,76260,75881,65969,65226,65407,65897,65290
1161,0,0,0,77359,76946,76130,76119,76752,69932,68763,69302,68913,68782,77614,76935,76390,76846,76445,66423,65682,65854,66343,65746
1162,1,0,0,76791,76396,75573,75571,76192,69505,68327,68864,68472,68348,77064,76366,75820,76289,75903,65994,65254,65435,65919,65326
1163,0,0,0,77369,76945,76125,76117,76769,69941,68776,69307,68924,68801,77631,76933,76391,76850,76458,66424,65696,65871,66365,65767
1164,1,0,0,76804,76369,75575,75560,76169,69475,68306,68851,68473,68325,77046,76352,75807,76272,75891,65999,65251,65419,65919,65312
1165,0,0,0,77380,76957,76149,76121,76754,69939,68779,69317,68939,68792,77625,76940,76392,76847,76463,66447,65701,65873,66376,65785
1166,1,0,0,76800,76386,75579,75571,76172,69485,68311,68836,68473,68318,77062,76362,75805,76286,75889,65983,65250,65423,65904,65299
1167,0,0,0,77386,76952,76144,76137,76763,69943,68774,69295,68950,68785,77647,76944,76380,76867,76457,66441,65704,65869,66354,65751
1168,1,0,0,76781,76353,75545,75559,76178,69477,68307,68820,68446,68317,77031,76340,75789,76255,75887,65973,65233,65402,65896,65295
1169,0,0,0,77357,76936,76105,76113,76759,69938,68758,69274,68909,68775,77606,76915,76377,76836,76457,66419,65684,65841,66343,65751
1170,1,0,0,76790,76365,75572,75569,76198,69484,68319,68841,68477,68339,77071,76369,75819,76280,75890,65986,65266,65418,65916,65323
1171,0,0,0,77363,76927,76118,76118,76766,69939,68763,69290,68924,68779,77628,76925,76394,76845,76443,66417,65707,65856,66343,65759
1172,1,0,0,76783,76361,75565,75549,76174,69463,68290,68826,68474,68317,77037,76355,75807,76272,75878,65969,65243,65417,65889,65307
1173,0,0,0,77385,76968,76152,76140,76767,69940,68769,69310,68946,68798,77641,76953,76408,76871,76470,66433,65715,65875,66367,65783
1174,1,0,0,76801,76390,75578,75556,76182,69476,68314,68841,68474,68319,77046,76365,75828,76283,75892,65975,65275,65418,65919,65336
1175,0,0,0,77377,76946,76137,76111,76742,69919,68752,69290,68924,68768,77610,76926,76391,76845,76447,66409,65697,65858,66351,65773
1176,1,0,0,76768,76365,75563,75555,76166,69475,68294,68828,68459,68322,77038,76356,75800,76266,75865,65955,65241,65410,65901,65320
1177,0,0,0,77339,76938,76117,76101,76730,69931,68750,69278,68915,68775,77610,76913,76382,76847,76425,66395,65681,65852,66348,65769
1178,1,0,0,76791,76387,75569,75569,76178,69483,68313,68849,68481,68322,77061,76361,75813,76288,75900,65984,65250,65416,65907,65306
1179,0,0,0,77373,76964,76134,76130,76754,69940,68774,69299,68937,68788,77642,76933,76392,76862,76470,66438,65703,65861,66354,65755
1180,1,0,0,76785,76379,75557,75549,76174,69485,68305,68837,68461,68319,77077,76371,75820,76287,75886,65958,65251,65425,65891,65323
1181,0,0,0,77387,76956,76136,76127,76756,69949,68774,69295,68957,68790,77639,76953,76412,76869,76464,66416,65697,65887,66352,65773
1182,1,0,0,76802,76400,75586,75575,76197,69504,68313,68846,68470,68338,77062,76353,75830,76284,75912,65991,65251,65423,65892,65328
1183,0,0,0,77393,76966,76156,76144,76776,69944,68777,69292,68925,68801,77639,76938,76412,76872,76479,66439,65699,65867,66347,65782
1184,1,0,0,76775,76366,75562,75545,76169,69471,68301,68806,68458,68322,77046,76331,75816,76270,75881,65957,65239,65407,65884,65312
1185,0,0,0,77354,76946,76133,76117,76751,69933,68761,69277,68918,68781,77622,76909,76391,76854,76447,66410,65683,65850,66337,65756
1186,1,0,0,76755,76373,75561,75556,76181,69480,68303,68819,68475,68318,77058,76332,75800,76259,75886,65969,65243,65411,65891,65309
1187,0,0,0,77354,76939,76127,76107,76751,69945,68757,69289,68933,68779,77631,76904,76385,76836,76453,66414,65689,65848,66343,65757
1188,1,0,0,76777,76370,75572,75556,76184,69459,68306,68824,68472,68320,77046,76330,75802,76269,75883,65980,65249,65395,65902,65313
1189,0,0,0,77378,76966,76152,76138,76760,69929,68776,69299,68943,68787,77628,76918,76390,76864,76460,66434,65703,65857,66361,65760
1190,1,0,0,76787,76396,75572,75584,76186,69480,68331,68852,68460,68339,77061,76356,75829,76281,75903,65985,65253,65414,65913,65325
1191,0,0,0,77368,76966,76136,76132,76762,69929,68786,69310,68925,68790,77624,76927,76389,76853,76459,66432,65699,65854,66365,65770
1192,1,0,0,76757,76382,75562,75558,76186,69468,68309,68835,68438,68326,77041,76335,75813,76275,75898,65982,65249,65409,65909,65317
1193,0,0,0,77344,76947,76126,76117,76759,69921,68769,69293,68899,68785,77623,76905,76395,76845,76460,66425,65702,65861,66355,65767
1194,1,0,0,76762,76379,75563,75558,76179,69490,68297,68843,68468,68324,77050,76347,75823,76267,75902,65964,65233,65418,65892,65310
1195,0,0,0,77363,76972,76134,76140,76778,69966,68782,69322,68946,68800,77644,76943,76419,76866,76494,66430,65705,65890,66367,65783
1196,1,0,0,76783,76398,75578,75576,76170,69497,68328,68836,68482,68328,77085,76372,75833,76275,75916,65978,65267,65436,65925,65333
1197,0,0,0,77358,76954,76133,76122,76746,69932,68770,69288,68932,68763,77641,76931,76391,76838,76472,66411,65703,65866,66347,65757
1198,1,0,0,76801,76388,75585,75580,76188,69491,68313,68850,68463,68345,77072,76365,75838,76289,75900,65965,65254,65425,65915,65320
1199,0,0,0,77350,76936,76128,76117,76751,69937,68751,69296,68913,68775,77625,76934,76385,76839,76442,66389,65683,65848,66351,65740
