rep,heat_enabled,transmitter_bit,transmitter_mask,ctrl_0_ro_0,ctrl_0_ro_1,ctrl_0_ro_2,ctrl_0_ro_3,ctrl_0_ro_4,ctrl_1_ro_0,ctrl_1_ro_1,ctrl_1_ro_2,ctrl_1_ro_3,ctrl_1_ro_4,ctrl_2_ro_0,ctrl_2_ro_1,ctrl_2_ro_2,ctrl_2_ro_3,ctrl_2_ro_4,ctrl_3_ro_0,ctrl_3_ro_1,ctrl_3_ro_2,ctrl_3_ro_3,ctrl_3_ro_4
0,31,1,1023,6727364,6698670,6580413,6620397,6555273,6606549,6603530,6575707,6657598,6550713,6647895,6588695,6504347,6612439,6586325,6519791,6555175,6515527,6534790,6416287
1,0,1,1023,6740836,6711667,6593686,6635159,6568188,6619896,6615851,6588581,6671165,6564083,6661321,6602665,6517676,6626618,6599565,6533862,6569222,6528896,6548119,6429980
2,31,1,1023,6728341,6700003,6581861,6622761,6555937,6608135,6603441,6576273,6659024,6551380,6648890,6589692,6505728,6614019,6586929,6521506,6556395,6516224,6535595,6417321
3,0,1,1023,6740371,6711838,6594083,6635301,6567532,6620999,6616145,6588274,6671560,6564725,6661469,6602707,6517922,6626667,6600274,6533992,6568998,6529208,6548208,6429473
4,31,1,1023,6727575,6699100,6580455,6621988,6555139,6607471,6602463,6575292,6657825,6551344,6647479,6589348,6504556,6612991,6587366,6519629,6555574,6515291,6534455,6416014
5,0,1,1023,6739749,6711536,6592310,6634626,6566950,6619897,6614703,6587715,6670115,6564428,6660705,6602012,6517432,6627156,6599691,6532664,6569087,6527651,6547187,6428116
6,31,1,1023,6726949,6699539,6580598,6622960,6554683,6607796,6601954,6575548,6658133,6551999,6648145,6589777,6505335,6614944,6586097,6520088,6556364,6514781,6534758,6415364
7,0,1,1023,6740120,6711484,6592224,6635187,6567245,6621018,6615531,6588306,6670493,6565138,6661125,6603124,6518261,6627618,6599602,6533703,6569134,6527467,6547749,6427949
8,31,1,1023,6727120,6698603,6580118,6622164,6554943,6607153,6602095,6575065,6657040,6551449,6647640,6589315,6504880,6613872,6585968,6520064,6555301,6513755,6534319,6415301
9,0,1,1023,6738897,6710779,6591964,6634392,6567181,6619212,6614882,6587027,6669591,6563180,6660429,6601534,6516452,6625832,6598287,6532547,6568657,6526369,6547082,6427788
10,31,1,1023,6728569,6700024,6580905,6623348,6555969,6607912,6603571,6576104,6658318,6552760,6648342,6590924,6505752,6614822,6587222,6521237,6556738,6514959,6535446,6417194
11,0,1,1023,6741097,6712898,6593019,6635601,6568085,6620361,6616778,6588854,6671029,6564823,6661549,6603393,6517891,6627360,6599818,6533977,6569952,6527912,6548258,6429363
12,31,1,1023,6728891,6700480,6581199,6623669,6555639,6608207,6603955,6576552,6658655,6551860,6648658,6591225,6506196,6614399,6587261,6521410,6557215,6515473,6535686,6417139
13,0,1,1023,6740741,6713239,6592872,6635986,6567647,6620100,6616135,6588734,6670998,6564491,6661457,6602998,6518113,6626252,6599989,6533611,6570026,6528006,6548237,6428998
14,31,1,1023,6727826,6700077,6580447,6623260,6554813,6607777,6603227,6575783,6657802,6551385,6648168,6589946,6504966,6613885,6585793,6520480,6556728,6515239,6535622,6416660
15,0,1,1023,6739939,6713218,6593292,6636144,6567388,6620396,6616381,6588802,6671230,6564625,6661615,6603517,6517721,6626394,6599147,6533851,6570301,6528444,6548897,6429889
16,31,1,1023,6727136,6699830,6580541,6622337,6554950,6607256,6603763,6575949,6657983,6551579,6647969,6589905,6504727,6613266,6586820,6520376,6556148,6514810,6535367,6415773
17,0,1,1023,6739875,6712490,6592113,6635204,6566980,6620083,6616417,6587369,6670311,6563558,6661192,6602275,6517641,6625393,6598980,6532298,6568814,6527916,6547788,6428238
18,31,1,1023,6728196,6701123,6580149,6622756,6555190,6608462,6603610,6575649,6657913,6551773,6648012,6590135,6505473,6612599,6586535,6520065,6555806,6515127,6535126,6416809
19,0,1,1023,6739839,6712600,6591692,6634956,6567639,6619996,6615178,6587350,6669965,6564163,6660831,6602256,6517545,6624166,6598777,6532558,6568472,6527209,6547593,6429305
20,31,1,1023,6726387,6700420,6579762,6622563,6555359,6606863,6602661,6574689,6657589,6551357,6647942,6589120,6505313,6612844,6585411,6520222,6556152,6514113,6534328,6415595
21,0,1,1023,6739766,6712393,6591891,6635045,6567014,6619742,6615345,6587799,6670184,6564053,6661500,6601690,6517804,6625656,6598890,6533687,6569225,6527298,6547982,6428676
22,31,1,1023,6727415,6700233,6579711,6622947,6555154,6608270,6602787,6575516,6657590,6551862,6648838,6589098,6506257,6613922,6586412,6521225,6556821,6514799,6535504,6417176
23,0,1,1023,6739034,6711142,6591196,6634439,6566606,6619692,6614868,6586935,6669955,6564316,6660749,6600295,6517774,6626014,6597839,6533276,6568829,6526635,6547566,6428648
24,31,1,1023,6727357,6699253,6579462,6622975,6554804,6608148,6603480,6575303,6658040,6551832,6648670,6588744,6505985,6614244,6586424,6521119,6556267,6514908,6535146,6416673
25,0,1,1023,6739465,6710932,6591210,6634307,6567047,6620019,6615953,6587287,6670219,6563604,6661010,6600921,6518191,6625035,6598749,6533656,6568768,6526826,6546746,6428613
26,31,1,1023,6727251,6699184,6579118,6621649,6554529,6606882,6602711,6574970,6657574,6550628,6648227,6588619,6505330,6613135,6586237,6520697,6555627,6514528,6534476,6416204
27,0,1,1023,6739407,6711656,6591744,6634433,6567188,6619745,6615417,6587685,6670026,6563613,6661419,6601342,6517551,6624859,6599380,6534033,6568899,6527120,6547561,6429142
28,31,1,1023,6726257,6697887,6578004,6621075,6554727,6606725,6601966,6573908,6656511,6549966,6647838,6588169,6504507,6611171,6585700,6519980,6554900,6514032,6534216,6415078
29,0,1,1023,6739030,6710894,6590226,6634047,6567555,6619134,6615088,6586897,6669672,6563282,6660369,6600589,6517237,6624073,6598634,6533144,6567425,6527387,6548023,6428231
30,31,1,1023,6726817,6698462,6579238,6621628,6555441,6606864,6603014,6574604,6657422,6551425,6647818,6588011,6505137,6611900,6586367,6520330,6555302,6515138,6535119,6415809
31,0,1,1023,6738848,6710163,6591326,6633898,6567240,6619274,6615022,6586391,6669709,6563194,6660106,6600617,6517361,6624102,6599063,6532820,6568925,6527312,6547551,6427715
32,31,1,1023,6727686,6699448,6579519,6622451,6555472,6607861,6603015,6575041,6657714,6550664,6648151,6588594,6505392,6611740,6586906,6520731,6556102,6514393,6535311,6415925
33,0,1,1023,6739794,6712015,6591726,6634325,6567704,6619967,6616063,6588048,6670223,6563748,6661201,6601105,6517885,6624202,6599066,6533341,6568629,6528108,6548219,6428745
34,31,1,1023,6727550,6699095,6579608,6622395,6555340,6607227,6602551,6575435,6657133,6550569,6647486,6588496,6505244,6611848,6586416,6520301,6555088,6514621,6535691,6415788
35,0,1,1023,6740047,6711281,6591184,6634695,6567066,6619449,6615546,6587294,6669952,6563742,6660048,6601016,6516792,6624351,6598979,6532956,6568108,6527613,6548201,6428003
36,31,1,1023,6726944,6698757,6579729,6622429,6554332,6606723,6602642,6574754,6657368,6550575,6647537,6588618,6503842,6611917,6585869,6520564,6554900,6515125,6534922,6415920
37,0,1,1023,6739433,6710526,6591413,6634127,6567084,6619153,6614433,6587009,6669962,6563667,6660996,6601641,6516283,6625436,6598405,6533292,6567158,6527588,6548259,6428727
38,31,1,1023,6727202,6698164,6579315,6622667,6554841,6606933,6602162,6574843,6657167,6551128,6647520,6588917,6504756,6613268,6586658,6520580,6554119,6514495,6535375,6416094
39,0,1,1023,6738297,6711045,6590719,6634522,6566136,6618905,6614448,6586859,6670138,6562318,6660126,6600916,6516603,6625377,6599167,6532895,6567405,6526762,6547613,6427501
40,31,1,1023,6726083,6698505,6579182,6622769,6554452,6606830,6603091,6575191,6658177,6550361,6647109,6589216,6504867,6612438,6586953,6519906,6554202,6513777,6534691,6415574
41,0,1,1023,6739374,6710880,6591753,6634920,6567530,6619462,6615554,6588345,6671031,6563207,6660687,6602463,6517653,6625590,6599881,6533928,6567837,6527462,6547962,6428187
42,31,1,1023,6727836,6699551,6580114,6623048,6555293,6606826,6603574,6576040,6658451,6551241,6648309,6589939,6504998,6613779,6587513,6521366,6555556,6515314,6535834,6416848
43,0,1,1023,6740414,6711700,6591985,6635646,6567267,6619520,6615766,6587952,6671016,6563157,6661424,6602528,6517573,6626228,6600325,6534170,6568545,6527646,6548750,6429344
44,31,1,1023,6727415,6699710,6580458,6623464,6555418,6607590,6603589,6575644,6659232,6550875,6648264,6590147,6505184,6612860,6586441,6521148,6555709,6514554,6536050,6416809
45,0,1,1023,6739474,6711606,6592527,6635525,6568358,6619723,6615478,6588471,6672367,6563887,6661146,6602364,6517717,6625677,6598763,6534291,6568984,6527794,6548500,6429779
46,31,1,1023,6726455,6699077,6579877,6622964,6555265,6607011,6602708,6575356,6658178,6551630,6647905,6589663,6504967,6612561,6586554,6521200,6555842,6514754,6535900,6417092
47,0,1,1023,6739199,6711524,6591850,6635153,6567097,6619337,6614907,6588046,6670821,6564178,6660744,6602385,6517780,6625264,6599847,6533947,6568477,6527390,6548801,6429936
48,31,1,1023,6726729,6699159,6579635,6622608,6554804,6607293,6603341,6575391,6658669,6551211,6648119,6589214,6505321,6613282,6587363,6521130,6555546,6514993,6536042,6417329
49,0,1,1023,6739765,6712137,6592847,6635938,6567746,6620088,6615469,6589000,6672096,6564514,6661937,6601897,6518259,6626545,6601159,6534229,6569336,6527791,6549594,6429728
50,31,1,1023,6727207,6699657,6580332,6622949,6554782,6606835,6603047,6576025,6658706,6551192,6648729,6589303,6505086,6613377,6587904,6520870,6556477,6514748,6535924,6416181
51,0,1,1023,6739767,6711973,6592267,6634941,6567760,6619456,6615764,6588607,6670781,6564774,6662294,6602176,6517607,6625836,6599888,6533122,6569863,6527548,6549006,6428674
52,31,1,1023,6727500,6700128,6580711,6623580,6556479,6607661,6603570,6576482,6658744,6552189,6649332,6590536,6505733,6613272,6588188,6520879,6557054,6515275,6536733,6417211
53,0,1,1023,6738286,6710764,6590585,6634140,6566889,6617903,6614073,6586847,6669667,6563372,6660147,6601387,6516504,6625400,6599310,6532292,6568348,6526102,6548130,6428682
54,31,1,1023,6727356,6699664,6580074,6623378,6555517,6606203,6602172,6576237,6658521,6551976,6648244,6589627,6505182,6614352,6587733,6520130,6556323,6514270,6536581,6417559
55,0,1,1023,6738442,6711076,6591166,6634530,6566284,6617542,6614142,6587219,6670680,6563801,6659837,6601111,6516780,6625612,6599598,6531744,6568857,6526181,6547484,6429237
56,31,1,1023,6726527,6699466,6579599,6622816,6554777,6605487,6602963,6575196,6658654,6551021,6647688,6589169,6504902,6612319,6587364,6519552,6556127,6514313,6534772,6417273
57,0,1,1023,6739555,6711672,6591662,6635248,6567427,6618171,6615367,6587764,6671345,6564032,6660619,6602015,6517612,6626172,6600454,6533099,6569262,6526910,6548004,6429613
58,31,1,1023,6727778,6699196,6579727,6623005,6554982,6606081,6602999,6575518,6659236,6551613,6647866,6589876,6505559,6614207,6587928,6521062,6556701,6514470,6535557,6417266
59,0,1,1023,6740350,6711732,6591399,6634772,6567599,6618406,6615447,6587701,6671634,6564020,6660837,6602213,6517703,6626716,6601172,6533867,6569373,6526649,6548132,6429506
60,31,1,1023,6727336,6698460,6579572,6622264,6555197,6605193,6602546,6574939,6657915,6550624,6647268,6588995,6504653,6613678,6587442,6520285,6556139,6513702,6534806,6416568
61,0,1,1023,6740025,6710844,6592559,6635455,6568087,6618433,6615733,6587825,6671081,6564297,6661075,6602111,6517444,6625906,6600846,6533828,6569664,6527170,6548633,6430098
62,31,1,1023,6727233,6698402,6579268,6622649,6554391,6605283,6602380,6574610,6658129,6550946,6647090,6589386,6505079,6612490,6586625,6520261,6555230,6513866,6535242,6416732
63,0,1,1023,6739099,6710625,6590764,6634557,6566143,6617699,6613990,6586494,6670283,6562007,6659538,6601527,6516342,6626072,6599345,6532606,6568436,6526241,6547885,6428494
64,31,1,1023,6726764,6698369,6577902,6623108,6554478,6605127,6601427,6573773,6657219,6549781,6647146,6588406,6503372,6613421,6587153,6519727,6554928,6513694,6534649,6416049
65,0,1,1023,6738866,6709816,6589639,6634296,6566459,6616528,6613221,6585313,6669205,6561830,6659675,6599500,6515319,6624783,6598800,6531472,6567257,6525886,6546558,6427861
66,31,1,1023,6726854,6698055,6578300,6622445,6554743,6605032,6601565,6574091,6657772,6550215,6647501,6588224,6503089,6612462,6587300,6519773,6554895,6513579,6534390,6416588
67,0,1,1023,6740398,6711034,6591398,6635244,6568070,6617548,6615030,6587331,6671231,6564121,6661087,6601860,6517007,6625957,6600370,6533251,6569112,6527271,6548173,6429873
68,31,1,1023,6727355,6698278,6579274,6622069,6554772,6605695,6602125,6574070,6658072,6550401,6647233,6588595,6503654,6613242,6586936,6519693,6555913,6514513,6535130,6416187
69,0,1,1023,6739883,6710545,6591388,6634349,6567219,6618186,6614848,6586694,6670997,6562553,6660533,6600987,6516237,6626117,6600053,6532648,6568353,6526901,6547765,6428513
70,31,1,1023,6727233,6698320,6580031,6622267,6555187,6606122,6602925,6574773,6658368,6550938,6648469,6588749,6504858,6614542,6588129,6520244,6555449,6514431,6535015,6416605
71,0,1,1023,6739182,6710427,6591628,6635086,6567332,6618230,6614661,6586630,6670165,6563090,6661207,6601205,6516138,6626339,6599805,6532752,6568576,6526574,6547430,6429200
72,31,1,1023,6726474,6696946,6579764,6622315,6554226,6605941,6601262,6573731,6657438,6550249,6647249,6588627,6503580,6613940,6586350,6520029,6555903,6513913,6534258,6416478
73,0,1,1023,6739086,6709194,6591572,6633655,6567222,6618523,6614192,6586177,6670301,6563228,6660245,6601580,6516131,6625953,6599657,6532908,6568815,6526500,6546923,6429229
74,31,1,1023,6726590,6697112,6579581,6621837,6555320,6606846,6602497,6574928,6657668,6550656,6647505,6588863,6504256,6613431,6586986,6519695,6555804,6514369,6534477,6416545
75,0,1,1023,6738510,6709569,6591443,6634364,6566903,6618779,6614796,6587069,6669798,6562860,6660037,6601275,6516598,6625737,6598496,6532921,6568237,6527170,6546524,6428526
76,31,1,1023,6726168,6698011,6580277,6622532,6554729,6606927,6603040,6575112,6658089,6550582,6646971,6589425,6504659,6612494,6585608,6520272,6555696,6514408,6534737,6417081
77,0,1,1023,6738555,6710151,6591638,6634766,6566069,6618910,6614612,6587100,6670248,6563620,6659829,6601415,6516470,6624975,6598664,6533122,6568789,6527071,6547215,6429613
78,31,1,1023,6725936,6697784,6579439,6622449,6554023,6605827,6601826,6575137,6657574,6550866,6646927,6588411,6504231,6612873,6586969,6520223,6555877,6513895,6534020,6416616
79,0,1,1023,6738174,6710110,6591103,6635273,6566743,6618539,6614078,6587302,6670851,6563842,6659893,6601822,6517072,6625662,6600137,6533905,6569019,6527776,6547028,6429591
80,31,1,1023,6725768,6698358,6578889,6622307,6554456,6606192,6601855,6574330,6658016,6551004,6647024,6589392,6503988,6613129,6587638,6520709,6555941,6515003,6534634,6416727
81,0,1,1023,6738167,6711053,6591700,6634816,6566730,6618513,6614598,6587065,6670382,6563840,6660457,6602134,6516745,6625735,6600484,6533945,6569580,6527495,6548335,6428936
82,31,1,1023,6726085,6698727,6579552,6623583,6554314,6606791,6601926,6574480,6658211,6550792,6647019,6589568,6504760,6613710,6587237,6520755,6556547,6515154,6534887,6416939
83,0,1,1023,6738806,6711366,6590887,6635384,6566701,6619465,6614373,6586826,6670638,6563176,6660502,6601665,6517430,6625821,6600093,6533244,6569745,6527327,6547097,6429277
84,31,1,1023,6725731,6699069,6578265,6622129,6554118,6606092,6601781,6574390,6657154,6550225,6646704,6588795,6504340,6612331,6586527,6520191,6555666,6513947,6534383,6416385
85,0,1,1023,6737595,6710723,6591385,6634290,6566332,6618150,6613626,6586738,6669363,6563054,6659156,6600793,6516840,6625202,6599661,6532985,6568841,6526815,6546796,6428421
86,31,1,1023,6726940,6699057,6579259,6622492,6554728,6606082,6601955,6575150,6657596,6551058,6647643,6588834,6505469,6613389,6587705,6520950,6556313,6514397,6534239,6416156
87,0,1,1023,6739086,6711193,6591336,6635077,6566662,6618597,6614612,6587531,6669794,6563559,6660562,6601878,6517427,6626143,6600118,6533243,6568929,6527406,6547066,6428573
88,31,1,1023,6726042,6699045,6578783,6622962,6554793,6605947,6601580,6574893,6657561,6550637,6647483,6588966,6504598,6612602,6586788,6520326,6556815,6514372,6534506,6415475
89,0,1,1023,6737336,6710782,6590210,6634740,6567247,6617932,6613612,6586957,6669657,6563352,6659510,6601310,6515940,6625094,6599717,6532766,6568693,6527007,6547249,6427748
90,31,1,1023,6725945,6698137,6578794,6622411,6554675,6605722,6601235,6574922,6657246,6550832,6647176,6588054,6503522,6612422,6586978,6520270,6556088,6514847,6534347,6415882
91,0,1,1023,6738220,6709903,6590705,6633902,6567096,6617834,6613870,6585857,6669582,6563235,6659922,6600919,6515777,6625364,6599166,6532703,6569417,6526944,6547125,6428190
92,31,1,1023,6725500,6698006,6578027,6621344,6555490,6606143,6601223,6574115,6657213,6550568,6647544,6588299,6502966,6612534,6586641,6519448,6555764,6513840,6533662,6415282
93,0,1,1023,6738100,6710476,6589540,6634388,6567229,6618428,6613297,6586666,6669335,6563491,6660184,6600941,6515097,6625398,6600101,6532424,6568956,6527105,6546598,6428250
94,31,1,1023,6726708,6699111,6578423,6623612,6555571,6606493,6602789,6574934,6657099,6550848,6648110,6589310,6503870,6613008,6587151,6519716,6556468,6514362,6533881,6416083
95,0,1,1023,6739010,6711412,6590645,6635778,6567404,6618476,6614989,6587179,6669543,6563289,6660614,6601107,6515717,6626330,6598710,6532892,6568959,6526692,6547157,6428344
96,31,1,1023,6726647,6698915,6578269,6622920,6554818,6606111,6602235,6574298,6657013,6550736,6647095,6588228,6503387,6613434,6585977,6519951,6556383,6513980,6534640,6415887
97,0,1,1023,6739464,6711483,6590624,6635435,6567807,6619256,6614960,6586920,6670407,6563650,6661164,6602130,6516756,6625791,6599345,6533425,6570362,6526931,6547855,6428520
98,31,1,1023,6727307,6698599,6578545,6622413,6555468,6606463,6602538,6574573,6657603,6550503,6647762,6588589,6503811,6611723,6586878,6520389,6556593,6514075,6534406,6415651
99,0,1,1023,6738651,6710058,6589729,6634205,6567290,6618641,6614503,6586758,6669669,6563019,6660545,6600907,6516446,6624010,6598797,6533217,6569668,6526513,6546555,6427678
100,31,1,1023,6727344,6698916,6579335,6622876,6556481,6606992,6603728,6575543,6658454,6551467,6648530,6588821,6504536,6612711,6587096,6521794,6557339,6515066,6534911,6416382
101,0,1,1023,6739190,6711179,6591392,6634978,6567563,6618905,6615072,6587036,6670580,6564220,6660542,6600617,6517345,6625160,6599657,6533649,6570085,6527187,6547124,6428585
102,31,1,1023,6727019,6698251,6578651,6622550,6555008,6606814,6602156,6574746,6657846,6551386,6647272,6588385,6505668,6612814,6586818,6520654,6557440,6513954,6534534,6416275
103,0,1,1023,6738369,6710162,6590232,6633913,6566144,6618010,6613727,6586022,6669674,6563273,6659081,6600818,6516739,6624735,6599107,6532893,6569294,6526064,6546228,6427943
104,31,1,1023,6726130,6698918,6579001,6621635,6554997,6606039,6601757,6574268,6657642,6551027,6646714,6588495,6505244,6612499,6587113,6520274,6556659,6514051,6534091,6415711
105,0,1,1023,6738736,6711212,6591727,6634125,6566712,6618623,6614290,6586712,6670455,6564068,6659500,6600744,6518445,6624984,6600506,6533234,6569414,6527092,6546832,6427610
106,31,1,1023,6725105,6697644,6578577,6620840,6553864,6604752,6600806,6573104,6656917,6550336,6645428,6587464,6504565,6611218,6586504,6518689,6555091,6513119,6532726,6414373
107,0,1,1023,6739006,6711433,6591770,6634824,6567683,6618965,6615181,6587368,6671182,6564030,6660040,6601509,6517949,6625443,6600280,6532971,6569147,6527317,6546792,6429002
108,31,1,1023,6726022,6698975,6579010,6621862,6554879,6605774,6602494,6574295,6657524,6550962,6646717,6589269,6504989,6612011,6587654,6519756,6555455,6514620,6533416,6416106
109,0,1,1023,6738480,6710491,6590408,6633632,6566826,6617509,6614007,6586290,6669825,6562228,6658826,6601191,6517426,6623965,6599227,6532448,6568561,6526168,6545884,6427759
110,31,1,1023,6726694,6698903,6579074,6622420,6555592,6606006,6602272,6573902,6657487,6550116,6646815,6589170,6505818,6612580,6587489,6520337,6556488,6514377,6534544,6415753
111,0,1,1023,6738214,6710669,6591932,6634381,6567408,6619308,6614740,6586601,6670500,6563290,6660098,6602147,6518206,6625494,6599877,6533791,6569958,6526979,6547404,6428551
112,31,1,1023,6725296,6698244,6579241,6621722,6554862,6605139,6601583,6573861,6657237,6549666,6646292,6588945,6504800,6612467,6586105,6520005,6556022,6513195,6533213,6415108
113,0,1,1023,6738492,6709793,6591400,6634557,6566843,6617436,6613830,6586192,6669796,6562753,6660126,6601591,6517106,6625144,6599010,6532875,6569143,6526528,6546130,6427440
114,31,1,1023,6725237,6696995,6578742,6621080,6553441,6604487,6601134,6573241,6656554,6549304,6646661,6588068,6504119,6612352,6585971,6519420,6554778,6512880,6533513,6414290
115,0,1,1023,6737519,6708876,6590683,6634513,6565709,6617124,6613410,6585900,6669172,6561083,6659280,6600381,6516659,6625242,6597959,6532325,6567669,6526000,6545971,6427347
116,31,1,1023,6726245,6697216,6579669,6622913,6554754,6605824,6601264,6574300,6656649,6549713,6646775,6588454,6505158,6612518,6586676,6520149,6555874,6513879,6533737,6415667
117,0,1,1023,6738586,6709482,6592002,6635744,6567232,6618339,6614521,6586772,6669465,6563236,6659691,6601730,6517756,6623966,6600624,6533133,6569458,6526734,6546431,6427830
118,31,1,1023,6725944,6697421,6579062,6622580,6554692,6605339,6601560,6574632,6656734,6550506,6647235,6588638,6505533,6611945,6586969,6519767,6556596,6513611,6533680,6415262
119,0,1,1023,6738058,6710251,6590596,6634689,6566980,6617625,6613721,6586281,6669683,6563113,6659213,6601187,6517555,6624973,6599727,6532746,6569438,6526333,6546002,6427045
120,31,1,1023,6725693,6697815,6578462,6622234,6554539,6604804,6600791,6573115,6657110,6549698,6645900,6588759,6505097,6611813,6587359,6519562,6556388,6513400,6532511,6413851
121,0,1,1023,6738196,6710086,6590267,6634954,6565772,6617144,6613104,6585826,6669630,6562791,6659329,6601340,6517463,6624809,6599401,6532422,6569677,6526083,6545803,6425909
122,31,1,1023,6725474,6698215,6578626,6621622,6554182,6604836,6600857,6573892,6656957,6550373,6646145,6588261,6504557,6610961,6586782,6519759,6555907,6513197,6532418,6413816
123,0,1,1023,6737704,6709835,6590624,6633920,6566341,6617701,6613342,6586681,6669097,6563110,6659222,6600562,6517007,6624234,6598535,6532313,6568562,6525753,6545267,6427401
124,31,1,1023,6726010,6698246,6578769,6622919,6554994,6605545,6601431,6574711,6656840,6550949,6646526,6588347,6504964,6612320,6585683,6519897,6555696,6513838,6532871,6415285
125,0,1,1023,6737699,6709571,6590188,6634169,6566745,6617457,6613415,6586262,6668597,6562703,6658964,6600556,6516769,6623719,6598862,6532850,6568160,6526129,6544605,6426927
126,31,1,1023,6725884,6698009,6578872,6622159,6555736,6606124,6601417,6574359,6657141,6550742,6646807,6588476,6504647,6612804,6586197,6520236,6556931,6513992,6532679,6415084
127,0,1,1023,6737605,6710332,6591050,6634511,6567753,6618512,6613060,6586671,6669513,6562965,6659265,6600799,6517323,6624798,6599181,6532350,6569326,6526618,6546246,6427596
128,31,1,1023,6725195,6697611,6578148,6622531,6554710,6605554,6601105,6573920,6656695,6549629,6646168,6587833,6504937,6612464,6586476,6519242,6555681,6513660,6532756,6414983
129,0,1,1023,6737393,6710135,6590340,6634877,6566550,6617970,6613535,6586504,6669560,6562118,6659393,6600256,6517557,6624797,6599786,6532872,6568342,6526829,6545551,6427679
130,31,1,1023,6725881,6698584,6578084,6622768,6554702,6606606,6601957,6574200,6657703,6549745,6646263,6587973,6505465,6612588,6587275,6520817,6555949,6514704,6533671,6415458
131,0,1,1023,6738384,6710517,6590550,6635229,6566955,6618365,6614032,6586648,6670300,6561664,6658792,6600137,6518020,6624641,6599199,6533049,6569097,6527168,6546312,6427565
132,31,1,1023,6725887,6697975,6577931,6622110,6554191,6605084,6600845,6573903,6657684,6548789,6645416,6586931,6504839,6611554,6586226,6519669,6556046,6512958,6531857,6414298
133,0,1,1023,6738784,6711667,6590505,6635007,6567474,6618476,6614183,6586784,6670754,6561702,6659347,6600767,6517577,6625650,6600149,6533352,6569083,6527063,6546035,6428454
134,31,1,1023,6725713,6698907,6578429,6621772,6554369,6606091,6601593,6574156,6657939,6549076,6646326,6587776,6505048,6612483,6587257,6520290,6555406,6514117,6533018,6415665
135,0,1,1023,6739037,6712070,6591455,6634845,6566988,6618455,6614314,6587211,6670811,6561591,6659668,6600955,6517518,6626106,6600068,6533181,6569047,6527262,6546117,6428187
136,31,1,1023,6726128,6698860,6578061,6622428,6553733,6605598,6601225,6574003,6657289,6548670,6645430,6587620,6504483,6612830,6586295,6518814,6555409,6513949,6532898,6414724
137,0,1,1023,6738574,6711485,6591195,6634489,6566871,6618892,6614688,6587441,6670422,6562460,6659728,6600907,6518018,6626111,6599634,6532674,6569419,6527206,6546822,6427480
138,31,1,1023,6726268,6698718,6578711,6622225,6554558,6606567,6601711,6574798,6657500,6550161,6646618,6588482,6505504,6613668,6586521,6519815,6556241,6514310,6533877,6415537
139,0,1,1023,6739153,6711242,6591141,6635777,6567213,6619902,6613703,6587196,6670084,6562233,6660087,6601373,6518225,6625694,6599518,6533314,6568633,6527318,6546690,6428573
140,31,1,1023,6726912,6699831,6579171,6623313,6555087,6607509,6602099,6575440,6657930,6550283,6647684,6588450,6505346,6613274,6587810,6520425,6555996,6514797,6534034,6415870
141,0,1,1023,6738670,6711431,6590885,6635459,6566976,6619630,6613853,6587368,6670405,6562539,6660532,6600735,6518416,6625504,6599632,6533026,6568979,6527969,6546907,6427948
142,31,1,1023,6726444,6699686,6579107,6623045,6555175,6606974,6601738,6574779,6657792,6549671,6647491,6588167,6505391,6612846,6587929,6519915,6555837,6514820,6533979,6415380
143,0,1,1023,6738893,6712209,6591681,6635482,6567503,6620129,6614300,6587273,6670557,6562964,6661180,6600914,6518176,6624919,6600033,6532781,6569437,6527908,6547177,6428023
144,31,1,1023,6726067,6699616,6578867,6623013,6553952,6607125,6601617,6574213,6656695,6549395,6647597,6587518,6505223,6611750,6586918,6519992,6555364,6514693,6533852,6415242
145,0,1,1023,6739679,6712543,6591894,6636324,6567617,6619485,6615057,6587498,6670475,6562827,6661712,6601146,6518215,6624796,6600683,6533222,6569593,6528376,6547758,6428944
146,31,1,1023,6725499,6698164,6577914,6623210,6554052,6605799,6600958,6574029,6656424,6549311,6646940,6587586,6504393,6611316,6585914,6518771,6555300,6513888,6532919,6415095
147,0,1,1023,6739546,6711952,6591763,6636094,6567453,6618925,6614888,6587131,6670450,6562847,6660879,6601263,6517092,6625921,6599995,6533250,6570028,6527500,6546491,6428822
148,31,1,1023,6726655,6698643,6579168,6623186,6554445,6606175,6602361,6574890,6657163,6549566,6647273,6588239,6504465,6612431,6587488,6519841,6556007,6514712,6533627,6415211
149,0,1,1023,6739037,6711170,6591134,6635671,6566899,6619061,6614631,6587237,6669672,6561724,6660343,6600801,6517290,6625393,6599569,6532565,6569046,6526974,6545979,6427760
150,31,1,1023,6725738,6698153,6578213,6622524,6554094,6605629,6601436,6574378,6657209,6548598,6646431,6587319,6503887,6612071,6586556,6519628,6554981,6513647,6532484,6414613
151,0,1,1023,6739098,6710710,6590939,6635950,6567206,6618967,6614633,6587490,6670239,6561974,6660778,6600567,6516547,6625346,6600002,6533122,6568389,6526617,6546437,6426800
152,31,1,1023,6725356,6697422,6578020,6622337,6554209,6604943,6601667,6573857,6656267,6548495,6646574,6587309,6503949,6611623,6586234,6519515,6554450,6513807,6532338,6413818
153,0,1,1023,6738444,6710883,6590897,6635167,6567260,6617455,6614365,6586861,6669785,6562034,6659806,6601578,6517297,6624764,6599832,6533795,6568380,6526971,6546461,6427570
154,31,1,1023,6726153,6698162,6578288,6623229,6554377,6605072,6601579,6574987,6657554,6548689,6645713,6588237,6503885,6611955,6586502,6520021,6555322,6514026,6533245,6415092
155,0,1,1023,6739602,6711000,6591045,6636305,6567667,6618266,6614423,6588209,6670926,6562685,6660930,6601328,6517312,6624848,6600480,6533459,6569911,6527472,6547148,6427426
156,31,1,1023,6727678,6698568,6579482,6623763,6555674,6606210,6602370,6575696,6658405,6549571,6648199,6589435,6505035,6612798,6588117,6520795,6556993,6515400,6534853,6415495
157,0,1,1023,6739733,6710733,6591409,6635558,6567930,6617759,6615326,6587225,6670728,6562281,6660679,6601372,6516635,6625530,6600137,6533516,6569869,6527508,6547341,6428559
158,31,1,1023,6727474,6698605,6579817,6623112,6555236,6605428,6602855,6575031,6658119,6550553,6648190,6589039,6504405,6612482,6586809,6520385,6557107,6514779,6533908,6415689
159,0,1,1023,6739550,6711294,6592287,6636262,6567090,6618458,6614843,6587170,6670309,6562626,6660425,6601786,6517116,6625842,6599470,6533756,6570081,6527761,6546909,6428375
160,31,1,1023,6727815,6697999,6579078,6623441,6554961,6605559,6602871,6574998,6657502,6549996,6647525,6588851,6505047,6612534,6587141,6520525,6556396,6514877,6533649,6415998
161,0,1,1023,6740431,6710794,6590747,6635265,6567202,6617419,6615172,6587217,6670392,6561834,6660817,6601404,6517116,6624298,6599834,6532856,6569516,6527779,6546286,6428589
162,31,1,1023,6728637,6699079,6579295,6623457,6555741,6605546,6603213,6575745,6658334,6550679,6648720,6589483,6505485,6612743,6587097,6520875,6557171,6515344,6533907,6416381
163,0,1,1023,6740233,6710941,6591209,6635266,6567184,6617083,6614812,6588049,6670348,6562565,6660801,6601645,6517278,6626089,6599290,6533355,6569034,6528148,6547085,6429048
164,31,1,1023,6727477,6698627,6579173,6621960,6555060,6604584,6601405,6574792,6656496,6549529,6647605,6588890,6504498,6612772,6585470,6519691,6555285,6514028,6533084,6415493
165,0,1,1023,6739755,6710814,6590364,6634367,6566486,6617130,6613540,6586630,6669101,6562322,6660733,6600915,6516831,6625322,6598660,6532479,6567998,6526861,6545770,6428041
166,31,1,1023,6727431,6698038,6578266,6622067,6554102,6604783,6601341,6574768,6656702,6549228,6647656,6587361,6504160,6612454,6585872,6519330,6556093,6513810,6533388,6415102
167,0,1,1023,6740459,6710145,6590396,6634599,6566588,6617037,6613697,6587343,6669572,6562412,6660661,6600360,6516814,6624309,6598727,6531945,6569472,6527189,6546365,6427854
168,31,1,1023,6727026,6698016,6578452,6622155,6553831,6604618,6601276,6574422,6656253,6548941,6648408,6587984,6503994,6611413,6585673,6519671,6556358,6514139,6533759,6414967
169,0,1,1023,6738714,6710533,6590591,6634360,6566671,6617448,6613624,6587123,6669048,6562223,6660644,6600016,6516587,6624589,6598600,6532720,6569295,6527302,6546922,6427656
170,31,1,1023,6727380,6698817,6579212,6622669,6555498,6606554,6602044,6575622,6657293,6550246,6648362,6587807,6505069,6613939,6586863,6520472,6557252,6515095,6534653,6415997
171,0,1,1023,6739263,6710638,6591149,6635485,6567706,6618046,6613790,6587117,6669675,6562691,6660543,6601037,6517430,6626429,6599696,6533126,6569845,6527949,6547664,6428357
172,31,1,1023,6727514,6697750,6578960,6622816,6555319,6605657,6601540,6574767,6656493,6550184,6647852,6588970,6505269,6613621,6586595,6520117,6556451,6515009,6534812,6415998
173,0,1,1023,6740342,6710688,6591341,6635958,6567953,6618263,6614744,6588132,6670031,6563742,6661090,6601487,6518487,6626078,6599432,6533476,6568972,6528139,6547808,6429139
174,31,1,1023,6727340,6698114,6578981,6623344,6555887,6605696,6601949,6575234,6657196,6550429,6647501,6588781,6505464,6612969,6586436,6520676,6555482,6514583,6534916,6415323
175,0,1,1023,6738891,6710049,6590752,6635720,6567289,6617680,6613211,6587111,6669101,6562361,6660419,6600322,6517168,6625490,6598612,6533415,6568217,6526501,6547547,6427625
176,31,1,1023,6727007,6698350,6578898,6623340,6556078,6606022,6601303,6575046,6656828,6550090,6647855,6588394,6504847,6612818,6586623,6520790,6555374,6514041,6534636,6414772
177,0,1,1023,6740035,6710760,6591007,6636623,6567907,6618847,6613822,6587927,6669582,6563092,6661046,6600977,6517496,6625543,6600050,6533729,6568493,6526826,6548097,6427907
178,31,1,1023,6726869,6698995,6578576,6623052,6555192,6604741,6601245,6574525,6656456,6549536,6647577,6588459,6505273,6612443,6586113,6520131,6554930,6513704,6535394,6414978
179,0,1,1023,6739101,6712115,6591120,6634836,6568070,6617803,6614154,6587414,6669659,6563052,6661539,6601354,6517678,6624847,6598925,6533470,6568943,6527277,6548358,6428274
180,31,1,1023,6726315,6699490,6578761,6621156,6555559,6605522,6600518,6574518,6656926,6549604,6647173,6587524,6504255,6612565,6585732,6519881,6555134,6513746,6534915,6414529
181,0,1,1023,6739343,6712175,6591313,6634755,6568445,6617898,6613963,6587672,6670276,6562147,6661042,6601056,6517356,6626494,6598857,6533454,6569497,6526868,6547840,6428012
182,31,1,1023,6726411,6698188,6578694,6621583,6555620,6605122,6601516,6574943,6656913,6549241,6646984,6588442,6504287,6613011,6586814,6520001,6555972,6513443,6534564,6415399
183,0,1,1023,6738860,6710598,6590773,6634604,6568424,6618138,6614521,6587089,6669987,6562517,6660630,6601162,6517449,6625919,6599756,6533482,6568830,6526567,6547061,6427761
184,31,1,1023,6726127,6699294,6578907,6622502,6555689,6605914,6602224,6574328,6658032,6550217,6648017,6588880,6504907,6614070,6587568,6520659,6555966,6513662,6534317,6415965
185,0,1,1023,6738569,6711493,6591361,6633965,6567833,6618459,6613940,6587014,6670519,6562865,6660838,6601342,6517573,6626379,6598310,6533099,6568515,6526217,6547608,6428453
186,31,1,1023,6726264,6697992,6578536,6621670,6555317,6605334,6601520,6574574,6657711,6549581,6647561,6588702,6504673,6614225,6586717,6520019,6556021,6512597,6534642,6416183
187,0,1,1023,6738861,6710805,6590534,6634577,6567135,6618112,6613459,6587031,6669685,6562101,6660681,6601087,6516880,6626385,6599160,6532842,6569133,6525967,6547420,6427749
188,31,1,1023,6726427,6698890,6578794,6622065,6555083,6605625,6601354,6574364,6657597,6549566,6647591,6588655,6504910,6613156,6586680,6519963,6555857,6513497,6534692,6415057
189,0,1,1023,6738906,6710817,6591086,6634681,6567888,6618515,6614815,6586454,6670288,6562587,6660360,6601658,6517434,6625046,6599006,6533337,6568989,6525945,6547351,6427923
190,31,1,1023,6726351,6698899,6579339,6622367,6555777,6606582,6601997,6574510,6658469,6550672,6648645,6589131,6505026,6612800,6587188,6520705,6557138,6514072,6535787,6416181
191,0,1,1023,6739636,6711042,6591387,6634338,6567910,6618368,6614331,6587636,6670521,6562828,6660824,6601623,6517082,6625397,6599953,6533436,6569148,6527291,6547946,6428134
192,31,1,1023,6728229,6699414,6580121,6622940,6557097,6606746,6602278,6576132,6658510,6551099,6648956,6589874,6506137,6614849,6588411,6521269,6556871,6514197,6536380,6416876
193,0,1,1023,6739490,6709755,6591065,6634270,6567847,6618335,6613599,6586983,6670002,6563021,6659890,6601381,6517565,6626025,6599704,6533011,6569067,6525817,6547960,6427904
194,31,1,1023,6726887,6698850,6579401,6622381,6555937,6606079,6601308,6574729,6658087,6549695,6647288,6588780,6505350,6614044,6587506,6520218,6556080,6513851,6535799,6415554
195,0,1,1023,6738704,6710791,6590428,6634169,6567084,6618161,6612745,6586305,6669846,6561753,6659720,6600900,6516545,6625436,6599115,6532177,6568305,6525554,6547373,6427406
196,31,1,1023,6726555,6699223,6578356,6621790,6555048,6605625,6600446,6573899,6657260,6549721,6646735,6588392,6504752,6613025,6586479,6519288,6555214,6513316,6534723,6414198
197,0,1,1023,6738271,6711408,6591237,6634272,6567231,6618076,6614130,6586778,6670002,6562856,6661124,6601559,6517129,6625144,6599205,6532751,6568553,6525848,6548185,6427161
198,31,1,1023,6726446,6698985,6578822,6621647,6554795,6605726,6601661,6574244,6657138,6550758,6647868,6589186,6503888,6611999,6587278,6519817,6556081,6513892,6534881,6415172
199,0,1,1023,6738262,6710760,6590530,6634502,6567367,6618209,6613504,6586546,6669570,6562903,6659835,6601124,6516870,6624914,6599474,6532619,6568931,6526264,6547704,6427913
200,31,1,1023,6727163,6699172,6578914,6622455,6555768,6606070,6602011,6574135,6657520,6550669,6647869,6589474,6505524,6612979,6587278,6520869,6556974,6514898,6535861,6416425
201,0,1,1023,6739352,6711650,6590667,6634706,6568071,6618736,6614176,6587075,6670537,6564047,6661023,6602364,6518102,6626211,6600729,6533242,6569757,6527396,6548787,6428188
202,31,1,1023,6727481,6699641,6578619,6622844,6556668,6606526,6602168,6574873,6658134,6551520,6648656,6590157,6505794,6613277,6587851,6520187,6556841,6514903,6536449,6415858
203,0,1,1023,6739440,6711735,6590804,6634627,6569148,6618351,6614580,6586886,6669961,6563979,6660981,6601990,6516871,6625007,6599989,6533116,6569633,6527155,6548438,6427810
204,31,1,1023,6727058,6699226,6579075,6622606,6556279,6606454,6602209,6574752,6657610,6551226,6648351,6589498,6504852,6613064,6587698,6520388,6556943,6514495,6535700,6415554
205,0,1,1023,6739474,6711832,6592081,6635823,6568144,6619547,6615504,6587539,6671034,6564066,6660674,6602591,6518092,6625679,6601014,6534451,6569727,6527948,6549207,6429261
206,31,1,1023,6726706,6698014,6578839,6622644,6555206,6606086,6601854,6574475,6657228,6550769,6647295,6589080,6504817,6611702,6587513,6521304,6555749,6514647,6534776,6415818
207,0,1,1023,6739637,6711302,6591319,6635064,6568025,6619030,6615555,6587699,6670517,6563881,6660102,6601984,6517728,6625968,6600023,6534705,6569228,6527093,6548439,6428777
208,31,1,1023,6725611,6698088,6578309,6621784,6555280,6606263,6601891,6574310,6656878,6549627,6646567,6587810,6504152,6612842,6586686,6519868,6555061,6513137,6535076,6414747
209,0,1,1023,6739245,6710480,6590546,6634304,6567540,6618830,6614358,6586808,6670557,6563183,6659757,6600945,6517105,6625876,6599842,6533394,6568532,6527140,6547486,6426762
210,31,1,1023,6726365,6698392,6578265,6622446,6555071,6606257,6602697,6574591,6657554,6550374,6646888,6588610,6504700,6611998,6586594,6519839,6555753,6514175,6534874,6414246
211,0,1,1023,6738185,6710188,6590035,6633310,6566216,6617793,6614019,6586240,6669565,6562755,6658995,6600574,6516498,6624139,6597681,6532220,6567777,6526202,6546660,6426271
212,31,1,1023,6725569,6697595,6578140,6621405,6554055,6605929,6601992,6574210,6656580,6549798,6646513,6588005,6504133,6613106,6585085,6519551,6555586,6513706,6533909,6414222
213,0,1,1023,6738461,6710038,6589699,6634008,6566502,6618048,6615021,6586771,6669163,6563409,6659466,6600500,6516636,6625762,6598451,6532443,6568781,6526693,6547426,6426938
214,31,1,1023,6725236,6697219,6577015,6620989,6553477,6605336,6601937,6574148,6656516,6550095,6646314,6587892,6503259,6612256,6585438,6518922,6555582,6513653,6533718,6414486
215,0,1,1023,6737900,6710023,6589737,6634374,6566819,6618081,6615198,6587059,6670242,6563800,6660091,6601151,6517021,6624774,6599341,6532671,6569597,6526750,6547675,6427660
216,31,1,1023,6725504,6697510,6577514,6621095,6554144,6605563,6602092,6574536,6656941,6550660,6646579,6587849,6503952,6611734,6585932,6519297,6556017,6513423,6534217,6414808
217,0,1,1023,6738655,6710483,6589869,6633099,6566311,6618355,6614684,6587663,6668531,6562665,6659509,6600905,6517360,6624580,6599504,6532601,6568880,6526633,6547333,6426790
218,31,1,1023,6726467,6698490,6577644,6621302,6554783,6605758,6601904,6574958,6656313,6550485,6647136,6588053,6504705,6612628,6586553,6520019,6555488,6513975,6534163,6414955
219,0,1,1023,6738852,6710950,6590154,6634017,6566944,6617973,6614472,6586910,6669602,6563473,6660172,6600573,6517067,6625470,6599557,6532795,6568900,6526741,6547553,6427824
220,31,1,1023,6726508,6698794,6578535,6621750,6555374,6605738,6601885,6574680,6656418,6551195,6648172,6587772,6504519,6613072,6587221,6519894,6556092,6513440,6535238,6415140
221,0,1,1023,6738656,6710421,6590516,6634308,6567192,6618344,6614239,6587001,6669136,6563229,6660826,6600697,6516961,6624940,6600483,6532936,6568930,6526532,6547531,6427733
222,31,1,1023,6725808,6697760,6577966,6621051,6554244,6605639,6601701,6574242,6655725,6549880,6647652,6587528,6503988,6611807,6586557,6519499,6554996,6513292,6534003,6414794
223,0,1,1023,6738619,6710100,6590130,6633969,6567294,6618102,6614678,6587439,6668502,6562627,6661255,6600469,6516737,6624698,6600241,6532448,6568899,6526527,6547308,6427890
224,31,1,1023,6725825,6697489,6577635,6621593,6554918,6605269,6601557,6574473,6655728,6549476,6647091,6587199,6503540,6612316,6586329,6519361,6555897,6512962,6534813,6414478
225,0,1,1023,6738916,6710353,6590878,6635280,6568083,6618512,6614277,6587425,6669513,6563146,6660680,6601209,6517123,6625646,6600207,6533321,6569484,6526596,6548233,6428049
226,31,1,1023,6726606,6697537,6578155,6622078,6555276,6606055,6601354,6574389,6657008,6550413,6647524,6587554,6503827,6612226,6587280,6519247,6555730,6513108,6535144,6415102
227,0,1,1023,6739494,6710640,6590702,6635091,6567207,6618576,6614167,6587173,6670269,6563073,6660684,6600600,6516991,6625037,6598865,6532633,6568890,6526856,6547692,6428390
228,31,1,1023,6727238,6699057,6578572,6623239,6555355,6606275,6602552,6574795,6657329,6551038,6648192,6588317,6505024,6613245,6586139,6520404,6555490,6514561,6535871,6415952
229,0,1,1023,6738241,6710163,6590592,6635064,6567105,6618479,6613887,6587156,6669569,6563238,6660186,6600158,6516479,6624852,6599390,6532387,6568555,6526211,6547726,6427945
230,31,1,1023,6725745,6697459,6577666,6621932,6553682,6605779,6600770,6574525,6656452,6549452,6646632,6587770,6504438,6611669,6585179,6519334,6555640,6513230,6533733,6415100
231,0,1,1023,6738242,6711189,6591385,6635404,6567510,6619132,6614723,6588005,6670530,6563688,6661543,6601368,6517836,6625498,6599071,6533225,6569328,6527291,6547946,6428034
232,31,1,1023,6726674,6699283,6578460,6623444,6555499,6606638,6602717,6575014,6657865,6551005,6648307,6588621,6504793,6612763,6587198,6520653,6555708,6514489,6535610,6415903
233,0,1,1023,6739593,6711599,6590843,6635403,6567100,6619124,6615014,6587613,6670532,6564048,6660636,6601333,6516847,6625688,6599647,6533213,6568760,6527134,6548448,6428196
234,31,1,1023,6726974,6698488,6578190,6622872,6553974,6606158,6602137,6574780,6657040,6550832,6647382,6588350,6503595,6612576,6584676,6519415,6555139,6513392,6535191,6415087
235,0,1,1023,6739432,6710762,6589798,6634877,6566574,6619126,6614917,6587136,6670091,6563384,6659451,6601002,6516841,6625532,6598480,6532581,6567628,6526858,6548422,6428204
236,31,1,1023,6726581,6698843,6578329,6622707,6554838,6606912,6602842,6574871,6657702,6551857,6647434,6588947,6504760,6613389,6585813,6520547,6554729,6513803,6535264,6415615
237,0,1,1023,6738937,6711224,6590447,6635244,6567409,6619271,6615949,6587680,6670447,6564262,6660669,6601205,6517366,6625143,6597883,6533605,6568029,6527610,6548152,6428155
238,31,1,1023,6726588,6698632,6578315,6623702,6555169,6607094,6603547,6575950,6657890,6551660,6648094,6588857,6504974,6613179,6586438,6521094,6555868,6514567,6535803,6416334
239,0,1,1023,6739202,6710919,6590636,6635582,6566747,6619048,6615631,6587986,6670360,6564090,6661495,6601313,6517461,6626094,6599108,6533459,6568223,6527014,6547893,6428274
240,31,1,1023,6728247,6699276,6579211,6623400,6554926,6607293,6603503,6575301,6657678,6551797,6648434,6589216,6505556,6614390,6586573,6520715,6555938,6515218,6535920,6416516
241,0,1,1023,6739730,6710990,6591289,6635286,6566708,6618864,6616069,6587435,6669920,6564330,6661326,6601076,6517617,6625955,6598890,6533350,6568510,6527947,6548136,6428424
242,31,1,1023,6726478,6698506,6578611,6622400,6554622,6606259,6603048,6574961,6657339,6550881,6648324,6588419,6504942,6612784,6586823,6520459,6554984,6514322,6534677,6415887
243,0,1,1023,6738684,6710763,6590419,6634596,6567066,6618283,6615064,6587307,6670164,6563467,6660448,6601282,6517087,6624969,6599186,6533333,6568322,6526773,6547392,6428427
244,31,1,1023,6726217,6698125,6577809,6622149,6554825,6604864,6602654,6574763,6657216,6550225,6647549,6589075,6504857,6612965,6586357,6520318,6555295,6513762,6533908,6416016
245,0,1,1023,6738754,6710627,6590532,6634349,6566671,6617916,6614730,6586899,6669761,6562673,6661093,6601289,6517756,6626310,6599551,6533074,6567740,6526908,6546597,6428245
246,31,1,1023,6725914,6697781,6577921,6621634,6554517,6605535,6603180,6574275,6656885,6549920,6647526,6588206,6505136,6613137,6586660,6519296,6554834,6514419,6533558,6414868
247,0,1,1023,6738408,6710115,6590377,6634269,6566442,6618387,6614610,6587407,6669878,6563078,6660625,6601211,6517602,6625942,6599520,6532605,6568274,6526933,6547220,6428113
248,31,1,1023,6725904,6697904,6578684,6622152,6554553,6605337,6601691,6574811,6657125,6550270,6647859,6588529,6505325,6612575,6586115,6520126,6554785,6514160,6534718,6414761
249,0,1,1023,6738629,6710876,6590347,6634401,6567715,6617961,6614232,6587076,6670518,6562709,6660928,6600889,6517382,6624577,6599788,6533287,6568653,6526483,6547594,6428161
250,31,1,1023,6726112,6698605,6578378,6622170,6555078,6605124,6601502,6574615,6657462,6550620,6647658,6587947,6505185,6613151,6586800,6520082,6555535,6513884,6534945,6416038
251,0,1,1023,6739506,6711243,6591151,6634379,6567655,6618141,6615127,6587793,6669977,6563075,6660868,6600756,6518587,6626530,6599611,6533852,6568512,6527242,6548238,6428785
252,31,1,1023,6726061,6698413,6578188,6621221,6554418,6605558,6601495,6574592,6656210,6549803,6647396,6587082,6505550,6613049,6586094,6520245,6555172,6514080,6534010,6415450
253,0,1,1023,6739057,6711334,6591932,6634218,6567031,6618516,6615408,6587521,6670178,6562855,6661503,6601017,6517882,6626423,6599579,6533540,6569037,6527521,6547674,6428811
254,31,1,1023,6726518,6698586,6578690,6621295,6554433,6605771,6601987,6574326,6656716,6550342,6647977,6587906,6505183,6612922,6586625,6519975,6554970,6514089,6534404,6415527
255,0,1,1023,6739560,6712055,6591731,6634380,6567585,6619194,6615342,6587617,6670179,6562784,6660657,6600941,6518571,6627095,6600815,6534189,6568884,6527633,6547500,6429053
256,31,1,1023,6726826,6699439,6579269,6622022,6555409,6606785,6602727,6574634,6657319,6549891,6648077,6588230,6506196,6613678,6587203,6520851,6554813,6514299,6534258,6415962
257,0,1,1023,6738150,6710531,6590553,6634009,6566081,6618104,6614035,6586628,6669528,6562673,6660203,6600436,6517231,6625051,6599483,6532827,6567151,6526303,6546162,6427635
258,31,1,1023,6726300,6699099,6579297,6621646,6554527,6606002,6602301,6574439,6657396,6549995,6648203,6587929,6505677,6614024,6587403,6520740,6554599,6514450,6534534,6416240
259,0,1,1023,6738069,6710977,6589826,6633824,6566166,6617895,6613734,6586229,6669227,6561883,6660062,6600375,6517225,6625616,6599318,6532530,6567142,6526256,6546923,6427936
260,31,1,1023,6726302,6698631,6578015,6621805,6554444,6605423,6601310,6574172,6657014,6549812,6647910,6587802,6505393,6612198,6587054,6519987,6555084,6513975,6534429,6416163
261,0,1,1023,6739314,6711470,6591128,6635121,6567310,6618112,6614280,6586715,6670527,6563400,6660966,6600629,6518180,6625019,6600186,6533516,6567873,6527124,6547576,6428985
262,31,1,1023,6727393,6699428,6579793,6622751,6555281,6606595,6603514,6575082,6658307,6551907,6648649,6588484,6506472,6613088,6587424,6520753,6555559,6514753,6535581,6417182
263,0,1,1023,6738327,6711006,6591109,6634439,6566910,6618616,6614595,6586968,6669948,6562898,6660693,6600942,6517899,6626448,6599585,6533329,6568015,6526278,6547644,6428961
264,31,1,1023,6726832,6698221,6578789,6621371,6555095,6606335,6602796,6574336,6657340,6549315,6647935,6588632,6505212,6613600,6587095,6520311,6555682,6513859,6534667,6416443
265,0,1,1023,6739425,6710607,6591302,6634055,6567439,6619843,6615597,6587249,6670649,6562459,6661298,6601595,6517753,6626301,6600261,6533412,6568837,6526973,6547488,6429516
266,31,1,1023,6726592,6698489,6579222,6621995,6555522,6607362,6602201,6575113,6658210,6550410,6648246,6588246,6505764,6613196,6587498,6519829,6556361,6514161,6534659,6417117
267,0,1,1023,6738033,6709962,6590446,6634121,6566887,6619091,6613838,6587104,6669704,6562160,6660462,6601268,6517347,6625340,6599586,6532503,6569435,6526129,6546897,6427920
268,31,1,1023,6725813,6697508,6578470,6621511,6554708,6606247,6601810,6574465,6657196,6549587,6647977,6588820,6505522,6612958,6587514,6519680,6556524,6513563,6534497,6415775
269,0,1,1023,6738306,6710127,6591073,6634827,6566711,6619483,6614521,6587201,6670116,6562470,6660684,6601554,6518533,6625496,6599837,6533250,6569811,6526626,6547764,6428176
270,31,1,1023,6725284,6697242,6578409,6621825,6554001,6607026,6601588,6573881,6656849,6549705,6647701,6588546,6505110,6612933,6586445,6519710,6555245,6513060,6534506,6415658
271,0,1,1023,6737519,6708645,6590030,6633936,6566613,6618820,6613449,6586049,6668863,6562253,6659660,6600480,6517202,6625108,6598388,6532675,6568438,6526316,6546882,6427437
272,31,1,1023,6726212,6697764,6578743,6622598,6555276,6607231,6602651,6574601,6657203,6549776,6647763,6588619,6505281,6613122,6586920,6520047,6556058,6514838,6534760,6415860
273,0,1,1023,6738187,6709626,6590983,6634141,6566594,6619170,6614457,6586567,6669437,6562493,6659888,6600027,6517376,6625175,6599702,6532559,6568202,6526598,6546489,6427373
274,31,1,1023,6726401,6698251,6579443,6623254,6555666,6606794,6602717,6575025,6657398,6550498,6648373,6588636,6505511,6613565,6587946,6520343,6555801,6514758,6534507,6415912
275,0,1,1023,6737628,6709522,6591219,6634807,6566758,6617652,6613828,6586372,6669002,6562285,6660208,6600238,6516935,6623760,6599572,6531791,6568000,6526123,6546727,6427472
276,31,1,1023,6727036,6697423,6578923,6622578,6555462,6605571,6601580,6574443,6656979,6550253,6647728,6587897,6505555,6612311,6587004,6519933,6555857,6513606,6534706,6415482
277,0,1,1023,6738247,6709047,6590628,6633992,6567933,6617528,6614028,6586669,6668857,6562454,6659906,6600173,6517441,6624093,6599492,6532687,6567872,6526229,6546754,6428497
278,31,1,1023,6725768,6697167,6578879,6621973,6555470,6604577,6601846,6574093,6656496,6549789,6647067,6587280,6504914,6612400,6586553,6519121,6554785,6513404,6533490,6415579
279,0,1,1023,6738094,6710283,6591596,6634983,6567372,6618256,6615024,6586887,6669536,6562236,6660746,6601063,6517820,6625389,6599024,6532796,6568523,6526626,6546646,6428947
280,31,1,1023,6725752,6698364,6579348,6622565,6555155,6605494,6602477,6574389,6657097,6549829,6648068,6588079,6504593,6613180,6585956,6520070,6555672,6513714,6534375,6416200
281,0,1,1023,6739274,6711240,6591844,6635224,6567851,6618403,6614739,6586822,6670003,6563198,6660695,6600953,6517656,6625540,6599338,6533306,6568609,6526663,6547493,6428715
282,31,1,1023,6726946,6698792,6579559,6623296,6555519,6606202,6602249,6573925,6657372,6550750,6648209,6587664,6505389,6613735,6586685,6520366,6555276,6513758,6534534,6416131
283,0,1,1023,6739119,6711396,6591665,6635620,6567576,6618427,6613987,6586771,6670024,6564083,6660761,6600873,6517038,6625920,6599477,6533318,6568107,6526291,6547680,6429258
284,31,1,1023,6726760,6698734,6579450,6622886,6555635,6605621,6601873,6574496,6657306,6550779,6647953,6588513,6504535,6613305,6586646,6520050,6555296,6513865,6534493,6416410
285,0,1,1023,6739238,6711277,6591771,6636106,6567403,6618051,6614617,6587317,6669871,6563028,6660302,6600963,6517232,6625955,6599598,6533417,6568457,6526912,6547907,6429102
286,31,1,1023,6726800,6699166,6579495,6623379,6555319,6605446,6602270,6575066,6657499,6551520,6647550,6588598,6505366,6613931,6587985,6520880,6555599,6514523,6535144,6417285
287,0,1,1023,6738694,6710991,6591821,6635102,6567189,6617989,6613789,6586875,6670153,6563190,6660967,6600928,6517465,6626707,6599609,6533452,6567787,6526168,6547675,6429541
288,31,1,1023,6726269,6698023,6579147,6622440,6554413,6605050,6601531,6574267,6656748,6551059,6647647,6588307,6504952,6614013,6586845,6520427,6555293,6513464,6535023,6416796
289,0,1,1023,6739031,6710520,6591070,6635351,6567790,6618448,6614548,6587226,6669570,6563983,6660131,6601047,6517414,6626590,6599284,6533401,6568732,6526543,6547957,6429602
290,31,1,1023,6726215,6697781,6577941,6622012,6555000,6605160,6601224,6574293,6656915,6550627,6646917,6588959,6504180,6613697,6585603,6520156,6554576,6512966,6534574,6416377
291,0,1,1023,6738750,6710257,6591093,6634398,6568015,6617770,6613986,6587197,6669352,6563356,6659653,6601339,6516829,6625790,6599281,6533227,6568267,6526664,6548074,6428637
292,31,1,1023,6726288,6697642,6579274,6622278,6555534,6605291,6601303,6574840,6657033,6551076,6647105,6588763,6504536,6613240,6586930,6520080,6555064,6513686,6535381,6416315
293,0,1,1023,6739384,6710834,6591948,6635002,6568499,6618292,6614923,6588380,6670044,6563842,6660260,6601749,6516602,6627220,6600479,6533146,6568012,6526838,6547770,6429629
294,31,1,1023,6726861,6698104,6578817,6621958,6556043,6605515,6602567,6575106,6657205,6550718,6647531,6588847,6504224,6614161,6587464,6519811,6554938,6514149,6534250,6417152
295,0,1,1023,6739132,6710581,6592270,6634597,6569058,6618347,6614839,6588048,6669760,6563684,6661168,6602065,6517087,6627064,6600112,6533230,6568261,6527693,6547740,6430228
296,31,1,1023,6726540,6698408,6579565,6621872,6555768,6604790,6601337,6574954,6657137,6550885,6647476,6588445,6504054,6613987,6586721,6520082,6554927,6513853,6534851,6416696
297,0,1,1023,6739728,6710820,6591468,6634623,6568208,6617917,6614443,6588111,6670721,6563962,6661097,6601948,6517301,6625999,6600560,6533484,6569081,6527436,6548250,6429908
298,31,1,1023,6726919,6698189,6579083,6622002,6556019,6605810,6601253,6574848,6657426,6551092,6647488,6588797,6503925,6613283,6587208,6520114,6554734,6514116,6534837,6417010
299,0,1,1023,6739034,6711176,6591794,6634681,6568227,6618043,6614413,6587591,6669855,6563376,6660670,6601734,6516996,6625809,6600437,6533550,6567905,6527150,6547736,6430186
300,31,1,1023,6727363,6698844,6579570,6621954,6555796,6605590,6601828,6575030,6657787,6551197,6648471,6589050,6505107,6613804,6587263,6520293,6555676,6514429,6534366,6417650
301,0,1,1023,6739955,6710886,6591391,6634540,6568671,6618538,6614512,6587366,6670390,6564458,6661237,6601345,6516870,6625419,6599325,6533850,6568972,6527016,6547552,6430145
302,31,1,1023,6727025,6698561,6579715,6621459,6555387,6605407,6601509,6575209,6657003,6550832,6647050,6588375,6504566,6613047,6586559,6520110,6556267,6513662,6535147,6417076
303,0,1,1023,6740140,6711268,6592556,6634516,6568140,6617887,6615106,6588190,6670290,6564196,6660336,6601426,6517305,6626587,6600098,6533971,6569233,6527090,6548131,6429953
304,31,1,1023,6727469,6698282,6579720,6621784,6555318,6605596,6601677,6574916,6657131,6550674,6647438,6588363,6504296,6613509,6587238,6520326,6555472,6513717,6534788,6417140
305,0,1,1023,6740618,6711352,6592511,6635270,6568450,6618951,6613946,6588102,6670793,6564358,6661177,6601581,6517188,6626206,6600601,6534046,6568511,6527669,6548296,6430273
306,31,1,1023,6727433,6698868,6580348,6623214,6556252,6606413,6602222,6575354,6657060,6551676,6648478,6588911,6504697,6613289,6587520,6521000,6555204,6514540,6535655,6417079
307,0,1,1023,6739498,6710659,6591763,6634904,6568234,6618837,6614713,6588008,6669780,6564401,6660985,6601544,6517165,6626972,6599687,6533868,6568632,6527091,6548393,6429152
308,31,1,1023,6727776,6698309,6579289,6622700,6555879,6606591,6602112,6575338,6657668,6552041,6648221,6589694,6504722,6613536,6586419,6521133,6556459,6514333,6535468,6417830
309,0,1,1023,6740435,6711213,6591929,6635355,6568422,6619479,6614496,6588257,6670640,6565034,6661022,6601935,6517525,6625999,6599724,6534171,6569777,6527358,6548134,6430311
310,31,1,1023,6727634,6697945,6579344,6622510,6555941,6606529,6601371,6575306,6657808,6551849,6647982,6589161,6503815,6613281,6587051,6520945,6556236,6514285,6535028,6416416
311,0,1,1023,6739871,6710655,6591979,6634703,6568726,6619277,6614976,6588228,6670589,6564473,6661415,6602414,6516814,6626384,6600333,6533842,6569487,6526979,6548326,6429367
312,31,1,1023,6726815,6698107,6578783,6622578,6555885,6605696,6602119,6574847,6657458,6550929,6647930,6588783,6503201,6613437,6586946,6519761,6555678,6513655,6535010,6416657
313,0,1,1023,6739154,6710541,6591394,6634132,6567748,6617485,6614799,6587917,6669942,6563502,6660791,6600851,6515655,6626040,6599029,6532496,6567943,6526508,6547517,6428909
314,31,1,1023,6726727,6697926,6579359,6622632,6555882,6605848,6602461,6575522,6657529,6551987,6647773,6588558,6503788,6614033,6586901,6519731,6555430,6513617,6534859,6417237
315,0,1,1023,6739516,6711024,6591679,6635430,6568041,6619203,6614511,6587831,6670187,6564861,6660768,6601734,6516790,6626107,6599448,6533304,6568115,6526533,6547190,6430335
316,31,1,1023,6726992,6698458,6579722,6623187,6555899,6605973,6602538,6575650,6657632,6551733,6648346,6589177,6504761,6614793,6587513,6520608,6555441,6514212,6534553,6417610
317,0,1,1023,6738961,6710632,6591231,6634650,6567011,6617832,6615178,6587547,6669586,6563099,6660581,6600940,6516180,6626257,6599276,6532778,6567032,6526090,6547256,6428793
318,31,1,1023,6727013,6697455,6578984,6622576,6554960,6605406,6602253,6575069,6657607,6550562,6647118,6587777,6503519,6613010,6587299,6519982,6554547,6513329,6534461,6416089
319,0,1,1023,6739574,6710473,6591492,6634602,6567339,6619045,6615569,6587592,6670432,6563841,6660029,6601027,6516948,6626066,6599515,6533905,6568911,6526407,6547252,6429107
320,31,1,1023,6727339,6697691,6578670,6622656,6555153,6606049,6603006,6575160,6657866,6550968,6646896,6588381,6504381,6614013,6586531,6520421,6555469,6514030,6534285,6416281
321,0,1,1023,6739953,6710692,6591286,6635299,6567507,6618392,6615926,6587674,6670180,6563828,6659869,6601096,6516922,6626789,6599591,6533442,6568434,6526910,6547483,6429239
322,31,1,1023,6726652,6698617,6578419,6622272,6555008,6605080,6602957,6574999,6657416,6550771,6646186,6587820,6504078,6613466,6586239,6520047,6554353,6514022,6533669,6416158
323,0,1,1023,6739635,6712035,6591629,6635585,6568759,6618099,6616158,6588150,6671149,6564637,6660378,6601359,6517920,6626797,6599440,6534458,6568444,6528080,6547543,6429887
324,31,1,1023,6726765,6698576,6578705,6622265,6554587,6604265,6602835,6574945,6657553,6550924,6646796,6588121,6504324,6613637,6586098,6520644,6554051,6514049,6533896,6416172
325,0,1,1023,6739028,6710267,6591124,6634547,6566181,6616149,6615350,6587049,6669956,6563590,6659421,6600523,6516890,6625271,6598859,6532789,6567022,6526228,6546496,6428261
326,31,1,1023,6726584,6697754,6578715,6620377,6554420,6604181,6602735,6573683,6656974,6550811,6645535,6588324,6504118,6614190,6585562,6519665,6554106,6514129,6533105,6415538
327,0,1,1023,6738957,6710927,6590955,6634073,6567399,6617483,6615493,6586813,6669820,6563586,6659634,6601461,6516671,6626820,6598860,6532809,6566851,6526753,6546394,6428631
328,31,1,1023,6727010,6698732,6579036,6622389,6555355,6604702,6603190,6575089,6657579,6550712,6647222,6588456,6505012,6614797,6586478,6520001,6553980,6514270,6534013,6416128
329,0,1,1023,6739454,6710379,6590919,6634650,6566907,6616803,6615104,6586716,6669727,6563208,6660237,6600931,6517291,6626520,6598860,6532000,6566896,6526761,6545572,6428458
330,31,1,1023,6725431,6696916,6578655,6621462,6554019,6604144,6601358,6573724,6656614,6549704,6646333,6588044,6503668,6611988,6585847,6518604,6553054,6513409,6533310,6415338
331,0,1,1023,6738619,6710421,6591147,6634286,6567016,6617161,6614802,6586446,6669697,6562359,6659448,6600531,6516633,6625558,6599142,6532608,6567231,6526405,6547483,6428741
332,31,1,1023,6726378,6697891,6578992,6621741,6554972,6604663,6602439,6574930,6657047,6549685,6646691,6587937,6504921,6613078,6586879,6519767,6554107,6513393,6534588,6416199
333,0,1,1023,6738286,6710244,6590933,6634291,6567261,6616651,6615361,6586706,6670093,6562576,6659397,6600777,6516069,6625291,6598807,6532464,6567478,6526566,6547357,6427823
334,31,1,1023,6726176,6698199,6578675,6621974,6555161,6604641,6602713,6574366,6657450,6549671,6646307,6588484,6504535,6612662,6586776,6520098,6554174,6513590,6534225,6415894
335,0,1,1023,6739338,6710585,6590666,6634963,6566990,6617150,6615521,6587293,6669726,6562835,6659298,6601217,6517410,6625990,6600463,6533017,6567518,6526607,6547249,6428445
336,31,1,1023,6727189,6698174,6579005,6622468,6554759,6604296,6602353,6575043,6656804,6550893,6646435,6588751,6504970,6613410,6587890,6519854,6554819,6513618,6534762,6416252
337,0,1,1023,6739815,6710636,6591175,6635367,6567343,6617450,6614608,6587441,6670285,6563271,6659537,6601400,6517480,6626006,6599963,6533190,6568163,6526864,6548272,6429388
338,31,1,1023,6727928,6698129,6578214,6623170,6554876,6605031,6601641,6574704,6657288,6550439,6647458,6588969,6505049,6612708,6587656,6520249,6555043,6513922,6534926,6417255
339,0,1,1023,6739415,6710271,6590989,6635758,6566897,6617592,6614366,6586735,6670321,6563537,6660193,6601223,6517204,6625862,6600019,6533036,6568102,6527077,6547528,6428786
340,31,1,1023,6727573,6698583,6578651,6623110,6555163,6605231,6602375,6575241,6658060,6550999,6647700,6588804,6505238,6613695,6587760,6520595,6554996,6514240,6534911,6416406
341,0,1,1023,6740395,6711382,6591421,6635623,6567252,6617263,6614619,6588048,6671012,6563977,6660534,6601196,6517494,6625324,6600790,6534173,6567534,6527757,6547893,6429777
342,31,1,1023,6727336,6698819,6579424,6623169,6554599,6605106,6602452,6574991,6658237,6551418,6647079,6588575,6504852,6612465,6587672,6520917,6554591,6514508,6533892,6417593
343,0,1,1023,6739561,6710461,6592407,6635737,6567461,6618212,6616027,6588653,6671419,6564492,6660303,6601644,6517922,6626635,6601289,6534344,6568162,6527668,6548089,6429411
344,31,1,1023,6727046,6697704,6579714,6623147,6555096,6605595,6603168,6575746,6657976,6551083,6647046,6588622,6505299,6612550,6587769,6520970,6554732,6514693,6534966,6416666
345,0,1,1023,6739551,6710242,6592184,6636302,6566964,6617885,6615783,6587781,6670349,6564016,6660645,6601545,6518276,6625042,6600471,6533760,6568130,6527529,6547652,6428862
346,31,1,1023,6727333,6698408,6579810,6623395,6554874,6606250,6603508,6575163,6658153,6551941,6647650,6588893,6505070,6612733,6587451,6521321,6555238,6514772,6535242,6415938
347,0,1,1023,6739030,6710270,6591249,6634789,6566905,6618186,6615428,6587428,6670618,6563380,6660744,6601442,6517527,6625807,6599807,6534103,6567780,6527004,6547871,6428317
348,31,1,1023,6726572,6697547,6578047,6621938,6553986,6605761,6602455,6574142,6657098,6549608,6646499,6588629,6505100,6612905,6586273,6520808,6554251,6513416,6534569,6415466
349,0,1,1023,6740161,6710609,6591111,6635373,6567270,6618692,6616112,6587588,6671076,6563509,6660279,6601863,6518174,6626187,6600363,6534808,6568063,6527197,6548230,6429487
350,31,1,1023,6727592,6698334,6578454,6622050,6554491,6605257,6602742,6575066,6658532,6550506,6646659,6589172,6505116,6613408,6586498,6521062,6554976,6514104,6534676,6416014
351,0,1,1023,6738871,6710272,6589928,6633879,6565946,6616792,6614754,6587283,6670342,6562792,6659114,6601425,6517219,6626129,6599345,6533869,6568047,6526889,6546719,6428651
352,31,1,1023,6727021,6698168,6578627,6622571,6554750,6605168,6603125,6574999,6658318,6551099,6646495,6588695,6505401,6614110,6587134,6521149,6555329,6514629,6534637,6416456
353,0,1,1023,6740134,6709675,6591010,6634710,6567347,6617894,6616596,6587844,6671022,6562995,6660151,6601946,6517334,6625158,6599961,6534084,6569115,6527192,6547444,6429028
354,31,1,1023,6727449,6697347,6578604,6622645,6555100,6604743,6604002,6575051,6658185,6549794,6647030,6589289,6505031,6612453,6586683,6521062,6556250,6514333,6534304,6415744
355,0,1,1023,6740064,6711015,6591198,6635892,6567184,6617951,6615925,6587617,6670955,6562984,6660307,6602193,6518051,6626752,6600763,6534208,6568975,6527869,6547652,6428805
356,31,1,1023,6727750,6698974,6579473,6623058,6554879,6605288,6603482,6575709,6657802,6550419,6648007,6589059,6505141,6613753,6587299,6520752,6555612,6515118,6534522,6416558
357,0,1,1023,6740446,6711353,6591676,6635648,6567848,6618131,6616252,6588362,6670631,6563233,6661600,6601885,6517627,6626834,6599899,6534416,6568237,6528164,6547771,6429334
358,31,1,1023,6727785,6699396,6579125,6622828,6555235,6605566,6603558,6575419,6657697,6549671,6647960,6588700,6504570,6613204,6587092,6520995,6556063,6514971,6535031,6416714
359,0,1,1023,6739461,6711094,6591242,6636033,6567446,6617822,6615555,6588203,6670565,6563040,6661269,6601561,6517000,6626372,6599629,6534112,6568847,6527613,6547814,6429187
360,31,1,1023,6726636,6698492,6578172,6623735,6554861,6604676,6603047,6575327,6657595,6550216,6648304,6589181,6504694,6613239,6587138,6520673,6555089,6514252,6534640,6416185
361,0,1,1023,6738956,6710257,6590411,6635304,6566529,6616789,6615172,6587567,6669798,6561978,6661068,6601518,6516938,6625181,6599333,6532631,6567963,6526847,6547184,6428300
362,31,1,1023,6727852,6698424,6578522,6623145,6554761,6604737,6603156,6575466,6657704,6550537,6648144,6589066,6504923,6613360,6587183,6520684,6555569,6514060,6535144,6416384
363,0,1,1023,6739593,6710591,6589843,6634390,6566594,6616420,6614913,6587032,6669421,6562235,6660042,6600852,6516241,6625570,6598371,6532911,6567930,6526729,6546533,6428096
364,31,1,1023,6727276,6697909,6577731,6622120,6554505,6604513,6603305,6574815,6656705,6549662,6646839,6588037,6503859,6613052,6586146,6519846,6554973,6513739,6534375,6416225
365,0,1,1023,6740352,6711298,6590518,6635983,6567693,6618385,6616072,6587987,6670795,6562952,6661022,6601369,6517313,6626355,6599273,6533723,6568690,6527567,6547966,6429775
366,31,1,1023,6728178,6698496,6578456,6623124,6555008,6605788,6603170,6575738,6658601,6550150,6648524,6588895,6505003,6613836,6587078,6520938,6555205,6515029,6534859,6416483
367,0,1,1023,6739109,6709844,6589509,6634541,6567144,6617306,6615340,6586849,6669983,6561919,6660292,6601003,6516465,6625518,6599391,6532652,6567184,6526362,6546071,6428028
368,31,1,1023,6727017,6698142,6577909,6622125,6555730,6605368,6602775,6575066,6657985,6550247,6647093,6588600,6504391,6614070,6587371,6520262,6554992,6514143,6533756,6416013
369,0,1,1023,6739929,6711063,6590442,6635426,6568110,6618056,6616048,6587646,6671260,6562569,6660216,6602017,6517015,6627424,6600570,6533450,6568427,6527002,6547498,6428965
370,31,1,1023,6727311,6698429,6578409,6622890,6556078,6605396,6603709,6574978,6658058,6550032,6647068,6589115,6505135,6614832,6587891,6520565,6556302,6514131,6534625,6415953
371,0,1,1023,6740531,6711905,6591762,6636470,6568759,6618568,6616344,6588395,6670926,6563008,6661053,6602371,6517922,6627737,6600721,6534337,6570029,6527866,6548344,6429506
372,31,1,1023,6727262,6697886,6577951,6623382,6555738,6605359,6602869,6575283,6657623,6550054,6646758,6588614,6504975,6614086,6587264,6520368,6554724,6514293,6534455,6415458
373,0,1,1023,6740307,6711405,6592019,6637137,6568579,6618663,6616615,6588591,6671670,6563563,6660805,6602023,6518394,6627424,6600931,6534628,6568974,6527995,6548165,6429779
374,31,1,1023,6727170,6698309,6579840,6624054,6555549,6605812,6603199,6575583,6658780,6550328,6647609,6588843,6505651,6614507,6587725,6521239,6555682,6515252,6535736,6416991
375,0,1,1023,6740046,6711314,6592198,6636460,6568771,6618750,6615548,6588636,6672061,6563365,6660812,6602188,6518229,6627381,6600414,6534173,6569627,6528148,6548600,6430208
376,31,1,1023,6725504,6697581,6578989,6622767,6555608,6605394,6602121,6575066,6657609,6549667,6646927,6588230,6504578,6613011,6586003,6519904,6554467,6514226,6534422,6415981
377,0,1,1023,6739396,6710537,6591971,6635347,6568890,6618521,6615681,6588249,6671056,6562927,6660720,6601743,6518026,6626695,6600285,6533487,6569060,6528271,6548534,6429396
378,31,1,1023,6727395,6698722,6579414,6623207,6556526,6606410,6603677,6575553,6659132,6550390,6647887,6588848,6505389,6612968,6587672,6520882,6555468,6514876,6535447,6416536
379,0,1,1023,6739723,6710864,6591350,6634989,6567941,6618544,6616113,6587916,6671321,6562568,6660851,6601561,6517842,6625616,6599168,6533074,6569139,6527608,6547396,6428542
380,31,1,1023,6726962,6698214,6579212,6621846,6555357,6606415,6603131,6575604,6658660,6549646,6647312,6588955,6504924,6613047,6586115,6520147,6555464,6514288,6534496,6415896
381,0,1,1023,6739345,6710664,6591637,6634058,6567721,6618352,6615488,6588476,6671354,6562463,6660317,6601616,6517180,6625613,6599647,6533459,6568057,6527592,6546972,6429560
382,31,1,1023,6727991,6699032,6579526,6622797,6556282,6606001,6603431,6576431,6658802,6550493,6648586,6589085,6505869,6613148,6587832,6520562,6555570,6514754,6534954,6416508
383,0,1,1023,6739294,6710104,6591894,6634996,6567651,6617543,6616007,6587380,6670469,6562984,6660929,6601274,6517705,6624523,6599997,6533085,6568084,6526998,6547219,6428279
384,31,1,1023,6726906,6697947,6579751,6622303,6555195,6605420,6603528,6574971,6657970,6550421,6647950,6589088,6505498,6613002,6585966,6520875,6554695,6514183,6534534,6415517
385,0,1,1023,6739620,6710291,6591962,6635388,6567331,6618232,6615385,6587319,6670786,6563203,6660829,6601688,6517662,6625605,6599347,6533860,6567874,6527530,6547004,6427732
386,31,1,1023,6727424,6697916,6579329,6622360,6555074,6605834,6602903,6575450,6657979,6550191,6647458,6588432,6504481,6612752,6586029,6520754,6555314,6515127,6534124,6415278
387,0,1,1023,6740405,6710792,6592152,6635080,6568250,6618679,6616047,6588114,6671004,6564037,6660654,6602220,6517733,6625815,6600087,6534013,6568695,6527788,6548264,6428429
388,31,1,1023,6727510,6698591,6579817,6622664,6555443,6605702,6603177,6575423,6657808,6550365,6647681,6588990,6505153,6613105,6587058,6519973,6555154,6514696,6534563,6416042
389,0,1,1023,6740270,6710913,6592043,6634584,6567847,6618175,6616454,6588640,6670852,6563685,6660807,6602129,6517619,6625664,6599922,6533441,6568407,6527684,6547714,6428807
390,31,1,1023,6727864,6698898,6579879,6622713,6555879,6606097,6603907,6576166,6658693,6550960,6647915,6589909,6504814,6614198,6588122,6521251,6555712,6514353,6534716,6416598
391,0,1,1023,6739848,6710120,6591451,6634180,6567336,6617906,6615643,6587994,6670941,6562629,6660381,6602146,6516756,6625759,6599642,6533533,6568600,6526686,6546955,6428842
392,31,1,1023,6727980,6697775,6579201,6622541,6554581,6605117,6603984,6575844,6658375,6550493,6647556,6589770,6504737,6613755,6587625,6521128,6556030,6514579,6534466,6415921
393,0,1,1023,6740107,6710702,6591826,6635536,6566985,6617409,6616162,6588372,6671323,6563110,6661332,6602756,6517612,6626345,6600819,6534106,6569190,6528266,6548279,6428350
394,31,1,1023,6727087,6698539,6579488,6623375,6553700,6605248,6603719,6576044,6658734,6550687,6648157,6589967,6505117,6614056,6588084,6520835,6556199,6515176,6535358,6415657
395,0,1,1023,6738986,6709767,6590837,6635835,6565300,6617492,6615222,6587859,6670665,6562868,6660505,6601374,6517051,6625164,6600017,6533418,6568571,6527098,6546480,6427780
396,31,1,1023,6726810,6697590,6578941,6623446,6553776,6604650,6602582,6574671,6657067,6550515,6647175,6588504,6504343,6612662,6587415,6521059,6555596,6514657,6533871,6414951
397,0,1,1023,6739013,6710194,6590567,6635505,6566299,6617103,6615386,6588149,6669839,6563079,6661089,6600982,6516848,6625673,6599850,6533933,6568827,6527492,6546501,6427538
398,31,1,1023,6726514,6697554,6578949,6622967,6554564,6605056,6603685,6575859,6657589,6551152,6647658,6588428,6504180,6613257,6586736,6521215,6556488,6514147,6534639,6415176
399,0,1,1023,6738551,6709311,6590700,6633659,6566218,6616730,6615444,6587714,6669942,6562637,6660261,6600849,6516198,6625510,6599428,6533340,6568047,6526675,6547089,6427694
400,31,1,1023,6727148,6697683,6578518,6621685,6554950,6604096,6603800,6575160,6657592,6550381,6647251,6588576,6503900,6613331,6587452,6520866,6555550,6514650,6534838,6416105
401,0,1,1023,6739147,6709284,6590208,6633424,6566752,6616692,6614850,6587213,6669546,6562080,6660355,6601202,6516120,6625420,6599113,6533047,6568092,6526099,6546945,6428058
402,31,1,1023,6727136,6697304,6578743,6622018,6554542,6604456,6602972,6575385,6657264,6549491,6648134,6588325,6504001,6612178,6586855,6520530,6556203,6514289,6533782,6415970
403,0,1,1023,6738688,6709847,6590772,6633864,6566198,6616601,6614979,6587982,6669400,6561846,6661035,6600944,6516292,6624871,6598608,6533401,6569130,6526534,6546651,6428242
404,31,1,1023,6727041,6697681,6578781,6622005,6554361,6604663,6603030,6575664,6657868,6549648,6648057,6588793,6503807,6612822,6587144,6520192,6556044,6514204,6534167,6416365
405,0,1,1023,6739454,6710795,6591412,6634919,6567119,6617369,6615705,6588687,6670258,6562594,6660896,6601716,6516584,6625519,6600739,6533674,6569265,6527583,6547325,6428566
406,31,1,1023,6726753,6697816,6578437,6621829,6554578,6604653,6603113,6575437,6657183,6549678,6647475,6588568,6503585,6612436,6586187,6519775,6555894,6514537,6534359,6416194
407,0,1,1023,6738335,6709795,6590576,6634186,6566829,6617676,6615274,6587705,6669406,6562865,6660425,6601093,6516345,6624610,6599077,6532439,6567750,6526524,6546775,6428626
408,31,1,1023,6726683,6698944,6578650,6621882,6554947,6605558,6602946,6576080,6657406,6550586,6647859,6588876,6504358,6612585,6586154,6520468,6555620,6514250,6534219,6416270
409,0,1,1023,6738517,6710670,6590191,6632516,6566736,6616567,6614724,6587369,6669495,6562808,6660691,6600724,6516271,6624951,6599579,6532906,6567801,6526804,6546773,6428298
410,31,1,1023,6726941,6698890,6579118,6620994,6554924,6605134,6602082,6575451,6657429,6550912,6647727,6588373,6504600,6613534,6587498,6519952,6554861,6514358,6533932,6416081
411,0,1,1023,6738731,6710685,6589853,6633060,6565894,6616692,6614850,6586832,6669340,6562650,6660554,6600636,6515957,6625455,6599769,6532028,6566896,6525755,6546356,6427748
412,31,1,1023,6725928,6697343,6577493,6620938,6553615,6604475,6602277,6573729,6656547,6549807,6646791,6587831,6503751,6613488,6586778,6519164,6554063,6513140,6533116,6414910
413,0,1,1023,6738696,6708838,6589809,6632558,6565630,6616239,6614649,6586114,6669031,6562672,6659531,6600146,6515122,6625238,6599798,6531759,6566892,6525157,6546121,6426937
414,31,1,1023,6727419,6697797,6578127,6621666,6553916,6604522,6603023,6574525,6657150,6551007,6647345,6588133,6503387,6613643,6586684,6519158,6554828,6514006,6534095,6415797
415,0,1,1023,6739726,6710434,6591164,6633613,6566179,6617241,6615078,6587448,6669908,6563680,6661076,6600533,6516140,6626565,6600277,6532425,6568609,6525981,6547285,6428739
416,31,1,1023,6727625,6697430,6578613,6621918,6554154,6604716,6602463,6574344,6657774,6550595,6647576,6587447,6503361,6613343,6587577,6519244,6554882,6513382,6534360,6415282
417,0,1,1023,6739428,6709458,6591414,6634712,6566609,6617124,6615365,6586940,6670717,6563694,6660588,6600759,6516730,6625115,6599881,6532349,6568359,6525853,6546697,6428290
418,31,1,1023,6727043,6697012,6578778,6623102,6554521,6604282,6602922,6574717,6658245,6551182,6648087,6587925,6504378,6613241,6587056,6519813,6554739,6513488,6534168,6416441
419,0,1,1023,6739226,6708936,6591039,6634998,6566405,6616326,6614287,6586637,6669806,6563726,6660212,6600432,6516361,6625124,6599458,6532678,6567788,6526090,6546633,6428597
420,31,1,1023,6727126,6696367,6578444,6622779,6553746,6604067,6601083,6573461,6657195,6550322,6647476,6587382,6504292,6612595,6587397,6519392,6554757,6513748,6534036,6415968
421,0,1,1023,6738870,6709044,6590150,6635221,6565522,6616866,6613490,6586234,6669849,6562750,6660354,6600354,6516605,6626449,6599903,6532220,6568041,6526702,6546238,6427664
422,31,1,1023,6726276,6696438,6577562,6622395,6553474,6603185,6601107,6573861,6657066,6550249,6647290,6587760,6504280,6614203,6586795,6519437,6555684,6513718,6533745,6415298
423,0,1,1023,6739561,6709990,6590506,6634930,6565992,6616313,6614021,6586638,6669940,6563955,6660809,6600959,6517533,6627030,6599986,6533191,6569638,6527599,6546786,6428205
424,31,1,1023,6727009,6697468,6578320,6622264,6553149,6603825,6601475,6574273,6656835,6550827,6647370,6587885,6504324,6613893,6587262,6520157,6555799,6513996,6533448,6415669
425,0,1,1023,6740254,6710949,6590829,6635424,6566425,6617460,6614885,6587033,6670477,6563802,6661017,6601415,6517375,6626480,6600610,6533326,6569180,6527630,6547184,6429406
426,31,1,1023,6726682,6697218,6578052,6621492,6553979,6604791,6601980,6573997,6657139,6550557,6646433,6587684,6504042,6612660,6586450,6519451,6555340,6514136,6533792,6415578
427,0,1,1023,6739438,6709636,6590407,6634275,6566395,6616740,6614801,6586664,6670250,6563278,6659607,6600669,6516676,6625754,6599636,6532818,6568786,6526765,6545648,6428851
428,31,1,1023,6727282,6697793,6577983,6622686,6553822,6604917,6602561,6574482,6658263,6551208,6647224,6588337,6503994,6612811,6586274,6520157,6555672,6514355,6533212,6416880
429,0,1,1023,6739739,6709557,6590219,6634590,6566325,6617195,6614153,6586966,6670395,6563916,6660343,6601046,6515912,6626412,6599996,6532842,6568099,6526637,6546848,6428487
430,31,1,1023,6726697,6697060,6577643,6621977,6554088,6604364,6601689,6573811,6656811,6551235,6646668,6588212,6502722,6613278,6585995,6519846,6555299,6514124,6533870,6415845
431,0,1,1023,6739683,6709736,6590655,6635219,6566499,6616603,6614941,6587309,6669746,6564338,6660443,6600980,6516165,6626543,6599323,6533706,6568625,6527306,6547811,6428722
432,31,1,1023,6726710,6697017,6578499,6622107,6553679,6603966,6602577,6574893,6656729,6551139,6647427,6587851,6503759,6613162,6586719,6520520,6555717,6514609,6534154,6415656
433,0,1,1023,6739902,6710032,6590402,6634146,6566500,6616669,6614552,6587735,6669834,6563759,6660314,6600969,6516343,6626174,6599604,6533800,6568734,6527317,6547279,6428592
434,31,1,1023,6727821,6697994,6578510,6621813,6554184,6605114,6602718,6575744,6657668,6551034,6648015,6588676,6504103,6613403,6586860,6520775,6555470,6515071,6534882,6416420
435,0,1,1023,6740101,6709645,6591502,6633893,6566453,6617749,6614912,6587442,6669942,6563875,6660893,6600960,6516656,6626242,6598943,6533814,6568191,6527969,6547517,6428758
436,31,1,1023,6727420,6697586,6579290,6621045,6555239,6604778,6603067,6574887,6657586,6551577,6648207,6588179,6504200,6613826,6586584,6520692,6555099,6514994,6535447,6416590
437,0,1,1023,6738690,6710207,6591118,6633342,6567044,6617352,6614595,6586882,6669763,6564060,6660371,6600176,6516263,6625748,6599235,6533035,6568348,6527114,6547987,6428328
438,31,1,1023,6726908,6697762,6578800,6621300,6554444,6605305,6601961,6574619,6657501,6551015,6647648,6588045,6504424,6613890,6585891,6520282,6555351,6514422,6534888,6415819
439,0,1,1023,6738264,6709570,6589947,6632817,6566345,6616718,6613955,6586482,6669807,6563491,6659318,6600470,6515753,6626021,6597440,6533081,6567633,6526477,6546729,6428213
440,31,1,1023,6725950,6697316,6578112,6621153,6554070,6604606,6602477,6574296,6657110,6550806,6647272,6588404,6503365,6613467,6585916,6520928,6554926,6514271,6534153,6415855
441,0,1,1023,6738892,6710517,6590878,6633934,6566209,6616675,6614807,6586983,6669730,6563761,6660512,6600661,6516941,6626109,6599563,6533411,6568047,6528389,6547602,6428615
442,31,1,1023,6726564,6697482,6578446,6621592,6553643,6603728,6602505,6574045,6657136,6550198,6647084,6587586,6503713,6613185,6586329,6519922,6555212,6514687,6534229,6415703
443,0,1,1023,6738874,6710005,6590170,6634566,6565339,6617133,6614758,6586699,6669572,6562650,6659740,6600429,6516340,6625621,6598317,6532779,6568053,6527172,6546734,6427555
444,31,1,1023,6726577,6698180,6578240,6622505,6554004,6604969,6602137,6574568,6657338,6550878,6647272,6588126,6503927,6613525,6586154,6520081,6555092,6515238,6534448,6415676
445,0,1,1023,6739117,6710763,6590228,6634889,6566635,6617808,6615299,6587049,6671067,6564210,6660152,6600989,6516412,6626519,6599742,6533813,6568813,6527557,6547590,6428678
446,31,1,1023,6725687,6697183,6577424,6621602,6553635,6605122,6601177,6574504,6657788,6550191,6646871,6587640,6503283,6612914,6586607,6520593,6554815,6514177,6534375,6415565
447,0,1,1023,6739005,6710060,6590053,6634156,6565673,6617746,6613838,6587361,6670512,6562918,6659631,6600373,6515650,6626037,6599747,6532933,6567725,6527046,6547795,6427997
448,31,1,1023,6726666,6698279,6578181,6622017,6553762,6605310,6602113,6574730,6658456,6551054,6647327,6588259,6503696,6613572,6587019,6520190,6556096,6514729,6535248,6415001
449,0,1,1023,6738893,6710473,6590379,6634331,6565977,6617492,6615029,6587507,6670387,6563827,6660226,6600111,6516296,6626478,6600140,6533189,6568897,6527519,6547826,6428426
450,31,1,1023,6726267,6697363,6577879,6621184,6554007,6605012,6602081,6574417,6657471,6550364,6646963,6586746,6503999,6612797,6587068,6519734,6554783,6514133,6535115,6415109
451,0,1,1023,6738723,6709744,6590337,6634031,6566231,6617634,6613815,6586406,6670229,6563632,6660214,6600030,6515973,6624565,6599474,6533129,6566982,6526811,6547300,6427375
452,31,1,1023,6727556,6698094,6578738,6622342,6555068,6606345,6602932,6574827,6658337,6551691,6646996,6588144,6504257,6613262,6587609,6520796,6555457,6514422,6535510,6415636
453,0,1,1023,6738574,6709413,6590013,6634167,6566516,6617464,6614563,6586853,6670769,6563670,6658907,6599992,6516216,6625065,6599492,6532575,6568162,6526336,6547319,6427290
454,31,1,1023,6725942,6697532,6577909,6622057,6554652,6605037,6601668,6574388,6658118,6551452,6646543,6587596,6504296,6613239,6587393,6519421,6555404,6514085,6534740,6415470
455,0,1,1023,6738358,6709874,6589506,6634986,6566614,6618226,6614291,6587032,6671008,6563738,6659381,6600304,6516722,6625429,6599440,6532311,6567765,6526633,6547711,6428345
456,31,1,1023,6725953,6697596,6577360,6622378,6554803,6605642,6601403,6574683,6657813,6550273,6645932,6587695,6504281,6612472,6585802,6519414,6555424,6513994,6534040,6415194
457,0,1,1023,6738265,6710076,6590108,6634757,6567389,6618091,6614270,6587090,6670236,6562712,6659363,6600335,6516702,6625542,6599859,6532509,6568004,6526426,6546563,6427758
458,31,1,1023,6725537,6697533,6577974,6622820,6555052,6605399,6601789,6574051,6657074,6550253,6646748,6587960,6504412,6613908,6587437,6519500,6555474,6513756,6534218,6414528
459,0,1,1023,6737425,6708831,6589251,6634362,6566744,6617106,6613599,6586057,6669093,6563021,6659374,6599745,6516179,6625616,6599144,6531708,6567269,6526271,6546313,6426383
460,31,1,1023,6726704,6698172,6578081,6622542,6555629,6604811,6602277,6574196,6657666,6550967,6646935,6587983,6504445,6613279,6586953,6519586,6555187,6513810,6534338,6414959
461,0,1,1023,6739034,6710173,6589763,6634899,6567893,6617493,6613852,6586656,6670239,6563560,6659829,6600142,6516649,6625650,6599916,6532873,6567900,6527168,6547049,6426770
462,31,1,1023,6726323,6697245,6578119,6623104,6555207,6604074,6601916,6574507,6657303,6550879,6646595,6587122,6504514,6612933,6586915,6519635,6554745,6514266,6534264,6413705
463,0,1,1023,6738328,6709299,6589560,6635265,6567476,6616658,6614421,6586576,6670101,6563107,6659502,6600142,6516326,6625702,6599072,6532769,6567860,6527035,6546846,6426618
464,31,1,1023,6725911,6697410,6577548,6622732,6555585,6604695,6602086,6574511,6658186,6551087,6646755,6587780,6504287,6613435,6586297,6519632,6555255,6513665,6534290,6414631
465,0,1,1023,6737807,6709298,6589974,6634936,6567085,6616812,6613957,6586477,6670478,6563472,6659575,6600243,6516693,6625822,6599592,6532408,6567922,6526114,6546790,6427688
466,31,1,1023,6724799,6697034,6576590,6621898,6554570,6603753,6600844,6573821,6657036,6549853,6646044,6587246,6503478,6612819,6585419,6519063,6554562,6513362,6533291,6414209
467,0,1,1023,6737789,6709832,6589268,6634725,6566832,6616532,6614595,6586275,6670059,6563091,6659593,6600671,6516624,6625104,6599731,6532226,6568708,6526462,6546827,6427888
468,31,1,1023,6726038,6697740,6577492,6622880,6554724,6604240,6601825,6574502,6657805,6550509,6647471,6587944,6504316,6613442,6587326,6519417,6556391,6514716,6534345,6416186
469,0,1,1023,6737783,6709936,6589376,6634818,6566160,6616642,6613964,6586366,6669429,6562911,6659638,6600557,6515913,6625200,6599191,6532559,6569002,6526974,6547138,6427534
470,31,1,1023,6726012,6697303,6577675,6622843,6554231,6604163,6601673,6573940,6657403,6550733,6647248,6588073,6503665,6612359,6586235,6519117,6555564,6513470,6534700,6415129
471,0,1,1023,6738837,6709874,6589847,6635167,6566590,6617065,6615021,6586478,6669976,6563544,6659973,6600130,6516546,6625934,6599501,6532552,6568746,6527066,6547844,6428170
472,31,1,1023,6725964,6697192,6577558,6622548,6554749,6603726,6602353,6574310,6657708,6550210,6646688,6587421,6504064,6613442,6586124,6519772,6555364,6513615,6535002,6415812
473,0,1,1023,6737641,6708942,6589710,6634523,6566992,6616082,6614566,6586523,6670146,6562015,6658951,6599376,6516087,6625603,6599348,6532410,6568568,6525780,6547358,6427698
474,31,1,1023,6726331,6696730,6578143,6622653,6555014,6604674,6603595,6574105,6658021,6550551,6647568,6587971,6504071,6613982,6586764,6519824,6556522,6513587,6535396,6416000
475,0,1,1023,6740063,6710056,6591027,6635991,6567980,6617943,6616387,6587263,6671473,6563942,6661162,6601207,6517013,6626748,6600388,6533055,6570143,6527952,6547928,6429073
476,31,1,1023,6727732,6698290,6578975,6623316,6555591,6605051,6603321,6575631,6658752,6551128,6647743,6588277,6504757,6614490,6586699,6519485,6556736,6514683,6534513,6416015
477,0,1,1023,6738789,6710607,6590828,6634583,6567632,6617709,6615267,6587421,6671057,6563197,6659962,6600448,6517106,6626279,6598736,6532227,6568732,6526440,6546236,6428480
478,31,1,1023,6726455,6697652,6578216,6622002,6555382,6605047,6602902,6574402,6658315,6550856,6646963,6587781,6504417,6613996,6586930,6519345,6555874,6513481,6533941,6415314
479,0,1,1023,6739070,6710935,6590389,6634984,6567842,6617732,6615900,6586958,6670926,6563665,6660389,6600393,6516719,6626319,6599810,6532332,6568800,6526544,6547768,6427767
480,31,1,1023,6726815,6698263,6578129,6622470,6554664,6604619,6602370,6574565,6658330,6549958,6646371,6587517,6504099,6613791,6587243,6519001,6555586,6513924,6534326,6414775
481,0,1,1023,6739382,6710873,6590507,6635433,6567487,6617713,6615876,6587260,6671277,6563343,6659834,6600557,6516950,6626459,6599887,6532312,6569544,6527207,6547338,6427780
482,31,1,1023,6725853,6697508,6578003,6622077,6554725,6604421,6602551,6574546,6657362,6550000,6646658,6587199,6503763,6612981,6586656,6518682,6555824,6513634,6533094,6414443
483,0,1,1023,6738600,6710631,6590643,6634879,6567112,6617677,6614934,6586896,6671275,6563412,6660747,6600384,6517008,6626120,6600279,6532732,6569186,6526621,6547145,6427840
484,31,1,1023,6726841,6698000,6578342,6622678,6555206,6605604,6602826,6574932,6658525,6551147,6647666,6587681,6504123,6612735,6587019,6520109,6556021,6514444,6534517,6415777
485,0,1,1023,6739282,6710244,6590523,6635200,6567661,6617197,6615407,6586984,6670910,6563113,6660241,6600006,6516230,6624938,6599332,6532597,6568366,6526828,6546294,6427789
486,31,1,1023,6726403,6697557,6578116,6622568,6555273,6604532,6602024,6574436,6657993,6550220,6647139,6588425,6504278,6612256,6586330,6519146,6554703,6514466,6532856,6415313
487,0,1,1023,6739716,6711083,6590866,6635890,6568562,6618225,6615727,6587968,6671897,6564022,6660936,6601879,6517860,6626171,6600584,6533021,6568964,6528095,6548099,6429147
488,31,1,1023,6726699,6697752,6577576,6623129,6555459,6603989,6602385,6574408,6658165,6550443,6646799,6588017,6504161,6612731,6586686,6519369,6555537,6514502,6534436,6415476
489,0,1,1023,6738854,6710738,6589826,6636136,6567936,6616612,6614979,6587338,6670930,6562990,6659855,6600435,6516879,6625741,6599099,6532680,6568169,6526789,6546839,6427768
490,31,1,1023,6727591,6698960,6578963,6624447,6556668,6605640,6603712,6576017,6659132,6551589,6648342,6589032,6505511,6613781,6587208,6521010,6556373,6515304,6534900,6416380
491,0,1,1023,6739621,6711066,6590908,6636263,6568959,6617179,6616178,6588100,6671093,6563584,6660777,6601421,6518271,6626217,6599035,6533191,6568791,6528039,6547425,6428534
492,31,1,1023,6725858,6697460,6577632,6622064,6555100,6603818,6602670,6574160,6657596,6550142,6647111,6588001,6503950,6613275,6584774,6518892,6554416,6513762,6533484,6414757
493,0,1,1023,6738557,6710154,6590209,6634472,6567426,6616141,6614983,6586928,6670425,6563413,6659869,6600718,6517306,6625629,6598882,6532255,6567820,6526684,6546001,6427078
494,31,1,1023,6726993,6698492,6578161,6622503,6555667,6604410,6602257,6574299,6657874,6550427,6647345,6588292,6504755,6612766,6586648,6519365,6554555,6514150,6533904,6414733
495,0,1,1023,6739201,6711176,6590283,6634649,6568083,6617488,6614965,6586445,6670331,6563078,6661163,6600629,6517268,6625636,6598929,6531141,6567676,6526713,6546814,6427039
496,31,1,1023,6727664,6699191,6578701,6622356,6556140,6605069,6602301,6574532,6657695,6550981,6647757,6588420,6505759,6614096,6586829,6518595,6555416,6514515,6534222,6415019
497,0,1,1023,6739983,6712100,6591326,6635411,6568306,6617729,6615335,6587261,6670728,6564144,6660589,6601589,6518196,6626216,6599613,6532404,6568777,6526959,6547361,6428143
498,31,1,1023,6726502,6698379,6577758,6622930,6555781,6604762,6602576,6574309,6657552,6550770,6646814,6588287,6505391,6612758,6586793,6519192,6556071,6514170,6534196,6415674
499,0,1,1023,6739565,6711389,6590306,6635638,6568071,6617115,6615402,6587033,6670007,6562725,6660200,6600998,6518068,6625766,6599826,6532169,6570094,6527022,6547837,6428502
500,31,1,1023,6726639,6698691,6577810,6622462,6555025,6603837,6602198,6574066,6657274,6549460,6646961,6587933,6504937,6612212,6585886,6518438,6555951,6513882,6534714,6414351
501,0,1,1023,6738691,6711497,6590414,6635641,6568033,6616934,6614982,6587058,6670722,6562967,6660287,6601260,6517990,6625405,6599039,6532196,6568998,6527529,6547965,6427837
502,31,1,1023,6727371,6698987,6578687,6623740,6556263,6605683,6602931,6575074,6658521,6551340,6647568,6589197,6506029,6614108,6585924,6519696,6556451,6514632,6535389,6416064
503,0,1,1023,6738916,6710741,6589958,6635343,6568158,6617765,6614956,6587399,6670197,6562896,6659302,6600773,6517446,6625848,6598743,6531932,6569424,6527424,6547699,6428288
504,31,1,1023,6726007,6698109,6577707,6622554,6555379,6605397,6601640,6574242,6657357,6550644,6645926,6588534,6505124,6613325,6586484,6518944,6555988,6514593,6534576,6415507
505,0,1,1023,6739488,6710936,6590248,6635925,6568040,6617436,6615090,6587332,6670235,6564208,6659533,6601388,6517948,6626156,6599586,6533027,6569473,6527812,6547694,6427550
506,31,1,1023,6727244,6698563,6577532,6623224,6556294,6604742,6602768,6575537,6657179,6551030,6646386,6589006,6505456,6613982,6587294,6520005,6556788,6515445,6534714,6415558
507,0,1,1023,6739259,6709855,6590697,6635022,6568364,6617465,6615500,6587399,6669813,6563347,6658546,6601959,6517458,6626708,6599726,6532902,6569384,6527678,6546922,6428023
508,31,1,1023,6726926,6697721,6578660,6623124,6555949,6605326,6602878,6575074,6657744,6551232,6646501,6589183,6505264,6614304,6586935,6520039,6556662,6515248,6534912,6416236
509,0,1,1023,6738098,6709349,6588622,6634688,6567354,6616493,6613517,6586628,6669538,6563156,6658450,6600739,6516707,6625250,6599688,6531856,6568134,6526373,6546570,6427499
510,31,1,1023,6726461,6697820,6578045,6623168,6556537,6604897,6602670,6575051,6656992,6551170,6646218,6588877,6505090,6612831,6587951,6519969,6556182,6514931,6535064,6415507
511,0,1,1023,6738027,6709726,6589973,6634945,6568230,6616887,6615247,6586944,6669306,6563008,6658759,6600603,6517690,6625326,6599466,6532721,6567820,6527238,6547007,6428011
512,31,1,1023,6725208,6697327,6578219,6622849,6556100,6604413,6602520,6574803,6656494,6550139,6646028,6587944,6504919,6613279,6586756,6519826,6555260,6514667,6534121,6415589
513,0,1,1023,6737820,6709591,6590264,6635400,6567715,6616639,6614192,6586958,6669370,6562242,6658771,6600431,6517075,6624976,6598418,6532105,6568892,6527509,6546392,6428122
514,31,1,1023,6726508,6697640,6578397,6623021,6556261,6604880,6601920,6575213,6657600,6550220,6646156,6588216,6504861,6612912,6585916,6519681,6555779,6515094,6534404,6416226
515,0,1,1023,6738428,6709605,6590000,6635959,6567701,6616731,6614520,6586863,6669919,6562486,6659804,6600967,6516568,6625622,6598554,6532931,6568679,6527391,6547278,6428766
516,31,1,1023,6726843,6697299,6578174,6623713,6555918,6605034,6601999,6575053,6657665,6550417,6646780,6588928,6504138,6613510,6586580,6520307,6556091,6514607,6534486,6416021
517,0,1,1023,6737991,6709008,6589685,6634761,6567434,6616921,6614046,6586967,6669947,6563012,6658985,6600392,6516144,6626595,6598761,6532838,6568665,6527314,6546774,6427715
518,31,1,1023,6726608,6697388,6578713,6623673,6556167,6605254,6602636,6575574,6658053,6550365,6646447,6589295,6505205,6614280,6587071,6520256,6556148,6514803,6535352,6415221
519,0,1,1023,6738769,6709934,6590777,6636324,6568286,6617703,6615256,6587847,6670285,6563083,6659107,6600975,6517250,6626390,6599990,6533047,6568943,6527502,6548099,6427401
520,31,1,1023,6725534,6697333,6577815,6622470,6555509,6604384,6601761,6574246,6656547,6549645,6645329,6587247,6504232,6612463,6585796,6519345,6555014,6513862,6533888,6413898
521,0,1,1023,6737758,6709597,6590012,6634834,6568094,6616960,6614125,6587293,6668900,6562191,6658529,6599823,6516049,6625437,6598701,6531805,6568440,6526249,6546720,6426421
522,31,1,1023,6726124,6698328,6578038,6622778,6556301,6604398,6602012,6574819,6657033,6549755,6646338,6588422,6503451,6613708,6586140,6519485,6555754,6513652,6535177,6414473
523,0,1,1023,6738093,6710644,6590109,6635576,6568495,6617606,6615209,6587883,6670053,6562627,6659697,6600948,6516324,6626319,6598882,6532579,6568687,6527125,6548214,6427375
524,31,1,1023,6726339,6698341,6577739,6623575,6555778,6605148,6602401,6575624,6657200,6550503,6647107,6587940,6504503,6614080,6585990,6519620,6556224,6514462,6535628,6415759
525,0,1,1023,6738586,6710478,6589840,6635760,6567768,6617475,6614437,6586865,6669965,6563127,6659326,6600203,6516704,6626356,6599229,6532833,6568450,6527184,6547771,6427523
526,31,1,1023,6726539,6698290,6577988,6623573,6555423,6605137,6602011,6575262,6657815,6550552,6646716,6587989,6503995,6613363,6586731,6520278,6556094,6514512,6534807,6414971
527,0,1,1023,6739173,6710667,6590324,6635703,6568422,6617918,6615063,6587169,6670230,6563426,6660177,6600853,6516613,6626250,6599662,6533668,6569723,6527557,6547969,6427348
528,31,1,1023,6725780,6697811,6577750,6623202,6555710,6605309,6602575,6575090,6657347,6550623,6646507,6588053,6504177,6612405,6586247,6520129,6555599,6514500,6534605,6413907
529,0,1,1023,6738174,6709766,6589732,6635104,6567790,6617402,6614853,6587163,6669877,6563169,6659397,6600482,6516300,6625481,6598510,6533029,6568303,6527327,6547783,6426956
530,31,1,1023,6726050,6697697,6578306,6622476,6556092,6604880,6602647,6574350,6657839,6551260,6647114,6588570,6503542,6614068,6585823,6520135,6556072,6514526,6535192,6414615
531,0,1,1023,6738827,6710560,6589828,6634539,6568704,6617631,6614590,6586489,6670524,6563137,6659532,6601346,6515981,6626531,6599446,6533069,6569210,6527594,6547882,6427338
532,31,1,1023,6726996,6698518,6577421,6622212,6555692,6604314,6601806,6573647,6657586,6550223,6646801,6588676,6503846,6612901,6585825,6519920,6556361,6514510,6534922,6415433
533,0,1,1023,6739371,6710902,6589738,6634687,6567367,6617347,6614511,6586162,6670252,6562893,6659555,6600967,6516034,6626217,6599514,6532621,6568790,6527625,6547645,6427571
534,31,1,1023,6727199,6699425,6578161,6622513,6555448,6605662,6602824,6574778,6657571,6551071,6647667,6589289,6504428,6614423,6587504,6520077,6556830,6514933,6535104,6415501
535,0,1,1023,6740112,6711869,6590887,6636077,6568428,6618348,6615524,6587937,6671506,6564110,6660240,6602357,6517664,6627496,6600980,6533399,6570714,6528425,6548410,6427791
536,31,1,1023,6726176,6698677,6578758,6622994,6555658,6604854,6602955,6575200,6658647,6551111,6646766,6589427,6505100,6613594,6587001,6519913,6556796,6514750,6534962,6414994
537,0,1,1023,6738668,6710771,6590081,6634961,6567583,6617275,6615289,6587171,6670308,6563106,6659038,6601809,6516678,6625474,6599277,6532637,6569341,6527053,6548011,6427602
538,31,1,1023,6726740,6698364,6577766,6622649,6554288,6605380,6602925,6575312,6657994,6550796,6646960,6589352,6504141,6613278,6586788,6519527,6556491,6513698,6535097,6415402
539,0,1,1023,6738250,6709690,6589571,6633643,6566146,6616792,6614584,6586480,6669849,6562846,6658053,6601272,6516294,6625132,6599008,6532251,6568811,6526694,6547235,6427264
540,31,1,1023,6726596,6698332,6577444,6622144,6554961,6604516,6602808,6574475,6657938,6550872,6646574,6589929,6504694,6613056,6586825,6520706,6556909,6514541,6535101,6416851
541,0,1,1023,6738817,6710165,6588965,6633643,6567105,6616312,6614245,6586462,6669983,6563789,6659652,6601597,6516536,6624881,6599553,6533081,6569657,6526921,6547675,6427465
542,31,1,1023,6725582,6697321,6576382,6620373,6554661,6604098,6601313,6573471,6656598,6550206,6645460,6588733,6503485,6612081,6586627,6519295,6555544,6512849,6534132,6414744
543,0,1,1023,6738431,6709418,6589204,6633429,6566729,6617068,6614534,6586878,6670115,6563512,6659371,6601675,6516923,6624764,6599548,6532692,6568898,6526838,6547267,6427855
544,31,1,1023,6726193,6697668,6578102,6621819,6555107,6604593,6602968,6575085,6658065,6551461,6647771,6589382,6504558,6613049,6587224,6521074,6556312,6514713,6535737,6415671
545,0,1,1023,6738205,6709968,6589922,6633879,6567617,6616930,6614696,6586960,6670391,6563849,6659647,6601526,6517319,6625059,6599660,6532857,6568432,6527762,6547844,6428041
546,31,1,1023,6725881,6697990,6577869,6622220,6555634,6604180,6602121,6574678,6658264,6551563,6646662,6589089,6505097,6612177,6586730,6520241,6556426,6515174,6535521,6415403
547,0,1,1023,6738084,6710515,6590369,6635209,6567298,6617103,6614468,6587020,6670806,6564370,6659572,6601467,6516354,6625222,6599162,6532806,6569507,6528070,6547885,6427023
548,31,1,1023,6725905,6698349,6578145,6622943,6554837,6604826,6601960,6575647,6658160,6551384,6646166,6589116,6504370,6613222,6586934,6520350,6556512,6514729,6535170,6414515
549,0,1,1023,6738794,6710559,6590501,6635312,6567173,6617567,6614286,6587324,6670621,6563121,6659320,6601848,6516205,6624900,6599292,6532553,6569640,6527589,6547903,6427824
550,31,1,1023,6725820,6698126,6578027,6622040,6554963,6604601,6601474,6574377,6658086,6550868,6646046,6588900,6503752,6612189,6585268,6519794,6556575,6515004,6535350,6415663
551,0,1,1023,6737751,6710320,6589481,6633901,6567242,6616454,6614254,6586830,6670544,6563025,6658696,6601148,6515805,6624630,6599476,6532008,6568359,6527405,6547751,6427693
552,31,1,1023,6725851,6697847,6577844,6621499,6554696,6604914,6601909,6573777,6658047,6550219,6646419,6588776,6503513,6613669,6586637,6519415,6555224,6514500,6534597,6414330
553,0,1,1023,6738004,6709759,6589102,6633430,6566602,6617089,6614126,6586294,6669782,6562941,6658557,6600969,6516048,6625786,6598873,6531488,6568207,6526601,6547434,6426417
554,31,1,1023,6725036,6697380,6575906,6620822,6554579,6605085,6601357,6574243,6656834,6550362,6645898,6588220,6503322,6612505,6585302,6518316,6555173,6513502,6534351,6413935
555,0,1,1023,6737461,6710096,6588848,6633955,6566598,6617677,6614404,6586818,6669650,6563192,6659707,6601165,6515857,6625198,6598508,6532267,6568418,6526922,6547324,6426943
556,31,1,1023,6724760,6697653,6576900,6621471,6553633,6604825,6601637,6573781,6657352,6549774,6646437,6588427,6503357,6612848,6585787,6518793,6555371,6513336,6534114,6414129
557,0,1,1023,6738476,6710542,6589548,6633980,6566731,6617491,6614895,6587160,6671014,6563096,6660026,6601365,6516386,6627012,6598814,6532379,6569133,6527006,6547851,6427559
558,31,1,1023,6726216,6698323,6578136,6622669,6555408,6605977,6603376,6574207,6658655,6551008,6647640,6589238,6504663,6614256,6585952,6520030,6556097,6514637,6535413,6415656
559,0,1,1023,6737283,6709400,6589095,6633506,6566199,6616503,6613916,6585811,6669583,6562077,6658465,6600746,6516314,6625577,6598225,6531680,6568217,6526708,6547104,6426755
560,31,1,1023,6726276,6698071,6577526,6622102,6555567,6605046,6602261,6574453,6658349,6549893,6647084,6589082,6505165,6613326,6587556,6520075,6556072,6514800,6535363,6415809
561,0,1,1023,6738646,6711199,6589843,6634806,6567625,6617317,6614543,6587100,6671036,6562913,6660014,6601772,6517024,6625990,6600385,6533195,6569366,6527820,6548524,6428869
562,31,1,1023,6725753,6698463,6577572,6621770,6554653,6603777,6601596,6574532,6657328,6549607,6646298,6588855,6504862,6613444,6586164,6519136,6555472,6514486,6534332,6414883
563,0,1,1023,6737433,6709371,6589333,6633495,6565901,6615580,6613158,6586227,6669019,6561235,6658811,6600670,6516072,6624788,6598054,6531302,6568127,6526536,6546134,6425579
564,31,1,1023,6725977,6697912,6578027,6622503,6554474,6604153,6601307,6574775,6657534,6549468,6646559,6589018,6504606,6612963,6586842,6518946,6556196,6514564,6534815,6414176
565,0,1,1023,6738478,6709793,6589924,6634691,6566783,6617244,6613371,6586694,6669518,6561760,6659429,6601166,6516641,6625345,6598812,6532105,6568940,6526697,6547802,6427285
566,31,1,1023,6726771,6697723,6578745,6622609,6555299,6604742,6601148,6574226,6657509,6549261,6647127,6588321,6505129,6612956,6587146,6519423,6556041,6514457,6535430,6415533
567,0,1,1023,6738798,6709842,6590238,6634597,6567313,6617152,6613931,6587142,6669937,6562202,6659979,6600591,6517432,6625737,6599758,6531918,6569001,6528002,6548160,6427916
568,31,1,1023,6726522,6697768,6578580,6621970,6555064,6605084,6601348,6575079,6657428,6550411,6647538,6588531,6504934,6613168,6587284,6519232,6556176,6514905,6535557,6415330
569,0,1,1023,6738056,6709555,6590392,6633625,6566940,6617307,6613480,6586247,6669375,6561983,6659571,6600326,6517583,6625585,6599267,6531448,6569311,6527392,6547915,6427259
570,31,1,1023,6726688,6697298,6577906,6621357,6554716,6605079,6601520,6573827,6656844,6549257,6647335,6588219,6505666,6613049,6586874,6519104,6555420,6515314,6535355,6414835
571,0,1,1023,6738931,6709802,6589610,6633459,6566578,6617375,6613782,6586411,6669633,6561782,6659971,6600905,6517686,6625209,6599266,6532451,6568634,6527454,6547789,6426782
572,31,1,1023,6725858,6697827,6578089,6621674,6554796,6604971,6601954,6574443,6656768,6549941,6647129,6588889,6505031,6612752,6586347,6519552,6554801,6514608,6534417,6414236
573,0,1,1023,6739405,6710492,6590429,6634372,6568398,6617688,6614361,6587181,6669699,6563097,6660812,6602306,6518258,6626627,6598957,6533293,6568947,6527907,6548063,6427709
574,31,1,1023,6725956,6697315,6577554,6621596,6555652,6604618,6600981,6573852,6656646,6549098,6646456,6588328,6504397,6612767,6585347,6519044,6554758,6513748,6534504,6415179
575,0,1,1023,6738954,6710109,6589872,6634195,6568500,6617869,6613235,6587079,6669786,6562812,6660102,6601456,6517428,6626057,6598668,6531499,6567984,6527169,6547523,6427562
576,31,1,1023,6725418,6697347,6576776,6620522,6554783,6604662,6600248,6573668,6656349,6549687,6646389,6588119,6504456,6611954,6584895,6518438,6555075,6513121,6534053,6414194
577,0,1,1023,6738861,6710062,6589514,6633338,6567450,6617649,6613959,6586919,6669048,6562438,6659557,6601164,6517969,6625573,6598571,6531781,6568077,6526589,6546959,6427531
578,31,1,1023,6726598,6698179,6577693,6621676,6555473,6605057,6601617,6574990,6656846,6550114,6646774,6589465,6505488,6612804,6586724,6519775,6555561,6514211,6534129,6415300
579,0,1,1023,6738957,6710953,6590341,6634570,6568207,6618041,6613855,6587032,6670054,6562425,6660001,6601862,6517058,6626326,6600304,6532692,6568696,6527103,6547090,6427823
580,31,1,1023,6727421,6698625,6578779,6622330,6556444,6606642,6602351,6575571,6657599,6550665,6647496,6589441,6505097,6614001,6588189,6519455,6556053,6514843,6534700,6415295
581,0,1,1023,6739135,6710274,6589640,6633929,6567444,6618250,6613752,6587235,6669335,6561952,6659488,6600781,6517197,6626016,6598970,6531623,6568198,6526232,6546621,6427558
582,31,1,1023,6727270,6697463,6578226,6622367,6555248,6606659,6601208,6574801,6656651,6549537,6646636,6588813,6505616,6612964,6586010,6519343,6555518,6514271,6534111,6415605
583,0,1,1023,6738794,6710289,6590083,6634689,6568117,6618592,6614511,6587494,6669824,6562908,6659636,6602108,6517969,6626092,6599454,6532781,6568794,6527296,6548165,6428601
584,31,1,1023,6725749,6698049,6577366,6622528,6555691,6606152,6600873,6574535,6656807,6550079,6646242,6588581,6504519,6613098,6585049,6519337,6555158,6514454,6535136,6415249
585,0,1,1023,6739145,6711057,6589936,6635536,6568500,6618750,6614675,6587249,6670335,6563345,6659198,6601623,6518077,6625854,6598324,6533046,6568595,6526789,6548185,6428446
586,31,1,1023,6727043,6698704,6577802,6623269,6555760,6606586,6602514,6574289,6657343,6550454,6646954,6589071,6505943,6613594,6585948,6520061,6555626,6513612,6535241,6416058
587,0,1,1023,6739288,6710579,6589683,6635626,6568307,6618800,6615481,6587481,6670052,6562594,6660162,6602254,6518196,6626293,6599304,6533067,6569192,6526842,6548386,6428738
588,31,1,1023,6727586,6698932,6578559,6623756,6556432,6607381,6603679,6575464,6657837,6551522,6647734,6590152,6505847,6614091,6586648,6520311,6556377,6514761,6536154,6416536
589,0,1,1023,6740072,6711293,6591527,6635210,6567947,6618631,6615957,6586939,6670544,6563581,6660674,6602284,6517993,6625719,6599993,6533090,6568886,6527154,6549151,6428152
590,31,1,1023,6727618,6698437,6578891,6623255,6555360,6605911,6602204,6574064,6657534,6549966,6647329,6588718,6504914,6612746,6586881,6519664,6555189,6513715,6535531,6415148
591,0,1,1023,6739907,6711801,6591710,6635800,6568211,6618669,6615361,6587805,6670683,6563439,6660996,6602016,6518348,6625711,6600188,6533314,6568813,6527412,6548787,6428624
592,31,1,1023,6727676,6699199,6579106,6623233,6555620,6606179,6602129,6575166,6658096,6550824,6647875,6589541,6505803,6613239,6586499,6519886,6555657,6514849,6536084,6416683
593,0,1,1023,6740174,6710893,6590998,6635685,6567845,6619049,6615426,6587109,6670607,6564138,6660816,6602142,6518139,6625989,6599246,6533135,6568124,6527289,6548486,6428354
594,31,1,1023,6727457,6698477,6577779,6622506,6555327,6606021,6602266,6574860,6657156,6549767,6647001,6588937,6505767,6612646,6586544,6519715,6554898,6514139,6535016,6414820
595,0,1,1023,6739838,6710692,6590404,6635188,6567598,6618553,6615286,6587721,6670223,6563631,6660980,6602139,6517838,6626206,6599924,6533526,6569345,6527937,6548414,6428295
596,31,1,1023,6726973,6698113,6578176,6622482,6554936,6606297,6602538,6574676,6657378,6550697,6647835,6589283,6505678,6613045,6586669,6520034,6556312,6514714,6535135,6415659
597,0,1,1023,6740217,6711803,6590906,6635782,6568222,6619825,6616109,6588332,6670993,6564238,6661882,6601780,6519097,6626351,6599977,6533596,6570416,6528432,6548699,6429744
598,31,1,1023,6727073,6698728,6578253,6623674,6555018,6606562,6602725,6575727,6657460,6551345,6648312,6588475,6506246,6613343,6587309,6520118,6556165,6514920,6535392,6416134
599,0,1,1023,6740322,6711254,6591621,6635803,6568049,6619189,6615411,6588410,6671287,6563925,6661730,6601011,6519182,6626689,6599814,6533943,6569129,6527588,6548563,6428816
600,31,1,1023,6726509,6698300,6578779,6621703,6555728,6605969,6602289,6575375,6657564,6551487,6648117,6588119,6506073,6613396,6587315,6520247,6555171,6514879,6535134,6415352
601,0,1,1023,6738479,6710675,6591123,6634444,6567762,6618224,6614907,6588142,6670659,6563889,6661379,6601420,6518098,6626100,6600497,6533769,6568690,6527579,6547966,6428508
602,31,1,1023,6725834,6698475,6578275,6621853,6554927,6605637,6602235,6574893,6657854,6551060,6648378,6588409,6504949,6613482,6587178,6520266,6555584,6514510,6534811,6415436
603,0,1,1023,6738616,6711304,6590284,6634454,6567459,6618543,6614881,6587814,6670635,6563031,6661349,6601735,6517746,6625914,6599967,6533344,6568397,6527738,6547670,6427731
604,31,1,1023,6726389,6698393,6577711,6622031,6555015,6605083,6602062,6574890,6657604,6550164,6647806,6588673,6504993,6613269,6586860,6520282,6555786,6514229,6535245,6415549
605,0,1,1023,6739639,6710628,6590424,6634673,6567491,6618401,6614170,6587351,6669711,6562890,6660473,6601262,6517633,6625192,6599932,6533302,6569113,6528139,6547988,6428697
606,31,1,1023,6727127,6698042,6577867,6622037,6555164,6605599,6601037,6573979,6657185,6549898,6647591,6588857,6504720,6611675,6585923,6519977,6555381,6514634,6534768,6415111
607,0,1,1023,6739477,6710522,6589562,6633926,6566733,6617393,6613729,6586959,6669249,6562239,6660519,6601354,6516615,6625430,6599274,6532814,6567799,6527275,6547359,6428294
608,31,1,1023,6726913,6698747,6577481,6621402,6555558,6605432,6602298,6574713,6656924,6550125,6647964,6589585,6504754,6613049,6587157,6520058,6556074,6515282,6534630,6415861
609,0,1,1023,6738879,6710489,6589246,6632750,6567174,6617690,6614540,6586924,6669491,6561793,6660228,6601603,6516739,6624547,6599579,6532395,6568680,6527927,6547484,6428310
610,31,1,1023,6726925,6698960,6578085,6621331,6555163,6605580,6602962,6575272,6657298,6550497,6646876,6589818,6505173,6612944,6586980,6520193,6556830,6515936,6535205,6416444
611,0,1,1023,6738364,6711313,6590222,6633458,6567163,6618054,6615426,6586687,6669816,6562825,6659427,6601998,6516829,6624904,6598829,6533081,6569563,6528838,6547736,6428632
612,31,1,1023,6726169,6698498,6577745,6621402,6554543,6605282,6602578,6573604,6656919,6550245,6646848,6588872,6504002,6611644,6585902,6519636,6556117,6514873,6534902,6416239
613,0,1,1023,6739140,6711315,6590606,6634328,6567621,6618617,6615762,6587705,6669731,6563625,6660094,6602455,6517826,6626071,6600327,6533835,6569357,6528785,6548003,6429801
614,31,1,1023,6726806,6698091,6578218,6621789,6555279,6606350,6602506,6575062,6656982,6550599,6647270,6589602,6504804,6613227,6586922,6520086,6555483,6515206,6534629,6416430
615,0,1,1023,6738528,6709879,6589299,6633233,6566752,6617463,6614194,6586607,6668845,6562293,6658955,6601660,6516310,6625074,6599059,6531974,6568180,6527430,6546367,6428065
616,31,1,1023,6726298,6698200,6577050,6621652,6555220,6605941,6602127,6574682,6656859,6550686,6647405,6589556,6504471,6612470,6586898,6519591,6556051,6514999,6535063,6416100
617,0,1,1023,6739270,6711295,6589482,6633606,6567498,6618526,6614680,6587446,6669340,6563802,6660638,6602744,6517979,6625750,6600258,6533124,6569837,6528169,6547817,6429144
618,31,1,1023,6727256,6698796,6577096,6621579,6555627,6605976,6601786,6574778,6657351,6551180,6647347,6590461,6504926,6613244,6586835,6519356,6556000,6515194,6534876,6416960
619,0,1,1023,6739349,6711445,6589864,6634657,6568032,6618814,6614745,6587837,6669889,6564254,6660284,6602862,6516904,6625340,6599651,6532531,6569036,6528213,6547260,6429531
620,31,1,1023,6726646,6699446,6577577,6622398,6555272,6606331,6602327,6574801,6656947,6550994,6647201,6589675,6503271,6612175,6586618,6519449,6555123,6515373,6534597,6416016
621,0,1,1023,6737552,6710495,6588300,6633638,6565700,6617060,6613672,6585539,6668955,6562033,6659164,6600680,6515181,6623920,6598429,6531613,6567154,6526590,6546900,6426907
622,31,1,1023,6726043,6699323,6576453,6622261,6554507,6604557,6602303,6574343,6656753,6549851,6646974,6588832,6504167,6612355,6586801,6519501,6554952,6514325,6534952,6415385
623,0,1,1023,6739630,6711292,6589376,6634159,6566578,6617610,6615358,6586765,6669903,6563377,6660532,6601494,6516914,6624856,6599525,6532886,6567997,6527633,6548191,6428563
624,31,1,1023,6726986,6699638,6577953,6623197,6555174,6605880,6603513,6575917,6657799,6551873,6648604,6589890,6505680,6613570,6587672,6520448,6556092,6515752,6536019,6416508
625,0,1,1023,6738886,6710791,6589270,6635199,6566836,6618363,6615082,6587189,6669410,6563930,6660703,6602175,6517872,6625710,6600287,6533165,6568303,6528010,6548362,6428093
626,31,1,1023,6726914,6697811,6576994,6622266,6554111,6605686,6602948,6574681,6656666,6551034,6646944,6589098,6504183,6612999,6587282,6519851,6555910,6514731,6534644,6415863
627,0,1,1023,6739170,6710244,6588911,6634519,6566587,6618580,6615466,6587292,6669433,6563598,6660238,6601525,6516733,6625545,6600380,6532801,6569375,6527822,6547587,6428208
628,31,1,1023,6726797,6697851,6576225,6621358,6555429,6605448,6602510,6574946,6657741,6550363,6647824,6589169,6504029,6612806,6586688,6519214,6556049,6514847,6535420,6414850
629,0,1,1023,6740114,6710251,6589622,6635132,6567931,6618883,6615856,6588018,6670902,6564175,6660295,6602453,6517534,6626076,6600716,6532951,6569485,6528547,6548852,6427839
630,31,1,1023,6727009,6697891,6576903,6621491,6555040,6604875,6603061,6574569,6657567,6550636,6646813,6588810,6504196,6613161,6586474,6519855,6555578,6514622,6534873,6414513
631,0,1,1023,6739091,6710685,6589264,6634267,6567887,6617662,6616044,6587592,6670386,6563960,6660254,6601629,6517495,6625770,6600080,6532667,6568913,6527807,6548246,6428186
632,31,1,1023,6727729,6698802,6577142,6622562,6555682,6606294,6603392,6575029,6658141,6551557,6647979,6589681,6505637,6613487,6588312,6520117,6556025,6515469,6536165,6416091
633,0,1,1023,6739505,6711038,6589474,6633473,6566730,6618982,6615813,6587227,6670361,6563610,6660083,6601755,6517670,6625454,6600568,6532524,6568750,6527652,6548555,6428197
634,31,1,1023,6727366,6698404,6577121,6621483,6555162,6605879,6603320,6574978,6657172,6551051,6647223,6588914,6504306,6614088,6587493,6519801,6555544,6514660,6536099,6416523
635,0,1,1023,6739140,6710527,6589075,6633956,6567333,6618923,6615740,6587926,6670310,6563537,6660169,6601342,6517420,6626561,6599785,6532875,6569707,6527253,6548738,6428753
636,31,1,1023,6726569,6698367,6576850,6622183,6554278,6606197,6603603,6575061,6657699,6551171,6647419,6588986,6504769,6613181,6587420,6520054,6556068,6514875,6535652,6415982
637,0,1,1023,6738775,6710420,6589154,6634869,6566566,6617924,6616362,6587804,6670217,6563638,6660300,6602184,6516602,6626414,6600639,6533033,6569459,6527816,6549069,6428298
638,31,1,1023,6727368,6699081,6577420,6622545,6554004,6605689,6603135,6575227,6658204,6550526,6647470,6589372,6504322,6614119,6587608,6520746,6555790,6515621,6536025,6415572
639,0,1,1023,6739328,6711288,6589243,6634202,6565750,6618181,6614734,6587319,6671056,6563392,6659370,6601343,6516458,6626229,6599865,6533587,6568219,6527729,6548006,6427098
640,31,1,1023,6726676,6698717,6577063,6622252,6553712,6605860,6602280,6574672,6658168,6549810,6646966,6588913,6503994,6613582,6587222,6520244,6554803,6514832,6535152,6414907
641,0,1,1023,6738698,6710847,6589025,6634627,6566006,6618645,6614635,6587151,6670880,6563171,6659520,6600638,6515864,6626129,6599723,6532557,6567700,6527816,6548156,6427663
642,31,1,1023,6725557,6697686,6576288,6621484,6553991,6605800,6601911,6573775,6657061,6550208,6646194,6587485,6502621,6612086,6585485,6519005,6553897,6514340,6534587,6414490
643,0,1,1023,6738786,6711379,6589635,6633944,6566513,6618406,6614958,6586732,6670414,6562607,6660084,6600968,6515873,6625386,6599380,6532780,6567838,6527405,6548107,6426869
644,31,1,1023,6725533,6698525,6576967,6621065,6553879,6605271,6602067,6574385,6657224,6549812,6647078,6587712,6503716,6612135,6585994,6519353,6555090,6514694,6535551,6412978
645,0,1,1023,6738207,6710570,6588598,6633622,6566011,6617257,6614120,6586307,6669930,6561914,6659769,6599869,6515858,6625205,6599399,6532308,6568291,6527224,6548740,6426313
646,31,1,1023,6725869,6697921,6576834,6621071,6553570,6605568,6602258,6574062,6656898,6549580,6646876,6587424,6502845,6612583,6587143,6519754,6554827,6515382,6535768,6414568
647,0,1,1023,6738162,6709687,6588923,6633049,6566355,6618114,6614467,6586217,6669753,6562182,6659451,6599834,6514858,6624751,6599520,6532322,6568107,6527260,6548305,6426777
648,31,1,1023,6726505,6697499,6577347,6621293,6554211,6605973,6602362,6574076,6657117,6550719,6647224,6587698,6503169,6613314,6586951,6519213,6555405,6514434,6535751,6414591
649,0,1,1023,6738211,6709606,6588992,6633549,6566230,6617683,6614109,6586335,6670004,6563677,6659573,6599795,6515748,6625845,6599646,6532337,6568884,6527533,6548715,6427947
650,31,1,1023,6724925,6696930,6575957,6620948,6553096,6605097,6601979,6573262,6657161,6548968,6646136,6586688,6502459,6612553,6585707,6518727,6554246,6514350,6534497,6414592
651,0,1,1023,6737811,6710397,6589385,6634193,6566788,6617875,6615095,6586548,6670660,6562836,6660738,6600550,6515608,6625526,6599067,6533359,6568343,6527899,6547896,6428114
652,31,1,1023,6726264,6698216,6577603,6622651,6554973,6605747,6603171,6574179,6658198,6550222,6647540,6588810,6503910,6613419,6587392,6520496,6556116,6515802,6535347,6415782
653,0,1,1023,6738424,6708888,6588641,6634070,6567102,6617583,6614983,6585621,6670774,6562534,6660364,6600648,6515648,6625113,6598566,6531986,6569096,6528259,6547537,6427903
654,31,1,1023,6726128,6696980,6576325,6621223,6554669,6604841,6601792,6573697,6657530,6550264,6647895,6587639,6503561,6613083,6586260,6519115,6555200,6514586,6535539,6415292
655,0,1,1023,6738585,6709570,6588483,6633568,6567402,6617625,6615048,6585821,6670750,6563234,6660446,6600001,6516146,6624676,6599415,6532277,6567860,6527795,6548405,6428172
656,31,1,1023,6726283,6695700,6575854,6620901,6554535,6605682,6602179,6573750,6658296,6549804,6646405,6587275,6502943,6611997,6585315,6519126,6555005,6514677,6535479,6415039
657,0,1,1023,6738680,6709466,6588905,6633850,6567015,6618507,6615142,6586492,6671160,6562902,6659801,6600514,6516042,6625037,6598249,6532649,6568286,6528009,6548336,6428067
658,31,1,1023,6725710,6697008,6576836,6621828,6555354,6606116,6601724,6573548,6658026,6550702,6646591,6587894,6503526,6612559,6585774,6520016,6554889,6514690,6535953,6415448
659,0,1,1023,6737094,6709002,6587853,6633981,6566273,6617810,6613654,6585390,6670164,6562558,6659468,6600074,6515206,6624964,6597999,6531970,6568023,6526721,6548547,6427580
660,31,1,1023,6725768,6698432,6577199,6622874,6555215,6607176,6601638,6573715,6658923,6550899,6647771,6588690,6503931,6613483,6586256,6520029,6556309,6515368,6536930,6415858
661,0,1,1023,6738742,6710539,6589476,6634661,6566965,6618948,6614361,6586475,6671371,6563740,6660569,6600601,6516142,6625545,6599640,6533168,6569369,6528134,6549545,6428514
662,31,1,1023,6725133,6696984,6576461,6621589,6553920,6605539,6601253,6572803,6657929,6550133,6646085,6587010,6502511,6612430,6585618,6519132,6554670,6514310,6535407,6414822
663,0,1,1023,6737921,6709360,6588796,6633871,6566608,6617516,6614165,6585370,6670676,6563316,6659795,6599802,6515493,6624816,6599330,6532054,6568747,6526675,6547896,6427344
664,31,1,1023,6726409,6697654,6577043,6621619,6554547,6604604,6601774,6572594,6658374,6550813,6647120,6587353,6503379,6612571,6586777,6519544,6555210,6513873,6535220,6415341
665,0,1,1023,6738692,6710518,6589616,6634247,6567189,6617598,6614137,6585503,6671418,6563839,6660470,6600273,6515639,6625710,6600338,6532830,6568305,6527531,6548874,6427718
666,31,1,1023,6726186,6697884,6577579,6621003,6554148,6604649,6601590,6572842,6658207,6551118,6646453,6587700,6502447,6612851,6586279,6519460,6554455,6514244,6534867,6415040
667,0,1,1023,6738571,6709197,6589254,6633613,6566877,6617452,6613797,6585076,6670469,6563644,6659656,6600474,6515621,6625290,6598728,6532453,6567652,6526847,6548155,6427663
668,31,1,1023,6725444,6697170,6577508,6621729,6554602,6605341,6601692,6573442,6657977,6551223,6647180,6587452,6503262,6611794,6587013,6519712,6555486,6514649,6535195,6415093
669,0,1,1023,6738395,6709871,6589607,6634681,6566931,6617821,6614464,6586502,6670773,6564479,6660458,6600433,6515505,6625554,6599800,6533081,6568761,6527663,6548068,6428575
670,31,1,1023,6726118,6697244,6576948,6622498,6554465,6605773,6602347,6573773,6658297,6551232,6647971,6587988,6504616,6613735,6588065,6520964,6556147,6514805,6535375,6415790
671,0,1,1023,6737526,6708543,6588562,6633934,6566017,6617338,6613530,6584607,6669706,6562317,6659232,6599146,6516143,6625534,6599283,6532118,6567623,6526601,6546944,6427176
672,31,1,1023,6725634,6697585,6577759,6621950,6555000,6605794,6602028,6573007,6657688,6550184,6648088,6587665,6504340,6613896,6586353,6519999,6555615,6514312,6535783,6416034
673,0,1,1023,6738701,6711246,6590391,6634721,6567511,6618525,6614439,6585895,6670548,6564168,6660440,6600963,6517408,6626414,6600457,6533136,6568871,6527384,6548993,6428677
674,31,1,1023,6726124,6698725,6577741,6621293,6554474,6604939,6601682,6572973,6657550,6550806,6647173,6587529,6504417,6613159,6586790,6519444,6555277,6513477,6535428,6415352
675,0,1,1023,6738654,6711082,6590123,6633949,6566866,6617723,6615056,6586087,6670683,6563878,6660521,6600391,6517159,6626171,6599747,6533354,6568633,6527468,6549131,6428280
676,31,1,1023,6726445,6698755,6578826,6621869,6555075,6605873,6602537,6573727,6658192,6551117,6648005,6588476,6504796,6613385,6587725,6520031,6556560,6514687,6535726,6416258
677,0,1,1023,6738008,6710321,6589907,6633706,6567001,6618264,6614439,6585707,6670363,6563901,6660485,6600703,6516937,6625924,6599839,6532246,6568998,6527199,6547963,6428229
678,31,1,1023,6725327,6698094,6577093,6621022,6554454,6605549,6601845,6573371,6656962,6550782,6647168,6587865,6504056,6613061,6586672,6519253,6555204,6513222,6534404,6414956
679,0,1,1023,6737910,6711074,6589024,6633867,6566855,6618673,6614560,6585560,6669694,6563623,6659929,6600859,6516793,6624979,6599949,6532042,6568074,6527078,6546500,6427908
680,31,1,1023,6725257,6697522,6576340,6621090,6554004,6605779,6601541,6572920,6656828,6550727,6646857,6587376,6503872,6611797,6586698,6519065,6554267,6513592,6533905,6415349
681,0,1,1023,6738754,6710834,6588776,6633855,6566928,6619064,6614764,6585674,6670574,6563664,6660779,6600547,6517526,6625112,6599320,6532669,6568632,6527432,6547582,6427774
682,31,1,1023,6726575,6697783,6576325,6622294,6554354,6606038,6602895,6573722,6657470,6550538,6647384,6587642,6505028,6612577,6586120,6519362,6554894,6513872,6535094,6414920
683,0,1,1023,6738404,6710257,6588410,6634176,6567230,6618514,6615407,6586541,6670685,6563349,6660917,6600605,6517618,6625084,6599403,6532550,6568518,6527147,6548252,6428109
684,31,1,1023,6727532,6698888,6577487,6622531,6556552,6606833,6603076,6574987,6658796,6551206,6648586,6589575,6506568,6613718,6587602,6521177,6556687,6515182,6536085,6416175
685,0,1,1023,6739318,6710463,6588765,6632991,6567291,6618346,6614785,6585834,6670427,6562324,6660996,6601279,6517443,6625480,6599470,6533115,6567751,6527921,6547763,6427553
686,31,1,1023,6726485,6698179,6576847,6621346,6554499,6606018,6603094,6573804,6657727,6550052,6648335,6588269,6505413,6612853,6587273,6519524,6555340,6515239,6535647,6415922
687,0,1,1023,6738033,6710234,6589032,6633665,6567052,6618216,6615184,6586236,6670048,6563105,6660776,6600073,6517759,6625208,6599389,6532158,6567889,6527380,6548403,6428132
688,31,1,1023,6725488,6697771,6576200,6621140,6554815,6606222,6602139,6573498,6657092,6550460,6647381,6587301,6505184,6612382,6587308,6519173,6555260,6514244,6535367,6415255
689,0,1,1023,6738845,6711237,6589131,6634257,6567458,6619203,6615564,6586712,6670773,6563302,6661336,6600708,6518221,6626247,6600616,6532807,6569972,6527895,6548738,6428789
690,31,1,1023,6726066,6698187,6577459,6621528,6554926,6605910,6603124,6573223,6657926,6550392,6647714,6587874,6505372,6612562,6587129,6519478,6557234,6514826,6535408,6415548
691,0,1,1023,6738471,6710116,6589101,6634405,6566914,6617823,6614664,6585698,6669750,6562416,6660274,6599556,6517640,6625197,6600169,6531864,6569478,6527750,6546737,6427669
692,31,1,1023,6726328,6698324,6577124,6622317,6555499,6605851,6603087,6574245,6657488,6550545,6647871,6588236,6505956,6612731,6588345,6519504,6557090,6515396,6534938,6415921
693,0,1,1023,6738841,6710808,6589811,6634570,6567680,6618079,6614959,6586606,6670251,6562781,6660344,6600840,6518157,6625592,6601661,6532358,6569999,6527927,6548577,6428866
694,31,1,1023,6726169,6697908,6577722,6622299,6555402,6606163,6602097,6573883,6657340,6549928,6647035,6587807,6505585,6612161,6587812,6518912,6555469,6514681,6535423,6415453
695,0,1,1023,6737838,6710238,6589587,6633981,6567665,6618631,6614858,6585810,6670055,6563132,6659973,6600754,6517498,6624243,6600193,6532250,6568081,6527017,6547996,6427670
696,31,1,1023,6725674,6696719,6577503,6621722,6555023,6605255,6602536,6573223,6657050,6549357,6646602,6588018,6504776,6611464,6587578,6519084,6554895,6513708,6534876,6414742
697,0,1,1023,6738511,6709383,6589340,6634187,6567914,6617895,6615124,6586056,6669904,6563684,6659995,6600969,6517756,6625011,6599901,6531928,6568689,6526749,6547853,6427439
698,31,1,1023,6725584,6697173,6577394,6622073,6555131,6604877,6602197,6573885,6657166,6550456,6647038,6588197,6504988,6612619,6587094,6518357,6555420,6514025,6534728,6415034
699,0,1,1023,6736807,6709850,6589011,6633485,6567348,6617161,6614412,6586185,6669705,6562669,6659355,6599951,6517534,6624228,6599269,6531963,6567682,6526307,6546740,6427048
700,31,1,1023,6725671,6697499,6576838,6621181,6555754,6604862,6602410,6573597,6657301,6551218,6646828,6588170,6504485,6612567,6586370,6519009,6555244,6513763,6534649,6415071
701,0,1,1023,6738331,6710275,6589344,6633545,6567966,6617802,6614903,6585965,6670123,6563680,6660248,6601964,6516876,6624462,6600053,6532011,6568400,6527308,6547730,6427895
702,31,1,1023,6726361,6697658,6577969,6622174,6555463,6605573,6603316,6574589,6658166,6551152,6647152,6589278,6505344,6612719,6587941,6519637,6556351,6515032,6535036,6415870
703,0,1,1023,6738361,6709486,6589236,6634009,6567339,6618203,6615055,6586586,6669677,6563029,6660177,6601261,6516287,6624446,6600453,6531485,6568923,6527030,6547634,6428033
704,31,1,1023,6726711,6698140,6577518,6621999,6555886,6606553,6603043,6574748,6657352,6551721,6647778,6589027,6504700,6612238,6587685,6519424,6555460,6514378,6535870,6415529
705,0,1,1023,6738785,6710179,6590006,6634408,6568545,6618476,6615559,6587005,6669963,6563981,6661206,6601753,6516975,6625532,6600156,6532277,6568395,6527409,6548650,6428359
706,31,1,1023,6726120,6697367,6577257,6621609,6555566,6605009,6602809,6574088,6656991,6550326,6647331,6588315,6503856,6611898,6586437,6519085,6555133,6514082,6533762,6415337
707,0,1,1023,6738130,6709715,6589114,6634713,6567194,6617652,6615179,6586730,6669887,6563465,6660675,6601738,6516163,6624678,6599818,6532434,6568570,6527723,6546861,6428112
708,31,1,1023,6726528,6697666,6577410,6623106,6555529,6604537,6602788,6574322,6657136,6550845,6647854,6588542,6503618,6613111,6587026,6519199,6555137,6514940,6534682,6415721
709,0,1,1023,6738267,6709643,6588474,6635395,6567595,6617178,6614723,6586128,6669531,6562560,6660372,6600856,6515723,6624909,6599651,6532017,6567472,6527094,6546515,6427804
710,31,1,1023,6726084,6698061,6576754,6623413,6555137,6605581,6602663,6574125,6656669,6550056,6647944,6588267,6504287,6613066,6586814,6519533,6555672,6514506,6535646,6415662
711,0,1,1023,6738645,6709981,6588572,6635304,6567556,6617826,6614230,6586327,6669309,6562971,6660134,6601015,6516876,6624611,6599408,6532012,6568665,6526520,6547762,6427342
712,31,1,1023,6727903,6698823,6577671,6624134,6556213,6606220,6602787,6575286,6658102,6551514,6648540,6589330,6506604,6612680,6588203,6520888,6557889,6515194,6536441,6416564
713,0,1,1023,6739320,6710112,6588807,6635152,6567916,6618086,6613857,6586117,6669941,6563032,6659932,6601167,6516867,6625544,6600001,6532746,6569038,6526894,6548088,6428395
714,31,1,1023,6727192,6698132,6576646,6622599,6556111,6605928,6601612,6573969,6658095,6551176,6647167,6589161,6504920,6613375,6587903,6519195,6556610,6514314,6535607,6416107
715,0,1,1023,6739774,6710862,6589920,6635188,6568401,6618324,6614524,6587259,6670479,6564128,6660510,6601879,6518149,6626783,6601216,6532698,6570187,6528165,6548766,6429230
716,31,1,1023,6727771,6698047,6578110,6622826,6556362,6606305,6602692,6575083,6657409,6551329,6647902,6589350,6505424,6613948,6588596,6519703,6556929,6515675,6535914,6416987
717,0,1,1023,6740602,6711315,6590635,6635649,6568797,6619362,6615844,6587885,6670687,6564642,6662208,6602635,6517710,6626848,6601258,6533624,6570721,6528713,6548765,6430312
718,31,1,1023,6726665,6698162,6577434,6623541,6555719,6606341,6602070,6574956,6657361,6551413,6648677,6588771,6505272,6613582,6588179,6519967,6556616,6514709,6536514,6416304
719,0,1,1023,6738261,6709542,6589129,6635651,6567686,6618411,6614422,6586657,6669635,6563487,6661591,6601659,6517765,6624864,6600808,6532620,6569355,6527372,6548769,6427916
720,31,1,1023,6725529,6697414,6576606,6622814,6554469,6605444,6601217,6573236,6656598,6550035,6647200,6588242,6504812,6612439,6586581,6519269,6555584,6513948,6535257,6414574
721,0,1,1023,6738627,6711944,6589753,6636038,6567756,6617995,6614744,6585830,6670179,6562910,6660749,6601333,6517647,6626504,6600136,6533286,6568868,6527926,6548072,6428043
722,31,1,1023,6726757,6699295,6577733,6622736,6554817,6605411,6602636,6573740,6657517,6550309,6648268,6588563,6505023,6613846,6587565,6520356,6555690,6514783,6535205,6415581
723,0,1,1023,6739516,6710861,6590089,6634475,6567676,6618143,6615962,6586225,6671127,6563521,6661440,6601651,6517065,6626766,6600443,6533564,6569158,6527290,6547914,6427743
724,31,1,1023,6726884,6698482,6578129,6622491,6555447,6606058,6603348,6573996,6658351,6551409,6648221,6589237,6504682,6614004,6587406,6520945,6555602,6514741,6535096,6415706
725,0,1,1023,6738961,6711468,6590472,6635334,6567649,6619001,6615580,6586370,6670905,6563804,6661126,6601569,6517056,6626982,6600437,6533887,6569039,6527107,6547931,6428628
726,31,1,1023,6725888,6698963,6577463,6622262,6554834,6605554,6602515,6573223,6658105,6549714,6647729,6587903,6503840,6613738,6586940,6519963,6555128,6513528,6534450,6415141
727,0,1,1023,6738326,6710999,6588842,6634891,6567395,6617877,6614268,6585985,6670213,6561652,6660183,6600302,6516468,6626109,6599292,6532974,6567716,6526266,6546921,6427226
728,31,1,1023,6726655,6699380,6577500,6623575,6556213,6606470,6602844,6574878,6658563,6550537,6647762,6588959,6505338,6615084,6586448,6520586,6555592,6514039,6535408,6415461
729,0,1,1023,6738265,6711583,6589974,6634954,6567661,6617440,6615264,6586395,6670182,6563175,6660692,6601424,6517633,6626720,6598430,6532996,6569118,6526702,6547519,6427971
730,31,1,1023,6727034,6699422,6578386,6623878,6555966,6605456,6603069,6574626,6658458,6551042,6647795,6589120,6504766,6614605,6586389,6520650,6556539,6514344,6535439,6415712
731,0,1,1023,6739148,6711273,6590417,6636505,6567704,6618212,6615236,6587589,6670348,6563288,6661116,6600759,6517184,6626596,6599018,6533734,6569541,6527119,6547448,6429120
732,31,1,1023,6726665,6697507,6577692,6624304,6555569,6605624,6603270,6574616,6657188,6549441,6648077,6588078,6504780,6613607,6587156,6520269,6555933,6514113,6534439,6415761
733,0,1,1023,6738754,6709759,6590643,6636882,6567807,6618737,6615505,6587144,6670446,6563110,6660956,6600984,6517417,6626946,6600123,6533491,6569471,6527463,6547658,6428982
734,31,1,1023,6726799,6697909,6578251,6624491,6555801,6606048,6602913,6574920,6657984,6550699,6648296,6588446,6504574,6614208,6587501,6520397,6556083,6514742,6534390,6416868
735,0,1,1023,6738662,6710067,6590385,6635560,6567790,6618402,6614767,6587129,6669940,6562530,6660740,6601077,6516721,6626402,6598847,6532979,6567705,6527277,6546691,6428941
736,31,1,1023,6725623,6698339,6577864,6623045,6555236,6606069,6602007,6574245,6656913,6549886,6647980,6588486,6504534,6613450,6586102,6520414,6555577,6514249,6533705,6416615
737,0,1,1023,6738154,6710855,6589696,6635686,6567855,6617787,6614750,6586752,6669787,6563219,6660834,6601010,6516516,6626686,6599566,6533302,6568940,6526845,6547179,6429134
738,31,1,1023,6725821,6698759,6577818,6623055,6555537,6605967,6602612,6574659,6657822,6550920,6648498,6588142,6505223,6614048,6587042,6520627,6556288,6514565,6535277,6416394
739,0,1,1023,6739243,6711230,6590468,6635511,6568245,6618821,6615508,6586924,6669924,6563635,6660806,6601306,6517807,6627063,6600343,6533830,6569392,6527454,6548152,6428880
740,31,1,1023,6726788,6698964,6577848,6623280,6555756,6606129,6603253,6574824,6657265,6550777,6648050,6588801,6504666,6614236,6587177,6520132,6556405,6514519,6534972,6416916
741,0,1,1023,6739803,6711233,6590027,6634931,6568030,6618703,6615624,6587061,6670733,6563463,6660961,6602295,6517593,6626923,6599769,6533484,6569495,6527763,6547849,6428824
742,31,1,1023,6725817,6697643,6577412,6622632,6554604,6605683,6602908,6573942,6657216,6550582,6647108,6589298,6505043,6613127,6587039,6520211,6556022,6514462,6534280,6415831
743,0,1,1023,6739163,6710556,6590160,6636342,6567648,6619176,6616060,6587566,6671250,6563163,6661321,6603085,6518747,6626510,6601704,6533317,6570218,6528469,6547777,6429066
744,31,1,1023,6726357,6698170,6577800,6623490,6555149,6605803,6603421,6574172,6657917,6549617,6647990,6589933,6505260,6613101,6588555,6519826,6557094,6514869,6534455,6416455
745,0,1,1023,6739437,6711003,6590808,6636690,6568147,6618993,6616152,6586719,6671352,6563491,6661785,6602411,6518121,6626283,6601648,6533729,6570571,6527840,6547811,6429387
746,31,1,1023,6726150,6698576,6578246,6623233,6555455,6606402,6603649,6573573,6657985,6550279,6647233,6589214,6505017,6614584,6587794,6520083,6556157,6514591,6534635,6416163
747,0,1,1023,6739559,6711399,6591104,6635773,6567911,6619085,6616397,6587058,6670993,6562922,6661033,6602539,6517499,6626942,6601193,6533294,6568980,6527498,6547393,6429293
748,31,1,1023,6726733,6698805,6578013,6623139,6554823,6605746,6603147,6574686,6658103,6549200,6647510,6589415,6503580,6612778,6587262,6519707,6555062,6514424,6534535,6415167
749,0,1,1023,6739149,6712555,6591376,6636849,6568646,6618810,6616533,6587566,6671530,6562759,6661137,6602737,6516960,6627013,6600894,6533650,6569534,6528069,6549058,6428412
750,31,1,1023,6725854,6699042,6578588,6623336,6554867,6605881,6603327,6574368,6658014,6549246,6648017,6589756,6504170,6613797,6587650,6519542,6555326,6513983,6534979,6415418
751,0,1,1023,6739868,6711765,6590587,6634938,6567882,6618841,6616975,6587595,6671045,6562431,6661524,6602677,6517419,6626879,6600599,6533615,6569558,6527347,6548333,6428902
752,31,1,1023,6726943,6699615,6577977,6622954,6555622,6605883,6604145,6574741,6658252,6550197,6648259,6589601,6504668,6613399,6587856,6520694,6556306,6514111,6535237,6416122
753,0,1,1023,6738439,6711146,6589920,6634936,6566798,6617899,6615622,6586599,6670336,6562496,6660282,6602300,6517259,6625530,6600242,6533440,6568781,6527503,6548315,6428170
754,31,1,1023,6725567,6698834,6577332,6622778,6553682,6604905,6602406,6573887,6656674,6548930,6647693,6589082,6504294,6611500,6587278,6519547,6555136,6514780,6535257,6415813
755,0,1,1023,6738796,6711811,6590434,6635819,6566819,6618227,6615146,6587092,6670162,6562393,6661492,6602347,6517260,6625502,6600927,6533096,6569268,6528557,6548677,6429383
756,31,1,1023,6726226,6699014,6578136,6623259,6554230,6605930,6603391,6574689,6657851,6550320,6648285,6589359,6504753,6613261,6587971,6520604,6556128,6515449,6535069,6416591
757,0,1,1023,6738986,6711913,6590122,6635865,6566863,6618986,6615974,6587468,6670961,6563621,6661737,6602054,6517551,6625586,6601141,6534200,6569347,6528527,6548671,6428815
758,31,1,1023,6726436,6699316,6577535,6623342,6553816,6605634,6602383,6574374,6657384,6549219,6647334,6588867,6504613,6612972,6587433,6520156,6556123,6514547,6534916,6415671
759,0,1,1023,6739952,6712443,6589913,6636570,6566523,6618939,6616010,6587515,6670840,6563331,6661487,6602225,6517616,6626521,6600906,6534298,6569599,6528954,6548425,6429021
760,31,1,1023,6726890,6699004,6576994,6623935,6554138,6605997,6602874,6574648,6657509,6550113,6648718,6589161,6504748,6613280,6587802,6520412,6556910,6515096,6535250,6416051
761,0,1,1023,6737994,6710738,6588914,6635722,6565880,6617165,6615264,6586596,6669644,6562200,6661105,6601150,6516781,6625709,6599341,6533076,6568730,6527359,6547619,6428497
762,31,1,1023,6726028,6698138,6577297,6623176,6554120,6605007,6603460,6574440,6657226,6550431,6648438,6588956,6504024,6613584,6587259,6520161,6555878,6515590,6535240,6416814
763,0,1,1023,6738545,6710462,6590157,6635746,6566540,6617710,6615904,6587118,6670289,6563730,6661037,6601851,6516387,6626403,6600025,6532969,6569186,6528410,6548259,6429266
764,31,1,1023,6726760,6698261,6577792,6623458,6553803,6605136,6603405,6575169,6658227,6551550,6648164,6589067,6504521,6613935,6587387,6520336,6555946,6516149,6536132,6416749
765,0,1,1023,6739279,6710187,6590068,6636014,6566192,6618385,6615423,6587606,6670991,6564046,6661417,6601906,6516682,6626374,6600796,6533373,6569767,6528515,6548278,6429020
766,31,1,1023,6726249,6697038,6578051,6623301,6553532,6605892,6602918,6574904,6657754,6549989,6648118,6588560,6503250,6613884,6587270,6519677,6556710,6515148,6534711,6416593
767,0,1,1023,6738408,6709164,6589934,6635307,6565401,6618172,6614794,6586598,6669823,6563354,6660748,6601119,6515361,6625836,6599214,6532588,6569209,6527864,6547709,6428683
768,31,1,1023,6726446,6698170,6578375,6624214,6553823,6606217,6602701,6575496,6657670,6550863,6648860,6589516,6504120,6612967,6587085,6520597,6556419,6516330,6535875,6416859
769,0,1,1023,6738473,6710505,6590473,6635932,6565917,6617834,6614864,6587657,6669958,6563266,6661403,6601979,6516503,6625922,6599362,6533221,6568650,6528227,6547992,6428693
770,31,1,1023,6726860,6698883,6578326,6623424,6553604,6605982,6602826,6575475,6657088,6550171,6648702,6589183,6505086,6613146,6586970,6520554,6555854,6515359,6535576,6416345
771,0,1,1023,6738723,6711577,6590409,6635110,6566068,6618667,6615203,6587294,6669573,6562308,6661217,6600773,6517259,6625638,6599313,6533414,6569253,6528170,6547927,6428301
772,31,1,1023,6725337,6698806,6578021,6622247,6553579,6605613,6602267,6574742,6656507,6549670,6647822,6588840,6504846,6612543,6586812,6520045,6556338,6514933,6534883,6415333
773,0,1,1023,6739290,6712411,6590565,6635234,6567017,6618661,6615003,6587742,6670209,6563161,6661091,6601885,6517975,6625360,6599957,6533565,6570023,6528495,6548940,6427824
774,31,1,1023,6726887,6699434,6578472,6623417,6555078,6606439,6603159,6575917,6657731,6550433,6648050,6590013,6505185,6614223,6587385,6520781,6556561,6515849,6536276,6416234
775,0,1,1023,6738961,6711079,6590282,6634598,6566750,6618288,6615824,6588051,6669934,6562707,6660795,6601767,6516872,6626974,6599345,6533575,6568592,6528620,6548541,6427912
776,31,1,1023,6725928,6697826,6577126,6621887,6553317,6604486,6601711,6574005,6657215,6549783,6647441,6588176,6504471,6613583,6585470,6519095,6554141,6514768,6534799,6415010
777,0,1,1023,6739030,6710555,6590443,6634648,6566565,6618214,6614860,6587518,6670478,6563478,6661173,6601193,6517661,6626280,6599579,6532285,6567961,6528584,6547858,6428433
778,31,1,1023,6725974,6698062,6578357,6622780,6554108,6605769,6602505,6574685,6657476,6550182,6647781,6588200,6504818,6613350,6586158,6518665,6554748,6515587,6535125,6415246
779,0,1,1023,6738539,6711382,6591748,6636027,6567181,6618844,6616026,6587996,6671499,6563819,6661690,6601845,6518469,6628248,6600926,6533234,6568701,6529152,6548893,6428824
780,31,1,1023,6724982,6697593,6578698,6622507,6553419,6605391,6602997,6574735,6657575,6549563,6647843,6588517,6504779,6614141,6587417,6518270,6554757,6515810,6534817,6414809
781,0,1,1023,6737626,6709575,6590947,6635351,6566117,6619120,6616222,6587686,6670679,6563201,6660955,6602128,6517606,6626863,6600168,6532577,6568344,6529239,6548166,6427689
782,31,1,1023,6725027,6696965,6578004,6622073,6553535,6605529,6602960,6574353,6656799,6549765,6647550,6589039,6504578,6613348,6585795,6519539,6554736,6515339,6534846,6414416
783,0,1,1023,6738315,6709765,6590509,6634727,6566393,6618287,6615986,6587097,6670438,6563262,6660802,6601424,6517319,6626266,6598855,6532591,6567703,6528647,6547780,6427289
784,31,1,1023,6726655,6697699,6578802,6622715,6555152,6605993,6603094,6575219,6658035,6550701,6648108,6589199,6505532,6614785,6586812,6519904,6555635,6515315,6535412,6415336
785,0,1,1023,6738256,6710614,6590378,6635418,6566922,6618053,6615282,6587719,6670606,6563581,6660912,6602039,6517590,6626954,6599732,6533409,6568105,6528069,6548243,6428250
786,31,1,1023,6725804,6698608,6578017,6623041,6555024,6605111,6603049,6574765,6657666,6549954,6648161,6589719,6504555,6614391,6586946,6520076,6554992,6514951,6535330,6415577
787,0,1,1023,6739181,6711925,6591263,6635716,6568099,6618730,6615918,6588241,6671022,6563409,6662081,6602705,6517892,6627679,6600520,6534164,6569233,6528467,6549334,6428583
788,31,1,1023,6726868,6699941,6578832,6623007,6555918,6606165,6603158,6575768,6658113,6549760,6648435,6589291,6505255,6615000,6587355,6520735,6556624,6515134,6535712,6415354
789,0,1,1023,6739607,6711785,6591680,6636185,6568583,6619022,6616093,6588117,6671158,6563335,6661805,6602788,6517657,6626916,6601418,6533577,6569328,6528725,6549052,6428799
790,31,1,1023,6725671,6698640,6577415,6622913,6554457,6604711,6601862,6574377,6657228,6549433,6647997,6588485,6504321,6613475,6586659,6519641,6555186,6514612,6534874,6414354
791,0,1,1023,6739590,6712108,6590609,6636517,6567741,6618317,6615410,6587485,6671264,6563124,6661973,6601833,6518077,6626938,6600681,6533393,6568880,6528513,6548356,6428501
792,31,1,1023,6726355,6698799,6577843,6623394,6555295,6605624,6602334,6575625,6658015,6550265,6648497,6589220,6505089,6613498,6587234,6520242,6555888,6515052,6535395,6416279
793,0,1,1023,6738586,6710484,6589959,6634729,6567524,6617436,6614676,6586941,6670150,6562037,6660599,6601642,6516638,6625502,6599294,6533252,6568415,6527690,6547979,6428462
794,31,1,1023,6726004,6698615,6577343,6622592,6554904,6604689,6602303,6574266,6657559,6549468,6648144,6589174,6504989,6613563,6586937,6519921,6555068,6514843,6535416,6415792
795,0,1,1023,6739486,6711593,6590428,6636081,6568117,6618789,6615136,6588399,6671398,6563133,6661527,6602244,6517762,6628232,6600139,6533970,6569899,6528591,6548705,6429515
796,31,1,1023,6726317,6698696,6577822,6624126,6555531,6606471,6602353,6575713,6659094,6550621,6647816,6589648,6505951,6615182,6586270,6520812,6556363,6515355,6535147,6416631
797,0,1,1023,6739593,6711272,6590462,6636162,6567872,6618519,6614906,6588098,6671808,6562963,6660337,6602133,6518482,6628008,6599988,6533856,6569697,6528275,6548044,6429498
798,31,1,1023,6726967,6699166,6578037,6623467,6555833,6606276,6602136,6575095,6659023,6549887,6647897,6589393,6504894,6614494,6586820,6520510,6556316,6515255,6534810,6416745
799,0,1,1023,6737688,6711366,6588848,6635034,6566358,6617496,6614393,6586453,6670566,6561639,6659753,6600127,6516197,6626525,6597804,6532459,6568215,6526937,6546668,6428580
800,31,1,1023,6726649,6699310,6577812,6623473,6554565,6605925,6602268,6574927,6658534,6550269,6647762,6589086,6504721,6614151,6586164,6520570,6555574,6515336,6534990,6416489
801,0,1,1023,6738773,6711299,6590561,6635459,6567608,6617733,6615185,6587284,6671007,6562209,6660418,6601351,6517185,6625771,6598340,6532858,6568213,6527758,6547779,6428313
802,31,1,1023,6727483,6699993,6578601,6624134,6556514,6606013,6603648,6575572,6658782,6550040,6648125,6590160,6505817,6614617,6586659,6520693,6556175,6515737,6535666,6416328
803,0,1,1023,6739511,6711517,6590299,6636471,6567427,6617424,6615260,6587161,6671325,6562192,6660638,6602253,6517680,6627056,6599637,6533800,6569186,6528157,6548170,6428524
804,31,1,1023,6727572,6699501,6579067,6624457,6556372,6605460,6603480,6575568,6659284,6550272,6648078,6589870,6506261,6614559,6586759,6521501,6557062,6515448,6535717,6416708
805,0,1,1023,6739256,6711228,6591353,6636126,6567495,6617621,6614968,6586806,6671249,6562471,6660252,6601908,6517794,6626294,6599765,6533992,6568682,6527598,6547765,6428701
806,31,1,1023,6728133,6699582,6579573,6624450,6556258,6606495,6602927,6575320,6659092,6550147,6648176,6589625,6506465,6614323,6587379,6521660,6556283,6515892,6535396,6416889
807,0,1,1023,6739338,6710570,6590110,6635821,6567409,6617341,6614194,6587126,6670189,6561797,6660262,6601193,6517662,6625888,6598696,6533403,6568501,6527090,6547611,6427668
808,31,1,1023,6726438,6698673,6578045,6623380,6555852,6605625,6602008,6575130,6657689,6549559,6647870,6589132,6505789,6614602,6586323,6520893,6555772,6515003,6535231,6415836
809,0,1,1023,6740156,6711981,6591319,6637056,6569102,6619190,6615804,6588125,6671028,6563114,6662169,6602650,6519429,6628302,6599875,6534815,6569508,6529023,6550056,6429789
810,31,1,1023,6726532,6697726,6578580,6623511,6554889,6605302,6602253,6574559,6657365,6549228,6648519,6588723,6505231,6613767,6586779,6520674,6555358,6515087,6535642,6416665
811,0,1,1023,6738955,6711440,6590682,6636491,6567376,6618237,6615357,6588457,6670689,6562615,6661314,6601951,6518307,6626639,6599883,6533810,6568983,6528132,6548623,6429622
812,31,1,1023,6726059,6699110,6578787,6622861,6554437,6605641,6602836,6575051,6657678,6549405,6647637,6589440,6504441,6613688,6586665,6520717,6556284,6514737,6535628,6416301
813,0,1,1023,6739235,6712147,6590900,6636290,6567330,6618503,6615651,6588363,6671157,6562339,6661897,6602250,6517257,6627205,6600106,6534363,6569760,6528303,6548915,6428929
814,31,1,1023,6726703,6699590,6579256,6623615,6555372,6606445,6603582,6575356,6659086,6549596,6649018,6589913,6503845,6614324,6587763,6521016,6556133,6515190,6535803,6416853
815,0,1,1023,6738862,6710875,6590505,6635505,6566770,6617886,6615243,6587577,6670579,6561771,6661189,6601904,6516008,6626299,6600668,6533271,6568183,6527604,6547807,6428673
816,31,1,1023,6726092,6698409,6578028,6622097,6554302,6605794,6602296,6574621,6657490,6549100,6648106,6588821,6503118,6613755,6587323,6520335,6554855,6515179,6534149,6416232
817,0,1,1023,6739143,6711614,6591496,6635339,6567524,6618925,6615651,6587203,6670930,6562459,6661088,6602360,6516346,6627200,6599773,6533416,6569170,6528212,6547777,6429452
818,31,1,1023,6725809,6698188,6578723,6622180,6554439,6605528,6602569,6574285,6657206,6548983,6648007,6589030,6503924,6612524,6586816,6519490,6555645,6514820,6534058,6416697
819,0,1,1023,6738894,6711224,6592120,6635282,6566744,6618175,6615156,6587405,6670599,6561615,6661364,6602954,6516711,6626109,6600236,6533426,6569391,6528227,6547644,6429405
820,31,1,1023,6725952,6698838,6579056,6622936,6554286,6605496,6602197,6574675,6657448,6549272,6648456,6589431,6503591,6612935,6586843,6520042,6555684,6514820,6534261,6416141
821,0,1,1023,6739883,6712420,6592118,6636158,6567069,6619036,6615637,6588131,6671132,6563740,6662634,6602682,6516457,6626556,6600415,6534209,6569559,6528552,6548579,6429070
822,31,1,1023,6727636,6700746,6580000,6624236,6556236,6606886,6603787,6576160,6658829,6551062,6649609,6590262,6504863,6614539,6588057,6521058,6557189,6516179,6536345,6416774
823,0,1,1023,6740334,6712704,6592518,6636955,6568583,6618986,6616400,6588900,6671236,6563573,6662144,6603144,6517464,6627108,6599830,6534192,6570373,6529446,6548995,6429700
824,31,1,1023,6726769,6699471,6578959,6623123,6555198,6605185,6603428,6575354,6657929,6550397,6648382,6589587,6504154,6613280,6586487,6520406,6556458,6515064,6535215,6416204
825,0,1,1023,6739346,6711204,6591696,6634342,6566820,6617691,6615540,6587481,6670329,6562528,6661231,6601677,6516084,6625285,6599248,6532729,6568920,6527118,6547844,6428454
826,31,1,1023,6727129,6699473,6579517,6622475,6554799,6605421,6603485,6575299,6658006,6549863,6648520,6589344,6504300,6613727,6587423,6520605,6555730,6514096,6535005,6416718
827,0,1,1023,6739399,6711799,6590985,6634602,6567675,6618026,6615642,6587259,6670650,6562607,6662024,6602248,6516535,6626246,6600624,6533120,6568089,6527348,6547391,6428696
828,31,1,1023,6726780,6699507,6578885,6622236,6554697,6605569,6602796,6575068,6658658,6550050,6649094,6589379,6504545,6614451,6588703,6521105,6555399,6514649,6534940,6416035
829,0,1,1023,6738835,6711972,6590997,6634910,6567324,6617404,6615310,6587909,6671198,6562633,6662252,6601933,6516234,6626704,6600103,6533823,6568608,6527729,6547394,6428282
830,31,1,1023,6727235,6699872,6579412,6623323,6555417,6605795,6603589,6575696,6658347,6550725,6649626,6590259,6504469,6614032,6588079,6521001,6555557,6515152,6534727,6415947
831,0,1,1023,6740184,6712419,6591747,6636278,6568204,6618048,6616012,6588884,6671057,6563585,6662369,6602700,6517579,6627458,6601330,6533905,6568565,6528568,6547984,6429449
832,31,1,1023,6726146,6699133,6579157,6622734,6554822,6605304,6602792,6575085,6656840,6549545,6648449,6589219,6503622,6613213,6587790,6520163,6554627,6515128,6534488,6416019
833,0,1,1023,6738172,6712101,6591475,6635390,6567431,6618746,6615339,6587642,6670541,6562469,6661055,6602177,6516439,6626850,6601165,6533552,6569324,6528523,6547505,6428652
834,31,1,1023,6726267,6698834,6578565,6622776,6554441,6605657,6601762,6574898,6657967,6549659,6647620,6588862,6503900,6613445,6587444,6520409,6555229,6515295,6534076,6415633
835,0,1,1023,6739663,6712342,6591489,6635876,6566986,6618327,6615288,6587908,6671204,6562743,6661470,6602334,6517330,6626993,6600368,6533155,6569304,6528815,6547679,6428360
836,31,1,1023,6726315,6699425,6579142,6623140,6554722,6605875,6602246,6574830,6657612,6549207,6647652,6588835,6504739,6612841,6587344,6519964,6556072,6514979,6534019,6415507
837,0,1,1023,6738946,6712746,6591986,6636034,6568590,6618747,6615324,6588089,6671241,6562484,6661583,6602289,6517032,6626168,6600986,6534207,6569713,6528819,6547489,6429581
838,31,1,1023,6726096,6699681,6579633,6623467,6555686,6606054,6602385,6575430,6658195,6549551,6647893,6589917,6504282,6613594,6588136,6520991,6555830,6515775,6533832,6416500
839,0,1,1023,6738855,6712327,6591624,6635928,6567826,6619368,6615643,6587915,6671340,6563113,6661829,6602915,6516372,6626421,6601391,6533738,6569222,6529299,6547481,6429457
840,31,1,1023,6727089,6699877,6579336,6623166,6555444,6606592,6602918,6575169,6658041,6550477,6647931,6589476,6504355,6613302,6588161,6520545,6556389,6516296,6534164,6416612
841,0,1,1023,6739800,6712660,6592259,6635977,6567997,6619504,6615800,6588025,6670799,6563960,6661871,6602878,6517612,6626999,6600618,6534344,6570495,6529743,6548407,6429676
842,31,1,1023,6727202,6699897,6579740,6622936,6555431,6606636,6602371,6575051,6658382,6551453,6648912,6590435,6504982,6614645,6587835,6521268,6557004,6516686,6536306,6416598
843,0,1,1023,6739439,6712196,6591616,6634591,6567724,6618870,6615176,6587528,6670520,6563235,6661466,6602298,6517147,6627283,6600276,6534034,6568635,6528811,6548620,6428388
844,31,1,1023,6726785,6699919,6579761,6623987,6555560,6607103,6603411,6575250,6658401,6550778,6649536,6590439,6505109,6615117,6588075,6521042,6556513,6516013,6535990,6416568
845,0,1,1023,6739824,6712775,6591624,6636588,6567608,6618841,6614515,6587513,6671004,6563253,6662044,6602812,6516768,6627379,6600243,6534293,6569625,6528542,6548457,6429343
846,31,1,1023,6727741,6699863,6579347,6623318,6555188,6606287,6602771,6575560,6659076,6550667,6649849,6590169,6504103,6614416,6588003,6521599,6557219,6516668,6535433,6416969
847,0,1,1023,6739590,6711634,6591247,6635275,6566964,6617963,6615049,6587071,6670920,6562738,6662160,6602174,6516123,6626388,6600332,6533656,6569079,6529064,6547957,6429035
848,31,1,1023,6726953,6699598,6579069,6623096,6554515,6606224,6602384,6575379,6658015,6549799,6648332,6589391,6504014,6613980,6587536,6520236,6555887,6515783,6534726,6415984
849,0,1,1023,6739122,6711894,6591093,6635790,6567360,6618841,6615101,6587678,6670664,6562300,6661672,6601826,6516687,6625425,6600093,6533318,6568433,6528400,6547414,6428443
850,31,1,1023,6727057,6699541,6578882,6623624,6554991,6606460,6603069,6575483,6658793,6549000,6649327,6589260,6504650,6614109,6587448,6520673,6555343,6516069,6535460,6416161
851,0,1,1023,6739312,6711744,6591384,6635943,6567120,6618259,6615245,6587765,6671464,6561665,6661636,6601710,6516680,6626385,6598552,6533412,6567838,6528413,6548217,6427836
852,31,1,1023,6727315,6699206,6579107,6622532,6555106,6606143,6602893,6575217,6658770,6549193,6648324,6589668,6504151,6613758,6586694,6520347,6555114,6515987,6535501,6415478
853,0,1,1023,6739818,6712296,6590928,6634681,6567322,6618105,6614759,6587533,6671552,6562443,6661804,6602263,6516445,6626055,6599769,6533256,6568257,6528406,6548260,6428294
854,31,1,1023,6728273,6701049,6579078,6622739,6555423,6606073,6603122,6575289,6659459,6550528,6648972,6589427,6504822,6613534,6587084,6521373,6556043,6515911,6535367,6416319
855,0,1,1023,6740703,6713998,6592109,6635180,6567719,6619116,6616131,6587637,6672590,6563769,6662280,6602770,6517787,6626289,6600411,6534411,6569311,6529251,6548732,6429210
856,31,1,1023,6727187,6700462,6578930,6622933,6554763,6605772,6602731,6575324,6658691,6550323,6648831,6589280,6504143,6614353,6587065,6520286,6555559,6515518,6535030,6416225
857,0,1,1023,6740423,6713185,6591589,6636144,6568003,6617885,6615191,6588133,6672072,6562838,6663089,6602734,6517620,6627079,6599694,6534164,6569437,6529054,6548755,6429405
858,31,1,1023,6727661,6700120,6578897,6623718,6555387,6605735,6603245,6575175,6659445,6550431,6650379,6590120,6505065,6614612,6587307,6521415,6555895,6515536,6535352,6415971
859,0,1,1023,6740291,6712434,6591302,6636371,6568258,6618583,6615596,6587717,6671881,6563164,6662949,6603080,6517219,6627464,6599079,6533606,6569656,6528145,6548275,6429366
860,31,1,1023,6728049,6699800,6579062,6624721,6555516,6605808,6602904,6575280,6659247,6550997,6649680,6589705,6504182,6614131,6587009,6520159,6556563,6515686,6535258,6416913
861,0,1,1023,6740140,6711523,6590769,6636699,6567527,6618166,6614720,6587342,6671967,6562769,6661814,6601460,6516946,6626409,6600183,6532607,6568851,6528677,6548280,6428300
862,31,1,1023,6728365,6699435,6578901,6623989,6556007,6605998,6602952,6575857,6659236,6550709,6648898,6589017,6504284,6614474,6587857,6520246,6555145,6515973,6536116,6416306
863,0,1,1023,6740122,6711470,6590314,6635282,6567352,6618022,6614800,6587670,6671413,6563255,6661780,6601701,6516722,6625951,6599604,6532982,6568380,6528284,6548115,6429008
864,31,1,1023,6728389,6698688,6579080,6623238,6556467,6606429,6603546,6575781,6659047,6550964,6649628,6589484,6504565,6614237,6587774,6521158,6556255,6516045,6535952,6417217
865,0,1,1023,6740568,6712273,6591609,6636444,6568712,6619209,6616103,6588391,6672209,6563778,6662564,6602251,6517417,6626152,6600384,6534624,6569956,6528815,6548724,6429986
866,31,1,1023,6727366,6700804,6579101,6623566,6556210,6606254,6603055,6575371,6658952,6550645,6649591,6588775,6504375,6613087,6587917,6520802,6556143,6515797,6535694,6417174
867,0,1,1023,6739245,6713006,6590914,6634721,6567569,6618206,6614997,6587624,6671132,6563280,6661615,6601118,6516323,6625801,6599857,6533145,6569348,6528243,6547988,6429111
868,31,1,1023,6727433,6701030,6579231,6622743,6556037,6605275,6602914,6575957,6658809,6550733,6648595,6589549,6503904,6614228,6587191,6520091,6556861,6515458,6536005,6416851
869,0,1,1023,6739614,6714041,6591970,6635168,6568379,6618487,6615811,6588476,6671648,6563307,6661690,6602296,6517154,6626973,6600175,6534178,6570030,6528688,6548670,6428516
870,31,1,1023,6727118,6701155,6579596,6622939,6555180,6605779,6602978,6575252,6658793,6549921,6648046,6589808,6504086,6614394,6587072,6520918,6556033,6515216,6535171,6415385
871,0,1,1023,6740305,6714385,6591953,6635900,6568118,6620017,6616611,6589060,6672121,6563963,6662150,6602940,6517345,6627962,6600905,6535011,6569974,6529388,6548711,6428849
872,31,1,1023,6728077,6701216,6579395,6623360,6555639,6607762,6603643,6576370,6659385,6550633,6648805,6590381,6505334,6614751,6587581,6521923,6557072,6515526,6535229,6416429
873,0,1,1023,6739980,6714182,6591405,6635522,6567976,6619980,6616628,6588616,6671730,6563937,6661731,6603274,6517586,6626367,6600635,6535144,6569598,6528527,6547913,6428682
874,31,1,1023,6727256,6701591,6579297,6622646,6555483,6607768,6603883,6575863,6658662,6550810,6648861,6590652,6504497,6612641,6587456,6521988,6556228,6515271,6534741,6416871
875,0,1,1023,6739129,6712989,6590887,6634470,6567475,6619677,6615540,6588202,6671143,6562537,6661272,6602914,6516219,6625422,6600081,6533575,6568545,6527780,6547321,6429087
876,31,1,1023,6727174,6700707,6579105,6622559,6554831,6606716,6603763,6575968,6658265,6549852,6648433,6590603,6504493,6613609,6588261,6521048,6555396,6515292,6534558,6417343
877,0,1,1023,6739546,6712469,6590257,6635258,6566740,6618437,6615896,6587529,6670721,6562764,6661259,6602155,6516844,6625974,6599822,6533568,6567729,6528214,6547171,6429105
878,31,1,1023,6727437,6700569,6579148,6623533,6555599,6607028,6603537,6576386,6658807,6550928,6649425,6590113,6504926,6614089,6587737,6521410,6555791,6516510,6535370,6417149
879,0,1,1023,6739177,6712073,6590662,6634715,6568195,6619239,6614958,6589121,6671318,6563160,6662006,6602744,6517120,6626098,6599870,6533781,6568360,6528345,6547911,6430156
880,31,1,1023,6726807,6699340,6578558,6622039,6555130,6606338,6602790,6575360,6658947,6549866,6648642,6590042,6504202,6613803,6587322,6520163,6554489,6515370,6534313,6416677
881,0,1,1023,6739245,6711863,6590972,6634541,6568033,6619019,6615337,6588053,6671615,6562506,6662406,6602679,6517046,6626095,6600672,6533171,6567727,6527741,6547309,6428674
882,31,1,1023,6727792,6699747,6579805,6623172,6556142,6607330,6603124,6575840,6659775,6551690,6650052,6590767,6505064,6614812,6588020,6520588,6554813,6515935,6535491,6416808
883,0,1,1023,6739641,6711803,6591358,6634340,6567709,6619181,6615671,6588013,6670859,6564631,6662574,6603082,6517459,6625794,6599705,6533176,6567960,6528688,6547416,6429104
884,31,1,1023,6727273,6699354,6578626,6621885,6555068,6606168,6603142,6575123,6658125,6551385,6649679,6590268,6503997,6612751,6587137,6520081,6555180,6514784,6534126,6415789
885,0,1,1023,6739652,6712049,6591437,6635151,6566902,6619446,6615911,6587478,6671370,6563353,6662545,6602226,6517381,6625987,6600568,6533517,6568706,6528625,6547722,6429120
886,31,1,1023,6726872,6699415,6578923,6621917,6554873,6606771,6603264,6575183,6658727,6551321,6649514,6589498,6504395,6613242,6587140,6520505,6555333,6515941,6534900,6415971
887,0,1,1023,6738704,6711306,6590499,6634511,6567468,6618745,6615125,6587511,6670884,6563550,6661961,6602112,6516357,6626057,6600136,6533049,6569016,6528386,6547279,6428826
888,31,1,1023,6727796,6700091,6579364,6622863,6555482,6606858,6603633,6575995,6658693,6551336,6649496,6589974,6504537,6613626,6588295,6520986,6556331,6516375,6535483,6417309
889,0,1,1023,6739747,6712136,6591715,6635197,6567264,6618713,6616563,6587922,6671379,6564014,6661856,6602348,6517157,6626575,6600883,6533084,6569481,6528384,6548677,6429087
890,31,1,1023,6727062,6699489,6578890,6622803,6554768,6606487,6603081,6574931,6658464,6550902,6648819,6588546,6504702,6613885,6587507,6520207,6556549,6515519,6535210,6416039
891,0,1,1023,6739164,6711528,6590837,6635258,6566765,6618528,6615754,6587753,6670990,6563205,6661248,6601771,6517464,6626176,6600157,6533857,6569249,6528177,6547932,6428953
892,31,1,1023,6726924,6699678,6579101,6623054,6555349,6606526,6603973,6575674,6658689,6550878,6648970,6589977,6505036,6614295,6587301,6521116,6556886,6515984,6535677,6416240
893,0,1,1023,6738917,6711368,6590930,6635902,6567360,6619120,6615936,6587366,6671274,6562752,6661261,6601922,6517588,6626609,6600015,6533322,6569554,6528774,6547801,6428646
894,31,1,1023,6727251,6698805,6578574,6623437,6555402,6606311,6603713,6575467,6659069,6550366,6648945,6589586,6505195,6613636,6587686,6520351,6556217,6515904,6535440,6415998
895,0,1,1023,6738462,6710183,6590483,6635379,6566394,6618682,6615226,6587088,6671055,6562697,6661397,6601421,6517252,6625976,6599257,6532736,6569228,6528029,6546925,6427735
896,31,1,1023,6726342,6697806,6578295,6623313,6553477,6606076,6602817,6574834,6658170,6550038,6648288,6588874,6504413,6614074,6586470,6520196,6555775,6514965,6534656,6414536
897,0,1,1023,6739003,6711044,6591063,6636298,6567137,6619187,6616057,6588081,6672024,6564031,6662219,6602313,6518828,6626051,6600764,6533554,6569813,6528745,6548599,6427905
898,31,1,1023,6727632,6699989,6580335,6624409,6555905,6607961,6604050,6576667,6659420,6552177,6650289,6590464,6507167,6615117,6589118,6521124,6557249,6516343,6536185,6415520
899,0,1,1023,6739890,6711261,6591688,6636367,6567037,6619192,6615949,6588312,6671595,6564784,6662602,6602949,6518503,6627136,6600972,6533242,6569786,6528331,6548177,6428100
900,31,1,1023,6728199,6699917,6579608,6624084,6555332,6607396,6603559,6575969,6659160,6551727,6650417,6590494,6506514,6614738,6588884,6520285,6557450,6515903,6535706,6416259
901,0,1,1023,6740374,6712501,6592266,6636384,6568440,6619187,6616007,6588681,6671924,6563778,6662375,6602641,6518608,6627076,6601542,6533481,6569901,6528918,6548309,6428807
902,31,1,1023,6727345,6699691,6578997,6623778,6555144,6606003,6602133,6575485,6658751,6550945,6649062,6589457,6505433,6613643,6588017,6519543,6556032,6515414,6535054,6415797
903,0,1,1023,6739353,6710294,6590624,6634828,6565945,6617179,6613190,6587013,6670464,6562239,6660889,6601578,6516957,6624404,6599515,6531965,6568143,6526781,6547247,6427372
904,31,1,1023,6727595,6699228,6579639,6623911,6555342,6606469,6602702,6575741,6659376,6551229,6648789,6590497,6505699,6613120,6588707,6520453,6556074,6516064,6535276,6415925
905,0,1,1023,6740164,6712529,6592247,6636338,6567805,6618861,6615321,6588418,6672485,6563847,6661796,6603208,6518268,6626667,6600991,6533640,6568881,6528981,6549061,6428682
906,31,1,1023,6727399,6699343,6579126,6623121,6555608,6605642,6601833,6575167,6659250,6550013,6648303,6590159,6505005,6613297,6588043,6520534,6555261,6515519,6535461,6416014
907,0,1,1023,6739628,6711435,6590783,6635361,6567948,6618261,6614807,6587445,6671666,6562978,6661705,6602421,6518671,6625362,6601227,6533387,6568409,6528689,6548511,6428896
908,31,1,1023,6727689,6699018,6579180,6623398,6555866,6606171,6602929,6574913,6659308,6550500,6649022,6589781,6506400,6613765,6588805,6520711,6554794,6516028,6536148,6416576
909,0,1,1023,6739956,6711719,6591364,6635599,6567363,6618503,6614973,6587014,6671204,6563199,6662027,6602205,6518435,6626124,6601047,6533449,6567759,6528663,6548601,6429505
910,31,1,1023,6728465,6700324,6579754,6623322,6555850,6606299,6603360,6575907,6658955,6551347,6649215,6590123,6506254,6614141,6588402,6521170,6555389,6516073,6536184,6417454
911,0,1,1023,6739825,6712578,6591789,6636201,6568013,6619379,6616344,6588424,6671635,6563671,6662428,6602710,6518535,6625947,6601726,6533559,6569282,6529186,6548436,6429761
912,31,1,1023,6727172,6700988,6579631,6623716,6556542,6606530,6603851,6575873,6659820,6550855,6649020,6590170,6506033,6613598,6589384,6520624,6556735,6516616,6535916,6416329
913,0,1,1023,6738673,6712130,6591108,6635140,6568212,6618119,6615447,6587530,6671119,6563000,6660768,6602135,6517599,6625398,6600450,6532801,6569529,6528353,6547602,6428299
914,31,1,1023,6727128,6700107,6578873,6622557,6555606,6606100,6602993,6574855,6658240,6550494,6647576,6589442,6505389,6613792,6587679,6520235,6556187,6515940,6535329,6415986
915,0,1,1023,6740114,6713124,6591449,6636069,6568343,6619614,6616483,6588406,6671856,6563866,6661709,6603308,6518269,6626747,6601907,6534087,6569671,6529543,6548899,6429442
916,31,1,1023,6728071,6700062,6579046,6623606,6555551,6606458,6603195,6575913,6658394,6550806,6648935,6590248,6505526,6613669,6588857,6521058,6556308,6516064,6535408,6416640
917,0,1,1023,6740570,6712418,6591304,6634732,6567868,6618518,6615933,6588250,6670961,6563400,6661697,6602739,6518831,6626063,6601166,6534145,6569473,6529106,6547957,6428705
918,31,1,1023,6727451,6700347,6579313,6622614,6555746,6606427,6603422,6575564,6658770,6550926,6648628,6590516,6506697,6614000,6588524,6521249,6556177,6516807,6535395,6416308
919,0,1,1023,6739305,6711853,6591522,6635115,6567782,6618480,6615533,6587808,6671447,6563207,6661794,6602896,6518422,6626347,6601455,6533714,6569457,6529434,6548430,6429019
920,31,1,1023,6727806,6700586,6579327,6623604,6555816,6606322,6603699,6575228,6658627,6551046,6648415,6590594,6505906,6614018,6588320,6521130,6556292,6516702,6535793,6416813
921,0,1,1023,6740384,6713522,6591985,6636459,6568822,6619598,6616373,6588341,6672590,6564176,6662376,6603300,6519234,6626814,6601343,6534755,6569236,6529178,6548785,6429479
922,31,1,1023,6726812,6699311,6578086,6622895,6554979,6605927,6602437,6574626,6658956,6550565,6648143,6589268,6505183,6612685,6587693,6520524,6555235,6515823,6534843,6415585
923,0,1,1023,6740224,6711919,6590701,6635540,6567798,6618677,6615719,6587168,6671423,6563978,6661094,6602509,6517434,6625357,6599832,6533290,6569155,6528819,6547854,6428383
924,31,1,1023,6728139,6699619,6579042,6623443,6555553,6606562,6602880,6574878,6658873,6551215,6648086,6589498,6505781,6612631,6587680,6520186,6555669,6516334,6535216,6416222
925,0,1,1023,6739555,6712292,6591030,6635416,6567398,6618238,6614611,6587053,6671344,6563386,6660463,6601627,6517094,6624714,6599875,6533359,6568360,6528614,6547671,6428365
926,31,1,1023,6728020,6700466,6578899,6623826,6555656,6606426,6603202,6575068,6658914,6550912,6648011,6589903,6505983,6613694,6588520,6521043,6556261,6516126,6535602,6416338
927,0,1,1023,6740392,6712724,6591289,6636032,6568595,6618931,6615748,6587765,6671487,6564137,6660923,6602490,6518401,6626039,6601497,6534558,6569684,6529497,6548982,6429321
928,31,1,1023,6727980,6700360,6578583,6623372,6556852,6607143,6603151,6575483,6659050,6550873,6647839,6589862,6505817,6614118,6588488,6521061,6555998,6516406,6535391,6416471
929,0,1,1023,6739406,6712992,6590635,6636319,6567954,6619490,6615174,6587917,6671196,6563174,6660535,6602554,6517892,6626839,6600749,6532856,6568757,6528930,6547350,6428397
930,31,1,1023,6727218,6700127,6578898,6624178,6556089,6606713,6603138,6575250,6658809,6550859,6647691,6589736,6505676,6614966,6588632,6520176,6555886,6515904,6535097,6416353
931,0,1,1023,6739930,6713614,6591467,6637091,6569276,6619551,6615023,6588331,6672297,6564216,6661251,6602642,6517785,6627395,6601453,6533826,6569344,6529485,6548584,6429328
932,31,1,1023,6727292,6699869,6578952,6623794,6555585,6606016,6602274,6575401,6658343,6551344,6647856,6589537,6505083,6613764,6588040,6520549,6555389,6515844,6535197,6416166
933,0,1,1023,6740286,6712200,6591836,6636524,6567634,6618591,6615222,6587865,6671179,6563327,6661661,6602332,6518121,6626700,6601008,6534047,6568436,6529363,6547897,6429705
934,31,1,1023,6727584,6700310,6579127,6624365,6555224,6606938,6602765,6575362,6658684,6551338,6648407,6590583,6505347,6613902,6588682,6520739,6555996,6516494,6535493,6417359
935,0,1,1023,6740270,6711879,6592366,6636948,6567606,6619896,6615977,6587586,6671642,6564112,6661137,6603277,6518650,6626942,6601339,6533514,6568883,6529920,6548417,6429968
936,31,1,1023,6727927,6699779,6580400,6624564,6555725,6607628,6604030,6576119,6659433,6551478,6648295,6590276,6506210,6614653,6588887,6521273,6556506,6516971,6535703,6417449
937,0,1,1023,6739200,6711888,6591591,6636653,6567866,6618898,6615857,6588132,6671299,6563333,6660115,6602214,6518106,6626751,6601029,6533835,6568485,6529295,6547543,6429324
938,31,1,1023,6726511,6699266,6579046,6624029,6554734,6605933,6603392,6575467,6658768,6550066,6647845,6589594,6505295,6614005,6588045,6519849,6555687,6516007,6534045,6416519
939,0,1,1023,6739068,6711782,6590607,6636137,6567251,6619086,6615534,6587845,6671383,6563286,6660917,6601879,6518405,6627596,6600878,6533031,6569426,6529252,6547267,6428910
940,31,1,1023,6726863,6699335,6578230,6623801,6555448,6607013,6602705,6575758,6659150,6550951,6648093,6589697,6505746,6614346,6588239,6520238,6556243,6516187,6535145,6416515
941,0,1,1023,6739571,6711959,6590676,6636557,6567445,6619648,6615957,6587890,6671487,6563666,6660235,6602732,6518171,6627636,6601108,6533837,6570044,6528907,6548257,6429540
942,31,1,1023,6727077,6699489,6578118,6623456,6554973,6606913,6602762,6575273,6658608,6550380,6647758,6589004,6505343,6614642,6588014,6520240,6555574,6515604,6534714,6416625
943,0,1,1023,6739639,6712730,6590779,6635320,6567542,6619615,6615495,6587488,6671686,6563632,6660421,6601862,6518232,6627417,6601067,6533444,6567944,6528576,6547760,6429139
944,31,1,1023,6727544,6700286,6578865,6623870,6555036,6606903,6603309,6575262,6658747,6550586,6647629,6589517,6506069,6614498,6587995,6520427,6554668,6515757,6534793,6416539
945,0,1,1023,6739562,6712298,6590808,6636137,6567337,6618878,6614966,6587092,6670545,6563745,6660059,6600967,6518068,6625718,6600593,6532680,6568040,6528402,6547061,6429050
946,31,1,1023,6727198,6699840,6578830,6622932,6555697,6607108,6602858,6575077,6658635,6551319,6647532,6588985,6506355,6614698,6587724,6520436,6555930,6515619,6534960,6416990
947,0,1,1023,6740381,6713593,6592240,6636194,6568894,6620613,6616674,6587896,6672436,6564939,6661863,6602309,6519606,6627742,6601609,6534797,6570161,6529342,6548762,6430810
948,31,1,1023,6726907,6700107,6578670,6623029,6555738,6606511,6602880,6575003,6658195,6551492,6647468,6588693,6506054,6614019,6588033,6520566,6556055,6515660,6534768,6416618
949,0,1,1023,6739841,6712847,6591362,6635663,6568449,6618942,6615542,6587969,6670953,6564438,6660838,6603119,6519503,6626767,6601077,6533804,6569759,6529513,6548112,6429396
950,31,1,1023,6726596,6699071,6578792,6623159,6555804,6606213,6602058,6574956,6657356,6551028,6647071,6589402,6506006,6613353,6587616,6520471,6555468,6515638,6534266,6416402
951,0,1,1023,6739344,6712589,6592009,6636917,6568796,6619735,6615810,6588008,6671641,6564491,6661925,6602729,6519013,6627643,6601087,6534439,6569164,6529400,6547934,6429857
952,31,1,1023,6727379,6700093,6578830,6623973,6555944,6608307,6604260,6575632,6658940,6551417,6648704,6590374,6505970,6615591,6588780,6521635,6556225,6517709,6535465,6417423
953,0,1,1023,6738754,6711667,6589936,6634363,6567533,6619860,6615512,6587848,6670973,6563055,6660834,6602492,6518107,6627111,6600452,6533476,6568938,6529943,6547167,6428643
954,31,1,1023,6727534,6699840,6578595,6622542,6555298,6607378,6603856,6575059,6658094,6550279,6648056,6590232,6506230,6614543,6587648,6520151,6555543,6516454,6534933,6416673
955,0,1,1023,6740348,6712965,6591938,6635641,6567847,6620560,6616354,6588269,6671269,6563458,6661017,6603070,6519441,6627532,6600635,6533858,6569140,6530099,6548056,6429540
956,31,1,1023,6727091,6699537,6578467,6623113,6554642,6607315,6602534,6574788,6657886,6550122,6648129,6589944,6506475,6614237,6587381,6520800,6555150,6516304,6535186,6416532
957,0,1,1023,6739574,6712140,6591375,6635838,6566844,6619494,6615781,6587312,6670961,6561926,6660683,6602247,6518922,6626855,6600689,6533394,6569162,6528795,6548494,6428476
958,31,1,1023,6727492,6699830,6579074,6623027,6554963,6607554,6603346,6575060,6658202,6549433,6648306,6589659,6506621,6614138,6587271,6520376,6556034,6516525,6535745,6416105
959,0,1,1023,6739622,6711313,6590423,6634739,6567172,6618820,6615470,6587188,6671256,6562550,6661093,6601904,6518082,6626024,6600189,6532826,6569396,6528631,6547980,6428509
960,31,1,1023,6727493,6698584,6578853,6623062,6555536,6606486,6603590,6574248,6658879,6550377,6648763,6589487,6505793,6613561,6587923,6520076,6556560,6516091,6535091,6416663
961,0,1,1023,6739891,6710980,6591055,6635147,6567597,6618507,6615303,6586940,6670833,6562592,6660878,6602031,6517947,6626684,6599751,6533264,6567781,6528365,6547676,6429262
962,31,1,1023,6727868,6700149,6579697,6623291,6556358,6607032,6603707,6575520,6658144,6550710,6648934,6589448,6505960,6614606,6587460,6521276,6555398,6516307,6535389,6416849
963,0,1,1023,6739969,6711955,6591089,6634904,6567722,6619226,6615498,6587654,6670380,6563564,6660639,6601946,6518645,6627017,6600032,6534198,6568727,6528453,6547798,6428701
964,31,1,1023,6727955,6699558,6579037,6623207,6555099,6607253,6603666,6575832,6658418,6551454,6648301,6589907,6506134,6614666,6587564,6521642,6556024,6515719,6535364,6416992
965,0,1,1023,6739894,6711222,6590628,6635030,6566977,6619349,6615934,6588349,6670645,6563633,6660026,6601927,6518369,6626930,6600367,6534184,6568378,6527781,6548251,6428474
966,31,1,1023,6727014,6698840,6577412,6622365,6554188,6606188,6602623,6574834,6657257,6550358,6646670,6588799,6505473,6613702,6586155,6520510,6554789,6515041,6534537,6415047
967,0,1,1023,6740436,6712542,6590660,6635726,6567564,6619571,6615649,6588438,6671150,6563903,6660952,6602619,6518865,6626304,6599821,6534261,6568554,6529002,6547968,6428593
968,31,1,1023,6728309,6700551,6578967,6623640,6555584,6607249,6603472,6576303,6659009,6551413,6647973,6590389,6507485,6613950,6587794,6521145,6555898,6515315,6535220,6416344
969,0,1,1023,6739325,6712449,6590317,6634871,6567461,6619320,6615779,6587889,6671349,6563218,6660841,6602544,6519190,6626273,6600074,6533276,6568159,6528320,6547946,6428561
970,31,1,1023,6727500,6701122,6578383,6623448,6556072,6607847,6603723,6576505,6659254,6551459,6648419,6590578,6507158,6615215,6588059,6520726,6555070,6516682,6535705,6417119
971,0,1,1023,6739345,6712337,6590248,6635564,6567500,6619654,6615443,6588031,6671075,6563270,6660668,6602449,6518634,6627647,6600023,6533574,6567962,6528292,6547714,6428293
972,31,1,1023,6726665,6698754,6577578,6622505,6554099,6605860,6602175,6574823,6657594,6549726,6646925,6588810,6505584,6614145,6587039,6519421,6554606,6515370,6533973,6414478
973,0,1,1023,6739063,6711135,6590003,6634604,6566351,6618331,6614845,6587734,6670504,6563130,6659939,6601764,6517888,6626749,6599568,6532858,6567897,6528298,6547060,6427258
974,31,1,1023,6727413,6699140,6578295,6623677,6554684,6606424,6602861,6575917,6658267,6550511,6647476,6589244,6506476,6614196,6587468,6520837,6554862,6516373,6534803,6416025
975,0,1,1023,6739232,6710777,6590199,6635341,6566728,6618700,6614324,6588089,6670412,6562842,6660631,6601346,6518522,6626188,6599811,6533529,6568699,6528933,6547045,6428661
976,31,1,1023,6727370,6698769,6578316,6623096,6554685,6606766,6602461,6575366,6658250,6550413,6647487,6588940,6506287,6614197,6586651,6520473,6555823,6516264,6534360,6416561
977,0,1,1023,6739626,6711954,6590538,6635401,6567102,6619146,6615491,6587323,6671026,6563513,6660751,6601666,6518759,6627108,6600285,6533152,6569157,6528992,6547924,6429145
978,31,1,1023,6726847,6699763,6578393,6623323,6554249,6606353,6603530,6575664,6658161,6550785,6647829,6589226,6506375,6614635,6587360,6520705,6556378,6516650,6535207,6416543
979,0,1,1023,6739618,6712964,6590408,6635623,6566859,6619023,6615595,6587721,6671054,6563545,6661187,6601950,6519230,6627494,6600839,6533638,6569499,6529323,6548295,6429394
980,31,1,1023,6727375,6700358,6578869,6623376,6554479,6607039,6602954,6575516,6658481,6550494,6647623,6588744,6506370,6613674,6587343,6520591,6555442,6516096,6535107,6416415
981,0,1,1023,6739961,6713019,6591381,6635685,6567310,6619417,6615947,6588355,6671460,6564014,6661206,6601924,6519227,6627259,6601141,6533858,6569653,6529577,6548727,6429859
982,31,1,1023,6726864,6699760,6578452,6622390,6554375,6606449,6602262,6575264,6658014,6550604,6647294,6588111,6505607,6614307,6587283,6520721,6556053,6515396,6535376,6416246
983,0,1,1023,6739922,6712211,6590462,6634662,6566431,6618329,6615129,6588261,6670650,6563954,6660125,6601449,6518782,6626728,6600246,6533065,6568372,6528097,6548115,6429445
984,31,1,1023,6727181,6700190,6578418,6623043,6554395,6606349,6602854,6576274,6657955,6550399,6647786,6589116,6506041,6615206,6587851,6521027,6555737,6515835,6535411,6417456
985,0,1,1023,6738432,6710821,6589387,6634867,6565493,6617601,6614385,6587426,6669528,6562766,6660194,6600707,6517715,6626675,6599988,6533062,6567884,6527393,6547514,6428611
986,31,1,1023,6726094,6698935,6577693,6623001,6553514,6605528,6601690,6575358,6657691,6550601,6647641,6588540,6506028,6614343,6587027,6519918,6555193,6515122,6534756,6416882
987,0,1,1023,6738625,6710786,6589941,6635070,6566239,6617647,6614162,6587556,6670696,6562992,6660050,6601385,6519545,6627430,6600261,6532667,6567591,6527980,6547780,6429421
988,31,1,1023,6727127,6699610,6578100,6623275,6554156,6605484,6601349,6576014,6658274,6551484,6646997,6589182,6506983,6614162,6587109,6520332,6555113,6515736,6535354,6416808
989,0,1,1023,6738394,6711712,6589422,6634757,6565801,6617120,6614088,6587789,6670173,6563559,6659897,6600914,6518318,6625979,6599275,6532264,6568135,6527951,6547001,6428165
990,31,1,1023,6726122,6699187,6577875,6623027,6553920,6605288,6602423,6575077,6658189,6550538,6646805,6588899,6505860,6613988,6586980,6520502,6555255,6515421,6534823,6415727
991,0,1,1023,6738265,6711782,6589984,6635109,6566203,6617756,6614777,6587661,6670505,6563804,6660003,6601371,6518396,6625911,6600371,6533632,6568124,6528283,6547693,6428118
992,31,1,1023,6725271,6699202,6577071,6622722,6553409,6605142,6602360,6575157,6658048,6550441,6646620,6588346,6505493,6612532,6586915,6520076,6554291,6514335,6534593,6415320
993,0,1,1023,6738605,6711526,6590173,6635363,6566245,6617897,6614846,6587677,6670894,6563215,6659929,6601617,6517283,6625883,6600050,6533894,6567860,6528285,6547851,6428914
994,31,1,1023,6725877,6699494,6578534,6623138,6553904,6605609,6602286,6575024,6658219,6550488,6647069,6589086,6505216,6613993,6587035,6521011,6554459,6515584,6535399,6416753
995,0,1,1023,6738533,6712114,6590634,6635998,6566751,6618074,6615774,6587701,6672081,6563781,6660767,6602138,6517956,6626372,6600156,6534565,6568388,6528345,6548186,6429080
996,31,1,1023,6726451,6699341,6577741,6623696,6554185,6605372,6602853,6575229,6658449,6549547,6647323,6588602,6505010,6613203,6587548,6520304,6556044,6515089,6534499,6416049
997,0,1,1023,6739396,6712299,6591176,6636749,6567310,6618988,6616196,6588350,6671608,6563047,6661292,6602655,6517976,6627809,6600557,6534317,6569594,6529074,6548606,6429660
998,31,1,1023,6726609,6699176,6578152,6623467,6554007,6605434,6602870,6574592,6657734,6549636,6647232,6588622,6504762,6613889,6586407,6520495,6555677,6516087,6535289,6415860
999,0,1,1023,6738947,6711667,6590377,6635773,6566114,6617924,6615625,6587337,6670927,6562086,6660437,6601216,6516619,6625641,6599910,6533085,6568312,6529093,6548011,6428627
