rep,heat_enabled,transmitter_bit,transmitter_mask,ctrl_0_ro_0,ctrl_0_ro_1,ctrl_0_ro_2,ctrl_0_ro_3,ctrl_0_ro_4,ctrl_1_ro_0,ctrl_1_ro_1,ctrl_1_ro_2,ctrl_1_ro_3,ctrl_1_ro_4,ctrl_2_ro_0,ctrl_2_ro_1,ctrl_2_ro_2,ctrl_2_ro_3,ctrl_2_ro_4,ctrl_3_ro_0,ctrl_3_ro_1,ctrl_3_ro_2,ctrl_3_ro_3,ctrl_3_ro_4
0,1,0,4,76772,76308,75575,75537,76149,69471,68283,68828,68453,68308,77022,76356,75805,76260,75877,65977,65225,65405,65890,65305
1,0,0,4,77356,76891,76137,76106,76736,69926,68749,69281,68910,68764,77604,76941,76389,76853,76450,66432,65671,65862,66347,65747
2,1,0,4,76780,76309,75573,75541,76159,69457,68287,68815,68447,68303,77028,76356,75799,76265,75866,65968,65212,65408,65900,65299
3,0,0,4,77346,76877,76121,76088,76726,69908,68731,69265,68900,68750,77601,76922,76372,76828,76429,66409,65668,65849,66349,65748
4,1,0,4,76795,76323,75583,75542,76174,69459,68299,68816,68463,68313,77032,76369,75816,76279,75879,65978,65234,65413,65920,65312
5,0,0,4,77371,76901,76161,76103,76747,69925,68753,69279,68923,68770,77623,76935,76395,76840,76456,66424,65683,65869,66369,65773
6,1,0,4,76792,76332,75588,75541,76169,69463,68306,68823,68469,68310,77036,76367,75810,76273,75882,65970,65229,65418,65928,65313
7,0,0,4,77339,76889,76127,76095,76729,69904,68746,69259,68899,68752,77603,76925,76369,76829,76431,66409,65647,65851,66360,65743
8,1,0,4,76792,76335,75590,75556,76184,69477,68317,68823,68468,68326,77053,76377,75814,76269,75892,65974,65225,65422,65923,65315
9,0,0,4,77351,76887,76124,76093,76716,69913,68752,69269,68907,68758,77613,76925,76376,76832,76442,66408,65665,65853,66355,65750
10,1,0,4,76779,76321,75563,75539,76142,69461,68292,68817,68462,68307,77036,76358,75803,76265,75859,65955,65211,65408,65903,65298
11,0,0,4,77366,76890,76119,76095,76732,69928,68761,69288,68925,68778,77625,76947,76394,76840,76435,66419,65665,65859,66369,65763
12,1,0,4,76772,76313,75549,75516,76149,69453,68284,68813,68459,68296,77029,76350,75800,76246,75846,65959,65201,65395,65897,65300
13,0,0,4,77353,76888,76108,76085,76730,69912,68743,69284,68924,68752,77602,76927,76384,76824,76423,66413,65660,65858,66354,65751
14,1,0,4,76780,76322,75561,75539,76168,69465,68306,68821,68471,68317,77032,76363,75811,76266,75869,65972,65226,65420,65918,65308
15,0,0,4,77354,76881,76113,76095,76738,69921,68751,69276,68919,68770,77599,76927,76376,76830,76423,66409,65657,65857,66357,65752
16,1,0,4,76780,76319,75546,75543,76171,69469,68307,68825,68486,68325,77024,76363,75806,76272,75865,65971,65225,65420,65918,65322
17,0,0,4,77350,76895,76111,76105,76739,69939,68764,69285,68941,68778,77602,76924,76388,76850,76449,66420,65668,65866,66368,65765
18,1,0,4,76783,76325,75556,75544,76186,69485,68313,68831,68469,68327,77043,76361,75823,76289,75883,65973,65219,65421,65922,65315
19,0,0,4,77344,76877,76109,76092,76732,69934,68753,69283,68915,68772,77614,76920,76376,76841,76433,66411,65663,65850,66363,65754
20,1,0,4,76779,76312,75557,75544,76171,69477,68305,68828,68472,68322,77032,76357,75807,76275,75872,65969,65220,65404,65918,65313
21,0,0,4,77332,76880,76100,76090,76721,69903,68741,69281,68911,68749,77589,76916,76361,76824,76436,66399,65648,65836,66350,65739
22,1,0,4,76777,76329,75557,75550,76180,69473,68317,68839,68482,68316,77044,76356,75803,76280,75878,65975,65227,65411,65920,65313
23,0,0,4,77344,76891,76126,76105,76744,69931,68758,69302,68932,68769,77617,76927,76372,76861,76445,66423,65675,65857,66369,65758
24,1,0,4,76787,76310,75564,75552,76185,69480,68308,68846,68476,68328,77036,76362,75796,76283,75877,65982,65232,65414,65924,65311
25,0,0,4,77349,76880,76112,76102,76754,69933,68755,69300,68917,68775,77602,76927,76365,76848,76443,66425,65667,65863,66374,65757
26,1,0,4,76786,76313,75560,75541,76182,69480,68303,68845,68475,68324,77033,76355,75799,76284,75884,65977,65221,65414,65925,65313
27,0,0,4,77356,76878,76122,76096,76748,69928,68751,69303,68919,68773,77610,76916,76365,76849,76440,66424,65659,65865,66369,65771
28,1,0,4,76785,76312,75568,75528,76182,69465,68290,68834,68463,68305,77024,76345,75792,76283,75871,65972,65220,65410,65909,65317
29,0,0,4,77362,76900,76133,76096,76752,69924,68751,69301,68933,68766,77612,76933,76374,76857,76450,66421,65671,65865,66372,65764
30,1,0,4,76792,76332,75579,75545,76182,69473,68293,68842,68468,68320,77031,76358,75806,76293,75880,65980,65222,65425,65922,65313
31,0,0,4,77354,76901,76133,76099,76745,69927,68750,69301,68925,68761,77607,76925,76377,76859,76440,66426,65672,65867,66357,65764
32,1,0,4,76780,76328,75574,75553,76177,69476,68306,68844,68468,68327,77039,76367,75806,76292,75884,65983,65237,65430,65917,65329
33,0,0,4,77350,76893,76124,76109,76731,69927,68748,69298,68920,68776,77612,76924,76374,76860,76440,66420,65670,65865,66353,65773
34,1,0,4,76779,76325,75573,75559,76173,69477,68312,68841,68469,68336,77036,76366,75800,76294,75879,65984,65220,65424,65895,65325
35,0,0,4,77337,76881,76110,76099,76725,69915,68749,69282,68904,68774,77581,76913,76350,76836,76424,66410,65652,65852,66326,65758
36,1,0,4,76783,76334,75578,75563,76185,69471,68314,68835,68473,68339,77034,76362,75801,76293,75894,65988,65225,65424,65899,65322
37,0,0,4,77340,76892,76121,76105,76737,69922,68749,69290,68912,68768,77594,76921,76364,76851,76453,66406,65658,65854,66336,65754
38,1,0,4,76776,76317,75561,75546,76170,69464,68292,68837,68467,68329,77031,76354,75800,76293,75885,65971,65217,65414,65900,65308
39,0,0,4,77349,76895,76124,76103,76742,69925,68750,69305,68927,68782,77609,76929,76384,76860,76447,66430,65666,65873,66353,65755
40,1,0,4,76797,76329,75578,75568,76188,69491,68307,68865,68487,68337,77049,76378,75820,76313,75904,65995,65239,65445,65925,65334
41,0,0,4,77345,76872,76112,76102,76727,69918,68745,69297,68918,68768,77599,76921,76372,76857,76443,66410,65661,65862,66355,65758
42,1,0,4,76812,76339,75598,75580,76199,69493,68322,68864,68501,68340,77062,76383,75831,76316,75912,66002,65242,65447,65930,65338
43,0,0,4,77357,76882,76132,76119,76737,69919,68747,69295,68922,68773,77602,76920,76382,76849,76449,66423,65665,65868,66347,65750
44,1,0,4,76795,76334,75581,75572,76190,69477,68303,68845,68474,68338,77046,76366,75814,76296,75893,65981,65228,65430,65910,65314
45,0,0,4,77366,76906,76130,76121,76758,69930,68750,69292,68933,68782,77620,76943,76382,76869,76460,66430,65673,65878,66356,65765
46,1,0,4,76785,76331,75569,75559,76182,69467,68299,68829,68471,68326,77041,76357,75807,76288,75889,65986,65222,65420,65913,65315
47,0,0,4,77345,76880,76116,76088,76738,69915,68741,69278,68910,68766,77596,76911,76367,76851,76445,66420,65652,65862,66345,65748
48,1,0,4,76781,76331,75576,75544,76180,69470,68303,68829,68471,68331,77025,76358,75806,76286,75891,65983,65216,65421,65900,65313
49,0,0,4,77358,76907,76137,76108,76755,69929,68760,69294,68921,68781,77611,76935,76385,76866,76463,66434,65672,65879,66357,65765
50,1,0,4,76772,76328,75567,75550,76190,69470,68308,68826,68453,68325,77011,76357,75822,76287,75887,65979,65221,65422,65903,65313
51,0,0,4,77340,76886,76101,76090,76739,69916,68744,69285,68911,68773,77581,76912,76372,76852,76437,66415,65660,65851,66344,65757
52,1,0,4,76789,76329,75556,75553,76182,69470,68315,68834,68465,68335,77028,76364,75802,76297,75888,65974,65228,65419,65906,65316
53,0,0,4,77351,76886,76108,76106,76734,69911,68747,69277,68913,68784,77593,76916,76367,76850,76435,66403,65662,65862,66346,65744
54,1,0,4,76790,76335,75569,75564,76183,69471,68303,68834,68467,68340,77036,76361,75806,76294,75882,65971,65227,65430,65910,65311
55,0,0,4,77356,76891,76125,76118,76745,69927,68754,69297,68918,68800,77603,76929,76379,76856,76436,66419,65665,65866,66358,65763
56,1,0,4,76800,76331,75574,75571,76189,69481,68294,68851,68479,68348,77039,76365,75815,76304,75890,65978,65231,65435,65926,65317
57,0,0,4,77347,76883,76117,76108,76734,69916,68744,69296,68912,68786,77601,76919,76377,76857,76435,66412,65663,65861,66358,65752
58,1,0,4,76786,76316,75570,75562,76171,69476,68308,68840,68470,68347,77024,76349,75812,76287,75884,65982,65217,65430,65915,65323
59,0,0,4,77360,76889,76125,76125,76730,69928,68752,69291,68918,68787,77599,76929,76385,76860,76434,66424,65663,65876,66354,65764
60,1,0,4,76795,76325,75567,75557,76177,69474,68307,68833,68469,68338,77030,76365,75817,76300,75880,65977,65223,65426,65915,65313
61,0,0,4,77359,76901,76126,76117,76738,69927,68753,69291,68916,68791,77602,76925,76386,76869,76444,66419,65660,65871,66364,65770
62,1,0,4,76797,76330,75569,75578,76174,69480,68302,68843,68477,68347,77046,76356,75834,76301,75894,65982,65225,65429,65926,65322
63,0,0,4,77362,76897,76128,76137,76741,69942,68752,69295,68928,68786,77613,76930,76403,76868,76449,66421,65672,65881,66366,65771
64,1,0,4,76788,76329,75572,75568,76177,69480,68299,68832,68474,68337,77037,76359,75823,76306,75883,65971,65227,65429,65911,65322
65,0,0,4,77354,76902,76131,76117,76739,69938,68758,69288,68934,68788,77608,76919,76400,76866,76455,66423,65671,65885,66367,65769
66,1,0,4,76796,76347,75585,75573,76181,69493,68316,68840,68484,68336,77043,76359,75837,76316,75901,65986,65233,65455,65927,65329
67,0,0,4,77361,76912,76133,76124,76744,69943,68758,69296,68929,68788,77614,76930,76400,76873,76465,66424,65671,65884,66373,65770
68,1,0,4,76779,76333,75564,75555,76169,69459,68294,68830,68466,68327,77020,76356,75805,76300,75888,65967,65222,65433,65917,65324
69,0,0,4,77363,76903,76128,76114,76737,69926,68761,69298,68924,68790,77606,76929,76389,76881,76462,66422,65666,65878,66371,65772
70,1,0,4,76788,76342,75569,75561,76175,69484,68322,68840,68475,68344,77033,76365,75822,76306,75907,65984,65237,65438,65925,65333
71,0,0,4,77353,76898,76119,76105,76734,69921,68755,69288,68917,68786,77600,76924,76391,76862,76451,66415,65668,65871,66358,65769
72,1,0,4,76791,76330,75561,75555,76176,69472,68312,68831,68476,68334,77032,76359,75813,76303,75886,65974,65227,65429,65914,65322
73,0,0,4,77363,76899,76119,76107,76734,69933,68760,69282,68918,68783,77602,76924,76380,76868,76448,66426,65674,65872,66346,65773
74,1,0,4,76793,76341,75571,75547,76172,69488,68308,68827,68470,68337,77034,76358,75825,76309,75886,65979,65236,65439,65897,65329
75,0,0,4,77366,76908,76132,76108,76736,69943,68764,69290,68929,68793,77608,76938,76398,76879,76451,66422,65691,65878,66355,65783
76,1,0,4,76781,76329,75559,75534,76158,69478,68303,68823,68473,68330,77013,76345,75801,76299,75874,65965,65228,65430,65908,65328
77,0,0,4,77361,76902,76121,76104,76739,69930,68766,69290,68932,68786,77606,76926,76397,76873,76451,66415,65688,65881,66358,65781
78,1,0,4,76785,76341,75571,75550,76170,69482,68312,68831,68476,68338,77034,76350,75818,76307,75890,65968,65238,65430,65905,65340
79,0,0,4,77361,76909,76125,76116,76737,69953,68758,69298,68928,68802,77605,76934,76397,76882,76450,66422,65679,65887,66362,65781
80,1,0,4,76798,76353,75587,75561,76185,69506,68324,68850,68482,68367,77044,76367,75838,76315,75891,66000,65248,65452,65929,65341
81,0,0,4,77364,76918,76127,76107,76747,69953,68767,69298,68922,68805,77611,76924,76408,76873,76456,66431,65680,65894,66371,65777
82,1,0,4,76799,76355,75575,75571,76194,69506,68322,68850,68488,68357,77061,76364,75834,76325,75901,66002,65238,65458,65938,65335
83,0,0,4,77366,76919,76133,76126,76752,69959,68774,69309,68944,68818,77629,76948,76404,76881,76472,66447,65681,65903,66384,65787
84,1,0,4,76777,76343,75561,75559,76178,69495,68312,68843,68479,68361,77041,76359,75829,76299,75896,65993,65231,65448,65924,65338
85,0,0,4,77359,76903,76133,76112,76744,69947,68770,69300,68928,68810,77628,76939,76403,76867,76452,66438,65668,65894,66374,65784
86,1,0,4,76807,76351,75577,75569,76183,69506,68327,68851,68486,68364,77070,76377,75831,76308,75894,66008,65241,65448,65935,65350
87,0,0,4,77373,76914,76129,76125,76747,69946,68768,69303,68936,68808,77628,76934,76400,76885,76459,66446,65673,65898,66381,65795
88,1,0,4,76810,76342,75567,75575,76180,69499,68328,68845,68494,68368,77061,76371,75828,76317,75902,65995,65230,65454,65930,65350
89,0,0,4,77369,76901,76111,76127,76739,69942,68766,69298,68940,68804,77620,76924,76398,76874,76457,66425,65680,65894,66369,65783
90,1,0,4,76796,76347,75570,75567,76183,69493,68324,68838,68489,68362,77057,76372,75833,76317,75902,66003,65235,65453,65933,65351
91,0,0,4,77373,76920,76129,76133,76755,69946,68782,69292,68940,68812,77632,76943,76403,76882,76470,66438,65676,65895,66380,65793
92,1,0,4,76804,76347,75567,75562,76182,69501,68332,68826,68483,68356,77063,76370,75834,76309,75911,65991,65226,65445,65927,65347
93,0,0,4,77359,76890,76099,76094,76718,69926,68754,69272,68913,68783,77595,76906,76382,76850,76438,66418,65661,65867,66363,65758
94,1,0,4,76798,76351,75555,75552,76175,69485,68322,68834,68472,68349,77044,76360,75838,76312,75888,65988,65235,65443,65930,65320
95,0,0,4,77350,76898,76111,76093,76732,69928,68755,69279,68919,68790,77603,76913,76393,76869,76435,66419,65666,65864,66353,65761
96,1,0,4,76802,76346,75583,75565,76185,69503,68324,68844,68488,68358,77034,76373,75858,76316,75912,65993,65246,65441,65931,65331
97,0,0,4,77360,76908,76123,76105,76730,69930,68768,69293,68928,68805,77602,76935,76412,76878,76465,66418,65670,65871,66365,65763
98,1,0,4,76772,76330,75551,75550,76142,69466,68303,68824,68465,68346,77005,76358,75829,76294,75878,65964,65213,65425,65899,65315
99,0,0,4,77372,76914,76129,76121,76723,69939,68760,69296,68933,68806,77602,76943,76414,76887,76456,66425,65672,65883,66366,65773
100,1,0,4,76798,76339,75568,75555,76168,69482,68313,68834,68479,68359,77032,76368,75834,76316,75877,65979,65236,65440,65915,65325
101,0,0,4,77370,76904,76139,76108,76740,69936,68762,69280,68930,68809,77611,76937,76411,76888,76457,66425,65675,65886,66362,65778
102,1,0,4,76800,76336,75572,75540,76178,69483,68320,68825,68483,68343,77043,76372,75827,76313,75897,65977,65237,65450,65911,65338
103,0,0,4,77375,76907,76135,76098,76731,69931,68764,69291,68930,68795,77616,76938,76404,76872,76450,66423,65682,65888,66365,65779
104,1,0,4,76812,76353,75583,75557,76170,69487,68326,68833,68474,68343,77040,76373,75846,76313,75892,65983,65242,65455,65909,65335
105,0,0,4,77372,76899,76120,76092,76729,69932,68765,69284,68912,68780,77595,76924,76400,76862,76436,66412,65675,65884,66345,65756
106,1,0,4,76795,76337,75571,75543,76181,69483,68314,68834,68471,68339,77030,76366,75846,76296,75884,65980,65243,65451,65910,65315
107,0,0,4,77377,76895,76138,76094,76736,69937,68768,69292,68918,68792,77611,76941,76395,76864,76446,66427,65679,65902,66353,65770
108,1,0,4,76784,76320,75572,75530,76162,69473,68303,68830,68439,68330,77029,76361,75817,76275,75869,65965,65218,65436,65911,65321
109,0,0,4,77361,76889,76125,76095,76720,69929,68751,69290,68894,68776,77604,76929,76392,76861,76434,66416,65665,65884,66353,65766
110,1,0,4,76793,76343,75586,75552,76166,69488,68319,68841,68458,68335,77045,76369,75837,76305,75888,65978,65238,65453,65924,65333
111,0,0,4,77358,76909,76130,76082,76729,69927,68756,69287,68908,68773,77617,76929,76402,76858,76442,66421,65678,65896,66365,65779
112,1,0,4,76794,76355,75577,75540,76184,69486,68321,68846,68477,68338,77064,76370,75843,76308,75890,65991,65248,65461,65924,65340
113,0,0,4,77347,76901,76118,76095,76730,69928,68753,69284,68910,68777,77622,76923,76402,76857,76437,66417,65671,65888,66367,65767
114,1,0,4,76797,76351,75583,75563,76191,69494,68322,68842,68475,68345,77066,76368,75844,76312,75898,65990,65245,65459,65932,65328
115,0,0,4,77364,76900,76138,76105,76747,69941,68767,69296,68903,68780,77632,76932,76412,76874,76447,66427,65679,65891,66366,65775
116,1,0,4,76791,76343,75582,75557,76186,69489,68323,68840,68464,68341,77052,76374,75834,76302,75890,65986,65245,65452,65926,65330
117,0,0,4,77364,76913,76138,76107,76743,69938,68772,69298,68913,68796,77627,76940,76412,76872,76453,66431,65691,65895,66368,65777
118,1,0,4,76791,76332,75564,75540,76171,69478,68313,68832,68450,68333,77043,76365,75837,76295,75878,65971,65226,65443,65908,65327
119,0,0,4,77368,76897,76114,76090,76735,69930,68761,69293,68885,68781,77613,76920,76404,76860,76437,66410,65672,65894,66356,65766
120,1,0,4,76800,76347,75567,75547,76190,69486,68326,68841,68457,68349,77057,76364,75827,76310,75896,65976,65234,65451,65921,65333
121,0,0,4,77347,76899,76117,76089,76726,69927,68757,69281,68899,68785,77615,76921,76382,76866,76441,66414,65663,65888,66360,65767
122,1,0,4,76794,76350,75583,75547,76176,69494,68327,68837,68461,68347,77058,76362,75830,76306,75895,65978,65241,65453,65925,65334
123,0,0,4,77376,76917,76144,76122,76759,69952,68781,69307,68914,68804,77632,76958,76423,76888,76467,66430,65689,65905,66380,65791
124,1,0,4,76800,76348,75582,75562,76181,69490,68324,68846,68460,68339,77048,76368,75843,76310,75900,65978,65238,65444,65928,65340
125,0,0,4,77354,76892,76122,76094,76721,69919,68750,69283,68887,68773,77587,76909,76393,76858,76444,66406,65666,65879,66359,65765
126,1,0,4,76791,76317,75563,75547,76174,69470,68302,68827,68449,68325,77019,76348,75826,76299,75874,65961,65233,65441,65915,65312
127,0,0,4,77345,76891,76096,76091,76719,69920,68750,69279,68903,68772,77582,76903,76392,76853,76422,66406,65659,65880,66354,65753
128,1,0,4,76794,76354,75578,75558,76172,69488,68322,68849,68471,68342,77033,76372,75857,76309,75895,65981,65241,65456,65939,65327
129,0,0,4,77355,76895,76118,76090,76724,69924,68749,69283,68903,68773,77591,76918,76399,76858,76438,66404,65667,65874,66362,65757
130,1,0,4,76788,76343,75574,75548,76174,69489,68309,68830,68469,68337,77038,76358,75837,76301,75877,65976,65237,65431,65934,65321
131,0,0,4,77343,76904,76125,76082,76728,69932,68760,69277,68905,68773,77597,76918,76399,76860,76439,66399,65668,65859,66364,65755
132,1,0,4,76778,76340,75567,75536,76166,69478,68305,68818,68450,68328,77028,76349,75820,76297,75878,65957,65233,65417,65912,65311
133,0,0,4,77366,76913,76140,76094,76746,69942,68765,69294,68918,68794,77606,76928,76409,76878,76445,66415,65687,65878,66369,65763
134,1,0,4,76796,76348,75591,75550,76174,69490,68319,68838,68469,68340,77042,76367,75831,76310,75885,65970,65246,65445,65939,65322
135,0,0,4,77357,76898,76131,76094,76727,69926,68758,69287,68909,68777,77601,76918,76394,76857,76438,66409,65677,65883,66373,65764
136,1,0,4,76810,76346,75595,75558,76187,69485,68325,68851,68471,68341,77045,76377,75835,76312,75900,65977,65245,65456,65942,65330
137,0,0,4,77362,76908,76140,76099,76738,69942,68775,69288,68923,68789,77608,76940,76406,76877,76462,66413,65678,65889,66382,65769
138,1,0,4,76789,76345,75581,75548,76167,69489,68331,68827,68465,68350,77044,76361,75831,76307,75895,65978,65237,65453,65937,65322
139,0,0,4,77352,76896,76128,76085,76732,69931,68773,69264,68909,68789,77615,76919,76407,76865,76445,66407,65670,65887,66370,65765
140,1,0,4,76784,76344,75580,75548,76176,69489,68327,68821,68460,68349,77062,76361,75841,76306,75891,65971,65243,65456,65929,65332
141,0,0,4,77360,76906,76133,76115,76740,69936,68774,69286,68920,68796,77636,76930,76423,76876,76450,66417,65686,65886,66366,65767
142,1,0,4,76795,76345,75581,75552,76180,69494,68321,68835,68466,68345,77059,76360,75850,76306,75889,65984,65248,65449,65930,65324
143,0,0,4,77350,76912,76126,76094,76731,69941,68754,69275,68903,68776,77622,76906,76410,76861,76430,66407,65677,65880,66368,65754
144,1,0,4,76792,76357,75582,75552,76180,69487,68317,68819,68461,68348,77045,76348,75838,76304,75887,65974,65248,65445,65928,65319
145,0,0,4,77363,76920,76133,76108,76740,69939,68762,69288,68905,68795,77612,76918,76404,76872,76453,66423,65693,65900,66380,65761
146,1,0,4,76793,76352,75585,75549,76178,69486,68318,68832,68469,68343,77043,76349,75834,76301,75887,65978,65242,65447,65929,65314
147,0,0,4,77347,76898,76119,76081,76721,69915,68742,69269,68905,68771,77595,76902,76378,76851,76429,66403,65669,65876,66349,65746
148,1,0,4,76791,76357,75586,75552,76180,69488,68312,68823,68473,68350,77040,76359,75832,76307,75893,65966,65233,65450,65908,65326
149,0,0,4,77353,76903,76114,76091,76724,69930,68752,69271,68911,68789,77602,76907,76393,76861,76446,66403,65668,65883,66341,65755
150,1,0,4,76798,76348,75576,75545,76170,69476,68307,68829,68475,68351,77046,76349,75835,76299,75889,65961,65226,65440,65909,65316
151,0,0,4,77365,76908,76140,76116,76746,69937,68758,69281,68927,68807,77615,76930,76400,76871,76458,66411,65675,65890,66368,65766
152,1,0,4,76782,76344,75573,75545,76167,69471,68310,68815,68466,68335,77039,76354,75830,76303,75890,65958,65225,65442,65906,65304
153,0,0,4,77347,76904,76119,76089,76727,69923,68752,69269,68914,68788,77613,76910,76397,76853,76443,66392,65670,65876,66344,65754
154,1,0,4,76781,76341,75570,75546,76173,69476,68304,68820,68466,68340,77047,76353,75819,76291,75886,65958,65220,65436,65907,65313
155,0,0,4,77343,76896,76114,76089,76730,69914,68743,69270,68905,68789,77610,76902,76382,76859,76440,66395,65660,65877,66346,65754
156,1,0,4,76774,76331,75562,75532,76157,69468,68301,68813,68458,68327,77038,76349,75810,76284,75870,65949,65223,65439,65904,65303
157,0,0,4,77349,76900,76112,76093,76723,69921,68757,69266,68904,68774,77597,76917,76385,76854,76444,66402,65661,65876,66352,65753
158,1,0,4,76785,76348,75555,75541,76163,69468,68314,68816,68456,68331,77036,76350,75821,76293,75886,65964,65216,65432,65916,65315
159,0,0,4,77359,76913,76118,76096,76733,69925,68759,69271,68910,68781,77606,76921,76410,76862,76446,66404,65654,65877,66365,65761
160,1,0,4,76800,76362,75573,75544,76187,69487,68318,68833,68476,68351,77040,76360,75847,76303,75900,65970,65236,65440,65920,65329
161,0,0,4,77370,76943,76139,76115,76753,69947,68773,69300,68936,68802,77631,76943,76426,76880,76475,66433,65686,65893,66378,65779
162,1,0,4,76786,76359,75570,75545,76168,69475,68310,68834,68473,68337,77042,76360,75824,76301,75900,65981,65233,65440,65925,65332
163,0,0,4,77361,76929,76120,76109,76738,69929,68760,69294,68934,68802,77607,76925,76404,76875,76468,66434,65681,65897,66383,65778
164,1,0,4,76788,76360,75594,75557,76175,69487,68309,68849,68457,68317,77057,76371,75834,76285,75893,65983,65238,65435,65916,65331
165,0,0,4,77360,76939,76165,76121,76761,69940,68768,69310,68920,68780,77635,76951,76412,76862,76465,66434,65691,65882,66363,65784
166,1,0,4,76753,76352,75563,75535,76153,69491,68271,68813,68452,68325,77051,76351,75804,76283,75892,65955,65217,65422,65894,65316
167,0,0,4,77339,76919,76126,76102,76720,69943,68741,69270,68907,68767,77626,76928,76371,76856,76442,66407,65666,65854,66344,65764
168,1,0,4,76769,76353,75589,75552,76158,69490,68297,68827,68465,68326,77050,76352,75819,76292,75881,65961,65231,65423,65894,65303
169,0,0,4,77357,76940,76143,76117,76749,69938,68753,69286,68920,68785,77620,76922,76399,76872,76454,66422,65685,65871,66349,65769
170,1,0,4,76770,76345,75583,75565,76167,69478,68295,68825,68446,68316,77044,76338,75813,76273,75902,65971,65223,65418,65892,65317
171,0,0,4,77345,76913,76145,76100,76730,69924,68749,69276,68903,68767,77599,76908,76383,76847,76451,66404,65670,65865,66338,65768
172,1,0,4,76777,76355,75578,75559,76178,69489,68291,68834,68449,68324,77072,76357,75815,76279,75884,65966,65250,65455,65894,65316
173,0,0,4,77365,76936,76152,76125,76759,69951,68759,69292,68912,68793,77643,76946,76407,76866,76455,66424,65702,65900,66344,65776
174,1,0,4,76784,76360,75572,75572,76164,69489,68302,68854,68448,68335,77085,76378,75827,76292,75896,65981,65253,65443,65899,65326
175,0,0,4,77354,76920,76127,76121,76727,69929,68751,69300,68904,68771,77644,76942,76395,76853,76463,66416,65690,65879,66340,65772
176,1,0,4,76766,76344,75568,75555,76168,69477,68295,68825,68435,68321,77062,76372,75828,76297,75892,65980,65230,65461,65901,65332
177,0,0,4,77353,76906,76125,76119,76742,69945,68748,69285,68890,68782,77637,76942,76401,76870,76451,66423,65671,65900,66343,65781
178,1,0,4,76789,76356,75593,75573,76169,69472,68284,68837,68450,68328,77054,76379,75837,76297,75903,65991,65233,65450,65914,65328
179,0,0,4,77375,76916,76165,76136,76746,69942,68755,69290,68912,68803,77636,76959,76420,76870,76482,66454,65686,65901,66363,65778
180,1,0,4,76777,76352,75578,75569,76165,69498,68296,68822,68457,68328,77059,76363,75829,76282,75887,66005,65240,65470,65916,65339
181,0,0,4,77374,76923,76139,76129,76752,69953,68760,69286,68925,68792,77635,76937,76415,76868,76479,66466,65698,65917,66363,65783
182,1,0,4,76754,76335,75561,75553,76155,69472,68266,68828,68426,68307,77036,76350,75812,76275,75887,65977,65212,65429,65881,65309
183,0,0,4,77349,76907,76135,76116,76737,69928,68725,69295,68896,68772,77614,76933,76400,76855,76463,66431,65665,65885,66333,65753
184,1,0,4,76769,76353,75567,75553,76146,69476,68274,68813,68442,68316,77041,76352,75810,76275,75903,65985,65216,65428,65884,65326
185,0,0,4,77345,76939,76142,76124,76720,69929,68733,69286,68900,68787,77625,76936,76394,76862,76467,66457,65674,65888,66346,65772
186,1,0,4,76780,76349,75576,75560,76149,69497,68280,68831,68453,68330,77062,76354,75815,76285,75897,65992,65222,65432,65898,65319
187,0,0,4,77349,76917,76132,76115,76713,69938,68723,69275,68904,68768,77605,76916,76384,76851,76451,66429,65663,65879,66342,65757
188,1,0,4,76784,76368,75585,75568,76160,69495,68285,68844,68464,68333,77064,76370,75809,76299,75911,66016,65232,65447,65906,65326
189,0,0,4,77365,76934,76141,76118,76737,69952,68745,69301,68923,68789,77632,76965,76387,76871,76470,66458,65678,65890,66373,65774
190,1,0,4,76781,76358,75583,75558,76150,69478,68282,68823,68464,68325,77072,76353,75818,76286,75894,66000,65222,65441,65899,65334
191,0,0,4,77389,76943,76150,76141,76741,69941,68752,69304,68924,68796,77651,76938,76401,76870,76478,66453,65687,65899,66358,65786
192,1,0,4,76777,76360,75575,75568,76160,69487,68290,68829,68449,68327,77066,76345,75816,76288,75902,66001,65224,65439,65907,65318
193,0,0,4,77373,76942,76146,76131,76748,69947,68749,69292,68915,68799,77653,76940,76400,76873,76473,66444,65672,65893,66367,65763
194,1,0,4,76787,76369,75575,75539,76152,69469,68271,68822,68434,68327,77048,76354,75805,76301,75911,65987,65215,65420,65877,65299
195,0,0,4,77362,76949,76132,76101,76737,69919,68736,69286,68907,68784,77624,76935,76379,76873,76480,66433,65664,65864,66319,65741
196,1,0,4,76775,76353,75577,75542,76170,69475,68282,68829,68441,68328,77054,76351,75819,76289,75914,65994,65213,65419,65885,65310
197,0,0,4,77363,76928,76143,76123,76750,69923,68740,69281,68916,68799,77637,76930,76399,76868,76478,66448,65674,65880,66347,65752
198,1,0,4,76751,76341,75545,75535,76150,69460,68264,68805,68445,68309,77035,76343,75789,76277,75892,65969,65205,65393,65853,65297
199,0,0,4,77353,76920,76122,76104,76735,69923,68734,69282,68919,68775,77625,76931,76375,76871,76489,66432,65653,65859,66331,65759
200,1,0,4,76782,76349,75544,75549,76164,69475,68267,68812,68461,68317,77044,76344,75800,76277,75888,65987,65208,65411,65868,65316
201,0,0,4,77384,76925,76116,76117,76751,69947,68736,69281,68937,68789,77628,76923,76394,76854,76463,66433,65668,65875,66318,65764
202,1,0,4,76764,76343,75556,75554,76161,69482,68277,68820,68448,68309,77033,76350,75784,76276,75889,65973,65215,65413,65877,65314
203,0,0,4,77346,76925,76116,76117,76740,69933,68733,69274,68909,68775,77596,76920,76381,76858,76457,66417,65667,65860,66345,65763
204,1,0,4,76783,76353,75565,75564,76185,69479,68285,68828,68462,68333,77040,76360,75816,76296,75913,65974,65215,65435,65912,65306
205,0,0,4,77358,76912,76125,76119,76746,69928,68736,69283,68916,68783,77615,76918,76390,76861,76461,66415,65660,65880,66351,65759
206,1,0,4,76783,76346,75568,75542,76161,69493,68263,68825,68455,68318,77057,76351,75804,76274,75896,65984,65214,65415,65895,65308
207,0,0,4,77364,76926,76123,76098,76717,69934,68722,69279,68907,68782,77624,76922,76374,76850,76454,66422,65662,65868,66337,65757
208,1,0,4,76774,76353,75581,75567,76164,69481,68284,68824,68467,68327,77061,76359,75817,76288,75896,65974,65214,65425,65894,65322
209,0,0,4,77359,76938,76141,76132,76746,69941,68748,69293,68921,68785,77651,76929,76407,76871,76468,66433,65672,65874,66351,65772
210,1,0,4,76801,76356,75575,75579,76182,69486,68309,68837,68469,68345,77076,76360,75824,76296,75913,65999,65231,65440,65907,65337
211,0,0,4,77381,76919,76138,76141,76756,69925,68761,69284,68927,68797,77647,76934,76410,76874,76475,66445,65680,65884,66358,65780
212,1,0,4,76770,76345,75572,75533,76154,69470,68268,68824,68457,68315,77066,76354,75809,76276,75881,65975,65220,65419,65879,65307
213,0,0,4,77359,76922,76157,76121,76753,69930,68749,69303,68917,68786,77661,76942,76401,76866,76469,66444,65680,65877,66343,65781
214,1,0,4,76768,76347,75587,75558,76188,69466,68274,68834,68452,68322,77060,76348,75813,76287,75894,65977,65215,65425,65895,65335
215,0,0,4,77355,76918,76149,76119,76760,69922,68726,69293,68912,68781,77627,76936,76402,76867,76460,66425,65677,65874,66338,65775
216,1,0,4,76778,76349,75578,75546,76173,69476,68280,68832,68448,68328,77042,76344,75806,76286,75887,65984,65212,65433,65895,65313
217,0,0,4,77345,76911,76139,76109,76740,69923,68730,69283,68906,68773,77623,76925,76383,76868,76453,66426,65652,65878,66339,65755
218,1,0,4,76784,76375,75589,75558,76174,69486,68300,68827,68470,68328,77082,76360,75816,76301,75903,65981,65223,65428,65908,65326
219,0,0,4,77368,76945,76159,76121,76748,69943,68763,69295,68939,68800,77660,76946,76402,76885,76473,66449,65670,65890,66372,65788
220,1,0,4,76769,76356,75587,75554,76158,69483,68295,68822,68453,68324,77051,76357,75805,76304,75894,65975,65211,65415,65899,65317
221,0,0,4,77355,76918,76159,76119,76735,69931,68761,69284,68914,68794,77631,76929,76389,76884,76469,66425,65658,65874,66355,65767
222,1,0,4,76773,76340,75574,75548,76139,69459,68262,68801,68443,68308,77044,76344,75795,76279,75885,65951,65196,65406,65880,65303
223,0,0,4,77368,76918,76143,76132,76735,69917,68723,69276,68903,68782,77646,76938,76377,76874,76461,66402,65651,65874,66338,65771
224,1,0,4,76780,76343,75581,75547,76161,69457,68271,68805,68454,68317,77073,76356,75824,76299,75893,65975,65221,65424,65892,65311
225,0,0,4,77353,76910,76131,76111,76740,69899,68719,69259,68904,68770,77640,76917,76382,76868,76447,66418,65650,65869,66342,65752
226,1,0,4,76797,76364,75588,75561,76160,69483,68297,68829,68452,68321,77066,76366,75824,76312,75916,65975,65235,65444,65919,65324
227,0,0,4,77375,76936,76140,76126,76741,69942,68749,69284,68926,68784,77635,76937,76394,76884,76481,66424,65677,65889,66373,65768
228,1,0,4,76788,76359,75586,75568,76163,69487,68294,68819,68454,68314,77073,76366,75825,76304,75902,65985,65222,65423,65902,65314
229,0,0,4,77366,76940,76144,76117,76733,69938,68746,69286,68906,68776,77650,76937,76403,76884,76465,66438,65672,65869,66361,65760
230,1,0,4,76770,76347,75586,75569,76175,69486,68281,68828,68451,68320,77078,76359,75808,76308,75890,65981,65239,65427,65901,65314
231,0,0,4,77384,76932,76181,76146,76761,69964,68757,69315,68938,68809,77650,76952,76403,76891,76478,66445,65700,65898,66375,65781
232,1,0,4,76800,76359,75591,75565,76178,69495,68296,68851,68467,68324,77072,76372,75822,76313,75912,65987,65245,65437,65902,65340
233,0,0,4,77372,76924,76161,76135,76753,69955,68764,69300,68928,68786,77648,76939,76410,76891,76484,66438,65695,65881,66365,65783
234,1,0,4,76765,76347,75581,75545,76150,69463,68294,68835,68438,68323,77071,76358,75808,76296,75894,65975,65247,65430,65901,65318
235,0,0,4,77344,76904,76151,76104,76727,69908,68734,69294,68888,68777,77622,76933,76373,76872,76447,66409,65693,65865,66343,65756
236,1,0,4,76777,76339,75597,75558,76159,69467,68297,68843,68455,68318,77069,76377,75806,76291,75895,65983,65238,65426,65913,65319
237,0,0,4,77369,76917,76165,76123,76752,69936,68762,69310,68919,68795,77656,76954,76397,76887,76474,66431,65697,65890,66376,65786
238,1,0,4,76757,76334,75572,75550,76151,69447,68279,68826,68425,68305,77049,76342,75800,76273,75892,65958,65216,65417,65897,65302
239,0,0,4,77360,76918,76157,76122,76736,69929,68745,69291,68880,68786,77621,76932,76378,76875,76466,66416,65681,65881,66353,65761
240,1,0,4,76780,76360,75585,75567,76149,69493,68287,68848,68454,68323,77046,76364,75800,76296,75900,65981,65245,65435,65892,65320
241,0,0,4,77359,76926,76144,76130,76716,69938,68734,69294,68907,68785,77629,76927,76379,76864,76472,66424,65686,65878,66347,65764
242,1,0,4,76780,76374,75569,75558,76153,69485,68290,68822,68452,68324,77056,76362,75805,76294,75886,65975,65243,65426,65892,65323
243,0,0,4,77368,76948,76141,76121,76730,69952,68746,69287,68910,68786,77625,76945,76387,76881,76452,66426,65692,65881,66339,65768
244,1,0,4,76768,76339,75562,75538,76142,69465,68277,68796,68451,68299,77046,76351,75789,76287,75880,65965,65224,65413,65882,65304
245,0,0,4,77362,76931,76142,76127,76733,69937,68749,69279,68932,68772,77630,76936,76393,76877,76472,66426,65688,65866,66346,65767
246,1,0,4,76773,76342,75589,75565,76154,69482,68282,68827,68469,68324,77056,76368,75802,76299,75913,65981,65230,65436,65896,65314
247,0,0,4,77385,76929,76172,76154,76756,69950,68754,69302,68945,68795,77647,76967,76398,76895,76489,66448,65694,65898,66378,65785
248,1,0,4,76783,76344,75607,75566,76164,69488,68291,68830,68448,68325,77072,76376,75826,76313,75916,65993,65231,65449,65918,65328
249,0,0,4,77363,76931,76178,76135,76746,69945,68761,69287,68924,68801,77659,76956,76402,76896,76483,66435,65681,65901,66377,65780
250,1,0,4,76799,76370,75598,75582,76181,69501,68313,68843,68482,68336,77049,76385,75837,76319,75921,66009,65249,65463,65932,65339
251,0,0,4,77398,76954,76179,76151,76764,69964,68776,69311,68944,68801,77635,76978,76433,76907,76488,66461,65713,65920,66394,65811
252,1,0,4,76770,76350,75594,75551,76163,69486,68281,68831,68447,68314,77049,76357,75819,76290,75882,65977,65217,65426,65911,65326
253,0,0,4,77349,76907,76150,76116,76746,69935,68737,69284,68907,68781,77618,76917,76396,76869,76439,66426,65655,65861,66350,65769
254,1,0,4,76791,76374,75600,75562,76163,69499,68297,68830,68469,68335,77067,76349,75827,76301,75905,65986,65234,65425,65902,65330
255,0,0,4,77372,76931,76155,76123,76741,69954,68754,69287,68935,68789,77639,76928,76414,76875,76480,66438,65681,65870,66350,65778
256,1,0,4,76780,76381,75589,75572,76168,69491,68284,68830,68478,68334,77058,76354,75814,76308,75908,65985,65231,65427,65907,65325
257,0,0,4,77371,76954,76154,76134,76755,69950,68744,69301,68927,68807,77629,76932,76395,76888,76477,66426,65694,65879,66367,65774
258,1,0,4,76777,76369,75570,75548,76154,69492,68286,68836,68457,68337,77047,76361,75820,76291,75901,65978,65231,65442,65907,65317
259,0,0,4,77345,76939,76127,76112,76734,69938,68735,69287,68916,68796,77616,76925,76387,76857,76455,66422,65672,65870,66350,65758
260,1,0,4,76774,76376,75573,75561,76165,69484,68271,68842,68453,68332,77039,76362,75808,76287,75898,65980,65224,65436,65881,65311
261,0,0,4,77371,76945,76130,76108,76735,69949,68727,69291,68911,68788,77611,76934,76375,76857,76464,66429,65662,65890,66330,65761
262,1,0,4,76785,76378,75585,75564,76183,69497,68289,68844,68468,68339,77074,76373,75841,76306,75918,66009,65235,65455,65925,65341
263,0,0,4,77377,76952,76153,76130,76765,69948,68735,69303,68933,68810,77641,76941,76416,76884,76474,66458,65685,65909,66367,65789
264,1,0,4,76776,76382,75582,75558,76180,69515,68293,68840,68465,68336,77060,76379,75827,76315,75914,66000,65255,65446,65922,65314
265,0,0,4,77368,76951,76152,76127,76747,69957,68742,69294,68917,68794,77630,76945,76408,76892,76476,66449,65687,65898,66379,65762
266,1,0,4,76786,76381,75554,75584,76175,69495,68288,68838,68471,68335,77057,76374,75827,76312,75899,65986,65243,65446,65918,65332
267,0,0,4,77361,76955,76139,76134,76745,69946,68760,69291,68930,68801,77638,76950,76405,76895,76473,66450,65690,65907,66373,65791
268,1,0,4,76799,76378,75587,75565,76188,69513,68308,68842,68474,68329,77089,76397,75848,76315,75932,66005,65245,65444,65926,65335
269,0,0,4,77359,76941,76142,76111,76743,69938,68747,69290,68932,68779,77648,76945,76412,76877,76471,66430,65683,65886,66357,65770
270,1,0,4,76777,76375,75602,75554,76154,69496,68278,68817,68458,68318,77070,76360,75820,76295,75889,65995,65243,65426,65911,65309
271,0,0,4,77365,76940,76168,76121,76746,69952,68745,69275,68917,68785,77641,76942,76402,76875,76472,66435,65698,65871,66367,65759
272,1,0,4,76769,76372,75587,75552,76159,69492,68282,68830,68454,68331,77057,76375,75823,76287,75895,66001,65221,65424,65907,65310
273,0,0,4,77340,76924,76133,76095,76720,69920,68723,69279,68912,68782,77612,76935,76389,76849,76453,66434,65654,65849,66323,65734
274,1,0,4,76745,76329,75563,75537,76147,69475,68260,68803,68435,68313,77026,76352,75799,76273,75884,65978,65232,65413,65877,65309
275,0,0,4,77359,76939,76166,76133,76748,69961,68752,69300,68937,68799,77646,76964,76417,76884,76491,66453,65698,65897,66358,65789
276,1,0,4,76788,76380,75601,75583,76181,69504,68302,68840,68488,68337,77078,76374,75843,76310,75914,66023,65236,65461,65924,65334
277,0,0,4,77383,76946,76165,76138,76764,69962,68759,69284,68944,68800,77657,76960,76417,76885,76483,66480,65689,65910,66381,65780
278,1,0,4,76782,76384,75586,75561,76173,69500,68297,68838,68473,68334,77069,76393,75828,76304,75911,66014,65245,65450,65921,65339
279,0,0,4,77367,76958,76153,76116,76749,69956,68757,69284,68929,68794,77646,76969,76402,76891,76471,66457,65688,65888,66366,65796
280,1,0,4,76763,76370,75582,75556,76167,69493,68279,68838,68454,68327,77054,76375,75821,76292,75898,65986,65224,65433,65903,65327
281,0,0,4,77336,76939,76143,76122,76746,69949,68749,69295,68919,68783,77633,76955,76390,76872,76461,66426,65671,65878,66345,65779
282,1,0,4,76780,76377,75588,75559,76174,69477,68298,68817,68460,68337,77083,76380,75841,76310,75912,65996,65228,65446,65904,65323
283,0,0,4,77351,76940,76153,76116,76741,69937,68758,69277,68913,68791,77643,76956,76411,76877,76476,66444,65662,65889,66365,65764
284,1,0,4,76763,76351,75584,75551,76158,69487,68275,68820,68467,68308,77045,76356,75813,76285,75905,65993,65206,65427,65903,65309
285,0,0,4,77349,76929,76155,76121,76740,69949,68724,69280,68927,68773,77625,76937,76404,76869,76471,66439,65656,65879,66360,65761
286,1,0,4,76757,76344,75577,75558,76174,69487,68265,68824,68468,68321,77049,76377,75805,76310,75906,65982,65215,65436,65912,65314
287,0,0,4,77325,76913,76150,76122,76739,69936,68728,69291,68925,68780,77628,76954,76391,76880,76475,66420,65655,65876,66363,65775
288,1,0,4,76774,76352,75556,75548,76160,69487,68269,68813,68449,68315,77060,76355,75804,76300,75888,65985,65219,65422,65907,65327
289,0,0,4,77371,76945,76125,76120,76749,69965,68738,69278,68917,68783,77645,76953,76392,76900,76475,66437,65685,65884,66364,65789
290,1,0,4,76769,76351,75567,75537,76159,69480,68273,68800,68448,68311,77041,76367,75828,76278,75887,65969,65213,65404,65889,65315
291,0,0,4,77346,76924,76128,76097,76743,69938,68726,69252,68904,68765,77623,76945,76392,76856,76459,66415,65667,65851,66346,65763
292,1,0,4,76764,76357,75555,75531,76163,69469,68259,68804,68444,68298,77036,76348,75807,76262,75877,65968,65204,65424,65893,65314
293,0,0,4,77350,76933,76122,76091,76744,69937,68730,69266,68914,68762,77597,76929,76375,76842,76455,66425,65658,65880,66354,65768
294,1,0,4,76783,76377,75575,75541,76183,69499,68286,68833,68471,68307,77077,76401,75842,76288,75924,66003,65225,65450,65925,65338
295,0,0,4,77363,76940,76131,76098,76755,69951,68742,69283,68932,68766,77655,76966,76422,76867,76490,66448,65670,65895,66377,65789
296,1,0,4,76764,76374,75566,75540,76176,69489,68283,68829,68477,68297,77044,76360,75815,76286,75893,65991,65206,65421,65901,65323
297,0,0,4,77352,76971,76130,76117,76756,69956,68748,69292,68951,68766,77640,76952,76396,76881,76473,66450,65665,65888,66374,65786
298,1,0,4,76762,76357,75579,75552,76169,69489,68290,68829,68460,68302,77027,76366,75833,76284,75911,65996,65227,65423,65916,65330
299,0,0,4,77344,76939,76148,76108,76730,69956,68749,69279,68908,68763,77604,76933,76402,76861,76469,66431,65671,65867,66361,65772
300,1,0,4,76749,76348,75552,75534,76152,69467,68261,68811,68441,68294,77030,76352,75790,76265,75872,65963,65200,65398,65884,65298
301,0,0,4,77354,76935,76144,76107,76740,69939,68741,69279,68912,68769,77615,76946,76389,76855,76461,66420,65649,65868,66353,65757
302,1,0,4,76778,76350,75570,75562,76173,69503,68289,68823,68465,68322,77053,76376,75840,76284,75897,66005,65214,65439,65911,65323
303,0,0,4,77350,76916,76124,76109,76746,69957,68737,69280,68918,68780,77612,76941,76405,76859,76449,66435,65651,65880,66355,65768
304,1,0,4,76760,76359,75564,75543,76161,69481,68274,68805,68449,68321,77055,76371,75832,76293,75899,65975,65208,65447,65910,65313
305,0,0,4,77345,76924,76136,76120,76724,69945,68725,69275,68915,68775,77635,76945,76411,76868,76470,66420,65658,65887,66360,65764
306,1,0,4,76771,76355,75575,75548,76169,69491,68287,68830,68464,68319,77054,76372,75824,76280,75909,65995,65221,65445,65924,65323
307,0,0,4,77356,76916,76144,76112,76745,69957,68736,69288,68914,68786,77638,76940,76398,76852,76477,66442,65659,65880,66371,65767
308,1,0,4,76746,76331,75582,75545,76170,69483,68276,68811,68454,68301,77048,76352,75809,76268,75897,65974,65193,65429,65892,65302
309,0,0,4,77332,76883,76144,76100,76745,69931,68729,69273,68917,68766,77624,76936,76399,76842,76477,66413,65643,65870,66337,65753
310,1,0,4,76781,76347,75579,75550,76164,69503,68278,68819,68474,68313,77063,76361,75798,76288,75910,65985,65205,65435,65904,65337
311,0,0,4,77363,76921,76162,76126,76756,69960,68742,69275,68929,68782,77649,76938,76388,76878,76487,66433,65650,65886,66354,65772
312,1,0,4,76792,76378,75604,75574,76171,69515,68287,68845,68470,68324,77085,76377,75829,76305,75922,65996,65241,65439,65925,65333
313,0,0,4,77371,76950,76172,76134,76753,69966,68746,69308,68929,68799,77647,76947,76409,76871,76504,66445,65692,65904,66375,65791
314,1,0,4,76762,76346,75575,75557,76162,69486,68279,68825,68460,68308,77038,76348,75810,76286,75911,65991,65209,65422,65888,65321
315,0,0,4,77353,76932,76142,76119,76754,69946,68745,69291,68926,68769,77621,76929,76397,76874,76492,66446,65654,65876,66351,65776
316,1,0,4,76778,76365,75594,75575,76175,69488,68281,68844,68473,68316,77042,76352,75818,76287,75913,65999,65229,65444,65903,65322
317,0,0,4,77371,76940,76157,76137,76766,69951,68749,69308,68941,68773,77643,76935,76405,76860,76495,66457,65672,65887,66362,65774
318,1,0,4,76777,76346,75587,75546,76170,69491,68279,68825,68460,68324,77065,76356,75825,76296,75915,65998,65217,65434,65901,65321
319,0,0,4,77349,76902,76150,76111,76739,69942,68741,69293,68932,68786,77631,76930,76390,76872,76471,66448,65668,65887,66351,65769
320,1,0,4,76783,76366,75600,75558,76163,69501,68307,68834,68451,68309,77069,76357,75835,76303,75919,66004,65228,65437,65897,65331
321,0,0,4,77382,76937,76166,76120,76743,69958,68770,69294,68913,68767,77636,76933,76420,76881,76480,66450,65668,65891,66348,65777
322,1,0,4,76792,76389,75598,75566,76192,69515,68308,68846,68473,68326,77085,76379,75845,76308,75924,66012,65248,65450,65917,65341
323,0,0,4,77349,76935,76138,76110,76730,69943,68746,69294,68926,68762,77632,76927,76382,76863,76468,66436,65661,65884,66349,65770
324,1,0,4,76769,76358,75576,75554,76160,69492,68307,68831,68472,68310,77072,76348,75817,76296,75914,65991,65232,65432,65888,65313
325,0,0,4,77350,76935,76155,76113,76735,69945,68755,69285,68923,68769,77629,76923,76401,76870,76477,66433,65680,65874,66335,65767
326,1,0,4,76773,76377,75582,75565,76172,69498,68290,68836,68475,68323,77054,76368,75824,76295,75924,65992,65241,65454,65921,65326
327,0,0,4,77356,76942,76142,76132,76748,69944,68745,69289,68940,68779,77638,76937,76405,76866,76481,66441,65674,65901,66364,65778
328,1,0,4,76772,76372,75579,75547,76160,69482,68272,68836,68469,68308,77059,76350,75813,76297,75901,65991,65221,65440,65911,65315
329,0,0,4,77379,76962,76156,76129,76757,69957,68744,69308,68947,68782,77665,76932,76415,76893,76484,66454,65690,65903,66381,65775
330,1,0,4,76782,76354,75575,75550,76174,69493,68274,68846,68485,68327,77068,76338,75837,76300,75917,66001,65230,65449,65917,65337
331,0,0,4,77365,76932,76145,76124,76755,69953,68745,69297,68938,68783,77653,76930,76416,76880,76489,66442,65689,65909,66370,65792
332,1,0,4,76788,76370,75584,75554,76191,69498,68304,68836,68486,68320,77083,76352,75810,76291,75907,65992,65231,65437,65921,65330
333,0,0,4,77361,76930,76136,76103,76744,69945,68751,69284,68927,68770,77641,76907,76373,76861,76466,66425,65667,65875,66356,65761
334,1,0,4,76767,76358,75567,75540,76162,69469,68291,68822,68450,68327,77074,76344,75810,76294,75887,65986,65234,65411,65914,65304
335,0,0,4,77373,76932,76124,76111,76745,69940,68757,69274,68921,68783,77655,76926,76400,76870,76463,66441,65687,65871,66361,65763
336,1,0,4,76771,76361,75575,75534,76172,69455,68270,68832,68456,68305,77055,76353,75806,76276,75882,65976,65215,65416,65891,65290
337,0,0,4,77352,76934,76143,76085,76743,69918,68728,69291,68910,68759,77633,76922,76376,76857,76460,66422,65654,65860,66335,65748
338,1,0,4,76763,76364,75585,75555,76142,69478,68294,68826,68454,68320,77056,76351,75834,76295,75898,65995,65211,65436,65901,65319
339,0,0,4,77340,76934,76143,76108,76729,69940,68750,69279,68916,68784,77631,76931,76404,76864,76454,66430,65655,65880,66350,65766
340,1,0,4,76780,76341,75589,75540,76154,69472,68286,68824,68467,68317,77060,76361,75825,76288,75901,65998,65242,65438,65927,65308
341,0,0,4,77364,76934,76161,76102,76740,69947,68757,69293,68942,68775,77637,76943,76398,76875,76470,66449,65690,65893,66380,65776
342,1,0,4,76755,76343,75571,75530,76145,69473,68270,68827,68450,68313,77064,76339,75806,76284,75892,65990,65222,65420,65898,65304
343,0,0,4,77358,76931,76156,76108,76729,69948,68749,69308,68940,68779,77629,76934,76411,76887,76477,66449,65683,65882,66369,65767
344,1,0,4,76754,76354,75573,75529,76139,69483,68258,68817,68451,68297,77049,76349,75809,76278,75865,65974,65211,65415,65880,65308
345,0,0,4,77325,76940,76141,76105,76725,69942,68723,69292,68928,68758,77635,76931,76391,76867,76444,66435,65670,65872,66331,65762
346,1,0,4,76772,76372,75573,75551,76176,69479,68274,68845,68461,68323,77064,76356,75820,76280,75904,66004,65235,65418,65916,65311
347,0,0,4,77365,76945,76155,76127,76757,69956,68742,69309,68942,68795,77656,76957,76414,76873,76486,66463,65696,65878,66374,65779
348,1,0,4,76763,76350,75564,75528,76158,69484,68277,68826,68449,68305,77044,76350,75804,76271,75896,65976,65234,65412,65901,65314
349,0,0,4,77351,76922,76124,76105,76731,69948,68733,69278,68916,68772,77627,76930,76382,76865,76470,66428,65680,65859,66362,65765
350,1,0,4,76781,76343,75575,75538,76174,69503,68280,68827,68465,68316,77058,76359,75803,76289,75890,65988,65226,65410,65901,65338
351,0,0,4,77349,76907,76122,76088,76735,69947,68733,69284,68918,68770,77625,76926,76363,76849,76448,66427,65664,65854,66341,65771
352,1,0,4,76788,76344,75561,75539,76164,69476,68273,68829,68449,68318,77047,76354,75809,76301,75902,65984,65229,65405,65899,65327
353,0,0,4,77359,76907,76126,76092,76742,69930,68725,69286,68914,68784,77621,76915,76372,76870,76460,66424,65672,65861,66346,65773
354,1,0,4,76751,76328,75566,75554,76163,69473,68265,68824,68438,68319,77039,76337,75783,76266,75894,65976,65211,65412,65881,65308
355,0,0,4,77352,76908,76142,76111,76745,69947,68737,69296,68908,68779,77621,76926,76378,76855,76464,66422,65679,65861,66342,65765
356,1,0,4,76798,76349,75597,75553,76178,69497,68283,68832,68452,68345,77057,76358,75811,76296,75918,65994,65234,65437,65910,65313
357,0,0,4,77365,76903,76141,76097,76748,69939,68724,69278,68910,68798,77621,76928,76377,76859,76466,66430,65674,65867,66349,65767
358,1,0,4,76778,76333,75569,75537,76159,69482,68264,68811,68462,68330,77046,76352,75813,76279,75900,65966,65214,65414,65888,65312
359,0,0,4,77354,76903,76122,76097,76728,69938,68724,69275,68912,68786,77614,76921,76371,76852,76462,66414,65660,65864,66341,65749
360,1,0,4,76778,76338,75572,75541,76144,69485,68264,68821,68459,68328,77060,76342,75794,76298,75896,65982,65220,65434,65900,65322
361,0,0,4,77368,76911,76136,76096,76733,69943,68728,69281,68923,68788,77624,76918,76375,76876,76467,66424,65665,65876,66354,65779
362,1,0,4,76776,76346,75563,75536,76155,69482,68267,68807,68446,68339,77036,76343,75798,76282,75889,65973,65219,65436,65895,65294
363,0,0,4,77385,76938,76138,76114,76752,69952,68748,69288,68916,68807,77627,76922,76389,76870,76478,66430,65671,65881,66362,65757
364,1,0,4,76760,76361,75573,75540,76159,69479,68279,68825,68466,68316,77055,76356,75809,76283,75887,65974,65224,65409,65895,65308
365,0,0,4,77374,76955,76150,76122,76757,69941,68748,69293,68938,68800,77631,76951,76405,76884,76479,66429,65684,65876,66364,65766
366,1,0,4,76768,76336,75567,75538,76166,69475,68269,68820,68442,68307,77054,76352,75813,76297,75889,65981,65220,65412,65910,65311
367,0,0,4,77357,76907,76133,76105,76746,69930,68734,69285,68904,68771,77643,76928,76387,76874,76456,66430,65669,65864,66350,65756
368,1,0,4,76781,76346,75575,75560,76166,69471,68268,68831,68447,68322,77055,76360,75819,76291,75897,65966,65220,65422,65906,65308
369,0,0,4,77364,76918,76142,76132,76729,69941,68743,69285,68906,68780,77626,76936,76393,76871,76467,66416,65664,65863,66358,65756
370,1,0,4,76783,76364,75569,75558,76171,69486,68278,68822,68457,68323,77066,76370,75819,76307,75886,65979,65232,65415,65929,65318
371,0,0,4,77367,76932,76134,76130,76755,69943,68734,69282,68918,68794,77637,76947,76395,76875,76451,66434,65676,65880,66380,65771
372,1,0,4,76783,76347,75579,75548,76160,69485,68279,68839,68455,68308,77055,76368,75818,76279,75893,65977,65217,65416,65920,65297
373,0,0,4,77350,76920,76141,76104,76724,69928,68726,69295,68911,68765,77615,76933,76388,76849,76457,66407,65646,65849,66365,65729
374,1,0,4,76773,76363,75569,75538,76155,69479,68261,68834,68435,68325,77057,76348,75798,76276,75897,65971,65224,65422,65906,65304
375,0,0,4,77354,76927,76128,76096,76712,69925,68712,69285,68897,68779,77620,76902,76375,76844,76460,66412,65671,65863,66353,65739
376,1,0,4,76765,76369,75580,75546,76166,69488,68270,68834,68448,68329,77056,76340,75808,76299,75895,65984,65235,65426,65910,65314
377,0,0,4,77340,76936,76139,76114,76736,69939,68726,69285,68900,68785,77625,76918,76380,76879,76453,66424,65673,65858,66359,65756
378,1,0,4,76789,76371,75600,75567,76166,69502,68293,68838,68477,68363,77084,76370,75847,76322,75910,66004,65245,65444,65928,65328
379,0,0,4,77340,76923,76141,76090,76722,69926,68727,69284,68916,68795,77627,76914,76394,76866,76450,66432,65661,65869,66355,65759
380,1,0,4,76757,76344,75568,75534,76159,69461,68269,68817,68433,68326,77066,76346,75808,76293,75873,65974,65225,65412,65889,65293
381,0,0,4,77353,76921,76136,76121,76734,69931,68742,69293,68897,68795,77644,76931,76407,76876,76451,66429,65680,65864,66357,65747
382,1,0,4,76777,76353,75577,75551,76178,69499,68280,68819,68463,68344,77066,76353,75816,76317,75916,65993,65229,65431,65922,65319
383,0,0,4,77343,76904,76127,76094,76740,69937,68727,69264,68902,68789,77610,76912,76378,76878,76455,66418,65667,65862,66357,65754
384,1,0,4,76763,76338,75555,75516,76167,69478,68256,68817,68422,68327,77050,76340,75788,76284,75896,65971,65213,65416,65896,65284
385,0,0,4,77358,76922,76128,76085,76746,69950,68725,69275,68896,68792,77628,76931,76380,76870,76474,66428,65681,65872,66360,65748
386,1,0,4,76774,76370,75562,75542,76158,69499,68295,68820,68461,68342,77072,76371,75829,76314,75904,65997,65236,65419,65919,65325
387,0,0,4,77335,76912,76113,76082,76731,69930,68726,69271,68906,68793,77626,76922,76387,76878,76441,66421,65654,65849,66344,65742
388,1,0,4,76784,76363,75577,75535,76154,69487,68280,68816,68452,68326,77074,76341,75819,76303,75882,65979,65231,65398,65912,65304
389,0,0,4,77355,76934,76134,76085,76726,69939,68735,69271,68906,68776,77641,76906,76386,76864,76444,66424,65663,65846,66364,65760
390,1,0,4,76771,76353,75566,75523,76157,69478,68262,68796,68445,68308,77064,76339,75800,76280,75891,65963,65213,65389,65901,65301
391,0,0,4,77371,76940,76141,76098,76738,69949,68738,69264,68916,68771,77643,76922,76386,76867,76459,66415,65654,65843,66364,65762
392,1,0,4,76765,76343,75564,75543,76160,69469,68278,68797,68445,68307,77057,76336,75798,76291,75874,65972,65203,65413,65903,65313
393,0,0,4,77358,76926,76133,76105,76739,69927,68740,69257,68910,68768,77632,76906,76395,76874,76449,66423,65646,65861,66355,65752
394,1,0,4,76793,76373,75588,75540,76179,69504,68305,68832,68482,68323,77075,76368,75833,76306,75898,66007,65232,65430,65931,65342
395,0,0,4,77364,76938,76140,76099,76735,69947,68760,69279,68928,68781,77627,76937,76402,76872,76457,66447,65670,65864,66380,65785
396,1,0,4,76787,76354,75570,75542,76171,69484,68289,68833,68443,68323,77060,76353,75820,76307,75892,65985,65221,65413,65918,65334
397,0,0,4,77366,76915,76126,76107,76728,69934,68748,69287,68910,68776,77636,76921,76397,76874,76455,66441,65671,65857,66368,65778
398,1,0,4,76780,76338,75563,75535,76150,69473,68284,68812,68453,68318,77045,76342,75811,76289,75878,65978,65216,65415,65900,65299
399,0,0,4,77373,76911,76137,76106,76724,69930,68745,69283,68923,68787,77628,76917,76379,76879,76447,66432,65660,65869,66354,65749
400,1,0,4,76760,76320,75550,75506,76138,69450,68266,68807,68450,68318,77023,76336,75794,76270,75871,65958,65211,65406,65883,65295
401,0,0,4,77360,76904,76125,76086,76724,69915,68726,69271,68901,68772,77606,76914,76385,76865,76437,66411,65661,65866,66344,65746
402,1,0,4,76772,76327,75560,75521,76151,69463,68263,68813,68435,68309,77043,76352,75822,76292,75882,65966,65212,65422,65895,65310
403,0,0,4,77353,76882,76119,76078,76712,69916,68720,69264,68889,68764,77600,76901,76383,76861,76433,66403,65653,65870,66337,65746
404,1,0,4,76792,76355,75585,75540,76152,69478,68282,68826,68457,68331,77034,76347,75819,76298,75895,65971,65234,65436,65904,65334
405,0,0,4,77384,76939,76155,76108,76739,69945,68737,69295,68923,68793,77622,76925,76393,76889,76476,66431,65679,65889,66350,65782
406,1,0,4,76809,76360,75594,75560,76167,69506,68301,68832,68466,68339,77072,76365,75825,76314,75903,66006,65248,65441,65912,65343
407,0,0,4,77382,76916,76154,76118,76743,69947,68761,69288,68930,68789,77625,76936,76393,76884,76465,66441,65695,65878,66352,65779
408,1,0,4,76777,76343,75582,75528,76158,69493,68282,68831,68461,68321,77058,76364,75804,76312,75900,65985,65220,65441,65901,65343
409,0,0,4,77364,76925,76145,76100,76741,69946,68749,69289,68931,68787,77637,76949,76390,76885,76462,66430,65669,65889,66359,65779
410,1,0,4,76801,76345,75585,75568,76173,69512,68304,68861,68488,68340,77073,76385,75834,76309,75914,65997,65253,65448,65921,65346
411,0,0,4,77383,76916,76162,76134,76742,69968,68769,69308,68944,68806,77648,76955,76416,76893,76481,66436,65691,65911,66376,65797
412,1,0,4,76775,76342,75574,75543,76172,69483,68286,68839,68461,68350,77073,76377,75819,76292,75900,65985,65243,65436,65920,65351
413,0,0,4,77359,76909,76133,76099,76752,69945,68747,69289,68926,68804,77641,76947,76396,76872,76464,66430,65676,65885,66372,65787
414,1,0,4,76784,76319,75566,75551,76169,69490,68276,68841,68469,68349,77072,76363,75823,76307,75887,65984,65235,65437,65923,65325
415,0,0,4,77374,76907,76135,76114,76747,69943,68745,69311,68922,68813,77654,76944,76393,76880,76458,66430,65678,65887,66373,65775
416,1,0,4,76808,76360,75601,75569,76178,69515,68302,68851,68481,68366,77084,76383,75828,76300,75918,65996,65231,65460,65926,65356
417,0,0,4,77373,76916,76147,76103,76726,69951,68747,69298,68933,68802,77640,76952,76387,76863,76464,66431,65671,65894,66368,65789
418,1,0,4,76791,76348,75573,75543,76170,69485,68263,68849,68458,68338,77064,76373,75812,76293,75892,65989,65212,65443,65931,65330
419,0,0,4,77369,76920,76136,76098,76739,69937,68724,69301,68926,68793,77635,76940,76395,76868,76454,66427,65657,65889,66370,65771
420,1,0,4,76797,76352,75567,75556,76157,69497,68294,68851,68467,68343,77070,76375,75824,76295,75906,65989,65211,65444,65927,65341
421,0,0,4,77380,76922,76126,76125,76750,69956,68761,69298,68923,68812,77656,76945,76402,76875,76466,66439,65668,65900,66379,65800
422,1,0,4,76800,76355,75580,75552,76169,69509,68292,68850,68476,68355,77079,76382,75834,76314,75914,66008,65242,65465,65938,65346
423,0,0,4,77367,76913,76148,76113,76737,69946,68740,69308,68924,68813,77640,76952,76396,76875,76466,66437,65686,65900,66375,65776
424,1,0,4,76778,76358,75574,75550,76166,69499,68289,68837,68469,68363,77065,76372,75817,76296,75908,66002,65229,65445,65925,65337
425,0,0,4,77356,76923,76140,76117,76742,69961,68733,69296,68929,68816,77642,76941,76390,76871,76467,66445,65673,65880,66365,65780
426,1,0,4,76794,76358,75560,75548,76167,69497,68294,68847,68450,68349,77059,76345,75819,76298,75899,65984,65241,65437,65922,65345
427,0,0,4,77392,76937,76124,76121,76756,69963,68760,69314,68914,68816,77646,76933,76395,76881,76471,66448,65688,65895,66372,65796
428,1,0,4,76764,76337,75557,75537,76173,69497,68277,68827,68449,68343,77056,76349,75819,76296,75892,65991,65223,65429,65912,65326
429,0,0,4,77365,76919,76117,76108,76758,69960,68741,69288,68911,68810,77646,76934,76390,76880,76465,66440,65675,65884,66369,65775
430,1,0,4,76785,76368,75566,75555,76182,69492,68292,68840,68444,68352,77061,76374,75820,76303,75891,65993,65247,65440,65925,65317
431,0,0,4,77367,76922,76130,76120,76762,69951,68757,69289,68910,68805,77624,76940,76404,76874,76455,66436,65693,65885,66386,65761
432,1,0,4,76786,76345,75550,75543,76165,69496,68287,68824,68461,68340,77029,76359,75801,76280,75889,65978,65241,65415,65914,65317
433,0,0,4,77376,76925,76128,76119,76760,69965,68760,69296,68941,68809,77628,76956,76400,76886,76481,66429,65694,65872,66373,65781
434,1,0,4,76794,76338,75576,75560,76180,69501,68282,68832,68447,68335,77048,76372,75798,76311,75899,65997,65218,65436,65914,65313
435,0,0,4,77364,76891,76116,76096,76734,69945,68733,69279,68886,68778,77588,76919,76362,76862,76441,66425,65639,65870,66338,65751
436,1,0,4,76791,76324,75566,75540,76151,69482,68281,68816,68450,68339,77044,76349,75813,76300,75892,65985,65228,65442,65917,65311
437,0,0,4,77376,76914,76131,76106,76732,69931,68731,69282,68898,68798,77615,76934,76384,76876,76460,66440,65667,65879,66365,65761
438,1,0,4,76776,76339,75576,75553,76181,69479,68293,68831,68449,68336,77023,76355,75788,76285,75880,65979,65219,65421,65901,65294
439,0,0,4,77365,76917,76137,76111,76753,69941,68754,69291,68917,68803,77595,76934,76365,76874,76445,66428,65676,65872,66347,65750
440,1,0,4,76819,76359,75591,75575,76195,69497,68318,68852,68475,68367,77074,76383,75824,76322,75914,66003,65243,65445,65928,65314
441,0,0,4,77396,76930,76160,76126,76771,69948,68775,69298,68938,68826,77634,76963,76396,76879,76472,66445,65683,65890,66378,65766
442,1,0,4,76780,76338,75554,75536,76159,69468,68274,68817,68433,68321,77045,76350,75799,76294,75882,65962,65213,65422,65885,65288
443,0,0,4,77377,76912,76131,76120,76734,69932,68743,69280,68902,68796,77627,76937,76388,76869,76465,66421,65670,65881,66343,65751
444,1,0,4,76797,76345,75584,75558,76168,69490,68295,68828,68450,68348,77063,76362,75806,76299,75889,65974,65247,65434,65911,65312
445,0,0,4,77373,76896,76127,76102,76736,69930,68738,69271,68895,68796,77615,76933,76383,76856,76439,66402,65687,65874,66358,65749
446,1,0,4,76771,76335,75560,75545,76163,69483,68278,68823,68420,68332,77050,76362,75787,76298,75876,65957,65220,65415,65904,65308
447,0,0,4,77376,76930,76155,76124,76763,69950,68754,69298,68918,68807,77641,76956,76388,76895,76472,66426,65675,65879,66377,65769
448,1,0,4,76789,76354,75575,75546,76173,69474,68272,68820,68432,68344,77056,76345,75785,76292,75906,65979,65222,65425,65912,65307
449,0,0,4,77370,76924,76141,76110,76742,69926,68723,69279,68911,68804,77636,76903,76362,76862,76462,66414,65662,65880,66371,65758
450,1,0,4,76783,76349,75562,75547,76165,69480,68281,68835,68443,68330,77035,76348,75781,76302,75890,65979,65225,65430,65894,65309
451,0,0,4,77355,76910,76106,76086,76729,69909,68726,69272,68892,68783,77586,76904,76347,76859,76437,66403,65660,65879,66331,65738
452,1,0,4,76779,76347,75558,75527,76147,69464,68271,68823,68454,68329,77040,76343,75792,76293,75897,65972,65221,65415,65904,65304
453,0,0,4,77350,76908,76115,76086,76715,69913,68723,69258,68906,68783,77614,76915,76348,76864,76459,66414,65645,65859,66343,65749
454,1,0,4,76775,76349,75572,75556,76160,69465,68270,68816,68434,68322,77042,76357,75792,76292,75889,65960,65222,65417,65909,65309
455,0,0,4,77342,76891,76123,76100,76718,69906,68722,69276,68877,68780,77603,76910,76357,76856,76440,66403,65655,65845,66341,65746
456,1,0,4,76786,76351,75570,75555,76173,69480,68265,68829,68455,68337,77058,76361,75797,76313,75917,65976,65242,65425,65930,65330
457,0,0,4,77378,76927,76137,76117,76747,69943,68724,69298,68917,68800,77618,76938,76376,76889,76488,66427,65682,65876,66382,65780
458,1,0,4,76797,76341,75566,75554,76173,69490,68275,68838,68457,68367,77059,76372,75812,76300,75910,65983,65230,65448,65925,65334
459,0,0,4,77376,76909,76134,76114,76747,69935,68724,69283,68918,68821,77622,76934,76389,76880,76469,66429,65660,65888,66372,65773
460,1,0,4,76792,76350,75577,75547,76166,69471,68281,68828,68445,68317,77029,76352,75810,76294,75903,65973,65227,65419,65908,65319
461,0,0,4,77393,76936,76153,76112,76756,69934,68745,69293,68925,68791,77623,76948,76384,76884,76485,66432,65678,65873,66368,65773
462,1,0,4,76793,76343,75574,75543,76165,69470,68271,68814,68454,68339,77050,76352,75819,76286,75885,65975,65210,65412,65919,65329
463,0,0,4,77378,76916,76151,76106,76741,69920,68727,69275,68921,68797,77632,76928,76395,76865,76465,66428,65669,65875,66372,65768
464,1,0,4,76787,76339,75567,75537,76146,69493,68275,68822,68448,68332,77058,76364,75821,76292,75897,65987,65217,65436,65924,65318
465,0,0,4,77391,76925,76144,76112,76750,69963,68755,69290,68921,68810,77647,76952,76404,76882,76479,66451,65679,65898,66384,65787
466,1,0,4,76799,76361,75569,75543,76146,69483,68283,68818,68461,68339,77065,76369,75817,76293,75894,65998,65227,65442,65928,65344
467,0,0,4,77382,76935,76133,76102,76729,69943,68741,69279,68916,68808,77641,76947,76396,76886,76476,66442,65672,65884,66373,65789
468,1,0,4,76775,76349,75575,75549,76153,69488,68278,68803,68457,68322,77061,76363,75817,76295,75906,65977,65233,65435,65919,65314
469,0,0,4,77364,76924,76132,76107,76747,69934,68740,69267,68914,68780,77631,76935,76401,76855,76490,66424,65668,65866,66372,65767
470,1,0,4,76799,76364,75567,75543,76161,69484,68292,68818,68458,68342,77050,76377,75823,76306,75896,65984,65229,65436,65928,65337
471,0,0,4,77381,76923,76128,76103,76742,69948,68753,69274,68919,68799,77625,76954,76398,76877,76471,66437,65679,65884,66382,65788
472,1,0,4,76807,76351,75581,75556,76152,69483,68286,68826,68469,68338,77074,76371,75818,76292,75917,65985,65232,65431,65918,65350
473,0,0,4,77394,76922,76146,76119,76742,69942,68748,69291,68936,68799,77656,76958,76405,76873,76487,66443,65692,65893,66366,65804
474,1,0,4,76803,76356,75579,75546,76169,69490,68288,68830,68465,68334,77065,76359,75821,76313,75944,65990,65228,65431,65910,65339
475,0,0,4,77382,76927,76134,76093,76740,69940,68745,69286,68916,68791,77626,76931,76407,76883,76495,66435,65667,65877,66368,65781
476,1,0,4,76792,76363,75576,75556,76179,69499,68291,68832,68476,68339,77071,76372,75833,76313,75924,65993,65233,65448,65924,65351
477,0,0,4,77373,76926,76140,76104,76739,69929,68738,69280,68922,68788,77622,76939,76399,76874,76475,66426,65674,65883,66354,65786
478,1,0,4,76791,76340,75566,75557,76170,69498,68294,68823,68450,68338,77044,76360,75812,76295,75914,65987,65245,65433,65912,65329
479,0,0,4,77372,76924,76146,76123,76754,69955,68756,69292,68919,68804,77637,76939,76399,76884,76489,66438,65675,65890,66376,65784
480,1,0,4,76770,76345,75572,75549,76167,69478,68274,68807,68444,68327,77047,76365,75824,76304,75907,65982,65212,65427,65898,65322
481,0,0,4,77357,76930,76165,76126,76754,69940,68747,69277,68930,68803,77621,76955,76411,76900,76494,66437,65681,65890,66359,65791
482,1,0,4,76801,76349,75574,75568,76171,69500,68295,68827,68467,68343,77070,76369,75823,76318,75914,65992,65236,65438,65923,65347
483,0,0,4,77376,76912,76136,76120,76748,69955,68757,69283,68924,68805,77634,76943,76407,76891,76475,66440,65683,65891,66357,65795
484,1,0,4,76800,76370,75582,75580,76181,69505,68304,68844,68476,68345,77065,76391,75839,76317,75919,66007,65262,65455,65920,65355
485,0,0,4,77379,76946,76144,76141,76762,69955,68761,69294,68944,68808,77646,76956,76428,76887,76486,66449,65700,65901,66380,65805
486,1,0,4,76783,76341,75565,75539,76178,69479,68281,68816,68454,68325,77041,76350,75802,76285,75881,65994,65237,65430,65902,65329
487,0,0,4,77390,76948,76143,76122,76783,69959,68756,69290,68931,68805,77640,76954,76402,76884,76472,66457,65700,65897,66374,65799
488,1,0,4,76802,76340,75588,75555,76194,69482,68290,68826,68461,68329,77053,76376,75809,76316,75914,65988,65237,65428,65915,65331
489,0,0,4,77368,76901,76155,76105,76748,69929,68736,69272,68915,68787,77616,76937,76375,76879,76463,66424,65670,65867,66366,65777
490,1,0,4,76772,76328,75580,75537,76168,69458,68276,68817,68449,68309,77040,76355,75796,76290,75904,65985,65221,65409,65897,65317
491,0,0,4,77368,76897,76152,76109,76755,69914,68750,69274,68913,68776,77600,76924,76386,76868,76473,66431,65664,65853,66365,65777
492,1,0,4,76786,76324,75581,75543,76153,69470,68276,68800,68440,68324,77048,76352,75779,76283,75901,65989,65215,65412,65893,65307
493,0,0,4,77383,76902,76154,76111,76745,69929,68760,69272,68902,68790,77629,76948,76371,76865,76486,66447,65676,65873,66359,65781
494,1,0,4,76780,76338,75577,75552,76166,69480,68278,68817,68452,68320,77067,76357,75802,76305,75914,65986,65235,65423,65915,65313
495,0,0,4,77363,76915,76145,76119,76728,69944,68739,69281,68916,68773,77646,76928,76376,76888,76479,66436,65683,65870,66359,65763
496,1,0,4,76789,76343,75581,75549,76173,69485,68279,68838,68467,68333,77059,76367,75814,76304,75914,66000,65242,65425,65921,65346
497,0,0,4,77365,76923,76142,76127,76754,69938,68744,69291,68928,68800,77622,76943,76391,76889,76482,66442,65688,65866,66374,65794
498,1,0,4,76767,76337,75559,75538,76149,69481,68265,68792,68445,68317,77031,76342,75786,76290,75879,65964,65221,65422,65892,65311
499,0,0,4,77372,76922,76141,76127,76750,69948,68744,69269,68915,68793,77620,76943,76377,76882,76465,66426,65692,65878,66361,65776
500,1,0,4,76786,76331,75582,75547,76175,69488,68283,68828,68456,68319,77060,76358,75804,76297,75903,65973,65242,65417,65910,65322
501,0,0,4,77361,76896,76154,76099,76750,69941,68742,69270,68917,68781,77634,76923,76391,76884,76466,66424,65674,65872,66362,65767
502,1,0,4,76776,76332,75585,75535,76144,69486,68272,68828,68462,68339,77040,76348,75806,76308,75906,65983,65244,65433,65910,65325
503,0,0,4,77348,76892,76128,76087,76712,69917,68715,69260,68904,68783,77611,76905,76368,76872,76456,66405,65676,65867,66343,65766
504,1,0,4,76774,76315,75549,75532,76150,69467,68270,68800,68438,68325,77046,76341,75788,76282,75888,65974,65211,65411,65897,65311
505,0,0,4,77354,76887,76124,76096,76730,69926,68729,69265,68917,68795,77618,76915,76365,76868,76460,66419,65671,65865,66348,65762
506,1,0,4,76779,76346,75575,75565,76164,69487,68287,68825,68451,68333,77063,76347,75810,76319,75907,65991,65221,65437,65894,65320
507,0,0,4,77351,76916,76124,76109,76717,69932,68738,69273,68911,68775,77617,76911,76376,76884,76470,66424,65658,65874,66339,65763
508,1,0,4,76785,76319,75555,75522,76150,69479,68285,68824,68452,68330,77054,76348,75797,76295,75899,65989,65222,65416,65899,65323
509,0,0,4,77357,76894,76123,76088,76726,69928,68743,69270,68905,68779,77615,76926,76364,76876,76458,66424,65662,65863,66351,65766
510,1,0,4,76788,76357,75576,75547,76169,69489,68296,68834,68463,68318,77057,76368,75807,76298,75912,65995,65235,65424,65915,65328
511,0,0,4,77359,76904,76121,76097,76741,69936,68745,69287,68923,68770,77627,76925,76378,76867,76469,66427,65676,65869,66368,65775
512,1,0,4,76794,76353,75585,75545,76169,69499,68304,68823,68477,68349,77079,76376,75829,76314,75917,66002,65239,65450,65940,65340
513,0,0,4,77363,76892,76129,76088,76732,69938,68752,69265,68922,68801,77639,76947,76375,76876,76470,66437,65676,65881,66366,65772
514,1,0,4,76801,76338,75579,75542,76172,69480,68284,68815,68456,68311,77075,76364,75818,76306,75902,65974,65231,65430,65901,65316
515,0,0,4,77380,76916,76145,76096,76740,69930,68735,69276,68926,68765,77648,76931,76391,76873,76459,66423,65680,65874,66360,65770
516,1,0,4,76780,76344,75581,75539,76155,69479,68274,68813,68463,68307,77067,76359,75805,76290,75893,65976,65230,65418,65923,65320
517,0,0,4,77374,76931,76151,76116,76751,69947,68748,69289,68929,68787,77649,76946,76391,76891,76475,66431,65684,65878,66390,65783
518,1,0,4,76781,76332,75581,75549,76153,69474,68283,68815,68439,68322,77056,76338,75808,76286,75892,65973,65231,65427,65921,65315
519,0,0,4,77376,76909,76151,76120,76747,69947,68737,69280,68908,68776,77651,76927,76397,76872,76472,66430,65681,65888,66379,65773
520,1,0,4,76792,76343,75569,75548,76172,69488,68290,68826,68447,68314,77071,76363,75806,76297,75901,65992,65240,65426,65926,65307
521,0,0,4,77362,76902,76132,76097,76727,69920,68727,69269,68896,68760,77625,76920,76365,76861,76456,66426,65676,65885,66358,65754
522,1,0,4,76765,76340,75585,75544,76151,69478,68284,68820,68449,68327,77050,76356,75824,76298,75900,65982,65243,65428,65911,65311
523,0,0,4,77359,76921,76161,76119,76750,69953,68765,69281,68920,68791,77630,76937,76391,76887,76473,66442,65695,65887,66375,65763
524,1,0,4,76782,76328,75588,75555,76171,69475,68296,68825,68463,68331,77058,76342,75815,76296,75899,65992,65253,65425,65927,65314
525,0,0,4,77366,76915,76149,76101,76741,69942,68753,69275,68916,68796,77616,76912,76384,76877,76461,66424,65694,65873,66376,65764
526,1,0,4,76779,76333,75564,75530,76141,69484,68287,68818,68448,68313,77030,76350,75803,76291,75909,65977,65229,65429,65907,65302
527,0,0,4,77368,76892,76127,76088,76726,69928,68746,69284,68908,68779,77603,76917,76382,76872,76474,66422,65663,65877,66360,65757
528,1,0,4,76787,76345,75581,75559,76167,69471,68299,68802,68454,68325,77063,76367,75805,76304,75904,65978,65237,65427,65914,65323
529,0,0,4,77360,76903,76140,76115,76726,69927,68749,69257,68895,68771,77622,76933,76376,76872,76470,66426,65672,65871,66368,65757
530,1,0,4,76789,76351,75593,75561,76169,69492,68289,68821,68451,68324,77064,76369,75812,76306,75911,65983,65241,65431,65929,65332
531,0,0,4,77381,76929,76166,76140,76756,69969,68766,69295,68933,68805,77647,76947,76406,76903,76492,66444,65693,65888,66377,65793
532,1,0,4,76790,76359,75589,75563,76183,69501,68307,68839,68473,68334,77062,76371,75799,76319,75908,65984,65240,65433,65916,65330
533,0,0,4,77383,76920,76166,76124,76755,69958,68764,69287,68928,68786,77622,76921,76366,76886,76464,66433,65681,65873,66366,65776
534,1,0,4,76789,76318,75593,75550,76165,69482,68295,68828,68450,68335,77044,76349,75795,76310,75898,65987,65228,65429,65911,65321
535,0,0,4,77363,76900,76152,76112,76747,69940,68754,69286,68902,68800,77617,76926,76386,76883,76470,66423,65674,65876,66364,65780
536,1,0,4,76787,76352,75599,75551,76175,69505,68287,68843,68471,68346,77054,76365,75832,76320,75917,65994,65247,65447,65930,65353
537,0,0,4,77371,76932,76167,76110,76758,69956,68754,69293,68939,68798,77629,76941,76409,76906,76496,66447,65682,65893,66385,65801
538,1,0,4,76786,76355,75599,75543,76156,69488,68287,68834,68456,68335,77056,76359,75811,76320,75892,65980,65203,65414,65914,65324
539,0,0,4,77382,76929,76160,76116,76746,69951,68751,69309,68939,68795,77651,76951,76407,76910,76468,66440,65661,65881,66370,65785
540,1,0,4,76785,76337,75587,75566,76164,69489,68280,68829,68467,68323,77065,76359,75812,76321,75894,65989,65236,65430,65905,65335
541,0,0,4,77338,76881,76138,76097,76738,69924,68727,69271,68921,68766,77614,76912,76369,76885,76451,66417,65674,65861,66340,65760
542,1,0,4,76795,76347,75587,75546,76178,69495,68294,68838,68472,68328,77057,76366,75808,76307,75909,65989,65242,65441,65915,65314
543,0,0,4,77347,76897,76144,76096,76739,69937,68741,69284,68924,68784,77622,76929,76383,76868,76463,66424,65675,65871,66348,65747
544,1,0,4,76792,76333,75575,75543,76174,69497,68289,68824,68461,68323,77029,76352,75808,76308,75891,65985,65237,65422,65915,65340
545,0,0,4,77378,76904,76130,76106,76743,69955,68748,69284,68927,68793,77611,76928,76389,76886,76467,66441,65683,65863,66370,65788
546,1,0,4,76798,76329,75572,75553,76160,69485,68295,68810,68468,68336,77052,76348,75811,76307,75900,65993,65230,65441,65908,65331
547,0,0,4,77394,76915,76154,76121,76749,69959,68758,69284,68923,68809,77634,76942,76415,76897,76489,66437,65689,65882,66370,65784
548,1,0,4,76803,76337,75570,75561,76190,69505,68300,68827,68468,68344,77071,76356,75826,76314,75908,65995,65250,65441,65914,65339
549,0,0,4,77393,76907,76144,76130,76763,69959,68761,69275,68940,68803,77627,76933,76405,76905,76479,66446,65691,65884,66376,65790
550,1,0,4,76777,76334,75560,75544,76159,69480,68277,68825,68450,68310,77039,76337,75815,76307,75913,65980,65227,65423,65907,65327
551,0,0,4,77358,76893,76128,76113,76728,69938,68737,69288,68926,68775,77627,76921,76383,76887,76485,66428,65676,65878,66357,65768
552,1,0,4,76789,76335,75576,75563,76178,69489,68286,68832,68471,68345,77078,76364,75813,76298,75906,66015,65248,65435,65930,65343
553,0,0,4,77369,76907,76141,76130,76755,69942,68745,69294,68928,68808,77669,76947,76398,76880,76476,66461,65700,65881,66386,65790
554,1,0,4,76802,76338,75597,75579,76183,69495,68299,68840,68479,68329,77075,76379,75823,76314,75917,66016,65248,65437,65943,65352
555,0,0,4,77384,76907,76153,76128,76753,69952,68748,69298,68937,68776,77632,76951,76404,76894,76477,66457,65692,65894,66386,65787
556,1,0,4,76801,76338,75587,75560,76177,69507,68281,68845,68470,68344,77069,76360,75818,76308,75914,66010,65246,65426,65941,65332
557,0,0,4,77388,76905,76148,76115,76757,69957,68728,69294,68931,68800,77643,76936,76395,76888,76482,66450,65695,65865,66392,65794
558,1,0,4,76783,76352,75574,75538,76170,69485,68289,68834,68472,68324,77062,76355,75825,76301,75915,66009,65241,65433,65935,65336
559,0,0,4,77375,76921,76143,76101,76750,69947,68751,69286,68927,68803,77633,76927,76405,76877,76475,66445,65675,65876,66391,65783
560,1,0,4,76780,76324,75558,75541,76162,69491,68279,68823,68459,68327,77038,76344,75834,76290,75907,65990,65217,65430,65929,65329
561,0,0,4,77377,76902,76133,76122,76738,69954,68751,69288,68924,68791,77613,76934,76425,76883,76481,66448,65682,65884,66396,65782
562,1,0,4,76774,76347,75584,75556,76166,69486,68287,68844,68471,68340,77051,76347,75828,76310,75908,65993,65250,65428,65941,65334
563,0,0,4,77362,76915,76144,76120,76751,69951,68756,69293,68927,68795,77626,76921,76399,76893,76486,66446,65692,65879,66387,65790
564,1,0,4,76792,76326,75571,75554,76165,69483,68277,68820,68455,68316,77062,76356,75820,76301,75886,65990,65237,65422,65921,65319
565,0,0,4,77390,76912,76153,76119,76761,69956,68751,69292,68929,68787,77636,76956,76404,76888,76477,66447,65691,65879,66373,65786
566,1,0,4,76778,76333,75575,75558,76179,69474,68290,68832,68447,68347,77043,76359,75842,76310,75903,65984,65227,65417,65926,65321
567,0,0,4,77371,76909,76131,76116,76763,69937,68754,69295,68912,68819,77646,76936,76421,76893,76473,66437,65673,65876,66383,65774
568,1,0,4,76779,76332,75585,75553,76185,69462,68288,68829,68457,68321,77061,76353,75811,76318,75911,65992,65234,65421,65931,65325
569,0,0,4,77367,76906,76154,76118,76761,69929,68758,69291,68923,68796,77640,76931,76402,76905,76486,66446,65696,65876,66386,65779
570,1,0,4,76787,76345,75579,75562,76186,69480,68290,68839,68454,68338,77050,76357,75823,76298,75917,65995,65232,65444,65920,65330
571,0,0,4,77366,76905,76151,76128,76754,69935,68744,69294,68922,68807,77622,76934,76406,76886,76485,66442,65676,65884,66375,65776
572,1,0,4,76779,76329,75590,75552,76182,69494,68283,68835,68457,68336,77057,76373,75827,76310,75900,65995,65233,65441,65932,65331
573,0,0,4,77364,76896,76162,76121,76758,69941,68737,69301,68931,68793,77614,76939,76403,76889,76467,66438,65683,65879,66384,65791
574,1,0,4,76775,76334,75581,75555,76178,69481,68293,68841,68468,68336,77059,76370,75829,76311,75895,65997,65236,65440,65919,65354
575,0,0,4,77362,76913,76151,76100,76750,69933,68743,69303,68907,68796,77627,76936,76398,76877,76459,66443,65686,65891,66365,65793
576,1,0,4,76775,76340,75580,75548,76165,69478,68293,68825,68465,68335,77061,76356,75813,76305,75904,65990,65229,65437,65925,65333
577,0,0,4,77375,76931,76159,76128,76763,69944,68756,69299,68953,68807,77648,76946,76404,76891,76492,66451,65682,65907,66396,65793
578,1,0,4,76775,76329,75575,75547,76157,69485,68282,68819,68471,68322,77071,76363,75818,76286,75909,65993,65226,65433,65930,65340
579,0,0,4,77392,76929,76157,76136,76754,69959,68759,69299,68954,68817,77655,76963,76413,76893,76493,66453,65692,65898,66387,65810
580,1,0,4,76787,76339,75593,75568,76185,69483,68288,68840,68472,68326,77064,76381,75822,76301,75912,65992,65235,65448,65929,65347
581,0,0,4,77374,76924,76166,76136,76764,69942,68750,69307,68940,68790,77634,76954,76395,76893,76481,66444,65676,65903,66386,65795
582,1,0,4,76808,76364,75581,75580,76182,69482,68296,68856,68473,68337,77067,76371,75846,76309,75907,66001,65241,65445,65928,65346
583,0,0,4,77390,76937,76162,76153,76774,69955,68770,69317,68947,68807,77652,76965,76424,76888,76480,66447,65685,65901,66390,65810
584,1,0,4,76802,76355,75596,75566,76184,69498,68285,68837,68473,68323,77053,76356,75828,76313,75906,65997,65239,65436,65908,65327
585,0,0,4,77377,76940,76171,76135,76759,69963,68752,69308,68933,68795,77618,76940,76405,76890,76483,66452,65685,65883,66366,65785
586,1,0,4,76792,76346,75578,75557,76157,69495,68286,68828,68465,68323,77043,76355,75811,76282,75898,65976,65225,65424,65925,65317
587,0,0,4,77382,76926,76150,76119,76744,69954,68752,69283,68927,68784,77619,76932,76400,76862,76461,66429,65666,65881,66388,65767
588,1,0,4,76811,76357,75598,75573,76202,69498,68291,68834,68481,68341,77069,76365,75824,76323,75925,65996,65228,65457,65918,65332
589,0,0,4,77372,76921,76149,76121,76759,69939,68746,69283,68926,68781,77636,76914,76392,76876,76484,66426,65676,65892,66361,65778
590,1,0,4,76794,76359,75584,75560,76187,69485,68265,68828,68461,68324,77065,76351,75815,76296,75906,65989,65228,65445,65915,65334
591,0,0,4,77378,76927,76150,76127,76761,69937,68731,69284,68923,68799,77637,76929,76402,76881,76477,66442,65678,65889,66378,65792
592,1,0,4,76788,76361,75570,75552,76164,69488,68281,68823,68479,68342,77061,76350,75819,76308,75919,66001,65234,65447,65932,65332
593,0,0,4,77390,76950,76149,76132,76756,69955,68750,69294,68953,68799,77642,76941,76396,76902,76502,66447,65695,65904,66388,65798
594,1,0,4,76795,76354,75565,75543,76169,69486,68268,68813,68472,68325,77050,76338,75813,76276,75897,65985,65235,65432,65918,65325
595,0,0,4,77390,76949,76137,76121,76753,69960,68731,69280,68939,68803,77629,76926,76394,76868,76472,66440,65692,65895,66391,65787
596,1,0,4,76789,76367,75579,75540,76174,69494,68296,68827,68477,68352,77057,76367,75818,76311,75924,65989,65234,65456,65905,65329
597,0,0,4,77369,76936,76146,76114,76750,69949,68755,69283,68926,68811,77629,76945,76400,76888,76494,66444,65681,65903,66373,65784
598,1,0,4,76803,76351,75584,75556,76169,69502,68283,68834,68471,68343,77071,76352,75824,76297,75917,65992,65236,65457,65936,65332
599,0,0,4,77396,76928,76165,76129,76759,69949,68747,69303,68930,68810,77641,76935,76419,76887,76493,66444,65681,65903,66391,65786
600,1,0,4,76798,76358,75582,75555,76178,69509,68291,68847,68470,68354,77075,76369,75823,76311,75920,66017,65253,65463,65947,65341
601,0,0,4,77386,76952,76166,76132,76777,69981,68771,69319,68953,68820,77651,76961,76419,76900,76510,66476,65716,65920,66414,65800
602,1,0,4,76802,76381,75603,75574,76207,69504,68306,68852,68496,68356,77071,76371,75819,76311,75929,66009,65264,65472,65948,65350
603,0,0,4,77391,76959,76180,76136,76771,69960,68772,69319,68961,68829,77647,76950,76393,76878,76507,66459,65716,65921,66408,65809
604,1,0,4,76823,76371,75589,75571,76202,69503,68301,68862,68476,68322,77079,76374,75847,76300,75915,66013,65244,65458,65945,65348
605,0,0,4,77394,76936,76157,76132,76776,69948,68764,69313,68926,68784,77658,76948,76409,76883,76491,66455,65697,65909,66402,65799
606,1,0,4,76791,76373,75602,75572,76180,69494,68282,68837,68461,68335,77073,76379,75830,76308,75918,65999,65253,65466,65948,65352
607,0,0,4,77381,76951,76177,76141,76776,69966,68758,69312,68934,68814,77669,76961,76414,76901,76496,66461,65715,65917,66406,65810
608,1,0,4,76809,76364,75589,75573,76165,69509,68300,68850,68463,68349,77104,76387,75824,76316,75920,66004,65252,65474,65942,65352
609,0,0,4,77376,76924,76150,76119,76739,69948,68758,69299,68926,68789,77661,76953,76396,76885,76479,66436,65698,65912,66381,65791
610,1,0,4,76787,76363,75597,75583,76173,69503,68287,68855,68479,68328,77086,76370,75811,76310,75931,66009,65257,65472,65931,65364
611,0,0,4,77391,76943,76166,76155,76766,69971,68763,69334,68934,68804,77671,76956,76392,76898,76511,66467,65724,65937,66402,65823
612,1,0,4,76791,76351,75594,75573,76188,69491,68281,68842,68468,68335,77076,76361,75814,76307,75915,66003,65240,65470,65929,65331
613,0,0,4,77359,76910,76150,76121,76761,69944,68747,69299,68925,68787,77633,76942,76381,76884,76482,66446,65693,65921,66381,65777
614,1,0,4,76780,76353,75577,75553,76166,69481,68269,68842,68465,68321,77053,76366,75826,76291,75907,65989,65237,65444,65944,65333
615,0,0,4,77352,76925,76141,76116,76753,69939,68733,69303,68911,68788,77629,76940,76403,76877,76480,66435,65675,65898,66384,65772
616,1,0,4,76775,76349,75577,75560,76166,69487,68273,68826,68448,68320,77063,76373,75814,76309,75907,65995,65240,65434,65902,65331
617,0,0,4,77359,76919,76142,76127,76747,69942,68736,69291,68913,68785,77635,76937,76396,76893,76476,66448,65673,65883,66357,65784
618,1,0,4,76778,76336,75590,75547,76160,69475,68281,68822,68450,68320,77060,76366,75809,76303,75898,65998,65227,65425,65904,65331
619,0,0,4,77338,76898,76136,76128,76729,69919,68722,69271,68907,68770,77624,76930,76390,76873,76456,66431,65670,65867,66346,65763
620,1,0,4,76781,76346,75582,75559,76156,69480,68273,68835,68450,68317,77067,76363,75800,76312,75894,65982,65226,65445,65920,65332
621,0,0,4,77361,76924,76160,76122,76742,69930,68736,69290,68913,68781,77651,76939,76395,76887,76461,66434,65676,65894,66373,65783
622,1,0,4,76768,76326,75567,75537,76135,69459,68267,68815,68448,68311,77050,76353,75797,76299,75888,65977,65218,65437,65906,65307
623,0,0,4,77352,76919,76140,76117,76723,69915,68721,69283,68914,68779,77642,76929,76373,76882,76459,66422,65672,65885,66358,65761
624,1,0,4,76781,76351,75589,75557,76169,69489,68281,68847,68467,68327,77052,76366,75809,76307,75916,65990,65243,65452,65929,65331
625,0,0,4,77376,76929,76156,76134,76759,69942,68745,69309,68941,68790,77637,76940,76383,76889,76487,66446,65691,65919,66372,65775
626,1,0,4,76774,76337,75589,75566,76186,69480,68270,68850,68471,68322,77089,76373,75836,76317,75908,65984,65237,65443,65931,65349
627,0,0,4,77356,76904,76137,76118,76749,69933,68726,69306,68916,68759,77658,76950,76400,76886,76467,66428,65673,65887,66369,65777
628,1,0,4,76780,76349,75596,75572,76182,69484,68277,68845,68474,68319,77076,76381,75817,76311,75923,65998,65227,65452,65930,65342
629,0,0,4,77362,76917,76154,76104,76735,69944,68724,69293,68926,68772,77642,76949,76381,76871,76476,66431,65671,65900,66379,65786
630,1,0,4,76769,76356,75598,75555,76162,69480,68273,68841,68473,68343,77069,76365,75819,76312,75920,65998,65243,65460,65914,65340
631,0,0,4,77333,76908,76147,76103,76722,69921,68715,69274,68913,68784,77627,76919,76392,76869,76470,66434,65666,65891,66350,65765
632,1,0,4,76780,76357,75591,75561,76163,69481,68278,68815,68464,68326,77067,76365,75816,76313,75912,65990,65234,65448,65909,65335
633,0,0,4,77345,76906,76151,76108,76735,69919,68724,69276,68907,68780,77628,76933,76385,76874,76464,66422,65672,65888,66343,65759
634,1,0,4,76773,76338,75578,75545,76155,69473,68256,68815,68436,68307,77043,76341,75786,76277,75891,65970,65229,65437,65886,65313
635,0,0,4,77377,76940,76161,76134,76756,69955,68735,69305,68921,68790,77644,76950,76391,76881,76488,66451,65686,65906,66364,65796
636,1,0,4,76811,76373,75606,75596,76181,69510,68307,68855,68480,68349,77097,76397,75827,76319,75930,66003,65241,65462,65932,65336
637,0,0,4,77377,76918,76162,76135,76749,69948,68740,69284,68927,68794,77658,76945,76390,76888,76487,66436,65672,65897,66379,65778
638,1,0,4,76773,76333,75567,75548,76173,69481,68251,68828,68453,68332,77068,76364,75792,76292,75904,65978,65242,65442,65899,65319
639,0,0,4,77349,76889,76118,76094,76733,69924,68701,69284,68903,68772,77639,76923,76363,76850,76447,66408,65673,65882,66341,65764
640,1,0,4,76792,76363,75588,75564,76162,69495,68278,68851,68467,68336,77062,76375,75805,76298,75912,65991,65235,65445,65924,65343
641,0,0,4,77361,76910,76134,76112,76734,69936,68734,69303,68919,68786,77629,76936,76381,76861,76468,66437,65673,65889,66371,65781
642,1,0,4,76796,76338,75607,75571,76189,69506,68286,68836,68470,68338,77093,76370,75820,76302,75914,66006,65248,65467,65925,65339
643,0,0,4,77397,76930,76164,76140,76773,69970,68754,69313,68950,68814,77676,76950,76404,76886,76496,66473,65705,65926,66401,65806
644,1,0,4,76782,76353,75589,75563,76175,69478,68272,68840,68478,68323,77053,76351,75811,76296,75902,66008,65232,65436,65922,65318
645,0,0,4,77360,76914,76160,76128,76758,69944,68733,69304,68942,68791,77641,76934,76383,76880,76485,66453,65674,65883,66368,65774
646,1,0,4,76771,76317,75567,75545,76148,69474,68239,68806,68434,68307,77056,76330,75799,76263,75871,65971,65213,65431,65914,65307
647,0,0,4,77365,76900,76144,76122,76737,69945,68711,69280,68925,68790,77634,76919,76385,76846,76460,66441,65674,65884,66380,65776
648,1,0,4,76781,76353,75587,75566,76177,69508,68291,68850,68481,68357,77092,76356,75829,76292,75913,66002,65229,65455,65938,65337
649,0,0,4,77374,76922,76157,76129,76755,69963,68749,69310,68950,68799,77667,76937,76412,76873,76484,66447,65691,65905,66383,65791
650,1,0,4,76759,76320,75560,75543,76165,69466,68262,68813,68454,68318,77066,76350,75796,76292,75901,65982,65227,65431,65911,65312
651,0,0,4,77351,76911,76138,76129,76750,69940,68740,69305,68932,68801,77654,76941,76391,76887,76489,66442,65680,65878,66388,65792
652,1,0,4,76773,76337,75581,75567,76172,69489,68280,68841,68486,68319,77072,76354,75807,76289,75899,65996,65235,65438,65941,65354
653,0,0,4,77355,76918,76142,76129,76754,69944,68739,69319,68951,68794,77644,76933,76397,76868,76477,66446,65687,65880,66389,65804
654,1,0,4,76769,76350,75585,75556,76160,69496,68281,68849,68473,68333,77058,76357,75813,76273,75905,65991,65237,65435,65927,65336
655,0,0,4,77373,76924,76162,76138,76756,69958,68759,69321,68948,68811,77648,76954,76393,76867,76496,66454,65696,65895,66384,65811
656,1,0,4,76796,76358,75611,75576,76177,69503,68303,68856,68488,68345,77091,76385,75837,76310,75922,66015,65241,65443,65933,65352
657,0,0,4,77384,76947,76178,76150,76763,69983,68762,69318,68960,68817,77672,76959,76434,76887,76496,66457,65696,65897,66388,65800
658,1,0,4,76792,76366,75604,75595,76176,69507,68302,68853,68492,68349,77101,76384,75861,76308,75934,66017,65244,65442,65948,65351
659,0,0,4,77367,76924,76175,76157,76745,69947,68756,69308,68961,68805,77655,76947,76431,76883,76499,66456,65692,65894,66407,65809
660,1,0,4,76782,76362,75587,75570,76171,69512,68296,68861,68488,68343,77062,76389,75828,76296,75921,66017,65260,65452,65944,65344
661,0,0,4,77372,76926,76152,76141,76748,69965,68757,69308,68953,68801,77620,76945,76405,76877,76485,66467,65703,65902,66384,65788
662,1,0,4,76774,76339,75577,75558,76168,69499,68295,68835,68479,68323,77068,76356,75819,76286,75922,66008,65243,65445,65934,65331
663,0,0,4,77355,76919,76150,76117,76749,69965,68748,69295,68946,68782,77649,76930,76399,76877,76496,66450,65687,65900,66381,65779
664,1,0,4,76776,76353,75600,75565,76155,69503,68269,68861,68483,68342,77064,76362,75826,76300,75900,66010,65237,65442,65926,65329
665,0,0,4,77369,76925,76153,76120,76731,69947,68723,69309,68925,68817,77637,76942,76390,76874,76473,66457,65677,65888,66375,65777
666,1,0,4,76773,76348,75586,75557,76155,69493,68276,68833,68478,68323,77048,76345,75803,76287,75908,65996,65225,65441,65918,65317
667,0,0,4,77370,76913,76146,76121,76753,69951,68743,69303,68941,68794,77637,76923,76396,76867,76464,66453,65673,65894,66375,65777
668,1,0,4,76782,76349,75599,75563,76151,69479,68286,68839,68468,68327,77074,76347,75817,76279,75910,66007,65235,65443,65932,65339
669,0,0,4,77355,76920,76158,76118,76727,69935,68733,69294,68923,68793,77621,76919,76400,76856,76472,66453,65678,65885,66380,65792
670,1,0,4,76762,76330,75581,75551,76144,69483,68274,68829,68468,68344,77067,76343,75819,76297,75898,65995,65217,65428,65924,65333
671,0,0,4,77353,76920,76152,76130,76747,69951,68751,69311,68954,68817,77644,76930,76413,76890,76480,66457,65668,65896,66386,65796
672,1,0,4,76796,76359,75601,75563,76161,69489,68286,68837,68470,68345,77041,76344,75825,76290,75913,66002,65244,65443,65931,65334
673,0,0,4,77358,76932,76136,76119,76735,69947,68742,69287,68928,68794,77622,76916,76394,76871,76470,66445,65686,65889,66384,65788
674,1,0,4,76792,76365,75611,75564,76163,69506,68290,68843,68454,68325,77046,76363,75821,76290,75913,66015,65243,65443,65942,65343
675,0,0,4,77366,76931,76172,76127,76734,69941,68746,69295,68912,68786,77631,76932,76398,76870,76472,66459,65682,65889,66396,65793
676,1,0,4,76782,76363,75589,75564,76158,69483,68281,68836,68465,68342,77056,76351,75817,76293,75900,66003,65231,65449,65928,65341
677,0,0,4,77380,76942,76162,76139,76748,69950,68751,69305,68933,68812,77642,76933,76395,76880,76479,66453,65684,65910,66388,65798
678,1,0,4,76792,76352,75588,75556,76158,69496,68276,68839,68469,68339,77042,76355,75795,76286,75911,66000,65236,65454,65932,65343
679,0,0,4,77373,76926,76156,76118,76737,69967,68744,69301,68926,68812,77641,76938,76387,76872,76480,66459,65685,65907,66402,65803
680,1,0,4,76800,76365,75602,75565,76167,69506,68315,68849,68494,68335,77084,76365,75822,76308,75919,66017,65258,65465,65963,65362
681,0,0,4,77390,76927,76159,76129,76743,69958,68764,69308,68948,68792,77649,76941,76409,76884,76481,66456,65703,65912,66414,65799
682,1,0,4,76784,76327,75568,75540,76142,69469,68287,68825,68464,68324,77046,76348,75804,76272,75896,65988,65212,65440,65931,65317
683,0,0,4,77386,76920,76151,76109,76741,69939,68754,69290,68946,68801,77640,76930,76400,76866,76474,66453,65664,65896,66395,65784
684,1,0,4,76786,76337,75590,75562,76156,69486,68309,68822,68467,68339,77058,76343,75828,76283,75907,65999,65227,65435,65929,65333
685,0,0,4,77374,76913,76172,76133,76743,69949,68768,69288,68934,68815,77637,76931,76415,76872,76480,66450,65675,65893,66394,65791
686,1,0,4,76773,76353,75595,75555,76148,69488,68301,68826,68452,68339,77047,76351,75816,76284,75913,65991,65248,65431,65927,65326
687,0,0,4,77368,76931,76162,76130,76731,69951,68763,69297,68926,68815,77634,76936,76402,76876,76485,66442,65687,65886,66388,65773
688,1,0,4,76774,76345,75574,75545,76155,69471,68289,68814,68470,68359,77069,76361,75807,76295,75900,65987,65215,65450,65926,65338
689,0,0,4,77375,76939,76166,76127,76752,69955,68773,69300,68945,68832,77661,76963,76419,76890,76493,66457,65678,65918,66401,65801
690,1,0,4,76779,76353,75581,75559,76165,69462,68288,68827,68466,68339,77067,76352,75815,76304,75908,65996,65226,65449,65914,65335
691,0,0,4,77353,76922,76142,76119,76737,69909,68748,69286,68920,68806,77640,76919,76396,76877,76474,66447,65675,65886,66366,65789
692,1,0,4,76770,76344,75600,75550,76144,69476,68288,68821,68472,68318,77050,76350,75808,76287,75914,65996,65225,65437,65913,65330
693,0,0,4,77376,76938,76189,76137,76731,69958,68771,69308,68949,68812,77650,76933,76414,76894,76510,66452,65680,65906,66386,65790
694,1,0,4,76789,76351,75600,75539,76158,69475,68311,68837,68465,68345,77078,76374,75829,76312,75912,66007,65230,65447,65938,65345
695,0,0,4,77375,76916,76172,76116,76747,69933,68774,69300,68926,68807,77656,76946,76414,76893,76479,66453,65677,65894,66386,65785
696,1,0,4,76772,76363,75582,75565,76155,69494,68310,68832,68463,68328,77064,76366,75810,76305,75912,66006,65223,65461,65932,65340
697,0,0,4,77353,76931,76141,76119,76724,69935,68761,69283,68915,68796,77635,76922,76392,76872,76480,66450,65659,65900,66372,65780
698,1,0,4,76768,76350,75582,75545,76155,69482,68294,68821,68455,68331,77073,76348,75813,76283,75910,65992,65212,65439,65907,65309
699,0,0,4,77362,76931,76151,76116,76736,69942,68762,69288,68921,68803,77643,76925,76398,76867,76486,66451,65674,65893,66359,65768
700,1,0,4,76777,76354,75561,75550,76144,69464,68292,68826,68462,68330,77062,76345,75817,76292,75921,65994,65220,65443,65910,65317
701,0,0,4,77359,76929,76125,76122,76729,69926,68759,69284,68916,68787,77632,76912,76392,76872,76480,66436,65674,65885,66373,65774
702,1,0,4,76751,76328,75553,75540,76124,69452,68269,68800,68438,68314,77016,76335,75784,76273,75894,65975,65202,65424,65900,65302
703,0,0,4,77336,76919,76137,76112,76713,69920,68735,69272,68914,68785,77611,76919,76383,76860,76464,66435,65658,65882,66367,65761
704,1,0,4,76769,76350,75577,75560,76148,69472,68283,68839,68470,68323,77066,76353,75815,76293,75909,65995,65240,65441,65912,65321
705,0,0,4,77354,76930,76149,76121,76749,69947,68744,69302,68927,68792,77650,76935,76386,76870,76486,66447,65683,65894,66373,65778
706,1,0,4,76777,76380,75590,75546,76173,69482,68285,68850,68474,68338,77066,76358,75813,76297,75921,66000,65245,65453,65927,65344
707,0,0,4,77355,76944,76154,76109,76750,69943,68745,69297,68933,68790,77644,76925,76383,76876,76480,66440,65681,65891,66372,65788
708,1,0,4,76740,76345,75560,75540,76148,69476,68262,68813,68443,68318,77052,76352,75794,76286,75893,65983,65222,65437,65927,65307
709,0,0,4,77343,76926,76144,76120,76742,69937,68737,69283,68921,68801,77638,76945,76392,76876,76486,66444,65683,65895,66411,65779
710,1,0,4,76791,76339,75602,75564,76168,69483,68301,68835,68459,68344,77075,76370,75810,76295,75915,65992,65237,65438,65933,65326
711,0,0,4,77381,76920,76165,76126,76742,69949,68765,69293,68922,68815,77650,76953,76386,76888,76497,66447,65680,65885,66394,65786
712,1,0,4,76790,76342,75589,75556,76157,69482,68277,68826,68445,68324,77068,76349,75806,76297,75890,65997,65212,65434,65925,65319
713,0,0,4,77376,76917,76162,76118,76751,69944,68740,69288,68909,68789,77640,76939,76395,76885,76468,66444,65664,65885,66371,65777
714,1,0,4,76794,76361,75598,75567,76173,69489,68297,68836,68464,68345,77064,76358,75817,76303,75926,66001,65222,65463,65936,65345
715,0,0,4,77385,76950,76171,76135,76757,69946,68759,69309,68923,68812,77643,76941,76405,76890,76492,66456,65675,65911,66391,65797
716,1,0,4,76788,76368,75583,75557,76178,69496,68302,68841,68474,68338,77073,76363,75808,76310,75917,66004,65224,65463,65933,65348
717,0,0,4,77376,76935,76143,76117,76761,69954,68750,69299,68931,68796,77645,76943,76370,76884,76476,66443,65667,65899,66386,65791
718,1,0,4,76808,76382,75600,75579,76185,69502,68295,68852,68492,68352,77072,76368,75809,76333,75921,66012,65232,65445,65933,65358
719,0,0,4,77375,76936,76154,76117,76734,69943,68743,69292,68927,68801,77624,76917,76364,76880,76467,66440,65656,65874,66371,65783
720,1,0,4,76791,76363,75600,75565,76174,69495,68304,68861,68484,68335,77053,76373,75821,76303,75900,66005,65221,65451,65925,65349
721,0,0,4,77350,76933,76154,76119,76751,69931,68750,69314,68929,68778,77621,76929,76383,76877,76463,66443,65662,65890,66375,65797
722,1,0,4,76765,76351,75583,75532,76140,69467,68284,68818,68453,68323,77039,76347,75794,76298,75892,65979,65198,65429,65912,65326
723,0,0,4,77357,76947,76162,76103,76721,69942,68748,69285,68922,68801,77630,76936,76384,76886,76472,66438,65654,65886,66370,65791
724,1,0,4,76770,76346,75572,75542,76159,69464,68282,68821,68464,68322,77070,76355,75812,76297,75924,65980,65222,65445,65927,65332
725,0,0,4,77354,76915,76155,76116,76735,69925,68753,69288,68934,68788,77641,76940,76393,76874,76486,66427,65681,65907,66387,65794
726,1,0,4,76787,76362,75602,75562,76191,69483,68300,68837,68471,68344,77081,76367,75807,76296,75917,65992,65219,65462,65921,65333
727,0,0,4,77348,76919,76150,76106,76750,69922,68750,69280,68917,68796,77639,76929,76373,76852,76476,66416,65647,65885,66362,65771
728,1,0,4,76782,76349,75598,75544,76178,69494,68292,68843,68465,68329,77079,76362,75829,76312,75911,65982,65227,65463,65943,65342
729,0,0,4,77370,76931,76144,76101,76734,69934,68752,69295,68915,68784,77644,76932,76393,76873,76468,66427,65659,65885,66375,65770
730,1,0,4,76779,76354,75580,75532,76170,69470,68292,68838,68477,68329,77052,76344,75806,76307,75897,65989,65222,65448,65931,65323
731,0,0,4,77363,76927,76150,76089,76743,69920,68744,69287,68931,68784,77630,76926,76385,76882,76473,66424,65662,65896,66371,65768
732,1,0,4,76772,76365,75597,75551,76179,69478,68301,68845,68476,68346,77067,76360,75806,76292,75913,66002,65220,65460,65938,65336
733,0,0,4,77363,76948,76162,76126,76765,69940,68769,69315,68947,68813,77648,76936,76388,76866,76477,66454,65681,65909,66386,65788
734,1,0,4,76769,76365,75568,75549,76179,69474,68288,68838,68473,68350,77062,76363,75791,76283,75913,65996,65234,65448,65928,65314
735,0,0,4,77360,76940,76137,76113,76754,69939,68759,69301,68948,68821,77630,76936,76384,76867,76477,66443,65684,65904,66383,65766
736,1,0,4,76754,76360,75570,75537,76173,69478,68277,68829,68447,68342,77041,76339,75796,76276,75877,65980,65218,65422,65910,65308
737,0,0,4,77357,76931,76151,76114,76761,69939,68762,69301,68928,68820,77626,76941,76395,76871,76461,66448,65677,65892,66374,65777
738,1,0,4,76760,76352,75575,75536,76167,69485,68293,68834,68477,68332,77041,76352,75802,76267,75889,65993,65227,65466,65911,65336
739,0,0,4,77346,76932,76145,76102,76751,69941,68749,69305,68926,68800,77624,76928,76393,76858,76473,66431,65678,65918,66371,65780
740,1,0,4,76763,76325,75574,75538,76165,69488,68287,68842,68452,68323,77037,76347,75797,76286,75883,65973,65233,65449,65907,65322
741,0,0,4,77350,76904,76134,76103,76751,69944,68755,69295,68928,68792,77621,76919,76373,76872,76459,66430,65684,65893,66371,65791
742,1,0,4,76754,76322,75575,75530,76170,69467,68281,68840,68461,68329,77052,76352,75800,76287,75895,65978,65205,65439,65903,65327
743,0,0,4,77332,76885,76134,76074,76738,69913,68732,69284,68928,68785,77628,76926,76372,76855,76467,66420,65659,65892,66361,65778
744,1,0,4,76751,76325,75575,75526,76167,69471,68283,68834,68442,68323,77052,76356,75812,76284,75901,65987,65223,65426,65903,65324
745,0,0,4,77339,76902,76137,76097,76759,69930,68752,69304,68910,68790,77632,76925,76387,76864,76474,66434,65668,65875,66363,65783
746,1,0,4,76735,76320,75546,75528,76154,69459,68268,68811,68444,68308,77038,76328,75805,76259,75890,65969,65202,65417,65902,65304
747,0,0,4,77340,76903,76123,76103,76741,69921,68727,69272,68898,68769,77620,76906,76382,76837,76456,66417,65655,65859,66356,65757
748,1,0,4,76768,76351,75588,75541,76171,69473,68293,68833,68461,68319,77040,76362,75803,76293,75906,65987,65241,65433,65903,65328
749,0,0,4,77343,76922,76143,76098,76742,69925,68748,69294,68917,68775,77600,76927,76375,76866,76462,66435,65676,65872,66349,65774
750,1,0,4,76739,76332,75564,75524,76162,69469,68264,68822,68443,68317,77047,76350,75793,76281,75891,65968,65219,65406,65893,65316
751,0,0,4,77346,76918,76148,76094,76753,69936,68743,69297,68911,68792,77635,76932,76377,76873,76465,66430,65679,65865,66365,65779
752,1,0,4,76753,76337,75583,75537,76165,69466,68275,68826,68440,68333,77074,76354,75804,76278,75891,65977,65212,65421,65907,65326
753,0,0,4,77344,76926,76164,76111,76752,69943,68741,69287,68917,68801,77652,76945,76393,76871,76467,66440,65670,65880,66369,65783
754,1,0,4,76749,76331,75562,75539,76147,69471,68249,68809,68429,68302,77054,76337,75777,76267,75896,65979,65215,65421,65900,65319
755,0,0,4,77344,76923,76146,76113,76739,69943,68714,69277,68902,68767,77640,76920,76369,76839,76479,66421,65661,65869,66356,65769
756,1,0,4,76761,76356,75590,75538,76164,69469,68279,68831,68446,68295,77067,76354,75792,76273,75884,65975,65226,65413,65909,65307
757,0,0,4,77340,76935,76157,76106,76734,69931,68733,69298,68916,68761,77640,76936,76369,76844,76453,66429,65682,65866,66363,65749
758,1,0,4,76764,76349,75564,75535,76148,69485,68271,68826,68437,68302,77054,76362,75802,76295,75912,65984,65237,65426,65901,65298
759,0,0,4,77346,76914,76136,76090,76725,69943,68726,69284,68905,68752,77630,76930,76382,76873,76476,66430,65680,65870,66356,65752
760,1,0,4,76760,76353,75574,75534,76162,69460,68266,68830,68443,68317,77032,76344,75798,76280,75889,65983,65223,65431,65888,65314
761,0,0,4,77367,76950,76166,76117,76763,69941,68749,69316,68927,68806,77641,76943,76410,76885,76477,66460,65691,65907,66373,65780
762,1,0,4,76762,76338,75565,75538,76158,69488,68269,68825,68431,68319,77034,76349,75814,76280,75884,65988,65205,65422,65922,65302
763,0,0,4,77358,76931,76156,76129,76754,69957,68745,69301,68908,68798,77624,76935,76408,76884,76464,66457,65674,65900,66379,65777
764,1,0,4,76755,76344,75568,75522,76155,69470,68253,68820,68429,68312,77044,76334,75797,76249,75885,65967,65197,65406,65904,65304
765,0,0,4,77345,76917,76143,76089,76737,69928,68719,69295,68906,68774,77627,76919,76374,76834,76467,66416,65654,65863,66367,65767
766,1,0,4,76766,76359,75594,75540,76157,69493,68275,68826,68460,68329,77051,76357,75786,76280,75897,65993,65213,65422,65920,65316
767,0,0,4,77349,76912,76165,76096,76730,69948,68728,69294,68917,68785,77627,76939,76368,76856,76462,66439,65658,65877,66377,65764
768,1,0,4,76788,76335,75589,75545,76184,69482,68262,68831,68460,68321,77077,76354,75806,76272,75913,65999,65229,65430,65924,65327
769,0,0,4,77355,76918,76144,76097,76762,69936,68726,69298,68917,68787,77646,76934,76380,76853,76481,66443,65677,65878,66373,65769
770,1,0,4,76754,76353,75579,75537,76159,69487,68262,68823,68430,68317,77048,76368,75789,76271,75897,65977,65201,65419,65895,65331
771,0,0,4,77349,76934,76153,76115,76742,69947,68732,69288,68896,68790,77625,76942,76370,76852,76470,66436,65660,65874,66367,65785
772,1,0,4,76766,76349,75579,75549,76176,69485,68261,68857,68442,68315,77054,76366,75786,76284,75905,65981,65219,65410,65915,65319
773,0,0,4,77342,76906,76130,76107,76734,69929,68711,69299,68900,68763,77609,76937,76353,76856,76459,66415,65660,65859,66366,65755
774,1,0,4,76770,76352,75578,75539,76155,69461,68257,68826,68442,68302,77056,76365,75790,76280,75899,65983,65205,65435,65913,65330
775,0,0,4,77368,76945,76162,76122,76753,69936,68732,69286,68924,68786,77637,76961,76390,76882,76492,66445,65671,65889,66380,65805
776,1,0,4,76766,76343,75578,75550,76166,69473,68253,68824,68432,68299,77048,76358,75791,76279,75891,65973,65214,65425,65915,65308
777,0,0,4,77341,76915,76148,76106,76735,69926,68730,69274,68902,68765,77623,76933,76356,76869,76463,66418,65656,65863,66360,65760
778,1,0,4,76762,76337,75573,75534,76165,69472,68266,68808,68439,68307,77044,76354,75790,76285,75890,65970,65218,65440,65906,65329
779,0,0,4,77362,76918,76157,76107,76754,69942,68743,69275,68909,68782,77628,76942,76378,76877,76484,66438,65679,65902,66368,65781
780,1,0,4,76777,76364,75585,75544,76181,69479,68293,68835,68453,68303,77073,76356,75794,76299,75915,65989,65222,65447,65922,65329
781,0,0,4,77372,76933,76163,76119,76763,69946,68769,69293,68921,68774,77645,76948,76385,76880,76473,66446,65680,65897,66394,65784
782,1,0,4,76796,76376,75601,75565,76171,69494,68296,68834,68459,68310,77058,76357,75802,76292,75916,65992,65230,65457,65941,65351
783,0,0,4,77351,76928,76161,76107,76741,69933,68744,69289,68908,68758,77614,76927,76370,76857,76479,66425,65667,65888,66376,65789
784,1,0,4,76785,76380,75592,75572,76186,69504,68306,68848,68462,68335,77089,76379,75799,76293,75908,66009,65245,65465,65943,65361
785,0,0,4,77357,76941,76161,76125,76750,69950,68754,69300,68926,68782,77655,76956,76391,76867,76478,66452,65684,65905,66399,65810
786,1,0,4,76782,76353,75595,75551,76168,69494,68287,68836,68463,68314,77086,76370,75793,76285,75899,65990,65237,65446,65935,65328
787,0,0,4,77369,76935,76168,76122,76752,69972,68744,69306,68935,68782,77660,76955,76394,76879,76473,66439,65686,65902,66386,65793
788,1,0,4,76773,76353,75584,75565,76157,69489,68264,68820,68467,68302,77090,76370,75799,76292,75896,65992,65225,65431,65915,65325
789,0,0,4,77364,76945,76153,76148,76747,69950,68734,69294,68921,68776,77671,76946,76387,76876,76471,66446,65680,65892,66370,65791
790,1,0,4,76775,76360,75601,75561,76162,69486,68275,68830,68463,68307,77068,76346,75810,76300,75899,66002,65245,65426,65920,65317
791,0,0,4,77346,76927,76158,76120,76740,69924,68730,69286,68924,68768,77636,76926,76389,76870,76459,66454,65680,65878,66369,65768
792,1,0,4,76775,76368,75572,75540,76145,69462,68293,68830,68455,68306,77046,76348,75808,76282,75892,65994,65221,65437,65920,65307
793,0,0,4,77370,76956,76156,76122,76738,69942,68759,69313,68930,68789,77649,76939,76395,76872,76478,66461,65681,65907,66383,65782
794,1,0,4,76772,76353,75561,75552,76145,69464,68270,68823,68451,68297,77058,76341,75802,76288,75896,65981,65212,65414,65913,65308
795,0,0,4,77346,76919,76126,76109,76724,69900,68725,69277,68908,68757,77627,76911,76375,76860,76460,66425,65656,65867,66366,65756
796,1,0,4,76783,76359,75590,75565,76159,69489,68286,68843,68476,68308,77081,76370,75808,76281,75905,66005,65225,65447,65942,65345
797,0,0,4,77365,76923,76147,76118,76734,69946,68734,69309,68913,68772,77642,76943,76384,76865,76470,66447,65659,65884,66384,65789
798,1,0,4,76757,76362,75573,75552,76154,69479,68273,68834,68472,68317,77064,76363,75802,76295,75886,65993,65226,65441,65926,65332
799,0,0,4,77374,76958,76166,76142,76758,69968,68756,69321,68967,68808,77667,76975,76419,76903,76489,66460,65698,65910,66409,65806
800,1,0,4,76795,76384,75606,75577,76170,69493,68297,68866,68499,68332,77099,76375,75826,76312,75934,66020,65249,65463,65952,65363
801,0,0,4,77361,76935,76155,76121,76741,69933,68747,69304,68940,68782,77641,76925,76390,76871,76481,66452,65668,65886,66382,65786
802,1,0,4,76779,76352,75585,75550,76155,69481,68278,68831,68457,68308,77059,76341,75811,76296,75897,65982,65216,65427,65920,65314
803,0,0,4,77354,76919,76145,76117,76731,69941,68736,69292,68921,68778,77638,76913,76398,76870,76476,66428,65675,65865,66368,65778
804,1,0,4,76786,76356,75592,75562,76168,69482,68279,68834,68467,68298,77082,76366,75807,76291,75909,65978,65208,65417,65925,65323
805,0,0,4,77378,76943,76161,76126,76744,69949,68756,69314,68937,68773,77661,76945,76396,76883,76496,66434,65672,65872,66378,65785
806,1,0,4,76776,76366,75596,75546,76147,69481,68286,68833,68459,68306,77072,76343,75814,76303,75896,65997,65206,65434,65911,65324
807,0,0,4,77369,76927,76165,76110,76734,69938,68754,69290,68932,68769,77643,76917,76382,76874,76473,66444,65664,65883,66359,65769
808,1,0,4,76769,76367,75582,75542,76151,69481,68285,68820,68461,68296,77075,76346,75818,76292,75897,65978,65219,65439,65929,65317
809,0,0,4,77338,76923,76124,76098,76722,69919,68723,69268,68904,68751,77634,76916,76383,76852,76456,66415,65649,65874,66353,65758
810,1,0,4,76776,76378,75607,75569,76172,69499,68300,68848,68478,68312,77071,76370,75811,76295,75919,66002,65219,65423,65925,65339
811,0,0,4,77349,76918,76153,76116,76727,69924,68741,69277,68931,68767,77622,76925,76373,76853,76469,66431,65651,65860,66359,65753
812,1,0,4,76764,76346,75578,75543,76156,69488,68270,68837,68452,68292,77055,76349,75804,76294,75915,65992,65217,65436,65903,65324
813,0,0,4,77363,76936,76158,76121,76750,69949,68750,69307,68926,68780,77637,76946,76401,76890,76499,66468,65680,65897,66387,65796
814,1,0,4,76761,76363,75561,75539,76152,69462,68282,68827,68456,68278,77049,76347,75805,76289,75914,65984,65214,65429,65911,65318
815,0,0,4,77353,76931,76135,76101,76727,69925,68744,69285,68916,68745,77628,76928,76389,76868,76477,66435,65663,65873,66355,65764
816,1,0,4,76777,76370,75588,75552,76165,69482,68292,68854,68458,68309,77079,76362,75811,76302,75927,65993,65233,65433,65908,65325
817,0,0,4,77365,76949,76160,76126,76755,69949,68762,69321,68918,68772,77651,76940,76400,76886,76492,66451,65688,65901,66381,65779
818,1,0,4,76764,76338,75573,75542,76152,69462,68281,68823,68439,68292,77039,76348,75797,76286,75889,65972,65215,65418,65892,65314
819,0,0,4,77359,76915,76142,76122,76749,69939,68753,69297,68916,68763,77640,76936,76386,76876,76469,66443,65680,65886,66357,65779
820,1,0,4,76769,76358,75604,75571,76159,69490,68286,68844,68441,68313,77069,76359,75823,76303,75900,65993,65230,65438,65916,65337
821,0,0,4,77339,76921,76149,76123,76737,69932,68731,69279,68889,68757,77635,76936,76400,76871,76457,66449,65670,65874,66358,65779
822,1,0,4,76744,76335,75556,75538,76145,69450,68278,68815,68432,68288,77047,76337,75803,76264,75898,65977,65208,65426,65892,65322
823,0,0,4,77338,76926,76148,76108,76741,69921,68743,69288,68912,68759,77636,76930,76388,76861,76486,66441,65667,65880,66352,65787
824,1,0,4,76765,76354,75576,75542,76163,69466,68281,68823,68442,68288,77051,76338,75820,76288,75916,65990,65242,65441,65895,65337
825,0,0,4,77347,76934,76155,76118,76751,69938,68754,69300,68908,68749,77639,76929,76404,76872,76501,66448,65696,65894,66355,65799
826,1,0,4,76747,76344,75576,75537,76142,69459,68271,68827,68442,68292,77051,76349,75811,76273,75911,65985,65239,65434,65916,65321
827,0,0,4,77348,76919,76138,76107,76734,69918,68729,69286,68900,68764,77621,76933,76392,76861,76482,66440,65682,65884,66366,65773
828,1,0,4,76738,76341,75581,75540,76169,69470,68277,68840,68446,68317,77045,76364,75805,76294,75914,66003,65219,65445,65898,65337
829,0,0,4,77339,76923,76142,76105,76752,69933,68745,69299,68917,68775,77636,76942,76394,76884,76488,66454,65675,65892,66359,65795
830,1,0,4,76760,76348,75586,75554,76157,69479,68285,68840,68445,68328,77046,76363,75833,76304,75920,65988,65235,65453,65910,65346
831,0,0,4,77348,76920,76159,76104,76739,69941,68746,69310,68913,68787,77632,76923,76404,76883,76477,66441,65684,65900,66372,65793
832,1,0,4,76736,76367,75580,75560,76173,69491,68309,68847,68455,68319,77065,76356,75820,76300,75907,66006,65237,65437,65919,65344
833,0,0,4,77315,76926,76149,76109,76733,69937,68754,69287,68907,68772,77619,76923,76385,76867,76457,66447,65677,65883,66359,65795
834,1,0,4,76755,76344,75576,75542,76161,69466,68280,68840,68436,68301,77065,76343,75794,76290,75909,65988,65227,65446,65901,65336
835,0,0,4,77345,76913,76142,76119,76736,69928,68749,69289,68892,68774,77635,76922,76373,76875,76481,66437,65665,65906,66360,65789
836,1,0,4,76759,76341,75565,75563,76161,69476,68284,68827,68443,68303,77057,76348,75816,76304,75900,65997,65239,65450,65894,65344
837,0,0,4,77358,76927,76149,76142,76758,69958,68757,69306,68916,68780,77641,76934,76400,76890,76480,66439,65691,65899,66357,65805
838,1,0,4,76738,76329,75559,75549,76152,69482,68272,68832,68442,68302,77059,76346,75801,76298,75895,65986,65218,65430,65897,65329
839,0,0,4,77314,76881,76114,76102,76728,69936,68729,69280,68901,68754,77619,76914,76383,76863,76463,66422,65667,65875,66337,65766
840,1,0,4,76757,76349,75566,75561,76182,69502,68298,68841,68453,68306,77058,76359,75813,76311,75910,65998,65242,65440,65917,65348
841,0,0,4,77334,76921,76136,76122,76749,69952,68764,69293,68926,68768,77652,76925,76392,76885,76480,66443,65681,65896,66370,65801
842,1,0,4,76758,76326,75565,75538,76157,69487,68287,68820,68461,68287,77053,76344,75803,76297,75880,65983,65226,65413,65906,65331
843,0,0,4,77347,76903,76131,76107,76744,69940,68746,69282,68916,68754,77637,76920,76386,76888,76465,66430,65670,65865,66349,65789
844,1,0,4,76763,76335,75563,75547,76158,69475,68283,68822,68458,68303,77074,76351,75789,76292,75889,65990,65235,65421,65901,65328
845,0,0,4,77331,76886,76122,76100,76732,69923,68731,69273,68918,68752,77636,76920,76368,76860,76445,66426,65670,65870,66340,65772
846,1,0,4,76763,76306,75542,75543,76157,69479,68266,68817,68453,68289,77053,76331,75789,76263,75884,65969,65207,65419,65885,65307
847,0,0,4,77353,76889,76120,76122,76740,69948,68732,69290,68925,68762,77629,76923,76375,76844,76461,66430,65661,65875,66343,65771
848,1,0,4,76762,76323,75582,75536,76164,69491,68286,68828,68464,68314,77065,76362,75805,76286,75909,65999,65232,65429,65915,65332
849,0,0,4,77335,76917,76152,76101,76748,69939,68742,69294,68933,68773,77640,76929,76393,76868,76468,66436,65670,65874,66361,65776
850,1,0,4,76791,76346,75598,75563,76182,69491,68302,68857,68477,68324,77093,76385,75832,76320,75921,66006,65237,65449,65921,65349
851,0,0,4,77353,76903,76137,76109,76739,69940,68737,69300,68910,68770,77644,76933,76377,76871,76467,66425,65675,65881,66345,65782
852,1,0,4,76760,76330,75559,75539,76172,69469,68266,68817,68448,68302,77057,76351,75793,76285,75908,65984,65225,65425,65900,65317
853,0,0,4,77350,76887,76124,76090,76746,69914,68727,69267,68902,68763,77628,76928,76366,76857,76477,66414,65660,65864,66352,65764
854,1,0,4,76782,76355,75587,75558,76175,69472,68280,68843,68454,68312,77073,76373,75828,76285,75917,65987,65228,65444,65915,65348
855,0,0,4,77357,76911,76134,76094,76740,69921,68727,69291,68914,68763,77629,76935,76387,76855,76464,66431,65661,65881,66362,65782
856,1,0,4,76746,76332,75542,75530,76155,69453,68257,68802,68447,68285,77053,76353,75804,76278,75887,65961,65214,65400,65908,65311
857,0,0,4,77318,76886,76102,76083,76729,69912,68706,69257,68904,68741,77606,76913,76355,76847,76457,66406,65656,65847,66360,65764
858,1,0,4,76748,76317,75549,75530,76150,69462,68254,68791,68432,68278,77042,76335,75782,76283,75891,65961,65195,65392,65896,65307
859,0,0,4,77343,76907,76136,76114,76744,69942,68737,69279,68903,68756,77634,76927,76370,76880,76472,66432,65669,65857,66368,65768
860,1,0,4,76765,76347,75570,75547,76156,69478,68272,68816,68460,68299,77048,76343,75795,76289,75900,65977,65224,65438,65888,65318
861,0,0,4,77347,76915,76131,76113,76740,69951,68731,69285,68914,68758,77635,76925,76371,76859,76478,66434,65669,65889,66347,65777
862,1,0,4,76770,76332,75548,75532,76153,69476,68278,68814,68445,68299,77043,76354,75806,76273,75900,65970,65219,65424,65895,65310
863,0,0,4,77348,76905,76131,76103,76736,69917,68736,69276,68908,68759,77615,76929,76380,76850,76460,66417,65662,65873,66341,65774
864,1,0,4,76750,76332,75567,75540,76162,69478,68285,68820,68451,68288,77048,76347,75808,76290,75906,65980,65219,65414,65906,65327
865,0,0,4,77337,76917,76130,76102,76739,69940,68743,69278,68911,68759,77622,76918,76370,76862,76464,66423,65671,65856,66346,65777
866,1,0,4,76762,76344,75573,75560,76167,69487,68282,68818,68456,68305,77057,76365,75826,76288,75912,65987,65243,65437,65910,65322
867,0,0,4,77333,76900,76116,76106,76720,69911,68724,69257,68906,68744,77613,76925,76371,76846,76458,66416,65672,65872,66341,65756
868,1,0,4,76772,76340,75557,75554,76171,69474,68289,68822,68459,68294,77045,76359,75802,76287,75904,65990,65237,65431,65906,65329
869,0,0,4,77363,76918,76140,76122,76758,69947,68753,69291,68941,68768,77634,76934,76398,76883,76488,66436,65697,65886,66367,65783
870,1,0,4,76773,76324,75559,75555,76176,69499,68274,68810,68451,68293,77076,76350,75815,76296,75908,65999,65249,65433,65910,65329
871,0,0,4,77345,76893,76110,76101,76745,69933,68716,69262,68896,68747,77632,76918,76383,76866,76462,66434,65680,65873,66359,65754
872,1,0,4,76757,76333,75569,75533,76164,69491,68277,68806,68454,68297,77039,76354,75801,76282,75904,65978,65208,65421,65900,65308
873,0,0,4,77350,76923,76142,76105,76746,69953,68738,69273,68931,68773,77630,76930,76390,76873,76487,66437,65664,65870,66351,65769
874,1,0,4,76767,76338,75567,75541,76170,69485,68278,68815,68461,68312,77048,76368,75802,76285,75913,65980,65227,65433,65906,65309
875,0,0,4,77343,76900,76119,76094,76736,69938,68731,69269,68918,68765,77615,76932,76372,76861,76465,66413,65664,65860,66351,65758
876,1,0,4,76799,76329,75573,75543,76157,69493,68274,68824,68443,68300,77051,76361,75811,76305,75917,66004,65247,65432,65920,65329
877,0,0,4,77366,76896,76135,76105,76729,69933,68712,69271,68907,68757,77610,76928,76391,76879,76469,66443,65666,65865,66366,65765
878,1,0,4,76777,76313,75559,75532,76153,69467,68256,68793,68442,68283,77040,76349,75799,76289,75903,65975,65215,65420,65893,65307
879,0,0,4,77383,76895,76136,76104,76739,69945,68724,69257,68912,68761,77636,76934,76385,76884,76488,66431,65670,65887,66353,65763
880,1,0,4,76784,76315,75554,75550,76163,69479,68272,68811,68440,68319,77054,76353,75801,76295,75896,65992,65215,65423,65900,65315
881,0,0,4,77355,76880,76114,76103,76726,69928,68721,69267,68887,68767,77602,76910,76365,76857,76458,66427,65654,65868,66342,65751
882,1,0,4,76764,76318,75554,75527,76160,69471,68253,68806,68437,68308,77050,76344,75785,76284,75911,65975,65212,65428,65895,65298
883,0,0,4,77342,76882,76129,76101,76751,69924,68715,69264,68901,68754,77622,76914,76366,76864,76474,66423,65658,65878,66349,65749
884,1,0,4,76780,76337,75585,75559,76188,69498,68278,68820,68482,68313,77079,76353,75818,76287,75914,65989,65228,65430,65922,65339
885,0,0,4,77364,76917,76158,76119,76777,69959,68754,69276,68948,68787,77650,76937,76396,76881,76481,66445,65682,65890,66380,65800
886,1,0,4,76779,76340,75593,75568,76190,69492,68266,68816,68476,68325,77056,76361,75830,76301,75921,65995,65223,65436,65933,65342
887,0,0,4,77352,76912,76153,76126,76757,69945,68718,69264,68937,68778,77628,76928,76398,76870,76484,66430,65658,65879,66368,65783
888,1,0,4,76779,76349,75585,75572,76171,69490,68294,68833,68479,68328,77056,76376,75835,76293,75924,65991,65236,65446,65922,65345
889,0,0,4,77378,76932,76152,76147,76752,69947,68747,69295,68952,68790,77649,76950,76415,76879,76493,66443,65684,65907,66370,65809
890,1,0,4,76775,76349,75576,75540,76173,69478,68279,68823,68453,68316,77061,76355,75817,76291,75925,65995,65217,65437,65901,65345
891,0,0,4,77337,76908,76129,76098,76739,69928,68732,69278,68906,68773,77625,76918,76373,76858,76472,66436,65646,65867,66343,65784
892,1,0,4,76779,76330,75585,75550,76164,69471,68274,68822,68468,68316,77065,76360,75814,76290,75927,65986,65226,65440,65915,65326
893,0,0,4,77346,76913,76142,76113,76739,69928,68727,69284,68926,68783,77628,76931,76396,76872,76499,66429,65674,65894,66363,65765
894,1,0,4,76783,76359,75579,75562,76174,69482,68278,68848,68460,68323,77082,76365,75836,76297,75925,65988,65224,65438,65918,65338
895,0,0,4,77361,76918,76146,76113,76735,69921,68726,69290,68900,68763,77634,76928,76405,76855,76488,66421,65658,65869,66352,65763
896,1,0,4,76771,76363,75589,75555,76167,69476,68274,68836,68460,68309,77056,76376,75814,76287,75929,65990,65230,65442,65911,65323
897,0,0,4,77349,76935,76151,76110,76734,69924,68718,69294,68903,68758,77623,76946,76381,76859,76480,66430,65663,65884,66353,65764
898,1,0,4,76769,76341,75563,75538,76160,69463,68276,68811,68432,68282,77041,76340,75802,76283,75897,65982,65205,65435,65919,65299
899,0,0,4,77354,76911,76126,76091,76729,69922,68741,69277,68898,68741,77623,76914,76390,76856,76466,66421,65643,65879,66362,65738
900,1,0,4,76767,76337,75571,75540,76154,69467,68276,68816,68448,68287,77068,76339,75805,76284,75914,65960,65203,65436,65898,65316
901,0,0,4,77343,76914,76132,76113,76735,69910,68732,69276,68914,68755,77648,76924,76386,76863,76473,66413,65650,65879,66354,65757
902,1,0,4,76775,76364,75590,75553,76188,69469,68286,68839,68466,68325,77092,76345,75833,76304,75917,65987,65223,65441,65901,65327
903,0,0,4,77352,76914,76152,76102,76752,69918,68746,69285,68907,68778,77651,76916,76400,76876,76486,66426,65670,65884,66354,65772
904,1,0,4,76773,76371,75574,75561,76163,69468,68274,68812,68444,68316,77086,76335,75836,76283,75917,65985,65218,65433,65893,65323
905,0,0,4,77351,76944,76140,76116,76737,69928,68739,69280,68906,68773,77654,76915,76421,76859,76493,66420,65666,65881,66335,65762
906,1,0,4,76765,76356,75560,75535,76147,69474,68270,68809,68455,68302,77052,76338,75819,76282,75917,65980,65243,65426,65908,65323
907,0,0,4,77342,76915,76116,76088,76725,69922,68723,69253,68908,68760,77611,76905,76379,76855,76471,66421,65671,65869,66355,65763
908,1,0,4,76796,76344,75594,75552,76183,69483,68285,68821,68456,68321,77078,76350,75837,76302,75923,65985,65249,65442,65923,65344
909,0,0,4,77372,76919,76145,76115,76753,69937,68731,69275,68920,68785,77651,76929,76418,76875,76496,66437,65683,65891,66378,65785
910,1,0,4,76775,76344,75579,75561,76180,69478,68293,68827,68468,68324,77082,76363,75823,76300,75908,65983,65246,65420,65918,65333
911,0,0,4,77350,76915,76132,76106,76745,69920,68742,69273,68914,68780,77646,76929,76394,76870,76466,66419,65689,65864,66364,65773
912,1,0,4,76772,76347,75568,75543,76174,69457,68266,68811,68452,68296,77070,76334,75812,76285,75906,65965,65227,65418,65896,65312
913,0,0,4,77350,76921,76126,76095,76756,69921,68730,69271,68932,68759,77627,76913,76389,76862,76476,66413,65683,65864,66365,65758
914,1,0,4,76759,76349,75576,75556,76171,69470,68276,68827,68465,68312,77064,76346,75808,76295,75908,65980,65228,65435,65916,65319
915,0,0,4,77350,76933,76152,76122,76752,69936,68731,69291,68929,68779,77655,76932,76407,76879,76474,66432,65684,65888,66373,65773
916,1,0,4,76749,76340,75566,75554,76151,69474,68274,68815,68435,68294,77062,76335,75811,76292,75903,65974,65238,65423,65908,65307
917,0,0,4,77343,76937,76139,76133,76759,69939,68752,69287,68925,68770,77642,76921,76397,76878,76484,66438,65685,65888,66374,65764
918,1,0,4,76760,76334,75577,75581,76180,69491,68303,68844,68470,68320,77074,76351,75830,76297,75923,65978,65244,65431,65915,65314
919,0,0,4,77343,76885,76133,76138,76750,69940,68748,69285,68919,68772,77631,76912,76393,76873,76475,66426,65674,65867,66354,65767
920,1,0,4,76751,76342,75578,75552,76161,69473,68280,68819,68471,68304,77063,76351,75803,76292,75918,65967,65237,65429,65915,65328
921,0,0,4,77352,76921,76156,76126,76754,69940,68753,69291,68936,68774,77638,76934,76401,76885,76502,66443,65696,65892,66385,65789
922,1,0,4,76776,76338,75589,75568,76167,69480,68287,68825,68468,68311,77029,76344,75809,76287,75917,65980,65250,65427,65905,65310
923,0,0,4,77360,76915,76155,76133,76736,69924,68747,69286,68923,68777,77619,76929,76386,76868,76474,66435,65691,65880,66366,65773
924,1,0,4,76783,76359,75579,75552,76171,69473,68289,68843,68473,68322,77065,76344,75800,76304,75924,65998,65235,65435,65920,65332
925,0,0,4,77373,76951,76169,76135,76753,69930,68758,69304,68942,68786,77649,76919,76388,76882,76505,66460,65692,65909,66377,65786
926,1,0,4,76795,76364,75598,75558,76193,69484,68309,68837,68478,68329,77074,76363,75830,76326,75938,66017,65260,65453,65932,65349
927,0,0,4,77369,76925,76165,76111,76758,69938,68759,69299,68944,68784,77645,76946,76400,76902,76503,66465,65700,65903,66377,65798
928,1,0,4,76782,76363,75595,75563,76184,69484,68276,68841,68480,68314,77067,76362,75831,76301,75933,65988,65250,65438,65904,65329
929,0,0,4,77349,76922,76145,76116,76748,69922,68724,69289,68939,68772,77633,76928,76397,76866,76485,66425,65681,65875,66347,65773
930,1,0,4,76780,76359,75569,75564,76175,69477,68282,68807,68468,68330,77060,76350,75812,76296,75906,65986,65234,65422,65923,65320
931,0,0,4,77367,76922,76144,76135,76755,69940,68747,69275,68934,68795,77647,76918,76394,76875,76479,66451,65683,65879,66382,65770
932,1,0,4,76782,76343,75574,75554,76164,69476,68277,68812,68462,68309,77066,76357,75804,76284,75915,65994,65228,65445,65912,65316
933,0,0,4,77364,76924,76145,76107,76742,69934,68740,69266,68919,68777,77628,76934,76374,76875,76474,66431,65682,65895,66361,65757
934,1,0,4,76781,76349,75572,75557,76174,69474,68276,68819,68469,68304,77072,76363,75815,76296,75930,65991,65241,65441,65938,65321
935,0,0,4,77368,76929,76149,76125,76758,69938,68736,69280,68929,68774,77645,76945,76394,76878,76499,66444,65683,65891,66385,65781
936,1,0,4,76773,76358,75587,75541,76157,69483,68268,68814,68468,68314,77063,76349,75799,76296,75927,65990,65238,65433,65907,65330
937,0,0,4,77365,76935,76160,76114,76748,69951,68736,69283,68946,68787,77649,76945,76401,76889,76505,66464,65696,65886,66367,65780
938,1,0,4,76779,76366,75588,75559,76181,69477,68283,68824,68467,68318,77066,76356,75805,76295,75904,65999,65250,65452,65923,65323
939,0,0,4,77366,76955,76162,76135,76763,69948,68747,69295,68945,68791,77648,76937,76387,76882,76479,66456,65698,65894,66383,65775
940,1,0,4,76788,76369,75584,75552,76181,69489,68288,68824,68484,68335,77063,76366,75826,76304,75919,66012,65246,65454,65937,65346
941,0,0,4,77371,76931,76152,76113,76760,69951,68753,69284,68943,68796,77629,76939,76407,76877,76490,66456,65698,65894,66383,65786
942,1,0,4,76783,76369,75584,75556,76175,69485,68270,68822,68465,68304,77062,76344,75817,76305,75919,65995,65252,65424,65918,65319
943,0,0,4,77365,76938,76153,76124,76746,69932,68734,69282,68930,68753,77636,76920,76386,76884,76485,66439,65698,65869,66363,65767
944,1,0,4,76789,76353,75601,75576,76190,69496,68292,68843,68487,68353,77082,76383,75826,76305,75924,65994,65245,65430,65937,65325
945,0,0,4,77382,76918,76163,76131,76771,69951,68747,69305,68936,68807,77647,76944,76403,76884,76499,66437,65674,65875,66387,65787
946,1,0,4,76798,76348,75598,75559,76183,69489,68284,68832,68467,68332,77091,76371,75825,76312,75934,66007,65231,65435,65940,65334
947,0,0,4,77388,76916,76166,76128,76773,69941,68740,69290,68930,68795,77647,76927,76416,76895,76496,66450,65695,65891,66376,65780
948,1,0,4,76781,76346,75591,75569,76166,69481,68278,68853,68469,68345,77057,76360,75825,76317,75930,66009,65253,65432,65924,65336
949,0,0,4,77365,76919,76133,76122,76738,69929,68735,69297,68927,68797,77632,76921,76395,76878,76484,66451,65688,65881,66373,65775
950,1,0,4,76773,76342,75578,75553,76174,69475,68294,68839,68468,68321,77060,76356,75819,76320,75916,66012,65246,65423,65920,65323
951,0,0,4,77362,76914,76138,76116,76746,69945,68756,69301,68928,68790,77633,76942,76396,76893,76482,66457,65682,65886,66391,65783
952,1,0,4,76790,76356,75588,75571,76177,69503,68291,68853,68479,68322,77067,76370,75824,76315,75919,66003,65235,65433,65926,65342
953,0,0,4,77375,76932,76157,76130,76748,69949,68747,69310,68946,68790,77645,76944,76400,76887,76491,66448,65683,65876,66380,65791
954,1,0,4,76789,76343,75573,75553,76172,69470,68280,68838,68449,68327,77076,76359,75825,76299,75905,65990,65227,65415,65915,65316
955,0,0,4,77372,76921,76139,76124,76751,69934,68749,69305,68929,68788,77655,76931,76399,76887,76482,66439,65682,65872,66372,65777
956,1,0,4,76773,76341,75566,75534,76159,69474,68279,68839,68438,68313,77056,76353,75799,76306,75915,65975,65224,65409,65912,65300
957,0,0,4,77363,76928,76130,76102,76740,69940,68740,69307,68916,68787,77648,76930,76379,76900,76485,66445,65679,65864,66387,65762
958,1,0,4,76771,76337,75560,75544,76158,69465,68270,68825,68433,68303,77041,76346,75793,76291,75902,65976,65213,65412,65914,65324
959,0,0,4,77354,76909,76130,76106,76733,69920,68731,69283,68901,68783,77605,76918,76387,76877,76459,66421,65665,65858,66369,65774
960,1,0,4,76765,76352,75569,75548,76155,69485,68279,68847,68442,68321,77036,76343,75817,76299,75894,65987,65230,65433,65910,65320
961,0,0,4,77342,76919,76108,76112,76735,69933,68742,69297,68902,68783,77626,76916,76390,76883,76471,66428,65666,65871,66366,65765
962,1,0,4,76781,76339,75559,75549,76154,69489,68261,68825,68451,68311,77064,76341,75803,76287,75902,65975,65229,65433,65906,65327
963,0,0,4,77374,76919,76118,76105,76725,69944,68734,69281,68910,68775,77637,76911,76389,76867,76481,66423,65669,65876,66365,65762
964,1,0,4,76756,76345,75551,75556,76126,69468,68262,68819,68444,68303,77042,76325,75792,76277,75904,65969,65203,65426,65898,65312
965,0,0,4,77364,76942,76146,76136,76747,69956,68738,69301,68927,68783,77638,76925,76390,76883,76504,66440,65678,65892,66376,65777
966,1,0,4,76789,76359,75572,75560,76168,69484,68262,68842,68475,68323,77074,76354,75803,76309,75925,65994,65221,65450,65916,65341
967,0,0,4,77356,76920,76115,76104,76733,69930,68714,69284,68911,68780,77639,76916,76356,76872,76467,66429,65664,65885,66361,65770
968,1,0,4,76780,76348,75592,75560,76175,69491,68280,68845,68476,68330,77084,76350,75813,76304,75922,65996,65237,65450,65922,65337
969,0,0,4,77357,76913,76164,76110,76752,69941,68739,69306,68929,68785,77655,76921,76382,76871,76483,66446,65677,65897,66361,65779
970,1,0,4,76774,76359,75572,75565,76158,69477,68264,68842,68433,68309,77048,76351,75795,76300,75901,65993,65234,65432,65916,65341
971,0,0,4,77369,76939,76152,76133,76754,69941,68737,69306,68907,68779,77630,76938,76372,76883,76491,66449,65684,65887,66383,65795
972,1,0,4,76762,76346,75551,75559,76165,69493,68265,68837,68456,68317,77064,76351,75803,76296,75927,66006,65225,65454,65915,65331
973,0,0,4,77362,76912,76118,76123,76747,69952,68732,69298,68924,68797,77641,76929,76385,76876,76494,66458,65669,65908,66374,65774
974,1,0,4,76769,76343,75574,75570,76157,69489,68259,68852,68456,68311,77046,76359,75804,76289,75919,66006,65222,65440,65922,65327
975,0,0,4,77360,76925,76152,76135,76733,69950,68739,69324,68933,68781,77628,76949,76388,76888,76499,66470,65679,65903,66387,65789
976,1,0,4,76790,76352,75579,75557,76175,69490,68275,68840,68480,68323,77053,76351,75798,76298,75918,66004,65234,65431,65927,65336
977,0,0,4,77380,76928,76155,76123,76751,69965,68731,69311,68949,68798,77639,76940,76383,76883,76500,66467,65687,65886,66391,65798
978,1,0,4,76767,76335,75566,75536,76144,69481,68262,68820,68454,68305,77048,76345,75786,76294,75902,65986,65224,65413,65908,65318
979,0,0,4,77350,76923,76135,76102,76734,69940,68725,69283,68918,68763,77625,76927,76380,76879,76484,66437,65681,65868,66362,65774
980,1,0,4,76797,76366,75570,75573,76169,69503,68283,68852,68478,68321,77056,76367,75818,76305,75919,65998,65250,65434,65924,65361
981,0,0,4,77382,76951,76146,76138,76750,69955,68737,69314,68952,68782,77642,76950,76413,76881,76496,66450,65702,65891,66366,65804
982,1,0,4,76786,76364,75594,75576,76165,69504,68274,68856,68471,68324,77080,76367,75827,76303,75939,66009,65248,65442,65937,65355
983,0,0,4,77363,76935,76152,76125,76735,69955,68716,69305,68924,68771,77648,76929,76398,76873,76488,66457,65692,65884,66376,65800
984,1,0,4,76780,76356,75580,75565,76154,69491,68268,68847,68474,68321,77064,76352,75792,76302,75913,65981,65221,65430,65934,65325
985,0,0,4,77363,76938,76153,76131,76739,69959,68744,69312,68949,68787,77647,76942,76384,76891,76487,66437,65683,65880,66393,65778
986,1,0,4,76784,76351,75571,75561,76144,69481,68265,68838,68468,68306,77063,76349,75820,76294,75919,65997,65223,65429,65923,65323
987,0,0,4,77373,76935,76148,76128,76728,69951,68735,69305,68936,68777,77657,76935,76400,76874,76493,66444,65681,65883,66383,65783
988,1,0,4,76765,76323,75540,75549,76137,69459,68259,68813,68448,68296,77046,76326,75793,76275,75889,65963,65213,65419,65898,65292
989,0,0,4,77357,76917,76117,76136,76744,69929,68739,69292,68927,68773,77642,76928,76390,76880,76475,66420,65670,65878,66368,65760
990,1,0,4,76773,76352,75565,75556,76157,69493,68290,68834,68448,68325,77077,76365,75817,76302,75928,66010,65225,65437,65930,65324
991,0,0,4,77361,76920,76137,76135,76737,69963,68760,69310,68924,68793,77656,76940,76399,76882,76505,66460,65678,65891,66394,65787
992,1,0,4,76800,76361,75596,75564,76159,69500,68299,68858,68483,68340,77088,76377,75844,76307,75941,66028,65246,65453,65947,65350
993,0,0,4,77381,76927,76155,76135,76737,69956,68761,69324,68922,68793,77651,76947,76417,76893,76511,66468,65688,65884,66399,65789
994,1,0,4,76777,76355,75566,75563,76153,69483,68273,68838,68456,68317,77061,76352,75816,76299,75913,65992,65223,65418,65918,65311
995,0,0,4,77355,76925,76141,76122,76733,69936,68733,69304,68916,68786,77645,76927,76412,76881,76492,66446,65672,65875,66368,65764
996,1,0,4,76809,76367,75578,75568,76174,69481,68296,68839,68471,68338,77078,76356,75824,76311,75921,66022,65239,65442,65911,65333
997,0,0,4,77389,76940,76163,76139,76762,69950,68764,69302,68966,68804,77659,76936,76419,76887,76504,66468,65698,65902,66369,65790
998,1,0,4,76797,76347,75602,75558,76170,69488,68292,68837,68462,68340,77072,76358,75829,76293,75931,66013,65242,65433,65936,65331
999,0,0,4,77377,76926,76171,76116,76752,69939,68744,69292,68926,68796,77648,76929,76402,76875,76490,66449,65688,65885,66376,65780
1000,1,0,4,76780,76367,75569,75560,76173,69500,68270,68847,68461,68333,77074,76366,75812,76285,75922,66013,65244,65439,65930,65325
1001,0,0,4,77366,76939,76152,76141,76761,69958,68749,69317,68943,68816,77658,76956,76411,76883,76503,66460,65698,65889,66397,65786
1002,1,0,4,76791,76345,75585,75574,76187,69513,68301,68852,68492,68359,77069,76368,75828,76313,75936,66016,65254,65455,65944,65340
1003,0,0,4,77380,76921,76161,76145,76760,69961,68760,69310,68947,68814,77640,76937,76402,76893,76499,66467,65709,65897,66384,65787
1004,1,0,4,76775,76354,75589,75574,76169,69503,68281,68851,68475,68337,77072,76370,75818,76309,75938,66009,65244,65453,65927,65330
1005,0,0,4,77358,76925,76155,76143,76743,69955,68746,69312,68951,68801,77647,76941,76386,76869,76505,66458,65682,65893,66386,65792
1006,1,0,4,76769,76357,75581,75576,76165,69496,68300,68855,68473,68337,77067,76351,75820,76304,75916,66016,65248,65455,65931,65336
1007,0,0,4,77363,76926,76156,76140,76742,69949,68773,69315,68947,68807,77663,76933,76410,76892,76488,66469,65699,65904,66386,65801
1008,1,0,4,76758,76345,75573,75561,76152,69481,68281,68834,68444,68320,77061,76338,75811,76289,75909,65998,65221,65432,65905,65316
1009,0,0,4,77345,76910,76128,76111,76723,69931,68740,69288,68912,68782,77629,76913,76395,76865,76478,66440,65664,65881,66362,65767
1010,1,0,4,76752,76324,75567,75563,76156,69477,68276,68838,68445,68320,77057,76351,75806,76280,75914,65978,65225,65432,65903,65310
1011,0,0,4,77346,76906,76131,76117,76729,69934,68745,69301,68911,68776,77635,76934,76401,76858,76483,66427,65679,65878,66376,65759
1012,1,0,4,76766,76344,75569,75546,76143,69462,68266,68812,68449,68315,77064,76341,75806,76274,75912,65995,65234,65417,65908,65307
1013,0,0,4,77338,76918,76146,76122,76728,69928,68733,69286,68923,68778,77623,76915,76391,76856,76477,66448,65675,65865,66369,65758
1014,1,0,4,76782,76369,75595,75577,76173,69505,68312,68849,68481,68346,77084,76368,75823,76315,75935,66004,65250,65454,65934,65345
1015,0,0,4,77344,76929,76149,76122,76734,69948,68756,69307,68934,68800,77651,76926,76385,76875,76490,66439,65679,65887,66364,65783
1016,1,0,4,76783,76364,75583,75578,76170,69501,68311,68853,68472,68339,77083,76361,75828,76319,75930,66011,65249,65451,65947,65343
1017,0,0,4,77361,76930,76143,76147,76741,69954,68763,69300,68936,68786,77659,76937,76401,76884,76481,66456,65688,65889,66387,65787
1018,1,0,4,76765,76340,75553,75564,76155,69486,68278,68823,68460,68326,77069,76352,75808,76304,75908,65992,65230,65430,65922,65319
1019,0,0,4,77374,76933,76153,76153,76748,69968,68755,69322,68958,68812,77673,76955,76404,76903,76496,66477,65702,65898,66390,65794
1020,1,0,4,76772,76349,75568,75550,76149,69472,68267,68823,68456,68312,77070,76339,75806,76287,75895,65979,65222,65411,65911,65313
1021,0,0,4,77361,76926,76133,76112,76736,69927,68727,69288,68921,68783,77648,76918,76392,76865,76464,66432,65670,65857,66370,65771
1022,1,0,4,76763,76342,75580,75564,76167,69484,68275,68825,68455,68338,77061,76340,75800,76293,75918,65983,65230,65434,65906,65332
1023,0,0,4,77354,76915,76150,76122,76748,69941,68735,69286,68922,68800,77630,76911,76396,76886,76485,66433,65672,65876,66358,65779
1024,1,0,4,76756,76336,75564,75552,76165,69470,68267,68839,68449,68330,77050,76355,75822,76289,75899,65985,65239,65430,65913,65318
1025,0,0,4,77346,76922,76140,76124,76748,69920,68735,69310,68912,68794,77649,76932,76403,76875,76477,66435,65687,65883,66369,65771
1026,1,0,4,76769,76342,75563,75563,76164,69478,68266,68831,68458,68324,77061,76326,75811,76290,75900,65987,65235,65424,65922,65316
1027,0,0,4,77363,76910,76129,76135,76732,69935,68729,69293,68938,68785,77630,76902,76385,76871,76458,66442,65681,65871,66372,65768
1028,1,0,4,76762,76325,75563,75563,76148,69467,68276,68836,68441,68308,77080,76342,75803,76267,75896,65988,65230,65427,65908,65304
1029,0,0,4,77338,76889,76122,76098,76718,69915,68731,69275,68902,68768,77633,76906,76366,76847,76458,66438,65677,65866,66359,65757
1030,1,0,4,76778,76332,75579,75571,76164,69488,68290,68844,68460,68335,77069,76354,75813,76283,75919,65994,65252,65436,65927,65334
1031,0,0,4,77365,76904,76139,76139,76734,69953,68747,69301,68913,68803,77632,76922,76394,76861,76477,66437,65695,65881,66373,65772
1032,1,0,4,76778,76327,75572,75566,76160,69479,68276,68849,68472,68324,77062,76367,75813,76305,75917,65998,65236,65431,65926,65340
1033,0,0,4,77374,76911,76147,76142,76742,69939,68750,69319,68937,68797,77638,76947,76411,76886,76492,66456,65703,65886,66384,65792
1034,1,0,4,76758,76319,75583,75576,76152,69490,68281,68840,68455,68338,77064,76351,75819,76289,75900,65983,65253,65431,65920,65336
1035,0,0,4,77347,76898,76150,76133,76733,69944,68737,69305,68913,68802,77637,76928,76397,76866,76481,66429,65700,65889,66367,65796
1036,1,0,4,76774,76334,75568,75560,76147,69492,68288,68836,68473,68333,77076,76341,75828,76281,75912,65984,65255,65429,65919,65318
1037,0,0,4,77364,76911,76153,76139,76747,69959,68750,69311,68929,68802,77672,76936,76407,76877,76486,66443,65706,65901,66376,65780
1038,1,0,4,76788,76339,75581,75600,76167,69506,68282,68849,68473,68350,77075,76373,75817,76293,75928,66007,65263,65437,65962,65346
1039,0,0,4,77360,76912,76139,76140,76743,69952,68729,69307,68925,68806,77642,76942,76382,76869,76476,66454,65693,65883,66390,65783
1040,1,0,4,76787,76346,75580,75556,76158,69500,68294,68853,68477,68326,77079,76368,75825,76295,75927,65988,65247,65423,65934,65331
1041,0,0,4,77391,76913,76155,76122,76734,69956,68753,69317,68936,68792,77667,76941,76419,76876,76497,66446,65694,65881,66386,65782
1042,1,0,4,76781,76343,75583,75586,76162,69486,68294,68854,68459,68322,77100,76367,75816,76301,75927,66017,65251,65440,65925,65338
1043,0,0,4,77371,76915,76157,76141,76722,69939,68748,69305,68922,68791,77676,76936,76385,76877,76497,66458,65707,65897,66376,65786
1044,1,0,4,76779,76341,75589,75564,76139,69493,68282,68839,68461,68312,77071,76352,75814,76288,75916,66005,65259,65433,65934,65331
1045,0,0,4,77366,76917,76162,76133,76741,69950,68756,69303,68926,68779,77657,76932,76393,76871,76495,66452,65707,65884,66395,65785
1046,1,0,4,76787,76339,75595,75557,76148,69502,68274,68844,68465,68318,77058,76344,75805,76293,75918,66001,65243,65440,65922,65321
1047,0,0,4,77362,76920,76146,76129,76727,69946,68735,69290,68925,68777,77622,76922,76394,76880,76494,66445,65696,65889,66370,65766
1048,1,0,4,76771,76348,75580,75544,76156,69483,68275,68840,68464,68331,77073,76354,75813,76286,75912,66006,65250,65444,65921,65332
1049,0,0,4,77361,76944,76169,76126,76748,69955,68748,69308,68941,68796,77662,76939,76407,76886,76490,66457,65706,65901,66388,65795
1050,1,0,4,76771,76372,75584,75554,76153,69494,68262,68815,68451,68299,77049,76344,75812,76277,75916,65989,65233,65413,65892,65313
1051,0,0,4,77346,76941,76143,76121,76736,69949,68736,69283,68915,68761,77628,76917,76392,76852,76498,66434,65691,65881,66358,65776
1052,1,0,4,76782,76375,75599,75559,76149,69492,68287,68830,68461,68303,77079,76373,75826,76291,75924,65994,65254,65450,65908,65331
1053,0,0,4,77372,76952,76170,76127,76747,69959,68752,69303,68943,68782,77671,76950,76402,76883,76511,66461,65712,65909,66378,65792
1054,1,0,4,76769,76348,75594,75555,76144,69494,68275,68831,68449,68327,77060,76354,75805,76294,75921,66000,65250,65429,65907,65333
1055,0,0,4,77365,76930,76152,76116,76721,69947,68738,69295,68913,68787,77630,76930,76393,76878,76484,66450,65695,65885,66365,65775
1056,1,0,4,76774,76359,75591,75547,76152,69481,68262,68835,68449,68323,77065,76362,75811,76300,75921,65995,65244,65440,65918,65332
1057,0,0,4,77346,76911,76164,76108,76732,69926,68725,69286,68907,68771,77634,76934,76391,76882,76476,66451,65696,65877,66367,65771
1058,1,0,4,76769,76366,75565,75538,76150,69481,68274,68834,68449,68326,77051,76355,75789,76270,75905,65990,65234,65430,65908,65317
1059,0,0,4,77347,76929,76131,76091,76724,69926,68729,69294,68917,68782,77638,76928,76368,76854,76472,66436,65685,65871,66366,65767
1060,1,0,4,76779,76347,75564,75549,76135,69471,68268,68830,68449,68299,77063,76359,75808,76280,75929,65992,65230,65441,65908,65328
1061,0,0,4,77377,76926,76142,76124,76735,69941,68733,69297,68916,68775,77650,76938,76407,76867,76503,66449,65701,65897,66382,65796
1062,1,0,4,76755,76319,75547,75552,76138,69462,68255,68819,68440,68306,77040,76341,75804,76268,75885,65986,65228,65411,65895,65312
1063,0,0,4,77345,76890,76119,76118,76722,69907,68719,69277,68905,68760,77619,76922,76380,76856,76464,66429,65674,65868,66343,65754
1064,1,0,4,76754,76333,75558,75546,76149,69468,68253,68818,68448,68302,77033,76349,75797,76284,75903,65994,65242,65431,65907,65323
1065,0,0,4,77339,76909,76132,76110,76729,69921,68714,69279,68914,68767,77613,76922,76376,76866,76474,66441,65694,65884,66363,65783
1066,1,0,4,76774,76333,75580,75527,76153,69466,68271,68837,68445,68310,77053,76369,75811,76281,75901,65967,65251,65426,65901,65316
1067,0,0,4,77358,76896,76149,76094,76733,69932,68732,69290,68917,68766,77624,76935,76389,76865,76465,66413,65698,65887,66358,65758
1068,1,0,4,76746,76327,75554,75533,76153,69472,68267,68835,68462,68305,77048,76350,75808,76297,75907,65972,65240,65427,65911,65311
1069,0,0,4,77344,76898,76112,76095,76729,69915,68735,69292,68904,68764,77617,76931,76394,76877,76480,66427,65688,65879,66366,65761
1070,1,0,4,76756,76323,75551,75531,76133,69470,68254,68807,68436,68298,77031,76344,75791,76278,75895,65984,65214,65410,65918,65310
1071,0,0,4,77346,76909,76128,76090,76717,69931,68718,69286,68907,68768,77625,76934,76386,76858,76463,66434,65673,65867,66362,65748
1072,1,0,4,76784,76361,75585,75566,76157,69504,68279,68860,68476,68324,77081,76376,75815,76317,75936,66003,65239,65441,65927,65333
1073,0,0,4,77356,76917,76140,76121,76730,69945,68726,69300,68920,68784,77641,76935,76393,76870,76488,66433,65677,65877,66373,65765
1074,1,0,4,76750,76331,75559,75538,76127,69450,68255,68831,68445,68303,77037,76359,75787,76287,75912,65975,65230,65411,65882,65290
1075,0,0,4,77326,76906,76105,76086,76697,69901,68703,69281,68895,68753,77598,76920,76346,76852,76460,66412,65670,65845,66333,65729
1076,1,0,4,76764,76339,75552,75535,76131,69462,68242,68838,68442,68308,77046,76356,75787,76276,75902,65975,65219,65406,65886,65297
1077,0,0,4,77358,76917,76143,76113,76719,69934,68714,69301,68913,68789,77629,76935,76373,76873,76481,66437,65678,65871,66344,65760
1078,1,0,4,76773,76350,75577,75544,76154,69462,68262,68837,68452,68307,77059,76355,75792,76295,75908,65979,65220,65426,65914,65305
1079,0,0,4,77360,76925,76141,76121,76737,69927,68724,69299,68907,68785,77625,76936,76376,76878,76487,66427,65663,65868,66355,65759
1080,1,0,4,76778,76351,75571,75541,76157,69472,68269,68844,68445,68305,77055,76361,75797,76285,75901,65978,65234,65417,65896,65306
1081,0,0,4,77345,76912,76135,76102,76722,69930,68730,69295,68902,68755,77613,76922,76370,76860,76467,66417,65668,65862,66352,65759
1082,1,0,4,76753,76358,75565,75552,76156,69465,68264,68827,68442,68307,77060,76369,75781,76291,75902,65966,65222,65426,65903,65299
1083,0,0,4,77334,76924,76107,76099,76728,69920,68712,69282,68889,68765,77631,76940,76355,76864,76471,66413,65658,65873,66349,65755
1084,1,0,4,76757,76340,75571,75536,76139,69482,68254,68821,68446,68316,77059,76369,75793,76286,75917,65974,65234,65439,65910,65302
1085,0,0,4,77339,76905,76137,76087,76724,69928,68716,69292,68906,68767,77618,76936,76364,76867,76477,66423,65686,65875,66375,65754
1086,1,0,4,76761,76358,75546,75538,76138,69466,68255,68828,68447,68303,77066,76367,75797,76281,75896,65982,65212,65431,65913,65317
1087,0,0,4,77352,76941,76129,76109,76739,69921,68717,69296,68920,68771,77646,76957,76393,76877,76481,66435,65676,65885,66371,65767
1088,1,0,4,76773,76355,75558,75555,76155,69481,68267,68831,68440,68318,77056,76364,75782,76276,75908,65975,65245,65422,65921,65319
1089,0,0,4,77360,76919,76129,76105,76731,69927,68724,69287,68904,68772,77620,76931,76364,76848,76487,66423,65687,65864,66368,65773
1090,1,0,4,76774,76348,75540,75537,76167,69472,68274,68834,68444,68313,77049,76353,75792,76267,75897,65965,65222,65420,65896,65303
1091,0,0,4,77350,76915,76103,76103,76742,69928,68734,69292,68904,68775,77630,76932,76373,76855,76472,66415,65678,65865,66368,65754
1092,1,0,4,76757,76335,75549,75529,76158,69468,68274,68835,68441,68307,77045,76353,75808,76284,75903,65972,65225,65439,65898,65303
1093,0,0,4,77346,76919,76130,76103,76750,69927,68733,69300,68918,68788,77628,76937,76385,76874,76491,66428,65675,65885,66358,65760
1094,1,0,4,76771,76330,75565,75531,76151,69472,68273,68822,68433,68304,77061,76351,75810,76280,75901,65961,65228,65435,65907,65314
1095,0,0,4,77357,76918,76131,76116,76735,69933,68743,69296,68905,68767,77640,76931,76392,76866,76484,66415,65680,65885,66370,65766
1096,1,0,4,76770,76356,75588,75551,76156,69478,68293,68863,68448,68309,77069,76368,75806,76294,75913,65980,65237,65442,65920,65321
1097,0,0,4,77362,76920,76151,76118,76744,69941,68750,69316,68918,68781,77637,76939,76389,76875,76481,66428,65676,65884,66376,65767
1098,1,0,4,76757,76341,75571,75556,76155,69476,68281,68848,68461,68327,77042,76363,75816,76305,75911,65984,65234,65449,65921,65317
1099,0,0,4,77358,76924,76144,76124,76744,69945,68747,69311,68935,68787,77634,76947,76411,76885,76490,66447,65687,65907,66387,65782
1100,1,0,4,76773,76365,75584,75556,76156,69507,68292,68868,68474,68341,77074,76370,75809,76303,75932,66019,65253,65456,65933,65332
1101,0,0,4,77350,76940,76172,76127,76743,69960,68754,69329,68937,68790,77654,76960,76404,76890,76505,66460,65704,65906,66393,65795
1102,1,0,4,76762,76339,75565,75523,76117,69472,68257,68824,68445,68296,77052,76369,75799,76277,75927,65979,65229,65423,65913,65308
1103,0,0,4,77350,76919,76144,76096,76713,69935,68730,69291,68916,68776,77639,76936,76383,76865,76502,66442,65681,65874,66363,65766
1104,1,0,4,76766,76337,75574,75549,76146,69483,68261,68832,68440,68304,77058,76366,75804,76282,75904,65992,65225,65431,65911,65315
1105,0,0,4,77357,76900,76148,76114,76721,69932,68717,69286,68901,68768,77635,76944,76386,76857,76482,66436,65673,65882,66360,65760
1106,1,0,4,76773,76346,75577,75543,76152,69484,68273,68852,68455,68313,77085,76377,75828,76305,75915,65990,65250,65428,65917,65309
1107,0,0,4,77360,76915,76146,76117,76736,69954,68744,69314,68926,68779,77661,76957,76412,76886,76501,66455,65695,65888,66373,65763
1108,1,0,4,76754,76316,75551,75543,76135,69456,68259,68818,68437,68298,77055,76352,75789,76279,75897,65978,65210,65430,65890,65289
1109,0,0,4,77348,76912,76134,76140,76723,69944,68743,69306,68915,68772,77649,76936,76406,76885,76503,66440,65693,65892,66358,65761
1110,1,0,4,76760,76339,75559,75548,76139,69477,68279,68825,68456,68322,77060,76360,75822,76301,75920,65980,65236,65441,65910,65311
1111,0,0,4,77354,76909,76136,76124,76733,69932,68747,69295,68924,68779,77631,76947,76397,76891,76498,66436,65681,65896,66376,65758
1112,1,0,4,76775,76338,75575,75547,76148,69483,68276,68847,68460,68312,77061,76360,75809,76281,75919,65976,65236,65439,65931,65309
1113,0,0,4,77356,76903,76144,76109,76729,69938,68730,69312,68926,68780,77642,76936,76386,76866,76483,66427,65683,65888,66382,65768
1114,1,0,4,76759,76322,75568,75541,76150,69474,68257,68811,68437,68293,77060,76348,75805,76289,75907,65961,65211,65406,65919,65299
1115,0,0,4,77348,76887,76129,76100,76717,69921,68730,69280,68902,68751,77640,76909,76385,76867,76472,66404,65660,65852,66368,65749
1116,1,0,4,76783,76352,75592,75569,76144,69469,68281,68829,68455,68315,77080,76357,75821,76302,75919,65987,65242,65424,65923,65327
1117,0,0,4,77353,76904,76134,76092,76722,69921,68725,69280,68898,68767,77636,76928,76381,76864,76472,66421,65672,65870,66360,65769
1118,1,0,4,76769,76335,75575,75561,76139,69473,68275,68839,68451,68318,77054,76367,75796,76309,75902,66000,65240,65435,65932,65324
1119,0,0,4,77354,76897,76111,76104,76714,69920,68727,69285,68907,68776,77614,76926,76364,76881,76462,66436,65688,65876,66377,65756
1120,1,0,4,76784,76349,75569,75543,76129,69464,68267,68834,68447,68305,77055,76356,75807,76290,75900,65988,65220,65421,65921,65321
1121,0,0,4,77365,76918,76133,76098,76716,69928,68730,69291,68911,68776,77644,76929,76399,76863,76459,66443,65665,65859,66358,65754
1122,1,0,4,76768,76348,75571,75542,76146,69485,68270,68820,68459,68307,77056,76365,75810,76277,75907,65980,65241,65430,65906,65323
1123,0,0,4,77364,76918,76153,76123,76730,69947,68730,69293,68919,68783,77638,76935,76396,76863,76493,66439,65683,65887,66378,65783
1124,1,0,4,76756,76322,75576,75549,76140,69492,68249,68831,68426,68306,77053,76361,75797,76270,75904,65985,65222,65425,65899,65323
1125,0,0,4,77349,76899,76157,76127,76726,69935,68718,69297,68902,68776,77635,76941,76390,76852,76483,66449,65680,65889,66363,65787
1126,1,0,4,76779,76328,75574,75555,76146,69498,68269,68821,68427,68326,77050,76355,75799,76283,75903,65997,65226,65435,65912,65336
1127,0,0,4,77371,76910,76155,76130,76751,69961,68737,69301,68900,68792,77640,76950,76400,76876,76485,66450,65681,65884,66374,65789
1128,1,0,4,76749,76309,75548,75532,76149,69467,68260,68824,68433,68316,77046,76344,75796,76269,75912,65977,65211,65419,65896,65305
1129,0,0,4,77361,76907,76141,76123,76750,69939,68739,69314,68910,68794,77637,76945,76383,76870,76502,66442,65676,65882,66368,65781
1130,1,0,4,76755,76342,75545,75532,76147,69470,68252,68820,68436,68306,77027,76351,75807,76264,75881,65970,65216,65424,65912,65309
1131,0,0,4,77340,76929,76135,76102,76742,69935,68714,69288,68910,68776,77615,76934,76384,76855,76467,66426,65667,65877,66364,65770
1132,1,0,4,76785,76348,75586,75568,76160,69508,68275,68849,68467,68316,77071,76383,75826,76304,75914,65993,65254,65437,65924,65332
1133,0,0,4,77361,76921,76146,76132,76737,69957,68729,69296,68920,68764,77628,76945,76395,76865,76479,66434,65701,65894,66363,65770
1134,1,0,4,76770,76359,75550,75555,76175,69485,68278,68844,68458,68315,77036,76358,75797,76301,75909,65988,65257,65443,65925,65330
1135,0,0,4,77357,76930,76136,76131,76748,69945,68735,69305,68917,68774,77607,76926,76375,76877,76478,66432,65688,65886,66369,65779
1136,1,0,4,76770,76353,75567,75566,76166,69484,68265,68832,68442,68315,77057,76382,75804,76294,75918,65974,65232,65438,65907,65321
1137,0,0,4,77347,76915,76122,76127,76721,69944,68725,69290,68903,68766,77626,76952,76375,76868,76474,66417,65680,65873,66361,65776
1138,1,0,4,76791,76340,75576,75562,76171,69480,68288,68830,68464,68325,77069,76374,75822,76284,75912,65989,65233,65443,65928,65326
1139,0,0,4,77364,76927,76143,76113,76753,69930,68746,69293,68940,68785,77642,76952,76404,76878,76480,66434,65691,65882,66382,65775
1140,1,0,4,76778,76341,75584,75562,76154,69474,68269,68829,68465,68325,77049,76374,75816,76295,75913,65979,65232,65434,65910,65314
1141,0,0,4,77362,76896,76140,76126,76732,69930,68732,69303,68924,68784,77621,76954,76376,76869,76483,66428,65690,65890,66355,65765
1142,1,0,4,76782,76356,75582,75551,76171,69481,68273,68823,68462,68336,77045,76373,75808,76281,75923,65988,65239,65437,65918,65321
1143,0,0,4,77379,76926,76146,76129,76750,69944,68734,69297,68926,68802,77635,76955,76400,76872,76501,66447,65691,65892,66385,65779
1144,1,0,4,76766,76338,75574,75546,76154,69472,68265,68822,68444,68306,77051,76367,75798,76285,75906,65976,65220,65424,65910,65294
1145,0,0,4,77346,76915,76148,76101,76726,69924,68717,69280,68905,68764,77623,76943,76378,76858,76465,66427,65672,65867,66349,65739
1146,1,0,4,76754,76331,75586,75541,76157,69462,68254,68812,68437,68299,77026,76370,75793,76275,75899,65964,65204,65431,65890,65293
1147,0,0,4,77350,76912,76152,76102,76726,69928,68725,69282,68911,68757,77619,76955,76380,76863,76479,66424,65675,65887,66350,65745
1148,1,0,4,76783,76351,75579,75555,76161,69478,68272,68843,68454,68312,77046,76380,75806,76284,75907,65983,65237,65428,65913,65303
1149,0,0,4,77366,76911,76126,76101,76736,69923,68725,69295,68904,68754,77610,76939,76369,76847,76471,66416,65667,65873,66356,65747
1150,1,0,4,76752,76330,75572,75529,76147,69467,68253,68828,68452,68299,77045,76371,75794,76283,75898,65979,65236,65410,65907,65290
1151,0,0,4,77360,76922,76143,76101,76730,69941,68720,69296,68923,68774,77625,76955,76379,76874,76480,66429,65696,65872,66358,65739
1152,1,0,4,76775,76348,75550,75527,76143,69475,68267,68825,68446,68287,77023,76348,75786,76267,75889,65972,65225,65430,65907,65305
1153,0,0,4,77356,76927,76117,76111,76725,69938,68721,69286,68912,68739,77604,76937,76359,76859,76468,66419,65679,65875,66352,65767
1154,1,0,4,76780,76339,75575,75553,76171,69483,68278,68848,68465,68316,77054,76376,75808,76296,75899,65965,65253,65440,65911,65316
1155,0,0,4,77363,76901,76141,76121,76740,69943,68732,69306,68930,68775,77622,76956,76384,76875,76466,66408,65704,65882,66366,65765
1156,1,0,4,76779,76336,75572,75570,76155,69471,68285,68842,68452,68300,77056,76381,75816,76289,75900,65971,65229,65438,65917,65305
1157,0,0,4,77355,76896,76123,76122,76724,69920,68729,69287,68892,68752,77619,76945,76379,76854,76459,66403,65666,65874,66351,65746
1158,1,0,4,76804,76343,75586,75582,76167,69493,68298,68853,68468,68322,77060,76394,75827,76292,75920,65990,65268,65458,65934,65336
1159,0,0,4,77351,76884,76123,76115,76717,69928,68721,69286,68907,68758,77611,76948,76374,76838,76460,66407,65687,65875,66366,65747
1160,1,0,4,76773,76338,75580,75559,76166,69490,68262,68834,68453,68302,77056,76363,75816,76272,75900,65972,65238,65432,65929,65306
1161,0,0,4,77351,76893,76133,76111,76723,69935,68709,69288,68912,68751,77619,76931,76393,76849,76467,66415,65680,65867,66361,65749
1162,1,0,4,76760,76325,75568,75533,76155,69467,68246,68828,68433,68297,77039,76362,75813,76267,75897,65978,65223,65416,65895,65304
1163,0,0,4,77343,76892,76132,76103,76739,69921,68714,69303,68893,68764,77622,76938,76390,76850,76470,66428,65685,65875,66353,65753
1164,1,0,4,76783,76341,75582,75561,76176,69475,68278,68843,68459,68316,77052,76363,75801,76275,75911,65994,65241,65441,65929,65322
1165,0,0,4,77365,76914,76167,76132,76751,69932,68747,69313,68935,68797,77629,76950,76397,76872,76498,66442,65711,65892,66393,65781
1166,1,0,4,76757,76336,75560,75548,76165,69468,68258,68820,68439,68298,77033,76338,75776,76281,75900,65977,65235,65429,65911,65312
1167,0,0,4,77360,76921,76147,76126,76755,69942,68741,69297,68917,68786,77622,76932,76378,76866,76488,66440,65703,65899,66377,65782
1168,1,0,4,76793,76374,75589,75576,76175,69486,68284,68858,68462,68309,77055,76355,75820,76299,75938,66008,65270,65444,65942,65334
1169,0,0,4,77360,76937,76151,76132,76744,69943,68737,69312,68912,68763,77635,76924,76402,76872,76487,66449,65691,65880,66396,65767
1170,1,0,4,76771,76353,75583,75567,76179,69480,68272,68844,68462,68300,77061,76361,75811,76297,75913,65992,65237,65432,65931,65325
1171,0,0,4,77338,76910,76139,76111,76734,69923,68723,69283,68908,68752,77630,76913,76380,76859,76475,66423,65672,65872,66373,65754
1172,1,0,4,76789,76342,75567,75562,76181,69483,68264,68835,68452,68289,77053,76354,75811,76298,75906,65982,65231,65430,65915,65324
1173,0,0,4,77349,76907,76109,76114,76744,69927,68706,69284,68906,68735,77609,76915,76374,76860,76461,66422,65677,65870,66361,65765
1174,1,0,4,76758,76324,75554,75554,76160,69449,68270,68821,68442,68299,77049,76349,75812,76274,75901,65979,65233,65439,65910,65317
1175,0,0,4,77359,76894,76113,76098,76732,69903,68721,69274,68899,68749,77624,76914,76376,76852,76463,66420,65666,65873,66349,65770
1176,1,0,4,76770,76338,75566,75556,76151,69459,68259,68839,68449,68309,77048,76368,75804,76287,75902,65976,65246,65431,65913,65329
1177,0,0,4,77354,76913,76135,76119,76730,69926,68714,69298,68912,68771,77623,76952,76388,76858,76469,66426,65693,65872,66357,65777
1178,1,0,4,76755,76322,75546,75542,76136,69448,68252,68832,68447,68278,77048,76341,75805,76269,75895,65975,65240,65424,65910,65302
1179,0,0,4,77354,76894,76113,76108,76724,69908,68719,69297,68922,68742,77626,76919,76388,76860,76475,66436,65698,65878,66360,65758
1180,1,0,4,76764,76329,75565,75536,76149,69468,68260,68833,68418,68301,77050,76350,75801,76278,75911,65967,65229,65421,65913,65314
1181,0,0,4,77363,76899,76143,76110,76728,69923,68728,69296,68906,68774,77631,76930,76376,76864,76478,66424,65687,65872,66378,65778
1182,1,0,4,76772,76328,75574,75550,76153,69469,68261,68825,68438,68295,77045,76332,75795,76286,75900,65977,65229,65420,65907,65312
1183,0,0,4,77354,76900,76152,76106,76730,69924,68714,69283,68905,68749,77612,76906,76388,76873,76460,66422,65674,65871,66358,65764
1184,1,0,4,76763,76334,75581,75551,76149,69463,68274,68837,68448,68295,77034,76337,75818,76286,75909,65970,65225,65429,65904,65310
1185,0,0,4,77344,76905,76139,76111,76730,69915,68729,69291,68913,68758,77617,76919,76397,76859,76480,66422,65666,65874,66363,65755
1186,1,0,4,76751,76306,75560,75535,76144,69455,68261,68814,68441,68293,77026,76322,75787,76261,75891,65960,65216,65428,65904,65304
1187,0,0,4,77337,76907,76142,76114,76738,69926,68724,69285,68922,68767,77610,76914,76391,76857,76478,66429,65674,65882,66360,65759
1188,1,0,4,76773,76327,75568,75542,76158,69467,68273,68831,68459,68296,77044,76340,75807,76300,75918,65982,65224,65442,65907,65319
1189,0,0,4,77360,76909,76137,76106,76736,69931,68740,69284,68918,68762,77628,76920,76375,76875,76492,66437,65676,65893,66361,65771
1190,1,0,4,76774,76348,75574,75558,76161,69492,68284,68835,68470,68308,77066,76350,75814,76293,75917,65966,65249,65448,65926,65335
1191,0,0,4,77354,76914,76134,76113,76743,69938,68734,69302,68924,68758,77617,76934,76395,76876,76481,66413,65697,65899,66378,65782
1192,1,0,4,76772,76327,75559,75564,76165,69482,68272,68842,68436,68293,77041,76355,75813,76264,75902,65971,65210,65430,65909,65320
1193,0,0,4,77334,76882,76121,76115,76724,69926,68721,69279,68893,68738,77595,76908,76370,76829,76460,66405,65647,65869,66365,65758
1194,1,0,4,76781,76332,75574,75556,76168,69473,68274,68833,68468,68309,77062,76369,75811,76288,75919,65982,65232,65447,65921,65327
1195,0,0,4,77358,76896,76134,76109,76733,69923,68731,69293,68917,68769,77628,76943,76378,76863,76477,66425,65673,65887,66371,65756
1196,1,0,4,76759,76326,75580,75544,76143,69469,68268,68837,68444,68294,77051,76349,75803,76279,75888,65965,65221,65421,65904,65315
1197,0,0,4,77340,76902,76148,76118,76730,69923,68735,69294,68910,68771,77632,76925,76384,76863,76466,66419,65677,65878,66365,65770
1198,1,0,4,76769,76318,75570,75557,76170,69474,68269,68837,68457,68313,77039,76366,75806,76254,75914,65974,65243,65436,65917,65309
1199,0,0,4,77360,76896,76134,76118,76750,69922,68728,69294,68919,68771,77622,76948,76379,76847,76478,66430,65692,65889,66370,65764
