rep,heat_enabled,transmitter_bit,transmitter_mask,ctrl_0_ro_0,ctrl_0_ro_1,ctrl_0_ro_2,ctrl_0_ro_3,ctrl_0_ro_4,ctrl_1_ro_0,ctrl_1_ro_1,ctrl_1_ro_2,ctrl_1_ro_3,ctrl_1_ro_4,ctrl_2_ro_0,ctrl_2_ro_1,ctrl_2_ro_2,ctrl_2_ro_3,ctrl_2_ro_4,ctrl_3_ro_0,ctrl_3_ro_1,ctrl_3_ro_2,ctrl_3_ro_3,ctrl_3_ro_4
0,1,1,16,76762,76316,75574,75558,76175,69465,68276,68860,68458,68302,77032,76330,75811,76283,75904,65952,65214,65386,65881,65291
1,0,1,16,77356,76892,76148,76131,76756,69934,68748,69331,68936,68773,77620,76910,76387,76879,76475,66405,65676,65838,66341,65751
2,1,1,16,76788,76322,75594,75562,76190,69481,68301,68865,68488,68325,77041,76335,75812,76304,75910,65949,65224,65393,65895,65297
3,0,1,16,77357,76892,76154,76115,76761,69933,68760,69328,68942,68778,77618,76909,76400,76879,76469,66397,65671,65846,66347,65749
4,1,1,16,76801,76332,75622,75581,76208,69484,68329,68884,68503,68342,77047,76352,75844,76335,75930,65966,65240,65404,65916,65319
5,0,1,16,77366,76885,76167,76123,76758,69936,68767,69333,68957,68787,77623,76929,76401,76892,76481,66404,65687,65843,66355,65756
6,1,1,16,76782,76314,75611,75561,76186,69468,68312,68868,68498,68328,77028,76346,75819,76317,75920,65948,65232,65390,65901,65314
7,0,1,16,77352,76898,76156,76110,76751,69922,68760,69322,68953,68782,77593,76903,76384,76879,76476,66395,65663,65832,66345,65755
8,1,1,16,76806,76351,75614,75581,76207,69490,68334,68890,68522,68348,77040,76368,75832,76334,75935,65970,65249,65408,65926,65325
9,0,1,16,77362,76904,76160,76120,76752,69932,68765,69334,68960,68783,77590,76927,76393,76876,76478,66407,65686,65845,66355,65758
10,1,1,16,76773,76327,75599,75556,76194,69473,68320,68869,68511,68326,77015,76341,75819,76299,75906,65956,65230,65395,65901,65309
11,0,1,16,77347,76907,76160,76115,76761,69932,68770,69333,68974,68781,77591,76907,76392,76870,76462,66397,65677,65842,66345,65756
12,1,1,16,76784,76348,75612,75572,76194,69471,68330,68875,68524,68331,77034,76352,75829,76309,75908,65965,65243,65406,65914,65314
13,0,1,16,77362,76905,76155,76119,76764,69924,68772,69326,68970,68783,77602,76915,76397,76877,76470,66408,65684,65838,66362,65748
14,1,1,16,76799,76341,75592,75568,76207,69475,68323,68871,68508,68334,77026,76343,75828,76310,75906,65965,65242,65404,65924,65312
15,0,1,16,77363,76916,76164,76131,76764,69937,68779,69329,68965,68789,77606,76914,76402,76880,76471,66412,65693,65851,66372,65770
16,1,1,16,76800,76348,75617,75583,76205,69481,68334,68879,68526,68350,77046,76349,75834,76318,75912,65967,65255,65412,65933,65330
17,0,1,16,77365,76915,76167,76132,76776,69949,68789,69344,68964,68796,77613,76908,76404,76883,76471,66401,65690,65850,66372,65764
18,1,1,16,76803,76352,75603,75582,76215,69491,68336,68879,68532,68351,77035,76335,75823,76318,75914,65970,65233,65403,65928,65326
19,0,1,16,77364,76912,76159,76123,76768,69942,68778,69315,68958,68792,77595,76902,76398,76888,76473,66401,65678,65845,66369,65766
20,1,1,16,76806,76353,75601,75575,76204,69491,68334,68872,68518,68341,77029,76336,75828,76323,75902,65965,65240,65398,65931,65319
21,0,1,16,77368,76909,76160,76111,76766,69930,68769,69332,68959,68779,77595,76899,76395,76880,76453,66403,65680,65830,66367,65749
22,1,1,16,76800,76348,75594,75568,76200,69491,68326,68874,68517,68332,77033,76341,75837,76317,75899,65957,65240,65405,65921,65312
23,0,1,16,77386,76920,76161,76131,76774,69959,68789,69341,68975,68799,77616,76924,76416,76896,76484,66416,65694,65851,66389,65766
24,1,1,16,76804,76353,75606,75565,76214,69479,68325,68868,68520,68320,77015,76335,75840,76313,75910,65957,65237,65397,65927,65310
25,0,1,16,77374,76917,76155,76115,76777,69929,68770,69327,68968,68771,77583,76910,76415,76873,76471,66402,65679,65845,66373,65759
26,1,1,16,76810,76351,75607,75568,76214,69492,68326,68876,68515,68332,77021,76351,75849,76310,75922,65977,65249,65409,65935,65317
27,0,1,16,77358,76907,76147,76103,76763,69937,68769,69318,68954,68773,77571,76912,76409,76865,76463,66391,65677,65843,66363,65745
28,1,1,16,76805,76350,75596,75564,76208,69488,68323,68870,68510,68329,77018,76352,75833,76307,75915,65962,65229,65406,65925,65311
29,0,1,16,77372,76914,76142,76120,76772,69936,68771,69327,68971,68777,77590,76912,76399,76877,76477,66404,65672,65848,66380,65754
30,1,1,16,76806,76350,75591,75567,76211,69486,68321,68871,68513,68327,77013,76351,75834,76304,75921,65962,65238,65399,65940,65301
31,0,1,16,77370,76916,76154,76116,76771,69945,68771,69323,68962,68781,77589,76927,76409,76874,76482,66402,65688,65845,66389,65762
32,1,1,16,76805,76362,75596,75575,76215,69501,68331,68882,68527,68335,77030,76355,75846,76328,75920,65960,65249,65411,65940,65322
33,0,1,16,77360,76902,76134,76112,76761,69927,68764,69321,68968,68767,77589,76896,76394,76868,76464,66391,65676,65840,66369,65749
34,1,1,16,76822,76370,75603,75581,76221,69505,68341,68880,68543,68345,77048,76351,75840,76330,75928,65969,65263,65407,65953,65336
35,0,1,16,77369,76925,76152,76132,76778,69948,68786,69325,68981,68783,77611,76912,76404,76887,76474,66404,65696,65848,66388,65767
36,1,1,16,76799,76353,75578,75548,76200,69477,68312,68861,68523,68320,77025,76329,75814,76309,75911,65941,65243,65387,65928,65309
37,0,1,16,77369,76926,76143,76115,76764,69937,68773,69321,68976,68777,77609,76907,76394,76887,76471,66393,65687,65841,66384,65756
38,1,1,16,76793,76356,75584,75566,76200,69476,68323,68879,68525,68331,77046,76343,75828,76312,75915,65943,65236,65392,65937,65314
39,0,1,16,77360,76919,76137,76109,76769,69930,68776,69341,68969,68790,77605,76908,76408,76886,76469,66389,65685,65839,66370,65755
40,1,1,16,76796,76365,75585,75568,76213,69487,68334,68883,68513,68351,77048,76348,75837,76330,75924,65958,65259,65416,65939,65323
41,0,1,16,77371,76930,76152,76126,76785,69942,68792,69339,68974,68795,77615,76915,76414,76904,76488,66404,65700,65863,66390,65775
42,1,1,16,76798,76362,75592,75566,76212,69484,68339,68884,68511,68347,77043,76344,75842,76327,75914,65959,65250,65413,65941,65325
43,0,1,16,77366,76925,76150,76118,76768,69927,68788,69336,68970,68796,77624,76919,76414,76893,76478,66398,65684,65849,66374,65768
44,1,1,16,76799,76357,75585,75563,76212,69470,68337,68884,68515,68339,77047,76353,75832,76329,75925,65962,65247,65406,65929,65314
45,0,1,16,77375,76928,76140,76122,76781,69935,68784,69342,68962,68796,77608,76922,76407,76895,76480,66400,65688,65858,66368,65764
46,1,1,16,76807,76362,75596,75562,76216,69484,68338,68887,68515,68360,77034,76352,75837,76332,75919,65967,65250,65415,65922,65328
47,0,1,16,77363,76919,76148,76111,76772,69941,68783,69341,68956,68795,77589,76913,76405,76892,76482,66406,65681,65844,66361,65766
48,1,1,16,76787,76349,75587,75540,76197,69486,68327,68887,68498,68342,77019,76348,75824,76311,75918,65947,65232,65397,65903,65313
49,0,1,16,77375,76928,76155,76106,76786,69954,68789,69348,68968,68792,77607,76928,76408,76891,76493,66407,65692,65850,66364,65769
50,1,1,16,76803,76352,75583,75541,76207,69489,68326,68884,68508,68330,77022,76348,75820,76309,75925,65943,65235,65398,65907,65318
51,0,1,16,77379,76937,76147,76099,76777,69953,68779,69343,68969,68787,77596,76915,76400,76884,76495,66397,65681,65851,66358,65764
52,1,1,16,76810,76369,75596,75569,76215,69498,68347,68894,68523,68348,77022,76352,75840,76326,75935,65954,65247,65410,65924,65325
53,0,1,16,77356,76925,76153,76115,76784,69941,68793,69345,68963,68798,77590,76916,76406,76875,76483,66405,65693,65839,66360,65777
54,1,1,16,76792,76356,75592,75562,76214,69491,68336,68887,68511,68337,77016,76357,75829,76311,75919,65963,65246,65401,65917,65325
55,0,1,16,77382,76934,76156,76116,76782,69946,68790,69353,68966,68786,77611,76936,76419,76896,76492,66417,65689,65842,66380,65776
56,1,1,16,76805,76362,75595,75557,76220,69492,68330,68887,68511,68337,77036,76355,75836,76322,75920,65960,65243,65403,65928,65330
57,0,1,16,77381,76936,76158,76119,76781,69952,68788,69350,68973,68793,77622,76924,76420,76899,76490,66409,65690,65866,66384,65784
58,1,1,16,76811,76366,75606,75563,76210,69503,68345,68893,68521,68343,77051,76360,75849,76329,75941,65972,65253,65418,65931,65349
59,0,1,16,77398,76938,76174,76140,76784,69961,68804,69358,68987,68804,77629,76934,76429,76906,76515,66427,65710,65865,66389,65797
60,1,1,16,76796,76341,75590,75565,76207,69482,68337,68875,68515,68338,77025,76348,75835,76315,75934,65957,65244,65393,65923,65325
61,0,1,16,77373,76915,76140,76122,76772,69940,68789,69336,68964,68796,77601,76923,76413,76887,76497,66398,65685,65840,66376,65772
62,1,1,16,76795,76350,75567,75564,76200,69491,68330,68875,68510,68334,77023,76346,75837,76314,75921,65946,65238,65392,65920,65325
63,0,1,16,77386,76934,76139,76128,76780,69953,68787,69343,68977,68786,77613,76927,76419,76889,76489,66401,65696,65845,66373,65777
64,1,1,16,76792,76343,75577,75539,76200,69480,68327,68866,68512,68320,77017,76331,75826,76305,75898,65947,65235,65400,65912,65313
65,0,1,16,77389,76934,76148,76125,76787,69960,68795,69353,68981,68786,77617,76936,76424,76897,76495,66420,65703,65868,66396,65782
66,1,1,16,76801,76352,75579,75550,76204,69495,68336,68881,68522,68322,77014,76352,75830,76313,75909,65956,65248,65410,65932,65325
67,0,1,16,77354,76914,76133,76098,76760,69942,68769,69325,68961,68767,77595,76906,76400,76867,76461,66394,65689,65844,66365,65756
68,1,1,16,76798,76355,75585,75556,76207,69495,68327,68874,68521,68333,77029,76346,75849,76299,75908,65959,65248,65400,65916,65324
69,0,1,16,77382,76928,76138,76123,76775,69962,68782,69348,68971,68792,77616,76924,76427,76881,76485,66410,65704,65856,66367,65781
70,1,1,16,76813,76365,75588,75577,76214,69502,68344,68892,68520,68341,77052,76363,75857,76317,75925,65964,65266,65415,65928,65336
71,0,1,16,77361,76905,76121,76105,76763,69929,68764,69324,68948,68770,77600,76897,76398,76862,76474,66386,65685,65840,66363,65756
72,1,1,16,76806,76362,75592,75565,76218,69492,68334,68888,68514,68334,77041,76360,75838,76305,75942,65962,65252,65414,65935,65334
73,0,1,16,77354,76918,76129,76109,76773,69929,68769,69341,68947,68779,77599,76912,76399,76870,76487,66392,65683,65847,66359,65764
74,1,1,16,76796,76352,75587,75563,76209,69485,68329,68877,68502,68329,77034,76346,75826,76303,75921,65951,65248,65413,65923,65326
75,0,1,16,77371,76924,76146,76115,76781,69947,68775,69336,68943,68785,77615,76920,76415,76877,76473,66399,65685,65848,66371,65772
76,1,1,16,76803,76356,75587,75558,76217,69492,68331,68880,68506,68333,77037,76352,75837,76309,75914,65965,65246,65406,65923,65320
77,0,1,16,77372,76935,76149,76128,76791,69954,68789,69346,68959,68788,77627,76921,76422,76891,76480,66410,65690,65852,66364,65773
78,1,1,16,76794,76353,75584,75562,76217,69499,68332,68881,68509,68336,77038,76353,75832,76320,75919,65967,65243,65401,65924,65320
79,0,1,16,77373,76923,76149,76113,76785,69946,68790,69347,68970,68783,77613,76927,76405,76875,76480,66406,65688,65858,66378,65768
80,1,1,16,76799,76346,75583,75551,76208,69491,68337,68888,68519,68337,77037,76343,75824,76304,75907,65958,65242,65411,65925,65323
81,0,1,16,77377,76916,76155,76117,76776,69950,68793,69348,68962,68790,77617,76906,76396,76880,76471,66401,65686,65854,66366,65767
82,1,1,16,76803,76362,75602,75566,76227,69500,68342,68887,68518,68339,77050,76355,75834,76325,75912,65963,65255,65409,65928,65329
83,0,1,16,77378,76928,76166,76133,76802,69955,68801,69359,68979,68802,77630,76935,76412,76887,76480,66420,65702,65864,66379,65787
84,1,1,16,76808,76365,75622,75579,76229,69504,68352,68896,68532,68348,77053,76361,75840,76327,75922,65972,65256,65413,65927,65345
85,0,1,16,77385,76952,76185,76142,76806,69968,68812,69370,68988,68814,77636,76939,76427,76914,76500,66434,65713,65880,66393,65806
86,1,1,16,76817,76383,75621,75587,76239,69518,68354,68907,68534,68362,77070,76378,75860,76344,75940,65984,65258,65435,65946,65362
87,0,1,16,77384,76943,76172,76130,76788,69970,68797,69357,68979,68819,77624,76937,76418,76897,76492,66425,65704,65872,66389,65797
88,1,1,16,76803,76364,75602,75571,76219,69497,68339,68889,68518,68363,77036,76362,75847,76328,75920,65973,65258,65413,65922,65337
89,0,1,16,77375,76923,76163,76121,76780,69937,68784,69341,68973,68808,77613,76933,76418,76889,76484,66415,65687,65854,66365,65778
90,1,1,16,76808,76365,75616,75564,76218,69493,68344,68895,68529,68355,77048,76362,75852,76329,75927,65975,65236,65414,65933,65337
91,0,1,16,77384,76936,76166,76125,76770,69952,68786,69355,68987,68801,77622,76926,76415,76898,76483,66418,65680,65859,66375,65791
92,1,1,16,76819,76364,75594,75580,76205,69502,68339,68892,68530,68348,77050,76359,75853,76327,75923,65978,65237,65418,65936,65347
93,0,1,16,77387,76936,76151,76130,76774,69953,68784,69347,68970,68793,77614,76919,76419,76892,76486,66412,65679,65854,66378,65781
94,1,1,16,76803,76346,75580,75567,76190,69483,68322,68877,68502,68331,77018,76332,75819,76317,75908,65946,65225,65397,65919,65326
95,0,1,16,77385,76921,76134,76115,76768,69939,68774,69342,68960,68780,77603,76912,76393,76886,76479,66394,65669,65841,66362,65767
96,1,1,16,76827,76372,75594,75572,76211,69489,68336,68887,68512,68344,77034,76353,75834,76316,75922,65961,65229,65399,65928,65328
97,0,1,16,77396,76929,76154,76115,76778,69944,68790,69337,68975,68791,77612,76922,76406,76880,76479,66403,65684,65842,66376,65777
98,1,1,16,76816,76373,75611,75556,76225,69488,68336,68881,68518,68341,77034,76364,75837,76317,75913,65962,65245,65399,65917,65332
99,0,1,16,77392,76925,76163,76118,76795,69936,68777,69344,68968,68791,77624,76926,76421,76882,76482,66407,65682,65851,66373,65775
100,1,1,16,76798,76344,75586,75561,76211,69478,68320,68877,68508,68340,77036,76350,75832,76308,75904,65949,65231,65386,65919,65324
101,0,1,16,77372,76910,76155,76107,76763,69933,68772,69331,68961,68787,77599,76917,76387,76872,76472,66391,65670,65836,66361,65767
102,1,1,16,76807,76342,75598,75544,76200,69479,68329,68879,68508,68331,77028,76357,75817,76310,75911,65953,65229,65398,65915,65328
103,0,1,16,77382,76921,76169,76111,76774,69939,68790,69342,68970,68799,77616,76936,76410,76885,76492,66403,65678,65856,66374,65783
104,1,1,16,76812,76345,75613,75556,76210,69484,68341,68888,68514,68348,77046,76362,75843,76319,75920,65964,65237,65415,65935,65335
105,0,1,16,77386,76918,76171,76119,76773,69932,68785,69349,68961,68794,77617,76931,76414,76893,76490,66404,65682,65854,66384,65772
106,1,1,16,76817,76362,75618,75570,76214,69496,68338,68885,68513,68353,77042,76368,75841,76329,75933,65970,65230,65425,65934,65340
107,0,1,16,77377,76916,76158,76116,76765,69931,68768,69342,68954,68791,77603,76927,76400,76885,76488,66395,65660,65854,66358,65769
108,1,1,16,76802,76327,75590,75552,76207,69467,68325,68873,68500,68335,77024,76350,75823,76313,75912,65949,65224,65398,65910,65312
109,0,1,16,77387,76922,76172,76131,76780,69948,68780,69346,68958,68785,77598,76933,76406,76884,76489,66411,65680,65852,66372,65772
110,1,1,16,76803,76357,75609,75561,76208,69491,68321,68884,68516,68340,77024,76360,75831,76311,75916,65967,65223,65408,65933,65330
111,0,1,16,77375,76926,76157,76116,76779,69948,68776,69344,68969,68800,77599,76922,76406,76882,76484,66414,65682,65863,66377,65781
112,1,1,16,76818,76344,75612,75568,76206,69500,68338,68893,68526,68354,77024,76351,75839,76322,75926,65966,65244,65426,65938,65332
113,0,1,16,77397,76926,76165,76136,76783,69968,68802,69360,68980,68814,77608,76936,76420,76902,76504,66423,65693,65873,66388,65790
114,1,1,16,76796,76346,75602,75559,76202,69497,68337,68888,68513,68347,77024,76359,75830,76313,75917,65955,65235,65401,65927,65332
115,0,1,16,77382,76931,76170,76130,76776,69953,68794,69354,68977,68812,77605,76925,76425,76886,76487,66410,65701,65868,66375,65784
116,1,1,16,76825,76358,75623,75571,76226,69519,68360,68901,68535,68353,77045,76369,75860,76333,75937,65983,65269,65437,65937,65349
117,0,1,16,77370,76909,76162,76113,76776,69953,68796,69354,68976,68783,77600,76918,76416,76885,76483,66408,65697,65869,66380,65779
118,1,1,16,76820,76355,75625,75575,76215,69508,68357,68904,68518,68336,77039,76362,75853,76336,75929,65983,65262,65431,65947,65347
119,0,1,16,77387,76936,76182,76129,76782,69968,68804,69353,68966,68795,77620,76937,76425,76904,76496,66427,65695,65873,66392,65792
120,1,1,16,76806,76343,75609,75563,76208,69497,68346,68890,68507,68333,77041,76356,75839,76320,75922,65973,65238,65417,65926,65341
121,0,1,16,77384,76915,76176,76128,76778,69954,68798,69351,68962,68794,77616,76931,76422,76893,76491,66409,65689,65863,66384,65787
122,1,1,16,76823,76362,75629,75579,76221,69511,68354,68898,68520,68345,77053,76367,75855,76337,75934,65973,65253,65426,65938,65344
123,0,1,16,77367,76919,76168,76123,76773,69947,68791,69344,68962,68783,77610,76921,76411,76890,76477,66398,65679,65857,66375,65781
124,1,1,16,76818,76352,75619,75556,76209,69499,68341,68896,68506,68329,77033,76346,75840,76320,75914,65953,65233,65412,65923,65334
125,0,1,16,77383,76914,76167,76113,76770,69946,68788,69358,68954,68781,77613,76919,76421,76877,76476,66403,65680,65858,66360,65784
126,1,1,16,76822,76370,75627,75577,76215,69498,68349,68898,68524,68351,77055,76369,75859,76328,75940,65971,65253,65427,65922,65338
127,0,1,16,77394,76929,76189,76132,76782,69966,68811,69356,68977,68794,77626,76932,76421,76902,76510,66427,65702,65881,66373,65793
128,1,1,16,76820,76365,75625,75574,76207,69505,68343,68896,68517,68340,77043,76357,75856,76330,75934,65975,65254,65428,65921,65343
129,0,1,16,77397,76949,76189,76137,76769,69963,68798,69358,68979,68803,77622,76931,76433,76899,76505,66430,65699,65874,66393,65800
130,1,1,16,76819,76361,75636,75577,76204,69504,68345,68903,68523,68354,77051,76367,75858,76325,75934,65974,65253,65419,65946,65350
131,0,1,16,77379,76934,76182,76127,76766,69937,68793,69351,68961,68794,77609,76913,76411,76886,76494,66412,65688,65856,66373,65787
132,1,1,16,76809,76357,75626,75571,76192,69477,68343,68894,68515,68340,77033,76344,75835,76324,75932,65973,65244,65407,65920,65335
133,0,1,16,77373,76929,76181,76139,76769,69948,68801,69347,68968,68800,77606,76927,76418,76896,76494,66428,65689,65862,66366,65773
134,1,1,16,76799,76367,75615,75581,76208,69495,68348,68891,68508,68343,77039,76358,75848,76329,75939,65975,65252,65421,65921,65322
135,0,1,16,77374,76937,76165,76135,76768,69946,68792,69350,68961,68797,77617,76919,76418,76892,76493,66421,65699,65865,66374,65774
136,1,1,16,76809,76371,75623,75582,76217,69498,68345,68900,68512,68346,77035,76360,75843,76331,75932,65970,65258,65424,65931,65327
137,0,1,16,77381,76916,76179,76120,76770,69936,68795,69348,68957,68798,77600,76924,76407,76890,76483,66411,65687,65854,66368,65764
138,1,1,16,76810,76352,75624,75582,76215,69488,68347,68898,68514,68344,77025,76362,75841,76323,75928,65967,65247,65407,65931,65315
139,0,1,16,77385,76921,76182,76139,76778,69944,68800,69361,68970,68793,77610,76939,76416,76898,76501,66409,65696,65864,66377,65770
140,1,1,16,76809,76356,75625,75574,76202,69492,68356,68903,68513,68345,77035,76370,75839,76333,75937,65971,65256,65419,65938,65325
141,0,1,16,77363,76899,76173,76103,76751,69942,68786,69344,68948,68787,77601,76911,76402,76885,76488,66408,65678,65864,66375,65764
142,1,1,16,76811,76362,75631,75566,76205,69508,68354,68893,68518,68352,77041,76359,75850,76331,75939,65974,65240,65426,65931,65331
143,0,1,16,77386,76933,76182,76124,76779,69959,68799,69354,68972,68794,77620,76922,76431,76896,76507,66426,65687,65861,66376,65775
144,1,1,16,76800,76344,75612,75566,76205,69505,68343,68883,68512,68350,77041,76359,75836,76324,75935,65969,65238,65408,65921,65327
145,0,1,16,77377,76921,76177,76120,76769,69957,68800,69347,68964,68798,77606,76927,76419,76895,76498,66406,65690,65857,66371,65787
146,1,1,16,76804,76352,75622,75560,76190,69489,68344,68878,68500,68342,77027,76356,75840,76320,75935,65968,65241,65402,65921,65338
147,0,1,16,77370,76920,76170,76122,76763,69943,68798,69338,68956,68797,77603,76929,76413,76897,76494,66413,65681,65849,66364,65785
148,1,1,16,76815,76357,75619,75567,76211,69496,68351,68887,68510,68346,77039,76363,75832,76331,75933,65970,65252,65411,65924,65329
149,0,1,16,77372,76924,76167,76115,76757,69929,68781,69334,68950,68781,77593,76926,76394,76883,76490,66407,65675,65842,66356,65765
150,1,1,16,76815,76370,75627,75571,76209,69510,68350,68893,68507,68350,77038,76370,75841,76338,75943,65977,65248,65418,65940,65335
151,0,1,16,77375,76919,76164,76116,76765,69944,68786,69349,68955,68792,77604,76927,76397,76896,76487,66415,65680,65848,66364,65771
152,1,1,16,76822,76372,75637,75587,76213,69511,68354,68914,68524,68351,77049,76374,75855,76349,75944,65987,65264,65426,65936,65337
153,0,1,16,77390,76936,76184,76125,76777,69967,68798,69358,68974,68803,77615,76936,76429,76911,76506,66428,65698,65871,66385,65779
154,1,1,16,76820,76368,75620,75573,76217,69506,68351,68899,68518,68348,77032,76363,75851,76338,75943,65982,65256,65422,65938,65328
155,0,1,16,77388,76942,76180,76131,76784,69966,68799,69356,68969,68802,77617,76940,76420,76912,76507,66422,65692,65871,66395,65765
156,1,1,16,76821,76374,75631,75579,76217,69524,68352,68911,68518,68348,77046,76374,75845,76338,75949,65977,65259,65424,65943,65322
157,0,1,16,77389,76931,76175,76127,76772,69964,68793,69357,68958,68793,77615,76929,76409,76892,76495,66406,65690,65863,66381,65764
158,1,1,16,76823,76366,75614,75572,76201,69507,68343,68893,68511,68350,77045,76358,75830,76324,75934,65962,65247,65422,65930,65325
159,0,1,16,77376,76924,76170,76109,76758,69937,68778,69344,68954,68788,77598,76922,76393,76881,76483,66403,65684,65854,66357,65754
160,1,1,16,76821,76367,75630,75574,76205,69500,68345,68890,68513,68358,77045,76366,75839,76335,75935,65968,65263,65424,65931,65323
161,0,1,16,77389,76926,76177,76122,76770,69951,68786,69349,68951,68796,77617,76925,76408,76883,76489,66411,65700,65859,66368,65754
162,1,1,16,76819,76358,75620,75564,76198,69489,68336,68888,68503,68342,77043,76366,75841,76311,75921,65966,65253,65422,65921,65305
163,0,1,16,77390,76924,76175,76126,76774,69939,68790,69355,68962,68799,77614,76929,76413,76892,76492,66415,65696,65877,66375,65767
164,1,1,16,76780,76346,75599,75573,76180,69484,68311,68872,68516,68317,77029,76354,75821,76308,75917,65958,65230,65433,65909,65320
165,0,1,16,77362,76915,76167,76133,76762,69935,68757,69337,68972,68770,77611,76933,76416,76875,76479,66414,65679,65876,66346,65767
166,1,1,16,76786,76336,75603,75566,76186,69483,68322,68869,68495,68318,77046,76348,75822,76315,75927,65963,65243,65416,65907,65314
167,0,1,16,77370,76917,76163,76124,76769,69940,68781,69336,68968,68776,77623,76922,76413,76896,76494,66412,65701,65871,66363,65769
168,1,1,16,76803,76354,75602,75568,76196,69494,68319,68889,68524,68328,77046,76369,75837,76315,75948,65972,65247,65420,65924,65327
169,0,1,16,77380,76924,76163,76127,76763,69946,68763,69328,68966,68782,77608,76927,76411,76884,76505,66417,65684,65855,66367,65767
170,1,1,16,76793,76336,75577,75564,76176,69492,68290,68863,68488,68306,77041,76328,75807,76295,75905,65954,65207,65407,65886,65308
171,0,1,16,77396,76931,76175,76143,76776,69964,68767,69345,68966,68784,77639,76936,76397,76900,76500,66419,65682,65877,66352,65781
172,1,1,16,76796,76349,75590,75563,76188,69475,68298,68880,68479,68315,77042,76343,75813,76315,75932,65957,65234,65429,65900,65332
173,0,1,16,77398,76928,76163,76140,76762,69948,68766,69349,68958,68782,77616,76931,76414,76902,76497,66401,65687,65875,66373,65780
174,1,1,16,76795,76364,75583,75560,76192,69501,68318,68859,68506,68319,77038,76353,75829,76317,75933,65988,65247,65428,65908,65338
175,0,1,16,77392,76949,76158,76135,76775,69960,68770,69339,68976,68783,77624,76927,76409,76903,76511,66435,65696,65875,66382,65795
176,1,1,16,76817,76365,75607,75582,76197,69514,68322,68903,68511,68353,77074,76372,75851,76329,75934,65985,65247,65418,65941,65334
177,0,1,16,77384,76928,76176,76122,76774,69954,68767,69353,68962,68792,77643,76932,76421,76898,76488,66435,65682,65865,66370,65785
178,1,1,16,76790,76324,75581,75546,76175,69486,68293,68863,68489,68310,77062,76367,75833,76303,75912,65960,65220,65408,65918,65308
179,0,1,16,77377,76897,76163,76111,76760,69941,68750,69327,68944,68780,77630,76919,76414,76879,76481,66411,65665,65840,66371,65759
180,1,1,16,76809,76349,75591,75570,76172,69505,68291,68868,68505,68316,77045,76341,75828,76308,75914,65970,65229,65407,65923,65320
181,0,1,16,77385,76920,76156,76131,76760,69961,68761,69337,68962,68781,77628,76925,76403,76881,76490,66416,65674,65865,66370,65762
182,1,1,16,76788,76357,75595,75559,76199,69495,68315,68884,68490,68308,77042,76356,75839,76306,75929,65971,65229,65440,65921,65318
183,0,1,16,77370,76936,76163,76135,76770,69957,68773,69351,68960,68768,77618,76926,76426,76887,76497,66422,65679,65885,66372,65768
184,1,1,16,76788,76346,75596,75567,76185,69488,68301,68870,68498,68322,77044,76348,75830,76306,75920,65955,65222,65412,65925,65309
185,0,1,16,77367,76928,76160,76126,76765,69945,68739,69332,68958,68782,77620,76919,76404,76890,76482,66402,65675,65849,66375,65763
186,1,1,16,76787,76360,75595,75571,76186,69488,68300,68882,68480,68317,77048,76356,75832,76308,75931,65967,65233,65417,65930,65316
187,0,1,16,77369,76937,76163,76137,76765,69948,68760,69335,68933,68780,77614,76928,76413,76892,76496,66414,65685,65864,66381,65775
188,1,1,16,76794,76373,75610,75583,76193,69493,68304,68885,68489,68333,77055,76357,75830,76329,75935,65972,65251,65423,65920,65321
189,0,1,16,77402,76947,76179,76153,76782,69962,68762,69351,68948,68807,77650,76947,76408,76912,76515,66426,65710,65884,66381,65784
190,1,1,16,76814,76347,75598,75566,76192,69486,68296,68882,68488,68309,77052,76349,75833,76314,75930,65968,65217,65420,65913,65337
191,0,1,16,77395,76917,76172,76122,76769,69943,68756,69350,68932,68768,77635,76922,76404,76896,76493,66407,65659,65867,66368,65776
192,1,1,16,76786,76329,75591,75554,76171,69474,68278,68854,68476,68299,77047,76339,75820,76286,75910,65946,65208,65399,65909,65315
193,0,1,16,77373,76918,76184,76138,76779,69964,68760,69331,68954,68771,77648,76933,76418,76881,76501,66418,65669,65863,66389,65795
194,1,1,16,76803,76355,75625,75578,76209,69503,68327,68884,68516,68324,77077,76351,75850,76336,75944,65983,65243,65436,65938,65342
195,0,1,16,77400,76934,76191,76149,76790,69968,68798,69360,68987,68789,77648,76939,76442,76910,76516,66448,65706,65883,66410,65799
196,1,1,16,76803,76356,75620,75572,76191,69503,68301,68887,68487,68317,77050,76364,75837,76312,75934,65979,65234,65440,65931,65336
197,0,1,16,77383,76935,76188,76138,76774,69955,68781,69353,68968,68782,77636,76941,76421,76890,76514,66433,65688,65888,66395,65793
198,1,1,16,76773,76366,75607,75550,76192,69498,68306,68860,68475,68317,77057,76358,75822,76323,75908,65938,65233,65417,65921,65319
199,0,1,16,77384,76930,76174,76127,76762,69955,68771,69342,68961,68779,77642,76926,76415,76904,76484,66398,65686,65864,66371,65779
200,1,1,16,76804,76369,75615,75579,76218,69510,68337,68895,68512,68335,77084,76368,75838,76327,75947,65982,65256,65436,65953,65350
201,0,1,16,77372,76903,76157,76128,76778,69951,68769,69330,68949,68777,77643,76914,76393,76886,76479,66414,65681,65872,66386,65768
202,1,1,16,76769,76353,75597,75564,76197,69487,68302,68872,68475,68294,77042,76339,75817,76317,75912,65949,65230,65416,65928,65321
203,0,1,16,77345,76914,76122,76102,76763,69936,68749,69314,68934,68752,77611,76908,76381,76880,76466,66389,65657,65860,66365,65749
204,1,1,16,76781,76354,75614,75555,76196,69493,68316,68877,68494,68314,77054,76345,75819,76304,75926,65960,65222,65428,65937,65311
205,0,1,16,77382,76933,76190,76139,76792,69964,68782,69348,68973,68782,77633,76926,76417,76893,76507,66419,65688,65886,66401,65773
206,1,1,16,76792,76342,75591,75560,76190,69500,68310,68881,68486,68326,77047,76355,75813,76317,75917,65981,65234,65427,65933,65321
207,0,1,16,77363,76926,76154,76122,76764,69943,68762,69339,68955,68783,77621,76926,76389,76892,76479,66418,65674,65864,66373,65760
208,1,1,16,76793,76346,75600,75568,76209,69518,68316,68878,68495,68308,77049,76351,75832,76315,75940,65955,65236,65416,65943,65320
209,0,1,16,77372,76905,76170,76129,76784,69982,68772,69329,68947,68773,77626,76932,76405,76903,76516,66421,65676,65863,66397,65769
210,1,1,16,76748,76321,75573,75542,76189,69499,68287,68876,68487,68310,77048,76323,75808,76307,75930,65960,65240,65430,65923,65321
211,0,1,16,77339,76885,76149,76091,76765,69947,68747,69331,68950,68771,77608,76896,76392,76875,76500,66408,65676,65874,66377,65768
212,1,1,16,76785,76337,75594,75557,76200,69504,68313,68883,68488,68336,77057,76359,75837,76321,75940,65979,65216,65415,65945,65334
213,0,1,16,77354,76910,76159,76115,76777,69957,68769,69342,68943,68798,77621,76920,76426,76892,76501,66421,65665,65855,66385,65780
214,1,1,16,76775,76347,75591,75555,76198,69499,68313,68866,68508,68312,77058,76339,75834,76322,75946,65979,65225,65408,65930,65319
215,0,1,16,77380,76942,76185,76134,76793,69959,68786,69351,68979,68790,77648,76926,76443,76924,76524,66445,65695,65876,66402,65788
216,1,1,16,76813,76334,75609,75586,76218,69514,68329,68888,68502,68334,77074,76355,75844,76329,75940,65983,65242,65430,65946,65345
217,0,1,16,77411,76925,76180,76149,76805,69977,68806,69359,68975,68811,77661,76944,76441,76918,76515,66440,65693,65880,66401,65805
218,1,1,16,76794,76356,75597,75573,76204,69501,68312,68897,68505,68333,77070,76358,75853,76331,75944,65976,65240,65426,65941,65321
219,0,1,16,77375,76921,76174,76146,76781,69964,68753,69343,68957,68793,77641,76923,76422,76914,76512,66419,65688,65874,66392,65777
220,1,1,16,76791,76326,75604,75552,76201,69490,68303,68872,68472,68309,77065,76346,75834,76311,75933,65957,65229,65399,65924,65316
221,0,1,16,77387,76926,76176,76126,76789,69959,68764,69338,68952,68786,77659,76934,76432,76894,76508,66418,65676,65855,66374,65774
222,1,1,16,76791,76330,75604,75559,76202,69489,68301,68875,68502,68318,77064,76350,75838,76315,75914,65955,65226,65409,65923,65314
223,0,1,16,77367,76890,76176,76120,76774,69939,68749,69326,68956,68771,77640,76919,76414,76881,76491,66397,65659,65855,66372,65763
224,1,1,16,76767,76334,75599,75551,76192,69481,68293,68881,68468,68297,77065,76338,75812,76309,75900,65947,65212,65393,65923,65304
225,0,1,16,77349,76898,76159,76106,76771,69932,68751,69338,68932,68744,77640,76908,76384,76893,76471,66389,65649,65835,66371,65758
226,1,1,16,76753,76348,75591,75542,76191,69485,68290,68866,68474,68306,77038,76328,75822,76313,75902,65943,65211,65378,65913,65316
227,0,1,16,77329,76917,76150,76092,76763,69942,68755,69323,68939,68768,77624,76910,76401,76888,76466,66389,65659,65830,66378,65765
228,1,1,16,76770,76346,75583,75558,76194,69485,68305,68861,68482,68309,77064,76342,75832,76305,75901,65949,65229,65413,65931,65312
229,0,1,16,77357,76922,76156,76124,76773,69926,68761,69327,68947,68766,77635,76919,76412,76887,76481,66395,65674,65855,66385,65772
230,1,1,16,76756,76312,75565,75540,76174,69464,68285,68863,68483,68275,77057,76342,75813,76289,75895,65933,65207,65397,65907,65300
231,0,1,16,77329,76874,76143,76098,76757,69914,68742,69311,68942,68725,77618,76910,76378,76870,76463,66378,65653,65834,66345,65747
232,1,1,16,76765,76327,75598,75547,76188,69481,68295,68862,68476,68310,77060,76345,75820,76317,75912,65947,65227,65413,65915,65312
233,0,1,16,77344,76913,76154,76105,76760,69924,68750,69331,68929,68761,77634,76917,76386,76893,76470,66399,65670,65859,66362,65760
234,1,1,16,76758,76331,75568,75539,76170,69465,68281,68865,68475,68283,77034,76334,75796,76301,75892,65940,65196,65384,65907,65268
235,0,1,16,77337,76906,76121,76089,76752,69910,68733,69314,68933,68738,77599,76896,76371,76871,76456,66384,65641,65834,66354,65716
236,1,1,16,76768,76346,75590,75540,76160,69477,68298,68866,68477,68275,77065,76319,75817,76320,75914,65956,65226,65396,65905,65311
237,0,1,16,77359,76929,76159,76117,76767,69950,68763,69336,68957,68751,77646,76906,76406,76899,76483,66409,65676,65860,66368,65777
238,1,1,16,76786,76334,75592,75552,76169,69477,68313,68869,68480,68303,77048,76342,75815,76305,75916,65948,65210,65408,65924,65328
239,0,1,16,77374,76917,76158,76129,76755,69935,68773,69334,68941,68769,77626,76929,76400,76893,76482,66410,65664,65846,66376,65779
240,1,1,16,76789,76334,75595,75566,76171,69478,68300,68878,68487,68323,77055,76342,75826,76318,75912,65962,65221,65422,65926,65316
241,0,1,16,77340,76908,76142,76126,76735,69926,68750,69332,68954,68767,77608,76911,76388,76877,76454,66404,65664,65857,66377,65765
242,1,1,16,76769,76338,75578,75553,76192,69455,68287,68854,68458,68303,77041,76339,75802,76293,75892,65941,65215,65394,65896,65305
243,0,1,16,77339,76909,76144,76116,76756,69916,68747,69325,68923,68764,77625,76914,76382,76880,76467,66398,65659,65839,66356,65759
244,1,1,16,76787,76323,75599,75574,76190,69493,68297,68881,68486,68304,77071,76366,75821,76301,75912,65967,65242,65412,65910,65330
245,0,1,16,77346,76881,76156,76122,76762,69936,68738,69333,68939,68755,77634,76928,76386,76864,76469,66408,65679,65851,66351,65765
246,1,1,16,76794,76330,75587,75571,76194,69492,68296,68870,68498,68314,77053,76349,75822,76306,75916,65939,65219,65411,65906,65318
247,0,1,16,77370,76899,76156,76137,76780,69955,68758,69338,68967,68776,77645,76913,76395,76880,76482,66399,65681,65864,66365,65771
248,1,1,16,76765,76327,75604,75566,76179,69484,68285,68857,68465,68304,77054,76333,75813,76286,75908,65939,65223,65403,65903,65308
249,0,1,16,77358,76897,76172,76124,76754,69928,68743,69324,68937,68773,77616,76911,76404,76868,76473,66380,65679,65850,66367,65755
250,1,1,16,76764,76319,75578,75566,76187,69475,68296,68872,68478,68312,77051,76355,75807,76293,75915,65933,65231,65415,65914,65303
251,0,1,16,77345,76881,76134,76111,76757,69924,68744,69335,68927,68764,77619,76908,76372,76865,76458,66363,65661,65855,66359,65744
252,1,1,16,76785,76322,75580,75573,76193,69479,68301,68873,68478,68304,77049,76352,75824,76324,75915,65955,65227,65420,65919,65320
253,0,1,16,77376,76904,76148,76138,76775,69948,68771,69340,68954,68773,77624,76939,76411,76895,76490,66409,65684,65871,66368,65773
254,1,1,16,76808,76350,75609,75574,76208,69502,68326,68896,68492,68330,77059,76385,75838,76340,75938,65971,65255,65435,65937,65352
255,0,1,16,77370,76912,76155,76124,76778,69943,68768,69334,68945,68777,77617,76937,76401,76893,76498,66400,65682,65875,66384,65779
256,1,1,16,76784,76352,75605,75569,76198,69482,68312,68887,68476,68320,77063,76364,75816,76306,75922,65952,65250,65427,65927,65330
257,0,1,16,77372,76932,76172,76139,76779,69944,68792,69353,68960,68792,77659,76938,76408,76900,76505,66407,65709,65884,66384,65803
258,1,1,16,76758,76341,75587,75569,76184,69475,68297,68879,68485,68320,77057,76341,75815,76306,75921,65953,65224,65423,65915,65330
259,0,1,16,77358,76929,76170,76139,76774,69949,68772,69350,68945,68785,77638,76930,76412,76889,76493,66416,65679,65887,66375,65797
260,1,1,16,76766,76332,75602,75554,76186,69483,68306,68889,68474,68329,77043,76345,75812,76307,75916,65948,65235,65418,65924,65338
261,0,1,16,77346,76904,76177,76133,76772,69941,68767,69349,68951,68795,77634,76926,76388,76900,76497,66408,65679,65873,66369,65796
262,1,1,16,76790,76342,75604,75562,76193,69479,68301,68884,68484,68339,77073,76354,75817,76328,75935,65966,65232,65421,65924,65343
263,0,1,16,77353,76896,76159,76120,76748,69927,68750,69340,68935,68791,77633,76910,76383,76886,76493,66396,65672,65858,66357,65776
264,1,1,16,76777,76348,75594,75570,76186,69481,68313,68890,68488,68334,77056,76347,75819,76309,75928,65966,65222,65418,65907,65338
265,0,1,16,77358,76924,76165,76126,76761,69944,68768,69347,68944,68799,77635,76937,76401,76901,76498,66422,65669,65875,66367,65799
266,1,1,16,76762,76336,75596,75555,76195,69485,68289,68879,68491,68325,77044,76345,75806,76321,75906,65951,65229,65417,65907,65329
267,0,1,16,77367,76931,76172,76137,76778,69948,68755,69340,68960,68798,77621,76935,76389,76912,76488,66408,65679,65887,66368,65795
268,1,1,16,76789,76348,75574,75568,76183,69495,68297,68873,68495,68334,77052,76332,75813,76315,75914,65972,65230,65414,65921,65332
269,0,1,16,77367,76931,76163,76141,76754,69963,68761,69350,68965,68792,77642,76921,76396,76893,76482,66421,65681,65878,66377,65793
270,1,1,16,76758,76332,75605,75561,76173,69482,68297,68886,68475,68333,77057,76346,75834,76324,75916,65971,65218,65434,65917,65322
271,0,1,16,77339,76903,76162,76116,76753,69933,68756,69337,68939,68784,77623,76918,76389,76893,76485,66407,65681,65880,66371,65774
272,1,1,16,76770,76332,75602,75553,76184,69485,68292,68892,68479,68306,77046,76330,75825,76313,75907,65962,65217,65410,65907,65318
273,0,1,16,77352,76883,76150,76115,76746,69928,68737,69335,68932,68763,77599,76887,76393,76872,76463,66396,65649,65849,66351,65770
274,1,1,16,76775,76340,75609,75580,76181,69494,68309,68884,68477,68323,77064,76350,75835,76319,75912,65966,65237,65409,65940,65332
275,0,1,16,77370,76913,76169,76136,76760,69943,68768,69346,68942,68790,77638,76927,76414,76896,76484,66422,65683,65851,66382,65781
276,1,1,16,76783,76348,75611,75588,76199,69498,68327,68900,68497,68320,77055,76333,75835,76318,75907,65974,65260,65415,65933,65348
277,0,1,16,77361,76906,76178,76132,76770,69947,68777,69349,68956,68776,77632,76905,76407,76886,76485,66419,65697,65861,66377,65792
278,1,1,16,76796,76361,75607,75570,76187,69484,68319,68893,68497,68321,77065,76343,75819,76325,75899,65980,65241,65413,65917,65339
279,0,1,16,77367,76918,76176,76139,76776,69945,68789,69357,68954,68781,77643,76925,76406,76896,76475,66422,65683,65866,66363,65788
280,1,1,16,76774,76339,75585,75565,76206,69485,68308,68886,68472,68311,77046,76338,75829,76305,75887,65954,65220,65413,65912,65325
281,0,1,16,77351,76913,76145,76116,76767,69930,68756,69350,68935,68777,77615,76919,76416,76877,76461,66378,65649,65848,66352,65767
282,1,1,16,76782,76339,75612,75562,76212,69489,68322,68897,68503,68315,77062,76355,75827,76322,75922,65963,65238,65409,65928,65336
283,0,1,16,77348,76890,76167,76119,76776,69942,68775,69345,68943,68781,77627,76930,76405,76887,76480,66419,65680,65854,66372,65774
284,1,1,16,76780,76318,75603,75562,76184,69468,68295,68874,68482,68320,77041,76338,75811,76303,75909,65952,65227,65403,65918,65321
285,0,1,16,77366,76896,76167,76120,76765,69917,68750,69327,68946,68778,77612,76912,76391,76873,76468,66401,65671,65858,66368,65771
286,1,1,16,76782,76326,75619,75564,76203,69484,68313,68892,68494,68326,77048,76352,75824,76310,75910,65957,65236,65409,65924,65338
287,0,1,16,77372,76914,76179,76140,76781,69941,68786,69352,68958,68807,77636,76936,76415,76888,76485,66403,65690,65868,66387,65798
288,1,1,16,76781,76355,75603,75562,76188,69471,68305,68876,68471,68333,77039,76352,75830,76314,75905,65962,65227,65414,65923,65319
289,0,1,16,77371,76938,76180,76133,76771,69935,68761,69334,68929,68796,77609,76934,76409,76897,76490,66412,65676,65868,66389,65786
290,1,1,16,76773,76347,75580,75557,76177,69475,68306,68873,68483,68318,77067,76344,75804,76317,75912,65974,65224,65421,65931,65326
291,0,1,16,77356,76925,76147,76123,76761,69935,68768,69332,68951,68773,77653,76918,76392,76900,76477,66420,65676,65868,66380,65768
292,1,1,16,76766,76355,75591,75564,76191,69484,68319,68879,68481,68316,77051,76344,75816,76328,75916,65971,65234,65419,65930,65334
293,0,1,16,77385,76946,76166,76150,76787,69956,68794,69358,68967,68794,77645,76947,76416,76923,76521,66429,65708,65885,66406,65805
294,1,1,16,76771,76357,75589,75561,76186,69481,68313,68873,68491,68317,77049,76349,75824,76298,75906,65974,65226,65421,65919,65321
295,0,1,16,77367,76942,76160,76121,76769,69936,68782,69334,68960,68786,77627,76928,76409,76881,76478,66408,65673,65875,66368,65781
296,1,1,16,76789,76359,75603,75556,76181,69490,68343,68896,68512,68330,77066,76335,75830,76313,75924,65976,65224,65423,65940,65331
297,0,1,16,77380,76929,76164,76137,76773,69948,68809,69367,68971,68796,77644,76919,76418,76897,76497,66418,65689,65882,66397,65793
298,1,1,16,76781,76347,75605,75568,76185,69484,68312,68884,68496,68319,77045,76336,75806,76319,75911,65961,65233,65422,65932,65349
299,0,1,16,77365,76918,76162,76122,76763,69937,68768,69347,68964,68773,77616,76904,76385,76890,76480,66405,65687,65859,66380,65776
300,1,1,16,76775,76347,75597,75555,76173,69462,68286,68872,68487,68315,77043,76332,75807,76317,75895,65962,65232,65409,65913,65320
301,0,1,16,77356,76924,76161,76109,76755,69918,68740,69328,68940,68773,77615,76911,76392,76891,76461,66403,65669,65851,66378,65769
302,1,1,16,76777,76337,75578,75548,76175,69478,68294,68861,68477,68312,77050,76334,75812,76298,75903,65959,65234,65403,65916,65330
303,0,1,16,77360,76912,76151,76113,76747,69939,68750,69322,68956,68792,77611,76914,76388,76880,76463,66412,65682,65844,66364,65769
304,1,1,16,76807,76367,75609,75582,76200,69508,68322,68893,68498,68347,77066,76367,75846,76330,75920,65984,65239,65435,65942,65354
305,0,1,16,77382,76934,76169,76141,76772,69953,68770,69345,68961,68801,77630,76937,76428,76889,76487,66418,65692,65878,66381,65808
306,1,1,16,76763,76340,75603,75560,76188,69488,68302,68880,68501,68313,77060,76355,75828,76301,75910,65966,65211,65427,65920,65325
307,0,1,16,77348,76920,76169,76128,76771,69944,68761,69338,68970,68777,77634,76935,76421,76890,76477,66416,65678,65886,66375,65770
308,1,1,16,76796,76367,75614,75566,76206,69495,68297,68889,68517,68352,77055,76353,75831,76327,75920,65982,65227,65431,65946,65327
309,0,1,16,77373,76937,76183,76128,76788,69952,68762,69353,68975,68809,77628,76936,76423,76906,76493,66429,65680,65886,66395,65777
310,1,1,16,76779,76347,75597,75566,76191,69484,68305,68885,68491,68334,77055,76346,75832,76319,75910,65969,65232,65420,65926,65343
311,0,1,16,77381,76936,76162,76145,76784,69967,68767,69360,68974,68813,77643,76951,76430,76907,76501,66434,65689,65886,66384,65813
312,1,1,16,76776,76353,75591,75575,76181,69486,68303,68892,68501,68333,77034,76339,75830,76308,75915,65967,65243,65427,65933,65321
313,0,1,16,77379,76937,76167,76141,76769,69962,68776,69364,68977,68804,77631,76926,76421,76900,76503,66432,65703,65889,66407,65793
314,1,1,16,76782,76361,75606,75563,76190,69475,68310,68888,68493,68318,77065,76352,75824,76302,75910,65969,65233,65420,65933,65330
315,0,1,16,77376,76926,76169,76131,76780,69944,68775,69356,68957,68785,77639,76925,76404,76884,76484,66426,65682,65874,66393,65788
316,1,1,16,76776,76350,75580,75553,76181,69494,68292,68875,68482,68317,77047,76324,75836,76287,75912,65972,65229,65430,65927,65322
317,0,1,16,77362,76922,76143,76132,76767,69960,68759,69342,68956,68788,77639,76919,76426,76875,76490,66424,65687,65881,66386,65789
318,1,1,16,76781,76343,75581,75538,76165,69458,68283,68872,68472,68304,77056,76340,75815,76283,75894,65944,65224,65416,65911,65312
319,0,1,16,77372,76917,76155,76127,76748,69934,68752,69335,68955,68778,77643,76920,76400,76886,76476,66406,65675,65872,66373,65767
320,1,1,16,76783,76354,75611,75566,76175,69474,68295,68873,68490,68315,77065,76332,75831,76295,75913,65961,65221,65412,65913,65334
321,0,1,16,77353,76905,76158,76109,76732,69923,68741,69319,68932,68765,77620,76897,76393,76867,76459,66395,65659,65845,66355,65766
322,1,1,16,76794,76354,75601,75566,76176,69493,68313,68873,68501,68328,77051,76348,75836,76317,75929,65973,65235,65427,65938,65316
323,0,1,16,77377,76926,76169,76138,76770,69953,68777,69344,68969,68800,77625,76941,76413,76897,76497,66424,65694,65880,66384,65766
324,1,1,16,76784,76364,75615,75569,76188,69495,68316,68878,68513,68336,77039,76359,75844,76304,75921,65968,65221,65425,65937,65319
325,0,1,16,77345,76915,76159,76110,76754,69931,68750,69318,68956,68785,77605,76915,76393,76856,76464,66404,65659,65864,66374,65747
326,1,1,16,76774,76352,75593,75550,76179,69496,68307,68864,68478,68329,77059,76359,75820,76298,75913,65976,65218,65424,65927,65318
327,0,1,16,77361,76927,76174,76117,76769,69944,68769,69331,68935,68796,77628,76936,76412,76869,76493,66423,65675,65871,66394,65771
328,1,1,16,76787,76372,75603,75554,76200,69479,68297,68894,68490,68326,77062,76354,75823,76306,75930,65982,65229,65421,65942,65333
329,0,1,16,77353,76939,76165,76118,76767,69932,68753,69349,68950,68778,77623,76915,76407,76877,76485,66419,65666,65863,66382,65776
330,1,1,16,76782,76345,75587,75543,76187,69476,68296,68867,68478,68324,77036,76348,75815,76304,75917,65965,65215,65418,65926,65329
331,0,1,16,77369,76935,76166,76121,76761,69942,68767,69329,68944,68804,77614,76916,76405,76887,76485,66419,65671,65874,66386,65782
332,1,1,16,76785,76362,75612,75567,76194,69508,68315,68874,68482,68297,77049,76346,75820,76310,75926,65972,65237,65431,65938,65340
333,0,1,16,77366,76919,76169,76130,76766,69954,68772,69340,68940,68763,77626,76922,76403,76880,76497,66424,65672,65886,66386,65793
334,1,1,16,76751,76323,75577,75535,76173,69469,68294,68846,68478,68296,77036,76335,75792,76290,75896,65950,65211,65399,65912,65306
335,0,1,16,77351,76894,76151,76102,76746,69929,68749,69310,68939,68761,77605,76905,76390,76872,76475,66397,65653,65853,66358,65774
336,1,1,16,76743,76326,75588,75524,76180,69460,68287,68845,68473,68295,77016,76334,75808,76279,75899,65934,65199,65401,65887,65303
337,0,1,16,77359,76915,76174,76111,76768,69930,68760,69319,68950,68771,77616,76926,76397,76878,76477,66392,65671,65863,66355,65777
338,1,1,16,76769,76333,75598,75530,76204,69473,68276,68853,68492,68302,77042,76342,75810,76292,75902,65944,65209,65412,65916,65315
339,0,1,16,77360,76919,76170,76098,76780,69928,68745,69327,68957,68780,77612,76925,76396,76876,76476,66413,65660,65873,66371,65760
340,1,1,16,76768,76325,75579,75518,76168,69454,68275,68847,68476,68278,77013,76329,75800,76292,75882,65945,65209,65413,65904,65301
341,0,1,16,77352,76902,76144,76090,76754,69913,68740,69308,68938,68745,77592,76917,76379,76868,76454,66393,65658,65855,66357,65750
342,1,1,16,76764,76336,75600,75532,76200,69471,68294,68867,68484,68297,77066,76350,75812,76308,75910,65953,65227,65410,65915,65316
343,0,1,16,77350,76915,76167,76097,76768,69937,68757,69329,68943,68767,77635,76921,76385,76896,76488,66402,65670,65858,66368,65767
344,1,1,16,76772,76338,75578,75539,76168,69466,68277,68847,68469,68307,77027,76340,75799,76281,75899,65940,65211,65411,65913,65306
345,0,1,16,77368,76921,76156,76104,76761,69946,68755,69325,68956,68774,77615,76923,76397,76865,76482,66399,65671,65869,66366,65773
346,1,1,16,76762,76327,75605,75521,76183,69474,68298,68856,68486,68316,77034,76351,75799,76301,75897,65947,65221,65419,65919,65297
347,0,1,16,77349,76902,76179,76099,76758,69936,68767,69326,68955,68780,77620,76929,76386,76871,76467,66400,65676,65874,66375,65768
348,1,1,16,76785,76336,75601,75531,76187,69488,68310,68862,68477,68309,77032,76340,75808,76306,75905,65951,65226,65409,65911,65326
349,0,1,16,77384,76924,76182,76108,76772,69962,68777,69347,68946,68790,77620,76914,76405,76894,76478,66412,65684,65866,66366,65789
350,1,1,16,76795,76365,75615,75540,76179,69496,68322,68882,68510,68343,77015,76345,75839,76303,75913,65978,65224,65430,65915,65332
351,0,1,16,77386,76956,76189,76106,76768,69953,68779,69348,68971,68797,77602,76932,76417,76886,76488,66423,65678,65894,66373,65787
352,1,1,16,76795,76360,75622,75559,76210,69491,68315,68879,68502,68317,77041,76374,75829,76300,75909,65983,65235,65419,65948,65327
353,0,1,16,77373,76922,76173,76114,76775,69942,68766,69326,68946,68768,77620,76940,76401,76868,76469,66413,65669,65870,66388,65766
354,1,1,16,76791,76383,75600,75554,76195,69473,68306,68863,68482,68323,77048,76361,75825,76310,75919,65968,65221,65420,65919,65311
355,0,1,16,77376,76938,76167,76120,76759,69930,68766,69315,68963,68783,77606,76936,76398,76892,76477,66403,65655,65859,66374,65753
356,1,1,16,76787,76363,75609,75557,76201,69498,68318,68864,68486,68337,77051,76365,75820,76317,75886,65971,65238,65429,65926,65323
357,0,1,16,77366,76945,76170,76121,76778,69943,68783,69306,68952,68799,77625,76935,76400,76887,76463,66424,65688,65871,66387,65778
358,1,1,16,76779,76334,75597,75538,76170,69467,68292,68865,68474,68292,77050,76348,75818,76293,75900,65962,65220,65411,65902,65315
359,0,1,16,77341,76893,76154,76089,76739,69907,68743,69308,68918,68742,77611,76923,76386,76858,76460,66401,65662,65855,66336,65752
360,1,1,16,76786,76330,75597,75540,76194,69489,68309,68867,68468,68308,77053,76350,75809,76302,75905,65952,65214,65416,65915,65309
361,0,1,16,77355,76901,76153,76102,76776,69946,68772,69326,68933,68769,77628,76927,76384,76871,76462,66396,65660,65859,66368,65752
362,1,1,16,76779,76334,75592,75535,76180,69485,68300,68867,68490,68320,77039,76358,75810,76317,75904,65973,65209,65419,65919,65307
363,0,1,16,77348,76906,76153,76077,76745,69929,68740,69316,68933,68774,77610,76933,76371,76877,76464,66408,65659,65853,66365,65747
364,1,1,16,76775,76329,75594,75541,76170,69466,68296,68869,68485,68309,77049,76342,75787,76297,75898,65948,65225,65397,65909,65313
365,0,1,16,77351,76901,76148,76097,76743,69923,68762,69325,68950,68758,77615,76921,76372,76879,76469,66397,65677,65851,66360,65769
366,1,1,16,76780,76331,75610,75537,76174,69488,68306,68864,68473,68314,77060,76355,75824,76312,75928,65979,65226,65424,65923,65306
367,0,1,16,77363,76901,76163,76096,76749,69938,68751,69314,68927,68763,77611,76916,76399,76880,76484,66417,65659,65861,66375,65745
368,1,1,16,76775,76316,75610,75532,76177,69468,68281,68855,68470,68289,77020,76339,75808,76301,75892,65941,65205,65396,65897,65310
369,0,1,16,77341,76881,76163,76089,76747,69915,68742,69307,68919,68740,77587,76915,76386,76873,76454,66384,65647,65835,66340,65752
370,1,1,16,76771,76325,75613,75543,76173,69491,68294,68866,68473,68318,77037,76344,75813,76306,75908,65944,65223,65401,65922,65315
371,0,1,16,77345,76889,76172,76091,76730,69919,68750,69310,68913,68767,77607,76914,76378,76866,76451,66380,65652,65845,66358,65751
372,1,1,16,76780,76328,75601,75538,76164,69464,68270,68847,68463,68299,77037,76337,75820,76303,75889,65933,65206,65405,65896,65301
373,0,1,16,77368,76919,76172,76102,76753,69926,68756,69324,68929,68772,77614,76912,76412,76895,76474,66388,65658,65858,66353,65756
374,1,1,16,76759,76340,75595,75527,76171,69463,68291,68849,68467,68273,77031,76333,75789,76296,75886,65938,65201,65401,65900,65301
375,0,1,16,77358,76938,76176,76099,76764,69931,68769,69317,68939,68744,77613,76919,76393,76886,76482,66400,65664,65849,66362,65762
376,1,1,16,76780,76352,75602,75547,76179,69473,68294,68855,68474,68299,77046,76355,75813,76307,75917,65947,65226,65403,65912,65320
377,0,1,16,77374,76927,76175,76126,76774,69939,68764,69334,68937,68766,77622,76939,76401,76891,76500,66399,65689,65869,66378,65780
378,1,1,16,76785,76352,75606,75540,76199,69492,68307,68871,68485,68298,77059,76366,75828,76312,75919,65958,65225,65406,65928,65317
379,0,1,16,77377,76929,76170,76115,76774,69948,68774,69350,68945,68754,77636,76939,76409,76903,76496,66403,65683,65859,66388,65770
380,1,1,16,76781,76354,75613,75550,76191,69495,68295,68876,68484,68311,77045,76369,75811,76318,75915,65973,65224,65428,65929,65319
381,0,1,16,77365,76928,76165,76119,76760,69950,68755,69326,68953,68769,77616,76942,76392,76905,76482,66413,65666,65863,66377,65764
382,1,1,16,76792,76347,75609,75551,76186,69497,68294,68882,68494,68305,77071,76355,75827,76339,75913,65983,65234,65419,65940,65325
383,0,1,16,77376,76932,76177,76134,76768,69960,68766,69341,68959,68773,77637,76941,76420,76920,76489,66439,65682,65872,66392,65781
384,1,1,16,76765,76358,75608,75537,76175,69492,68309,68864,68468,68302,77062,76369,75835,76341,75922,65957,65230,65420,65933,65317
385,0,1,16,77371,76943,76178,76129,76767,69949,68778,69346,68939,68773,77651,76944,76425,76920,76496,66425,65690,65875,66397,65779
386,1,1,16,76814,76356,75611,75557,76194,69490,68315,68872,68480,68317,77038,76355,75831,76336,75931,65966,65237,65420,65938,65323
387,0,1,16,77384,76936,76182,76130,76771,69942,68775,69347,68949,68786,77625,76946,76428,76911,76496,66423,65673,65873,66397,65774
388,1,1,16,76782,76340,75593,75560,76183,69483,68305,68864,68480,68308,77052,76364,75818,76319,75918,65974,65223,65425,65923,65328
389,0,1,16,77371,76916,76162,76137,76769,69947,68774,69329,68950,68773,77623,76941,76395,76894,76485,66422,65680,65877,66371,65790
390,1,1,16,76776,76332,75590,75536,76174,69488,68292,68861,68466,68283,77035,76349,75808,76316,75907,65960,65221,65408,65908,65324
391,0,1,16,77351,76906,76159,76091,76748,69948,68752,69323,68925,68738,77612,76922,76387,76892,76475,66412,65670,65873,66355,65771
392,1,1,16,76775,76331,75602,75538,76176,69477,68287,68854,68473,68295,77050,76339,75790,76324,75901,65973,65222,65423,65920,65319
393,0,1,16,77358,76914,76172,76114,76764,69944,68751,69333,68945,68754,77626,76918,76379,76903,76472,66412,65672,65879,66377,65772
394,1,1,16,76777,76331,75584,75540,76174,69465,68285,68870,68466,68289,77062,76337,75793,76311,75894,65948,65211,65408,65896,65299
395,0,1,16,77374,76911,76164,76104,76761,69925,68756,69328,68936,68765,77636,76925,76387,76899,76459,66410,65667,65859,66355,65756
396,1,1,16,76786,76343,75594,75540,76181,69483,68308,68880,68467,68298,77072,76341,75823,76316,75901,65957,65207,65416,65910,65318
397,0,1,16,77358,76904,76142,76101,76756,69928,68749,69330,68912,68746,77639,76903,76395,76877,76465,66399,65651,65855,66345,65751
398,1,1,16,76777,76324,75589,75536,76182,69477,68289,68861,68468,68300,77046,76349,75809,76310,75897,65953,65218,65411,65921,65303
399,0,1,16,77348,76879,76148,76092,76751,69925,68742,69314,68927,68744,77613,76911,76387,76886,76462,66394,65661,65859,66365,65755
400,1,1,16,76749,76302,75570,75532,76150,69465,68274,68843,68444,68267,77057,76330,75787,76306,75867,65929,65195,65394,65883,65287
401,0,1,16,77369,76912,76174,76116,76756,69947,68760,69314,68938,68751,77657,76925,76391,76908,76459,66404,65658,65865,66362,65759
402,1,1,16,76770,76322,75581,75537,76152,69471,68276,68853,68459,68281,77040,76338,75792,76318,75882,65924,65197,65402,65882,65296
403,0,1,16,77364,76898,76157,76099,76731,69930,68739,69301,68924,68748,77635,76926,76381,76897,76453,66375,65652,65857,66342,65754
404,1,1,16,76771,76312,75595,75540,76167,69479,68283,68843,68469,68284,77046,76328,75820,76299,75889,65940,65205,65402,65898,65285
405,0,1,16,77361,76894,76173,76092,76748,69934,68743,69308,68936,68743,77643,76913,76407,76888,76456,66391,65655,65843,66348,65752
406,1,1,16,76787,76332,75604,75552,76186,69490,68305,68853,68481,68306,77081,76348,75825,76334,75917,65963,65223,65417,65923,65309
407,0,1,16,77344,76896,76158,76103,76741,69936,68748,69303,68937,68759,77636,76907,76391,76897,76471,66399,65659,65857,66356,65747
408,1,1,16,76778,76336,75599,75561,76177,69500,68304,68870,68479,68329,77057,76367,75816,76328,75920,65963,65209,65415,65924,65320
409,0,1,16,77349,76894,76152,76110,76740,69928,68743,69315,68954,68784,77618,76934,76385,76888,76474,66398,65640,65851,66361,65757
410,1,1,16,76783,76316,75562,75540,76156,69471,68287,68874,68479,68316,77059,76344,75814,76303,75890,65947,65201,65419,65907,65295
411,0,1,16,77361,76891,76118,76102,76740,69925,68741,69328,68936,68776,77629,76912,76382,76882,76459,66403,65656,65864,66345,65748
412,1,1,16,76806,76344,75599,75558,76177,69491,68301,68877,68500,68331,77050,76376,75815,76320,75925,65963,65220,65425,65934,65321
413,0,1,16,77368,76899,76156,76114,76738,69928,68754,69328,68951,68787,77619,76942,76392,76881,76476,66392,65648,65863,66370,65761
414,1,1,16,76758,76328,75588,75536,76166,69468,68290,68868,68469,68327,77044,76352,75821,76307,75905,65945,65205,65409,65931,65312
415,0,1,16,77341,76899,76150,76094,76744,69912,68766,69332,68933,68793,77620,76925,76405,76870,76467,66398,65641,65855,66377,65753
416,1,1,16,76777,76341,75594,75547,76183,69473,68300,68872,68476,68339,77057,76363,75818,76303,75913,65950,65217,65408,65940,65311
417,0,1,16,77366,76902,76152,76117,76768,69932,68770,69328,68942,68808,77642,76927,76394,76880,76468,66392,65662,65858,66388,65764
418,1,1,16,76776,76351,75601,75560,76198,69480,68319,68882,68469,68349,77066,76360,75833,76316,75910,65961,65226,65426,65935,65323
419,0,1,16,77368,76915,76157,76112,76759,69938,68771,69332,68928,68807,77630,76931,76405,76896,76477,66410,65668,65865,66376,65763
420,1,1,16,76782,76359,75613,75577,76205,69502,68324,68880,68491,68337,77066,76378,75844,76346,75937,65980,65244,65426,65937,65339
421,0,1,16,77362,76923,76181,76126,76778,69953,68775,69334,68951,68803,77646,76947,76419,76913,76499,66413,65693,65868,66385,65783
422,1,1,16,76784,76332,75592,75550,76179,69491,68301,68863,68469,68321,77055,76345,75800,76312,75927,65960,65228,65419,65925,65307
423,0,1,16,77364,76923,76156,76116,76764,69950,68761,69322,68949,68793,77641,76931,76390,76896,76485,66413,65671,65871,66377,65768
424,1,1,16,76791,76352,75616,75555,76189,69477,68307,68885,68475,68328,77063,76355,75829,76329,75924,65960,65220,65436,65930,65336
425,0,1,16,77381,76922,76188,76118,76764,69935,68763,69341,68938,68805,77638,76945,76408,76908,76493,66408,65671,65879,66381,65782
426,1,1,16,76782,76333,75597,75542,76189,69479,68302,68874,68487,68323,77066,76359,75830,76309,75932,65964,65227,65431,65915,65308
427,0,1,16,77372,76905,76157,76107,76778,69939,68768,69329,68957,68785,77642,76931,76414,76899,76495,66404,65669,65870,66363,65759
428,1,1,16,76787,76360,75605,75557,76190,69487,68316,68872,68514,68333,77070,76363,75836,76316,75941,65959,65218,65434,65921,65323
429,0,1,16,77383,76928,76183,76128,76780,69948,68777,69346,68985,68808,77642,76959,76419,76907,76514,66416,65684,65895,66401,65783
430,1,1,16,76771,76339,75583,75540,76170,69454,68294,68862,68479,68320,77049,76331,75823,76298,75911,65949,65194,65399,65907,65301
431,0,1,16,77372,76942,76170,76124,76765,69925,68769,69335,68961,68793,77640,76935,76410,76899,76499,66413,65671,65872,66373,65771
432,1,1,16,76766,76348,75587,75541,76184,69469,68295,68864,68479,68313,77048,76339,75812,76301,75895,65936,65218,65400,65913,65303
433,0,1,16,77349,76934,76151,76110,76759,69929,68754,69320,68941,68777,77618,76923,76393,76876,76475,66382,65661,65845,66359,65751
434,1,1,16,76768,76340,75585,75535,76171,69474,68283,68849,68473,68306,77046,76341,75803,76284,75889,65933,65201,65412,65913,65300
435,0,1,16,77334,76914,76133,76094,76748,69926,68738,69302,68936,68769,77600,76911,76377,76853,76453,66371,65638,65854,66369,65744
436,1,1,16,76766,76343,75598,75544,76180,69476,68297,68849,68482,68312,77050,76365,75819,76302,75914,65962,65223,65416,65920,65330
437,0,1,16,77360,76924,76175,76112,76762,69944,68776,69328,68955,68781,77633,76944,76407,76878,76492,66420,65670,65875,66373,65784
438,1,1,16,76768,76328,75585,75523,76178,69473,68296,68858,68476,68327,77043,76354,75812,76283,75908,65952,65197,65417,65907,65302
439,0,1,16,77358,76904,76154,76113,76762,69945,68764,69326,68948,68793,77626,76929,76390,76872,76481,66409,65652,65871,66372,65771
440,1,1,16,76780,76349,75600,75543,76190,69483,68309,68869,68481,68330,77063,76345,75827,76297,75916,65954,65212,65425,65903,65326
441,0,1,16,77360,76917,76168,76113,76761,69941,68769,69330,68941,68797,77638,76920,76407,76868,76483,66404,65668,65869,66361,65783
442,1,1,16,76766,76350,75602,75530,76184,69476,68304,68865,68475,68312,77049,76346,75819,76310,75912,65965,65222,65418,65914,65315
443,0,1,16,77345,76913,76167,76083,76769,69923,68765,69322,68938,68770,77629,76923,76385,76885,76483,66403,65656,65852,66371,65764
444,1,1,16,76764,76350,75598,75541,76185,69470,68295,68859,68483,68320,77051,76347,75798,76302,75895,65951,65217,65418,65906,65308
445,0,1,16,77344,76920,76162,76099,76762,69928,68757,69316,68936,68766,77634,76920,76390,76880,76468,66378,65657,65852,66348,65746
446,1,1,16,76775,76345,75597,75561,76172,69478,68302,68877,68474,68321,77060,76348,75824,76295,75918,65951,65212,65418,65908,65320
447,0,1,16,77368,76932,76173,76132,76761,69943,68772,69335,68939,68788,77644,76933,76417,76886,76494,66407,65677,65889,66370,65780
448,1,1,16,76743,76354,75579,75543,76174,69474,68303,68862,68470,68316,77050,76346,75820,76296,75911,65940,65225,65423,65903,65321
449,0,1,16,77350,76940,76164,76119,76764,69946,68770,69338,68941,68785,77642,76935,76404,76891,76494,66406,65674,65872,66370,65783
450,1,1,16,76751,76346,75584,75541,76163,69468,68290,68858,68467,68316,77042,76339,75802,76303,75917,65937,65212,65421,65897,65303
451,0,1,16,77339,76940,76160,76109,76758,69934,68750,69321,68933,68783,77636,76922,76394,76883,76489,66382,65661,65876,66368,65758
452,1,1,16,76756,76352,75583,75541,76187,69484,68291,68882,68463,68330,77044,76330,75805,76284,75899,65928,65203,65405,65905,65307
453,0,1,16,77342,76935,76148,76104,76757,69938,68757,69340,68937,68798,77630,76915,76394,76868,76470,66394,65656,65853,66363,65759
454,1,1,16,76764,76362,75601,75556,76187,69472,68297,68865,68468,68331,77037,76344,75791,76299,75904,65964,65220,65412,65921,65321
455,0,1,16,77366,76950,76170,76133,76770,69947,68781,69348,68958,68811,77629,76928,76388,76895,76482,66419,65676,65882,66377,65779
456,1,1,16,76771,76340,75603,75534,76164,69491,68291,68853,68485,68335,77071,76350,75812,76304,75909,65968,65224,65413,65923,65314
457,0,1,16,77349,76924,76181,76100,76767,69949,68756,69319,68948,68809,77643,76933,76403,76886,76496,66410,65675,65868,66372,65757
458,1,1,16,76769,76348,75580,75546,76165,69473,68277,68865,68470,68320,77060,76348,75800,76295,75902,65940,65216,65403,65901,65294
459,0,1,16,77367,76920,76168,76105,76748,69930,68744,69326,68930,68789,77622,76931,76388,76881,76474,66390,65670,65857,66361,65759
460,1,1,16,76784,76363,75616,75558,76185,69481,68306,68877,68497,68350,77090,76353,75822,76332,75919,65971,65231,65419,65921,65313
461,0,1,16,77356,76917,76170,76095,76753,69917,68760,69334,68954,68808,77646,76927,76396,76889,76484,66409,65668,65861,66371,65757
462,1,1,16,76786,76359,75624,75550,76195,69503,68310,68886,68491,68336,77066,76356,75828,76325,75919,65964,65232,65427,65924,65326
463,0,1,16,77365,76918,76184,76111,76770,69959,68764,69327,68949,68792,77633,76929,76410,76887,76480,66414,65685,65870,66373,65765
464,1,1,16,76775,76353,75615,75564,76172,69489,68317,68888,68499,68347,77056,76362,75825,76303,75911,65968,65243,65424,65927,65314
465,0,1,16,77378,76931,76193,76135,76771,69951,68790,69353,68960,68826,77643,76954,76422,76904,76493,66433,65699,65890,66396,65776
466,1,1,16,76790,76359,75612,75545,76190,69487,68311,68877,68490,68345,77064,76364,75823,76316,75922,65961,65236,65421,65917,65330
467,0,1,16,77382,76929,76184,76109,76779,69947,68778,69341,68952,68805,77652,76939,76411,76895,76502,66409,65688,65883,66378,65772
468,1,1,16,76796,76358,75607,75544,76203,69488,68316,68888,68490,68348,77070,76356,75832,76328,75936,65951,65220,65435,65924,65333
469,0,1,16,77365,76909,76164,76107,76771,69938,68768,69346,68942,68799,77641,76926,76404,76889,76490,66397,65657,65875,66366,65775
470,1,1,16,76797,76356,75615,75562,76207,69511,68325,68878,68492,68355,77087,76369,75846,76325,75919,65970,65249,65448,65941,65322
471,0,1,16,77377,76927,76184,76127,76783,69957,68785,69349,68967,68818,77664,76942,76426,76913,76485,66420,65697,65897,66387,65779
472,1,1,16,76774,76356,75601,75541,76197,69482,68297,68853,68481,68330,77070,76360,75817,76304,75919,65945,65210,65407,65903,65305
473,0,1,16,77360,76938,76169,76119,76782,69942,68768,69328,68943,68807,77650,76938,76415,76886,76484,66402,65672,65869,66365,65762
474,1,1,16,76777,76342,75614,75548,76184,69470,68305,68869,68478,68331,77060,76359,75815,76321,75906,65954,65238,65426,65923,65305
475,0,1,16,77353,76912,76169,76113,76745,69931,68759,69317,68934,68781,77632,76932,76385,76892,76467,66399,65679,65869,66366,65749
476,1,1,16,76789,76361,75603,75549,76189,69485,68314,68882,68492,68336,77076,76357,75839,76293,75923,65974,65230,65429,65931,65321
477,0,1,16,77364,76925,76173,76109,76766,69933,68765,69319,68947,68782,77647,76925,76395,76856,76484,66415,65668,65861,66374,65760
478,1,1,16,76781,76351,75612,75565,76191,69494,68303,68875,68496,68349,77068,76368,75843,76309,75931,65985,65235,65435,65922,65332
479,0,1,16,77361,76910,76171,76111,76768,69936,68754,69330,68948,68799,77631,76931,76421,76887,76489,66420,65673,65871,66371,65771
480,1,1,16,76769,76338,75608,75524,76151,69472,68300,68852,68476,68315,77060,76332,75813,76304,75911,65954,65204,65415,65913,65303
481,0,1,16,77378,76921,76183,76101,76763,69953,68784,69329,68956,68792,77646,76920,76408,76891,76498,66406,65668,65875,66385,65773
482,1,1,16,76795,76340,75624,75576,76209,69499,68324,68882,68501,68335,77065,76371,75841,76315,75934,65965,65227,65440,65917,65335
483,0,1,16,77383,76911,76179,76132,76770,69951,68775,69341,68970,68810,77647,76939,76417,76890,76513,66415,65668,65879,66365,65769
484,1,1,16,76799,76328,75605,75562,76196,69480,68309,68856,68495,68320,77075,76369,75832,76298,75924,65963,65222,65428,65919,65319
485,0,1,16,77386,76919,76191,76146,76794,69958,68780,69333,68973,68786,77660,76957,76422,76895,76515,66415,65683,65895,66387,65779
486,1,1,16,76774,76345,75605,75558,76195,69489,68312,68867,68495,68322,77055,76362,75815,76303,75922,65960,65231,65432,65922,65312
487,0,1,16,77363,76936,76179,76129,76770,69939,68784,69327,68960,68799,77647,76939,76402,76891,76491,66418,65692,65890,66377,65771
488,1,1,16,76800,76359,75604,75558,76197,69501,68327,68885,68495,68338,77065,76348,75837,76317,75921,65965,65241,65442,65919,65339
489,0,1,16,77390,76939,76175,76119,76779,69949,68776,69335,68947,68793,77647,76935,76417,76882,76490,66411,65688,65873,66374,65793
490,1,1,16,76783,76328,75601,75562,76199,69493,68318,68863,68473,68332,77073,76369,75808,76305,75925,65967,65223,65429,65917,65314
491,0,1,16,77378,76909,76182,76134,76783,69962,68783,69331,68949,68802,77670,76948,76404,76891,76499,66421,65680,65876,66388,65776
492,1,1,16,76777,76325,75599,75550,76173,69475,68301,68859,68464,68306,77063,76347,75814,76282,75893,65946,65229,65414,65918,65296
493,0,1,16,77369,76901,76158,76115,76750,69945,68760,69324,68937,68762,77652,76925,76399,76874,76473,66401,65678,65862,66375,65752
494,1,1,16,76790,76343,75604,75557,76177,69496,68300,68870,68476,68299,77053,76351,75821,76302,75920,65949,65225,65402,65925,65300
495,0,1,16,77374,76915,76175,76110,76751,69951,68761,69327,68937,68756,77625,76926,76400,76885,76488,66402,65674,65853,66367,65751
496,1,1,16,76795,76357,75618,75559,76193,69511,68312,68871,68485,68325,77104,76372,75844,76311,75927,65965,65229,65436,65934,65333
497,0,1,16,77395,76952,76200,76131,76785,69972,68787,69335,68965,68797,77696,76957,76425,76906,76517,66428,65697,65900,66394,65802
498,1,1,16,76785,76346,75620,75539,76182,69478,68297,68868,68473,68317,77073,76352,75825,76297,75921,65960,65219,65425,65900,65322
499,0,1,16,77364,76918,76192,76113,76758,69941,68761,69333,68946,68794,77656,76936,76410,76876,76490,66422,65666,65890,66374,65774
500,1,1,16,76788,76327,75613,75556,76168,69475,68294,68869,68478,68326,77070,76357,75823,76299,75935,65955,65223,65417,65934,65312
501,0,1,16,77387,76917,76184,76126,76770,69946,68773,69344,68956,68793,77645,76937,76441,76892,76510,66420,65681,65884,66391,65778
502,1,1,16,76784,76332,75606,75554,76166,69467,68306,68872,68485,68312,77074,76350,75809,76300,75913,65955,65212,65404,65922,65311
503,0,1,16,77380,76930,76190,76133,76763,69958,68787,69355,68960,68795,77651,76937,76413,76903,76501,66435,65687,65882,66388,65780
504,1,1,16,76761,76336,75584,75545,76159,69469,68285,68850,68472,68288,77037,76339,75801,76300,75907,65944,65221,65414,65907,65302
505,0,1,16,77351,76914,76157,76099,76740,69922,68741,69303,68936,68760,77629,76927,76383,76870,76483,66403,65671,65860,66363,65759
506,1,1,16,76798,76319,75579,75540,76166,69471,68303,68859,68477,68318,77057,76347,75814,76283,75902,65947,65225,65403,65919,65303
507,0,1,16,77391,76913,76170,76117,76755,69938,68783,69338,68951,68784,77649,76941,76413,76878,76489,66411,65689,65859,66383,65777
508,1,1,16,76804,76335,75581,75553,76188,69502,68332,68868,68500,68324,77065,76361,75827,76303,75915,65970,65240,65430,65948,65317
509,0,1,16,77383,76899,76159,76104,76751,69951,68780,69320,68956,68782,77641,76936,76407,76870,76482,66412,65679,65877,66393,65768
510,1,1,16,76805,76324,75583,75543,76164,69473,68305,68854,68487,68305,77047,76353,75808,76308,75919,65953,65220,65416,65919,65316
511,0,1,16,77377,76906,76165,76112,76744,69945,68769,69327,68959,68774,77629,76927,76399,76887,76497,66399,65657,65865,66370,65779
512,1,1,16,76789,76330,75570,75539,76161,69477,68300,68845,68469,68300,77055,76352,75814,76294,75922,65940,65211,65410,65920,65292
513,0,1,16,77357,76889,76137,76088,76739,69914,68758,69302,68927,68766,77607,76925,76386,76859,76479,66380,65651,65850,66363,65742
514,1,1,16,76781,76335,75593,75546,76167,69476,68305,68865,68491,68317,77080,76352,75821,76298,75918,65973,65238,65431,65926,65330
515,0,1,16,77377,76912,76165,76119,76752,69938,68769,69329,68944,68785,77655,76944,76404,76871,76491,66415,65677,65880,66393,65771
516,1,1,16,76823,76361,75624,75567,76207,69502,68333,68886,68503,68347,77078,76381,75837,76327,75942,65996,65263,65437,65942,65331
517,0,1,16,77397,76935,76177,76128,76773,69957,68789,69348,68964,68810,77651,76951,76407,76897,76506,66435,65703,65872,66389,65779
518,1,1,16,76780,76332,75587,75544,76168,69473,68318,68858,68472,68308,77080,76341,75809,76317,75926,65961,65216,65416,65915,65309
519,0,1,16,77364,76920,76159,76109,76742,69929,68779,69319,68936,68788,77651,76929,76395,76891,76495,66415,65675,65857,66368,65759
520,1,1,16,76792,76360,75616,75540,76163,69481,68303,68861,68486,68322,77059,76358,75815,76322,75923,65970,65235,65427,65938,65322
521,0,1,16,77384,76942,76182,76121,76765,69940,68778,69330,68963,68788,77645,76947,76407,76905,76507,66428,65686,65877,66400,65779
522,1,1,16,76781,76349,75619,75550,76180,69487,68308,68852,68484,68313,77062,76358,75818,76321,75935,65968,65222,65425,65930,65323
523,0,1,16,77372,76931,76187,76111,76754,69942,68770,69316,68947,68776,77635,76939,76402,76897,76516,66426,65668,65873,66380,65772
524,1,1,16,76794,76350,75613,75546,76184,69475,68294,68848,68478,68307,77067,76350,75803,76302,75916,65952,65217,65395,65914,65303
525,0,1,16,77376,76928,76183,76121,76767,69938,68756,69329,68945,68775,77635,76920,76395,76894,76496,66413,65679,65860,66372,65757
526,1,1,16,76795,76340,75606,75557,76182,69490,68291,68870,68487,68318,77059,76361,75816,76319,75926,65971,65234,65413,65936,65318
527,0,1,16,77378,76904,76155,76123,76753,69946,68748,69309,68952,68774,77629,76927,76396,76887,76485,66410,65674,65850,66370,65754
528,1,1,16,76798,76334,75588,75544,76153,69478,68290,68867,68488,68299,77033,76342,75817,76303,75936,65952,65214,65396,65911,65309
529,0,1,16,77390,76915,76156,76120,76736,69939,68750,69332,68961,68764,77616,76920,76391,76892,76505,66408,65668,65852,66372,65760
530,1,1,16,76796,76333,75601,75565,76190,69488,68276,68868,68503,68314,77069,76348,75824,76306,75938,65986,65237,65423,65918,65325
531,0,1,16,77394,76923,76188,76136,76782,69954,68760,69343,68980,68790,77645,76943,76411,76897,76514,66437,65689,65879,66387,65789
532,1,1,16,76797,76343,75608,75557,76189,69477,68304,68869,68502,68313,77063,76358,75839,76315,75934,65974,65246,65422,65930,65325
533,0,1,16,77370,76890,76146,76103,76750,69921,68762,69301,68940,68764,77628,76917,76398,76876,76496,66395,65684,65849,66382,65761
534,1,1,16,76791,76333,75578,75553,76174,69483,68297,68864,68472,68305,77065,76359,75826,76301,75941,65972,65238,65422,65916,65312
535,0,1,16,77388,76923,76163,76133,76762,69963,68771,69335,68964,68781,77647,76942,76421,76894,76523,66435,65693,65885,66384,65772
536,1,1,16,76807,76348,75604,75574,76187,69487,68318,68877,68492,68320,77090,76386,75851,76331,75940,65988,65239,65443,65944,65326
537,0,1,16,77384,76915,76152,76120,76756,69937,68776,69328,68945,68779,77653,76951,76417,76902,76500,66421,65678,65885,66384,65763
538,1,1,16,76810,76341,75585,75569,76194,69477,68318,68863,68475,68321,77068,76362,75823,76322,75935,65962,65246,65432,65938,65320
539,0,1,16,77374,76892,76148,76115,76741,69919,68765,69322,68934,68772,77627,76932,76390,76883,76486,66406,65679,65860,66378,65759
540,1,1,16,76785,76336,75591,75568,76182,69478,68306,68885,68478,68314,77054,76363,75830,76301,75927,65969,65238,65425,65932,65322
541,0,1,16,77380,76921,76161,76136,76758,69937,68768,69345,68949,68784,77633,76941,76409,76894,76498,66411,65684,65866,66374,65772
542,1,1,16,76782,76361,75606,75565,76175,69495,68311,68866,68474,68318,77059,76373,75833,76306,75944,65952,65238,65435,65914,65320
543,0,1,16,77387,76930,76176,76131,76759,69956,68781,69330,68969,68795,77649,76958,76412,76899,76524,66420,65708,65881,66380,65778
544,1,1,16,76774,76328,75577,75544,76173,69471,68291,68865,68481,68297,77040,76345,75811,76309,75911,65944,65220,65419,65913,65312
545,0,1,16,77382,76923,76170,76130,76770,69950,68770,69330,68956,68763,77641,76935,76409,76898,76497,66410,65689,65866,66385,65774
546,1,1,16,76785,76357,75598,75556,76161,69484,68310,68872,68477,68309,77048,76337,75814,76306,75916,65970,65239,65417,65937,65326
547,0,1,16,77354,76923,76153,76102,76743,69928,68764,69318,68928,68768,77601,76909,76378,76872,76474,66405,65673,65854,66380,65769
548,1,1,16,76787,76344,75603,75559,76176,69482,68307,68862,68480,68312,77055,76352,75826,76314,75935,65969,65217,65409,65935,65310
549,0,1,16,77376,76926,76172,76123,76770,69950,68771,69332,68965,68785,77631,76939,76404,76904,76505,66428,65681,65867,66402,65775
550,1,1,16,76766,76342,75598,75539,76161,69468,68298,68854,68488,68312,77064,76336,75810,76303,75911,65952,65220,65407,65926,65324
551,0,1,16,77363,76920,76162,76103,76740,69920,68752,69319,68946,68776,77642,76924,76384,76893,76487,66393,65667,65864,66376,65773
552,1,1,16,76777,76356,75600,75557,76183,69489,68309,68879,68488,68325,77074,76349,75813,76317,75921,65965,65219,65420,65923,65327
553,0,1,16,77380,76942,76190,76135,76769,69950,68777,69348,68956,68808,77661,76944,76420,76907,76495,66426,65682,65886,66388,65785
554,1,1,16,76792,76363,75600,75557,76165,69478,68305,68873,68474,68315,77067,76343,75815,76318,75920,65969,65243,65421,65920,65320
555,0,1,16,77375,76932,76161,76119,76741,69931,68771,69326,68934,68783,77631,76917,76401,76898,76490,66405,65684,65867,66375,65767
556,1,1,16,76787,76352,75592,75557,76184,69493,68303,68856,68478,68331,77083,76374,75822,76317,75921,65970,65243,65439,65939,65323
557,0,1,16,77379,76914,76171,76115,76767,69952,68761,69320,68947,68786,77644,76938,76400,76891,76495,66409,65689,65887,66385,65765
558,1,1,16,76771,76346,75584,75545,76168,69478,68303,68879,68456,68305,77075,76344,75813,76316,75912,65954,65245,65416,65915,65308
559,0,1,16,77372,76940,76165,76119,76754,69946,68778,69336,68943,68778,77663,76932,76397,76909,76498,66409,65698,65871,66381,65764
560,1,1,16,76782,76344,75573,75544,76168,69483,68313,68860,68482,68328,77078,76346,75818,76317,75915,65947,65240,65407,65915,65310
561,0,1,16,77377,76944,76171,76125,76761,69941,68779,69341,68953,68802,77662,76948,76420,76905,76504,66413,65696,65875,66376,65778
562,1,1,16,76790,76362,75578,75549,76182,69490,68315,68882,68480,68347,77095,76351,75836,76330,75943,65971,65244,65447,65926,65317
563,0,1,16,77365,76913,76137,76091,76750,69935,68765,69320,68944,68804,77644,76916,76398,76901,76500,66415,65673,65882,66368,65755
564,1,1,16,76801,76347,75594,75542,76172,69493,68310,68884,68491,68325,77096,76352,75812,76329,75932,65964,65234,65440,65928,65322
565,0,1,16,77396,76930,76176,76122,76762,69954,68773,69359,68968,68797,77652,76953,76397,76932,76518,66418,65685,65898,66388,65776
566,1,1,16,76776,76366,75571,75532,76182,69481,68309,68856,68484,68329,77065,76359,75809,76322,75917,65958,65217,65427,65909,65297
567,0,1,16,77381,76953,76150,76122,76772,69946,68783,69342,68953,68804,77654,76943,76399,76912,76500,66417,65696,65885,66381,65775
568,1,1,16,76782,76370,75594,75545,76170,69490,68320,68875,68484,68316,77066,76347,75818,76317,75937,65968,65240,65425,65924,65334
569,0,1,16,77370,76957,76161,76113,76752,69960,68779,69342,68956,68783,77649,76924,76401,76902,76504,66417,65691,65880,66386,65779
570,1,1,16,76777,76362,75574,75541,76166,69467,68292,68859,68483,68303,77063,76349,75818,76311,75924,65961,65233,65415,65914,65307
571,0,1,16,77379,76940,76155,76125,76747,69938,68769,69343,68960,68776,77653,76935,76396,76909,76502,66417,65690,65886,66392,65766
572,1,1,16,76785,76354,75587,75546,76175,69478,68301,68869,68470,68304,77061,76347,75815,76315,75937,65942,65247,65424,65921,65314
573,0,1,16,77366,76931,76150,76097,76756,69933,68769,69317,68937,68763,77632,76920,76386,76894,76501,66390,65685,65871,66384,65763
574,1,1,16,76798,76360,75583,75553,76194,69482,68314,68886,68504,68326,77058,76361,75823,76334,75932,65981,65245,65448,65956,65327
575,0,1,16,77388,76948,76161,76136,76765,69938,68777,69355,68968,68785,77635,76932,76406,76913,76503,66430,65699,65904,66410,65775
576,1,1,16,76793,76354,75579,75534,76166,69464,68305,68873,68505,68319,77068,76351,75806,76298,75910,65965,65249,65430,65925,65303
577,0,1,16,77380,76943,76161,76125,76754,69928,68776,69343,68976,68797,77651,76939,76394,76891,76497,66432,65714,65889,66392,65776
578,1,1,16,76819,76362,75598,75559,76197,69477,68317,68877,68503,68322,77073,76379,75831,76330,75940,65987,65253,65446,65945,65347
579,0,1,16,77397,76954,76169,76126,76776,69935,68773,69334,68981,68787,77646,76950,76416,76907,76504,66437,65706,65903,66393,65796
580,1,1,16,76794,76337,75589,75562,76191,69479,68302,68870,68493,68324,77062,76352,75811,76309,75927,65979,65236,65436,65917,65318
581,0,1,16,77388,76915,76168,76130,76782,69941,68759,69342,68963,68797,77658,76933,76402,76889,76500,66427,65693,65895,66375,65780
582,1,1,16,76809,76339,75580,75567,76157,69473,68299,68862,68491,68330,77068,76364,75806,76319,75936,65971,65233,65435,65924,65331
583,0,1,16,77388,76904,76134,76127,76749,69922,68764,69302,68943,68773,77633,76931,76377,76889,76491,66418,65676,65870,66371,65767
584,1,1,16,76792,76331,75572,75554,76176,69450,68309,68871,68482,68317,77068,76340,75801,76312,75930,65964,65240,65432,65918,65327
585,0,1,16,77380,76900,76138,76100,76753,69913,68769,69314,68940,68773,77640,76911,76389,76888,76489,66406,65685,65860,66361,65771
586,1,1,16,76792,76324,75546,75529,76145,69445,68282,68846,68473,68289,77030,76349,75792,76293,75921,65942,65211,65405,65906,65311
587,0,1,16,77379,76904,76122,76101,76741,69920,68744,69313,68930,68759,77621,76922,76375,76880,76493,66403,65670,65863,66358,65763
588,1,1,16,76798,76366,75583,75557,76182,69469,68309,68869,68485,68318,77062,76372,75815,76322,75926,65972,65225,65436,65926,65317
589,0,1,16,77397,76930,76148,76132,76778,69932,68778,69325,68962,68796,77664,76947,76405,76909,76507,66433,65690,65888,66394,65776
590,1,1,16,76785,76341,75563,75540,76171,69470,68299,68852,68488,68313,77074,76357,75805,76314,75930,65947,65222,65414,65918,65323
591,0,1,16,77387,76919,76138,76113,76756,69931,68761,69310,68949,68777,77649,76944,76388,76903,76504,66396,65678,65870,66383,65779
592,1,1,16,76788,76349,75574,75557,76170,69470,68306,68859,68485,68308,77065,76343,75806,76308,75921,65937,65230,65430,65917,65308
593,0,1,16,77383,76921,76149,76131,76747,69940,68772,69324,68949,68769,77640,76933,76389,76887,76501,66400,65679,65893,66375,65761
594,1,1,16,76765,76346,75553,75540,76149,69468,68295,68840,68477,68293,77064,76338,75798,76303,75899,65960,65208,65421,65905,65307
595,0,1,16,77366,76932,76139,76111,76749,69936,68770,69314,68948,68763,77655,76925,76380,76901,76491,66413,65681,65877,66373,65770
596,1,1,16,76775,76331,75567,75548,76171,69471,68298,68853,68489,68297,77052,76326,75805,76317,75919,65982,65224,65431,65921,65317
597,0,1,16,77374,76918,76149,76117,76763,69935,68761,69320,68948,68761,77637,76923,76398,76907,76490,66435,65681,65883,66382,65777
598,1,1,16,76790,76353,75583,75560,76177,69485,68309,68859,68493,68297,77079,76361,75826,76312,75929,65974,65247,65444,65931,65327
599,0,1,16,77364,76907,76133,76094,76737,69930,68762,69315,68940,68749,77645,76930,76401,76879,76482,66415,65682,65880,66371,65779
600,1,1,16,76769,76343,75569,75558,76158,69477,68295,68854,68481,68303,77051,76349,75821,76317,75923,65957,65243,65423,65913,65303
601,0,1,16,77348,76937,76144,76129,76741,69940,68764,69320,68941,68761,77642,76931,76407,76884,76495,66408,65694,65873,66374,65768
602,1,1,16,76793,76349,75592,75548,76172,69470,68298,68863,68473,68292,77072,76361,75818,76300,75931,65967,65236,65411,65938,65306
603,0,1,16,77380,76918,76149,76125,76744,69930,68769,69335,68942,68768,77643,76935,76416,76885,76507,66422,65691,65859,66388,65768
604,1,1,16,76772,76353,75578,75553,76172,69472,68294,68847,68470,68297,77064,76353,75811,76302,75924,65956,65235,65415,65923,65318
605,0,1,16,77356,76931,76144,76119,76748,69948,68761,69312,68930,68761,77640,76916,76405,76880,76491,66402,65688,65865,66373,65769
606,1,1,16,76785,76354,75564,75557,76170,69474,68310,68858,68473,68310,77070,76349,75837,76296,75928,65974,65236,65420,65915,65320
607,0,1,16,77363,76931,76145,76122,76761,69935,68771,69322,68941,68773,77653,76926,76430,76892,76497,66430,65693,65882,66375,65772
608,1,1,16,76769,76348,75582,75546,76180,69471,68311,68868,68464,68316,77069,76355,75826,76295,75909,65987,65243,65410,65918,65314
609,0,1,16,77350,76914,76133,76102,76747,69934,68762,69321,68914,68777,77629,76912,76399,76872,76490,66426,65676,65857,66381,65749
610,1,1,16,76783,76367,75586,75558,76186,69489,68314,68873,68474,68343,77076,76359,75835,76328,75939,65979,65242,65431,65948,65322
611,0,1,16,77360,76930,76145,76109,76759,69944,68776,69341,68936,68790,77638,76941,76412,76901,76503,66430,65689,65874,66385,65776
612,1,1,16,76797,76373,75591,75576,76183,69480,68338,68859,68476,68336,77085,76368,75834,76334,75936,65974,65253,65431,65942,65328
613,0,1,16,77378,76928,76155,76131,76754,69931,68781,69319,68935,68779,77653,76919,76425,76899,76488,66425,65700,65879,66379,65775
614,1,1,16,76764,76340,75568,75546,76159,69445,68296,68842,68444,68307,77038,76333,75808,76296,75906,65931,65220,65401,65908,65295
615,0,1,16,77355,76921,76140,76104,76742,69910,68752,69301,68910,68775,77619,76922,76397,76875,76474,66387,65664,65853,66353,65745
616,1,1,16,76770,76346,75580,75532,76160,69463,68285,68834,68461,68297,77067,76341,75805,76302,75905,65952,65207,65416,65902,65296
617,0,1,16,77348,76919,76148,76089,76735,69927,68752,69305,68928,68748,77635,76918,76378,76860,76478,66396,65652,65861,66348,65746
618,1,1,16,76775,76348,75579,75534,76165,69461,68294,68870,68485,68325,77073,76357,75812,76308,75906,65960,65230,65436,65931,65310
619,0,1,16,77355,76916,76140,76104,76730,69911,68744,69318,68938,68778,77636,76925,76402,76871,76469,66400,65672,65872,66370,65747
620,1,1,16,76761,76343,75573,75546,76165,69466,68291,68859,68480,68299,77078,76353,75807,76303,75908,65958,65236,65419,65917,65302
621,0,1,16,77346,76937,76140,76119,76758,69928,68757,69330,68948,68775,77654,76940,76397,76905,76487,66407,65677,65871,66379,65758
622,1,1,16,76784,76339,75582,75545,76161,69483,68302,68861,68482,68313,77081,76364,75828,76316,75924,65960,65229,65419,65925,65309
623,0,1,16,77360,76919,76152,76115,76749,69942,68761,69322,68935,68769,77647,76943,76398,76887,76493,66403,65671,65863,66380,65756
624,1,1,16,76778,76346,75576,75564,76169,69454,68287,68859,68470,68304,77076,76356,75818,76315,75925,65974,65227,65421,65913,65298
625,0,1,16,77366,76931,76152,76144,76764,69922,68756,69333,68941,68780,77673,76952,76399,76903,76510,66432,65681,65887,66365,65761
626,1,1,16,76764,76341,75595,75545,76181,69478,68289,68857,68489,68308,77068,76372,75835,76315,75926,65974,65242,65435,65930,65301
627,0,1,16,77341,76913,76155,76110,76760,69938,68740,69313,68944,68762,77635,76952,76413,76887,76497,66417,65669,65874,66371,65747
628,1,1,16,76763,76328,75573,75534,76163,69464,68274,68830,68473,68285,77035,76353,75808,76295,75904,65956,65210,65414,65912,65296
629,0,1,16,77353,76908,76149,76111,76753,69939,68743,69301,68948,68758,77627,76945,76400,76886,76486,66413,65670,65877,66375,65750
630,1,1,16,76780,76363,75591,75566,76186,69490,68315,68869,68494,68319,77079,76377,75823,76325,75921,65982,65250,65435,65927,65315
631,0,1,16,77369,76934,76163,76129,76766,69956,68772,69329,68962,68780,77677,76962,76409,76907,76491,66441,65704,65894,66403,65771
632,1,1,16,76755,76350,75590,75549,76164,69484,68299,68845,68477,68310,77075,76350,75819,76304,75917,65975,65245,65432,65922,65313
633,0,1,16,77358,76932,76154,76122,76750,69942,68771,69316,68941,68779,77661,76929,76409,76883,76494,66422,65706,65883,66381,65768
634,1,1,16,76785,76338,75594,75561,76158,69474,68295,68837,68494,68302,77064,76351,75820,76314,75927,65953,65240,65429,65928,65304
635,0,1,16,77373,76931,76161,76114,76748,69940,68759,69313,68966,68769,77656,76931,76400,76904,76502,66410,65688,65897,66382,65763
636,1,1,16,76769,76356,75591,75568,76161,69478,68306,68857,68477,68297,77065,76364,75830,76325,75928,65966,65246,65420,65910,65301
637,0,1,16,77380,76949,76183,76149,76758,69945,68778,69326,68947,68778,77652,76949,76424,76913,76509,66416,65707,65892,66388,65765
638,1,1,16,76766,76348,75574,75544,76146,69471,68284,68835,68450,68295,77048,76349,75811,76301,75905,65947,65220,65426,65923,65303
639,0,1,16,77358,76922,76144,76113,76741,69950,68746,69323,68931,68761,77642,76937,76409,76896,76486,66395,65679,65879,66377,65763
640,1,1,16,76786,76333,75597,75560,76164,69474,68314,68858,68481,68309,77081,76368,75833,76312,75926,65969,65246,65439,65914,65319
641,0,1,16,77385,76924,76183,76131,76760,69952,68774,69329,68956,68778,77669,76951,76431,76903,76498,66418,65712,65896,66372,65771
642,1,1,16,76776,76332,75582,75536,76163,69470,68297,68849,68472,68292,77040,76336,75797,76300,75905,65935,65230,65412,65901,65300
643,0,1,16,77364,76913,76151,76112,76746,69942,68766,69315,68939,68763,77630,76924,76393,76891,76483,66397,65700,65873,66377,65759
644,1,1,16,76772,76343,75576,75530,76131,69472,68299,68850,68486,68311,77048,76326,75810,76298,75904,65951,65221,65432,65913,65299
645,0,1,16,77355,76915,76148,76103,76729,69928,68772,69314,68944,68777,77641,76917,76376,76881,76495,66400,65670,65879,66371,65754
646,1,1,16,76774,76344,75569,75531,76169,69454,68302,68863,68484,68307,77066,76349,75820,76319,75915,65962,65243,65423,65906,65307
647,0,1,16,77362,76902,76147,76089,76745,69912,68765,69322,68941,68760,77647,76924,76402,76889,76487,66409,65691,65866,66350,65758
648,1,1,16,76780,76349,75596,75558,76153,69481,68298,68860,68486,68299,77089,76354,75831,76317,75925,65972,65238,65428,65924,65307
649,0,1,16,77342,76912,76160,76120,76732,69935,68760,69311,68947,68751,77665,76916,76395,76882,76486,66412,65684,65860,66370,65757
650,1,1,16,76784,76351,75594,75563,76154,69485,68302,68876,68479,68304,77095,76360,75824,76303,75919,65978,65242,65428,65937,65317
651,0,1,16,77348,76918,76157,76115,76731,69928,68749,69332,68937,68769,77668,76923,76392,76871,76479,66410,65679,65874,66381,65763
652,1,1,16,76776,76366,75593,75549,76155,69490,68304,68872,68479,68309,77090,76365,75830,76311,75934,65975,65243,65448,65934,65314
653,0,1,16,77355,76931,76153,76114,76728,69938,68768,69330,68935,68770,77664,76934,76420,76886,76505,66415,65694,65892,66373,65750
654,1,1,16,76765,76340,75583,75556,76169,69455,68301,68835,68455,68296,77070,76358,75816,76288,75908,65971,65213,65423,65911,65288
655,0,1,16,77364,76929,76167,76132,76757,69935,68771,69313,68935,68778,77665,76949,76413,76884,76491,66443,65682,65892,66367,65759
656,1,1,16,76776,76354,75585,75572,76162,69474,68295,68854,68484,68293,77060,76363,75813,76291,75921,65972,65244,65424,65934,65298
657,0,1,16,77373,76927,76146,76138,76744,69933,68760,69318,68952,68767,77641,76943,76402,76874,76492,66419,65689,65886,66375,65752
658,1,1,16,76792,76361,75588,75581,76161,69495,68313,68883,68497,68323,77068,76364,75814,76306,75933,65972,65251,65430,65942,65314
659,0,1,16,77390,76955,76175,76168,76762,69961,68781,69347,68964,68790,77651,76950,76408,76897,76514,66434,65711,65888,66409,65777
660,1,1,16,76765,76349,75595,75567,76148,69484,68302,68865,68479,68303,77072,76366,75806,76294,75927,65960,65245,65417,65934,65293
661,0,1,16,77362,76937,76168,76127,76731,69945,68762,69324,68948,68770,77649,76950,76388,76877,76495,66398,65694,65867,66375,65743
662,1,1,16,76795,76365,75602,75560,76189,69477,68306,68879,68507,68310,77071,76349,75827,76299,75934,65968,65237,65424,65928,65300
663,0,1,16,77379,76939,76171,76119,76763,69962,68769,69334,68963,68763,77652,76924,76406,76878,76508,66416,65695,65885,66385,65755
664,1,1,16,76792,76341,75598,75574,76176,69485,68312,68859,68474,68313,77067,76370,75821,76315,75942,65975,65241,65434,65922,65299
665,0,1,16,77365,76914,76157,76129,76750,69938,68771,69318,68937,68773,77630,76942,76404,76884,76494,66418,65686,65875,66383,65736
666,1,1,16,76764,76334,75577,75553,76168,69486,68300,68862,68483,68294,77055,76361,75812,76296,75913,65960,65243,65434,65923,65297
667,0,1,16,77363,76905,76158,76116,76760,69948,68765,69326,68956,68766,77639,76942,76406,76891,76495,66412,65703,65889,66392,65754
668,1,1,16,76781,76338,75600,75573,76181,69516,68295,68861,68474,68305,77071,76364,75821,76307,75924,65974,65246,65444,65936,65316
669,0,1,16,77355,76904,76160,76132,76758,69956,68749,69320,68931,68762,77619,76929,76395,76889,76488,66414,65688,65888,66381,65759
670,1,1,16,76784,76337,75604,75558,76164,69493,68309,68870,68452,68314,77077,76368,75839,76313,75935,65969,65252,65437,65918,65312
671,0,1,16,77369,76910,76162,76119,76737,69947,68761,69331,68929,68768,77636,76935,76417,76885,76490,66411,65690,65874,66362,65756
672,1,1,16,76789,76345,75563,75576,76147,69491,68275,68855,68478,68293,77055,76358,75827,76283,75917,65963,65229,65429,65906,65283
673,0,1,16,77359,76904,76137,76125,76727,69944,68729,69309,68938,68748,77616,76920,76399,76853,76468,66414,65679,65861,66367,65727
674,1,1,16,76790,76360,75592,75576,76169,69493,68286,68872,68495,68311,77071,76380,75821,76303,75924,65964,65246,65426,65928,65309
675,0,1,16,77374,76933,76144,76123,76753,69960,68760,69324,68953,68768,77655,76946,76412,76887,76496,66418,65693,65888,66379,65752
676,1,1,16,76769,76314,75578,75548,76153,69477,68281,68857,68461,68288,77041,76342,75812,76291,75906,65952,65236,65422,65924,65281
677,0,1,16,77357,76889,76137,76113,76733,69932,68745,69320,68919,68751,77630,76927,76400,76878,76485,66403,65698,65879,66376,65740
678,1,1,16,76772,76313,75567,75543,76152,69482,68292,68846,68472,68292,77046,76339,75804,76278,75919,65947,65229,65435,65907,65285
679,0,1,16,77365,76889,76143,76112,76739,69944,68751,69323,68930,68762,77636,76934,76389,76867,76496,66397,65682,65883,66370,65741
680,1,1,16,76792,76352,75587,75558,76189,69497,68316,68874,68499,68312,77063,76360,75815,76308,75939,65964,65245,65440,65943,65313
681,0,1,16,77383,76925,76160,76126,76763,69939,68772,69338,68961,68775,77631,76935,76398,76884,76504,66411,65695,65891,66381,65748
682,1,1,16,76765,76352,75582,75563,76179,69478,68295,68867,68472,68289,77058,76351,75809,76303,75928,65948,65238,65406,65922,65279
683,0,1,16,77364,76943,76181,76148,76783,69953,68778,69341,68958,68770,77653,76955,76401,76896,76511,66417,65700,65883,66380,65743
684,1,1,16,76770,76355,75585,75578,76178,69473,68287,68866,68485,68292,77042,76346,75816,76284,75927,65971,65242,65422,65922,65288
685,0,1,16,77352,76920,76163,76138,76755,69945,68746,69334,68952,68758,77614,76922,76383,76860,76498,66414,65691,65869,66371,65747
686,1,1,16,76793,76347,75581,75568,76176,69479,68292,68857,68467,68288,77056,76345,75811,76302,75930,65966,65243,65425,65913,65305
687,0,1,16,77349,76901,76142,76116,76729,69920,68741,69305,68928,68747,77627,76909,76385,76876,76481,66400,65674,65854,66357,65748
688,1,1,16,76772,76354,75582,75569,76182,69488,68302,68858,68474,68301,77042,76355,75825,76300,75930,65963,65256,65421,65914,65300
689,0,1,16,77359,76928,76154,76137,76764,69948,68767,69325,68935,68766,77618,76937,76413,76884,76508,66418,65699,65878,66369,65753
690,1,1,16,76779,76337,75579,75562,76171,69474,68296,68858,68472,68289,77055,76355,75822,76316,75924,65963,65233,65426,65921,65287
691,0,1,16,77370,76905,76143,76126,76757,69929,68761,69324,68949,68759,77639,76938,76408,76890,76500,66421,65681,65888,66385,65739
692,1,1,16,76767,76336,75580,75569,76176,69479,68299,68859,68495,68291,77066,76352,75812,76306,75930,65969,65239,65449,65931,65288
693,0,1,16,77344,76905,76140,76120,76743,69934,68753,69321,68943,68762,77628,76926,76387,76887,76491,66410,65686,65876,66384,65738
694,1,1,16,76759,76330,75583,75553,76166,69467,68282,68864,68458,68295,77044,76346,75817,76305,75939,65973,65231,65441,65920,65303
695,0,1,16,77344,76903,76148,76118,76753,69923,68742,69324,68924,68756,77626,76921,76398,76888,76500,66412,65676,65889,66376,65740
696,1,1,16,76770,76345,75578,75570,76179,69467,68301,68876,68480,68306,77064,76344,75816,76315,75944,65966,65254,65440,65929,65299
697,0,1,16,77371,76926,76166,76140,76770,69935,68775,69354,68960,68783,77653,76944,76408,76899,76523,66426,65711,65905,66404,65766
698,1,1,16,76774,76335,75595,75572,76156,69475,68296,68869,68482,68312,77062,76350,75826,76307,75941,65973,65245,65432,65930,65303
699,0,1,16,77343,76901,76162,76121,76731,69924,68745,69325,68934,68753,77625,76922,76410,76885,76507,66417,65681,65875,66365,65746
700,1,1,16,76772,76332,75599,75571,76167,69496,68293,68862,68493,68315,77050,76357,75825,76315,75937,65974,65256,65446,65944,65325
701,0,1,16,77351,76908,76162,76139,76749,69955,68763,69325,68957,68763,77642,76930,76421,76895,76515,66423,65703,65889,66404,65770
702,1,1,16,76763,76315,75587,75555,76154,69486,68286,68852,68480,68304,77061,76349,75808,76300,75926,65956,65228,65410,65925,65306
703,0,1,16,77363,76909,76163,76111,76756,69966,68761,69326,68958,68785,77653,76936,76402,76890,76509,66415,65687,65872,66393,65764
704,1,1,16,76789,76332,75592,75575,76165,69481,68308,68874,68496,68321,77060,76354,75834,76315,75934,65964,65251,65447,65952,65315
705,0,1,16,77374,76912,76155,76148,76764,69946,68772,69337,68969,68799,77659,76944,76434,76920,76521,66431,65707,65912,66410,65774
706,1,1,16,76793,76372,75612,75592,76189,69492,68324,68889,68498,68332,77076,76376,75830,76331,75945,65968,65263,65442,65951,65340
707,0,1,16,77383,76942,76185,76153,76781,69956,68799,69351,68975,68811,77662,76956,76420,76920,76522,66429,65717,65901,66411,65790
708,1,1,16,76777,76373,75597,75580,76180,69504,68310,68863,68498,68321,77078,76357,75831,76328,75948,65983,65264,65449,65948,65337
709,0,1,16,77351,76926,76163,76141,76766,69942,68765,69318,68950,68774,77647,76933,76421,76914,76508,66429,65706,65899,66392,65790
710,1,1,16,76795,76359,75609,75575,76190,69494,68307,68885,68490,68314,77083,76363,75838,76330,75964,66002,65250,65439,65946,65333
711,0,1,16,77381,76944,76170,76143,76769,69955,68766,69360,68954,68781,77648,76941,76418,76906,76532,66449,65709,65886,66397,65792
712,1,1,16,76784,76356,75599,75599,76179,69491,68309,68881,68488,68304,77081,76363,75831,76334,75955,65979,65256,65434,65948,65336
713,0,1,16,77364,76914,76158,76143,76756,69937,68756,69341,68938,68763,77639,76922,76406,76896,76510,66420,65701,65881,66393,65774
714,1,1,16,76775,76312,75590,75543,76172,69483,68289,68847,68478,68299,77068,76353,75825,76335,75924,65972,65247,65429,65926,65311
715,0,1,16,77370,76913,76170,76131,76763,69945,68765,69329,68942,68782,77656,76946,76412,76930,76503,66418,65695,65876,66383,65764
716,1,1,16,76768,76354,75588,75566,76169,69496,68302,68871,68487,68314,77064,76353,75832,76338,75938,65975,65240,65440,65930,65310
717,0,1,16,77353,76916,76145,76123,76750,69948,68771,69329,68936,68773,77633,76928,76422,76913,76499,66421,65673,65887,66377,65749
718,1,1,16,76767,76345,75588,75542,76170,69482,68272,68874,68460,68315,77051,76336,75815,76311,75922,65964,65234,65423,65914,65316
719,0,1,16,77356,76925,76157,76120,76759,69937,68744,69336,68941,68791,77638,76919,76409,76889,76501,66417,65688,65874,66357,65757
720,1,1,16,76775,76345,75583,75572,76171,69490,68287,68886,68480,68312,77073,76350,75841,76318,75938,65980,65250,65437,65923,65308
721,0,1,16,77357,76941,76149,76144,76758,69946,68756,69336,68940,68785,77650,76929,76430,76906,76518,66420,65688,65888,66381,65774
722,1,1,16,76789,76363,75600,75585,76179,69490,68317,68884,68479,68309,77056,76348,75825,76311,75922,65974,65258,65445,65932,65335
723,0,1,16,77401,76938,76179,76162,76774,69957,68786,69360,68953,68796,77646,76945,76422,76922,76523,66428,65716,65907,66394,65798
724,1,1,16,76779,76347,75590,75563,76171,69477,68294,68867,68482,68303,77070,76358,75814,76308,75932,65963,65247,65429,65912,65322
725,0,1,16,77367,76938,76168,76149,76767,69943,68775,69345,68951,68776,77649,76943,76415,76906,76522,66427,65700,65895,66367,65776
726,1,1,16,76779,76367,75586,75573,76178,69493,68307,68870,68485,68299,77070,76367,75825,76314,75937,65981,65244,65435,65904,65324
727,0,1,16,77366,76934,76151,76138,76769,69949,68771,69328,68953,68767,77648,76927,76406,76899,76501,66429,65692,65893,66360,65781
728,1,1,16,76777,76338,75597,75574,76187,69487,68301,68855,68488,68312,77060,76353,75837,76309,75931,65975,65248,65432,65915,65317
729,0,1,16,77357,76918,76152,76152,76770,69948,68770,69328,68957,68779,77636,76930,76412,76893,76505,66420,65695,65885,66363,65773
730,1,1,16,76777,76315,75581,75564,76184,69477,68313,68853,68484,68291,77062,76349,75815,76309,75935,65967,65222,65406,65906,65314
731,0,1,16,77351,76890,76139,76121,76751,69929,68759,69307,68943,68738,77635,76905,76391,76871,76491,66409,65645,65855,66341,65756
732,1,1,16,76792,76351,75604,75564,76186,69484,68298,68858,68490,68303,77075,76352,75822,76334,75931,65973,65235,65427,65917,65325
733,0,1,16,77378,76920,76170,76127,76766,69949,68762,69324,68950,68776,77640,76926,76413,76908,76495,66416,65674,65882,66374,65780
734,1,1,16,76771,76357,75586,75575,76179,69484,68303,68874,68482,68298,77054,76350,75831,76306,75934,65955,65225,65421,65907,65314
735,0,1,16,77361,76910,76159,76135,76756,69936,68766,69337,68949,68763,77633,76920,76417,76888,76499,66400,65673,65868,66352,65762
736,1,1,16,76781,76333,75575,75551,76185,69464,68289,68865,68461,68297,77043,76344,75799,76306,75931,65965,65224,65428,65905,65315
737,0,1,16,77373,76918,76143,76111,76768,69935,68746,69324,68936,68764,77622,76937,76395,76885,76500,66422,65680,65883,66364,65774
738,1,1,16,76774,76334,75559,75542,76162,69452,68274,68858,68471,68291,77038,76333,75799,76318,75902,65938,65204,65408,65889,65300
739,0,1,16,77362,76900,76150,76100,76737,69928,68738,69314,68935,68762,77627,76909,76391,76887,76479,66398,65654,65863,66354,65756
740,1,1,16,76788,76334,75597,75561,76189,69474,68299,68855,68484,68302,77053,76344,75806,76325,75916,65962,65219,65424,65900,65333
741,0,1,16,77374,76929,76172,76134,76776,69944,68774,69321,68949,68775,77634,76924,76402,76909,76494,66409,65689,65873,66368,65787
742,1,1,16,76764,76351,75583,75544,76164,69475,68310,68851,68473,68292,77034,76343,75810,76314,75925,65970,65229,65414,65905,65294
743,0,1,16,77350,76928,76167,76111,76756,69935,68767,69314,68949,68765,77611,76917,76399,76891,76490,66421,65686,65868,66372,65747
744,1,1,16,76760,76345,75570,75555,76178,69474,68298,68847,68470,68307,77047,76330,75807,76306,75918,65963,65213,65411,65901,65312
745,0,1,16,77343,76923,76149,76127,76760,69933,68766,69324,68942,68771,77626,76911,76401,76896,76490,66410,65658,65862,66364,65767
746,1,1,16,76793,76365,75596,75583,76186,69500,68297,68864,68500,68316,77066,76354,75837,76318,75943,65968,65238,65434,65940,65315
747,0,1,16,77381,76939,76162,76145,76764,69962,68765,69328,68971,68782,77645,76921,76412,76892,76513,66410,65693,65882,66390,65770
748,1,1,16,76795,76362,75582,75551,76186,69487,68295,68855,68496,68319,77041,76354,75829,76300,75937,65973,65237,65451,65939,65314
749,0,1,16,77372,76946,76139,76125,76771,69939,68765,69324,68958,68773,77635,76940,76413,76882,76511,66430,65688,65901,66387,65769
750,1,1,16,76779,76350,75586,75565,76186,69488,68306,68862,68496,68316,77061,76377,75830,76310,75953,65973,65247,65447,65940,65325
751,0,1,16,77358,76934,76163,76137,76760,69934,68763,69330,68971,68777,77647,76954,76423,76904,76528,66429,65699,65903,66393,65778
752,1,1,16,76784,76352,75589,75572,76195,69502,68306,68873,68490,68319,77060,76372,75831,76314,75937,65982,65244,65447,65940,65312
753,0,1,16,77371,76909,76166,76137,76766,69944,68765,69335,68941,68779,77641,76944,76407,76892,76498,66423,65689,65892,66389,65759
754,1,1,16,76787,76357,75590,75586,76206,69511,68311,68883,68494,68342,77072,76374,75841,76326,75954,65977,65251,65422,65956,65336
755,0,1,16,77364,76924,76145,76136,76760,69960,68767,69333,68940,68789,77632,76932,76419,76891,76494,66410,65696,65863,66382,65767
756,1,1,16,76768,76356,75611,75578,76193,69494,68328,68876,68492,68323,77061,76361,75856,76318,75929,65983,65249,65443,65934,65323
757,0,1,16,77367,76945,76181,76146,76773,69950,68793,69342,68966,68788,77645,76945,76447,76905,76514,66432,65724,65898,66400,65780
758,1,1,16,76794,76386,75630,75577,76204,69508,68327,68897,68506,68353,77072,76368,75851,76319,75953,65997,65268,65456,65952,65341
759,0,1,16,77373,76936,76183,76124,76779,69951,68775,69344,68962,68796,77630,76944,76424,76879,76513,66425,65696,65891,66396,65773
760,1,1,16,76799,76378,75636,75576,76216,69501,68341,68888,68504,68346,77081,76372,75869,76345,75961,65995,65268,65453,65961,65333
761,0,1,16,77389,76933,76192,76147,76785,69957,68798,69362,68971,68809,77665,76959,76448,76929,76521,66442,65710,65907,66406,65788
762,1,1,16,76804,76359,75611,75575,76205,69501,68351,68908,68527,68335,77068,76386,75862,76340,75956,65995,65268,65445,65958,65346
763,0,1,16,77380,76927,76170,76121,76772,69951,68795,69350,68970,68784,77633,76947,76423,76902,76522,66435,65705,65887,66395,65784
764,1,1,16,76800,76356,75598,75549,76199,69506,68331,68904,68492,68333,77082,76366,75840,76331,75936,65974,65245,65441,65948,65317
765,0,1,16,77374,76928,76167,76126,76787,69962,68782,69358,68957,68800,77663,76944,76431,76919,76511,66429,65689,65895,66410,65769
766,1,1,16,76797,76367,75623,75576,76192,69504,68318,68887,68482,68332,77074,76364,75844,76326,75924,65981,65253,65446,65958,65327
767,0,1,16,77377,76952,76195,76123,76771,69963,68775,69343,68954,68794,77659,76957,76440,76909,76517,66438,65698,65895,66418,65784
768,1,1,16,76822,76398,75629,75598,76194,69514,68336,68891,68527,68334,77095,76400,75857,76344,75946,66002,65265,65472,65961,65362
769,0,1,16,77409,76982,76210,76175,76788,69985,68801,69363,68999,68800,77690,76981,76442,76919,76530,66458,65714,65917,66421,65811
770,1,1,16,76782,76345,75585,75552,76172,69471,68321,68852,68472,68304,77068,76369,75824,76321,75917,65969,65231,65430,65918,65325
771,0,1,16,77372,76940,76163,76123,76763,69934,68781,69330,68949,68784,77659,76950,76414,76912,76498,66438,65687,65881,66381,65775
772,1,1,16,76754,76352,75579,75538,76164,69464,68289,68851,68473,68313,77058,76348,75818,76307,75912,65959,65219,65411,65918,65311
773,0,1,16,77347,76927,76152,76112,76754,69926,68769,69324,68935,68780,77647,76933,76420,76894,76493,66406,65669,65872,66374,65767
774,1,1,16,76779,76363,75617,75557,76205,69497,68326,68877,68521,68335,77052,76356,75833,76318,75944,65977,65255,65441,65940,65336
775,0,1,16,77379,76950,76176,76131,76787,69967,68800,69351,68985,68800,77650,76939,76430,76905,76515,66430,65717,65896,66398,65793
776,1,1,16,76785,76370,75600,75555,76183,69472,68339,68861,68491,68328,77057,76348,75835,76314,75953,65979,65256,65421,65927,65339
777,0,1,16,77381,76961,76175,76129,76779,69946,68808,69339,68973,68804,77655,76945,76423,76905,76538,66442,65707,65891,66387,65802
778,1,1,16,76776,76370,75600,75555,76189,69484,68323,68873,68494,68310,77059,76360,75846,76331,75935,65979,65246,65432,65922,65332
779,0,1,16,77379,76939,76168,76129,76773,69950,68801,69344,68962,68789,77637,76933,76432,76908,76506,66426,65700,65891,66366,65790
780,1,1,16,76782,76366,75608,75558,76176,69464,68326,68879,68501,68324,77074,76348,75818,76328,75923,65960,65230,65410,65928,65313
781,0,1,16,77363,76941,76172,76129,76752,69916,68781,69335,68971,68790,77632,76933,76391,76909,76492,66402,65675,65863,66377,65758
782,1,1,16,76794,76354,75592,75567,76188,69482,68331,68890,68493,68323,77068,76363,75847,76332,75932,65960,65236,65431,65912,65325
783,0,1,16,77374,76923,76153,76130,76764,69939,68779,69345,68961,68786,77641,76932,76420,76908,76493,66406,65687,65869,66362,65772
784,1,1,16,76775,76367,75594,75568,76178,69475,68303,68881,68493,68304,77061,76351,75836,76333,75927,65976,65217,65427,65926,65316
785,0,1,16,77368,76943,76165,76127,76761,69928,68764,69339,68950,68772,77644,76919,76407,76904,76497,66410,65662,65868,66380,65777
786,1,1,16,76770,76341,75570,75550,76160,69461,68293,68852,68472,68296,77059,76337,75811,76310,75919,65951,65232,65413,65918,65309
787,0,1,16,77362,76935,76150,76119,76744,69927,68773,69335,68943,68770,77640,76923,76405,76902,76492,66410,65685,65869,66377,65769
788,1,1,16,76776,76361,75576,75573,76164,69478,68299,68852,68484,68295,77061,76336,75825,76318,75905,65963,65215,65402,65921,65313
789,0,1,16,77374,76938,76149,76130,76757,69943,68766,69323,68954,68767,77630,76920,76412,76902,76476,66412,65670,65856,66373,65752
790,1,1,16,76773,76352,75571,75543,76167,69470,68297,68855,68484,68306,77044,76326,75822,76294,75911,65967,65224,65413,65899,65294
791,0,1,16,77365,76931,76154,76124,76754,69940,68765,69325,68958,68770,77651,76915,76406,76901,76495,66427,65677,65871,66365,65758
792,1,1,16,76780,76351,75593,75555,76177,69489,68296,68875,68473,68308,77044,76350,75824,76312,75913,65956,65227,65417,65919,65307
793,0,1,16,77362,76908,76161,76135,76749,69942,68760,69328,68927,68776,77633,76926,76418,76894,76480,66404,65673,65865,66363,65747
794,1,1,16,76760,76350,75588,75566,76172,69485,68307,68858,68476,68302,77031,76332,75807,76306,75913,65954,65226,65411,65923,65304
795,0,1,16,77364,76938,76188,76139,76767,69951,68773,69329,68951,68788,77623,76919,76404,76894,76491,66414,65688,65875,66382,65774
796,1,1,16,76783,76354,75596,75573,76179,69502,68320,68891,68511,68342,77063,76365,75839,76320,75910,65973,65252,65422,65943,65314
797,0,1,16,77358,76931,76176,76127,76762,69956,68781,69338,68970,68808,77621,76936,76429,76897,76486,66426,65708,65863,66388,65764
798,1,1,16,76761,76346,75587,75572,76159,69473,68307,68867,68479,68306,77043,76332,75816,76304,75901,65953,65213,65388,65903,65293
799,0,1,16,77340,76915,76148,76130,76731,69919,68758,69321,68938,68771,77614,76899,76387,76871,76466,66392,65673,65833,66355,65747
800,1,1,16,76789,76370,75610,75568,76161,69481,68312,68884,68479,68306,77060,76342,75824,76316,75908,65966,65246,65420,65931,65302
801,0,1,16,77382,76951,76181,76146,76755,69959,68786,69356,68953,68776,77637,76931,76415,76902,76490,66421,65701,65877,66380,65756
802,1,1,16,76790,76382,75614,75573,76175,69487,68325,68892,68501,68328,77067,76366,75827,76316,75926,65967,65256,65437,65921,65323
803,0,1,16,77369,76935,76167,76119,76747,69942,68761,69342,68953,68782,77629,76934,76401,76882,76493,66409,65687,65869,66357,65772
804,1,1,16,76782,76356,75600,75567,76161,69506,68312,68867,68476,68320,77076,76348,75818,76327,75934,65968,65244,65420,65939,65318
805,0,1,16,77383,76940,76173,76150,76759,69970,68790,69337,68959,68781,77649,76940,76413,76916,76517,66430,65692,65874,66402,65784
806,1,1,16,76760,76347,75574,75557,76148,69486,68299,68868,68474,68303,77033,76334,75807,76297,75916,65964,65229,65404,65911,65287
807,0,1,16,77368,76923,76167,76142,76736,69950,68773,69340,68950,68778,77640,76926,76400,76883,76514,66431,65694,65862,66382,65761
808,1,1,16,76788,76347,75604,75573,76175,69508,68315,68886,68502,68321,77075,76344,75818,76323,75932,65972,65240,65417,65941,65333
809,0,1,16,77365,76917,76144,76125,76754,69945,68768,69335,68959,68776,77655,76923,76394,76893,76489,66422,65687,65857,66377,65769
810,1,1,16,76775,76350,75602,75549,76178,69491,68304,68882,68485,68317,77062,76355,75830,76310,75931,65971,65238,65420,65935,65319
811,0,1,16,77367,76923,76168,76112,76749,69938,68764,69334,68939,68774,77631,76928,76403,76886,76494,66412,65677,65862,66391,65760
812,1,1,16,76760,76349,75575,75528,76165,69473,68277,68864,68483,68292,77073,76343,75795,76298,75914,65964,65215,65415,65914,65309
813,0,1,16,77355,76924,76161,76101,76754,69948,68758,69333,68949,68771,77651,76931,76396,76890,76484,66416,65669,65864,66367,65759
814,1,1,16,76778,76349,75586,75558,76174,69495,68299,68868,68482,68328,77067,76352,75825,76302,75910,65977,65245,65411,65924,65311
815,0,1,16,77374,76927,76167,76124,76763,69962,68763,69339,68949,68799,77663,76939,76423,76896,76493,66422,65698,65869,66387,65769
816,1,1,16,76793,76360,75599,75571,76186,69503,68301,68885,68505,68334,77077,76359,75832,76320,75920,65976,65227,65428,65930,65313
817,0,1,16,77367,76938,76171,76138,76763,69960,68766,69344,68967,68797,77658,76937,76422,76905,76484,66433,65686,65890,66384,65771
818,1,1,16,76791,76353,75606,75558,76180,69510,68311,68881,68505,68330,77075,76342,75835,76309,75917,65986,65246,65428,65925,65322
819,0,1,16,77379,76918,76164,76122,76745,69967,68757,69331,68971,68791,77649,76915,76413,76887,76487,66421,65685,65876,66373,65772
820,1,1,16,76787,76375,75599,75582,76192,69493,68321,68875,68507,68331,77064,76362,75825,76313,75912,65972,65240,65440,65927,65312
821,0,1,16,77364,76944,76162,76147,76759,69958,68782,69344,68983,68796,77635,76926,76408,76882,76484,66419,65691,65898,66377,65765
822,1,1,16,76794,76381,75593,75576,76175,69505,68315,68886,68497,68327,77089,76370,75836,76323,75937,65989,65241,65441,65942,65320
823,0,1,16,77393,76962,76175,76154,76776,69978,68794,69358,68967,68796,77670,76955,76425,76926,76524,66453,65693,65902,66398,65777
824,1,1,16,76776,76359,75586,75570,76166,69490,68309,68878,68496,68318,77058,76349,75827,76311,75918,65959,65235,65431,65928,65300
825,0,1,16,77378,76943,76159,76137,76752,69964,68786,69345,68974,68797,77650,76934,76416,76896,76490,66427,65691,65895,66386,65765
826,1,1,16,76783,76365,75585,75563,76172,69486,68321,68869,68512,68323,77083,76359,75834,76329,75913,65957,65256,65439,65925,65313
827,0,1,16,77384,76951,76163,76138,76762,69949,68781,69333,68975,68784,77656,76945,76417,76921,76493,66411,65690,65888,66379,65763
828,1,1,16,76786,76359,75600,75555,76180,69494,68316,68864,68505,68316,77059,76351,75816,76317,75922,65957,65236,65430,65931,65305
829,0,1,16,77378,76947,76173,76138,76771,69955,68789,69333,68964,68791,77644,76938,76408,76903,76491,66413,65693,65882,66387,65767
830,1,1,16,76773,76338,75590,75574,76194,69485,68327,68866,68508,68335,77054,76357,75817,76311,75912,65957,65248,65428,65923,65324
831,0,1,16,77387,76950,76182,76161,76788,69969,68807,69355,68991,68817,77659,76967,76421,76929,76505,66431,65706,65889,66401,65794
832,1,1,16,76791,76357,75589,75580,76179,69475,68309,68873,68510,68318,77056,76356,75820,76325,75909,65947,65239,65426,65934,65309
833,0,1,16,77386,76946,76169,76148,76767,69943,68779,69343,68969,68795,77636,76952,76415,76910,76496,66409,65700,65884,66399,65778
834,1,1,16,76774,76362,75580,75541,76174,69462,68289,68875,68478,68315,77037,76358,75796,76299,75887,65942,65224,65417,65920,65286
835,0,1,16,77369,76941,76149,76115,76762,69938,68763,69340,68965,68787,77622,76940,76390,76887,76476,66405,65671,65875,66379,65754
836,1,1,16,76781,76365,75591,75559,76175,69495,68307,68878,68487,68330,77046,76349,75812,76313,75899,65960,65224,65405,65919,65310
837,0,1,16,77370,76950,76173,76133,76768,69957,68786,69355,68964,68811,77631,76940,76419,76912,76483,66432,65692,65869,66389,65776
838,1,1,16,76796,76382,75612,75567,76188,69484,68335,68887,68497,68340,77066,76377,75850,76334,75916,65983,65242,65424,65939,65317
839,0,1,16,77365,76934,76156,76113,76750,69933,68773,69327,68954,68802,77630,76941,76417,76893,76473,66414,65685,65862,66365,65754
840,1,1,16,76786,76349,75597,75543,76177,69473,68293,68873,68492,68322,77044,76344,75817,76307,75901,65956,65225,65419,65926,65296
841,0,1,16,77344,76908,76142,76101,76747,69929,68754,69322,68947,68773,77604,76906,76389,76894,76464,66403,65670,65865,66360,65740
842,1,1,16,76811,76361,75606,75549,76205,69504,68328,68880,68506,68352,77067,76357,75823,76328,75925,65970,65254,65419,65941,65315
843,0,1,16,77386,76937,76173,76108,76771,69959,68785,69323,68958,68805,77646,76928,76406,76900,76490,66407,65696,65859,66379,65759
844,1,1,16,76781,76340,75584,75539,76182,69487,68308,68864,68485,68324,77038,76344,75835,76313,75917,65961,65240,65408,65921,65293
845,0,1,16,77376,76919,76160,76104,76784,69950,68779,69347,68958,68800,77628,76934,76421,76902,76503,66426,65688,65880,66394,65761
846,1,1,16,76798,76382,75605,75571,76195,69491,68328,68882,68494,68336,77069,76368,75840,76322,75938,65986,65256,65429,65943,65306
847,0,1,16,77366,76941,76165,76121,76759,69923,68773,69331,68935,68774,77628,76920,76405,76880,76481,66408,65676,65860,66376,65736
848,1,1,16,76780,76374,75594,75550,76184,69481,68322,68874,68491,68320,77066,76355,75831,76309,75910,65968,65242,65425,65912,65299
849,0,1,16,77376,76942,76171,76109,76767,69933,68774,69333,68959,68784,77653,76934,76410,76891,76498,66422,65689,65880,66373,65758
850,1,1,16,76790,76372,75609,75562,76188,69487,68307,68877,68485,68323,77078,76350,75833,76304,75905,65970,65243,65427,65931,65308
851,0,1,16,77387,76950,76193,76139,76786,69946,68776,69348,68957,68797,77668,76955,76428,76899,76489,66425,65685,65876,66388,65763
852,1,1,16,76786,76358,75594,75574,76188,69493,68305,68887,68486,68323,77078,76351,75835,76320,75911,65960,65245,65430,65931,65316
853,0,1,16,77377,76949,76171,76144,76787,69962,68781,69369,68955,68799,77667,76940,76437,76913,76485,66421,65707,65892,66400,65774
854,1,1,16,76785,76372,75580,75566,76191,69486,68297,68883,68482,68334,77074,76336,75850,76316,75923,65954,65258,65424,65922,65320
855,0,1,16,77366,76946,76128,76124,76758,69935,68752,69341,68934,68788,77639,76921,76407,76885,76488,66409,65697,65872,66358,65753
856,1,1,16,76814,76383,75595,75551,76190,69493,68306,68892,68488,68342,77084,76371,75853,76324,75924,65970,65269,65426,65949,65324
857,0,1,16,77394,76949,76175,76129,76775,69940,68768,69357,68935,68796,77661,76941,76435,76898,76492,66413,65711,65873,66397,65771
858,1,1,16,76773,76366,75580,75571,76182,69468,68293,68869,68482,68334,77056,76353,75817,76294,75922,65941,65223,65404,65926,65299
859,0,1,16,77375,76945,76155,76125,76766,69933,68768,69346,68963,68818,77639,76932,76415,76883,76500,66412,65685,65862,66393,65760
860,1,1,16,76792,76351,75561,75560,76195,69485,68297,68876,68484,68326,77058,76356,75826,76307,75928,65956,65233,65421,65915,65301
861,0,1,16,77375,76933,76146,76130,76776,69940,68761,69343,68951,68792,77634,76931,76405,76888,76501,66407,65675,65862,66375,65749
862,1,1,16,76798,76363,75601,75547,76181,69487,68295,68885,68495,68347,77055,76341,75829,76303,75923,65960,65243,65423,65933,65304
863,0,1,16,77365,76920,76148,76108,76753,69937,68750,69322,68944,68796,77618,76903,76404,76870,76478,66396,65677,65867,66379,65747
864,1,1,16,76803,76364,75575,75555,76178,69489,68278,68877,68470,68315,77047,76354,75835,76309,75927,65948,65234,65430,65929,65315
865,0,1,16,77400,76946,76159,76130,76769,69939,68749,69342,68947,68786,77639,76940,76425,76894,76506,66410,65689,65891,66399,65777
866,1,1,16,76804,76381,75602,75578,76202,69484,68297,68891,68507,68332,77082,76368,75843,76316,75933,65955,65241,65424,65951,65323
867,0,1,16,77366,76938,76154,76127,76778,69932,68750,69341,68967,68795,77644,76928,76417,76888,76483,66397,65687,65856,66385,65773
868,1,1,16,76783,76366,75592,75560,76186,69481,68289,68885,68474,68328,77041,76352,75842,76291,75908,65960,65230,65411,65928,65309
869,0,1,16,77375,76942,76162,76146,76775,69947,68761,69352,68953,68784,77630,76948,76422,76877,76492,66417,65695,65872,66383,65776
870,1,1,16,76774,76342,75584,75567,76176,69481,68291,68878,68481,68329,77052,76347,75843,76303,75921,65960,65242,65431,65928,65328
871,0,1,16,77369,76939,76162,76138,76775,69948,68763,69355,68955,68797,77651,76944,76439,76892,76507,66418,65704,65882,66392,65782
872,1,1,16,76792,76364,75599,75548,76180,69488,68295,68886,68480,68329,77068,76358,75845,76299,75924,65961,65237,65432,65937,65317
873,0,1,16,77372,76936,76152,76111,76757,69930,68750,69342,68935,68774,77629,76926,76410,76869,76482,66408,65689,65871,66371,65752
874,1,1,16,76791,76347,75577,75561,76176,69479,68285,68886,68479,68315,77055,76350,75815,76313,75924,65957,65230,65398,65910,65297
875,0,1,16,77372,76922,76149,76122,76757,69930,68756,69345,68946,68787,77644,76933,76409,76899,76503,66412,65684,65862,66362,65750
876,1,1,16,76788,76356,75617,75570,76202,69479,68303,68883,68505,68324,77069,76359,75851,76311,75933,65973,65234,65425,65917,65321
877,0,1,16,77370,76929,76181,76136,76778,69938,68765,69344,68964,68786,77639,76947,76433,76892,76490,66415,65680,65870,66370,65771
878,1,1,16,76780,76335,75592,75559,76190,69476,68296,68882,68499,68330,77067,76362,75823,76308,75918,65948,65222,65417,65911,65304
879,0,1,16,77388,76929,76158,76138,76774,69950,68772,69357,68965,68808,77651,76951,76420,76888,76513,66411,65692,65881,66375,65768
880,1,1,16,76759,76341,75580,75555,76184,69473,68284,68883,68477,68327,77053,76345,75811,76293,75910,65939,65223,65402,65894,65289
881,0,1,16,77368,76922,76153,76132,76763,69918,68768,69362,68950,68799,77650,76931,76398,76882,76491,66396,65688,65855,66363,65744
882,1,1,16,76808,76357,75578,75561,76195,69489,68308,68890,68491,68330,77063,76353,75831,76322,75936,65970,65237,65428,65940,65321
883,0,1,16,77383,76927,76141,76116,76753,69929,68756,69341,68948,68795,77612,76930,76404,76896,76494,66417,65671,65884,66387,65771
884,1,1,16,76794,76378,75584,75579,76184,69477,68296,68889,68483,68319,77067,76341,75819,76316,75930,65962,65234,65425,65924,65309
885,0,1,16,77380,76954,76140,76138,76761,69945,68764,69353,68941,68784,77658,76928,76406,76894,76513,66414,65687,65877,66389,65773
886,1,1,16,76765,76348,75578,75565,76161,69464,68275,68867,68451,68299,77047,76334,75795,76303,75912,65941,65223,65419,65911,65295
887,0,1,16,77356,76934,76149,76134,76752,69924,68748,69332,68934,68766,77629,76935,76391,76896,76484,66394,65673,65863,66383,65758
888,1,1,16,76766,76346,75561,75566,76186,69482,68301,68864,68487,68309,77048,76351,75819,76308,75913,65950,65220,65417,65915,65294
889,0,1,16,77348,76924,76133,76122,76761,69933,68757,69326,68953,68780,77631,76920,76401,76884,76484,66400,65666,65872,66387,65745
890,1,1,16,76786,76373,75595,75589,76214,69484,68314,68886,68514,68333,77078,76369,75834,76322,75923,65980,65243,65434,65959,65312
891,0,1,16,77369,76952,76160,76146,76786,69954,68774,69350,68970,68791,77644,76940,76408,76896,76491,66412,65685,65879,66404,65761
892,1,1,16,76748,76346,75571,75556,76174,69465,68280,68861,68487,68309,77054,76332,75814,76286,75901,65933,65217,65405,65916,65305
893,0,1,16,77359,76943,76156,76142,76771,69943,68766,69337,68965,68790,77645,76926,76420,76893,76500,66406,65686,65888,66380,65778
894,1,1,16,76769,76368,75584,75569,76190,69489,68325,68893,68497,68344,77060,76369,75821,76326,75928,65969,65233,65431,65946,65321
895,0,1,16,77356,76940,76161,76133,76777,69951,68787,69351,68952,68810,77651,76948,76403,76906,76504,66432,65686,65894,66398,65775
896,1,1,16,76782,76360,75612,75568,76194,69489,68312,68868,68497,68348,77059,76344,75818,76325,75932,65961,65241,65431,65955,65323
897,0,1,16,77365,76947,76181,76132,76776,69946,68775,69332,68941,68809,77625,76929,76396,76894,76502,66422,65691,65881,66410,65778
898,1,1,16,76779,76346,75577,75567,76183,69484,68296,68881,68475,68336,77067,76350,75817,76330,75919,65960,65217,65424,65923,65303
899,0,1,16,77363,76913,76145,76130,76761,69931,68759,69334,68948,68794,77628,76932,76398,76900,76496,66410,65671,65876,66383,65750
900,1,1,16,76789,76364,75592,75576,76187,69507,68311,68889,68499,68322,77082,76380,75836,76324,75929,65977,65250,65447,65940,65328
901,0,1,16,77364,76935,76146,76139,76773,69954,68770,69348,68952,68791,77649,76953,76419,76913,76501,66431,65683,65891,66386,65770
902,1,1,16,76757,76318,75570,75555,76166,69485,68307,68861,68477,68305,77044,76339,75812,76296,75913,65954,65217,65397,65911,65307
903,0,1,16,77360,76901,76154,76128,76761,69939,68780,69334,68940,68775,77631,76940,76404,76892,76489,66411,65673,65866,66371,65766
904,1,1,16,76773,76349,75599,75587,76202,69492,68334,68899,68503,68338,77068,76371,75832,76323,75947,65979,65248,65447,65946,65342
905,0,1,16,77377,76941,76175,76153,76793,69954,68813,69368,68970,68813,77652,76961,76407,76921,76517,66430,65710,65910,66410,65799
906,1,1,16,76788,76359,75602,75597,76195,69488,68342,68886,68498,68352,77066,76382,75846,76333,75945,65987,65254,65443,65941,65333
907,0,1,16,77368,76930,76177,76154,76778,69945,68797,69350,68964,68804,77643,76953,76422,76912,76512,66430,65695,65896,66390,65782
908,1,1,16,76764,76342,75576,75558,76184,69466,68317,68860,68469,68318,77033,76355,75811,76312,75927,65955,65226,65414,65917,65305
909,0,1,16,77360,76927,76152,76132,76788,69936,68789,69336,68972,68799,77636,76945,76415,76918,76504,66414,65691,65879,66387,65764
910,1,1,16,76747,76333,75587,75568,76177,69448,68289,68851,68491,68308,77046,76355,75807,76292,75910,65955,65207,65418,65924,65310
911,0,1,16,77350,76925,76169,76141,76783,69924,68758,69329,68966,68781,77634,76938,76410,76885,76494,66413,65671,65865,66392,65766
912,1,1,16,76772,76350,75589,75561,76179,69459,68293,68849,68483,68316,77046,76355,75808,76286,75930,65966,65210,65419,65927,65308
913,0,1,16,77363,76924,76170,76134,76775,69921,68762,69325,68952,68793,77629,76936,76403,76885,76510,66421,65669,65889,66380,65781
914,1,1,16,76779,76345,75586,75562,76199,69480,68303,68869,68483,68323,77045,76355,75827,76317,75916,65976,65235,65406,65918,65316
915,0,1,16,77371,76921,76145,76133,76774,69941,68769,69330,68957,68790,77618,76937,76401,76889,76489,66426,65682,65865,66378,65767
916,1,1,16,76774,76354,75589,75558,76179,69462,68303,68860,68485,68328,77029,76349,75817,76311,75927,65961,65230,65430,65934,65316
917,0,1,16,77362,76942,76162,76131,76768,69933,68767,69331,68967,68787,77632,76937,76412,76899,76505,66418,65689,65877,66387,65764
918,1,1,16,76773,76337,75584,75564,76175,69474,68296,68863,68481,68313,77043,76357,75819,76299,75925,65955,65231,65429,65904,65300
919,0,1,16,77366,76922,76155,76139,76772,69932,68771,69343,68961,68782,77636,76950,76416,76898,76505,66410,65680,65875,66364,65758
920,1,1,16,76766,76360,75606,75563,76196,69487,68313,68870,68482,68329,77040,76357,75835,76312,75933,65952,65229,65433,65932,65324
921,0,1,16,77362,76928,76169,76149,76777,69950,68774,69333,68956,68800,77629,76933,76417,76910,76510,66397,65684,65890,66382,65778
922,1,1,16,76785,76371,75595,75576,76194,69481,68313,68873,68509,68323,77065,76352,75841,76338,75930,65979,65245,65451,65911,65329
923,0,1,16,77377,76956,76163,76143,76774,69943,68777,69349,68968,68793,77645,76938,76421,76922,76500,66426,65696,65890,66379,65778
924,1,1,16,76769,76339,75580,75566,76181,69463,68307,68869,68496,68308,77055,76331,75823,76307,75919,65952,65223,65409,65913,65321
925,0,1,16,77367,76934,76159,76131,76766,69943,68774,69332,68968,68775,77635,76916,76417,76894,76496,66405,65681,65864,66374,65774
926,1,1,16,76791,76368,75594,75574,76200,69483,68312,68890,68508,68314,77090,76362,75834,76320,75950,65965,65249,65442,65952,65328
927,0,1,16,77370,76933,76157,76137,76776,69944,68766,69345,68965,68779,77655,76932,76419,76896,76508,66409,65690,65875,66389,65778
928,1,1,16,76768,76348,75576,75562,76189,69480,68293,68855,68498,68317,77064,76363,75819,76323,75939,65952,65234,65431,65922,65331
929,0,1,16,77359,76915,76142,76118,76766,69934,68746,69322,68955,68782,77636,76934,76413,76901,76510,66397,65665,65877,66379,65775
930,1,1,16,76819,76372,75607,75590,76220,69509,68334,68895,68519,68341,77087,76384,75861,76350,75969,65986,65272,65459,65947,65343
931,0,1,16,77388,76933,76173,76141,76785,69956,68787,69343,68962,68795,77655,76938,76432,76919,76527,66433,65710,65904,66395,65785
932,1,1,16,76773,76360,75570,75559,76168,69476,68309,68872,68489,68308,77067,76354,75821,76312,75925,65961,65221,65433,65926,65311
933,0,1,16,77366,76934,76153,76138,76757,69953,68768,69338,68957,68784,77641,76945,76391,76897,76515,66420,65681,65890,66391,65777
934,1,1,16,76799,76369,75601,75584,76183,69495,68328,68886,68511,68347,77079,76367,75817,76337,75959,65985,65260,65456,65935,65336
935,0,1,16,77383,76939,76159,76137,76757,69947,68783,69346,68973,68809,77650,76935,76397,76912,76531,66435,65707,65900,66380,65775
936,1,1,16,76785,76357,75613,75568,76182,69481,68327,68894,68511,68327,77057,76372,75823,76337,75951,65986,65257,65437,65940,65346
937,0,1,16,77390,76932,76187,76136,76769,69949,68781,69361,68979,68797,77639,76955,76410,76916,76525,66436,65712,65889,66398,65786
938,1,1,16,76778,76353,75580,75562,76192,69476,68320,68875,68495,68310,77059,76351,75809,76332,75936,65956,65243,65434,65914,65312
939,0,1,16,77370,76918,76139,76107,76766,69928,68771,69327,68949,68769,77625,76935,76388,76903,76499,66398,65692,65867,66360,65754
940,1,1,16,76775,76347,75583,75559,76171,69475,68294,68880,68486,68315,77043,76364,75817,76317,75942,65960,65228,65439,65933,65315
941,0,1,16,77358,76925,76138,76122,76745,69933,68751,69337,68966,68773,77619,76944,76396,76891,76509,66402,65677,65891,66383,65765
942,1,1,16,76781,76350,75589,75569,76174,69483,68307,68875,68499,68316,77043,76345,75810,76301,75934,65972,65238,65425,65927,65309
943,0,1,16,77366,76918,76156,76130,76755,69938,68767,69338,68956,68780,77617,76930,76394,76887,76504,66422,65690,65879,66365,65769
944,1,1,16,76801,76373,75607,75586,76186,69490,68321,68879,68513,68332,77073,76381,75839,76346,75946,65996,65230,65448,65941,65318
945,0,1,16,77387,76943,76165,76152,76757,69944,68784,69354,68979,68806,77649,76956,76411,76926,76514,66442,65677,65895,66401,65773
946,1,1,16,76774,76354,75582,75579,76173,69477,68299,68880,68495,68313,77062,76358,75818,76319,75936,65979,65234,65426,65924,65298
947,0,1,16,77366,76924,76164,76147,76760,69946,68771,69348,68964,68789,77633,76940,76395,76900,76510,66434,65690,65885,66379,65759
948,1,1,16,76752,76330,75574,75540,76159,69464,68285,68856,68458,68303,77020,76330,75774,76285,75914,65938,65196,65391,65890,65278
949,0,1,16,77352,76921,76156,76126,76759,69926,68766,69335,68931,68772,77610,76920,76378,76888,76508,66408,65660,65850,66353,65746
950,1,1,16,76782,76359,75595,75572,76176,69472,68311,68864,68480,68315,77060,76361,75808,76307,75930,65959,65222,65419,65917,65301
951,0,1,16,77367,76923,76152,76127,76757,69915,68768,69320,68931,68772,77624,76928,76384,76888,76499,66402,65665,65861,66363,65750
952,1,1,16,76775,76347,75594,75579,76171,69474,68301,68875,68488,68321,77049,76342,75809,76328,75918,65954,65225,65418,65923,65309
953,0,1,16,77367,76921,76147,76138,76758,69933,68762,69334,68952,68783,77619,76927,76384,76902,76499,66400,65668,65859,66374,65757
954,1,1,16,76770,76331,75572,75564,76182,69461,68296,68855,68464,68293,77059,76348,75813,76300,75912,65933,65208,65412,65929,65283
955,0,1,16,77363,76919,76137,76140,76770,69931,68762,69333,68928,68770,77638,76936,76396,76884,76488,66400,65667,65876,66381,65747
956,1,1,16,76769,76355,75590,75564,76178,69467,68317,68877,68491,68319,77066,76331,75813,76304,75930,65958,65222,65406,65935,65314
957,0,1,16,77363,76930,76150,76133,76762,69918,68775,69340,68954,68790,77634,76919,76395,76892,76494,66401,65672,65862,66381,65759
958,1,1,16,76752,76333,75574,75549,76160,69450,68290,68847,68468,68294,77038,76325,75799,76301,75912,65947,65218,65391,65907,65277
959,0,1,16,77357,76934,76171,76141,76766,69936,68768,69334,68959,68791,77633,76924,76410,76912,76502,66418,65673,65861,66375,65750
960,1,1,16,76770,76372,75592,75566,76196,69481,68323,68886,68490,68323,77062,76355,75818,76309,75926,65962,65243,65431,65924,65314
961,0,1,16,77359,76927,76162,76122,76763,69944,68770,69338,68959,68782,77640,76927,76403,76882,76487,66399,65696,65872,66376,65758
962,1,1,16,76781,76360,75597,75567,76207,69484,68310,68874,68494,68325,77059,76358,75821,76302,75933,65971,65247,65420,65935,65311
963,0,1,16,77387,76947,76181,76146,76804,69952,68785,69352,68983,68811,77660,76953,76423,76894,76510,66428,65710,65883,66405,65778
964,1,1,16,76780,76351,75585,75571,76188,69459,68299,68886,68495,68327,77061,76361,75824,76301,75922,65949,65233,65420,65925,65307
965,0,1,16,77382,76938,76161,76157,76780,69938,68765,69347,68967,68800,77646,76954,76421,76895,76497,66403,65687,65878,66378,65764
966,1,1,16,76784,76403,75612,75587,76210,69493,68326,68896,68510,68353,77072,76372,75831,76322,75944,65982,65251,65439,65936,65344
967,0,1,16,77377,76971,76175,76155,76785,69954,68785,69363,68979,68810,77659,76957,76401,76897,76504,66425,65698,65882,66396,65785
968,1,1,16,76787,76384,75608,75590,76209,69477,68315,68867,68495,68343,77075,76369,75830,76324,75940,65962,65232,65417,65921,65306
969,0,1,16,77357,76946,76162,76143,76771,69935,68773,69321,68952,68789,77645,76933,76400,76887,76487,66406,65678,65858,66359,65756
970,1,1,16,76785,76371,75592,75568,76174,69465,68297,68851,68464,68311,77040,76345,75804,76297,75921,65961,65222,65405,65897,65308
971,0,1,16,77363,76948,76163,76142,76758,69912,68761,69322,68935,68778,77614,76925,76395,76879,76498,66409,65673,65858,66358,65762
972,1,1,16,76791,76366,75583,75578,76172,69481,68304,68866,68474,68346,77053,76348,75830,76303,75921,65953,65231,65423,65917,65307
973,0,1,16,77369,76916,76139,76130,76737,69927,68760,69321,68936,68794,77626,76917,76403,76865,76482,66400,65672,65855,66359,65749
974,1,1,16,76808,76358,75599,75583,76188,69488,68322,68877,68487,68354,77079,76374,75828,76316,75951,65972,65227,65422,65925,65321
975,0,1,16,77371,76931,76161,76137,76763,69938,68780,69330,68950,68802,77645,76925,76411,76884,76509,66407,65680,65868,66362,65756
976,1,1,16,76755,76357,75577,75553,76170,69468,68286,68851,68467,68326,77051,76334,75829,76290,75905,65969,65211,65405,65908,65307
977,0,1,16,77360,76945,76162,76133,76762,69938,68760,69328,68954,68800,77641,76930,76432,76891,76487,66424,65667,65868,66382,65776
978,1,1,16,76767,76358,75579,75556,76179,69456,68308,68865,68480,68319,77067,76336,75828,76298,75925,65960,65222,65409,65907,65312
979,0,1,16,77373,76943,76162,76141,76771,69932,68788,69343,68958,68790,77650,76944,76431,76895,76510,66430,65683,65883,66384,65779
980,1,1,16,76758,76349,75589,75561,76171,69442,68301,68847,68457,68315,77045,76337,75821,76291,75919,65945,65219,65403,65907,65294
981,0,1,16,77344,76917,76145,76113,76747,69895,68751,69293,68919,68761,77609,76899,76386,76861,76466,66385,65661,65849,66357,65734
982,1,1,16,76780,76346,75580,75558,76177,69441,68305,68841,68493,68330,77058,76337,75826,76304,75932,65947,65216,65414,65904,65307
983,0,1,16,77350,76930,76141,76118,76753,69890,68754,69307,68936,68772,77625,76911,76403,76873,76480,66394,65658,65849,66346,65744
984,1,1,16,76761,76356,75576,75532,76185,69462,68288,68851,68463,68303,77045,76325,75811,76290,75929,65951,65208,65390,65903,65289
985,0,1,16,77352,76923,76140,76097,76759,69925,68750,69317,68923,68773,77619,76906,76387,76874,76499,66399,65662,65852,66363,65744
986,1,1,16,76784,76383,75591,75565,76188,69469,68314,68866,68475,68331,77056,76345,75822,76302,75940,65972,65226,65422,65917,65309
987,0,1,16,77374,76945,76156,76124,76763,69937,68772,69336,68942,68797,77633,76918,76410,76877,76504,66418,65674,65870,66375,65755
988,1,1,16,76771,76328,75592,75553,76178,69459,68301,68872,68483,68326,77045,76345,75829,76297,75942,65973,65222,65410,65931,65310
989,0,1,16,77356,76921,76161,76126,76775,69937,68769,69345,68944,68794,77619,76929,76419,76882,76513,66438,65671,65868,66395,65757
990,1,1,16,76786,76361,75595,75555,76196,69470,68314,68869,68489,68341,77037,76340,75828,76305,75942,65959,65208,65412,65923,65316
991,0,1,16,77370,76945,76169,76119,76778,69935,68775,69340,68958,68807,77610,76924,76416,76892,76504,66409,65668,65870,66373,65763
992,1,1,16,76776,76358,75574,75557,76186,69472,68306,68866,68477,68310,77072,76337,75819,76303,75922,65951,65211,65412,65919,65306
993,0,1,16,77368,76935,76146,76124,76762,69917,68765,69337,68948,68791,77634,76913,76398,76878,76490,66392,65660,65865,66362,65764
994,1,1,16,76752,76347,75578,75565,76183,69465,68299,68876,68478,68316,77065,76344,75824,76298,75934,65973,65221,65407,65920,65302
995,0,1,16,77348,76930,76146,76130,76772,69940,68762,69352,68948,68783,77651,76926,76410,76879,76510,66427,65677,65859,66377,65757
996,1,1,16,76763,76370,75587,75569,76183,69473,68303,68879,68479,68314,77062,76348,75820,76303,75943,65979,65230,65424,65945,65318
997,0,1,16,77356,76960,76167,76155,76778,69948,68778,69357,68957,68795,77657,76938,76422,76901,76535,66439,65695,65886,66403,65785
998,1,1,16,76773,76377,75578,75574,76184,69492,68302,68879,68491,68339,77071,76353,75822,76311,75940,65973,65230,65407,65930,65320
999,0,1,16,77360,76945,76141,76133,76764,69939,68757,69345,68961,68804,77642,76936,76412,76895,76514,66425,65682,65860,66389,65775
1000,1,1,16,76762,76364,75587,75558,76179,69434,68294,68871,68475,68337,77048,76348,75811,76301,75941,65963,65208,65402,65919,65303
1001,0,1,16,77361,76953,76163,76140,76784,69917,68760,69348,68965,68823,77637,76936,76417,76896,76527,66427,65668,65873,66382,65763
1002,1,1,16,76792,76386,75610,75584,76203,69479,68319,68895,68518,68350,77062,76368,75838,76313,75948,65981,65239,65425,65932,65319
1003,0,1,16,77363,76958,76167,76136,76775,69927,68772,69340,68968,68803,77634,76941,76416,76874,76514,66421,65681,65866,66381,65766
1004,1,1,16,76768,76353,75583,75556,76186,69471,68284,68867,68469,68321,77032,76339,75818,76292,75927,65943,65214,65414,65909,65306
1005,0,1,16,77360,76915,76142,76120,76757,69921,68741,69330,68920,68779,77612,76908,76409,76856,76492,66377,65656,65855,66360,65743
1006,1,1,16,76798,76376,75606,75572,76193,69488,68316,68895,68508,68352,77059,76372,75832,76325,75961,65978,65234,65431,65927,65324
1007,0,1,16,77377,76944,76178,76129,76780,69944,68766,69348,68961,68815,77639,76946,76415,76893,76519,66421,65684,65875,66376,65777
1008,1,1,16,76782,76366,75594,75572,76194,69470,68294,68883,68503,68338,77056,76355,75835,76314,75943,65972,65238,65429,65921,65310
1009,0,1,16,77338,76913,76134,76110,76751,69907,68735,69339,68942,68796,77608,76915,76405,76874,76489,66402,65673,65855,66362,65746
1010,1,1,16,76783,76360,75602,75550,76182,69484,68307,68870,68491,68344,77058,76354,75837,76328,75931,65962,65228,65421,65929,65302
1011,0,1,16,77372,76929,76167,76108,76763,69936,68766,69339,68959,68802,77635,76920,76402,76904,76496,66414,65669,65872,66382,65760
1012,1,1,16,76787,76374,75592,75561,76187,69482,68308,68872,68486,68328,77054,76348,75832,76318,75928,65970,65245,65426,65914,65313
1013,0,1,16,77376,76927,76152,76120,76757,69940,68752,69326,68958,68782,77621,76916,76404,76897,76489,66422,65673,65866,66367,65753
1014,1,1,16,76782,76371,75582,75566,76194,69471,68312,68871,68470,68337,77037,76349,75820,76317,75937,65954,65219,65408,65912,65302
1015,0,1,16,77371,76927,76150,76128,76769,69943,68771,69341,68935,68800,77610,76932,76407,76899,76508,66398,65667,65859,66369,65760
1016,1,1,16,76772,76343,75586,75570,76192,69477,68299,68865,68473,68318,77044,76350,75821,76303,75924,65967,65216,65426,65899,65295
1017,0,1,16,77371,76920,76157,76136,76780,69937,68759,69336,68943,68784,77627,76934,76408,76892,76499,66419,65674,65880,66352,65746
1018,1,1,16,76781,76342,75589,75560,76208,69463,68298,68879,68465,68317,77061,76346,75835,76310,75915,65957,65213,65429,65906,65293
1019,0,1,16,77370,76918,76167,76138,76782,69920,68777,69343,68942,68797,77641,76924,76424,76899,76505,66412,65662,65885,66370,65748
1020,1,1,16,76781,76358,75579,75565,76179,69462,68295,68851,68476,68333,77053,76344,75822,76289,75918,65957,65210,65394,65890,65300
1021,0,1,16,77363,76918,76133,76120,76746,69923,68751,69313,68930,68785,77620,76929,76401,76861,76484,66389,65646,65849,66335,65746
1022,1,1,16,76806,76378,75599,75593,76211,69481,68316,68887,68507,68341,77085,76378,75852,76318,75956,65986,65240,65444,65942,65334
1023,0,1,16,77381,76935,76157,76130,76766,69926,68766,69342,68952,68806,77642,76942,76419,76880,76503,66422,65669,65874,66394,65777
1024,1,1,16,76793,76341,75585,75576,76182,69487,68314,68879,68488,68338,77070,76346,75831,76302,75940,65961,65221,65418,65923,65309
1025,0,1,16,77380,76916,76150,76137,76758,69941,68788,69339,68951,68808,77642,76927,76405,76896,76513,66413,65670,65871,66383,65758
1026,1,1,16,76787,76336,75591,75569,76171,69467,68305,68877,68480,68326,77071,76350,75825,76307,75947,65952,65229,65430,65919,65315
1027,0,1,16,77372,76898,76152,76129,76744,69924,68767,69339,68940,68789,77648,76918,76404,76898,76512,66397,65671,65879,66368,65764
1028,1,1,16,76790,76333,75582,75556,76187,69470,68304,68872,68480,68331,77063,76346,75828,76295,75932,65953,65212,65420,65917,65323
1029,0,1,16,77377,76909,76161,76124,76767,69926,68765,69323,68955,68790,77646,76928,76411,76878,76494,66411,65661,65868,66361,65768
1030,1,1,16,76773,76348,75582,75557,76176,69471,68298,68870,68494,68327,77063,76352,75825,76298,75920,65948,65218,65417,65916,65322
1031,0,1,16,77390,76932,76168,76159,76775,69945,68765,69349,68965,68815,77652,76944,76427,76899,76513,66407,65681,65882,66379,65793
1032,1,1,16,76783,76364,75600,75579,76180,69472,68319,68874,68498,68335,77066,76349,75835,76300,75930,65972,65229,65419,65926,65318
1033,0,1,16,77358,76933,76169,76129,76757,69916,68774,69316,68952,68801,77638,76937,76408,76880,76501,66399,65668,65847,66366,65752
1034,1,1,16,76793,76351,75599,75557,76186,69491,68308,68884,68493,68348,77051,76366,75830,76302,75954,65965,65236,65427,65927,65327
1035,0,1,16,77377,76927,76169,76122,76763,69939,68770,69332,68945,68800,77632,76941,76404,76881,76521,66415,65691,65885,66378,65784
1036,1,1,16,76790,76331,75591,75564,76181,69459,68304,68877,68491,68316,77058,76349,75831,76305,75937,65956,65221,65426,65912,65317
1037,0,1,16,77374,76923,76157,76129,76765,69920,68765,69338,68951,68784,77641,76937,76411,76876,76509,66408,65667,65873,66365,65770
1038,1,1,16,76774,76318,75591,75554,76163,69473,68301,68874,68483,68309,77064,76357,75834,76312,75916,65952,65224,65414,65914,65305
1039,0,1,16,77380,76898,76167,76122,76766,69945,68770,69334,68951,68782,77646,76944,76415,76907,76495,66417,65686,65869,66367,65762
1040,1,1,16,76766,76322,75587,75550,76153,69487,68293,68870,68474,68308,77055,76341,75807,76284,75924,65950,65205,65406,65902,65306
1041,0,1,16,77348,76881,76138,76102,76731,69937,68738,69324,68934,68752,77620,76913,76379,76858,76477,66377,65650,65848,66340,65739
1042,1,1,16,76766,76322,75580,75553,76144,69469,68299,68867,68482,68305,77055,76345,75809,76302,75940,65951,65219,65399,65888,65298
1043,0,1,16,77370,76910,76137,76131,76740,69932,68763,69340,68956,68770,77639,76921,76392,76878,76504,66404,65669,65857,66354,65749
1044,1,1,16,76785,76336,75591,75571,76169,69470,68301,68861,68492,68309,77062,76346,75819,76298,75929,65956,65229,65412,65900,65326
1045,0,1,16,77359,76903,76158,76130,76739,69928,68748,69314,68950,68770,77615,76905,76394,76874,76493,66406,65661,65849,66341,65766
1046,1,1,16,76780,76340,75590,75571,76170,69477,68305,68857,68480,68313,77060,76338,75820,76294,75934,65966,65211,65401,65900,65326
1047,0,1,16,77370,76917,76160,76147,76771,69945,68782,69335,68956,68795,77652,76940,76409,76887,76516,66426,65672,65866,66365,65783
1048,1,1,16,76768,76358,75570,75568,76153,69471,68290,68861,68480,68303,77058,76340,75808,76294,75909,65956,65218,65415,65910,65311
1049,0,1,16,77364,76939,76152,76133,76735,69926,68759,69325,68943,68767,77641,76917,76388,76869,76477,66397,65671,65858,66361,65782
1050,1,1,16,76788,76374,75590,75580,76189,69478,68316,68883,68492,68315,77063,76341,75819,76326,75945,65964,65238,65407,65910,65334
1051,0,1,16,77362,76946,76141,76131,76760,69925,68759,69328,68953,68774,77628,76912,76385,76889,76486,66394,65675,65850,66352,65769
1052,1,1,16,76781,76347,75586,75567,76188,69476,68303,68853,68494,68316,77056,76349,75812,76322,75940,65960,65224,65401,65918,65333
1053,0,1,16,77354,76913,76156,76131,76761,69926,68757,69316,68941,68777,77628,76911,76383,76890,76492,66411,65665,65855,66378,65777
1054,1,1,16,76788,76372,75601,75582,76192,69472,68310,68877,68490,68337,77066,76344,75818,76300,75948,65970,65232,65417,65926,65325
1055,0,1,16,77379,76933,76183,76147,76769,69938,68776,69335,68963,68805,77640,76921,76412,76877,76525,66416,65671,65871,66384,65771
1056,1,1,16,76781,76348,75580,75552,76180,69482,68312,68878,68509,68319,77040,76339,75806,76291,75938,65967,65224,65419,65926,65317
1057,0,1,16,77366,76927,76156,76104,76745,69941,68780,69336,68979,68780,77620,76925,76393,76873,76518,66414,65675,65869,66384,65765
1058,1,1,16,76755,76333,75575,75544,76163,69451,68288,68839,68472,68306,77029,76325,75804,76293,75918,65956,65202,65400,65913,65281
1059,0,1,16,77364,76924,76157,76117,76767,69931,68776,69327,68950,68789,77610,76925,76404,76879,76491,66417,65668,65875,66378,65754
1060,1,1,16,76765,76346,75574,75547,76166,69468,68299,68869,68479,68324,77060,76336,75823,76302,75914,65963,65217,65409,65928,65307
1061,0,1,16,77361,76925,76148,76112,76740,69928,68768,69328,68955,68801,77639,76919,76401,76893,76489,66410,65667,65863,66380,65763
1062,1,1,16,76774,76337,75587,75549,76176,69451,68302,68864,68484,68319,77048,76347,75817,76291,75937,65955,65218,65407,65914,65315
1063,0,1,16,77380,76921,76164,76116,76763,69918,68767,69330,68949,68800,77627,76914,76401,76877,76509,66403,65662,65864,66380,65769
1064,1,1,16,76789,76321,75585,75550,76185,69456,68294,68859,68485,68317,77047,76340,75811,76295,75934,65959,65225,65413,65927,65329
1065,0,1,16,77389,76916,76162,76127,76782,69944,68772,69337,68959,68802,77646,76931,76414,76888,76516,66421,65688,65883,66392,65797
1066,1,1,16,76770,76316,75573,75542,76149,69448,68285,68851,68458,68320,77013,76323,75816,76290,75909,65949,65222,65411,65926,65317
1067,0,1,16,77365,76922,76148,76124,76760,69912,68761,69325,68935,68794,77609,76923,76417,76883,76490,66418,65671,65867,66382,65773
1068,1,1,16,76767,76321,75565,75566,76170,69453,68276,68850,68477,68312,77038,76335,75821,76288,75924,65951,65213,65413,65924,65323
1069,0,1,16,77352,76895,76141,76130,76748,69915,68737,69317,68931,68769,77613,76915,76400,76869,76494,66394,65653,65863,66376,65774
1070,1,1,16,76757,76320,75565,75552,76168,69450,68279,68841,68466,68305,77028,76324,75796,76283,75927,65939,65207,65408,65913,65318
1071,0,1,16,77342,76906,76138,76138,76762,69905,68743,69313,68941,68777,77608,76902,76392,76881,76500,66388,65654,65857,66366,65758
1072,1,1,16,76754,76334,75583,75570,76182,69456,68282,68870,68493,68305,77035,76342,75808,76319,75934,65953,65210,65420,65941,65322
1073,0,1,16,77335,76903,76147,76131,76760,69930,68743,69335,68961,68785,77610,76925,76391,76898,76498,66407,65662,65867,66378,65770
1074,1,1,16,76778,76328,75575,75575,76173,69478,68289,68871,68487,68316,77025,76342,75814,76306,75929,65962,65207,65423,65921,65314
1075,0,1,16,77358,76900,76136,76134,76754,69918,68746,69338,68950,68775,77606,76920,76393,76885,76485,66407,65657,65864,66375,65755
1076,1,1,16,76784,76356,75584,75572,76189,69462,68294,68866,68494,68328,77052,76352,75807,76310,75936,65957,65218,65417,65929,65325
1077,0,1,16,77370,76947,76167,76135,76769,69921,68766,69327,68961,68786,77628,76930,76395,76890,76512,66411,65662,65858,66380,65769
1078,1,1,16,76782,76347,75587,75557,76188,69464,68288,68881,68483,68307,77060,76343,75792,76307,75934,65959,65217,65424,65925,65320
1079,0,1,16,77354,76927,76155,76111,76763,69914,68739,69336,68941,68747,77631,76918,76392,76890,76501,66400,65662,65856,66366,65776
1080,1,1,16,76797,76363,75616,75567,76185,69478,68299,68887,68494,68315,77057,76343,75833,76337,75944,65982,65211,65415,65946,65321
1081,0,1,16,77377,76929,76166,76122,76746,69915,68752,69332,68966,68771,77608,76903,76400,76883,76505,66421,65656,65869,66383,65763
1082,1,1,16,76775,76351,75585,75562,76176,69460,68314,68882,68488,68324,77056,76344,75820,76324,75940,65963,65193,65423,65931,65323
1083,0,1,16,77352,76920,76150,76130,76754,69906,68776,69336,68958,68799,77615,76916,76398,76896,76507,66411,65646,65867,66382,65772
1084,1,1,16,76768,76353,75579,75554,76169,69454,68308,68869,68475,68314,77050,76346,75796,76316,75924,65958,65213,65414,65918,65306
1085,0,1,16,77360,76924,76154,76132,76757,69908,68766,69339,68946,68785,77632,76928,76396,76910,76499,66422,65666,65870,66369,65766
1086,1,1,16,76787,76363,75580,75579,76193,69474,68302,68888,68507,68348,77073,76373,75833,76335,75954,65968,65228,65435,65943,65320
1087,0,1,16,77371,76935,76146,76144,76777,69932,68757,69344,68961,68802,77652,76946,76425,76922,76521,66418,65677,65883,66393,65773
1088,1,1,16,76755,76342,75586,75565,76165,69446,68288,68864,68464,68324,77042,76350,75808,76323,75923,65947,65203,65417,65930,65295
1089,0,1,16,77369,76932,76159,76150,76756,69922,68761,69334,68944,68806,77620,76940,76403,76930,76503,66417,65673,65869,66398,65759
1090,1,1,16,76748,76322,75564,75527,76151,69453,68264,68842,68465,68318,77028,76326,75800,76289,75907,65948,65191,65402,65912,65295
1091,0,1,16,77361,76927,76148,76123,76757,69929,68741,69326,68939,68806,77629,76935,76398,76885,76501,66420,65655,65876,66388,65763
1092,1,1,16,76781,76331,75576,75551,76166,69447,68280,68860,68481,68334,77052,76344,75823,76324,75931,65946,65210,65413,65920,65329
1093,0,1,16,77360,76895,76125,76108,76740,69908,68736,69314,68935,68797,77636,76924,76409,76899,76489,66394,65657,65869,66366,65768
1094,1,1,16,76787,76326,75559,75562,76164,69451,68276,68858,68464,68319,77061,76332,75823,76321,75922,65949,65222,65412,65908,65305
1095,0,1,16,77364,76918,76134,76135,76759,69926,68757,69332,68930,68784,77628,76908,76410,76904,76493,66402,65666,65869,66371,65758
1096,1,1,16,76787,76354,75585,75569,76171,69463,68302,68874,68485,68337,77043,76349,75819,76332,75928,65957,65224,65425,65930,65324
1097,0,1,16,77366,76923,76138,76125,76748,69914,68757,69331,68937,68809,77640,76930,76398,76908,76492,66402,65671,65868,66376,65765
1098,1,1,16,76770,76348,75585,75570,76177,69458,68299,68874,68456,68328,77061,76344,75823,76305,75937,65946,65214,65418,65926,65310
1099,0,1,16,77366,76927,76141,76145,76754,69919,68771,69343,68939,68788,77643,76922,76409,76894,76512,66402,65659,65864,66376,65764
1100,1,1,16,76770,76338,75580,75547,76167,69463,68283,68878,68482,68328,77034,76336,75828,76318,75937,65949,65197,65398,65911,65291
1101,0,1,16,77354,76912,76140,76102,76737,69908,68743,69325,68939,68782,77606,76912,76413,76899,76501,66393,65647,65837,66361,65737
1102,1,1,16,76773,76351,75578,75550,76172,69466,68284,68872,68486,68336,77045,76337,75818,76318,75925,65955,65225,65407,65922,65295
1103,0,1,16,77340,76912,76145,76121,76740,69917,68738,69336,68946,68802,77613,76911,76403,76895,76494,66395,65664,65844,66362,65742
1104,1,1,16,76763,76351,75584,75572,76185,69471,68293,68895,68486,68339,77041,76340,75835,76332,75930,65951,65237,65431,65939,65317
1105,0,1,16,77356,76915,76143,76126,76760,69928,68751,69349,68931,68790,77623,76917,76406,76910,76488,66402,65679,65884,66381,65752
1106,1,1,16,76760,76319,75559,75548,76182,69463,68286,68879,68453,68321,77025,76322,75824,76316,75925,65950,65202,65408,65905,65298
1107,0,1,16,77349,76901,76134,76109,76747,69914,68742,69335,68926,68779,77609,76908,76402,76895,76491,66396,65654,65864,66351,65760
1108,1,1,16,76769,76336,75551,75561,76165,69480,68286,68883,68472,68318,77029,76336,75843,76298,75944,65951,65218,65418,65928,65296
1109,0,1,16,77376,76918,76139,76137,76766,69950,68758,69356,68948,68793,77629,76921,76421,76884,76524,66413,65669,65878,66405,65759
1110,1,1,16,76794,76354,75595,75573,76187,69486,68313,68893,68489,68339,77043,76360,75842,76334,75953,65963,65227,65427,65936,65315
1111,0,1,16,77385,76927,76167,76148,76768,69955,68779,69355,68953,68817,77630,76947,76430,76930,76539,66425,65691,65893,66394,65783
1112,1,1,16,76802,76376,75608,75575,76190,69497,68324,68907,68503,68369,77060,76364,75854,76338,75953,65992,65246,65453,65964,65334
1113,0,1,16,77392,76960,76172,76148,76771,69960,68795,69369,68969,68838,77630,76948,76445,76919,76522,66436,65695,65905,66422,65796
1114,1,1,16,76816,76385,75606,75595,76197,69494,68323,68908,68492,68360,77063,76368,75860,76339,75957,65991,65256,65451,65951,65342
1115,0,1,16,77389,76944,76164,76141,76773,69951,68767,69358,68942,68810,77632,76929,76430,76919,76523,66427,65694,65898,66397,65793
1116,1,1,16,76811,76367,75613,75582,76209,69484,68319,68893,68462,68361,77062,76375,75840,76322,75964,65982,65251,65445,65951,65337
1117,0,1,16,77387,76930,76173,76139,76785,69939,68783,69360,68927,68826,77632,76951,76418,76892,76540,66417,65693,65894,66406,65782
1118,1,1,16,76783,76357,75600,75560,76175,69474,68288,68884,68468,68333,77048,76352,75834,76321,75931,65955,65230,65425,65924,65296
1119,0,1,16,77383,76941,76168,76126,76757,69938,68760,69346,68935,68798,77628,76923,76419,76911,76508,66404,65688,65875,66385,65757
1120,1,1,16,76790,76379,75595,75575,76189,69488,68310,68894,68494,68341,77051,76363,75847,76350,75961,65970,65251,65426,65956,65310
1121,0,1,16,77383,76957,76171,76132,76761,69946,68778,69354,68948,68797,77633,76948,76429,76918,76529,66413,65704,65876,66407,65765
1122,1,1,16,76820,76394,75620,75580,76199,69496,68331,68897,68497,68351,77079,76376,75846,76338,75958,65987,65266,65435,65968,65331
1123,0,1,16,77413,76966,76208,76163,76810,69960,68795,69363,68977,68827,77674,76959,76440,76933,76542,66442,65728,65893,66422,65796
1124,1,1,16,76780,76346,75583,75550,76175,69472,68297,68872,68463,68314,77052,76331,75825,76303,75941,65946,65230,65403,65937,65288
1125,0,1,16,77368,76911,76160,76120,76760,69932,68764,69338,68928,68786,77614,76910,76414,76879,76499,66404,65689,65863,66401,65744
1126,1,1,16,76787,76363,75623,75583,76186,69489,68312,68896,68472,68342,77063,76357,75850,76323,75956,65969,65251,65439,65945,65317
1127,0,1,16,77371,76934,76182,76137,76761,69933,68772,69351,68938,68791,77626,76930,76423,76902,76526,66416,65695,65868,66393,65755
1128,1,1,16,76789,76366,75587,75574,76209,69473,68315,68885,68464,68333,77043,76364,75826,76303,75964,65958,65247,65418,65941,65318
1129,0,1,16,77384,76953,76172,76142,76789,69931,68775,69354,68955,68815,77622,76953,76426,76897,76527,66409,65699,65878,66394,65776
1130,1,1,16,76770,76364,75599,75569,76201,69482,68306,68885,68480,68335,77055,76364,75837,76323,75938,65957,65247,65416,65941,65327
1131,0,1,16,77357,76941,76164,76130,76784,69937,68760,69352,68929,68784,77634,76938,76425,76905,76501,66408,65689,65860,66383,65767
1132,1,1,16,76776,76359,75571,75559,76182,69471,68295,68877,68466,68341,77032,76342,75819,76306,75954,65944,65233,65407,65925,65306
1133,0,1,16,77384,76946,76150,76145,76777,69939,68772,69351,68951,68818,77630,76939,76415,76902,76541,66416,65703,65880,66403,65782
1134,1,1,16,76788,76371,75575,75578,76176,69478,68295,68882,68475,68321,77032,76342,75843,76313,75939,65955,65234,65428,65928,65311
1135,0,1,16,77375,76951,76144,76148,76766,69934,68760,69345,68933,68785,77618,76934,76412,76904,76513,66408,65684,65877,66381,65768
1136,1,1,16,76760,76359,75578,75562,76175,69478,68274,68875,68462,68314,77032,76335,75827,76319,75945,65957,65233,65422,65920,65305
1137,0,1,16,77363,76936,76156,76140,76773,69947,68748,69338,68949,68788,77622,76927,76417,76907,76526,66402,65681,65875,66389,65767
1138,1,1,16,76772,76353,75586,75549,76182,69471,68297,68878,68472,68317,77033,76351,75814,76313,75923,65957,65225,65426,65917,65302
1139,0,1,16,77362,76933,76164,76135,76772,69942,68765,69355,68947,68796,77637,76929,76398,76903,76497,66419,65681,65881,66374,65773
1140,1,1,16,76786,76354,75601,75552,76176,69478,68286,68877,68472,68314,77042,76341,75837,76309,75960,65971,65236,65429,65928,65329
1141,0,1,16,77375,76947,76171,76119,76767,69934,68758,69349,68934,68790,77618,76917,76423,76897,76531,66415,65678,65885,66400,65774
1142,1,1,16,76773,76341,75567,75535,76170,69453,68272,68853,68437,68298,77032,76333,75817,76306,75928,65939,65229,65408,65905,65313
1143,0,1,16,77345,76910,76130,76092,76724,69896,68729,69315,68902,68752,77603,76898,76392,76880,76485,66379,65660,65842,66355,65747
1144,1,1,16,76774,76349,75603,75560,76189,69481,68311,68895,68485,68317,77062,76351,75838,76335,75962,65955,65247,65433,65959,65325
1145,0,1,16,77360,76919,76170,76118,76761,69937,68766,69340,68942,68776,77636,76919,76418,76901,76515,66407,65678,65882,66401,65763
1146,1,1,16,76751,76358,75575,75548,76167,69455,68281,68860,68461,68291,77043,76314,75807,76302,75921,65942,65206,65398,65923,65297
1147,0,1,16,77354,76941,76154,76115,76757,69929,68747,69333,68929,68769,77620,76899,76389,76885,76484,66384,65667,65845,66371,65752
1148,1,1,16,76785,76376,75587,75559,76189,69480,68311,68883,68483,68314,77058,76328,75816,76312,75923,65938,65217,65418,65935,65301
1149,0,1,16,77359,76935,76152,76123,76777,69924,68777,69341,68941,68769,77626,76902,76391,76889,76486,66384,65662,65872,66387,65754
1150,1,1,16,76784,76356,75588,75574,76196,69471,68320,68863,68480,68325,77039,76341,75827,76312,75924,65950,65234,65427,65945,65311
1151,0,1,16,77387,76936,76162,76142,76780,69937,68786,69341,68955,68805,77626,76936,76415,76910,76508,66414,65696,65882,66405,65770
1152,1,1,16,76766,76346,75572,75549,76190,69466,68301,68850,68468,68321,77044,76335,75815,76311,75931,65956,65214,65422,65928,65306
1153,0,1,16,77346,76931,76148,76123,76762,69925,68761,69318,68937,68782,77606,76921,76387,76897,76494,66406,65660,65877,66383,65768
1154,1,1,16,76756,76354,75566,75532,76167,69437,68289,68854,68457,68303,77039,76322,75821,76291,75921,65932,65204,65397,65909,65300
1155,0,1,16,77346,76921,76129,76106,76752,69918,68756,69322,68922,68772,77605,76911,76415,76877,76491,66390,65661,65848,66372,65746
1156,1,1,16,76773,76352,75582,75569,76182,69473,68323,68878,68480,68339,77061,76351,75833,76330,75951,65959,65236,65428,65958,65319
1157,0,1,16,77368,76944,76169,76139,76770,69945,68788,69347,68944,68820,77650,76947,76422,76919,76526,66432,65696,65897,66419,65794
1158,1,1,16,76781,76347,75564,75552,76168,69463,68299,68862,68477,68324,77026,76332,75825,76318,75932,65951,65211,65397,65925,65304
1159,0,1,16,77357,76923,76145,76126,76760,69924,68769,69324,68945,68782,77604,76917,76406,76903,76499,66400,65671,65853,66381,65765
1160,1,1,16,76775,76337,75573,75556,76184,69458,68310,68869,68477,68315,77050,76350,75815,76330,75930,65943,65211,65409,65924,65311
1161,0,1,16,77374,76919,76151,76148,76778,69944,68784,69342,68961,68799,77629,76949,76426,76928,76523,66410,65679,65894,66393,65785
1162,1,1,16,76770,76354,75587,75573,76175,69481,68292,68874,68483,68328,77046,76343,75832,76334,75959,65953,65227,65410,65940,65318
1163,0,1,16,77352,76926,76154,76128,76751,69941,68763,69332,68942,68792,77625,76926,76403,76897,76525,66393,65659,65858,66399,65763
1164,1,1,16,76771,76362,75591,75571,76199,69487,68306,68884,68486,68339,77069,76374,75830,76330,75953,65957,65224,65445,65946,65318
1165,0,1,16,77366,76923,76163,76135,76772,69948,68777,69347,68953,68805,77638,76952,76409,76911,76524,66399,65665,65899,66396,65779
1166,1,1,16,76775,76353,75596,75560,76172,69470,68310,68887,68502,68340,77047,76364,75833,76323,75934,65954,65214,65425,65924,65309
1167,0,1,16,77366,76933,76156,76135,76756,69933,68776,69345,68969,68794,77634,76939,76420,76927,76515,66413,65661,65876,66381,65773
1168,1,1,16,76766,76347,75573,75560,76175,69464,68308,68864,68472,68300,77048,76358,75809,76338,75936,65944,65223,65402,65910,65315
1169,0,1,16,77347,76917,76145,76125,76745,69925,68774,69326,68932,68760,77624,76931,76399,76918,76508,66393,65672,65852,66375,65756
1170,1,1,16,76762,76354,75599,75573,76176,69474,68305,68872,68484,68333,77035,76366,75836,76343,75955,65956,65212,65418,65943,65317
1171,0,1,16,77366,76935,76168,76147,76770,69936,68776,69345,68960,68806,77617,76945,76415,76917,76537,66413,65675,65874,66395,65777
1172,1,1,16,76746,76334,75581,75563,76153,69470,68267,68865,68463,68322,77043,76342,75817,76305,75954,65946,65202,65405,65931,65287
1173,0,1,16,77347,76913,76159,76133,76738,69938,68740,69334,68945,68794,77621,76922,76414,76893,76524,66394,65657,65859,66380,65754
1174,1,1,16,76770,76339,75587,75580,76178,69479,68307,68884,68489,68321,77069,76365,75838,76328,75957,65954,65232,65433,65943,65325
1175,0,1,16,77347,76901,76156,76123,76746,69927,68762,69341,68936,68787,77622,76927,76412,76893,76520,66394,65665,65877,66387,65771
1176,1,1,16,76776,76344,75575,75576,76170,69463,68308,68881,68480,68343,77052,76360,75844,76322,75957,65961,65223,65418,65936,65326
1177,0,1,16,77364,76905,76150,76114,76754,69920,68771,69336,68938,68797,77620,76929,76421,76910,76517,66396,65664,65868,66374,65763
1178,1,1,16,76794,76354,75612,75593,76196,69502,68332,68893,68504,68363,77077,76369,75850,76335,75971,65978,65255,65427,65956,65331
1179,0,1,16,77369,76915,76167,76139,76769,69957,68781,69343,68950,68815,77628,76935,76419,76905,76528,66418,65694,65870,66403,65777
1180,1,1,16,76788,76346,75596,75575,76184,69472,68305,68883,68470,68326,77066,76354,75823,76318,75942,65954,65231,65420,65949,65313
1181,0,1,16,77371,76917,76170,76129,76762,69924,68773,69339,68931,68795,77636,76927,76402,76897,76511,66406,65682,65867,66383,65762
1182,1,1,16,76764,76328,75575,75560,76150,69465,68300,68862,68468,68328,77025,76341,75807,76311,75958,65944,65210,65404,65921,65301
1183,0,1,16,77359,76925,76151,76132,76744,69936,68777,69331,68937,68808,77612,76920,76402,76904,76536,66412,65665,65874,66391,65760
1184,1,1,16,76771,76342,75590,75554,76160,69469,68300,68859,68460,68312,77040,76338,75818,76310,75945,65938,65212,65399,65918,65306
1185,0,1,16,77364,76912,76172,76136,76745,69932,68773,69327,68937,68781,77616,76918,76410,76911,76525,66402,65661,65853,66375,65769
1186,1,1,16,76766,76336,75590,75572,76168,69468,68304,68861,68471,68330,77052,76322,75821,76308,75947,65951,65218,65403,65916,65315
1187,0,1,16,77358,76898,76155,76129,76739,69912,68753,69312,68932,68788,77622,76897,76391,76890,76508,66405,65653,65847,66358,65750
1188,1,1,16,76789,76336,75578,75574,76179,69466,68300,68865,68482,68332,77054,76330,75836,76320,75940,65974,65230,65401,65928,65310
1189,0,1,16,77369,76919,76159,76139,76753,69934,68765,69329,68947,68801,77638,76910,76416,76908,76517,66424,65682,65855,66392,65759
1190,1,1,16,76771,76336,75570,75564,76171,69468,68296,68870,68472,68337,77048,76334,75815,76294,75938,65950,65217,65403,65915,65307
1191,0,1,16,77354,76915,76137,76120,76739,69921,68755,69333,68932,68796,77614,76923,76396,76878,76509,66402,65661,65851,66368,65765
1192,1,1,16,76755,76333,75567,75550,76158,69442,68290,68859,68456,68325,77033,76329,75821,76303,75928,65929,65211,65399,65920,65303
1193,0,1,16,77356,76924,76155,76133,76751,69925,68756,69328,68942,68810,77637,76916,76413,76898,76506,66391,65673,65861,66389,65760
1194,1,1,16,76754,76332,75571,75548,76165,69457,68295,68854,68463,68336,77046,76311,75806,76306,75933,65930,65225,65404,65918,65312
1195,0,1,16,77342,76907,76138,76114,76731,69919,68763,69311,68922,68797,77626,76897,76384,76881,76510,66389,65676,65856,66364,65772
1196,1,1,16,76777,76333,75597,75562,76183,69478,68300,68863,68472,68324,77049,76340,75813,76319,75931,65956,65234,65414,65931,65315
1197,0,1,16,77358,76902,76166,76144,76759,69936,68764,69321,68945,68795,77629,76926,76390,76907,76500,66404,65689,65865,66383,65766
1198,1,1,16,76756,76349,75587,75561,76166,69460,68287,68849,68479,68315,77044,76350,75805,76316,75924,65958,65225,65415,65924,65306
1199,0,1,16,77355,76927,76157,76135,76741,69934,68745,69320,68956,68780,77621,76927,76398,76896,76497,66405,65680,65862,66380,65770
