rep,heat_enabled,transmitter_bit,transmitter_mask,ctrl_0_ro_0,ctrl_0_ro_1,ctrl_0_ro_2,ctrl_0_ro_3,ctrl_0_ro_4,ctrl_1_ro_0,ctrl_1_ro_1,ctrl_1_ro_2,ctrl_1_ro_3,ctrl_1_ro_4,ctrl_2_ro_0,ctrl_2_ro_1,ctrl_2_ro_2,ctrl_2_ro_3,ctrl_2_ro_4,ctrl_3_ro_0,ctrl_3_ro_1,ctrl_3_ro_2,ctrl_3_ro_3,ctrl_3_ro_4
0,1,1,16,76759,76314,75529,75523,76164,69459,68260,68833,68438,68295,77018,76323,75789,76265,75881,65934,65194,65388,65883,65265
1,0,1,16,77349,76898,76101,76101,76747,69934,68718,69304,68896,68760,77597,76900,76370,76847,76451,66386,65654,65843,66342,65720
2,1,1,16,76792,76322,75550,75561,76190,69484,68276,68837,68454,68309,77014,76332,75806,76278,75893,65945,65214,65409,65904,65284
3,0,1,16,77369,76891,76121,76113,76764,69937,68739,69302,68902,68771,77598,76910,76380,76850,76467,66394,65665,65865,66357,65728
4,1,1,16,76792,76325,75555,75550,76184,69489,68287,68838,68449,68318,77025,76344,75811,76276,75901,65938,65212,65408,65908,65278
5,0,1,16,77344,76884,76113,76106,76741,69927,68739,69290,68894,68763,77585,76903,76373,76830,76463,66372,65656,65840,66348,65723
6,1,1,16,76795,76329,75568,75552,76180,69470,68291,68841,68451,68317,77021,76345,75833,76293,75902,65932,65210,65403,65912,65285
7,0,1,16,77349,76894,76123,76104,76736,69925,68740,69298,68916,68758,77582,76903,76387,76850,76467,66370,65645,65844,66363,65721
8,1,1,16,76809,76362,75595,75579,76212,69508,68321,68878,68485,68351,77039,76371,75849,76316,75935,65956,65223,65425,65936,65300
9,0,1,16,77364,76907,76141,76112,76768,69944,68760,69320,68926,68791,77613,76925,76410,76870,76483,66390,65661,65857,66374,65742
10,1,1,16,76798,76344,75589,75555,76198,69487,68312,68860,68493,68343,77039,76361,75837,76305,75917,65950,65224,65417,65927,65291
11,0,1,16,77382,76915,76147,76119,76767,69944,68762,69326,68952,68800,77618,76932,76414,76882,76478,66395,65663,65877,66380,65745
12,1,1,16,76809,76337,75578,75546,76200,69486,68311,68859,68489,68338,77046,76354,75823,76296,75915,65940,65221,65414,65921,65293
13,0,1,16,77374,76897,76125,76090,76765,69934,68744,69308,68938,68789,77609,76921,76394,76857,76473,66380,65643,65845,66354,65729
14,1,1,16,76792,76329,75556,75527,76186,69474,68292,68845,68477,68327,77021,76350,75829,76293,75900,65931,65201,65395,65899,65278
15,0,1,16,77352,76876,76101,76079,76740,69911,68725,69295,68917,68756,77580,76908,76393,76839,76448,66368,65637,65831,66334,65710
16,1,1,16,76792,76313,75554,75531,76182,69462,68296,68844,68464,68315,77024,76351,75830,76288,75897,65924,65199,65394,65895,65284
17,0,1,16,77376,76896,76132,76108,76767,69922,68748,69301,68920,68776,77596,76926,76398,76861,76476,66381,65670,65852,66357,65733
18,1,1,16,76792,76317,75567,75545,76194,69462,68294,68842,68475,68325,77014,76346,75818,76286,75900,65934,65226,65410,65904,65286
19,0,1,16,77340,76878,76114,76095,76736,69913,68732,69289,68916,68770,77583,76899,76389,76850,76458,66372,65651,65836,66337,65725
20,1,1,16,76802,76340,75579,75556,76189,69478,68300,68842,68473,68328,77028,76357,75829,76300,75919,65948,65223,65408,65907,65286
21,0,1,16,77355,76885,76117,76090,76737,69912,68741,69285,68919,68770,77579,76904,76380,76853,76460,66375,65646,65836,66344,65725
22,1,1,16,76798,76324,75572,75548,76184,69462,68295,68829,68474,68325,77017,76347,75810,76289,75905,65940,65214,65403,65892,65288
23,0,1,16,77379,76897,76133,76102,76760,69923,68749,69296,68926,68783,77598,76912,76383,76863,76468,66389,65670,65850,66354,65728
24,1,1,16,76807,76327,75577,75548,76189,69463,68294,68837,68472,68319,77028,76333,75815,76292,75902,65949,65227,65396,65902,65284
25,0,1,16,77374,76890,76138,76106,76747,69918,68752,69304,68917,68777,77589,76907,76387,76861,76468,66396,65676,65848,66356,65738
26,1,1,16,76791,76328,75573,75536,76174,69463,68294,68849,68458,68320,77005,76336,75809,76290,75902,65949,65234,65400,65908,65279
27,0,1,16,77356,76869,76115,76084,76736,69913,68734,69303,68914,68766,77567,76895,76372,76854,76450,66377,65662,65842,66339,65723
28,1,1,16,76797,76327,75563,75555,76188,69466,68296,68856,68484,68332,77017,76351,75822,76294,75905,65950,65225,65412,65913,65287
29,0,1,16,77362,76890,76121,76106,76747,69917,68749,69314,68931,68788,77590,76911,76391,76857,76456,66387,65676,65854,66353,65742
30,1,1,16,76800,76332,75577,75552,76196,69467,68303,68850,68475,68331,77016,76354,75819,76299,75891,65944,65237,65414,65909,65292
31,0,1,16,77358,76879,76116,76092,76748,69912,68744,69296,68918,68767,77570,76909,76378,76852,76447,66376,65668,65844,66337,65722
32,1,1,16,76797,76314,75564,75541,76182,69463,68301,68842,68474,68329,77002,76351,75807,76286,75901,65940,65227,65405,65904,65287
33,0,1,16,77374,76891,76123,76103,76754,69911,68750,69296,68920,68780,77587,76907,76383,76849,76448,66379,65670,65851,66347,65727
34,1,1,16,76806,76324,75560,75547,76185,69456,68309,68841,68480,68342,77002,76349,75814,76285,75889,65939,65238,65406,65919,65288
35,0,1,16,77357,76884,76114,76094,76748,69912,68750,69299,68930,68783,77566,76907,76381,76856,76442,66373,65673,65850,66353,65722
36,1,1,16,76787,76320,75559,75536,76190,69466,68301,68840,68486,68330,77013,76342,75814,76292,75880,65934,65217,65408,65901,65276
37,0,1,16,77368,76906,76130,76100,76758,69922,68751,69291,68933,68793,77604,76928,76383,76876,76461,66389,65660,65861,66367,65730
38,1,1,16,76806,76339,75580,75551,76200,69481,68312,68843,68477,68352,77019,76358,75828,76308,75908,65954,65224,65423,65928,65288
39,0,1,16,77360,76897,76132,76095,76761,69926,68751,69296,68935,68789,77584,76915,76394,76874,76471,66387,65662,65855,66369,65726
40,1,1,16,76803,76343,75569,75548,76195,69472,68308,68830,68493,68338,77012,76352,75822,76317,75917,65944,65223,65420,65926,65292
41,0,1,16,77374,76909,76136,76110,76769,69934,68759,69305,68954,68808,77591,76920,76414,76886,76477,66393,65670,65863,66368,65741
42,1,1,16,76783,76326,75567,75545,76188,69467,68295,68827,68488,68347,77009,76349,75811,76301,75903,65940,65219,65407,65909,65280
43,0,1,16,77347,76881,76116,76082,76746,69925,68739,69284,68932,68789,77577,76909,76387,76875,76459,66376,65665,65845,66350,65723
44,1,1,16,76788,76321,75573,75532,76191,69472,68292,68838,68491,68345,77008,76341,75825,76311,75900,65942,65230,65410,65908,65276
45,0,1,16,77355,76890,76115,76096,76747,69928,68747,69298,68943,68792,77582,76914,76396,76878,76457,66390,65671,65855,66358,65728
46,1,1,16,76788,76317,75575,75536,76186,69473,68301,68844,68490,68345,77005,76349,75833,76310,75903,65948,65231,65415,65912,65286
47,0,1,16,77367,76890,76138,76101,76758,69937,68757,69311,68939,68806,77592,76926,76394,76882,76477,66389,65666,65872,66356,65741
48,1,1,16,76809,76348,75598,75564,76212,69496,68319,68860,68500,68361,77028,76370,75840,76337,75926,65956,65236,65443,65919,65300
49,0,1,16,77372,76899,76148,76102,76747,69937,68757,69307,68940,68792,77585,76912,76396,76879,76480,66384,65664,65870,66368,65729
50,1,1,16,76790,76302,75572,75529,76174,69469,68296,68840,68479,68328,76994,76325,75821,76295,75896,65935,65212,65409,65914,65272
51,0,1,16,77362,76882,76128,76096,76748,69929,68746,69305,68932,68784,77579,76916,76405,76879,76459,66388,65668,65854,66355,65730
52,1,1,16,76790,76301,75554,75527,76171,69466,68287,68836,68474,68317,76998,76340,75820,76296,75881,65931,65218,65406,65886,65267
53,0,1,16,77379,76891,76133,76096,76762,69927,68756,69305,68942,68786,77578,76926,76405,76878,76461,66390,65674,65871,66345,65733
54,1,1,16,76779,76310,75563,75523,76176,69479,68303,68841,68486,68331,76992,76344,75807,76296,75887,65922,65214,65410,65888,65269
55,0,1,16,77359,76881,76126,76090,76749,69933,68763,69301,68942,68787,77582,76917,76385,76865,76448,66382,65662,65860,66338,65718
56,1,1,16,76781,76312,75571,75525,76177,69476,68306,68838,68486,68316,77003,76350,75816,76302,75882,65933,65208,65405,65881,65273
57,0,1,16,77368,76893,76140,76090,76749,69932,68771,69314,68953,68788,77593,76933,76409,76881,76470,66390,65668,65861,66346,65727
58,1,1,16,76795,76332,75570,75532,76188,69479,68311,68844,68482,68322,76997,76357,75820,76303,75893,65938,65218,65412,65893,65276
59,0,1,16,77359,76895,76118,76086,76752,69922,68760,69293,68925,68768,77565,76923,76386,76862,76456,66379,65651,65849,66319,65720
60,1,1,16,76806,76340,75568,75539,76197,69484,68323,68853,68493,68336,77021,76360,75819,76309,75907,65947,65213,65413,65883,65293
61,0,1,16,77377,76908,76129,76101,76765,69942,68772,69308,68939,68785,77596,76935,76401,76882,76479,66397,65660,65869,66337,65742
62,1,1,16,76786,76325,75559,75534,76183,69472,68305,68834,68468,68317,77001,76347,75816,76298,75902,65936,65208,65405,65883,65270
63,0,1,16,77364,76899,76125,76087,76757,69926,68762,69299,68913,68777,77582,76916,76398,76871,76473,66385,65639,65860,66329,65725
64,1,1,16,76786,76336,75568,75533,76194,69474,68311,68835,68465,68321,77008,76347,75823,76303,75908,65942,65198,65410,65900,65280
65,0,1,16,77358,76897,76125,76089,76751,69930,68761,69303,68930,68776,77585,76928,76400,76875,76473,66387,65654,65847,66357,65737
66,1,1,16,76785,76322,75561,75525,76184,69464,68305,68843,68480,68321,77005,76353,75821,76306,75904,65938,65212,65397,65901,65286
67,0,1,16,77352,76883,76115,76085,76746,69917,68749,69301,68926,68774,77579,76919,76385,76864,76467,66377,65649,65840,66339,65735
68,1,1,16,76788,76316,75565,75535,76190,69466,68302,68847,68482,68318,77004,76351,75822,76306,75903,65939,65212,65399,65899,65288
69,0,1,16,77358,76896,76130,76105,76759,69926,68754,69309,68930,68777,77580,76919,76395,76874,76469,66377,65667,65852,66355,65738
70,1,1,16,76798,76327,75555,75540,76180,69472,68291,68838,68473,68325,76996,76339,75825,76299,75901,65936,65217,65399,65905,65286
71,0,1,16,77373,76901,76123,76107,76757,69922,68747,69307,68931,68778,77574,76923,76408,76872,76476,66375,65662,65847,66347,65735
72,1,1,16,76802,76332,75565,75540,76188,69466,68303,68848,68483,68328,77006,76346,75831,76300,75905,65951,65221,65409,65911,65299
73,0,1,16,77374,76917,76137,76111,76770,69943,68755,69304,68949,68794,77589,76931,76413,76878,76477,66407,65666,65867,66354,65742
74,1,1,16,76802,76359,75576,75558,76201,69486,68313,68850,68501,68338,77023,76364,75849,76312,75918,65957,65229,65421,65915,65298
75,0,1,16,77349,76909,76106,76084,76736,69906,68739,69297,68925,68766,77555,76900,76389,76858,76445,66378,65644,65835,66339,65719
76,1,1,16,76801,76357,75579,75542,76181,69472,68310,68857,68492,68322,77000,76361,75836,76312,75904,65952,65222,65411,65908,65289
77,0,1,16,77375,76924,76128,76106,76752,69929,68757,69317,68937,68773,77570,76917,76405,76876,76462,66395,65665,65857,66354,65738
78,1,1,16,76794,76335,75567,75540,76178,69469,68304,68846,68475,68314,76991,76350,75818,76296,75899,65933,65207,65415,65892,65283
79,0,1,16,77372,76925,76137,76103,76752,69928,68768,69313,68945,68783,77576,76921,76410,76883,76472,66399,65660,65863,66351,65725
80,1,1,16,76782,76341,75555,75532,76162,69469,68300,68843,68478,68320,76987,76337,75816,76293,75879,65933,65200,65403,65883,65264
81,0,1,16,77364,76905,76120,76094,76740,69919,68742,69304,68934,68780,77566,76910,76386,76871,76451,66389,65651,65860,66332,65717
82,1,1,16,76773,76326,75562,75532,76173,69456,68293,68846,68479,68316,76983,76340,75807,76287,75877,65932,65196,65413,65883,65272
83,0,1,16,77357,76908,76117,76098,76744,69912,68752,69306,68935,68776,77570,76917,76392,76873,76448,66389,65638,65871,66343,65724
84,1,1,16,76786,76339,75561,75535,76178,69461,68300,68846,68484,68329,77001,76348,75821,76305,75890,65937,65200,65415,65891,65274
85,0,1,16,77365,76922,76133,76092,76752,69934,68760,69300,68932,68783,77573,76926,76404,76895,76463,66387,65637,65861,66345,65732
86,1,1,16,76783,76341,75559,75541,76182,69472,68312,68846,68480,68322,76992,76351,75816,76314,75891,65932,65195,65414,65897,65280
87,0,1,16,77372,76927,76129,76118,76765,69928,68767,69321,68941,68782,77583,76927,76399,76893,76468,66385,65652,65869,66346,65730
88,1,1,16,76803,76354,75585,75555,76198,69481,68323,68858,68489,68331,77017,76354,75830,76319,75904,65945,65199,65416,65899,65293
89,0,1,16,77362,76906,76120,76094,76743,69923,68765,69288,68926,68775,77581,76916,76402,76873,76460,66382,65633,65849,66332,65727
90,1,1,16,76792,76355,75570,75539,76193,69478,68321,68844,68485,68331,77004,76348,75825,76312,75898,65951,65208,65422,65896,65285
91,0,1,16,77353,76901,76118,76093,76757,69929,68770,69295,68928,68784,77561,76915,76410,76880,76453,66393,65661,65857,66337,65729
92,1,1,16,76796,76346,75568,75549,76194,69480,68323,68850,68490,68341,77016,76357,75840,76321,75901,65956,65222,65419,65908,65293
93,0,1,16,77354,76907,76115,76096,76745,69909,68750,69292,68931,68776,77561,76905,76393,76874,76453,66386,65645,65851,66336,65712
94,1,1,16,76808,76353,75571,75558,76193,69479,68321,68852,68501,68342,76994,76351,75836,76323,75908,65960,65216,65423,65906,65281
95,0,1,16,77376,76924,76134,76116,76760,69920,68774,69311,68945,68784,77571,76925,76407,76889,76473,66399,65662,65871,66360,65727
96,1,1,16,76802,76341,75570,75546,76191,69479,68315,68839,68491,68325,76982,76351,75820,76319,75908,65952,65217,65420,65901,65279
97,0,1,16,77386,76934,76143,76114,76772,69937,68776,69303,68958,68795,77580,76928,76399,76895,76479,66415,65666,65875,66355,65741
98,1,1,16,76799,76345,75577,75539,76199,69470,68311,68852,68494,68333,77001,76345,75813,76322,75911,65958,65222,65417,65907,65281
99,0,1,16,77372,76918,76127,76102,76763,69927,68763,69311,68940,68780,77560,76920,76394,76888,76471,66399,65666,65864,66348,65726
100,1,1,16,76779,76335,75544,75530,76174,69467,68303,68840,68473,68309,76967,76336,75817,76311,75887,65945,65202,65410,65903,65268
101,0,1,16,77367,76910,76120,76096,76753,69923,68759,69314,68930,68758,77563,76912,76393,76896,76469,66391,65653,65859,66357,65724
102,1,1,16,76802,76355,75569,75543,76191,69477,68316,68862,68488,68324,77002,76352,75824,76328,75915,65960,65222,65417,65917,65289
103,0,1,16,77374,76936,76121,76101,76763,69937,68768,69323,68940,68784,77563,76925,76404,76900,76488,66404,65663,65863,66369,65734
104,1,1,16,76800,76360,75577,75561,76204,69488,68318,68863,68490,68341,76988,76359,75845,76331,75922,65961,65219,65425,65926,65297
105,0,1,16,77359,76919,76119,76107,76758,69929,68762,69318,68932,68772,77565,76914,76391,76892,76477,66394,65649,65865,66353,65721
106,1,1,16,76788,76347,75559,75536,76179,69473,68308,68851,68476,68316,76968,76342,75812,76319,75901,65940,65193,65413,65902,65269
107,0,1,16,77368,76940,76126,76105,76752,69942,68766,69320,68921,68781,77549,76914,76398,76899,76474,66404,65652,65872,66352,65729
108,1,1,16,76793,76368,75564,75535,76182,69483,68303,68849,68475,68323,76979,76341,75817,76325,75897,65949,65202,65423,65901,65269
109,0,1,16,77372,76928,76132,76097,76765,69940,68762,69315,68949,68786,77578,76931,76403,76903,76477,66408,65646,65879,66356,65727
110,1,1,16,76786,76350,75569,75541,76190,69485,68314,68846,68492,68326,77001,76349,75817,76326,75902,65961,65201,65424,65908,65289
111,0,1,16,77360,76915,76123,76097,76746,69939,68758,69306,68942,68772,77565,76917,76385,76889,76467,66402,65638,65870,66354,65732
112,1,1,16,76801,76357,75584,75557,76184,69493,68326,68863,68503,68340,77016,76365,75831,76331,75905,65974,65206,65440,65917,65301
113,0,1,16,77348,76906,76131,76097,76757,69932,68765,69311,68946,68788,77570,76916,76395,76887,76468,66405,65647,65873,66361,65732
114,1,1,16,76789,76341,75576,75556,76192,69493,68319,68861,68505,68341,77002,76352,75831,76325,75912,65960,65214,65423,65926,65295
115,0,1,16,77354,76916,76126,76104,76760,69941,68758,69314,68951,68779,77572,76924,76397,76884,76476,66394,65653,65859,66365,65722
116,1,1,16,76782,76340,75566,75553,76187,69475,68311,68852,68495,68330,76993,76335,75819,76312,75909,65945,65203,65412,65905,65278
117,0,1,16,77354,76892,76116,76106,76742,69928,68751,69301,68937,68769,77551,76904,76393,76873,76472,66382,65642,65847,66354,65725
118,1,1,16,76790,76335,75568,75543,76172,69476,68308,68842,68485,68319,76995,76345,75832,76307,75908,65941,65206,65408,65907,65287
119,0,1,16,77370,76926,76137,76112,76752,69938,68772,69300,68955,68780,77575,76935,76406,76886,76476,66388,65662,65854,66367,65742
120,1,1,16,76793,76336,75561,75553,76185,69477,68315,68842,68497,68328,76997,76366,75829,76312,75911,65939,65208,65408,65912,65292
121,0,1,16,77345,76888,76105,76095,76749,69918,68756,69287,68934,68771,77553,76925,76389,76877,76460,66371,65634,65839,66350,65726
122,1,1,16,76777,76326,75561,75539,76175,69463,68313,68831,68470,68323,76999,76350,75824,76310,75905,65934,65195,65402,65911,65287
123,0,1,16,77375,76917,76144,76120,76763,69945,68782,69318,68942,68790,77586,76949,76420,76904,76492,66400,65659,65859,66368,65750
124,1,1,16,76789,76328,75573,75541,76196,69484,68317,68852,68485,68323,76989,76361,75834,76324,75916,65949,65213,65417,65915,65295
125,0,1,16,77352,76894,76133,76092,76751,69927,68762,69297,68941,68771,77563,76934,76404,76891,76472,66390,65659,65850,66348,65734
126,1,1,16,76786,76342,75570,75547,76183,69478,68315,68848,68489,68324,77001,76362,75830,76322,75906,65946,65223,65399,65903,65294
127,0,1,16,77363,76908,76139,76116,76756,69937,68776,69304,68949,68792,77581,76936,76405,76901,76477,66400,65671,65854,66359,65753
128,1,1,16,76780,76332,75573,75547,76176,69479,68315,68841,68488,68326,76990,76356,75821,76312,75897,65943,65215,65406,65901,65299
129,0,1,16,77346,76895,76115,76095,76729,69916,68757,69282,68932,68762,77545,76920,76389,76869,76455,66379,65645,65845,66335,65726
130,1,1,16,76806,76347,75586,75548,76200,69486,68332,68856,68495,68331,76997,76382,75848,76332,75920,65952,65225,65430,65916,65301
131,0,1,16,77361,76899,76122,76091,76762,69939,68769,69304,68940,68771,77552,76937,76398,76882,76472,66388,65663,65855,66365,65729
132,1,1,16,76798,76351,75580,75561,76201,69487,68327,68848,68502,68328,76996,76374,75847,76331,75918,65958,65223,65416,65914,65300
133,0,1,16,77365,76892,76132,76109,76749,69933,68773,69298,68939,68768,77566,76938,76409,76896,76477,66390,65652,65854,66350,65730
134,1,1,16,76785,76325,75586,75545,76179,69487,68325,68847,68488,68318,76994,76352,75825,76319,75906,65939,65205,65413,65914,65291
135,0,1,16,77343,76888,76125,76092,76734,69926,68772,69297,68927,68764,77566,76914,76396,76876,76464,66385,65652,65849,66348,65724
136,1,1,16,76791,76342,75576,75556,76191,69475,68328,68856,68485,68323,77011,76366,75829,76331,75923,65947,65221,65417,65914,65290
137,0,1,16,77372,76897,76125,76085,76753,69925,68775,69312,68926,68772,77568,76928,76406,76892,76488,66390,65656,65855,66352,65736
138,1,1,16,76806,76334,75581,75553,76199,69489,68335,68858,68489,68328,77008,76373,75845,76350,75935,65953,65230,65433,65913,65300
139,0,1,16,77361,76892,76122,76094,76734,69927,68760,69290,68924,68770,77567,76916,76394,76886,76464,66379,65650,65863,66333,65730
140,1,1,16,76783,76328,75574,75537,76178,69471,68318,68835,68477,68320,77010,76346,75835,76320,75901,65942,65218,65410,65895,65292
141,0,1,16,77359,76912,76141,76112,76747,69937,68772,69315,68930,68782,77585,76922,76409,76892,76474,66384,65670,65866,66353,65741
142,1,1,16,76790,76334,75587,75558,76182,69478,68325,68848,68484,68329,77007,76362,75836,76325,75904,65951,65230,65411,65904,65297
143,0,1,16,77345,76894,76132,76099,76742,69932,68772,69299,68927,68765,77565,76918,76397,76884,76454,66388,65657,65845,66350,65730
144,1,1,16,76787,76345,75577,75546,76184,69486,68334,68856,68489,68332,77013,76371,75831,76320,75906,65956,65224,65418,65920,65304
145,0,1,16,77335,76890,76111,76079,76731,69911,68770,69289,68917,68757,77558,76916,76387,76871,76444,66379,65648,65839,66344,65721
146,1,1,16,76772,76331,75553,75541,76168,69471,68323,68847,68473,68313,76994,76352,75822,76313,75900,65943,65214,65401,65901,65283
147,0,1,16,77341,76900,76112,76091,76727,69930,68767,69297,68916,68760,77573,76925,76406,76882,76458,66384,65653,65842,66351,65723
148,1,1,16,76775,76335,75563,75540,76174,69482,68324,68851,68468,68315,76998,76351,75826,76318,75893,65941,65221,65397,65905,65280
149,0,1,16,77350,76904,76120,76094,76741,69933,68780,69308,68926,68777,77561,76923,76401,76880,76462,66383,65657,65843,66350,65723
150,1,1,16,76792,76354,75582,75552,76188,69490,68341,68864,68493,68339,76991,76366,75837,76322,75915,65944,65226,65406,65914,65291
151,0,1,16,77351,76910,76134,76104,76739,69931,68780,69315,68936,68775,77561,76924,76403,76876,76448,66386,65659,65855,66349,65732
152,1,1,16,76782,76337,75561,75542,76173,69468,68330,68853,68485,68327,76992,76356,75820,76311,75897,65939,65216,65399,65899,65281
153,0,1,16,77348,76904,76111,76095,76736,69916,68767,69309,68931,68777,77551,76916,76385,76879,76452,66378,65655,65845,66337,65727
154,1,1,16,76785,76327,75562,75548,76173,69463,68313,68853,68483,68324,76984,76352,75820,76309,75891,65934,65225,65403,65894,65276
155,0,1,16,77365,76910,76128,76111,76757,69930,68773,69318,68948,68787,77579,76931,76409,76890,76477,66398,65678,65868,66361,65749
156,1,1,16,76779,76334,75561,75540,76182,69467,68318,68838,68483,68326,76997,76346,75822,76317,75901,65948,65229,65414,65900,65289
157,0,1,16,77357,76897,76135,76108,76751,69917,68772,69311,68928,68777,77565,76913,76396,76879,76474,66404,65677,65860,66357,65733
158,1,1,16,76800,76340,75577,75551,76188,69476,68321,68859,68484,68332,76990,76350,75823,76309,75900,65947,65226,65413,65913,65291
159,0,1,16,77367,76904,76133,76118,76755,69932,68776,69326,68945,68781,77563,76923,76395,76875,76458,66393,65675,65859,66360,65744
160,1,1,16,76797,76343,75583,75550,76183,69476,68334,68865,68496,68336,76993,76361,75824,76317,75903,65958,65228,65411,65906,65303
161,0,1,16,77380,76919,76145,76119,76760,69946,68787,69337,68958,68799,77588,76948,76403,76894,76486,66416,65683,65868,66373,65751
162,1,1,16,76802,76356,75579,75566,76203,69489,68328,68870,68502,68339,77002,76369,75840,76317,75909,65966,65235,65415,65920,65301
163,0,1,16,77368,76918,76128,76111,76766,69933,68777,69318,68950,68794,77578,76940,76406,76886,76464,66403,65670,65863,66354,65740
164,1,1,16,76787,76328,75561,75538,76188,69469,68291,68861,68477,68326,77023,76354,75817,76290,75902,65950,65202,65407,65896,65266
165,0,1,16,77353,76889,76111,76087,76749,69914,68746,69306,68923,68771,77593,76915,76376,76861,76455,66379,65639,65843,66342,65700
166,1,1,16,76784,76325,75567,75554,76191,69519,68296,68848,68457,68335,77017,76358,75825,76304,75904,65943,65221,65402,65918,65280
167,0,1,16,77347,76903,76139,76119,76769,69972,68762,69315,68926,68787,77592,76931,76394,76879,76488,66387,65666,65847,66365,65726
168,1,1,16,76786,76329,75582,75565,76183,69488,68316,68850,68476,68321,77021,76350,75799,76298,75886,65952,65208,65394,65915,65284
169,0,1,16,77380,76904,76152,76138,76772,69965,68774,69321,68946,68795,77616,76932,76386,76885,76475,66417,65662,65857,66380,65737
170,1,1,16,76774,76349,75581,75545,76200,69507,68305,68876,68478,68326,77041,76348,75837,76315,75924,65971,65210,65416,65938,65297
171,0,1,16,77346,76910,76145,76106,76767,69952,68750,69320,68921,68787,77606,76925,76406,76889,76481,66406,65661,65853,66372,65734
172,1,1,16,76778,76342,75549,75539,76177,69484,68285,68860,68462,68306,77023,76345,75799,76291,75910,65951,65213,65399,65890,65274
173,0,1,16,77384,76929,76136,76130,76789,69957,68773,69338,68940,68781,77628,76939,76407,76890,76500,66414,65671,65870,66364,65752
174,1,1,16,76795,76351,75569,75560,76187,69500,68316,68863,68475,68331,77022,76336,75815,76306,75906,65977,65236,65403,65926,65288
175,0,1,16,77375,76938,76139,76132,76775,69964,68784,69336,68956,68800,77616,76915,76418,76905,76489,66433,65693,65871,66385,65746
176,1,1,16,76772,76333,75561,75540,76171,69496,68298,68843,68457,68318,77022,76338,75798,76293,75889,65959,65217,65414,65906,65289
177,0,1,16,77374,76920,76150,76106,76755,69957,68767,69319,68929,68779,77604,76932,76384,76885,76470,66417,65670,65867,66368,65747
178,1,1,16,76784,76332,75568,75543,76178,69480,68294,68840,68455,68314,77033,76345,75810,76293,75904,65966,65204,65377,65930,65280
179,0,1,16,77383,76906,76146,76115,76750,69948,68767,69315,68928,68790,77609,76934,76387,76881,76477,66427,65652,65833,66381,65733
180,1,1,16,76773,76324,75575,75539,76160,69473,68294,68845,68473,68318,77025,76323,75820,76288,75908,65948,65219,65390,65896,65288
181,0,1,16,77368,76908,76153,76111,76751,69936,68757,69301,68930,68785,77608,76903,76411,76883,76485,66403,65667,65850,66365,65734
182,1,1,16,76784,76331,75563,75531,76189,69482,68301,68837,68459,68329,77019,76343,75808,76308,75897,65960,65223,65396,65929,65296
183,0,1,16,77364,76901,76129,76090,76769,69954,68764,69303,68928,68800,77605,76917,76384,76889,76469,66409,65680,65858,66382,65753
184,1,1,16,76775,76326,75557,75535,76155,69477,68285,68834,68434,68319,77016,76334,75810,76298,75903,65952,65213,65404,65914,65296
185,0,1,16,77369,76896,76127,76104,76748,69943,68751,69305,68908,68795,77605,76921,76410,76900,76484,66399,65662,65861,66368,65756
186,1,1,16,76789,76332,75568,75543,76173,69490,68308,68856,68455,68318,77025,76341,75795,76304,75902,65951,65213,65394,65931,65298
187,0,1,16,77362,76905,76141,76100,76757,69957,68769,69317,68924,68785,77598,76915,76380,76883,76477,66408,65665,65851,66381,65757
188,1,1,16,76794,76339,75567,75546,76183,69510,68314,68859,68455,68315,77049,76350,75825,76317,75922,65947,65218,65395,65930,65307
189,0,1,16,77362,76897,76128,76096,76751,69956,68756,69308,68902,68772,77615,76907,76393,76883,76476,66390,65652,65832,66371,65753
190,1,1,16,76782,76333,75569,75550,76175,69495,68295,68848,68451,68300,77036,76340,75824,76301,75919,65944,65206,65401,65902,65299
191,0,1,16,77356,76905,76130,76095,76740,69942,68750,69305,68918,68771,77609,76904,76396,76875,76476,66396,65652,65842,66366,65733
192,1,1,16,76772,76328,75568,75529,76173,69485,68299,68831,68456,68315,77022,76339,75810,76285,75897,65939,65220,65394,65914,65291
193,0,1,16,77352,76904,76132,76100,76740,69939,68763,69289,68917,68772,77605,76908,76391,76871,76465,66384,65656,65835,66369,65735
194,1,1,16,76783,76343,75569,75537,76167,69476,68294,68840,68450,68314,77033,76335,75799,76290,75904,65954,65217,65397,65906,65279
195,0,1,16,77385,76928,76150,76121,76776,69943,68776,69308,68919,68782,77608,76923,76401,76881,76490,66411,65686,65858,66375,65740
196,1,1,16,76782,76322,75558,75536,76171,69478,68293,68829,68450,68305,77031,76331,75803,76280,75900,65956,65224,65384,65914,65277
197,0,1,16,77347,76900,76115,76090,76730,69928,68738,69290,68899,68759,77587,76902,76385,76850,76460,66392,65666,65825,66353,65717
198,1,1,16,76792,76339,75581,75551,76173,69482,68294,68835,68467,68325,77039,76328,75832,76293,75922,65949,65229,65391,65908,65281
199,0,1,16,77363,76893,76138,76088,76735,69927,68752,69276,68909,68772,77602,76900,76387,76848,76470,66387,65671,65840,66351,65723
200,1,1,16,76781,76333,75559,75541,76168,69475,68289,68837,68447,68315,77026,76332,75818,76265,75892,65945,65217,65390,65905,65273
201,0,1,16,77366,76906,76125,76094,76751,69935,68741,69295,68913,68783,77603,76910,76392,76840,76466,66396,65666,65838,66359,65726
202,1,1,16,76761,76335,75557,75527,76161,69465,68268,68828,68433,68309,77011,76326,75800,76278,75898,65942,65217,65386,65893,65271
203,0,1,16,77362,76917,76131,76109,76747,69927,68745,69295,68910,68771,77577,76902,76392,76868,76476,66409,65668,65833,66350,65725
204,1,1,16,76784,76350,75561,75552,76190,69500,68307,68849,68468,68332,77046,76340,75826,76286,75919,65988,65230,65407,65929,65302
205,0,1,16,77369,76918,76133,76119,76770,69959,68768,69329,68937,68797,77624,76934,76408,76861,76493,66436,65689,65858,66381,65755
206,1,1,16,76792,76340,75559,75530,76175,69492,68280,68839,68453,68312,77023,76323,75815,76278,75900,65946,65234,65382,65907,65272
207,0,1,16,77375,76904,76112,76101,76751,69948,68728,69298,68925,68774,77595,76894,76391,76851,76459,66395,65667,65833,66355,65719
208,1,1,16,76759,76323,75547,75530,76167,69479,68276,68828,68428,68290,76999,76316,75795,76276,75889,65933,65197,65375,65897,65273
209,0,1,16,77364,76920,76127,76121,76764,69954,68758,69298,68908,68772,77602,76901,76400,76876,76472,66404,65657,65845,66372,65743
210,1,1,16,76783,76324,75572,75553,76169,69505,68291,68832,68440,68315,77023,76352,75799,76285,75906,65962,65220,65393,65914,65293
211,0,1,16,77361,76890,76134,76110,76750,69952,68750,69292,68902,68756,77591,76915,76376,76868,76471,66396,65663,65841,66373,65741
212,1,1,16,76773,76333,75561,75535,76168,69494,68301,68825,68445,68308,77017,76325,75818,76284,75907,65947,65218,65392,65910,65281
213,0,1,16,77353,76898,76121,76084,76745,69939,68747,69277,68910,68771,77585,76889,76385,76864,76459,66381,65656,65831,66349,65728
214,1,1,16,76764,76339,75571,75521,76173,69485,68288,68827,68442,68300,77048,76331,75805,76280,75902,65950,65218,65398,65919,65271
215,0,1,16,77351,76906,76134,76092,76748,69947,68754,69289,68907,68771,77621,76908,76383,76863,76461,66394,65660,65843,66372,65732
216,1,1,16,76774,76352,75570,75542,76172,69486,68279,68847,68461,68319,77034,76346,75807,76281,75907,65955,65209,65390,65928,65293
217,0,1,16,77376,76938,76151,76119,76758,69957,68756,69314,68934,68800,77626,76936,76403,76874,76485,66410,65680,65853,66385,65750
218,1,1,16,76758,76340,75548,75520,76144,69469,68274,68826,68424,68295,77021,76344,75799,76274,75890,65914,65199,65397,65896,65280
219,0,1,16,77352,76919,76135,76094,76736,69931,68745,69304,68894,68764,77600,76923,76386,76858,76455,66373,65659,65860,66354,65743
220,1,1,16,76747,76303,75543,75522,76140,69461,68265,68823,68408,68284,77036,76329,75787,76285,75876,65916,65204,65377,65884,65268
221,0,1,16,77336,76885,76122,76103,76725,69935,68742,69282,68894,68753,77606,76903,76383,76864,76446,66374,65653,65826,66333,65720
222,1,1,16,76777,76355,75572,75553,76156,69504,68305,68834,68458,68318,77034,76356,75815,76288,75894,65963,65213,65392,65915,65283
223,0,1,16,77364,76910,76135,76109,76728,69950,68759,69281,68915,68767,77596,76928,76387,76867,76446,66396,65658,65835,66363,65728
224,1,1,16,76765,76329,75556,75526,76155,69471,68288,68819,68431,68299,77013,76319,75808,76270,75890,65928,65194,65384,65894,65268
225,0,1,16,77346,76892,76117,76089,76738,69924,68751,69284,68890,68774,77585,76897,76387,76846,76453,66380,65648,65836,66351,65724
226,1,1,16,76779,76343,75562,75531,76169,69483,68302,68838,68445,68314,77021,76350,75815,76287,75888,65938,65200,65391,65910,65276
227,0,1,16,77358,76912,76127,76106,76746,69936,68759,69290,68893,68766,77599,76919,76391,76854,76448,66377,65641,65836,66349,65722
228,1,1,16,76759,76326,75540,75532,76141,69474,68292,68806,68430,68290,77032,76322,75805,76268,75876,65928,65189,65377,65895,65261
229,0,1,16,77348,76911,76127,76110,76735,69947,68773,69288,68906,68768,77617,76910,76397,76857,76461,66395,65647,65841,66353,65723
230,1,1,16,76768,76318,75537,75541,76141,69489,68280,68814,68442,68311,77015,76313,75790,76273,75895,65920,65204,65363,65889,65283
231,0,1,16,77366,76909,76110,76124,76738,69939,68754,69284,68921,68788,77585,76901,76384,76864,76469,66377,65660,65825,66359,65732
232,1,1,16,76782,76332,75568,75561,76168,69493,68302,68832,68464,68307,77034,76336,75803,76291,75899,65954,65214,65406,65911,65288
233,0,1,16,77373,76905,76135,76126,76744,69955,68769,69305,68929,68771,77620,76922,76382,76872,76470,66408,65658,65854,66375,65735
234,1,1,16,76792,76343,75557,75566,76184,69503,68312,68852,68460,68313,77019,76342,75824,76299,75899,65966,65211,65397,65911,65288
235,0,1,16,77351,76909,76116,76114,76742,69950,68769,69286,68913,68781,77591,76906,76392,76868,76457,66396,65644,65831,66353,65713
236,1,1,16,76763,76321,75540,75524,76152,69482,68282,68819,68446,68296,76999,76338,75802,76278,75875,65940,65205,65379,65888,65250
237,0,1,16,77333,76885,76105,76086,76730,69925,68749,69279,68913,68763,77572,76897,76373,76847,76449,66392,65650,65831,66338,65690
238,1,1,16,76763,76336,75554,75544,76139,69481,68278,68817,68429,68296,77016,76331,75791,76272,75866,65945,65193,65373,65888,65257
239,0,1,16,77359,76923,76125,76114,76720,69937,68757,69291,68890,68763,77601,76906,76383,76858,76442,66397,65644,65831,66347,65710
240,1,1,16,76770,76350,75565,75556,76160,69498,68293,68837,68446,68314,77031,76343,75823,76299,75885,65961,65206,65406,65920,65293
241,0,1,16,77341,76904,76108,76093,76713,69935,68740,69289,68898,68762,77583,76894,76380,76858,76441,66391,65636,65841,66358,65725
242,1,1,16,76761,76323,75540,75543,76150,69483,68298,68831,68422,68291,77018,76327,75802,76287,75891,65938,65213,65402,65914,65267
243,0,1,16,77339,76901,76096,76102,76720,69947,68751,69280,68887,68752,77593,76894,76373,76848,76448,66388,65650,65833,66351,65721
244,1,1,16,76777,76322,75573,75536,76165,69504,68296,68832,68442,68308,77022,76347,75812,76283,75896,65941,65207,65400,65917,65292
245,0,1,16,77358,76905,76134,76093,76746,69945,68757,69296,68917,68765,77603,76920,76380,76857,76468,66396,65664,65862,66377,65741
246,1,1,16,76754,76326,75541,75545,76161,69478,68274,68835,68417,68300,77010,76337,75804,76279,75894,65926,65195,65380,65904,65288
247,0,1,16,77351,76900,76110,76109,76744,69920,68733,69300,68892,68753,77567,76919,76386,76866,76468,66375,65651,65823,66353,65735
248,1,1,16,76767,76339,75537,75538,76158,69477,68294,68844,68457,68302,77032,76346,75815,76288,75913,65953,65198,65399,65894,65280
249,0,1,16,77346,76896,76107,76099,76732,69931,68742,69301,68917,68768,77593,76920,76392,76850,76470,66393,65643,65835,66343,65729
250,1,1,16,76792,76330,75568,75547,76151,69475,68289,68838,68447,68316,77031,76341,75814,76290,75904,65945,65224,65392,65907,65279
251,0,1,16,77366,76889,76120,76111,76737,69935,68744,69302,68914,68767,77596,76909,76399,76865,76468,66391,65666,65847,66351,65733
252,1,1,16,76768,76343,75556,75529,76164,69476,68277,68826,68445,68289,77010,76339,75812,76290,75885,65938,65195,65386,65897,65273
253,0,1,16,77354,76907,76122,76091,76736,69928,68742,69283,68897,68748,77578,76902,76391,76856,76445,66386,65640,65833,66345,65724
254,1,1,16,76766,76329,75575,75544,76161,69478,68265,68849,68451,68302,77020,76336,75797,76294,75890,65940,65229,65398,65894,65291
255,0,1,16,77337,76890,76127,76100,76750,69928,68722,69293,68911,68767,77598,76906,76373,76860,76463,66385,65666,65837,66346,65728
256,1,1,16,76774,76326,75577,75570,76187,69502,68297,68872,68479,68314,77049,76352,75800,76311,75908,65953,65226,65392,65920,65304
257,0,1,16,77360,76888,76132,76117,76751,69952,68753,69313,68939,68771,77608,76926,76372,76877,76470,66393,65675,65841,66368,65745
258,1,1,16,76774,76320,75557,75535,76173,69491,68290,68833,68447,68324,77020,76323,75795,76286,75909,65929,65209,65378,65902,65277
259,0,1,16,77365,76901,76126,76100,76753,69946,68742,69300,68922,68783,77595,76903,76373,76870,76483,66390,65651,65835,66363,65729
260,1,1,16,76758,76311,75544,75529,76159,69466,68273,68845,68459,68318,77007,76332,75802,76268,75903,65932,65200,65372,65916,65276
261,0,1,16,77345,76898,76105,76108,76731,69918,68746,69311,68930,68778,77591,76909,76372,76845,76470,66380,65660,65825,66375,65733
262,1,1,16,76795,76340,75578,75568,76197,69498,68297,68854,68488,68339,77047,76354,75818,76304,75921,65964,65237,65435,65947,65307
263,0,1,16,77377,76919,76141,76128,76781,69956,68755,69319,68942,68795,77617,76931,76409,76874,76491,66412,65686,65880,66384,65758
264,1,1,16,76781,76345,75548,75541,76170,69496,68298,68853,68471,68336,77021,76353,75830,76291,75919,65966,65223,65410,65931,65298
265,0,1,16,77359,76911,76115,76087,76740,69949,68749,69310,68927,68799,77596,76925,76411,76872,76483,66409,65663,65850,66377,65738
266,1,1,16,76780,76321,75558,75548,76168,69496,68305,68856,68467,68329,77027,76340,75803,76289,75913,65960,65215,65396,65922,65310
267,0,1,16,77358,76907,76115,76124,76749,69935,68765,69318,68925,68781,77605,76921,76391,76858,76478,66409,65672,65847,66371,65753
268,1,1,16,76787,76341,75563,75550,76183,69500,68302,68870,68472,68340,77029,76348,75816,76278,75923,65962,65236,65425,65925,65299
269,0,1,16,77379,76925,76138,76126,76768,69947,68771,69322,68923,68803,77622,76930,76399,76869,76501,66408,65683,65881,66382,65754
270,1,1,16,76793,76341,75564,75561,76186,69492,68303,68865,68468,68343,77038,76353,75816,76283,75913,65961,65231,65420,65920,65309
271,0,1,16,77368,76924,76135,76124,76772,69952,68779,69337,68948,68809,77609,76937,76410,76875,76488,66417,65675,65875,66373,65761
272,1,1,16,76790,76351,75568,75557,76185,69499,68311,68853,68456,68333,77026,76355,75822,76307,75916,65970,65233,65411,65924,65321
273,0,1,16,77375,76930,76129,76112,76775,69947,68766,69308,68926,68801,77599,76931,76401,76880,76481,66416,65672,65870,66386,65770
274,1,1,16,76793,76341,75560,75538,76172,69483,68310,68868,68472,68323,77041,76353,75819,76303,75923,65980,65243,65413,65934,65302
275,0,1,16,77385,76924,76147,76110,76767,69955,68770,69350,68936,68787,77631,76938,76400,76890,76502,66430,65700,65874,66392,65776
276,1,1,16,76810,76356,75576,75566,76198,69496,68309,68873,68482,68332,77043,76365,75826,76301,75920,65982,65255,65419,65942,65317
277,0,1,16,77388,76932,76140,76123,76772,69949,68752,69332,68931,68788,77607,76922,76394,76881,76485,66418,65676,65861,66377,65759
278,1,1,16,76774,76361,75570,75538,76174,69479,68305,68854,68450,68312,77043,76337,75816,76287,75908,65975,65229,65417,65919,65295
279,0,1,16,77375,76940,76141,76119,76772,69951,68785,69342,68935,68782,77639,76915,76410,76879,76500,66431,65689,65874,66377,65768
280,1,1,16,76800,76363,75563,75560,76180,69490,68306,68859,68471,68330,77021,76358,75836,76296,75918,65990,65238,65424,65923,65315
281,0,1,16,77379,76928,76117,76112,76759,69949,68759,69318,68926,68781,77596,76920,76421,76872,76470,66429,65676,65869,66366,65763
282,1,1,16,76783,76360,75561,75547,76170,69491,68303,68838,68448,68321,77025,76333,75820,76271,75917,65960,65223,65412,65904,65289
283,0,1,16,77389,76954,76145,76129,76773,69958,68783,69323,68923,68798,77617,76934,76427,76873,76500,66419,65685,65873,66380,65754
284,1,1,16,76811,76363,75564,75564,76183,69497,68326,68862,68483,68340,77046,76365,75823,76305,75926,65976,65244,65426,65942,65319
285,0,1,16,77386,76921,76121,76110,76754,69935,68778,69307,68937,68796,77618,76917,76392,76875,76478,66412,65676,65851,66380,65760
286,1,1,16,76808,76369,75579,75566,76186,69499,68325,68881,68480,68338,77037,76352,75836,76312,75929,65978,65232,65410,65924,65319
287,0,1,16,77380,76931,76141,76121,76771,69954,68768,69329,68944,68794,77616,76917,76403,76881,76493,66424,65670,65858,66374,65765
288,1,1,16,76802,76369,75569,75553,76191,69501,68314,68879,68485,68345,77019,76343,75828,76305,75921,65963,65217,65418,65940,65319
289,0,1,16,77380,76933,76129,76110,76765,69954,68755,69324,68934,68814,77585,76927,76402,76877,76479,66404,65667,65860,66390,65758
290,1,1,16,76800,76352,75561,75560,76185,69496,68310,68866,68465,68341,77036,76336,75821,76300,75920,65969,65216,65419,65941,65311
291,0,1,16,77397,76932,76136,76130,76775,69975,68776,69328,68932,68809,77616,76929,76412,76882,76497,66432,65671,65882,66394,65761
292,1,1,16,76788,76353,75560,75535,76165,69484,68302,68868,68452,68323,77023,76333,75819,76291,75911,65957,65216,65414,65907,65298
293,0,1,16,77374,76916,76122,76097,76750,69942,68758,69314,68913,68787,77597,76903,76388,76874,76477,66409,65656,65863,66366,65752
294,1,1,16,76783,76342,75577,75540,76174,69485,68300,68850,68462,68325,77028,76328,75811,76283,75910,65954,65219,65398,65922,65294
295,0,1,16,77377,76925,76149,76125,76776,69961,68772,69338,68930,68794,77615,76926,76405,76877,76490,66424,65683,65870,66387,65756
296,1,1,16,76797,76350,75575,75554,76187,69486,68302,68875,68475,68328,77040,76335,75806,76297,75925,65972,65234,65412,65941,65295
297,0,1,16,77371,76917,76143,76118,76765,69957,68762,69330,68943,68772,77607,76919,76391,76875,76496,66421,65687,65871,66393,65761
298,1,1,16,76783,76325,75575,75549,76164,69478,68306,68861,68451,68308,77031,76326,75814,76278,75908,65968,65219,65378,65919,65301
299,0,1,16,77370,76899,76146,76121,76749,69929,68762,69326,68927,68772,77601,76907,76404,76867,76478,66415,65659,65831,66394,65748
300,1,1,16,76793,76353,75581,75561,76176,69487,68305,68869,68467,68321,77028,76341,75817,76304,75921,65963,65230,65422,65915,65312
301,0,1,16,77376,76914,76139,76110,76746,69933,68760,69324,68932,68785,77605,76908,76400,76878,76477,66411,65665,65865,66370,65755
302,1,1,16,76792,76332,75584,75559,76183,69494,68307,68866,68463,68332,77032,76347,75818,76303,75913,65974,65221,65414,65908,65313
303,0,1,16,77382,76908,76139,76123,76768,69956,68768,69339,68930,68799,77603,76922,76408,76883,76491,66427,65675,65868,66360,65762
304,1,1,16,76779,76317,75553,75536,76162,69477,68282,68836,68444,68316,77000,76325,75822,76287,75887,65947,65206,65394,65901,65303
305,0,1,16,77354,76887,76113,76076,76738,69920,68729,69297,68900,68761,77581,76894,76389,76861,76452,66399,65653,65833,66347,65748
306,1,1,16,76805,76355,75581,75562,76190,69499,68310,68865,68458,68329,77025,76350,75818,76305,75925,65972,65242,65421,65920,65319
307,0,1,16,77384,76928,76148,76105,76765,69947,68761,69320,68918,68797,77598,76916,76389,76870,76482,66405,65681,65860,66362,65754
308,1,1,16,76796,76329,75568,75542,76185,69457,68296,68845,68449,68335,77032,76315,75815,76302,75916,65960,65227,65390,65910,65294
309,0,1,16,77368,76888,76126,76097,76762,69915,68742,69305,68890,68781,77592,76891,76384,76865,76472,66394,65671,65834,66353,65733
310,1,1,16,76787,76315,75563,75545,76181,69471,68278,68851,68459,68324,77023,76326,75805,76282,75905,65955,65211,65385,65916,65284
311,0,1,16,77384,76908,76130,76122,76763,69931,68742,69323,68922,68795,77597,76914,76392,76867,76488,66410,65665,65846,66372,65752
312,1,1,16,76787,76327,75583,75556,76185,69481,68300,68858,68438,68317,77000,76342,75824,76278,75911,65963,65237,65395,65919,65298
313,0,1,16,77375,76920,76155,76137,76784,69945,68773,69331,68930,68790,77607,76940,76406,76872,76496,66429,65697,65865,66383,65767
314,1,1,16,76797,76335,75577,75556,76171,69469,68293,68869,68458,68319,77011,76336,75819,76279,75894,65963,65225,65391,65911,65295
315,0,1,16,77354,76914,76136,76097,76753,69917,68747,69324,68924,68785,77595,76914,76397,76853,76458,66402,65674,65836,66361,65740
316,1,1,16,76781,76337,75567,75560,76181,69468,68307,68863,68445,68321,77024,76346,75822,76284,75912,65951,65227,65388,65924,65307
317,0,1,16,77372,76914,76129,76122,76766,69943,68771,69318,68916,68795,77601,76929,76400,76871,76491,66409,65680,65849,66382,65754
318,1,1,16,76787,76341,75565,75553,76188,69485,68292,68864,68454,68326,77037,76343,75834,76284,75902,65943,65241,65413,65914,65287
319,0,1,16,77362,76903,76129,76114,76756,69932,68757,69322,68912,68782,77611,76918,76413,76860,76470,66392,65677,65853,66355,65744
320,1,1,16,76788,76347,75592,75571,76198,69499,68308,68873,68459,68322,77029,76349,75829,76292,75936,65973,65240,65406,65929,65313
321,0,1,16,77384,76931,76162,76134,76776,69958,68768,69330,68920,68791,77601,76924,76403,76880,76502,66428,65702,65857,66387,65768
322,1,1,16,76776,76311,75570,75543,76175,69469,68296,68874,68452,68324,77029,76345,75807,76281,75904,65974,65223,65398,65905,65291
323,0,1,16,77386,76917,76143,76115,76757,69936,68764,69349,68927,68799,77615,76934,76394,76871,76486,66419,65688,65860,66372,65751
324,1,1,16,76800,76365,75590,75566,76192,69510,68314,68872,68470,68344,77020,76362,75825,76303,75911,65982,65238,65409,65916,65308
325,0,1,16,77389,76940,76156,76133,76781,69972,68773,69346,68940,68813,77594,76937,76409,76890,76486,66432,65690,65862,66384,65777
326,1,1,16,76810,76362,75583,75579,76207,69520,68317,68869,68479,68333,77035,76364,75841,76302,75920,65976,65256,65417,65921,65308
327,0,1,16,77388,76928,76148,76131,76772,69968,68771,69328,68947,68786,77602,76941,76413,76867,76490,66412,65705,65865,66372,65761
328,1,1,16,76802,76339,75570,75563,76197,69501,68303,68866,68462,68332,77039,76358,75823,76297,75913,65963,65244,65411,65928,65297
329,0,1,16,77403,76912,76155,76132,76790,69964,68774,69342,68946,68794,77621,76947,76403,76899,76500,66419,65698,65871,66386,65768
330,1,1,16,76792,76346,75577,75562,76211,69496,68298,68853,68477,68330,77023,76356,75829,76290,75915,65952,65230,65403,65927,65287
331,0,1,16,77361,76912,76126,76106,76772,69932,68741,69297,68918,68779,77577,76916,76392,76848,76471,66389,65678,65845,66372,65734
332,1,1,16,76794,76346,75570,75552,76187,69480,68310,68850,68473,68323,77030,76359,75847,76294,75911,65959,65235,65404,65920,65299
333,0,1,16,77379,76918,76134,76116,76769,69947,68765,69316,68935,68797,77598,76936,76419,76867,76483,66416,65692,65863,66369,65757
334,1,1,16,76799,76348,75553,75531,76172,69488,68305,68845,68438,68310,77014,76335,75813,76298,75918,65952,65213,65401,65898,65290
335,0,1,16,77385,76926,76127,76106,76754,69943,68759,69298,68913,68774,77590,76917,76393,76874,76492,66402,65667,65850,66357,65750
336,1,1,16,76803,76361,75563,75546,76180,69498,68297,68866,68473,68321,77004,76335,75828,76306,75917,65959,65228,65406,65913,65312
337,0,1,16,77369,76928,76132,76107,76752,69958,68753,69308,68927,68778,77579,76907,76390,76868,76471,66399,65679,65850,66363,65758
338,1,1,16,76800,76369,75581,75546,76204,69497,68310,68880,68469,68327,77050,76364,75825,76307,75918,65981,65244,65421,65928,65306
339,0,1,16,77370,76922,76139,76091,76757,69936,68754,69323,68914,68772,77604,76926,76387,76880,76476,66409,65677,65861,66359,65744
340,1,1,16,76814,76350,75596,75559,76204,69495,68309,68851,68462,68310,77039,76359,75835,76304,75917,65967,65247,65408,65906,65291
341,0,1,16,77381,76919,76141,76125,76763,69953,68766,69298,68920,68771,77612,76917,76403,76871,76491,66416,65694,65853,66364,65733
342,1,1,16,76806,76356,75572,75546,76182,69498,68312,68858,68459,68326,77020,76363,75828,76310,75935,65974,65248,65406,65928,65303
343,0,1,16,77385,76932,76123,76103,76745,69949,68760,69313,68915,68777,77580,76936,76404,76886,76500,66418,65689,65852,66387,65754
344,1,1,16,76776,76338,75565,75554,76170,69496,68294,68842,68453,68304,77015,76339,75801,76279,75902,65953,65225,65395,65902,65276
345,0,1,16,77377,76925,76141,76118,76755,69972,68760,69320,68932,68784,77592,76921,76404,76883,76485,66406,65681,65862,66368,65734
346,1,1,16,76793,76351,75587,75575,76192,69512,68304,68865,68458,68332,77041,76361,75829,76317,75917,65968,65240,65411,65937,65308
347,0,1,16,77384,76927,76151,76140,76783,69981,68778,69340,68931,68813,77618,76948,76416,76904,76497,66419,65696,65866,66392,65762
348,1,1,16,76779,76352,75563,75559,76184,69491,68304,68830,68448,68318,77016,76333,75825,76303,75906,65950,65222,65382,65914,65286
349,0,1,16,77368,76928,76145,76130,76766,69959,68776,69302,68916,68777,77584,76924,76402,76897,76494,66408,65673,65850,66384,65746
350,1,1,16,76790,76355,75561,75571,76193,69493,68296,68866,68454,68323,77019,76364,75828,76302,75922,65948,65245,65408,65934,65295
351,0,1,16,77365,76924,76117,76113,76763,69936,68756,69306,68904,68778,77583,76931,76382,76862,76468,66387,65679,65843,66385,65748
352,1,1,16,76779,76347,75562,75551,76192,69500,68311,68852,68462,68332,77039,76342,75821,76304,75912,65971,65231,65407,65943,65299
353,0,1,16,77355,76911,76127,76115,76762,69937,68756,69301,68925,68781,77592,76922,76398,76874,76464,66413,65678,65844,66395,65733
354,1,1,16,76799,76367,75595,75581,76220,69503,68318,68866,68488,68353,77024,76349,75842,76308,75921,65971,65246,65415,65944,65325
355,0,1,16,77381,76940,76156,76154,76790,69958,68791,69330,68956,68817,77602,76935,76428,76892,76497,66430,65693,65868,66388,65773
356,1,1,16,76801,76357,75595,75566,76206,69511,68316,68875,68481,68338,77046,76350,75844,76316,75931,65981,65243,65429,65948,65322
357,0,1,16,77385,76930,76167,76135,76776,69974,68781,69337,68941,68802,77632,76928,76428,76900,76501,66426,65691,65887,66406,65768
358,1,1,16,76793,76342,75573,75564,76193,69500,68308,68861,68473,68332,77038,76341,75837,76324,75924,65962,65239,65409,65942,65319
359,0,1,16,77388,76935,76157,76137,76789,69967,68773,69332,68955,68816,77632,76931,76427,76915,76498,66427,65693,65879,66399,65778
360,1,1,16,76788,76334,75565,75560,76196,69499,68296,68850,68470,68327,77032,76331,75820,76317,75918,65956,65236,65411,65931,65303
361,0,1,16,77392,76924,76169,76149,76790,69966,68782,69334,68943,68813,77633,76931,76424,76915,76514,66426,65703,65875,66393,65770
362,1,1,16,76803,76365,75588,75586,76210,69495,68315,68864,68479,68354,77047,76351,75831,76321,75937,65968,65239,65424,65933,65324
363,0,1,16,77387,76919,76157,76156,76788,69955,68776,69337,68945,68814,77625,76932,76416,76906,76506,66415,65684,65881,66383,65775
364,1,1,16,76788,76347,75560,75566,76203,69470,68299,68859,68468,68336,77037,76346,75822,76313,75913,65964,65221,65415,65935,65298
365,0,1,16,77373,76921,76128,76129,76781,69944,68759,69312,68935,68794,77614,76916,76407,76894,76485,66418,65661,65859,66377,65743
366,1,1,16,76798,76350,75582,75579,76212,69508,68317,68850,68488,68343,77037,76349,75845,76321,75933,65978,65227,65429,65958,65305
367,0,1,16,77373,76907,76120,76125,76769,69955,68762,69302,68928,68791,77580,76905,76411,76884,76475,66416,65666,65861,66389,65752
368,1,1,16,76796,76345,75561,75578,76185,69488,68306,68859,68473,68326,77038,76355,75824,76321,75916,65959,65215,65418,65954,65301
369,0,1,16,77376,76910,76119,76132,76755,69939,68768,69305,68935,68782,77591,76923,76399,76881,76484,66407,65667,65861,66403,65750
370,1,1,16,76765,76307,75548,75557,76170,69466,68272,68843,68443,68306,77009,76323,75818,76287,75884,65940,65201,65403,65912,65276
371,0,1,16,77367,76903,76140,76142,76772,69947,68754,69317,68926,68790,77611,76921,76416,76891,76488,66410,65669,65870,66396,65750
372,1,1,16,76773,76334,75566,75543,76167,69486,68286,68851,68461,68324,77001,76337,75820,76290,75900,65950,65204,65401,65916,65288
373,0,1,16,77372,76916,76143,76123,76762,69951,68748,69318,68934,68803,77597,76923,76416,76875,76487,66409,65665,65873,66393,65752
374,1,1,16,76801,76351,75585,75573,76199,69524,68311,68872,68470,68353,77031,76365,75849,76334,75933,65985,65247,65431,65964,65321
375,0,1,16,77366,76910,76133,76124,76754,69950,68758,69296,68918,68796,77580,76916,76401,76885,76473,66413,65673,65861,66393,65762
376,1,1,16,76785,76335,75567,75555,76177,69488,68292,68864,68474,68331,77011,76330,75824,76309,75899,65964,65214,65411,65919,65303
377,0,1,16,77373,76918,76139,76129,76763,69952,68763,69322,68928,68802,77585,76915,76407,76877,76473,66413,65674,65863,66387,65757
378,1,1,16,76785,76330,75564,75554,76165,69468,68284,68851,68464,68324,77012,76304,75816,76308,75888,65945,65209,65405,65925,65286
379,0,1,16,77374,76911,76142,76124,76754,69935,68755,69324,68950,68796,77598,76902,76407,76901,76480,66393,65659,65855,66391,65753
380,1,1,16,76777,76334,75570,75552,76177,69481,68303,68857,68470,68327,77027,76322,75822,76308,75918,65959,65218,65397,65936,65300
381,0,1,16,77357,76901,76120,76106,76743,69924,68753,69309,68930,68787,77598,76897,76400,76878,76481,66391,65659,65846,66392,65750
382,1,1,16,76756,76330,75564,75528,76184,69480,68280,68845,68463,68326,77026,76326,75819,76291,75911,65957,65223,65395,65920,65312
383,0,1,16,77363,76904,76141,76096,76772,69934,68741,69301,68941,68794,77612,76903,76397,76880,76482,66414,65681,65843,66380,65769
384,1,1,16,76775,76344,75582,75556,76192,69463,68296,68852,68487,68322,77019,76330,75820,76312,75914,65953,65230,65419,65919,65303
385,0,1,16,77364,76921,76146,76124,76781,69928,68756,69324,68947,68782,77605,76908,76413,76897,76494,66402,65675,65858,66386,65758
386,1,1,16,76786,76348,75594,75575,76179,69497,68308,68843,68478,68342,77017,76352,75824,76323,75917,65966,65247,65425,65949,65316
387,0,1,16,77375,76929,76159,76136,76781,69961,68779,69313,68958,68809,77608,76942,76428,76912,76483,66429,65706,65882,66413,65776
388,1,1,16,76795,76347,75605,75573,76206,69515,68324,68862,68502,68364,77058,76368,75861,76329,75933,65986,65251,65442,65966,65324
389,0,1,16,77382,76912,76166,76127,76779,69961,68771,69319,68946,68811,77607,76939,76427,76905,76495,66426,65686,65889,66403,65767
390,1,1,16,76798,76343,75573,75564,76178,69507,68308,68862,68499,68357,77026,76351,75844,76311,75924,65969,65236,65413,65944,65316
391,0,1,16,77400,76933,76160,76123,76779,69974,68785,69335,68974,68840,77612,76929,76436,76900,76500,66439,65693,65886,66411,65791
392,1,1,16,76801,76348,75570,75570,76180,69496,68317,68866,68482,68349,77035,76336,75833,76314,75922,65981,65258,65430,65943,65312
393,0,1,16,77369,76913,76114,76119,76749,69948,68761,69314,68951,68802,77618,76912,76404,76889,76482,66419,65704,65873,66384,65766
394,1,1,16,76787,76350,75577,75570,76179,69503,68310,68870,68488,68354,77030,76354,75850,76307,75922,65981,65260,65425,65947,65318
395,0,1,16,77363,76930,76165,76141,76766,69970,68781,69341,68953,68820,77614,76937,76427,76887,76501,66434,65705,65879,66408,65771
396,1,1,16,76774,76348,75567,75558,76179,69498,68306,68864,68473,68337,77029,76345,75840,76305,75928,65978,65235,65424,65948,65317
397,0,1,16,77362,76923,76137,76124,76776,69964,68771,69336,68952,68810,77618,76928,76434,76890,76502,66427,65692,65876,66403,65770
398,1,1,16,76782,76333,75584,75579,76216,69510,68322,68878,68482,68358,77044,76355,75851,76327,75932,65982,65247,65426,65943,65315
399,0,1,16,77375,76931,76154,76142,76796,69965,68770,69345,68965,68825,77616,76939,76424,76912,76503,66433,65697,65877,66409,65767
400,1,1,16,76765,76324,75580,75564,76194,69484,68313,68867,68475,68324,77023,76337,75823,76300,75914,65970,65243,65410,65939,65324
401,0,1,16,77365,76916,76152,76136,76773,69955,68788,69337,68951,68797,77609,76932,76417,76895,76488,66429,65694,65871,66395,65776
402,1,1,16,76763,76328,75582,75551,76183,69495,68302,68862,68459,68326,77015,76331,75809,76300,75899,65982,65229,65413,65913,65294
403,0,1,16,77377,76934,76167,76132,76788,69969,68780,69341,68948,68811,77620,76930,76412,76895,76494,66439,65705,65874,66379,65764
404,1,1,16,76783,76336,75577,75572,76199,69485,68310,68869,68478,68323,77043,76351,75838,76289,75900,65979,65256,65419,65957,65307
405,0,1,16,77351,76915,76146,76120,76760,69940,68764,69317,68935,68789,77612,76915,76405,76873,76472,66429,65696,65871,66401,65744
406,1,1,16,76764,76333,75571,75557,76198,69483,68303,68843,68465,68336,77031,76337,75835,76305,75921,65962,65233,65408,65936,65289
407,0,1,16,77360,76902,76150,76110,76775,69942,68772,69317,68936,68803,77614,76926,76409,76878,76493,66407,65677,65848,66386,65738
408,1,1,16,76781,76360,75577,75542,76212,69486,68315,68874,68483,68334,77034,76348,75849,76301,75901,65975,65229,65414,65933,65302
409,0,1,16,77359,76909,76125,76087,76783,69936,68763,69325,68939,68791,77591,76919,76404,76881,76469,66414,65670,65861,66380,65741
410,1,1,16,76771,76333,75556,75543,76181,69486,68314,68853,68476,68329,77026,76340,75830,76294,75912,65966,65219,65403,65930,65286
411,0,1,16,77371,76932,76140,76125,76770,69954,68791,69332,68955,68809,77624,76952,76433,76905,76503,66434,65682,65882,66409,65761
412,1,1,16,76793,76363,75588,75555,76194,69500,68310,68867,68465,68352,77042,76357,75848,76319,75929,65987,65240,65404,65942,65310
413,0,1,16,77371,76940,76157,76131,76781,69956,68773,69316,68935,68809,77635,76930,76420,76899,76483,66439,65687,65850,66398,65764
414,1,1,16,76788,76344,75579,75543,76181,69505,68317,68856,68490,68332,77037,76329,75832,76318,75929,65972,65226,65407,65940,65294
415,0,1,16,77385,76933,76156,76121,76774,69967,68786,69321,68966,68803,77627,76927,76419,76905,76504,66433,65698,65873,66414,65760
416,1,1,16,76811,76376,75600,75579,76200,69513,68337,68873,68504,68351,77056,76370,75854,76332,75932,65981,65265,65451,65963,65323
417,0,1,16,77397,76951,76171,76151,76782,69972,68800,69328,68967,68825,77632,76937,76436,76923,76508,66441,65715,65902,66423,65776
418,1,1,16,76811,76373,75586,75573,76222,69501,68348,68859,68491,68361,77073,76370,75861,76341,75936,66003,65252,65434,65949,65332
419,0,1,16,77390,76930,76128,76109,76783,69952,68787,69309,68943,68811,77632,76932,76425,76900,76482,66433,65690,65877,66378,65767
420,1,1,16,76807,76363,75597,75583,76211,69515,68335,68873,68491,68350,77061,76356,75854,76344,75914,65983,65261,65437,65951,65314
421,0,1,16,77406,76962,76175,76159,76810,69984,68810,69347,68980,68831,77647,76951,76436,76935,76493,66452,65724,65905,66418,65782
422,1,1,16,76780,76355,75569,75567,76192,69490,68308,68859,68482,68339,77033,76347,75836,76309,75909,65963,65234,65414,65936,65308
423,0,1,16,77376,76936,76148,76120,76782,69953,68759,69324,68942,68798,77620,76933,76414,76900,76485,66408,65681,65865,66389,65745
424,1,1,16,76797,76374,75579,75553,76181,69510,68311,68854,68480,68332,77068,76351,75840,76319,75926,65971,65251,65425,65937,65314
425,0,1,16,77384,76953,76149,76123,76762,69972,68775,69322,68952,68798,77639,76931,76424,76896,76492,66426,65696,65868,66393,65764
426,1,1,16,76797,76372,75600,75571,76200,69507,68320,68864,68505,68348,77051,76356,75834,76324,75917,65987,65248,65434,65951,65321
427,0,1,16,77393,76956,76182,76139,76792,69978,68790,69332,68972,68810,77634,76948,76424,76911,76496,66446,65714,65894,66402,65774
428,1,1,16,76779,76354,75566,75557,76183,69489,68298,68859,68488,68337,77033,76354,75833,76311,75915,65965,65252,65420,65934,65314
429,0,1,16,77375,76943,76130,76144,76784,69965,68769,69326,68964,68800,77621,76946,76419,76901,76492,66432,65711,65883,66405,65766
430,1,1,16,76786,76350,75579,75593,76208,69515,68315,68871,68484,68329,77037,76357,75827,76317,75915,65994,65258,65414,65937,65319
431,0,1,16,77374,76926,76150,76146,76791,69971,68761,69314,68953,68793,77605,76932,76416,76898,76493,66430,65707,65871,66394,65772
432,1,1,16,76786,76355,75580,75579,76203,69507,68311,68870,68497,68332,77034,76355,75822,76308,75913,65967,65243,65432,65949,65316
433,0,1,16,77377,76930,76154,76151,76771,69977,68777,69337,68962,68799,77618,76947,76425,76905,76482,66426,65690,65876,66412,65779
434,1,1,16,76787,76365,75590,75562,76211,69499,68300,68860,68487,68337,77042,76350,75830,76311,75909,65974,65226,65413,65947,65312
435,0,1,16,77381,76938,76155,76133,76787,69963,68761,69324,68949,68796,77625,76929,76413,76897,76482,66411,65684,65862,66392,65755
436,1,1,16,76784,76386,75587,75564,76200,69498,68304,68861,68477,68339,77052,76345,75812,76315,75905,65984,65231,65415,65949,65325
437,0,1,16,77380,76958,76169,76138,76790,69969,68781,69330,68947,68798,77624,76937,76405,76895,76488,66436,65699,65875,66409,65781
438,1,1,16,76785,76369,75580,75552,76190,69508,68304,68853,68473,68340,77044,76344,75831,76312,75915,65978,65250,65407,65961,65304
439,0,1,16,77382,76953,76164,76131,76791,69979,68771,69327,68940,68808,77628,76935,76434,76909,76493,66433,65714,65868,66423,65770
440,1,1,16,76781,76367,75582,75555,76196,69498,68313,68870,68481,68341,77042,76350,75832,76311,75908,65963,65248,65417,65949,65311
441,0,1,16,77363,76937,76156,76138,76778,69968,68779,69325,68956,68805,77617,76924,76435,76907,76490,66421,65710,65859,66398,65765
442,1,1,16,76775,76369,75575,75552,76194,69502,68313,68848,68474,68333,77057,76347,75825,76318,75910,65976,65254,65396,65942,65315
443,0,1,16,77377,76949,76151,76128,76791,69972,68781,69319,68957,68803,77638,76947,76433,76922,76500,66440,65718,65869,66392,65770
444,1,1,16,76801,76378,75587,75574,76220,69518,68338,68877,68489,68350,77060,76366,75827,76323,75931,65983,65264,65411,65960,65323
445,0,1,16,77389,76951,76150,76141,76799,69968,68787,69336,68958,68812,77638,76944,76414,76899,76503,66433,65712,65874,66416,65768
446,1,1,16,76809,76385,75588,75574,76208,69509,68347,68871,68486,68346,77059,76350,75841,76324,75925,65990,65260,65419,65933,65334
447,0,1,16,77388,76961,76160,76147,76800,69975,68809,69345,68951,68823,77649,76943,76436,76915,76511,66445,65715,65877,66399,65785
448,1,1,16,76788,76347,75550,75564,76198,69516,68315,68867,68478,68332,77055,76356,75837,76319,75909,65963,65228,65404,65940,65313
449,0,1,16,77387,76925,76125,76134,76776,69974,68788,69339,68940,68805,77627,76932,76425,76907,76482,66414,65680,65860,66392,65765
450,1,1,16,76827,76380,75578,75574,76214,69531,68329,68883,68497,68353,77054,76372,75838,76335,75937,65988,65258,65422,65958,65319
451,0,1,16,77389,76947,76144,76126,76789,69982,68789,69337,68963,68818,77623,76954,76418,76910,76498,66432,65698,65868,66410,65766
452,1,1,16,76786,76360,75578,75567,76204,69502,68319,68870,68479,68354,77042,76357,75826,76321,75908,65979,65236,65415,65932,65297
453,0,1,16,77382,76937,76144,76131,76779,69978,68779,69330,68953,68826,77621,76948,76405,76896,76483,66435,65683,65865,66393,65757
454,1,1,16,76778,76354,75573,75562,76202,69501,68302,68872,68475,68340,77053,76345,75817,76316,75911,65965,65240,65416,65956,65306
455,0,1,16,77385,76952,76161,76150,76808,69979,68774,69347,68940,68835,77645,76933,76423,76904,76506,66426,65708,65886,66419,65775
456,1,1,16,76779,76383,75581,75561,76201,69497,68317,68871,68470,68342,77038,76348,75820,76316,75914,65976,65247,65406,65936,65326
457,0,1,16,77367,76950,76143,76129,76783,69959,68772,69323,68927,68795,77618,76916,76403,76907,76483,66415,65695,65848,66379,65764
458,1,1,16,76783,76383,75589,75568,76213,69507,68316,68871,68493,68339,77047,76349,75838,76330,75918,65992,65253,65412,65952,65320
459,0,1,16,77350,76957,76151,76112,76777,69974,68776,69321,68954,68802,77621,76921,76422,76910,76478,66437,65685,65852,66396,65771
460,1,1,16,76787,76383,75590,75555,76211,69504,68319,68854,68473,68327,77042,76359,75855,76333,75920,65977,65252,65424,65938,65320
461,0,1,16,77362,76944,76137,76106,76778,69949,68774,69312,68927,68789,77598,76925,76411,76894,76469,66428,65691,65857,66380,65763
462,1,1,16,76778,76368,75570,75549,76195,69503,68299,68865,68473,68329,77055,76347,75833,76308,75909,65971,65246,65407,65926,65307
463,0,1,16,77363,76946,76150,76121,76788,69965,68763,69322,68943,68787,77626,76928,76395,76898,76481,66422,65690,65870,66382,65758
464,1,1,16,76794,76370,75590,75559,76208,69516,68304,68871,68497,68336,77050,76360,75839,76335,75932,66003,65250,65419,65939,65308
465,0,1,16,77385,76959,76181,76137,76784,69977,68773,69335,68961,68805,77645,76941,76417,76916,76509,66451,65702,65864,66392,65774
466,1,1,16,76783,76361,75567,75551,76215,69515,68316,68866,68497,68340,77035,76352,75826,76312,75931,65984,65262,65417,65961,65313
467,0,1,16,77378,76938,76154,76121,76801,69988,68796,69328,68977,68803,77623,76945,76415,76911,76505,66448,65711,65873,66412,65776
468,1,1,16,76794,76370,75605,75572,76218,69517,68319,68874,68503,68344,77060,76352,75842,76328,75935,65998,65239,65441,65943,65333
469,0,1,16,77378,76932,76171,76123,76796,69967,68778,69339,68957,68811,77627,76916,76423,76898,76490,66428,65679,65885,66396,65779
470,1,1,16,76795,76379,75579,75557,76216,69516,68321,68884,68489,68345,77054,76361,75860,76331,75937,65983,65263,65448,65949,65332
471,0,1,16,77383,76956,76153,76132,76806,69978,68789,69335,68959,68824,77639,76942,76451,76916,76517,66428,65698,65887,66395,65785
472,1,1,16,76782,76347,75576,75542,76188,69477,68283,68828,68457,68317,77021,76343,75800,76294,75892,65956,65218,65385,65904,65300
473,0,1,16,77371,76932,76153,76116,76784,69958,68754,69309,68918,68792,77609,76927,76403,76892,76485,66421,65673,65850,66367,65764
474,1,1,16,76792,76366,75585,75535,76184,69495,68290,68858,68477,68319,77041,76329,75850,76321,75907,65961,65239,65401,65923,65311
475,0,1,16,77357,76930,76145,76100,76748,69941,68742,69307,68933,68773,77604,76906,76418,76885,76473,66400,65688,65843,66375,65759
476,1,1,16,76792,76376,75599,75557,76219,69516,68317,68864,68475,68340,77052,76360,75852,76321,75928,65969,65222,65415,65931,65324
477,0,1,16,77360,76937,76148,76099,76779,69962,68759,69317,68931,68787,77607,76921,76422,76873,76483,66411,65667,65865,66371,65757
478,1,1,16,76791,76376,75582,75540,76191,69499,68299,68863,68476,68332,77039,76358,75838,76313,75936,65975,65236,65407,65941,65327
479,0,1,16,77368,76937,76151,76105,76782,69947,68764,69323,68931,68788,77592,76929,76425,76891,76503,66423,65677,65843,66382,65767
480,1,1,16,76780,76351,75576,75551,76187,69487,68313,68857,68480,68321,77047,76355,75827,76318,75927,65957,65229,65388,65925,65312
481,0,1,16,77376,76925,76149,76120,76787,69956,68773,69336,68947,68783,77625,76940,76417,76902,76492,66400,65678,65839,66382,65762
482,1,1,16,76791,76369,75576,75563,76203,69488,68324,68864,68489,68352,77062,76370,75853,76315,75927,65977,65242,65407,65932,65321
483,0,1,16,77371,76922,76136,76103,76764,69923,68763,69306,68938,68775,77612,76925,76418,76889,76487,66408,65679,65839,66376,65762
484,1,1,16,76797,76353,75582,75555,76208,69491,68301,68867,68470,68331,77022,76370,75855,76306,75914,65974,65249,65397,65925,65309
485,0,1,16,77380,76926,76148,76121,76789,69948,68770,69334,68951,68799,77611,76954,76432,76886,76495,66423,65693,65849,66380,65768
486,1,1,16,76775,76349,75582,75555,76216,69489,68287,68849,68471,68317,77052,76365,75845,76309,75929,65964,65230,65403,65930,65310
487,0,1,16,77379,76929,76156,76132,76803,69967,68763,69309,68943,68789,77619,76942,76437,76896,76512,66421,65692,65858,66391,65770
488,1,1,16,76784,76330,75558,75555,76188,69488,68289,68849,68465,68309,77027,76355,75818,76303,75908,65954,65228,65397,65910,65284
489,0,1,16,77361,76891,76126,76122,76770,69927,68741,69312,68924,68778,77601,76924,76405,76868,76481,66400,65665,65841,66366,65727
490,1,1,16,76803,76359,75584,75557,76206,69504,68310,68856,68490,68326,77057,76367,75843,76326,75918,65988,65244,65403,65928,65293
491,0,1,16,77392,76934,76159,76120,76789,69960,68779,69313,68948,68800,77639,76946,76425,76911,76502,66437,65698,65862,66387,65744
492,1,1,16,76799,76374,75585,75557,76206,69512,68309,68860,68490,68330,77061,76358,75833,76333,75939,65973,65245,65414,65943,65307
493,0,1,16,77380,76962,76153,76131,76787,69980,68776,69326,68955,68800,77635,76947,76431,76911,76508,66433,65697,65863,66393,65769
494,1,1,16,76801,76407,75596,75575,76207,69518,68315,68882,68499,68334,77060,76354,75840,76319,75940,65982,65248,65425,65936,65312
495,0,1,16,77388,76961,76157,76123,76769,69981,68775,69339,68960,68797,77630,76929,76428,76890,76501,66425,65690,65869,66387,65755
496,1,1,16,76782,76354,75583,75571,76213,69511,68309,68862,68498,68330,77044,76360,75836,76318,75927,65984,65239,65407,65930,65294
497,0,1,16,77376,76934,76139,76134,76793,69980,68772,69317,68951,68787,77626,76932,76415,76887,76486,66432,65689,65858,66380,65739
498,1,1,16,76794,76383,75588,75566,76202,69510,68292,68858,68481,68319,77060,76359,75826,76316,75924,65976,65231,65415,65938,65307
499,0,1,16,77376,76939,76145,76115,76768,69962,68751,69311,68939,68775,77614,76924,76400,76890,76496,66414,65667,65851,66381,65755
500,1,1,16,76789,76365,75586,75553,76190,69498,68288,68856,68486,68334,77050,76357,75849,76312,75924,65980,65249,65413,65941,65317
501,0,1,16,77372,76931,76140,76112,76764,69944,68743,69311,68941,68772,77612,76923,76419,76887,76491,66411,65676,65861,66380,65759
502,1,1,16,76792,76366,75569,75555,76184,69497,68296,68859,68470,68330,77047,76353,75816,76300,75923,65980,65231,65417,65938,65310
503,0,1,16,77382,76941,76151,76135,76775,69962,68768,69329,68935,68798,77635,76934,76413,76881,76498,66429,65690,65865,66387,65762
504,1,1,16,76791,76375,75579,75559,76211,69500,68304,68862,68488,68338,77043,76350,75829,76305,75931,65987,65252,65413,65935,65315
505,0,1,16,77357,76922,76136,76110,76775,69946,68748,69313,68948,68785,77602,76911,76393,76872,76485,66423,65684,65856,66364,65755
506,1,1,16,76765,76330,75560,75549,76169,69479,68271,68842,68456,68318,77025,76327,75820,76286,75900,65953,65205,65398,65921,65281
507,0,1,16,77374,76921,76130,76136,76769,69957,68763,69322,68935,68812,77619,76922,76407,76892,76491,66422,65675,65865,66395,65759
508,1,1,16,76786,76340,75558,75540,76181,69500,68292,68848,68470,68316,77049,76334,75807,76300,75912,65958,65227,65396,65920,65287
509,0,1,16,77377,76930,76144,76118,76774,69962,68770,69324,68947,68785,77622,76911,76406,76884,76497,66415,65692,65868,66379,65756
510,1,1,16,76778,76359,75566,75544,76172,69474,68272,68854,68471,68329,77023,76336,75821,76281,75894,65950,65195,65407,65900,65277
511,0,1,16,77369,76932,76126,76124,76752,69946,68741,69316,68925,68795,77613,76927,76413,76871,76473,66409,65656,65859,66379,65736
512,1,1,16,76796,76358,75580,75561,76198,69510,68292,68856,68486,68329,77041,76327,75833,76300,75918,65968,65229,65426,65939,65306
513,0,1,16,77378,76929,76152,76120,76771,69960,68747,69313,68940,68785,77615,76908,76421,76883,76485,66416,65675,65880,66381,65756
514,1,1,16,76789,76355,75573,75554,76192,69504,68300,68837,68473,68324,77038,76333,75820,76309,75900,65961,65231,65410,65911,65291
515,0,1,16,77396,76942,76153,76130,76789,69969,68758,69319,68963,68791,77623,76924,76403,76896,76488,66423,65670,65866,66375,65748
516,1,1,16,76793,76356,75564,75555,76195,69483,68285,68828,68480,68316,77029,76341,75811,76301,75907,65964,65224,65402,65917,65289
517,0,1,16,77394,76928,76143,76126,76781,69949,68761,69315,68946,68789,77624,76925,76401,76884,76490,66412,65682,65862,66375,65749
518,1,1,16,76783,76338,75556,75550,76173,69481,68286,68833,68468,68321,77028,76343,75814,76292,75903,65963,65228,65412,65907,65285
519,0,1,16,77367,76917,76133,76122,76759,69942,68756,69298,68937,68781,77615,76924,76397,76868,76474,66419,65686,65861,66372,65731
520,1,1,16,76801,76344,75572,75551,76197,69506,68314,68862,68501,68341,77044,76351,75837,76317,75919,65987,65247,65432,65939,65323
521,0,1,16,77374,76909,76143,76115,76778,69956,68767,69323,68954,68804,77622,76928,76401,76898,76485,66422,65687,65875,66384,65768
522,1,1,16,76792,76346,75572,75548,76212,69507,68300,68878,68485,68331,77071,76348,75827,76316,75920,65985,65235,65435,65928,65318
523,0,1,16,77386,76932,76159,76134,76801,69975,68772,69343,68962,68798,77647,76942,76418,76911,76499,66446,65698,65881,66407,65764
524,1,1,16,76785,76357,75541,75546,76194,69490,68281,68842,68474,68305,77047,76337,75812,76300,75909,65946,65238,65397,65918,65291
525,0,1,16,77375,76933,76113,76100,76767,69938,68743,69302,68931,68770,77615,76924,76391,76876,76486,66392,65678,65851,66368,65735
526,1,1,16,76818,76388,75599,75567,76218,69516,68309,68868,68504,68327,77065,76361,75844,76323,75947,65985,65234,65444,65957,65322
527,0,1,16,77389,76939,76148,76131,76787,69965,68758,69329,68968,68792,77637,76937,76423,76895,76502,66424,65672,65877,66404,65761
528,1,1,16,76780,76346,75555,75542,76151,69489,68293,68842,68468,68304,77007,76326,75826,76299,75912,65963,65210,65394,65906,65292
529,0,1,16,77377,76937,76130,76115,76754,69959,68768,69309,68933,68777,77600,76920,76403,76883,76487,66414,65681,65853,66368,65748
530,1,1,16,76792,76365,75577,75547,76180,69510,68288,68859,68475,68321,77051,76351,75811,76309,75911,65954,65231,65407,65922,65308
531,0,1,16,77376,76935,76153,76117,76764,69960,68748,69319,68933,68770,77614,76916,76397,76889,76474,66413,65674,65863,66371,65757
532,1,1,16,76787,76341,75569,75539,76163,69492,68292,68839,68464,68312,77018,76338,75815,76301,75906,65969,65220,65403,65917,65315
533,0,1,16,77376,76912,76129,76108,76743,69950,68755,69296,68941,68783,77599,76903,76395,76877,76469,66413,65675,65846,66358,65770
534,1,1,16,76791,76361,75598,75566,76183,69515,68295,68878,68474,68340,77042,76352,75818,76323,75928,65976,65246,65428,65947,65312
535,0,1,16,77386,76937,76157,76130,76764,69973,68757,69338,68945,68797,77635,76923,76406,76903,76484,66427,65702,65871,66393,65765
536,1,1,16,76793,76334,75550,75551,76166,69499,68288,68856,68475,68319,77035,76351,75802,76292,75912,65957,65233,65415,65927,65287
537,0,1,16,77365,76907,76123,76103,76735,69951,68740,69310,68936,68779,77613,76921,76378,76873,76473,66398,65674,65862,66375,65739
538,1,1,16,76796,76358,75584,75572,76182,69502,68311,68878,68491,68334,77057,76355,75834,76311,75922,65985,65260,65434,65954,65321
539,0,1,16,77384,76922,76136,76138,76757,69965,68766,69343,68949,68792,77629,76917,76401,76881,76494,66427,65688,65880,66392,65768
540,1,1,16,76788,76335,75573,75565,76161,69477,68282,68854,68469,68320,77042,76330,75825,76315,75904,65957,65214,65408,65916,65311
541,0,1,16,77370,76909,76135,76127,76740,69936,68739,69317,68929,68785,77600,76904,76402,76888,76466,66406,65666,65853,66370,65763
542,1,1,16,76780,76339,75567,75548,76171,69482,68275,68851,68469,68309,76996,76338,75823,76299,75882,65948,65211,65389,65914,65303
543,0,1,16,77370,76913,76146,76136,76751,69955,68741,69321,68939,68771,77601,76926,76406,76885,76464,66406,65681,65851,66377,65765
544,1,1,16,76780,76348,75576,75558,76165,69500,68284,68857,68482,68331,77034,76356,75831,76317,75922,65947,65228,65421,65919,65306
545,0,1,16,77354,76918,76143,76114,76736,69947,68735,69312,68946,68789,77614,76920,76401,76882,76484,66394,65677,65873,66363,65753
546,1,1,16,76775,76336,75560,75537,76166,69500,68274,68838,68454,68314,77026,76335,75814,76296,75904,65947,65221,65404,65918,65290
547,0,1,16,77368,76918,76143,76119,76757,69958,68743,69320,68937,68790,77602,76918,76407,76894,76478,66400,65685,65859,66384,65755
548,1,1,16,76784,76334,75561,75553,76179,69488,68285,68862,68461,68313,77029,76344,75810,76291,75902,65936,65233,65394,65919,65279
549,0,1,16,77375,76919,76140,76119,76758,69952,68757,69337,68920,68784,77601,76924,76398,76882,76482,66396,65683,65845,66384,65740
550,1,1,16,76791,76357,75555,75541,76164,69491,68285,68849,68473,68319,77029,76337,75793,76296,75892,65951,65215,65410,65929,65288
551,0,1,16,77376,76931,76118,76102,76754,69947,68742,69304,68921,68781,77604,76932,76378,76866,76459,66398,65671,65859,66372,65732
552,1,1,16,76788,76340,75554,75533,76178,69497,68286,68845,68454,68324,77025,76324,75793,76281,75912,65955,65227,65385,65916,65275
553,0,1,16,77381,76923,76134,76115,76765,69970,68756,69327,68944,68793,77594,76912,76396,76876,76490,66418,65677,65845,66383,65737
554,1,1,16,76799,76364,75569,75554,76198,69510,68289,68857,68496,68334,77026,76361,75837,76292,75926,65969,65236,65419,65937,65300
555,0,1,16,77382,76931,76140,76114,76763,69952,68752,69311,68942,68799,77601,76934,76415,76859,76498,66416,65682,65860,66391,65743
556,1,1,16,76791,76351,75561,75529,76189,69490,68288,68859,68469,68325,77023,76332,75817,76286,75903,65957,65207,65404,65933,65288
557,0,1,16,77371,76920,76123,76093,76767,69944,68740,69321,68946,68773,77614,76920,76394,76860,76472,66408,65652,65860,66401,65731
558,1,1,16,76781,76352,75563,75535,76177,69500,68289,68857,68464,68317,77032,76336,75829,76291,75895,65944,65216,65406,65924,65285
559,0,1,16,77373,76930,76124,76095,76756,69951,68753,69322,68944,68776,77600,76914,76404,76867,76477,66409,65671,65862,66393,65743
560,1,1,16,76781,76360,75566,75521,76189,69483,68286,68856,68473,68316,77016,76338,75804,76281,75909,65958,65218,65407,65933,65292
561,0,1,16,77379,76931,76140,76103,76768,69952,68751,69317,68946,68792,77588,76920,76407,76879,76482,66408,65676,65858,66380,65743
562,1,1,16,76800,76358,75575,75543,76187,69496,68302,68853,68469,68315,77028,76343,75827,76301,75922,65960,65215,65408,65925,65310
563,0,1,16,77372,76943,76140,76106,76775,69943,68765,69324,68925,68778,77613,76921,76410,76864,76489,66408,65672,65861,66374,65755
564,1,1,16,76765,76347,75552,75522,76182,69473,68288,68855,68463,68312,77019,76333,75815,76288,75905,65952,65223,65385,65926,65283
565,0,1,16,77357,76914,76110,76084,76769,69939,68747,69308,68929,68781,77597,76918,76403,76890,76477,66405,65681,65840,66389,65743
566,1,1,16,76790,76335,75563,75536,76186,69502,68303,68863,68477,68320,77007,76334,75809,76291,75916,65963,65229,65398,65935,65286
567,0,1,16,77385,76931,76150,76116,76775,69976,68780,69331,68956,68794,77609,76932,76403,76889,76515,66429,65683,65861,66402,65751
568,1,1,16,76785,76342,75552,75536,76192,69495,68291,68860,68476,68320,77026,76348,75826,76298,75903,65971,65232,65409,65950,65306
569,0,1,16,77371,76916,76117,76105,76780,69953,68757,69328,68936,68789,77602,76925,76407,76893,76488,66425,65687,65855,66404,65758
570,1,1,16,76810,76369,75596,75572,76225,69526,68296,68892,68496,68344,77050,76366,75845,76322,75933,65975,65255,65431,65965,65313
571,0,1,16,77359,76907,76127,76110,76774,69948,68736,69321,68936,68784,77594,76911,76410,76867,76474,66403,65673,65859,66383,65738
572,1,1,16,76800,76355,75575,75549,76190,69483,68296,68878,68472,68322,77027,76348,75827,76315,75924,65960,65224,65409,65945,65311
573,0,1,16,77402,76952,76160,76134,76789,69968,68771,69351,68951,68800,77622,76933,76417,76907,76513,66430,65699,65884,66420,65780
574,1,1,16,76800,76362,75593,75554,76192,69493,68299,68873,68483,68345,77041,76341,75827,76312,75917,65971,65243,65410,65958,65325
575,0,1,16,77382,76923,76158,76114,76765,69949,68747,69338,68937,68790,77609,76910,76409,76880,76477,66414,65686,65857,66402,65768
576,1,1,16,76781,76337,75559,75535,76184,69479,68277,68860,68455,68312,77007,76332,75803,76304,75901,65946,65205,65386,65921,65298
577,0,1,16,77373,76907,76124,76107,76761,69939,68743,69324,68931,68786,77599,76920,76401,76893,76493,66406,65663,65849,66381,65758
578,1,1,16,76791,76350,75565,75532,76201,69495,68295,68861,68488,68324,77041,76336,75805,76300,75909,65967,65235,65391,65936,65328
579,0,1,16,77390,76933,76141,76092,76788,69967,68757,69326,68950,68785,77617,76932,76401,76894,76493,66423,65693,65843,66388,65785
580,1,1,16,76769,76336,75571,75531,76188,69478,68264,68853,68470,68334,77042,76332,75815,76306,75888,65952,65223,65386,65920,65300
581,0,1,16,77375,76915,76143,76106,76766,69946,68739,69322,68939,68800,77616,76913,76405,76895,76482,66407,65684,65846,66393,65764
582,1,1,16,76788,76363,75575,75533,76186,69479,68279,68863,68478,68307,77042,76337,75811,76305,75909,65963,65237,65388,65933,65298
583,0,1,16,77368,76924,76138,76093,76764,69933,68727,69318,68930,68769,77613,76915,76383,76870,76472,66403,65678,65837,66375,65745
584,1,1,16,76788,76360,75573,75547,76191,69504,68285,68859,68494,68317,77057,76342,75813,76302,75918,65968,65249,65400,65931,65270
585,0,1,16,77379,76928,76143,76118,76762,69957,68750,69323,68956,68779,77633,76915,76397,76887,76484,66418,65687,65841,66377,65729
586,1,1,16,76794,76349,75590,75557,76212,69509,68315,68883,68502,68336,77047,76358,75832,76322,75927,65994,65253,65420,65939,65306
587,0,1,16,77365,76917,76162,76114,76784,69960,68764,69337,68959,68785,77621,76918,76408,76900,76485,66433,65703,65858,66385,65752
588,1,1,16,76793,76362,75572,75541,76175,69499,68298,68851,68466,68312,77038,76345,75814,76302,75917,65955,65221,65401,65915,65284
589,0,1,16,77385,76942,76147,76109,76761,69953,68765,69317,68937,68786,77625,76918,76399,76879,76485,66412,65682,65866,66376,65739
590,1,1,16,76773,76337,75544,75544,76176,69477,68285,68854,68468,68304,77043,76337,75817,76288,75907,65944,65238,65393,65912,65287
591,0,1,16,77350,76910,76105,76096,76748,69927,68732,69304,68918,68755,77611,76901,76400,76863,76468,66384,65666,65836,66353,65718
592,1,1,16,76804,76377,75561,75548,76174,69508,68290,68866,68478,68329,77031,76340,75837,76323,75930,65979,65235,65410,65932,65302
593,0,1,16,77376,76948,76135,76104,76753,69951,68748,69328,68939,68780,77607,76905,76409,76896,76495,66431,65690,65860,66392,65754
594,1,1,16,76795,76378,75569,75550,76188,69502,68286,68873,68485,68316,77027,76339,75825,76314,75920,65973,65225,65410,65931,65305
595,0,1,16,77391,76956,76142,76131,76776,69977,68767,69344,68957,68797,77627,76945,76412,76916,76501,66438,65693,65877,66401,65757
596,1,1,16,76803,76393,75580,75556,76200,69502,68296,68866,68484,68329,77055,76357,75848,76323,75929,65981,65250,65427,65934,65308
597,0,1,16,77379,76953,76146,76115,76780,69953,68759,69326,68940,68780,77626,76930,76416,76898,76492,66419,65695,65873,66374,65748
598,1,1,16,76761,76343,75550,75533,76171,69482,68265,68831,68457,68318,77028,76324,75799,76284,75918,65940,65207,65370,65901,65283
599,0,1,16,77355,76924,76125,76102,76759,69950,68734,69299,68924,68787,77602,76910,76382,76867,76490,66385,65670,65826,66364,65733
600,1,1,16,76803,76382,75591,75568,76190,69505,68302,68880,68496,68341,77043,76342,75835,76310,75931,65977,65257,65417,65936,65314
601,0,1,16,77400,76957,76164,76159,76799,69982,68780,69350,68955,68816,77639,76932,76430,76900,76519,66429,65718,65870,66408,65789
602,1,1,16,76784,76346,75564,75548,76183,69493,68283,68866,68463,68319,77048,76331,75816,76316,75916,65956,65232,65406,65930,65292
603,0,1,16,77376,76928,76147,76120,76761,69957,68752,69332,68925,68784,77621,76918,76409,76909,76499,66416,65697,65863,66386,65745
604,1,1,16,76789,76359,75575,75563,76175,69492,68309,68868,68482,68333,77040,76345,75825,76319,75930,65972,65245,65403,65929,65292
605,0,1,16,77391,76945,76151,76123,76771,69960,68777,69349,68955,68806,77619,76933,76411,76896,76500,66426,65698,65855,66380,65746
606,1,1,16,76786,76341,75561,75555,76191,69488,68303,68869,68493,68315,77032,76354,75823,76301,75914,65976,65221,65406,65924,65288
607,0,1,16,77378,76932,76146,76132,76781,69961,68777,69325,68951,68793,77621,76939,76406,76885,76490,66436,65690,65867,66379,65752
608,1,1,16,76777,76347,75569,75561,76182,69507,68288,68849,68467,68320,77027,76356,75806,76316,75906,65964,65225,65400,65915,65284
609,0,1,16,77371,76922,76136,76133,76759,69961,68760,69322,68939,68788,77604,76934,76401,76893,76482,66417,65677,65853,66380,65739
610,1,1,16,76795,76342,75570,75548,76192,69508,68304,68879,68483,68341,77047,76357,75825,76311,75931,65957,65217,65409,65938,65294
611,0,1,16,77381,76919,76148,76109,76766,69962,68771,69345,68953,68799,77625,76932,76400,76887,76499,66402,65672,65863,66392,65749
612,1,1,16,76787,76350,75588,75563,76181,69513,68307,68877,68466,68329,77075,76372,75839,76331,75932,65967,65249,65423,65952,65313
613,0,1,16,77366,76903,76150,76122,76748,69950,68754,69342,68920,68783,77647,76933,76397,76891,76479,66397,65681,65866,66388,65750
614,1,1,16,76788,76359,75613,75572,76197,69505,68310,68878,68481,68338,77044,76361,75844,76317,75948,65978,65248,65415,65922,65323
615,0,1,16,77382,76920,76165,76121,76765,69960,68765,69323,68943,68789,77616,76937,76411,76887,76504,66428,65694,65857,66373,65762
616,1,1,16,76785,76334,75582,75556,76191,69486,68291,68860,68484,68330,77038,76351,75816,76317,75936,65958,65249,65420,65928,65309
617,0,1,16,77371,76904,76121,76107,76759,69943,68744,69313,68930,68787,77619,76918,76386,76887,76495,66396,65682,65855,66371,65747
618,1,1,16,76802,76337,75573,75560,76180,69490,68297,68855,68475,68330,77043,76359,75815,76321,75928,65965,65219,65406,65927,65311
619,0,1,16,77387,76910,76132,76118,76757,69945,68761,69314,68935,68795,77623,76929,76389,76891,76497,66416,65665,65859,66390,65755
620,1,1,16,76786,76326,75563,75526,76183,69488,68288,68849,68468,68309,77048,76351,75814,76315,75922,65953,65237,65397,65950,65290
621,0,1,16,77399,76915,76157,76103,76777,69973,68767,69323,68944,68801,77642,76953,76417,76912,76508,66427,65698,65861,66417,65762
622,1,1,16,76795,76332,75579,75546,76182,69510,68309,68860,68488,68326,77052,76365,75817,76324,75935,65969,65248,65425,65954,65298
623,0,1,16,77375,76922,76154,76113,76766,69969,68773,69317,68958,68797,77623,76949,76410,76908,76514,66432,65703,65877,66409,65766
624,1,1,16,76801,76346,75582,75563,76188,69510,68307,68864,68489,68337,77062,76380,75839,76307,75947,65982,65237,65426,65943,65297
625,0,1,16,77389,76921,76152,76139,76776,69961,68767,69322,68944,68815,77655,76951,76411,76893,76512,66436,65688,65880,66401,65746
626,1,1,16,76795,76356,75578,75557,76192,69512,68316,68870,68497,68329,77064,76369,75826,76331,75938,65986,65263,65417,65960,65302
627,0,1,16,77383,76937,76161,76128,76766,69978,68783,69336,68961,68795,77653,76951,76417,76920,76499,66431,65719,65869,66409,65754
628,1,1,16,76783,76362,75574,75560,76179,69500,68299,68880,68475,68346,77053,76359,75821,76296,75919,65975,65233,65415,65944,65297
629,0,1,16,77379,76926,76155,76136,76779,69971,68773,69350,68933,68835,77646,76947,76420,76894,76503,66439,65705,65878,66407,65754
630,1,1,16,76796,76333,75567,75562,76180,69498,68319,68859,68487,68331,77062,76345,75827,76302,75915,65977,65238,65421,65940,65303
631,0,1,16,77378,76908,76139,76133,76754,69948,68772,69323,68942,68794,77638,76928,76404,76882,76492,66431,65676,65863,66396,65754
632,1,1,16,76787,76349,75573,75561,76184,69502,68307,68869,68497,68322,77064,76365,75852,76327,75933,65980,65253,65428,65956,65302
633,0,1,16,77377,76912,76142,76127,76757,69965,68764,69332,68969,68787,77655,76947,76440,76915,76507,66430,65703,65878,66405,65761
634,1,1,16,76798,76348,75578,75573,76191,69497,68307,68854,68494,68314,77054,76353,75842,76325,75918,65964,65219,65418,65938,65307
635,0,1,16,77375,76905,76139,76127,76772,69949,68770,69321,68958,68782,77631,76925,76412,76899,76474,66407,65675,65862,66384,65746
636,1,1,16,76790,76343,75561,75553,76184,69484,68289,68864,68486,68329,77039,76345,75829,76305,75906,65975,65221,65414,65933,65312
637,0,1,16,77386,76919,76140,76126,76760,69949,68746,69331,68953,68794,77616,76918,76402,76895,76487,66412,65667,65861,66381,65763
638,1,1,16,76781,76341,75554,75554,76190,69495,68300,68877,68478,68314,77062,76350,75830,76300,75908,65965,65244,65418,65939,65314
639,0,1,16,77390,76939,76140,76131,76778,69957,68767,69353,68954,68790,77648,76933,76435,76889,76497,66421,65696,65881,66411,65773
640,1,1,16,76786,76345,75580,75563,76176,69502,68303,68857,68488,68316,77059,76325,75821,76305,75894,65958,65237,65420,65925,65295
641,0,1,16,77371,76928,76149,76137,76755,69968,68767,69325,68947,68782,77636,76918,76413,76890,76483,66422,65690,65867,66383,65761
642,1,1,16,76781,76339,75555,75552,76169,69484,68291,68841,68461,68311,77052,76329,75806,76282,75907,65954,65216,65412,65906,65282
643,0,1,16,77379,76941,76140,76128,76775,69961,68770,69325,68938,68795,77638,76923,76401,76891,76495,66415,65684,65869,66370,65757
644,1,1,16,76787,76334,75575,75555,76182,69481,68316,68869,68490,68315,77053,76328,75832,76310,75917,65969,65218,65418,65936,65307
645,0,1,16,77362,76904,76130,76109,76753,69933,68766,69323,68939,68774,77612,76901,76384,76880,76477,66407,65672,65858,66376,65741
646,1,1,16,76771,76300,75546,75527,76159,69478,68282,68833,68468,68281,77029,76325,75784,76294,75895,65935,65204,65387,65895,65269
647,0,1,16,77371,76895,76117,76101,76751,69951,68747,69305,68930,68750,77625,76905,76387,76889,76466,66399,65653,65855,66369,65724
648,1,1,16,76780,76336,75561,75544,76177,69506,68280,68863,68473,68298,77044,76332,75814,76302,75923,65954,65230,65407,65916,65280
649,0,1,16,77366,76911,76123,76106,76745,69964,68737,69312,68940,68751,77615,76900,76389,76876,76488,66389,65679,65835,66378,65739
650,1,1,16,76776,76338,75561,75533,76170,69497,68275,68852,68462,68301,77036,76310,75805,76300,75917,65952,65226,65389,65914,65288
651,0,1,16,77363,76901,76124,76090,76754,69947,68731,69308,68917,68763,77610,76889,76393,76880,76484,66394,65670,65843,66357,65739
652,1,1,16,76800,76382,75591,75556,76188,69507,68314,68872,68482,68319,77049,76361,75826,76313,75924,65977,65239,65428,65931,65301
653,0,1,16,77355,76934,76132,76097,76748,69937,68746,69301,68926,68758,77604,76920,76382,76878,76470,66400,65656,65847,66365,65729
654,1,1,16,76787,76361,75570,75549,76180,69502,68297,68863,68480,68301,77037,76335,75832,76310,75920,65983,65229,65416,65930,65303
655,0,1,16,77397,76953,76140,76120,76765,69972,68767,69324,68958,68766,77614,76924,76411,76893,76494,66431,65681,65876,66389,65755
656,1,1,16,76800,76382,75565,75559,76186,69520,68303,68876,68492,68327,77046,76355,75828,76326,75905,66001,65230,65426,65928,65300
657,0,1,16,77384,76945,76130,76119,76767,69968,68764,69335,68954,68789,77629,76935,76399,76910,76480,66439,65686,65869,66380,65752
658,1,1,16,76776,76370,75570,75552,76187,69507,68284,68854,68492,68306,77042,76359,75823,76309,75909,65965,65230,65412,65899,65289
659,0,1,16,77363,76942,76142,76102,76777,69962,68754,69312,68946,68779,77624,76938,76401,76895,76482,66414,65684,65851,66352,65743
660,1,1,16,76767,76366,75575,75543,76178,69483,68294,68851,68463,68295,77023,76335,75800,76301,75900,65958,65231,65402,65917,65279
661,0,1,16,77386,76963,76164,76126,76772,69962,68770,69326,68955,68792,77633,76936,76390,76906,76488,66422,65703,65868,66387,65751
662,1,1,16,76782,76361,75567,75554,76193,69497,68298,68858,68486,68317,77051,76358,75799,76322,75923,65961,65250,65409,65911,65301
663,0,1,16,77367,76938,76139,76118,76763,69952,68755,69324,68944,68782,77628,76944,76393,76897,76481,66411,65704,65857,66364,65753
664,1,1,16,76794,76366,75594,75572,76186,69496,68309,68883,68493,68334,77062,76380,75842,76318,75933,65971,65237,65408,65942,65305
665,0,1,16,77351,76914,76141,76118,76758,69943,68750,69323,68938,68776,77614,76941,76393,76869,76476,66401,65674,65845,66370,65739
666,1,1,16,76774,76337,75545,75526,76149,69466,68281,68837,68449,68282,77026,76330,75807,76302,75892,65942,65215,65369,65899,65273
667,0,1,16,77374,76933,76132,76103,76734,69946,68742,69313,68938,68759,77631,76927,76405,76888,76484,66406,65677,65844,66376,65742
668,1,1,16,76780,76353,75561,75534,76151,69498,68290,68859,68456,68292,77021,76346,75806,76294,75920,65950,65216,65399,65900,65278
669,0,1,16,77360,76918,76114,76088,76734,69953,68745,69314,68913,68748,77600,76929,76385,76875,76485,66400,65665,65852,66344,65728
670,1,1,16,76779,76354,75560,75552,76179,69493,68288,68857,68461,68303,77033,76343,75821,76313,75924,65961,65232,65406,65928,65290
671,0,1,16,77371,76939,76128,76129,76767,69951,68753,69318,68936,68768,77616,76926,76420,76903,76494,66410,65681,65863,66378,65745
672,1,1,16,76764,76357,75547,75550,76173,69485,68277,68852,68465,68301,77026,76343,75809,76314,75908,65955,65201,65391,65922,65276
673,0,1,16,77366,76939,76118,76111,76767,69953,68749,69315,68930,68770,77621,76932,76403,76895,76494,66408,65658,65857,66382,65732
674,1,1,16,76779,76347,75569,75555,76168,69490,68295,68867,68462,68303,77029,76343,75816,76317,75919,65954,65215,65398,65924,65291
675,0,1,16,77381,76930,76139,76113,76765,69955,68767,69340,68938,68769,77619,76935,76392,76907,76496,66402,65668,65858,66391,65749
676,1,1,16,76797,76356,75571,75551,76189,69501,68298,68868,68476,68324,77034,76349,75819,76323,75915,65957,65239,65421,65933,65288
677,0,1,16,77383,76924,76132,76113,76767,69953,68748,69324,68934,68767,77599,76919,76394,76901,76466,66402,65678,65862,66358,65728
678,1,1,16,76759,76339,75552,75532,76176,69489,68291,68844,68469,68296,77029,76340,75832,76313,75904,65965,65232,65422,65928,65284
679,0,1,16,77350,76918,76114,76100,76745,69939,68743,69306,68927,68757,77601,76893,76403,76892,76481,66404,65679,65856,66366,65721
680,1,1,16,76753,76339,75544,75529,76159,69470,68288,68835,68432,68297,77006,76324,75806,76303,75889,65931,65201,65384,65920,65267
681,0,1,16,77356,76940,76136,76108,76748,69943,68762,69316,68929,68778,77615,76916,76404,76900,76475,66392,65670,65841,66390,65728
682,1,1,16,76759,76335,75539,75527,76163,69478,68287,68849,68454,68311,77019,76336,75813,76298,75896,65941,65222,65395,65918,65280
683,0,1,16,77363,76925,76122,76118,76769,69958,68761,69321,68931,68784,77619,76931,76406,76896,76486,66402,65682,65858,66383,65740
684,1,1,16,76766,76345,75536,75543,76187,69475,68268,68846,68466,68304,77033,76336,75816,76301,75923,65939,65217,65413,65927,65292
685,0,1,16,77355,76905,76112,76119,76777,69942,68732,69314,68928,68776,77613,76920,76396,76879,76486,66403,65672,65864,66383,65746
686,1,1,16,76790,76359,75580,75560,76204,69505,68305,68859,68486,68341,77025,76352,75849,76328,75933,65978,65247,65429,65948,65307
687,0,1,16,77373,76931,76150,76130,76794,69958,68776,69336,68955,68800,77622,76936,76428,76908,76512,66433,65701,65883,66402,65755
688,1,1,16,76804,76368,75611,75578,76219,69528,68319,68903,68501,68349,77059,76363,75854,76336,75959,65987,65259,65442,65958,65331
689,0,1,16,77400,76962,76180,76144,76806,69979,68783,69361,68966,68813,77654,76939,76437,76921,76538,66440,65710,65886,66419,65791
690,1,1,16,76800,76369,75579,75569,76207,69517,68297,68880,68484,68337,77053,76355,75824,76315,75918,65974,65234,65439,65949,65317
691,0,1,16,77391,76947,76151,76131,76786,69969,68751,69348,68957,68797,77626,76945,76421,76898,76494,66424,65682,65889,66396,65764
692,1,1,16,76791,76358,75561,75554,76180,69502,68299,68870,68465,68328,77051,76353,75817,76319,75925,65975,65250,65413,65928,65306
693,0,1,16,77387,76947,76153,76128,76779,69978,68775,69333,68949,68801,77631,76943,76410,76906,76502,66434,65711,65877,66404,65773
694,1,1,16,76789,76363,75571,75559,76195,69503,68295,68861,68484,68323,77019,76359,75824,76306,75939,65968,65243,65418,65930,65311
695,0,1,16,77381,76952,76154,76137,76778,69965,68758,69319,68951,68787,77608,76940,76413,76899,76519,66413,65702,65875,66388,65769
696,1,1,16,76788,76355,75572,75557,76188,69490,68289,68865,68476,68328,77051,76354,75819,76302,75916,65951,65245,65413,65938,65298
697,0,1,16,77376,76920,76154,76124,76776,69956,68749,69320,68939,68794,77625,76941,76401,76896,76496,66404,65690,65864,66389,65754
698,1,1,16,76793,76367,75585,75574,76202,69506,68306,68878,68475,68325,77056,76366,75816,76297,75949,65974,65256,65424,65955,65323
699,0,1,16,77379,76949,76155,76143,76788,69966,68774,69338,68945,68795,77634,76954,76416,76893,76519,66426,65717,65880,66413,65785
700,1,1,16,76798,76360,75579,75570,76190,69512,68307,68867,68484,68325,77041,76370,75821,76312,75923,65964,65235,65425,65951,65314
701,0,1,16,77390,76953,76151,76141,76776,69982,68770,69334,68961,68802,77618,76952,76404,76892,76497,66422,65703,65887,66411,65768
702,1,1,16,76799,76378,75584,75565,76191,69489,68306,68855,68460,68317,77059,76361,75825,76315,75933,65984,65246,65439,65949,65325
703,0,1,16,77369,76944,76149,76125,76760,69935,68756,69330,68915,68775,77626,76934,76390,76888,76497,66424,65682,65879,66396,65772
704,1,1,16,76799,76358,75563,75577,76197,69493,68299,68851,68473,68322,77050,76341,75827,76294,75926,65961,65244,65411,65942,65285
705,0,1,16,77365,76925,76131,76131,76773,69945,68750,69320,68934,68777,77620,76914,76399,76870,76490,66412,65687,65860,66391,65736
706,1,1,16,76786,76343,75574,75558,76181,69501,68307,68853,68460,68321,77057,76356,75820,76288,75936,65978,65237,65417,65944,65293
707,0,1,16,77373,76929,76146,76122,76765,69960,68776,69321,68930,68793,77625,76947,76407,76869,76506,66432,65680,65864,66409,65754
708,1,1,16,76805,76360,75575,75550,76175,69485,68308,68853,68474,68314,77046,76357,75812,76299,75941,65965,65247,65396,65937,65311
709,0,1,16,77406,76939,76150,76122,76771,69959,68778,69333,68951,68802,77640,76949,76422,76905,76534,66439,65713,65881,66414,65777
710,1,1,16,76787,76352,75558,75550,76179,69482,68292,68853,68443,68316,77055,76361,75826,76301,75913,65964,65230,65408,65940,65287
711,0,1,16,77369,76940,76126,76128,76753,69958,68759,69323,68918,68793,77625,76938,76413,76885,76496,66414,65691,65872,66409,65744
712,1,1,16,76780,76365,75554,75568,76195,69498,68295,68870,68481,68329,77057,76352,75822,76319,75925,65966,65245,65432,65941,65334
713,0,1,16,77377,76937,76124,76139,76776,69959,68762,69328,68947,68787,77636,76934,76419,76901,76486,66415,65701,65882,66405,65787
714,1,1,16,76786,76360,75572,75566,76202,69516,68306,68887,68492,68317,77056,76365,75837,76318,75939,65994,65261,65441,65954,65346
715,0,1,16,77386,76946,76145,76136,76784,69973,68775,69352,68944,68784,77639,76943,76415,76903,76513,66447,65709,65907,66420,65795
716,1,1,16,76800,76367,75566,75571,76179,69505,68295,68867,68479,68307,77051,76357,75829,76302,75931,65971,65249,65423,65957,65322
717,0,1,16,77384,76943,76137,76149,76754,69960,68758,69331,68951,68784,77622,76939,76409,76883,76516,66415,65703,65881,66411,65763
718,1,1,16,76791,76368,75570,75561,76175,69506,68308,68883,68494,68318,77050,76351,75834,76305,75943,65971,65229,65425,65948,65326
719,0,1,16,77377,76948,76143,76131,76770,69972,68784,69348,68961,68786,77645,76940,76422,76901,76521,66426,65690,65868,66416,65778
720,1,1,16,76802,76355,75573,75575,76208,69518,68324,68888,68497,68325,77056,76358,75836,76311,75942,65970,65247,65418,65947,65328
721,0,1,16,77384,76922,76136,76141,76777,69963,68767,69339,68970,68786,77615,76936,76413,76886,76511,66419,65694,65863,66395,65773
722,1,1,16,76772,76337,75573,75576,76190,69515,68287,68864,68473,68315,77040,76362,75808,76302,75928,65960,65243,65411,65946,65301
723,0,1,16,77366,76915,76152,76140,76776,69974,68756,69332,68939,68776,77621,76937,76398,76886,76509,66420,65684,65864,66398,65757
724,1,1,16,76789,76367,75588,75577,76210,69523,68312,68875,68482,68317,77062,76361,75845,76319,75938,65977,65261,65436,65965,65335
725,0,1,16,77385,76951,76166,76148,76783,69980,68771,69331,68948,68772,77632,76947,76428,76902,76515,66415,65709,65898,66410,65776
726,1,1,16,76817,76382,75583,75590,76213,69524,68329,68871,68500,68335,77074,76366,75842,76325,75931,65995,65250,65438,65957,65326
727,0,1,16,77386,76939,76150,76147,76785,69974,68781,69330,68952,68794,77635,76953,76420,76895,76501,66435,65692,65869,66417,65765
728,1,1,16,76802,76355,75584,75577,76213,69513,68315,68871,68470,68326,77071,76351,75840,76314,75936,65988,65245,65432,65956,65313
729,0,1,16,77377,76936,76152,76138,76781,69966,68773,69331,68947,68789,77642,76943,76427,76903,76513,66438,65693,65878,66410,65775
730,1,1,16,76788,76366,75565,75567,76189,69522,68306,68862,68481,68332,77074,76357,75837,76322,75932,65984,65249,65423,65950,65313
731,0,1,16,77382,76938,76133,76135,76775,69981,68769,69328,68949,68798,77645,76933,76421,76903,76512,66442,65700,65869,66393,65770
732,1,1,16,76812,76370,75570,75574,76207,69522,68331,68871,68491,68346,77080,76361,75840,76321,75936,65989,65243,65417,65953,65322
733,0,1,16,77377,76932,76129,76125,76777,69966,68771,69317,68938,68794,77629,76929,76411,76892,76488,66433,65682,65861,66398,65767
734,1,1,16,76781,76357,75553,75555,76183,69501,68301,68865,68481,68327,77036,76360,75843,76322,75926,65979,65256,65407,65944,65299
735,0,1,16,77390,76958,76137,76144,76787,69983,68795,69331,68969,68813,77637,76962,76439,76913,76521,66450,65717,65879,66410,65778
736,1,1,16,76787,76361,75570,75569,76200,69505,68300,68866,68488,68331,77068,76361,75849,76326,75947,65984,65270,65410,65958,65321
737,0,1,16,77364,76920,76133,76138,76768,69948,68758,69319,68936,68794,77629,76934,76426,76885,76508,66421,65706,65860,66406,65759
738,1,1,16,76775,76350,75552,75556,76190,69491,68296,68847,68461,68308,77053,76349,75827,76294,75932,65988,65263,65411,65934,65296
739,0,1,16,77364,76922,76121,76122,76768,69945,68757,69308,68929,68759,77629,76930,76403,76873,76489,66420,65709,65856,66385,65746
740,1,1,16,76769,76360,75554,75555,76181,69500,68278,68844,68475,68319,77076,76349,75824,76311,75919,65972,65257,65412,65950,65293
741,0,1,16,77377,76939,76134,76126,76780,69986,68753,69318,68952,68796,77659,76940,76411,76907,76514,66441,65702,65868,66412,65768
742,1,1,16,76769,76335,75529,75548,76173,69494,68275,68852,68468,68326,77036,76353,75831,76301,75890,65945,65237,65395,65926,65291
743,0,1,16,77357,76916,76100,76114,76745,69952,68734,69319,68924,68788,77611,76920,76402,76890,76461,66396,65667,65835,66386,65726
744,1,1,16,76765,76361,75560,75556,76190,69513,68287,68849,68470,68315,77058,76344,75841,76318,75925,65970,65237,65420,65944,65313
745,0,1,16,77355,76943,76143,76130,76773,69962,68746,69314,68932,68779,77630,76920,76418,76895,76488,66416,65691,65862,66394,65746
746,1,1,16,76772,76364,75563,75560,76183,69506,68302,68852,68461,68307,77067,76367,75824,76307,75915,65959,65246,65401,65955,65302
747,0,1,16,77350,76914,76115,76111,76754,69936,68751,69299,68920,68763,77620,76942,76402,76878,76466,66397,65697,65846,66412,65743
748,1,1,16,76769,76344,75553,75552,76176,69492,68275,68833,68462,68292,77038,76351,75820,76294,75894,65960,65231,65398,65940,65298
749,0,1,16,77366,76919,76137,76116,76756,69958,68737,69300,68936,68751,77619,76923,76403,76878,76462,66417,65688,65855,66399,65759
750,1,1,16,76770,76354,75564,75542,76185,69488,68278,68852,68467,68307,77032,76344,75807,76294,75903,65953,65243,65413,65952,65309
751,0,1,16,77368,76932,76137,76124,76765,69959,68752,69329,68941,68778,77628,76938,76391,76887,76491,66416,65700,65876,66408,65764
752,1,1,16,76788,76364,75573,75576,76191,69496,68291,68856,68465,68322,77044,76352,75823,76308,75910,65973,65246,65422,65950,65308
753,0,1,16,77363,76925,76138,76127,76761,69947,68750,69307,68914,68769,77602,76932,76392,76883,76472,66412,65691,65855,66383,65743
754,1,1,16,76782,76368,75568,75552,76197,69498,68294,68864,68482,68314,77027,76355,75826,76298,75922,65971,65241,65408,65943,65306
755,0,1,16,77360,76930,76137,76109,76776,69953,68753,69316,68929,68778,77610,76919,76415,76875,76474,66410,65682,65848,66394,65745
756,1,1,16,76793,76361,75576,75560,76185,69502,68295,68881,68461,68330,77054,76368,75843,76322,75922,65972,65254,65429,65947,65298
757,0,1,16,77363,76920,76128,76119,76748,69950,68758,69326,68914,68781,77601,76937,76418,76888,76484,66412,65680,65873,66390,65736
758,1,1,16,76806,76358,75576,75577,76196,69496,68303,68881,68481,68322,77059,76370,75842,76325,75933,65972,65248,65425,65943,65307
759,0,1,16,77384,76952,76149,76148,76785,69958,68775,69346,68944,68790,77650,76940,76416,76912,76500,66422,65700,65868,66398,65756
760,1,1,16,76776,76369,75575,75562,76184,69513,68304,68867,68477,68326,77057,76362,75823,76319,75938,65993,65244,65441,65954,65312
761,0,1,16,77378,76954,76141,76123,76769,69974,68765,69340,68925,68792,77645,76941,76415,76900,76507,66443,65691,65895,66411,65771
762,1,1,16,76797,76365,75562,75578,76179,69506,68294,68877,68472,68304,77071,76357,75835,76318,75941,65992,65241,65437,65956,65300
763,0,1,16,77374,76937,76120,76139,76756,69957,68756,69340,68939,68765,77640,76914,76408,76898,76492,66438,65694,65882,66416,65751
764,1,1,16,76782,76360,75555,75574,76191,69499,68304,68848,68452,68297,77052,76360,75820,76281,75901,65957,65222,65434,65919,65292
765,0,1,16,77383,76950,76133,76145,76787,69970,68774,69318,68927,68773,77651,76950,76396,76889,76493,66424,65689,65886,66390,65757
766,1,1,16,76780,76351,75556,75571,76176,69500,68300,68862,68455,68311,77054,76358,75819,76308,75929,65972,65218,65413,65950,65314
767,0,1,16,77377,76935,76134,76148,76782,69971,68769,69333,68934,68780,77651,76942,76408,76890,76511,66429,65680,65871,66399,65761
768,1,1,16,76770,76354,75561,75555,76182,69504,68280,68850,68477,68313,77046,76352,75820,76317,75926,65957,65238,65412,65938,65290
769,0,1,16,77348,76906,76121,76105,76750,69947,68731,69312,68924,68768,77607,76930,76392,76885,76479,66392,65670,65847,66374,65717
770,1,1,16,76775,76346,75554,75557,76185,69496,68294,68857,68461,68311,77043,76336,75804,76297,75908,65953,65222,65398,65917,65287
771,0,1,16,77379,76943,76145,76144,76785,69968,68769,69340,68953,68793,77643,76931,76408,76896,76500,66414,65690,65872,66398,65758
772,1,1,16,76800,76368,75571,75588,76191,69534,68314,68873,68481,68328,77088,76377,75841,76319,75945,65978,65253,65437,65952,65303
773,0,1,16,77371,76916,76120,76133,76753,69964,68754,69317,68930,68766,77632,76936,76398,76882,76481,66407,65676,65865,66391,65733
774,1,1,16,76791,76361,75565,75552,76193,69513,68296,68861,68472,68315,77069,76349,75819,76317,75931,65981,65226,65435,65919,65292
775,0,1,16,77374,76930,76125,76111,76758,69957,68773,69320,68944,68785,77645,76928,76404,76888,76496,66422,65672,65881,66376,65741
776,1,1,16,76796,76364,75571,75588,76203,69522,68319,68871,68486,68346,77081,76364,75847,76320,75937,65991,65255,65447,65964,65318
777,0,1,16,77366,76930,76131,76130,76779,69969,68773,69331,68942,68794,77640,76926,76422,76893,76495,66441,65692,65876,66412,65753
778,1,1,16,76791,76362,75561,75561,76171,69514,68310,68869,68476,68328,77059,76345,75823,76320,75931,65959,65242,65425,65947,65296
779,0,1,16,77374,76928,76125,76124,76745,69963,68760,69322,68937,68789,77640,76926,76401,76900,76500,66407,65693,65870,66403,65756
780,1,1,16,76800,76358,75578,75573,76185,69507,68312,68883,68481,68352,77057,76351,75829,76326,75942,65981,65246,65426,65948,65319
781,0,1,16,77378,76925,76129,76129,76756,69948,68759,69330,68947,68796,77633,76917,76409,76900,76499,66413,65688,65865,66396,65759
782,1,1,16,76797,76360,75580,75571,76192,69512,68310,68879,68480,68326,77067,76366,75830,76318,75939,65977,65258,65417,65962,65313
783,0,1,16,77384,76953,76153,76136,76776,69972,68780,69347,68951,68801,77662,76954,76430,76911,76511,66437,65700,65883,66422,65754
784,1,1,16,76783,76344,75554,75557,76180,69490,68298,68872,68458,68310,77062,76361,75806,76309,75915,65970,65233,65410,65941,65284
785,0,1,16,77367,76916,76122,76119,76755,69950,68763,69329,68921,68778,77624,76927,76382,76892,76483,66420,65681,65859,66389,65734
786,1,1,16,76781,76347,75562,75590,76189,69509,68298,68861,68474,68322,77073,76359,75816,76323,75923,65976,65253,65430,65935,65314
787,0,1,16,77388,76935,76138,76160,76786,69986,68775,69342,68947,68807,77646,76945,76426,76921,76503,66435,65703,65885,66401,65774
788,1,1,16,76808,76368,75579,75580,76200,69525,68325,68888,68479,68345,77063,76356,75840,76318,75936,65985,65248,65425,65959,65326
789,0,1,16,77403,76944,76157,76149,76780,69990,68791,69343,68951,68814,77646,76935,76422,76897,76504,66425,65709,65880,66417,65775
790,1,1,16,76787,76343,75570,75566,76180,69503,68307,68865,68469,68320,77054,76373,75812,76305,75905,65957,65232,65415,65936,65322
791,0,1,16,77377,76926,76133,76131,76767,69967,68775,69323,68931,68776,77630,76952,76400,76891,76484,66403,65673,65868,66387,65768
792,1,1,16,76779,76350,75565,75551,76178,69485,68299,68864,68462,68307,77030,76363,75817,76293,75909,65953,65240,65407,65913,65305
793,0,1,16,77361,76934,76136,76113,76760,69960,68770,69324,68923,68774,77611,76944,76405,76868,76492,66404,65693,65857,66377,65765
794,1,1,16,76781,76344,75568,75564,76182,69487,68316,68850,68464,68319,77050,76346,75797,76297,75924,65965,65247,65414,65934,65299
795,0,1,16,77375,76924,76142,76137,76772,69939,68784,69318,68940,68782,77643,76935,76373,76882,76510,66417,65689,65854,66395,65760
796,1,1,16,76790,76349,75571,75569,76197,69489,68325,68883,68478,68328,77043,76349,75820,76305,75921,65974,65247,65412,65955,65310
797,0,1,16,77361,76922,76140,76126,76765,69965,68787,69340,68936,68786,77624,76918,76396,76880,76486,66415,65676,65851,66391,65757
798,1,1,16,76783,76351,75579,75559,76188,69501,68319,68866,68473,68322,77046,76361,75806,76308,75915,65953,65248,65403,65927,65307
799,0,1,16,77381,76924,76149,76133,76787,69968,68781,69331,68934,68796,77634,76947,76392,76898,76493,66414,65715,65861,66380,65770
800,1,1,16,76791,76342,75562,75563,76190,69508,68319,68860,68469,68293,77048,76346,75806,76297,75911,65960,65246,65396,65940,65318
801,0,1,16,77382,76937,76154,76139,76780,69978,68788,69335,68939,68760,77636,76950,76401,76888,76501,66425,65699,65856,66409,65783
802,1,1,16,76788,76347,75585,75567,76200,69509,68314,68858,68472,68301,77058,76377,75813,76322,75923,65972,65260,65418,65951,65324
803,0,1,16,77384,76927,76160,76143,76779,69976,68785,69323,68957,68779,77654,76962,76407,76910,76514,66435,65714,65877,66405,65785
804,1,1,16,76799,76347,75589,75558,76201,69504,68320,68856,68461,68318,77054,76353,75820,76310,75919,65975,65241,65409,65944,65320
805,0,1,16,77387,76920,76170,76117,76786,69973,68796,69324,68930,68793,77646,76939,76405,76907,76505,66427,65697,65864,66409,65777
806,1,1,16,76799,76360,75595,75588,76212,69511,68348,68877,68484,68328,77071,76375,75837,76339,75931,65978,65261,65423,65965,65338
807,0,1,16,77371,76928,76145,76140,76782,69963,68794,69332,68936,68794,77623,76947,76400,76910,76484,66419,65697,65856,66405,65780
808,1,1,16,76784,76344,75569,75550,76175,69494,68308,68845,68458,68308,77038,76345,75809,76297,75904,65967,65245,65400,65933,65303
809,0,1,16,77366,76915,76140,76116,76757,69948,68772,69314,68924,68770,77617,76926,76398,76881,76476,66417,65699,65858,66393,65747
810,1,1,16,76801,76353,75582,75571,76181,69508,68305,68866,68479,68299,77053,76354,75817,76325,75925,65961,65242,65408,65944,65310
811,0,1,16,77372,76905,76136,76127,76747,69946,68758,69316,68932,68756,77603,76911,76384,76889,76476,66395,65677,65843,66379,65751
812,1,1,16,76813,76351,75595,75557,76169,69500,68321,68859,68481,68315,77030,76343,75828,76307,75932,65968,65247,65411,65931,65305
813,0,1,16,77383,76917,76150,76109,76745,69941,68766,69318,68940,68766,77604,76907,76397,76883,76504,66405,65687,65854,66382,65757
814,1,1,16,76777,76336,75558,75562,76150,69488,68297,68832,68455,68288,77019,76339,75806,76287,75884,65959,65234,65392,65926,65313
815,0,1,16,77369,76906,76140,76135,76741,69957,68768,69300,68925,68756,77607,76928,76401,76880,76483,66410,65694,65852,66385,65757
816,1,1,16,76811,76342,75578,75571,76167,69503,68317,68866,68480,68303,77045,76353,75824,76294,75928,65963,65223,65410,65944,65310
817,0,1,16,77404,76922,76153,76144,76768,69972,68788,69339,68940,68765,77622,76943,76424,76882,76495,66418,65672,65855,66390,65757
818,1,1,16,76798,76339,75566,75556,76174,69507,68307,68849,68467,68291,77031,76332,75809,76303,75932,65976,65225,65400,65928,65312
819,0,1,16,77382,76922,76143,76131,76757,69962,68775,69322,68938,68766,77629,76922,76401,76886,76504,66434,65682,65862,66382,65765
820,1,1,16,76783,76319,75572,75542,76181,69493,68300,68842,68458,68304,77014,76324,75818,76303,75900,65967,65214,65396,65929,65306
821,0,1,16,77365,76897,76147,76105,76755,69961,68766,69298,68933,68763,77606,76906,76392,76890,76474,66413,65679,65841,66385,65758
822,1,1,16,76785,76327,75568,75574,76188,69501,68308,68854,68469,68312,77041,76345,75806,76308,75919,65969,65220,65407,65942,65328
823,0,1,16,77368,76887,76123,76123,76750,69941,68757,69297,68910,68757,77605,76909,76381,76871,76476,66409,65666,65852,66383,65757
824,1,1,16,76785,76330,75554,75558,76168,69484,68304,68843,68453,68310,77037,76324,75804,76308,75914,65967,65220,65398,65937,65309
825,0,1,16,77378,76926,76131,76152,76764,69961,68783,69319,68932,68786,77634,76916,76403,76907,76498,66431,65681,65855,66397,65771
826,1,1,16,76785,76338,75575,75550,76179,69499,68306,68850,68472,68341,77025,76346,75827,76289,75933,65974,65241,65404,65950,65316
827,0,1,16,77402,76936,76153,76130,76775,69967,68785,69325,68948,68809,77620,76937,76422,76892,76529,66435,65696,65861,66417,65781
828,1,1,16,76777,76340,75574,75551,76176,69498,68293,68849,68450,68312,77032,76344,75808,76304,75915,65961,65219,65391,65937,65288
829,0,1,16,77384,76929,76152,76137,76773,69965,68769,69331,68926,68806,77626,76933,76418,76907,76504,66427,65678,65843,66407,65766
830,1,1,16,76787,76339,75590,75564,76182,69495,68306,68846,68461,68321,77040,76359,75824,76298,75910,65980,65229,65399,65933,65304
831,0,1,16,77386,76912,76158,76140,76751,69959,68774,69311,68927,68779,77623,76937,76416,76872,76480,66425,65677,65856,66395,65752
832,1,1,16,76803,76352,75576,75552,76178,69495,68304,68866,68475,68326,77062,76338,75828,76281,75906,65993,65229,65419,65951,65294
833,0,1,16,77385,76938,76163,76129,76755,69969,68760,69324,68943,68807,77625,76921,76412,76874,76489,66438,65694,65872,66408,65760
834,1,1,16,76806,76348,75603,75567,76176,69507,68301,68873,68479,68335,77061,76361,75818,76304,75928,65980,65236,65423,65942,65303
835,0,1,16,77390,76934,76161,76139,76762,69956,68762,69327,68938,68798,77626,76937,76402,76880,76493,66423,65690,65882,66398,65757
836,1,1,16,76785,76325,75569,75552,76168,69485,68302,68849,68452,68314,77042,76340,75787,76283,75924,65971,65214,65407,65946,65295
837,0,1,16,77365,76904,76140,76126,76757,69940,68767,69314,68911,68791,77616,76918,76392,76869,76493,66430,65667,65871,66406,65745
838,1,1,16,76796,76351,75580,75561,76171,69485,68300,68850,68465,68339,77029,76363,75805,76294,75926,65971,65220,65424,65944,65306
839,0,1,16,77395,76939,76162,76133,76752,69948,68778,69323,68940,68817,77622,76942,76392,76886,76497,66426,65682,65885,66400,65769
840,1,1,16,76792,76345,75595,75570,76205,69501,68308,68865,68474,68320,77046,76351,75818,76293,75910,65976,65237,65420,65948,65316
841,0,1,16,77379,76915,76162,76132,76775,69940,68763,69318,68927,68779,77625,76921,76392,76865,76481,66422,65681,65879,66395,65754
842,1,1,16,76804,76346,75597,75561,76182,69496,68298,68859,68462,68327,77060,76347,75833,76307,75931,65983,65232,65410,65955,65306
843,0,1,16,77378,76917,76154,76129,76754,69951,68759,69315,68928,68784,77636,76913,76402,76885,76499,66427,65676,65859,66402,65752
844,1,1,16,76780,76347,75583,75566,76173,69495,68306,68843,68461,68314,77031,76354,75825,76301,75910,65973,65225,65393,65930,65291
845,0,1,16,77359,76909,76148,76112,76743,69940,68760,69301,68917,68776,77604,76917,76396,76871,76468,66414,65661,65838,66378,65741
846,1,1,16,76791,76362,75576,75569,76197,69496,68319,68851,68468,68318,77050,76358,75826,76294,75937,65988,65241,65407,65953,65309
847,0,1,16,77358,76920,76130,76115,76763,69941,68762,69303,68925,68767,77613,76923,76384,76862,76484,66407,65679,65858,66396,65745
848,1,1,16,76791,76367,75573,75564,76200,69493,68304,68860,68467,68311,77030,76360,75820,76306,75928,65976,65234,65428,65944,65296
849,0,1,16,77377,76935,76146,76130,76784,69955,68769,69336,68937,68769,77619,76940,76397,76880,76493,66424,65692,65872,66398,65758
850,1,1,16,76793,76354,75592,75558,76162,69502,68297,68844,68453,68320,77036,76343,75816,76309,75926,65959,65234,65410,65928,65285
851,0,1,16,77349,76924,76149,76110,76747,69942,68752,69303,68895,68781,77598,76917,76384,76878,76487,66410,65677,65862,66387,65732
852,1,1,16,76807,76371,75597,75578,76197,69515,68327,68866,68469,68331,77058,76382,75822,76315,75944,65990,65257,65436,65968,65317
853,0,1,16,77370,76945,76151,76127,76761,69961,68783,69328,68928,68785,77619,76950,76402,76892,76499,66431,65701,65870,66396,65749
854,1,1,16,76795,76369,75579,75567,76178,69506,68324,68848,68470,68315,77059,76357,75822,76320,75935,65978,65246,65436,65947,65296
855,0,1,16,77389,76951,76152,76130,76755,69966,68786,69323,68947,68772,77620,76935,76413,76904,76500,66440,65697,65881,66405,65755
856,1,1,16,76782,76355,75563,75558,76181,69497,68307,68857,68461,68308,77060,76349,75797,76299,75918,65969,65208,65404,65943,65280
857,0,1,16,77363,76927,76136,76116,76760,69934,68778,69317,68920,68770,77617,76924,76378,76880,76484,66421,65655,65848,66391,65724
858,1,1,16,76789,76366,75595,75553,76193,69497,68316,68873,68478,68326,77053,76368,75820,76308,75922,65973,65235,65420,65949,65305
859,0,1,16,77373,76946,76150,76118,76769,69953,68784,69331,68938,68790,77625,76939,76397,76881,76500,66421,65685,65871,66398,65750
860,1,1,16,76806,76353,75565,75567,76193,69510,68305,68866,68470,68318,77043,76339,75822,76314,75928,65972,65234,65412,65952,65307
861,0,1,16,77378,76931,76137,76127,76764,69963,68766,69331,68931,68785,77619,76907,76407,76897,76505,66413,65687,65862,66398,65758
862,1,1,16,76790,76365,75573,75555,76178,69494,68291,68853,68460,68296,77024,76349,75810,76312,75915,65959,65229,65398,65936,65286
863,0,1,16,77366,76930,76138,76125,76759,69954,68752,69326,68928,68757,77597,76933,76400,76892,76496,66414,65679,65861,66395,65740
864,1,1,16,76777,76373,75578,75571,76200,69506,68309,68872,68474,68320,77059,76367,75832,76321,75912,65971,65237,65417,65954,65294
865,0,1,16,77353,76930,76127,76114,76763,69942,68754,69309,68921,68776,77626,76931,76392,76888,76471,66407,65668,65851,66395,65729
866,1,1,16,76792,76364,75586,75578,76190,69510,68296,68880,68480,68331,77055,76347,75821,76321,75923,65986,65251,65425,65951,65296
867,0,1,16,77386,76939,76150,76147,76777,69962,68760,69339,68942,68793,77643,76932,76415,76915,76493,66430,65703,65880,66409,65761
868,1,1,16,76781,76359,75571,75568,76185,69508,68291,68838,68463,68325,77037,76334,75812,76315,75910,65958,65217,65394,65928,65277
869,0,1,16,77357,76931,76116,76124,76762,69950,68749,69293,68916,68769,77589,76899,76391,76886,76476,66388,65659,65837,66365,65723
870,1,1,16,76773,76359,75578,75563,76179,69479,68298,68844,68478,68317,77036,76331,75804,76292,75903,65950,65240,65405,65938,65294
871,0,1,16,77367,76935,76136,76126,76761,69938,68757,69313,68934,68781,77608,76918,76389,76877,76477,66396,65677,65848,66390,65745
872,1,1,16,76764,76339,75580,75558,76174,69484,68303,68844,68463,68299,77041,76333,75810,76289,75907,65959,65242,65405,65950,65282
873,0,1,16,77356,76932,76146,76126,76772,69944,68770,69315,68951,68761,77630,76925,76406,76881,76484,66421,65691,65862,66414,65748
874,1,1,16,76779,76332,75583,75561,76171,69483,68296,68840,68464,68291,77032,76341,75814,76302,75913,65951,65225,65398,65908,65302
875,0,1,16,77368,76909,76141,76129,76750,69943,68757,69300,68938,68758,77625,76921,76387,76889,76482,66403,65678,65847,66370,65741
876,1,1,16,76798,76342,75592,75580,76176,69504,68297,68861,68470,68321,77061,76354,75809,76335,75931,65987,65237,65417,65932,65307
877,0,1,16,77367,76907,76137,76121,76756,69943,68739,69311,68916,68777,77617,76916,76375,76896,76500,66424,65678,65856,66380,65747
878,1,1,16,76789,76343,75577,75570,76184,69495,68296,68863,68472,68321,77042,76359,75822,76318,75923,65969,65244,65421,65946,65297
879,0,1,16,77357,76911,76147,76129,76755,69945,68748,69305,68916,68770,77617,76932,76376,76893,76487,66419,65693,65871,66385,65746
880,1,1,16,76793,76357,75602,75578,76196,69488,68320,68853,68473,68338,77067,76366,75832,76336,75930,65967,65238,65428,65949,65314
881,0,1,16,77361,76912,76153,76116,76770,69941,68769,69303,68930,68784,77628,76927,76400,76901,76490,66407,65674,65859,66383,65749
882,1,1,16,76764,76345,75553,75550,76174,69471,68287,68846,68450,68301,77026,76355,75810,76314,75908,65958,65225,65400,65920,65282
883,0,1,16,77355,76917,76138,76121,76765,69926,68757,69310,68911,68766,77621,76934,76396,76889,76481,66411,65676,65841,66378,65744
884,1,1,16,76787,76341,75573,75566,76174,69490,68298,68847,68442,68301,77034,76345,75827,76307,75918,65961,65237,65410,65935,65292
885,0,1,16,77362,76900,76132,76129,76748,69947,68752,69305,68903,68762,77606,76918,76394,76883,76488,66406,65687,65859,66384,65748
886,1,1,16,76802,76350,75592,75568,76179,69503,68309,68857,68470,68318,77049,76351,75836,76326,75929,65967,65257,65407,65945,65301
887,0,1,16,77379,76926,76158,76135,76765,69974,68779,69333,68942,68794,77630,76937,76421,76904,76499,66418,65700,65866,66411,65754
888,1,1,16,76771,76338,75569,75557,76178,69481,68295,68848,68441,68326,77042,76344,75811,76315,75911,65969,65224,65390,65927,65289
889,0,1,16,77360,76915,76149,76128,76770,69964,68767,69323,68922,68803,77619,76933,76401,76902,76487,66426,65693,65857,66388,65752
890,1,1,16,76762,76333,75562,75564,76175,69496,68295,68854,68463,68314,77041,76349,75818,76302,75912,65962,65224,65392,65910,65287
891,0,1,16,77360,76904,76143,76142,76759,69959,68764,69313,68936,68788,77612,76927,76395,76893,76486,66414,65691,65853,66371,65739
892,1,1,16,76765,76345,75577,75573,76181,69496,68308,68867,68463,68326,77042,76340,75831,76327,75923,65971,65235,65395,65961,65292
893,0,1,16,77360,76929,76159,76149,76778,69970,68782,69340,68934,68791,77627,76939,76436,76924,76494,66429,65689,65853,66423,65751
894,1,1,16,76771,76350,75577,75569,76183,69490,68319,68861,68479,68313,77064,76340,75829,76321,75913,65981,65232,65409,65949,65291
895,0,1,16,77362,76920,76141,76137,76756,69952,68784,69330,68958,68781,77633,76918,76412,76901,76481,66419,65686,65852,66404,65754
896,1,1,16,76786,76351,75593,75562,76184,69502,68306,68845,68469,68317,77041,76341,75831,76310,75922,65965,65251,65395,65945,65293
897,0,1,16,77376,76922,76157,76119,76760,69966,68767,69313,68928,68782,77621,76917,76408,76888,76489,66406,65691,65841,66392,65742
898,1,1,16,76794,76349,75591,75573,76189,69513,68332,68872,68464,68331,77047,76353,75837,76335,75950,65983,65255,65414,65958,65305
899,0,1,16,77374,76921,76160,76127,76761,69958,68787,69333,68927,68784,77633,76930,76413,76905,76516,66430,65707,65863,66405,65745
900,1,1,16,76783,76339,75588,75561,76167,69496,68310,68862,68472,68322,77057,76351,75814,76322,75928,65974,65241,65409,65942,65294
901,0,1,16,77357,76897,76147,76108,76738,69947,68762,69310,68919,68782,77610,76916,76398,76896,76490,66415,65685,65844,66377,65734
902,1,1,16,76766,76314,75581,75539,76174,69500,68295,68850,68456,68302,77048,76339,75818,76301,75919,65965,65239,65390,65938,65278
903,0,1,16,77353,76890,76152,76114,76761,69961,68764,69310,68919,68766,77628,76925,76408,76891,76494,66418,65691,65840,66394,65746
904,1,1,16,76770,76328,75579,75548,76187,69496,68296,68856,68460,68316,77046,76344,75832,76317,75925,65970,65248,65397,65911,65282
905,0,1,16,77340,76895,76138,76107,76755,69948,68750,69296,68913,68772,77623,76907,76399,76884,76470,66412,65673,65841,66368,65722
906,1,1,16,76779,76335,75588,75567,76185,69502,68309,68858,68468,68309,77055,76362,75826,76300,75930,65989,65250,65412,65944,65312
907,0,1,16,77359,76902,76145,76128,76756,69948,68766,69309,68927,68771,77622,76933,76408,76871,76497,66435,65696,65848,66388,65760
908,1,1,16,76778,76344,75601,75567,76184,69509,68317,68859,68470,68335,77061,76366,75832,76303,75934,65977,65240,65417,65939,65306
909,0,1,16,77357,76911,76158,76120,76753,69954,68762,69312,68921,68786,77618,76928,76398,76881,76494,66419,65678,65859,66383,65751
910,1,1,16,76791,76340,75588,75558,76194,69501,68311,68857,68458,68335,77037,76354,75827,76316,75941,65974,65242,65414,65953,65308
911,0,1,16,77365,76902,76158,76111,76770,69949,68770,69326,68920,68794,77598,76931,76418,76896,76495,66416,65677,65862,66389,65761
912,1,1,16,76785,76338,75578,75549,76163,69505,68306,68848,68470,68308,77028,76349,75829,76295,75921,65972,65241,65407,65943,65299
913,0,1,16,77350,76894,76140,76112,76741,69946,68771,69303,68918,68779,77596,76912,76395,76870,76488,66417,65680,65850,66389,65749
914,1,1,16,76780,76332,75579,75551,76161,69491,68293,68853,68452,68308,77036,76335,75832,76300,75916,65966,65231,65397,65927,65290
915,0,1,16,77382,76919,76157,76136,76757,69959,68765,69324,68925,68782,77631,76913,76414,76893,76499,66427,65693,65853,66376,65748
916,1,1,16,76780,76329,75584,75557,76178,69503,68308,68871,68475,68316,77067,76348,75831,76305,75929,65979,65240,65410,65931,65292
917,0,1,16,77367,76899,76154,76125,76771,69948,68777,69340,68932,68786,77649,76926,76436,76892,76495,66434,65700,65864,66376,65747
918,1,1,16,76796,76341,75592,75570,76200,69497,68313,68864,68475,68330,77073,76346,75840,76320,75936,65975,65235,65411,65948,65296
919,0,1,16,77377,76906,76146,76135,76764,69948,68766,69326,68930,68784,77630,76921,76422,76891,76491,66421,65684,65854,66399,65740
920,1,1,16,76805,76345,75593,75577,76190,69507,68312,68865,68473,68310,77054,76345,75833,76306,75929,65998,65231,65415,65948,65307
921,0,1,16,77403,76936,76177,76141,76780,69975,68781,69333,68938,68774,77634,76935,76428,76904,76510,66453,65683,65875,66414,65770
922,1,1,16,76799,76342,75575,75574,76198,69489,68322,68857,68476,68322,77044,76347,75836,76309,75939,65975,65236,65419,65935,65308
923,0,1,16,77382,76910,76145,76132,76756,69947,68781,69319,68935,68774,77625,76917,76399,76890,76499,66418,65687,65877,66384,65764
924,1,1,16,76780,76304,75576,75553,76178,69464,68287,68851,68451,68308,77040,76322,75811,76309,75919,65957,65240,65409,65933,65295
925,0,1,16,77357,76880,76138,76109,76758,69920,68742,69307,68901,68762,77624,76896,76393,76875,76493,66412,65688,65864,66382,65742
926,1,1,16,76758,76324,75582,75561,76175,69491,68301,68850,68457,68317,77046,76346,75820,76304,75904,65969,65244,65412,65917,65311
927,0,1,16,77361,76900,76165,76124,76754,69955,68768,69321,68928,68778,77620,76940,76419,76887,76485,66439,65694,65877,66382,65774
928,1,1,16,76780,76317,75578,75555,76177,69476,68279,68859,68452,68321,77038,76331,75825,76306,75921,65962,65243,65394,65927,65301
929,0,1,16,77361,76912,76146,76119,76747,69929,68744,69316,68913,68783,77616,76905,76399,76873,76496,66402,65691,65837,66374,65742
930,1,1,16,76776,76334,75589,75575,76183,69486,68315,68871,68468,68320,77072,76347,75835,76323,75937,65967,65252,65421,65939,65307
931,0,1,16,77356,76891,76147,76122,76752,69938,68758,69329,68918,68771,77645,76922,76413,76892,76498,66411,65688,65875,66385,65754
932,1,1,16,76797,76337,75582,75570,76167,69484,68306,68862,68474,68311,77046,76355,75824,76317,75925,65988,65241,65417,65958,65316
933,0,1,16,77401,76930,76159,76155,76757,69955,68774,69337,68945,68799,77632,76945,76431,76914,76506,66444,65700,65873,66406,65783
934,1,1,16,76810,76358,75596,75572,76178,69504,68304,68863,68494,68323,77053,76338,75841,76320,75931,65983,65259,65413,65954,65320
935,0,1,16,77383,76926,76153,76132,76753,69947,68753,69331,68959,68787,77618,76920,76411,76896,76493,66426,65700,65852,66398,65762
936,1,1,16,76795,76339,75580,75542,76176,69484,68290,68852,68468,68300,77029,76331,75821,76297,75920,65978,65234,65388,65939,65303
937,0,1,16,77377,76911,76156,76110,76748,69936,68757,69321,68936,68773,77604,76911,76407,76884,76500,66431,65692,65846,66400,65759
938,1,1,16,76798,76342,75586,75552,76177,69483,68307,68866,68474,68312,77058,76326,75840,76318,75938,65986,65236,65410,65935,65298
939,0,1,16,77378,76920,76160,76123,76753,69944,68766,69333,68924,68779,77629,76910,76400,76895,76503,66430,65685,65864,66385,65750
940,1,1,16,76790,76363,75576,75572,76179,69478,68312,68871,68489,68317,77037,76347,75835,76313,75923,65968,65231,65401,65945,65307
941,0,1,16,77375,76940,76145,76126,76753,69940,68771,69320,68955,68780,77627,76924,76424,76893,76492,66417,65690,65848,66388,65756
942,1,1,16,76818,76361,75597,75567,76186,69496,68319,68865,68478,68327,77063,76367,75836,76328,75917,65989,65261,65410,65936,65322
943,0,1,16,77386,76942,76161,76116,76761,69956,68776,69321,68938,68791,77623,76932,76404,76900,76495,66432,65702,65858,66389,65777
944,1,1,16,76801,76369,75587,75577,76182,69504,68332,68884,68488,68330,77052,76362,75844,76320,75943,65983,65254,65420,65947,65335
945,0,1,16,77380,76929,76152,76126,76750,69949,68777,69337,68951,68778,77635,76924,76420,76891,76496,66420,65676,65867,66381,65766
946,1,1,16,76808,76347,75589,75566,76194,69492,68313,68890,68497,68327,77049,76366,75848,76316,75923,65994,65257,65421,65950,65318
947,0,1,16,77382,76904,76150,76123,76766,69939,68761,69336,68954,68772,77620,76936,76420,76882,76480,66421,65685,65847,66389,65765
948,1,1,16,76815,76374,75589,75580,76192,69499,68320,68889,68487,68318,77061,76350,75827,76310,75934,65987,65265,65424,65953,65321
949,0,1,16,77413,76951,76172,76142,76780,69971,68796,69362,68953,68785,77640,76940,76409,76902,76511,66451,65711,65875,66413,65782
950,1,1,16,76798,76379,75599,75581,76193,69505,68333,68878,68490,68321,77063,76347,75846,76303,75932,65981,65269,65439,65956,65324
951,0,1,16,77392,76951,76170,76149,76775,69967,68795,69330,68956,68786,77649,76939,76421,76898,76490,66439,65717,65892,66408,65782
952,1,1,16,76788,76362,75576,75561,76195,69506,68323,68886,68463,68324,77051,76358,75834,76335,75932,65990,65252,65432,65957,65320
953,0,1,16,77366,76920,76146,76112,76768,69954,68766,69334,68924,68779,77627,76920,76388,76900,76493,66418,65684,65860,66397,65763
954,1,1,16,76809,76374,75586,75570,76209,69516,68325,68871,68474,68330,77056,76365,75841,76330,75925,65989,65259,65434,65955,65318
955,0,1,16,77387,76951,76159,76138,76785,69971,68786,69340,68951,68792,77634,76937,76412,76913,76491,66435,65710,65880,66392,65761
956,1,1,16,76813,76380,75589,75575,76220,69516,68323,68876,68483,68333,77069,76381,75844,76336,75946,66012,65250,65432,65948,65325
957,0,1,16,77385,76937,76147,76131,76786,69959,68775,69327,68935,68788,77645,76948,76417,76897,76504,66441,65691,65867,66395,65767
958,1,1,16,76785,76340,75567,75555,76189,69473,68291,68856,68456,68296,77028,76355,75836,76313,75922,65980,65240,65391,65925,65298
959,0,1,16,77380,76923,76147,76140,76772,69927,68756,69325,68926,68776,77615,76942,76425,76901,76499,66431,65694,65851,66388,65758
960,1,1,16,76786,76342,75583,75558,76179,69477,68287,68844,68440,68306,77018,76345,75824,76302,75918,65966,65244,65391,65939,65306
961,0,1,16,77356,76914,76144,76114,76760,69931,68738,69314,68903,68750,77590,76908,76409,76874,76487,66418,65683,65841,66389,65743
962,1,1,16,76786,76326,75573,75545,76172,69473,68280,68851,68445,68288,77001,76334,75811,76293,75905,65963,65216,65398,65919,65295
963,0,1,16,77367,76904,76139,76107,76743,69913,68740,69299,68913,68749,77583,76916,76394,76876,76473,66411,65665,65828,66367,65743
964,1,1,16,76772,76356,75584,75572,76179,69489,68318,68868,68463,68316,77067,76350,75840,76312,75928,65974,65257,65416,65943,65317
965,0,1,16,77340,76897,76128,76111,76742,69918,68754,69319,68905,68757,77613,76906,76381,76866,76485,66416,65680,65843,66375,65760
966,1,1,16,76776,76348,75591,75563,76204,69486,68311,68859,68451,68308,77041,76349,75832,76307,75919,65973,65252,65404,65929,65313
967,0,1,16,77350,76910,76140,76118,76769,69924,68760,69307,68918,68768,77608,76923,76394,76882,76478,66418,65702,65834,66366,65772
968,1,1,16,76773,76320,75570,75549,76173,69480,68291,68831,68445,68284,77027,76334,75803,76310,75897,65946,65215,65373,65899,65296
969,0,1,16,77360,76888,76134,76129,76750,69937,68753,69307,68924,68751,77603,76922,76371,76896,76476,66397,65663,65825,66358,65746
970,1,1,16,76784,76344,75587,75565,76187,69481,68314,68870,68466,68301,77037,76351,75821,76316,75922,65969,65236,65406,65927,65308
971,0,1,16,77356,76887,76135,76117,76757,69932,68764,69319,68920,68756,77607,76915,76399,76884,76474,66418,65671,65847,66378,65755
972,1,1,16,76760,76339,75577,75560,76187,69492,68282,68846,68458,68307,77034,76336,75832,76311,75908,65957,65226,65383,65912,65306
973,0,1,16,77360,76913,76136,76121,76764,69948,68746,69300,68911,68773,77596,76902,76404,76888,76486,66404,65684,65833,66366,65756
974,1,1,16,76788,76336,75580,75563,76192,69493,68286,68864,68468,68312,77061,76331,75823,76316,75922,65956,65240,65405,65928,65314
975,0,1,16,77360,76908,76146,76134,76759,69950,68743,69324,68925,68776,77623,76905,76399,76884,76478,66394,65691,65834,66377,65767
976,1,1,16,76764,76338,75577,75564,76169,69480,68283,68843,68454,68303,77034,76340,75804,76309,75929,65947,65217,65387,65930,65301
977,0,1,16,77350,76921,76146,76137,76750,69941,68751,69313,68922,68767,77611,76917,76386,76884,76500,66395,65663,65838,66374,65754
978,1,1,16,76792,76350,75573,75562,76176,69470,68298,68856,68461,68318,77031,76331,75811,76295,75921,65950,65228,65389,65923,65315
979,0,1,16,77380,76931,76129,76122,76756,69931,68762,69320,68931,68777,77612,76903,76395,76877,76484,66401,65673,65844,66366,65762
980,1,1,16,76779,76350,75592,75562,76188,69502,68315,68862,68474,68322,77042,76344,75834,76319,75920,65967,65249,65416,65944,65319
981,0,1,16,77359,76929,76150,76133,76749,69957,68761,69319,68928,68765,77604,76922,76396,76897,76481,66408,65695,65858,66400,65770
982,1,1,16,76798,76365,75591,75583,76179,69514,68308,68875,68496,68336,77040,76357,75822,76314,75922,65988,65251,65422,65938,65326
983,0,1,16,77385,76943,76149,76150,76759,69951,68765,69335,68953,68795,77603,76938,76399,76887,76497,66434,65716,65873,66398,65782
984,1,1,16,76783,76359,75568,75564,76183,69494,68295,68866,68478,68322,77060,76353,75819,76305,75922,65964,65231,65404,65916,65310
985,0,1,16,77380,76940,76146,76139,76767,69956,68771,69327,68942,68799,77633,76926,76419,76888,76500,66414,65671,65844,66370,65762
986,1,1,16,76795,76354,75578,75566,76182,69497,68301,68867,68479,68334,77063,76370,75837,76306,75936,65987,65246,65407,65935,65326
987,0,1,16,77356,76913,76130,76114,76751,69938,68743,69305,68920,68775,77625,76921,76403,76879,76485,66416,65678,65844,66378,65762
988,1,1,16,76813,76362,75608,75601,76185,69512,68306,68877,68490,68348,77046,76370,75858,76331,75934,65994,65267,65418,65942,65332
989,0,1,16,77381,76934,76160,76141,76761,69950,68756,69324,68937,68797,77608,76940,76421,76898,76502,66435,65705,65868,66394,65771
990,1,1,16,76779,76334,75574,75563,76191,69478,68307,68873,68464,68317,77041,76345,75828,76325,75925,65969,65232,65410,65944,65334
991,0,1,16,77350,76901,76125,76107,76762,69914,68756,69318,68916,68776,77614,76923,76400,76885,76488,66408,65668,65843,66381,65766
992,1,1,16,76797,76350,75580,75577,76185,69477,68294,68853,68465,68316,77040,76347,75819,76318,75907,65969,65235,65399,65934,65313
993,0,1,16,77385,76927,76157,76158,76776,69948,68770,69332,68947,68794,77616,76933,76415,76908,76494,66423,65686,65863,66401,65766
994,1,1,16,76795,76351,75582,75576,76193,69472,68309,68864,68464,68322,77043,76352,75823,76327,75923,65979,65235,65422,65947,65301
995,0,1,16,77386,76932,76144,76147,76782,69941,68766,69334,68925,68789,77625,76931,76414,76905,76492,66433,65686,65860,66395,65761
996,1,1,16,76766,76352,75572,75556,76184,69473,68291,68868,68458,68313,77047,76353,75810,76321,75913,65975,65235,65401,65921,65305
997,0,1,16,77350,76919,76149,76119,76768,69934,68768,69335,68924,68772,77629,76937,76403,76912,76492,66429,65686,65857,66383,65759
998,1,1,16,76798,76352,75577,75570,76186,69493,68305,68873,68474,68325,77049,76360,75815,76319,75927,65970,65223,65419,65921,65303
999,0,1,16,77375,76920,76148,76129,76753,69949,68761,69323,68937,68781,77619,76935,76400,76893,76508,66423,65662,65864,66374,65761
1000,1,1,16,76788,76348,75570,75563,76181,69474,68301,68853,68464,68312,77043,76351,75823,76323,75923,65995,65239,65418,65932,65323
1001,0,1,16,77361,76917,76132,76120,76756,69934,68774,69317,68929,68777,77617,76922,76394,76897,76483,66437,65681,65859,66389,65771
1002,1,1,16,76774,76342,75567,75558,76179,69473,68291,68845,68460,68304,77033,76343,75823,76312,75940,65971,65226,65402,65918,65320
1003,0,1,16,77346,76898,76122,76114,76749,69925,68750,69306,68922,68760,77603,76901,76392,76875,76495,66398,65660,65834,66363,65756
1004,1,1,16,76773,76335,75576,75552,76186,69482,68293,68861,68461,68299,77036,76335,75822,76302,75919,65951,65232,65401,65923,65300
1005,0,1,16,77363,76912,76149,76118,76778,69949,68756,69330,68931,68770,77621,76912,76405,76884,76489,66416,65685,65860,66383,65760
1006,1,1,16,76787,76344,75584,75564,76171,69480,68290,68853,68470,68316,77043,76351,75829,76328,75933,65957,65216,65420,65923,65312
1007,0,1,16,77365,76905,76141,76129,76741,69938,68747,69316,68931,68777,77623,76921,76400,76896,76494,66412,65670,65868,66369,65757
1008,1,1,16,76781,76358,75577,75583,76182,69491,68322,68862,68477,68318,77048,76348,75831,76300,75936,65975,65245,65418,65925,65328
1009,0,1,16,77359,76921,76141,76142,76762,69949,68767,69311,68924,68773,77606,76922,76406,76873,76498,66410,65677,65843,66351,65766
1010,1,1,16,76789,76344,75583,75571,76179,69475,68298,68853,68458,68320,77029,76344,75820,76306,75917,65968,65235,65411,65906,65312
1011,0,1,16,77372,76932,76153,76149,76763,69945,68773,69306,68935,68781,77619,76930,76412,76894,76492,66421,65690,65874,66380,65762
1012,1,1,16,76814,76364,75604,75578,76185,69501,68325,68867,68480,68341,77060,76363,75833,76318,75933,65979,65242,65431,65942,65313
1013,0,1,16,77366,76913,76139,76124,76755,69919,68765,69302,68928,68779,77617,76919,76396,76876,76489,66399,65660,65854,66362,65752
1014,1,1,16,76792,76335,75571,75572,76184,69478,68288,68844,68454,68310,77041,76345,75823,76312,75900,65952,65227,65396,65924,65310
1015,0,1,16,77388,76907,76140,76141,76765,69940,68757,69325,68942,68779,77627,76932,76411,76905,76477,66415,65683,65848,66373,65768
1016,1,1,16,76799,76341,75583,75572,76194,69489,68310,68856,68479,68331,77049,76349,75846,76317,75935,65985,65242,65410,65915,65319
1017,0,1,16,77379,76914,76145,76142,76783,69938,68768,69319,68945,68796,77623,76926,76435,76903,76502,66434,65685,65863,66372,65779
1018,1,1,16,76781,76346,75568,75571,76202,69478,68303,68859,68475,68316,77037,76343,75840,76312,75915,65968,65236,65405,65926,65302
1019,0,1,16,77372,76925,76137,76143,76782,69943,68768,69324,68948,68786,77613,76923,76421,76900,76492,66425,65691,65863,66385,65762
1020,1,1,16,76792,76342,75560,75572,76177,69492,68300,68836,68482,68323,77053,76336,75822,76308,75919,65971,65238,65405,65919,65300
1021,0,1,16,77369,76920,76131,76129,76750,69941,68758,69297,68938,68783,77602,76905,76392,76883,76487,66412,65677,65843,66387,65749
1022,1,1,16,76784,76347,75574,75582,76170,69477,68305,68847,68469,68314,77034,76333,75818,76298,75918,65973,65218,65388,65935,65301
1023,0,1,16,77359,76918,76136,76138,76736,69918,68755,69299,68915,68772,77610,76901,76394,76877,76485,66403,65663,65832,66374,65743
1024,1,1,16,76795,76352,75594,75584,76215,69500,68310,68872,68483,68337,77075,76371,75838,76322,75936,66006,65255,65429,65946,65324
1025,0,1,16,77391,76929,76159,76157,76790,69958,68785,69330,68944,68804,77644,76953,76436,76912,76512,66451,65702,65880,66408,65786
1026,1,1,16,76801,76344,75575,75556,76168,69483,68294,68842,68461,68319,77037,76333,75815,76315,75921,65953,65218,65400,65924,65293
1027,0,1,16,77375,76923,76140,76120,76744,69937,68761,69314,68929,68784,77616,76911,76386,76897,76498,66411,65671,65850,66380,65744
1028,1,1,16,76780,76347,75564,75564,76166,69484,68284,68850,68468,68325,77049,76328,75824,76311,75915,65963,65218,65403,65928,65311
1029,0,1,16,77363,76920,76132,76129,76752,69935,68746,69314,68937,68792,77632,76910,76418,76908,76495,66413,65666,65863,66380,65756
1030,1,1,16,76776,76342,75579,75556,76176,69478,68300,68842,68475,68313,77058,76341,75827,76328,75927,65958,65214,65412,65927,65305
1031,0,1,16,77349,76900,76131,76111,76753,69923,68746,69288,68941,68761,77608,76904,76399,76889,76477,66402,65642,65849,66374,65733
1032,1,1,16,76795,76368,75558,75584,76178,69487,68306,68854,68474,68315,77038,76345,75817,76316,75925,65975,65232,65407,65912,65300
1033,0,1,16,77373,76932,76113,76145,76751,69936,68764,69307,68934,68776,77611,76932,76414,76896,76498,66415,65687,65850,66375,65755
1034,1,1,16,76780,76347,75582,75574,76184,69478,68277,68844,68460,68320,77032,76336,75833,76313,75927,65976,65229,65409,65924,65304
1035,0,1,16,77366,76925,76154,76139,76759,69943,68740,69310,68937,68786,77621,76924,76415,76899,76501,66428,65683,65865,66380,65757
1036,1,1,16,76775,76339,75557,75580,76168,69485,68289,68847,68462,68318,77049,76346,75838,76326,75914,65971,65223,65410,65917,65300
1037,0,1,16,77357,76913,76124,76141,76753,69933,68747,69306,68921,68775,77627,76922,76412,76899,76483,66410,65665,65865,66363,65734
1038,1,1,16,76779,76344,75576,75574,76178,69484,68314,68863,68469,68318,77063,76348,75827,76332,75925,65971,65242,65400,65911,65298
1039,0,1,16,77366,76924,76154,76145,76768,69944,68773,69327,68933,68785,77642,76922,76411,76900,76509,66428,65691,65848,66372,65757
1040,1,1,16,76788,76340,75563,75556,76158,69461,68281,68827,68443,68298,77040,76309,75806,76305,75900,65939,65193,65386,65904,65280
1041,0,1,16,77371,76912,76131,76109,76739,69925,68739,69292,68901,68758,77613,76895,76386,76888,76465,66388,65647,65845,66361,65726
1042,1,1,16,76762,76326,75531,75543,76157,69462,68275,68840,68440,68290,77030,76325,75788,76285,75884,65930,65213,65375,65900,65288
1043,0,1,16,77369,76928,76121,76138,76764,69928,68759,69322,68924,68768,77636,76935,76386,76886,76485,66401,65683,65851,66370,65767
1044,1,1,16,76775,76346,75579,75574,76181,69490,68312,68858,68454,68315,77034,76346,75795,76315,75912,65977,65229,65416,65925,65319
1045,0,1,16,77371,76918,76147,76134,76763,69946,68766,69316,68919,68791,77615,76919,76390,76898,76488,66422,65669,65868,66373,65780
1046,1,1,16,76786,76339,75555,75562,76175,69477,68309,68855,68463,68323,77037,76342,75801,76312,75915,65969,65230,65401,65920,65299
1047,0,1,16,77357,76898,76120,76128,76747,69931,68762,69309,68905,68795,77625,76925,76387,76900,76478,66414,65675,65857,66372,65759
1048,1,1,16,76792,76331,75560,75554,76179,69490,68295,68850,68469,68322,77047,76353,75815,76323,75925,65974,65215,65411,65925,65331
1049,0,1,16,77377,76914,76134,76131,76766,69955,68763,69314,68943,68788,77625,76934,76398,76900,76497,66435,65668,65884,66376,65783
1050,1,1,16,76778,76360,75571,75570,76192,69506,68317,68866,68472,68324,77062,76359,75822,76341,75929,65985,65227,65420,65935,65323
1051,0,1,16,77374,76934,76134,76135,76770,69951,68784,69319,68940,68782,77640,76936,76396,76918,76504,66426,65682,65870,66386,65765
1052,1,1,16,76796,76356,75591,75576,76187,69498,68332,68856,68488,68339,77052,76351,75825,76327,75927,65975,65234,65409,65924,65315
1053,0,1,16,77363,76919,76150,76131,76765,69948,68776,69300,68936,68778,77619,76916,76392,76894,76481,66419,65667,65845,66364,65761
1054,1,1,16,76786,76346,75578,75553,76174,69467,68299,68851,68486,68312,77066,76333,75813,76305,75910,65962,65228,65398,65924,65320
1055,0,1,16,77382,76918,76159,76127,76764,69935,68767,69326,68951,68778,77638,76918,76394,76894,76496,66426,65672,65858,66376,65783
1056,1,1,16,76795,76351,75571,75569,76169,69489,68298,68851,68464,68309,77041,76350,75808,76297,75921,65973,65230,65395,65920,65301
1057,0,1,16,77376,76912,76118,76118,76748,69929,68752,69310,68924,68766,77611,76921,76390,76885,76480,66419,65657,65841,66368,65748
1058,1,1,16,76775,76351,75566,75560,76175,69470,68295,68849,68447,68294,77040,76332,75788,76294,75910,65957,65224,65392,65908,65285
1059,0,1,16,77374,76924,76136,76131,76759,69935,68765,69310,68920,68762,77619,76914,76387,76883,76482,66413,65671,65846,66368,65741
1060,1,1,16,76795,76364,75576,75558,76184,69476,68291,68866,68458,68310,77039,76360,75815,76299,75916,65974,65221,65377,65927,65298
1061,0,1,16,77367,76914,76126,76122,76755,69927,68744,69315,68920,68761,77617,76929,76380,76868,76474,66418,65668,65819,66362,65744
1062,1,1,16,76776,76327,75558,75554,76172,69466,68286,68831,68455,68289,77037,76350,75787,76303,75895,65960,65213,65386,65911,65295
1063,0,1,16,77351,76889,76126,76104,76741,69915,68744,69291,68915,68741,77616,76913,76360,76881,76451,66405,65659,65829,66358,65737
1064,1,1,16,76782,76352,75590,75561,76203,69502,68305,68861,68479,68323,77051,76363,75806,76338,75915,65991,65233,65418,65947,65293
1065,0,1,16,77382,76948,76165,76129,76784,69965,68773,69340,68955,68798,77618,76935,76388,76924,76498,66445,65690,65872,66403,65754
1066,1,1,16,76788,76347,75580,75557,76189,69497,68305,68853,68484,68314,77039,76337,75812,76316,75914,65977,65224,65394,65921,65291
1067,0,1,16,77372,76918,76144,76115,76772,69946,68759,69315,68940,68772,77608,76912,76385,76892,76472,66416,65666,65834,66364,65731
1068,1,1,16,76781,76335,75542,75554,76180,69489,68291,68847,68461,68305,77033,76345,75809,76306,75910,65967,65219,65397,65928,65287
1069,0,1,16,77374,76916,76128,76140,76766,69962,68767,69318,68946,68794,77638,76952,76412,76906,76503,66431,65684,65869,66398,65748
1070,1,1,16,76787,76314,75567,75552,76178,69479,68298,68838,68463,68305,77034,76341,75804,76288,75912,65962,65211,65395,65931,65271
1071,0,1,16,77381,76912,76156,76138,76784,69965,68776,69322,68949,68796,77618,76933,76402,76879,76492,66432,65655,65864,66393,65744
1072,1,1,16,76772,76339,75555,75557,76179,69489,68292,68842,68455,68307,77020,76340,75790,76305,75918,65975,65219,65398,65924,65300
1073,0,1,16,77374,76916,76131,76148,76778,69948,68762,69320,68922,68784,77627,76930,76386,76916,76504,66432,65685,65865,66394,65761
1074,1,1,16,76763,76335,75551,75541,76181,69472,68273,68846,68461,68313,77039,76329,75797,76303,75928,65974,65221,65396,65905,65285
1075,0,1,16,77349,76895,76100,76094,76757,69918,68730,69298,68922,68768,77605,76893,76372,76870,76472,66406,65655,65839,66340,65735
1076,1,1,16,76782,76335,75562,75555,76180,69477,68278,68840,68458,68294,77055,76344,75798,76303,75911,65965,65230,65412,65903,65297
1077,0,1,16,77358,76915,76132,76118,76762,69950,68755,69304,68930,68777,77629,76932,76386,76891,76485,66422,65683,65869,66361,65763
1078,1,1,16,76782,76361,75588,75570,76210,69486,68304,68855,68481,68328,77039,76370,75831,76335,75934,65982,65246,65421,65929,65308
1079,0,1,16,77348,76936,76157,76144,76783,69952,68764,69308,68945,68789,77620,76942,76403,76917,76496,66428,65682,65863,66391,65759
1080,1,1,16,76768,76367,75573,75570,76197,69472,68273,68848,68438,68304,77043,76337,75818,76311,75908,65959,65226,65407,65921,65302
1081,0,1,16,77361,76933,76149,76137,76774,69935,68741,69299,68907,68768,77625,76927,76408,76895,76488,66411,65676,65871,66385,65761
1082,1,1,16,76783,76358,75569,75582,76195,69483,68281,68847,68460,68308,77056,76355,75819,76315,75932,65967,65237,65407,65925,65296
1083,0,1,16,77364,76922,76138,76131,76768,69933,68743,69293,68920,68764,77618,76925,76392,76886,76486,66413,65672,65867,66375,65742
1084,1,1,16,76795,76353,75581,75587,76199,69488,68303,68865,68472,68329,77071,76359,75822,76317,75937,65984,65229,65423,65938,65318
1085,0,1,16,77389,76942,76157,76161,76796,69956,68764,69330,68938,68793,77647,76951,76420,76902,76508,66435,65690,65886,66400,65772
1086,1,1,16,76797,76368,75580,75573,76208,69479,68302,68854,68459,68321,77044,76372,75833,76333,75931,65992,65241,65415,65945,65318
1087,0,1,16,77378,76933,76133,76135,76776,69936,68762,69306,68926,68773,77604,76934,76409,76906,76495,66426,65680,65854,66388,65770
1088,1,1,16,76761,76326,75556,75545,76170,69475,68268,68830,68447,68287,77031,76329,75812,76303,75915,65970,65208,65397,65915,65286
1089,0,1,16,77361,76914,76144,76135,76755,69945,68742,69314,68930,68771,77621,76912,76399,76905,76499,66430,65658,65867,66374,65746
1090,1,1,16,76786,76361,75564,75579,76182,69487,68298,68872,68476,68316,77035,76345,75819,76318,75922,65983,65239,65421,65936,65314
1091,0,1,16,77390,76941,76152,76160,76772,69967,68777,69347,68956,68791,77627,76948,76417,76908,76521,66439,65696,65882,66399,65781
1092,1,1,16,76783,76359,75578,75582,76180,69493,68311,68857,68468,68314,77037,76359,75821,76317,75927,65986,65241,65420,65945,65302
1093,0,1,16,77372,76948,76151,76144,76763,69951,68768,69324,68929,68775,77620,76938,76408,76902,76504,66437,65696,65870,66405,65752
1094,1,1,16,76793,76341,75560,75583,76181,69480,68300,68832,68456,68310,77030,76340,75813,76301,75914,65974,65212,65407,65932,65303
1095,0,1,16,77372,76904,76119,76128,76751,69924,68748,69299,68918,68767,77600,76917,76391,76881,76483,66420,65639,65851,66378,65753
1096,1,1,16,76806,76347,75570,75548,76168,69469,68300,68853,68465,68326,77041,76358,75818,76307,75922,65968,65223,65413,65925,65300
1097,0,1,16,77396,76906,76143,76116,76759,69932,68758,69318,68927,68793,77624,76937,76397,76884,76504,66422,65677,65862,66395,65747
1098,1,1,16,76792,76359,75580,75559,76182,69483,68301,68838,68476,68319,77044,76365,75817,76320,75915,65991,65229,65415,65936,65300
1099,0,1,16,77371,76919,76135,76116,76764,69931,68767,69304,68939,68777,77606,76930,76397,76893,76487,66430,65671,65852,66375,65748
1100,1,1,16,76811,76372,75576,75577,76203,69488,68307,68870,68478,68319,77055,76351,75820,76326,75940,65975,65219,65411,65938,65303
1101,0,1,16,77391,76948,76143,76139,76784,69941,68769,69328,68942,68774,77622,76930,76406,76897,76500,66420,65663,65853,66394,65749
1102,1,1,16,76797,76338,75581,75564,76194,69475,68294,68859,68466,68312,77044,76343,75830,76310,75949,65959,65235,65417,65917,65288
1103,0,1,16,77382,76918,76152,76132,76771,69943,68758,69316,68934,68782,77622,76926,76410,76885,76521,66420,65686,65858,66380,65744
1104,1,1,16,76805,76358,75579,75570,76192,69486,68318,68874,68483,68322,77038,76344,75829,76330,75934,65963,65231,65437,65942,65316
1105,0,1,16,77365,76912,76140,76132,76764,69935,68766,69318,68934,68772,77602,76905,76398,76893,76492,66396,65669,65867,66389,65756
1106,1,1,16,76797,76341,75561,75566,76195,69494,68310,68862,68474,68318,77050,76361,75816,76319,75928,65958,65245,65425,65928,65313
1107,0,1,16,77397,76944,76152,76139,76786,69967,68784,69338,68948,68805,77639,76948,76419,76919,76513,66421,65706,65884,66403,65774
1108,1,1,16,76786,76341,75573,75564,76192,69473,68304,68859,68466,68302,77060,76357,75811,76310,75924,65946,65223,65408,65927,65303
1109,0,1,16,77384,76934,76144,76144,76779,69938,68774,69323,68941,68788,77652,76930,76419,76898,76504,66412,65683,65879,66389,65766
1110,1,1,16,76798,76329,75560,75575,76191,69469,68305,68855,68469,68312,77069,76343,75824,76325,75920,65968,65240,65420,65923,65313
1111,0,1,16,77382,76917,76119,76145,76771,69933,68780,69323,68939,68784,77642,76927,76413,76909,76510,66409,65684,65853,66362,65762
1112,1,1,16,76783,76354,75571,75558,76175,69462,68297,68833,68445,68293,77051,76338,75815,76308,75919,65960,65204,65406,65916,65296
1113,0,1,16,77386,76932,76147,76120,76764,69936,68771,69310,68917,68766,77642,76920,76402,76894,76494,66417,65663,65865,66381,65750
1114,1,1,16,76779,76356,75567,75558,76175,69463,68288,68851,68469,68301,77027,76317,75805,76303,75903,65946,65205,65392,65911,65294
1115,0,1,16,77373,76940,76147,76142,76755,69930,68759,69315,68940,68775,77610,76913,76398,76888,76481,66397,65662,65856,66368,65752
1116,1,1,16,76787,76364,75578,75562,76187,69479,68309,68845,68457,68309,77038,76359,75826,76310,75905,65971,65225,65432,65918,65309
1117,0,1,16,77373,76938,76130,76124,76765,69929,68764,69302,68923,68772,77611,76918,76387,76887,76469,66414,65667,65873,66382,65768
1118,1,1,16,76801,76350,75585,75561,76203,69475,68292,68853,68462,68302,77054,76340,75820,76306,75926,65963,65234,65392,65923,65288
1119,0,1,16,77379,76920,76139,76118,76765,69930,68742,69302,68926,68754,77636,76915,76391,76888,76492,66406,65683,65847,66374,65737
1120,1,1,16,76785,76366,75568,75574,76189,69463,68275,68840,68430,68301,77038,76337,75796,76285,75913,65948,65228,65413,65922,65290
1121,0,1,16,77360,76942,76127,76119,76743,69917,68739,69289,68903,68757,77600,76901,76375,76862,76472,66392,65666,65854,66374,65740
1122,1,1,16,76786,76339,75558,75569,76183,69464,68288,68843,68456,68303,77033,76333,75800,76297,75903,65937,65226,65410,65925,65298
1123,0,1,16,77381,76928,76129,76137,76765,69932,68745,69317,68913,68771,77621,76911,76393,76879,76487,66397,65678,65859,66377,65745
1124,1,1,16,76799,76378,75579,75575,76188,69483,68294,68851,68467,68324,77053,76345,75815,76313,75920,65961,65231,65418,65947,65309
1125,0,1,16,77395,76960,76165,76168,76791,69961,68776,69327,68944,68801,77640,76939,76425,76916,76512,66436,65694,65894,66419,65784
1126,1,1,16,76783,76364,75560,75563,76182,69482,68308,68866,68460,68311,77032,76342,75802,76301,75922,65965,65226,65405,65945,65301
1127,0,1,16,77369,76933,76126,76123,76757,69932,68768,69320,68921,68775,77608,76923,76383,76897,76492,66418,65673,65849,66380,65743
1128,1,1,16,76794,76366,75557,75553,76194,69456,68281,68861,68443,68308,77038,76340,75807,76309,75932,65961,65222,65408,65929,65292
1129,0,1,16,77374,76946,76123,76134,76766,69924,68747,69324,68909,68777,77617,76933,76387,76890,76495,66416,65679,65859,66381,65737
1130,1,1,16,76801,76363,75579,75578,76195,69461,68309,68861,68465,68311,77045,76348,75816,76309,75923,65984,65226,65410,65935,65295
1131,0,1,16,77383,76927,76138,76134,76770,69933,68764,69311,68926,68776,77620,76924,76395,76893,76493,66431,65676,65860,66390,65730
1132,1,1,16,76790,76371,75572,75564,76188,69472,68302,68845,68455,68298,77044,76325,75803,76298,75919,65978,65241,65419,65934,65290
1133,0,1,16,77361,76928,76123,76118,76758,69911,68754,69291,68916,68756,77603,76899,76392,76881,76480,66410,65683,65859,66364,65715
1134,1,1,16,76795,76348,75570,75567,76190,69478,68313,68854,68455,68307,77047,76354,75806,76310,75934,65972,65236,65408,65919,65299
1135,0,1,16,77367,76908,76133,76128,76766,69925,68766,69307,68906,68770,77607,76911,76370,76880,76483,66407,65676,65848,66373,65739
1136,1,1,16,76803,76345,75575,75568,76189,69475,68323,68860,68451,68326,77061,76345,75812,76301,75921,65975,65227,65416,65936,65307
1137,0,1,16,77390,76923,76161,76151,76779,69945,68802,69327,68938,68797,77638,76930,76396,76908,76504,66434,65691,65885,66402,65756
1138,1,1,16,76803,76358,75596,75588,76207,69499,68327,68859,68481,68336,77070,76364,75816,76326,75937,65986,65244,65427,65948,65322
1139,0,1,16,77385,76938,76155,76155,76782,69947,68782,69317,68944,68789,77646,76953,76384,76909,76513,66427,65684,65866,66391,65763
1140,1,1,16,76795,76351,75577,75562,76191,69492,68309,68856,68456,68325,77054,76338,75800,76313,75927,65981,65250,65388,65939,65295
1141,0,1,16,77393,76927,76155,76139,76781,69955,68771,69327,68923,68790,77625,76934,76391,76903,76508,66437,65715,65851,66392,65760
1142,1,1,16,76790,76352,75583,75564,76192,69484,68309,68850,68445,68321,77035,76350,75810,76308,75915,65978,65237,65389,65911,65297
1143,0,1,16,77381,76935,76151,76130,76763,69948,68767,69312,68921,68787,77615,76930,76402,76901,76481,66434,65697,65837,66384,65760
1144,1,1,16,76798,76381,75569,75570,76174,69475,68308,68860,68467,68319,77040,76350,75810,76309,75909,65983,65233,65400,65930,65304
1145,0,1,16,77377,76947,76140,76125,76747,69947,68765,69320,68921,68797,77618,76929,76395,76891,76486,66430,65687,65867,66381,65748
1146,1,1,16,76789,76355,75580,75563,76185,69486,68298,68870,68472,68312,77048,76354,75823,76338,75943,65981,65226,65414,65945,65307
1147,0,1,16,77372,76933,76144,76126,76763,69940,68762,69326,68931,68780,77622,76940,76385,76913,76515,66434,65667,65870,66395,65769
1148,1,1,16,76796,76354,75573,75563,76192,69503,68311,68860,68468,68308,77032,76346,75806,76322,75926,65972,65222,65410,65940,65319
1149,0,1,16,77383,76936,76141,76126,76771,69958,68775,69319,68943,68772,77605,76930,76384,76910,76495,66431,65675,65864,66385,65767
1150,1,1,16,76810,76345,75600,75571,76194,69490,68314,68862,68483,68328,77054,76364,75830,76327,75929,65976,65224,65420,65945,65307
1151,0,1,16,77402,76938,76167,76153,76783,69956,68778,69328,68946,68806,77633,76938,76418,76909,76509,66424,65685,65877,66399,65768
1152,1,1,16,76780,76356,75579,75570,76190,69470,68303,68850,68461,68323,77040,76355,75832,76303,75929,65986,65236,65416,65933,65302
1153,0,1,16,77383,76931,76151,76142,76762,69932,68763,69323,68911,68791,77623,76938,76424,76887,76492,66441,65689,65862,66392,65752
1154,1,1,16,76801,76368,75596,75573,76198,69487,68311,68866,68469,68344,77054,76357,75839,76307,75948,65999,65252,65426,65945,65316
1155,0,1,16,77388,76935,76151,76128,76775,69943,68760,69322,68924,68798,77615,76934,76415,76878,76505,66439,65684,65864,66396,65759
1156,1,1,16,76789,76345,75580,75568,76183,69495,68314,68869,68471,68329,77052,76361,75830,76327,75946,65983,65239,65419,65946,65302
1157,0,1,16,77370,76923,76158,76132,76760,69952,68783,69326,68934,68783,77636,76930,76408,76909,76518,66428,65691,65879,66399,65763
1158,1,1,16,76784,76360,75580,75567,76192,69489,68319,68867,68462,68322,77042,76356,75815,76322,75930,65971,65247,65423,65933,65319
1159,0,1,16,77384,76941,76150,76136,76786,69947,68782,69334,68942,68792,77629,76939,76403,76908,76502,66419,65690,65874,66384,65775
1160,1,1,16,76808,76369,75582,75579,76193,69499,68326,68877,68451,68331,77058,76349,75817,76329,75944,65969,65244,65420,65943,65322
1161,0,1,16,77392,76937,76145,76150,76778,69950,68779,69340,68923,68783,77636,76923,76404,76903,76509,66418,65684,65871,66395,65773
1162,1,1,16,76808,76367,75591,75571,76203,69487,68324,68874,68457,68331,77069,76367,75834,76318,75921,65968,65246,65422,65943,65315
1163,0,1,16,77399,76955,76173,76140,76798,69963,68792,69337,68927,68806,77660,76950,76419,76908,76501,66426,65699,65882,66413,65766
1164,1,1,16,76816,76367,75610,75584,76201,69518,68339,68888,68490,68325,77062,76378,75849,76342,75945,65993,65241,65420,65950,65329
1165,0,1,16,77405,76929,76169,76149,76766,69966,68792,69345,68948,68777,77633,76955,76422,76916,76508,66439,65686,65869,66396,65773
1166,1,1,16,76810,76370,75601,75590,76205,69524,68335,68859,68478,68335,77074,76364,75844,76336,75938,66006,65261,65435,65960,65319
1167,0,1,16,77380,76945,76150,76149,76784,69978,68781,69318,68929,68791,77638,76935,76406,76916,76504,66452,65705,65876,66405,65768
1168,1,1,16,76803,76390,75612,75596,76202,69526,68327,68878,68492,68326,77076,76379,75842,76356,75952,65982,65272,65432,65958,65324
1169,0,1,16,77371,76953,76174,76153,76773,69963,68793,69344,68948,68781,77641,76944,76412,76922,76518,66432,65712,65877,66412,65769
1170,1,1,16,76806,76377,75595,75593,76193,69512,68336,68885,68492,68326,77058,76372,75848,76337,75943,65980,65248,65437,65952,65323
1171,0,1,16,77401,76944,76179,76150,76780,69978,68813,69359,68953,68790,77638,76959,76434,76929,76514,66440,65714,65897,66415,65784
1172,1,1,16,76779,76331,75554,75562,76174,69489,68302,68853,68444,68308,77026,76353,75815,76298,75906,65953,65222,65404,65926,65300
1173,0,1,16,77385,76926,76132,76143,76775,69962,68777,69328,68930,68779,77621,76948,76412,76894,76496,66416,65679,65867,66394,65760
1174,1,1,16,76805,76344,75600,75593,76200,69498,68324,68877,68463,68323,77077,76360,75818,76331,75919,65966,65237,65421,65952,65313
1175,0,1,16,77370,76907,76162,76128,76766,69950,68763,69312,68909,68777,77635,76925,76385,76885,76469,66389,65664,65853,66386,65750
1176,1,1,16,76775,76329,75574,75568,76199,69486,68304,68855,68449,68308,77065,76349,75831,76322,75924,65959,65230,65403,65941,65299
1177,0,1,16,77370,76907,76130,76129,76774,69945,68770,69326,68916,68783,77637,76933,76415,76902,76499,66406,65676,65854,66398,65763
1178,1,1,16,76801,76345,75589,75589,76201,69498,68323,68879,68479,68324,77061,76369,75819,76324,75918,65986,65246,65420,65945,65305
1179,0,1,16,77403,76934,76167,76181,76797,69970,68803,69354,68949,68791,77664,76961,76430,76919,76506,66458,65702,65884,66410,65762
1180,1,1,16,76804,76355,75563,75573,76193,69495,68319,68862,68456,68318,77033,76348,75805,76320,75938,65970,65232,65420,65945,65302
1181,0,1,16,77390,76931,76151,76153,76790,69966,68779,69323,68928,68784,77614,76935,76399,76908,76499,66431,65684,65876,66403,65763
1182,1,1,16,76779,76335,75572,75547,76192,69479,68292,68851,68459,68315,77031,76332,75819,76302,75907,65957,65213,65396,65919,65301
1183,0,1,16,77391,76942,76159,76148,76794,69966,68784,69337,68947,68813,77628,76936,76422,76906,76502,66438,65695,65881,66391,65785
1184,1,1,16,76802,76332,75589,75576,76227,69500,68321,68864,68481,68344,77060,76352,75812,76305,75921,65984,65231,65408,65940,65310
1185,0,1,16,77383,76906,76166,76145,76805,69956,68781,69336,68960,68812,77641,76937,76402,76889,76502,66436,65691,65865,66395,65778
1186,1,1,16,76791,76344,75591,75571,76203,69485,68310,68848,68457,68324,77053,76354,75810,76309,75925,65990,65247,65426,65924,65315
1187,0,1,16,77360,76914,76152,76123,76783,69937,68767,69303,68918,68785,77610,76920,76381,76888,76487,66426,65687,65855,66381,65769
1188,1,1,16,76788,76334,75578,75567,76182,69489,68323,68858,68468,68329,77038,76340,75818,76297,75917,65973,65246,65412,65943,65312
1189,0,1,16,77399,76934,76163,76151,76793,69974,68800,69344,68948,68815,77652,76949,76425,76908,76517,66451,65717,65885,66407,65788
1190,1,1,16,76793,76322,75571,75573,76181,69478,68304,68851,68456,68313,77044,76351,75823,76305,75910,65963,65219,65408,65922,65307
1191,0,1,16,77396,76910,76151,76154,76775,69946,68772,69319,68923,68794,77651,76948,76420,76897,76487,66421,65684,65864,66387,65767
1192,1,1,16,76796,76323,75568,75573,76181,69485,68299,68849,68448,68313,77040,76336,75821,76308,75920,65967,65233,65398,65928,65308
1193,0,1,16,77370,76897,76130,76123,76761,69941,68752,69304,68900,68772,77613,76908,76392,76886,76480,66415,65677,65843,66366,65753
1194,1,1,16,76779,76326,75572,75545,76178,69481,68311,68839,68448,68320,77042,76335,75821,76290,75914,65961,65223,65386,65905,65306
1195,0,1,16,77347,76888,76134,76105,76743,69925,68769,69290,68898,68770,77604,76901,76397,76853,76477,66408,65663,65835,66352,65743
1196,1,1,16,76769,76328,75574,75552,76179,69469,68289,68834,68442,68299,77019,76316,75798,76297,75907,65958,65210,65393,65914,65295
1197,0,1,16,77365,76910,76153,76135,76772,69944,68759,69294,68931,68775,77610,76910,76400,76884,76494,66411,65660,65857,66375,65761
1198,1,1,16,76783,76344,75579,75562,76187,69472,68307,68859,68446,68301,77007,76330,75811,76300,75939,65960,65201,65401,65933,65291
1199,0,1,16,77364,76913,76136,76129,76769,69929,68769,69301,68900,68762,77575,76905,76391,76875,76503,66407,65661,65848,66368,65737
