rep,heat_enabled,transmitter_bit,transmitter_mask,ctrl_0_ro_0,ctrl_0_ro_1,ctrl_0_ro_2,ctrl_0_ro_3,ctrl_0_ro_4,ctrl_1_ro_0,ctrl_1_ro_1,ctrl_1_ro_2,ctrl_1_ro_3,ctrl_1_ro_4,ctrl_2_ro_0,ctrl_2_ro_1,ctrl_2_ro_2,ctrl_2_ro_3,ctrl_2_ro_4,ctrl_3_ro_0,ctrl_3_ro_1,ctrl_3_ro_2,ctrl_3_ro_3,ctrl_3_ro_4
0,1,1,16,76746,76321,75550,75504,76150,69461,68247,68825,68428,68284,77019,76297,75774,76257,75882,65956,65203,65382,65875,65290
1,0,1,16,77354,76912,76124,76065,76731,69918,68719,69284,68896,68758,77596,76893,76354,76842,76460,66408,65648,65847,66342,65741
2,1,1,16,76784,76352,75571,75520,76159,69474,68284,68842,68459,68303,77034,76328,75785,76277,75892,65966,65204,65396,65902,65300
3,0,1,16,77339,76912,76130,76059,76721,69913,68730,69290,68903,68757,77614,76893,76343,76838,76454,66419,65644,65834,66341,65746
4,1,1,16,76778,76347,75578,75512,76161,69462,68288,68831,68467,68311,77038,76332,75772,76272,75893,65969,65207,65394,65910,65307
5,0,1,16,77340,76917,76133,76058,76724,69917,68745,69281,68923,68760,77590,76896,76345,76839,76459,66409,65652,65839,66362,65759
6,1,1,16,76772,76349,75577,75508,76161,69461,68306,68833,68465,68309,77015,76319,75780,76278,75904,65963,65221,65403,65930,65322
7,0,1,16,77355,76923,76140,76073,76723,69926,68764,69298,68936,68772,77603,76898,76349,76849,76471,66415,65666,65850,66372,65782
8,1,1,16,76784,76359,75584,75515,76165,69462,68309,68841,68478,68313,77020,76325,75771,76268,75901,65965,65205,65400,65922,65317
9,0,1,16,77368,76925,76149,76072,76744,69924,68768,69306,68934,68776,77604,76895,76363,76844,76467,66410,65649,65843,66389,65772
10,1,1,16,76778,76326,75572,75493,76161,69456,68298,68822,68453,68296,77008,76304,75769,76254,75889,65957,65197,65380,65928,65295
11,0,1,16,77369,76931,76158,76081,76750,69925,68775,69318,68932,68777,77614,76906,76364,76860,76490,66415,65662,65849,66398,65765
12,1,1,16,76795,76353,75596,75519,76179,69467,68318,68844,68479,68321,77038,76329,75790,76288,75926,65971,65214,65400,65937,65321
13,0,1,16,77365,76921,76146,76064,76737,69923,68768,69290,68924,68758,77600,76893,76351,76853,76479,66411,65666,65843,66388,65756
14,1,1,16,76805,76368,75597,75513,76185,69478,68319,68842,68482,68321,77039,76328,75779,76291,75917,65969,65227,65400,65951,65307
15,0,1,16,77380,76941,76154,76062,76753,69934,68777,69302,68937,68778,77618,76908,76362,76865,76487,66422,65670,65855,66400,65752
16,1,1,16,76795,76360,75588,75517,76182,69480,68317,68846,68482,68320,77038,76339,75791,76287,75913,65975,65227,65405,65946,65317
17,0,1,16,77377,76939,76160,76092,76755,69939,68778,69311,68941,68779,77620,76928,76367,76864,76476,66430,65676,65856,66400,65769
18,1,1,16,76788,76355,75590,75523,76171,69474,68318,68836,68476,68319,77031,76345,75788,76276,75908,65974,65237,65395,65940,65309
19,0,1,16,77354,76922,76136,76062,76720,69921,68761,69292,68927,68762,77609,76902,76351,76843,76463,66410,65671,65838,66382,65749
20,1,1,16,76788,76362,75586,75515,76169,69474,68315,68846,68483,68317,77043,76346,75775,76289,75907,65976,65231,65399,65945,65317
21,0,1,16,77369,76929,76150,76065,76734,69941,68771,69299,68938,68776,77617,76900,76345,76856,76476,66415,65670,65844,66392,65762
22,1,1,16,76797,76364,75586,75510,76175,69479,68319,68838,68481,68325,77043,76334,75780,76284,75909,65975,65232,65394,65948,65311
23,0,1,16,77376,76943,76146,76062,76750,69933,68780,69307,68927,68775,77615,76904,76370,76854,76481,66422,65681,65841,66392,65761
24,1,1,16,76807,76362,75575,75494,76184,69479,68316,68838,68478,68326,77036,76342,75789,76284,75906,65972,65233,65401,65945,65319
25,0,1,16,77380,76935,76143,76063,76747,69936,68772,69301,68938,68776,77616,76910,76373,76849,76476,66419,65672,65843,66389,65762
26,1,1,16,76804,76356,75581,75496,76176,69472,68310,68836,68462,68305,77024,76321,75789,76269,75904,65962,65210,65384,65934,65305
27,0,1,16,77388,76950,76154,76071,76749,69938,68786,69320,68938,68778,77605,76905,76368,76871,76482,66422,65672,65842,66397,65776
28,1,1,16,76812,76364,75596,75509,76180,69480,68332,68853,68476,68326,77025,76328,75789,76294,75908,65974,65230,65394,65949,65319
29,0,1,16,77373,76922,76154,76060,76736,69930,68772,69308,68923,68772,77587,76891,76355,76854,76462,66407,65670,65838,66378,65762
30,1,1,16,76813,76362,75597,75507,76178,69489,68338,68865,68478,68332,77025,76328,75799,76298,75913,65967,65234,65408,65950,65327
31,0,1,16,77386,76955,76159,76076,76752,69940,68795,69325,68934,68783,77607,76894,76371,76871,76485,66418,65679,65862,66399,65783
32,1,1,16,76805,76388,75599,75514,76169,69484,68334,68852,68478,68318,77017,76320,75797,76295,75909,65971,65227,65397,65948,65315
33,0,1,16,77384,76948,76153,76069,76742,69940,68776,69313,68932,68776,77597,76889,76380,76868,76479,66421,65675,65853,66403,65759
34,1,1,16,76811,76378,75604,75512,76185,69482,68322,68850,68483,68326,77029,76327,75802,76304,75907,65969,65233,65403,65953,65319
35,0,1,16,77372,76940,76144,76061,76745,69925,68775,69291,68925,68764,77595,76892,76371,76862,76474,66408,65670,65852,66383,65761
36,1,1,16,76793,76363,75593,75502,76166,69475,68314,68829,68475,68304,77019,76317,75786,76298,75896,65970,65224,65399,65931,65314
37,0,1,16,77368,76930,76142,76058,76724,69927,68765,69295,68919,68764,77604,76886,76354,76868,76469,66409,65674,65853,66383,65754
38,1,1,16,76831,76394,75601,75525,76181,69499,68335,68864,68494,68336,77049,76340,75805,76330,75929,65988,65247,65434,65963,65333
39,0,1,16,77384,76950,76147,76069,76739,69940,68780,69321,68947,68773,77613,76899,76372,76881,76485,66426,65676,65867,66379,65766
40,1,1,16,76821,76391,75594,75522,76182,69494,68335,68865,68499,68333,77052,76334,75818,76324,75934,65979,65240,65418,65932,65332
41,0,1,16,77388,76941,76144,76063,76736,69938,68778,69320,68925,68778,77609,76890,76382,76879,76484,66404,65677,65841,66368,65770
42,1,1,16,76802,76367,75588,75510,76169,69483,68327,68857,68466,68329,77026,76322,75807,76313,75916,65961,65225,65401,65924,65323
43,0,1,16,77370,76946,76153,76065,76737,69939,68772,69316,68930,68778,77609,76891,76380,76870,76479,66413,65661,65854,66374,65772
44,1,1,16,76799,76368,75591,75507,76169,69477,68318,68852,68477,68324,77029,76309,75800,76305,75906,65961,65222,65397,65917,65320
45,0,1,16,77367,76931,76141,76060,76741,69927,68764,69313,68920,68770,77595,76887,76371,76874,76473,66401,65654,65832,66363,65758
46,1,1,16,76815,76369,75582,75520,76186,69489,68334,68863,68484,68326,77034,76330,75803,76319,75923,65971,65229,65402,65936,65329
47,0,1,16,77373,76936,76149,76080,76745,69933,68769,69323,68935,68772,77598,76892,76365,76888,76486,66411,65665,65843,66378,65772
48,1,1,16,76803,76369,75601,75536,76178,69481,68326,68863,68485,68324,77027,76331,75799,76317,75917,65969,65219,65393,65937,65318
49,0,1,16,77375,76935,76149,76083,76737,69929,68765,69309,68935,68771,77594,76894,76372,76879,76478,66402,65661,65829,66383,65762
50,1,1,16,76805,76379,75596,75532,76171,69480,68320,68852,68487,68324,77029,76326,75803,76312,75916,65971,65224,65397,65936,65323
51,0,1,16,77375,76945,76155,76096,76743,69931,68774,69318,68942,68778,77608,76902,76376,76886,76479,66415,65683,65849,66386,65769
52,1,1,16,76795,76367,75599,75541,76178,69480,68322,68854,68488,68327,77045,76329,75802,76315,75916,65967,65236,65400,65939,65320
53,0,1,16,77371,76944,76153,76099,76744,69934,68778,69313,68948,68770,77621,76907,76376,76898,76485,66416,65682,65849,66385,65768
54,1,1,16,76793,76376,75580,75521,76172,69465,68312,68843,68482,68302,77027,76334,75806,76310,75900,65958,65225,65380,65945,65316
55,0,1,16,77371,76939,76143,76078,76740,69925,68761,69306,68930,68756,77613,76910,76387,76884,76473,66408,65670,65843,66399,65771
56,1,1,16,76800,76368,75581,75520,76171,69483,68311,68857,68482,68313,77028,76350,75811,76310,75911,65969,65230,65404,65948,65324
57,0,1,16,77378,76936,76145,76073,76746,69933,68765,69319,68930,68771,77603,76912,76378,76871,76477,66406,65666,65844,66391,65767
58,1,1,16,76821,76379,75593,75527,76188,69502,68326,68869,68497,68330,77037,76355,75815,76321,75936,65977,65230,65415,65947,65334
59,0,1,16,77379,76949,76142,76081,76745,69930,68762,69318,68927,68764,77601,76918,76386,76878,76480,66407,65672,65845,66386,65770
60,1,1,16,76799,76368,75573,75523,76160,69479,68312,68855,68461,68315,77016,76344,75808,76311,75906,65964,65222,65393,65931,65316
61,0,1,16,77378,76942,76138,76093,76739,69930,68771,69321,68930,68770,77599,76916,76381,76880,76474,66408,65673,65846,66380,65767
62,1,1,16,76790,76370,75573,75535,76176,69473,68311,68857,68476,68318,77026,76343,75808,76315,75907,65967,65226,65400,65934,65325
63,0,1,16,77379,76940,76136,76101,76747,69940,68771,69320,68930,68776,77622,76919,76390,76893,76468,66411,65685,65856,66379,65782
64,1,1,16,76815,76381,75571,75545,76179,69483,68330,68850,68483,68321,77046,76355,75821,76328,75913,65969,65244,65411,65934,65331
65,0,1,16,77386,76943,76128,76100,76743,69932,68769,69310,68936,68778,77619,76928,76387,76895,76480,66411,65693,65854,66379,65776
66,1,1,16,76796,76352,75562,75535,76166,69472,68314,68849,68473,68310,77027,76336,75801,76318,75901,65964,65239,65392,65914,65312
67,0,1,16,77383,76933,76117,76098,76751,69931,68770,69326,68938,68774,77609,76907,76383,76892,76484,66413,65691,65851,66371,65758
68,1,1,16,76805,76351,75553,75516,76173,69469,68305,68863,68474,68315,77032,76339,75803,76308,75900,65954,65230,65392,65917,65310
69,0,1,16,77380,76920,76111,76088,76740,69925,68763,69319,68925,68767,77606,76913,76383,76889,76470,66406,65676,65839,66376,65762
70,1,1,16,76795,76348,75561,75527,76170,69470,68311,68855,68470,68305,77032,76334,75799,76314,75905,65955,65222,65396,65919,65318
71,0,1,16,77372,76922,76123,76095,76744,69929,68767,69321,68938,68763,77607,76919,76394,76891,76478,66402,65671,65853,66373,65771
72,1,1,16,76791,76344,75555,75524,76164,69466,68306,68849,68478,68294,77021,76339,75805,76308,75906,65952,65219,65391,65932,65319
73,0,1,16,77354,76904,76117,76074,76728,69919,68746,69297,68914,68737,77588,76890,76373,76863,76463,66384,65656,65817,66369,65755
74,1,1,16,76783,76354,75562,75509,76158,69463,68301,68837,68469,68309,77026,76334,75808,76303,75901,65944,65220,65381,65921,65303
75,0,1,16,77340,76914,76102,76064,76719,69901,68742,69285,68912,68751,77580,76900,76362,76857,76454,66382,65652,65818,66352,65740
76,1,1,16,76794,76356,75565,75527,76166,69474,68316,68852,68481,68321,77037,76337,75810,76314,75913,65957,65231,65388,65924,65311
77,0,1,16,77372,76936,76135,76084,76740,69939,68775,69314,68941,68774,77623,76913,76389,76894,76483,66412,65681,65841,66379,65765
78,1,1,16,76801,76359,75572,75517,76173,69480,68315,68849,68482,68311,77041,76339,75822,76319,75912,65969,65232,65383,65911,65327
79,0,1,16,77362,76912,76123,76065,76730,69908,68757,69302,68927,68749,77617,76895,76376,76878,76462,66397,65664,65830,66359,65763
80,1,1,16,76794,76353,75565,75514,76169,69469,68305,68846,68480,68302,77049,76334,75799,76313,75909,65949,65215,65395,65914,65320
81,0,1,16,77374,76931,76121,76080,76742,69921,68756,69300,68936,68759,77605,76897,76369,76880,76469,66409,65667,65843,66365,65763
82,1,1,16,76811,76378,75579,75527,76190,69475,68311,68848,68488,68313,77044,76336,75803,76320,75911,65971,65234,65401,65937,65321
83,0,1,16,77379,76932,76130,76071,76744,69924,68759,69305,68932,68756,77613,76913,76372,76885,76472,66402,65673,65843,66380,65765
84,1,1,16,76813,76373,75576,75534,76180,69477,68325,68862,68490,68310,77053,76350,75810,76326,75926,65970,65226,65396,65940,65327
85,0,1,16,77371,76927,76129,76079,76729,69927,68764,69310,68924,68757,77617,76903,76371,76879,76475,66409,65669,65834,66379,65754
86,1,1,16,76802,76367,75583,75535,76178,69479,68323,68865,68488,68307,77056,76342,75812,76322,75924,65967,65221,65403,65945,65316
87,0,1,16,77378,76949,76142,76092,76745,69946,68783,69333,68951,68777,77641,76926,76387,76897,76503,66422,65682,65859,66403,65772
88,1,1,16,76809,76377,75582,75536,76170,69492,68331,68865,68493,68331,77061,76356,75804,76317,75938,65977,65250,65416,65952,65331
89,0,1,16,77387,76953,76147,76097,76741,69942,68769,69325,68941,68777,77631,76922,76376,76893,76494,66426,65690,65856,66391,65771
90,1,1,16,76802,76364,75571,75521,76178,69476,68310,68849,68477,68317,77040,76335,75795,76313,75915,65968,65227,65393,65928,65320
91,0,1,16,77371,76937,76124,76083,76752,69939,68769,69309,68939,68775,77621,76911,76378,76894,76483,66414,65665,65843,66393,65771
92,1,1,16,76815,76367,75578,75543,76188,69488,68323,68854,68490,68324,77048,76348,75801,76330,75917,65978,65240,65404,65954,65337
93,0,1,16,77376,76939,76114,76092,76741,69931,68766,69310,68933,68782,77616,76918,76370,76894,76484,66420,65689,65851,66401,65771
94,1,1,16,76808,76387,75570,75542,76186,69485,68324,68859,68491,68336,77049,76347,75809,76330,75923,65975,65241,65404,65954,65331
95,0,1,16,77377,76953,76130,76085,76745,69937,68779,69317,68945,68786,77624,76918,76384,76893,76482,66419,65686,65845,66401,65775
96,1,1,16,76805,76387,75571,75522,76185,69498,68336,68858,68496,68336,77046,76349,75808,76334,75921,65980,65239,65413,65961,65334
97,0,1,16,77371,76943,76119,76079,76750,69940,68775,69303,68944,68786,77608,76910,76389,76899,76478,66429,65670,65845,66400,65768
98,1,1,16,76785,76354,75555,75515,76162,69469,68315,68833,68475,68318,77024,76328,75792,76317,75900,65969,65222,65384,65946,65314
99,0,1,16,77382,76946,76130,76089,76742,69938,68773,69312,68930,68774,77613,76914,76388,76903,76484,66419,65678,65842,66395,65761
100,1,1,16,76800,76363,75558,75517,76158,69469,68312,68845,68470,68310,77030,76333,75806,76316,75907,65966,65215,65385,65933,65304
101,0,1,16,77364,76933,76111,76073,76716,69927,68763,69305,68921,68769,77602,76906,76368,76886,76471,66413,65655,65838,66376,65757
102,1,1,16,76795,76374,75573,75508,76147,69470,68314,68839,68475,68320,77015,76331,75789,76325,75912,65968,65216,65393,65926,65310
103,0,1,16,77359,76928,76121,76064,76724,69916,68752,69295,68930,68766,77586,76901,76356,76886,76479,66416,65664,65838,66366,65759
104,1,1,16,76793,76371,75572,75519,76167,69465,68312,68852,68479,68323,77027,76348,75798,76318,75926,65976,65219,65397,65927,65311
105,0,1,16,77373,76945,76129,76088,76736,69920,68774,69311,68938,68782,77607,76914,76376,76891,76483,66421,65663,65842,66385,65759
106,1,1,16,76798,76372,75566,75518,76170,69463,68314,68842,68475,68325,77026,76350,75806,76320,75909,65966,65214,65390,65932,65306
107,0,1,16,77374,76944,76130,76076,76740,69914,68766,69304,68936,68768,77599,76910,76374,76888,76475,66407,65665,65838,66388,65751
108,1,1,16,76802,76389,75575,75527,76193,69474,68321,68852,68488,68317,77028,76353,75819,76326,75921,65970,65224,65401,65931,65303
109,0,1,16,77377,76957,76141,76088,76741,69922,68768,69303,68931,68767,77608,76916,76378,76888,76472,66404,65664,65847,66366,65759
110,1,1,16,76798,76376,75561,75498,76162,69456,68311,68839,68471,68301,77014,76338,75802,76312,75901,65946,65206,65389,65911,65305
111,0,1,16,77380,76936,76126,76074,76740,69930,68770,69306,68932,68760,77601,76915,76384,76885,76476,66404,65656,65840,66368,65759
112,1,1,16,76814,76368,75573,75531,76175,69477,68323,68853,68479,68311,77037,76354,75809,76311,75920,65972,65220,65404,65933,65312
113,0,1,16,77375,76931,76126,76076,76736,69921,68765,69299,68934,68761,77603,76909,76384,76879,76490,66411,65653,65836,66372,65754
114,1,1,16,76814,76375,75567,75520,76179,69478,68315,68849,68488,68313,77032,76342,75805,76324,75930,65965,65215,65397,65928,65310
115,0,1,16,77394,76939,76133,76089,76751,69941,68780,69310,68952,68785,77619,76931,76380,76912,76499,66429,65680,65848,66388,65778
116,1,1,16,76805,76371,75568,75512,76170,69478,68324,68839,68485,68316,77043,76340,75792,76335,75923,65972,65218,65401,65934,65319
117,0,1,16,77380,76951,76136,76097,76747,69940,68778,69311,68954,68784,77624,76922,76378,76920,76504,66420,65675,65850,66391,65782
118,1,1,16,76790,76372,75565,75527,76169,69478,68315,68848,68485,68327,77041,76339,75794,76342,75926,65970,65229,65394,65927,65327
119,0,1,16,77371,76938,76133,76090,76734,69931,68765,69305,68942,68777,77619,76913,76374,76911,76482,66408,65675,65851,66375,65775
120,1,1,16,76799,76367,75582,75533,76166,69467,68311,68840,68483,68321,77041,76339,75792,76341,75914,65960,65230,65397,65921,65325
121,0,1,16,77372,76926,76135,76083,76729,69937,68749,69293,68930,68768,77606,76900,76375,76903,76477,66403,65666,65833,66365,65760
122,1,1,16,76817,76372,75587,75528,76174,69479,68311,68847,68492,68326,77056,76345,75803,76344,75928,65970,65228,65398,65927,65326
123,0,1,16,77388,76943,76136,76085,76733,69934,68769,69309,68944,68788,77624,76920,76373,76915,76494,66415,65676,65836,66381,65766
124,1,1,16,76807,76369,75568,75515,76150,69473,68307,68836,68484,68327,77027,76336,75787,76333,75914,65959,65223,65375,65925,65313
125,0,1,16,77380,76949,76131,76083,76743,69940,68760,69299,68952,68777,77608,76907,76368,76902,76484,66407,65664,65834,66383,65765
126,1,1,16,76816,76387,75589,75544,76186,69497,68321,68850,68507,68337,77046,76347,75810,76347,75927,65978,65233,65399,65947,65326
127,0,1,16,77389,76965,76147,76094,76751,69951,68769,69319,68968,68802,77626,76924,76384,76916,76489,66429,65688,65851,66399,65781
128,1,1,16,76809,76368,75573,75521,76169,69490,68300,68847,68493,68335,77043,76338,75805,76329,75926,65966,65232,65391,65940,65318
129,0,1,16,77360,76929,76117,76070,76724,69937,68746,69298,68936,68767,77611,76909,76361,76888,76476,66399,65671,65828,66382,65754
130,1,1,16,76809,76386,75577,75531,76175,69485,68311,68850,68501,68326,77039,76351,75803,76342,75925,65968,65232,65401,65934,65321
131,0,1,16,77377,76943,76141,76088,76743,69948,68757,69299,68948,68781,77616,76916,76378,76912,76490,66409,65681,65846,66383,65767
132,1,1,16,76807,76368,75578,75529,76171,69483,68298,68836,68494,68322,77044,76340,75797,76333,75919,65965,65236,65388,65929,65325
133,0,1,16,77379,76939,76138,76094,76742,69942,68762,69308,68954,68792,77620,76908,76374,76905,76493,66417,65683,65848,66387,65776
134,1,1,16,76810,76374,75580,75547,76182,69490,68313,68858,68503,68344,77040,76347,75820,76349,75928,65980,65239,65407,65942,65322
135,0,1,16,77377,76946,76138,76101,76753,69938,68756,69315,68956,68782,77614,76912,76388,76908,76497,66420,65692,65850,66382,65770
136,1,1,16,76801,76381,75588,75537,76180,69485,68304,68864,68505,68332,77041,76346,75816,76341,75927,65972,65245,65394,65937,65328
137,0,1,16,77370,76943,76141,76098,76739,69935,68760,69317,68955,68782,77607,76916,76389,76906,76481,66421,65686,65844,66383,65774
138,1,1,16,76810,76366,75579,75545,76177,69487,68315,68869,68508,68334,77035,76349,75809,76350,75925,65977,65245,65402,65940,65327
139,0,1,16,77397,76945,76146,76105,76749,69956,68772,69332,68968,68803,77626,76924,76397,76928,76495,66428,65697,65848,66396,65784
140,1,1,16,76812,76370,75577,75532,76183,69489,68318,68857,68501,68340,77051,76344,75808,76344,75913,65979,65243,65396,65942,65332
141,0,1,16,77386,76957,76147,76100,76759,69949,68771,69329,68960,68797,77623,76914,76397,76913,76489,66426,65693,65855,66387,65769
142,1,1,16,76798,76369,75563,75529,76170,69493,68311,68860,68503,68333,77036,76328,75805,76336,75922,65974,65228,65405,65927,65308
143,0,1,16,77382,76955,76139,76090,76748,69955,68772,69329,68962,68795,77620,76913,76389,76915,76493,66428,65687,65852,66382,65761
144,1,1,16,76812,76372,75582,75533,76179,69492,68324,68870,68505,68341,77043,76342,75816,76337,75917,65980,65246,65412,65929,65320
145,0,1,16,77384,76938,76137,76093,76740,69942,68776,69323,68963,68793,77611,76912,76394,76917,76487,66429,65687,65859,66385,65759
146,1,1,16,76810,76380,75581,75536,76186,69489,68323,68865,68499,68346,77037,76346,75817,76352,75924,65989,65236,65410,65949,65314
147,0,1,16,77384,76947,76142,76088,76747,69940,68762,69314,68948,68799,77619,76912,76378,76921,76488,66436,65681,65851,66399,65760
148,1,1,16,76826,76382,75605,75547,76187,69502,68327,68866,68508,68351,77047,76354,75817,76357,75934,65998,65251,65423,65964,65326
149,0,1,16,77375,76934,76137,76086,76735,69949,68757,69315,68947,68789,77616,76911,76373,76898,76477,66437,65674,65864,66385,65753
150,1,1,16,76819,76379,75594,75541,76183,69495,68320,68861,68504,68344,77063,76355,75823,76350,75933,65998,65234,65421,65952,65313
151,0,1,16,77379,76938,76129,76087,76744,69940,68759,69321,68942,68797,77628,76916,76380,76914,76482,66429,65667,65856,66385,65752
152,1,1,16,76809,76382,75586,75534,76188,69490,68318,68862,68500,68343,77055,76346,75813,76341,75932,65985,65232,65414,65949,65323
153,0,1,16,77384,76954,76138,76101,76761,69952,68779,69329,68963,68801,77626,76929,76397,76919,76501,66432,65688,65872,66400,65778
154,1,1,16,76793,76371,75576,75531,76182,69486,68321,68855,68498,68337,77043,76343,75810,76336,75918,65981,65237,65405,65937,65324
155,0,1,16,77388,76970,76158,76105,76765,69956,68789,69332,68971,68810,77636,76926,76408,76928,76494,66444,65692,65863,66407,65777
156,1,1,16,76817,76391,75592,75544,76183,69495,68337,68865,68507,68351,77053,76361,75821,76355,75931,66000,65248,65420,65959,65333
157,0,1,16,77381,76953,76147,76094,76744,69943,68779,69322,68955,68785,77626,76919,76389,76914,76492,66436,65696,65866,66398,65777
158,1,1,16,76812,76399,75593,75543,76182,69490,68335,68865,68517,68353,77049,76363,75819,76356,75931,65991,65249,65426,65952,65331
159,0,1,16,77393,76962,76147,76091,76752,69943,68778,69322,68960,68803,77619,76929,76391,76917,76494,66430,65681,65868,66403,65774
160,1,1,16,76801,76383,75572,75520,76175,69485,68319,68854,68493,68335,77035,76340,75805,76337,75918,65978,65233,65414,65935,65319
161,0,1,16,77379,76960,76139,76094,76758,69945,68789,69322,68967,68806,77634,76936,76394,76923,76504,66432,65695,65877,66390,65772
162,1,1,16,76805,76379,75584,75533,76185,69487,68335,68855,68503,68341,77047,76352,75821,76335,75927,65989,65244,65413,65941,65317
163,0,1,16,77384,76941,76131,76083,76754,69945,68774,69317,68955,68791,77616,76921,76396,76904,76481,66432,65687,65857,66382,65769
164,1,1,16,76814,76384,75587,75537,76184,69500,68310,68865,68497,68327,77044,76362,75816,76331,75929,65988,65247,65424,65941,65317
165,0,1,16,77387,76957,76161,76113,76755,69971,68775,69318,68948,68797,77618,76932,76389,76912,76503,66437,65691,65870,66385,65766
166,1,1,16,76797,76382,75571,75534,76190,69485,68309,68874,68475,68323,77058,76351,75821,76309,75933,65988,65247,65415,65925,65302
167,0,1,16,77371,76947,76128,76091,76753,69941,68756,69330,68929,68771,77625,76919,76392,76884,76494,66428,65685,65858,66364,65740
168,1,1,16,76776,76354,75563,75521,76164,69475,68280,68844,68469,68298,77048,76348,75787,76293,75910,65962,65227,65396,65919,65282
169,0,1,16,77368,76918,76143,76087,76744,69940,68742,69323,68940,68776,77631,76932,76379,76878,76489,66428,65686,65856,66377,65750
170,1,1,16,76799,76359,75568,75539,76176,69474,68285,68837,68458,68298,77064,76332,75782,76311,75905,65963,65220,65405,65926,65281
171,0,1,16,77374,76936,76134,76102,76762,69952,68757,69297,68931,68769,77633,76908,76364,76895,76482,66417,65668,65864,66388,65738
172,1,1,16,76778,76359,75582,75525,76187,69479,68280,68851,68469,68315,77050,76333,75794,76299,75909,65960,65200,65412,65917,65294
173,0,1,16,77364,76940,76147,76091,76769,69940,68757,69311,68946,68773,77626,76918,76380,76887,76488,66412,65650,65860,66365,65744
174,1,1,16,76785,76362,75578,75516,76169,69486,68286,68844,68449,68320,77038,76336,75795,76311,75902,65979,65228,65395,65915,65293
175,0,1,16,77373,76933,76152,76090,76755,69949,68744,69307,68933,68786,77615,76906,76371,76895,76473,66429,65672,65849,66369,65739
176,1,1,16,76781,76348,75575,75534,76169,69471,68278,68855,68463,68314,77031,76331,75780,76316,75913,65953,65218,65385,65921,65284
177,0,1,16,77372,76937,76151,76112,76756,69931,68759,69319,68940,68785,77631,76925,76374,76907,76487,66421,65673,65841,66386,65745
178,1,1,16,76785,76343,75582,75543,76178,69482,68297,68855,68461,68311,77062,76348,75791,76307,75918,65975,65240,65405,65934,65296
179,0,1,16,77380,76942,76162,76116,76775,69950,68774,69329,68933,68789,77660,76939,76383,76904,76499,66434,65696,65868,66388,65760
180,1,1,16,76800,76378,75588,75559,76209,69494,68309,68875,68471,68321,77068,76372,75815,76319,75924,65985,65241,65417,65942,65310
181,0,1,16,77370,76937,76136,76110,76768,69946,68762,69322,68927,68777,77619,76933,76388,76881,76483,66432,65670,65844,66386,65746
182,1,1,16,76761,76354,75570,75508,76158,69468,68285,68840,68444,68298,77051,76330,75792,76295,75908,65960,65203,65380,65927,65302
183,0,1,16,77356,76940,76148,76078,76739,69926,68746,69301,68905,68776,77618,76904,76365,76881,76476,66401,65656,65829,66372,65754
184,1,1,16,76780,76366,75586,75526,76180,69474,68285,68861,68457,68318,77052,76353,75795,76324,75901,65966,65238,65411,65920,65309
185,0,1,16,77360,76932,76144,76091,76753,69930,68745,69317,68924,68774,77627,76919,76360,76910,76469,66412,65674,65859,66382,65753
186,1,1,16,76761,76359,75569,75517,76160,69470,68266,68828,68442,68302,77040,76336,75780,76295,75895,65944,65213,65385,65910,65301
187,0,1,16,77352,76933,76142,76084,76752,69930,68731,69305,68912,68780,77623,76914,76367,76874,76473,66398,65651,65852,66372,65753
188,1,1,16,76807,76405,75603,75555,76201,69518,68313,68866,68493,68346,77083,76373,75817,76332,75943,65992,65266,65433,65959,65346
189,0,1,16,77388,76964,76162,76119,76774,69963,68783,69330,68950,68800,77654,76930,76379,76913,76496,66435,65709,65880,66407,65790
190,1,1,16,76772,76353,75574,75519,76172,69491,68278,68831,68457,68319,77065,76337,75787,76298,75917,65963,65211,65396,65939,65305
191,0,1,16,77346,76924,76131,76088,76742,69932,68732,69280,68920,68765,77621,76899,76356,76871,76463,66401,65642,65832,66381,65744
192,1,1,16,76774,76355,75577,75524,76168,69461,68266,68835,68459,68298,77054,76324,75794,76299,75904,65957,65220,65389,65921,65289
193,0,1,16,77374,76939,76157,76100,76753,69934,68756,69311,68931,68775,77641,76917,76387,76896,76490,66422,65678,65861,66377,65763
194,1,1,16,76767,76361,75584,75534,76175,69485,68282,68865,68468,68316,77036,76352,75811,76319,75925,65973,65252,65411,65932,65320
195,0,1,16,77333,76920,76130,76088,76736,69944,68738,69315,68920,68773,77600,76918,76367,76883,76476,66410,65687,65860,66372,65764
196,1,1,16,76786,76349,75579,75528,76170,69464,68287,68847,68452,68335,77052,76348,75810,76290,75921,65963,65236,65389,65940,65317
197,0,1,16,77364,76915,76138,76095,76740,69921,68734,69308,68909,68781,77625,76921,76380,76870,76479,66396,65678,65827,66384,65759
198,1,1,16,76780,76342,75566,75516,76153,69467,68290,68851,68457,68311,77055,76340,75810,76270,75907,65973,65221,65406,65929,65292
199,0,1,16,77359,76922,76131,76081,76740,69924,68743,69313,68928,68775,77625,76923,76388,76865,76464,66419,65671,65864,66380,65743
200,1,1,16,76782,76355,75567,75520,76171,69474,68283,68841,68450,68311,77069,76323,75792,76302,75903,65953,65228,65388,65925,65301
201,0,1,16,77368,76936,76152,76099,76746,69949,68762,69307,68930,68794,77646,76914,76397,76889,76488,66414,65692,65840,66375,65762
202,1,1,16,76801,76377,75598,75557,76181,69486,68296,68871,68499,68331,77071,76351,75821,76306,75919,65977,65252,65436,65945,65343
203,0,1,16,77375,76936,76159,76120,76761,69946,68754,69326,68952,68794,77643,76920,76385,76875,76485,66413,65694,65870,66392,65797
204,1,1,16,76786,76361,75578,75524,76167,69497,68291,68850,68474,68320,77061,76327,75817,76309,75908,65965,65225,65416,65922,65330
205,0,1,16,77366,76927,76139,76075,76740,69957,68750,69309,68933,68771,77634,76897,76370,76888,76474,66409,65672,65855,66382,65772
206,1,1,16,76776,76354,75582,75531,76170,69494,68279,68864,68460,68309,77059,76342,75806,76305,75907,65959,65228,65410,65934,65331
207,0,1,16,77368,76929,76162,76096,76762,69956,68753,69342,68926,68786,77636,76909,76385,76894,76498,66419,65688,65864,66405,65797
208,1,1,16,76795,76360,75582,75552,76196,69485,68307,68878,68477,68328,77069,76340,75804,76315,75912,65971,65243,65432,65947,65333
209,0,1,16,77387,76946,76160,76119,76777,69952,68779,69360,68950,68804,77647,76932,76410,76908,76502,66429,65693,65885,66415,65797
210,1,1,16,76784,76344,75579,75542,76179,69481,68308,68860,68462,68318,77064,76345,75795,76298,75920,65970,65239,65427,65933,65326
211,0,1,16,77367,76928,76148,76109,76762,69933,68779,69322,68924,68785,77632,76922,76373,76887,76486,66416,65682,65874,66393,65781
212,1,1,16,76785,76324,75574,75535,76170,69459,68306,68848,68477,68304,77064,76331,75812,76305,75898,65953,65221,65394,65939,65320
213,0,1,16,77356,76897,76138,76095,76728,69913,68760,69305,68917,68784,77633,76888,76369,76876,76455,66392,65663,65833,66388,65762
214,1,1,16,76767,76338,75567,75517,76178,69463,68283,68841,68467,68301,77050,76336,75778,76289,75893,65945,65224,65401,65919,65317
215,0,1,16,77361,76925,76144,76087,76756,69932,68746,69312,68936,68780,77622,76920,76364,76882,76481,66402,65680,65861,66369,65778
216,1,1,16,76786,76368,75591,75552,76193,69499,68304,68867,68482,68337,77068,76370,75815,76339,75924,65987,65240,65422,65935,65345
217,0,1,16,77360,76927,76143,76100,76770,69949,68749,69315,68934,68799,77628,76928,76380,76895,76472,66430,65685,65860,66378,65781
218,1,1,16,76768,76345,75570,75511,76173,69483,68280,68840,68453,68318,77047,76324,75790,76289,75894,65949,65213,65403,65910,65323
219,0,1,16,77370,76937,76157,76094,76762,69940,68746,69316,68918,68786,77637,76919,76384,76877,76476,66401,65672,65856,66373,65782
220,1,1,16,76750,76328,75556,75515,76164,69447,68268,68828,68460,68295,77027,76326,75782,76296,75910,65948,65217,65379,65893,65306
221,0,1,16,77350,76906,76128,76079,76743,69915,68733,69292,68916,68766,77608,76907,76370,76871,76475,66399,65673,65834,66356,65774
222,1,1,16,76752,76339,75562,75519,76157,69464,68268,68839,68431,68303,77043,76322,75801,76274,75898,65950,65223,65378,65892,65302
223,0,1,16,77359,76918,76154,76088,76751,69935,68741,69304,68919,68771,77629,76907,76388,76867,76477,66414,65678,65841,66352,65761
224,1,1,16,76799,76335,75592,75540,76206,69481,68295,68866,68477,68323,77077,76338,75824,76307,75929,65976,65250,65407,65928,65331
225,0,1,16,77382,76902,76151,76093,76770,69942,68745,69323,68935,68780,77642,76899,76389,76881,76499,66421,65690,65847,66364,65773
226,1,1,16,76797,76335,75563,75531,76162,69487,68280,68854,68465,68312,77059,76332,75804,76312,75917,65963,65230,65400,65921,65326
227,0,1,16,77376,76912,76122,76095,76731,69923,68739,69304,68914,68762,77632,76903,76375,76883,76469,66398,65676,65840,66364,65777
228,1,1,16,76797,76372,75588,75541,76204,69499,68301,68862,68485,68322,77074,76360,75814,76308,75917,65979,65237,65420,65941,65340
229,0,1,16,77374,76946,76150,76085,76777,69951,68754,69316,68953,68777,77652,76923,76398,76885,76474,66419,65676,65865,66369,65787
230,1,1,16,76771,76339,75558,75530,76165,69463,68276,68846,68463,68295,77049,76329,75781,76302,75905,65948,65221,65396,65913,65308
231,0,1,16,77344,76899,76116,76085,76748,69908,68732,69299,68915,68749,77611,76900,76378,76874,76460,66387,65659,65835,66342,65749
232,1,1,16,76752,76336,75569,75519,76170,69463,68276,68834,68453,68292,77048,76301,75782,76288,75898,65939,65224,65387,65898,65312
233,0,1,16,77352,76924,76145,76101,76772,69932,68746,69302,68926,68778,77644,76891,76389,76882,76475,66406,65672,65848,66368,65766
234,1,1,16,76765,76342,75568,75533,76163,69461,68297,68837,68467,68302,77061,76327,75785,76302,75906,65937,65212,65402,65912,65300
235,0,1,16,77380,76942,76152,76111,76767,69935,68774,69310,68948,68790,77652,76929,76381,76897,76495,66404,65685,65888,66393,65772
236,1,1,16,76792,76354,75577,75532,76193,69496,68307,68862,68483,68308,77061,76347,75812,76307,75918,65967,65239,65422,65928,65326
237,0,1,16,77358,76915,76142,76088,76753,69945,68758,69306,68938,68759,77640,76916,76369,76879,76465,66396,65671,65866,66381,65778
238,1,1,16,76773,76341,75565,75503,76162,69457,68274,68847,68456,68288,77059,76337,75791,76297,75896,65948,65228,65411,65920,65323
239,0,1,16,77352,76914,76128,76065,76741,69909,68728,69305,68925,68739,77619,76904,76363,76865,76457,66389,65669,65850,66359,65750
240,1,1,16,76794,76332,75577,75518,76184,69478,68296,68859,68476,68305,77054,76343,75798,76304,75908,65954,65219,65413,65936,65317
241,0,1,16,77391,76919,76153,76102,76770,69940,68760,69328,68952,68772,77640,76939,76389,76899,76495,66417,65680,65879,66394,65777
242,1,1,16,76780,76342,75565,75531,76185,69451,68285,68856,68463,68311,77045,76338,75792,76303,75911,65957,65217,65398,65928,65301
243,0,1,16,77356,76922,76131,76101,76761,69906,68744,69322,68927,68776,77625,76912,76369,76892,76473,66402,65672,65847,66388,65746
244,1,1,16,76783,76327,75556,75535,76179,69469,68280,68833,68469,68317,77056,76354,75799,76293,75907,65947,65217,65412,65917,65315
245,0,1,16,77370,76901,76141,76100,76747,69927,68737,69289,68920,68776,77639,76934,76374,76863,76479,66408,65658,65857,66377,65775
246,1,1,16,76805,76346,75583,75540,76196,69479,68295,68857,68476,68329,77060,76352,75814,76324,75906,65962,65243,65429,65952,65310
247,0,1,16,77387,76921,76141,76099,76764,69922,68753,69313,68936,68790,77630,76928,76377,76894,76480,66415,65686,65876,66403,65754
248,1,1,16,76777,76344,75548,75545,76177,69475,68270,68839,68459,68295,77056,76333,75792,76300,75896,65934,65219,65409,65917,65280
249,0,1,16,77382,76904,76127,76108,76762,69932,68740,69307,68928,68751,77629,76917,76378,76887,76456,66394,65674,65867,66375,65740
250,1,1,16,76790,76350,75567,75535,76183,69469,68285,68860,68465,68313,77039,76344,75806,76307,75913,65964,65233,65409,65928,65295
251,0,1,16,77377,76919,76142,76100,76768,69923,68750,69322,68921,68769,77610,76910,76392,76881,76475,66409,65673,65862,66383,65749
252,1,1,16,76776,76330,75570,75522,76150,69459,68286,68843,68461,68292,77035,76334,75789,76289,75889,65938,65211,65390,65919,65296
253,0,1,16,77361,76890,76143,76088,76732,69904,68746,69298,68923,68753,77600,76912,76372,76871,76458,66382,65661,65842,66365,65744
254,1,1,16,76788,76364,75574,75538,76179,69477,68306,68873,68465,68317,77059,76342,75820,76305,75909,65979,65235,65411,65933,65307
255,0,1,16,77369,76940,76142,76105,76758,69931,68763,69329,68930,68787,77638,76911,76397,76890,76484,66419,65686,65855,66373,65763
256,1,1,16,76783,76353,75579,75530,76178,69478,68290,68847,68454,68301,77063,76330,75806,76280,75906,65964,65228,65412,65928,65304
257,0,1,16,77380,76921,76156,76105,76770,69933,68758,69305,68916,68777,77648,76908,76383,76870,76491,66417,65677,65866,66379,65757
258,1,1,16,76803,76368,75594,75542,76191,69479,68314,68855,68468,68325,77064,76343,75819,76297,75907,65970,65236,65418,65935,65307
259,0,1,16,77371,76935,76143,76088,76755,69930,68760,69305,68911,68778,77628,76910,76386,76862,76453,66406,65672,65852,66369,65738
260,1,1,16,76812,76351,75599,75564,76173,69484,68320,68871,68461,68327,77074,76353,75811,76312,75914,65986,65263,65423,65933,65329
261,0,1,16,77405,76943,76163,76119,76748,69948,68784,69339,68946,68799,77646,76939,76388,76888,76489,66432,65703,65872,66389,65782
262,1,1,16,76800,76344,75593,75542,76186,69472,68292,68856,68461,68326,77044,76338,75811,76297,75909,65972,65228,65425,65936,65317
263,0,1,16,77381,76914,76155,76101,76757,69917,68743,69310,68905,68777,77609,76914,76394,76864,76469,66410,65667,65861,66379,65769
264,1,1,16,76797,76343,75565,75540,76165,69470,68277,68855,68457,68306,77047,76327,75796,76284,75886,65954,65213,65416,65914,65298
265,0,1,16,77367,76905,76128,76094,76736,69926,68745,69317,68919,68778,77604,76904,76380,76853,76458,66399,65674,65866,66381,65759
266,1,1,16,76788,76343,75582,75525,76173,69453,68282,68852,68457,68293,77054,76336,75795,76283,75911,65986,65219,65431,65937,65308
267,0,1,16,77381,76934,76166,76114,76773,69921,68759,69329,68937,68760,77641,76919,76388,76886,76490,66439,65681,65890,66402,65771
268,1,1,16,76776,76336,75540,75519,76167,69448,68276,68829,68449,68296,77022,76312,75779,76269,75893,65971,65205,65407,65912,65291
269,0,1,16,77383,76930,76128,76098,76756,69918,68751,69304,68929,68782,77624,76902,76370,76873,76483,66430,65671,65871,66381,65749
270,1,1,16,76818,76353,75609,75561,76200,69502,68314,68883,68488,68331,77066,76370,75816,76303,75934,66001,65249,65443,65955,65325
271,0,1,16,77374,76917,76143,76118,76750,69942,68767,69324,68942,68788,77619,76932,76383,76860,76488,66429,65677,65879,66392,65752
272,1,1,16,76786,76318,75575,75523,76159,69471,68299,68859,68460,68315,77054,76330,75794,76282,75888,65964,65206,65407,65919,65303
273,0,1,16,77382,76917,76158,76108,76769,69949,68772,69325,68951,68790,77628,76919,76393,76875,76488,66426,65672,65867,66392,65774
274,1,1,16,76784,76321,75579,75522,76158,69464,68277,68854,68477,68305,77048,76344,75795,76280,75885,65954,65204,65405,65923,65316
275,0,1,16,77382,76926,76163,76101,76748,69941,68758,69325,68949,68788,77649,76929,76392,76881,76478,66427,65678,65877,66384,65779
276,1,1,16,76790,76317,75590,75526,76166,69473,68279,68863,68476,68306,77063,76338,75791,76291,75910,65976,65227,65404,65936,65313
277,0,1,16,77388,76919,76171,76097,76766,69953,68758,69324,68967,68784,77649,76936,76394,76885,76484,66442,65680,65870,66405,65777
278,1,1,16,76801,76345,75579,75536,76157,69477,68305,68855,68487,68312,77062,76341,75810,76315,75915,65982,65234,65427,65952,65320
279,0,1,16,77377,76920,76141,76096,76737,69940,68757,69313,68948,68770,77633,76918,76389,76897,76479,66429,65678,65872,66396,65770
280,1,1,16,76809,76339,75583,75552,76187,69482,68293,68858,68498,68312,77071,76348,75821,76307,75928,65981,65240,65431,65946,65328
281,0,1,16,77373,76899,76138,76106,76765,69928,68746,69314,68952,68759,77632,76911,76396,76879,76500,66418,65683,65866,66392,65772
282,1,1,16,76779,76320,75569,75540,76171,69470,68272,68862,68456,68293,77046,76339,75801,76289,75905,65968,65245,65409,65932,65312
283,0,1,16,77376,76907,76134,76100,76761,69934,68738,69322,68917,68768,77636,76907,76384,76886,76487,66416,65706,65872,66382,65766
284,1,1,16,76788,76329,75588,75538,76185,69469,68304,68865,68468,68314,77035,76329,75820,76294,75912,65957,65230,65410,65923,65310
285,0,1,16,77369,76903,76151,76102,76757,69923,68763,69319,68923,68781,77601,76910,76409,76868,76480,66412,65668,65852,66372,65760
286,1,1,16,76787,76314,75583,75537,76154,69468,68292,68865,68460,68304,77052,76342,75802,76293,75904,65958,65243,65401,65929,65311
287,0,1,16,77361,76889,76149,76096,76738,69930,68756,69326,68926,68763,77628,76919,76387,76874,76468,66413,65680,65848,66376,65757
288,1,1,16,76788,76321,75581,75549,76173,69476,68296,68870,68465,68300,77049,76339,75817,76285,75907,65959,65234,65422,65920,65311
289,0,1,16,77364,76891,76150,76101,76750,69944,68762,69324,68931,68764,77623,76911,76380,76861,76462,66412,65692,65855,66382,65753
290,1,1,16,76785,76303,75568,75534,76172,69475,68292,68860,68463,68310,77048,76339,75797,76301,75894,65967,65239,65401,65925,65325
291,0,1,16,77372,76872,76129,76098,76764,69934,68751,69328,68923,68767,77628,76919,76381,76871,76463,66403,65689,65845,66376,65765
292,1,1,16,76790,76326,75572,75533,76176,69496,68306,68875,68462,68312,77068,76342,75810,76297,75923,65970,65232,65400,65938,65331
293,0,1,16,77383,76907,76151,76093,76761,69952,68772,69347,68919,68773,77639,76925,76402,76881,76494,66428,65678,65859,66393,65775
294,1,1,16,76801,76325,75575,75538,76189,69489,68305,68866,68459,68309,77056,76338,75807,76300,75933,65981,65229,65419,65940,65329
295,0,1,16,77389,76914,76162,76111,76768,69949,68758,69335,68922,68769,77634,76915,76409,76891,76503,66430,65678,65869,66399,65779
296,1,1,16,76796,76348,75583,75539,76187,69483,68305,68866,68459,68304,77066,76347,75798,76309,75932,65962,65224,65394,65923,65336
297,0,1,16,77380,76918,76153,76107,76767,69937,68763,69318,68925,68762,77644,76908,76384,76892,76502,66412,65675,65861,66381,65792
298,1,1,16,76780,76332,75587,75528,76176,69479,68297,68849,68457,68307,77077,76333,75792,76294,75912,65960,65225,65401,65923,65330
299,0,1,16,77372,76913,76158,76100,76761,69939,68763,69308,68931,68772,77650,76907,76377,76887,76492,66429,65680,65861,66383,65787
300,1,1,16,76768,76337,75564,75531,76188,69470,68297,68849,68457,68309,77062,76336,75808,76309,75923,65970,65230,65405,65924,65319
301,0,1,16,77369,76907,76145,76093,76766,69925,68758,69314,68931,68772,77633,76905,76389,76882,76490,66419,65687,65859,66394,65769
302,1,1,16,76795,76322,75586,75523,76197,69491,68300,68862,68465,68316,77074,76337,75815,76319,75944,65972,65230,65403,65940,65323
303,0,1,16,77371,76906,76158,76085,76774,69941,68754,69324,68934,68778,77647,76921,76395,76896,76517,66431,65675,65856,66402,65780
304,1,1,16,76793,76353,75591,75536,76199,69488,68294,68868,68469,68288,77068,76340,75809,76292,75939,65985,65238,65408,65943,65343
305,0,1,16,77366,76921,76152,76094,76774,69945,68746,69327,68930,68742,77639,76897,76374,76860,76490,66428,65686,65855,66400,65785
306,1,1,16,76795,76344,75602,75536,76193,69502,68306,68871,68494,68333,77063,76346,75826,76315,75938,65978,65236,65411,65952,65336
307,0,1,16,77391,76926,76167,76113,76780,69962,68772,69336,68971,68793,77652,76916,76408,76894,76510,66436,65692,65877,66412,65797
308,1,1,16,76775,76325,75551,75520,76170,69492,68294,68845,68472,68295,77053,76328,75790,76300,75904,65964,65216,65407,65922,65324
309,0,1,16,77356,76902,76134,76091,76756,69950,68755,69313,68944,68759,77630,76903,76372,76881,76488,66417,65681,65860,66370,65765
310,1,1,16,76781,76324,75560,75539,76163,69478,68281,68854,68463,68287,77040,76330,75792,76299,75922,65957,65210,65405,65931,65320
311,0,1,16,77363,76905,76130,76102,76747,69935,68746,69316,68919,68747,77621,76903,76384,76881,76485,66411,65670,65852,66378,65777
312,1,1,16,76793,76340,75568,75548,76179,69484,68311,68860,68457,68285,77049,76332,75806,76302,75923,65967,65219,65407,65938,65331
313,0,1,16,77382,76917,76143,76109,76753,69936,68772,69324,68922,68761,77624,76915,76387,76879,76500,66419,65681,65866,66402,65792
314,1,1,16,76776,76349,75563,75525,76175,69483,68296,68863,68465,68294,77040,76321,75812,76292,75907,65955,65218,65410,65923,65325
315,0,1,16,77368,76921,76137,76088,76757,69939,68757,69318,68922,68772,77624,76902,76400,76882,76479,66410,65675,65867,66372,65771
316,1,1,16,76780,76347,75582,75535,76201,69483,68286,68866,68464,68303,77067,76335,75802,76304,75899,65977,65230,65417,65937,65316
317,0,1,16,77351,76906,76130,76098,76770,69933,68742,69312,68915,68758,77624,76897,76376,76882,76455,66413,65674,65856,66376,65763
318,1,1,16,76782,76354,75577,75518,76179,69482,68283,68845,68457,68299,77057,76312,75806,76299,75907,65956,65218,65410,65923,65318
319,0,1,16,77368,76921,76147,76076,76749,69928,68748,69301,68914,68756,77626,76898,76395,76883,76466,66415,65664,65853,66377,65775
320,1,1,16,76772,76342,75593,75536,76188,69467,68274,68849,68463,68292,77049,76338,75807,76297,75917,65971,65231,65411,65907,65318
321,0,1,16,77374,76922,76176,76112,76780,69931,68756,69316,68928,68767,77632,76926,76410,76881,76501,66423,65695,65873,66382,65772
322,1,1,16,76790,76349,75590,75545,76191,69466,68275,68859,68469,68295,77051,76326,75804,76310,75920,65977,65221,65409,65904,65326
323,0,1,16,77372,76929,76165,76122,76773,69914,68741,69325,68931,68758,77640,76901,76384,76900,76497,66434,65676,65860,66362,65777
324,1,1,16,76763,76335,75584,75526,76187,69449,68279,68857,68465,68288,77061,76341,75788,76311,75923,65978,65226,65416,65917,65313
325,0,1,16,77347,76902,76152,76093,76772,69915,68745,69315,68925,68752,77650,76917,76362,76895,76485,66416,65670,65867,66370,65761
326,1,1,16,76798,76362,75603,75535,76205,69494,68300,68853,68449,68297,77058,76346,75818,76320,75918,65977,65226,65419,65926,65329
327,0,1,16,77391,76962,76185,76108,76790,69957,68767,69324,68923,68773,77644,76931,76410,76910,76500,66430,65697,65877,66384,65792
328,1,1,16,76769,76347,75579,75519,76187,69457,68288,68870,68469,68287,77058,76339,75810,76325,75904,65951,65235,65402,65912,65302
329,0,1,16,77377,76926,76165,76107,76770,69918,68760,69332,68953,68753,77647,76928,76392,76912,76496,66420,65693,65854,66382,65766
330,1,1,16,76778,76338,75577,75529,76185,69487,68303,68861,68481,68308,77070,76355,75818,76309,75925,65977,65232,65400,65935,65324
331,0,1,16,77369,76922,76145,76084,76760,69948,68765,69305,68933,68761,77637,76922,76406,76884,76490,66422,65676,65848,66381,65770
332,1,1,16,76775,76357,75587,75535,76184,69489,68305,68859,68460,68297,77074,76356,75808,76320,75914,65969,65225,65416,65938,65336
333,0,1,16,77370,76934,76165,76112,76771,69949,68768,69328,68930,68770,77655,76943,76397,76902,76489,66431,65678,65876,66400,65791
334,1,1,16,76768,76362,75605,75522,76190,69487,68292,68857,68468,68304,77050,76338,75813,76305,75917,65976,65227,65395,65934,65320
335,0,1,16,77356,76930,76178,76092,76765,69939,68757,69319,68931,68768,77636,76917,76390,76884,76498,66431,65683,65850,66389,65768
336,1,1,16,76773,76346,75582,75541,76189,69491,68293,68855,68466,68324,77077,76352,75808,76315,75929,65977,65236,65422,65932,65334
337,0,1,16,77349,76902,76144,76089,76756,69938,68748,69307,68930,68777,77630,76907,76384,76886,76485,66415,65682,65854,66377,65775
338,1,1,16,76771,76358,75578,75557,76183,69494,68311,68865,68476,68305,77084,76351,75797,76310,75924,65990,65253,65420,65941,65331
339,0,1,16,77361,76912,76141,76110,76757,69953,68767,69328,68945,68772,77655,76926,76386,76893,76488,66428,65689,65856,66396,65769
340,1,1,16,76806,76361,75595,75545,76196,69503,68327,68878,68494,68327,77076,76344,75817,76337,75931,65987,65256,65435,65943,65339
341,0,1,16,77397,76937,76161,76125,76798,69970,68803,69347,68956,68794,77655,76924,76392,76913,76505,66439,65711,65905,66413,65803
342,1,1,16,76790,76367,75579,75538,76202,69509,68315,68883,68489,68321,77070,76358,75800,76325,75937,65981,65252,65416,65952,65332
343,0,1,16,77389,76941,76149,76096,76786,69961,68770,69339,68953,68786,77655,76936,76386,76905,76512,66432,65699,65861,66400,65779
344,1,1,16,76774,76361,75578,75543,76185,69501,68298,68869,68474,68301,77073,76342,75789,76329,75917,65973,65225,65411,65928,65323
345,0,1,16,77373,76959,76156,76132,76780,69966,68770,69342,68947,68777,77649,76930,76385,76916,76501,66428,65692,65874,66379,65792
346,1,1,16,76795,76387,75586,75554,76178,69497,68281,68884,68485,68305,77075,76346,75796,76308,75891,65974,65250,65410,65912,65308
347,0,1,16,77365,76934,76153,76119,76758,69950,68750,69330,68933,68765,77641,76908,76378,76890,76468,66418,65676,65843,66357,65748
348,1,1,16,76776,76375,75581,75559,76177,69494,68286,68874,68465,68318,77075,76346,75799,76319,75929,65978,65221,65427,65940,65320
349,0,1,16,77362,76942,76151,76125,76763,69944,68755,69336,68935,68775,77660,76918,76385,76899,76500,66424,65663,65863,66394,65773
350,1,1,16,76805,76380,75606,75558,76210,69501,68292,68878,68467,68306,77093,76343,75819,76339,75930,65987,65245,65424,65945,65340
351,0,1,16,77375,76933,76160,76114,76781,69956,68737,69327,68924,68758,77654,76915,76392,76902,76477,66421,65673,65854,66387,65768
352,1,1,16,76783,76354,75580,75542,76196,69478,68281,68862,68463,68286,77066,76326,75795,76294,75906,65966,65222,65400,65918,65334
353,0,1,16,77361,76929,76155,76108,76775,69936,68758,69325,68932,68760,77640,76917,76384,76883,76483,66419,65673,65860,66374,65787
354,1,1,16,76771,76352,75580,75533,76187,69485,68289,68855,68457,68293,77073,76338,75806,76327,75903,65969,65236,65403,65919,65321
355,0,1,16,77368,76952,76168,76107,76782,69956,68762,69324,68938,68766,77663,76925,76404,76915,76481,66427,65696,65866,66384,65788
356,1,1,16,76779,76354,75573,75554,76199,69484,68311,68879,68466,68312,77068,76350,75799,76319,75926,65976,65241,65426,65921,65332
357,0,1,16,77374,76935,76161,76129,76779,69953,68778,69357,68937,68782,77645,76932,76395,76909,76498,66431,65699,65873,66378,65797
358,1,1,16,76778,76371,75570,75541,76193,69490,68297,68861,68444,68304,77071,76341,75804,76311,75903,65962,65236,65419,65926,65329
359,0,1,16,77363,76954,76155,76107,76786,69939,68760,69315,68931,68764,77654,76925,76388,76903,76474,66422,65686,65875,66385,65780
360,1,1,16,76764,76352,75581,75539,76183,69491,68281,68875,68453,68309,77049,76330,75796,76308,75899,65958,65224,65387,65925,65319
361,0,1,16,77361,76930,76150,76109,76767,69951,68742,69321,68908,68771,77630,76912,76382,76895,76469,66416,65683,65840,66377,65769
362,1,1,16,76806,76372,75604,75558,76181,69505,68326,68861,68459,68315,77066,76336,75825,76325,75927,65974,65250,65417,65946,65325
363,0,1,16,77391,76959,76167,76116,76767,69953,68775,69323,68932,68779,77644,76923,76411,76918,76500,66426,65707,65874,66407,65787
364,1,1,16,76776,76364,75568,75534,76176,69485,68313,68856,68471,68306,77055,76315,75815,76306,75895,65961,65243,65413,65933,65319
365,0,1,16,77352,76941,76140,76109,76761,69943,68763,69314,68933,68773,77646,76899,76392,76900,76467,66415,65695,65861,66390,65785
366,1,1,16,76769,76360,75568,75534,76180,69481,68304,68860,68468,68304,77042,76340,75810,76313,75903,65943,65229,65401,65920,65312
367,0,1,16,77349,76931,76138,76091,76765,69921,68764,69316,68925,68753,77614,76911,76397,76892,76465,66399,65673,65852,66360,65765
368,1,1,16,76753,76350,75557,75519,76175,69474,68277,68839,68449,68295,77028,76323,75810,76289,75902,65948,65224,65393,65918,65312
369,0,1,16,77342,76919,76129,76102,76759,69947,68746,69290,68920,68771,77613,76904,76401,76879,76472,66401,65669,65851,66366,65768
370,1,1,16,76745,76349,75569,75524,76158,69454,68293,68852,68447,68283,77057,76321,75785,76296,75914,65949,65220,65373,65915,65321
371,0,1,16,77354,76946,76148,76099,76754,69929,68765,69325,68917,68751,77643,76915,76385,76886,76484,66406,65676,65840,66385,65778
372,1,1,16,76770,76365,75569,75547,76156,69489,68303,68858,68475,68313,77064,76344,75813,76321,75915,65985,65253,65407,65930,65335
373,0,1,16,77346,76932,76146,76112,76735,69931,68762,69311,68930,68774,77641,76923,76389,76898,76480,66437,65688,65851,66381,65793
374,1,1,16,76755,76364,75578,75535,76162,69477,68303,68861,68466,68287,77065,76328,75799,76313,75900,65963,65228,65390,65923,65321
375,0,1,16,77382,76963,76164,76120,76760,69957,68784,69339,68947,68762,77645,76927,76398,76917,76491,66422,65693,65855,66399,65789
376,1,1,16,76786,76371,75589,75542,76175,69491,68322,68862,68466,68317,77076,76343,75819,76328,75908,65990,65236,65422,65923,65342
377,0,1,16,77376,76942,76152,76104,76746,69938,68783,69321,68927,68779,77636,76916,76398,76896,76473,66431,65675,65871,66384,65796
378,1,1,16,76762,76341,75586,75513,76160,69487,68279,68841,68461,68307,77063,76330,75789,76304,75899,65950,65219,65392,65918,65321
379,0,1,16,77368,76931,76172,76100,76751,69959,68759,69323,68951,68774,77645,76919,76401,76903,76493,66413,65681,65861,66389,65796
380,1,1,16,76779,76359,75595,75529,76163,69491,68288,68868,68477,68308,77070,76328,75806,76323,75898,65965,65233,65413,65933,65323
381,0,1,16,77357,76912,76142,76092,76746,69925,68736,69314,68923,68759,77644,76899,76371,76893,76457,66404,65670,65849,66378,65774
382,1,1,16,76770,76350,75570,75517,76163,69473,68293,68850,68452,68302,77053,76315,75780,76290,75901,65951,65224,65387,65918,65314
383,0,1,16,77340,76907,76114,76064,76729,69912,68741,69302,68889,68755,77618,76883,76363,76859,76464,66393,65667,65823,66363,65752
384,1,1,16,76778,76345,75571,75519,76178,69476,68295,68852,68457,68305,77050,76328,75796,76303,75887,65967,65232,65397,65914,65313
385,0,1,16,77361,76929,76144,76092,76750,69937,68756,69308,68917,68767,77625,76911,76384,76893,76454,66412,65671,65846,66370,65771
386,1,1,16,76783,76348,75594,75546,76178,69492,68314,68862,68475,68313,77066,76330,75815,76309,75919,65981,65215,65408,65931,65339
387,0,1,16,77368,76927,76165,76112,76773,69966,68789,69349,68955,68788,77647,76921,76403,76893,76489,66439,65686,65861,66388,65800
388,1,1,16,76769,76332,75577,75507,76169,69459,68288,68830,68458,68294,77032,76312,75801,76284,75891,65950,65196,65398,65897,65299
389,0,1,16,77378,76922,76162,76094,76761,69938,68770,69311,68929,68776,77633,76914,76397,76890,76478,66418,65670,65856,66361,65764
390,1,1,16,76791,76352,75575,75537,76169,69465,68294,68845,68455,68302,77041,76326,75791,76315,75896,65961,65219,65405,65913,65313
391,0,1,16,77361,76914,76139,76092,76752,69923,68755,69310,68911,68767,77614,76894,76379,76903,76460,66402,65670,65850,66363,65769
392,1,1,16,76773,76349,75581,75521,76191,69476,68296,68856,68448,68309,77047,76337,75795,76309,75902,65971,65225,65396,65922,65317
393,0,1,16,77362,76923,76154,76089,76776,69936,68756,69315,68913,68773,77639,76916,76380,76894,76481,66422,65674,65851,66373,65772
394,1,1,16,76785,76344,75594,75522,76183,69460,68300,68863,68448,68306,77043,76341,75806,76314,75913,65955,65215,65408,65917,65315
395,0,1,16,77371,76929,76158,76094,76766,69940,68763,69322,68912,68778,77616,76929,76389,76894,76482,66412,65674,65860,66380,65768
396,1,1,16,76772,76360,75585,75536,76194,69484,68308,68856,68470,68319,77041,76343,75803,76315,75912,65961,65238,65402,65924,65303
397,0,1,16,77369,76934,76158,76100,76777,69950,68771,69322,68946,68774,77627,76924,76404,76901,76484,66411,65689,65856,66382,65763
398,1,1,16,76789,76366,75592,75534,76202,69478,68307,68868,68460,68316,77067,76333,75819,76315,75922,65975,65249,65407,65961,65323
399,0,1,16,77363,76937,76141,76083,76761,69925,68758,69318,68908,68760,77621,76902,76375,76883,76482,66409,65691,65846,66404,65760
400,1,1,16,76779,76355,75576,75529,76172,69471,68284,68849,68436,68284,77052,76319,75776,76281,75911,65953,65224,65389,65929,65306
401,0,1,16,77353,76929,76145,76084,76747,69935,68742,69313,68903,68746,77637,76905,76357,76862,76486,66415,65664,65836,66374,65746
402,1,1,16,76777,76339,75569,75511,76165,69471,68296,68859,68448,68292,77063,76320,75800,76291,75917,65961,65212,65411,65918,65301
403,0,1,16,77393,76926,76148,76093,76760,69940,68763,69340,68924,68775,77654,76909,76387,76886,76504,66420,65680,65869,66387,65770
404,1,1,16,76790,76340,75569,75526,76154,69473,68278,68843,68455,68294,77049,76326,75785,76288,75895,65967,65214,65391,65926,65309
405,0,1,16,77375,76899,76140,76089,76724,69913,68729,69303,68912,68770,77623,76899,76359,76866,76459,66411,65654,65827,66381,65753
406,1,1,16,76776,76325,75587,75529,76179,69496,68273,68859,68459,68316,77066,76327,75797,76321,75916,65978,65229,65410,65938,65319
407,0,1,16,77371,76920,76160,76100,76764,69952,68748,69315,68932,68776,77646,76909,76386,76909,76486,66428,65684,65868,66394,65756
408,1,1,16,76782,76338,75587,75533,76183,69488,68265,68852,68457,68317,77061,76339,75806,76313,75920,65980,65232,65412,65938,65304
409,0,1,16,77361,76907,76152,76106,76760,69947,68739,69309,68927,68779,77627,76913,76388,76892,76489,66415,65678,65853,66390,65764
410,1,1,16,76793,76359,75575,75534,76183,69485,68303,68861,68480,68318,77056,76342,75812,76317,75939,65973,65229,65408,65926,65341
411,0,1,16,77388,76929,76139,76103,76770,69937,68766,69323,68945,68783,77634,76924,76390,76891,76507,66428,65666,65859,66372,65788
412,1,1,16,76795,76342,75574,75529,76168,69487,68292,68874,68459,68310,77056,76336,75795,76300,75921,65970,65227,65419,65936,65328
413,0,1,16,77389,76925,76145,76102,76745,69957,68751,69332,68935,68771,77625,76908,76386,76887,76492,66420,65684,65873,66391,65771
414,1,1,16,76819,76363,75584,75534,76204,69518,68319,68885,68492,68322,77067,76361,75813,76337,75920,65990,65261,65438,65964,65340
415,0,1,16,77385,76924,76154,76098,76763,69967,68768,69340,68947,68778,77635,76926,76396,76901,76490,66430,65697,65875,66410,65789
416,1,1,16,76790,76332,75559,75526,76180,69480,68286,68865,68460,68315,77064,76322,75811,76312,75907,65959,65226,65420,65946,65325
417,0,1,16,77379,76916,76129,76094,76759,69936,68755,69323,68941,68780,77641,76908,76398,76902,76480,66413,65680,65859,66400,65780
418,1,1,16,76781,76355,75568,75538,76182,69492,68288,68870,68473,68314,77064,76331,75803,76319,75917,65985,65230,65417,65931,65316
419,0,1,16,77376,76942,76149,76109,76772,69951,68762,69345,68951,68803,77649,76924,76396,76898,76493,66449,65696,65885,66411,65777
420,1,1,16,76774,76336,75568,75529,76181,69482,68287,68876,68463,68311,77045,76335,75789,76293,75897,65956,65227,65405,65930,65317
421,0,1,16,77379,76915,76146,76093,76764,69941,68754,69345,68940,68782,77634,76924,76387,76896,76486,66417,65677,65864,66395,65778
422,1,1,16,76785,76332,75562,75524,76173,69480,68292,68856,68474,68314,77075,76315,75801,76296,75897,65968,65215,65417,65944,65315
423,0,1,16,77389,76932,76141,76111,76764,69950,68763,69326,68948,68786,77675,76923,76391,76894,76477,66432,65666,65877,66407,65777
424,1,1,16,76786,76337,75572,75520,76170,69482,68295,68854,68456,68301,77065,76351,75792,76307,75915,65954,65221,65403,65931,65310
425,0,1,16,77364,76895,76141,76099,76746,69928,68762,69325,68908,68763,77647,76918,76379,76888,76477,66406,65678,65852,66394,65770
426,1,1,16,76809,76335,75570,75536,76167,69456,68301,68862,68450,68301,77063,76352,75808,76329,75924,65975,65227,65414,65927,65323
427,0,1,16,77394,76916,76144,76104,76762,69939,68768,69327,68923,68768,77638,76931,76386,76913,76493,66442,65679,65870,66385,65777
428,1,1,16,76792,76337,75570,75516,76184,69478,68297,68864,68463,68309,77066,76348,75787,76313,75901,65953,65210,65407,65925,65313
429,0,1,16,77384,76913,76136,76069,76763,69939,68760,69326,68925,68763,77643,76916,76369,76888,76474,66407,65667,65855,66377,65755
430,1,1,16,76787,76349,75578,75540,76189,69489,68294,68892,68471,68300,77063,76353,75811,76331,75919,65973,65242,65423,65931,65323
431,0,1,16,77368,76905,76150,76084,76755,69936,68758,69351,68930,68765,77643,76920,76379,76898,76495,66421,65678,65873,66383,65772
432,1,1,16,76794,76329,75568,75520,76179,69480,68303,68862,68483,68313,77072,76341,75801,76315,75933,65973,65221,65411,65935,65321
433,0,1,16,77371,76897,76135,76083,76760,69937,68761,69322,68941,68768,77648,76911,76381,76903,76497,66424,65681,65870,66385,65770
434,1,1,16,76798,76329,75582,75532,76181,69502,68300,68862,68479,68327,77069,76345,75804,76314,75913,65971,65229,65426,65932,65300
435,0,1,16,77366,76883,76138,76086,76755,69948,68753,69320,68936,68786,77623,76912,76369,76880,76464,66412,65662,65854,66368,65743
436,1,1,16,76788,76323,75569,75526,76179,69476,68286,68863,68481,68310,77058,76317,75800,76300,75905,65967,65231,65400,65926,65290
437,0,1,16,77380,76911,76147,76102,76779,69941,68757,69335,68949,68785,77640,76916,76382,76898,76481,66426,65688,65859,66392,65747
438,1,1,16,76817,76340,75610,75565,76185,69512,68317,68878,68492,68330,77087,76356,75825,76341,75931,65995,65259,65440,65955,65318
439,0,1,16,77388,76893,76159,76115,76748,69945,68763,69335,68939,68777,77652,76921,76385,76905,76484,66430,65688,65876,66403,65768
440,1,1,16,76793,76327,75570,75529,76170,69472,68281,68855,68457,68310,77075,76334,75782,76304,75890,65956,65225,65407,65923,65297
441,0,1,16,77377,76902,76155,76104,76763,69932,68758,69323,68923,68777,77645,76921,76373,76892,76468,66416,65676,65866,66379,65748
442,1,1,16,76817,76348,75574,75526,76186,69504,68313,68874,68476,68320,77093,76366,75811,76336,75943,65991,65244,65438,65947,65311
443,0,1,16,77396,76919,76148,76094,76767,69964,68782,69338,68944,68782,77662,76944,76396,76908,76508,66444,65694,65890,66396,65772
444,1,1,16,76807,76375,75580,75528,76199,69513,68302,68885,68490,68331,77101,76356,75812,76323,75920,65982,65238,65424,65939,65311
445,0,1,16,77392,76943,76129,76096,76764,69952,68751,69327,68957,68781,77671,76932,76382,76901,76491,66422,65682,65853,66383,65752
446,1,1,16,76807,76378,75584,75546,76198,69509,68312,68880,68484,68337,77078,76347,75822,76334,75957,65985,65255,65439,65947,65327
447,0,1,16,77392,76942,76145,76100,76765,69969,68756,69337,68934,68791,77659,76913,76402,76902,76519,66433,65703,65879,66395,65766
448,1,1,16,76812,76362,75566,75544,76190,69490,68309,68877,68474,68334,77066,76335,75805,76333,75932,65986,65219,65422,65926,65324
449,0,1,16,77385,76928,76130,76093,76755,69954,68756,69321,68925,68796,77639,76899,76376,76895,76493,66427,65661,65858,66376,65767
450,1,1,16,76795,76363,75574,75536,76186,69493,68314,68872,68478,68322,77082,76336,75810,76303,75925,65974,65227,65428,65939,65323
451,0,1,16,77378,76937,76135,76092,76754,69949,68760,69318,68924,68777,77638,76906,76375,76877,76478,66415,65660,65867,66389,65769
452,1,1,16,76816,76387,75589,75530,76199,69513,68317,68891,68498,68327,77092,76365,75837,76326,75951,65988,65239,65442,65950,65344
453,0,1,16,77388,76933,76138,76088,76775,69968,68771,69352,68951,68787,77658,76933,76403,76888,76500,66428,65682,65878,66407,65788
454,1,1,16,76826,76369,75567,75544,76191,69519,68310,68870,68480,68329,77080,76358,75799,76332,75934,65984,65242,65429,65953,65346
455,0,1,16,77404,76933,76133,76100,76768,69966,68759,69317,68933,68790,77640,76930,76382,76905,76498,66423,65678,65881,66380,65788
456,1,1,16,76814,76359,75577,75541,76196,69497,68302,68878,68478,68325,77071,76341,75787,76310,75923,65977,65229,65421,65927,65337
457,0,1,16,77400,76935,76146,76117,76780,69956,68768,69337,68938,68780,77649,76926,76372,76895,76499,66427,65672,65870,66382,65784
458,1,1,16,76810,76372,75590,75542,76212,69502,68311,68869,68484,68323,77074,76353,75812,76307,75927,65979,65243,65432,65934,65326
459,0,1,16,77379,76932,76141,76108,76776,69958,68764,69315,68937,68784,77638,76908,76376,76883,76495,66421,65683,65867,66378,65758
460,1,1,16,76815,76364,75579,75541,76183,69504,68308,68872,68468,68316,77072,76362,75810,76304,75931,65976,65240,65427,65939,65323
461,0,1,16,77406,76947,76152,76108,76778,69973,68781,69334,68941,68795,77660,76933,76402,76894,76504,66434,65692,65890,66392,65780
462,1,1,16,76805,76339,75568,75537,76190,69495,68303,68873,68462,68309,77058,76355,75810,76305,75929,65964,65231,65419,65945,65323
463,0,1,16,77379,76898,76126,76103,76763,69945,68768,69328,68933,68779,77626,76915,76380,76876,76496,66407,65678,65863,66388,65765
464,1,1,16,76812,76351,75593,75548,76206,69495,68312,68879,68470,68355,77077,76351,75805,76309,75938,65975,65242,65418,65955,65309
465,0,1,16,77401,76930,76155,76116,76774,69954,68766,69351,68936,68814,77665,76919,76391,76885,76494,66421,65695,65878,66407,65770
466,1,1,16,76799,76360,75583,75535,76203,69492,68303,68872,68508,68355,77080,76366,75811,76323,75921,65978,65252,65428,65940,65325
467,0,1,16,77390,76934,76140,76105,76767,69948,68762,69321,68958,68801,77650,76926,76375,76889,76484,66423,65682,65867,66369,65762
468,1,1,16,76816,76353,75586,75564,76198,69504,68301,68888,68490,68349,77087,76378,75807,76332,75923,66005,65261,65430,65968,65345
469,0,1,16,77416,76940,76162,76140,76786,69973,68771,69351,68963,68816,77663,76968,76389,76919,76507,66455,65713,65886,66414,65802
470,1,1,16,76832,76357,75591,75565,76217,69505,68307,68885,68504,68345,77096,76379,75824,76335,75942,66003,65245,65424,65945,65345
471,0,1,16,77409,76922,76165,76119,76787,69948,68768,69344,68972,68803,77668,76947,76396,76918,76505,66449,65697,65880,66398,65784
472,1,1,16,76810,76359,75601,75559,76197,69508,68321,68891,68507,68334,77096,76368,75818,76314,75934,65984,65246,65431,65956,65339
473,0,1,16,77388,76928,76161,76113,76760,69958,68767,69346,68963,68798,77674,76938,76389,76888,76498,66423,65680,65858,66401,65774
474,1,1,16,76816,76364,75595,75560,76207,69511,68309,68890,68508,68359,77079,76362,75822,76302,75940,65996,65244,65423,65941,65339
475,0,1,16,77402,76927,76161,76120,76790,69964,68767,69351,68957,68819,77659,76935,76395,76877,76511,66437,65685,65869,66403,65782
476,1,1,16,76820,76359,75587,75547,76189,69494,68319,68888,68492,68339,77079,76363,75807,76309,75933,65987,65240,65430,65950,65329
477,0,1,16,77397,76925,76147,76106,76767,69950,68775,69349,68958,68804,77643,76932,76389,76891,76496,66425,65678,65862,66397,65776
478,1,1,16,76808,76351,75594,75542,76194,69496,68303,68889,68479,68328,77086,76366,75813,76308,75935,65989,65239,65428,65958,65348
479,0,1,16,77387,76921,76147,76089,76763,69936,68758,69330,68942,68776,77657,76934,76387,76879,76493,66412,65678,65866,66389,65772
480,1,1,16,76802,76331,75578,75534,76183,69483,68298,68864,68482,68314,77064,76355,75820,76296,75913,65963,65220,65413,65938,65323
481,0,1,16,77396,76925,76161,76105,76773,69955,68771,69340,68958,68789,77653,76941,76405,76898,76494,66423,65687,65875,66408,65795
482,1,1,16,76789,76341,75577,75529,76170,69480,68275,68860,68469,68312,77051,76342,75798,76286,75903,65956,65216,65396,65919,65309
483,0,1,16,77387,76921,76162,76098,76765,69942,68746,69316,68944,68777,77630,76925,76391,76873,76476,66407,65676,65853,66378,65765
484,1,1,16,76804,76343,75587,75550,76190,69490,68290,68868,68494,68316,77064,76345,75803,76301,75929,65978,65238,65407,65944,65320
485,0,1,16,77385,76902,76157,76118,76768,69952,68759,69335,68958,68778,77653,76927,76390,76888,76499,66426,65691,65863,66406,65771
486,1,1,16,76804,76359,75601,75556,76204,69510,68319,68879,68507,68334,77069,76354,75812,76316,75934,65989,65248,65433,65958,65334
487,0,1,16,77375,76925,76166,76110,76772,69960,68778,69335,68964,68785,77639,76927,76383,76888,76503,66441,65691,65879,66399,65782
488,1,1,16,76802,76356,75586,75532,76185,69498,68306,68868,68492,68322,77067,76364,75817,76300,75915,65974,65234,65428,65960,65316
489,0,1,16,77402,76943,76162,76116,76767,69972,68780,69337,68961,68795,77661,76951,76396,76891,76500,66430,65684,65882,66417,65779
490,1,1,16,76807,76348,75566,75538,76183,69493,68286,68847,68480,68310,77055,76337,75797,76297,75929,65976,65221,65404,65923,65303
491,0,1,16,77396,76933,76141,76105,76765,69966,68752,69322,68953,68789,77651,76922,76390,76894,76507,66434,65685,65868,66388,65765
492,1,1,16,76789,76331,75573,75546,76175,69491,68291,68850,68477,68314,77073,76333,75799,76311,75925,65964,65249,65411,65936,65319
493,0,1,16,77383,76900,76139,76107,76747,69949,68742,69307,68940,68766,77630,76903,76388,76887,76481,66412,65695,65855,66383,65759
494,1,1,16,76807,76343,75574,75526,76188,69481,68288,68859,68474,68302,77056,76345,75794,76304,75933,65977,65226,65414,65943,65325
495,0,1,16,77397,76911,76154,76093,76765,69946,68754,69327,68943,68771,77637,76927,76389,76885,76502,66421,65688,65873,66392,65780
496,1,1,16,76813,76333,75584,75537,76178,69498,68288,68874,68471,68313,77049,76344,75786,76293,75919,65969,65236,65409,65935,65324
497,0,1,16,77391,76914,76145,76101,76759,69951,68747,69337,68938,68786,77646,76918,76380,76876,76491,66433,65685,65858,66390,65787
498,1,1,16,76808,76355,75558,75532,76183,69498,68288,68882,68488,68298,77073,76360,75825,76310,75921,65972,65235,65428,65927,65341
499,0,1,16,77387,76925,76139,76100,76754,69949,68752,69342,68939,68763,77636,76934,76398,76879,76489,66424,65681,65871,66377,65790
500,1,1,16,76813,76337,75571,75535,76172,69491,68294,68876,68467,68316,77057,76341,75803,76310,75928,65971,65240,65411,65924,65324
501,0,1,16,77398,76916,76137,76102,76749,69948,68747,69335,68929,68786,77629,76917,76389,76883,76501,66424,65688,65857,66378,65784
502,1,1,16,76820,76336,75571,75551,76186,69499,68308,68890,68474,68319,77061,76357,75810,76309,75927,65982,65244,65429,65946,65321
503,0,1,16,77404,76908,76154,76118,76764,69957,68773,69346,68953,68790,77646,76936,76397,76901,76504,66433,65702,65879,66402,65778
504,1,1,16,76796,76332,75587,75535,76191,69491,68289,68885,68490,68318,77081,76344,75802,76309,75918,65966,65231,65417,65931,65316
505,0,1,16,77388,76911,76165,76101,76777,69955,68765,69343,68957,68783,77659,76934,76387,76896,76493,66425,65690,65867,66387,65781
506,1,1,16,76801,76350,75588,75547,76185,69497,68297,68880,68473,68328,77066,76352,75802,76313,75921,65984,65242,65419,65946,65338
507,0,1,16,77384,76925,76150,76102,76756,69956,68747,69333,68935,68775,77633,76932,76388,76892,76483,66423,65686,65859,66393,65791
508,1,1,16,76788,76350,75578,75525,76187,69493,68295,68858,68495,68315,77072,76349,75809,76307,75909,65971,65226,65409,65938,65316
509,0,1,16,77361,76922,76133,76085,76763,69944,68743,69320,68943,68766,77637,76922,76377,76885,76477,66413,65664,65847,66376,65756
510,1,1,16,76800,76364,75585,75534,76189,69512,68306,68886,68494,68320,77090,76356,75794,76313,75923,65969,65244,65416,65938,65332
511,0,1,16,77387,76939,76155,76113,76774,69974,68778,69349,68957,68783,77664,76941,76384,76891,76493,66422,65698,65872,66389,65779
512,1,1,16,76814,76381,75577,75564,76196,69507,68319,68889,68500,68346,77089,76369,75827,76331,75942,65982,65252,65447,65938,65348
513,0,1,16,77405,76965,76167,76135,76789,69970,68786,69360,68971,68817,77670,76954,76418,76924,76522,66447,65708,65900,66405,65807
514,1,1,16,76807,76361,75580,75544,76182,69489,68290,68870,68477,68325,77070,76350,75806,76315,75921,65977,65235,65399,65928,65336
515,0,1,16,77397,76942,76157,76115,76770,69960,68755,69336,68956,68792,77650,76935,76397,76910,76494,66436,65695,65862,66387,65805
516,1,1,16,76817,76383,75600,75571,76191,69515,68313,68892,68507,68357,77103,76360,75840,76327,75955,65994,65256,65436,65947,65355
517,0,1,16,77400,76953,76165,76120,76762,69974,68780,69342,68959,68818,77673,76941,76417,76910,76519,66447,65704,65885,66400,65799
518,1,1,16,76802,76371,75593,75547,76188,69516,68313,68883,68494,68332,77078,76357,75822,76311,75934,65985,65248,65428,65946,65327
519,0,1,16,77387,76953,76153,76111,76773,69962,68768,69344,68969,68785,77665,76933,76395,76893,76503,66435,65693,65874,66400,65778
520,1,1,16,76804,76358,75595,75539,76177,69499,68309,68873,68491,68338,77071,76341,75804,76313,75920,65987,65253,65423,65924,65330
521,0,1,16,77404,76944,76178,76112,76771,69968,68771,69349,68962,68814,77662,76935,76406,76905,76506,66448,65711,65884,66386,65796
522,1,1,16,76807,76365,75601,75558,76186,69503,68309,68890,68492,68326,77085,76345,75815,76317,75925,65989,65259,65433,65951,65343
523,0,1,16,77392,76943,76153,76114,76755,69957,68763,69332,68940,68772,77655,76916,76399,76886,76491,66435,65689,65870,66401,65793
524,1,1,16,76790,76354,75584,75541,76181,69495,68284,68873,68476,68322,77068,76340,75814,76291,75922,65976,65243,65417,65921,65332
525,0,1,16,77367,76924,76158,76097,76747,69943,68749,69329,68943,68786,77636,76913,76385,76882,76491,66426,65690,65878,66372,65774
526,1,1,16,76806,76350,75570,75549,76188,69492,68299,68854,68476,68315,77075,76339,75826,76308,75941,65973,65228,65414,65937,65334
527,0,1,16,77377,76907,76121,76093,76747,69937,68742,69306,68929,68765,77624,76895,76385,76867,76487,66411,65672,65843,66366,65767
528,1,1,16,76812,76357,75581,75532,76182,69498,68302,68866,68481,68328,77080,76344,75814,76301,75938,65991,65243,65432,65952,65346
529,0,1,16,77392,76925,76154,76107,76766,69961,68773,69333,68943,68796,77646,76918,76397,76877,76515,66440,65691,65877,66405,65807
530,1,1,16,76804,76367,75576,75552,76189,69491,68302,68867,68483,68322,77058,76333,75822,76307,75933,65985,65238,65416,65940,65336
531,0,1,16,77394,76937,76129,76106,76757,69957,68765,69320,68936,68779,77628,76909,76405,76881,76497,66425,65690,65862,66398,65786
532,1,1,16,76803,76364,75573,75562,76199,69497,68300,68860,68478,68335,77068,76341,75833,76300,75933,65982,65247,65416,65951,65338
533,0,1,16,77402,76948,76140,76120,76777,69962,68756,69323,68948,68790,77643,76927,76412,76889,76505,66428,65703,65866,66408,65795
534,1,1,16,76786,76364,75558,75537,76185,69502,68285,68861,68457,68334,77058,76341,75817,76290,75915,65977,65246,65406,65949,65326
535,0,1,16,77384,76950,76143,76125,76785,69961,68772,69342,68939,68805,77656,76939,76412,76893,76499,66440,65710,65876,66417,65788
536,1,1,16,76812,76381,75596,75554,76201,69489,68302,68874,68476,68342,77068,76338,75823,76312,75929,65996,65235,65437,65938,65317
537,0,1,16,77394,76947,76156,76115,76779,69953,68766,69340,68937,68812,77655,76924,76408,76902,76505,66443,65695,65884,66395,65770
538,1,1,16,76813,76350,75582,75553,76178,69495,68295,68868,68478,68341,77078,76345,75820,76308,75916,65985,65234,65410,65945,65317
539,0,1,16,77404,76926,76157,76114,76765,69954,68764,69333,68940,68794,77648,76923,76401,76889,76489,66439,65671,65868,66400,65768
540,1,1,16,76809,76333,75563,75536,76180,69470,68277,68857,68462,68334,77070,76337,75805,76290,75913,65985,65220,65411,65918,65318
541,0,1,16,77408,76923,76136,76115,76771,69939,68754,69326,68944,68817,77668,76923,76418,76887,76500,66444,65685,65875,66384,65777
542,1,1,16,76811,76355,75575,75539,76167,69502,68287,68877,68481,68343,77070,76339,75806,76304,75926,65983,65233,65421,65932,65329
543,0,1,16,77385,76910,76140,76096,76740,69944,68744,69337,68937,68796,77634,76913,76386,76882,76490,66429,65673,65862,66378,65773
544,1,1,16,76787,76350,75570,75526,76169,69480,68279,68852,68457,68313,77060,76324,75799,76298,75912,65965,65219,65402,65928,65307
545,0,1,16,77387,76929,76153,76096,76738,69954,68744,69323,68928,68786,77633,76904,76393,76886,76486,66419,65682,65862,66377,65765
546,1,1,16,76789,76361,75580,75541,76159,69475,68294,68868,68443,68300,77048,76337,75803,76294,75891,65969,65232,65391,65927,65291
547,0,1,16,77379,76934,76150,76098,76749,69942,68748,69341,68918,68772,77633,76919,76386,76870,76475,66412,65680,65842,66391,65754
548,1,1,16,76807,76339,75571,75526,76160,69472,68297,68862,68456,68312,77039,76330,75801,76301,75914,65974,65220,65402,65930,65300
549,0,1,16,77410,76921,76160,76091,76752,69942,68759,69329,68926,68777,77623,76913,76390,76877,76504,66427,65670,65836,66396,65761
550,1,1,16,76804,76353,75588,75537,76165,69503,68303,68876,68464,68332,77074,76349,75811,76308,75922,65990,65230,65415,65932,65311
551,0,1,16,77384,76927,76149,76114,76745,69965,68758,69336,68931,68794,77644,76924,76400,76890,76491,66434,65682,65864,66396,65757
552,1,1,16,76808,76362,75576,75556,76179,69503,68296,68875,68474,68337,77076,76333,75820,76315,75926,65986,65233,65405,65950,65310
553,0,1,16,77397,76942,76158,76114,76761,69967,68761,69345,68927,68807,77655,76929,76405,76897,76489,66430,65684,65855,66401,65766
554,1,1,16,76821,76385,75608,75570,76203,69516,68324,68900,68505,68354,77090,76358,75844,76326,75943,66023,65269,65437,65953,65345
555,0,1,16,77405,76968,76174,76138,76792,69982,68786,69365,68975,68811,77675,76938,76422,76906,76516,66470,65717,65889,66410,65795
556,1,1,16,76798,76347,75576,75548,76162,69496,68304,68870,68465,68312,77079,76330,75810,76300,75917,65986,65240,65408,65932,65309
557,0,1,16,77375,76894,76135,76103,76739,69947,68764,69320,68934,68776,77645,76897,76385,76873,76485,66427,65685,65848,66387,65757
558,1,1,16,76811,76378,75605,75565,76187,69503,68313,68893,68481,68328,77095,76354,75816,76300,75934,65987,65247,65420,65939,65325
559,0,1,16,77403,76929,76152,76115,76751,69942,68764,69339,68933,68783,77669,76926,76392,76867,76487,66428,65691,65864,66390,65775
560,1,1,16,76810,76359,75586,75560,76173,69500,68317,68874,68472,68340,77073,76349,75789,76311,75933,65981,65256,65405,65933,65322
561,0,1,16,77380,76916,76146,76112,76747,69961,68765,69330,68938,68784,77636,76930,76363,76881,76498,66426,65691,65854,66375,65758
562,1,1,16,76803,76352,75582,75556,76176,69512,68315,68877,68474,68327,77078,76357,75803,76314,75932,65989,65256,65396,65948,65322
563,0,1,16,77391,76928,76157,76123,76765,69972,68766,69334,68942,68794,77663,76930,76403,76902,76507,66451,65709,65856,66403,65779
564,1,1,16,76796,76335,75574,75543,76174,69486,68291,68865,68465,68318,77081,76317,75804,76310,75926,65973,65233,65398,65924,65318
565,0,1,16,77390,76910,76146,76102,76757,69933,68745,69322,68928,68777,77654,76902,76394,76884,76491,66443,65688,65848,66380,65774
566,1,1,16,76801,76335,75566,75533,76163,69489,68289,68879,68476,68319,77047,76335,75799,76284,75923,65973,65235,65407,65922,65311
567,0,1,16,77390,76904,76142,76110,76738,69962,68758,69335,68928,68773,77626,76911,76389,76884,76493,66425,65686,65855,66372,65768
568,1,1,16,76795,76344,75575,75552,76162,69486,68288,68876,68468,68327,77069,76342,75808,76304,75937,65980,65241,65403,65941,65314
569,0,1,16,77398,76925,76143,76120,76742,69955,68749,69344,68928,68787,77652,76918,76395,76898,76518,66438,65691,65861,66389,65766
570,1,1,16,76784,76325,75565,75545,76168,69474,68292,68865,68466,68328,77081,76342,75804,76299,75939,65989,65237,65420,65935,65305
571,0,1,16,77369,76894,76137,76101,76745,69933,68759,69319,68920,68785,77657,76911,76395,76869,76513,66435,65679,65857,66384,65753
572,1,1,16,76785,76335,75573,75545,76155,69476,68292,68864,68465,68330,77055,76334,75813,76292,75927,65969,65227,65391,65920,65301
573,0,1,16,77382,76920,76164,76125,76752,69938,68760,69327,68942,68793,77645,76924,76412,76884,76506,66437,65681,65867,66387,65766
574,1,1,16,76788,76341,75553,75549,76177,69473,68287,68857,68474,68315,77068,76326,75807,76295,75906,65985,65213,65393,65926,65312
575,0,1,16,77376,76919,76123,76108,76748,69937,68760,69318,68946,68770,77649,76907,76389,76877,76476,66428,65667,65835,66371,65749
576,1,1,16,76798,76326,75573,75534,76171,69481,68304,68849,68464,68304,77062,76354,75798,76306,75912,65959,65216,65385,65930,65306
577,0,1,16,77385,76901,76151,76105,76758,69951,68764,69322,68927,68778,77639,76941,76377,76889,76492,66415,65665,65833,66379,65760
578,1,1,16,76789,76330,75572,75539,76156,69488,68281,68862,68450,68322,77078,76321,75785,76300,75911,65969,65226,65396,65908,65300
579,0,1,16,77357,76904,76142,76092,76741,69937,68739,69320,68906,68778,77635,76892,76361,76872,76470,66416,65660,65837,66379,65743
580,1,1,16,76780,76345,75560,75542,76169,69489,68283,68855,68465,68300,77072,76339,75803,76307,75920,65968,65225,65400,65936,65288
581,0,1,16,77389,76917,76141,76111,76762,69962,68763,69330,68938,68768,77662,76933,76399,76902,76493,66438,65679,65860,66397,65751
582,1,1,16,76798,76372,75574,75540,76176,69481,68300,68873,68483,68323,77074,76357,75797,76322,75912,65978,65251,65419,65943,65326
583,0,1,16,77387,76935,76142,76106,76757,69948,68763,69327,68949,68788,77650,76924,76372,76885,76486,66429,65702,65864,66394,65769
584,1,1,16,76788,76356,75561,75524,76155,69467,68271,68850,68458,68293,77062,76328,75789,76285,75905,65959,65238,65391,65913,65289
585,0,1,16,77380,76925,76137,76103,76741,69936,68739,69327,68908,68757,77660,76906,76379,76880,76484,66415,65684,65848,66374,65753
586,1,1,16,76804,76345,75562,75536,76162,69470,68276,68860,68466,68296,77060,76334,75778,76288,75910,65965,65216,65395,65913,65299
587,0,1,16,77389,76917,76129,76103,76740,69939,68740,69316,68931,68764,77637,76913,76373,76877,76494,66423,65666,65844,66379,65754
588,1,1,16,76804,76367,75575,75546,76181,69480,68297,68871,68470,68324,77087,76335,75810,76300,75930,65977,65237,65414,65932,65322
589,0,1,16,77365,76921,76133,76100,76737,69919,68746,69314,68921,68766,77658,76897,76374,76866,76484,66414,65662,65841,66378,65761
590,1,1,16,76803,76364,75580,75565,76185,69485,68298,68879,68470,68332,77086,76352,75814,76309,75913,65983,65245,65394,65925,65307
591,0,1,16,77393,76950,76157,76128,76762,69946,68758,69335,68932,68790,77659,76936,76397,76893,76494,66432,65695,65847,66377,65759
592,1,1,16,76804,76354,75584,75541,76175,69487,68289,68870,68485,68332,77100,76337,75817,76323,75931,65983,65254,65395,65924,65308
593,0,1,16,77382,76918,76149,76108,76740,69945,68754,69319,68945,68789,77643,76905,76382,76889,76491,66422,65681,65842,66375,65748
594,1,1,16,76803,76323,75563,75527,76163,69474,68292,68859,68464,68319,77067,76334,75797,76302,75884,65974,65231,65389,65917,65304
595,0,1,16,77389,76906,76143,76105,76739,69932,68755,69316,68924,68776,77653,76915,76396,76879,76474,66436,65689,65839,66375,65762
596,1,1,16,76800,76315,75575,75520,76167,69482,68288,68846,68448,68291,77067,76326,75795,76297,75913,65962,65226,65389,65911,65285
597,0,1,16,77374,76905,76132,76086,76735,69945,68753,69300,68918,68758,77627,76899,76375,76879,76478,66407,65675,65832,66366,65746
598,1,1,16,76790,76346,75579,75540,76172,69492,68285,68869,68468,68322,77060,76344,75808,76309,75924,65962,65252,65407,65933,65310
599,0,1,16,77373,76922,76153,76115,76770,69945,68758,69342,68923,68786,77645,76929,76395,76897,76499,66415,65697,65864,66393,65777
600,1,1,16,76807,76344,75597,75543,76179,69483,68286,68865,68459,68332,77103,76358,75805,76299,75926,65968,65224,65414,65936,65301
601,0,1,16,77360,76905,76138,76085,76737,69922,68729,69313,68914,68782,77659,76904,76367,76868,76482,66400,65653,65852,66376,65729
602,1,1,16,76783,76342,75577,75541,76169,69481,68284,68855,68458,68327,77072,76340,75808,76298,75933,65961,65237,65405,65941,65324
603,0,1,16,77369,76897,76141,76091,76742,69934,68743,69314,68912,68780,77643,76904,76373,76868,76505,66412,65677,65859,66385,65765
604,1,1,16,76806,76324,75574,75528,76159,69486,68287,68861,68461,68316,77058,76326,75791,76308,75907,65964,65221,65401,65932,65314
605,0,1,16,77400,76919,76168,76102,76763,69958,68769,69344,68945,68797,77667,76933,76395,76898,76508,66430,65674,65867,66399,65772
606,1,1,16,76809,76349,75569,75538,76173,69470,68278,68860,68470,68293,77080,76347,75790,76299,75928,65987,65233,65401,65948,65310
607,0,1,16,77373,76899,76122,76085,76742,69914,68731,69312,68920,68745,77651,76904,76362,76872,76485,66421,65675,65846,66393,65762
608,1,1,16,76806,76346,75567,75528,76156,69462,68279,68855,68468,68289,77069,76339,75782,76300,75931,65960,65212,65403,65922,65310
609,0,1,16,77397,76914,76133,76105,76751,69939,68753,69312,68940,68763,77658,76927,76375,76885,76496,66412,65660,65856,66376,65762
610,1,1,16,76776,76329,75560,75511,76153,69461,68282,68838,68454,68293,77031,76331,75780,76293,75898,65948,65218,65402,65910,65296
611,0,1,16,77358,76922,76146,76096,76750,69917,68747,69311,68932,68763,77637,76913,76376,76884,76473,66405,65683,65852,66370,65755
612,1,1,16,76799,76361,75582,75531,76182,69491,68284,68866,68472,68302,77062,76340,75807,76306,75932,65954,65243,65391,65924,65315
613,0,1,16,77378,76926,76155,76110,76763,69951,68761,69330,68935,68767,77634,76926,76383,76884,76500,66411,65695,65854,66382,65775
614,1,1,16,76793,76351,75555,75512,76170,69460,68284,68860,68474,68305,77039,76324,75776,76276,75904,65936,65230,65389,65917,65307
615,0,1,16,77371,76903,76115,76070,76756,69918,68740,69321,68931,68754,77610,76898,76355,76848,76468,66394,65676,65835,66368,65749
616,1,1,16,76808,76328,75563,75529,76173,69470,68288,68868,68473,68296,77074,76333,75792,76299,75900,65955,65205,65386,65922,65298
617,0,1,16,77386,76913,76139,76092,76751,69921,68747,69318,68930,68765,77636,76910,76375,76873,76467,66400,65654,65839,66375,65739
618,1,1,16,76810,76356,75570,75540,76181,69475,68282,68862,68476,68307,77072,76359,75804,76303,75911,65959,65229,65390,65925,65309
619,0,1,16,77385,76904,76131,76087,76747,69919,68752,69304,68934,68758,77637,76922,76369,76874,76470,66394,65669,65833,66376,65752
620,1,1,16,76797,76343,75567,75529,76172,69482,68287,68842,68485,68301,77083,76332,75796,76299,75909,65950,65231,65409,65921,65303
621,0,1,16,77376,76921,76138,76093,76750,69932,68744,69306,68943,68761,77656,76905,76381,76874,76469,66393,65677,65861,66384,65751
622,1,1,16,76790,76341,75564,75543,76175,69481,68278,68874,68467,68308,77063,76347,75793,76308,75912,65951,65224,65414,65914,65309
623,0,1,16,77390,76935,76147,76109,76762,69951,68763,69349,68946,68773,77652,76923,76387,76905,76491,66415,65688,65870,66388,65778
624,1,1,16,76784,76355,75561,75527,76164,69463,68274,68862,68467,68290,77042,76327,75786,76293,75903,65946,65232,65395,65930,65303
625,0,1,16,77385,76944,76147,76104,76745,69926,68753,69338,68955,68757,77650,76924,76385,76880,76482,66407,65691,65863,66384,65761
626,1,1,16,76802,76365,75591,75540,76181,69495,68291,68881,68488,68320,77069,76344,75799,76305,75919,65962,65231,65410,65945,65322
627,0,1,16,77391,76945,76140,76114,76767,69966,68767,69339,68951,68789,77650,76930,76381,76883,76481,66417,65678,65864,66402,65777
628,1,1,16,76808,76338,75572,75543,76183,69483,68296,68866,68468,68311,77059,76341,75813,76309,75924,65966,65224,65406,65932,65337
629,0,1,16,77414,76929,76162,76119,76777,69948,68782,69333,68945,68782,77629,76929,76394,76893,76506,66426,65682,65858,66403,65790
630,1,1,16,76805,76353,75570,75551,76183,69481,68308,68867,68485,68308,77079,76338,75813,76314,75927,65978,65227,65400,65948,65326
631,0,1,16,77373,76919,76130,76096,76745,69942,68752,69325,68936,68765,77628,76917,76387,76880,76486,66415,65679,65848,66391,65778
632,1,1,16,76793,76338,75579,75524,76161,69476,68290,68865,68460,68304,77059,76333,75800,76283,75915,65950,65213,65396,65922,65301
633,0,1,16,77360,76902,76135,76086,76727,69928,68737,69312,68926,68760,77615,76901,76370,76847,76463,66384,65659,65831,66369,65742
634,1,1,16,76787,76336,75563,75525,76164,69458,68274,68843,68461,68285,77050,76317,75786,76260,75905,65940,65191,65377,65899,65294
635,0,1,16,77379,76916,76137,76093,76750,69914,68747,69307,68928,68762,77633,76892,76368,76842,76479,66401,65648,65843,66363,65750
636,1,1,16,76790,76341,75580,75528,76186,69477,68291,68847,68448,68293,77064,76348,75817,76297,75924,65965,65235,65405,65930,65319
637,0,1,16,77380,76915,76142,76085,76762,69936,68749,69296,68912,68757,77629,76920,76386,76867,76488,66399,65680,65846,66384,65765
638,1,1,16,76794,76347,75568,75524,76168,69478,68293,68838,68464,68314,77071,76343,75809,76287,75925,65972,65234,65389,65917,65325
639,0,1,16,77372,76925,76135,76092,76748,69942,68743,69299,68932,68769,77645,76918,76401,76864,76497,66421,65674,65845,66373,65776
640,1,1,16,76801,76365,75584,75536,76188,69478,68295,68865,68459,68317,77075,76338,75813,76307,75941,65991,65235,65415,65938,65324
641,0,1,16,77381,76934,76149,76095,76763,69935,68753,69302,68933,68769,77658,76912,76388,76891,76513,66421,65682,65859,66386,65765
642,1,1,16,76797,76373,75580,75528,76177,69479,68289,68860,68446,68307,77035,76334,75808,76299,75920,65983,65223,65408,65947,65332
643,0,1,16,77376,76954,76151,76090,76766,69932,68743,69324,68924,68777,77623,76911,76397,76881,76495,66425,65679,65862,66394,65788
644,1,1,16,76789,76350,75574,75513,76140,69478,68297,68848,68463,68309,77050,76325,75808,76294,75908,65963,65226,65404,65924,65323
645,0,1,16,77373,76928,76156,76088,76749,69954,68772,69321,68938,68793,77640,76914,76403,76890,76491,66426,65692,65868,66392,65780
646,1,1,16,76799,76355,75567,75525,76173,69475,68285,68840,68450,68299,77058,76336,75811,76290,75922,65954,65239,65400,65932,65317
647,0,1,16,77395,76940,76146,76098,76759,69950,68745,69322,68929,68772,77650,76923,76398,76892,76498,66412,65686,65847,66402,65771
648,1,1,16,76786,76343,75562,75519,76163,69479,68277,68849,68453,68302,77071,76333,75813,76273,75913,65956,65232,65408,65908,65312
649,0,1,16,77386,76916,76144,76092,76751,69955,68745,69325,68934,68763,77652,76926,76391,76857,76489,66420,65688,65867,66375,65781
650,1,1,16,76824,76366,75604,75553,76195,69505,68321,68883,68501,68334,77086,76351,75836,76318,75935,66004,65252,65439,65942,65349
651,0,1,16,77398,76932,76164,76119,76772,69957,68779,69341,68954,68799,77675,76920,76408,76895,76502,66444,65704,65883,66407,65797
652,1,1,16,76807,76351,75587,75531,76190,69485,68311,68869,68488,68337,77093,76342,75815,76322,75929,65994,65254,65414,65956,65332
653,0,1,16,77390,76932,76160,76108,76771,69965,68785,69333,68945,68795,77664,76926,76401,76899,76510,66440,65704,65864,66418,65788
654,1,1,16,76803,76341,75591,75529,76180,69482,68317,68868,68473,68330,77069,76344,75815,76304,75925,65962,65245,65425,65940,65329
655,0,1,16,77389,76900,76146,76089,76749,69932,68779,69310,68934,68783,77636,76918,76392,76877,76495,66413,65683,65863,66380,65776
656,1,1,16,76789,76332,75579,75529,76173,69466,68302,68849,68460,68312,77054,76326,75803,76303,75924,65968,65226,65404,65926,65324
657,0,1,16,77374,76919,76155,76104,76757,69948,68766,69314,68919,68786,77632,76899,76399,76889,76495,66429,65694,65858,66384,65793
658,1,1,16,76785,76311,75573,75529,76159,69479,68303,68858,68456,68311,77077,76346,75799,76299,75912,65976,65243,65397,65933,65323
659,0,1,16,77391,76911,76158,76114,76765,69955,68778,69339,68943,68794,77662,76953,76404,76896,76497,66443,65705,65864,66398,65793
660,1,1,16,76789,76339,75593,75536,76165,69487,68292,68875,68469,68310,77074,76349,75809,76311,75921,65969,65232,65420,65914,65328
661,0,1,16,77352,76894,76149,76093,76739,69936,68746,69320,68916,68769,77641,76912,76380,76881,76487,66418,65671,65875,66365,65780
662,1,1,16,76803,76336,75595,75547,76173,69483,68306,68873,68491,68331,77087,76345,75807,76317,75916,65982,65243,65418,65947,65340
663,0,1,16,77376,76925,76174,76117,76765,69943,68780,69338,68969,68788,77658,76928,76395,76905,76493,66437,65694,65882,66411,65798
664,1,1,16,76802,76363,75594,75556,76194,69499,68307,68884,68478,68321,77083,76359,75808,76320,75935,65996,65264,65419,65960,65347
665,0,1,16,77379,76936,76151,76118,76765,69945,68759,69322,68929,68768,77660,76927,76375,76884,76495,66431,65700,65860,66395,65789
666,1,1,16,76804,76369,75609,75557,76211,69483,68332,68869,68482,68327,77084,76345,75806,76333,75931,65977,65250,65444,65955,65345
667,0,1,16,77383,76940,76169,76126,76785,69942,68788,69331,68944,68788,77672,76929,76386,76908,76493,66424,65697,65886,66399,65788
668,1,1,16,76818,76363,75606,75556,76206,69501,68326,68880,68490,68345,77098,76356,75831,76334,75950,65986,65253,65431,65970,65358
669,0,1,16,77405,76935,76168,76113,76790,69947,68788,69343,68944,68801,77681,76929,76402,76917,76516,66432,65695,65883,66410,65809
670,1,1,16,76789,76321,75584,75540,76180,69483,68303,68855,68465,68320,77052,76320,75811,76319,75920,65972,65239,65422,65931,65332
671,0,1,16,77398,76920,76169,76119,76777,69966,68784,69336,68957,68803,77661,76921,76412,76908,76515,66443,65704,65890,66404,65794
672,1,1,16,76780,76354,75570,75531,76172,69475,68303,68859,68469,68300,77059,76326,75801,76303,75919,65971,65223,65411,65926,65308
673,0,1,16,77395,76948,76170,76128,76773,69948,68796,69338,68956,68788,77662,76932,76406,76908,76508,66438,65690,65877,66387,65777
674,1,1,16,76819,76356,75606,75553,76202,69513,68316,68874,68488,68331,77092,76350,75827,76326,75940,65988,65253,65427,65951,65338
675,0,1,16,77399,76917,76167,76096,76780,69962,68765,69323,68952,68791,77661,76922,76389,76894,76495,66438,65696,65875,66414,65783
676,1,1,16,76799,76365,75603,75541,76209,69494,68315,68873,68476,68331,77070,76359,75834,76314,75937,65974,65230,65413,65953,65347
677,0,1,16,77398,76957,76191,76130,76796,69966,68798,69339,68949,68807,77668,76946,76418,76918,76512,66440,65691,65878,66430,65813
678,1,1,16,76821,76376,75611,75546,76213,69491,68315,68868,68460,68320,77082,76352,75814,76322,75935,65983,65240,65423,65951,65335
679,0,1,16,77372,76939,76166,76100,76772,69948,68761,69321,68921,68771,77643,76923,76385,76887,76485,66427,65677,65862,66394,65776
680,1,1,16,76795,76350,75608,75540,76194,69489,68292,68861,68481,68324,77079,76351,75823,76307,75916,65967,65232,65415,65946,65332
681,0,1,16,77356,76922,76159,76094,76760,69940,68748,69319,68938,68781,77639,76919,76392,76881,76477,66407,65671,65853,66399,65768
682,1,1,16,76796,76371,75601,75545,76195,69484,68313,68867,68455,68328,77088,76345,75811,76314,75925,65996,65239,65423,65958,65321
683,0,1,16,77382,76933,76173,76101,76771,69946,68766,69329,68923,68780,77642,76921,76396,76883,76489,66446,65684,65867,66411,65782
684,1,1,16,76796,76349,75595,75557,76210,69498,68309,68881,68478,68329,77089,76358,75812,76312,75938,65982,65245,65413,65964,65334
685,0,1,16,77395,76946,76170,76127,76788,69963,68776,69337,68948,68799,77666,76931,76406,76905,76498,66440,65694,65876,66419,65791
686,1,1,16,76797,76368,75599,75560,76204,69507,68331,68872,68493,68339,77092,76358,75824,76321,75932,65990,65258,65436,65968,65347
687,0,1,16,77411,76945,76186,76143,76806,69972,68804,69343,68972,68816,77679,76952,76423,76919,76516,66447,65724,65903,66426,65800
688,1,1,16,76810,76371,75602,75548,76218,69510,68327,68860,68504,68336,77066,76354,75826,76331,75951,65987,65264,65445,65962,65346
689,0,1,16,77387,76912,76145,76102,76771,69949,68768,69302,68944,68775,77628,76916,76392,76885,76497,66426,65691,65882,66398,65780
690,1,1,16,76782,76351,75558,75532,76187,69476,68300,68851,68466,68309,77055,76331,75802,76299,75911,65973,65238,65413,65935,65305
691,0,1,16,77368,76934,76127,76110,76772,69945,68767,69311,68933,68779,77627,76912,76404,76881,76485,66433,65688,65862,66389,65768
692,1,1,16,76815,76383,75583,75560,76203,69500,68334,68878,68485,68326,77071,76361,75833,76322,75912,65985,65247,65418,65938,65319
693,0,1,16,77373,76940,76138,76105,76770,69952,68784,69324,68933,68784,77651,76928,76380,76882,76473,66420,65679,65865,66370,65765
694,1,1,16,76802,76383,75576,75549,76190,69481,68309,68860,68487,68321,77059,76340,75812,76305,75928,65974,65241,65428,65942,65336
695,0,1,16,77389,76944,76152,76113,76780,69933,68765,69326,68958,68794,77634,76924,76392,76894,76488,66427,65693,65876,66400,65789
696,1,1,16,76785,76351,75580,75534,76186,69475,68294,68839,68465,68301,77047,76340,75792,76285,75895,65949,65221,65412,65914,65301
697,0,1,16,77385,76945,76156,76088,76772,69942,68761,69314,68936,68776,77641,76924,76388,76881,76469,66405,65685,65877,66370,65766
698,1,1,16,76803,76346,75558,75537,76185,69479,68309,68842,68480,68311,77046,76338,75803,76311,75918,65960,65231,65410,65925,65319
699,0,1,16,77383,76921,76137,76091,76752,69939,68784,69316,68941,68772,77632,76914,76390,76885,76488,66413,65678,65863,66376,65773
700,1,1,16,76787,76350,75566,75547,76189,69476,68309,68848,68487,68313,77074,76323,75789,76294,75924,65956,65240,65407,65950,65320
701,0,1,16,77384,76927,76142,76118,76776,69941,68778,69318,68958,68782,77643,76917,76382,76879,76482,66414,65684,65863,66400,65779
702,1,1,16,76803,76367,75583,75544,76182,69488,68306,68856,68487,68318,77054,76340,75791,76308,75916,65985,65234,65420,65935,65322
703,0,1,16,77375,76924,76139,76099,76742,69951,68767,69307,68954,68771,77622,76902,76380,76884,76480,66422,65676,65858,66393,65772
704,1,1,16,76791,76338,75570,75528,76160,69478,68278,68830,68472,68291,77043,76332,75791,76291,75900,65956,65211,65397,65921,65303
705,0,1,16,77376,76925,76146,76102,76754,69939,68764,69298,68945,68762,77643,76910,76386,76881,76479,66417,65675,65860,66388,65757
706,1,1,16,76805,76371,75592,75530,76194,69483,68324,68860,68484,68322,77067,76332,75811,76303,75929,65979,65229,65418,65943,65329
707,0,1,16,77390,76942,76161,76091,76772,69942,68774,69321,68946,68773,77637,76903,76395,76874,76494,66422,65668,65868,66390,65768
708,1,1,16,76806,76356,75581,75543,76186,69490,68295,68841,68486,68310,77075,76329,75797,76298,75932,65974,65239,65407,65930,65304
709,0,1,16,77398,76941,76153,76108,76765,69966,68758,69307,68952,68778,77651,76911,76383,76872,76511,66419,65692,65847,66377,65755
710,1,1,16,76785,76362,75574,75554,76167,69487,68294,68848,68464,68312,77069,76346,75801,76303,75919,65970,65227,65401,65934,65311
711,0,1,16,77377,76942,76147,76109,76749,69935,68754,69312,68918,68768,77634,76918,76387,76874,76484,66420,65669,65855,66397,65766
712,1,1,16,76804,76374,75570,75545,76180,69486,68297,68850,68469,68306,77065,76339,75826,76297,75922,65963,65226,65416,65939,65319
713,0,1,16,77396,76940,76138,76115,76759,69935,68765,69315,68945,68757,77641,76917,76400,76883,76502,66409,65684,65868,66390,65768
714,1,1,16,76803,76366,75593,75548,76187,69504,68306,68857,68489,68316,77075,76353,75810,76297,75928,65982,65242,65406,65942,65333
715,0,1,16,77395,76945,76172,76113,76782,69971,68767,69321,68965,68779,77674,76939,76393,76892,76505,66425,65694,65870,66405,65781
716,1,1,16,76811,76375,75581,75554,76185,69485,68303,68861,68477,68311,77078,76358,75813,76297,75930,65979,65241,65422,65940,65326
717,0,1,16,77380,76935,76139,76108,76765,69932,68751,69322,68930,68767,77644,76921,76397,76870,76487,66425,65686,65867,66382,65773
718,1,1,16,76806,76362,75596,75537,76200,69476,68305,68867,68464,68299,77061,76339,75804,76305,75925,65983,65254,65409,65940,65319
719,0,1,16,77392,76931,76167,76097,76777,69945,68775,69333,68923,68774,77648,76924,76402,76892,76504,66443,65709,65871,66390,65779
720,1,1,16,76796,76335,75566,75531,76179,69472,68292,68852,68451,68303,77059,76335,75799,76296,75925,65957,65228,65398,65912,65290
721,0,1,16,77371,76895,76123,76098,76752,69924,68745,69300,68917,68758,77630,76895,76381,76863,76480,66395,65672,65839,66359,65729
722,1,1,16,76800,76366,75608,75552,76189,69495,68312,68865,68476,68320,77073,76357,75818,76318,75949,65986,65250,65428,65933,65308
723,0,1,16,77392,76919,76161,76113,76761,69942,68778,69328,68935,68791,77657,76929,76402,76893,76516,66444,65702,65874,66380,65758
724,1,1,16,76809,76351,75577,75530,76187,69479,68297,68849,68477,68311,77047,76360,75818,76298,75927,65979,65227,65428,65929,65316
725,0,1,16,77386,76914,76142,76090,76756,69944,68752,69311,68932,68778,77622,76923,76394,76876,76489,66423,65669,65865,66380,65757
726,1,1,16,76804,76368,75583,75540,76178,69483,68302,68863,68491,68308,77053,76343,75810,76295,75929,65979,65219,65410,65934,65304
727,0,1,16,77401,76928,76162,76112,76766,69949,68774,69336,68958,68782,77634,76924,76401,76881,76506,66430,65669,65863,66392,65756
728,1,1,16,76816,76359,75582,75537,76194,69500,68296,68863,68459,68315,77076,76353,75815,76296,75934,65978,65229,65420,65958,65314
729,0,1,16,77403,76939,76152,76110,76758,69950,68761,69312,68933,68770,77664,76920,76399,76887,76510,66421,65676,65869,66407,65757
730,1,1,16,76824,76385,75594,75554,76196,69506,68317,68880,68498,68318,77091,76362,75830,76316,75961,65992,65267,65427,65954,65324
731,0,1,16,77398,76934,76153,76105,76774,69950,68771,69324,68955,68775,77642,76928,76402,76886,76518,66429,65700,65867,66401,65774
732,1,1,16,76812,76337,75563,75520,76174,69474,68285,68860,68460,68301,77049,76336,75815,76297,75915,65953,65235,65406,65914,65298
733,0,1,16,77414,76929,76148,76107,76776,69937,68754,69331,68936,68780,77644,76929,76409,76891,76502,66421,65695,65872,66381,65775
734,1,1,16,76805,76332,75568,75538,76205,69474,68296,68848,68472,68294,77076,76347,75806,76300,75930,65976,65246,65420,65941,65323
735,0,1,16,77395,76910,76130,76104,76769,69928,68756,69316,68924,68742,77654,76917,76398,76882,76507,66415,65688,65863,66391,65764
736,1,1,16,76811,76358,75592,75537,76193,69489,68304,68865,68469,68317,77074,76351,75818,76314,75927,65970,65247,65410,65932,65326
737,0,1,16,77377,76917,76139,76082,76752,69931,68745,69304,68912,68761,77630,76906,76393,76871,76474,66404,65684,65846,66369,65762
738,1,1,16,76809,76377,75587,75547,76200,69483,68288,68868,68486,68321,77063,76348,75826,76307,75925,65976,65246,65442,65929,65326
739,0,1,16,77366,76921,76152,76099,76752,69932,68740,69316,68924,68773,77628,76900,76394,76870,76467,66405,65685,65874,66377,65763
740,1,1,16,76795,76353,75568,75541,76175,69472,68289,68842,68463,68297,77062,76333,75789,76278,75918,65964,65232,65403,65929,65308
741,0,1,16,77375,76934,76143,76097,76752,69925,68755,69297,68924,68763,77637,76908,76378,76871,76482,66414,65681,65853,66377,65754
742,1,1,16,76783,76349,75564,75523,76179,69469,68282,68828,68464,68284,77049,76342,75780,76295,75907,65948,65222,65387,65921,65296
743,0,1,16,77390,76942,76150,76101,76774,69940,68753,69309,68933,68752,77653,76930,76369,76885,76491,66413,65675,65847,66387,65749
744,1,1,16,76803,76333,75571,75532,76170,69472,68291,68843,68466,68293,77057,76329,75795,76302,75920,65955,65232,65407,65913,65305
745,0,1,16,77409,76939,76144,76111,76765,69935,68773,69322,68928,68766,77654,76926,76392,76898,76515,66420,65701,65867,66381,65772
746,1,1,16,76814,76358,75577,75536,76170,69482,68282,68864,68484,68295,77064,76332,75794,76297,75913,65966,65225,65406,65933,65318
747,0,1,16,77395,76931,76144,76106,76751,69949,68750,69326,68947,68756,77632,76918,76378,76886,76498,66419,65687,65856,66385,65767
748,1,1,16,76821,76365,75583,75554,76184,69492,68303,68879,68479,68297,77092,76346,75791,76319,75933,65979,65246,65408,65948,65334
749,0,1,16,77406,76935,76144,76118,76753,69935,68763,69326,68938,68767,77659,76920,76370,76898,76497,66426,65695,65852,66391,65782
750,1,1,16,76796,76365,75602,75558,76185,69485,68295,68865,68483,68306,77066,76357,75805,76314,75924,65964,65239,65424,65937,65319
751,0,1,16,77389,76942,76165,76128,76761,69942,68760,69331,68944,68772,77651,76937,76397,76899,76486,66429,65698,65873,66389,65775
752,1,1,16,76794,76368,75589,75551,76174,69481,68289,68877,68473,68301,77084,76339,75786,76304,75902,65976,65237,65413,65914,65328
753,0,1,16,77379,76937,76151,76112,76747,69934,68747,69316,68943,68759,77646,76916,76363,76891,76475,66425,65678,65849,66362,65766
754,1,1,16,76805,76377,75580,75546,76179,69468,68297,68844,68485,68308,77058,76339,75805,76306,75922,65971,65229,65412,65917,65321
755,0,1,16,77377,76952,76145,76099,76753,69918,68756,69306,68934,68756,77633,76912,76384,76878,76469,66405,65675,65856,66368,65775
756,1,1,16,76817,76381,75606,75573,76188,69500,68318,68878,68485,68321,77078,76368,75821,76310,75931,66000,65255,65435,65935,65340
757,0,1,16,77409,76963,76183,76146,76781,69960,68780,69346,68969,68797,77667,76943,76415,76904,76503,66451,65707,65894,66400,65795
758,1,1,16,76818,76376,75595,75569,76182,69489,68307,68881,68488,68321,77084,76355,75820,76310,75920,65998,65233,65432,65928,65334
759,0,1,16,77406,76957,76168,76134,76781,69944,68763,69338,68953,68787,77656,76935,76403,76898,76490,66434,65688,65891,66399,65788
760,1,1,16,76801,76371,75587,75556,76181,69471,68293,68865,68468,68307,77072,76352,75810,76302,75923,65973,65244,65419,65937,65323
761,0,1,16,77396,76951,76164,76124,76771,69933,68766,69331,68938,68770,77667,76933,76403,76898,76501,66425,65704,65884,66398,65784
762,1,1,16,76794,76398,75588,75577,76202,69490,68301,68889,68497,68310,77067,76365,75823,76322,75920,65982,65255,65441,65963,65341
763,0,1,16,77386,76976,76154,76126,76783,69952,68770,69334,68951,68773,77643,76948,76403,76886,76481,66422,65700,65879,66413,65791
764,1,1,16,76798,76396,75584,75569,76192,69488,68300,68884,68484,68308,77076,76362,75819,76310,75927,65977,65250,65408,65956,65345
765,0,1,16,77366,76959,76152,76116,76761,69942,68752,69335,68928,68750,77646,76934,76391,76877,76485,66415,65691,65856,66399,65777
766,1,1,16,76796,76388,75600,75552,76185,69481,68286,68857,68460,68307,77081,76350,75817,76308,75929,65968,65242,65420,65941,65316
767,0,1,16,77351,76942,76145,76091,76733,69921,68724,69302,68901,68758,77626,76894,76367,76862,76475,66400,65670,65848,66374,65742
768,1,1,16,76780,76384,75567,75529,76166,69478,68257,68852,68454,68296,77046,76338,75792,76294,75909,65948,65228,65412,65918,65312
769,0,1,16,77376,76959,76140,76106,76757,69945,68733,69325,68918,68769,77643,76927,76380,76885,76483,66406,65689,65860,66386,65773
770,1,1,16,76795,76369,75580,75547,76163,69493,68282,68847,68457,68295,77039,76335,75796,76303,75909,65963,65238,65407,65926,65322
771,0,1,16,77371,76943,76150,76103,76735,69939,68739,69302,68927,68747,77622,76898,76379,76888,76476,66398,65675,65847,66389,65770
772,1,1,16,76782,76363,75573,75535,76163,69459,68280,68853,68461,68280,77053,76332,75806,76303,75897,65954,65226,65388,65926,65305
773,0,1,16,77358,76940,76141,76098,76731,69908,68741,69302,68915,68737,77621,76893,76388,76870,76459,66400,65657,65832,66379,65756
774,1,1,16,76776,76375,75566,75551,76168,69481,68268,68850,68464,68288,77063,76342,75799,76307,75917,65966,65236,65391,65929,65328
775,0,1,16,77377,76958,76160,76115,76756,69946,68764,69317,68929,68772,77654,76935,76384,76896,76501,66431,65701,65858,66390,65791
776,1,1,16,76805,76388,75593,75551,76164,69479,68293,68874,68463,68301,77051,76359,75800,76305,75915,65962,65242,65405,65932,65320
777,0,1,16,77387,76944,76156,76097,76737,69936,68747,69326,68924,68760,77626,76933,76386,76878,76475,66400,65691,65851,66390,65769
778,1,1,16,76795,76384,75594,75537,76158,69472,68275,68845,68468,68296,77058,76336,75802,76288,75909,65963,65228,65413,65917,65316
779,0,1,16,77392,76966,76168,76098,76740,69942,68749,69325,68939,68774,77645,76920,76393,76886,76486,66425,65689,65866,66384,65775
780,1,1,16,76791,76373,75581,75536,76144,69482,68288,68857,68461,68298,77061,76349,75799,76311,75904,65956,65232,65401,65923,65330
781,0,1,16,77400,76952,76162,76122,76737,69955,68770,69334,68951,68765,77658,76942,76408,76906,76495,66423,65705,65870,66399,65796
782,1,1,16,76805,76366,75583,75547,76163,69491,68295,68859,68486,68299,77066,76351,75802,76297,75916,65952,65232,65400,65935,65319
783,0,1,16,77393,76938,76138,76102,76737,69950,68760,69322,68946,68765,77633,76917,76388,76876,76479,66414,65678,65847,66376,65771
784,1,1,16,76813,76395,75612,75561,76198,69506,68313,68875,68491,68330,77069,76351,75815,76323,75926,65994,65263,65423,65952,65359
785,0,1,16,77408,76969,76168,76140,76766,69971,68759,69331,68956,68786,77635,76929,76391,76908,76510,66433,65712,65872,66408,65808
786,1,1,16,76783,76377,75572,75554,76173,69473,68281,68849,68471,68300,77038,76332,75795,76309,75910,65963,65226,65397,65946,65312
787,0,1,16,77364,76939,76135,76109,76747,69929,68739,69301,68930,68764,77620,76903,76369,76873,76483,66414,65667,65847,66376,65761
788,1,1,16,76795,76371,75563,75542,76164,69482,68292,68849,68478,68298,77063,76333,75787,76292,75915,65968,65222,65406,65936,65309
789,0,1,16,77389,76941,76135,76112,76753,69945,68757,69313,68943,68770,77649,76922,76382,76877,76501,66420,65687,65854,66397,65769
790,1,1,16,76806,76388,75591,75552,76182,69508,68311,68869,68479,68326,77062,76358,75819,76309,75926,65981,65259,65427,65930,65342
791,0,1,16,77374,76938,76144,76114,76748,69944,68758,69309,68937,68776,77629,76914,76391,76884,76480,66412,65703,65871,66377,65777
792,1,1,16,76805,76381,75583,75565,76187,69493,68310,68866,68478,68307,77077,76353,75820,76306,75952,65992,65251,65422,65949,65333
793,0,1,16,77400,76938,76149,76126,76778,69951,68775,69317,68945,68778,77637,76931,76399,76888,76521,66439,65700,65851,66396,65785
794,1,1,16,76794,76363,75573,75547,76176,69490,68303,68850,68478,68335,77063,76336,75827,76308,75932,65980,65258,65419,65941,65327
795,0,1,16,77389,76933,76149,76115,76759,69947,68769,69312,68946,68806,77649,76931,76401,76895,76493,66434,65696,65875,66406,65779
796,1,1,16,76798,76357,75578,75551,76164,69473,68290,68852,68465,68310,77073,76349,75812,76303,75921,65983,65243,65417,65934,65327
797,0,1,16,77360,76917,76138,76103,76742,69926,68731,69313,68913,68751,77631,76914,76381,76870,76480,66406,65678,65836,66376,65753
798,1,1,16,76791,76351,75574,75540,76195,69484,68297,68865,68485,68304,77077,76349,75810,76312,75926,65982,65252,65404,65940,65319
799,0,1,16,77391,76939,76142,76119,76782,69951,68771,69331,68941,68771,77660,76934,76399,76900,76508,66443,65701,65869,66410,65787
800,1,1,16,76778,76342,75566,75524,76169,69464,68292,68831,68466,68293,77074,76327,75818,76296,75910,65979,65236,65390,65928,65314
801,0,1,16,77347,76920,76126,76096,76744,69928,68737,69294,68916,68753,77635,76908,76389,76874,76468,66415,65686,65841,66368,65757
802,1,1,16,76808,76361,75582,75553,76189,69493,68307,68863,68503,68314,77070,76345,75817,76324,75925,65985,65252,65420,65943,65329
803,0,1,16,77395,76958,76159,76121,76784,69963,68786,69337,68972,68787,77655,76940,76397,76911,76495,66449,65705,65877,66390,65793
804,1,1,16,76791,76366,75584,75551,76196,69475,68311,68861,68474,68316,77057,76345,75799,76328,75921,65995,65249,65422,65950,65330
805,0,1,16,77389,76957,76162,76127,76782,69945,68789,69338,68966,68786,77650,76931,76390,76915,76513,66457,65711,65878,66409,65791
806,1,1,16,76790,76377,75587,75546,76187,69499,68310,68856,68490,68339,77071,76356,75797,76322,75941,65997,65263,65404,65952,65337
807,0,1,16,77378,76936,76154,76111,76769,69952,68756,69322,68942,68797,77635,76918,76387,76888,76495,66432,65692,65844,66393,65780
808,1,1,16,76791,76384,75593,75546,76207,69490,68308,68864,68491,68321,77062,76353,75807,76327,75940,65986,65244,65408,65930,65334
809,0,1,16,77355,76937,76143,76098,76778,69947,68758,69307,68942,68775,77619,76926,76391,76890,76487,66425,65683,65852,66376,65762
810,1,1,16,76795,76378,75589,75550,76192,69491,68308,68878,68487,68324,77074,76366,75814,76315,75927,65975,65231,65405,65940,65327
811,0,1,16,77395,76970,76178,76120,76775,69961,68781,69357,68965,68793,77668,76950,76419,76915,76510,66436,65696,65863,66398,65787
812,1,1,16,76783,76345,75583,75542,76177,69487,68307,68857,68477,68311,77078,76346,75807,76319,75931,65983,65241,65416,65954,65324
813,0,1,16,77375,76911,76129,76107,76768,69936,68766,69324,68920,68765,77651,76921,76380,76906,76496,66424,65695,65846,66407,65775
814,1,1,16,76810,76368,75579,75544,76198,69491,68300,68858,68487,68319,77063,76339,75817,76327,75941,65985,65260,65421,65953,65337
815,0,1,16,77384,76937,76140,76112,76776,69944,68755,69323,68952,68780,77649,76911,76387,76893,76493,66423,65703,65867,66392,65776
816,1,1,16,76793,76363,75581,75533,76176,69475,68289,68855,68475,68316,77059,76338,75791,76310,75921,65975,65231,65406,65939,65318
817,0,1,16,77390,76953,76149,76110,76761,69941,68761,69316,68954,68783,77646,76920,76393,76898,76498,66427,65702,65871,66390,65783
818,1,1,16,76818,76370,75589,75540,76184,69502,68324,68879,68493,68327,77071,76354,75816,76325,75951,65995,65259,65424,65963,65346
819,0,1,16,77391,76938,76145,76101,76760,69959,68777,69334,68940,68776,77628,76921,76388,76898,76517,66438,65703,65870,66412,65788
820,1,1,16,76810,76375,75579,75539,76178,69504,68323,68867,68487,68327,77061,76344,75801,76314,75938,65985,65246,65421,65954,65344
821,0,1,16,77403,76947,76159,76117,76781,69970,68797,69339,68955,68791,77643,76933,76394,76909,76522,66448,65696,65889,66423,65802
822,1,1,16,76790,76368,75592,75530,76196,69477,68320,68844,68487,68303,77055,76341,75808,76307,75924,65979,65240,65422,65934,65327
823,0,1,16,77389,76953,76156,76106,76768,69948,68786,69310,68954,68771,77643,76929,76401,76891,76514,66426,65693,65874,66398,65787
824,1,1,16,76804,76368,75589,75548,76180,69481,68311,68871,68488,68302,77061,76333,75800,76309,75922,65979,65245,65406,65929,65323
825,0,1,16,77392,76943,76157,76104,76760,69940,68774,69330,68957,68778,77633,76909,76399,76893,76497,66435,65689,65864,66394,65783
826,1,1,16,76814,76365,75591,75542,76189,69474,68315,68840,68476,68288,77046,76325,75809,76322,75942,65989,65248,65414,65951,65337
827,0,1,16,77401,76928,76163,76109,76770,69937,68783,69293,68938,68761,77628,76907,76394,76901,76511,66429,65697,65873,66403,65789
828,1,1,16,76802,76351,75579,75542,76181,69477,68305,68863,68477,68301,77050,76319,75809,76302,75926,65969,65244,65411,65927,65326
829,0,1,16,77406,76948,76164,76139,76775,69964,68789,69350,68957,68795,77655,76919,76411,76909,76517,66445,65705,65881,66396,65800
830,1,1,16,76805,76351,75575,75547,76177,69489,68300,68847,68475,68302,77050,76340,75807,76311,75943,65964,65218,65394,65929,65326
831,0,1,16,77399,76937,76160,76110,76760,69965,68769,69325,68941,68772,77638,76930,76406,76905,76519,66428,65683,65856,66393,65792
832,1,1,16,76789,76366,75570,75540,76197,69491,68286,68852,68462,68308,77056,76324,75805,76310,75945,65971,65236,65416,65940,65315
833,0,1,16,77366,76936,76116,76106,76765,69945,68745,69317,68928,68782,77613,76901,76379,76873,76496,66423,65680,65865,66393,65776
834,1,1,16,76809,76367,75581,75537,76185,69507,68305,68876,68487,68330,77047,76338,75814,76314,75932,65975,65244,65418,65952,65321
835,0,1,16,77391,76947,76150,76109,76769,69961,68772,69330,68948,68788,77641,76919,76397,76905,76506,66428,65684,65861,66413,65773
836,1,1,16,76785,76354,75572,75549,76188,69493,68299,68851,68468,68304,77063,76349,75801,76319,75923,65974,65227,65409,65940,65329
837,0,1,16,77376,76938,76141,76098,76764,69962,68768,69323,68940,68793,77633,76927,76386,76899,76499,66436,65678,65870,66394,65785
838,1,1,16,76790,76362,75583,75536,76190,69474,68308,68875,68483,68327,77054,76335,75812,76325,75925,65965,65243,65422,65943,65336
839,0,1,16,77365,76929,76141,76102,76769,69937,68760,69327,68943,68782,77634,76906,76387,76892,76487,66418,65690,65865,66396,65783
840,1,1,16,76786,76361,75576,75521,76173,69494,68294,68858,68467,68324,77058,76327,75808,76313,75912,65979,65246,65417,65949,65322
841,0,1,16,77381,76948,76160,76096,76768,69957,68763,69335,68935,68793,77644,76919,76407,76906,76494,66445,65703,65869,66408,65777
842,1,1,16,76803,76360,75573,75530,76184,69494,68297,68881,68482,68323,77060,76336,75810,76315,75928,65975,65229,65415,65937,65314
843,0,1,16,77386,76949,76144,76112,76765,69941,68765,69340,68951,68795,77629,76913,76396,76900,76500,66429,65674,65873,66391,65773
844,1,1,16,76818,76362,75577,75549,76192,69494,68297,68874,68485,68327,77066,76338,75805,76311,75933,65973,65236,65419,65944,65322
845,0,1,16,77390,76922,76142,76100,76769,69943,68750,69322,68938,68784,77636,76919,76383,76877,76495,66426,65680,65871,66384,65777
846,1,1,16,76804,76364,75583,75543,76192,69504,68299,68868,68485,68311,77055,76334,75810,76313,75927,65985,65225,65412,65936,65320
847,0,1,16,77401,76936,76149,76113,76772,69967,68767,69337,68946,68775,77641,76915,76400,76896,76499,66445,65685,65881,66387,65776
848,1,1,16,76796,76361,75565,75540,76183,69494,68301,68878,68477,68330,77039,76344,75788,76292,75928,65974,65231,65424,65939,65328
849,0,1,16,77384,76928,76143,76106,76760,69964,68774,69338,68952,68795,77626,76921,76383,76892,76515,66439,65687,65882,66396,65782
850,1,1,16,76787,76328,75562,75528,76190,69490,68280,68865,68469,68302,77044,76337,75796,76285,75921,65974,65224,65417,65916,65300
851,0,1,16,77382,76916,76150,76124,76767,69950,68761,69329,68953,68773,77634,76939,76392,76881,76494,66426,65676,65869,66386,65763
852,1,1,16,76789,76341,75578,75552,76183,69493,68297,68852,68479,68316,77056,76339,75813,76300,75925,65963,65248,65412,65951,65313
853,0,1,16,77374,76909,76135,76102,76751,69942,68748,69302,68930,68774,77638,76907,76396,76878,76478,66416,65685,65860,66389,65761
854,1,1,16,76796,76355,75572,75543,76189,69495,68303,68883,68490,68307,77059,76349,75813,76306,75927,66007,65241,65429,65939,65315
855,0,1,16,77403,76948,76150,76125,76780,69961,68773,69348,68960,68781,77654,76942,76415,76903,76517,66458,65702,65885,66401,65772
856,1,1,16,76810,76338,75577,75538,76181,69494,68281,68870,68464,68311,77054,76349,75795,76309,75934,65998,65243,65433,65929,65323
857,0,1,16,77406,76919,76151,76115,76761,69958,68752,69337,68943,68780,77640,76932,76374,76887,76504,66453,65695,65885,66387,65783
858,1,1,16,76813,76378,75575,75545,76189,69497,68316,68889,68492,68337,77081,76360,75822,76323,75933,66009,65250,65436,65942,65351
859,0,1,16,77400,76952,76137,76134,76788,69947,68780,69358,68963,68793,77656,76941,76404,76913,76510,66458,65709,65893,66404,65800
860,1,1,16,76830,76381,75573,75571,76190,69502,68323,68893,68490,68340,77064,76362,75831,76325,75938,66016,65267,65451,65947,65340
861,0,1,16,77409,76955,76143,76129,76778,69957,68778,69354,68950,68805,77642,76945,76405,76901,76516,66456,65715,65887,66398,65791
862,1,1,16,76825,76376,75587,75572,76193,69497,68322,68887,68491,68339,77074,76348,75820,76336,75952,66018,65272,65449,65958,65342
863,0,1,16,77419,76966,76167,76149,76788,69961,68796,69352,68963,68815,77672,76933,76424,76925,76540,66481,65735,65910,66427,65809
864,1,1,16,76781,76338,75574,75532,76174,69491,68304,68875,68467,68325,77061,76335,75808,76302,75918,65993,65230,65419,65930,65327
865,0,1,16,77373,76942,76144,76114,76765,69951,68771,69337,68930,68791,77642,76917,76386,76897,76494,66445,65687,65880,66406,65778
866,1,1,16,76815,76372,75582,75553,76197,69490,68314,68884,68485,68334,77084,76352,75830,76313,75956,66003,65259,65434,65936,65340
867,0,1,16,77419,76936,76155,76127,76783,69964,68785,69354,68956,68806,77670,76935,76416,76896,76536,66453,65716,65894,66401,65806
868,1,1,16,76815,76380,75593,75551,76198,69497,68316,68873,68481,68340,77086,76371,75827,76311,75934,66021,65250,65429,65946,65340
869,0,1,16,77390,76947,76151,76105,76766,69952,68771,69332,68945,68789,77649,76925,76395,76883,76492,66459,65681,65866,66391,65775
870,1,1,16,76802,76355,75589,75548,76184,69490,68318,68881,68483,68329,77051,76333,75816,76316,75925,66007,65247,65422,65935,65333
871,0,1,16,77390,76942,76161,76110,76773,69946,68782,69351,68953,68791,77651,76919,76409,76903,76498,66451,65704,65882,66390,65783
872,1,1,16,76804,76358,75586,75547,76176,69477,68305,68864,68459,68313,77057,76331,75814,76302,75927,66001,65224,65418,65938,65318
873,0,1,16,77389,76938,76156,76118,76773,69944,68779,69335,68936,68789,77645,76929,76409,76899,76512,66450,65678,65884,66399,65768
874,1,1,16,76792,76346,75581,75530,76187,69479,68296,68865,68461,68312,77049,76332,75790,76298,75916,65978,65239,65422,65927,65308
875,0,1,16,77390,76933,76153,76106,76774,69955,68769,69339,68935,68779,77635,76913,76386,76893,76492,66442,65696,65886,66384,65772
876,1,1,16,76811,76367,75582,75545,76195,69510,68311,68865,68471,68314,77073,76331,75817,76308,75911,65978,65234,65424,65926,65326
877,0,1,16,77389,76943,76166,76113,76783,69966,68779,69342,68938,68787,77648,76915,76403,76893,76491,66430,65709,65877,66395,65779
878,1,1,16,76788,76350,75576,75518,76174,69474,68311,68855,68455,68312,77059,76333,75812,76305,75919,65967,65228,65405,65911,65312
879,0,1,16,77370,76935,76141,76087,76760,69921,68760,69312,68919,68773,77635,76895,76378,76874,76483,66403,65672,65858,66352,65751
880,1,1,16,76808,76342,75574,75550,76194,69480,68304,68882,68471,68320,77050,76335,75809,76300,75919,65987,65241,65410,65915,65318
881,0,1,16,77395,76922,76134,76103,76771,69935,68773,69335,68930,68788,77637,76900,76393,76877,76498,66428,65700,65848,66357,65765
882,1,1,16,76804,76364,75586,75552,76200,69482,68311,68874,68484,68323,77081,76336,75826,76312,75939,65982,65243,65431,65924,65335
883,0,1,16,77389,76940,76160,76117,76768,69936,68766,69337,68936,68790,77660,76914,76405,76891,76502,66430,65689,65876,66370,65787
884,1,1,16,76775,76353,75574,75520,76186,69477,68278,68863,68477,68307,77054,76329,75798,76306,75919,65964,65232,65415,65933,65323
885,0,1,16,77368,76923,76162,76099,76773,69936,68743,69339,68926,68784,77631,76911,76396,76880,76499,66418,65689,65860,66389,65775
886,1,1,16,76792,76353,75582,75534,76184,69463,68305,68864,68458,68313,77057,76321,75796,76299,75924,65982,65239,65408,65927,65323
887,0,1,16,77373,76938,76151,76105,76773,69940,68776,69345,68940,68785,77645,76900,76381,76894,76495,66431,65692,65873,66390,65781
888,1,1,16,76795,76366,75590,75549,76196,69478,68311,68879,68472,68322,77060,76331,75809,76309,75935,65994,65250,65410,65945,65335
889,0,1,16,77395,76947,76168,76114,76765,69940,68791,69344,68948,68794,77645,76924,76414,76899,76512,66446,65703,65863,66403,65796
890,1,1,16,76793,76359,75573,75544,76179,69488,68299,68872,68476,68319,77074,76322,75810,76315,75924,65991,65243,65396,65935,65348
891,0,1,16,77371,76948,76146,76113,76769,69946,68772,69333,68945,68786,77654,76902,76403,76898,76494,66440,65697,65841,66389,65796
892,1,1,16,76782,76377,75580,75538,76207,69509,68330,68877,68495,68334,77075,76360,75823,76327,75924,65984,65248,65421,65943,65347
893,0,1,16,77392,76974,76168,76132,76803,69978,68817,69348,68973,68819,77669,76950,76426,76916,76525,66450,65715,65893,66415,65813
894,1,1,16,76805,76369,75583,75559,76202,69482,68322,68866,68484,68334,77067,76328,75810,76335,75932,65994,65257,65416,65941,65331
895,0,1,16,77377,76938,76149,76111,76769,69931,68775,69320,68936,68785,77643,76894,76385,76910,76508,66429,65703,65855,66378,65775
896,1,1,16,76773,76340,75571,75549,76161,69484,68307,68861,68457,68316,77052,76315,75804,76316,75932,65984,65261,65402,65922,65324
897,0,1,16,77373,76914,76154,76117,76768,69952,68777,69330,68923,68790,77641,76913,76393,76897,76507,66436,65709,65858,66392,65776
898,1,1,16,76809,76345,75590,75559,76184,69494,68319,68860,68491,68332,77086,76360,75821,76331,75943,65988,65259,65438,65940,65331
899,0,1,16,77375,76892,76142,76106,76749,69946,68766,69300,68930,68780,77634,76914,76401,76888,76501,66437,65705,65867,66385,65774
900,1,1,16,76802,76342,75579,75541,76191,69492,68307,68853,68463,68335,77051,76339,75827,76319,75932,65985,65259,65405,65933,65319
901,0,1,16,77386,76927,76144,76128,76781,69948,68777,69320,68942,68806,77641,76921,76414,76894,76499,66435,65713,65855,66380,65775
902,1,1,16,76800,76334,75589,75550,76195,69504,68315,68861,68480,68325,77088,76343,75810,76317,75932,65981,65268,65429,65936,65328
903,0,1,16,77397,76930,76173,76136,76792,69984,68789,69344,68948,68800,77684,76937,76414,76907,76527,66451,65731,65904,66411,65800
904,1,1,16,76823,76361,75580,75564,76203,69503,68329,68876,68478,68338,77075,76344,75830,76330,75940,66002,65268,65439,65941,65341
905,0,1,16,77398,76925,76144,76129,76775,69965,68782,69336,68950,68810,77648,76926,76417,76910,76513,66455,65720,65878,66388,65787
906,1,1,16,76803,76364,75583,75566,76207,69517,68322,68873,68497,68335,77084,76361,75847,76322,75947,65998,65272,65438,65961,65340
907,0,1,16,77387,76937,76146,76113,76785,69966,68780,69332,68960,68796,77671,76928,76423,76900,76516,66451,65712,65884,66418,65802
908,1,1,16,76786,76352,75558,75545,76184,69492,68311,68863,68466,68327,77072,76342,75813,76311,75937,65987,65246,65408,65927,65320
909,0,1,16,77370,76923,76129,76103,76763,69945,68774,69326,68930,68787,77661,76920,76397,76888,76491,66437,65690,65873,66385,65770
910,1,1,16,76796,76355,75580,75549,76191,69503,68313,68862,68492,68328,77082,76346,75810,76338,75941,65988,65241,65435,65950,65315
911,0,1,16,77390,76937,76150,76126,76786,69966,68788,69338,68957,68797,77667,76923,76400,76931,76518,66450,65701,65891,66402,65781
912,1,1,16,76793,76344,75581,75566,76197,69507,68324,68874,68484,68328,77050,76348,75805,76315,75914,65993,65250,65429,65943,65320
913,0,1,16,77387,76942,76161,76127,76780,69966,68800,69335,68957,68791,77640,76925,76399,76901,76489,66449,65708,65883,66410,65777
914,1,1,16,76815,76349,75581,75551,76198,69519,68329,68875,68476,68329,77061,76346,75812,76312,75927,65983,65258,65428,65954,65320
915,0,1,16,77394,76922,76152,76116,76785,69968,68792,69347,68942,68797,77649,76928,76394,76901,76507,66432,65708,65879,66407,65768
916,1,1,16,76815,76356,75612,75573,76220,69517,68317,68861,68479,68327,77067,76366,75826,76326,75935,65994,65267,65438,65967,65336
917,0,1,16,77389,76926,76168,76129,76783,69969,68778,69326,68938,68776,77637,76933,76401,76898,76503,66427,65700,65883,66415,65782
918,1,1,16,76806,76371,75604,75552,76203,69505,68312,68864,68475,68327,77062,76353,75819,76324,75941,66000,65258,65440,65936,65335
919,0,1,16,77384,76929,76172,76107,76777,69945,68770,69318,68941,68782,77630,76920,76391,76911,76507,66439,65697,65885,66390,65779
920,1,1,16,76794,76345,75566,75527,76194,69487,68310,68870,68463,68321,77052,76347,75798,76306,75922,65985,65243,65414,65943,65305
921,0,1,16,77391,76917,76141,76090,76767,69940,68764,69335,68924,68791,77622,76918,76381,76886,76488,66423,65692,65871,66399,65755
922,1,1,16,76792,76349,75569,75543,76188,69483,68311,68873,68474,68314,77069,76346,75807,76312,75922,65982,65243,65413,65941,65311
923,0,1,16,77385,76909,76154,76115,76760,69948,68768,69345,68927,68779,77633,76927,76382,76887,76496,66429,65693,65870,66384,65759
924,1,1,16,76778,76322,75573,75513,76178,69471,68285,68847,68443,68303,77040,76329,75807,76290,75907,65957,65219,65405,65912,65306
925,0,1,16,77367,76904,76157,76088,76770,69939,68756,69314,68932,68780,77633,76924,76398,76885,76496,66428,65669,65876,66375,65767
926,1,1,16,76813,76346,75581,75532,76193,69491,68293,68879,68472,68331,77076,76353,75815,76317,75905,65984,65243,65419,65923,65321
927,0,1,16,77388,76919,76152,76095,76769,69944,68758,69327,68922,68793,77646,76928,76389,76883,76474,66434,65698,65863,66366,65765
928,1,1,16,76794,76361,75565,75548,76210,69503,68317,68881,68467,68334,77060,76367,75801,76310,75918,65994,65254,65417,65947,65313
929,0,1,16,77380,76928,76132,76115,76785,69959,68781,69342,68932,68779,77631,76929,76391,76892,76487,66446,65708,65875,66404,65776
930,1,1,16,76782,76341,75564,75522,76176,69465,68295,68862,68448,68312,77056,76338,75815,76297,75889,65970,65226,65408,65917,65304
931,0,1,16,77374,76916,76137,76097,76768,69928,68767,69333,68921,68784,77639,76933,76408,76892,76470,66429,65690,65870,66381,65773
932,1,1,16,76802,76344,75562,75536,76186,69486,68318,68858,68474,68316,77067,76353,75828,76307,75910,65965,65247,65416,65922,65318
933,0,1,16,77395,76922,76137,76103,76772,69957,68777,69326,68939,68789,77642,76942,76418,76887,76484,66425,65688,65874,66381,65766
934,1,1,16,76791,76345,75570,75551,76196,69487,68306,68868,68494,68318,77067,76374,75837,76300,75914,65988,65238,65415,65930,65324
935,0,1,16,77371,76920,76142,76101,76771,69946,68771,69332,68951,68772,77625,76938,76411,76875,76486,66435,65690,65870,66388,65782
936,1,1,16,76789,76345,75582,75534,76192,69493,68307,68863,68479,68304,77041,76348,75814,76306,75934,65981,65214,65411,65920,65314
937,0,1,16,77382,76916,76149,76100,76766,69938,68770,69341,68936,68770,77622,76926,76399,76879,76497,66428,65672,65874,66380,65764
938,1,1,16,76812,76362,75597,75562,76205,69509,68325,68889,68497,68344,77088,76355,75855,76325,75935,65983,65243,65434,65944,65341
939,0,1,16,77395,76930,76161,76130,76781,69963,68788,69351,68960,68801,77654,76923,76432,76891,76504,66433,65690,65894,66398,65782
940,1,1,16,76798,76348,75574,75537,76190,69493,68304,68865,68478,68314,77072,76368,75802,76314,75933,65972,65238,65413,65941,65317
941,0,1,16,77393,76925,76152,76113,76776,69966,68776,69319,68945,68775,77650,76948,76405,76901,76502,66431,65691,65873,66401,65766
942,1,1,16,76797,76347,75568,75549,76182,69503,68308,68873,68490,68313,77052,76340,75813,76308,75928,65971,65242,65416,65938,65331
943,0,1,16,77387,76924,76139,76118,76765,69953,68766,69325,68952,68783,77639,76932,76396,76897,76493,66429,65675,65860,66386,65783
944,1,1,16,76815,76360,75573,75534,76186,69477,68321,68867,68488,68315,77059,76348,75810,76314,75925,65981,65239,65415,65919,65325
945,0,1,16,77406,76946,76150,76104,76765,69939,68784,69323,68956,68787,77630,76922,76394,76908,76496,66429,65684,65867,66378,65775
946,1,1,16,76796,76359,75559,75532,76200,69487,68304,68878,68474,68320,77071,76330,75810,76300,75906,65977,65251,65410,65915,65328
947,0,1,16,77399,76942,76135,76113,76777,69952,68773,69339,68940,68772,77649,76911,76391,76885,76486,66428,65694,65867,66374,65780
948,1,1,16,76793,76371,75584,75543,76208,69502,68303,68869,68472,68317,77058,76357,75812,76330,75931,65988,65256,65409,65917,65332
949,0,1,16,77387,76961,76167,76123,76803,69968,68782,69338,68953,68779,77650,76946,76405,76923,76511,66447,65712,65871,66385,65789
950,1,1,16,76782,76364,75573,75536,76196,69476,68300,68861,68456,68308,77033,76342,75807,76310,75925,65962,65244,65421,65915,65327
951,0,1,16,77388,76944,76154,76112,76782,69948,68787,69335,68928,68786,77619,76922,76396,76901,76491,66426,65705,65885,66379,65784
952,1,1,16,76792,76343,75566,75532,76176,69482,68307,68850,68454,68304,77031,76347,75794,76307,75909,65968,65230,65417,65928,65320
953,0,1,16,77399,76947,76161,76109,76775,69951,68785,69324,68932,68784,77615,76940,76394,76908,76485,66437,65698,65883,66397,65790
954,1,1,16,76778,76351,75582,75533,76179,69479,68309,68844,68449,68302,77022,76336,75793,76291,75912,65980,65223,65411,65913,65320
955,0,1,16,77387,76953,76170,76117,76775,69958,68775,69326,68941,68787,77630,76941,76395,76889,76501,66449,65695,65883,66394,65790
956,1,1,16,76804,76360,75583,75556,76194,69495,68307,68866,68442,68305,77047,76351,75813,76311,75931,65987,65235,65424,65931,65313
957,0,1,16,77384,76936,76147,76120,76771,69939,68770,69321,68913,68755,77626,76929,76381,76901,76501,66438,65678,65855,66387,65761
958,1,1,16,76813,76395,75614,75572,76212,69514,68319,68888,68498,68333,77087,76369,75834,76327,75966,66009,65255,65436,65953,65323
959,0,1,16,77398,76948,76173,76135,76785,69966,68782,69345,68962,68798,77648,76946,76412,76900,76527,66455,65706,65901,66417,65769
960,1,1,16,76804,76370,75557,75551,76174,69493,68311,68863,68476,68329,77043,76347,75815,76296,75934,65971,65245,65415,65936,65304
961,0,1,16,77392,76954,76137,76124,76767,69963,68781,69332,68938,68803,77622,76934,76407,76888,76510,66437,65700,65873,66404,65774
962,1,1,16,76808,76369,75585,75553,76199,69506,68325,68885,68496,68333,77055,76353,75824,76319,75933,65994,65267,65435,65954,65314
963,0,1,16,77405,76957,76163,76116,76784,69959,68790,69343,68967,68802,77650,76933,76398,76913,76509,66438,65715,65891,66403,65770
964,1,1,16,76823,76374,75596,75566,76199,69506,68323,68884,68493,68346,77084,76371,75823,76317,75941,66004,65263,65428,65947,65318
965,0,1,16,77387,76937,76155,76115,76753,69967,68780,69330,68949,68794,77658,76946,76388,76880,76496,66444,65705,65874,66385,65762
966,1,1,16,76822,76368,75607,75554,76196,69507,68331,68879,68476,68349,77079,76373,75832,76325,75945,65993,65259,65431,65953,65328
967,0,1,16,77409,76934,76168,76112,76763,69962,68786,69343,68932,68808,77642,76952,76412,76902,76508,66434,65700,65870,66402,65775
968,1,1,16,76807,76357,75584,75558,76192,69489,68319,68883,68475,68332,77096,76364,75816,76306,75959,65982,65257,65429,65944,65327
969,0,1,16,77390,76941,76159,76116,76766,69948,68776,69339,68936,68788,77666,76944,76403,76889,76511,66436,65697,65882,66384,65770
970,1,1,16,76814,76356,75595,75554,76187,69494,68315,68872,68482,68336,77095,76357,75834,76324,75949,65988,65262,65421,65947,65310
971,0,1,16,77404,76939,76164,76119,76780,69953,68782,69354,68965,68803,77664,76937,76416,76919,76529,66453,65707,65873,66412,65773
972,1,1,16,76813,76356,75578,75535,76191,69474,68297,68853,68477,68331,77074,76346,75802,76312,75940,65979,65235,65417,65929,65302
973,0,1,16,77392,76912,76141,76097,76761,69930,68754,69306,68931,68780,77633,76913,76367,76879,76507,66422,65673,65861,66368,65752
974,1,1,16,76782,76335,75561,75515,76165,69471,68296,68844,68456,68297,77045,76318,75790,76279,75909,65965,65237,65397,65912,65295
975,0,1,16,77407,76943,76157,76114,76774,69944,68780,69322,68942,68791,77646,76920,76404,76884,76504,66433,65708,65869,66393,65778
976,1,1,16,76816,76359,75595,75546,76197,69479,68319,68862,68485,68332,77058,76342,75811,76313,75941,65993,65249,65415,65937,65321
977,0,1,16,77415,76944,76166,76122,76800,69947,68793,69340,68968,68806,77654,76938,76397,76902,76524,66450,65704,65877,66395,65779
978,1,1,16,76815,76366,75588,75537,76198,69491,68333,68878,68476,68332,77068,76354,75804,76310,75942,65989,65278,65426,65947,65321
979,0,1,16,77409,76943,76142,76110,76782,69943,68787,69339,68954,68797,77640,76934,76386,76897,76517,66437,65725,65880,66402,65780
980,1,1,16,76810,76370,75586,75546,76198,69485,68306,68849,68465,68320,77075,76350,75806,76295,75941,65992,65234,65417,65937,65313
981,0,1,16,77402,76941,76158,76107,76778,69943,68775,69319,68933,68784,77648,76924,76376,76890,76526,66436,65695,65863,66393,65770
982,1,1,16,76789,76330,75553,75525,76173,69478,68296,68845,68456,68311,77049,76325,75792,76286,75917,65968,65248,65408,65923,65309
983,0,1,16,77382,76921,76148,76114,76771,69945,68770,69319,68928,68794,77647,76919,76388,76875,76498,66422,65709,65861,66396,65771
984,1,1,16,76790,76343,75583,75526,76190,69489,68307,68857,68465,68320,77045,76346,75791,76279,75912,65979,65235,65408,65938,65319
985,0,1,16,77392,76924,76154,76089,76774,69951,68770,69313,68935,68785,77649,76920,76388,76858,76482,66429,65702,65854,66395,65772
986,1,1,16,76798,76336,75575,75534,76181,69487,68310,68858,68468,68312,77057,76346,75802,76291,75918,65978,65242,65404,65920,65315
987,0,1,16,77384,76894,76133,76095,76769,69933,68769,69313,68920,68769,77634,76925,76372,76861,76479,66416,65686,65853,66364,65766
988,1,1,16,76799,76366,75579,75529,76199,69478,68301,68862,68469,68310,77055,76349,75797,76301,75914,65968,65232,65404,65933,65316
989,0,1,16,77380,76936,76146,76087,76783,69944,68768,69323,68927,68772,77634,76921,76388,76880,76481,66419,65694,65858,66386,65767
990,1,1,16,76806,76358,75591,75547,76182,69497,68291,68865,68461,68320,77067,76358,75810,76311,75931,65970,65247,65422,65943,65330
991,0,1,16,77407,76946,76185,76119,76792,69967,68767,69340,68940,68796,77659,76947,76393,76903,76512,66432,65706,65870,66412,65791
992,1,1,16,76799,76343,75580,75539,76186,69473,68305,68858,68469,68320,77056,76341,75801,76304,75921,65980,65255,65428,65943,65324
993,0,1,16,77391,76931,76154,76111,76769,69943,68774,69325,68940,68781,77634,76923,76390,76898,76483,66423,65711,65894,66397,65788
994,1,1,16,76785,76341,75579,75527,76170,69483,68288,68846,68448,68302,77047,76330,75788,76276,75921,65961,65247,65410,65918,65307
995,0,1,16,77388,76932,76162,76104,76771,69953,68765,69319,68926,68763,77639,76918,76384,76872,76504,66426,65711,65865,66380,65771
996,1,1,16,76791,76368,75592,75547,76199,69498,68320,68873,68476,68316,77082,76359,75815,76301,75943,65992,65266,65430,65951,65330
997,0,1,16,77389,76934,76162,76108,76778,69959,68782,69334,68931,68783,77655,76923,76389,76881,76501,66445,65704,65871,66410,65784
998,1,1,16,76816,76362,75575,75549,76191,69484,68313,68879,68466,68320,77077,76360,75812,76314,75940,65983,65261,65410,65939,65326
999,0,1,16,77410,76951,76152,76131,76788,69969,68787,69354,68945,68797,77654,76950,76413,76906,76537,66436,65708,65874,66405,65794
1000,1,1,16,76798,76346,75581,75541,76184,69482,68294,68864,68452,68326,77058,76349,75790,76310,75942,65978,65267,65404,65935,65321
1001,0,1,16,77381,76919,76151,76112,76758,69941,68759,69326,68916,68786,77640,76926,76383,76880,76501,66430,65719,65845,66386,65778
1002,1,1,16,76805,76377,75573,75553,76207,69479,68305,68884,68487,68329,77074,76377,75818,76325,75934,65987,65271,65423,65957,65334
1003,0,1,16,77392,76957,76156,76117,76784,69934,68784,69346,68959,68792,77653,76955,76406,76904,76516,66438,65719,65864,66415,65784
1004,1,1,16,76805,76367,75586,75568,76205,69505,68304,68883,68495,68325,77075,76344,75807,76318,75936,65983,65277,65428,65954,65339
1005,0,1,16,77394,76931,76160,76117,76779,69960,68762,69341,68949,68789,77652,76917,76382,76899,76497,66429,65719,65877,66402,65786
1006,1,1,16,76814,76368,75595,75569,76186,69488,68319,68868,68476,68306,77075,76351,75793,76295,75943,65994,65263,65428,65960,65320
1007,0,1,16,77394,76933,76157,76121,76772,69953,68766,69330,68931,68760,77636,76927,76376,76872,76505,66442,65705,65877,66410,65775
1008,1,1,16,76829,76398,75586,75570,76211,69503,68327,68884,68480,68346,77086,76353,75824,76311,75957,66003,65268,65442,65959,65337
1009,0,1,16,77403,76969,76146,76120,76780,69967,68778,69340,68921,68816,77662,76924,76392,76882,76532,66435,65710,65887,66404,65785
1010,1,1,16,76815,76364,75582,75546,76198,69487,68309,68873,68460,68311,77071,76355,75805,76302,75935,65978,65283,65407,65939,65312
1011,0,1,16,77388,76938,76147,76110,76774,69948,68765,69322,68925,68781,77649,76931,76391,76876,76506,66430,65712,65861,66394,65767
1012,1,1,16,76815,76390,75592,75557,76207,69506,68324,68896,68498,68346,77070,76359,75816,76315,75931,65992,65259,65422,65964,65336
1013,0,1,16,77394,76956,76158,76110,76785,69963,68778,69347,68945,68806,77639,76927,76394,76892,76510,66437,65708,65872,66397,65775
1014,1,1,16,76801,76351,75564,75553,76184,69496,68321,68867,68472,68318,77071,76346,75796,76298,75929,65975,65237,65429,65940,65329
1015,0,1,16,77397,76944,76148,76122,76782,69970,68785,69337,68934,68788,77663,76933,76400,76883,76514,66438,65695,65890,66405,65791
1016,1,1,16,76824,76373,75603,75554,76210,69522,68324,68888,68478,68342,77083,76358,75819,76319,75949,66000,65269,65448,65945,65337
1017,0,1,16,77404,76937,76148,76111,76790,69955,68761,69340,68932,68790,77650,76929,76377,76881,76511,66434,65705,65878,66387,65774
1018,1,1,16,76800,76356,75593,75540,76201,69488,68304,68884,68467,68333,77072,76341,75786,76289,75933,65976,65247,65429,65930,65332
1019,0,1,16,77382,76923,76150,76094,76774,69940,68753,69327,68922,68780,77637,76928,76382,76863,76491,66416,65695,65874,66389,65785
1020,1,1,16,76805,76376,75590,75569,76203,69490,68317,68885,68454,68339,77096,76356,75814,76301,75942,65979,65267,65438,65948,65324
1021,0,1,16,77383,76930,76153,76117,76782,69932,68765,69334,68926,68791,77643,76924,76389,76865,76487,66429,65711,65886,66384,65780
1022,1,1,16,76811,76371,75606,75566,76200,69500,68303,68872,68481,68348,77056,76362,75814,76300,75932,65992,65265,65418,65938,65330
1023,0,1,16,77405,76947,76192,76139,76785,69966,68787,69359,68951,68820,77649,76952,76412,76899,76515,66458,65724,65881,66426,65788
1024,1,1,16,76804,76357,75593,75548,76197,69493,68303,68877,68471,68334,77060,76344,75813,76285,75926,65978,65253,65426,65960,65330
1025,0,1,16,77397,76947,76162,76113,76774,69955,68777,69347,68943,68813,77654,76935,76408,76883,76507,66437,65706,65889,66423,65778
1026,1,1,16,76806,76373,75594,75551,76199,69504,68323,68880,68482,68326,77084,76370,75812,76319,75936,66003,65262,65453,65954,65341
1027,0,1,16,77393,76937,76162,76112,76786,69960,68785,69336,68946,68782,77653,76936,76383,76893,76494,66448,65710,65899,66409,65796
1028,1,1,16,76804,76359,75583,75538,76187,69496,68331,68868,68475,68333,77063,76357,75816,76302,75922,65984,65257,65426,65943,65330
1029,0,1,16,77397,76945,76153,76111,76776,69960,68795,69339,68941,68796,77642,76940,76391,76886,76508,66436,65713,65883,66391,65791
1030,1,1,16,76848,76362,75592,75536,76209,69496,68328,68875,68492,68323,77070,76349,75820,76305,75955,65987,65255,65443,65945,65339
1031,0,1,16,77439,76946,76166,76099,76786,69956,68790,69340,68951,68779,77670,76941,76414,76889,76521,66438,65712,65902,66406,65788
1032,1,1,16,76820,76374,75627,75552,76215,69504,68329,68890,68499,68345,77077,76353,75809,76319,75936,65991,65271,65444,65955,65344
1033,0,1,16,77399,76939,76179,76104,76780,69959,68793,69349,68944,68789,77649,76927,76382,76897,76497,66426,65702,65879,66395,65774
1034,1,1,16,76824,76377,75610,75557,76194,69499,68322,68880,68489,68332,77085,76363,75824,76315,75912,65992,65267,65440,65968,65346
1035,0,1,16,77403,76941,76167,76117,76771,69957,68778,69350,68954,68785,77645,76943,76399,76892,76479,66431,65703,65893,66413,65794
1036,1,1,16,76802,76363,75577,75539,76187,69491,68310,68871,68491,68332,77076,76354,75818,76292,75929,65998,65258,65420,65957,65347
1037,0,1,16,77415,76959,76161,76131,76788,69958,68781,69341,68971,68805,77678,76943,76420,76894,76517,66453,65730,65885,66413,65807
1038,1,1,16,76814,76360,75566,75551,76194,69491,68307,68864,68468,68311,77054,76344,75808,76295,75915,65989,65236,65425,65941,65331
1039,0,1,16,77404,76937,76147,76123,76784,69949,68774,69335,68944,68770,77641,76923,76407,76886,76504,66446,65689,65877,66403,65797
1040,1,1,16,76817,76361,75584,75547,76221,69507,68322,68887,68496,68317,77093,76354,75819,76317,75934,65988,65256,65455,65950,65353
1041,0,1,16,77409,76938,76154,76116,76799,69974,68792,69339,68946,68785,77653,76926,76410,76902,76495,66440,65706,65907,66412,65810
1042,1,1,16,76785,76340,75586,75526,76185,69483,68302,68853,68450,68303,77069,76316,75803,76276,75922,65965,65230,65420,65902,65324
1043,0,1,16,77402,76935,76176,76114,76780,69969,68789,69330,68933,68784,77667,76924,76399,76882,76519,66435,65700,65889,66376,65784
1044,1,1,16,76823,76365,75583,75560,76199,69502,68328,68876,68474,68335,77084,76354,75806,76314,75939,65989,65272,65448,65941,65335
1045,0,1,16,77419,76956,76157,76131,76785,69970,68793,69344,68953,68793,77675,76948,76398,76914,76516,66456,65724,65902,66415,65804
1046,1,1,16,76825,76381,75603,75568,76206,69505,68329,68886,68483,68339,77086,76352,75813,76296,75942,65999,65257,65458,65941,65342
1047,0,1,16,77411,76956,76175,76138,76785,69960,68793,69356,68952,68800,77669,76933,76408,76878,76512,66443,65703,65903,66402,65796
1048,1,1,16,76808,76381,75592,75555,76205,69488,68301,68870,68497,68330,77092,76364,75812,76294,75926,65993,65244,65427,65922,65333
1049,0,1,16,77414,76961,76180,76124,76799,69957,68776,69338,68958,68797,77673,76944,76391,76880,76509,66449,65697,65895,66386,65796
1050,1,1,16,76789,76351,75576,75532,76210,69481,68286,68871,68478,68315,77067,76336,75798,76285,75924,65981,65236,65421,65910,65321
1051,0,1,16,77391,76940,76160,76126,76803,69954,68759,69348,68952,68785,77645,76916,76401,76899,76509,66447,65697,65878,66371,65782
1052,1,1,16,76809,76351,75589,75560,76201,69491,68311,68871,68489,68333,77066,76344,75817,76314,75945,65986,65249,65437,65945,65330
1053,0,1,16,77409,76919,76169,76121,76778,69957,68767,69338,68957,68797,77641,76919,76397,76884,76513,66438,65695,65885,66391,65789
1054,1,1,16,76814,76354,75584,75538,76184,69485,68288,68874,68477,68325,77061,76342,75809,76300,75921,65982,65225,65422,65930,65334
1055,0,1,16,77400,76939,76165,76114,76773,69944,68765,69340,68952,68792,77632,76913,76396,76885,76500,66440,65693,65882,66384,65797
1056,1,1,16,76843,76364,75619,75575,76220,69515,68338,68877,68503,68356,77086,76363,75831,76330,75956,66026,65276,65438,65968,65368
1057,0,1,16,77404,76937,76170,76113,76779,69967,68783,69332,68960,68809,77638,76927,76402,76897,76498,66464,65710,65878,66402,65800
1058,1,1,16,76835,76352,75596,75563,76193,69493,68320,68861,68476,68332,77059,76343,75809,76305,75940,66003,65254,65438,65941,65345
1059,0,1,16,77430,76941,76175,76137,76786,69967,68799,69342,68965,68819,77651,76934,76413,76901,76527,66465,65710,65898,66405,65802
1060,1,1,16,76837,76386,75614,75569,76217,69528,68348,68895,68505,68349,77091,76371,75828,76337,75965,66020,65269,65456,65966,65373
1061,0,1,16,77420,76957,76180,76141,76803,69981,68807,69363,68968,68813,77687,76961,76418,76932,76539,66467,65723,65911,66419,65818
1062,1,1,16,76823,76366,75604,75568,76215,69514,68315,68891,68480,68338,77081,76352,75815,76307,75950,66003,65242,65456,65939,65351
1063,0,1,16,77405,76933,76173,76122,76777,69968,68769,69340,68932,68788,77644,76930,76380,76880,76518,66447,65671,65898,66384,65779
1064,1,1,16,76814,76352,75585,75559,76196,69496,68326,68884,68487,68342,77075,76353,75805,76311,75929,65994,65245,65441,65937,65345
1065,0,1,16,77391,76922,76148,76115,76773,69941,68784,69335,68941,68794,77654,76921,76378,76887,76497,66444,65692,65884,66383,65782
1066,1,1,16,76815,76339,75588,75540,76198,69487,68317,68869,68457,68329,77077,76348,75813,76295,75934,65990,65244,65428,65939,65332
1067,0,1,16,77416,76925,76168,76122,76786,69958,68793,69346,68930,68802,77667,76930,76406,76889,76514,66441,65701,65888,66403,65798
1068,1,1,16,76835,76363,75602,75583,76218,69519,68328,68899,68479,68352,77086,76350,75828,76305,75966,66000,65259,65445,65946,65351
1069,0,1,16,77409,76918,76156,76134,76780,69952,68782,69344,68930,68799,77644,76922,76395,76870,76513,66448,65714,65890,66397,65788
1070,1,1,16,76807,76335,75583,75549,76177,69475,68304,68860,68455,68326,77078,76333,75794,76262,75923,65994,65244,65428,65930,65317
1071,0,1,16,77401,76929,76167,76125,76773,69941,68774,69335,68933,68806,77663,76920,76386,76875,76502,66452,65692,65894,66402,65792
1072,1,1,16,76821,76374,75599,75552,76200,69515,68318,68873,68481,68335,77081,76348,75813,76287,75939,66004,65261,65439,65932,65340
1073,0,1,16,77417,76959,76175,76131,76791,69968,68789,69341,68954,68803,77662,76928,76398,76889,76516,66451,65711,65887,66398,65789
1074,1,1,16,76810,76371,75573,75533,76199,69489,68317,68880,68478,68324,77083,76350,75805,76302,75930,65991,65251,65438,65931,65331
1075,0,1,16,77395,76939,76155,76108,76777,69953,68786,69341,68938,68801,77650,76932,76387,76887,76505,66447,65699,65894,66394,65780
1076,1,1,16,76794,76371,75587,75549,76178,69497,68300,68860,68473,68340,77063,76352,75802,76291,75923,65986,65256,65423,65909,65321
1077,0,1,16,77418,76973,76195,76152,76799,69988,68782,69352,68958,68832,77668,76957,76422,76904,76527,66456,65727,65898,66393,65811
1078,1,1,16,76794,76361,75587,75553,76214,69504,68331,68887,68466,68345,77080,76363,75821,76321,75943,65992,65265,65424,65947,65358
1079,0,1,16,77367,76936,76152,76128,76788,69957,68796,69349,68943,68808,77658,76931,76402,76900,76509,66436,65712,65874,66391,65813
1080,1,1,16,76811,76377,75597,75571,76209,69494,68334,68890,68485,68350,77085,76361,75805,76319,75945,65994,65276,65441,65962,65357
1081,0,1,16,77418,76964,76177,76152,76803,69972,68795,69364,68956,68823,77675,76948,76407,76913,76515,66446,65719,65904,66423,65816
1082,1,1,16,76822,76370,75599,75554,76197,69498,68328,68875,68477,68340,77098,76343,75798,76299,75932,65984,65250,65433,65941,65332
1083,0,1,16,77389,76936,76150,76116,76773,69945,68781,69329,68929,68800,77662,76921,76385,76891,76498,66433,65696,65885,66394,65774
1084,1,1,16,76813,76373,75614,75544,76201,69511,68338,68878,68465,68335,77081,76360,75812,76327,75963,66004,65267,65448,65952,65348
1085,0,1,16,77418,76980,76205,76122,76804,69978,68826,69358,68950,68809,77687,76955,76422,76934,76555,66475,65731,65913,66424,65806
1086,1,1,16,76818,76371,75583,75554,76200,69514,68327,68879,68478,68345,77085,76346,75810,76323,75939,65998,65257,65454,65945,65359
1087,0,1,16,77412,76951,76162,76121,76778,69969,68792,69352,68945,68807,77665,76936,76401,76902,76516,66451,65709,65903,66393,65811
1088,1,1,16,76810,76354,75593,75550,76181,69506,68315,68885,68475,68315,77064,76344,75804,76314,75932,65975,65264,65435,65948,65326
1089,0,1,16,77415,76948,76181,76129,76781,69970,68790,69364,68965,68797,77672,76944,76409,76909,76529,66443,65723,65900,66407,65793
1090,1,1,16,76824,76380,75602,75569,76201,69497,68334,68898,68500,68356,77071,76353,75815,76322,75947,65998,65254,65447,65952,65325
1091,0,1,16,77409,76961,76179,76130,76786,69959,68795,69364,68956,68830,77655,76936,76392,76911,76531,66459,65706,65908,66424,65785
1092,1,1,16,76812,76369,75622,75556,76197,69508,68326,68886,68490,68353,77069,76349,75819,76336,75951,66011,65268,65443,65945,65348
1093,0,1,16,77403,76953,76189,76127,76790,69979,68789,69359,68953,68812,77648,76940,76407,76922,76522,66462,65729,65903,66404,65790
1094,1,1,16,76794,76344,75591,75549,76180,69489,68299,68863,68455,68334,77072,76339,75798,76297,75927,65987,65236,65435,65917,65330
1095,0,1,16,77388,76933,76168,76123,76765,69956,68775,69342,68926,68806,77648,76933,76390,76884,76505,66435,65685,65888,66386,65794
1096,1,1,16,76797,76351,75575,75544,76178,69500,68317,68885,68473,68338,77083,76346,75813,76324,75943,65993,65241,65428,65945,65338
1097,0,1,16,77403,76937,76156,76124,76763,69965,68781,69369,68927,68808,77682,76938,76402,76915,76527,66449,65697,65901,66408,65801
1098,1,1,16,76805,76347,75594,75543,76176,69492,68316,68861,68483,68326,77075,76330,75800,76318,75936,65970,65251,65439,65931,65326
1099,0,1,16,77401,76931,76155,76123,76767,69959,68780,69326,68949,68800,77654,76912,76379,76903,76509,66427,65709,65888,66386,65782
1100,1,1,16,76806,76376,75596,75565,76190,69501,68317,68878,68481,68339,77077,76345,75801,76327,75937,65998,65236,65427,65951,65325
1101,0,1,16,77399,76949,76165,76122,76787,69967,68776,69349,68943,68805,77653,76926,76385,76905,76516,66450,65691,65886,66409,65787
1102,1,1,16,76824,76373,75604,75571,76212,69505,68309,68882,68467,68339,77093,76380,75815,76326,75942,65983,65250,65442,65950,65334
1103,0,1,16,77409,76937,76169,76128,76785,69968,68776,69339,68919,68812,77658,76955,76395,76905,76507,66435,65703,65895,66393,65768
1104,1,1,16,76794,76354,75586,75562,76185,69486,68320,68866,68469,68349,77085,76343,75816,76321,75928,65977,65233,65436,65939,65329
1105,0,1,16,77406,76939,76171,76141,76785,69952,68793,69342,68941,68819,77671,76916,76413,76915,76505,66438,65695,65894,66397,65789
1106,1,1,16,76806,76372,75592,75546,76188,69484,68321,68883,68461,68335,77078,76344,75800,76316,75936,65983,65223,65444,65943,65336
1107,0,1,16,77404,76963,76176,76133,76781,69966,68794,69357,68942,68814,77663,76937,76390,76906,76525,66450,65690,65896,66408,65816
1108,1,1,16,76796,76366,75588,75554,76199,69491,68313,68864,68461,68342,77073,76347,75817,76303,75927,65975,65236,65436,65945,65325
1109,0,1,16,77387,76953,76171,76138,76790,69959,68798,69341,68927,68821,77676,76937,76409,76906,76514,66441,65702,65899,66402,65802
1110,1,1,16,76820,76367,75601,75582,76212,69503,68326,68876,68460,68357,77091,76363,75824,76330,75948,65990,65258,65444,65937,65334
1111,0,1,16,77401,76938,76176,76141,76793,69970,68790,69335,68935,68806,77665,76927,76402,76906,76514,66434,65700,65885,66396,65792
1112,1,1,16,76808,76348,75581,75537,76196,69491,68326,68879,68454,68335,77061,76340,75813,76317,75925,65982,65244,65424,65922,65330
1113,0,1,16,77400,76922,76162,76108,76773,69948,68792,69338,68926,68802,77644,76920,76394,76900,76497,66426,65691,65864,66386,65789
1114,1,1,16,76809,76359,75608,75546,76206,69514,68325,68880,68473,68354,77096,76354,75821,76318,75951,66009,65256,65445,65956,65369
1115,0,1,16,77402,76935,76199,76135,76802,69995,68793,69361,68952,68831,77677,76939,76411,76904,76531,66473,65715,65902,66412,65837
1116,1,1,16,76810,76362,75605,75566,76200,69499,68323,68893,68474,68346,77080,76348,75821,76322,75932,65984,65236,65431,65948,65339
1117,0,1,16,77405,76941,76168,76139,76772,69949,68771,69344,68931,68800,77646,76924,76400,76895,76496,66431,65687,65879,66391,65791
1118,1,1,16,76812,76344,75588,75550,76212,69476,68320,68875,68479,68334,77089,76345,75814,76319,75938,65982,65244,65432,65929,65318
1119,0,1,16,77400,76930,76153,76105,76793,69950,68790,69336,68945,68807,77669,76914,76396,76911,76518,66453,65690,65886,66378,65772
1120,1,1,16,76812,76350,75592,75552,76198,69497,68321,68891,68482,68353,77085,76340,75808,76318,75938,66004,65248,65434,65942,65337
1121,0,1,16,77398,76928,76162,76117,76778,69962,68786,69346,68959,68814,77667,76915,76389,76909,76507,66442,65699,65875,66383,65790
1122,1,1,16,76801,76354,75596,75559,76207,69495,68318,68882,68488,68323,77071,76335,75803,76306,75929,65965,65239,65430,65922,65334
1123,0,1,16,77388,76926,76163,76135,76795,69955,68785,69343,68962,68787,77657,76913,76385,76896,76501,66425,65696,65887,66383,65797
1124,1,1,16,76824,76347,75615,75556,76219,69499,68332,68880,68497,68333,77075,76346,75811,76335,75932,65982,65259,65424,65935,65344
1125,0,1,16,77392,76919,76162,76103,76765,69938,68772,69330,68948,68777,77634,76898,76376,76887,76486,66409,65686,65866,66381,65778
1126,1,1,16,76794,76340,75577,75538,76177,69481,68325,68882,68472,68332,77051,76341,75795,76299,75934,65963,65233,65405,65901,65333
1127,0,1,16,77365,76902,76145,76100,76751,69938,68781,69331,68927,68773,77624,76914,76368,76875,76490,66405,65676,65837,66338,65770
1128,1,1,16,76790,76346,75576,75550,76188,69496,68302,68864,68470,68315,77064,76336,75797,76314,75932,65958,65246,65415,65904,65322
1129,0,1,16,77381,76924,76151,76114,76776,69956,68771,69328,68936,68784,77648,76920,76378,76897,76505,66414,65696,65860,66368,65779
1130,1,1,16,76788,76369,75589,75547,76182,69493,68308,68851,68453,68300,77086,76337,75807,76300,75923,65956,65246,65420,65913,65329
1131,0,1,16,77383,76949,76159,76121,76777,69950,68777,69320,68924,68775,77665,76925,76396,76893,76497,66427,65702,65876,66371,65788
1132,1,1,16,76791,76358,75594,75557,76181,69490,68306,68863,68476,68319,77086,76346,75799,76302,75912,65973,65246,65407,65923,65321
1133,0,1,16,77368,76937,76163,76117,76767,69946,68771,69333,68938,68771,77660,76922,76374,76877,76478,66410,65695,65857,66362,65772
1134,1,1,16,76814,76367,75613,75566,76209,69506,68324,68882,68499,68334,77086,76344,75812,76315,75948,66006,65237,65434,65942,65349
1135,0,1,16,77398,76959,76180,76145,76787,69968,68789,69349,68954,68799,77676,76929,76410,76897,76524,66455,65694,65883,66387,65806
1136,1,1,16,76796,76373,75586,75556,76190,69512,68308,68871,68476,68312,77090,76345,75805,76299,75934,65986,65241,65423,65914,65348
1137,0,1,16,77398,76949,76165,76142,76776,69975,68767,69340,68954,68797,77668,76924,76401,76881,76517,66428,65692,65865,66366,65795
1138,1,1,16,76808,76378,75592,75566,76203,69525,68330,68876,68487,68346,77102,76355,75813,76305,75941,65995,65256,65432,65934,65347
1139,0,1,16,77386,76932,76158,76121,76769,69976,68771,69336,68933,68810,77675,76923,76394,76877,76500,66429,65687,65872,66384,65783
1140,1,1,16,76791,76353,75583,75558,76185,69479,68297,68853,68466,68332,77074,76342,75807,76295,75923,65975,65219,65411,65914,65320
1141,0,1,16,77382,76929,76161,76122,76774,69951,68770,69333,68939,68808,77655,76931,76399,76895,76502,66434,65694,65884,66380,65786
1142,1,1,16,76804,76365,75597,75577,76186,69502,68311,68852,68490,68359,77081,76347,75800,76301,75929,65978,65247,65423,65933,65344
1143,0,1,16,77380,76935,76158,76131,76758,69961,68769,69304,68958,68808,77654,76920,76388,76888,76502,66427,65686,65870,66386,65798
1144,1,1,16,76798,76366,75584,75572,76212,69506,68302,68867,68482,68322,77075,76346,75806,76294,75929,65980,65232,65425,65932,65348
1145,0,1,16,77390,76934,76166,76132,76785,69949,68769,69324,68938,68784,77645,76918,76388,76880,76495,66430,65670,65873,66382,65808
1146,1,1,16,76773,76353,75564,75542,76181,69477,68289,68859,68480,68305,77066,76343,75792,76295,75923,65970,65220,65406,65893,65334
1147,0,1,16,77366,76932,76131,76131,76758,69946,68766,69333,68943,68781,77651,76920,76380,76882,76507,66426,65680,65861,66359,65789
1148,1,1,16,76805,76372,75593,75567,76197,69504,68307,68867,68489,68320,77060,76353,75817,76302,75931,65991,65252,65419,65919,65340
1149,0,1,16,77388,76932,76168,76140,76775,69952,68759,69324,68947,68778,77645,76914,76400,76871,76496,66433,65678,65875,66379,65786
1150,1,1,16,76812,76374,75581,75566,76200,69486,68328,68871,68498,68350,77070,76343,75808,76304,75927,65995,65239,65433,65922,65340
1151,0,1,16,77376,76941,76151,76134,76773,69952,68776,69326,68936,68792,77642,76913,76388,76870,76485,66434,65686,65879,66363,65780
1152,1,1,16,76812,76366,75594,75579,76206,69493,68303,68883,68512,68343,77084,76357,75821,76300,75938,65989,65252,65438,65940,65353
1153,0,1,16,77400,76938,76165,76156,76786,69957,68774,69350,68984,68803,77677,76933,76414,76882,76510,66445,65705,65893,66398,65804
1154,1,1,16,76806,76364,75595,75570,76212,69497,68309,68867,68490,68322,77080,76342,75805,76312,75929,65980,65243,65419,65932,65327
1155,0,1,16,77384,76933,76157,76131,76773,69963,68775,69330,68948,68777,77639,76918,76386,76887,76501,66427,65702,65868,66382,65782
1156,1,1,16,76795,76359,75581,75555,76188,69485,68299,68861,68485,68327,77083,76353,75805,76301,75927,65968,65228,65420,65920,65316
1157,0,1,16,77384,76932,76146,76120,76768,69948,68767,69326,68947,68791,77648,76934,76377,76890,76497,66416,65687,65877,66389,65769
1158,1,1,16,76794,76354,75576,75547,76192,69490,68287,68846,68494,68331,77072,76343,75816,76298,75918,65971,65244,65424,65922,65336
1159,0,1,16,77391,76927,76156,76127,76771,69953,68762,69317,68955,68795,77657,76932,76397,76890,76496,66424,65705,65879,66383,65803
1160,1,1,16,76767,76349,75573,75558,76173,69482,68292,68870,68459,68317,77061,76321,75798,76285,75918,65979,65223,65419,65908,65328
1161,0,1,16,77371,76933,76150,76124,76768,69940,68750,69335,68930,68789,77647,76917,76378,76878,76488,66431,65679,65866,66377,65779
1162,1,1,16,76800,76374,75590,75563,76199,69498,68299,68867,68472,68325,77091,76327,75814,76306,75929,65990,65250,65436,65937,65332
1163,0,1,16,77381,76952,76168,76123,76783,69955,68771,69319,68944,68792,77666,76906,76390,76880,76500,66446,65724,65894,66402,65778
1164,1,1,16,76786,76343,75590,75556,76176,69483,68294,68849,68468,68312,77073,76330,75802,76297,75928,65982,65221,65412,65930,65320
1165,0,1,16,77382,76925,76165,76122,76768,69948,68771,69324,68949,68787,77661,76928,76399,76875,76510,66432,65664,65875,66377,65783
1166,1,1,16,76771,76328,75579,75550,76162,69480,68295,68844,68470,68312,77059,76328,75793,76264,75910,65971,65215,65424,65921,65302
1167,0,1,16,77377,76921,76150,76128,76773,69958,68768,69328,68946,68788,77657,76933,76404,76872,76503,66444,65686,65887,66393,65780
1168,1,1,16,76811,76377,75599,75587,76206,69511,68316,68869,68492,68336,77102,76351,75832,76331,75952,66021,65267,65463,65944,65360
1169,0,1,16,77369,76928,76154,76118,76763,69947,68764,69305,68925,68775,77646,76912,76394,76875,76495,66434,65688,65877,66372,65798
1170,1,1,16,76789,76342,75574,75555,76169,69475,68295,68839,68462,68319,77061,76331,75797,76268,75923,65979,65235,65393,65904,65317
1171,0,1,16,77350,76919,76149,76112,76737,69940,68752,69294,68924,68777,77641,76909,76382,76863,76497,66424,65682,65839,66367,65770
1172,1,1,16,76774,76352,75569,75544,76176,69475,68295,68849,68448,68323,77065,76322,75801,76302,75907,65971,65229,65418,65910,65324
1173,0,1,16,77382,76938,76130,76112,76759,69952,68761,69323,68904,68780,77638,76925,76388,76892,76483,66434,65675,65871,66373,65774
1174,1,1,16,76785,76343,75600,75573,76180,69495,68318,68864,68492,68332,77080,76351,75818,76308,75927,66002,65254,65440,65930,65335
1175,0,1,16,77374,76922,76157,76132,76756,69942,68767,69319,68949,68791,77647,76923,76396,76887,76503,66436,65700,65877,66378,65786
1176,1,1,16,76795,76358,75582,75552,76176,69477,68296,68859,68459,68325,77076,76339,75819,76295,75923,65984,65246,65434,65927,65317
1177,0,1,16,77388,76930,76152,76125,76763,69942,68763,69319,68931,68797,77657,76920,76399,76879,76498,66431,65695,65888,66381,65774
1178,1,1,16,76794,76365,75627,75559,76186,69485,68315,68875,68473,68338,77075,76347,75833,76305,75926,65988,65267,65425,65923,65328
1179,0,1,16,77381,76936,76187,76126,76772,69946,68777,69347,68952,68802,77664,76940,76419,76892,76506,66444,65717,65884,66389,65789
1180,1,1,16,76787,76362,75594,75564,76182,69484,68305,68865,68490,68343,77105,76348,75818,76306,75927,65985,65253,65428,65931,65321
1181,0,1,16,77385,76939,76160,76129,76766,69935,68762,69329,68951,68802,77669,76937,76403,76891,76502,66449,65712,65885,66401,65781
1182,1,1,16,76804,76365,75588,75563,76189,69478,68310,68866,68466,68332,77074,76352,75812,76303,75924,65977,65233,65430,65928,65309
1183,0,1,16,77370,76928,76156,76133,76766,69936,68771,69321,68927,68793,77642,76915,76389,76881,76490,66415,65671,65869,66370,65758
1184,1,1,16,76788,76341,75587,75558,76165,69472,68308,68863,68466,68325,77070,76331,75786,76299,75919,65965,65224,65414,65918,65312
1185,0,1,16,77383,76921,76160,76128,76750,69929,68768,69325,68954,68786,77644,76919,76374,76882,76489,66421,65676,65862,66381,65768
1186,1,1,16,76794,76364,75576,75545,76157,69468,68300,68860,68478,68312,77038,76330,75819,76294,75915,65971,65235,65409,65930,65307
1187,0,1,16,77359,76914,76138,76095,76758,69930,68750,69309,68921,68778,77614,76904,76390,76862,76479,66411,65662,65850,66378,65750
1188,1,1,16,76799,76348,75591,75563,76185,69476,68309,68855,68463,68317,77072,76327,75808,76290,75921,65967,65253,65422,65911,65309
1189,0,1,16,77377,76909,76151,76108,76744,69926,68755,69310,68909,68783,77638,76905,76384,76860,76474,66413,65677,65863,66354,65753
1190,1,1,16,76798,76356,75596,75560,76196,69488,68294,68867,68480,68322,77076,76350,75813,76294,75926,65976,65242,65430,65931,65325
1191,0,1,16,77387,76941,76167,76125,76771,69959,68765,69333,68948,68788,77639,76924,76401,76876,76500,66435,65703,65873,66385,65788
1192,1,1,16,76788,76339,75590,75545,76174,69484,68291,68847,68457,68313,77044,76337,75801,76285,75906,65963,65240,65411,65910,65304
1193,0,1,16,77385,76930,76156,76112,76758,69936,68767,69312,68928,68776,77630,76918,76379,76871,76489,66416,65702,65864,66367,65763
1194,1,1,16,76795,76342,75587,75561,76188,69469,68282,68847,68467,68322,77058,76333,75783,76297,75913,65959,65246,65421,65919,65309
1195,0,1,16,77367,76903,76148,76122,76750,69940,68747,69299,68919,68771,77629,76901,76358,76870,76474,66396,65686,65852,66365,65744
1196,1,1,16,76782,76373,75570,75574,76179,69499,68300,68864,68499,68334,77071,76345,75811,76308,75919,65986,65249,65401,65932,65307
1197,0,1,16,77387,76951,76145,76147,76773,69958,68764,69322,68956,68801,77640,76934,76403,76891,76501,66442,65707,65852,66402,65764
1198,1,1,16,76805,76368,75575,75564,76190,69493,68310,68858,68483,68341,77077,76338,75786,76306,75935,65979,65249,65419,65920,65314
1199,0,1,16,77375,76920,76139,76105,76755,69942,68757,69315,68929,68793,77638,76910,76361,76872,76480,66412,65689,65862,66353,65759
