rep,heat_enabled,transmitter_bit,transmitter_mask,ctrl_0_ro_0,ctrl_0_ro_1,ctrl_0_ro_2,ctrl_0_ro_3,ctrl_0_ro_4,ctrl_1_ro_0,ctrl_1_ro_1,ctrl_1_ro_2,ctrl_1_ro_3,ctrl_1_ro_4,ctrl_2_ro_0,ctrl_2_ro_1,ctrl_2_ro_2,ctrl_2_ro_3,ctrl_2_ro_4,ctrl_3_ro_0,ctrl_3_ro_1,ctrl_3_ro_2,ctrl_3_ro_3,ctrl_3_ro_4
0,1,0,24,863888,857318,847378,842933,852726,837217,841954,839712,835541,842081,820420,818574,814366,808130,802309,813805,807336,797526,804725,800538
1,0,0,24,868842,862253,852235,847756,857574,842053,846762,844472,840286,846992,824872,823141,818703,812629,806843,818306,811838,802007,809186,804957
2,1,0,24,864094,857434,847501,843239,852819,837458,842110,839897,835712,842339,820488,818820,814498,808256,802573,814010,807635,797779,804994,800728
3,0,0,24,868736,862206,852219,847826,857479,842139,846704,844540,840313,846995,824820,823079,818781,812501,806775,818377,811940,802020,809178,804964
4,1,0,24,864035,857599,847630,843201,852867,837627,842062,839968,835795,842346,820590,818759,814557,808326,802586,814321,807639,797911,804944,800772
5,0,0,24,868744,862262,852181,847682,857425,842215,846605,844438,840271,846884,824732,822987,818648,812528,806630,818424,811828,801936,809078,804869
6,1,0,24,864290,857858,847664,843251,852966,837742,842171,840038,835908,842376,820625,818997,814556,808419,802593,814370,807665,797954,805177,800823
7,0,0,24,868940,862666,852463,847889,857724,842505,846913,844733,840529,847011,825032,823335,818928,812733,806895,818701,812173,802139,809476,805056
8,1,0,24,864099,857783,847503,843131,852879,837694,842111,839965,835777,842267,820589,818886,814514,808314,802547,814332,807710,797796,805101,800704
9,0,0,24,868533,862057,851868,847432,857177,841913,846447,844233,840060,846590,824614,822877,818432,812301,806421,818243,811580,801796,809047,804549
10,1,0,24,864232,857613,847617,843225,852941,837615,842099,840064,835772,842357,820688,818973,814644,808389,802554,814245,807656,797915,805148,800730
11,0,0,24,868547,862045,852018,847489,857320,841996,846356,844380,840043,846625,824647,822891,818512,812318,806442,818125,811560,801802,808905,804631
12,1,0,24,863833,857339,847283,842967,852723,837402,841860,839832,835531,842077,820394,818781,814346,808204,802349,814004,807471,797669,804782,800556
13,0,0,24,868645,862168,852110,847579,857437,842116,846564,844527,840130,846784,824703,823047,818662,812544,806664,818349,811838,801877,809094,804856
14,1,0,24,864013,857481,847517,843075,852904,837649,842057,840062,835680,842235,820533,818804,814558,808396,802597,814086,807659,797803,805111,800720
15,0,0,24,868345,861767,851729,847251,857059,841876,846201,844227,839828,846449,824488,822624,818328,812318,806367,817874,811491,801578,808908,804534
16,1,0,24,864221,857792,847768,843281,853164,837887,842198,840213,835877,842485,820813,819016,814763,808716,802792,814353,807833,797991,805287,800963
17,0,0,24,868510,862129,852112,847521,857440,842234,846522,844445,840126,846797,824749,822899,818723,812603,806698,818244,811772,801899,809172,804783
18,1,0,24,864061,857617,847566,843172,852949,837732,842029,840037,835730,842345,820635,818847,814645,808457,802686,814194,807652,797944,805152,800759
19,0,0,24,868833,862297,852240,847749,857587,842303,846599,844629,840242,846926,824911,823058,818818,812761,806851,818499,811914,802093,809305,804852
20,1,0,24,864487,857851,847768,843389,853290,837939,842314,840369,836016,842574,820887,819078,814919,808779,802913,814569,807912,798146,805323,801023
21,0,0,24,868569,861964,851952,847512,857417,842065,846406,844367,840061,846679,824601,822803,818605,812479,806539,818247,811594,801826,809023,804663
22,1,0,24,864065,857512,847474,843144,853046,837726,841998,840039,835755,842333,820581,818890,814663,808474,802641,814239,807592,797938,805035,800736
23,0,0,24,868655,862122,852022,847612,857519,842179,846501,844431,840140,846807,824767,823014,818680,812657,806685,818398,811686,802012,809177,804803
24,1,0,24,863785,857350,847288,843007,852732,837490,841809,839721,835402,842089,820405,818651,814359,808245,802336,814008,807426,797696,804856,800501
25,0,0,24,868541,861990,851978,847619,857381,842141,846439,844330,839980,846695,824595,822899,818553,812356,806512,818211,811615,801932,809024,804675
26,1,0,24,864255,857572,847564,843225,852934,837673,842089,840025,835634,842375,820495,818897,814613,808389,802556,814258,807683,797946,804990,800729
27,0,0,24,868734,862272,852165,847636,857501,842220,846548,844483,840077,846850,824730,823010,818771,812583,806594,818348,811792,802093,809043,804761
28,1,0,24,864452,857891,847756,843462,853175,837926,842255,840224,835795,842529,820810,819077,814794,808704,802804,814396,807857,798217,805112,800856
29,0,0,24,868844,862171,852088,847679,857485,842240,846553,844496,840175,846850,824818,822993,818611,812702,806623,818367,811693,802025,809049,804784
30,1,0,24,864410,857865,847716,843437,853209,837940,842264,840240,835914,842545,820835,819078,814725,808758,802818,814451,807778,798143,805192,800959
31,0,0,24,868628,862225,852119,847738,857582,842319,846635,844586,840148,846861,824788,823009,818691,812690,806792,818463,811784,802097,809042,804855
32,1,0,24,864112,857626,847618,843235,853060,837712,842079,840144,835720,842244,820597,818865,814480,808422,802627,814270,807573,797981,804935,800730
33,0,0,24,868746,862309,852136,847642,857529,842228,846593,844555,840204,846685,824758,822909,818554,812570,806713,818424,811632,801964,809057,804723
34,1,0,24,864192,857596,847513,843139,852939,837669,842034,839986,835771,842182,820548,818861,814360,808393,802666,814223,807480,797877,804994,800666
35,0,0,24,868745,862053,852060,847601,857408,842192,846403,844335,840148,846730,824627,822875,818421,812515,806650,818350,811613,801910,809040,804635
36,1,0,24,864417,857663,847809,843433,853270,837917,842210,840248,835939,842527,820761,819011,814688,808621,802867,814475,807818,798119,805138,800851
37,0,0,24,868947,862193,852266,847761,857622,842337,846608,844623,840292,846855,824855,823017,818703,812692,806772,818482,811799,802118,809162,804738
38,1,0,24,864393,857681,847711,843419,853179,837924,842164,840159,835890,842356,820758,818974,814711,808553,802817,814432,807711,798063,805172,800759
39,0,0,24,868875,862336,852239,847785,857646,842347,846540,844621,840225,846832,824858,823068,818674,812597,806739,818500,811746,801990,809129,804829
40,1,0,24,864059,857513,847475,843078,852853,837583,841865,839909,835556,842031,820463,818719,814414,808323,802491,814126,807430,797723,804881,800524
41,0,0,24,868792,862387,852244,847855,857651,842374,846658,844716,840290,846816,824828,823157,818724,812739,806771,818474,811854,802065,809212,804770
42,1,0,24,864250,857833,847816,843418,853191,837896,842147,840271,835879,842298,820659,819053,814701,808602,802722,814349,807756,798026,805203,800829
43,0,0,24,868668,862323,852203,847689,857544,842281,846480,844548,840190,846648,824747,823055,818664,812559,806657,818342,811766,801971,809169,804701
44,1,0,24,864083,857632,847565,843177,852916,837749,841956,840089,835677,842101,820527,818888,814475,808394,802585,814269,807559,797874,804948,800607
45,0,0,24,868832,862460,852383,847876,857638,842461,846656,844709,840292,846792,824964,823219,818797,812674,806894,818636,811911,802178,809147,804894
46,1,0,24,864104,857579,847445,843279,852903,837679,841963,839982,835641,842036,820614,818872,814449,808339,802539,814231,807597,797884,804972,800619
47,0,0,24,868478,862095,851878,847557,857398,842005,846333,844359,839950,846461,824649,822873,818433,812405,806507,818154,811636,801848,808974,804494
48,1,0,24,864297,857723,847642,843385,853036,837795,842080,840167,835792,842246,820764,819047,814690,808431,802746,814309,807832,798014,805130,800832
49,0,0,24,868906,862304,852254,847833,857573,842357,846605,844573,840277,846860,824870,823121,818671,812593,806828,818532,811880,802109,809196,804809
50,1,0,24,864034,857467,847402,843167,852766,837628,841784,839922,835583,842090,820448,818798,814399,808144,802504,814099,807551,797783,804942,800558
51,0,0,24,869001,862468,852344,847898,857626,842411,846613,844800,840309,846903,824997,823187,818681,812675,806947,818508,812019,802210,809289,804881
52,1,0,24,864069,857487,847470,843110,852806,837564,841809,840036,835582,842119,820494,818730,814327,808226,802540,814115,807637,797777,804898,800492
53,0,0,24,868679,862214,852138,847714,857476,842194,846403,844520,840147,846700,824673,822961,818482,812574,806681,818389,811842,801978,809118,804711
54,1,0,24,864117,857555,847590,843273,852908,837682,841938,840016,835671,842138,820537,818749,814380,808424,802685,814385,807566,797930,805011,800617
55,0,0,24,868937,862383,852351,847916,857668,842460,846705,844798,840424,846923,824895,823151,818770,812756,807018,818752,812011,802259,809260,804919
56,1,0,24,863843,857269,847302,842980,852624,837498,841759,839782,835453,841969,820248,818501,814253,808178,802403,814186,807466,797740,804804,800490
57,0,0,24,869035,862474,852482,847991,857698,842536,846773,844761,840500,847000,824874,823185,818776,812862,806946,818822,812069,802378,809398,805057
58,1,0,24,864209,857647,847631,843254,852882,837755,841977,839972,835821,842203,820418,818758,814409,808464,802642,814354,807577,798040,805031,800674
59,0,0,24,868986,862532,852406,847943,857735,842550,846730,844562,840436,846937,824855,823109,818696,812828,806990,818745,811909,802261,809303,804914
60,1,0,24,863966,857559,847516,843194,852904,837689,841875,839782,835567,842065,820378,818714,814295,808314,802605,814246,807577,797833,804995,800580
61,0,0,24,868691,862248,852125,847738,857551,842290,846505,844402,840198,846753,824614,822967,818437,812472,806761,818422,811779,802027,809154,804714
62,1,0,24,864110,857676,847578,843277,853052,837755,841968,839963,835768,842263,820481,818854,814410,808301,802693,814356,807698,797863,805105,800703
63,0,0,24,868730,862336,852182,847733,857596,842326,846434,844501,840174,846808,824623,823035,818582,812497,806773,818434,811873,802046,809196,804717
64,1,0,24,864156,857727,847626,843299,853072,837743,842000,839996,835665,842216,820437,818925,814472,808372,802639,814379,807765,798022,805107,800709
65,0,0,24,868842,862399,852271,847889,857694,842337,846576,844529,840280,846895,824791,823110,818688,812606,806825,818462,811973,802136,809251,804845
66,1,0,24,864111,857675,847619,843236,852965,837668,841975,839810,835762,842247,820505,818902,814522,808357,802634,814270,807639,797843,805055,800667
67,0,0,24,868674,862286,852102,847772,857515,842194,846559,844398,840175,846759,824724,822979,818686,812509,806676,818446,811756,802048,809112,804724
68,1,0,24,863956,857520,847440,843179,852899,837534,841932,839761,835615,842105,820403,818678,814435,808228,802506,814182,807514,797870,804988,800575
69,0,0,24,868640,862168,852105,847654,857442,842191,846447,844392,840103,846683,824683,822864,818574,812380,806625,818478,811648,802043,809106,804748
70,1,0,24,864272,857892,847841,843486,853248,837984,842258,840175,835968,842460,820762,819056,814756,808542,802812,814549,807814,798171,805293,800930
71,0,0,24,868541,862243,852230,847729,857544,842220,846532,844368,840203,846669,824661,823031,818661,812474,806723,818364,811650,801937,809086,804727
72,1,0,24,863861,857444,847336,843022,852785,837497,841803,839614,835524,841989,820269,818720,814384,808062,802514,814091,807375,797706,804887,800492
73,0,0,24,868512,862164,852026,847574,857378,842118,846450,844252,840051,846610,824500,822883,818471,812327,806676,818198,811559,801822,809038,804618
74,1,0,24,863898,857546,847501,843243,852938,837645,841969,839844,835641,842173,820416,818761,814363,808250,802649,814120,807510,797763,805062,800588
75,0,0,24,868562,862272,852097,847747,857493,842137,846500,844460,840142,846735,824686,822976,818552,812415,806758,818455,811741,801909,809237,804729
76,1,0,24,864070,857723,847684,843313,853124,837746,842113,840156,835805,842377,820612,818941,814626,808320,802726,814407,807687,797898,805232,800714
77,0,0,24,868847,862476,852537,848049,857877,842487,846897,844883,840528,847192,825067,823283,818915,812743,807053,818758,812053,802194,809440,805036
78,1,0,24,864033,857522,847511,843115,852884,837604,842011,839950,835643,842205,820470,818732,814449,808289,802615,814179,807562,797779,804883,800627
79,0,0,24,868631,862124,852061,847596,857393,842177,846526,844406,840095,846733,824696,822898,818586,812367,806705,818360,811647,801854,809041,804657
80,1,0,24,864143,857588,847572,843221,853002,837701,842099,840042,835694,842214,820653,818809,814589,808326,802667,814272,807711,797934,805056,800735
81,0,0,24,868502,862086,852028,847493,857392,842046,846457,844311,840021,846623,824626,822796,818545,812324,806651,818302,811697,801858,808978,804514
82,1,0,24,864209,857750,847718,843354,853251,837803,842202,840139,835892,842419,820746,819050,814723,808480,802863,814430,807943,798060,805159,800797
83,0,0,24,868630,862088,852183,847702,857656,842203,846576,844444,840229,846820,824758,823072,818704,812419,806799,818447,811867,801959,809109,804722
84,1,0,24,864301,857660,847779,843386,853278,837815,842307,840183,835936,842385,820729,818984,814787,808526,802843,814495,807814,797986,805251,800834
85,0,0,24,869046,862513,852609,848013,857946,842539,847043,844875,840588,847136,825111,823254,819035,812782,807138,818778,812115,802332,809481,805059
86,1,0,24,864026,857419,847524,843104,852987,837557,842059,839974,835670,842121,820479,818810,814611,808169,802671,814230,807665,797887,804962,800623
87,0,0,24,868934,862441,852544,847953,857850,842440,846835,844815,840455,847006,824996,823352,819104,812763,807044,818765,812148,802263,809357,805003
88,1,0,24,863973,857378,847539,843096,852774,837556,841836,839932,835556,841946,820348,818766,814510,808148,802490,814128,807492,797744,804816,800481
89,0,0,24,868806,862113,852247,847743,857483,842212,846523,844506,840259,846754,824644,823074,818786,812566,806771,818461,811754,802013,809029,804705
90,1,0,24,863908,857344,847305,842987,852680,837449,841749,839737,835569,841909,820238,818634,814358,808209,802373,814007,807468,797643,804697,800351
91,0,0,24,868574,862074,852020,847603,857372,842116,846338,844352,840115,846520,824502,822918,818443,812466,806563,818324,811640,801840,808971,804527
92,1,0,24,864156,857475,847525,843244,852916,837671,841960,839887,835673,842153,820326,818800,814486,808351,802498,814302,807542,797812,804942,800619
93,0,0,24,868982,862310,852300,847917,857603,842441,846664,844640,840394,846895,824806,823206,818869,812733,806894,818570,811894,802051,809222,804837
94,1,0,24,864135,857385,847459,843167,852831,837664,841869,839899,835714,842109,820343,818858,814532,808300,802584,814109,807538,797703,804981,800544
95,0,0,24,868975,862422,852368,848003,857696,842484,846730,844748,840564,847051,824923,823308,819058,812772,806960,818684,812059,802147,809291,804988
96,1,0,24,864216,857527,847726,843393,853016,837728,842037,840066,835858,842265,820594,819006,814761,808413,802749,814308,807729,797780,805088,800684
97,0,0,24,868931,862311,852422,847953,857718,842440,846761,844796,840485,846903,824856,823190,819023,812739,806912,818540,811959,802104,809266,804865
98,1,0,24,864391,857613,847828,843361,853099,837777,842193,840258,835991,842394,820625,819096,814777,808566,802771,814396,807810,797967,805149,800781
99,0,0,24,868906,862239,852404,847812,857530,842307,846624,844697,840421,846867,824793,823142,818825,812646,806853,818479,811903,802003,809160,804731
100,1,0,24,864239,857642,847808,843410,853130,837792,842123,840247,835952,842382,820658,818968,814748,808502,802809,814369,807845,798024,805136,800716
101,0,0,24,868716,862258,852206,847793,857475,842214,846450,844574,840264,846721,824691,822973,818603,812529,806757,818376,811802,801959,809056,804627
102,1,0,24,864024,857604,847540,843176,852881,837595,841867,839964,835730,842111,820460,818725,814491,808252,802588,814210,807542,797814,804904,800525
103,0,0,24,868723,862222,852176,847709,857581,842283,846501,844557,840208,846650,824689,822882,818649,812502,806740,818357,811768,801978,809024,804573
104,1,0,24,863958,857386,847361,843097,852871,837616,841805,839874,835539,841965,820317,818636,814354,808145,802418,814059,807435,797717,804810,800367
105,0,0,24,868625,861991,852110,847609,857504,842246,846421,844514,840156,846660,824606,822895,818579,812360,806610,818410,811695,801954,809034,804567
106,1,0,24,864317,857678,847777,843433,853230,837945,842173,840246,835992,842371,820696,819038,814709,808444,802782,814457,807869,798081,805318,800779
107,0,0,24,868640,862218,852100,847694,857535,842270,846480,844472,840277,846679,824698,822962,818622,812477,806692,818459,811838,801868,809133,804665
108,1,0,24,864257,857792,847720,843342,853093,837860,842111,840138,835877,842280,820621,818919,814705,808460,802744,814463,807800,797854,805246,800679
109,0,0,24,869032,862543,852446,848041,857854,842590,846822,844786,840521,846982,824982,823284,818977,812895,806891,818751,812083,802166,809456,804966
110,1,0,24,863944,857451,847364,843040,852792,837552,841858,839790,835585,841952,820354,818601,814401,808265,802468,814059,807419,797677,804810,800499
111,0,0,24,868737,862293,852202,847767,857573,842367,846580,844545,840204,846793,824808,822960,818807,812690,806759,818355,811862,802043,809182,804770
112,1,0,24,864390,857963,847953,843524,853310,838090,842323,840267,836016,842498,820786,819044,814806,808782,802958,814436,807986,798149,805310,800956
113,0,0,24,868605,862194,852207,847722,857510,842233,846501,844495,840221,846711,824711,822913,818594,812624,806781,818282,811930,801869,809146,804716
114,1,0,24,863909,857407,847360,843025,852759,837498,841792,839862,835506,842038,820282,818597,814258,808167,802426,813922,807513,797562,804852,800455
115,0,0,24,868939,862404,852251,847905,857609,842351,846620,844689,840314,846972,824839,823047,818727,812643,806799,818489,811942,801915,809240,804827
116,1,0,24,864394,857794,847799,843502,853229,837857,842198,840314,835828,842529,820755,818946,814668,808576,802844,814368,807840,797960,805204,800921
117,0,0,24,868847,862425,852307,847921,857644,842391,846678,844773,840313,846988,824903,823076,818757,812617,806912,818561,811926,802065,809267,804986
118,1,0,24,864096,857545,847602,843259,852941,837657,842024,840117,835691,842279,820535,818787,814475,808327,802576,814200,807644,797880,805000,800682
119,0,0,24,868688,862182,852168,847718,857502,842146,846570,844533,840114,846827,824689,822951,818473,812551,806678,818395,811751,801934,809113,804710
120,1,0,24,864367,857739,847872,843503,853212,837877,842359,840352,835923,842546,820802,819038,814647,808658,802903,814493,807955,798151,805232,800968
121,0,0,24,868796,862297,852291,847841,857674,842254,846701,844728,840247,846959,824922,823169,818669,812669,806881,818560,812015,802092,809267,804925
122,1,0,24,864146,857577,847582,843220,853002,837525,842000,840041,835645,842251,820466,818854,814343,808249,802624,814134,807672,797814,805022,800664
123,0,0,24,868863,862240,852174,847755,857523,842129,846542,844420,840179,846828,824694,822972,818484,812519,806667,818317,811797,801884,809125,804738
124,1,0,24,864491,857790,847910,843552,853308,837889,842320,840211,835956,842602,820830,819106,814721,808569,802918,814459,807962,798080,805377,800990
125,0,0,24,868805,862270,852207,847739,857718,842281,846605,844569,840277,846828,824731,823116,818566,812511,806761,818439,811917,801997,809284,804851
126,1,0,24,863833,857381,847373,843031,852844,837430,841788,839777,835520,842067,820288,818710,814250,808113,802441,813990,807542,797620,804883,800535
127,0,0,24,868986,862401,852494,847964,857889,842487,846738,844714,840469,847053,824947,823186,818888,812807,806943,818595,812123,802236,809449,805009
128,1,0,24,864120,857446,847612,843244,853104,837702,841959,839968,835776,842273,820486,818815,814533,808356,802602,814372,807712,797860,805087,800770
129,0,0,24,868800,862198,852317,847867,857585,842295,846604,844583,840298,846906,824845,823125,818769,812630,806806,818681,811942,802076,809329,804922
130,1,0,24,864368,857760,847922,843428,853097,837905,842193,840135,835931,842470,820776,819053,814731,808569,802796,814588,807948,798130,805329,801006
131,0,0,24,868804,862317,852345,847781,857580,842296,846572,844600,840285,846876,824791,823012,818743,812587,806734,818644,811894,802147,809251,804867
132,1,0,24,864207,857688,847714,843245,853111,837768,841991,840096,835802,842364,820562,818825,814592,808339,802645,814381,807734,797934,805036,800749
133,0,0,24,869012,862377,852439,847974,857815,842456,846660,844787,840380,847115,824948,823174,818853,812735,806865,818657,812020,802215,809327,804967
134,1,0,24,864149,857512,847575,843282,853048,837634,841930,840062,835678,842349,820480,818778,814501,808271,802566,814307,807686,797867,805017,800687
135,0,0,24,868687,862178,852218,847838,857659,842233,846464,844527,840267,846815,824642,823053,818607,812336,806700,818368,811832,802064,809091,804769
136,1,0,24,864036,857503,847596,843277,853080,837668,841890,840140,835698,842212,820419,818826,814485,808246,802566,814254,807658,797916,805062,800706
137,0,0,24,868764,862233,852242,847826,857771,842288,846504,844615,840251,846777,824729,822948,818681,812533,806655,818447,811911,802097,809221,804792
138,1,0,24,864474,857611,847743,843443,853364,837856,842124,840243,835894,842373,820641,818934,814680,808500,802701,814275,807851,798000,805243,800860
139,0,0,24,868866,862166,852258,847809,857800,842290,846525,844560,840223,846835,824750,823087,818629,812551,806775,818385,811969,802038,809201,804786
140,1,0,24,864089,857482,847507,843162,852917,837640,841830,839876,835605,842094,820285,818751,814448,808217,802462,814113,807611,797726,804982,800579
141,0,0,24,868923,862451,852443,847910,857753,842480,846641,844655,840350,846962,824761,823096,818899,812684,806814,818651,812021,802109,809384,804998
142,1,0,24,864097,857493,847538,843213,853000,837719,841946,840025,835611,842225,820324,818658,814585,808405,802520,814222,807678,797803,805010,800696
143,0,0,24,868857,862319,852400,847820,857722,842369,846611,844520,840232,846913,824753,823046,818775,812682,806692,818375,811993,802092,809253,804831
144,1,0,24,864115,857593,847596,843183,853074,837703,841807,840007,835636,842214,820448,818775,814553,808355,802461,814033,807606,797837,804969,800610
145,0,0,24,868740,862153,852185,847761,857612,842279,846371,844615,840130,846763,824690,822976,818701,812617,806607,818337,811788,802054,809243,804790
146,1,0,24,864103,857528,847690,843244,853054,837756,841835,840079,835707,842172,820508,818822,814493,808419,802619,814144,807678,797997,805100,800756
147,0,0,24,868726,862114,852323,847722,857626,842243,846348,844492,840198,846759,824661,822944,818589,812505,806709,818315,811768,801992,809109,804802
148,1,0,24,864281,857595,847882,843379,853162,837868,841999,840263,835876,842368,820622,818877,814616,808528,802763,814339,807753,797985,805184,800852
149,0,0,24,868677,862128,852324,847765,857603,842290,846416,844620,840136,846816,824690,822907,818592,812494,806642,818337,811828,802050,809217,804814
150,1,0,24,864160,857677,847821,843401,853197,837798,842033,840248,835787,842393,820604,818882,814617,808540,802684,814237,807776,797983,805221,800832
151,0,0,24,868712,862276,852402,847866,857661,842341,846577,844760,840286,846913,824811,822991,818673,812704,806715,818457,811886,802058,809322,804844
152,1,0,24,863947,857325,847482,843100,852861,837532,841774,840053,835561,842065,820341,818609,814273,808312,802370,814092,807453,797736,804985,800579
153,0,0,24,868585,862118,852275,847721,857593,842270,846458,844659,840203,846769,824701,822879,818562,812560,806604,818370,811808,801932,809273,804840
154,1,0,24,863977,857573,847644,843305,853058,837753,841973,840157,835691,842283,820464,818695,814432,808364,802478,814276,807717,797937,805055,800693
155,0,0,24,868876,862415,852489,847977,857866,842501,846691,844893,840415,847070,824925,823099,818729,812768,806788,818600,811986,802255,809372,804894
156,1,0,24,863895,857323,847507,843160,852816,837543,841754,839976,835536,842200,820359,818584,814285,808271,802351,814112,807448,797762,804844,800482
157,0,0,24,868671,862192,852346,847887,857637,842373,846536,844739,840279,846976,824856,823083,818733,812646,806713,818458,811895,802102,809272,804860
158,1,0,24,864079,857552,847763,843401,853116,837879,842063,840234,835815,842519,820672,818838,814617,808411,802611,814256,807730,798058,805118,800798
159,0,0,24,868601,862101,852251,847830,857488,842232,846455,844638,840142,846870,824748,822884,818571,812554,806562,818308,811707,801939,809106,804750
160,1,0,24,864153,857596,847753,843284,853033,837794,842036,840082,835692,842432,820587,818827,814603,808441,802544,814222,807632,797980,804989,800733
161,0,0,24,868706,862159,852246,847782,857626,842367,846584,844666,840182,846925,824767,823011,818645,812599,806675,818429,811854,802126,809212,804801
162,1,0,24,864066,857510,847614,843221,852982,837726,841868,839948,835577,842197,820395,818756,814437,808379,802507,814201,807599,797772,804988,800639
163,0,0,24,868733,862167,852271,847780,857629,842314,846458,844477,840123,846830,824596,823018,818583,812644,806700,818393,811852,801968,809195,804769
164,1,0,24,864251,857740,847904,843457,853345,837954,842078,840142,835869,842556,820579,818973,814576,808652,802798,814383,807912,798053,805297,800889
165,0,0,24,868920,862456,852465,847902,857767,842510,846603,844669,840288,847033,824791,823101,818768,812824,806919,818470,812001,802159,809391,804947
166,1,0,24,864283,857742,847901,843470,853212,838000,842131,840278,835844,842569,820686,818926,814651,808612,802881,814428,807842,798137,805326,800988
167,0,0,24,868704,862189,852264,847777,857583,842316,846476,844548,840216,846929,824659,822837,818512,812575,806732,818300,811774,801992,809136,804808
168,1,0,24,863919,857362,847470,843027,852916,837559,841732,839828,835529,842130,820319,818538,814276,808207,802368,813994,807544,797753,804807,800513
169,0,0,24,868545,861970,852005,847490,857484,842117,846252,844349,840048,846706,824439,822678,818392,812335,806482,818235,811621,801827,808903,804564
170,1,0,24,863856,857369,847452,842970,852809,837509,841596,839729,835500,842122,820237,818510,814196,808106,802365,813961,807481,797668,804822,800414
171,0,0,24,868763,862369,852414,847758,857658,842342,846548,844715,840287,847056,824761,822955,818603,812664,806760,818446,811964,802130,809227,804806
172,1,0,24,864136,857734,847885,843395,853257,837833,842030,840299,835868,842572,820611,818905,814486,808540,802745,814472,807826,798180,805213,800849
173,0,0,24,868750,862451,852396,847855,857739,842348,846512,844715,840341,846998,824810,823060,818521,812619,806815,818487,811943,802094,809268,804840
174,1,0,24,864205,857933,847856,843397,853257,837813,842015,840224,835886,842468,820643,818863,814531,808413,802682,814353,807843,798075,805111,800742
175,0,0,24,868481,862245,852131,847624,857499,842115,846248,844430,840027,846766,824643,822709,818519,812308,806482,818131,811666,801917,808934,804515
176,1,0,24,864196,857770,847862,843329,853171,837827,841983,840190,835804,842540,820586,818860,814593,808381,802607,814334,807749,798048,805095,800742
177,0,0,24,868816,862542,852462,847927,857857,842423,846585,844682,840323,847092,824803,823212,818800,812559,806705,818630,812001,802160,809261,804836
178,1,0,24,863893,857516,847535,843117,852902,837637,841748,839959,835517,842230,820369,818674,814408,808140,802340,814124,807543,797695,804845,800436
179,0,0,24,868772,862545,852561,848056,857882,842581,846746,844921,840468,847187,824980,823286,818917,812780,806878,818713,812152,802244,809341,804909
180,1,0,24,863933,857516,847651,843249,852980,837683,841854,840070,835610,842254,820432,818718,814438,808260,802486,814272,807498,797740,804941,800548
181,0,0,24,868774,862514,852440,847907,857803,842522,846636,844889,840346,847095,824920,823125,818775,812709,806847,818664,811877,802055,809344,804871
182,1,0,24,864161,857732,847767,843384,853116,837850,842030,840191,835747,842460,820607,818838,814527,808342,802677,814316,807679,797882,805095,800668
183,0,0,24,868836,862446,852388,847904,857696,842425,846568,844715,840345,847040,824896,823046,818684,812599,806797,818492,811846,802058,809205,804852
184,1,0,24,863998,857729,847649,843247,853099,837759,841939,840144,835644,842406,820514,818775,814512,808316,802614,814179,807647,797838,805036,800645
185,0,0,24,868821,862475,852387,847968,857810,842460,846611,844777,840395,847091,824850,823073,818723,812589,806788,818453,812004,802131,809252,804825
186,1,0,24,864204,857878,847838,843465,853270,837956,842093,840288,835891,842568,820622,818883,814604,808475,802679,814310,807912,798097,805166,800713
187,0,0,24,868558,862320,852253,847845,857672,842307,846502,844595,840230,846962,824694,822889,818628,812540,806687,818360,811954,802061,809206,804667
188,1,0,24,864105,857784,847739,843440,853208,837859,842086,840132,835839,842504,820658,818834,814690,808509,802625,814232,807871,798125,805204,800693
189,0,0,24,868504,862342,852156,847762,857607,842319,846434,844540,840222,846900,824704,822884,818543,812520,806615,818267,811876,802107,809149,804613
190,1,0,24,863983,857750,847624,843245,853114,837784,841964,840163,835726,842441,820517,818725,814485,808311,802597,814194,807767,798026,805051,800651
191,0,0,24,868888,862668,852437,847960,857911,842561,846725,844828,840533,847216,825000,823109,818812,812712,806839,818504,812199,802343,809433,804908
192,1,0,24,863824,857415,847381,842994,852879,837562,841736,839883,835485,842187,820255,818512,814161,808050,802370,813965,807523,797815,804773,800397
193,0,0,24,868601,862174,852162,847579,857542,842234,846385,844434,840079,846794,824629,822801,818454,812417,806603,818289,811840,802009,808991,804535
194,1,0,24,863985,857595,847565,843190,853049,837675,841858,839857,835629,842281,820435,818639,814348,808240,802483,814140,807676,797972,804931,800486
195,0,0,24,868792,862303,852345,847823,857714,842342,846501,844481,840282,846960,824776,822977,818700,812677,806696,818470,811972,802179,809092,804674
196,1,0,24,863994,857373,847441,842992,852868,837500,841721,839724,835513,842161,820324,818514,814314,808241,802363,814141,807506,797784,804752,800311
197,0,0,24,868787,862232,852161,847674,857629,842311,846341,844431,840202,846826,824692,822856,818625,812623,806615,818377,811940,801993,809067,804557
198,1,0,24,863925,857323,847346,842998,852859,837529,841604,839711,835517,842014,820287,818570,814328,808210,802344,814081,807625,797682,804850,800266
199,0,0,24,868960,862438,852547,848031,857884,842579,846702,844788,840490,847142,825012,823212,818885,812835,806935,818668,812249,802315,809399,804851
200,1,0,24,864033,857442,847601,843223,852968,837647,841789,839942,835698,842280,820509,818725,814496,808252,802574,814259,807817,797929,805019,800496
201,0,0,24,868644,862056,852097,847757,857554,842180,846285,844434,840165,846779,824684,822882,818662,812379,806672,818349,811970,802015,809111,804493
202,1,0,24,864097,857460,847489,843257,852970,837550,841700,839925,835631,842113,820400,818688,814413,808180,802565,814151,807768,797866,804898,800453
203,0,0,24,868928,862401,852419,847918,857744,842422,846485,844666,840399,846939,824776,823122,818786,812638,806888,818566,812127,802188,809300,804776
204,1,0,24,864190,857620,847743,843353,853050,837730,841888,840072,835738,842320,820488,818863,814567,808394,802686,814255,807820,797955,805066,800588
205,0,0,24,869018,862397,852473,848033,857853,842505,846610,844746,840466,847030,824872,823218,818856,812719,806916,818534,812147,802269,809335,804874
206,1,0,24,864081,857476,847692,843316,853083,837748,841866,840001,835785,842295,820442,818806,814533,808339,802619,814194,807790,797970,804994,800545
207,0,0,24,868678,862132,852282,847678,857597,842194,846461,844519,840183,846826,824675,822968,818598,812516,806706,818409,811912,802013,809058,804591
208,1,0,24,863993,857437,847709,843206,853042,837697,841914,840009,835714,842295,820443,818773,814496,808277,802576,814237,807739,797908,804956,800523
209,0,0,24,868631,862163,852390,847843,857722,842295,846537,844575,840320,846912,824702,822989,818720,812515,806735,818452,811970,802118,809167,804710
210,1,0,24,863890,857304,847569,843211,852969,837585,841863,840011,835689,842288,820329,818705,814504,808270,802495,814108,807658,797825,804901,800501
211,0,0,24,868670,862265,852388,847950,857674,842358,846679,844687,840332,846982,824792,823085,818873,812650,806772,818554,811972,802152,809206,804739
212,1,0,24,864142,857730,847832,843404,853238,837862,842237,840273,835901,842465,820656,818902,814803,808509,802685,814404,807884,798071,805157,800739
213,0,0,24,868557,862307,852283,847770,857542,842257,846604,844537,840201,846896,824624,822946,818734,812549,806636,818388,811867,802033,809136,804607
214,1,0,24,864051,857696,847672,843335,853096,837735,842001,840122,835774,842407,820481,818766,814616,808319,802574,814282,807790,797956,805019,800576
215,0,0,24,868627,862337,852213,847804,857700,842252,846522,844563,840254,846878,824631,822890,818698,812468,806744,818387,811928,802051,809010,804559
216,1,0,24,864103,857884,847724,843408,853236,837829,842134,840141,835950,842561,820554,818901,814753,808454,802837,814368,807892,798168,805150,800683
217,0,0,24,868476,862202,852109,847622,857550,842131,846368,844307,840066,846767,824534,822797,818543,812327,806536,818255,811769,801967,809003,804546
218,1,0,24,863901,857518,847536,843133,853017,837576,841821,839827,835600,842263,820275,818545,814395,808200,802377,814114,807658,797828,804942,800486
219,0,0,24,868525,862044,852174,847602,857579,842132,846379,844374,840131,846807,824538,822743,818565,812419,806497,818326,811825,801931,809002,804521
220,1,0,24,864013,857544,847588,843188,853091,837612,841821,839988,835697,842355,820442,818667,814488,808228,802456,814188,807768,797931,804963,800479
221,0,0,24,868809,862494,852450,847986,857863,842406,846653,844691,840382,847114,824881,823164,818805,812744,806818,818678,812138,802316,809275,804841
222,1,0,24,863983,857595,847672,843310,853065,837619,841950,839979,835668,842293,820431,818776,814462,808447,802527,814355,807748,797866,804951,800518
223,0,0,24,868697,862361,852370,847868,857688,842380,846586,844611,840260,847056,824715,823077,818698,812739,806815,818611,812022,802118,809124,804699
224,1,0,24,863955,857637,847643,843128,853070,837647,841939,839905,835613,842328,820354,818761,814518,808432,802541,814271,807800,797948,804898,800465
225,0,0,24,868642,862341,852287,847712,857650,842300,846511,844589,840216,846892,824676,822983,818623,812631,806702,818551,811992,802109,809022,804600
226,1,0,24,864005,857768,847680,843271,853096,837735,841985,840110,835703,842315,820443,818743,814521,808441,802570,814228,807819,797959,804958,800540
227,0,0,24,868806,862647,852481,848066,857882,842618,846840,844926,840448,847145,824944,823205,818826,812826,806870,818568,812173,802286,809400,804848
228,1,0,24,864052,857721,847625,843292,853069,837779,842001,840066,835768,842379,820526,818826,814554,808436,802606,814085,807787,797923,804968,800506
229,0,0,24,868912,862702,852528,848046,857897,842581,846794,844787,840498,847132,824996,823259,818990,812865,807019,818707,812174,802327,809402,804910
230,1,0,24,864194,857852,847758,843399,853148,837864,842096,840146,835769,842388,820587,818822,814675,808469,802689,814485,807899,798097,805103,800713
231,0,0,24,868627,862266,852141,847708,857634,842240,846462,844481,840091,846760,824712,822827,818602,812432,806639,818461,811824,801971,809023,804655
232,1,0,24,863759,857442,847304,842978,852854,837457,841753,839841,835433,842062,820316,818493,814349,808017,802308,813926,807514,797690,804777,800358
233,0,0,24,868617,862257,852240,847739,857673,842347,846508,844515,840201,846878,824680,822900,818740,812494,806651,818359,811951,801982,809165,804626
234,1,0,24,863865,857573,847602,843158,853024,837735,841945,839973,835652,842204,820398,818676,814585,808293,802487,814165,807653,797830,804991,800545
235,0,0,24,868741,862506,852551,847899,857945,842588,846843,844805,840454,847050,825021,823077,818952,812715,806879,818573,812062,802234,809392,804917
236,1,0,24,863931,857590,847547,843108,853038,837762,841968,839952,835627,842262,820539,818696,814480,808287,802453,814185,807598,797895,804980,800501
237,0,0,24,868588,862338,852230,847711,857629,842447,846626,844514,840186,846922,824881,822949,818677,812561,806693,818421,811920,802077,809101,804595
238,1,0,24,863945,857543,847544,843191,853043,837859,842024,839962,835647,842356,820622,818744,814533,808411,802566,814205,807665,797886,804986,800494
239,0,0,24,868692,862337,852396,847825,857818,842575,846744,844653,840324,847162,824914,823112,818848,812818,806905,818506,812058,802282,809314,804802
240,1,0,24,863938,857539,847561,843209,853143,837808,842017,839999,835664,842433,820510,818726,814557,808430,802585,814205,807767,797961,805109,800595
241,0,0,24,868819,862469,852445,847943,857854,842559,846853,844712,840306,847213,824927,823128,818946,812911,806915,818598,812121,802254,809450,804887
242,1,0,24,864044,857663,847700,843335,853108,837771,842122,840095,835657,842486,820535,818871,814675,808556,802659,814272,807777,797988,805082,800714
243,0,0,24,868771,862396,852404,847946,857790,842446,846665,844675,840261,847082,824847,823109,818864,812784,806843,818663,812057,802308,809276,804880
244,1,0,24,864092,857727,847716,843458,853075,837816,842073,840085,835668,842470,820594,818782,814648,808436,802621,814427,807770,798103,805015,800778
245,0,0,24,868565,862289,852244,847775,857649,842320,846487,844581,840123,847008,824769,822969,818780,812504,806675,818533,811984,802108,809089,804785
246,1,0,24,863748,857370,847324,843001,852774,837454,841570,839832,835420,842021,820193,818393,814347,808013,802217,814087,807447,797627,804764,800379
247,0,0,24,868693,862278,852318,847776,857649,842292,846520,844578,840202,846856,824766,822868,818740,812489,806659,818538,811895,802106,809187,804770
248,1,0,24,864045,857665,847747,843308,853084,837768,842020,840055,835742,842464,820525,818694,814692,808371,802601,814419,807711,798018,805103,800712
249,0,0,24,868653,862129,852229,847707,857490,842257,846475,844469,840122,846887,824623,822786,818758,812434,806630,818363,811656,801976,809124,804622
250,1,0,24,864103,857556,847645,843190,853020,837759,841988,840020,835754,842379,820472,818634,814586,808315,802556,814295,807603,797896,805039,800660
251,0,0,24,868734,862182,852224,847722,857652,842317,846492,844536,840252,846872,824735,822890,818789,812500,806675,818467,811766,802039,809209,804645
252,1,0,24,863978,857437,847518,843117,852919,837626,841802,839918,835607,842183,820379,818593,814583,808125,802519,814148,807475,797824,804863,800458
253,0,0,24,868748,862160,852296,847683,857615,842324,846399,844506,840214,846787,824679,822789,818795,812544,806725,818394,811814,802034,809168,804660
254,1,0,24,864429,857744,847922,843411,853309,838006,842091,840138,835907,842442,820674,818806,814840,808540,802816,814428,807825,798050,805316,800790
255,0,0,24,868680,862154,852137,847651,857497,842264,846373,844487,840081,846685,824608,822726,818669,812308,806618,818268,811648,801985,809117,804639
256,1,0,24,864155,857517,847589,843212,852878,837708,841841,839982,835628,842237,820456,818640,814630,808263,802569,814105,807585,797942,805026,800653
257,0,0,24,868913,862372,852370,847789,857629,842429,846565,844663,840210,846886,824762,822977,818873,812714,806830,818465,811896,802179,809193,804903
258,1,0,24,864304,857681,847728,843334,852917,837839,842011,840185,835747,842289,820487,818685,814781,808479,802684,814211,807669,798015,805074,800713
259,0,0,24,868702,862234,852311,847864,857610,842388,846564,844593,840243,846880,824752,822850,818854,812628,806778,818351,811939,802085,809200,804860
260,1,0,24,864174,857518,847740,843378,852997,837821,842019,840037,835701,842267,820545,818717,814737,808441,802682,814221,807695,798008,805042,800812
261,0,0,24,868775,862226,852344,847894,857666,842392,846590,844632,840241,846853,824796,823001,818899,812714,806917,818343,811953,802149,809272,804865
262,1,0,24,864124,857652,847712,843294,853113,837842,842029,840167,835722,842238,820537,818726,814802,808516,802699,814195,807740,797994,805113,800759
263,0,0,24,868545,862004,852004,847612,857447,842152,846319,844466,840005,846595,824470,822670,818631,812431,806484,818125,811641,801883,808954,804613
264,1,0,24,864211,857670,847771,843332,853033,837788,842000,840069,835692,842298,820490,818677,814708,808448,802671,814163,807692,797983,805068,800691
265,0,0,24,868931,862423,852525,848125,857827,842543,846703,844898,840393,847027,824895,823123,818982,812872,806976,818492,812041,802280,809320,804967
266,1,0,24,864060,857616,847747,843350,853124,837786,841982,840172,835722,842253,820527,818773,814725,808486,802715,814192,807662,798009,805068,800765
267,0,0,24,868603,862212,852195,847705,857588,842265,846505,844609,840159,846761,824642,822917,818718,812613,806741,818300,811763,802079,809080,804804
268,1,0,24,864004,857673,847652,843296,853174,837824,842064,840159,835770,842336,820514,818747,814693,808461,802705,814225,807673,798022,805043,800782
269,0,0,24,868719,862450,852332,847806,857763,842423,846610,844629,840265,846963,824799,822941,818846,812568,806816,818480,811858,802187,809250,804912
270,1,0,24,864284,858025,847872,843486,853305,838026,842283,840339,835933,842547,820704,818993,814852,808555,802865,814523,807886,798222,805221,800955
271,0,0,24,868632,862304,852198,847708,857545,842375,846489,844591,840092,846784,824711,822880,818681,812427,806699,818334,811713,802118,809051,804794
272,1,0,24,864077,857567,847596,843191,852935,837770,841959,840056,835623,842223,820439,818706,814572,808243,802549,814259,807576,797938,804872,800676
273,0,0,24,868742,862287,852330,847782,857574,842356,846590,844621,840140,846864,824710,822936,818687,812572,806694,818589,811886,802084,809212,804824
274,1,0,24,863774,857337,847380,842959,852685,837524,841744,839784,835326,842032,820194,818492,814322,808095,802354,814001,807347,797588,804729,800383
275,0,0,24,868320,861943,852035,847547,857300,842020,846327,844321,839937,846629,824457,822621,818474,812348,806494,818117,811452,801725,808914,804506
276,1,0,24,863806,857428,847523,843104,852796,837538,841894,839917,835488,842104,820324,818505,814375,808297,802453,814101,807373,797705,804810,800470
277,0,0,24,868880,862566,852539,848034,857871,842606,846870,844880,840509,847142,825018,823177,819021,812932,807030,818745,811997,802397,809397,805018
278,1,0,24,864064,857688,847800,843361,853144,837840,842091,840226,835789,842353,820552,818855,814723,808481,802678,814265,807725,798094,805144,800722
279,0,0,24,868601,862292,852303,847810,857582,842302,846512,844677,840240,846880,824687,822931,818784,812576,806712,818380,811878,802114,809064,804690
280,1,0,24,863948,857529,847692,843265,852942,837733,841918,840118,835606,842321,820452,818754,814626,808384,802585,814323,807695,797992,804947,800586
281,0,0,24,868707,862183,852328,847771,857613,842307,846537,844611,840209,846856,824729,822928,818798,812639,806722,818445,811814,802151,809098,804673
282,1,0,24,864525,857932,848123,843688,853445,838050,842363,840417,836047,842689,820837,819134,815100,808922,802963,814625,808162,798390,805347,800962
283,0,0,24,868806,862204,852378,847845,857640,842315,846571,844496,840250,846913,824708,822897,818797,812750,806727,818307,811970,802159,809179,804712
284,1,0,24,863999,857399,847621,843135,852916,837551,841792,839848,835544,842152,820322,818575,814431,808307,802403,814117,807620,797901,804836,800483
285,0,0,24,868800,862265,852465,847831,857661,842392,846569,844587,840187,846910,824700,822931,818671,812652,806621,818478,811963,802225,809202,804791
286,1,0,24,864224,857446,847785,843246,853057,837801,842015,840041,835689,842426,820525,818744,814564,808432,802554,814224,807733,798075,805139,800708
287,0,0,24,868641,861936,852311,847595,857423,842191,846469,844419,840129,846886,824632,822744,818634,812556,806514,818233,811735,802084,809070,804615
288,1,0,24,864195,857431,847809,843228,853062,837777,842076,840037,835767,842438,820535,818763,814658,808492,802600,814291,807758,798033,805126,800704
289,0,0,24,868833,861966,852296,847657,857592,842232,846485,844412,840198,846887,824629,822843,818699,812629,806575,818257,811888,802129,809191,804648
290,1,0,24,864215,857421,847780,843250,853091,837783,842029,840004,835770,842445,820527,818808,814696,808532,802558,814242,807829,798106,805121,800711
291,0,0,24,868853,862126,852419,847669,857635,842313,846589,844538,840225,846981,824753,822969,818802,812624,806727,818462,811951,802114,809316,804770
292,1,0,24,863913,857219,847605,843049,852799,837543,841753,839822,835523,842190,820249,818513,814447,808268,802349,814041,807596,797877,804936,800461
293,0,0,24,868834,862168,852442,847807,857701,842312,846584,844528,840337,847021,824791,823009,818831,812680,806752,818443,812035,802288,809304,804813
294,1,0,24,864229,857310,847739,843176,853024,837680,841945,839964,835679,842314,820432,818723,814540,808339,802523,814078,807705,798084,805075,800638
295,0,0,24,869157,862343,852655,847975,857855,842570,846782,844742,840414,847188,824848,823217,818993,812806,806878,818599,812107,802292,809444,804934
296,1,0,24,863951,857218,847550,842973,852789,837531,841743,839778,835440,842082,820225,818562,814372,808151,802321,813962,807528,797715,804835,800395
297,0,0,24,868905,862305,852543,847903,857821,842508,846700,844662,840367,847075,824828,823178,818928,812687,806795,818579,812071,802279,809326,804943
298,1,0,24,863905,857327,847605,843088,852866,837629,841949,839799,835505,842215,820355,818722,814474,808232,802418,814093,807616,797920,804872,800550
299,0,0,24,868712,862158,852355,847819,857664,842427,846686,844516,840243,846907,824661,823021,818753,812601,806687,818450,811881,802154,809029,804788
300,1,0,24,864051,857386,847627,843282,853013,837724,842046,839861,835638,842239,820362,818689,814546,808256,802423,814070,807656,797985,804860,800639
301,0,0,24,869034,862436,852515,848050,857872,842562,846908,844703,840471,847120,824898,823141,819000,812865,806805,818584,812140,802417,809401,804993
302,1,0,24,864302,857477,847706,843212,853016,837769,842154,839938,835670,842395,820486,818745,814691,808439,802431,814148,807693,798011,804955,800672
303,0,0,24,868850,862323,852367,847837,857793,842455,846781,844490,840362,847035,824811,822984,818883,812730,806690,818490,811981,802139,809239,804893
304,1,0,24,864120,857518,847688,843221,853135,837797,842154,839861,835665,842307,820472,818746,814610,808400,802489,814194,807792,797936,805003,800639
305,0,0,24,868692,862193,852323,847828,857774,842351,846664,844452,840179,846854,824751,822888,818700,812663,806617,818297,811883,802154,809156,804766
306,1,0,24,864298,857749,847837,843504,853312,837986,842350,840098,835879,842471,820747,818857,814843,808647,802656,814382,807885,798140,805234,800836
307,0,0,24,868952,862464,852486,848064,857915,842626,846931,844768,840498,847047,825019,823110,818972,812858,806859,818597,812055,802322,809425,805009
308,1,0,24,864189,857558,847608,843292,853188,837820,842112,840157,835746,842299,820569,818757,814650,808460,802542,814235,807682,797974,805117,800695
309,0,0,24,868640,861995,852165,847691,857616,842222,846468,844471,840024,846734,824617,822784,818585,812447,806532,818363,811648,801944,809035,804628
310,1,0,24,864325,857701,847857,843488,853350,837984,842192,840251,835905,842447,820715,818914,814692,808584,802767,814485,807803,798138,805138,800855
311,0,0,24,868933,862393,852474,847978,857908,842511,846744,844659,840390,846948,824924,823103,818851,812702,806788,818537,811988,802225,809222,804867
312,1,0,24,864239,857528,847729,843255,853251,837823,842075,840101,835781,842208,820587,818753,814651,808302,802509,814179,807734,797978,804912,800603
313,0,0,24,868953,862388,852391,847824,857824,842428,846670,844563,840348,846845,824830,822975,818844,812633,806727,818474,811907,802132,808996,804711
314,1,0,24,864193,857645,847655,843218,853024,837637,841964,839770,835687,842197,820504,818693,814535,808266,802482,814193,807629,797884,804769,800491
315,0,0,24,868878,862318,852301,847803,857714,842330,846580,844413,840300,846815,824744,822905,818731,812533,806641,818378,811915,802072,809078,804696
316,1,0,24,864161,857589,847663,843235,853132,837751,841900,839906,835747,842228,820453,818601,814510,808322,802520,814216,807732,797973,804967,800605
317,0,0,24,868694,862156,852246,847750,857639,842261,846423,844352,840182,846729,824664,822703,818564,812441,806600,818244,811809,802049,808970,804566
318,1,0,24,864273,857702,847901,843417,853273,837901,842046,840065,835939,842422,820597,818761,814671,808440,802693,814337,807857,798067,805118,800741
319,0,0,24,868920,862464,852550,848036,857877,842487,846657,844688,840500,846967,824834,823076,818837,812738,806908,818590,812052,802301,809320,804832
320,1,0,24,864161,857667,847855,843370,853205,837843,842047,840075,835871,842310,820511,818760,814578,808459,802648,814294,807764,798128,805079,800686
321,0,0,24,868746,862311,852452,847819,857836,842358,846607,844596,840372,846882,824679,822966,818707,812570,806732,818494,811917,802203,809254,804788
322,1,0,24,864074,857538,847652,843224,853123,837702,841977,839878,835792,842301,820388,818612,814597,808302,802533,814164,807764,797935,805025,800586
323,0,0,24,868945,862427,852396,847904,857763,842437,846658,844571,840412,846973,824755,822997,818847,812605,806745,818492,811982,802169,809211,804782
324,1,0,24,864361,857665,847772,843362,853254,837894,842139,840167,835845,842423,820622,818799,814777,808437,802683,814442,807853,798038,805091,800657
325,0,0,24,868870,862196,852257,847849,857696,842325,846549,844579,840324,846865,824743,822953,818842,812590,806632,818541,811901,802044,809149,804651
326,1,0,24,864004,857271,847434,843080,852917,837506,841798,839870,835588,842065,820245,818481,814510,808123,802314,814143,807479,797615,804841,800282
327,0,0,24,868793,862127,852176,847759,857711,842272,846509,844552,840233,846790,824618,822847,818749,812470,806659,818479,811819,802002,809056,804556
328,1,0,24,863962,857349,847392,843078,852950,837569,841807,839916,835547,842021,820185,818515,814466,808110,802367,814111,807437,797702,804805,800265
329,0,0,24,868814,862321,852373,847844,857766,842345,846620,844595,840270,846772,824676,822875,818810,812581,806738,818509,811903,802085,809194,804583
330,1,0,24,864268,857677,847691,843325,853236,837781,842099,839970,835758,842174,820438,818805,814652,808480,802679,814309,807753,797958,805062,800523
331,0,0,24,868749,862283,852269,847787,857823,842334,846572,844472,840243,846638,824688,823000,818736,812655,806731,818376,811931,801983,809187,804493
332,1,0,24,864015,857531,847529,843169,853059,837674,841887,839944,835691,842049,820408,818771,814518,808339,802512,814121,807635,797793,805069,800376
333,0,0,24,868720,862304,852363,847811,857740,842419,846583,844529,840332,846806,824701,822981,818761,812665,806740,818348,811898,802084,809313,804590
334,1,0,24,863957,857542,847609,843176,852979,837687,841821,839924,835663,842093,820344,818633,814474,808216,802436,814116,807634,797792,805051,800428
335,0,0,24,868739,862327,852369,847855,857721,842416,846589,844580,840408,846896,824766,823019,818815,812576,806739,818452,812019,802117,809343,804731
336,1,0,24,864318,857908,847922,843542,853493,838051,842258,840303,836102,842492,820716,819001,814864,808589,802791,814443,808047,798154,805378,800862
337,0,0,24,868596,862106,852202,847605,857659,842296,846408,844417,840189,846699,824633,822795,818694,812487,806501,818436,811758,801976,809135,804616
338,1,0,24,863897,857454,847523,843210,853078,837688,841897,839899,835767,842149,820414,818619,814512,808356,802421,814198,807636,797913,805049,800503
339,0,0,24,868565,862111,852179,847709,857695,842340,846477,844419,840252,846762,824650,822877,818775,812551,806576,818400,811868,802076,809188,804709
340,1,0,24,864209,857619,847755,843325,853275,837876,842026,839990,835837,842356,820588,818819,814748,808561,802684,814313,807788,798077,805048,800741
341,0,0,24,868790,862163,852388,847815,857769,842411,846554,844557,840264,846933,824738,822947,818819,812627,806752,818436,811823,802085,809197,804788
342,1,0,24,864113,857496,847590,843143,853114,837651,841938,839977,835635,842227,820327,818547,814446,808289,802508,814170,807594,797831,804863,800525
343,0,0,24,869147,862569,852477,848026,857947,842560,846884,844935,840509,847192,824960,823100,818991,812852,806992,818829,812183,802278,809391,804962
344,1,0,24,864001,857344,847398,843094,852854,837529,841722,839858,835425,842024,820282,818439,814256,808191,802304,814060,807514,797617,804762,800324
345,0,0,24,868665,862023,852082,847592,857497,842177,846361,844458,840016,846676,824541,822763,818597,812482,806505,818414,811768,801816,809070,804449
346,1,0,24,864098,857385,847472,843195,852973,837659,841880,839883,835552,842140,820390,818647,814506,808250,802476,814233,807654,797783,804912,800420
347,0,0,24,868843,862094,852290,847803,857688,842323,846554,844581,840182,846833,824662,822915,818721,812509,806623,818501,811882,801958,808994,804572
348,1,0,24,864501,857607,847840,843507,853311,837944,842164,840370,835856,842489,820689,819055,814753,808550,802716,814507,807885,798102,805225,800725
349,0,0,24,868797,862059,852242,847841,857747,842230,846440,844699,840118,846842,824709,822991,818706,812525,806606,818409,811783,801986,809109,804629
350,1,0,24,863868,857120,847365,843062,852942,837419,841613,839769,835409,841990,820197,818552,814269,808120,802228,814045,807399,797637,804683,800287
351,0,0,24,868913,862116,852349,847916,857832,842385,846597,844708,840308,846929,824778,823102,818755,812712,806796,818576,811990,802129,809224,804767
352,1,0,24,864328,857617,847797,843414,853288,837945,842142,840283,835904,842441,820628,818916,814663,808560,802772,814470,807860,798134,805056,800756
353,0,0,24,868737,862053,852210,847796,857634,842205,846487,844552,840181,846777,824619,822911,818628,812535,806718,818437,811884,802007,809023,804671
354,1,0,24,864355,857648,847891,843542,853277,837973,842224,840359,835927,842469,820696,818991,814870,808555,802760,814468,807948,798127,805192,800825
355,0,0,24,868885,862201,852385,847961,857743,842445,846704,844710,840324,846893,824857,823117,818895,812642,806738,818622,812010,802072,809261,804743
356,1,0,24,864053,857349,847670,843344,853091,837820,842021,839986,835681,842239,820509,818816,814689,808282,802544,814272,807778,797887,805072,800536
357,0,0,24,868680,862140,852333,847886,857756,842437,846706,844615,840288,846935,824810,822961,818815,812624,806759,818538,811979,802138,809212,804703
358,1,0,24,863848,857205,847433,843145,852810,837579,841871,839800,835541,842015,820264,818607,814423,808197,802403,814050,807506,797739,804738,800345
359,0,0,24,868799,862107,852176,847899,857653,842310,846616,844443,840194,846837,824697,822964,818734,812570,806653,818487,811996,802061,809092,804674
360,1,0,24,864095,857515,847581,843346,853087,837735,842067,839990,835680,842266,820465,818763,814575,808369,802562,814101,807801,797861,804925,800584
361,0,0,24,868851,862129,852286,847914,857710,842277,846631,844517,840247,846856,824751,823035,818787,812600,806746,818305,811917,802082,809071,804701
362,1,0,24,863931,857282,847467,843246,852907,837566,841846,839901,835527,842043,820343,818538,814448,808228,802415,813999,807602,797697,804775,800537
363,0,0,24,868961,862276,852491,848039,857830,842425,846746,844698,840359,847031,824942,823114,818915,812741,806828,818528,812128,802180,809305,804925
364,1,0,24,864221,857459,847693,843199,853158,837742,842049,839928,835681,842277,820495,818864,814639,808428,802553,814330,807806,797911,805008,800680
365,0,0,24,868717,862077,852196,847635,857547,842199,846545,844377,840109,846722,824685,822938,818657,812554,806565,818363,811860,801960,809033,804636
366,1,0,24,864188,857544,847573,843262,853042,837698,842007,839922,835691,842225,820535,818775,814574,808360,802512,814156,807739,797916,805011,800612
367,0,0,24,868936,862224,852309,847823,857781,842381,846622,844533,840271,846876,824869,822999,818807,812668,806739,818355,811936,802193,809257,804703
368,1,0,24,864144,857477,847654,843184,853047,837725,841964,839952,835648,842305,820598,818763,814589,808399,802524,814195,807755,797952,805079,800549
369,0,0,24,868493,861950,852038,847571,857382,842106,846393,844300,839988,846661,824557,822793,818552,812376,806481,818168,811766,801998,809035,804533
370,1,0,24,863936,857362,847539,843125,852838,837524,841875,839808,835601,842108,820345,818696,814492,808115,802389,814042,807602,797832,804874,800414
371,0,0,24,868732,862123,852346,847853,857695,842320,846659,844612,840269,846866,824806,823130,818884,812528,806747,818402,811938,802050,808995,804729
372,1,0,24,863977,857679,847582,843218,853007,837632,841986,839974,835804,842190,820525,818894,814675,808386,802418,814168,807641,797915,804792,800685
373,0,0,24,868795,862578,852437,847984,857808,842457,846757,844696,840430,846998,824889,823210,819048,812796,806762,818658,812065,802341,809215,804956
374,1,0,24,863814,857487,847532,843019,852721,837465,841785,839785,835426,842004,820268,818619,814352,808257,802189,813814,807414,797590,804826,800452
375,0,0,24,868712,862299,852357,847810,857674,842370,846684,844491,840201,846865,824753,823027,818699,812666,806562,818283,811820,802041,809176,804845
376,1,0,24,863960,857382,847665,843149,852987,837460,841814,839882,835667,842175,820376,818809,814437,808398,802359,813931,807627,797700,804920,800510
377,0,0,24,868574,862115,852358,847692,857681,842060,846420,844420,840234,846772,824692,822970,818546,812680,806487,818213,811826,801992,809158,804706
378,1,0,24,863941,857492,847579,843102,853006,837553,841784,839807,835705,842118,820327,818829,814577,808312,802302,814041,807583,797727,804786,800541
379,0,0,24,868857,862473,852510,847923,857996,842522,846618,844617,840537,847039,824856,823322,818932,812844,806781,818595,812129,802207,809213,804946
380,1,0,24,863956,857409,847599,843001,852807,837447,841720,839863,835583,842158,820325,818748,814442,808267,802377,813960,807494,797734,804803,800574
381,0,0,24,868597,862206,852354,847815,857593,842281,846472,844453,840199,846805,824745,823043,818759,812649,806663,818359,811779,802085,808927,804762
382,1,0,24,864195,857711,847820,843238,853132,837901,842030,840063,835981,842527,820664,819034,814821,808670,802748,814319,807679,798040,805045,800825
383,0,0,24,868646,862130,852182,847585,857593,842208,846448,844375,840269,846856,824648,823013,818715,812646,806607,818268,811691,802009,809217,804661
384,1,0,24,864110,857661,847685,843139,853180,837534,841928,839901,835757,842277,820493,818969,814616,808584,802593,814185,807542,797965,804815,800665
385,0,0,24,868910,862294,852290,847745,857807,842286,846582,844450,840308,846919,824778,823229,818811,812904,806742,818504,811853,802193,809046,804844
386,1,0,24,864126,857484,847614,843071,852946,837554,841770,839878,835727,842145,820427,818883,814575,808464,802415,814025,807607,797783,804951,800515
387,0,0,24,868734,862136,852250,847674,857537,842201,846389,844428,840245,846731,824693,823101,818719,812638,806530,818347,811737,801941,809119,804612
388,1,0,24,863910,857317,847456,842975,852835,837509,841727,839793,835514,842061,820251,818626,814505,808342,802171,813878,807384,797684,804804,800406
389,0,0,24,868838,862323,852452,847912,857858,842452,846707,844468,840459,846990,824870,823229,818965,812941,806643,818401,811905,802337,809281,804920
390,1,0,24,863898,857520,847512,843095,852844,837497,841808,839656,835629,842222,820317,818707,814502,808498,802307,813921,807394,797857,804795,800414
391,0,0,24,868608,862267,852173,847715,857533,842181,846385,844303,840116,846804,824509,822923,818619,812745,806518,818200,811539,802049,808999,804545
392,1,0,24,864037,857411,847421,842969,852900,837464,841770,839741,835526,842130,820189,818646,814257,808427,802170,813881,807492,797786,804741,800434
393,0,0,24,868715,862182,852129,847586,857664,842291,846464,844342,840127,846844,824470,822985,818557,812718,806435,818333,811756,801981,809056,804658
394,1,0,24,864135,857499,847622,843143,853028,837690,841877,839907,835714,842221,820382,818901,814509,808458,802371,814264,807467,797878,804949,800563
395,0,0,24,868774,862285,852240,847768,857596,842282,846459,844555,840250,846810,824565,823051,818618,812683,806584,818508,811688,802073,809099,804724
396,1,0,24,863791,857421,847311,842916,852863,837395,841667,839718,835503,842068,820271,818675,814380,808344,802297,814071,807295,797728,804695,800546
397,0,0,24,868697,862205,852209,847768,857754,842265,846519,844474,840264,846876,824799,823100,818837,812780,806715,818469,811847,802133,809133,804917
398,1,0,24,864228,857735,847765,843303,853149,837726,842192,840050,835839,842353,820650,818934,814644,808528,802614,814321,807723,797980,804954,800964
399,0,0,24,868852,862364,852301,847820,857728,842317,846741,844592,840387,846952,824898,823094,818772,812695,806718,818483,811917,802171,809162,805092
400,1,0,24,863919,857687,847535,843146,852898,837596,841812,839961,835695,842160,820510,818839,814539,808485,802354,814177,807448,797821,804625,800760
401,0,0,24,868671,862331,852175,847713,857510,842283,846463,844456,840270,846798,824774,823045,818640,812750,806555,818463,811673,802034,808895,804914
402,1,0,24,864275,857885,847982,843474,853255,837849,842139,840246,835952,842488,820748,819128,814646,808663,802769,814460,807834,798124,805003,800996
403,0,0,24,868914,862594,852533,847953,857825,842399,846702,844737,840447,847039,824910,823187,818695,812871,806808,818756,812057,802124,809084,805073
404,1,0,24,864184,857747,847764,843278,853102,837765,842033,840116,835850,842263,820672,818947,814576,808551,802526,814169,807647,797934,804867,800949
405,0,0,24,868743,862507,852437,847884,857712,842389,846675,844698,840383,846991,824890,823159,818704,812805,806660,818489,811853,802142,809065,805022
406,1,0,24,864148,857889,847841,843268,853137,837737,842028,840250,835889,842384,820720,818899,814669,808631,802627,814271,807779,798110,804956,800937
407,0,0,24,868989,862593,852525,847910,857913,842501,846713,844731,840478,847099,824943,823151,818808,812943,806792,818546,812051,802352,809159,805178
408,1,0,24,864227,857916,847748,843298,853232,837722,842023,839991,835788,842300,820695,819053,814623,808478,802528,814298,807667,797956,804823,800839
409,0,0,24,868893,862516,852408,847815,857830,842321,846597,844526,840291,846956,824904,823180,818758,812673,806682,818578,811897,802120,809005,805010
410,1,0,24,864026,857802,847699,843262,853142,837706,841981,839930,835777,842226,820615,818890,814650,808615,802529,814313,807660,797860,804833,800805
411,0,0,24,868915,862679,852485,847892,857927,842467,846746,844601,840460,846927,825034,823178,818882,812919,806801,818721,812084,802183,809218,805023
412,1,0,24,864048,857547,847582,843027,852973,837498,841850,839995,835670,842035,820548,818846,814512,808296,802377,814199,807548,797691,804923,800646
413,0,0,24,868903,862392,852428,847800,857903,842387,846679,844797,840465,846884,825018,823273,818895,812792,806662,818641,811980,802030,809252,805012
414,1,0,24,864362,857700,847789,843326,853156,837680,842193,840058,835911,842389,820708,819001,814665,808538,802580,814394,807672,797931,804805,800782
415,0,0,24,869092,862507,852455,847800,857928,842384,846827,844652,840434,847050,825011,823300,818777,812820,806744,818602,811956,802219,809029,804994
416,1,0,24,864264,857742,847769,843385,853284,837749,842199,840146,835909,842414,820732,819122,814622,808560,802660,814337,807636,797907,804816,800851
417,0,0,24,868705,862268,852212,847717,857590,842177,846603,844632,840273,846760,824771,823062,818536,812498,806605,818330,811714,801919,808871,804769
418,1,0,24,864062,857587,847727,843307,853192,837629,842172,840204,835822,842254,820604,818965,814543,808508,802683,814373,807686,797950,804915,800832
419,0,0,24,869052,862661,852606,848118,858043,842504,846982,844865,840552,847087,824949,823422,818880,812925,806926,818827,812048,802320,809292,805154
420,1,0,24,864044,857452,847665,843118,853164,837519,842021,839925,835624,842126,820351,818845,814467,808422,802463,814164,807529,797776,804824,800633
421,0,0,24,868854,862338,852460,847849,857877,842345,846796,844736,840300,846962,824860,823270,818733,812756,806793,818600,811940,802163,809211,804904
422,1,0,24,864112,857624,847684,843120,852923,837611,841986,839949,835746,842217,820463,818957,814521,808401,802547,814145,807579,797788,804849,800658
423,0,0,24,868863,862488,852559,847926,857843,842378,846813,844655,840441,847026,824882,823329,818770,812821,806904,818668,812014,802182,809239,804981
424,1,0,24,863779,857317,847419,842893,852833,837392,841803,839751,835516,841945,820042,818707,814082,808120,802273,813901,807265,797603,804553,800430
425,0,0,24,868496,862131,852118,847526,857468,842005,846502,844399,840144,846671,824523,822981,818358,812469,806490,818197,811504,801862,808807,804620
426,1,0,24,863996,857514,847649,843147,853025,837613,841988,839987,835726,842208,820370,818957,814631,808335,802477,814243,807443,797814,804915,800693
427,0,0,24,868780,862355,852398,847804,857856,842420,846711,844749,840478,846942,824844,823281,819022,812785,806807,818672,811852,802098,809218,804911
428,1,0,24,864079,857674,847639,843110,852980,837502,841939,839926,835714,842146,820506,818905,814593,808348,802508,814164,807479,797829,804866,800679
429,0,0,24,868951,862536,852587,847991,857878,842436,846884,844827,840525,847120,825066,823429,818984,813007,806912,818635,811996,802228,809244,805075
430,1,0,24,864359,857850,847822,843287,853319,837802,842149,840280,836029,842406,820897,819190,814718,808725,802863,814424,807814,798045,805132,800990
431,0,0,24,868859,862509,852321,847769,857841,842376,846616,844740,840409,846930,825025,823231,818673,812851,806886,818467,811918,802017,809237,804970
432,1,0,24,864371,857738,847841,843243,853264,837799,842191,840105,835938,842342,820716,819065,814712,808637,802742,814262,807572,797963,804971,800811
433,0,0,24,868789,862256,852265,847700,857715,842314,846601,844399,840429,846733,824813,823087,818639,812795,806737,818388,811721,802026,808855,804813
434,1,0,24,864240,857659,847697,843258,853138,837756,841926,840033,835806,842285,820755,819070,814712,808626,802706,814223,807668,797923,805008,800829
435,0,0,24,868719,862221,852225,847677,857669,842201,846445,844422,840228,846717,824818,823121,818676,812750,806683,818442,811763,801883,809008,804797
436,1,0,24,864049,857576,847604,843139,853121,837624,841926,840051,835701,842192,820473,819018,814577,808430,802636,814106,807455,797679,804919,800689
437,0,0,24,868760,862199,852281,847705,857775,842314,846570,844586,840336,846899,824849,823303,818814,812782,806802,818336,811765,801982,809136,804880
438,1,0,24,864077,857528,847580,843061,853025,837622,841856,840014,835757,842181,820543,818791,814414,808527,802521,813986,807527,797800,804853,800731
439,0,0,24,868746,862283,852314,847646,857606,842270,846520,844581,840397,846798,824770,823071,818679,812670,806751,818374,811706,802053,809055,804877
440,1,0,24,864003,857594,847574,843161,853106,837693,841956,839904,835812,842223,820455,818837,814545,808427,802589,814116,807575,797709,804888,800684
441,0,0,24,868697,862184,852292,847627,857722,842216,846541,844524,840317,846726,824653,823052,818577,812743,806695,818306,811745,801808,809009,804864
442,1,0,24,864018,857476,847463,843015,852831,837469,841801,839838,835653,842043,820264,818732,814486,808311,802432,813904,807365,797638,804620,800520
443,0,0,24,868708,862202,852233,847745,857551,842191,846480,844413,840254,846695,824635,823056,818614,812592,806623,818349,811641,801891,808836,804719
444,1,0,24,863873,857385,847420,842910,852778,837402,841740,839779,835568,842047,820312,818648,814497,808151,802389,813894,807303,797610,804554,800404
445,0,0,24,868900,862421,852445,847807,857840,842439,846797,844694,840494,846972,824891,823286,818923,812745,806881,818460,811856,802157,809119,804874
446,1,0,24,863952,857501,847578,842937,852893,837463,841848,839759,835684,842090,820381,818886,814641,808314,802478,814068,807432,797710,804846,800536
447,0,0,24,868914,862461,852483,847807,857905,842432,846726,844708,840576,846876,824894,823289,818913,812776,806955,818531,811864,802089,809094,804897
448,1,0,24,864168,857692,847897,843223,853181,837695,842094,840146,835936,842373,820657,819093,814888,808587,802888,814362,807646,797861,804953,800737
449,0,0,24,868750,862311,852322,847509,857739,842160,846532,844511,840309,846719,824779,823143,818741,812528,806851,818389,811680,801987,808952,804796
450,1,0,24,864222,857645,847746,843095,853164,837595,842095,840055,835850,842254,820710,819072,814635,808421,802818,814224,807653,797944,804999,800827
451,0,0,24,869003,862591,852620,847937,858043,842444,846935,844739,840549,847033,825171,823413,818997,812896,807150,818615,811998,802395,809272,805062
452,1,0,24,864316,857703,847840,843167,853096,837624,842130,840211,835821,842316,820658,819027,814696,808411,802808,814255,807576,797915,804985,800817
453,0,0,24,868747,862294,852312,847697,857687,842146,846657,844620,840275,846834,824768,823120,818699,812477,806899,818361,811738,802035,808994,804826
454,1,0,24,864057,857513,847643,843125,853015,837536,841863,839821,835714,842212,820497,818955,814650,808318,802628,814124,807452,797891,804892,800625
455,0,0,24,868929,862386,852489,847842,857808,842335,846701,844637,840454,847021,824870,823332,818885,812715,806904,818617,811793,802303,809256,804934
456,1,0,24,864384,857836,847882,843320,853254,837847,842226,840240,836090,842366,820761,819170,814747,808661,802791,814354,807764,798084,805038,800917
457,0,0,24,868808,862326,852319,847690,857727,842303,846677,844660,840349,846886,824888,823126,818756,812503,806803,818396,811839,802226,809144,804859
458,1,0,24,863990,857520,847603,842989,852945,837538,841906,839757,835668,842067,820329,818722,814385,808355,802567,813974,807364,797841,804675,800554
459,0,0,24,868720,862353,852383,847720,857667,842282,846667,844486,840373,846796,824717,823089,818541,812614,806783,818451,811689,802101,808965,804845
460,1,0,24,863619,857111,847203,842639,852400,837085,841524,839508,835305,841744,819997,818468,813967,807843,802220,813675,807113,797487,804456,800421
461,0,0,24,868685,862055,852199,847634,857388,842088,846497,844442,840163,846621,824604,822974,818346,812349,806723,818267,811714,801965,808993,804783
462,1,0,24,863998,857602,847620,843136,852879,837511,842070,840057,835785,842152,820526,818927,814503,808452,802429,813949,807565,797888,804711,800689
463,0,0,24,868747,862373,852498,847791,857615,842277,846796,844701,840464,846759,824903,823251,818761,812753,806751,818372,811884,802105,809027,804898
464,1,0,24,864182,857711,847893,843265,853087,837706,842287,840193,835955,842428,820681,819149,814763,808706,802700,814250,807698,798186,804922,800796
465,0,0,24,868612,862276,852378,847767,857561,842207,846716,844571,840328,846929,824788,823228,818724,812757,806788,818343,811780,802100,808998,804825
466,1,0,24,863844,857519,847487,843045,852616,837294,841835,839910,835573,842086,820372,818848,814427,808246,802537,814083,807457,797683,804590,800526
467,0,0,24,868795,862508,852524,847872,857613,842352,846774,844713,840431,846947,824959,823297,818917,812786,806930,818536,811927,802173,809130,804930
468,1,0,24,864072,857658,847864,843278,853029,837676,842097,840192,835828,842248,820561,818898,814711,808505,802627,814271,807661,797866,804951,800676
469,0,0,24,868369,862022,852206,847518,857333,842034,846374,844478,840139,846532,824556,822801,818533,812429,806520,818187,811601,801783,808957,804533
470,1,0,24,864247,857707,847882,843171,852973,837608,842001,840111,835794,842248,820519,818922,814685,808395,802630,814000,807646,797906,804870,800663
471,0,0,24,868939,862274,852524,847795,857777,842287,846635,844637,840357,846824,824739,823117,818740,812528,806756,818331,811884,802050,808969,804831
472,1,0,24,864265,857844,848135,843456,853246,837897,842188,840197,835929,842420,820779,819115,814859,808454,802836,814157,807840,798015,805068,800931
473,0,0,24,868796,862432,852582,847808,857787,842429,846778,844664,840349,846875,824985,823201,818982,812680,806899,818304,811949,802102,809136,804941
474,1,0,24,863995,857444,847714,843174,852915,837558,841920,840024,835564,842157,820485,818710,814567,808377,802520,814029,807546,797768,804738,800561
475,0,0,24,868719,862221,852407,847835,857792,842408,846653,844726,840254,846911,824864,823070,818827,812646,806766,818421,811862,802027,809075,804881
476,1,0,24,863930,857457,847517,843087,852853,837508,841916,840053,835656,842137,820351,818719,814531,808315,802470,814104,807549,797732,804409,800633
477,0,0,24,868725,862287,852298,847831,857721,842342,846704,844741,840351,846931,824787,823199,818857,812716,806833,818481,811958,802020,808780,804991
478,1,0,24,864154,857820,847779,843219,853057,837747,842044,840114,835784,842394,820548,819003,814734,808423,802713,814297,807694,797929,804976,800725
479,0,0,24,868608,862368,852324,847691,857599,842224,846603,844551,840191,846880,824739,823157,818564,812470,806733,818426,811778,802010,809080,804772
480,1,0,24,864000,857646,847631,843120,853015,837688,841939,840056,835609,842143,820494,818884,814625,808307,802493,814060,807467,797735,804793,800583
481,0,0,24,868465,862205,852227,847605,857686,842333,846542,844601,840150,846670,824731,823024,818792,812483,806637,818242,811635,801980,808904,804697
482,1,0,24,863899,857325,847551,842887,852859,837608,841766,839959,835438,842125,820329,818806,814409,808172,802383,813922,807437,797637,804497,800604
483,0,0,24,868732,862251,852395,847719,857766,842409,846639,844716,840266,846906,824804,823152,818802,812595,806809,818418,811848,802008,808884,804894
484,1,0,24,863877,857586,847630,843026,852915,837580,841871,839887,835545,842183,820387,818883,814531,808439,802348,813973,807370,797700,804766,800646
485,0,0,24,868643,862222,852350,847736,857771,842384,846569,844489,840217,846860,824810,823256,818815,812754,806620,818312,811749,801967,809070,804892
486,1,0,24,864092,857688,847690,843242,853033,837693,841994,840123,835686,842257,820551,818940,814717,808491,802525,814160,807579,797870,804732,800782
487,0,0,24,868683,862365,852280,847725,857657,842319,846515,844604,840210,846782,824687,823028,818734,812706,806671,818331,811789,802026,808962,804893
488,1,0,24,864234,857734,847844,843272,853110,837817,842089,840149,835756,842250,820565,819046,814752,808594,802681,814276,807747,798005,804995,800901
489,0,0,24,868799,862350,852462,847756,857749,842357,846661,844701,840253,846835,824797,823204,818774,812752,806839,818495,811900,802073,809054,804999
490,1,0,24,863904,857477,847682,843157,852958,837647,841876,840067,835716,842058,820352,818934,814588,808383,802480,814043,807654,797645,804767,800655
491,0,0,24,868532,862105,852260,847627,857694,842183,846444,844497,840149,846624,824616,823115,818649,812653,806559,818223,811749,801874,808936,804813
492,1,0,24,863997,857386,847519,842975,853010,837481,841904,839971,835548,842080,820408,818856,814456,808309,802460,813978,807386,797660,804739,800684
493,0,0,24,868617,862117,852201,847617,857710,842103,846569,844482,840237,846620,824709,823101,818621,812551,806670,818154,811678,801879,808898,804830
494,1,0,24,864368,857731,847807,843251,853263,837809,842144,840274,835954,842416,820637,819059,814851,808549,802862,814278,807700,798107,804878,800963
495,0,0,24,868811,862177,852358,847767,857695,842200,846554,844710,840290,846845,824706,823211,818938,812604,806838,818410,811761,802146,808890,804914
496,1,0,24,864132,857743,847527,843099,853005,837527,841899,840036,835634,842259,820448,818879,814548,808357,802643,814163,807525,797903,804825,800614
497,0,0,24,868757,862512,852249,847700,857683,842258,846554,844682,840191,846896,824774,823172,818779,812603,806817,818459,811765,802116,808992,804795
498,1,0,24,864188,857713,847666,843228,853057,837732,842015,840065,835715,842377,820673,818938,814691,808364,802669,814055,807623,797870,804651,800636
499,0,0,24,868849,862346,852367,847743,857617,842335,846592,844612,840268,846970,824787,823087,818741,812427,806703,818295,811800,802093,808717,804713
500,1,0,24,864470,857897,847839,843443,853270,837926,842292,840396,836073,842573,820798,819254,814806,808595,802903,814373,807884,798205,804995,800959
501,0,0,24,869093,862578,852522,847974,857887,842564,846876,844871,840521,847185,824980,823449,818991,812729,806965,818557,812006,802336,809198,805058
502,1,0,24,864066,857630,847512,842957,852883,837541,841792,839947,835585,842145,820393,818859,814330,808293,802503,814019,807476,797677,804508,800600
503,0,0,24,869047,862593,852508,847927,857846,842447,846661,844928,840463,847003,824996,823314,818726,812821,807009,818641,811976,802269,809092,804985
504,1,0,24,864031,857605,847568,843005,852786,837659,841868,840138,835690,842170,820407,818896,814482,808291,802489,813992,807507,797788,804671,800600
505,0,0,24,868700,862315,852278,847614,857491,842323,846517,844755,840284,846825,824743,823171,818707,812616,806740,818287,811803,802071,808903,804826
506,1,0,24,863976,857538,847576,843035,852728,837472,841865,840192,835490,842054,820410,818821,814514,808210,802664,814025,807304,797748,804655,800475
507,0,0,24,868847,862487,852446,847709,857646,842401,846707,844895,840318,846930,824867,823252,818826,812662,807069,818582,811884,802179,809002,804916
508,1,0,24,863942,857471,847450,842799,852582,837382,841734,839908,835423,841988,820226,818641,814260,808184,802438,813839,807299,797590,804523,800416
509,0,0,24,868806,862367,852302,847658,857508,842360,846577,844713,840223,846785,824729,823108,818591,812576,806819,818331,811869,802063,808905,804713
510,1,0,24,864350,857824,847788,843259,853068,837859,842110,840327,835803,842276,820786,819014,814709,808446,802831,814218,807634,798031,804899,800800
511,0,0,24,868754,862346,852236,847655,857490,842351,846525,844729,840215,846748,824778,823083,818630,812553,806784,818265,811708,802023,808894,804814
512,1,0,24,864115,857563,847658,843157,852933,837720,842038,840216,835862,842191,820591,818902,814569,808434,802685,814216,807432,797971,804765,800792
513,0,0,24,868821,862394,852410,847866,857653,842451,846779,844818,840499,846918,824948,823246,818847,812704,806915,818422,811802,802263,809128,804977
514,1,0,24,864297,857846,847715,843239,853028,837866,841990,840197,835891,842330,820640,819049,814590,808543,802791,814162,807498,798046,804891,800799
515,0,0,24,868914,862422,852379,847752,857639,842518,846688,844786,840432,846983,824911,823290,818811,812645,806923,818463,811800,802190,809078,804947
516,1,0,24,864243,857653,847697,843210,853043,837781,842183,840251,835712,842313,820538,818960,814623,808475,802808,814171,807545,797981,804799,800858
517,0,0,24,868907,862385,852413,847784,857649,842407,846764,844769,840231,846920,824806,823189,818792,812754,806877,818377,811834,802196,808904,804930
518,1,0,24,864054,857720,847569,843110,852958,837745,842117,840186,835759,842400,820498,818938,814642,808268,802589,814278,807480,797990,804851,800707
519,0,0,24,868596,862311,852152,847592,857583,842281,846548,844587,840205,846766,824677,823061,818700,812464,806685,818268,811625,802062,808968,804734
520,1,0,24,863929,857586,847555,843057,853001,837731,841913,839979,835661,842169,820445,818924,814621,808195,802463,813969,807509,797846,804760,800490
521,0,0,24,868763,862395,852449,847750,857863,842498,846661,844800,840337,846857,824905,823225,818834,812496,806705,818375,811833,802216,809124,804677
522,1,0,24,863967,857589,847443,843033,852903,837610,841913,839972,835594,842047,820362,818793,814565,808137,802230,813957,807374,797754,804534,800552
523,0,0,24,868891,862517,852392,847828,857853,842544,846819,844905,840380,846973,824911,823354,818883,812666,806608,818432,811835,802298,808941,804978
524,1,0,24,863933,857686,847714,843075,852945,837611,841826,839990,835544,842179,820439,818900,814466,808318,802411,813996,807393,797888,804678,800567
525,0,0,24,868580,862367,852410,847662,857657,842233,846500,844559,840186,846825,824727,823130,818593,812542,806616,818259,811633,802033,808864,804756
526,1,0,24,863946,857487,847561,843006,852904,837650,841933,839925,835480,842234,820346,818921,814491,808295,802413,813861,807255,797714,804760,800602
527,0,0,24,868804,862343,852453,847745,857712,842453,846749,844608,840200,846973,824858,823287,818803,812736,806789,818348,811850,802135,809139,804908
528,1,0,24,863884,857312,847407,842931,852813,837490,841719,839790,835553,842128,820379,818699,814386,808272,802354,814006,807236,797926,804699,800465
529,0,0,24,868734,862164,852283,847721,857681,842372,846643,844582,840311,846946,824794,823192,818845,812789,806673,818350,811724,802305,809049,804816
530,1,0,24,864187,857562,847632,843139,853103,837796,842129,840230,835850,842312,820642,818904,814649,808476,802610,814088,807525,798152,804901,800678
531,0,0,24,868671,862000,852202,847541,857636,842223,846553,844531,840181,846718,824738,823007,818643,812585,806602,818176,811614,802159,808924,804702
532,1,0,24,864139,857607,847632,843065,853029,837661,842044,840031,835686,842133,820521,818808,814426,808390,802538,814047,807405,797999,804885,800689
533,0,0,24,868750,862333,852273,847787,857828,842415,846816,844769,840319,846916,824902,823136,818769,812719,806774,818467,811742,802261,809205,804919
534,1,0,24,863872,857313,847434,842875,852821,837444,841868,839885,835375,841973,820307,818645,814375,808189,802317,813776,807373,797858,804741,800451
535,0,0,24,868938,862551,852538,847960,857878,842605,846938,844900,840444,847005,824936,823302,818994,812795,806945,818466,812024,802458,809232,805070
536,1,0,24,864229,857799,847711,843308,853091,837814,842183,840177,835848,842408,820660,818923,814694,808533,802711,814171,807669,798223,805091,800777
537,0,0,24,868825,862341,852327,847774,857660,842366,846707,844549,840308,846865,824786,823085,818714,812629,806776,818320,811901,802332,809173,804829
538,1,0,24,863768,857341,847387,842839,852681,837529,841657,839757,835453,841945,820055,818564,814240,808136,802259,813706,807087,797753,804551,800504
539,0,0,24,868689,862289,852265,847695,857696,842426,846621,844605,840216,846824,824575,823048,818529,812638,806701,818285,811691,802195,809058,804892
540,1,0,24,864051,857619,847716,843236,853061,837764,842029,840256,835741,842278,820535,818892,814645,808477,802636,814095,807612,797945,805004,800747
541,0,0,24,868658,862102,852279,847574,857657,842298,846478,844599,840231,846807,824645,823001,818591,812617,806717,818418,811692,802092,809191,804746
542,1,0,24,864148,857494,847647,843144,852994,837690,842059,840077,835653,842155,820494,818793,814548,808490,802486,813945,807514,798001,804930,800696
543,0,0,24,868839,862142,852236,847593,857558,842237,846630,844598,840169,846721,824677,822928,818661,812587,806622,818264,811614,802012,808959,804805
544,1,0,24,864049,857847,847697,843216,853044,837793,842174,840299,835814,842337,820644,818806,814534,808635,802683,814171,807523,798031,805010,800822
545,0,0,24,868686,862500,852340,847758,857761,842401,846795,844738,840431,846850,824905,823060,818727,812930,806781,818393,811800,802257,809211,804974
546,1,0,24,863835,857536,847590,842987,852880,837448,841838,839941,835579,842114,820412,818700,814477,808303,802421,813884,807308,797790,804707,800609
547,0,0,24,868750,862374,852423,847720,857649,842305,846647,844644,840280,846886,824756,823050,818657,812638,806717,818299,811767,802149,809036,804821
548,1,0,24,864131,857769,847804,843339,853288,837694,842172,840320,835899,842321,820712,819109,814722,808561,802779,814261,807650,798045,804908,800851
549,0,0,24,868794,862450,852516,847933,858001,842444,846813,844822,840461,846972,825061,823278,818980,812780,806925,818615,811872,802263,809216,805053
550,1,0,24,863770,857448,847449,842990,852834,837467,841900,839796,835592,841995,820320,818694,814380,808170,802528,814114,807344,797660,804829,800571
551,0,0,24,868812,862464,852535,847993,857916,842495,846875,844731,840426,847006,824876,823154,818795,812710,807026,818736,811945,802209,809322,805024
552,1,0,24,863812,857440,847519,843048,853013,837526,841937,839829,835664,842080,820392,818812,814482,808263,802539,814195,807375,797642,804844,800651
553,0,0,24,868653,862256,852344,847823,857750,842294,846713,844583,840398,846957,824848,823087,818664,812654,806793,818485,811746,802089,809050,805005
554,1,0,24,863848,857347,847426,842904,852790,837476,841956,839846,835504,842124,820331,818774,814330,808055,802352,813964,807267,797546,804572,800485
555,0,0,24,868598,862161,852263,847565,857576,842242,846633,844560,840223,846858,824737,823009,818593,812413,806718,818403,811633,801870,809022,804799
556,1,0,24,864122,857774,847737,843304,853061,837677,842123,840182,835700,842356,820602,818980,814688,808448,802766,814181,807613,797851,805102,800780
557,0,0,24,868939,862488,852531,848030,857872,842492,846926,844942,840430,847121,825052,823363,818941,812817,806976,818639,811935,802223,809438,805070
558,1,0,24,863655,857258,847182,842719,852634,837256,841652,839624,835355,841910,820196,818609,814050,808026,802176,813730,807186,797333,804567,800378
559,0,0,24,868837,862421,852425,847773,857777,842409,846797,844780,840464,846994,824972,823295,818742,812808,806891,818568,811960,802111,809272,804985
560,1,0,24,863836,857446,847476,842873,852884,837523,841819,839914,835597,841901,820337,818828,814431,808205,802449,813998,807282,797605,804842,800535
561,0,0,24,868570,862125,852093,847446,857493,842074,846413,844437,840091,846484,824599,822886,818441,812360,806612,818219,811449,801800,808977,804656
562,1,0,24,864123,857707,847733,843289,853166,837815,842257,840176,835827,842189,820570,818971,814586,808444,802643,814285,807571,797966,805021,800760
563,0,0,24,868636,862191,852224,847671,857587,842223,846730,844539,840214,846596,824650,823070,818495,812515,806630,818311,811532,802009,809072,804640
564,1,0,24,863949,857393,847605,843064,853037,837487,842115,839949,835647,842080,820382,818843,814532,808315,802460,814005,807418,797743,804832,800741
565,0,0,24,868997,862348,852576,847873,857962,842445,847028,844780,840468,847026,825075,823282,818877,812762,806915,818513,811967,802297,809319,805162
566,1,0,24,863905,857548,847491,843144,853088,837573,842203,840047,835691,842297,820415,818888,814550,808376,802432,814073,807415,797893,804880,800644
567,0,0,24,868649,862326,852260,847734,857677,842267,846899,844568,840340,846939,824806,823105,818772,812641,806651,818396,811690,802166,809173,804854
568,1,0,24,864099,857574,847704,843174,852999,837693,842171,840044,835783,842273,820510,818921,814607,808493,802511,814276,807536,798016,804965,800766
569,0,0,24,868807,862426,852361,847862,857902,842445,846901,844777,840421,847040,824918,823288,818888,812768,806849,818524,811909,802311,809303,805115
570,1,0,24,863899,857409,847467,842980,852842,837457,841943,839825,835577,842074,820343,818557,814406,808139,802322,813871,807161,797748,804514,800539
571,0,0,24,868933,862392,852407,847771,857800,842506,846869,844715,840358,846927,824825,823077,818938,812576,806770,818420,811774,802217,809146,804997
572,1,0,24,864232,857682,847818,843295,853203,837779,842282,840205,835973,842316,820676,819001,814699,808489,802637,814324,807676,798110,805051,800818
573,0,0,24,868955,862434,852614,847844,857978,842467,846978,844813,840605,847143,825125,823284,818967,812688,806882,818705,811947,802416,809284,805058
574,1,0,24,863967,857471,847482,843020,852944,837574,842115,840049,835678,842069,820324,818753,814491,808225,802428,813996,807365,797774,804656,800534
575,0,0,24,868868,862299,852342,847724,857730,842262,846867,844704,840373,846807,824786,823143,818825,812593,806766,818550,811757,802202,809108,804803
576,1,0,24,864187,857509,847657,842901,853056,837535,841955,839942,835525,842076,820443,818776,814425,808080,802449,813845,807441,797823,804697,800656
577,0,0,24,868874,862307,852496,847699,857831,842327,846746,844640,840293,846907,824897,823175,818808,812561,806746,818393,811844,802278,809022,805044
578,1,0,24,863774,857237,847295,842805,852783,837339,841744,839730,835470,841878,820224,818447,814275,808050,802232,813766,807194,797611,804480,800340
579,0,0,24,869064,862444,852517,847882,858001,842533,846912,844817,840474,847013,824916,823320,818897,812715,806935,818567,811899,802343,809153,805024
580,1,0,24,864035,857544,847541,843056,853072,837600,841932,840013,835726,842200,820435,818691,814503,808307,802425,813943,807370,797807,804668,800546
581,0,0,24,868765,862313,852301,847709,857856,842348,846705,844745,840404,846964,824792,823124,818757,812688,806678,818378,811664,802130,808958,804839
582,1,0,24,864153,857516,847565,843072,853008,837618,841837,840112,835793,842165,820519,818795,814517,808281,802305,814033,807473,797812,804687,800567
583,0,0,24,868911,862249,852307,847803,857749,842325,846535,844626,840410,846774,824808,823126,818592,812605,806634,818343,811781,802093,808977,804853
584,1,0,24,864226,857812,847748,843225,853184,837864,842071,840085,835878,842289,820680,819035,814724,808410,802603,814247,807604,797917,804939,800783
585,0,0,24,868733,862350,852217,847701,857632,842335,846531,844579,840154,846719,824793,823100,818737,812463,806652,818357,811636,802032,808926,804774
586,1,0,24,864218,857655,847595,843148,853013,837657,842018,840192,835807,842276,820619,818901,814621,808375,802513,814321,807477,797837,804819,800672
587,0,0,24,868834,862326,852306,847695,857614,842252,846673,844676,840372,846960,824828,822957,818657,812584,806638,818557,811633,801981,808895,804751
588,1,0,24,864258,857838,847748,843256,853310,837780,842177,840326,835873,842441,820645,818979,814687,808522,802612,814235,807648,797973,804861,800828
589,0,0,24,868662,862385,852192,847604,857672,842237,846550,844569,840233,846896,824680,823055,818608,812459,806563,818342,811668,802027,808709,804793
590,1,0,24,864416,857913,847855,843292,853368,837879,842231,840345,835906,842437,820645,819075,814675,808525,802651,814328,807783,798058,804880,800886
591,0,0,24,868876,862555,852415,847730,857885,842441,846688,844740,840339,846971,824687,823205,818683,812591,806757,818489,811908,802201,808960,804875
592,1,0,24,864163,857590,847730,843033,853127,837525,842013,840048,835679,842261,820285,818778,814397,808227,802473,813933,807572,797848,804761,800668
593,0,0,24,869087,862523,852606,847884,857939,842333,846910,844851,840545,847046,824872,823337,818899,812715,806892,818473,812036,802288,809210,805112
594,1,0,24,863989,857350,847561,842987,852943,837523,841864,840003,835591,842088,820219,818633,814332,808136,802313,814032,807450,797644,804532,800605
595,0,0,24,868657,862252,852245,847626,857657,842236,846479,844624,840186,846779,824516,822967,818458,812337,806493,818238,811640,801977,808721,804817
596,1,0,24,864016,857460,847540,842966,852926,837458,841873,839807,835514,842057,820237,818697,814392,808241,802375,813908,807481,797680,804578,800581
597,0,0,24,868974,862374,852383,847738,857828,842299,846753,844653,840379,846891,824817,823185,818827,812717,806765,818470,811947,802128,809074,804965
598,1,0,24,864229,857459,847684,843085,853105,837612,842124,839934,835762,842194,820475,818896,814585,808204,802675,814125,807610,797903,804892,800770
599,0,0,24,868839,862240,852415,847760,857941,842351,846783,844676,840417,846845,824816,823198,818833,812554,806948,818436,811909,802319,809071,804981
600,1,0,24,864190,857382,847646,843162,853071,837609,842071,840003,835732,842285,820464,818910,814633,808285,802573,814021,807604,797983,804837,800687
601,0,0,24,868843,862082,852385,847799,857688,842236,846719,844600,840313,846964,824785,823256,818646,812530,806813,818419,811866,802161,809044,804870
602,1,0,24,864173,857475,847673,843212,853076,837675,842043,839918,835738,842295,820614,818980,814628,808315,802742,814117,807650,798020,804987,800697
603,0,0,24,868868,862157,852321,847801,857697,842338,846672,844511,840366,846910,824870,823252,818800,812484,806944,818377,811860,802158,809171,804903
604,1,0,24,864169,857516,847423,843018,852914,837453,841929,839954,835594,842163,820473,818817,814627,808258,802654,813976,807475,797877,804778,800590
605,0,0,24,868882,862384,852230,847790,857745,842309,846704,844608,840278,846935,824967,823226,818981,812623,806876,818347,811971,802216,809221,804842
606,1,0,24,864056,857511,847741,843111,853125,837643,842144,840048,835709,842248,820588,818847,814615,808314,802681,813918,807705,797940,804868,800655
607,0,0,24,868860,862245,852334,847704,857713,842354,846702,844613,840358,846820,824837,823086,818774,812537,806828,818240,811942,802064,809017,804772
608,1,0,24,864375,857507,847883,843338,853218,837818,842288,840137,835890,842377,820778,819057,814771,808382,802859,814141,807785,798083,805111,800795
609,0,0,24,869091,862272,852611,847951,857893,842496,846968,844712,840418,847077,825197,823223,818903,812616,807091,818627,812002,802329,809368,804998
610,1,0,24,864051,857422,847528,842989,852859,837545,841968,839839,835627,842025,820477,818717,814439,808306,802574,814012,807488,797791,804785,800651
611,0,0,24,868907,862259,852327,847719,857618,842389,846754,844539,840315,846790,824913,823094,818767,812600,806873,818559,811960,802204,809250,804938
612,1,0,24,864434,857811,847963,843358,853297,837954,842348,840277,836009,842579,820835,819180,814774,808687,802915,814219,807691,798182,805193,800922
613,0,0,24,868792,862146,852309,847680,857699,842375,846693,844615,840304,846974,824858,823092,818779,812717,806843,818329,811822,802144,809110,804879
614,1,0,24,864125,857397,847525,843099,852972,837611,842086,840017,835820,842251,820515,818849,814430,808399,802690,814160,807550,797935,804833,800647
615,0,0,24,868774,862173,852223,847685,857785,842298,846757,844603,840398,846938,824756,823129,818632,812583,806882,818454,811808,802157,809087,804833
616,1,0,24,863896,857566,847716,843149,853084,837698,842232,840128,835880,842320,820564,818981,814571,808511,802712,814153,807553,797911,804971,800645
617,0,0,24,868770,862418,852475,847880,857960,842498,847002,844789,840577,847003,824911,823335,818890,812732,807022,818624,811883,802197,809252,804929
618,1,0,24,864047,857407,847546,843085,853049,837666,842152,840153,835813,842207,820473,818961,814495,808414,802623,814033,807513,797979,804879,800644
619,0,0,24,868990,862463,852577,847964,858061,842643,846996,845014,840692,847189,825122,823536,818926,812958,807046,818693,812033,802488,809326,805056
620,1,0,24,863869,857469,847602,843098,852963,837652,842056,840076,835710,842217,820474,818914,814379,808331,802503,814116,807425,797828,804744,800638
621,0,0,24,868761,862362,852443,847865,857933,842566,846893,844812,840478,847093,824953,823319,818795,812738,806966,818577,811878,802268,809164,804944
622,1,0,24,864169,857447,847632,843164,853199,837707,842090,840226,835725,842378,820656,819011,814548,808356,802735,814125,807607,797913,804917,800859
623,0,0,24,868878,862267,852323,847810,857909,842470,846855,844805,840396,847024,824961,823319,818863,812618,807023,818440,811894,802086,809179,805000
624,1,0,24,864458,857897,848039,843489,853485,838026,842285,840522,836181,842596,820913,819380,814920,808753,802979,814327,807951,798214,805173,800986
625,0,0,24,868697,862205,852278,847717,857760,842282,846587,844717,840361,846856,824788,823227,818716,812580,806790,818262,811791,802097,808830,804748
626,1,0,24,864007,857357,847509,843056,852991,837561,841866,839937,835673,842103,820472,818780,814388,808305,802529,814054,807428,797764,804821,800459
627,0,0,24,868577,862026,852063,847569,857578,842148,846439,844425,840184,846704,824670,822910,818387,812511,806657,818219,811531,801890,808904,804576
628,1,0,24,863814,857314,847312,842908,852921,837452,841803,839785,835498,842012,820270,818639,814156,808095,802410,813802,807300,797627,804621,800335
629,0,0,24,868781,862378,852236,847749,857889,842328,846701,844657,840303,846940,824873,823139,818647,812665,806809,818396,811757,802144,809038,804759
630,1,0,24,864242,857871,847782,843330,853398,837746,842218,840244,835867,842408,820720,819031,814539,808557,802883,814249,807641,797985,805008,800714
631,0,0,24,868666,862268,852208,847624,857835,842152,846610,844665,840197,846819,824765,823006,818427,812626,806758,818363,811727,801982,808802,804645
632,1,0,24,864301,857920,847804,843340,853380,837899,842160,840290,835873,842586,820842,819175,814572,808647,802731,814323,807798,798089,805094,800732
633,0,0,24,868759,862483,852398,847753,857887,842414,846687,844608,840317,847017,824914,823216,818569,812686,806726,818385,811797,802097,809040,804782
634,1,0,24,863957,857636,847545,843076,853029,837540,842070,839995,835635,842155,820532,818841,814247,808324,802482,814038,807441,797748,804547,800579
635,0,0,24,868695,862449,852220,847718,857803,842295,846782,844592,840296,846941,824881,823161,818457,812655,806730,818451,811803,801994,808913,804818
636,1,0,24,864078,857747,847681,843217,853234,837636,842204,840060,835872,842357,820586,819047,814436,808534,802549,814303,807565,797978,804969,800819
637,0,0,24,868751,862359,852298,847828,857939,842284,846864,844567,840437,847034,824870,823237,818650,812780,806762,818596,811834,802215,809139,804993
638,1,0,24,863649,857177,847130,842696,852723,837129,841726,839719,835419,841907,820167,818535,813943,807982,802115,813683,807240,797537,804494,800284
639,0,0,24,868636,862187,852133,847659,857752,842166,846622,844626,840316,846828,824806,823038,818460,812592,806603,818249,811756,802112,809081,804754
640,1,0,24,864033,857647,847553,843108,852977,837648,842123,840044,835782,842283,820580,818799,814419,808385,802543,814094,807544,797919,804907,800620
641,0,0,24,868896,862377,852368,847878,857889,842414,846833,844710,840524,847111,824971,823245,818835,812819,806858,818489,811946,802161,809190,804932
642,1,0,24,863917,857423,847416,843053,852908,837461,841927,839860,835678,841998,820538,818789,814294,808258,802361,813969,807373,797766,804812,800546
643,0,0,24,868836,862336,852283,847829,857810,842352,846769,844570,840492,846933,825025,823261,818714,812634,806770,818531,811888,802209,809254,804853
644,1,0,24,864029,857485,847385,843031,852910,837485,841873,839913,835691,842207,820432,818740,814397,808187,802349,814010,807348,797759,804816,800591
645,0,0,24,869003,862514,852462,847911,857877,842373,846779,844691,840550,847084,825124,823294,818829,812679,806801,818531,811876,802272,809230,804999
646,1,0,24,864235,857611,847622,843185,853095,837643,842139,840015,835868,842310,820635,818860,814490,808346,802655,813925,807549,798024,804922,800692
647,0,0,24,868758,862274,852360,847815,857840,842271,846742,844528,840462,847028,824996,823059,818690,812600,806892,818285,811735,802232,809217,804809
648,1,0,24,864195,857679,847614,843142,853122,837713,841879,840040,835838,842408,820700,818904,814500,808357,802700,814125,807506,797845,805036,800727
649,0,0,24,868977,862481,852369,847894,857969,842427,846740,844702,840558,847118,825008,823202,818746,812671,807000,818444,811886,802165,809360,804995
650,1,0,24,864318,857746,847767,843307,853288,837723,842246,840208,836013,842537,820887,819034,814640,808530,802919,814217,807677,797983,804986,800742
651,0,0,24,868954,862307,852347,847695,857833,842328,846729,844633,840499,846973,825054,823072,818694,812596,806924,818313,811802,802081,809133,804864
652,1,0,24,864113,857724,847812,843297,853188,837660,842130,840231,835868,842431,820760,819100,814587,808494,802814,814180,807795,797987,805118,800809
653,0,0,24,868752,862387,852486,847824,857871,842359,846683,844744,840502,847083,825065,823338,818767,812650,806963,818435,811990,802184,809296,804951
654,1,0,24,864389,857690,847901,843255,853313,837860,842128,840250,836040,842532,820750,819031,814726,808600,802971,814301,807744,798077,804963,800868
655,0,0,24,868853,862266,852438,847708,857788,842220,846582,844667,840443,846993,824854,823055,818621,812637,806898,818466,811842,802142,809071,804805
656,1,0,24,863957,857341,847466,842888,852871,837282,841805,839905,835692,842184,820326,818717,814361,808167,802655,813887,807391,797733,804652,800517
657,0,0,24,868777,862301,852342,847701,857774,842223,846672,844817,840351,847017,824879,823158,818705,812684,806911,818369,811819,802127,809189,804901
658,1,0,24,864152,857748,847762,843201,853159,837660,842093,840171,835876,842372,820671,819011,814534,808455,802702,814310,807668,797788,804950,800837
659,0,0,24,868706,862406,852322,847693,857789,842262,846764,844611,840397,846872,824905,823151,818616,812609,806833,818403,811869,801908,809004,804872
660,1,0,24,864190,857580,847739,843123,853128,837765,842195,840087,835957,842454,820624,818938,814524,808395,802699,814228,807673,797935,804976,800782
661,0,0,24,868797,862272,852291,847624,857773,842269,846740,844669,840443,847062,824836,823128,818585,812548,806853,818354,811840,801994,809072,804886
662,1,0,24,864095,857559,847637,843101,853056,837661,842029,839993,835955,842313,820548,818911,814501,808397,802526,814031,807589,797731,804893,800624
663,0,0,24,868844,862279,852338,847695,857777,842315,846730,844606,840427,846993,824929,823203,818657,812623,806804,818339,811878,802041,809149,804828
664,1,0,24,863827,857391,847391,842994,852920,837437,841826,839880,835674,842079,820505,818716,814376,808014,802316,813911,807420,797581,804649,800542
665,0,0,24,868774,862238,852186,847735,857803,842253,846626,844611,840388,846857,824952,823149,818716,812409,806750,818317,811764,801949,809127,804858
666,1,0,24,863917,857535,847417,842947,852960,837567,842067,839839,835668,842200,820539,818759,814439,808172,802434,814039,807328,797563,804785,800539
667,0,0,24,868918,862403,852458,847810,857878,842415,846948,844623,840549,847146,825111,823295,818894,812733,806899,818494,811896,802118,809281,804989
668,1,0,24,863972,857394,847550,843191,852968,837709,842088,840089,835772,842240,820480,818841,814516,808333,802658,814195,807473,797885,804874,800633
669,0,0,24,868862,862261,852463,847875,857912,842502,846917,844805,840534,847049,824974,823374,818788,812712,806935,818517,811949,802251,809252,804913
670,1,0,24,864063,857436,847564,843120,853003,837557,842063,840002,835763,842164,820508,818843,814500,808280,802626,814109,807442,797792,804768,800580
671,0,0,24,868687,862138,852120,847645,857576,842230,846589,844536,840375,846764,824737,823058,818549,812464,806756,818233,811692,802007,808950,804753
672,1,0,24,864038,857502,847610,843278,852977,837536,842093,839946,835799,842255,820562,818952,814573,808338,802578,813984,807617,797784,804870,800697
673,0,0,24,868901,862487,852494,848083,857885,842448,846869,844783,840615,847071,825035,823332,818991,812761,806984,818468,812074,802208,809206,805022
674,1,0,24,864169,857489,847621,843264,852966,837599,842022,840083,835882,842443,820563,819053,814596,808326,802723,814106,807644,797877,804910,800901
675,0,0,24,868736,862115,852164,847586,857458,842138,846508,844514,840319,846903,824746,823036,818677,812319,806762,818226,811758,801961,808918,804875
676,1,0,24,864018,857588,847591,843249,852974,837490,842028,839920,835667,842287,820533,818873,814628,808267,802536,813960,807583,797736,804839,800641
677,0,0,24,868810,862323,852350,847840,857718,842217,846749,844680,840337,846976,824912,823252,818821,812610,806768,818334,811839,801962,809098,804901
678,1,0,24,864132,857515,847721,843112,853021,837584,842063,840072,835848,842420,820639,818965,814541,808184,802648,814043,807582,797841,804984,800685
679,0,0,24,868803,862218,852446,847865,857798,842364,846799,844611,840543,847101,825029,823295,818878,812468,806876,818468,811874,802219,809252,804903
680,1,0,24,864088,857580,847729,843257,853087,837696,842174,840010,835897,842389,820778,819077,814674,808451,802786,814225,807654,797820,804974,800794
681,0,0,24,868645,862101,852114,847726,857520,842103,846622,844397,840276,846848,824889,823071,818586,812490,806675,818220,811778,801867,809021,804752
682,1,0,24,864280,857565,847709,843400,853192,837768,842209,840114,835903,842340,820814,818913,814710,808518,802781,814048,807720,797999,804932,800939
683,0,0,24,869023,862308,852537,848080,857892,842401,846896,844646,840566,847046,825079,823185,818835,812764,806981,818480,811997,802266,809173,805101
684,1,0,24,863838,857281,847477,843050,852904,837346,841819,839732,835676,842174,820515,818800,814464,808108,802443,813820,807379,797727,804690,800619
685,0,0,24,868496,862079,852197,847742,857562,842146,846575,844422,840281,846821,824865,823007,818669,812305,806587,818097,811641,801936,808964,804764
686,1,0,24,864045,857569,847586,843211,853000,837525,842022,839985,835767,842331,820569,818946,814411,808331,802618,813968,807534,797695,804887,800687
687,0,0,24,868773,862289,852341,847941,857679,842343,846850,844706,840464,847087,824970,823239,818716,812672,806894,818348,811941,802013,809202,804939
688,1,0,24,864006,857433,847539,843093,852969,837459,841933,839825,835828,842181,820571,818904,814548,808281,802644,813912,807502,797823,804872,800530
689,0,0,24,868952,862390,852417,847964,857917,842348,846895,844633,840540,847110,825077,823395,818956,812658,806976,818489,812089,802226,809266,804933
690,1,0,24,864331,857920,847870,843429,853366,837765,842353,840195,836014,842478,820852,819174,814905,808539,802918,814322,807994,798105,805117,801007
691,0,0,24,868610,862225,852323,847794,857795,842106,846661,844591,840357,846896,824870,823163,818771,812494,806805,818283,812001,802005,808978,804924
692,1,0,24,864141,857427,847611,843266,853065,837587,841912,839898,835717,842248,820620,818817,814501,808313,802613,814083,807657,797729,804808,800644
693,0,0,24,868772,862133,852227,847702,857714,842153,846541,844384,840230,846924,824808,823064,818627,812554,806727,818402,811739,801875,808902,804742
694,1,0,24,864061,857585,847607,843146,853026,837412,841926,839935,835701,842257,820474,818759,814523,808122,802567,813959,807443,797715,804919,800598
695,0,0,24,868961,862497,852540,848085,857935,842419,846872,844861,840573,847102,825047,823221,818910,812497,806998,818463,812067,802243,809352,805067
696,1,0,24,864224,857506,847807,843418,853180,837626,842118,840079,835948,842371,820798,818977,814696,808339,802786,814176,807659,797941,804966,800842
697,0,0,24,869005,862331,852514,847959,857910,842341,846767,844752,840516,847039,825125,823221,818892,812615,806929,818437,811945,802237,809117,805075
698,1,0,24,864073,857574,847703,843342,853101,837597,842114,840178,835944,842449,820748,818989,814716,808183,802735,814244,807618,797936,804919,800933
699,0,0,24,868586,862038,852240,847775,857621,842157,846652,844560,840359,846911,824877,823129,818615,812282,806757,818321,811727,802013,808919,804890
700,1,0,24,864174,857591,847747,843346,853272,837651,842247,840068,835859,842455,820631,819112,814714,808314,802741,814108,807732,798063,804957,800874
701,0,0,24,868683,861965,852185,847706,857690,842116,846607,844404,840249,846847,824728,823084,818775,812424,806690,818196,811732,802073,808870,804762
702,1,0,24,864002,857415,847570,843118,852949,837383,841937,839963,835686,842200,820468,818922,814691,808186,802569,813932,807477,797760,804643,800658
703,0,0,24,868856,862324,852438,847915,857858,842244,846780,844779,840470,846992,824970,823345,819082,812638,806991,818289,811857,802123,809051,804998
704,1,0,24,863979,857237,847549,843126,853104,837387,842061,839955,835615,842245,820521,818796,814558,808211,802507,813865,807469,797754,804676,800594
705,0,0,24,868687,861982,852223,847802,857720,842110,846757,844565,840321,846922,824975,823093,818836,812462,806718,818123,811770,802073,808912,804845
706,1,0,24,864075,857429,847579,843225,853102,837554,842084,840097,835780,842315,820600,819035,814529,808181,802659,813817,807613,797791,804882,800611
707,0,0,24,868846,862203,852288,847918,857901,842312,846918,844777,840450,847071,824906,823429,818832,812542,806806,818292,811951,802076,809201,804811
708,1,0,24,863913,857255,847354,842952,852862,837471,841920,839835,835490,842165,820383,818768,814376,808042,802443,813782,807299,797581,804694,800422
709,0,0,24,868803,862265,852375,847888,857901,842415,846797,844694,840388,847105,824888,823291,818814,812604,806810,818280,811832,802062,809234,804925
710,1,0,24,864171,857577,847785,843356,853239,837561,842200,840096,835838,842455,820471,819021,814639,808315,802714,814053,807596,797851,804955,800704
711,0,0,24,868968,862324,852547,848022,858004,842418,846901,844790,840558,847294,824928,823366,818973,812605,807014,818476,811994,802174,809197,804996
712,1,0,24,864186,857386,847629,843225,853087,837584,842074,840045,835898,842339,820522,818954,814544,808239,802685,814040,807579,797859,804823,800694
713,0,0,24,868980,862300,852319,847914,857873,842390,846775,844574,840573,847070,824950,823362,818811,812595,806964,818467,812020,802187,809115,804994
714,1,0,24,864110,857410,847509,843069,853121,837594,841928,839943,835697,842297,820366,818841,814447,808195,802554,813904,807439,797779,804889,800596
715,0,0,24,868785,862286,852359,847849,857936,842342,846725,844559,840509,847084,824807,823262,818757,812566,806845,818335,811817,802168,809235,804959
716,1,0,24,864293,857767,847799,843375,853244,837753,842268,840181,835967,842491,820638,819130,814689,808494,802874,814262,807756,798076,805249,800800
717,0,0,24,868978,862456,852408,847900,857904,842346,846907,844659,840557,847070,824940,823299,818801,812614,806943,818459,811967,802212,809348,804966
718,1,0,24,864182,857647,847562,843175,853136,837548,842082,839941,835808,842311,820439,818974,814535,808236,802610,814097,807602,797877,804982,800693
719,0,0,24,869009,862446,852409,847881,857888,842281,846798,844587,840506,847082,824780,823294,818862,812542,806892,818468,811854,802197,809292,804886
720,1,0,24,864184,857769,847738,843252,853356,837714,842175,840053,836005,842400,820617,819013,814700,808478,802640,814171,807668,797922,805072,800747
721,0,0,24,868839,862559,852412,847894,858015,842476,846838,844761,840613,847056,824960,823276,818822,812729,806960,818442,811955,802268,809363,804928
722,1,0,24,864296,857645,847739,843334,853215,837820,842129,840191,835878,842358,820600,819039,814673,808291,802713,814171,807680,797976,805036,800800
723,0,0,24,868510,861937,852033,847450,857543,842056,846351,844266,840093,846608,824467,822810,818437,812122,806537,817990,811524,801785,808807,804564
724,1,0,24,864132,857585,847634,843299,853202,837718,842104,840009,835771,842268,820589,819022,814426,808371,802637,813981,807505,797855,805022,800566
725,0,0,24,868812,862212,852264,847865,857850,842350,846708,844555,840313,846845,824796,823200,818700,812555,806811,818220,811701,802098,809071,804778
726,1,0,24,864094,857473,847542,843147,853187,837530,842069,840002,835682,842063,820442,818823,814478,808171,802577,813949,807428,797650,804688,800517
727,0,0,24,869040,862421,852424,847909,858112,842387,846947,844704,840585,847056,824978,823302,818857,812654,806975,818528,811909,802186,809135,804986
728,1,0,24,864179,857673,847736,843211,853355,837660,842211,840134,835847,842409,820652,819060,814590,808239,802655,814045,807604,797963,805034,800785
729,0,0,24,868843,862272,852254,847733,857896,842260,846749,844591,840403,847033,824838,823145,818662,812395,806682,818342,811830,802117,809144,804910
730,1,0,24,863949,857488,847536,843012,853186,837557,842058,840005,835667,842125,820538,818805,814446,808179,802454,813786,807466,797791,804769,800630
731,0,0,24,868760,862362,852397,847848,858013,842461,846776,844784,840416,847005,824966,823258,818749,812537,806725,818280,811984,802189,809183,804989
732,1,0,24,863992,857460,847480,843033,853130,837782,841966,839923,835691,842328,820449,818839,814531,808183,802530,814052,807582,797802,804722,800638
733,0,0,24,868771,862368,852348,847845,857995,842567,846701,844716,840451,847053,824932,823228,818769,812555,806772,818436,811914,802131,809054,804910
734,1,0,24,863918,857555,847577,843236,853177,837765,841988,839894,835686,842287,820587,818873,814504,808295,802488,814171,807590,797850,804893,800660
735,0,0,24,868745,862289,852369,847892,857904,842554,846757,844559,840372,847047,825000,823115,818723,812612,806750,818496,812000,802142,809214,804977
736,1,0,24,863755,857186,847264,842982,852851,837506,841784,839640,835502,842002,820376,818597,814299,808057,802346,813904,807320,797602,804589,800520
737,0,0,24,868624,862101,852145,847737,857835,842400,846531,844391,840193,846819,824803,823083,818608,812400,806641,818450,811691,801989,808984,804797
738,1,0,24,864001,857512,847475,843170,853069,837716,841990,839936,835656,842172,820450,818774,814516,808240,802499,814150,807545,797873,804909,800663
739,0,0,24,868670,862187,852304,847668,857661,842331,846659,844479,840181,846752,824689,823043,818661,812459,806697,818378,811736,801993,809018,804819
740,1,0,24,864075,857608,847800,843260,853390,837861,842144,840167,835855,842234,820666,819090,814865,808320,802706,814314,807691,797940,805089,800862
741,0,0,24,868562,862004,852304,847604,857799,842306,846550,844453,840168,846628,824792,823098,818724,812319,806585,818293,811670,801992,809060,804829
742,1,0,24,864179,857652,847791,843302,853439,837892,842260,840057,835885,842312,820690,818991,814848,808291,802684,814234,807714,798053,805063,800895
743,0,0,24,868593,862123,852263,847622,857831,842194,846614,844333,840275,846662,824758,823009,818687,812271,806615,818122,811693,801941,809016,804781
744,1,0,24,863881,857435,847550,842973,853006,837575,841891,839796,835705,842184,820560,818824,814516,808113,802427,814008,807403,797736,804645,800633
745,0,0,24,868703,862333,852353,847666,857942,842329,846704,844570,840404,846863,824929,823194,818726,812537,806641,818361,811801,802116,808976,804881
746,1,0,24,863953,857302,847450,843079,853079,837574,841909,839796,835559,842103,820412,818883,814534,808149,802445,813983,807395,797824,804916,800569
747,0,0,24,868762,862143,852334,847742,857924,842362,846720,844515,840324,846857,824797,823290,818884,812482,806771,818433,811825,802110,809216,804844
748,1,0,24,864203,857759,847637,843241,853236,837689,842137,839986,835736,842235,820632,819014,814732,808341,802528,814224,807703,797857,804992,800744
749,0,0,24,868821,862389,852284,847781,857791,842270,846680,844572,840288,846760,824807,823197,818850,812534,806605,818399,811875,802052,809100,804859
750,1,0,24,863949,857485,847393,843081,853107,837606,841942,839858,835678,842212,820402,818826,814442,808135,802494,814064,807418,797761,804797,800564
751,0,0,24,868821,862325,852267,847781,857873,842420,846582,844615,840305,846924,824876,823165,818776,812537,806662,818428,811873,802008,809209,804869
752,1,0,24,863988,857543,847470,843110,853130,837674,841910,839971,835679,842123,820521,818757,814364,808278,802380,813981,807464,797687,804831,800684
753,0,0,24,868702,862271,852208,847744,857858,842346,846485,844617,840317,846787,824788,823078,818628,812508,806620,818318,811721,802018,809153,804853
754,1,0,24,863971,857564,847517,843096,853104,837637,841919,839999,835662,842263,820542,818865,814503,808292,802479,814010,807544,797751,804831,800551
755,0,0,24,868756,862441,852389,847894,857938,842395,846722,844717,840453,846998,824931,823264,818854,812625,806785,818433,811902,802111,809207,804914
756,1,0,24,863949,857538,847633,843080,852965,837583,841845,839976,835640,842130,820477,818896,814463,808217,802543,814022,807402,797779,804882,800674
757,0,0,24,868855,862259,852388,847771,857759,842381,846593,844627,840348,846870,824904,823195,818743,812597,806789,818369,811797,802047,809188,804985
758,1,0,24,864098,857473,847555,843041,852827,837588,841695,839965,835598,842133,820549,818863,814338,808270,802536,813964,807466,797893,804902,800669
759,0,0,24,869018,862364,852368,847883,857719,842428,846546,844687,840446,846885,825099,823268,818790,812759,806911,818406,811953,802281,809239,805000
760,1,0,24,864124,857625,847804,843126,853041,837581,842026,840104,835726,842232,820636,818916,814677,808448,802626,814099,807649,797856,804973,800857
761,0,0,24,868587,862076,852220,847450,857405,842002,846348,844371,840157,846725,824686,822950,818662,812454,806591,818119,811632,801874,808957,804744
762,1,0,24,864069,857510,847655,843136,853082,837731,841898,840051,835725,842206,820657,818981,814622,808382,802508,814117,807419,797977,805036,800815
763,0,0,24,868902,862409,852540,847853,857885,842544,846710,844796,840512,846993,825101,823288,818839,812813,806848,818438,811872,802316,809365,805120
764,1,0,24,864130,857544,847689,843155,853049,837805,841997,840100,835698,842370,820568,818919,814520,808451,802618,814043,807435,797858,804977,800789
765,0,0,24,868920,862374,852361,847845,857813,842517,846605,844701,840353,846986,824877,823187,818811,812687,806923,818414,811805,802161,809164,804977
766,1,0,24,863987,857475,847595,843138,853043,837698,841794,839986,835825,842194,820485,818816,814495,808344,802543,814136,807450,797917,804864,800799
767,0,0,24,868722,862156,852404,847777,857794,842394,846553,844561,840520,846962,824852,823106,818757,812636,806733,818385,811761,802124,809160,804992
768,1,0,24,864210,857705,847745,843282,853143,837834,842111,840140,835970,842371,820674,819075,814646,808456,802759,814233,807528,798035,805100,800882
769,0,0,24,868769,862265,852289,847776,857693,842326,846610,844578,840414,846919,824820,823171,818739,812510,806743,818373,811730,802099,809154,804940
770,1,0,24,863696,857157,847235,842824,852676,837269,841480,839601,835400,841874,820199,818451,814247,808058,802219,813760,807091,797556,804429,800528
771,0,0,24,868873,862317,852480,847931,857940,842450,846610,844678,840511,847012,824933,823127,818854,812709,806901,818616,811894,802249,809165,805091
772,1,0,24,863959,857502,847557,843131,853048,837643,841823,839912,835753,842279,820498,818863,814510,808347,802564,813910,807511,797762,804808,800720
773,0,0,24,868656,862127,852242,847640,857749,842150,846405,844533,840303,846843,824704,823051,818652,812558,806796,818199,811723,801946,808905,804909
774,1,0,24,864058,857487,847522,843128,853123,837604,841802,840056,835779,842210,820422,818945,814388,808370,802432,813901,807567,797756,804808,800797
775,0,0,24,868899,862364,852326,847891,857860,842376,846567,844699,840492,846986,824803,823246,818801,812659,806744,818356,811914,802094,809190,805045
776,1,0,24,863788,857261,847333,843042,852838,837377,841781,839946,835595,842003,820285,818661,814339,808154,802437,813905,807404,797644,804601,800693
777,0,0,24,868992,862285,852532,848058,857939,842442,846765,844846,840618,847109,824969,823206,818877,812837,806914,818574,812024,802232,809178,805251
778,1,0,24,864167,857563,847663,843278,853060,837655,841982,840144,835826,842295,820463,818889,814566,808493,802794,814104,807628,797819,804798,800781
779,0,0,24,868723,862125,852237,847795,857701,842301,846551,844605,840318,846768,824724,823006,818652,812631,806817,818355,811775,801944,808851,804825
780,1,0,24,864034,857443,847499,843151,852927,837706,841970,839930,835767,842254,820407,818717,814543,808234,802492,813909,807344,797705,804664,800715
781,0,0,24,868816,862238,852156,847758,857617,842376,846596,844423,840392,846849,824683,822959,818714,812524,806740,818278,811654,801983,808925,804945
782,1,0,24,863986,857270,847469,843048,852888,837578,841866,839863,835577,842129,820334,818648,814351,808292,802423,813944,807437,797609,804621,800627
783,0,0,24,868528,861907,852039,847537,857457,842196,846456,844413,840241,846672,824599,822794,818513,812411,806569,818238,811658,801788,808725,804649
784,1,0,24,863991,857161,847422,842968,852945,837492,841889,839801,835715,842147,820322,818715,814435,808170,802457,813843,807412,797550,804650,800563
785,0,0,24,868870,861919,852272,847746,857774,842351,846784,844484,840469,847019,824809,823077,818740,812558,806806,818235,811848,802014,808954,804929
786,1,0,24,864230,857466,847576,843188,853186,837734,841949,839942,835817,842452,820512,818931,814657,808459,802739,814076,807650,797879,804959,800702
787,0,0,24,869134,862419,852499,847979,858064,842672,846866,844716,840655,847277,825035,823467,819061,812937,807212,818656,812205,802442,809408,805135
788,1,0,24,864182,857347,847469,843094,853040,837629,841869,839822,835681,842237,820427,818828,814580,808337,802667,814107,807449,797857,804733,800659
789,0,0,24,869040,862335,852464,847999,858078,842608,846810,844678,840494,847136,825069,823289,818938,812822,807041,818619,811974,802302,809203,805082
790,1,0,24,864199,857453,847540,843216,853192,837621,841992,839901,835721,842357,820551,818877,814637,808462,802677,814167,807531,797796,804698,800674
791,0,0,24,868857,862146,852132,847704,857801,842230,846599,844493,840186,846943,824762,823021,818633,812603,806687,818236,811698,801914,808797,804740
792,1,0,24,864156,857313,847438,843076,853134,837520,841781,839985,835552,842287,820530,818765,814407,808310,802459,813875,807404,797482,804596,800637
793,0,0,24,869093,862347,852288,847859,857992,842367,846616,844675,840390,847079,824985,823202,818713,812726,806784,818450,811875,801990,809097,805008
794,1,0,24,864024,857319,847409,843036,853117,837471,841703,839726,835678,842195,820379,818667,814285,808187,802484,813954,807475,797541,804504,800518
795,0,0,24,868981,862378,852352,847977,858117,842439,846700,844730,840558,847134,824994,823279,818773,812808,806978,818554,812064,802137,809155,805070
796,1,0,24,864187,857609,847499,843158,853177,837633,841911,840207,835739,842334,820598,818997,814568,808438,802678,814195,807544,797732,804881,800717
797,0,0,24,868836,862248,852128,847817,857928,842268,846612,844765,840383,847015,824852,823120,818878,812695,806906,818511,811816,802007,809181,804896
798,1,0,24,863880,857333,847131,842857,852877,837312,841651,839775,835421,842099,820123,818512,814389,808084,802339,813662,807264,797369,804565,800344
799,0,0,24,868837,862271,852226,847758,857880,842422,846675,844752,840373,847083,824799,823069,818883,812690,806858,818349,811868,801942,809089,804857
800,1,0,24,864180,857498,847529,843083,853125,837659,841863,840072,835728,842376,820318,818847,814669,808241,802659,813971,807532,797790,804873,800672
801,0,0,24,869093,862405,852362,847966,858028,842568,846705,844868,840513,847253,824896,823322,819052,812686,806934,818453,812026,802161,809241,805068
802,1,0,24,864015,857448,847409,842926,852916,837511,841764,839904,835563,842233,820323,818738,814441,808242,802396,813991,807369,797588,804546,800536
803,0,0,24,868683,862158,852089,847628,857565,842175,846473,844520,840067,846807,824622,822931,818669,812624,806621,818340,811734,801780,808706,804729
804,1,0,24,863908,857625,847520,843014,853119,837628,841976,840121,835655,842361,820502,818811,814587,808513,802546,814150,807489,797688,804706,800628
805,0,0,24,868427,862135,852081,847539,857634,842137,846543,844562,840155,846922,824762,822963,818770,812592,806625,818161,811645,801894,808749,804737
806,1,0,24,864296,857748,847730,843255,853273,837800,842179,840052,835776,842379,820646,819008,814958,808583,802776,814164,807676,797822,804814,800873
807,0,0,24,868821,862242,852293,847645,857756,842363,846697,844541,840255,846851,824842,823108,819073,812734,806839,818396,811853,801938,808983,804908
808,1,0,24,864126,857557,847706,843190,853179,837757,842051,840034,835764,842301,820642,818908,814849,808324,802609,814089,807605,797773,804946,800776
809,0,0,24,868937,862391,852428,847904,858048,842469,846841,844725,840510,846997,825007,823295,819026,812638,806925,818484,811951,802018,809342,805019
810,1,0,24,864211,857782,847797,843387,853327,837778,842217,840257,835988,842462,820779,819115,814879,808635,802945,814315,807853,797904,805116,800947
811,0,0,24,868828,862375,852306,847854,857827,842295,846629,844702,840432,846964,824903,823215,819004,812769,806992,818435,811894,801923,809185,804950
812,1,0,24,864021,857531,847604,843150,853184,837651,841931,840052,835825,842304,820515,818882,814692,808438,802740,814202,807636,797658,804788,800754
813,0,0,24,868738,862305,852362,847858,857979,842410,846604,844635,840409,846916,824841,823134,818857,812805,806942,818380,811887,801930,809015,805007
814,1,0,24,863885,857480,847468,843051,853000,837594,841709,839875,835626,842107,820238,818666,814547,808329,802536,814040,807391,797582,804628,800556
815,0,0,24,868908,862449,852483,847903,858003,842557,846671,844850,840488,847005,824861,823277,819037,812812,806961,818663,811926,802010,809131,805045
816,1,0,24,863977,857529,847498,843050,853066,837586,841863,839878,835769,842312,820384,818786,814540,808255,802665,814014,807508,797588,804720,800627
817,0,0,24,868887,862385,852408,847834,857817,842382,846644,844728,840600,847103,824945,823212,818954,812728,806955,818438,811942,802018,809044,804983
818,1,0,24,864311,857683,847700,843355,853436,837823,842085,840138,836023,842558,820734,819106,814934,808486,802797,814243,807725,797945,804861,800964
819,0,0,24,868886,862220,852217,847809,857979,842367,846591,844600,840522,847076,824965,823215,818917,812634,806879,818484,811868,802080,809058,804949
820,1,0,24,864345,857656,847688,843313,853395,837828,842165,840025,835939,842520,820721,819069,814905,808520,802828,814444,807784,797832,804939,800801
821,0,0,24,868775,862203,852122,847726,857834,842288,846624,844498,840304,846899,824782,822987,818810,812487,806810,818514,811758,801829,808941,804707
822,1,0,24,864199,857705,847649,843138,853180,837671,841980,840231,835842,842403,820591,819035,814790,808563,802853,814185,807686,797822,804787,800787
823,0,0,24,869017,862545,852430,848003,858005,842497,846805,844917,840612,847184,825024,823382,819146,812798,807189,818567,812099,802188,809235,805086
824,1,0,24,863856,857307,847361,843014,852898,837453,841775,839858,835562,842115,820319,818699,814448,808144,802653,813918,807280,797549,804715,800486
825,0,0,24,868972,862332,852405,847912,857962,842537,846907,844798,840554,847144,824975,823342,819052,812705,807174,818533,812011,802184,809348,805060
826,1,0,24,864472,857922,847854,843513,853365,837901,842173,840241,836165,842598,820905,819172,815137,808674,803143,814461,807897,798069,805161,800964
827,0,0,24,868987,862514,852471,847995,858011,842490,846798,844696,840608,847123,825172,823406,819223,812781,807245,818703,812090,802253,809200,805117
828,1,0,24,864378,857766,847656,843244,853278,837868,842031,840031,835885,842358,820627,818952,814819,808464,802863,814231,807533,797876,805061,800804
829,0,0,24,869038,862393,852271,847756,857877,842378,846697,844549,840462,846984,824824,823086,818852,812611,806931,818449,811773,802005,809076,804800
830,1,0,24,864296,857770,847614,843249,853333,837791,842123,839926,835921,842380,820695,818979,814747,808471,802865,814215,807390,797873,804881,800841
831,0,0,24,869152,862649,852521,848100,858196,842561,846878,844685,840757,847287,825120,823406,819142,812817,807248,818599,811942,802270,809465,805160
832,1,0,24,864205,857572,847549,843220,853153,837684,842105,840070,835874,842290,820464,818858,814799,808346,802920,814195,807531,797867,804919,800808
833,0,0,24,869278,862582,852600,848148,858183,842735,847079,844901,840812,847301,825111,823511,819115,813024,807347,818822,812112,802449,809388,805255
834,1,0,24,864183,857647,847672,843142,853118,837709,842137,840008,835935,842434,820578,818989,814662,808594,802856,814189,807616,797904,804909,800774
835,0,0,24,868883,862318,852335,847750,857875,842277,846727,844517,840484,847125,824825,823070,818780,812755,806976,818339,811809,802059,809106,804880
836,1,0,24,864205,857621,847680,843205,853201,837618,841955,840244,835927,842460,820461,818787,814778,808450,802820,814071,807441,797906,804782,800732
837,0,0,24,868850,862379,852267,847729,857812,842254,846633,844641,840321,847113,824718,823061,818837,812552,806946,818341,811735,802013,809034,804805
838,1,0,24,864412,857848,847782,843311,853196,837900,842297,840177,835907,842602,820604,819063,814728,808656,802864,814271,807643,797938,804918,800722
839,0,0,24,869327,862670,852661,848143,858055,842727,847179,845021,840738,847411,825111,823504,819159,813035,807302,818729,812088,802384,809393,805073
840,1,0,24,864178,857607,847561,843132,853034,837668,842035,840023,835782,842377,820458,818925,814755,808456,802744,814138,807531,797812,804813,800591
841,0,0,24,868892,862349,852254,847853,857758,842365,846792,844702,840378,846964,824921,823241,818996,812701,806870,818513,811793,802103,809161,804842
842,1,0,24,864222,857699,847588,843182,853090,837722,841978,840126,835908,842484,820499,818970,814751,808417,802766,814198,807544,797835,804906,800581
843,0,0,24,869198,862666,852515,848006,858089,842627,846893,844852,840748,847359,824963,823426,819175,812950,807102,818552,811996,802184,809277,804909
844,1,0,24,864420,857846,847845,843429,853404,837900,842248,840189,836079,842609,820616,819053,814854,808580,802775,814384,807896,797960,805208,800903
845,0,0,24,868920,862473,852408,847909,857923,842446,846789,844623,840565,847165,824835,823202,818831,812711,806895,818426,811949,802020,809167,804917
846,1,0,24,864188,857528,847499,843047,852948,837666,841967,839909,835713,842359,820431,818760,814553,808379,802535,814110,807452,797728,804673,800689
847,0,0,24,869047,862470,852436,847979,857960,842490,846835,844771,840550,847211,824978,823334,819029,812741,806952,818537,811927,802063,809105,804997
848,1,0,24,864439,857957,847945,843484,853277,837928,842231,840196,836082,842658,820665,819163,814802,808704,802906,814460,807720,797996,805153,800979
849,0,0,24,868891,862523,852474,847855,857880,842473,846642,844673,840457,847135,824815,823163,818821,812745,806933,818526,811789,802095,809268,805004
850,1,0,24,864383,857700,847761,843408,853315,837825,842153,840086,835982,842507,820628,819063,814858,808677,802907,814214,807739,798002,805043,800855
851,0,0,24,868805,862114,852223,847709,857718,842297,846553,844393,840334,846900,824653,823099,818821,812559,806846,818298,811807,801971,809035,804773
852,1,0,24,864118,857649,847811,843172,853225,837814,841972,840005,835795,842461,820450,818951,814678,808453,802740,814078,807594,797945,805095,800688
853,0,0,24,868950,862519,852532,847829,857922,842526,846758,844658,840515,847171,824881,823245,818844,812769,806934,818452,811981,802113,809319,804989
854,1,0,24,864427,857744,847857,843155,853211,837767,842204,840130,835884,842449,820528,818988,814745,808565,802819,814146,807579,797792,805124,800719
855,0,0,24,868993,862479,852567,847785,857934,842456,846901,844772,840514,847050,824840,823310,818961,812736,806998,818405,811866,802137,809377,804895
856,1,0,24,864081,857522,847516,842965,853034,837555,841956,839876,835807,842240,820383,818803,814542,808384,802642,814044,807353,797623,804762,800655
857,0,0,24,868969,862355,852325,847680,857872,842464,846734,844680,840581,847000,824837,823223,818865,812788,806938,818445,811755,802116,809215,804917
858,1,0,24,864319,857824,847718,843246,853331,837768,842185,840074,835945,842491,820631,819009,814775,808454,802843,814132,807525,797793,805125,800897
859,0,0,24,868837,862401,852163,847690,857763,842254,846673,844484,840290,846958,824693,823055,818724,812472,806855,818224,811626,801907,809084,804915
860,1,0,24,864224,857688,847566,843198,853203,837725,842105,839921,835902,842269,820533,818946,814678,808261,802750,814211,807554,797846,804932,800748
861,0,0,24,868832,862524,852408,847892,857907,842476,846862,844657,840503,847037,824862,823229,818912,812494,807072,818505,811886,802184,809316,804966
862,1,0,24,864103,857693,847579,843146,853137,837593,842069,839908,835748,842319,820413,818809,814661,808370,802760,814165,807505,797895,804808,800783
863,0,0,24,868898,862455,852315,847730,857958,842406,846732,844629,840388,846989,824797,823102,818860,812639,807044,818469,811832,802164,809045,804984
864,1,0,24,864373,857796,847878,843352,853354,837870,842234,840121,835992,842450,820491,819102,814872,808625,802987,814400,807871,798090,805102,800997
865,0,0,24,869121,862466,852559,848009,858047,842612,846963,844729,840606,847133,824863,823361,819099,812938,807259,818677,812164,802431,809368,805208
866,1,0,24,864086,857382,847537,843088,853031,837473,841900,839799,835585,842206,820169,818753,814516,808279,802610,814060,807463,797877,804659,800767
867,0,0,24,868921,862196,852341,847743,857774,842204,846655,844465,840330,846978,824605,823102,818905,812648,807018,818438,811820,802223,809188,805066
868,1,0,24,864146,857772,847703,843311,853193,837724,842102,840037,835893,842365,820420,818862,814822,808528,802915,814222,807737,797994,804909,800868
869,0,0,24,868782,862448,852414,847935,857870,842396,846805,844715,840497,847005,824738,823152,818964,812783,807152,818457,812073,802191,809148,805148
870,1,0,24,864193,857824,847774,843324,853390,837819,842209,840194,835941,842439,820597,819034,814848,808541,802976,814290,807723,798049,804998,800864
871,0,0,24,868839,862526,852448,847799,858037,842422,846829,844626,840516,847022,824853,823273,819078,812761,807043,818530,811856,802231,809203,804979
872,1,0,24,864244,857752,847784,843347,853322,837751,842309,840158,835971,842450,820674,818949,814841,808498,802959,814266,807829,798044,804965,800980
873,0,0,24,868324,861892,852010,847455,857532,841930,846481,844258,840069,846598,824465,822755,818567,812296,806705,818060,811605,801788,808813,804697
874,1,0,24,863898,857467,847491,842999,853027,837488,841957,839862,835642,842225,820471,818630,814685,808142,802661,814067,807577,797714,804737,800686
875,0,0,24,868713,862252,852336,847761,857859,842306,846789,844630,840383,846912,824878,823044,818913,812588,806984,818441,811963,802115,809054,804975
876,1,0,24,864195,857598,847582,843181,853165,837638,842040,839933,835835,842384,820520,818783,814734,808370,802775,814172,807634,797907,804863,800853
877,0,0,24,868782,862221,852169,847768,857849,842179,846683,844470,840349,846880,824739,822983,818888,812418,806894,818354,811816,802106,808940,804923
878,1,0,24,864027,857441,847480,843103,853076,837397,842046,839883,835661,842171,820391,818608,814505,808257,802552,813922,807455,797795,804783,800682
879,0,0,24,868938,862350,852387,847897,857898,842362,846948,844595,840414,847053,824910,823075,818935,812794,806923,818367,811885,802185,809189,805022
880,1,0,24,864176,857578,847619,843251,853265,837789,842269,840034,835976,842414,820702,818877,814764,808424,802835,814127,807634,798074,804923,800807
881,0,0,24,868916,862418,852352,847859,857926,842465,846940,844686,840583,847063,824940,823139,818925,812668,806969,818303,811970,802288,809203,805039
882,1,0,24,863866,857504,847526,843028,852977,837561,842040,839749,835715,842239,820488,818669,814622,808282,802574,813863,807499,797742,804738,800650
883,0,0,24,868649,862285,852280,847732,857732,842281,846769,844399,840342,846890,824831,822902,818809,812552,806752,818306,811894,802070,808986,804868
884,1,0,24,864040,857712,847750,843304,853268,837700,842317,840064,836082,842460,820627,818899,814865,808501,802846,814188,807772,797856,804860,800882
885,0,0,24,868626,862308,852237,847744,857868,842259,846820,844440,840459,846942,824784,823029,818768,812564,806881,818317,811939,802042,809048,804867
886,1,0,24,863842,857423,847453,842970,853067,837442,841993,839800,835847,842072,820472,818744,814541,808127,802516,814031,807494,797779,804678,800739
887,0,0,24,868968,862446,852593,848061,858045,842428,846999,844796,840709,847130,825177,823285,819027,812733,807056,818632,812080,802326,809335,805245
888,1,0,24,863947,857518,847485,843104,853082,837517,842180,839762,835927,842188,820558,818786,814569,808244,802624,814180,807587,797853,804843,800698
889,0,0,24,868826,862354,852401,847899,857888,842358,846924,844546,840620,847037,824973,823135,818862,812646,806949,818490,811963,802255,809217,804936
890,1,0,24,864122,857578,847624,843192,853136,837635,842236,840005,835862,842285,820754,818791,814724,808210,802645,814177,807622,797924,804827,800801
891,0,0,24,868915,862524,852574,848011,857966,842483,847034,844729,840599,847057,825137,823255,819073,812791,807070,818662,812093,802332,809275,805076
892,1,0,24,864051,857621,847638,843128,853123,837487,842243,839936,835905,842302,820518,818891,814715,808361,802742,814160,807656,797853,804806,800738
893,0,0,24,869073,862533,852580,847924,858102,842474,847129,844782,840729,847181,825119,823319,819111,812903,807212,818613,812123,802306,809234,805151
894,1,0,24,864150,857521,847580,843091,853152,837634,842125,839913,835731,842287,820487,818839,814691,808271,802648,814032,807624,797886,804815,800701
895,0,0,24,868859,862271,852266,847764,857876,842354,846801,844539,840434,846961,824912,823094,818848,812446,806894,818265,811923,802165,808920,804946
896,1,0,24,864008,857551,847691,843206,853196,837641,842063,840159,835878,842341,820618,818955,814650,808257,802741,814077,807642,797879,804976,800882
897,0,0,24,868843,862249,852351,847784,857809,842313,846759,844583,840512,846856,824906,823217,818844,812648,806924,818323,811811,802091,809129,804995
898,1,0,24,864176,857623,847624,843213,853227,837662,842259,840034,835853,842396,820657,819007,814649,808397,802792,813985,807616,797784,804975,800872
899,0,0,24,868747,862262,852307,847753,857678,842218,846770,844604,840312,846939,824812,823125,818791,812528,806871,818214,811774,801902,809105,804883
900,1,0,24,864020,857541,847629,843156,853127,837578,842218,839899,835852,842279,820583,818941,814580,808350,802613,813950,807525,797710,804618,800648
901,0,0,24,868747,862420,852383,847810,857882,842247,846943,844604,840513,847004,824867,823228,818747,812683,806867,818335,811839,802066,808968,804909
902,1,0,24,864166,857712,847791,843239,853217,837716,842251,840034,835812,842382,820685,819068,814617,808479,802843,814006,807709,797922,804935,800789
903,0,0,24,868846,862473,852460,847867,857827,842403,846900,844602,840513,846956,824954,823312,818804,812841,807073,818310,811975,802236,809184,804962
904,1,0,24,863961,857619,847561,843197,853135,837574,842188,839941,835754,842242,820661,818951,814633,808546,802743,814144,807627,797768,804856,800689
905,0,0,24,868700,862332,852251,847755,857838,842224,846833,844517,840409,846891,824944,823066,818818,812718,806895,818454,811899,801973,808919,804869
906,1,0,24,864057,857445,847417,843145,853052,837492,842090,839841,835687,842202,820277,818817,814382,808283,802561,814011,807507,797593,804712,800656
907,0,0,24,868612,862194,852076,847685,857641,842055,846677,844407,840277,846760,824605,823077,818527,812484,806737,818198,811726,801810,808865,804819
908,1,0,24,864084,857623,847721,843245,853207,837785,842324,840068,835781,842379,820541,818798,814664,808342,802793,814056,807548,797874,804884,800768
909,0,0,24,868797,862364,852295,847759,857864,842327,846890,844490,840392,846987,824738,823010,818742,812513,806849,818317,811792,802047,809013,804939
910,1,0,24,864112,857841,847864,843201,853174,837753,842268,840100,835735,842473,820753,818887,814645,808381,802794,814207,807692,797880,804953,800801
911,0,0,24,868611,862270,852286,847609,857813,842202,846588,844374,840183,846836,824810,822868,818591,812418,806729,818269,811810,801808,808902,804723
912,1,0,24,864293,857881,847902,843376,853345,837820,842286,840164,835959,842584,820779,819101,814782,808622,802890,814260,807910,797998,805162,800985
913,0,0,24,868730,862501,852425,847782,857946,842344,846807,844754,840353,847046,824954,823203,818826,812806,806967,818355,812004,802064,809206,805012
914,1,0,24,864137,857670,847672,843114,853164,837631,842105,839925,835767,842261,820562,818869,814560,808315,802699,814079,807620,797708,804758,800711
915,0,0,24,868680,862363,852377,847658,857794,842248,846691,844481,840270,846842,824799,822960,818673,812538,806861,818345,811733,801851,808925,804785
916,1,0,24,864163,857537,847760,843174,853180,837629,842124,840020,835748,842379,820590,818874,814649,808321,802677,814138,807623,797747,804955,800759
917,0,0,24,868919,862399,852494,847866,857888,842408,846843,844735,840457,847041,824919,823199,818893,812649,807000,818503,811921,802103,809191,805075
918,1,0,24,863823,857375,847551,842939,852928,837337,841901,839847,835535,842043,820266,818688,814225,808063,802562,813933,807373,797537,804639,800513
919,0,0,24,868893,862527,852619,847960,857993,842472,846865,844851,840529,847046,824976,823387,818891,812733,807184,818481,811944,802145,809290,805028
920,1,0,24,864170,857362,847653,843074,853049,837494,842063,839937,835717,842189,820397,818838,814520,808192,802611,813886,807369,797666,804768,800703
921,0,0,24,868944,862279,852435,847816,857815,842299,846836,844652,840505,846892,824787,823166,818850,812550,806868,818217,811777,801980,809143,805019
922,1,0,24,864163,857356,847467,843074,853076,837490,842027,839986,835778,842234,820405,818885,814508,808222,802639,813893,807517,797661,804816,800710
923,0,0,24,869016,862374,852434,847949,857982,842414,846866,844847,840575,847134,824958,823356,818966,812740,807075,818441,812033,802216,809280,805144
924,1,0,24,864186,857491,847686,843191,853173,837569,842059,840140,835905,842371,820537,818967,814680,808389,802797,814164,807677,797746,804894,800716
925,0,0,24,868905,862288,852367,847815,857944,842255,846791,844720,840520,846990,824889,823224,818857,812593,806982,818428,811926,802148,809233,805012
926,1,0,24,864073,857354,847486,843063,853057,837485,842045,840000,835784,842204,820456,818734,814673,808224,802560,814048,807444,797627,804834,800569
927,0,0,24,868841,862219,852308,847834,857820,842287,846790,844722,840455,846961,824869,823076,818863,812498,806838,818429,811828,801973,809057,804830
928,1,0,24,863861,857411,847510,843088,853038,837541,842021,839981,835711,842228,820420,818767,814556,808129,802567,813969,807539,797593,804715,800633
929,0,0,24,868527,862033,852175,847679,857722,842214,846604,844516,840283,846870,824777,822995,818669,812384,806677,818310,811781,801816,808986,804820
930,1,0,24,864139,857528,847711,843206,853102,837628,842062,840201,835851,842390,820486,818888,814778,808284,802716,814145,807571,797805,804904,800733
931,0,0,24,868721,862053,852206,847660,857794,842186,846617,844635,840301,846899,824668,823013,818675,812464,806727,818281,811724,801953,808899,804801
932,1,0,24,863909,857269,847410,842965,852812,837338,841799,839757,835720,842101,820143,818606,814289,808104,802430,813693,807357,797610,804544,800535
933,0,0,24,868881,862256,852312,847786,857698,842299,846634,844591,840535,846995,824785,823092,818730,812590,806881,818306,811787,802154,808985,804925
934,1,0,24,864250,857809,847911,843446,853210,837862,842290,840206,835961,842550,820642,819148,814763,808671,802918,814257,807782,798088,805090,801071
935,0,0,24,868854,862434,852455,847920,857815,842413,846845,844674,840553,847025,824878,823261,818841,812836,806922,818395,811834,802175,809082,805054
936,1,0,24,864287,857798,847673,843242,853196,837830,842156,840067,836059,842474,820730,819064,814785,808591,802720,814199,807706,797882,804942,800929
937,0,0,24,868835,862301,852348,847743,857788,842413,846702,844594,840515,847053,824942,823218,818890,812827,806946,818358,811931,801978,809022,804965
938,1,0,24,864297,857811,847840,843312,853228,837795,842298,840200,836155,842468,820803,819041,814949,808701,802820,814204,807880,797823,805137,800927
939,0,0,24,868822,862317,852500,847689,857784,842315,846857,844762,840621,846957,824948,823116,818962,812856,806833,818360,811987,802050,809174,805002
940,1,0,24,863999,857637,847684,843090,853090,837620,841970,840058,835848,842266,820580,818841,814627,808446,802540,813956,807573,797711,804813,800756
941,0,0,24,868831,862494,852540,847947,858014,842443,846810,844739,840616,847118,825050,823323,818939,812846,806926,818458,812008,802273,809284,805143
942,1,0,24,864128,857550,847655,843199,853047,837589,842101,840014,835936,842313,820593,818885,814620,808453,802601,814034,807604,797850,804871,800741
943,0,0,24,868836,862336,852410,847758,857831,842314,846747,844628,840569,847021,824950,823210,818932,812753,806814,818359,811925,801992,809116,804948
944,1,0,24,864049,857649,847707,843141,853053,837624,842096,840134,835972,842393,820685,818927,814643,808602,802754,814159,807725,797874,804849,800822
945,0,0,24,868765,862435,852417,847806,857697,842323,846781,844713,840519,847038,824928,823190,818930,812874,806987,818415,812013,802137,809236,805009
946,1,0,24,863935,857613,847516,843126,852974,837484,841937,839945,835741,842314,820469,818841,814557,808334,802497,813999,807500,797742,804678,800691
947,0,0,24,868794,862448,852366,847882,857829,842277,846753,844634,840569,847025,824913,823185,818905,812656,806864,818444,811942,802048,809018,804973
948,1,0,24,864121,857673,847677,843093,853104,837646,842025,839935,835834,842399,820625,818826,814733,808442,802662,814012,807610,797779,804877,800688
949,0,0,24,868690,862195,852185,847564,857679,842177,846436,844358,840188,846832,824685,822839,818731,812607,806759,818161,811715,801870,808871,804741
950,1,0,24,864272,857719,847772,843225,853203,837588,842144,840080,835790,842545,820622,818967,814892,808599,802904,814206,807708,797832,804934,800838
951,0,0,24,868754,862263,852307,847589,857690,842152,846616,844572,840245,846875,824760,822989,818821,812624,806797,818270,811826,802004,809036,804849
952,1,0,24,864200,857676,847836,843345,853248,837725,842214,840116,835936,842477,820662,818888,814661,808596,802732,814211,807756,797883,805105,800831
953,0,0,24,868820,862245,852278,847744,857827,842235,846685,844577,840391,846925,824848,822992,818701,812618,806770,818311,811849,801962,809097,804798
954,1,0,24,864038,857484,847559,842965,853090,837550,841781,839848,835689,842223,820383,818710,814470,808211,802438,813918,807554,797673,804583,800649
955,0,0,24,868623,862124,852112,847588,857833,842189,846466,844354,840247,846825,824676,822957,818555,812446,806583,818172,811798,801915,808881,804768
956,1,0,24,864078,857548,847592,843174,853000,837665,842071,840021,835804,842351,820507,818842,814500,808326,802574,814113,807618,797766,804760,800840
957,0,0,24,868842,862354,852328,847819,857808,842342,846788,844719,840443,847064,824842,823112,818736,812712,806867,818364,811878,801976,809053,805082
958,1,0,24,863821,857428,847394,842937,852817,837261,841867,839882,835528,842139,820213,818561,814431,808182,802338,813896,807435,797503,804729,800615
959,0,0,24,868814,862464,852366,847819,857809,842210,846800,844664,840478,847103,824789,823088,818949,812681,806865,818411,811972,802042,809225,805038
960,1,0,24,864093,857530,847619,843075,853075,837533,842013,839932,835750,842281,820466,818769,814487,808404,802642,814044,807623,797646,804761,800733
961,0,0,24,868763,862137,852237,847671,857751,842162,846637,844542,840287,846869,824716,823031,818695,812574,806838,818219,811915,801885,808884,804928
962,1,0,24,864219,857518,847636,843150,853143,837630,842061,839974,835778,842280,820312,818934,814515,808304,802513,813820,807622,797764,804776,800720
963,0,0,24,868884,862328,852342,847754,857865,842279,846782,844665,840460,846940,824717,823131,818789,812662,806797,818280,811857,802017,808965,804925
964,1,0,24,864210,857730,847579,843032,853156,837653,841996,840016,835849,842360,820510,818886,814469,808419,802627,814053,807712,797635,804796,800786
965,0,0,24,868806,862469,852242,847710,857890,842273,846749,844615,840467,846929,824829,823178,818725,812665,806832,818261,811950,801881,809073,805024
966,1,0,24,863859,857409,847271,842754,852913,837296,841674,839776,835509,842035,820107,818575,814386,808114,802385,813635,807306,797435,804476,800552
967,0,0,24,868895,862478,852293,847730,857909,842277,846739,844802,840380,846983,824792,823156,818926,812654,806888,818328,811955,801899,809022,804974
968,1,0,24,864155,857713,847484,843075,853056,837633,842034,839928,835761,842264,820431,818883,814630,808379,802619,814015,807516,797598,804739,800837
969,0,0,24,868765,862361,852090,847643,857718,842226,846575,844332,840281,846888,824671,823050,818686,812589,806735,818151,811682,801797,808790,804923
970,1,0,24,864217,857772,847621,843151,853088,837501,842103,840066,835798,842319,820453,818834,814614,808344,802727,814005,807490,797863,804960,800828
971,0,0,24,868966,862552,852394,847882,857879,842327,846777,844871,840491,847090,824880,823196,818893,812845,806955,818355,811833,802143,809275,805106
972,1,0,24,863789,857333,847327,842982,852894,837313,841770,839880,835582,842087,820315,818655,814269,808240,802369,813804,807292,797568,804625,800647
973,0,0,24,868896,862343,852279,847801,857821,842193,846682,844705,840443,847005,824860,823154,818653,812669,806837,818418,811775,802043,809071,805059
974,1,0,24,863897,857533,847342,843064,852807,837431,841867,839875,835658,842178,820383,818726,814344,808313,802517,813793,807415,797634,804781,800666
975,0,0,24,868901,862376,852340,847915,857710,842339,846736,844745,840517,847120,824927,823260,818778,812852,806955,818287,811824,802085,809215,805030
976,1,0,24,864291,857631,847583,843233,853074,837585,842128,840057,835756,842408,820640,819139,814593,808575,802690,814143,807487,797761,805050,800824
977,0,0,24,868695,862247,852189,847687,857617,842163,846620,844422,840242,846896,824769,823171,818662,812677,806733,818255,811681,801855,809063,804779
978,1,0,24,864217,857585,847689,843199,853058,837718,842210,840040,835909,842361,820721,819001,814577,808648,802714,814251,807517,797763,805062,800887
979,0,0,24,868825,862318,852342,847771,857785,842381,846803,844669,840481,846956,824998,823216,818757,812866,806849,818467,811763,801923,809219,805055
980,1,0,24,863891,857274,847431,842940,852676,837398,841874,839794,835647,842162,820374,818804,814399,808067,802408,813909,807412,797508,804709,800581
981,0,0,24,868783,862187,852256,847676,857505,842133,846648,844403,840338,846945,824863,823134,818644,812390,806705,818279,811694,801863,809002,804858
982,1,0,24,863976,857523,847563,842947,852790,837455,841941,839904,835567,842113,820555,818976,814459,808325,802592,813971,807327,797630,804821,800698
983,0,0,24,869016,862616,852595,847893,857791,842528,846900,844880,840625,847151,825175,823542,818931,812944,807148,818590,811912,802109,809383,805143
984,1,0,24,864182,857726,847720,843177,852963,837648,842106,840206,835723,842399,820584,819095,814610,808461,802746,814236,807613,797888,805108,800844
985,0,0,24,868711,862183,852219,847519,857440,842117,846529,844507,840163,846831,824645,823172,818451,812457,806636,818243,811552,801854,809111,804787
986,1,0,24,864433,857850,847870,843357,853182,837733,842269,840283,835932,842550,820748,819013,814668,808611,802900,814330,807553,797979,805286,800855
987,0,0,24,868971,862471,852433,847912,857682,842323,846776,844749,840509,847082,824958,823241,818811,812842,807027,818493,811769,802156,809419,804977
988,1,0,24,864253,857828,847762,843218,852937,837679,842168,840142,835876,842530,820699,818948,814643,808600,802838,814109,807604,797882,805092,800921
989,0,0,24,868922,862377,852302,847762,857609,842283,846726,844711,840301,847067,824909,823147,818650,812764,806841,818309,811737,801920,809175,804943
990,1,0,24,864129,857499,847409,843180,852991,837675,842065,839972,835724,842288,820536,818970,814512,808441,802706,814025,807617,797831,805030,800838
991,0,0,24,868869,862380,852234,847884,857756,842471,846790,844635,840402,846983,824911,823289,818762,812699,806966,818459,811963,802094,809320,805035
992,1,0,24,864203,857770,847503,843218,853010,837644,842129,840159,835767,842322,820543,818964,814547,808375,802809,814150,807566,797803,804950,800933
993,0,0,24,868853,862403,852221,847868,857706,842304,846830,844700,840379,847062,824772,823184,818729,812612,806971,818525,811846,802116,809106,805090
994,1,0,24,863976,857425,847370,843080,852925,837454,841988,839841,835621,842167,820254,818688,814451,808288,802668,814006,807405,797596,804765,800458
995,0,0,24,868764,862329,852225,847866,857728,842268,846773,844551,840332,847036,824734,823097,818772,812749,806947,818375,811809,802018,809190,804854
996,1,0,24,864443,857759,847750,843306,853136,837816,842133,840271,835950,842617,820689,819024,814763,808648,802902,814347,807797,797957,805117,800954
997,0,0,24,869049,862465,852388,847881,857799,842477,846800,844818,840569,847246,824952,823293,818970,812799,807077,818700,811944,802159,809376,805131
998,1,0,24,864199,857754,847570,843280,853080,837817,842161,840166,835861,842479,820680,819056,814707,808601,802789,814239,807719,797893,804956,800843
999,0,0,24,868976,862443,852382,847924,857862,842461,846869,844775,840522,847193,825014,823290,819000,812907,807105,818558,811992,802146,809159,805067
1000,1,0,24,864075,857502,847500,843174,853029,837593,841948,840049,835806,842315,820396,818871,814644,808413,802700,814039,807492,797691,804982,800730
1001,0,0,24,868978,862356,852390,848029,857855,842483,846857,844721,840506,847180,824899,823286,818944,812840,807007,818538,811938,802089,809420,805108
1002,1,0,24,864042,857350,847340,843154,852913,837476,841890,839916,835652,842324,820426,818887,814490,808461,802665,813978,807473,797637,804689,800691
1003,0,0,24,868627,862184,852002,847692,857549,842143,846526,844468,840212,846887,824719,823082,818628,812650,806812,818241,811720,801835,808775,804775
1004,1,0,24,864065,857680,847593,843367,853100,837634,842038,840083,835815,842389,820651,818899,814695,808488,802817,814150,807619,797776,804891,800892
1005,0,0,24,868958,862732,852537,848220,857924,842598,846978,844850,840680,847272,825173,823447,819159,812985,807278,818745,812133,802332,809390,805326
1006,1,0,24,864394,857643,847611,843461,853097,837856,842075,840124,835847,842535,820726,819158,814750,808494,802858,814151,807663,797913,804885,800884
1007,0,0,24,869050,862322,852298,847916,857728,842473,846683,844686,840351,847165,824998,823356,818843,812699,806989,818455,811895,802090,809173,805077
1008,1,0,24,863992,857356,847466,843076,852685,837510,841747,839840,835560,842244,820392,818770,814398,808160,802571,814059,807327,797502,804632,800629
1009,0,0,24,868850,862218,852221,847814,857557,842232,846524,844536,840195,846989,824879,823192,818680,812543,806789,818430,811721,801975,808949,804870
1010,1,0,24,864188,857636,847617,843246,852935,837518,841948,839933,835704,842420,820698,818936,814726,808447,802600,814169,807584,797827,804756,800818
1011,0,0,24,868897,862418,852352,847862,857719,842318,846694,844567,840351,847170,825125,823380,818935,812825,807015,818512,811861,802131,808978,805058
1012,1,0,24,864091,857418,847512,843192,852944,837569,842008,839956,835560,842364,820481,818926,814670,808334,802619,814029,807384,797712,804658,800636
1013,0,0,24,868846,862266,852298,847915,857657,842326,846756,844608,840254,847093,824930,823173,818823,812680,806943,818438,811847,801998,809018,804936
1014,1,0,24,864161,857435,847528,843183,852829,837469,841974,839985,835605,842389,820512,818850,814661,808460,802714,814061,807569,797630,804828,800737
1015,0,0,24,869131,862441,852423,847987,857830,842342,846814,844690,840416,847210,825104,823268,818981,812914,807106,818612,812073,802084,809280,805111
1016,1,0,24,864515,857747,847926,843500,853372,837970,842313,840315,835984,842758,820814,819200,814842,808711,802856,814341,807834,798005,805084,801107
1017,0,0,24,868995,862393,852373,847976,857965,842478,846828,844751,840480,847241,824986,823302,818901,812856,806966,818496,812022,802116,809113,805156
1018,1,0,24,864103,857298,847349,843130,852938,837618,841998,839838,835593,842316,820468,818779,814452,808191,802454,814005,807473,797634,804726,800604
1019,0,0,24,868964,862199,852208,847871,857761,842429,846744,844609,840357,847024,824894,823204,818669,812623,806751,818438,811963,801950,808934,804888
1020,1,0,24,864419,857425,847584,843309,853096,837672,842108,840007,835718,842477,820590,818873,814556,808398,802710,814122,807660,797744,804851,800759
1021,0,0,24,869130,862225,852399,848052,857830,842477,846842,844666,840416,847281,825020,823285,818809,812740,807064,818524,812048,802180,809160,805056
1022,1,0,24,864435,857583,847726,843321,853143,837798,842154,840198,835748,842574,820791,819012,814629,808630,802922,814249,807801,797933,804991,800964
1023,0,0,24,869029,862280,852347,847985,857845,842431,846766,844733,840381,847150,825059,823209,818792,812885,807110,818452,812007,802167,809219,805056
1024,1,0,24,864390,857523,847697,843274,853117,837872,842095,840029,835663,842564,820611,818973,814640,808437,802936,814238,807703,797811,804944,800863
1025,0,0,24,869186,862258,852520,848042,857920,842538,846857,844745,840387,847213,824943,823368,818907,812795,807165,818641,812067,802122,809220,805162
1026,1,0,24,864162,857500,847504,843238,852955,837560,842043,839990,835650,842420,820499,818776,814676,808340,802811,814008,807652,797720,804837,800830
1027,0,0,24,868733,862097,852183,847760,857579,842138,846635,844541,840156,846938,824797,823082,818806,812512,806927,818248,811891,801891,808988,804907
1028,1,0,24,864289,857603,847602,843264,853024,837616,842138,840013,835659,842438,820547,818986,814643,808430,802937,814102,807668,797881,804921,800913
1029,0,0,24,869067,862514,852554,848115,857918,842489,846972,844813,840497,847259,825075,823368,818964,812900,807314,818535,812105,802194,809400,805179
1030,1,0,24,864348,857606,847607,843386,853107,837807,842229,840195,835754,842606,820574,818954,814867,808474,802953,814172,807731,797763,805107,800953
1031,0,0,24,869003,862385,852201,847962,857817,842367,846820,844638,840346,847172,824903,823277,818890,812777,807017,818406,811948,802028,809278,805048
1032,1,0,24,864229,857716,847609,843390,853203,837612,842109,840084,835702,842429,820591,818931,814722,808540,802790,814121,807720,797658,804960,800822
1033,0,0,24,868922,862425,852303,847966,857831,842354,846686,844656,840285,847106,824812,823220,818816,812778,807009,818272,811977,801924,809063,804988
1034,1,0,24,864092,857480,847559,843159,852935,837656,841998,839992,835566,842358,820418,818845,814572,808446,802793,813937,807722,797698,804953,800725
1035,0,0,24,869118,862483,852503,848014,857856,842639,846830,844823,840401,847281,825029,823399,818999,813045,807296,818575,812166,802247,809390,805139
1036,1,0,24,864242,857648,847686,843357,853067,837804,842113,840103,835753,842549,820537,819028,814697,808596,802904,814071,807783,797790,804971,800764
1037,0,0,24,868914,862472,852457,847964,857876,842528,846801,844793,840386,847188,824875,823364,818937,812848,807159,818376,812054,802118,809242,804992
1038,1,0,24,864086,857604,847489,843247,853005,837630,841881,840099,835699,842354,820487,819060,814599,808516,802688,813808,807501,797581,804854,800724
1039,0,0,24,868850,862269,852265,847871,857754,842361,846570,844640,840226,846988,824776,823233,818870,812730,806809,818068,811867,801849,809103,804851
1040,1,0,24,864057,857584,847479,843218,852940,837696,841799,840049,835694,842317,820533,818862,814657,808182,802687,813947,807591,797542,804858,800771
1041,0,0,24,868885,862355,852227,847809,857708,842352,846540,844665,840307,846912,824821,823090,818733,812519,806859,818374,811915,801810,809053,804915
1042,1,0,24,864107,857563,847446,843182,852982,837570,841866,839874,835642,842259,820331,818795,814494,808327,802437,813946,807492,797537,804771,800600
1043,0,0,24,868674,862284,852047,847736,857548,842152,846464,844453,840104,846888,824644,822989,818652,812510,806582,818099,811717,801813,808832,804736
1044,1,0,24,864059,857691,847427,843156,852880,837718,841885,839929,835670,842280,820307,818814,814456,808462,802503,813982,807477,797617,804902,800633
1045,0,0,24,868970,862535,852346,847990,857775,842497,846680,844616,840361,847134,824901,823225,818759,812833,806930,818384,811891,801998,809265,804951
1046,1,0,24,864068,857710,847561,843227,853037,837634,841845,840060,835723,842269,820439,818830,814676,808623,802726,814049,807610,797782,804922,800749
1047,0,0,24,868562,862366,852171,847733,857576,842233,846378,844468,840312,846803,824601,823029,818728,812702,806814,818175,811802,801839,808955,804797
1048,1,0,24,864279,857619,847497,843398,853057,837798,842126,840113,835860,842474,820515,819070,814751,808714,802811,814162,807681,797858,804972,800830
1049,0,0,24,868892,862345,852176,847923,857695,842367,846702,844690,840309,847064,824684,823248,818854,812858,806954,818500,811819,802133,809124,804940
1050,1,0,24,864222,857648,847503,843404,853033,837735,842087,840075,835815,842435,820496,819099,814777,808623,802801,814195,807613,798029,805057,800883
1051,0,0,24,868944,862379,852275,847986,857804,842509,846763,844656,840395,847151,824866,823334,818916,812884,806882,818504,811895,802195,809316,805030
1052,1,0,24,864213,857650,847593,843280,853011,837645,842050,840136,835731,842437,820550,819038,814531,808635,802751,814140,807640,797956,805006,800719
1053,0,0,24,868819,862292,852066,847814,857566,842216,846591,844499,840237,846979,824803,823081,818667,812685,806812,818277,811804,802115,809059,804817
1054,1,0,24,864027,857768,847475,843291,853026,837630,841963,839990,835742,842498,820565,819034,814461,808525,802806,814052,807645,797904,804861,800804
1055,0,0,24,868742,862277,852096,847789,857677,842310,846519,844522,840298,846998,824757,823263,818564,812713,806936,818258,811868,802112,809149,804867
1056,1,0,24,864134,857699,847622,843463,853110,837827,841988,840044,835805,842494,820579,819082,814763,808528,802795,814221,807688,797925,805025,800803
1057,0,0,24,868820,862395,852325,848043,857787,842497,846688,844646,840382,846995,824924,823362,818989,812832,806983,818615,811916,802150,809175,805039
1058,1,0,24,863775,857286,847194,843088,852644,837366,841756,839691,835348,842144,820136,818646,814314,808147,802448,813797,807410,797628,804560,800458
1059,0,0,24,868659,862266,852246,847933,857674,842296,846635,844632,840269,847078,824708,823165,818754,812630,806912,818310,811962,802156,809012,804934
1060,1,0,24,864142,857510,847631,843401,853159,837660,842003,839960,835755,842424,820626,819062,814774,808403,802728,814108,807732,797897,804928,800847
1061,0,0,24,868671,861981,852047,847823,857594,842209,846469,844309,840069,846862,824630,822979,818776,812367,806653,818107,811750,801908,808825,804796
1062,1,0,24,864331,857649,847651,843406,853124,837720,842225,840029,835834,842446,820680,819105,814746,808613,802727,814106,807710,797998,804881,800934
1063,0,0,24,868936,862214,852233,847924,857646,842285,846695,844572,840222,846976,824790,823161,818715,812755,806676,818284,811915,802060,809018,805094
1064,1,0,24,863843,857259,847269,843086,852764,837430,841758,839744,835448,842100,820289,818809,814398,808214,802308,813777,807469,797575,804540,800595
1065,0,0,24,868775,862133,852178,847978,857619,842271,846652,844418,840205,846913,824651,823192,818749,812550,806547,818189,811862,802025,808958,804879
1066,1,0,24,864065,857336,847473,843338,852942,837561,842129,839879,835664,842333,820333,818930,814509,808262,802528,814023,807711,797817,804689,800664
1067,0,0,24,868854,862277,852289,847986,857785,842387,846875,844616,840351,846983,824716,823263,818834,812535,806877,818406,812118,802103,809089,805043
1068,1,0,24,864044,857433,847391,843171,852987,837592,841995,839968,835619,842149,820415,818947,814398,808320,802443,813839,807742,797656,804717,800588
1069,0,0,24,869095,862505,852267,848164,857888,842591,846864,844812,840458,847124,824938,823477,818929,812863,806908,818397,812277,802234,809223,805021
1070,1,0,24,864165,857552,847530,843318,853058,837669,842088,839990,835734,842261,820616,818902,814488,808328,802713,813982,807662,797775,804838,800819
1071,0,0,24,868639,862142,852089,847778,857523,842230,846560,844442,840117,846739,824794,823019,818510,812446,806741,818080,811727,801879,808958,804818
1072,1,0,24,863945,857329,847266,843080,852774,837311,841744,839775,835437,842128,820406,818674,814244,808081,802358,813855,807410,797589,804674,800565
1073,0,0,24,868834,862303,852186,847893,857691,842246,846568,844507,840216,846882,824838,823143,818579,812478,806688,818221,811911,802029,809064,804979
1074,1,0,24,863986,857369,847338,843052,852738,837345,841726,839747,835538,841993,820367,818750,814415,808107,802471,813726,807582,797571,804713,800614
1075,0,0,24,868744,862261,852264,847845,857607,842251,846491,844535,840272,846847,824817,823185,818784,812577,806837,818294,811983,801987,809159,804956
1076,1,0,24,864158,857581,847538,843188,852991,837595,841951,839934,835666,842231,820495,818952,814571,808298,802609,813875,807508,797678,804659,800832
1077,0,0,24,868709,862217,852158,847789,857625,842219,846551,844481,840264,846769,824720,823231,818646,812421,806673,818004,811723,801815,808799,804899
1078,1,0,24,864297,857771,847715,843419,853090,837692,842152,839988,835880,842388,820621,819098,814678,808217,802822,814020,807693,797876,804992,800895
1079,0,0,24,868729,862222,852136,847740,857563,842143,846605,844407,840188,846691,824649,823078,818573,812314,806771,818237,811802,801940,808908,804836
1080,1,0,24,864031,857497,847575,843100,852914,837550,842041,839946,835717,842259,820445,818906,814536,808173,802528,813962,807608,797840,804750,800729
1081,0,0,24,868736,862326,852256,847686,857617,842215,846660,844656,840270,846850,824721,823153,818703,812361,806760,818083,811924,802055,808998,804888
1082,1,0,24,863878,857366,847516,843129,852935,837494,841909,839894,835641,842276,820418,818911,814542,808272,802633,813940,807615,797841,804792,800758
1083,0,0,24,868617,862065,852158,847793,857587,842091,846564,844533,840189,846907,824705,823209,818518,812412,806827,818187,811827,802113,809039,804809
1084,1,0,24,864658,857932,848106,843778,853468,837971,842535,840364,836070,842822,820885,819502,814988,808678,803138,814520,808065,798377,805237,801216
1085,0,0,24,869042,862316,852452,848093,857718,842360,846839,844641,840480,847085,824845,823412,818740,812565,806996,818404,812060,802314,809195,805089
1086,1,0,24,864243,857555,847599,843312,853064,837530,842051,839943,835695,842244,820472,819026,814532,808316,802660,814066,807711,797900,804851,800825
1087,0,0,24,868770,862053,852106,847817,857647,842144,846547,844377,840041,846780,824677,823203,818616,812326,806744,818180,811825,801992,809007,804875
1088,1,0,24,864021,857580,847517,843226,852912,837557,842056,839943,835669,842254,820431,818943,814700,808280,802718,814053,807642,797921,804898,800728
1089,0,0,24,868771,862203,852141,847851,857487,842197,846669,844427,840175,846836,824631,823143,818670,812477,806795,818210,811903,802099,809075,804796
1090,1,0,24,863974,857459,847426,843200,852853,837525,841974,839892,835525,842165,820405,818887,814372,808194,802533,814055,807600,797795,804785,800625
1091,0,0,24,868798,862163,852261,847922,857643,842298,846729,844566,840212,846841,824714,823219,818687,812552,806870,818301,811961,802113,809075,804910
1092,1,0,24,864058,857293,847481,843250,852878,837523,841981,839908,835578,842170,820326,818889,814477,808158,802563,813965,807601,797691,804857,800603
1093,0,0,24,869126,862349,852436,848139,857846,842434,846864,844780,840419,847131,824930,823376,818905,812724,807058,818744,812184,802253,809303,805073
1094,1,0,24,864211,857491,847439,843280,852820,837556,841986,839875,835586,842175,820371,818920,814515,808207,802571,814034,807687,797826,804781,800622
1095,0,0,24,868991,862355,852337,848037,857686,842308,846783,844666,840401,846896,824744,823327,818890,812593,806826,818340,812077,802272,809228,804962
1096,1,0,24,864015,857351,847380,843226,852716,837456,841937,839905,835510,842076,820242,818841,814385,808156,802497,813844,807489,797696,804596,800525
1097,0,0,24,868633,862097,852170,847910,857506,842299,846569,844527,840245,846706,824591,823158,818571,812545,806747,818225,811795,802001,808813,804782
1098,1,0,24,864002,857379,847484,843262,852966,837614,842108,839973,835614,842098,820342,818867,814336,808281,802606,813992,807613,797775,804665,800647
1099,0,0,24,868779,862175,852284,847967,857750,842360,846867,844670,840331,846915,824681,823230,818676,812638,806901,818357,811991,802088,808930,804902
1100,1,0,24,864316,857612,847769,843532,853145,837766,842340,840051,835847,842416,820526,819002,814650,808334,802717,814184,807595,798032,805083,800850
1101,0,0,24,868855,862161,852268,847924,857615,842302,846807,844540,840260,846902,824713,823100,818723,812433,806823,818285,811779,802075,809148,804930
1102,1,0,24,864026,857343,847423,843243,852840,837440,841949,839730,835519,842183,820291,818872,814415,808022,802477,813769,807465,797685,804862,800582
1103,0,0,24,868789,862216,852265,847979,857615,842289,846702,844421,840271,846829,824698,823177,818645,812432,806811,818143,811825,802053,809268,804860
1104,1,0,24,864110,857479,847494,843303,852859,837583,842105,840039,835664,842187,820378,818841,814557,808286,802534,814086,807488,797604,804769,800677
1105,0,0,24,868857,862183,852270,847967,857699,842356,846766,844708,840321,846996,824755,823225,818830,812529,806785,818494,811900,801878,809064,804992
1106,1,0,24,863953,857284,847378,843147,852725,837439,841940,839863,835529,842091,820279,818834,814400,808105,802455,813870,807399,797641,804725,800609
1107,0,0,24,868820,862318,852300,847992,857637,842310,846790,844643,840340,846962,824721,823277,818667,812617,806901,818378,811874,802038,809189,804970
1108,1,0,24,863997,857401,847249,843247,852801,837454,841932,839997,835596,842183,820215,818904,814304,808158,802524,813940,807524,797662,804717,800682
1109,0,0,24,868643,862014,851963,847763,857413,842084,846537,844552,840160,846779,824423,823117,818492,812358,806665,818173,811668,801937,808895,804742
1110,1,0,24,864198,857499,847476,843275,852933,837580,842050,839943,835597,842308,820376,819014,814665,808255,802647,814068,807660,797930,804823,800645
1111,0,0,24,868908,862230,852329,848049,857763,842432,846830,844695,840376,847045,824837,823424,818949,812687,806994,818492,811964,802336,809187,804972
1112,1,0,24,864058,857324,847254,843132,852810,837410,841840,839809,835489,842073,820225,818714,814278,807878,802440,813884,807579,797647,804832,800611
1113,0,0,24,869110,862440,852347,848089,857828,842403,846887,844742,840427,847072,824820,823290,818755,812529,807023,818501,812173,802238,809364,805098
1114,1,0,24,864174,857485,847387,843283,852907,837499,841956,839902,835593,842280,820349,818839,814523,808109,802594,814242,807610,797803,804704,800817
1115,0,0,24,868732,862255,852060,847882,857568,842219,846578,844339,840107,846846,824596,823122,818630,812312,806714,818360,811790,801952,808781,804801
1116,1,0,24,864366,857780,847687,843418,853054,837757,842231,840192,835768,842459,820442,819085,814761,808397,802781,814154,807714,798008,804851,800946
1117,0,0,24,868893,862357,852151,847833,857533,842255,846582,844392,840150,846935,824576,823086,818731,812475,806708,818218,811841,802105,808878,804896
1118,1,0,24,864231,857666,847681,843337,852977,837675,842176,840038,835743,842357,820565,819066,814750,808457,802699,814191,807573,798046,804895,800883
1119,0,0,24,868660,862031,852082,847689,857389,842068,846544,844295,840025,846695,824537,823036,818530,812357,806546,818154,811550,801947,808778,804776
1120,1,0,24,864095,857571,847503,843198,852869,837608,842096,839920,835630,842238,820331,818929,814505,808162,802542,814028,807592,797784,804910,800806
1121,0,0,24,868919,862436,852342,848032,857688,842408,846870,844731,840362,847001,824901,823408,818861,812636,806840,818464,811959,802202,809197,805111
1122,1,0,24,864190,857721,847695,843404,853082,837669,842249,840207,835816,842395,820621,819186,814646,808401,802749,813961,807737,798104,804894,800888
1123,0,0,24,868614,862108,852088,847709,857336,842039,846617,844492,840134,846750,824676,823207,818605,812430,806654,817992,811769,802113,808824,804697
1124,1,0,24,864277,857648,847664,843319,853084,837677,842127,839990,835777,842375,820602,819121,814713,808430,802669,814076,807713,798010,805041,800793
1125,0,0,24,868926,862482,852279,847980,857706,842379,846844,844643,840388,847023,824876,823326,818990,812789,806941,818370,811987,802247,809331,805058
1126,1,0,24,864032,857499,847463,843077,852870,837456,841981,839842,835650,842205,820170,818866,814579,808097,802439,813877,807494,797847,804797,800580
1127,0,0,24,868936,862401,852336,847969,857589,842385,846832,844498,840401,847046,824744,823358,818926,812650,806932,818418,811991,802203,809219,804905
1128,1,0,24,864156,857503,847585,843239,852929,837608,842146,839858,835711,842282,820457,819048,814598,808385,802730,814001,807617,797914,805034,800728
1129,0,0,24,868728,862290,852191,847732,857510,842274,846696,844438,840321,846764,824713,823227,818666,812576,806833,818192,811789,802062,809081,804891
1130,1,0,24,864141,857580,847536,843186,852804,837617,842152,840005,835653,842186,820423,818907,814707,808206,802645,814051,807559,797931,804897,800696
1131,0,0,24,868827,862244,852204,847730,857416,842232,846736,844524,840211,846792,824668,823150,818824,812552,806820,818279,811758,802080,809163,804760
1132,1,0,24,863977,857333,847458,843154,852850,837468,842021,839903,835658,842115,820322,818950,814521,808202,802576,814003,807429,797829,804879,800643
1133,0,0,24,868542,862058,852074,847736,857612,842113,846654,844535,840205,846814,824622,823147,818631,812342,806657,818200,811691,801904,808982,804742
1134,1,0,24,863847,857261,847365,843054,852857,837388,841861,839546,835568,842018,820251,818666,814444,808071,802423,813822,807330,797680,804619,800499
1135,0,0,24,868736,862297,852313,848045,857735,842421,846774,844517,840381,846946,824803,823236,818882,812592,806859,818404,811933,802106,809148,804947
1136,1,0,24,863942,857597,847410,843204,852972,837591,842038,839806,835761,842108,820326,818905,814558,808211,802616,814049,807428,797869,804660,800658
1137,0,0,24,868895,862559,852298,847988,857943,842518,846895,844553,840456,847022,824860,823408,818950,812594,807010,818486,811992,802252,809185,805057
1138,1,0,24,863782,857304,847226,842992,852921,837426,841851,839670,835545,842056,820237,818676,814324,807984,802477,813817,807314,797681,804674,800393
1139,0,0,24,868968,862502,852379,848120,858094,842618,846948,844754,840626,847146,824972,823406,818979,812696,807153,818581,812104,802346,809414,805014
1140,1,0,24,864106,857533,847498,843157,852997,837531,841978,839875,835670,842295,820414,818895,814428,808125,802516,813999,807521,797786,804798,800501
1141,0,0,24,869016,862395,852277,847940,857892,842336,846778,844507,840411,847043,824856,823225,818679,812482,806876,818333,811778,802160,809209,804746
1142,1,0,24,863938,857475,847430,843082,852936,837514,842138,839770,835522,842221,820344,818791,814482,808173,802511,813828,807450,797807,804874,800557
1143,0,0,24,868804,862336,852350,847872,857867,842373,846939,844495,840286,847002,824894,823279,818722,812590,806889,818306,811952,802264,809325,805026
1144,1,0,24,864307,857827,847689,843381,853174,837729,842104,840003,835810,842414,820489,819079,814757,808446,802764,814258,807715,798057,804906,800776
1145,0,0,24,869281,862747,852604,848232,858150,842669,847010,844802,840526,847256,825016,823544,819095,812822,807111,818753,812197,802418,809376,805164
1146,1,0,24,864021,857600,847406,843156,852933,837561,841928,839949,835656,842089,820338,818863,814535,808171,802473,814055,807509,797688,804690,800561
1147,0,0,24,868951,862528,852386,848074,857995,842485,846884,844763,840474,847048,824968,823384,818921,812783,806983,818518,812056,802181,809207,805010
1148,1,0,24,864271,857841,847686,843356,853160,837768,842142,840223,835833,842403,820512,819110,814626,808474,802763,814242,807826,797854,805048,800776
1149,0,0,24,868618,862317,852200,847820,857692,842203,846578,844556,840199,846859,824607,823136,818656,812457,806743,818148,811849,801827,809091,804760
1150,1,0,24,863997,857577,847608,843320,853050,837647,842039,840046,835811,842272,820478,819029,814613,808206,802547,813979,807603,797932,804922,800800
1151,0,0,24,868934,862561,852576,848159,858059,842562,846934,844985,840629,847189,825044,823557,818871,812710,807052,818538,812085,802487,809366,805171
1152,1,0,24,864247,857731,847689,843415,853153,837838,842213,840146,835868,842323,820501,819090,814553,808551,802863,814114,807720,797976,805212,800846
1153,0,0,24,868743,862350,852169,847810,857552,842236,846636,844523,840267,846848,824553,823077,818627,812562,806750,818199,811755,802021,809183,804824
1154,1,0,24,863627,857147,847137,842944,852662,837162,841559,839652,835320,841906,820092,818549,814213,807804,802231,813550,807195,797499,804606,800239
1155,0,0,24,868691,862250,852252,847955,857759,842238,846634,844571,840303,846995,824728,823198,818779,812415,806828,818259,811863,802120,809162,804802
1156,1,0,24,864073,857469,847519,843246,853049,837572,842023,839885,835689,842217,820362,818975,814662,808187,802487,813996,807472,797786,804912,800573
1157,0,0,24,868908,862454,852355,848066,857928,842444,846860,844721,840413,846995,824848,823363,819002,812595,806892,818459,811951,802218,809309,804875
1158,1,0,24,864123,857751,847606,843265,853160,837752,842049,840027,835809,842385,820539,819136,814656,808286,802680,814181,807652,797825,804961,800602
1159,0,0,24,868496,862171,852090,847757,857637,842136,846423,844405,840145,846817,824610,823045,818651,812284,806646,818106,811644,801783,808898,804474
1160,1,0,24,863766,857441,847306,843000,852856,837303,841782,839738,835507,842092,820372,818698,814367,808001,802322,813812,807281,797505,804671,800289
1161,0,0,24,869043,862663,852493,848099,857987,842530,846905,844799,840596,847206,825085,823453,818978,812788,806936,818559,812057,802131,809343,804927
1162,1,0,24,863843,857601,847417,843100,852983,837416,841909,839813,835661,842239,820367,818858,814426,808178,802444,813912,807403,797583,804784,800427
1163,0,0,24,868905,862672,852458,848058,857960,842396,846880,844731,840563,847221,824974,823470,818869,812733,806995,818495,812041,802193,809278,804917
1164,1,0,24,863965,857638,847438,843132,853043,837551,841992,839909,835751,842177,820361,818987,814589,808216,802551,813976,807466,797610,804803,800423
1165,0,0,24,868732,862429,852139,847831,857742,842210,846714,844497,840378,846906,824726,823221,818831,812390,806791,818159,811815,801963,809039,804729
1166,1,0,24,864108,857668,847570,843297,853096,837549,842101,839999,835789,842231,820522,818967,814701,808333,802662,813958,807537,797780,804817,800488
1167,0,0,24,868895,862557,852400,847989,857925,842433,846884,844750,840430,846993,824902,823392,819044,812723,807004,818310,812000,802117,809139,804747
1168,1,0,24,864142,857666,847541,843244,853144,837639,841972,840034,835718,842297,820491,819006,814567,808247,802603,814077,807614,797867,804715,800494
1169,0,0,24,868778,862341,852170,847825,857724,842292,846614,844548,840277,846928,824681,823133,818766,812390,806733,818308,811773,802023,809032,804614
1170,1,0,24,864134,857569,847609,843315,853134,837654,841947,840135,835719,842280,820429,819078,814690,808401,802620,814155,807562,797936,804917,800615
1171,0,0,24,868735,862096,852135,847772,857661,842196,846519,844541,840211,846866,824599,823155,818754,812430,806660,818362,811673,802006,808986,804662
1172,1,0,24,863973,857819,847472,843265,853074,837652,841995,839964,835791,842269,820386,818948,814469,808194,802522,814101,807634,797860,804740,800365
1173,0,0,24,868734,862583,852186,847914,857828,842357,846618,844621,840347,846840,824789,823212,818698,812479,806757,818354,811872,802073,809008,804552
1174,1,0,24,864033,857690,847508,843190,853122,837738,842007,839897,835691,842215,820562,818848,814604,808176,802570,814201,807535,797693,804588,800387
1175,0,0,24,868833,862526,852283,847934,857830,842357,846689,844518,840331,846978,824884,823117,818774,812513,806866,818429,811873,801955,808888,804609
1176,1,0,24,864379,857883,847766,843570,853386,837889,842149,840137,835930,842509,820684,819213,814728,808527,802765,814254,807783,797886,804881,800702
1177,0,0,24,868901,862396,852242,847933,857876,842379,846600,844644,840346,846940,824757,823223,818709,812610,806746,818343,811835,801862,808900,804686
1178,1,0,24,864359,857606,847620,843336,853256,837859,841935,840191,835750,842319,820598,819004,814804,808344,802631,814264,807526,797812,804860,800585
1179,0,0,24,869005,862497,852366,847992,857988,842488,846631,844722,840380,847017,824946,823271,818984,812591,806858,818559,811846,802055,809124,804739
1180,1,0,24,864139,857564,847526,843259,853228,837709,842013,839994,835764,842335,820527,818980,814647,808329,802612,814199,807493,797838,804838,800638
1181,0,0,24,868860,862350,852171,848012,857951,842436,846702,844566,840408,846952,824942,823273,818879,812622,806884,818444,811835,802124,809043,804854
1182,1,0,24,863909,857512,847278,843178,852857,837581,841766,839959,835614,842188,820331,818867,814467,808155,802498,814115,807365,797732,804694,800446
1183,0,0,24,868639,862152,852118,847776,857632,842285,846519,844506,840112,846794,824572,823165,818583,812347,806692,818345,811619,801923,808892,804530
1184,1,0,24,863980,857418,847446,843106,852845,837484,841914,840073,835520,842147,820364,818881,814389,808159,802505,813957,807338,797644,804686,800458
1185,0,0,24,868705,862344,852217,847857,857766,842297,846651,844643,840236,846855,824766,823246,818649,812452,806782,818419,811750,802012,808946,804812
1186,1,0,24,864049,857500,847486,843118,852891,837666,841962,839949,835765,842149,820521,818954,814743,808432,802636,814107,807515,797730,804888,800589
1187,0,0,24,869019,862562,852488,848119,857878,842577,846888,844820,840531,847015,825059,823325,819175,812855,807078,818558,812058,802178,809242,804937
1188,1,0,24,864214,857981,847805,843484,853136,837849,842368,840392,836093,842484,820681,819230,814881,808662,803012,814371,807763,798160,805119,800865
1189,0,0,24,868654,862365,852196,847738,857660,842256,846725,844664,840316,846884,824680,823188,818775,812646,806757,818347,811662,802153,809132,804691
1190,1,0,24,864063,857843,847643,843183,853184,837875,842146,840156,835867,842266,820512,819041,814582,808426,802736,814199,807421,797964,804856,800572
1191,0,0,24,868669,862505,852268,847759,857756,842422,846758,844638,840405,846883,824763,823147,818740,812622,806874,818418,811694,802209,808965,804672
1192,1,0,24,864231,857559,847675,843246,853230,837758,842154,840077,835914,842359,820578,819018,814820,808450,802842,814152,807615,798082,804863,800689
1193,0,0,24,868595,862169,852182,847674,857664,842209,846588,844466,840292,846780,824690,822994,818845,812454,806795,818216,811636,802143,808976,804632
1194,1,0,24,863974,857699,847510,843035,853076,837585,842061,839856,835795,842224,820481,818869,814644,808166,802489,813995,807398,797853,804563,800457
1195,0,0,24,868675,862549,852355,847784,857874,842442,846862,844516,840514,847007,824898,823228,818915,812587,806837,818362,811767,802220,809002,804851
1196,1,0,24,864233,857849,847739,843284,853283,837819,842329,840146,835896,842334,820611,819078,814712,808403,802759,814180,807679,798061,804919,800764
1197,0,0,24,868649,862145,852088,847526,857628,842113,846603,844407,840153,846654,824480,822903,818530,812410,806661,818133,811563,802023,808834,804595
1198,1,0,24,863862,857397,847407,842860,852779,837379,841848,839750,835481,841917,820131,818587,814328,808115,802402,813733,807165,797585,804599,800367
1199,0,0,24,868716,862187,852284,847683,857690,842284,846721,844474,840316,846696,824640,823076,818684,812408,806817,818172,811652,801963,809000,804731
