rep,heat_enabled,transmitter_bit,transmitter_mask,ctrl_0_ro_0,ctrl_0_ro_1,ctrl_0_ro_2,ctrl_0_ro_3,ctrl_0_ro_4,ctrl_1_ro_0,ctrl_1_ro_1,ctrl_1_ro_2,ctrl_1_ro_3,ctrl_1_ro_4,ctrl_2_ro_0,ctrl_2_ro_1,ctrl_2_ro_2,ctrl_2_ro_3,ctrl_2_ro_4,ctrl_3_ro_0,ctrl_3_ro_1,ctrl_3_ro_2,ctrl_3_ro_3,ctrl_3_ro_4
0,31,0,-1,6714435,6688132,6569643,6608118,6544130,6596406,6590541,6566980,6648159,6539705,6638086,6575544,6491780,6603685,6575183,6502788,6546827,6502094,6521869,6404511
1,0,0,-1,6727487,6700717,6582231,6622092,6556784,6609093,6604325,6579744,6661219,6552547,6651711,6589058,6504839,6618115,6588653,6517121,6560756,6515406,6535656,6417507
2,31,0,-1,6715748,6689220,6570214,6610658,6544827,6596817,6592148,6568480,6648785,6540370,6639538,6577459,6493389,6605622,6576512,6504852,6548294,6503645,6523878,6405608
3,0,0,-1,6728024,6701203,6582309,6621716,6556366,6608123,6604253,6580264,6660704,6552785,6652395,6589212,6505064,6617498,6588766,6516994,6560458,6515502,6536303,6417976
4,31,0,-1,6715842,6689567,6570695,6609862,6544832,6595891,6592509,6568457,6649190,6540251,6639782,6577415,6493016,6604918,6576319,6504274,6548813,6502736,6524049,6405302
5,0,0,-1,6727672,6701136,6582071,6622562,6556283,6607551,6604044,6580068,6660737,6552670,6651523,6589747,6504763,6617148,6588808,6517522,6561107,6515071,6536257,6417290
6,31,0,-1,6715304,6689220,6570163,6610773,6543901,6595495,6591678,6567335,6647995,6539563,6638759,6577270,6492570,6604230,6576215,6504576,6547554,6502196,6523469,6404766
7,0,0,-1,6728304,6702586,6582688,6623929,6556920,6609009,6605194,6580337,6661032,6552818,6652695,6590706,6505573,6617750,6589022,6519100,6561201,6515590,6536369,6417891
8,31,0,-1,6716582,6690667,6571066,6611567,6544722,6596914,6593043,6568167,6649330,6540057,6640452,6578508,6493570,6606634,6576906,6507077,6549105,6502961,6523806,6405983
9,0,0,-1,6727245,6701335,6580802,6622168,6555863,6607435,6603840,6578967,6660360,6551389,6651956,6589304,6504496,6616978,6587797,6518132,6560211,6514130,6535453,6416240
10,31,0,-1,6715451,6689673,6569267,6610126,6544400,6595316,6591661,6566854,6647197,6540106,6638903,6577096,6492481,6604524,6575601,6505641,6547026,6501988,6522900,6404026
11,0,0,-1,6727630,6701889,6581197,6622726,6556458,6607566,6604105,6579369,6660443,6552907,6651383,6589377,6504730,6617053,6588147,6518749,6559955,6515073,6535473,6417328
12,31,0,-1,6714849,6689204,6569422,6611159,6544178,6595016,6591150,6567480,6647937,6540200,6639074,6576466,6491413,6604674,6574870,6505163,6547208,6501872,6522299,6405017
13,0,0,-1,6727190,6701590,6581013,6623740,6556411,6607027,6603675,6579987,6660528,6552723,6652115,6589228,6504390,6617466,6588671,6518433,6559883,6514823,6534662,6417041
14,31,0,-1,6714419,6689755,6568936,6611276,6543052,6595014,6590873,6566954,6647712,6539523,6639232,6576105,6492158,6604316,6575615,6505600,6546975,6502044,6521459,6404560
15,0,0,-1,6726752,6702526,6581199,6623272,6555352,6607407,6602816,6579459,6660290,6552484,6651986,6589690,6504581,6617686,6589194,6519225,6560509,6515092,6534940,6417179
16,31,0,-1,6714276,6690405,6569053,6611102,6543010,6595751,6590610,6567302,6648253,6539450,6639154,6577071,6492189,6604527,6575543,6506540,6547184,6502271,6522235,6404315
17,0,0,-1,6727170,6702826,6581419,6623099,6555826,6607691,6602961,6580111,6660683,6553280,6651647,6589805,6504329,6616320,6587784,6518749,6560443,6514907,6535578,6416629
18,31,0,-1,6714986,6689893,6569130,6610960,6543489,6595530,6591133,6567351,6648054,6540020,6638798,6576729,6492142,6604227,6574699,6505483,6547141,6501934,6523058,6403875
19,0,0,-1,6727251,6701425,6582020,6623967,6555697,6608094,6604281,6579607,6661141,6552819,6651768,6589849,6504197,6616662,6588091,6519339,6560325,6515177,6535909,6416900
20,31,0,-1,6714541,6688556,6568902,6610759,6543631,6594223,6590711,6566318,6647440,6539676,6638104,6576275,6491536,6603393,6574459,6505395,6545612,6501715,6522308,6403403
21,0,0,-1,6726552,6700942,6581202,6623139,6555349,6605847,6602919,6578605,6660097,6553020,6651122,6589499,6503573,6617219,6586978,6518151,6558842,6513635,6535399,6416523
22,31,0,-1,6714817,6689329,6569446,6611933,6543675,6594551,6591565,6567288,6648253,6540580,6639303,6577811,6491818,6605581,6575028,6505431,6546802,6501976,6523174,6405335
23,0,0,-1,6726265,6701467,6581390,6624250,6555980,6607674,6603868,6579156,6660530,6553024,6652041,6590486,6504624,6617996,6587835,6517825,6559083,6514183,6536130,6417402
24,31,0,-1,6714222,6688910,6569838,6611847,6543565,6595228,6592117,6567022,6647947,6540284,6639461,6577749,6492080,6605136,6575221,6504708,6545683,6500915,6523131,6405224
25,0,0,-1,6726762,6702021,6581856,6624763,6556550,6608350,6604968,6580063,6661251,6552578,6652886,6591162,6505349,6618306,6588417,6518719,6559672,6514860,6536140,6418225
26,31,0,-1,6715441,6690074,6569161,6612080,6544414,6595821,6592389,6567888,6649144,6540493,6639153,6578029,6492255,6606091,6575302,6506000,6546639,6502493,6523090,6405403
27,0,0,-1,6727439,6702157,6581151,6624380,6555762,6607702,6604070,6579927,6661278,6553348,6651408,6590469,6504440,6618120,6587573,6518387,6559547,6514922,6535783,6417768
28,31,0,-1,6714144,6689612,6568778,6611140,6542766,6594870,6590896,6567074,6647501,6539801,6637997,6577455,6491290,6604489,6574637,6505147,6546437,6501726,6522470,6404903
29,0,0,-1,6725932,6701124,6581439,6623046,6554779,6607223,6603467,6579388,6659967,6553006,6651075,6589939,6503465,6617079,6586764,6517798,6559565,6513954,6535084,6417733
30,31,0,-1,6713770,6688720,6568606,6610164,6542456,6594549,6590367,6566120,6647269,6540370,6637986,6577103,6491808,6603539,6574345,6505010,6546114,6500949,6522720,6405232
31,0,0,-1,6726746,6701932,6580979,6623094,6554299,6607215,6603301,6579177,6660277,6552555,6650709,6590255,6504435,6616421,6587558,6518485,6559870,6513612,6535486,6418260
32,31,0,-1,6714629,6689149,6568718,6611032,6542305,6595019,6591352,6566811,6647646,6540806,6638032,6577315,6491902,6604526,6574671,6505692,6547024,6501596,6522802,6406110
33,0,0,-1,6727027,6700725,6581118,6623276,6554666,6606954,6603123,6578956,6660542,6553266,6650894,6590086,6504539,6617607,6588389,6518584,6560496,6515038,6535944,6417652
34,31,0,-1,6714666,6688521,6569022,6610583,6542576,6594949,6591257,6566763,6647844,6540409,6638176,6577322,6492084,6604869,6575221,6505844,6547064,6501846,6523368,6405123
35,0,0,-1,6726271,6700899,6581085,6622680,6554187,6607215,6602905,6579081,6659746,6551882,6650670,6589092,6503808,6616311,6587659,6518211,6559703,6514612,6535279,6416705
36,31,0,-1,6715078,6689943,6569967,6611798,6543021,6595888,6591773,6567603,6648094,6540210,6638720,6577531,6492277,6605005,6576087,6506167,6547942,6502230,6523725,6406236
37,0,0,-1,6726845,6701766,6582077,6623603,6555417,6607859,6603887,6578772,6661109,6552364,6651886,6590418,6504568,6617420,6587943,6519194,6560217,6515096,6535967,6418315
38,31,0,-1,6714811,6689826,6569738,6611364,6544013,6595497,6591423,6567368,6648810,6540534,6638524,6578662,6492504,6605358,6575977,6506195,6546999,6502441,6523927,6405286
39,0,0,-1,6727400,6702470,6581487,6624422,6556317,6608040,6604658,6580384,6660708,6552854,6651544,6591288,6504635,6618125,6588531,6519028,6560495,6515403,6536222,6417526
40,31,0,-1,6714729,6689683,6570427,6611970,6543584,6595405,6591747,6567596,6648600,6540927,6638515,6578069,6492022,6604926,6575845,6505770,6547476,6502478,6523047,6404890
41,0,0,-1,6727009,6701262,6581505,6623813,6554508,6607099,6603862,6579130,6660701,6552204,6650369,6590195,6503857,6617158,6588319,6518205,6559323,6515246,6535172,6416848
42,31,0,-1,6714647,6689071,6569391,6612243,6543124,6594409,6592224,6567062,6648138,6540399,6638732,6577904,6491615,6605161,6575717,6506138,6546719,6502589,6522414,6405150
43,0,0,-1,6726785,6700838,6582671,6624246,6555864,6607070,6604848,6579505,6661127,6553121,6651157,6590324,6503968,6617039,6589233,6518929,6560861,6515957,6536130,6417938
44,31,0,-1,6715578,6689319,6570703,6613045,6544431,6595372,6592257,6568582,6649224,6540245,6638927,6578097,6492421,6604997,6577128,6507214,6548308,6503094,6523726,6405614
45,0,0,-1,6727068,6700591,6581971,6624339,6555051,6607163,6603747,6579576,6661005,6553020,6651144,6590196,6504098,6616742,6588893,6518813,6560111,6514999,6536573,6416870
46,31,0,-1,6714432,6689000,6569364,6611763,6543124,6594424,6591826,6566833,6648385,6540119,6638131,6577114,6491563,6604455,6576750,6506152,6546699,6502682,6523915,6404873
47,0,0,-1,6726225,6701030,6581634,6624018,6555702,6607119,6603982,6578938,6661144,6552188,6651531,6589549,6503875,6617854,6587445,6518413,6558784,6514570,6535837,6416436
48,31,0,-1,6713894,6688543,6569205,6610700,6544106,6594791,6591157,6566179,6648369,6539330,6637777,6577374,6491719,6605108,6574774,6504986,6546169,6502405,6522785,6405024
49,0,0,-1,6726374,6700799,6581567,6622737,6556689,6607261,6603459,6579039,6661074,6552232,6650952,6589883,6504076,6617431,6587386,6518297,6559709,6515640,6535641,6417913
50,31,0,-1,6713741,6688311,6569150,6610365,6543870,6594699,6591154,6566589,6648393,6539529,6637802,6577136,6491574,6603969,6573722,6505388,6546364,6502346,6522463,6404819
51,0,0,-1,6725448,6699746,6580007,6623082,6555252,6606153,6602552,6578080,6660443,6551048,6650006,6588639,6503119,6615402,6586586,6517885,6559323,6514381,6534942,6416749
52,31,0,-1,6714955,6688830,6569668,6612449,6544548,6594733,6592245,6567399,6649391,6540448,6638911,6577775,6491942,6604258,6574754,6506345,6547761,6502499,6523554,6406331
53,0,0,-1,6725805,6701388,6580612,6623669,6556019,6606319,6603759,6578627,6660479,6552123,6651252,6589249,6504237,6615539,6586568,6517962,6560005,6514086,6535346,6417752
54,31,0,-1,6714507,6690089,6569480,6612446,6544539,6595214,6591722,6566905,6648951,6540049,6639618,6577614,6492224,6603612,6575068,6505823,6547903,6502863,6523396,6405622
55,0,0,-1,6725564,6701006,6580527,6623517,6555503,6606936,6603141,6578566,6660714,6551233,6651307,6589253,6503755,6615241,6586586,6517912,6559789,6514418,6535179,6417686
56,31,0,-1,6713348,6688137,6568707,6611321,6542858,6594396,6590917,6566270,6647830,6537799,6637971,6576813,6491407,6603195,6574526,6504716,6546615,6501749,6522731,6405122
57,0,0,-1,6726610,6700337,6580476,6623586,6555007,6606741,6602919,6578694,6660104,6550820,6650742,6589206,6503865,6616241,6586477,6517844,6559773,6514928,6535661,6417623
58,31,0,-1,6714847,6687782,6568264,6611356,6542890,6593732,6590889,6565811,6647571,6538006,6637580,6576733,6491287,6603528,6573690,6505140,6546774,6502218,6522335,6405091
59,0,0,-1,6726807,6700273,6579818,6623637,6554927,6605751,6602972,6578297,6660337,6551952,6650966,6589299,6504092,6614947,6586433,6517720,6559845,6515266,6535733,6417612
60,31,0,-1,6714594,6688840,6568676,6611713,6543395,6594359,6591256,6566321,6648380,6538988,6638726,6577442,6491634,6602672,6574028,6505575,6546622,6502663,6523606,6404833
61,0,0,-1,6726278,6700919,6579933,6624033,6555165,6606211,6603481,6577641,6660231,6551214,6651145,6589875,6503918,6615557,6585946,6518204,6559692,6515261,6535089,6416692
62,31,0,-1,6713464,6687939,6567424,6611145,6542427,6594191,6590626,6565184,6647399,6538033,6637765,6577397,6491148,6602127,6572856,6504556,6546304,6502160,6521759,6404257
63,0,0,-1,6725411,6700078,6579420,6623404,6554320,6605837,6602864,6578035,6660031,6550658,6650650,6589412,6503274,6615489,6585836,6517699,6559048,6514691,6534506,6416151
64,31,0,-1,6712959,6687780,6567052,6611007,6542234,6593349,6590415,6565468,6647109,6538816,6637380,6576262,6490762,6602895,6573810,6504581,6546193,6501874,6521683,6403228
65,0,0,-1,6726157,6700762,6580358,6623574,6554241,6606515,6602768,6578492,6660076,6551331,6651060,6589669,6503638,6615796,6587268,6518082,6559133,6515060,6534813,6416648
66,31,0,-1,6713991,6688309,6568501,6611678,6543448,6593920,6590733,6566369,6648296,6538978,6638057,6577258,6491161,6603982,6575059,6505403,6546323,6502679,6523140,6404350
67,0,0,-1,6726646,6700672,6581193,6624108,6556589,6607108,6603315,6579463,6661442,6552240,6651767,6590081,6504422,6616784,6587980,6518354,6559992,6515974,6536454,6417503
68,31,0,-1,6714569,6689067,6568504,6612036,6544126,6595296,6591228,6566842,6649239,6540660,6638583,6577812,6492077,6605446,6575530,6505584,6547171,6502660,6523689,6405541
69,0,0,-1,6725412,6699270,6579182,6622839,6554807,6605814,6601377,6577756,6660129,6551454,6651136,6588612,6503066,6615880,6586842,6516932,6558219,6513817,6535066,6416647
70,31,0,-1,6714659,6688969,6568700,6611354,6544414,6595065,6591266,6566237,6648445,6540451,6639448,6577961,6491191,6604199,6575204,6505810,6546762,6502084,6523169,6405346
71,0,0,-1,6726538,6700551,6580028,6623106,6555822,6607312,6603448,6577810,6660601,6552417,6651578,6589801,6503585,6616003,6587501,6517918,6559430,6514624,6535269,6417363
72,31,0,-1,6713495,6687758,6568040,6610759,6543358,6594727,6591210,6565711,6648032,6539743,6638905,6577027,6492014,6603080,6574975,6504593,6547401,6501903,6522090,6404845
73,0,0,-1,6725867,6699909,6579776,6623609,6555565,6606883,6602555,6577732,6660742,6552472,6651766,6589540,6503555,6616806,6587333,6517881,6559756,6515076,6535262,6416868
74,31,0,-1,6713675,6687631,6567606,6611206,6543441,6594616,6589980,6565634,6647772,6540212,6638640,6577244,6490815,6603562,6574997,6505191,6547258,6502058,6522548,6404380
75,0,0,-1,6726642,6700818,6579957,6623651,6556305,6607090,6603078,6578339,6661352,6553162,6651215,6590072,6503753,6617104,6587942,6518734,6560913,6515415,6536369,6417179
76,31,0,-1,6714042,6689354,6568031,6611434,6543205,6595090,6591067,6565924,6648911,6540247,6638743,6578208,6491945,6605510,6575736,6505719,6548434,6503152,6523554,6404770
77,0,0,-1,6726475,6702261,6580150,6623701,6555824,6607409,6603336,6578697,6661677,6553058,6651213,6590456,6504596,6618195,6587953,6518792,6560475,6516056,6536239,6417619
78,31,0,-1,6713972,6689023,6567961,6611337,6544600,6594516,6591425,6566374,6649232,6540374,6638102,6577969,6491908,6604967,6575638,6506135,6547177,6503538,6522672,6404818
79,0,0,-1,6726808,6701866,6580314,6624578,6557723,6608086,6604425,6579545,6662924,6553397,6651586,6591056,6504773,6618111,6588010,6519692,6560480,6516655,6536719,6418496
80,31,0,-1,6713763,6688821,6568101,6611423,6544159,6594724,6591190,6566578,6649530,6540078,6637989,6577423,6491955,6605330,6574318,6506433,6547073,6503318,6522908,6405614
81,0,0,-1,6726782,6702015,6580430,6624296,6557377,6608014,6603722,6579138,6662097,6553955,6651732,6590664,6504229,6617735,6587499,6519427,6560530,6516851,6536781,6417887
82,31,0,-1,6712565,6688499,6567923,6610973,6544156,6594511,6590766,6565940,6648790,6539935,6637625,6576855,6490299,6604320,6573847,6504703,6546376,6502935,6522951,6403735
83,0,0,-1,6725982,6700700,6580343,6623400,6556312,6607361,6603033,6578950,6662106,6553869,6650898,6590671,6503359,6617308,6588466,6518247,6560065,6516333,6535871,6416703
84,31,0,-1,6714460,6690580,6568689,6611507,6544560,6595441,6591493,6567189,6649685,6540740,6638953,6578182,6491453,6605056,6575997,6505623,6547510,6504280,6524122,6405455
85,0,0,-1,6726301,6702465,6580660,6623911,6557200,6606937,6603798,6579078,6661820,6553427,6651224,6590299,6502903,6617075,6589049,6517345,6559603,6516124,6536601,6417726
86,31,0,-1,6714412,6689517,6568522,6612346,6544093,6594764,6590628,6565902,6648742,6540748,6638365,6577223,6490878,6605013,6575440,6504155,6546655,6503233,6523269,6404259
87,0,0,-1,6727021,6702281,6580795,6624915,6556556,6607685,6604186,6579084,6661808,6554537,6651656,6590488,6504145,6618102,6588931,6517519,6560184,6515703,6536746,6416742
88,31,0,-1,6713745,6688687,6567839,6611330,6543557,6594431,6590743,6565327,6648222,6540991,6637339,6576839,6490175,6604460,6575232,6503906,6546093,6502172,6523143,6403920
89,0,0,-1,6726027,6701436,6580299,6623519,6555538,6607194,6603656,6577900,6661236,6553589,6650620,6589693,6502386,6617761,6588097,6517364,6559401,6514754,6535558,6416883
90,31,0,-1,6714973,6689420,6569325,6612010,6544111,6595217,6590994,6566837,6649580,6542250,6638518,6577499,6490967,6605553,6576597,6504895,6546930,6502936,6522960,6404117
91,0,0,-1,6727909,6702351,6581331,6625108,6556937,6608143,6604408,6579577,6662601,6555130,6651850,6590407,6504067,6618731,6589127,6518179,6560859,6515957,6536049,6417270
92,31,0,-1,6715832,6690056,6568513,6612317,6544262,6595564,6591349,6567159,6649511,6541895,6638597,6577940,6491099,6605386,6576098,6505124,6547261,6503096,6523413,6405208
93,0,0,-1,6727444,6701508,6580300,6623541,6556026,6607030,6602966,6578644,6661235,6553061,6650925,6589643,6503099,6616579,6588528,6517913,6559100,6515081,6535650,6416870
94,31,0,-1,6715522,6690203,6568959,6611859,6544841,6595929,6591033,6567250,6649862,6540978,6638868,6577562,6491343,6605623,6576205,6505871,6547072,6503194,6523879,6405201
95,0,0,-1,6726832,6701706,6580714,6622988,6556147,6607563,6603336,6579384,6661786,6552955,6650370,6589595,6503091,6617355,6588346,6517719,6559599,6515423,6536011,6416852
96,31,0,-1,6714286,6689193,6568290,6611083,6543866,6595564,6590880,6566758,6648958,6540473,6637999,6576795,6491029,6604238,6574715,6504957,6547302,6502993,6522975,6404343
97,0,0,-1,6726302,6701958,6581133,6624448,6556201,6608344,6603809,6579726,6662042,6554459,6651401,6589749,6503444,6617563,6587831,6518474,6561246,6516508,6536750,6417432
98,31,0,-1,6713520,6689830,6567961,6612434,6543677,6595271,6591188,6567144,6649606,6541431,6637843,6576587,6490656,6603978,6575768,6504570,6547380,6502825,6522842,6404693
99,0,0,-1,6727278,6702036,6580548,6624729,6556737,6607903,6603037,6579742,6662003,6553930,6651713,6590161,6503557,6618025,6587721,6517360,6560542,6516071,6535300,6417816
100,31,0,-1,6714849,6689838,6568801,6612367,6544011,6594835,6590653,6566561,6648860,6541093,6639121,6577996,6490935,6606075,6574986,6503886,6547056,6502630,6522308,6404660
101,0,0,-1,6727287,6702454,6581783,6624941,6557148,6607808,6603732,6579381,6661508,6553483,6651952,6590021,6503890,6617827,6587551,6517782,6560525,6515366,6535547,6416687
102,31,0,-1,6714824,6689917,6569592,6612600,6544619,6595575,6591381,6567168,6649376,6541117,6638854,6577605,6491621,6605317,6575102,6505164,6547097,6502938,6522903,6404267
103,0,0,-1,6727225,6702107,6581626,6624618,6556453,6607366,6603287,6579864,6662458,6553899,6652011,6590165,6502876,6618303,6587462,6518511,6560280,6515486,6535432,6416987
104,31,0,-1,6715316,6690584,6569718,6613035,6544401,6595556,6591696,6567706,6650393,6541252,6638964,6578259,6490905,6606019,6575690,6505460,6547584,6503353,6523103,6404306
105,0,0,-1,6728474,6703061,6582223,6624826,6556912,6608190,6604162,6580193,6662969,6554464,6651502,6590968,6503611,6618265,6588928,6518575,6560381,6516672,6536248,6417391
106,31,0,-1,6715878,6690846,6569444,6612234,6544104,6596283,6592019,6567533,6649922,6541733,6639277,6578406,6491960,6605807,6575848,6505491,6547532,6503472,6522998,6405034
107,0,0,-1,6727984,6701961,6581100,6624570,6556147,6608274,6603904,6579925,6661719,6553840,6652084,6590424,6503239,6617384,6587467,6518469,6560011,6516556,6535655,6417436
108,31,0,-1,6715505,6689401,6569297,6612402,6543708,6596247,6591407,6567522,6649360,6540938,6639668,6577655,6490998,6605036,6574132,6505660,6546895,6503707,6522917,6405107
109,0,0,-1,6727993,6701236,6581068,6624756,6556011,6608131,6603767,6579335,6661889,6553735,6652372,6590467,6503673,6617771,6586984,6518560,6559520,6516475,6535399,6417855
110,31,0,-1,6715622,6688610,6568644,6612122,6544184,6595951,6591373,6566469,6649199,6540595,6638798,6577795,6491007,6604314,6575036,6505354,6545961,6503701,6522418,6404792
111,0,0,-1,6729114,6701860,6580525,6624953,6557019,6608625,6604159,6579997,6663149,6554303,6652980,6591189,6504330,6618068,6588784,6519045,6560022,6517159,6536329,6417767
112,31,0,-1,6716272,6689351,6568232,6612755,6544512,6595806,6591850,6567442,6649796,6540756,6639470,6578416,6491584,6604978,6576170,6505898,6546798,6504025,6522860,6405754
113,0,0,-1,6727664,6701290,6580612,6623876,6556273,6608101,6603936,6579412,6662304,6553618,6651634,6591141,6503389,6617616,6588126,6518737,6559441,6516013,6535586,6417681
114,31,0,-1,6716094,6689822,6569088,6612703,6544143,6596684,6592419,6567248,6649832,6541558,6639356,6579059,6492048,6604867,6577423,6506613,6548058,6504013,6523444,6405649
115,0,0,-1,6729008,6702282,6580938,6624241,6556336,6608778,6604263,6579848,6661934,6553728,6652733,6591833,6504808,6617506,6589454,6518864,6560794,6516546,6536225,6418154
116,31,0,-1,6716601,6689543,6568274,6611536,6544271,6596227,6591691,6566675,6648603,6540660,6639894,6579270,6492398,6605470,6575888,6505738,6547838,6504038,6523256,6405751
117,0,0,-1,6728460,6702137,6581612,6624534,6556561,6608678,6604183,6579675,6661987,6553172,6653407,6591825,6504802,6617685,6588205,6518644,6560579,6516643,6536798,6418514
118,31,0,-1,6714919,6689151,6569214,6611896,6543549,6595365,6591896,6567305,6649006,6539282,6639344,6578799,6491592,6604348,6575347,6504863,6546677,6503783,6522673,6405686
119,0,0,-1,6727369,6700739,6581409,6624850,6556181,6608339,6604183,6579463,6661816,6551661,6652332,6591177,6504371,6617641,6588134,6517615,6559850,6516722,6535800,6418225
120,31,0,-1,6716605,6688916,6569437,6613218,6544319,6596391,6592310,6567969,6649530,6539495,6639780,6578422,6492135,6605209,6576453,6505278,6548005,6504056,6523120,6405773
121,0,0,-1,6729042,6701195,6581439,6624730,6556615,6608460,6604447,6580341,6661923,6551926,6652922,6591405,6504145,6617808,6589701,6518339,6560273,6516484,6535766,6418152
122,31,0,-1,6715246,6688102,6568625,6612014,6544053,6595599,6591035,6567464,6649117,6539351,6639010,6577632,6490926,6604661,6575332,6504714,6546840,6502838,6522768,6404803
123,0,0,-1,6728567,6701038,6581786,6625820,6557039,6609213,6604772,6580157,6662271,6553398,6652312,6590785,6503849,6617538,6589137,6517935,6560909,6516457,6536810,6417670
124,31,0,-1,6715122,6688418,6569258,6613796,6544997,6596601,6591794,6567878,6649816,6540127,6639136,6577963,6491398,6605293,6576179,6505068,6547524,6503116,6523245,6405299
125,0,0,-1,6726904,6701550,6581511,6625764,6557797,6608997,6604638,6580674,6662182,6552744,6652301,6590719,6504641,6618176,6588900,6518225,6561226,6516812,6536683,6417521
126,31,0,-1,6714330,6688259,6568878,6612567,6544221,6595334,6591468,6567523,6649110,6539189,6638273,6577560,6492027,6604321,6575789,6504665,6547523,6503334,6523213,6404807
127,0,0,-1,6726512,6701589,6581125,6624585,6556632,6607787,6603275,6579614,6662181,6552607,6651372,6590099,6504358,6615739,6588354,6516948,6559864,6515907,6535877,6417273
128,31,0,-1,6716019,6689935,6570515,6614117,6545849,6596576,6592339,6568656,6650764,6540949,6639394,6578803,6493619,6605070,6577358,6506067,6548269,6504290,6524750,6405559
129,0,0,-1,6729402,6702104,6583039,6627205,6558447,6609231,6604738,6581608,6663735,6553118,6653023,6591958,6505417,6618588,6589575,6519354,6561316,6517340,6537530,6417655
130,31,0,-1,6716590,6690989,6570588,6614018,6545722,6596517,6592931,6568378,6651210,6541124,6639244,6578863,6492798,6605107,6576691,6506411,6548229,6504357,6524536,6405413
131,0,0,-1,6728834,6702908,6581821,6626187,6557880,6608981,6604277,6580875,6663768,6553933,6652572,6591228,6504873,6617888,6588415,6518639,6560985,6517138,6537579,6418163
132,31,0,-1,6714809,6689535,6568992,6611981,6543949,6595144,6590328,6566662,6648935,6540018,6639092,6577406,6491287,6604605,6574767,6504995,6546556,6503090,6523160,6404805
133,0,0,-1,6727903,6702990,6582622,6625531,6557134,6609226,6604164,6579545,6662787,6553760,6652155,6590944,6504718,6617734,6588478,6518408,6560832,6516589,6536669,6418106
134,31,0,-1,6715576,6689306,6569066,6612638,6544726,6596767,6591170,6567095,6649674,6540764,6638480,6577871,6491509,6604872,6575857,6505154,6547275,6503156,6523503,6405325
135,0,0,-1,6727687,6700806,6580682,6624653,6556303,6608640,6603444,6579132,6661727,6552756,6650660,6589700,6503638,6616786,6587925,6517516,6559752,6515768,6536242,6417651
136,31,0,-1,6716327,6689144,6569298,6613086,6545268,6596289,6591760,6567546,6649789,6541291,6638727,6577957,6491834,6604892,6576182,6505861,6547303,6503963,6524044,6405464
137,0,0,-1,6728376,6700855,6581046,6625244,6557114,6608182,6603987,6579374,6662336,6554530,6651380,6590758,6504205,6617615,6588600,6518818,6559607,6516084,6535847,6416991
138,31,0,-1,6715380,6688666,6569443,6613171,6545300,6596615,6591881,6567405,6650204,6542039,6639204,6578455,6492007,6605802,6577241,6505955,6547685,6504143,6523213,6405112
139,0,0,-1,6727523,6700791,6581781,6624406,6556601,6608023,6604141,6579007,6662344,6553700,6652024,6590410,6504681,6617630,6589181,6518199,6560466,6516738,6535871,6417533
140,31,0,-1,6716245,6688768,6568880,6611642,6545078,6596105,6591375,6567257,6649692,6540984,6639175,6577573,6491708,6604887,6576613,6505307,6547054,6504314,6523154,6405712
141,0,0,-1,6728701,6700695,6580648,6623525,6556799,6608147,6603820,6579333,6661436,6553354,6651505,6589479,6503183,6616710,6588495,6518017,6560373,6515578,6535083,6417497
142,31,0,-1,6715975,6688631,6568638,6612576,6544899,6595201,6591523,6567382,6648932,6540479,6638886,6577053,6491528,6603724,6575942,6505031,6547173,6502679,6522125,6404669
143,0,0,-1,6727645,6700649,6580182,6624196,6556313,6607585,6603771,6579710,6661161,6552382,6651224,6589516,6503198,6615663,6587354,6517519,6559485,6515001,6534845,6416750
144,31,0,-1,6714892,6688105,6568719,6611927,6545149,6595886,6591546,6566939,6648605,6539702,6638654,6576416,6491209,6602689,6575151,6504341,6546612,6502837,6522373,6403827
145,0,0,-1,6727909,6701520,6581429,6625667,6558337,6609542,6604750,6580323,6662476,6553908,6652583,6590353,6504766,6616726,6588740,6518760,6560681,6517071,6536417,6416798
146,31,0,-1,6714601,6688931,6568319,6612238,6544793,6596315,6590958,6566771,6648874,6539838,6638800,6576978,6491592,6603610,6574414,6504883,6545872,6503418,6522274,6403837
147,0,0,-1,6727194,6701461,6580599,6623921,6556989,6608464,6603241,6579790,6661772,6552879,6651158,6589467,6504162,6616535,6587771,6518254,6559235,6515944,6535600,6416255
148,31,0,-1,6714908,6689212,6568598,6611445,6544853,6596453,6591220,6567554,6649528,6541078,6638504,6577071,6492038,6604148,6575236,6505003,6546476,6503409,6523354,6404658
149,0,0,-1,6727629,6701930,6581131,6624949,6557026,6608944,6603724,6580440,6662833,6553811,6651915,6590588,6504502,6617371,6588886,6518673,6560856,6516819,6536891,6417746
150,31,0,-1,6716083,6689094,6568707,6612677,6544739,6597080,6591594,6567882,6649877,6541200,6639595,6578235,6492107,6604624,6575918,6506064,6547362,6503441,6523941,6405287
151,0,0,-1,6727211,6700448,6580417,6623885,6555811,6608651,6604050,6578898,6661592,6552691,6651627,6589370,6503761,6616098,6587944,6517727,6558123,6515770,6536004,6416729
152,31,0,-1,6714810,6687961,6567724,6611245,6543859,6595061,6591032,6567168,6648448,6539691,6639325,6577003,6491471,6603543,6574596,6504625,6544778,6502896,6523087,6404372
153,0,0,-1,6727907,6700983,6580832,6625083,6556759,6608434,6604354,6580468,6662472,6553071,6652444,6590510,6504821,6617048,6587751,6518051,6559162,6516983,6536410,6417810
154,31,0,-1,6715226,6689163,6568715,6612104,6543546,6595997,6592128,6567639,6649334,6540490,6640012,6578156,6492178,6604729,6574817,6505295,6545855,6503467,6523825,6404778
155,0,0,-1,6727908,6701007,6581037,6624753,6555844,6608280,6604254,6580449,6662082,6553437,6652273,6590266,6504428,6616979,6588575,6518309,6558151,6515779,6536629,6417372
156,31,0,-1,6714843,6688629,6568872,6611958,6543836,6595457,6591212,6567827,6649513,6540629,6639809,6577024,6492086,6603926,6575456,6505149,6546204,6502453,6523394,6404170
157,0,0,-1,6726886,6700903,6581172,6624764,6556218,6608655,6604583,6580425,6661975,6553316,6652398,6590948,6504829,6617103,6588740,6518190,6559880,6516089,6536424,6416388
158,31,0,-1,6714180,6687425,6568371,6611785,6543253,6595138,6591000,6566882,6648356,6539641,6638928,6577021,6491287,6604154,6574704,6504127,6545576,6502672,6522792,6403796
159,0,0,-1,6728056,6700794,6581514,6625073,6556504,6607866,6604451,6580515,6661620,6553290,6652477,6590508,6504526,6616825,6588174,6517738,6559715,6515937,6535832,6417087
160,31,0,-1,6715063,6687379,6568503,6611927,6543530,6595111,6591561,6567407,6648731,6540376,6639064,6577505,6491690,6603789,6574932,6504695,6546348,6502356,6522671,6403740
161,0,0,-1,6727023,6700557,6580771,6624320,6556213,6607003,6603833,6580095,6661448,6553831,6653153,6590714,6503660,6616317,6587714,6518397,6559865,6516187,6535973,6416629
162,31,0,-1,6715326,6688359,6569254,6612245,6543711,6594575,6591875,6568134,6649036,6541244,6638709,6578024,6491387,6604346,6575897,6505468,6546573,6502853,6522933,6404424
163,0,0,-1,6727384,6699050,6580786,6624114,6555584,6606378,6604093,6579362,6660937,6553409,6651503,6590212,6503313,6616734,6587494,6517430,6558686,6515046,6535096,6416494
164,31,0,-1,6715265,6687378,6568298,6611933,6543617,6595221,6591729,6567697,6648604,6540856,6638704,6578087,6490459,6604385,6574890,6504395,6544726,6502572,6522469,6403978
165,0,0,-1,6727934,6700564,6580310,6624289,6556221,6607322,6603818,6579752,6661202,6553947,6651670,6590092,6503352,6616638,6586867,6516916,6558470,6514908,6536101,6416595
166,31,0,-1,6714660,6688627,6568098,6611900,6543848,6594773,6591308,6566983,6648353,6540614,6638480,6577286,6490989,6604137,6572784,6503665,6545758,6501526,6522846,6403956
167,0,0,-1,6726692,6700380,6580097,6623886,6555341,6606442,6603863,6579051,6661119,6552753,6651286,6589195,6502374,6616039,6585563,6516239,6558584,6514012,6534779,6415877
168,31,0,-1,6714476,6689124,6568178,6611082,6543869,6594724,6592089,6567569,6648708,6540507,6638797,6577517,6490946,6604363,6574250,6504344,6545592,6501747,6522527,6403992
169,0,0,-1,6726822,6701163,6579746,6622890,6555691,6606540,6603527,6580125,6660635,6552934,6651192,6589609,6502586,6616564,6586279,6516872,6558558,6513542,6535779,6416513
170,31,0,-1,6714530,6689326,6567893,6610494,6543018,6593957,6591668,6567238,6647885,6540287,6638143,6576896,6490493,6603835,6572562,6503480,6545666,6501375,6522517,6403517
171,0,0,-1,6726809,6701406,6579529,6622793,6554601,6605496,6603012,6578888,6660462,6552711,6650866,6588921,6502308,6615999,6586048,6516622,6558226,6513454,6534769,6415605
172,31,0,-1,6715539,6689708,6568488,6611442,6543021,6594504,6591450,6567059,6648906,6540849,6638767,6577113,6490737,6604083,6574242,6504878,6545556,6502128,6522461,6403818
173,0,0,-1,6726655,6700588,6579591,6623144,6554694,6605837,6602893,6579007,6660603,6552235,6651725,6588920,6502823,6615449,6585685,6516700,6557701,6514343,6534330,6415872
174,31,0,-1,6714008,6688579,6567318,6610410,6542580,6593176,6590436,6565772,6648031,6539520,6638572,6576954,6490161,6602636,6572957,6503740,6544560,6501116,6521526,6403735
175,0,0,-1,6725969,6701723,6580116,6622928,6555506,6606097,6603954,6578785,6661470,6552833,6651772,6589717,6503607,6616930,6586982,6517556,6558546,6515070,6535832,6416657
176,31,0,-1,6714264,6690134,6568427,6610679,6543130,6594503,6591444,6566254,6649098,6540657,6638710,6577462,6491476,6604232,6573716,6504651,6546160,6501877,6522900,6403946
177,0,0,-1,6727417,6702628,6580638,6623078,6555399,6606347,6603777,6579036,6661729,6553126,6651829,6589926,6503831,6616573,6586988,6517708,6559615,6514625,6535626,6416591
178,31,0,-1,6714936,6690509,6568857,6611697,6544091,6595171,6592005,6566926,6649155,6540446,6638527,6577973,6491855,6604555,6574618,6504982,6546384,6502097,6523754,6405027
179,0,0,-1,6726930,6701236,6580121,6623348,6556109,6606804,6604039,6578856,6661767,6552231,6651087,6589555,6503541,6615991,6586631,6517260,6558407,6514381,6535798,6417149
180,31,0,-1,6714756,6688517,6567826,6610773,6543249,6594165,6590781,6565850,6648414,6540667,6637825,6576802,6491117,6603228,6574131,6504607,6545030,6501556,6523006,6404066
181,0,0,-1,6727399,6700789,6580469,6623306,6555405,6606980,6603083,6578853,6660399,6553187,6651401,6589574,6502920,6616090,6587200,6517740,6558585,6514477,6536432,6416439
182,31,0,-1,6714497,6687437,6567085,6610329,6543501,6594366,6590693,6565889,6648099,6539556,6637271,6576645,6489690,6602866,6574987,6503934,6545134,6500506,6522465,6403128
183,0,0,-1,6726861,6698807,6579304,6622108,6556160,6606785,6603108,6578493,6660726,6552077,6650180,6589479,6502452,6615700,6586967,6517122,6558456,6513836,6535221,6415252
184,31,0,-1,6715164,6686867,6567807,6610559,6544323,6594666,6591290,6566451,6648794,6539449,6638206,6576989,6490725,6603987,6574577,6504634,6546931,6501448,6522443,6403777
185,0,0,-1,6727806,6699898,6580576,6623675,6556959,6607253,6603901,6579401,6661618,6552128,6651096,6590036,6503893,6616814,6587461,6517737,6559941,6515136,6535939,6416695
186,31,0,-1,6715043,6687875,6568758,6611393,6544412,6595128,6591392,6567373,6648857,6540650,6637861,6577459,6491048,6604617,6574030,6504390,6546965,6502742,6523056,6404877
187,0,0,-1,6725933,6698916,6579610,6623129,6555607,6606943,6604568,6578737,6661932,6551994,6650049,6589272,6502888,6616129,6586516,6516469,6558850,6514245,6534423,6416136
188,31,0,-1,6714811,6687902,6568763,6612377,6544445,6595474,6593145,6567137,6649972,6540662,6638733,6577630,6491687,6604833,6575006,6504744,6547054,6502578,6522508,6404621
189,0,0,-1,6726167,6699804,6580267,6624412,6555724,6606841,6604492,6579450,6661726,6553036,6650965,6589510,6503420,6617045,6587119,6517299,6560019,6514947,6535609,6416312
190,31,0,-1,6713277,6686482,6567391,6611040,6543305,6594075,6591512,6566440,6648513,6539559,6637691,6576793,6490195,6604342,6574176,6504053,6546395,6501689,6522483,6403882
191,0,0,-1,6726740,6699733,6580207,6623318,6556681,6606997,6605398,6579875,6661758,6553331,6651041,6590487,6503571,6617672,6587397,6518121,6560317,6515572,6536064,6416897
192,31,0,-1,6714520,6687359,6567501,6611142,6543727,6594601,6591176,6566856,6648221,6539899,6638141,6577414,6490767,6604820,6573990,6504751,6547084,6501078,6522496,6403307
193,0,0,-1,6727887,6700601,6580364,6624094,6556597,6607522,6604276,6579193,6660953,6552965,6651487,6590230,6503845,6617765,6587263,6517859,6560296,6514729,6535834,6417283
194,31,0,-1,6715286,6689307,6568448,6612024,6545160,6595910,6592806,6567164,6648966,6540467,6639329,6579034,6492057,6605162,6575492,6505998,6548074,6503024,6523682,6405632
195,0,0,-1,6727595,6700622,6580455,6624181,6557114,6607763,6604245,6579882,6661624,6552907,6651134,6591141,6503103,6617313,6587395,6518577,6560240,6514961,6536613,6417133
196,31,0,-1,6715107,6688761,6568455,6611680,6544948,6595023,6592039,6567367,6648713,6540110,6637728,6578103,6490467,6604938,6574978,6505283,6546434,6502404,6523163,6404424
197,0,0,-1,6726422,6700443,6579597,6623893,6556577,6607235,6604312,6579502,6660683,6551499,6650422,6590048,6502887,6616710,6586955,6517827,6559636,6514961,6536040,6416379
198,31,0,-1,6714813,6687895,6567664,6611065,6544007,6595244,6591617,6566983,6648330,6539104,6637814,6576912,6490207,6604590,6575451,6504829,6546061,6501644,6522768,6404818
199,0,0,-1,6726333,6700608,6579751,6623143,6555768,6607152,6604072,6579450,6660440,6552486,6650644,6589680,6502520,6617432,6588197,6517562,6559215,6514648,6535545,6417036
200,31,0,-1,6713847,6688488,6567679,6611268,6543895,6594938,6591961,6566648,6647579,6539589,6637234,6576728,6489595,6603889,6575861,6504300,6545817,6502524,6522473,6404625
201,0,0,-1,6726725,6701121,6579741,6623623,6556370,6608358,6603885,6579848,6660709,6552462,6650690,6589756,6502431,6616850,6588359,6517416,6559283,6515273,6536037,6417321
202,31,0,-1,6714349,6688645,6568612,6610969,6544245,6595756,6591841,6567627,6648700,6540650,6638287,6577824,6489984,6604994,6575044,6505331,6547233,6502363,6523164,6404900
203,0,0,-1,6726117,6700433,6580514,6623036,6556770,6608847,6604796,6580219,6661143,6553086,6651618,6590633,6502714,6617133,6588076,6518336,6560484,6515168,6535982,6417612
204,31,0,-1,6714329,6687871,6568130,6611107,6544397,6595950,6591993,6567185,6648010,6539832,6637541,6577694,6490400,6604043,6574865,6505154,6547345,6502237,6522307,6404516
205,0,0,-1,6726391,6700035,6579923,6623310,6556516,6608162,6603509,6579512,6660320,6551995,6649756,6589503,6501946,6616411,6587771,6517055,6559379,6514685,6535383,6416752
206,31,0,-1,6714420,6688336,6568461,6611867,6545275,6596090,6591133,6567469,6648266,6540607,6637969,6577720,6490370,6604653,6574758,6504421,6546460,6502800,6522878,6404317
207,0,0,-1,6726439,6701180,6580316,6623720,6557081,6608128,6604385,6579596,6660860,6553341,6650532,6590469,6502299,6617735,6587811,6517456,6559923,6514728,6534802,6416682
208,31,0,-1,6713935,6688785,6568168,6611116,6544272,6595956,6591398,6566876,6647945,6539918,6637365,6577999,6490162,6604941,6576125,6504041,6546505,6502088,6522062,6403558
209,0,0,-1,6725628,6699935,6579868,6623211,6556395,6608217,6603718,6578582,6659448,6551635,6650405,6589937,6502041,6616842,6588072,6516356,6558814,6514142,6534586,6416234
210,31,0,-1,6713798,6688399,6568032,6611371,6545205,6595825,6591385,6566553,6647063,6539271,6638154,6578014,6489414,6604548,6574872,6503885,6545742,6501499,6522570,6404190
211,0,0,-1,6725761,6700310,6579784,6622441,6556413,6607746,6603159,6578674,6659643,6551365,6650102,6589484,6501359,6617023,6586703,6516442,6557880,6513566,6534824,6414736
212,31,0,-1,6713820,6688181,6568254,6610366,6544014,6595916,6591172,6566281,6647242,6539285,6638108,6577122,6489538,6605026,6575144,6503977,6545873,6501241,6522760,6403396
213,0,0,-1,6726545,6700123,6580360,6622814,6556761,6608238,6603475,6579154,6660079,6552443,6651053,6590096,6502443,6618011,6587748,6516758,6559198,6514107,6535692,6416023
214,31,0,-1,6713609,6687443,6567020,6610199,6544286,6595147,6589747,6565792,6646961,6539171,6637331,6577128,6489661,6604025,6574642,6503851,6546356,6500979,6522561,6403351
215,0,0,-1,6726193,6700461,6579859,6623589,6556561,6608087,6603428,6579130,6660274,6552216,6651019,6590241,6502162,6616800,6588099,6517182,6559950,6514873,6535756,6416318
216,31,0,-1,6714011,6688372,6567968,6611142,6545151,6596048,6591705,6567966,6647877,6539672,6638368,6577703,6490442,6604504,6575607,6504560,6547118,6502450,6522820,6403697
217,0,0,-1,6725596,6700550,6579756,6622432,6555679,6607684,6602931,6578827,6659354,6551952,6650172,6589861,6502518,6617156,6587471,6516995,6558669,6514124,6534566,6415680
218,31,0,-1,6715185,6689144,6567630,6611803,6544721,6596493,6591629,6567184,6647609,6540483,6638014,6578785,6490656,6605428,6575431,6504780,6546420,6502869,6523073,6404418
219,0,0,-1,6726749,6701098,6580231,6624736,6556707,6608854,6604634,6579807,6660424,6552879,6650687,6591128,6503784,6618724,6588327,6517481,6558842,6515682,6535746,6416324
220,31,0,-1,6714766,6689045,6567681,6612305,6544978,6596642,6592709,6567318,6648502,6540949,6638323,6578896,6491265,6605780,6576122,6505387,6546564,6502961,6523314,6404824
221,0,0,-1,6726738,6700664,6579701,6623872,6555834,6608485,6604369,6579279,6659758,6552622,6650820,6591107,6503430,6618078,6587975,6517712,6559327,6515634,6535522,6417145
222,31,0,-1,6714307,6688511,6567766,6612223,6544350,6596180,6591852,6566684,6647295,6540041,6637995,6578849,6491121,6605578,6575628,6504842,6546354,6502533,6523099,6404546
223,0,0,-1,6727620,6701588,6580401,6624831,6556854,6608704,6605015,6579917,6660473,6553144,6651327,6591190,6504173,6618646,6587724,6518396,6559791,6515955,6536435,6417408
224,31,0,-1,6714687,6689198,6568040,6612337,6544746,6596234,6592258,6567296,6647986,6539846,6638169,6578444,6491528,6605107,6575340,6505514,6547077,6502451,6523760,6404256
225,0,0,-1,6726367,6701005,6579892,6624106,6556837,6608192,6604354,6579314,6660483,6551817,6650639,6590899,6502911,6617700,6588010,6517771,6559610,6515152,6536606,6416346
226,31,0,-1,6713535,6688398,6567499,6611085,6544290,6595923,6592036,6567156,6647941,6539178,6637281,6578448,6490289,6604485,6574570,6504455,6546134,6502942,6523084,6403684
227,0,0,-1,6725478,6700643,6579894,6623049,6556674,6607809,6604269,6579311,6660814,6552087,6650104,6590617,6502984,6617424,6587503,6517919,6559650,6515721,6537187,6416524
228,31,0,-1,6714731,6689073,6567837,6611533,6545832,6596472,6592031,6567271,6648593,6540840,6637573,6578079,6491426,6604593,6575935,6505895,6546909,6503658,6524552,6404986
229,0,0,-1,6726096,6699881,6579797,6623225,6557260,6608711,6604129,6579191,6660268,6552750,6649863,6590521,6503308,6617042,6588070,6518525,6559396,6515012,6536525,6416166
230,31,0,-1,6714016,6687859,6566938,6611142,6544474,6596189,6591486,6566606,6647718,6539117,6637367,6577994,6490739,6604373,6574995,6505046,6546540,6502002,6523358,6404116
231,0,0,-1,6726664,6699932,6578851,6623546,6556612,6608208,6603584,6579208,6660505,6552036,6649716,6590068,6503064,6617192,6587738,6518098,6559511,6514907,6536017,6416964
232,31,0,-1,6714112,6687971,6567611,6611480,6544618,6595892,6591108,6566292,6647900,6539888,6637249,6578245,6490796,6604632,6574825,6505101,6546150,6501943,6523678,6403911
233,0,0,-1,6727140,6700835,6580017,6623949,6556416,6608294,6604364,6579767,6660943,6552648,6650160,6591607,6503729,6616907,6587589,6517940,6559026,6515208,6536770,6417268
234,31,0,-1,6713733,6687977,6567385,6611545,6544186,6595230,6590495,6567097,6647921,6540048,6637507,6578453,6490471,6604017,6575307,6504260,6546214,6502059,6523177,6403577
235,0,0,-1,6726298,6700227,6579483,6624092,6556524,6608245,6603016,6579589,6660281,6552513,6650253,6591029,6503623,6615891,6587004,6517313,6559503,6515275,6535948,6416507
236,31,0,-1,6713229,6687211,6567310,6611210,6544422,6595971,6590763,6566706,6648220,6539310,6637070,6577655,6491236,6602757,6574501,6503770,6546124,6502708,6522714,6403873
237,0,0,-1,6726536,6699757,6579653,6623411,6557184,6608483,6604095,6579919,6660973,6552458,6650244,6590647,6503304,6615810,6586664,6517567,6559824,6515626,6535823,6416175
238,31,0,-1,6713253,6687171,6566776,6610544,6544044,6595612,6590374,6566788,6647406,6539629,6635550,6577390,6490624,6603226,6573684,6503373,6545912,6502120,6522354,6403223
239,0,0,-1,6726413,6699872,6578918,6622945,6556435,6607817,6602991,6579173,6659673,6552289,6649299,6589803,6502694,6615704,6587550,6516637,6558537,6514913,6535000,6416419
240,31,0,-1,6714799,6688441,6567412,6611569,6544898,6595990,6591088,6567448,6647820,6539637,6636693,6578128,6491114,6603841,6575125,6504221,6546973,6502659,6523087,6404199
241,0,0,-1,6727275,6700406,6579951,6623879,6556663,6608102,6603357,6579884,6660645,6551723,6649391,6591066,6503166,6615858,6587311,6517355,6559735,6515216,6536245,6415729
242,31,0,-1,6713607,6687852,6567866,6611078,6544706,6595341,6591324,6566731,6647591,6539574,6636989,6577950,6490975,6604062,6574912,6504696,6546447,6502474,6522642,6403470
243,0,0,-1,6726303,6700145,6579934,6623418,6557024,6607977,6603450,6580133,6660899,6552838,6650897,6591362,6503691,6617017,6587809,6517931,6560738,6516211,6536150,6417272
244,31,0,-1,6713653,6688153,6567434,6610651,6544583,6595443,6591206,6566876,6648262,6539976,6637271,6578259,6490761,6604090,6575255,6504503,6546910,6503011,6522957,6403631
245,0,0,-1,6726499,6699548,6579108,6622753,6555984,6607643,6602860,6578827,6659923,6551258,6649292,6590352,6502574,6615989,6587975,6517048,6559153,6515013,6535553,6415369
246,31,0,-1,6714278,6687686,6567264,6610766,6543787,6595551,6590103,6566445,6647079,6538586,6636372,6577518,6490647,6603523,6573956,6503873,6545761,6502324,6522797,6403134
247,0,0,-1,6726390,6699416,6579139,6622309,6555565,6607456,6602639,6577770,6658945,6550964,6648724,6589943,6502571,6615410,6585769,6516820,6558837,6514762,6535223,6415059
248,31,0,-1,6714989,6688885,6568493,6612263,6544433,6596209,6592106,6567552,6647645,6539833,6637593,6578410,6491720,6603785,6574668,6505435,6547118,6503108,6523564,6404248
249,0,0,-1,6727075,6701410,6580606,6624405,6556384,6607801,6604525,6579475,6660128,6552421,6650058,6590934,6503808,6617582,6587757,6518084,6559960,6516049,6536347,6416570
250,31,0,-1,6715800,6688409,6568212,6612279,6544760,6595493,6591847,6567497,6647628,6539877,6638102,6578262,6491282,6605467,6574964,6504619,6547140,6503787,6523488,6404310
251,0,0,-1,6727593,6700899,6580194,6624183,6556184,6607830,6604242,6579592,6660233,6552536,6650760,6590715,6503273,6617004,6587421,6516986,6560033,6516175,6535724,6416506
252,31,0,-1,6715140,6688894,6568031,6611326,6544041,6595312,6591484,6567017,6647408,6539419,6637886,6577866,6490915,6603900,6574437,6504338,6546671,6503229,6522621,6403815
253,0,0,-1,6727653,6700853,6580530,6624719,6556760,6608571,6604767,6579719,6660355,6553070,6651340,6590804,6504304,6616692,6588946,6518500,6560004,6516715,6536125,6416595
254,31,0,-1,6714903,6687760,6567860,6611928,6543959,6595869,6591541,6566418,6647577,6539505,6637269,6578427,6491586,6603741,6575453,6505184,6545960,6503225,6523555,6403257
255,0,0,-1,6727615,6699998,6580608,6623855,6556415,6609128,6603881,6579709,6660632,6552024,6650753,6591016,6504178,6616498,6588696,6517904,6559331,6516383,6537130,6416901
256,31,0,-1,6715094,6687473,6568080,6610673,6544235,6595832,6591182,6567388,6647701,6539151,6637102,6577409,6491504,6603170,6575475,6504850,6545720,6502593,6523463,6403266
257,0,0,-1,6727963,6699582,6579955,6623799,6556570,6608759,6604102,6579922,6660365,6553053,6650466,6590424,6504270,6615754,6588485,6517852,6559452,6515268,6536295,6415815
258,31,0,-1,6715783,6688727,6568380,6611410,6544986,6596186,6591757,6567046,6647554,6540683,6637470,6578231,6492638,6603017,6575850,6505291,6546885,6502739,6523489,6403209
259,0,0,-1,6727160,6700271,6580070,6623715,6556150,6608058,6603510,6579402,6659834,6552647,6650835,6590358,6503305,6615456,6587636,6517288,6558750,6515043,6536037,6416152
260,31,0,-1,6715377,6688741,6568768,6610723,6544727,6596274,6591810,6567309,6647726,6541092,6638493,6578057,6491770,6604109,6576041,6504895,6546257,6503290,6523972,6404343
261,0,0,-1,6727375,6700406,6580759,6622459,6556612,6608367,6603840,6579445,6660699,6553269,6651327,6590691,6503633,6616614,6588202,6517684,6559096,6515536,6536629,6416219
262,31,0,-1,6715251,6688038,6568035,6611009,6544956,6596449,6591562,6567203,6648767,6539848,6638679,6578298,6491003,6604378,6575852,6505146,6546504,6502942,6524219,6403895
263,0,0,-1,6726907,6699830,6580169,6622723,6557052,6608627,6603964,6579014,6660387,6551386,6651374,6590355,6502652,6615750,6588167,6517887,6559091,6515118,6536313,6416145
264,31,0,-1,6714915,6689528,6567960,6610955,6544622,6595575,6591380,6567041,6647232,6539195,6638619,6577406,6490751,6604058,6575829,6505130,6546519,6502861,6523386,6404055
265,0,0,-1,6726715,6701333,6579243,6623094,6556292,6607018,6603342,6578965,6658785,6551832,6650229,6589428,6502240,6615744,6587033,6517257,6558795,6514662,6535120,6416169
266,31,0,-1,6715395,6689792,6568270,6612586,6545648,6595753,6592147,6567365,6647646,6539906,6638049,6577869,6491041,6604080,6575891,6505267,6547386,6502606,6523217,6404670
267,0,0,-1,6726872,6700259,6578950,6623697,6556946,6607206,6604215,6578752,6660010,6551691,6649752,6589738,6502960,6616362,6587952,6517346,6559173,6515223,6535310,6415792
268,31,0,-1,6714209,6688417,6567766,6612053,6544953,6595621,6592551,6566925,6647889,6539881,6637607,6578051,6490813,6604461,6575712,6504730,6546397,6502792,6522987,6403685
269,0,0,-1,6726418,6699458,6578963,6623102,6555457,6607043,6603886,6578896,6659767,6551350,6649939,6589247,6502641,6615986,6587611,6516851,6559237,6514572,6535613,6414652
270,31,0,-1,6714475,6687958,6567549,6611287,6543989,6595398,6591916,6567050,6648018,6539476,6637399,6577764,6490994,6603825,6575609,6504645,6546574,6502236,6523674,6403682
271,0,0,-1,6726567,6701657,6579756,6623223,6556560,6607705,6604549,6579772,6660532,6552337,6650101,6590659,6503233,6616182,6588233,6517219,6559326,6515213,6536441,6416513
272,31,0,-1,6713815,6689591,6566882,6611230,6544244,6594484,6592245,6567319,6647506,6539835,6637514,6577914,6491050,6604195,6574340,6504476,6545858,6502678,6523273,6402798
273,0,0,-1,6726561,6702334,6579484,6623938,6557030,6606981,6604436,6580203,6660496,6552937,6650676,6590259,6502975,6616989,6587621,6517710,6558999,6515528,6536073,6416770
274,31,0,-1,6714157,6689080,6566781,6610583,6543817,6593874,6591864,6566667,6647069,6539671,6636805,6576542,6489743,6603076,6574106,6502960,6545672,6501796,6522806,6403497
275,0,0,-1,6727992,6702678,6580896,6624068,6557792,6607435,6605553,6579881,6661056,6553721,6650909,6590259,6504597,6617008,6587568,6517647,6560509,6515998,6537356,6417222
276,31,0,-1,6714160,6689526,6567603,6611331,6544463,6594490,6591572,6566749,6647456,6540157,6637442,6577324,6491345,6603182,6574643,6504509,6546587,6501995,6522994,6404223
277,0,0,-1,6726118,6701130,6578963,6624108,6556169,6606980,6603941,6578883,6660354,6552514,6649861,6589239,6504398,6615924,6587542,6517190,6559456,6514609,6535721,6416255
278,31,0,-1,6714990,6689276,6567069,6611613,6544181,6594820,6591227,6567210,6648238,6540256,6636696,6577064,6491675,6603480,6575371,6504377,6546526,6502233,6522477,6403626
279,0,0,-1,6727112,6701341,6578797,6623513,6556248,6606525,6603066,6579317,6660420,6553107,6650125,6589991,6503551,6616284,6587781,6517874,6559946,6515095,6535575,6415855
280,31,0,-1,6714831,6689141,6566310,6610815,6543981,6594266,6590489,6566536,6647601,6540420,6637067,6576851,6490760,6603161,6574538,6504664,6546879,6502138,6522924,6403692
281,0,0,-1,6727574,6701702,6579827,6623859,6556415,6606904,6603992,6579166,6660866,6552900,6651042,6590398,6504089,6615219,6588009,6518544,6560795,6515681,6536760,6417021
282,31,0,-1,6714544,6688809,6567003,6611303,6543430,6594661,6590129,6566405,6647520,6540089,6638044,6577545,6490869,6602721,6574588,6505401,6547268,6502249,6523308,6403912
283,0,0,-1,6727061,6701600,6579425,6623742,6556437,6607774,6602883,6579120,6660525,6552298,6650440,6590341,6504025,6616045,6587764,6518222,6560663,6515528,6536016,6416217
284,31,0,-1,6715366,6690061,6567929,6611885,6544709,6596344,6590707,6567333,6648259,6540498,6637883,6578966,6492360,6603495,6575835,6505887,6547859,6503365,6523811,6404701
285,0,0,-1,6726669,6701504,6580420,6624099,6557899,6608239,6603380,6579418,6660950,6553341,6650158,6591264,6503677,6616812,6588290,6518511,6560390,6516166,6536383,6416447
286,31,0,-1,6714616,6688995,6568038,6611491,6545410,6596288,6591187,6566788,6648680,6540697,6637894,6578276,6491375,6604412,6575385,6505286,6547667,6502843,6523377,6403710
287,0,0,-1,6727098,6701322,6579912,6623938,6557339,6607949,6603549,6579009,6660788,6553296,6650196,6590180,6503861,6615230,6587674,6518394,6560130,6515745,6536040,6416164
288,31,0,-1,6714958,6689077,6567969,6611374,6545764,6596195,6592201,6567303,6648566,6540616,6637690,6578811,6491859,6603682,6574722,6506103,6547857,6503361,6523348,6404357
289,0,0,-1,6726969,6700710,6579485,6623008,6557427,6608231,6603890,6579195,6660843,6552003,6650215,6590920,6504285,6616585,6587945,6518668,6560435,6515883,6535719,6416145
290,31,0,-1,6715482,6687902,6567908,6612353,6544488,6595434,6592158,6567195,6648776,6539758,6638482,6578491,6492152,6604319,6575914,6505847,6547592,6503223,6523759,6403268
291,0,0,-1,6727617,6700515,6579361,6624064,6556453,6607756,6603531,6579266,6660221,6552659,6650917,6590846,6503956,6616110,6588284,6518323,6560122,6515445,6535426,6415244
292,31,0,-1,6715063,6687553,6567024,6611690,6543927,6594615,6591301,6566491,6647658,6540434,6637667,6578460,6492123,6603651,6575348,6505033,6547556,6502265,6522398,6402971
293,0,0,-1,6726895,6699974,6578798,6623939,6556460,6607486,6603782,6579459,6660401,6553482,6650162,6590986,6504564,6615771,6587649,6518447,6560528,6515520,6535421,6415640
294,31,0,-1,6714389,6687791,6567513,6611432,6544559,6595365,6591912,6566820,6647849,6540107,6637024,6577970,6491886,6603469,6573155,6504844,6547345,6503132,6522549,6403521
295,0,0,-1,6726522,6699927,6579834,6623717,6556608,6607599,6603865,6579518,6660330,6553057,6650080,6590551,6504908,6615505,6587613,6517767,6559861,6515764,6535529,6416106
296,31,0,-1,6712806,6687148,6566386,6610720,6543688,6594695,6590191,6565799,6646784,6539070,6636209,6577000,6491269,6601912,6574321,6503964,6545503,6501557,6521714,6402321
297,0,0,-1,6726257,6700585,6579307,6623654,6557541,6607598,6603772,6579216,6660270,6552956,6649868,6590564,6504500,6615357,6588042,6518168,6558997,6515501,6536126,6416132
298,31,0,-1,6714595,6689257,6567731,6611688,6545199,6595649,6592135,6567395,6648153,6541391,6637669,6578501,6492516,6603605,6576599,6505633,6546697,6502436,6523723,6403641
299,0,0,-1,6727958,6701903,6579917,6624254,6557695,6608436,6604808,6579687,6661278,6554011,6650155,6591464,6505231,6616289,6588969,6518700,6560876,6515618,6536814,6417198
300,31,0,-1,6715520,6689437,6567345,6611726,6545408,6596472,6591909,6567879,6649051,6540477,6637036,6579620,6493021,6604090,6576517,6505956,6547555,6503124,6523664,6404871
301,0,0,-1,6727137,6701974,6579577,6623638,6557515,6608709,6604866,6580031,6661698,6553055,6650109,6591541,6505170,6616661,6589348,6518635,6560660,6516072,6536328,6417022
302,31,0,-1,6714769,6689746,6568170,6611761,6545876,6596791,6592874,6567884,6649690,6540796,6638174,6579494,6492946,6605226,6577386,6505901,6548124,6503746,6524087,6405315
303,0,0,-1,6726848,6701493,6580201,6624255,6557413,6608429,6604335,6579756,6661833,6552890,6650815,6591354,6504830,6616842,6589392,6518027,6560618,6515523,6536092,6416480
304,31,0,-1,6714128,6688330,6567642,6611442,6544783,6595581,6591540,6566127,6648397,6540327,6637247,6578043,6492107,6603148,6576062,6504690,6547595,6502721,6522429,6403721
305,0,0,-1,6727224,6701316,6580364,6624576,6556892,6607782,6604530,6579869,6661568,6553667,6650133,6591284,6505318,6617424,6588299,6518189,6560708,6515537,6536141,6416241
306,31,0,-1,6715793,6689105,6568498,6611968,6545368,6595888,6592449,6566874,6649441,6540515,6637542,6578698,6493124,6604546,6576007,6505466,6547490,6502974,6523192,6403875
307,0,0,-1,6728004,6701804,6580911,6624039,6557555,6609500,6604468,6579373,6662794,6553114,6650578,6591589,6506022,6617374,6589089,6518251,6560511,6515754,6536362,6417107
308,31,0,-1,6715100,6688962,6567731,6610716,6544654,6596035,6591157,6566134,6648940,6539929,6637204,6578699,6492568,6604161,6575467,6504540,6547174,6502004,6523073,6403543
309,0,0,-1,6726855,6701888,6580193,6622533,6557337,6608423,6604136,6579132,6661408,6552934,6651039,6591517,6505030,6616760,6588964,6517960,6561041,6515477,6535990,6416545
310,31,0,-1,6713911,6688898,6567798,6610452,6544022,6594602,6590770,6565276,6648187,6539181,6637346,6577831,6491733,6602480,6574521,6503737,6547069,6501571,6522090,6402488
311,0,0,-1,6727338,6702202,6580373,6623670,6556276,6608200,6604150,6578309,6661129,6552536,6650461,6590961,6504978,6616027,6587300,6517051,6560625,6515259,6535552,6415793
312,31,0,-1,6715179,6689628,6569142,6611453,6544938,6596097,6592202,6565871,6648959,6540218,6639189,6579029,6492099,6605037,6575810,6505081,6547074,6502670,6523156,6404129
313,0,0,-1,6726329,6700702,6580271,6622676,6556018,6607648,6603487,6577285,6660118,6551893,6651633,6590732,6503852,6616649,6589062,6517502,6558952,6514329,6535854,6416301
314,31,0,-1,6714641,6687924,6568070,6610419,6543676,6595942,6590964,6565399,6647764,6539899,6638969,6578013,6491865,6603710,6576310,6504944,6545874,6502006,6523152,6403583
315,0,0,-1,6727840,6700468,6580220,6622783,6555943,6608757,6603195,6578435,6660602,6552372,6651622,6591056,6504520,6617310,6588108,6518425,6559465,6514488,6536368,6415960
316,31,0,-1,6715051,6688908,6567475,6610664,6544263,6595858,6590775,6565908,6647700,6539227,6638581,6578295,6491363,6604837,6576168,6505240,6546758,6502258,6522687,6403113
317,0,0,-1,6727468,6701652,6580352,6623895,6557146,6608138,6603491,6578134,6660452,6552515,6651087,6591000,6504269,6616769,6588418,6518031,6560199,6515063,6536059,6416190
318,31,0,-1,6714709,6688757,6566966,6610813,6543733,6595044,6590934,6565433,6647511,6539197,6638504,6577764,6491354,6603846,6575221,6504876,6547066,6501688,6522091,6403500
319,0,0,-1,6727214,6701002,6579135,6623099,6556299,6607825,6603495,6578170,6659673,6552083,6651189,6590270,6503562,6615413,6588128,6518152,6559366,6514492,6534544,6416348
320,31,0,-1,6715107,6688893,6567232,6610888,6543745,6595670,6591053,6565605,6647545,6538856,6637944,6577782,6492649,6603543,6575788,6504249,6547148,6501354,6521981,6403463
321,0,0,-1,6727795,6701395,6579533,6623499,6556247,6607940,6603680,6577998,6660738,6552690,6650763,6590725,6504635,6616633,6589109,6517798,6560314,6514557,6535635,6416145
322,31,0,-1,6715414,6688816,6567287,6611117,6544138,6595436,6590743,6565550,6647371,6539587,6637583,6578199,6491923,6604802,6576137,6504952,6547515,6501454,6522705,6403283
323,0,0,-1,6727969,6701284,6579540,6624081,6556184,6607811,6603152,6578479,6660008,6552728,6650945,6590758,6504378,6616539,6588123,6517327,6560022,6514092,6535622,6416696
324,31,0,-1,6716120,6689311,6567881,6612076,6544101,6596170,6591349,6566366,6648025,6540097,6637945,6578449,6492397,6604482,6575436,6505287,6547591,6502135,6523398,6404469
325,0,0,-1,6727681,6701938,6580221,6624082,6556621,6607941,6603763,6578920,6660149,6552516,6651414,6590624,6504065,6616785,6588309,6518134,6560855,6514827,6535982,6417224
326,31,0,-1,6714650,6689305,6567377,6611846,6544325,6595156,6590754,6565410,6647559,6539724,6637789,6577930,6491456,6603199,6574711,6505084,6545958,6502137,6522718,6403514
327,0,0,-1,6727139,6701484,6578888,6624341,6556537,6607713,6603133,6578535,6660289,6552452,6650935,6590887,6503822,6616416,6587427,6518406,6558904,6514913,6535208,6416778
328,31,0,-1,6714571,6688688,6567082,6611667,6543933,6595311,6591337,6565740,6647486,6539481,6638676,6578578,6491721,6603531,6574601,6504781,6546098,6502069,6522071,6404352
329,0,0,-1,6726876,6700499,6579267,6624295,6555953,6607683,6603716,6577851,6660502,6552412,6651427,6590991,6504351,6616365,6587351,6517672,6559450,6514729,6534961,6416702
330,31,0,-1,6714971,6689133,6567533,6612494,6543914,6595305,6591915,6565843,6648080,6539602,6638627,6578794,6491985,6604188,6574966,6504934,6546648,6502536,6522490,6404427
331,0,0,-1,6726907,6700801,6579047,6624524,6555709,6607978,6603488,6578846,6660607,6552047,6651372,6591762,6504747,6616696,6588173,6518000,6558951,6515276,6535298,6416859
332,31,0,-1,6715184,6688410,6567317,6611734,6543862,6596021,6591080,6565755,6648532,6539683,6638797,6579575,6493022,6604667,6575626,6505175,6546147,6502458,6523280,6404953
333,0,0,-1,6727657,6701413,6579493,6624847,6556167,6607786,6603443,6578663,6661266,6552911,6652239,6592701,6505836,6617776,6589118,6518312,6560255,6515737,6536728,6417487
334,31,0,-1,6715333,6688561,6567093,6611549,6543424,6594413,6591128,6565930,6648114,6539704,6638601,6578984,6492630,6604974,6575519,6505136,6547147,6502962,6523228,6404583
335,0,0,-1,6727659,6701133,6578912,6623183,6556486,6606921,6603276,6578318,6660605,6552290,6651184,6591380,6504522,6617025,6588275,6517407,6558911,6515464,6535501,6417084
336,31,0,-1,6715417,6689323,6567240,6611372,6545531,6594711,6591938,6566453,6649194,6539734,6638074,6579108,6493113,6605492,6576129,6505130,6546769,6503244,6522967,6404919
337,0,0,-1,6728121,6701883,6579432,6624090,6557969,6607518,6604425,6578965,6661911,6552794,6651263,6591448,6505506,6617918,6588732,6518549,6559333,6515929,6535709,6417352
338,31,0,-1,6715358,6690506,6566885,6611828,6545831,6594822,6592474,6566248,6648963,6539985,6638923,6579094,6492573,6604854,6575510,6505149,6545982,6502607,6522372,6404430
339,0,0,-1,6727956,6702548,6579501,6624035,6558091,6607732,6604769,6579160,6661906,6552398,6651215,6591077,6505074,6616731,6587391,6518022,6559160,6515069,6535409,6416960
340,31,0,-1,6715549,6690104,6567564,6611800,6545825,6595642,6591592,6566702,6649822,6539970,6638698,6579055,6493525,6604988,6575520,6505374,6547480,6502712,6523556,6404629
341,0,0,-1,6727265,6702211,6580044,6623902,6557888,6607497,6604603,6578948,6662212,6552516,6651167,6591456,6505228,6617459,6588157,6518262,6559528,6515411,6536320,6417033
342,31,0,-1,6714729,6689259,6567161,6611273,6544348,6595455,6591206,6566514,6648662,6539759,6637639,6578135,6492509,6604674,6574903,6504608,6545787,6502382,6522156,6403764
343,0,0,-1,6726530,6701545,6579518,6624262,6556248,6607738,6603442,6578885,6661770,6552478,6650005,6590916,6504819,6617000,6587759,6517503,6558877,6514736,6534375,6416488
344,31,0,-1,6714766,6689895,6567334,6612822,6544867,6595901,6591553,6566300,6649311,6539574,6637758,6578064,6492210,6603817,6575593,6504858,6546604,6502666,6521524,6403886
345,0,0,-1,6726389,6702122,6579321,6624578,6556221,6607486,6603813,6579036,6661399,6552353,6650608,6590992,6504136,6617228,6588120,6517556,6559793,6515237,6535246,6416066
346,31,0,-1,6714770,6688770,6567146,6611567,6543483,6595093,6591286,6566032,6648319,6539106,6637337,6578249,6492030,6604218,6574654,6504680,6546480,6502746,6522264,6403300
347,0,0,-1,6726763,6700730,6578707,6624225,6554844,6607376,6603435,6578411,6660839,6551373,6650215,6590641,6504667,6616995,6586857,6517282,6558758,6514627,6535131,6414979
348,31,0,-1,6714817,6688470,6566796,6611859,6542816,6595263,6590572,6565914,6648774,6539658,6637416,6578277,6491945,6604948,6575257,6504740,6545535,6502219,6522579,6402503
349,0,0,-1,6726875,6700645,6578335,6623773,6554508,6607292,6602881,6578013,6661022,6551104,6649936,6590439,6503557,6617208,6587526,6517407,6558730,6514396,6534911,6415423
350,31,0,-1,6714922,6689303,6567298,6611947,6543317,6595347,6591493,6566390,6648800,6539712,6637671,6578550,6491579,6604988,6575432,6505112,6546781,6502510,6522833,6403313
351,0,0,-1,6728099,6701981,6580176,6625066,6556751,6608243,6604476,6579619,6662641,6552770,6650688,6591383,6504827,6618354,6588691,6518227,6559699,6516089,6536023,6416061
352,31,0,-1,6715545,6689066,6567614,6611801,6544557,6595644,6591773,6566678,6649848,6539735,6637315,6578256,6491625,6605481,6575170,6504703,6546229,6502891,6522885,6403143
353,0,0,-1,6727616,6700880,6579633,6624340,6556990,6607859,6603904,6579371,6661442,6552199,6651156,6590545,6503653,6617694,6587976,6518348,6560020,6515432,6535226,6415571
354,31,0,-1,6714581,6689172,6568720,6612234,6545041,6595324,6592383,6566789,6649235,6540276,6638716,6578556,6491772,6605672,6576761,6505698,6547307,6503216,6522422,6402931
355,0,0,-1,6727444,6701337,6580551,6623723,6556728,6607129,6604636,6579310,6661705,6552832,6651251,6590848,6504563,6618119,6589735,6518255,6559973,6515664,6535371,6415569
356,31,0,-1,6715773,6689264,6568945,6611535,6544746,6595125,6592254,6566865,6649245,6540349,6637812,6578171,6492505,6605555,6575176,6505750,6547803,6503083,6522652,6404238
357,0,0,-1,6728101,6701674,6581077,6623643,6556880,6607755,6604427,6579026,6662007,6552811,6651496,6591487,6504949,6618351,6587806,6518840,6560845,6515802,6535296,6417477
358,31,0,-1,6715315,6689462,6568045,6611282,6544140,6594868,6591889,6566651,6648416,6539945,6638733,6578389,6491898,6605809,6575938,6505600,6547250,6502756,6522299,6403801
359,0,0,-1,6727702,6702441,6580736,6624038,6556109,6608041,6603937,6579472,6660824,6553263,6651715,6591304,6504677,6617839,6589140,6518831,6560492,6515516,6536031,6417364
360,31,0,-1,6715259,6690819,6569298,6612876,6545645,6596844,6592345,6567227,6649264,6541578,6639256,6579118,6493013,6605810,6576659,6506332,6548220,6503097,6524394,6404889
361,0,0,-1,6727149,6701771,6580700,6624850,6557393,6608215,6604678,6579492,6661255,6553479,6651884,6590737,6505420,6617597,6589451,6518828,6560936,6515763,6536328,6416569
362,31,0,-1,6714774,6689676,6568577,6612595,6544494,6596495,6592510,6567677,6649098,6540884,6639221,6578661,6492641,6605388,6575415,6505883,6548146,6503076,6522996,6404224
363,0,0,-1,6726557,6701098,6579871,6624367,6556261,6608457,6604036,6579234,6661486,6552379,6651663,6590855,6504249,6617441,6588083,6518523,6560867,6515573,6535374,6416130
364,31,0,-1,6714095,6687997,6567201,6611135,6543609,6595513,6591547,6566834,6648274,6539300,6637999,6577509,6491536,6604071,6574292,6504885,6546542,6502463,6522385,6402570
365,0,0,-1,6727140,6700779,6580076,6623909,6556137,6608290,6603548,6579800,6661842,6552165,6651370,6590195,6504220,6616922,6587545,6518393,6559811,6515788,6535004,6415893
366,31,0,-1,6714670,6687861,6567877,6612092,6543691,6595646,6590948,6567654,6649021,6539152,6637801,6578108,6491426,6604759,6575559,6504818,6546371,6502822,6521383,6403061
367,0,0,-1,6727430,6701236,6581201,6625297,6557046,6608954,6603768,6580725,6663132,6552366,6651887,6591747,6504635,6617909,6588945,6518735,6560944,6516241,6535764,6416669
368,31,0,-1,6714629,6688038,6568565,6611460,6544653,6596042,6590898,6567421,6649918,6539561,6638535,6579084,6492217,6604656,6576327,6505887,6547123,6503234,6522935,6403955
369,0,0,-1,6727970,6700537,6580351,6625396,6557444,6608937,6603479,6580598,6662341,6552994,6651856,6592339,6505321,6617654,6588841,6519035,6560228,6516460,6536396,6417135
370,31,0,-1,6714558,6688174,6567491,6612633,6544928,6595867,6590811,6567415,6648962,6540146,6638399,6578734,6492419,6604175,6575172,6505424,6547009,6502613,6523454,6404192
371,0,0,-1,6727607,6700871,6580648,6625105,6556842,6608142,6603772,6580662,6662035,6552944,6651574,6591924,6505057,6617323,6588910,6519195,6560351,6515845,6536799,6417292
372,31,0,-1,6715894,6688445,6568182,6612397,6544499,6595980,6591093,6567464,6649198,6540817,6638747,6579000,6492238,6604971,6575099,6505367,6546402,6502468,6522968,6404441
373,0,0,-1,6728479,6700763,6579859,6624256,6556266,6608756,6603479,6580027,6661998,6553399,6651654,6591244,6504376,6618431,6588489,6518955,6559976,6516082,6536249,6417258
374,31,0,-1,6715721,6686875,6567406,6611915,6544055,6594723,6590649,6566908,6648358,6540428,6638312,6578477,6491142,6605461,6575554,6505619,6545803,6502512,6522412,6404836
375,0,0,-1,6728862,6700010,6580299,6625152,6557280,6608204,6604158,6580265,6661395,6554138,6651635,6592044,6504364,6618714,6588924,6518691,6559881,6516527,6536092,6417954
376,31,0,-1,6715620,6687262,6567483,6612360,6544706,6595901,6591303,6566940,6648894,6540477,6638716,6578646,6491725,6605321,6575371,6505296,6546501,6503311,6522894,6404728
377,0,0,-1,6727873,6699699,6580039,6624840,6556566,6608138,6604218,6579788,6661654,6553859,6652045,6591554,6504107,6617435,6589038,6518390,6559894,6516189,6535578,6416747
378,31,0,-1,6715878,6687695,6568269,6612549,6544732,6595790,6591438,6567961,6648760,6540824,6639113,6579201,6491879,6606336,6576432,6505744,6547075,6503317,6523038,6404031
379,0,0,-1,6727750,6700360,6581286,6624566,6557178,6607651,6604086,6579793,6661518,6553795,6651927,6591917,6504293,6618607,6588703,6518759,6560545,6515872,6535458,6416671
380,31,0,-1,6715407,6687810,6568784,6612366,6545164,6595237,6591692,6567380,6649102,6540416,6639248,6579316,6492476,6606603,6575605,6505817,6547353,6503145,6522971,6404747
381,0,0,-1,6727023,6699149,6580102,6623368,6555523,6606604,6602951,6578948,6659970,6551832,6650692,6590642,6502886,6617727,6587035,6517937,6558269,6514388,6534101,6415817
382,31,0,-1,6714822,6687644,6568523,6611988,6544392,6594880,6590599,6566891,6648079,6539728,6637602,6577768,6490759,6605600,6575504,6504961,6545709,6502303,6521952,6403657
383,0,0,-1,6727484,6699809,6580370,6623798,6556503,6606947,6602392,6579587,6660350,6552345,6650094,6589936,6503057,6617561,6588146,6517862,6559244,6515188,6534262,6416314
384,31,0,-1,6714543,6688312,6568474,6612080,6544738,6594533,6590811,6567461,6648479,6540115,6637898,6578049,6491108,6604917,6575629,6505316,6547246,6502587,6521696,6404016
385,0,0,-1,6727581,6701160,6580545,6624552,6557307,6606562,6603631,6580184,6661387,6553711,6651525,6590905,6503860,6617756,6588534,6518705,6559278,6515440,6535110,6417046
386,31,0,-1,6715540,6689584,6569120,6612427,6545885,6595226,6591509,6568406,6649290,6542136,6639394,6579293,6491673,6606110,6575967,6506037,6546690,6503429,6522884,6404576
387,0,0,-1,6727088,6700970,6580302,6624670,6557520,6607788,6603305,6580065,6661218,6553583,6651670,6591061,6503219,6618483,6587302,6518240,6559844,6514856,6534631,6416506
388,31,0,-1,6715127,6689152,6569089,6612794,6545633,6596181,6592003,6568062,6648974,6541606,6638741,6578780,6491781,6605785,6574999,6506113,6547256,6502576,6522461,6403971
389,0,0,-1,6727466,6700827,6580724,6624353,6557656,6607074,6603673,6580173,6660779,6553369,6651388,6590937,6503060,6618099,6587506,6518644,6560530,6514857,6534629,6415744
390,31,0,-1,6715425,6688801,6568264,6611596,6545238,6594455,6591723,6567805,6647984,6540780,6638148,6577956,6490945,6605343,6575571,6504984,6547389,6502868,6521756,6403481
391,0,0,-1,6727830,6701585,6581134,6624009,6557438,6606977,6603696,6579794,6661115,6553095,6650910,6591164,6503237,6618276,6588290,6518133,6560106,6515284,6534828,6415859
392,31,0,-1,6715710,6689521,6568694,6612231,6545076,6594943,6591066,6567536,6648219,6540608,6637742,6578649,6490470,6605268,6575027,6504955,6546867,6502713,6521484,6403062
393,0,0,-1,6728167,6701556,6580743,6624245,6557715,6607791,6603751,6580424,6661019,6553798,6651260,6591312,6503172,6618029,6587853,6518369,6560362,6515754,6534969,6415928
394,31,0,-1,6714644,6688622,6568149,6610804,6543826,6594349,6591012,6567333,6647871,6540488,6638223,6577664,6490496,6604697,6574871,6504839,6546529,6502083,6521674,6402932
395,0,0,-1,6727284,6700934,6580528,6623222,6556130,6607611,6603370,6580028,6660567,6553043,6651583,6589997,6503333,6617567,6588040,6517599,6559397,6515118,6534545,6416118
396,31,0,-1,6714951,6687183,6567268,6610782,6543435,6594715,6590468,6566982,6647954,6539703,6637073,6577117,6490602,6604374,6574779,6504491,6545791,6501835,6521725,6402879
397,0,0,-1,6728242,6700588,6580466,6624064,6556451,6607573,6603506,6579943,6661467,6553563,6651122,6591028,6503399,6617765,6588248,6518624,6560170,6515570,6534975,6416841
398,31,0,-1,6715740,6688703,6567627,6611703,6543879,6594859,6590679,6566637,6648895,6539371,6637913,6577995,6490951,6605074,6574902,6504619,6547166,6502182,6521403,6404038
399,0,0,-1,6728368,6700865,6580721,6624374,6556743,6607864,6603472,6580282,6661456,6552101,6651314,6591543,6503716,6616873,6588693,6518179,6559946,6515693,6534952,6417016
400,31,0,-1,6716153,6688746,6568950,6611765,6544431,6596049,6591181,6567919,6649068,6539349,6638243,6578510,6491414,6604456,6575406,6505379,6547074,6502672,6522336,6404573
401,0,0,-1,6727458,6700250,6580657,6623496,6555746,6607597,6602929,6579582,6661352,6551903,6650171,6590218,6502970,6617106,6588173,6517042,6559625,6515125,6533754,6416183
402,31,0,-1,6715614,6688710,6568850,6611996,6543822,6594828,6590761,6567933,6649106,6539886,6638246,6578090,6491670,6605834,6576218,6505627,6546883,6502732,6522154,6403696
403,0,0,-1,6728514,6700699,6580767,6623524,6555939,6607443,6603443,6579758,6660979,6552419,6650262,6590458,6503661,6617822,6588415,6518393,6559293,6515639,6535820,6416799
404,31,0,-1,6715894,6688525,6568119,6611128,6543972,6594485,6590661,6567457,6648182,6539586,6637739,6577893,6490889,6604797,6575174,6505495,6545982,6502541,6522430,6403928
405,0,0,-1,6727664,6700484,6580508,6623122,6556368,6606980,6602556,6579253,6660577,6552502,6650143,6590346,6502919,6617089,6588015,6517691,6559128,6514546,6534959,6416852
406,31,0,-1,6714697,6688059,6568039,6610097,6543506,6594503,6590077,6566444,6647699,6539655,6637432,6577239,6490235,6603514,6575143,6504519,6546130,6501592,6521574,6404236
407,0,0,-1,6727317,6700346,6580430,6623256,6556372,6608286,6602917,6579529,6660985,6553326,6650505,6590132,6502961,6616681,6587240,6518351,6559970,6515091,6534905,6416403
408,31,0,-1,6714993,6687939,6568627,6611049,6543862,6596099,6590980,6567460,6648878,6540436,6638040,6578100,6491081,6604835,6574892,6505545,6547186,6502393,6522039,6404351
409,0,0,-1,6727022,6699818,6579961,6623097,6555196,6607459,6602331,6578831,6660545,6552163,6650684,6590516,6502882,6616795,6587455,6517577,6559963,6515135,6535154,6416901
410,31,0,-1,6715373,6687508,6567643,6610598,6543342,6595002,6590444,6566948,6648115,6539993,6637711,6578126,6490816,6604304,6575173,6504894,6547153,6502299,6522404,6404746
411,0,0,-1,6727004,6699604,6579962,6622763,6554675,6607408,6602805,6579490,6659854,6553019,6649802,6590149,6503060,6616517,6586932,6517722,6559458,6514914,6535207,6416319
412,31,0,-1,6714477,6687761,6568577,6610712,6543572,6595076,6590433,6566988,6648044,6540173,6637289,6577786,6491216,6605124,6573638,6504700,6546390,6502172,6522658,6403818
413,0,0,-1,6726595,6700345,6580847,6623782,6555725,6607158,6602740,6579473,6661025,6552695,6650415,6590580,6503861,6617282,6586768,6517383,6559185,6515175,6535412,6416425
414,31,0,-1,6714951,6688072,6567538,6611136,6543871,6595068,6590136,6567615,6647910,6540430,6637873,6577817,6490959,6604646,6574568,6504900,6546334,6501844,6523132,6404055
415,0,0,-1,6726356,6699977,6579249,6623203,6555554,6607251,6602023,6578969,6660114,6552060,6649713,6589698,6502645,6616161,6586656,6517225,6558638,6514454,6535447,6416260
416,31,0,-1,6714715,6687655,6567694,6610951,6543955,6595187,6590628,6566945,6648134,6540322,6637464,6577404,6490929,6603922,6574220,6503914,6546549,6501941,6522902,6404325
417,0,0,-1,6726530,6699862,6579648,6622993,6555811,6607541,6602653,6578670,6660125,6552591,6649161,6589532,6502681,6615752,6587002,6516540,6558937,6515010,6534719,6416130
418,31,0,-1,6715087,6687944,6567891,6611720,6544456,6595259,6591321,6566992,6648654,6540582,6637269,6577874,6491173,6603547,6575330,6503902,6546921,6502840,6522403,6404430
419,0,0,-1,6728021,6701398,6580788,6624351,6557067,6607769,6604114,6580096,6661899,6554085,6650814,6591343,6503848,6617899,6588583,6517823,6559530,6515728,6535810,6417641
420,31,0,-1,6715005,6688635,6568028,6611739,6544412,6595241,6590667,6567042,6648890,6541066,6637661,6578154,6491157,6604724,6575314,6503607,6546467,6501958,6522461,6404461
421,0,0,-1,6727172,6700419,6579940,6623556,6556322,6607374,6602562,6579328,6661559,6553290,6650007,6590342,6503296,6616399,6587988,6517296,6559293,6515491,6535060,6417902
422,31,0,-1,6714616,6687134,6567200,6610752,6543875,6594078,6590043,6566328,6648407,6539461,6636460,6576749,6490552,6603501,6574274,6503784,6545894,6502035,6521352,6403892
423,0,0,-1,6726860,6700086,6579834,6624552,6556464,6607799,6603648,6579570,6661980,6552444,6650966,6590473,6503442,6616679,6588693,6517574,6560206,6515224,6535628,6416565
424,31,0,-1,6715080,6688164,6567887,6611916,6544739,6596084,6591376,6567585,6649394,6540922,6638389,6578249,6491055,6603849,6575400,6504990,6546841,6502987,6522890,6404540
425,0,0,-1,6726983,6699327,6579774,6623439,6555785,6607290,6603562,6579618,6660912,6552394,6650385,6590924,6503611,6616332,6588392,6517254,6558398,6515140,6534999,6415835
426,31,0,-1,6714295,6687094,6567261,6610423,6543522,6593977,6590294,6566802,6648212,6539225,6637278,6578157,6491691,6604010,6574389,6504510,6545809,6502024,6522141,6403349
427,0,0,-1,6727651,6699971,6579652,6623316,6555749,6606950,6603553,6579075,6661059,6552122,6649633,6590854,6503553,6617215,6587282,6517390,6559167,6514814,6535326,6415922
428,31,0,-1,6714745,6689292,6567630,6611721,6544098,6595020,6591766,6567102,6649023,6540330,6637266,6578604,6491548,6604940,6575507,6504407,6546002,6502906,6522849,6404383
429,0,0,-1,6726793,6701216,6580335,6623583,6556290,6607558,6604050,6579127,6661543,6553331,6650642,6591192,6503075,6616956,6588691,6517063,6559286,6515491,6535702,6416680
430,31,0,-1,6714110,6688003,6568006,6610499,6543656,6594795,6591190,6566334,6648323,6540021,6638147,6578081,6490260,6603922,6575455,6503766,6546390,6502076,6522910,6404450
431,0,0,-1,6727130,6700771,6580192,6623523,6556149,6606806,6604226,6578985,6661743,6552867,6651016,6591549,6503186,6616226,6588918,6516623,6559784,6515088,6535884,6416937
432,31,0,-1,6714860,6689327,6568395,6611621,6543915,6594672,6592276,6567392,6649168,6540838,6638919,6579047,6491517,6604507,6576289,6504595,6546492,6502507,6523121,6404679
433,0,0,-1,6726946,6701729,6579922,6623894,6555657,6606975,6603988,6579867,6661197,6552892,6651127,6591365,6503984,6616472,6589169,6517758,6559886,6515174,6536208,6418210
434,31,0,-1,6713695,6687931,6566650,6610803,6542534,6593868,6590231,6566067,6647050,6538798,6637592,6577664,6490707,6603187,6574884,6503421,6546141,6501371,6521874,6404078
435,0,0,-1,6726643,6700474,6580133,6623987,6555976,6606913,6603164,6579422,6660368,6552878,6650610,6590638,6504071,6616251,6588572,6517319,6559789,6514970,6534964,6417065
436,31,0,-1,6713951,6688444,6567658,6611227,6544256,6594602,6591103,6566930,6647261,6540725,6637612,6577988,6491518,6603881,6575452,6503769,6546984,6501831,6522111,6404103
437,0,0,-1,6726184,6701110,6580430,6623887,6556565,6607152,6603721,6579327,6660478,6552915,6651289,6590536,6503666,6617110,6588658,6517078,6559823,6514758,6535111,6416930
438,31,0,-1,6713333,6688293,6567244,6611870,6543231,6594344,6590409,6566062,6647320,6540160,6637180,6577371,6490394,6604094,6575347,6503976,6546427,6501549,6521278,6403636
439,0,0,-1,6726197,6700645,6579810,6624502,6555180,6607004,6603753,6578868,6660382,6552652,6650022,6590103,6502655,6615897,6587572,6517264,6559309,6514422,6534606,6416307
440,31,0,-1,6714398,6687668,6567590,6611140,6543127,6594470,6591074,6566768,6648005,6539633,6637236,6577498,6490749,6602872,6575157,6503661,6545955,6501409,6521292,6404140
441,0,0,-1,6726525,6699554,6579417,6623704,6555153,6606154,6603559,6578741,6659866,6551789,6649748,6590123,6502932,6614743,6587916,6516007,6558980,6514371,6534172,6416159
442,31,0,-1,6714541,6688061,6567877,6612144,6543855,6594342,6591569,6566473,6647710,6540127,6637522,6578168,6491375,6603112,6575916,6504384,6546616,6502174,6521818,6404215
443,0,0,-1,6726143,6700538,6579351,6623470,6555534,6606809,6603450,6579007,6659760,6552253,6650126,6589378,6502793,6615837,6587906,6517146,6558556,6514516,6534225,6416136
444,31,0,-1,6714551,6688404,6567247,6611341,6543449,6595198,6590821,6567383,6647944,6539829,6637791,6577341,6490678,6603776,6575301,6504606,6546006,6502225,6521465,6403920
445,0,0,-1,6726747,6700318,6580337,6624583,6555918,6607488,6603660,6579106,6661037,6552378,6650241,6589617,6503427,6616916,6588266,6518021,6559691,6514951,6533882,6416443
446,31,0,-1,6714140,6687973,6568485,6612148,6543691,6594843,6591121,6566878,6648288,6540490,6636847,6577227,6491279,6604094,6575412,6504820,6546677,6502281,6521246,6404604
447,0,0,-1,6726848,6699182,6579747,6623283,6555275,6605960,6602973,6578405,6659759,6552530,6649275,6589108,6502679,6615693,6587446,6516873,6559207,6514525,6533932,6415671
448,31,0,-1,6714536,6687102,6567784,6611083,6542650,6594093,6590319,6566047,6646510,6539843,6636672,6576588,6490247,6603666,6574755,6503749,6546252,6501404,6520612,6402398
449,0,0,-1,6727226,6699163,6580865,6623971,6555443,6606458,6602554,6579402,6659936,6552530,6649980,6590210,6502575,6616449,6587659,6516924,6559492,6514340,6534083,6415164
450,31,0,-1,6715114,6687138,6568134,6611861,6543692,6594545,6590655,6566203,6647616,6540162,6637315,6577783,6490206,6603644,6575085,6504039,6546387,6501543,6521520,6403202
451,0,0,-1,6727801,6699422,6580702,6624882,6556733,6607915,6604054,6579735,6660495,6553503,6650769,6591570,6503677,6617556,6588335,6517530,6560419,6515338,6535019,6416717
452,31,0,-1,6714716,6687178,6568714,6612925,6544264,6595176,6591064,6566829,6647962,6541067,6638399,6578368,6490979,6604933,6575481,6504810,6547301,6502645,6522500,6404060
453,0,0,-1,6728303,6700047,6581829,6625558,6558323,6608400,6604182,6580135,6661960,6554566,6651444,6591788,6504389,6617845,6589161,6518054,6560970,6516579,6535444,6417010
454,31,0,-1,6715440,6687669,6568503,6612847,6545235,6595029,6591694,6566842,6648550,6541274,6638124,6579002,6491019,6604351,6575016,6504332,6547272,6503302,6522348,6403641
455,0,0,-1,6727429,6699735,6580352,6624531,6557148,6607030,6603620,6579477,6660366,6553484,6651013,6590991,6503666,6616911,6587780,6517237,6560323,6515795,6534806,6416879
456,31,0,-1,6715778,6687581,6568200,6612762,6545313,6595366,6591114,6566859,6648243,6540500,6638053,6578589,6491270,6604000,6574796,6504519,6547460,6502952,6522664,6404524
457,0,0,-1,6728019,6700353,6581114,6624805,6557488,6607589,6604057,6579468,6660784,6553380,6651089,6591130,6503985,6616895,6588065,6517739,6560022,6515812,6535760,6417073
458,31,0,-1,6715935,6688518,6569344,6612462,6546251,6596222,6592198,6567795,6649239,6541596,6638599,6578888,6491425,6605597,6575483,6505815,6547497,6503023,6522903,6404842
459,0,0,-1,6727773,6700371,6581165,6624394,6557226,6607626,6603040,6579608,6660337,6553107,6650945,6590718,6503523,6616825,6587833,6517977,6559371,6515155,6535725,6416418
460,31,0,-1,6714980,6687401,6567511,6611990,6545143,6595498,6590327,6567287,6647682,6541119,6637872,6578130,6490578,6604360,6573486,6505030,6546338,6502490,6522957,6403828
461,0,0,-1,6727255,6700541,6579796,6624869,6557633,6608332,6603757,6579913,6660656,6554024,6651034,6591016,6503319,6617585,6587660,6518308,6560152,6515199,6535996,6417390
462,31,0,-1,6714921,6689355,6568903,6612719,6545208,6595612,6591289,6568236,6648577,6541002,6638159,6578543,6491518,6604625,6575562,6505052,6546790,6502123,6523499,6404673
463,0,0,-1,6727119,6700878,6580012,6624076,6556111,6607126,6603281,6579737,6660202,6552157,6649735,6589939,6503066,6615078,6587695,6517597,6558989,6513580,6534882,6416307
464,31,0,-1,6715601,6688922,6567989,6612383,6544110,6594787,6591124,6567421,6647852,6540322,6637458,6577930,6491851,6602609,6574904,6504973,6546061,6502308,6522769,6404315
465,0,0,-1,6728171,6701875,6581050,6625112,6556996,6607516,6603315,6579789,6660603,6553336,6651256,6590421,6504196,6616538,6588490,6517959,6559932,6515529,6535917,6416606
466,31,0,-1,6715625,6688788,6568045,6611429,6545233,6594747,6590815,6567424,6647800,6540669,6637720,6577734,6491251,6603178,6575553,6505029,6546572,6501540,6522969,6403646
467,0,0,-1,6728754,6702045,6580901,6624927,6557388,6607985,6603561,6580467,6661262,6552867,6651366,6590771,6504541,6616439,6588398,6517852,6560175,6515541,6535965,6417056
468,31,0,-1,6715285,6688536,6567280,6612244,6544173,6594620,6590795,6567022,6647664,6539340,6637441,6577136,6490888,6602476,6574511,6504148,6546453,6502440,6522484,6404106
469,0,0,-1,6727330,6701335,6580046,6625041,6556408,6607984,6602636,6579980,6660658,6552486,6650809,6590327,6504061,6615570,6588179,6517593,6559855,6515556,6535573,6416795
470,31,0,-1,6714537,6688687,6567714,6612124,6544209,6596007,6590944,6567302,6647666,6539743,6637919,6578114,6491638,6602313,6575367,6504308,6546446,6502207,6521990,6404424
471,0,0,-1,6727142,6701014,6580123,6624084,6556076,6608456,6603307,6579902,6660466,6552490,6650321,6590909,6503922,6616295,6588071,6517344,6559697,6515256,6535213,6416888
472,31,0,-1,6714671,6688455,6567468,6611753,6544002,6595414,6590762,6567038,6647601,6539806,6637257,6578166,6491085,6603429,6575208,6503870,6546397,6501743,6522460,6404304
473,0,0,-1,6727379,6701044,6579212,6624767,6556231,6608564,6603703,6580055,6660670,6552681,6650838,6590903,6504034,6617030,6588865,6517278,6560368,6515291,6536576,6417390
474,31,0,-1,6714525,6688681,6567618,6612294,6544482,6595838,6591406,6567703,6647202,6540321,6637940,6577882,6492024,6603641,6575747,6504620,6547137,6502139,6523119,6404410
475,0,0,-1,6727498,6701042,6579863,6624863,6557225,6608657,6604326,6580254,6660267,6552948,6650722,6590962,6504859,6616320,6587905,6517741,6560138,6515047,6535727,6416909
476,31,0,-1,6714045,6687045,6565813,6611244,6543007,6594534,6590247,6565859,6646587,6539332,6635852,6576955,6491290,6603034,6573966,6503243,6545105,6501452,6521156,6402587
477,0,0,-1,6726762,6700181,6579306,6624009,6555872,6608013,6603093,6579847,6660414,6552178,6649750,6590612,6504388,6616949,6587404,6516846,6558933,6514778,6535379,6416217
478,31,0,-1,6713619,6686996,6566321,6611041,6542946,6594792,6589678,6566188,6646986,6537765,6635769,6576413,6491678,6603549,6574093,6503351,6545578,6500835,6521701,6402673
479,0,0,-1,6726581,6699628,6579131,6622948,6555692,6607349,6602698,6579436,6659641,6550848,6648662,6589300,6503943,6616359,6587470,6516567,6559067,6513916,6534288,6416289
480,31,0,-1,6715353,6687940,6567979,6611619,6543944,6595982,6591287,6567490,6647966,6539072,6637515,6577439,6492652,6604888,6575023,6504677,6546821,6502209,6522646,6404139
481,0,0,-1,6727894,6700639,6580308,6624502,6556995,6608571,6603959,6580503,6660990,6552534,6650811,6590669,6505073,6617935,6589055,6518153,6560633,6514963,6535388,6416919
482,31,0,-1,6715327,6688179,6568093,6612219,6544500,6596336,6591920,6567893,6648221,6539780,6637490,6578072,6492291,6605493,6575549,6505167,6547099,6502591,6522985,6404105
483,0,0,-1,6727587,6700350,6581004,6624770,6556861,6608905,6603840,6580086,6660720,6552911,6650607,6590440,6504854,6617213,6588439,6517929,6560793,6515257,6536030,6416433
484,31,0,-1,6715232,6688047,6567802,6612134,6545135,6595781,6591189,6567646,6648037,6540646,6636898,6577939,6491772,6603298,6576021,6504565,6547600,6502444,6522220,6403569
485,0,0,-1,6727653,6700201,6580330,6624585,6557119,6607784,6603471,6580483,6660539,6552952,6650589,6590426,6504400,6615593,6588255,6517742,6559971,6515444,6534892,6415822
486,31,0,-1,6714545,6687850,6567527,6611373,6543343,6594887,6590496,6566627,6647670,6539345,6637121,6577571,6491617,6603590,6574451,6504122,6546327,6501933,6522083,6402989
487,0,0,-1,6728251,6701295,6580384,6624695,6556527,6608337,6604206,6580092,6661792,6553909,6651503,6591807,6505655,6617195,6587964,6518511,6560458,6516302,6536363,6417070
488,31,0,-1,6715040,6688129,6566621,6611303,6542902,6595059,6590217,6566300,6647928,6539506,6637776,6577737,6491407,6603331,6574151,6504147,6546259,6501554,6521638,6403911
489,0,0,-1,6727321,6699864,6578652,6623758,6555286,6607600,6603060,6579044,6660163,6552259,6649252,6589707,6503556,6615250,6587040,6516594,6558478,6513996,6534572,6416161
490,31,0,-1,6716502,6689170,6569085,6613224,6544216,6596277,6591792,6568185,6648771,6540645,6638138,6578875,6492375,6604787,6575057,6504939,6547174,6502445,6522617,6404699
491,0,0,-1,6727629,6701004,6580449,6624560,6555921,6607918,6603384,6579591,6660468,6553028,6650381,6590181,6503858,6616267,6587490,6517285,6559480,6514675,6534766,6416703
492,31,0,-1,6715234,6688788,6567935,6612309,6544112,6595508,6591177,6567041,6647646,6540362,6637321,6577739,6491883,6603098,6575433,6504281,6546111,6501734,6521850,6404053
493,0,0,-1,6728251,6701151,6580334,6624573,6556753,6608582,6604037,6580234,6660627,6553344,6650288,6590760,6504619,6615504,6588427,6517518,6559738,6515538,6534825,6416341
494,31,0,-1,6715098,6688406,6567904,6611509,6543164,6595675,6590755,6567534,6647388,6540473,6637102,6578319,6491298,6602305,6574980,6503876,6546080,6502084,6522220,6403175
495,0,0,-1,6728291,6701485,6580709,6624431,6555393,6608540,6603522,6580149,6660857,6553613,6650281,6591689,6504897,6616652,6588697,6517040,6559441,6515632,6535229,6415694
496,31,0,-1,6714962,6688422,6568541,6611609,6543476,6595416,6591056,6566683,6648095,6539948,6637058,6578360,6492221,6604407,6575023,6503943,6546088,6502096,6522138,6402900
497,0,0,-1,6727294,6701095,6580845,6624656,6555593,6607995,6604080,6579694,6660561,6553146,6649934,6591236,6504467,6616771,6587935,6517683,6559034,6515609,6534755,6416162
498,31,0,-1,6715177,6688843,6568794,6611629,6543900,6595367,6591410,6567014,6648174,6540405,6637276,6578283,6492177,6604416,6575652,6504873,6546379,6502887,6521894,6403746
499,0,0,-1,6726882,6700349,6580107,6623569,6556046,6607032,6603501,6579083,6660458,6552236,6650051,6590143,6504082,6616956,6587733,6517696,6558907,6515123,6534836,6415727
500,31,0,-1,6715086,6689422,6568781,6612512,6543933,6595353,6591334,6567231,6648129,6540270,6638469,6579023,6492863,6604856,6576419,6504867,6546989,6503472,6523476,6404014
501,0,0,-1,6727600,6701489,6580593,6624605,6556149,6607653,6603820,6579148,6660973,6552926,6650821,6591606,6505334,6616605,6588257,6517739,6559746,6515742,6535624,6416669
502,31,0,-1,6715168,6688707,6567737,6611656,6542997,6595588,6591209,6566780,6648695,6540113,6637678,6578652,6492495,6603854,6575261,6504723,6546860,6502544,6522583,6403400
503,0,0,-1,6728221,6701046,6580333,6624784,6556096,6607756,6604577,6579747,6661871,6552770,6651057,6591424,6504564,6616946,6588922,6518967,6560862,6515781,6535908,6416611
504,31,0,-1,6715664,6687882,6567286,6611340,6542891,6594326,6590434,6566759,6648402,6538582,6636849,6577913,6491847,6602459,6574723,6504704,6545658,6502104,6522054,6403246
505,0,0,-1,6727959,6700375,6579033,6624482,6555591,6607090,6602930,6579057,6661038,6552039,6649864,6590477,6504679,6615640,6587428,6517653,6559089,6514499,6534735,6415798
506,31,0,-1,6715990,6688906,6567345,6612362,6543764,6595388,6591649,6567193,6648798,6539330,6637171,6578651,6492261,6603220,6575516,6505031,6546584,6502502,6522375,6403778
507,0,0,-1,6727568,6700780,6578494,6623860,6555010,6606460,6602872,6578902,6660416,6551099,6649516,6590017,6503691,6615901,6586845,6516647,6558913,6514006,6533964,6415104
508,31,0,-1,6715175,6688864,6566937,6612127,6543742,6594516,6590644,6567114,6648182,6538236,6637335,6577660,6491511,6603959,6574721,6504569,6546411,6501871,6520835,6403802
509,0,0,-1,6727836,6701097,6579083,6623945,6556145,6606985,6603303,6579033,6660490,6551975,6649880,6590187,6503822,6616022,6587598,6517331,6559351,6514588,6534030,6416381
510,31,0,-1,6715504,6688673,6566760,6611876,6543018,6594320,6590525,6566547,6648494,6539389,6637487,6577318,6491552,6603552,6574282,6504948,6545779,6501889,6521230,6403245
511,0,0,-1,6728620,6701084,6579419,6624462,6555621,6607208,6603327,6579230,6660484,6552371,6650509,6590207,6504583,6616305,6587721,6517957,6558622,6514926,6535301,6416180
512,31,0,-1,6715875,6688492,6567096,6612405,6543886,6594465,6591126,6565847,6648025,6538947,6638107,6577420,6491856,6602917,6574294,6504725,6546646,6501986,6521593,6403784
513,0,0,-1,6728760,6700289,6579025,6624766,6555706,6607089,6603719,6578967,6661017,6552359,6651222,6590420,6504125,6616330,6587383,6517474,6560462,6515036,6534194,6416042
514,31,0,-1,6715737,6687748,6567262,6611597,6543440,6594575,6590953,6566621,6647776,6539110,6637297,6577312,6491481,6603794,6574313,6503692,6546473,6501879,6521614,6403551
515,0,0,-1,6728342,6699993,6579398,6624778,6555471,6607383,6602750,6579796,6660613,6552289,6650813,6589807,6504254,6617042,6587687,6517830,6559225,6515362,6534767,6416250
516,31,0,-1,6716000,6687578,6566925,6612438,6543111,6594830,6590495,6566778,6648132,6539590,6637942,6577714,6491469,6603598,6574777,6504800,6546586,6501378,6521753,6403503
517,0,0,-1,6728653,6699667,6579362,6624821,6555195,6606727,6603139,6579264,6660933,6551783,6650435,6590296,6503270,6615482,6586938,6517243,6559844,6514620,6534047,6416458
518,31,0,-1,6716095,6686973,6566909,6611394,6543476,6594320,6590484,6566016,6648404,6539053,6637538,6577375,6490673,6602749,6574001,6504421,6546659,6501593,6521451,6403508
519,0,0,-1,6727941,6699291,6578937,6622590,6554899,6606489,6602188,6579081,6660249,6551277,6650457,6589720,6502577,6615264,6586296,6517225,6558603,6513784,6533898,6415527
520,31,0,-1,6716179,6687379,6567198,6610625,6543343,6594589,6590258,6566873,6648378,6539699,6637794,6577601,6490521,6603490,6574137,6504109,6545644,6501242,6521423,6403078
521,0,0,-1,6727440,6699288,6578620,6622939,6555114,6606785,6602517,6579079,6660338,6551700,6650003,6589376,6502494,6614992,6586744,6516184,6558844,6513313,6533129,6415224
522,31,0,-1,6715467,6686983,6566952,6611301,6542824,6594733,6590680,6566954,6647500,6539162,6637444,6577088,6490867,6602903,6574933,6504369,6546413,6501173,6520562,6403574
523,0,0,-1,6728365,6699468,6579098,6624055,6555982,6606842,6602682,6579379,6660443,6552527,6650400,6589634,6503753,6615684,6587392,6517281,6559598,6513862,6533577,6416322
524,31,0,-1,6716518,6688328,6567528,6611388,6544295,6595186,6591048,6566888,6648124,6539735,6638030,6577358,6491810,6604046,6575198,6504517,6546530,6502005,6521345,6403860
525,0,0,-1,6728901,6700080,6578923,6623747,6556200,6607188,6603093,6578923,6660780,6552328,6650885,6590660,6503879,6616130,6587626,6517142,6558775,6514142,6533900,6416130
526,31,0,-1,6716328,6687414,6566344,6611039,6543771,6594555,6590293,6566033,6647050,6539210,6637374,6577641,6490492,6603043,6574408,6503596,6546276,6500790,6520883,6402835
527,0,0,-1,6728648,6700646,6579269,6624356,6556215,6608007,6603606,6579102,6660180,6552545,6650884,6590865,6503815,6615869,6587020,6517091,6559847,6513930,6535040,6416238
528,31,0,-1,6715131,6687862,6567242,6611468,6543950,6595338,6590532,6566228,6647771,6539599,6637768,6577448,6491418,6603454,6574508,6504176,6546466,6500802,6521414,6402792
529,0,0,-1,6727040,6699614,6579155,6623567,6556020,6607001,6602290,6578578,6659945,6551185,6650704,6589638,6502961,6615213,6587619,6516841,6558629,6513808,6534502,6415382
530,31,0,-1,6715081,6688109,6567624,6611586,6544677,6594711,6590379,6566907,6647673,6539018,6637850,6577097,6491482,6603110,6574842,6504018,6546811,6501055,6522557,6403100
531,0,0,-1,6727233,6700129,6578555,6623568,6555585,6606921,6602286,6578633,6659541,6550937,6650086,6589686,6502824,6615006,6587026,6516297,6559169,6513617,6534067,6415342
532,31,0,-1,6715075,6688794,6566675,6611031,6544093,6594436,6590329,6566529,6647043,6538450,6637133,6576916,6490213,6602766,6574622,6503994,6545817,6500502,6521485,6402910
533,0,0,-1,6727504,6700911,6578519,6623335,6557093,6607289,6603161,6579112,6660010,6550846,6650264,6589786,6503068,6615255,6587289,6516838,6558935,6513506,6534311,6415295
534,31,0,-1,6714724,6688542,6566766,6611522,6544653,6594476,6590869,6566104,6647095,6537847,6636735,6577289,6490691,6602853,6574476,6503453,6545492,6501056,6521778,6402771
535,0,0,-1,6727038,6699987,6578719,6623468,6556095,6606919,6603356,6578911,6659484,6550176,6650161,6589960,6503432,6616063,6587582,6516865,6558476,6514359,6534770,6416021
536,31,0,-1,6715902,6688196,6567624,6611833,6544971,6595671,6590773,6566944,6647802,6538706,6637588,6577992,6491570,6603520,6575684,6504204,6546339,6501693,6522795,6403836
537,0,0,-1,6728324,6700570,6579174,6624215,6556880,6607635,6602996,6579354,6660412,6551628,6650800,6590502,6503309,6615890,6587531,6516862,6559232,6514188,6535349,6416155
538,31,0,-1,6715555,6686876,6566686,6611276,6544609,6594933,6590228,6566692,6647084,6538242,6637447,6577899,6490926,6602597,6574367,6503934,6546177,6500884,6522252,6403657
539,0,0,-1,6729101,6700441,6580370,6625295,6557059,6608940,6603377,6580813,6660876,6552697,6651463,6591812,6504672,6615607,6588573,6517856,6559929,6514737,6536151,6417758
540,31,0,-1,6715031,6686923,6566855,6611808,6543668,6595124,6590515,6566327,6646901,6538798,6637561,6577966,6490994,6602847,6574593,6503698,6545559,6501199,6522165,6404067
541,0,0,-1,6727627,6699561,6579480,6624121,6556454,6607610,6603117,6579233,6660423,6551388,6649698,6591036,6503341,6615723,6587220,6516856,6559705,6514479,6535149,6417216
542,31,0,-1,6715560,6687483,6567670,6612252,6544122,6596178,6591031,6567101,6648315,6539254,6637233,6578558,6491661,6603273,6574995,6504277,6547177,6502084,6522594,6404448
543,0,0,-1,6727788,6699236,6580041,6624394,6556514,6608155,6603399,6579518,6661021,6551975,6649547,6590656,6503674,6615192,6586868,6517325,6559949,6514662,6535333,6416700
544,31,0,-1,6714973,6686720,6567555,6612017,6543414,6595583,6590624,6566496,6647797,6538266,6636691,6577485,6491105,6603125,6574788,6503980,6546434,6501390,6521799,6403338
545,0,0,-1,6728575,6699810,6580547,6624606,6555889,6608145,6603249,6579796,6660648,6551507,6650858,6590948,6503699,6616863,6587647,6517621,6559733,6515191,6535705,6416422
546,31,0,-1,6715690,6686688,6567515,6611903,6543280,6595438,6590602,6566917,6647498,6538956,6637955,6577949,6491068,6603674,6575260,6504695,6546306,6501898,6521552,6403279
547,0,0,-1,6727666,6699645,6580167,6624467,6555627,6608598,6602855,6579393,6660876,6552147,6651128,6591062,6503108,6615434,6588442,6518133,6560119,6514805,6534434,6416257
548,31,0,-1,6714683,6686365,6566992,6611928,6542397,6595573,6590238,6566955,6647878,6537977,6637432,6577723,6490389,6602024,6574930,6504139,6546304,6501482,6521436,6403336
549,0,0,-1,6728236,6700078,6580076,6624817,6555169,6608151,6603427,6579479,6660863,6550921,6650935,6590631,6503608,6615315,6588088,6517811,6559439,6515009,6534541,6417167
550,31,0,-1,6716870,6689134,6568517,6613091,6543996,6596774,6591395,6567878,6648959,6539574,6638952,6578578,6491883,6604232,6575831,6505121,6547080,6502205,6522987,6404981
551,0,0,-1,6728385,6700699,6580272,6624898,6555877,6608532,6603264,6579863,6660932,6551868,6651727,6590817,6503414,6616432,6587768,6517876,6559627,6514352,6535727,6416491
552,31,0,-1,6715394,6688442,6568216,6612140,6543345,6595879,6591297,6567068,6648004,6538516,6638759,6578228,6491561,6603619,6574943,6504738,6547064,6501544,6522812,6403610
553,0,0,-1,6727270,6700352,6580311,6624319,6554931,6608505,6603458,6578963,6660019,6551192,6650644,6590557,6503630,6615374,6587962,6517339,6559856,6514079,6535577,6416635
554,31,0,-1,6715542,6688501,6567975,6612114,6543145,6596727,6591116,6567017,6647716,6539103,6638319,6578129,6491585,6603317,6575204,6505046,6546765,6501879,6523528,6405491
555,0,0,-1,6727093,6699053,6578720,6624155,6555114,6607828,6602659,6578365,6659967,6551625,6650204,6589736,6502859,6614571,6586853,6517339,6558593,6513168,6534812,6417226
556,31,0,-1,6715143,6687538,6567059,6611776,6542553,6595983,6590115,6565640,6647776,6539978,6637940,6577181,6490629,6602072,6574025,6503573,6546257,6500881,6522374,6404424
557,0,0,-1,6726743,6700140,6579412,6624232,6554715,6607970,6603715,6578500,6660619,6552615,6650965,6589804,6503561,6616138,6588042,6517288,6559673,6514053,6535695,6416634
558,31,0,-1,6714796,6688232,6567959,6612199,6543451,6595881,6591398,6567068,6648363,6539935,6638617,6577787,6491717,6603675,6575534,6505211,6547449,6501558,6523019,6404656
559,0,0,-1,6726471,6699812,6579524,6623215,6554764,6607513,6602954,6578708,6659960,6551167,6649679,6589336,6503210,6615774,6587950,6517252,6559769,6513159,6534513,6416321
560,31,0,-1,6715172,6687339,6566897,6610910,6542404,6595657,6591479,6566065,6647551,6538479,6636540,6576902,6490528,6603494,6575213,6504345,6546384,6501009,6521370,6403494
561,0,0,-1,6727233,6699773,6579329,6623988,6554893,6607777,6603828,6578561,6660453,6551369,6650139,6589814,6502274,6615676,6587233,6517504,6559066,6513895,6534545,6416756
562,31,0,-1,6715407,6687769,6567515,6612160,6542893,6596013,6592109,6566957,6647947,6540432,6637951,6577915,6490882,6602667,6575920,6505162,6546976,6502336,6522334,6405190
563,0,0,-1,6728347,6701182,6580300,6625384,6556095,6609456,6604849,6580084,6661505,6554196,6651146,6591446,6503917,6617453,6588994,6519412,6561119,6515777,6536542,6418381
564,31,0,-1,6714964,6687813,6567183,6611883,6542805,6595647,6591472,6566821,6647449,6540254,6637188,6577261,6490518,6603443,6574871,6504831,6546859,6501444,6522268,6405036
565,0,0,-1,6726368,6700104,6579388,6623544,6555491,6608249,6603488,6579262,6659944,6552422,6649120,6589959,6502567,6616220,6588288,6516930,6559108,6514274,6534188,6416326
566,31,0,-1,6714481,6687905,6567461,6611269,6542993,6596069,6591302,6566918,6647888,6539387,6636278,6577483,6489666,6603220,6574884,6504814,6546210,6501446,6521554,6404669
567,0,0,-1,6727345,6700364,6578994,6624511,6556463,6608796,6604018,6579611,6661030,6552870,6649705,6590429,6503026,6615577,6587939,6518470,6559983,6514836,6534775,6417016
568,31,0,-1,6714954,6687876,6566670,6611843,6543575,6595466,6591288,6566818,6647092,6539563,6636958,6577389,6490219,6603177,6574746,6504576,6546328,6502284,6521989,6404598
569,0,0,-1,6727627,6700986,6579379,6624553,6556521,6608628,6604312,6580058,6660226,6552801,6650535,6590609,6502789,6616256,6588805,6517886,6560239,6515552,6535886,6417677
570,31,0,-1,6715686,6687290,6566990,6611551,6543171,6595888,6590756,6566947,6647467,6539077,6636759,6577367,6489776,6603834,6575237,6504657,6546711,6501967,6522675,6404714
571,0,0,-1,6727590,6698763,6578115,6622839,6554735,6608127,6603097,6579017,6659703,6551815,6649677,6589905,6501992,6615939,6587811,6517148,6559831,6514519,6535057,6416922
572,31,0,-1,6715618,6687306,6566925,6611413,6543562,6596354,6590896,6567182,6648011,6539934,6637292,6577855,6490952,6603310,6575863,6504605,6547163,6502244,6523024,6405095
573,0,0,-1,6728520,6700039,6579717,6623820,6555621,6608731,6602869,6579636,6660468,6552625,6650567,6590232,6502828,6616221,6588784,6518071,6560254,6515097,6535797,6417703
574,31,0,-1,6716055,6687511,6566999,6611813,6543205,6596390,6590450,6567603,6647546,6539351,6637400,6577402,6490166,6602485,6576139,6504762,6546933,6502116,6522667,6405095
575,0,0,-1,6727597,6700157,6580029,6624264,6555385,6608534,6603240,6580651,6660273,6552535,6651307,6590226,6502386,6616404,6588475,6517323,6560201,6515031,6535294,6417514
576,31,0,-1,6715966,6688611,6568219,6612558,6544186,6596749,6592091,6568420,6647919,6539621,6638949,6578297,6490609,6604393,6575520,6504756,6547528,6502805,6523379,6404534
577,0,0,-1,6727770,6700719,6579383,6624288,6556610,6607835,6604328,6579763,6660419,6551915,6650855,6590343,6503061,6616524,6587196,6516939,6560025,6515157,6535065,6416426
578,31,0,-1,6715210,6687935,6567538,6611329,6544123,6595531,6591271,6567084,6647267,6538804,6637735,6577511,6490684,6603441,6574406,6503941,6546798,6501803,6521870,6404442
579,0,0,-1,6728691,6701641,6580254,6625284,6557125,6608620,6604787,6580185,6660561,6552397,6651521,6590828,6503859,6617574,6588129,6517512,6561611,6516547,6536032,6418407
580,31,0,-1,6716588,6688874,6568043,6612431,6544198,6596382,6591837,6567346,6648128,6539750,6638054,6577415,6491432,6604001,6575221,6504565,6547767,6502984,6522464,6405549
581,0,0,-1,6728673,6701369,6581112,6624797,6556418,6608878,6604643,6579444,6660472,6552504,6650375,6589649,6502956,6616408,6587932,6517784,6560271,6515331,6534885,6418363
582,31,0,-1,6715857,6687658,6567511,6611105,6543951,6595413,6590822,6567046,6647371,6539091,6637083,6577060,6489978,6602714,6575619,6503598,6546844,6501772,6521568,6403924
583,0,0,-1,6728183,6700254,6579321,6623180,6556701,6607734,6603112,6579127,6659493,6551501,6650784,6589770,6501979,6615450,6587390,6516690,6560183,6514873,6534819,6416509
584,31,0,-1,6715534,6688031,6567895,6611553,6544448,6595192,6591312,6566957,6647094,6539492,6638249,6577578,6489953,6603012,6575033,6504545,6547531,6502440,6521901,6404498
585,0,0,-1,6728002,6700884,6579737,6623788,6556292,6607832,6603515,6578971,6659456,6551668,6651281,6590097,6502386,6615263,6587985,6516671,6560610,6514973,6534245,6417035
586,31,0,-1,6715590,6688526,6567714,6611410,6543508,6595831,6590811,6566390,6647155,6539138,6638029,6577244,6490547,6602912,6574736,6503833,6547189,6502138,6521545,6403833
587,0,0,-1,6727366,6700132,6579196,6623474,6555391,6607823,6602867,6578528,6659563,6551402,6650456,6589501,6502716,6615149,6587322,6516448,6559701,6514255,6533426,6414840
588,31,0,-1,6714782,6687998,6567223,6611311,6542891,6595065,6590271,6565910,6647146,6539134,6636862,6576938,6489802,6602671,6574991,6503438,6546694,6501180,6520588,6402407
589,0,0,-1,6726758,6699993,6579327,6624130,6555277,6607872,6602861,6578589,6659661,6551784,6649928,6589510,6501924,6614886,6587772,6516732,6559655,6513770,6534242,6415413
590,31,0,-1,6715945,6688945,6567589,6612031,6544094,6595701,6591344,6567104,6648025,6539888,6637819,6577396,6490147,6603151,6576364,6504415,6547905,6502578,6521840,6403343
591,0,0,-1,6727318,6699917,6578718,6624006,6556040,6607558,6602692,6578857,6660178,6551646,6649982,6589329,6502613,6614604,6587340,6516514,6560751,6514378,6534087,6415649
592,31,0,-1,6715157,6688081,6566875,6611635,6543209,6595624,6590291,6566206,6647163,6538474,6637706,6576825,6489650,6602207,6575095,6503729,6546615,6501306,6521109,6402683
593,0,0,-1,6728566,6701901,6580144,6624767,6556567,6608708,6603623,6579983,6660620,6552306,6651688,6590444,6503190,6616378,6588235,6517877,6560949,6515089,6534734,6416361
594,31,0,-1,6715201,6688668,6567233,6611559,6543581,6594724,6590279,6566433,6647563,6537902,6637156,6576596,6490336,6603100,6574896,6503774,6547169,6501411,6521217,6403240
595,0,0,-1,6727977,6701513,6580010,6624485,6556335,6608057,6603173,6580041,6660621,6550615,6651210,6589651,6503297,6617201,6587437,6517025,6560612,6514955,6534991,6415973
596,31,0,-1,6715437,6688844,6567185,6611599,6544546,6595479,6590956,6567676,6648246,6538186,6638511,6577018,6490690,6604043,6575053,6504495,6547175,6501405,6522494,6404502
597,0,0,-1,6727501,6701146,6578928,6623418,6555944,6607629,6602169,6579729,6660333,6550769,6651371,6590016,6503177,6616066,6587427,6517061,6559850,6514429,6535100,6417366
598,31,0,-1,6715707,6689230,6566923,6611770,6544397,6595321,6590304,6567673,6647612,6538856,6637344,6577794,6490713,6603109,6575664,6503865,6546591,6502095,6522510,6404952
599,0,0,-1,6727804,6701374,6579220,6623853,6556968,6607566,6603506,6580290,6660954,6551136,6649392,6589572,6503274,6616903,6588055,6517283,6560334,6514639,6534944,6417344
600,31,0,-1,6714588,6688076,6566785,6611046,6544290,6594834,6590579,6567874,6648010,6538065,6636940,6577195,6490659,6604327,6575172,6503770,6546614,6501962,6522181,6403905
601,0,0,-1,6727642,6701814,6580017,6624119,6557681,6607852,6604003,6580562,6661493,6551031,6651367,6591236,6504106,6616774,6588684,6517451,6560040,6514867,6535924,6417063
602,31,0,-1,6715006,6689389,6567644,6611788,6544711,6595082,6591455,6568058,6648426,6538969,6638506,6577795,6491227,6604455,6575786,6504599,6547713,6502466,6522928,6404191
603,0,0,-1,6727935,6701356,6579586,6625088,6556423,6606848,6602788,6580048,6660792,6551160,6650992,6590353,6503437,6616255,6588169,6517331,6560490,6514652,6535243,6416203
604,31,0,-1,6715260,6688033,6566939,6612034,6543824,6594297,6589884,6567075,6647421,6538549,6638010,6577516,6490604,6603728,6575304,6503904,6547465,6501520,6521635,6403835
605,0,0,-1,6727413,6700199,6579080,6624233,6556358,6606802,6602544,6579245,6660094,6550765,6650695,6590005,6502761,6616610,6587533,6516638,6559778,6514598,6534224,6415975
606,31,0,-1,6716130,6688594,6567856,6612388,6544758,6595068,6591407,6567009,6648560,6538561,6638657,6578164,6491188,6604099,6575661,6504786,6546528,6502700,6522544,6404154
607,0,0,-1,6727901,6701486,6579778,6624563,6556980,6607355,6603453,6579696,6660827,6551816,6651173,6590421,6504024,6616388,6588156,6517836,6559998,6514867,6535316,6416371
608,31,0,-1,6715451,6689755,6568088,6612495,6545059,6595207,6592492,6567523,6648823,6539477,6638237,6578200,6492196,6604394,6576181,6505393,6547734,6502401,6522606,6404559
609,0,0,-1,6728193,6700998,6579685,6624433,6556731,6607338,6603739,6579246,6661144,6551410,6651130,6589886,6503277,6616891,6588079,6517559,6560534,6514609,6535024,6416698
610,31,0,-1,6715371,6687706,6567086,6611545,6543742,6594388,6590773,6566696,6647687,6538203,6637429,6576607,6490367,6603791,6574717,6504494,6547342,6501305,6522281,6403285
611,0,0,-1,6727846,6700475,6580179,6624997,6556067,6607640,6603007,6579314,6660611,6551807,6650737,6589546,6503855,6616888,6588525,6517773,6560517,6515120,6535605,6416426
612,31,0,-1,6714853,6688743,6568277,6612791,6544683,6595738,6590830,6567207,6648163,6539633,6638183,6577447,6491281,6604647,6576296,6504800,6547268,6502225,6522667,6403999
613,0,0,-1,6727638,6700973,6579456,6624744,6556085,6607886,6603358,6579108,6660924,6551942,6650863,6589687,6503361,6616731,6587762,6517590,6560089,6515145,6535214,6416954
614,31,0,-1,6714764,6688398,6567343,6612703,6543622,6595454,6590947,6566762,6648073,6538447,6637345,6577123,6491107,6603785,6575131,6504315,6547402,6501981,6522347,6403943
615,0,0,-1,6726859,6701395,6580001,6624999,6556194,6608166,6603151,6579686,6660627,6550818,6650121,6589675,6503460,6616575,6587919,6517380,6560309,6514591,6535319,6416537
616,31,0,-1,6714281,6688696,6567649,6612034,6543269,6595368,6590764,6566618,6647399,6538052,6636612,6576972,6490764,6603089,6575165,6504503,6546520,6502016,6521917,6404503
617,0,0,-1,6726131,6701206,6580265,6624503,6555419,6607598,6603618,6578884,6660346,6551114,6649654,6589777,6503643,6616022,6587769,6517561,6560289,6514346,6535023,6417111
618,31,0,-1,6715196,6689998,6568278,6612937,6543818,6595961,6591719,6567702,6648567,6538890,6637182,6577676,6491645,6604559,6576462,6505125,6547390,6502012,6522756,6406146
619,0,0,-1,6727732,6701938,6580320,6625340,6556541,6608390,6603800,6579658,6661430,6552126,6651064,6589964,6504780,6617143,6588944,6517546,6560284,6515231,6535750,6418265
620,31,0,-1,6715286,6689503,6568307,6613139,6544141,6595355,6591430,6566932,6648689,6539048,6638124,6577321,6492126,6604579,6576174,6504883,6546995,6501378,6522976,6406042
621,0,0,-1,6727691,6702374,6580888,6625601,6556472,6608682,6603900,6579656,6661105,6551822,6651292,6590296,6505053,6618144,6589402,6518415,6560509,6515596,6536107,6418333
622,31,0,-1,6715198,6689636,6568452,6613464,6544386,6596284,6591483,6567659,6648200,6539131,6638394,6577887,6492692,6604626,6575716,6505562,6547702,6502649,6523338,6405478
623,0,0,-1,6727119,6701871,6580729,6625224,6556599,6608222,6603749,6580089,6661313,6551665,6651566,6590729,6504757,6617176,6589437,6518765,6560868,6515249,6535918,6418779
624,31,0,-1,6714414,6688589,6568757,6612644,6543588,6595431,6591233,6567145,6648339,6538705,6637900,6578023,6491960,6604088,6576390,6505551,6547287,6502862,6522807,6405339
625,0,0,-1,6727686,6700982,6581416,6625428,6555943,6607609,6604033,6579745,6661398,6551677,6651095,6590839,6504047,6617257,6589137,6518417,6560361,6515231,6535615,6418414
626,31,0,-1,6714835,6688644,6568390,6612541,6543515,6595021,6591238,6566867,6649043,6538791,6638620,6577740,6491760,6604489,6576445,6504961,6547640,6502082,6522182,6405079
627,0,0,-1,6727425,6701428,6580757,6624881,6555692,6607561,6603777,6579576,6661257,6550643,6650919,6590447,6504389,6616959,6588788,6518727,6560484,6515131,6535669,6417103
628,31,0,-1,6714927,6688881,6567390,6612921,6543619,6594591,6591040,6566638,6648310,6538931,6637787,6577922,6491414,6604118,6575589,6505279,6547361,6501767,6523691,6405300
629,0,0,-1,6727745,6701513,6579738,6625371,6556062,6607317,6603651,6579066,6661103,6551084,6650879,6591291,6504696,6616916,6588889,6518629,6560397,6515164,6536665,6418024
630,31,0,-1,6714150,6688740,6567803,6611812,6543486,6594541,6590247,6566151,6648046,6537787,6637784,6577572,6492202,6603991,6575014,6504826,6547885,6501897,6522631,6404831
631,0,0,-1,6726591,6701068,6580450,6624749,6555703,6608064,6604157,6578983,6661441,6551242,6650862,6591062,6505113,6617283,6588929,6517954,6560848,6515509,6535734,6417512
632,31,0,-1,6715452,6688937,6568275,6612368,6544364,6596187,6592359,6567726,6648959,6538463,6638265,6578171,6492908,6604844,6576409,6506046,6547664,6503295,6523520,6405304
633,0,0,-1,6727457,6701340,6580792,6624511,6555774,6608604,6604112,6579421,6661494,6551323,6650396,6590206,6504644,6617850,6589087,6518337,6560373,6515443,6536047,6417665
634,31,0,-1,6715567,6689331,6568785,6612627,6543936,6597155,6592591,6567401,6648483,6539048,6637926,6577616,6492265,6605456,6576809,6506199,6548068,6503432,6523860,6405390
635,0,0,-1,6726702,6700072,6580539,6623522,6555549,6608246,6603949,6578531,6660347,6550459,6650302,6589123,6503186,6617029,6587748,6518012,6560382,6515035,6535651,6417158
636,31,0,-1,6715405,6688525,6568871,6612198,6544181,6596628,6591628,6567310,6648473,6538579,6637415,6577571,6491982,6604136,6576091,6505579,6547691,6503376,6523308,6405428
637,0,0,-1,6726585,6699899,6579568,6623241,6555271,6607819,6602538,6578630,6660061,6550927,6649499,6589146,6503242,6615365,6587179,6517808,6560000,6515218,6534927,6417298
638,31,0,-1,6714669,6688392,6567258,6611317,6543505,6595367,6590896,6566788,6648298,6538554,6636743,6576816,6490870,6604071,6574806,6505463,6547013,6501835,6523157,6404552
639,0,0,-1,6727167,6701063,6579976,6624024,6555996,6608029,6604278,6580341,6661643,6552101,6649975,6590386,6504368,6616281,6588426,6518808,6560711,6515185,6536654,6418162
640,31,0,-1,6715537,6689292,6568770,6612442,6544322,6596254,6591441,6567869,6648369,6539672,6637430,6577921,6491434,6604035,6575475,6506401,6547693,6502751,6524079,6404334
641,0,0,-1,6727639,6700878,6579618,6624258,6556395,6608137,6603904,6580060,6660582,6551168,6650798,6590268,6503807,6616262,6588396,6518278,6559950,6514895,6536282,6417438
642,31,0,-1,6714383,6687645,6567296,6611672,6543044,6595392,6590994,6567305,6647743,6538303,6637384,6577692,6490576,6603562,6574230,6505210,6546408,6501720,6521794,6404245
643,0,0,-1,6727000,6699579,6578731,6624032,6554497,6607705,6603326,6579310,6659648,6551367,6650512,6589782,6503117,6616070,6586552,6517735,6559675,6514598,6533990,6416502
644,31,0,-1,6715424,6687824,6566609,6611141,6542724,6595314,6591664,6566693,6647159,6538283,6637938,6577447,6491076,6603489,6574657,6504550,6546771,6502144,6521399,6404086
645,0,0,-1,6728029,6700016,6578999,6623759,6555410,6607470,6603371,6579648,6660183,6551463,6651007,6589986,6503881,6616190,6588054,6517916,6560718,6515307,6535116,6416945
646,31,0,-1,6715521,6688537,6566786,6611963,6543374,6595280,6591831,6567192,6647804,6538519,6638435,6577935,6492023,6604311,6575204,6505269,6548143,6502981,6522538,6404544
647,0,0,-1,6726934,6699474,6579005,6624368,6554532,6607478,6603462,6578677,6660170,6550399,6650794,6590371,6503864,6616148,6587977,6517570,6560417,6515138,6534420,6417493
648,31,0,-1,6715666,6688303,6567534,6612441,6543127,6595720,6592094,6566722,6648570,6539371,6638264,6578567,6491910,6604257,6575898,6505423,6548254,6502785,6522069,6406351
649,0,0,-1,6726681,6699945,6579084,6624278,6555621,6607683,6604162,6578770,6660974,6551499,6649769,6590338,6503961,6616837,6588512,6518502,6560858,6515326,6534965,6418150
650,31,0,-1,6714314,6687541,6566803,6611625,6544292,6595137,6592422,6566478,6648105,6538504,6637466,6577349,6491616,6604370,6575819,6505129,6547658,6502738,6522498,6405058
651,0,0,-1,6727411,6699806,6578928,6623609,6555501,6607271,6603675,6578747,6660260,6550713,6649810,6589684,6503851,6616777,6587561,6517556,6559828,6515128,6534611,6417467
652,31,0,-1,6715405,6688325,6567094,6611621,6543102,6595031,6590921,6566703,6647698,6537768,6637183,6577527,6491545,6604924,6574007,6505511,6546918,6501985,6521497,6405313
653,0,0,-1,6728132,6700620,6579262,6624649,6555828,6607771,6603425,6579445,6660274,6551604,6650532,6590312,6504285,6617942,6587883,6518562,6560242,6515415,6534910,6418245
654,31,0,-1,6715892,6688652,6567690,6611949,6544085,6595840,6591515,6567024,6648299,6539417,6637503,6577896,6492277,6605757,6575754,6505980,6548091,6502122,6522610,6405861
655,0,0,-1,6727259,6700490,6579338,6623627,6555603,6608417,6603425,6579246,6659903,6552329,6649996,6590080,6504104,6617680,6588083,6518802,6560886,6515308,6534656,6418449
656,31,0,-1,6715035,6689171,6567493,6612466,6543332,6596586,6591449,6567560,6648989,6540161,6637251,6578234,6492115,6606154,6575416,6505948,6548316,6502695,6521949,6405893
657,0,0,-1,6727477,6699929,6579399,6623665,6555163,6608441,6603223,6578987,6660951,6551338,6649611,6590036,6503563,6617571,6587890,6518184,6560464,6514873,6534669,6417275
658,31,0,-1,6716300,6688324,6567873,6612991,6544081,6596978,6592251,6567651,6649025,6539936,6638079,6578584,6492298,6606563,6576270,6506397,6548807,6503344,6523468,6406127
659,0,0,-1,6728552,6700693,6579527,6625403,6557165,6608665,6604286,6579990,6661531,6552520,6650659,6590468,6504442,6617988,6587964,6519849,6561133,6516381,6535482,6418384
660,31,0,-1,6716085,6688604,6567587,6612819,6545276,6596357,6591351,6567535,6649069,6540460,6637962,6578304,6491744,6604946,6575022,6506494,6547917,6502702,6522801,6405561
661,0,0,-1,6727516,6700481,6578772,6624566,6555800,6607249,6602476,6579026,6660195,6551900,6649922,6589534,6503215,6616469,6587462,6517819,6559966,6514636,6534739,6417564
662,31,0,-1,6714622,6687674,6566648,6611781,6543990,6594422,6590419,6566402,6647229,6539893,6637511,6576792,6491241,6603496,6574509,6504734,6547593,6502060,6521765,6404764
663,0,0,-1,6727203,6699112,6578271,6624836,6555807,6607217,6602374,6577806,6659324,6551730,6650630,6589280,6503501,6616320,6587918,6517590,6560265,6515050,6535051,6416390
664,31,0,-1,6715790,6688883,6568098,6613514,6544139,6596335,6591341,6568244,6648381,6539647,6638890,6577845,6492042,6606018,6575956,6505905,6547214,6502806,6523964,6405426
665,0,0,-1,6727284,6700527,6579891,6624742,6555510,6607650,6603484,6579494,6660342,6551498,6650819,6588802,6502828,6617229,6587764,6518065,6560353,6515427,6535761,6417096
666,31,0,-1,6714215,6687490,6567377,6611674,6543094,6594963,6590459,6566706,6647376,6538869,6637518,6575677,6490331,6604341,6575038,6503652,6546239,6502171,6522536,6403660
667,0,0,-1,6726413,6698719,6578643,6623160,6553991,6607602,6602607,6578731,6659066,6550821,6649628,6588635,6502786,6616256,6587200,6516373,6558981,6514043,6534977,6416367
668,31,0,-1,6714617,6687663,6566750,6611219,6542381,6595607,6590650,6566889,6646709,6538512,6637485,6576195,6490734,6603403,6575030,6504250,6546246,6501980,6522075,6404384
669,0,0,-1,6728080,6700468,6580174,6624631,6556251,6608961,6603198,6580189,6660398,6552198,6651223,6590468,6503668,6617475,6588506,6518062,6560483,6515239,6535483,6418517
670,31,0,-1,6715168,6687664,6567148,6611558,6543097,6596237,6590665,6567479,6647663,6538794,6637410,6577361,6490860,6604739,6576063,6504565,6547109,6502424,6522673,6405208
671,0,0,-1,6727610,6700864,6579232,6624911,6556552,6608854,6604027,6580019,6660476,6551890,6651206,6590105,6503572,6617372,6589012,6518146,6560446,6515197,6535726,6417687
672,31,0,-1,6715649,6688389,6567268,6612886,6544189,6596541,6591246,6567913,6647910,6539548,6638630,6577219,6491876,6604743,6575659,6505011,6547648,6502183,6522818,6404975
673,0,0,-1,6727877,6700501,6579008,6624161,6556034,6608243,6602859,6579483,6660812,6551623,6650891,6589739,6503146,6616951,6587561,6516984,6560755,6515396,6535499,6417292
674,31,0,-1,6715893,6688342,6566945,6611259,6543261,6595810,6591061,6567734,6648413,6539202,6638301,6577806,6492049,6604790,6575169,6504442,6547567,6502660,6522640,6406122
675,0,0,-1,6727218,6700183,6578473,6623104,6554377,6607375,6602685,6578952,6660276,6550540,6650300,6589764,6503792,6616280,6587187,6516945,6559992,6514605,6534395,6417300
676,31,0,-1,6715478,6688743,6566978,6611941,6542433,6595863,6591219,6567327,6648124,6539261,6638201,6577879,6492093,6604942,6575612,6504933,6547619,6502558,6521901,6405611
677,0,0,-1,6727576,6701766,6579621,6625133,6555356,6608373,6604050,6579616,6660783,6552404,6651741,6590114,6504838,6618009,6588700,6518421,6561789,6516244,6535611,6418935
678,31,0,-1,6714253,6688255,6567144,6611691,6543257,6595915,6591616,6567288,6647934,6540005,6639053,6578066,6492351,6605281,6574916,6505011,6548386,6503379,6522836,6405713
679,0,0,-1,6726676,6700536,6579476,6623865,6555107,6607980,6603228,6580270,6660885,6552735,6651944,6590443,6504012,6617857,6588144,6518114,6561183,6515232,6535811,6417773
680,31,0,-1,6715114,6689054,6567264,6612217,6543854,6596072,6591243,6567622,6648196,6540125,6638575,6577864,6492132,6604949,6575848,6505083,6547436,6502324,6522571,6405407
681,0,0,-1,6727317,6699862,6579058,6623678,6555929,6607649,6603268,6579078,6660105,6552413,6650493,6590468,6504307,6617631,6587588,6517354,6560371,6514928,6534208,6417141
682,31,0,-1,6715240,6687660,6566678,6610719,6543287,6595351,6590743,6566594,6647885,6539428,6637985,6577466,6491304,6604786,6574163,6504199,6547578,6502277,6522090,6404421
683,0,0,-1,6728264,6700593,6579699,6624731,6556121,6608747,6604357,6580235,6661452,6552590,6651680,6591448,6504579,6618408,6588286,6518415,6561113,6516237,6535596,6418284
684,31,0,-1,6715884,6688862,6567973,6613589,6543530,6596100,6592697,6567790,6648671,6539241,6638398,6578913,6491871,6604993,6575511,6505252,6547604,6503325,6522974,6404762
685,0,0,-1,6728318,6700925,6579594,6625893,6555508,6608037,6604602,6580450,6660525,6552290,6650889,6590718,6504139,6617677,6587794,6518036,6560550,6515675,6536478,6417866
686,31,0,-1,6715058,6687958,6566856,6612869,6543255,6595345,6591433,6567655,6647084,6539264,6637374,6577187,6490911,6604306,6574209,6504163,6546955,6502244,6522365,6404984
687,0,0,-1,6728081,6700731,6579705,6625080,6555704,6608652,6604008,6580524,6660039,6552178,6651523,6590316,6504175,6617101,6588453,6518173,6560893,6515616,6535361,6418316
688,31,0,-1,6716042,6687926,6567092,6613184,6544040,6596212,6591785,6568324,6647939,6540167,6639165,6577716,6492333,6604692,6575803,6505358,6547845,6503058,6522806,6405575
689,0,0,-1,6727832,6699874,6578169,6625250,6556378,6607839,6603243,6579980,6659971,6552020,6650764,6589622,6504130,6615668,6587941,6517398,6560597,6515764,6534826,6416939
690,31,0,-1,6715586,6687936,6565998,6612885,6544309,6595474,6590654,6567645,6647522,6539759,6637987,6577783,6491538,6603805,6575059,6504257,6547122,6503162,6521574,6404448
691,0,0,-1,6728212,6701271,6578747,6624704,6557065,6608554,6603304,6580386,6660382,6552451,6650919,6590678,6504110,6616779,6588385,6517838,6559987,6516230,6534667,6417810
692,31,0,-1,6715186,6688922,6567039,6612464,6544425,6595940,6591280,6567629,6647787,6539923,6637884,6577981,6491042,6603775,6575490,6504660,6547550,6502667,6521477,6404872
693,0,0,-1,6728153,6701298,6578924,6624731,6557378,6608209,6603809,6580511,6661030,6552326,6651135,6590848,6503803,6616253,6588419,6517979,6560676,6515608,6534823,6417644
694,31,0,-1,6715999,6688598,6566867,6612685,6544853,6595045,6591584,6568142,6648527,6539566,6637569,6578179,6491368,6604060,6576295,6504976,6547424,6502857,6522526,6405170
695,0,0,-1,6728533,6701537,6579474,6625532,6557534,6608361,6604569,6580648,6661095,6553770,6651325,6590989,6504545,6617085,6588942,6518360,6560798,6516215,6535926,6417630
696,31,0,-1,6715906,6688908,6566663,6613231,6545413,6595950,6591338,6568027,6648185,6540281,6638215,6577999,6491643,6604122,6576041,6504766,6547587,6502865,6522768,6405813
697,0,0,-1,6728574,6701353,6578961,6625454,6557498,6608832,6603653,6580645,6660755,6553012,6651286,6590702,6504224,6617360,6588699,6518141,6560456,6515859,6535818,6418135
698,31,0,-1,6716250,6689291,6566940,6612713,6544411,6595966,6591053,6568047,6648377,6539944,6638162,6577620,6491508,6604665,6575555,6504379,6547384,6502063,6523222,6405197
699,0,0,-1,6727776,6701334,6578703,6624966,6556554,6607635,6603041,6580209,6661107,6552015,6651401,6590054,6504223,6617087,6588304,6517085,6560632,6515330,6535405,6417818
700,31,0,-1,6716061,6688988,6566665,6612444,6544649,6595621,6591615,6567818,6648307,6539306,6638422,6577773,6492201,6604362,6575670,6504799,6546921,6502963,6522700,6405760
701,0,0,-1,6728393,6700812,6578577,6625450,6555820,6607855,6604106,6579520,6660077,6552164,6651143,6590281,6504182,6616626,6588114,6517402,6559755,6515109,6535329,6417323
702,31,0,-1,6715020,6688268,6566492,6612673,6544034,6594641,6591199,6566274,6647374,6539300,6637651,6577569,6491455,6603236,6574754,6504158,6545905,6501886,6522141,6404534
703,0,0,-1,6727767,6700842,6579895,6625715,6557039,6607735,6604098,6580047,6660600,6553291,6651986,6591061,6504435,6616446,6588233,6517593,6560425,6515600,6535809,6417975
704,31,0,-1,6715196,6688512,6566978,6613384,6544533,6595788,6591639,6566968,6647223,6540318,6638909,6577903,6491342,6603997,6575027,6505495,6546913,6502666,6522808,6405452
705,0,0,-1,6728053,6700910,6579258,6625545,6556720,6608459,6604252,6579993,6660487,6553242,6651388,6590743,6504366,6617148,6587463,6518254,6559793,6515283,6535680,6417755
706,31,0,-1,6715873,6688974,6567161,6613180,6544565,6596003,6591384,6567001,6648040,6539815,6638921,6577958,6492202,6604527,6575234,6505373,6547141,6502676,6523394,6405525
707,0,0,-1,6727193,6700697,6578602,6624526,6556229,6607909,6602750,6579766,6659593,6552017,6651712,6590022,6504155,6616717,6587677,6518154,6559518,6515390,6535568,6417218
708,31,0,-1,6715951,6689233,6567653,6612418,6544138,6595907,6591466,6568055,6647840,6540346,6638965,6577595,6491969,6604540,6575391,6505453,6546955,6502963,6523089,6405351
709,0,0,-1,6728503,6701357,6578602,6624924,6556801,6607968,6604053,6580181,6660190,6552427,6651624,6590301,6504582,6617066,6588087,6517993,6559175,6515584,6535870,6417658
710,31,0,-1,6716182,6689089,6566711,6613019,6544733,6595943,6591867,6568424,6648158,6539294,6639061,6578295,6492145,6604308,6574834,6505184,6545806,6503243,6523130,6404914
711,0,0,-1,6727417,6701007,6579324,6624752,6556830,6607979,6603658,6579663,6659953,6551566,6650627,6590554,6504325,6616822,6587964,6517234,6559892,6515770,6535674,6417911
712,31,0,-1,6715533,6688840,6567176,6612773,6544564,6595217,6591525,6567614,6647361,6539658,6637912,6577989,6491622,6603336,6575112,6504645,6546954,6503119,6523483,6405085
713,0,0,-1,6728334,6701964,6579894,6626188,6557544,6607734,6603969,6580024,6660243,6552096,6651229,6590563,6504268,6616193,6587510,6518413,6560359,6515772,6536419,6418200
714,31,0,-1,6715889,6689251,6567994,6613756,6545399,6595579,6591015,6567707,6648326,6539120,6638325,6578332,6491830,6603869,6574889,6505337,6547492,6502655,6523578,6405576
715,0,0,-1,6728768,6701639,6580857,6626880,6557965,6609102,6604295,6581192,6661601,6552104,6651275,6591551,6505281,6618037,6587925,6518942,6560689,6515871,6536478,6417334
716,31,0,-1,6715388,6688599,6567547,6614084,6545878,6595938,6591374,6568321,6648075,6539725,6637589,6577938,6491825,6604847,6574801,6505253,6547519,6502766,6523739,6404136
717,0,0,-1,6728472,6700617,6579853,6625804,6557813,6607726,6603646,6580202,6660238,6552320,6650033,6590271,6504040,6616752,6587649,6517987,6560270,6515918,6535883,6415989
718,31,0,-1,6715333,6688947,6567208,6613362,6544578,6594518,6590927,6567397,6647607,6539036,6637440,6577423,6492086,6603603,6574766,6504920,6547337,6503170,6522649,6403384
719,0,0,-1,6727248,6700299,6579127,6625302,6556243,6607041,6603097,6578853,6659660,6551121,6650367,6589706,6503418,6615454,6587038,6517542,6559614,6515286,6535277,6415790
720,31,0,-1,6715345,6689163,6567501,6613985,6544772,6595625,6591795,6567100,6648491,6540257,6638517,6578413,6492077,6604382,6574497,6505508,6547533,6503336,6523597,6403854
721,0,0,-1,6727884,6701053,6579598,6626422,6557569,6608251,6603810,6579765,6661291,6552020,6651868,6590761,6504628,6616329,6587307,6518312,6560100,6515983,6535775,6416378
722,31,0,-1,6715041,6689100,6567562,6613988,6545369,6596047,6592044,6567361,6648647,6539548,6638748,6577957,6492225,6603848,6574392,6505580,6547170,6503326,6522656,6404376
723,0,0,-1,6728114,6701480,6579143,6625544,6557207,6607885,6603842,6579545,6660908,6552442,6651159,6590374,6504653,6616928,6586815,6518153,6559814,6515511,6535655,6416867
724,31,0,-1,6715031,6688857,6566592,6612800,6544810,6595060,6591150,6566610,6648224,6539287,6637868,6577013,6492149,6603788,6573593,6504761,6546361,6501863,6522009,6403559
725,0,0,-1,6727999,6701259,6578562,6625127,6556243,6607905,6603329,6579049,6660625,6552023,6650772,6589861,6503813,6616741,6586685,6517353,6559309,6514560,6535006,6416093
726,31,0,-1,6716215,6689848,6567095,6613165,6545014,6596024,6591780,6567944,6648761,6540637,6638603,6578133,6492198,6604360,6574471,6505273,6547384,6502814,6522667,6404294
727,0,0,-1,6728740,6701713,6579274,6625285,6557011,6607737,6603609,6580258,6660929,6553178,6651519,6589874,6504248,6617446,6587322,6518045,6559852,6515385,6535345,6417193
728,31,0,-1,6716144,6689532,6567605,6613329,6544780,6595635,6591551,6568152,6648750,6540478,6638683,6577412,6491795,6604556,6574443,6505325,6546865,6502549,6522428,6404355
729,0,0,-1,6727668,6701379,6579696,6625829,6556709,6608041,6604241,6580305,6661235,6553042,6651932,6590407,6504169,6617373,6587453,6518846,6560135,6515786,6535622,6417626
730,31,0,-1,6716353,6689388,6567668,6613517,6545183,6595457,6592472,6568000,6648853,6540423,6639371,6578751,6492322,6604186,6574877,6505911,6547788,6502998,6522760,6405475
731,0,0,-1,6728627,6701049,6579366,6625501,6557171,6607615,6604640,6579621,6661186,6553054,6651223,6590868,6504706,6616653,6588189,6518593,6559909,6515791,6534906,6417517
732,31,0,-1,6715077,6689326,6567098,6612918,6544473,6595149,6591867,6566871,6647835,6539825,6638038,6577148,6492040,6603636,6574398,6505300,6547227,6502715,6521218,6404691
733,0,0,-1,6728413,6702457,6579965,6625506,6557638,6607817,6604612,6580856,6661049,6552510,6651581,6589694,6505291,6616972,6587681,6518475,6560461,6516258,6534798,6418086
734,31,0,-1,6716150,6690148,6567146,6613037,6545132,6595246,6591735,6568353,6648291,6540173,6638820,6577528,6492686,6604226,6574462,6504251,6547134,6503255,6522474,6404866
735,0,0,-1,6728265,6701998,6578463,6625123,6557429,6607266,6604210,6579718,6660332,6552739,6651334,6590215,6503962,6615991,6587943,6517035,6559705,6515825,6534537,6416153
736,31,0,-1,6716141,6689941,6566885,6613096,6545685,6595851,6591745,6567332,6648343,6540003,6638211,6577919,6491359,6603943,6575379,6504594,6547178,6502929,6522393,6404213
737,0,0,-1,6727714,6702096,6579237,6625396,6557754,6607750,6603714,6579657,6660390,6553132,6650766,6589901,6504350,6616443,6587779,6517551,6560215,6515935,6534844,6417189
738,31,0,-1,6715969,6689998,6567164,6613026,6545613,6595893,6592130,6567630,6648704,6540450,6638959,6577858,6492408,6603882,6575778,6504890,6547623,6503401,6522510,6405055
739,0,0,-1,6728134,6702128,6579283,6625198,6557711,6608027,6604126,6580865,6660979,6553088,6651347,6590006,6504645,6616644,6587918,6517853,6560817,6516010,6534643,6417155
740,31,0,-1,6715233,6689363,6565677,6611750,6544082,6594454,6590442,6567056,6647055,6539759,6637473,6576886,6491302,6603182,6574398,6504432,6546487,6502273,6520741,6402944
741,0,0,-1,6727577,6701919,6578222,6624380,6556776,6607053,6603098,6579341,6660543,6553216,6650986,6589572,6503847,6616679,6588047,6517003,6560028,6515471,6534928,6416445
742,31,0,-1,6715306,6689295,6566827,6612187,6544103,6594572,6590286,6566667,6647193,6539953,6638222,6577153,6491166,6603930,6574641,6503989,6546620,6502261,6522112,6403995
743,0,0,-1,6728390,6701916,6579988,6625413,6556998,6607785,6603946,6580385,6660700,6552515,6651424,6590549,6504132,6616850,6588500,6517734,6559935,6515684,6535285,6417834
744,31,0,-1,6716134,6689480,6567327,6612900,6544832,6595205,6591726,6568132,6648032,6540110,6638141,6577496,6491359,6603571,6575360,6504285,6546508,6502741,6522072,6405622
745,0,0,-1,6728184,6701173,6578867,6624224,6555784,6607447,6603368,6580318,6660175,6552581,6650877,6590132,6503478,6616626,6586980,6516878,6559996,6514759,6533966,6417641
746,31,0,-1,6715006,6688194,6566190,6611879,6543942,6594442,6590307,6567742,6647601,6540214,6637173,6577608,6490498,6603822,6574813,6504218,6546685,6501956,6520141,6404524
747,0,0,-1,6728761,6701020,6579269,6624777,6556650,6607483,6603961,6580921,6660570,6553228,6650743,6590270,6504543,6617504,6588939,6517520,6559918,6515320,6533753,6417857
748,31,0,-1,6716111,6688378,6567315,6612533,6543781,6594611,6591316,6567812,6647871,6540140,6637403,6577629,6491586,6604735,6575329,6504478,6546687,6502717,6522041,6405464
749,0,0,-1,6727233,6699509,6578120,6623422,6556353,6606310,6603141,6579900,6659637,6551943,6649479,6589523,6503228,6616520,6587065,6516317,6559056,6514330,6534823,6416340
750,31,0,-1,6715449,6688117,6566292,6611288,6544126,6593985,6591493,6567903,6647412,6540016,6637797,6577501,6491563,6603979,6574882,6504034,6546078,6502441,6522630,6404597
751,0,0,-1,6728548,6701246,6578774,6623751,6556767,6606898,6603867,6580260,6661530,6552902,6651250,6589902,6504068,6616485,6587950,6516722,6559464,6515749,6535707,6417235
752,31,0,-1,6716147,6689095,6567056,6612149,6544672,6594861,6592382,6568782,6648747,6540283,6638473,6578043,6492302,6605517,6575978,6504620,6546928,6502919,6522936,6405180
753,0,0,-1,6728629,6700776,6578224,6624093,6556293,6607469,6604117,6580136,6660541,6552810,6651048,6590189,6504204,6617749,6588315,6516845,6560239,6515403,6535094,6417347
754,31,0,-1,6715697,6688012,6565552,6611806,6543201,6594754,6591571,6567244,6647441,6539441,6637155,6577500,6491221,6604351,6574616,6503787,6546368,6501378,6521895,6404706
755,0,0,-1,6728184,6700421,6578387,6624005,6555590,6607077,6604181,6580225,6659870,6552150,6650416,6590127,6503877,6616020,6587535,6516363,6559905,6514770,6534935,6417644
756,31,0,-1,6715830,6687858,6566969,6612143,6543641,6594771,6592365,6567877,6647658,6539949,6638051,6577736,6492278,6603811,6574374,6504445,6546840,6502396,6522180,6405353
757,0,0,-1,6727825,6700554,6578914,6624531,6556352,6607119,6604378,6579878,6660408,6552234,6650572,6589632,6503996,6616470,6587228,6516995,6559713,6514514,6535039,6417216
758,31,0,-1,6715864,6688519,6566872,6612304,6544123,6594745,6592133,6567419,6648552,6539824,6638222,6577139,6491943,6604250,6575225,6504146,6547684,6501634,6522984,6404843
759,0,0,-1,6728645,6700953,6579190,6624579,6555696,6607188,6605008,6580465,6661103,6552407,6651230,6589911,6504121,6617050,6587724,6517316,6559389,6514433,6535236,6417394
760,31,0,-1,6716272,6688094,6567438,6612738,6543751,6594802,6592618,6568249,6648838,6540474,6638903,6577770,6491917,6604698,6574872,6504875,6546360,6503011,6523423,6404583
761,0,0,-1,6728715,6700875,6579994,6625295,6555848,6607328,6605193,6580430,6662154,6552954,6651603,6590986,6503989,6617505,6588237,6518140,6560081,6515679,6536314,6417433
762,31,0,-1,6716108,6687947,6567006,6612593,6543325,6595123,6592115,6567961,6648863,6539985,6638305,6578295,6491447,6604202,6575036,6505113,6546217,6502628,6523087,6405392
763,0,0,-1,6727389,6700966,6578883,6624909,6555171,6607372,6604581,6580054,6660983,6552607,6650412,6590499,6503838,6616782,6587581,6517309,6560425,6515336,6536005,6417579
764,31,0,-1,6715682,6688199,6567726,6613139,6544335,6595862,6592443,6568559,6648830,6540827,6638301,6578165,6491941,6605000,6575448,6504970,6547882,6503237,6523998,6406164
765,0,0,-1,6728564,6700501,6579733,6625040,6555492,6607655,6603928,6580598,6660426,6552630,6650895,6590484,6504217,6617327,6587286,6517688,6560343,6515148,6535715,6418044
766,31,0,-1,6716232,6688971,6567612,6612941,6543702,6595792,6591835,6568245,6648568,6539786,6638212,6578293,6491625,6604945,6575653,6504838,6546874,6503002,6523122,6405927
767,0,0,-1,6728615,6701442,6579565,6624957,6555237,6607412,6604239,6580120,6660950,6551842,6650276,6590284,6503898,6617545,6588743,6517848,6559899,6515760,6535115,6417826
768,31,0,-1,6716011,6688908,6567369,6613361,6543972,6595306,6591530,6567966,6648633,6540087,6637681,6578288,6491719,6605088,6575971,6505134,6547470,6502971,6523015,6405257
769,0,0,-1,6728266,6701599,6579238,6626201,6556371,6607062,6604432,6580608,6661190,6552467,6650051,6590744,6504447,6617567,6588134,6517989,6560919,6515395,6535961,6418166
770,31,0,-1,6716467,6689423,6568167,6613768,6543923,6595478,6592731,6568406,6648802,6539142,6637324,6578097,6492051,6605800,6575681,6504975,6547089,6503181,6523736,6405624
771,0,0,-1,6728131,6701682,6579651,6625264,6555741,6607352,6604596,6580119,6661096,6551524,6649815,6590086,6504158,6617799,6587794,6518145,6559593,6514933,6536003,6417589
772,31,0,-1,6715240,6689047,6566670,6612209,6543347,6594828,6591759,6567231,6647435,6538143,6636408,6577068,6490942,6604286,6574286,6504095,6545910,6501525,6522662,6404600
773,0,0,-1,6727737,6701013,6578446,6623909,6554896,6606935,6603359,6579086,6659676,6551433,6648947,6589642,6503260,6616429,6586504,6516569,6558786,6514077,6534753,6417274
774,31,0,-1,6715973,6690161,6567002,6612352,6543394,6595060,6591495,6567635,6647947,6539728,6636931,6577046,6491465,6604452,6575023,6504708,6545977,6501843,6522142,6404189
775,0,0,-1,6728461,6703030,6579707,6624594,6555346,6607704,6604679,6580429,6660609,6552638,6650140,6589767,6504028,6617044,6587897,6517825,6558587,6514800,6536098,6416421
776,31,0,-1,6715970,6690153,6566286,6611925,6543137,6595154,6591407,6567574,6648164,6539398,6637218,6576727,6491071,6604342,6574871,6504513,6545370,6502141,6522529,6403959
777,0,0,-1,6729008,6703003,6579231,6624994,6555455,6608226,6605120,6580741,6661188,6552590,6650447,6589764,6503899,6617879,6588100,6518332,6559236,6515248,6535998,6417031
778,31,0,-1,6715040,6689705,6566146,6612408,6543246,6595120,6590949,6567991,6647668,6538929,6636860,6577148,6490312,6604598,6574878,6504985,6544991,6501411,6522577,6403923
779,0,0,-1,6727469,6702787,6579164,6625301,6555998,6608181,6605017,6580665,6661253,6553207,6650493,6590360,6503480,6617417,6588224,6518621,6559252,6515220,6536492,6417339
780,31,0,-1,6715454,6690353,6567203,6612146,6543047,6595545,6592522,6567905,6647669,6540161,6636855,6577354,6491304,6604071,6574372,6504594,6546143,6501788,6522964,6404828
781,0,0,-1,6726241,6701567,6578536,6622716,6553879,6606512,6603663,6579738,6659625,6551487,6648693,6589077,6502832,6616116,6586576,6516809,6557749,6513562,6534435,6416375
782,31,0,-1,6714610,6689693,6567599,6611514,6542619,6595627,6592031,6568559,6647926,6539725,6636534,6577346,6491510,6604094,6574962,6504520,6544596,6501431,6522729,6405048
783,0,0,-1,6727354,6701224,6580061,6624058,6554704,6607675,6604419,6580479,6660519,6552140,6649566,6589963,6503315,6616770,6587775,6517528,6557780,6514069,6535778,6416783
784,31,0,-1,6715222,6688562,6567270,6612698,6543087,6594453,6592058,6567999,6648132,6538952,6636923,6577216,6491229,6603784,6573780,6503994,6544962,6501292,6523317,6403839
785,0,0,-1,6728700,6701713,6580224,6624680,6555865,6607988,6604440,6580882,6661389,6552560,6650988,6589879,6504408,6617364,6587337,6517026,6558686,6515508,6536293,6416503
786,31,0,-1,6716003,6689475,6567519,6612521,6543720,6595114,6592228,6568235,6648458,6540047,6638317,6577410,6492160,6604193,6574124,6504061,6545356,6502624,6523015,6404259
787,0,0,-1,6728161,6701997,6579444,6624868,6554681,6607212,6604287,6580736,6660834,6553163,6650818,6589812,6504264,6616699,6588096,6517647,6557860,6515618,6536185,6417093
788,31,0,-1,6715889,6689568,6567716,6612177,6543070,6594967,6592289,6568651,6648406,6540145,6638368,6577390,6491677,6604835,6575236,6504595,6546011,6502738,6523283,6404273
789,0,0,-1,6727368,6700985,6579259,6624498,6555160,6606807,6603994,6580390,6660376,6552001,6651115,6589505,6503714,6617418,6587540,6517030,6558842,6515429,6535783,6416959
790,31,0,-1,6715170,6688551,6566309,6612219,6543430,6594358,6591679,6567684,6647993,6538396,6638352,6576946,6490855,6604659,6574352,6504149,6545547,6502761,6522832,6404412
791,0,0,-1,6728212,6701332,6579851,6624151,6556278,6607371,6604459,6580325,6660679,6551947,6651440,6590631,6504622,6617303,6587273,6517258,6558817,6515998,6536252,6417625
792,31,0,-1,6715330,6688157,6567131,6610751,6542420,6594622,6590852,6567433,6646714,6539170,6637422,6577324,6490905,6604082,6573930,6504234,6545974,6502123,6522740,6404141
793,0,0,-1,6728720,6700981,6579181,6624047,6555661,6607069,6603848,6580385,6660457,6552226,6650814,6590092,6503365,6615960,6587104,6517260,6559030,6515220,6535519,6417520
794,31,0,-1,6715398,6686914,6566473,6611138,6542907,6594543,6590583,6567343,6646864,6538645,6636756,6576829,6490981,6603323,6573435,6503018,6545859,6501534,6522341,6404390
795,0,0,-1,6728203,6700212,6578929,6623773,6555097,6607608,6603368,6580180,6659965,6551969,6650262,6590033,6504212,6616918,6587267,6516991,6558889,6515394,6535159,6417500
796,31,0,-1,6715253,6687774,6566988,6611604,6542307,6594814,6590392,6567352,6646703,6538912,6637076,6577637,6490927,6603666,6574404,6503947,6545904,6502365,6522423,6404152
797,0,0,-1,6729050,6701152,6579618,6624982,6556084,6608257,6603644,6580738,6660379,6552391,6650791,6590847,6504289,6617271,6587222,6517807,6559825,6516009,6536199,6417979
798,31,0,-1,6715215,6687549,6566403,6612200,6543039,6594341,6589709,6567175,6646557,6538960,6636367,6577389,6491233,6603977,6573158,6503368,6545954,6501816,6521773,6403663
799,0,0,-1,6727443,6700420,6578754,6624534,6555632,6607438,6602767,6579930,6659704,6550930,6649592,6590354,6503919,6617735,6586380,6517178,6559123,6515646,6535625,6416373
800,31,0,-1,6714789,6688010,6566407,6611736,6543179,6595224,6590465,6566618,6646421,6538959,6636810,6577412,6491359,6604006,6573003,6504011,6545717,6501917,6521901,6403566
801,0,0,-1,6726748,6700659,6580061,6624075,6554773,6607622,6603486,6579868,6659184,6551809,6651237,6590248,6503554,6616697,6587152,6517083,6558058,6514814,6535324,6416761
802,31,0,-1,6715260,6688350,6567326,6612204,6542809,6594680,6590765,6567130,6645990,6539463,6638065,6577304,6490845,6603921,6574631,6503752,6544559,6501693,6521558,6403780
803,0,0,-1,6728126,6700860,6579411,6624263,6555541,6607531,6604113,6579048,6658830,6552090,6650709,6589939,6503945,6617283,6586812,6517037,6557451,6515265,6534368,6416631
804,31,0,-1,6716342,6689124,6567642,6612327,6544394,6595675,6592255,6567076,6647407,6540588,6638617,6578397,6492298,6603799,6575415,6504429,6545533,6503425,6522472,6404698
805,0,0,-1,6728713,6701199,6579387,6624883,6555627,6608276,6604516,6579114,6659792,6552207,6651247,6590330,6504335,6616176,6587352,6517504,6558102,6515739,6535539,6417168
806,31,0,-1,6714832,6687538,6565320,6610704,6542119,6594343,6591185,6565721,6645598,6538319,6637163,6576736,6491065,6604090,6573510,6503867,6544243,6502351,6521626,6403404
807,0,0,-1,6728177,6700270,6578689,6624313,6555038,6606986,6603137,6579072,6659211,6552010,6650136,6589386,6502885,6616156,6587629,6517003,6558283,6515429,6534207,6415958
808,31,0,-1,6715877,6687545,6566580,6611746,6543120,6594480,6590199,6566655,6646550,6539163,6637434,6577013,6491488,6602925,6575230,6504313,6545051,6502638,6521991,6403328
809,0,0,-1,6728312,6699904,6579558,6624217,6555807,6607680,6603339,6580213,6659939,6552476,6650690,6590567,6504540,6617147,6589109,6517121,6559278,6515472,6535083,6416105
810,31,0,-1,6714633,6687148,6567046,6611028,6542245,6594216,6589922,6566360,6646204,6538886,6636809,6577503,6491887,6603288,6575322,6503574,6545931,6501307,6521984,6402877
811,0,0,-1,6728373,6699978,6579774,6624303,6555165,6607197,6603622,6579854,6659542,6551562,6650828,6591099,6504890,6616613,6587785,6517450,6559969,6515390,6535204,6415957
812,31,0,-1,6715402,6687160,6567682,6612500,6543032,6595215,6590831,6567675,6647253,6539648,6637531,6577947,6491922,6604433,6574861,6504447,6546787,6502552,6521378,6403891
813,0,0,-1,6728580,6699972,6579586,6624965,6555944,6607608,6604025,6580258,6659951,6552201,6651232,6590825,6505304,6616402,6587114,6517455,6559508,6515606,6534698,6416688
814,31,0,-1,6716895,6687879,6567905,6612266,6543732,6596267,6591905,6568348,6647551,6539244,6638714,6578490,6493527,6604624,6575420,6504830,6546454,6503219,6522312,6404120
815,0,0,-1,6728211,6699856,6579546,6624037,6555409,6607915,6603543,6580848,6659636,6552253,6651005,6590620,6505270,6616407,6588182,6517041,6558901,6515890,6534728,6416289
816,31,0,-1,6715814,6687239,6567932,6611970,6543297,6595420,6590848,6568215,6647278,6540123,6637689,6578497,6493202,6604199,6576774,6504355,6545785,6502878,6521964,6404078
817,0,0,-1,6728273,6699414,6579303,6623981,6556137,6607487,6603510,6580393,6659625,6551926,6650552,6590383,6504775,6616433,6588582,6517362,6558849,6515016,6534658,6415927
818,31,0,-1,6716218,6687914,6567706,6612206,6544671,6595357,6591654,6567572,6647622,6539359,6637924,6577940,6493118,6604537,6576284,6505218,6546542,6502874,6521740,6403178
819,0,0,-1,6729326,6700560,6579969,6624824,6556892,6607660,6603953,6580656,6661069,6552447,6651399,6590658,6505970,6617646,6588903,6517820,6559925,6516371,6535268,6416534
820,31,0,-1,6716750,6688176,6567938,6612765,6544625,6595367,6591586,6568366,6648655,6539949,6639091,6578242,6493178,6604317,6575753,6505059,6546503,6503233,6522851,6403961
821,0,0,-1,6728648,6700034,6579586,6623877,6555646,6607245,6603988,6580074,6660219,6552324,6651130,6590661,6505408,6616732,6588566,6517175,6559580,6515604,6535265,6416502
822,31,0,-1,6715826,6686713,6566975,6611655,6543176,6594627,6591579,6566757,6647315,6539392,6638136,6577671,6491992,6603114,6576145,6503737,6545806,6502059,6521531,6404223
823,0,0,-1,6728319,6699736,6579890,6624521,6555580,6606415,6603559,6579733,6659976,6552532,6651140,6590471,6504105,6615524,6588067,6516368,6558675,6514888,6534191,6416720
824,31,0,-1,6716025,6688590,6567842,6611771,6543971,6594857,6591593,6567771,6647967,6539308,6638225,6578361,6492468,6603602,6575112,6503879,6545971,6502793,6522111,6404211
825,0,0,-1,6728288,6700864,6580214,6624248,6556515,6607435,6603943,6580197,6660522,6551921,6650849,6590377,6504358,6616590,6588387,6517309,6559188,6514990,6535213,6416571
826,31,0,-1,6715952,6688813,6567936,6612397,6544463,6595161,6591522,6567943,6648117,6540216,6638594,6578225,6492656,6604834,6575725,6505139,6546369,6502914,6522464,6404153
827,0,0,-1,6727290,6699641,6579318,6624138,6555362,6606961,6603000,6579580,6659850,6551755,6650532,6590519,6504300,6616613,6587750,6517176,6558702,6515184,6534870,6415563
828,31,0,-1,6716018,6688059,6568690,6612939,6544147,6595233,6591628,6568190,6648228,6540805,6638289,6578637,6492720,6605294,6576072,6504834,6546412,6503332,6523021,6404533
829,0,0,-1,6727519,6700010,6579250,6623865,6556272,6606977,6603825,6580196,6659963,6552468,6650204,6590371,6504628,6617185,6587487,6517254,6559411,6515450,6535328,6417071
830,31,0,-1,6715964,6688486,6567615,6612505,6544747,6594843,6591680,6568008,6647767,6540309,6638069,6578379,6492732,6604843,6575680,6504534,6546296,6503048,6522660,6404431
831,0,0,-1,6728344,6700365,6579336,6624908,6557078,6607383,6603758,6580455,6660140,6552986,6651129,6591018,6504786,6617115,6588641,6517834,6560392,6514987,6535260,6416468
832,31,0,-1,6715207,6687856,6567074,6612441,6543880,6594993,6591435,6566989,6647339,6539812,6637845,6577866,6492136,6604471,6575088,6504457,6546471,6501931,6522198,6403192
833,0,0,-1,6726978,6700275,6578978,6624061,6555877,6607680,6603557,6579417,6659870,6552274,6651050,6589848,6503975,6616961,6587679,6517000,6559617,6514723,6535295,6415940
834,31,0,-1,6715481,6688097,6567700,6611618,6544314,6595150,6591543,6567496,6647998,6539164,6638961,6577950,6492402,6604368,6575555,6503842,6546457,6502284,6522761,6403565
835,0,0,-1,6727032,6699749,6579801,6622966,6555635,6606626,6604096,6579007,6660354,6551494,6650809,6590211,6504722,6616644,6587229,6516698,6558285,6514837,6535475,6415498
836,31,0,-1,6715108,6687736,6566915,6611474,6542515,6593365,6590767,6566229,6647642,6538622,6637325,6577103,6491325,6603879,6574448,6503779,6545047,6501519,6521848,6402770
837,0,0,-1,6727095,6700075,6579677,6623917,6554931,6606259,6603433,6579276,6660300,6551218,6649868,6589970,6503584,6615705,6586859,6516944,6557354,6514284,6534940,6415529
838,31,0,-1,6714555,6687658,6567163,6611298,6542891,6593517,6590941,6566725,6647084,6538342,6636907,6576942,6490878,6603583,6574962,6504533,6544521,6501748,6521974,6402693
839,0,0,-1,6727121,6700453,6579829,6624006,6555248,6606410,6602858,6579814,6659612,6551642,6649471,6589557,6503929,6617060,6587853,6517969,6557415,6514393,6534578,6415258
840,31,0,-1,6714532,6688014,6566932,6610830,6543343,6593319,6590313,6567508,6646912,6538373,6636872,6577263,6491669,6603965,6574285,6504637,6545192,6501963,6521412,6402568
841,0,0,-1,6727343,6700801,6579333,6623803,6555560,6606459,6603167,6579846,6659567,6550809,6650081,6589676,6503755,6616685,6587007,6517741,6558489,6514447,6534525,6415343
842,31,0,-1,6716018,6688726,6567997,6612754,6544436,6595032,6591761,6568066,6647624,6539609,6637208,6577584,6492083,6604586,6574856,6504999,6546148,6502318,6522074,6403995
843,0,0,-1,6727669,6700484,6579547,6624145,6555687,6607024,6603143,6579888,6659668,6551745,6650116,6589789,6503620,6616830,6586694,6517161,6558688,6513980,6534270,6415568
844,31,0,-1,6715399,6688546,6568412,6612766,6543812,6594986,6591452,6568624,6647489,6538963,6638095,6577422,6491904,6604449,6575148,6504224,6545685,6501785,6522058,6403998
845,0,0,-1,6728102,6700994,6580417,6625328,6556828,6607034,6604662,6580820,6660501,6552390,6650673,6590214,6504695,6617144,6587300,6517208,6558988,6514974,6534972,6416755
846,31,0,-1,6716299,6688072,6568043,6611836,6545238,6595108,6591682,6567630,6647911,6540050,6638345,6577265,6492058,6604390,6574217,6503779,6545330,6502143,6522519,6404404
847,0,0,-1,6727343,6699988,6579044,6624290,6556224,6607173,6603684,6579252,6660481,6551904,6650981,6590021,6503935,6616082,6586557,6516630,6558000,6514355,6534449,6416675
848,31,0,-1,6714002,6687996,6567241,6612345,6544036,6594817,6591687,6567321,6647893,6539437,6638170,6578223,6492032,6604181,6574657,6504254,6545489,6501968,6521796,6404196
849,0,0,-1,6727563,6700737,6579931,6624379,6556485,6606715,6604529,6579161,6660649,6551951,6650709,6590421,6504499,6616527,6587932,6517587,6559201,6515140,6535199,6417125
850,31,0,-1,6715090,6688751,6567810,6612221,6545205,6594631,6592038,6567901,6648389,6539812,6637365,6577940,6492396,6604251,6575286,6505644,6546651,6502335,6522150,6404693
851,0,0,-1,6727816,6701006,6579871,6624697,6557210,6607236,6604949,6580399,6661046,6552338,6650560,6590354,6504264,6617149,6587709,6518313,6559614,6515679,6534772,6417008
852,31,0,-1,6714787,6687181,6567726,6611244,6543835,6594210,6591779,6567447,6647413,6538711,6636797,6577334,6491299,6603907,6574664,6504724,6545026,6501432,6520715,6403686
853,0,0,-1,6728499,6700965,6581206,6624880,6556294,6607754,6605182,6581087,6661373,6552791,6650978,6591380,6506063,6618535,6587980,6519161,6559384,6515612,6535338,6417150
854,31,0,-1,6714378,6688150,6568125,6610535,6542871,6593719,6591942,6567687,6647421,6539094,6637276,6577159,6491702,6604085,6574403,6504789,6545446,6502072,6521572,6403363
855,0,0,-1,6727176,6700484,6580664,6623253,6555921,6606651,6604574,6579910,6660697,6551984,6651271,6590210,6504100,6616733,6587316,6517869,6558383,6514750,6534274,6416095
856,31,0,-1,6715681,6689348,6569310,6611067,6545114,6594819,6591709,6567517,6648403,6539197,6638224,6578060,6491904,6603232,6574787,6505573,6546299,6501584,6521725,6404264
857,0,0,-1,6727667,6701562,6580881,6622676,6556953,6606249,6603959,6579927,6660646,6552129,6651389,6590459,6503692,6615930,6587796,6518176,6559208,6514427,6534008,6415787
858,31,0,-1,6715902,6689694,6568418,6610391,6544875,6594380,6591228,6567642,6648378,6539654,6638877,6578597,6491632,6605093,6575715,6505482,6545917,6501984,6521892,6404690
859,0,0,-1,6728395,6701507,6580783,6622815,6556789,6606608,6603861,6580113,6660901,6552828,6651262,6590575,6503562,6617599,6588249,6517883,6558670,6514720,6534579,6416232
860,31,0,-1,6715439,6689343,6568713,6611729,6544755,6594400,6591473,6567092,6648146,6539907,6638767,6578246,6491627,6604695,6574864,6505396,6546364,6501840,6521661,6403853
861,0,0,-1,6727797,6701092,6581388,6624428,6556601,6607088,6603747,6579719,6660636,6552763,6650874,6590283,6504414,6617443,6587755,6518699,6559461,6515257,6533914,6416452
862,31,0,-1,6715764,6689034,6569765,6611957,6545039,6594700,6591781,6567330,6648927,6540512,6638840,6578008,6491986,6605072,6575315,6506235,6545826,6502471,6521925,6404270
863,0,0,-1,6727562,6701064,6581177,6623537,6556360,6606556,6603254,6579872,6660487,6551953,6651369,6589883,6504228,6617299,6587209,6518498,6557943,6514560,6533871,6416364
864,31,0,-1,6716387,6689488,6569464,6611891,6545325,6595098,6591926,6567847,6648710,6540761,6639421,6578806,6492808,6605607,6575255,6506393,6545920,6502781,6521674,6405240
865,0,0,-1,6728419,6701276,6581037,6623872,6557312,6607113,6603932,6579747,6660988,6552888,6652620,6590786,6504399,6617518,6587581,6519135,6558929,6515268,6534324,6417311
866,31,0,-1,6715155,6688456,6569026,6611307,6544213,6594437,6590437,6566790,6647821,6540328,6638680,6577656,6491054,6604150,6574726,6505642,6545728,6501717,6521265,6403692
867,0,0,-1,6728374,6701661,6582469,6623686,6557436,6608303,6603686,6580211,6661409,6554043,6652208,6591733,6504185,6617787,6587981,6519096,6559212,6515205,6535419,6417010
868,31,0,-1,6716322,6689330,6570766,6612400,6545474,6595958,6591842,6567943,6648919,6540853,6639426,6578930,6492319,6605242,6575711,6506386,6546981,6502600,6522837,6405011
869,0,0,-1,6728764,6701865,6581858,6624430,6557412,6607489,6604440,6580209,6660848,6553124,6652190,6591147,6505373,6617394,6588320,6519033,6559501,6515233,6536138,6417011
870,31,0,-1,6716747,6689692,6569485,6611176,6545079,6594481,6590953,6567481,6648658,6540124,6639527,6578646,6491961,6603789,6575594,6505260,6545581,6502394,6522347,6404476
871,0,0,-1,6727271,6701654,6581703,6623717,6556952,6607227,6603649,6579297,6660558,6552413,6651357,6590930,6504338,6616139,6588344,6518480,6558488,6515594,6535260,6417050
872,31,0,-1,6714305,6688197,6568212,6611159,6543946,6593346,6590219,6566415,6646425,6539294,6637953,6577713,6491084,6603726,6574903,6504259,6546108,6502268,6521300,6403199
873,0,0,-1,6726200,6700219,6580213,6623108,6555813,6605252,6602334,6578631,6658932,6551960,6650364,6589962,6503649,6615704,6586666,6517321,6558575,6514561,6533945,6415265
874,31,0,-1,6715243,6688133,6568942,6611507,6544416,6594671,6590903,6567128,6648148,6540322,6638419,6578182,6491952,6604746,6574520,6505426,6546059,6502855,6522760,6404317
875,0,0,-1,6727199,6700150,6580756,6623346,6555649,6606495,6603141,6579015,6659870,6551976,6650381,6590746,6503283,6616760,6585824,6517654,6558669,6514893,6534557,6415617
876,31,0,-1,6714591,6688343,6568974,6611299,6544071,6594071,6590998,6567362,6647276,6539774,6637917,6578344,6491205,6604009,6574199,6504258,6546153,6502782,6521925,6403276
877,0,0,-1,6726700,6700060,6580566,6623226,6555790,6606628,6602906,6579452,6659227,6551852,6650295,6590655,6502949,6616210,6586589,6517535,6558651,6514893,6534178,6415014
878,31,0,-1,6714306,6686775,6568237,6610416,6543055,6593702,6589567,6566767,6646954,6539246,6636815,6577855,6490641,6603519,6574005,6503835,6544948,6501759,6521485,6401954
879,0,0,-1,6727841,6699570,6581564,6623834,6556106,6607106,6603064,6580435,6660701,6552398,6651718,6591036,6504099,6616708,6586972,6518003,6558653,6515534,6535074,6415629
880,31,0,-1,6715206,6687661,6568931,6611399,6543833,6594644,6591046,6568047,6648241,6539468,6638218,6578525,6491464,6603796,6574344,6504623,6545231,6502775,6522832,6403333
881,0,0,-1,6727233,6700569,6581113,6624006,6555448,6606553,6603452,6580341,6660831,6552209,6650967,6591539,6504267,6615884,6586558,6517800,6558975,6515531,6535082,6416484
882,31,0,-1,6715065,6687794,6568657,6611579,6543572,6594507,6590155,6567911,6648050,6539249,6637819,6578734,6491651,6603595,6573858,6504226,6545697,6501756,6522417,6403462
883,0,0,-1,6727943,6700145,6580682,6624663,6555203,6607187,6602752,6580428,6660568,6551785,6650908,6591177,6503918,6616407,6587190,6517295,6558685,6515249,6535340,6415928
884,31,0,-1,6716267,6687964,6569125,6612433,6543565,6594916,6591506,6568430,6647845,6539923,6638706,6578935,6491844,6604456,6575178,6505021,6545850,6502713,6522262,6403905
885,0,0,-1,6728138,6699647,6580392,6624166,6555706,6607055,6603956,6580786,6659900,6552437,6651229,6590734,6503735,6617405,6587302,6517568,6558512,6515157,6534618,6416280
886,31,0,-1,6715892,6688208,6568688,6612242,6544420,6595386,6591584,6568623,6648086,6540483,6638626,6578912,6491717,6604462,6574577,6504776,6545760,6502895,6522508,6404076
887,0,0,-1,6728274,6699838,6580618,6623769,6555711,6607463,6603261,6580409,6660758,6552635,6651134,6590721,6504128,6616902,6587438,6517289,6558568,6514602,6535011,6416729
888,31,0,-1,6715371,6687797,6568393,6611164,6543869,6595095,6591182,6567596,6647801,6540139,6638826,6578631,6491713,6604569,6574383,6504783,6545176,6501823,6522495,6404411
889,0,0,-1,6726983,6699617,6580135,6623032,6555396,6606676,6603143,6579443,6659964,6552311,6651529,6590514,6503243,6616079,6587067,6517566,6557631,6513954,6533679,6416223
890,31,0,-1,6715181,6688113,6568747,6611408,6543987,6595089,6591403,6568017,6647885,6540105,6639621,6577977,6491742,6604439,6575051,6504802,6545752,6502029,6521641,6404413
891,0,0,-1,6725935,6699778,6580116,6622883,6555917,6606806,6603001,6579659,6659277,6551212,6651007,6590160,6503436,6615879,6586879,6517492,6557880,6514420,6532892,6416023
892,31,0,-1,6713502,6687639,6568145,6611443,6543942,6594880,6590101,6568222,6647510,6539185,6637990,6577858,6491395,6603094,6573851,6504231,6544971,6502458,6520682,6403748
893,0,0,-1,6726237,6700386,6579851,6624279,6556258,6606942,6603239,6580468,6659947,6552055,6651945,6590451,6503885,6615715,6586839,6517351,6558538,6514871,6535139,6416203
894,31,0,-1,6713805,6688042,6567950,6611580,6543997,6594269,6591001,6567329,6647003,6539116,6638254,6578027,6491400,6603208,6574708,6504157,6545662,6501749,6522006,6403199
895,0,0,-1,6726340,6700125,6580150,6624063,6555841,6606396,6603907,6579980,6660289,6551979,6651883,6590956,6503818,6615561,6587229,6516920,6558403,6514410,6534841,6416539
896,31,0,-1,6714118,6687553,6568237,6611739,6543645,6594287,6590568,6567380,6647218,6539474,6638314,6577509,6490824,6602577,6573686,6503230,6545928,6501646,6521837,6403766
897,0,0,-1,6727464,6701266,6581133,6625163,6557675,6608061,6604095,6581457,6660908,6552259,6651637,6591064,6504124,6616406,6587318,6517158,6559731,6515619,6535763,6416988
898,31,0,-1,6714590,6688203,6568663,6612298,6545331,6594831,6591725,6567952,6647695,6538668,6637880,6577831,6490796,6603482,6574058,6503874,6546216,6501632,6522523,6403790
899,0,0,-1,6726180,6699885,6581309,6624471,6556844,6607560,6604046,6579793,6660577,6551423,6650751,6590893,6502630,6616587,6587159,6517330,6559146,6514192,6534936,6416708
900,31,0,-1,6714345,6688977,6569851,6613055,6545960,6595861,6592220,6568908,6648993,6540274,6638545,6579425,6491385,6605355,6575763,6505377,6546360,6502228,6523416,6405375
901,0,0,-1,6726367,6700651,6580522,6623652,6556936,6607056,6603445,6580231,6660397,6552348,6649689,6590211,6502473,6615486,6587108,6516767,6558482,6514176,6534645,6416934
902,31,0,-1,6713564,6687367,6568567,6610841,6544333,6593990,6590690,6566402,6647419,6538468,6636439,6577191,6490169,6602413,6573528,6503527,6544595,6500995,6521631,6402948
903,0,0,-1,6726974,6700529,6581571,6623817,6557548,6607776,6603992,6579825,6660572,6552603,6650725,6590855,6502507,6615748,6587270,6517163,6558820,6514866,6535532,6416009
904,31,0,-1,6714901,6689115,6569206,6612226,6545069,6595525,6592285,6567894,6648345,6540391,6638173,6578189,6490835,6603428,6574869,6504607,6545810,6502193,6523438,6404027
905,0,0,-1,6727477,6700942,6581555,6625339,6557224,6608271,6604931,6580543,6661494,6553128,6651159,6590449,6503761,6617090,6587812,6518009,6559752,6515246,6536519,6417099
906,31,0,-1,6714490,6688775,6569505,6611610,6545115,6595758,6592301,6568294,6648548,6540482,6637886,6577550,6492009,6604470,6574292,6505610,6546545,6502516,6523549,6404437
907,0,0,-1,6726371,6701060,6581186,6623589,6556336,6607436,6604056,6580030,6660477,6552834,6650527,6589749,6504246,6616170,6586776,6517928,6558754,6515233,6535780,6416425
908,31,0,-1,6714860,6688830,6569186,6611289,6544523,6595643,6591698,6567779,6648381,6540360,6637550,6577341,6492137,6604143,6574477,6505156,6545974,6502168,6522686,6404044
909,0,0,-1,6727539,6701723,6582093,6624778,6556476,6607728,6604842,6580167,6661978,6553150,6652003,6591090,6504709,6617621,6587190,6518332,6560324,6515213,6535534,6417808
910,31,0,-1,6714901,6689415,6569940,6612626,6544560,6595636,6592733,6567531,6648795,6539662,6638036,6578115,6491250,6604426,6575154,6505004,6546761,6502899,6523151,6405060
911,0,0,-1,6727540,6702143,6582050,6624745,6556842,6608048,6604441,6580851,6661209,6552176,6650956,6590408,6503666,6617227,6587448,6518079,6560404,6515295,6536560,6417146
912,31,0,-1,6714551,6690126,6569380,6612192,6544538,6595932,6592882,6567896,6648325,6539271,6637863,6577936,6491690,6604086,6574504,6504959,6547377,6502205,6523560,6404458
913,0,0,-1,6726767,6701983,6580972,6623667,6555802,6607466,6604459,6579821,6660190,6551754,6650095,6590067,6503187,6616366,6587286,6517024,6559254,6514482,6535460,6416499
914,31,0,-1,6714231,6689290,6568944,6611341,6544162,6595241,6591627,6567742,6647873,6539372,6637720,6577593,6490770,6604184,6574739,6504527,6545942,6501954,6522664,6404706
915,0,0,-1,6726347,6701190,6580866,6623710,6556283,6607501,6604471,6579408,6660745,6551529,6650302,6590379,6503730,6615989,6586940,6517476,6558789,6514487,6535449,6417182
916,31,0,-1,6714136,6689272,6568736,6611789,6544310,6595237,6591923,6567464,6648004,6539540,6637529,6577524,6491040,6603000,6575017,6504895,6546004,6501705,6522922,6404861
917,0,0,-1,6726094,6701041,6580642,6623828,6555685,6607041,6603135,6579341,6660394,6551789,6650189,6589524,6503064,6615793,6586689,6516864,6557591,6513702,6535382,6416687
918,31,0,-1,6714923,6688657,6569202,6611912,6544748,6595447,6591478,6568293,6649051,6540270,6638666,6577767,6491992,6603515,6575289,6504678,6546068,6501975,6522662,6404478
919,0,0,-1,6727354,6700345,6580776,6622956,6556127,6607147,6603171,6579689,6660828,6551932,6650624,6590274,6503807,6616050,6586997,6518131,6558440,6514446,6535696,6415875
920,31,0,-1,6715816,6689122,6569107,6611649,6544803,6595312,6591409,6568259,6648761,6539452,6637370,6578075,6492456,6603945,6574746,6504675,6546028,6501764,6522979,6403135
921,0,0,-1,6726955,6700982,6580593,6623190,6555576,6607871,6603770,6580139,6660994,6551903,6649340,6589958,6504167,6615933,6586415,6516132,6558264,6514842,6534723,6415567
922,31,0,-1,6714921,6689287,6568680,6611725,6544207,6595553,6591923,6568266,6648907,6539394,6637632,6577771,6492587,6604184,6574256,6503488,6546466,6501679,6522485,6403678
923,0,0,-1,6727000,6701326,6580682,6624972,6556131,6607543,6605024,6580633,6661048,6552432,6649835,6590630,6504869,6616368,6586671,6517068,6559040,6514753,6535268,6416031
924,31,0,-1,6714687,6689341,6568329,6612231,6543628,6594583,6591997,6567476,6648195,6539625,6637122,6577687,6491995,6603485,6573555,6504253,6545889,6501509,6522807,6403236
925,0,0,-1,6726108,6701336,6579195,6624425,6555413,6606113,6604092,6578952,6660543,6552115,6649286,6589799,6503902,6616008,6585902,6516395,6558268,6513832,6534787,6415489
926,31,0,-1,6715013,6689131,6567218,6612715,6543926,6594470,6592410,6567800,6648317,6539145,6636863,6577628,6491344,6603490,6574477,6503758,6544990,6502276,6522407,6403835
927,0,0,-1,6726760,6701393,6580103,6624510,6556406,6607631,6604367,6580362,6660656,6551978,6650257,6590673,6504163,6616386,6586342,6517394,6557527,6515423,6535377,6416669
928,31,0,-1,6714693,6688564,6567847,6612169,6544011,6594340,6591580,6567618,6647574,6539390,6637733,6578072,6492022,6603999,6574205,6504400,6544569,6502268,6522536,6403248
929,0,0,-1,6726480,6700480,6579727,6623976,6555799,6607328,6603394,6579798,6659860,6552322,6649801,6589831,6504181,6616398,6586957,6516898,6557187,6514568,6534979,6415630
930,31,0,-1,6713571,6686897,6567074,6610856,6542338,6594027,6590801,6566451,6647001,6538401,6636102,6576273,6490603,6601996,6573250,6503149,6544272,6501444,6521469,6401809
931,0,0,-1,6726866,6700962,6580521,6623989,6555340,6607634,6604683,6579762,6661166,6552098,6650296,6590466,6503909,6616627,6587250,6517914,6558254,6515449,6535348,6415447
932,31,0,-1,6714282,6687780,6567716,6611501,6542243,6595013,6591670,6566951,6647848,6539173,6636709,6577101,6491586,6604270,6573706,6503717,6545366,6501871,6521498,6402670
933,0,0,-1,6726710,6700596,6580207,6624534,6554414,6607232,6604329,6579725,6660714,6552047,6649735,6590036,6503328,6615594,6586346,6516486,6558447,6514930,6534186,6415619
934,31,0,-1,6714217,6687151,6568482,6611882,6543181,6594907,6591362,6567545,6647838,6539645,6636638,6577792,6491094,6602874,6574181,6504042,6544149,6501920,6521969,6402917
935,0,0,-1,6726135,6698945,6579932,6624167,6555148,6607021,6603553,6579208,6659653,6551376,6649464,6589595,6502980,6615551,6586692,6516262,6557044,6514406,6533537,6414838
936,31,0,-1,6714403,6688221,6567817,6612582,6542855,6595342,6592043,6567861,6647973,6539756,6637403,6578216,6491662,6603926,6574733,6504363,6544450,6501735,6521930,6403595
937,0,0,-1,6726881,6700390,6580251,6624947,6555758,6607623,6604432,6580533,6660698,6551628,6650210,6590140,6503712,6616518,6588116,6517458,6557707,6514593,6535140,6415992
938,31,0,-1,6714457,6689062,6568287,6612546,6543786,6595353,6591997,6567553,6648134,6539683,6637950,6578124,6491384,6603828,6574960,6504442,6544561,6501889,6521872,6403862
939,0,0,-1,6727124,6699816,6580404,6624565,6555498,6607857,6603747,6579701,6660088,6551776,6650935,6590145,6503692,6616415,6587304,6517324,6557611,6514725,6534024,6415657
940,31,0,-1,6715670,6688163,6568810,6613209,6543924,6595464,6590980,6568423,6648083,6539946,6638616,6578421,6491724,6604405,6574426,6504473,6545049,6501726,6522102,6403845
941,0,0,-1,6727855,6700285,6580945,6625471,6556128,6607668,6604630,6581240,6660864,6552800,6651514,6590971,6504210,6617077,6587519,6517832,6558048,6513902,6535419,6416299
942,31,0,-1,6715137,6688477,6568490,6612615,6543342,6594797,6592453,6568215,6648196,6539922,6638703,6577686,6491385,6604242,6574733,6504859,6545488,6501634,6522783,6404337
943,0,0,-1,6727614,6702170,6581167,6625176,6555899,6607301,6604679,6580993,6660541,6552395,6651344,6590774,6504203,6616909,6588476,6517688,6558245,6514539,6535632,6416777
944,31,0,-1,6714877,6689611,6568815,6612697,6543466,6594898,6591485,6568113,6648050,6539819,6638544,6577691,6491435,6603973,6574504,6504713,6545302,6501981,6522305,6403643
945,0,0,-1,6727637,6701760,6579852,6624737,6555538,6607223,6604252,6579938,6660718,6551778,6650697,6590215,6503807,6617555,6587117,6517557,6556787,6515207,6534607,6416036
946,31,0,-1,6715205,6689899,6568304,6612560,6543603,6595483,6592253,6567694,6648073,6539580,6637614,6577658,6491598,6605295,6575563,6504843,6544217,6502400,6522621,6404353
947,0,0,-1,6726984,6702231,6580095,6624605,6555917,6606925,6604534,6580241,6660641,6551442,6650275,6590391,6503768,6617108,6588107,6517476,6556960,6515187,6535361,6416911
948,31,0,-1,6714467,6689786,6567921,6612194,6543443,6594194,6592281,6567394,6648067,6539045,6637316,6578645,6491656,6603884,6574756,6504819,6544186,6502667,6522094,6404406
949,0,0,-1,6727553,6702643,6580653,6625172,6556142,6607349,6604925,6580334,6661403,6552343,6650393,6591448,6504189,6616597,6588230,6517787,6558149,6514560,6535284,6417357
950,31,0,-1,6714546,6689876,6567268,6612713,6543899,6595109,6592233,6567350,6648418,6539331,6637347,6578372,6491375,6603364,6574660,6504818,6545081,6501991,6522036,6404308
951,0,0,-1,6727191,6701205,6579453,6624945,6556107,6608200,6604978,6580618,6661004,6552167,6650486,6590431,6504454,6616582,6587677,6517799,6558180,6515071,6535112,6416311
952,31,0,-1,6715269,6688962,6568253,6612788,6543921,6595319,6592396,6567641,6648281,6540757,6636858,6578213,6492506,6604542,6575183,6504618,6545161,6502204,6522040,6403428
953,0,0,-1,6728102,6701916,6580207,6624608,6556342,6608287,6604685,6580143,6661330,6553492,6649919,6591163,6505445,6616492,6587300,6517800,6558342,6515732,6535333,6416230
954,31,0,-1,6715224,6688778,6567333,6612661,6544600,6596426,6592321,6567250,6648020,6539765,6637117,6578248,6492288,6603398,6574769,6504599,6545249,6501478,6522383,6403819
955,0,0,-1,6727329,6700737,6579313,6624467,6556625,6608353,6604131,6579563,6660316,6552457,6649996,6590651,6503739,6616317,6587921,6516804,6558023,6514045,6534944,6415751
956,31,0,-1,6715677,6688693,6568342,6613059,6544967,6596201,6592704,6567931,6648598,6539982,6637497,6578985,6491919,6604311,6574559,6504436,6545149,6501791,6522296,6403542
957,0,0,-1,6728876,6701729,6580305,6625697,6557532,6609065,6604933,6580567,6661297,6553050,6650779,6592175,6504394,6617763,6588385,6518243,6559616,6515289,6535863,6416375
958,31,0,-1,6717389,6689927,6568879,6614063,6546372,6597049,6592680,6568482,6649029,6540968,6638585,6579613,6492831,6606014,6576132,6505865,6547374,6503153,6523334,6404502
959,0,0,-1,6729129,6702351,6580918,6625223,6557506,6609150,6604299,6580829,6660586,6553041,6650684,6591580,6504955,6617015,6587531,6518733,6559606,6515073,6535438,6416261
960,31,0,-1,6716141,6689339,6568115,6612304,6544289,6596023,6592091,6568318,6647915,6539714,6637515,6578627,6492314,6604629,6574624,6505355,6546048,6501443,6522291,6402702
961,0,0,-1,6727659,6700990,6580100,6624139,6556586,6608003,6604109,6580260,6660351,6552270,6650434,6590440,6504311,6616123,6586662,6517855,6558750,6514103,6535079,6416237
962,31,0,-1,6715884,6689445,6569252,6611926,6545227,6596043,6593085,6568401,6648504,6540009,6637888,6578721,6492263,6604209,6574908,6505623,6546603,6502536,6523026,6404631
963,0,0,-1,6727081,6701005,6580226,6623374,6556522,6607602,6604057,6580213,6659872,6551069,6649216,6590662,6503898,6616502,6587344,6517273,6558668,6513955,6534985,6416485
964,31,0,-1,6716041,6689029,6568578,6611788,6544851,6595827,6591984,6568195,6647918,6539025,6637742,6578963,6492157,6605117,6575342,6504881,6546912,6501956,6522643,6404336
965,0,0,-1,6728687,6700842,6580670,6624604,6557015,6607809,6603629,6580146,6660421,6551915,6650126,6591119,6504517,6617120,6588196,6517918,6559764,6514723,6535550,6417128
966,31,0,-1,6715308,6687954,6567794,6611516,6544134,6594866,6591010,6567082,6646855,6538921,6636406,6577568,6490943,6603477,6574931,6504377,6546187,6501075,6521593,6403579
967,0,0,-1,6728452,6701604,6580951,6624488,6558007,6608646,6604568,6580561,6660624,6552551,6650853,6591417,6504701,6617665,6588362,6518324,6560745,6515450,6536241,6417037
968,31,0,-1,6715707,6689152,6568930,6611740,6545205,6595573,6591617,6568171,6647709,6539247,6637564,6579071,6492512,6603910,6574493,6505028,6547088,6502291,6522862,6404592
969,0,0,-1,6729004,6702828,6580628,6624965,6557976,6608458,6604505,6581156,6660855,6552458,6651376,6591772,6505170,6616304,6588298,6518207,6559829,6515918,6535786,6417853
970,31,0,-1,6716675,6689989,6568132,6612878,6545495,6595733,6591500,6568418,6648463,6539517,6637548,6578973,6493142,6603890,6575457,6504863,6546033,6502421,6522818,6404338
971,0,0,-1,6728897,6702689,6580931,6624904,6557885,6608221,6604263,6581532,6660566,6551608,6650851,6591970,6505121,6617240,6587716,6517979,6559773,6515346,6535882,6416818
972,31,0,-1,6715905,6689490,6567940,6611877,6545100,6595464,6591619,6568341,6647835,6538339,6637071,6578660,6492278,6604681,6574715,6505225,6546307,6502196,6522344,6403979
973,0,0,-1,6727995,6701094,6579493,6624364,6557511,6607874,6603781,6580517,6660014,6551388,6649612,6590740,6504575,6616628,6587363,6517766,6559537,6514247,6535129,6416361
974,31,0,-1,6716006,6689310,6567965,6612274,6545196,6595868,6591930,6568386,6647981,6539544,6636895,6578284,6492294,6604586,6575268,6504781,6546712,6502121,6522592,6404057
975,0,0,-1,6728979,6702507,6581223,6625072,6557743,6608682,6604542,6581800,6661205,6552567,6650376,6591217,6505362,6617246,6588429,6518699,6560443,6515193,6535839,6416679
976,31,0,-1,6715814,6689504,6567757,6611571,6544406,6595225,6591176,6567875,6648130,6538801,6636623,6578127,6492369,6603939,6575483,6505304,6546267,6501634,6521956,6403806
977,0,0,-1,6729702,6701658,6580615,6624334,6557696,6607998,6604716,6580516,6660888,6551498,6649821,6591130,6505706,6617113,6588278,6518404,6559958,6515656,6534592,6416898
978,31,0,-1,6716736,6688170,6568087,6611753,6545549,6595084,6591734,6567745,6647313,6538267,6636229,6578426,6492521,6603505,6574133,6504306,6546206,6501909,6521304,6403282
979,0,0,-1,6728457,6700242,6580046,6624401,6556875,6607516,6603317,6580332,6659710,6551114,6649148,6590708,6505001,6616176,6586874,6517544,6559370,6514839,6534641,6415992
980,31,0,-1,6715834,6688817,6568512,6612965,6545195,6595227,6590900,6567963,6647667,6538991,6636968,6578448,6492678,6604122,6574884,6504879,6546188,6502326,6522701,6404319
981,0,0,-1,6728601,6700950,6580504,6625479,6557445,6607765,6604151,6581229,6660179,6552264,6650681,6591387,6505259,6616342,6587632,6518049,6560326,6514534,6535751,6416127
982,31,0,-1,6716688,6688959,6568453,6613432,6545891,6595639,6592162,6568785,6647728,6539284,6638223,6579494,6493316,6604563,6575130,6504775,6547314,6502438,6523564,6404575
983,0,0,-1,6729337,6701472,6580572,6625844,6557725,6608661,6604396,6581190,6660693,6552218,6652072,6592625,6506163,6618429,6587913,6518344,6559960,6515753,6536377,6417379
984,31,0,-1,6717117,6690583,6568111,6613607,6544734,6596340,6592544,6569154,6648619,6539253,6639064,6579675,6493767,6605029,6575209,6505036,6546955,6503081,6523580,6404694
985,0,0,-1,6728793,6702452,6580559,6625990,6556428,6608997,6603968,6581261,6661235,6552125,6651434,6592039,6505354,6616856,6588012,6518028,6559529,6515288,6535918,6417314
986,31,0,-1,6716952,6689971,6568938,6613226,6545198,6596954,6591870,6569625,6648651,6539824,6638838,6579592,6493298,6605484,6576017,6505965,6547168,6503196,6523413,6404864
987,0,0,-1,6728466,6701397,6580643,6625146,6556711,6608401,6603577,6580894,6660526,6552026,6651649,6591683,6505437,6616572,6587962,6518072,6558891,6515145,6536220,6416890
988,31,0,-1,6716382,6689050,6568447,6613294,6544912,6596542,6591124,6568425,6647698,6540061,6638764,6579418,6492960,6604086,6575661,6505792,6545991,6503052,6523137,6404361
989,0,0,-1,6728837,6701289,6580959,6625599,6557448,6608985,6603674,6580998,6660493,6552084,6651486,6591175,6505382,6616603,6587946,6518136,6558362,6515926,6535977,6417264
990,31,0,-1,6716755,6689626,6569162,6613362,6545044,6597354,6591624,6568623,6648111,6540922,6638708,6578933,6493265,6605309,6576197,6506041,6546225,6503642,6523874,6405611
991,0,0,-1,6728882,6701540,6580708,6625300,6556848,6609191,6604323,6580644,6660556,6552752,6651846,6590842,6504907,6617107,6588309,6518629,6558556,6516142,6536420,6416785
992,31,0,-1,6716765,6689267,6568477,6613054,6544970,6596917,6591359,6567763,6647819,6539823,6637954,6578748,6492612,6604537,6575867,6505680,6544920,6503116,6523723,6404205
993,0,0,-1,6729296,6702290,6581153,6626178,6557454,6610265,6603844,6580697,6660460,6552721,6650625,6591741,6506066,6617696,6588722,6518726,6559183,6515763,6535945,6416617
994,31,0,-1,6716832,6689924,6568804,6613375,6545007,6597249,6591086,6568212,6648637,6540415,6637950,6579201,6493804,6605048,6575504,6505841,6546826,6503027,6523222,6403826
995,0,0,-1,6729620,6702151,6580490,6624989,6557162,6609246,6603035,6580657,6661397,6552941,6650892,6591249,6506173,6616884,6587617,6518360,6559181,6515590,6536392,6416676
996,31,0,-1,6716328,6689277,6569292,6612730,6545116,6597011,6590933,6568072,6648494,6540453,6637842,6578627,6494170,6603659,6575160,6505979,6546627,6502989,6523386,6403856
997,0,0,-1,6728360,6701961,6580937,6625238,6555783,6608999,6603158,6579968,6660511,6553254,6650266,6590637,6506234,6615720,6588191,6518619,6558620,6514693,6536116,6417279
998,31,0,-1,6715756,6690064,6568962,6613448,6544285,6596677,6590888,6567750,6647849,6540860,6637762,6578675,6493653,6603659,6575962,6505278,6545699,6502276,6523888,6403539
999,0,0,-1,6727681,6701747,6580139,6624702,6556347,6608764,6602828,6580022,6659900,6552308,6649831,6590870,6505160,6615600,6588133,6518159,6558180,6514856,6534642,6415850
1000,31,0,-1,6715848,6689354,6568465,6612427,6544239,6596879,6590688,6567830,6647594,6540369,6636882,6578072,6492631,6603003,6575562,6505337,6545971,6502154,6522378,6403387
1001,0,0,-1,6728688,6701811,6581490,6625801,6557662,6609419,6604406,6580847,6660637,6553309,6650441,6591909,6505412,6616866,6588692,6518540,6558951,6515564,6535979,6416435
1002,31,0,-1,6715641,6689083,6569358,6613919,6545110,6596870,6592249,6568118,6647852,6540277,6637586,6578853,6492708,6604114,6575501,6504930,6545573,6503216,6522969,6403700
1003,0,0,-1,6727033,6701135,6580027,6624951,6556363,6608164,6603917,6579770,6659782,6551834,6649584,6590671,6504619,6615938,6588119,6517842,6557811,6515075,6534985,6415509
1004,31,0,-1,6716162,6690283,6569163,6613520,6545431,6597360,6592779,6567712,6648630,6540592,6638410,6579541,6493597,6604703,6576053,6505927,6546656,6503239,6522725,6404839
1005,0,0,-1,6728431,6701992,6581185,6625882,6556692,6609401,6604425,6580261,6660560,6553274,6651010,6592071,6505800,6616631,6588472,6518501,6559220,6515942,6535712,6416980
1006,31,0,-1,6716633,6689452,6569470,6613876,6545318,6597266,6592194,6567769,6648317,6540877,6638534,6579297,6493505,6604863,6575621,6505557,6546047,6503039,6523442,6405365
1007,0,0,-1,6728398,6701381,6580825,6624709,6556573,6608793,6603965,6579611,6660009,6552370,6651172,6591468,6504758,6616277,6587974,6517373,6558663,6514925,6535184,6417001
1008,31,0,-1,6716036,6688443,6568613,6612614,6544332,6596409,6591562,6567118,6647893,6539848,6637733,6578835,6492821,6604195,6575409,6505077,6545814,6502315,6522815,6403684
1009,0,0,-1,6727186,6699971,6580124,6624622,6556167,6608251,6603234,6579255,6659976,6551717,6650178,6590655,6504723,6616041,6587742,6517521,6558310,6514085,6534824,6415730
1010,31,0,-1,6714515,6687919,6568651,6613133,6544509,6596837,6591888,6567380,6648306,6540323,6637893,6578873,6493054,6603776,6574620,6504987,6545960,6501710,6523098,6404004
1011,0,0,-1,6727698,6700662,6580792,6625449,6556690,6610021,6603962,6579783,6660986,6553530,6651109,6591669,6505658,6616581,6587147,6518283,6558892,6515107,6535400,6416942
1012,31,0,-1,6715658,6688687,6569123,6612758,6544627,6597435,6590531,6567732,6648542,6540621,6637969,6578759,6493211,6604656,6574770,6505175,6545096,6502220,6522455,6403504
1013,0,0,-1,6728929,6701151,6581340,6624315,6556756,6609324,6603387,6580228,6661257,6553287,6651159,6591370,6505346,6616486,6587544,6517283,6558189,6515488,6535731,6416583
1014,31,0,-1,6716191,6687569,6568591,6612147,6544650,6596466,6591293,6567202,6648686,6540335,6638566,6578796,6492703,6602893,6574516,6504381,6545405,6502571,6522106,6404085
1015,0,0,-1,6729497,6700763,6581907,6626551,6558058,6609934,6604451,6581321,6662773,6554200,6652739,6592449,6506377,6617000,6588860,6519158,6559857,6516697,6536163,6418647
1016,31,0,-1,6717090,6688372,6569355,6613686,6545564,6597386,6592212,6568544,6649838,6541139,6639717,6580320,6493305,6604510,6576352,6506659,6547119,6503747,6523401,6406068
1017,0,0,-1,6728450,6701442,6581036,6626131,6557564,6609262,6604030,6580688,6661825,6552941,6652644,6592192,6505839,6615880,6588588,6519172,6559591,6516040,6536028,6417827
1018,31,0,-1,6716353,6688665,6569058,6612901,6544197,6596918,6591254,6567502,6649203,6539762,6638984,6579174,6492868,6603912,6575310,6505294,6545330,6502987,6522930,6406214
1019,0,0,-1,6728197,6701174,6580929,6624174,6556922,6609476,6604049,6579789,6662539,6552731,6651739,6591347,6504996,6615554,6587968,6518259,6558748,6515087,6535864,6418435
1020,31,0,-1,6715240,6688638,6567885,6611777,6544649,6596744,6591695,6566918,6648549,6539981,6638571,6578642,6492480,6602921,6574847,6504661,6545451,6502383,6522054,6405637
1021,0,0,-1,6729234,6702303,6581455,6624745,6557995,6610315,6605097,6580398,6662075,6552846,6652076,6591749,6505837,6616756,6587847,6518456,6559316,6516303,6535608,6419352
1022,31,0,-1,6716753,6689069,6569362,6612964,6545946,6598239,6591999,6568221,6649731,6540794,6638692,6579445,6493655,6603846,6575037,6505524,6546703,6503526,6522979,6406226
1023,0,0,-1,6728426,6700295,6580910,6624889,6557252,6609582,6604122,6580305,6661938,6552819,6651122,6591548,6504877,6615802,6587021,6517611,6559136,6515145,6534974,6416836
1024,31,0,-1,6716557,6688482,6569730,6612961,6545405,6597652,6591854,6568883,6649288,6540541,6638945,6579615,6492862,6603538,6575601,6505636,6546156,6503012,6522177,6405237
1025,0,0,-1,6728953,6700574,6581906,6625638,6557598,6609511,6603884,6581639,6661583,6553334,6652170,6592446,6505487,6615700,6588058,6518515,6558881,6515641,6535498,6418051
1026,31,0,-1,6715585,6688831,6568844,6612651,6544779,6596599,6591151,6567925,6648614,6540123,6638622,6578891,6492503,6602422,6574939,6504811,6545090,6502261,6522677,6404796
1027,0,0,-1,6728394,6701209,6581654,6625345,6557033,6609876,6604462,6580834,6661435,6552513,6651908,6591810,6505084,6615263,6586958,6517723,6557976,6515804,6535435,6417109
1028,31,0,-1,6714931,6688164,6568393,6612620,6543991,6596104,6590771,6567744,6648345,6540678,6638001,6578843,6492052,6602669,6574439,6504355,6544480,6501966,6522693,6403458
1029,0,0,-1,6727828,6701705,6581594,6624977,6556712,6608220,6603677,6580351,6661091,6553483,6651327,6591740,6504447,6615050,6587380,6517613,6557593,6515310,6536561,6416873
1030,31,0,-1,6715324,6688298,6568749,6611963,6543582,6595223,6590978,6567487,6647459,6540017,6638150,6578689,6491607,6601357,6573791,6504381,6544630,6502118,6523426,6404215
1031,0,0,-1,6727457,6700531,6580749,6624873,6556281,6608502,6604340,6580501,6660900,6552408,6651425,6591668,6504619,6615340,6587167,6517956,6558445,6515386,6536566,6417217
1032,31,0,-1,6714197,6687251,6567922,6611724,6543769,6595196,6590897,6567421,6647524,6539078,6637927,6578152,6491148,6602062,6573737,6504767,6545049,6502253,6523136,6403612
1033,0,0,-1,6727275,6700378,6580853,6624196,6556490,6608383,6604242,6580433,6661381,6552156,6651345,6590747,6504412,6615306,6586515,6518358,6558744,6515500,6535936,6416967
1034,31,0,-1,6715905,6688891,6569103,6611522,6545282,6596180,6592438,6568848,6649046,6540427,6639778,6577851,6492498,6603989,6574868,6506306,6546121,6502937,6523759,6405044
1035,0,0,-1,6726955,6700386,6580526,6623119,6556800,6608322,6604128,6580823,6660765,6552341,6650635,6590622,6504040,6616374,6587177,6518229,6557945,6514594,6536656,6417033
1036,31,0,-1,6714974,6688731,6568824,6611198,6544943,6596168,6592001,6568438,6648311,6540060,6637914,6579018,6492032,6603526,6575257,6505758,6545470,6502160,6524126,6404899
1037,0,0,-1,6727592,6700560,6580480,6623912,6556797,6608372,6603834,6580121,6660506,6552178,6650291,6591370,6504542,6616380,6587687,6517690,6558259,6514920,6535908,6417009
1038,31,0,-1,6715880,6688807,6568902,6611995,6545394,6597037,6592050,6568610,6649049,6540150,6637926,6579479,6492978,6604640,6575686,6505609,6545671,6502261,6523704,6405029
1039,0,0,-1,6727272,6700819,6580538,6623855,6557099,6608003,6602995,6580928,6660327,6551603,6650481,6590877,6504873,6615784,6587171,6518161,6558082,6514247,6535703,6416750
1040,31,0,-1,6715028,6688371,6567870,6611367,6543977,6595502,6591217,6567479,6648344,6539501,6637698,6578302,6492297,6603808,6574416,6505835,6545230,6502123,6523155,6403313
1041,0,0,-1,6728046,6700764,6581096,6624620,6556666,6608733,6604193,6581547,6661665,6552936,6651540,6591142,6505776,6616680,6587751,6519228,6559150,6515357,6536953,6417255
1042,31,0,-1,6715447,6687221,6568862,6612764,6544358,6596356,6591354,6568933,6649028,6539888,6638399,6578059,6493548,6604879,6575554,6505779,6545493,6502562,6524420,6404924
1043,0,0,-1,6727863,6698878,6580786,6624583,6556409,6608841,6603446,6580589,6661135,6552253,6650948,6590144,6505070,6616744,6587872,6517780,6557776,6515048,6536348,6417003
1044,31,0,-1,6715056,6687008,6568646,6611904,6544023,6596549,6591112,6568088,6648617,6540242,6638400,6578297,6493063,6604130,6575131,6505746,6544528,6502105,6523375,6404488
1045,0,0,-1,6727277,6699411,6580683,6623932,6556545,6608860,6603841,6580434,6661209,6552714,6651374,6591488,6505627,6616128,6588130,6518646,6558252,6514968,6536460,6417162
1046,31,0,-1,6715498,6687546,6568833,6611976,6543994,6596675,6591373,6568285,6649045,6539649,6638356,6578164,6492990,6604143,6575102,6505528,6545517,6502199,6523971,6404425
1047,0,0,-1,6727046,6699670,6580358,6623709,6556155,6608406,6602918,6580205,6661078,6552248,6650852,6590549,6504522,6617089,6586755,6517951,6557541,6514486,6535700,6416169
1048,31,0,-1,6714898,6687608,6569202,6612464,6543877,6596157,6591627,6568401,6648811,6539888,6638121,6578708,6492869,6605401,6574618,6506085,6545856,6502457,6523238,6404336
1049,0,0,-1,6727010,6699569,6580893,6624487,6556046,6608353,6603690,6580827,6660938,6552425,6650748,6590957,6504823,6616700,6587112,6518045,6559614,6514522,6535619,6417128
1050,31,0,-1,6714718,6687794,6568453,6611670,6543349,6595704,6591154,6567851,6647694,6539625,6637106,6578273,6492128,6604289,6574682,6505033,6546070,6501358,6523111,6404310
1051,0,0,-1,6727349,6699806,6581189,6624448,6555387,6608429,6602764,6580550,6660605,6553130,6650139,6590842,6505037,6616842,6587100,6517921,6559204,6514427,6536541,6416375
1052,31,0,-1,6714601,6686596,6567599,6611547,6542669,6595129,6590422,6567370,6647954,6539665,6637376,6577219,6491577,6603061,6574001,6504003,6545588,6501319,6522894,6402951
1053,0,0,-1,6727058,6699710,6580048,6623904,6555107,6608207,6603017,6580254,6660796,6552009,6650575,6590956,6504423,6616576,6586545,6517765,6558652,6514113,6535417,6415144
1054,31,0,-1,6714574,6687314,6568072,6611383,6543005,6595457,6590261,6567970,6647497,6539414,6637125,6578424,6491509,6603851,6573778,6504042,6546505,6501716,6522047,6403259
1055,0,0,-1,6727436,6701076,6580224,6624345,6555707,6608226,6603106,6581185,6660414,6552423,6650024,6591212,6503752,6615581,6586526,6517023,6559248,6513904,6534870,6416191
1056,31,0,-1,6715014,6689065,6568142,6612351,6543501,6595479,6590940,6568244,6648096,6539688,6637498,6577766,6491266,6603766,6573969,6504188,6546271,6501209,6522614,6403557
1057,0,0,-1,6727952,6702278,6581404,6625267,6556156,6608566,6603966,6580992,6661459,6553147,6651443,6591144,6504518,6617166,6587265,6517526,6559455,6514941,6536084,6416262
1058,31,0,-1,6716005,6689515,6569126,6612071,6543704,6595609,6590959,6568533,6648136,6539461,6637351,6577909,6491752,6604003,6574823,6503904,6546174,6501877,6522493,6403098
1059,0,0,-1,6728531,6702432,6581541,6624014,6556624,6608444,6604445,6580849,6660553,6552453,6650454,6590896,6504653,6616688,6587591,6517453,6559990,6515077,6535132,6416563
1060,31,0,-1,6715652,6690253,6568755,6611838,6543677,6595684,6591092,6568236,6647605,6540066,6637770,6578713,6491848,6603748,6574951,6504800,6546616,6502136,6522215,6403971
1061,0,0,-1,6728851,6702566,6581108,6624978,6556669,6607990,6603383,6580817,6660958,6552769,6651447,6591061,6504793,6617106,6587950,6518527,6559574,6515510,6535750,6416760
1062,31,0,-1,6716725,6690749,6569927,6612783,6544683,6595908,6591673,6569053,6648776,6541018,6639019,6579058,6492629,6605873,6575261,6505602,6547214,6502515,6523570,6403983
1063,0,0,-1,6727782,6702612,6580981,6625078,6555680,6608127,6603568,6581339,6661074,6553254,6650619,6591162,6504834,6617789,6588117,6517662,6558519,6514994,6536730,6416302
1064,31,0,-1,6715951,6688898,6568502,6612087,6542823,6594873,6590271,6568330,6647820,6539375,6637147,6577788,6491884,6603926,6574069,6504280,6545208,6501797,6523361,6403124
1065,0,0,-1,6727132,6700330,6580183,6623595,6555090,6606782,6602808,6580074,6660267,6551903,6649444,6590283,6504050,6616043,6585582,6517260,6557898,6513881,6535402,6415993
1066,31,0,-1,6716454,6689896,6569277,6612972,6544405,6595866,6591270,6568829,6648422,6540438,6638168,6579068,6493349,6605631,6574195,6506039,6545399,6502575,6523894,6404027
1067,0,0,-1,6727937,6701690,6581017,6625331,6556439,6608201,6604113,6581372,6660190,6552976,6650643,6591376,6505586,6617556,6587028,6518410,6558429,6515315,6536253,6416153
1068,31,0,-1,6715363,6689161,6569452,6612592,6543462,6595081,6591400,6568264,6647399,6539742,6637226,6578046,6492612,6603859,6574509,6505913,6545354,6501827,6523054,6403627
1069,0,0,-1,6727105,6700686,6580501,6624089,6555325,6607098,6603292,6580167,6659551,6552091,6650141,6590312,6504467,6616821,6587345,6517936,6558566,6514200,6536174,6415810
1070,31,0,-1,6714902,6687688,6569347,6612018,6544062,6595333,6591542,6568563,6647539,6539902,6638942,6577980,6492137,6604682,6575042,6504764,6545013,6502036,6524448,6404116
1071,0,0,-1,6725910,6699275,6579921,6623640,6554984,6606726,6602260,6579487,6658947,6551183,6650864,6589875,6503679,6616386,6586611,6516625,6556424,6514081,6535169,6415384
1072,31,0,-1,6714338,6687457,6568223,6611868,6543474,6594786,6590418,6566715,6646880,6539755,6638007,6577784,6491766,6604391,6574858,6504355,6544603,6500920,6522879,6403677
1073,0,0,-1,6725901,6699895,6580077,6623962,6555360,6607090,6602113,6579191,6659371,6551821,6650338,6590265,6503814,6615612,6586691,6517068,6557046,6513489,6535761,6416189
1074,31,0,-1,6715028,6689542,6569389,6612741,6544211,6596085,6591659,6567880,6647349,6539363,6638439,6578389,6492138,6604770,6575410,6505253,6545704,6502577,6523966,6404675
1075,0,0,-1,6726477,6700850,6580337,6624778,6555196,6606847,6604077,6579587,6659241,6551753,6650548,6590415,6503748,6616457,6587348,6517340,6557698,6513940,6535806,6416441
1076,31,0,-1,6714720,6689108,6568824,6612279,6543386,6594784,6591271,6567849,6647035,6539794,6637827,6578599,6491728,6604307,6576073,6504452,6544497,6502045,6523190,6404074
1077,0,0,-1,6727286,6700821,6580563,6624583,6555257,6606852,6603577,6579994,6659914,6553046,6650656,6591394,6504613,6617311,6587587,6517610,6558475,6514743,6536145,6416619
1078,31,0,-1,6715182,6689307,6568673,6612154,6543195,6595220,6591821,6568534,6648124,6540058,6638434,6579674,6492217,6605837,6574780,6504683,6546900,6501910,6523531,6404695
1079,0,0,-1,6726316,6700218,6579877,6624089,6554039,6606262,6602651,6579652,6659012,6551460,6650114,6590522,6503455,6616698,6586518,6515927,6557910,6513382,6534720,6415816
1080,31,0,-1,6714038,6686869,6567460,6611510,6541112,6593045,6589511,6566607,6646070,6538172,6636359,6577537,6490706,6603237,6573906,6502833,6543743,6500561,6521768,6402717
1081,0,0,-1,6727314,6700172,6579820,6625026,6554481,6606517,6602339,6579559,6659467,6551205,6650135,6590572,6504214,6616558,6587664,6516606,6558719,6514997,6535500,6416280
1082,31,0,-1,6714557,6687928,6568528,6612827,6542421,6594158,6590298,6567495,6647199,6539197,6637490,6577629,6491569,6604547,6574667,6503742,6545805,6501471,6522293,6403559
1083,0,0,-1,6725412,6698675,6580308,6624449,6553312,6605800,6602487,6578803,6658770,6551125,6649296,6589597,6503481,6615577,6585449,6516253,6557601,6513693,6533621,6414652
1084,31,0,-1,6713344,6687158,6567852,6612661,6541311,6594012,6590668,6566470,6647557,6539389,6637597,6577552,6491680,6604016,6573457,6504719,6545539,6501461,6521455,6404008
1085,0,0,-1,6725621,6699060,6580357,6624633,6553803,6606524,6602315,6578819,6660805,6551520,6650203,6590116,6503175,6616157,6585521,6516870,6558535,6513306,6534911,6416709
1086,31,0,-1,6713688,6687115,6568161,6612505,6541495,6594674,6590348,6566981,6648405,6538872,6637830,6578351,6491452,6604244,6573791,6504693,6546371,6500901,6522472,6404289
1087,0,0,-1,6725312,6698536,6580510,6625478,6553393,6606744,6602992,6578988,6659981,6551397,6650965,6590586,6503613,6616292,6585510,6516851,6558337,6513315,6535107,6416077
1088,31,0,-1,6715182,6686817,6569198,6613985,6542786,6595543,6591544,6567728,6648336,6539708,6638452,6578931,6492508,6604825,6574634,6505178,6546726,6501122,6523436,6404551
1089,0,0,-1,6726328,6699483,6580272,6625171,6553722,6607175,6602821,6579758,6659777,6552025,6650773,6590547,6503814,6615634,6587840,6517753,6558937,6513634,6535038,6416261
1090,31,0,-1,6713795,6687280,6568557,6612085,6542001,6595022,6590418,6567683,6647194,6539201,6638268,6577882,6491908,6602944,6574293,6504968,6545334,6501203,6522557,6403794
1091,0,0,-1,6725762,6699059,6580209,6624635,6553872,6607228,6603038,6579771,6659272,6552521,6651069,6590383,6503672,6615298,6585762,6517632,6557971,6513675,6535615,6416351
1092,31,0,-1,6713476,6687195,6567717,6611441,6541943,6594423,6590446,6567162,6647010,6539680,6637845,6578005,6491594,6601982,6574628,6504373,6545551,6501233,6522778,6403962
1093,0,0,-1,6725998,6699893,6579685,6625108,6554414,6607071,6603064,6579099,6659997,6552179,6650495,6590263,6504049,6614714,6586841,6517316,6558991,6514124,6534917,6415648
1094,31,0,-1,6714633,6688447,6568850,6613207,6543621,6595397,6591395,6567865,6648070,6540608,6638679,6578907,6492878,6603158,6574895,6505065,6546341,6502284,6522574,6404407
1095,0,0,-1,6726665,6700051,6580135,6625049,6554603,6607608,6603370,6580156,6660500,6552666,6650835,6591016,6503937,6616233,6586915,6518182,6558509,6514442,6535272,6416689
1096,31,0,-1,6714456,6688378,6567953,6612791,6543151,6595396,6591563,6567692,6648855,6539310,6638820,6578730,6492527,6603784,6574798,6505317,6546357,6501917,6522530,6404503
1097,0,0,-1,6726883,6701299,6580437,6625144,6555308,6608180,6604670,6580597,6661332,6552904,6652097,6591477,6505033,6617378,6587920,6518244,6559722,6514553,6536299,6417429
1098,31,0,-1,6714173,6688541,6567860,6612091,6542839,6595273,6591859,6567743,6648467,6539780,6638289,6578862,6491698,6604183,6574570,6504869,6545357,6501365,6522961,6404347
1099,0,0,-1,6726400,6700440,6579561,6624245,6554655,6607841,6603701,6579140,6661011,6552378,6651788,6590296,6504139,6615879,6587798,6517463,6557953,6513894,6535153,6416564
1100,31,0,-1,6714145,6688595,6567949,6612957,6542619,6595628,6591103,6566927,6648594,6539920,6639076,6577834,6491998,6603435,6575389,6504920,6546093,6501360,6522212,6404794
1101,0,0,-1,6726485,6700497,6580329,6625703,6554805,6608322,6604119,6580508,6661006,6552338,6652587,6591525,6505602,6616287,6587902,6518279,6559049,6514795,6534780,6416775
1102,31,0,-1,6714285,6688101,6568205,6612907,6542640,6595634,6591584,6567839,6648265,6540450,6639078,6578750,6492591,6603169,6574110,6505373,6546050,6502082,6521705,6404026
1103,0,0,-1,6725966,6700915,6580145,6625635,6555522,6607764,6604122,6580393,6661018,6553221,6651761,6591410,6504963,6616907,6588065,6518538,6559487,6514596,6535315,6416832
1104,31,0,-1,6713945,6688444,6568460,6613418,6543692,6595309,6591293,6567812,6647860,6540090,6638566,6578870,6492008,6603851,6574009,6504438,6546998,6501613,6523065,6404524
1105,0,0,-1,6725695,6699145,6579295,6624578,6554726,6606793,6602215,6579640,6659656,6551516,6650450,6590384,6504133,6615791,6586301,6516903,6558887,6514075,6534947,6416432
1106,31,0,-1,6714703,6687538,6568061,6613212,6543091,6595111,6591088,6567849,6647872,6539430,6638319,6578601,6492353,6604859,6574831,6505096,6546309,6501736,6522922,6404331
1107,0,0,-1,6726833,6700018,6580525,6625071,6555208,6607292,6603572,6580166,6660491,6551897,6651265,6591152,6505451,6617184,6587097,6518316,6559115,6514288,6535872,6416667
1108,31,0,-1,6713354,6687587,6568054,6611893,6542808,6594370,6590986,6568226,6647832,6539042,6637991,6578374,6492290,6604033,6574496,6505103,6546640,6501130,6522744,6404088
1109,0,0,-1,6725845,6699757,6580338,6624890,6554637,6606813,6603077,6580352,6660146,6551562,6649866,6590829,6504616,6617046,6587385,6517927,6559918,6513440,6535101,6416450
1110,31,0,-1,6714108,6687508,6568587,6612518,6543290,6594297,6590712,6568025,6647376,6539898,6637105,6577985,6492048,6603859,6575560,6504669,6546840,6500360,6522614,6404269
1111,0,0,-1,6727054,6699923,6580246,6624835,6556258,6607506,6603035,6580444,6660707,6552797,6650720,6591309,6505053,6617750,6588524,6518265,6559363,6513909,6536192,6416939
1112,31,0,-1,6714754,6687344,6568139,6612724,6543181,6594623,6590606,6568238,6648443,6539807,6637680,6578556,6492366,6605083,6575045,6505180,6546726,6501690,6523043,6404013
1113,0,0,-1,6727547,6700032,6581027,6624769,6555331,6607311,6603448,6580717,6661282,6552819,6650545,6591188,6504962,6617606,6587959,6518502,6560005,6515036,6535949,6416976
1114,31,0,-1,6713849,6688148,6568404,6611279,6542192,6594208,6590044,6567340,6648287,6538884,6636884,6577977,6492308,6603459,6574754,6504482,6546198,6500870,6521959,6404042
1115,0,0,-1,6726533,6700722,6580258,6623751,6554893,6606871,6602307,6580612,6660745,6552060,6650024,6590325,6505043,6615253,6587793,6517481,6559697,6514219,6535082,6416805
1116,31,0,-1,6714454,6688742,6568245,6612004,6542608,6594543,6590646,6567675,6647704,6539070,6637555,6578344,6492190,6603250,6574941,6504231,6546594,6501609,6522276,6403858
1117,0,0,-1,6726543,6701452,6580580,6624657,6555438,6606849,6602957,6580592,6660502,6551768,6650888,6591391,6504962,6616638,6587630,6517078,6560011,6514499,6535273,6416084
1118,31,0,-1,6714202,6688456,6567879,6611985,6542754,6593921,6590207,6567552,6647581,6539070,6638153,6578549,6491935,6604836,6574870,6504057,6546628,6501761,6522725,6403932
1119,0,0,-1,6726681,6700774,6579724,6623759,6555193,6606726,6602356,6579835,6660807,6551952,6650510,6590651,6504674,6617332,6588095,6516959,6559055,6514837,6535663,6416740
1120,31,0,-1,6714265,6688122,6567775,6612253,6543558,6594478,6590712,6567776,6648458,6539788,6638255,6578703,6493412,6604532,6575433,6504857,6545634,6502437,6523385,6404811
1121,0,0,-1,6726432,6700279,6579386,6624068,6554406,6606163,6602222,6580165,6659849,6551692,6650056,6590563,6505292,6616276,6587589,6517746,6558424,6514525,6535121,6415762
1122,31,0,-1,6715026,6689364,6568224,6612482,6543011,6595030,6591227,6568549,6648249,6539716,6638255,6578626,6493644,6604986,6575439,6505445,6547382,6502553,6523660,6403593
1123,0,0,-1,6726813,6701526,6581099,6625307,6555064,6607373,6603361,6581100,6661611,6552652,6651430,6591950,6505900,6617430,6588224,6518475,6560165,6515485,6536907,6416844
1124,31,0,-1,6715152,6688751,6568574,6612064,6542403,6594460,6590622,6568308,6648589,6539726,6638524,6578419,6492430,6604002,6575214,6505155,6547054,6502096,6524013,6403600
1125,0,0,-1,6727431,6701022,6580854,6625075,6554367,6606685,6603137,6581116,6660906,6552773,6650759,6591632,6504304,6616733,6588788,6518382,6559933,6514798,6536691,6416197
1126,31,0,-1,6714664,6687772,6567870,6612088,6542692,6594794,6590361,6568378,6647666,6539549,6638329,6578799,6492118,6604739,6575336,6505519,6546860,6501776,6523438,6403471
1127,0,0,-1,6727331,6701704,6580797,6625295,6555300,6608298,6603125,6581331,6660376,6553185,6651849,6592290,6505275,6617136,6588473,6518691,6560211,6514801,6536339,6416783
1128,31,0,-1,6715245,6689956,6568367,6611954,6542596,6595704,6590502,6569657,6647400,6540386,6638379,6579259,6492469,6605579,6575215,6505254,6546607,6502053,6523052,6404926
1129,0,0,-1,6726365,6701242,6580042,6624119,6554754,6606957,6603779,6581545,6659600,6552817,6650883,6591546,6504975,6617489,6588101,6517564,6560314,6514716,6535586,6417543
1130,31,0,-1,6714464,6688487,6567701,6611599,6542361,6594269,6590327,6568061,6646721,6539268,6637607,6577938,6492516,6604059,6574775,6504595,6546601,6501050,6522988,6404180
1131,0,0,-1,6727279,6700787,6580449,6623616,6553817,6607032,6602679,6580889,6659920,6552198,6650627,6591080,6504563,6616969,6588007,6517408,6560006,6514389,6536056,6416153
1132,31,0,-1,6714578,6688951,6568443,6611421,6542033,6594570,6590480,6568322,6647693,6540131,6638483,6578596,6492943,6604757,6575430,6504644,6547344,6501867,6523039,6403446
1133,0,0,-1,6727511,6701963,6581005,6625108,6554785,6608092,6604073,6581086,6661007,6553268,6651130,6591740,6505994,6618197,6588462,6518803,6560299,6515074,6536914,6416836
1134,31,0,-1,6715049,6689537,6568814,6613107,6543356,6595034,6590921,6567952,6648318,6539964,6637365,6578615,6493608,6605326,6575341,6505139,6546801,6501617,6523702,6404062
1135,0,0,-1,6727499,6701588,6581626,6625555,6554870,6607835,6602888,6580917,6661172,6553294,6650260,6591708,6505918,6616909,6587925,6518018,6560418,6514556,6536201,6417663
1136,31,0,-1,6714837,6688833,6569644,6612640,6542578,6594914,6590469,6568119,6648268,6539839,6637452,6578696,6493308,6604622,6574502,6505311,6546612,6501913,6523517,6404085
1137,0,0,-1,6727507,6700927,6580616,6624179,6554506,6607045,6602649,6580510,6660707,6551301,6650148,6591006,6505034,6616016,6587251,6517968,6559750,6514043,6535658,6416382
1138,31,0,-1,6715181,6689392,6569085,6611970,6542749,6594773,6590954,6568253,6647908,6539429,6637767,6579199,6493128,6604068,6575502,6505532,6546986,6501260,6522555,6404511
1139,0,0,-1,6726630,6700371,6580270,6624173,6554960,6606746,6602152,6580174,6659884,6551956,6650550,6590773,6505189,6616131,6586691,6518062,6559724,6514473,6534902,6416605
1140,31,0,-1,6714787,6689396,6569003,6612981,6543683,6594823,6591041,6568239,6647705,6539811,6638573,6579455,6493575,6605103,6574343,6506361,6547838,6502532,6523248,6405019
1141,0,0,-1,6726686,6700373,6580518,6624830,6554894,6607333,6603550,6580861,6660277,6551990,6650449,6591322,6504829,6617050,6586224,6518333,6559933,6514520,6535029,6416789
1142,31,0,-1,6714041,6688128,6568090,6612710,6543074,6594927,6590654,6568237,6647361,6539111,6636609,6578233,6492124,6603823,6573420,6504556,6546601,6502128,6522216,6403963
1143,0,0,-1,6726957,6700616,6579967,6625256,6555197,6607449,6603403,6581120,6660645,6553052,6650339,6591949,6505007,6617321,6587664,6518411,6560062,6515252,6536014,6416474
1144,31,0,-1,6714619,6687642,6567807,6612683,6541844,6594825,6590367,6567932,6647847,6540381,6637710,6579214,6492423,6604854,6574595,6504945,6547143,6501325,6523131,6403110
1145,0,0,-1,6726603,6699988,6579630,6624705,6553794,6607099,6602928,6579813,6660344,6552717,6650761,6591392,6504997,6617113,6587311,6517540,6559912,6514017,6535864,6416938
1146,31,0,-1,6714361,6688042,6567805,6612392,6542267,6595687,6590554,6567519,6648153,6540216,6637948,6579234,6492442,6603611,6574595,6505693,6546889,6501651,6523186,6404376
1147,0,0,-1,6726487,6700080,6579432,6624782,6553861,6607403,6602354,6579872,6660037,6552234,6650181,6591262,6504277,6616524,6586663,6518141,6560202,6514196,6535973,6416505
1148,31,0,-1,6714521,6688353,6568162,6612400,6542220,6595327,6590500,6568077,6648045,6540337,6637836,6578517,6491591,6604526,6574064,6505556,6547519,6501842,6523576,6403954
1149,0,0,-1,6726569,6700208,6579432,6624568,6554268,6607893,6602841,6580108,6660125,6552344,6650471,6590614,6503352,6616435,6586448,6517848,6559502,6514064,6535920,6415347
1150,31,0,-1,6713751,6687810,6567207,6612208,6542291,6595194,6590358,6567829,6647924,6539855,6636927,6578002,6491396,6602940,6573677,6504452,6546395,6501088,6522653,6403125
1151,0,0,-1,6725861,6701090,6579240,6624213,6554291,6607767,6602356,6579189,6660019,6552038,6650057,6590267,6503825,6615911,6586647,6517656,6559728,6514352,6535235,6415459
1152,31,0,-1,6714412,6689685,6567675,6612424,6543443,6595967,6590261,6567757,6647892,6539826,6638931,6578466,6492681,6604698,6575144,6505539,6547935,6502519,6523192,6404466
1153,0,0,-1,6725606,6701253,6578843,6623115,6553936,6606516,6601441,6579452,6659724,6550667,6650722,6589651,6503412,6616324,6586180,6517025,6559412,6514405,6535121,6416408
1154,31,0,-1,6714121,6689702,6567647,6611841,6542620,6595094,6590438,6567996,6648559,6538919,6639337,6578500,6492424,6604797,6575107,6504762,6546871,6502632,6522559,6404985
1155,0,0,-1,6726118,6700850,6579197,6623720,6554001,6606847,6601546,6579608,6659684,6551013,6651524,6590370,6503894,6615207,6586470,6517175,6558765,6514445,6534144,6415796
1156,31,0,-1,6713631,6689118,6567817,6612108,6542255,6594795,6589810,6567676,6646871,6538459,6638242,6577840,6491067,6602764,6574424,6504034,6545525,6501869,6522062,6403693
1157,0,0,-1,6726359,6700523,6580390,6624393,6555008,6607023,6602444,6579988,6659847,6551620,6651131,6590767,6503729,6615190,6587443,6516994,6558716,6514698,6534489,6416594
1158,31,0,-1,6714336,6687921,6567795,6611874,6542914,6595189,6589788,6567350,6647052,6539095,6638245,6577760,6491251,6604212,6573709,6503923,6546038,6501284,6521219,6403213
1159,0,0,-1,6725852,6699854,6580237,6623413,6554635,6607166,6602063,6579442,6659444,6551539,6650646,6590346,6503699,6615958,6586226,6516577,6559416,6514255,6534062,6415007
1160,31,0,-1,6714494,6688533,6568569,6611925,6543531,6596275,6590569,6568245,6647660,6539532,6639441,6578900,6492376,6604720,6575049,6505297,6547222,6502489,6521980,6403419
1161,0,0,-1,6726596,6700692,6580447,6623529,6555398,6608049,6603236,6579655,6660046,6552356,6651510,6590953,6504512,6616708,6587219,6517799,6559443,6514891,6535623,6415868
1162,31,0,-1,6714260,6688366,6568402,6611663,6543355,6596127,6591333,6568153,6647872,6539915,6638210,6578688,6492216,6604102,6574623,6504759,6546063,6502271,6522559,6403709
1163,0,0,-1,6727814,6701221,6580882,6624972,6556157,6608750,6604578,6581034,6661139,6552358,6652498,6591834,6505236,6617560,6588320,6518553,6559859,6515474,6535868,6417376
1164,31,0,-1,6715661,6689273,6568889,6613041,6544361,6596747,6592380,6568879,6648691,6540584,6640006,6579244,6493304,6605936,6575616,6505547,6547422,6502968,6523752,6404106
1165,0,0,-1,6727301,6701400,6580745,6624755,6555572,6608539,6604354,6581010,6661094,6553250,6651588,6591126,6505299,6618571,6587608,6518081,6559960,6515368,6535799,6416155
1166,31,0,-1,6714620,6687732,6568659,6612032,6543057,6595347,6590496,6567263,6648241,6540350,6637939,6578264,6491977,6604649,6574236,6504895,6546550,6502213,6522768,6403454
1167,0,0,-1,6726131,6699490,6580651,6623811,6555296,6607316,6602571,6579501,6660725,6552610,6650290,6590452,6504556,6617239,6586654,6517412,6559089,6515358,6535503,6414894
1168,31,0,-1,6714670,6688361,6569085,6612121,6543854,6596379,6592289,6568350,6648937,6540515,6639754,6579189,6493079,6605507,6574841,6505484,6546772,6503429,6523676,6403857
1169,0,0,-1,6726556,6700460,6580691,6624104,6555733,6608313,6604454,6579628,6660536,6552735,6651925,6591347,6504837,6618379,6587639,6517981,6559830,6515723,6536308,6416837
1170,31,0,-1,6714332,6688079,6567579,6611801,6543866,6595455,6591145,6567339,6647353,6539877,6638123,6577847,6492162,6605480,6574686,6504763,6546352,6502247,6522834,6404059
1171,0,0,-1,6727836,6701489,6581312,6625712,6556792,6609160,6604628,6580921,6661072,6553271,6652017,6591429,6506037,6618231,6588377,6518536,6560504,6516069,6536258,6417100
1172,31,0,-1,6713620,6688194,6567615,6611250,6543846,6595295,6590299,6567313,6647343,6539727,6637836,6577434,6491965,6604192,6573765,6504587,6546477,6501902,6521823,6402857
1173,0,0,-1,6727233,6700099,6580272,6623411,6555965,6607560,6603171,6579843,6659887,6552038,6650516,6590015,6504000,6616771,6586079,6517566,6558975,6514691,6534008,6415890
1174,31,0,-1,6714814,6687696,6567826,6610687,6543270,6594835,6590111,6567092,6647637,6539293,6637097,6577209,6491323,6604301,6574408,6504307,6546284,6501947,6521345,6403388
1175,0,0,-1,6727436,6699870,6581059,6624234,6555913,6607894,6603541,6580505,6660499,6552152,6650391,6590571,6503745,6617431,6587682,6517887,6560032,6515093,6534364,6416070
1176,31,0,-1,6715688,6689631,6569888,6612742,6544341,6596164,6591649,6568264,6648352,6540501,6638705,6579361,6492023,6604414,6574898,6505491,6547574,6503649,6522245,6404154
1177,0,0,-1,6727245,6701258,6580625,6624084,6555652,6607727,6603479,6579269,6659929,6552035,6650664,6590472,6503973,6616455,6586731,6517566,6559977,6515219,6534347,6415927
1178,31,0,-1,6715184,6689317,6569293,6612140,6543246,6595856,6591910,6567868,6647649,6539807,6637851,6578136,6492115,6604355,6574659,6505590,6546768,6501931,6521785,6403173
1179,0,0,-1,6727008,6701820,6580449,6624128,6554886,6607513,6603604,6579579,6659713,6551626,6650181,6590202,6504020,6617026,6587830,6517816,6559505,6514641,6534911,6414795
1180,31,0,-1,6713602,6689306,6568303,6611526,6542890,6594901,6590969,6566993,6647342,6538958,6636865,6578005,6491604,6603996,6574272,6505029,6546517,6501037,6521183,6402310
1181,0,0,-1,6725831,6701647,6580574,6624034,6554791,6607993,6603819,6579713,6659813,6551709,6650083,6590475,6504366,6616569,6587188,6517492,6559332,6514384,6534050,6416291
1182,31,0,-1,6713282,6688120,6567483,6611109,6541888,6594859,6590548,6566078,6647046,6538102,6636402,6577214,6490896,6603355,6573410,6503782,6544650,6500657,6520221,6403722
1183,0,0,-1,6727008,6701563,6580411,6624523,6554782,6607872,6604175,6579248,6660606,6551413,6650415,6590735,6504692,6617016,6587555,6517899,6557911,6514522,6534466,6417202
1184,31,0,-1,6714222,6688750,6567946,6611839,6542439,6594656,6591508,6566412,6646963,6539074,6637161,6577993,6491886,6604475,6573929,6504463,6544914,6501738,6521140,6404309
1185,0,0,-1,6727061,6701077,6580568,6623985,6554819,6607172,6603389,6579720,6659714,6551550,6650679,6591099,6504162,6616699,6587129,6517618,6558501,6514427,6534021,6415924
1186,31,0,-1,6713479,6688348,6568170,6611226,6542368,6594314,6590739,6566747,6646943,6538225,6637354,6577830,6491493,6602979,6573519,6504154,6545053,6500936,6521000,6403098
1187,0,0,-1,6727118,6701837,6581574,6624907,6555533,6608196,6604445,6580262,6660850,6551888,6651527,6591014,6504679,6616456,6587847,6517538,6559228,6515068,6534619,6416126
1188,31,0,-1,6714655,6689038,6568841,6611902,6543125,6595312,6591059,6566998,6647730,6539149,6637888,6577910,6491577,6604012,6574704,6504595,6546363,6501531,6521631,6403826
1189,0,0,-1,6726391,6700361,6579908,6624165,6554809,6607345,6602586,6579304,6660187,6550053,6649898,6589595,6504033,6615713,6586807,6517153,6557972,6514176,6533801,6415211
1190,31,0,-1,6714778,6688116,6568007,6611326,6542879,6595877,6590679,6567384,6647757,6537891,6637702,6577325,6491874,6604411,6574371,6503851,6546218,6501565,6521111,6402510
1191,0,0,-1,6726627,6700244,6580416,6623442,6554896,6607740,6603263,6579509,6660188,6551148,6650554,6589971,6504013,6615627,6586773,6517010,6559039,6514136,6533803,6414819
1192,31,0,-1,6714630,6688473,6568824,6611910,6542710,6596028,6591107,6567090,6648263,6538429,6638103,6578059,6492069,6604240,6573283,6504264,6545587,6501418,6521927,6403537
1193,0,0,-1,6726669,6700557,6580248,6623729,6554825,6607645,6602952,6579109,6660603,6552303,6650753,6589751,6504301,6616471,6586269,6516868,6559285,6514138,6534012,6416172
1194,31,0,-1,6715695,6688830,6569013,6612483,6543735,6596298,6591565,6567493,6648849,6540401,6638128,6578395,6492682,6604665,6575070,6504831,6546493,6501684,6522691,6404391
1195,0,0,-1,6726756,6700723,6580839,6624030,6556114,6608307,6603306,6580336,6661336,6553037,6650673,6590217,6504312,6617150,6587925,6517566,6559427,6514454,6535248,6416755
1196,31,0,-1,6714829,6688741,6568237,6612254,6543796,6596098,6591316,6568491,6648992,6540576,6638162,6578243,6492457,6605932,6575590,6505223,6546935,6502428,6522680,6404522
1197,0,0,-1,6726709,6701398,6580982,6624454,6555656,6608572,6603720,6580585,6661077,6553046,6651105,6590912,6504651,6617362,6588080,6517621,6559818,6514694,6535844,6416943
1198,31,0,-1,6713151,6689378,6568240,6611786,6542648,6595531,6591316,6568019,6648269,6540329,6638154,6577381,6491812,6604899,6575195,6504200,6546380,6501992,6522745,6404216
1199,0,0,-1,6725935,6701867,6580557,6624246,6554908,6608172,6603743,6580437,6660710,6552879,6650657,6590015,6504236,6616900,6587468,6517752,6559753,6514119,6536280,6416338
1200,31,0,-1,6713869,6689349,6568293,6611684,6543081,6595944,6591680,6568026,6648082,6540461,6638063,6577663,6492259,6603760,6574638,6505118,6546911,6501790,6523119,6404056
1201,0,0,-1,6726982,6701297,6580402,6623811,6555183,6608785,6604241,6581009,6660395,6552463,6651162,6590462,6504695,6617455,6587451,6518509,6560089,6515583,6535757,6416666
1202,31,0,-1,6715276,6689154,6568974,6612255,6543206,6596406,6592780,6568427,6648245,6540229,6638636,6577986,6492809,6605129,6575054,6505362,6547185,6502564,6523016,6404329
1203,0,0,-1,6726544,6700843,6580675,6624058,6554990,6608049,6603614,6579986,6660588,6552372,6651383,6590312,6505158,6617394,6587669,6518299,6559153,6514938,6535540,6416170
1204,31,0,-1,6714641,6688706,6568921,6612359,6543025,6596274,6592623,6568101,6648350,6540083,6638431,6577870,6492388,6605555,6575601,6505670,6546476,6501891,6522428,6403999
1205,0,0,-1,6726219,6700605,6580568,6624337,6554691,6607844,6603945,6579786,6660989,6551522,6651008,6590271,6504270,6617433,6587471,6517426,6558278,6513904,6534880,6415512
1206,31,0,-1,6715691,6688585,6568625,6612479,6543052,6595850,6592007,6567971,6649039,6539439,6639142,6578078,6492685,6605887,6575351,6504926,6545824,6501641,6522703,6403661
1207,0,0,-1,6727355,6700851,6581082,6624097,6555035,6608647,6603913,6580231,6661272,6552088,6652408,6590431,6505010,6618996,6587698,6518247,6559772,6514730,6536215,6416962
1208,31,0,-1,6715166,6688175,6568256,6611457,6542598,6595486,6591910,6567652,6647746,6539473,6638801,6577408,6492483,6605061,6574707,6504479,6546471,6501797,6522901,6403567
1209,0,0,-1,6727106,6701337,6580679,6623729,6555219,6607796,6604713,6580096,6660254,6552273,6651087,6589904,6505083,6617574,6587738,6517740,6558890,6514140,6535607,6416404
1210,31,0,-1,6715416,6688797,6568880,6611709,6543539,6595553,6592737,6568167,6648383,6539620,6638806,6577726,6492923,6605340,6575267,6505096,6547192,6501721,6523029,6403703
1211,0,0,-1,6727072,6701360,6580272,6623558,6555648,6607719,6604721,6579675,6660292,6552099,6650741,6590010,6504291,6618523,6587640,6517575,6559306,6514003,6535877,6416323
1212,31,0,-1,6714971,6689266,6568837,6611971,6543401,6595143,6592378,6567414,6648401,6539814,6638474,6578145,6492227,6606545,6574748,6505107,6546077,6501700,6523255,6404169
1213,0,0,-1,6727050,6701523,6581116,6624488,6555531,6608643,6604486,6579964,6661383,6551907,6651597,6590568,6504284,6619130,6586584,6518367,6559065,6514887,6535888,6416479
1214,31,0,-1,6714762,6688623,6568399,6611796,6542599,6595423,6591906,6567444,6647894,6538997,6637798,6577249,6491767,6605099,6573169,6504856,6545688,6501647,6522278,6402966
1215,0,0,-1,6726847,6700821,6581226,6624033,6554978,6607295,6605085,6579944,6660297,6551619,6650538,6590084,6504488,6617144,6585973,6517791,6558805,6514436,6535220,6415266
1216,31,0,-1,6715118,6688300,6569289,6611299,6543283,6595730,6593175,6567382,6647912,6539333,6638075,6577794,6492424,6605414,6573490,6505628,6546696,6501709,6522276,6402431
1217,0,0,-1,6727439,6700472,6580814,6624206,6555183,6608091,6604069,6579490,6660238,6551573,6650669,6590131,6504228,6617586,6586909,6518448,6558433,6514358,6534983,6415088
1218,31,0,-1,6715056,6688265,6568688,6611932,6543148,6595841,6591078,6566875,6648143,6538698,6637771,6577987,6491843,6604785,6574831,6505526,6546086,6501175,6522542,6403074
1219,0,0,-1,6727749,6700830,6581187,6624255,6555907,6608621,6603662,6579487,6661217,6551963,6651111,6590520,6505084,6617796,6587781,6518900,6559332,6514721,6535058,6415996
1220,31,0,-1,6715277,6688484,6569715,6611793,6543586,6596593,6591542,6567122,6648736,6539177,6638021,6577925,6492777,6605065,6575867,6505914,6545286,6502435,6522114,6404039
1221,0,0,-1,6727809,6699683,6581402,6624723,6555650,6608145,6604219,6579552,6661254,6551444,6650256,6590701,6504639,6616702,6588287,6518727,6558318,6513995,6534934,6416060
1222,31,0,-1,6715310,6687929,6569800,6613264,6542955,6596375,6591926,6567982,6648678,6539124,6638088,6577928,6492773,6604977,6576071,6505789,6546368,6502011,6522541,6403950
1223,0,0,-1,6728138,6700567,6581409,6624471,6555083,6609027,6603707,6580328,6661193,6550923,6650384,6590450,6504663,6617202,6588617,6518038,6559622,6514612,6534503,6416024
1224,31,0,-1,6714581,6687492,6569206,6611624,6542265,6595671,6591123,6567674,6648226,6537559,6637019,6577595,6491865,6604652,6574348,6504700,6545666,6500967,6521356,6403622
1225,0,0,-1,6725695,6699765,6580803,6623571,6554465,6607838,6603129,6579511,6660624,6550548,6650404,6589987,6504117,6616563,6587349,6517676,6558545,6513912,6534224,6415848
1226,31,0,-1,6714601,6688713,6569238,6612040,6543519,6596706,6591932,6567914,6648536,6538749,6637998,6578369,6491887,6605020,6574902,6505457,6546290,6501556,6522326,6403848
1227,0,0,-1,6726650,6700357,6580848,6623778,6554754,6607889,6603094,6579612,6660907,6550348,6650515,6590532,6503991,6616909,6586914,6518008,6558326,6513732,6534541,6415486
1228,31,0,-1,6714563,6688726,6569832,6612440,6543378,6596313,6591550,6567990,6648729,6538942,6639066,6578285,6492813,6604974,6574699,6506002,6544687,6501657,6522186,6403691
1229,0,0,-1,6726349,6700877,6581772,6624844,6555732,6608252,6603779,6579990,6661019,6551197,6651582,6590862,6504772,6617752,6586890,6518984,6557359,6513754,6534412,6416758
1230,31,0,-1,6715210,6688970,6569917,6612685,6544013,6596339,6592207,6567989,6649061,6538731,6639242,6579061,6492949,6605349,6575909,6506289,6545170,6501391,6522198,6404736
1231,0,0,-1,6726931,6700318,6581556,6624739,6556218,6608073,6603663,6579799,6660803,6550702,6651364,6591477,6505010,6617075,6587447,6519006,6559364,6514817,6535000,6417508
1232,31,0,-1,6713804,6687890,6568992,6611915,6543382,6594914,6590356,6566703,6648264,6537786,6637801,6578453,6491531,6604038,6573829,6505073,6546254,6501404,6521746,6404367
1233,0,0,-1,6727351,6701400,6582396,6625281,6556527,6608556,6604411,6580810,6662636,6552344,6651926,6592184,6505682,6617896,6588412,6518907,6559937,6515458,6535415,6417687
1234,31,0,-1,6713909,6688511,6569368,6612130,6543062,6595694,6591431,6567201,6649190,6538953,6638477,6578766,6492746,6604789,6575023,6505382,6546313,6501469,6522046,6404392
1235,0,0,-1,6727457,6700769,6582515,6624195,6555612,6608269,6603653,6580698,6661820,6552485,6651627,6591937,6505635,6618148,6588262,6518927,6559714,6515032,6535142,6417066
1236,31,0,-1,6715116,6687891,6570275,6611518,6543426,6595736,6590744,6568153,6649201,6539701,6639566,6579171,6493515,6604525,6575850,6505672,6546149,6502241,6521894,6404738
1237,0,0,-1,6727053,6699640,6580733,6624108,6555457,6607185,6603190,6579730,6661644,6552009,6651584,6590823,6505350,6616429,6587101,6517847,6558169,6514409,6534566,6416507
1238,31,0,-1,6715049,6687851,6568683,6612032,6543230,6594602,6591230,6567519,6648439,6539639,6638144,6577734,6492718,6603271,6574833,6504539,6545056,6501867,6521454,6403837
1239,0,0,-1,6727885,6700052,6581592,6624901,6555958,6607574,6603788,6579680,6661131,6552452,6651700,6590738,6505280,6615715,6588236,6517957,6558842,6514802,6534961,6416795
1240,31,0,-1,6715704,6688961,6569784,6612792,6544041,6595496,6591254,6568018,6649055,6540146,6638404,6578278,6493266,6603239,6575133,6505031,6545851,6501949,6522757,6403740
1241,0,0,-1,6727573,6701114,6582183,6624379,6557133,6607530,6603733,6579672,6661749,6551903,6651050,6590879,6505381,6615752,6587201,6518016,6559580,6514608,6534756,6416115
1242,31,0,-1,6715625,6688359,6570297,6611557,6545090,6595735,6591676,6568239,6650097,6540106,6638230,6578235,6492550,6603871,6575143,6505792,6547093,6501320,6522467,6404307
1243,0,0,-1,6727758,6699294,6581768,6624381,6556379,6607132,6604295,6580250,6662218,6551940,6651157,6590687,6504191,6616445,6587334,6517647,6559348,6514249,6534987,6416524
1244,31,0,-1,6715665,6687558,6569687,6612710,6544140,6595389,6591782,6567706,6649889,6538794,6637592,6577749,6491907,6603868,6574445,6504895,6546263,6502252,6522043,6403823
1245,0,0,-1,6728765,6700664,6582310,6625193,6557034,6607731,6604070,6580107,6661633,6551647,6650527,6590924,6504569,6616906,6587187,6518277,6559835,6515261,6535684,6416816
1246,31,0,-1,6715097,6688282,6569370,6611436,6544333,6594987,6591400,6567233,6648527,6538109,6637568,6577681,6491187,6603242,6574214,6505206,6545710,6501369,6522057,6402132
1247,0,0,-1,6727267,6699513,6581429,6623416,6556510,6607368,6603660,6579734,6661012,6551420,6650401,6589689,6503147,6615812,6587294,6517940,6558650,6514270,6535284,6414541
1248,31,0,-1,6715200,6687869,6569253,6611726,6543999,6595396,6591381,6567440,6648620,6539485,6637597,6577589,6491579,6604006,6575726,6504889,6545608,6501270,6522527,6403022
1249,0,0,-1,6726549,6699867,6580710,6623702,6555714,6607134,6603447,6579648,6660724,6550909,6649779,6589819,6503795,6616273,6586971,6517423,6558191,6514301,6534195,6415575
1250,31,0,-1,6714631,6687433,6568602,6611359,6543562,6595455,6591857,6567161,6647876,6538913,6637561,6577784,6491241,6603102,6574653,6504512,6545468,6501940,6521392,6403741
1251,0,0,-1,6727781,6700277,6581628,6624405,6556022,6608350,6604661,6580110,6661140,6552184,6650952,6590551,6504467,6615527,6587746,6517886,6559651,6514893,6534769,6416427
1252,31,0,-1,6714868,6687239,6568880,6612174,6543292,6595743,6591278,6567174,6648714,6539467,6637725,6578216,6491778,6603082,6574968,6504964,6546497,6502193,6521538,6403524
1253,0,0,-1,6726381,6698881,6580481,6624423,6555322,6607164,6603539,6578701,6660303,6551601,6649806,6590069,6503449,6615347,6586614,6517086,6558476,6514247,6533797,6415490
1254,31,0,-1,6714831,6687646,6569437,6612099,6543997,6595462,6591210,6566687,6648461,6539199,6637890,6578789,6492298,6603565,6574864,6504283,6545756,6502238,6521385,6403498
1255,0,0,-1,6728650,6700440,6581709,6625060,6556262,6608649,6604474,6580270,6662053,6552841,6651903,6591843,6505512,6617504,6588715,6518894,6559962,6515248,6534029,6416885
1256,31,0,-1,6715075,6688173,6569214,6611783,6543595,6595333,6591737,6567707,6649018,6539767,6638214,6578497,6492603,6603996,6574950,6504898,6546644,6501846,6520259,6404280
1257,0,0,-1,6727615,6701129,6581368,6624914,6555785,6607533,6604189,6580092,6661598,6552327,6650774,6590870,6504652,6617125,6587266,6518015,6559595,6514148,6533618,6416996
1258,31,0,-1,6715350,6689025,6569894,6612592,6543360,6595292,6591773,6567811,6649253,6539726,6637655,6578570,6492670,6604421,6574519,6505166,6546277,6501726,6522185,6404666
1259,0,0,-1,6727461,6701274,6581145,6624705,6555573,6607600,6603327,6579765,6661773,6551931,6650270,6590893,6505010,6616575,6587970,6517415,6559034,6514520,6534418,6416412
1260,31,0,-1,6715364,6688800,6569153,6612552,6543617,6596162,6591711,6567624,6649438,6539691,6637553,6578512,6492985,6603921,6575296,6504480,6547071,6501775,6521754,6403635
1261,0,0,-1,6727208,6700896,6581391,6624268,6555555,6608344,6603668,6579911,6662031,6552062,6650654,6590758,6504640,6615983,6587746,6517524,6559789,6514463,6534486,6416682
1262,31,0,-1,6715720,6688698,6569026,6612070,6543875,6596754,6591403,6568199,6649563,6539849,6638137,6578834,6493076,6603289,6575739,6505917,6546780,6502523,6523160,6404137
1263,0,0,-1,6726453,6700207,6580339,6624029,6555181,6607917,6603165,6579903,6661462,6551666,6650599,6589734,6504221,6614947,6586705,6517570,6558735,6514111,6535004,6415786
1264,31,0,-1,6713931,6688886,6568869,6611206,6542770,6595461,6591176,6567440,6649160,6538720,6637779,6577613,6492397,6602819,6574780,6504941,6546293,6501075,6521964,6402911
1265,0,0,-1,6726928,6701680,6581118,6624092,6555889,6608241,6604397,6580551,6662108,6551662,6651314,6590848,6504678,6615750,6587661,6518429,6559360,6514498,6535177,6416517
1266,31,0,-1,6715573,6690305,6570075,6612400,6543974,6597052,6592447,6568356,6650210,6540476,6639414,6579123,6493201,6604195,6575826,6506554,6547573,6502286,6523433,6404993
1267,0,0,-1,6727879,6701812,6581705,6624355,6555849,6609161,6604457,6580772,6662208,6552503,6652082,6591704,6505887,6617284,6587728,6518978,6560514,6515043,6535229,6417012
1268,31,0,-1,6715118,6688558,6569816,6612383,6543854,6596104,6591700,6567793,6648881,6539055,6638859,6578604,6492425,6604115,6574944,6505613,6547396,6501742,6522033,6403601
1269,0,0,-1,6727068,6700167,6581231,6622891,6555423,6607844,6603398,6579690,6660774,6551603,6651419,6590808,6504852,6615927,6587150,6518260,6559559,6514070,6534543,6416290
1270,31,0,-1,6714214,6688211,6568921,6611325,6542896,6595689,6591731,6567640,6648386,6538859,6638723,6578144,6492946,6603294,6575189,6505345,6545898,6501849,6521484,6403905
1271,0,0,-1,6726991,6700118,6581154,6623737,6555093,6608211,6603806,6579681,6660581,6551430,6651415,6590190,6504528,6615354,6587640,6517748,6558802,6513952,6534380,6416435
1272,31,0,-1,6714660,6688467,6568758,6611096,6543492,6596126,6591712,6567347,6648291,6538553,6638294,6578067,6492397,6602717,6573907,6504975,6546444,6501692,6521993,6403738
1273,0,0,-1,6728001,6701532,6581194,6624245,6555772,6609456,6604363,6580417,6661880,6552569,6651668,6591327,6505373,6617004,6587248,6518828,6560404,6515634,6536136,6418037
1274,31,0,-1,6715450,6689328,6569513,6611990,6543216,6596660,6592039,6567372,6648700,6539211,6637951,6578203,6493035,6603941,6575409,6505581,6547448,6502275,6523249,6405306
1275,0,0,-1,6727599,6700234,6581980,6623971,6555374,6608471,6603785,6579962,6660774,6551452,6651002,6590786,6505160,6615649,6587312,6518584,6560243,6515126,6535154,6416911
1276,31,0,-1,6715596,6688779,6570324,6612600,6544931,6596373,6592245,6568448,6648758,6539533,6638565,6578538,6493248,6604089,6575541,6506755,6547230,6503114,6522940,6404385
1277,0,0,-1,6727026,6700402,6582134,6624929,6555855,6608035,6603220,6580146,6660704,6551787,6651413,6591342,6504679,6616503,6587539,6518723,6559519,6515259,6535743,6416748
1278,31,0,-1,6715171,6687634,6569400,6611784,6543624,6595328,6590679,6567447,6647668,6538972,6638113,6578077,6492129,6604326,6574374,6505292,6546319,6502051,6522716,6403584
1279,0,0,-1,6727449,6699745,6581973,6624859,6556282,6607816,6603204,6579802,6661052,6551753,6650989,6590581,6505311,6616842,6588303,6518688,6559449,6515199,6534698,6416049
1280,31,0,-1,6715061,6687780,6569772,6611928,6544252,6595907,6590842,6567454,6648348,6538822,6638815,6577831,6492707,6604316,6574753,6506141,6546596,6502279,6522189,6403467
1281,0,0,-1,6727118,6700246,6582116,6624901,6556614,6608271,6602649,6579811,6660656,6551679,6651100,6591006,6505241,6616741,6586793,6518582,6559630,6515052,6535239,6416282
1282,31,0,-1,6714649,6686710,6569683,6612715,6543952,6595611,6591191,6566632,6648078,6538363,6638470,6578373,6492331,6603821,6574609,6505341,6545962,6502068,6521546,6403445
1283,0,0,-1,6726923,6699901,6581720,6623776,6555942,6607674,6603375,6579362,6660570,6551049,6650329,6590809,6504520,6615826,6587369,6517786,6559118,6514229,6534431,6416223
1284,31,0,-1,6714691,6688283,6569990,6611207,6542922,6596118,6590758,6567398,6648110,6538083,6637881,6578683,6491993,6603413,6574661,6505526,6546332,6501389,6522129,6403972
1285,0,0,-1,6726447,6700485,6581015,6623168,6554753,6608354,6602671,6579877,6660097,6550496,6650228,6590602,6504806,6616444,6586845,6518499,6558699,6514397,6534858,6415929
1286,31,0,-1,6714625,6688479,6568864,6610844,6543547,6595401,6590716,6567597,6647697,6538967,6637699,6578367,6492606,6604174,6574892,6505978,6546159,6501775,6521841,6404082
1287,0,0,-1,6726539,6699047,6580591,6622583,6554819,6607384,6602799,6578983,6659568,6550803,6649979,6590235,6504690,6615482,6586993,6517501,6558932,6513937,6534049,6416470
1288,31,0,-1,6713478,6687062,6568387,6610603,6543433,6594816,6590133,6567224,6647174,6537853,6637552,6577713,6492170,6603172,6574701,6505183,6546511,6501769,6520807,6403704
1289,0,0,-1,6726227,6698964,6581335,6623276,6556098,6607261,6603151,6580024,6660082,6551211,6651207,6590422,6504972,6615245,6586693,6517822,6559577,6514463,6533658,6417119
1290,31,0,-1,6714562,6687479,6569853,6612074,6543814,6595215,6591672,6567429,6647767,6538813,6638825,6578322,6492766,6603438,6574942,6505490,6546984,6502232,6522052,6404674
1291,0,0,-1,6727027,6699447,6581176,6623507,6555553,6607551,6603556,6579576,6660073,6550804,6650548,6589873,6504189,6616398,6586671,6517683,6560424,6514480,6535249,6415667
1292,31,0,-1,6714574,6687073,6568828,6611254,6542613,6595315,6591333,6567523,6647136,6538633,6638306,6577941,6492558,6603883,6574475,6505255,6547537,6501388,6522535,6403073
1293,0,0,-1,6725982,6699685,6580599,6623412,6554998,6607855,6603045,6579198,6659965,6551040,6651573,6590685,6504837,6616067,6587866,6518210,6559934,6514111,6535017,6415698
1294,31,0,-1,6714189,6688239,6568847,6611684,6543308,6595913,6591815,6566976,6648237,6538936,6639916,6578704,6492813,6603369,6575373,6505995,6546605,6502402,6522495,6403739
1295,0,0,-1,6725950,6699863,6580415,6622919,6554945,6607384,6603519,6578495,6659908,6550762,6651111,6590415,6504020,6615489,6587259,6517994,6558667,6513992,6534336,6415400
1296,31,0,-1,6714372,6688809,6569229,6612013,6544093,6595953,6591162,6567120,6648176,6538943,6639470,6578279,6492893,6603881,6575121,6505740,6546840,6501763,6522310,6404129
1297,0,0,-1,6727514,6700893,6580801,6624305,6555973,6608213,6603045,6580412,6660953,6552146,6652101,6591221,6505350,6616592,6588129,6518790,6559480,6514438,6535279,6416909
1298,31,0,-1,6715216,6689197,6569432,6612616,6544536,6595933,6591196,6568010,6648340,6539741,6639571,6578728,6493013,6604805,6575568,6506665,6547172,6502206,6522635,6404582
1299,0,0,-1,6725504,6700319,6580022,6624138,6555470,6607453,6602730,6579343,6659745,6551678,6651444,6590058,6504004,6615797,6587167,6518148,6559601,6513268,6534268,6415464
1300,31,0,-1,6714404,6687830,6568054,6610906,6543243,6595326,6589938,6566301,6647059,6538146,6638260,6577409,6491853,6603240,6573993,6504843,6546657,6500963,6521574,6402151
1301,0,0,-1,6725960,6700820,6579970,6623431,6555326,6607274,6602672,6578869,6659173,6550194,6651356,6589985,6503774,6615747,6586332,6517380,6559796,6512997,6533861,6414909
1302,31,0,-1,6715144,6688882,6568804,6612414,6543779,6595638,6591486,6566867,6648127,6538764,6639015,6578828,6492260,6603553,6575018,6505449,6547547,6501690,6521817,6403158
1303,0,0,-1,6725426,6699276,6579507,6622876,6554400,6606461,6602553,6577945,6659304,6550273,6650540,6588896,6503461,6614591,6585782,6517558,6558932,6512759,6533394,6414252
1304,31,0,-1,6713118,6687469,6567732,6610712,6542526,6594046,6589652,6566021,6647088,6537749,6637595,6576643,6491215,6602277,6573234,6504658,6545321,6500786,6521111,6401897
1305,0,0,-1,6726403,6700042,6579557,6623486,6554922,6606502,6602420,6578728,6659591,6551179,6650616,6589072,6503903,6614594,6585608,6517539,6558871,6513389,6534084,6414886
1306,31,0,-1,6714773,6688918,6568845,6611997,6543230,6595831,6590570,6567088,6647882,6538779,6638726,6577929,6492568,6603832,6574694,6505663,6546581,6501499,6522202,6403189
1307,0,0,-1,6727048,6701507,6581289,6624644,6555418,6608630,6603260,6579732,6660898,6552416,6651561,6591378,6505134,6616104,6587883,6518916,6560644,6514616,6535912,6416026
1308,31,0,-1,6714786,6689100,6568592,6612073,6543610,6596400,6590869,6568008,6648038,6539108,6637822,6578609,6492428,6603832,6574567,6506177,6546951,6502527,6522702,6403469
1309,0,0,-1,6725841,6700116,6579344,6622762,6554747,6607817,6601615,6579486,6660103,6550941,6650068,6590270,6503961,6615423,6586919,6517936,6559141,6514570,6534960,6415430
1310,31,0,-1,6714840,6688252,6567904,6611372,6543117,6596226,6589782,6567387,6647777,6538900,6637429,6578370,6492412,6603533,6574471,6505694,6546638,6501891,6522952,6402979
1311,0,0,-1,6727248,6700488,6580240,6623940,6555822,6607901,6602890,6579921,6660471,6552139,6650978,6590786,6505115,6616666,6587724,6517721,6560018,6514983,6535898,6415233
1312,31,0,-1,6714481,6688068,6568009,6611332,6542941,6596013,6590115,6567397,6648083,6539709,6638229,6578248,6492109,6603949,6575595,6505278,6547342,6501987,6522418,6403052
1313,0,0,-1,6725989,6699505,6580103,6623396,6554928,6607509,6601818,6579631,6660482,6551076,6650390,6590307,6503768,6614942,6587730,6517361,6559500,6513491,6534560,6415099
1314,31,0,-1,6714451,6687507,6568409,6612156,6544137,6595643,6589973,6567950,6649161,6538754,6638044,6578663,6492112,6603832,6575391,6504701,6546654,6502022,6522595,6403534
1315,0,0,-1,6726559,6700098,6580704,6624261,6556193,6608583,6602977,6580761,6661618,6550860,6651080,6591107,6505171,6616762,6588323,6517523,6560519,6514648,6535361,6415663
1316,31,0,-1,6714718,6687537,6568731,6611525,6543027,6595887,6590128,6567474,6648353,6538378,6637562,6578136,6492227,6603558,6574741,6504368,6547215,6501546,6521804,6402926
1317,0,0,-1,6726524,6699103,6580327,6623161,6554714,6607776,6602902,6579428,6660930,6551182,6650049,6590805,6504163,6616793,6587139,6517779,6560222,6514104,6534365,6415250
1318,31,0,-1,6714579,6687042,6568306,6612124,6543281,6595527,6590739,6567960,6648503,6538901,6637764,6578568,6492429,6604671,6574667,6505764,6547620,6502047,6522202,6403656
1319,0,0,-1,6725442,6699224,6579801,6623004,6554790,6606682,6602923,6579516,6660214,6550155,6649342,6590112,6503147,6616139,6586247,6517842,6559485,6513650,6534431,6415167
1320,31,0,-1,6713869,6688481,6568285,6611278,6544246,6595712,6591261,6567838,6648775,6538884,6637533,6577926,6492169,6604384,6575268,6504987,6547473,6501866,6522911,6403909
1321,0,0,-1,6726823,6700588,6580714,6623724,6556964,6607838,6603379,6580385,6661345,6551429,6650181,6590177,6504018,6616699,6588032,6517984,6560959,6514857,6535952,6416055
1322,31,0,-1,6713812,6687727,6568464,6611063,6544059,6595114,6590019,6567892,6648165,6538497,6636563,6577806,6491774,6603802,6574552,6504319,6546878,6501546,6522209,6403570
1323,0,0,-1,6725950,6700346,6580899,6622364,6556565,6607710,6602080,6580069,6660517,6551742,6649787,6590125,6504076,6616517,6587500,6518010,6559874,6514094,6534940,6415832
1324,31,0,-1,6713688,6687309,6568304,6610103,6543865,6594828,6589357,6566978,6647541,6538599,6636351,6577094,6491136,6603465,6574245,6504374,6546080,6500765,6521462,6402372
1325,0,0,-1,6727900,6701039,6581894,6624020,6557452,6608361,6603566,6580791,6661432,6552317,6651128,6590991,6504886,6617229,6588112,6518193,6560631,6514675,6536447,6415482
1326,31,0,-1,6714454,6688009,6568174,6611467,6544899,6594796,6589678,6567541,6647961,6538440,6636911,6577071,6491608,6603597,6574099,6504818,6546076,6502001,6522078,6401993
1327,0,0,-1,6726885,6701372,6580818,6624764,6557413,6607903,6602596,6580824,6661300,6551608,6650864,6590413,6504393,6616164,6586918,6518017,6559917,6514652,6535667,6414931
1328,31,0,-1,6713846,6688354,6568940,6611579,6544229,6595380,6589836,6567920,6648368,6538850,6638276,6577149,6491156,6602850,6573152,6504804,6546258,6501411,6522688,6401971
1329,0,0,-1,6726625,6701113,6581619,6624628,6556498,6608548,6603512,6580273,6661585,6552410,6651314,6590414,6504397,6616334,6587564,6517862,6559732,6514744,6535623,6415902
1330,31,0,-1,6714796,6688725,6569477,6612184,6544284,6596248,6591064,6567604,6649251,6539780,6638259,6578401,6492105,6603894,6575250,6505351,6546986,6502187,6522708,6402797
1331,0,0,-1,6726605,6700869,6581935,6624576,6556076,6608370,6602985,6579652,6661890,6551630,6650553,6590417,6504398,6616482,6587484,6518213,6559407,6514859,6534947,6416022
1332,31,0,-1,6714577,6688914,6569663,6612277,6544076,6596084,6591015,6567618,6649404,6539385,6637845,6577956,6491781,6604324,6575010,6505363,6546700,6501732,6522152,6403353
1333,0,0,-1,6725794,6700692,6581451,6624848,6555638,6608343,6603100,6579769,6661480,6551841,6650585,6589967,6504320,6617069,6587263,6518245,6559642,6514780,6535281,6415593
1334,31,0,-1,6712992,6688223,6568930,6611658,6543255,6594972,6590631,6566382,6648536,6538993,6637282,6577465,6491359,6603872,6574443,6504909,6546502,6501734,6521841,6402988
1335,0,0,-1,6725138,6701572,6581458,6623747,6555847,6607112,6602745,6578647,6660754,6551282,6650365,6589750,6504491,6616524,6586758,6517825,6560079,6514952,6534940,6415538
1336,31,0,-1,6713344,6689760,6569987,6612436,6543685,6595907,6590888,6567578,6649254,6538800,6638258,6578109,6492724,6605235,6574961,6505362,6547736,6502262,6522656,6403328
1337,0,0,-1,6725828,6701777,6581489,6623778,6555366,6607757,6602747,6579242,6661247,6550964,6650639,6590233,6504399,6616892,6586667,6517577,6560547,6514973,6535011,6414800
1338,31,0,-1,6714318,6689276,6568870,6611878,6543540,6595669,6590820,6567393,6648671,6538295,6638024,6577559,6492201,6604982,6574636,6504865,6547741,6501978,6522713,6402850
1339,0,0,-1,6726035,6700905,6580770,6623062,6555610,6607673,6602682,6579551,6660557,6550956,6650435,6589657,6504074,6616928,6586991,6517375,6560478,6514386,6535030,6414649
1340,31,0,-1,6714851,6689332,6569577,6612246,6544333,6596423,6591190,6567867,6648884,6539795,6638443,6578233,6493133,6604794,6574866,6505174,6547835,6501804,6523567,6403149
1341,0,0,-1,6725636,6700526,6580340,6622904,6555005,6606553,6602117,6578872,6660408,6550743,6650503,6589793,6503819,6616322,6585925,6516656,6559584,6513978,6535146,6415009
1342,31,0,-1,6712597,6688461,6568235,6610384,6542681,6594600,6590478,6566241,6647469,6538166,6637646,6576899,6491481,6603653,6573676,6503158,6546115,6500950,6522640,6402375
1343,0,0,-1,6725721,6700861,6579679,6623652,6554778,6607404,6602833,6578796,6660007,6551244,6649765,6589500,6503723,6616416,6585973,6516573,6559346,6514279,6535262,6415760
1344,31,0,-1,6714736,6688437,6567747,6611972,6543440,6595314,6590915,6567119,6647905,6538681,6637729,6577509,6492214,6604894,6573668,6504409,6546763,6502103,6522923,6402848
1345,0,0,-1,6727731,6701199,6580070,6624451,6556156,6607827,6603291,6579552,6660661,6552135,6651027,6590302,6504987,6616817,6586632,6517498,6560323,6514858,6536092,6415617
1346,31,0,-1,6714087,6688238,6567568,6611715,6543692,6595004,6590571,6567615,6647979,6538360,6637452,6577157,6491962,6604368,6572963,6503953,6547296,6501694,6522973,6402585
1347,0,0,-1,6726762,6701491,6580883,6624252,6556104,6607881,6603972,6580281,6661801,6551962,6651091,6589658,6505236,6617158,6587002,6517302,6559934,6514926,6535590,6415466
1348,31,0,-1,6714478,6689011,6568159,6611433,6543199,6594460,6590385,6567519,6648218,6538524,6637985,6577485,6492522,6605633,6574060,6504582,6546905,6502654,6522134,6402554
1349,0,0,-1,6726592,6701709,6579808,6624048,6555921,6607466,6602384,6579685,6661100,6550653,6650797,6590265,6504440,6616997,6586410,6517263,6559724,6515021,6534636,6414727
1350,31,0,-1,6714949,6689787,6568751,6613020,6543807,6595981,6591093,6568010,6648136,6538909,6638109,6578021,6492477,6605042,6574141,6504674,6547662,6502215,6522230,6402665
1351,0,0,-1,6727459,6702176,6580125,6623838,6555436,6608250,6603279,6580129,6660729,6550805,6650873,6590365,6504875,6616957,6587056,6516962,6560595,6514389,6534973,6415676
1352,31,0,-1,6715301,6689394,6568248,6611762,6543511,6595851,6591053,6566878,6648006,6537376,6637554,6577401,6492172,6604227,6573159,6503587,6547104,6502007,6521883,6403388
1353,0,0,-1,6726888,6701800,6580310,6623840,6555080,6607886,6603355,6579810,6660968,6550135,6649983,6589380,6504613,6615926,6586150,6515955,6559639,6514690,6535134,6415878
1354,31,0,-1,6715005,6689869,6569274,6612354,6544346,6595595,6591814,6568394,6649258,6538088,6638318,6576930,6492675,6604421,6574613,6504659,6547875,6502345,6523096,6403977
1355,0,0,-1,6727565,6701601,6581539,6624424,6556295,6607774,6604330,6580464,6662113,6550345,6651356,6590003,6504973,6616629,6587287,6517677,6560658,6515190,6535477,6416515
1356,31,0,-1,6714408,6688754,6568549,6611010,6543090,6594982,6590839,6567418,6648531,6537093,6638091,6576532,6492215,6603077,6573686,6503467,6546880,6501926,6522214,6402762
1357,0,0,-1,6727114,6701938,6581036,6624165,6555089,6607378,6603806,6580023,6662000,6550232,6650804,6589586,6504729,6616395,6587050,6516990,6560599,6514788,6535274,6415467
1358,31,0,-1,6714344,6689860,6568923,6611866,6543511,6595254,6591249,6568389,6649740,6537800,6638091,6577472,6492475,6604246,6575255,6504541,6547530,6502292,6522240,6403711
1359,0,0,-1,6725753,6701835,6580643,6623325,6555060,6607311,6603162,6580049,6661358,6550077,6650294,6589296,6503559,6616660,6586807,6516777,6560180,6514594,6534966,6414895
1360,31,0,-1,6714140,6689395,6568467,6611277,6543402,6595352,6591748,6567348,6649500,6537842,6637889,6577198,6491959,6604351,6574379,6504536,6547187,6502586,6522016,6403184
1361,0,0,-1,6727075,6701270,6580486,6623834,6554919,6607493,6604227,6580341,6661665,6549626,6651016,6590186,6503828,6616940,6587343,6517378,6560057,6514516,6534486,6414963
1362,31,0,-1,6715374,6689628,6568300,6611917,6543544,6595407,6592356,6568123,6649813,6537967,6638345,6578064,6491817,6604891,6574461,6505320,6547076,6502096,6521652,6403671
1363,0,0,-1,6726707,6701463,6579608,6622239,6555459,6607306,6603896,6579722,6662026,6549865,6651023,6589782,6503665,6617056,6585932,6517448,6559898,6514908,6534515,6415309
1364,31,0,-1,6713951,6689195,6568274,6611010,6543283,6594899,6590885,6567037,6648549,6537632,6637522,6576838,6491215,6603945,6573523,6504216,6546409,6501664,6521758,6402321
1365,0,0,-1,6725532,6701195,6580220,6622780,6555461,6606865,6603110,6579431,6661284,6550044,6650212,6589353,6503565,6616450,6585868,6517062,6559501,6514577,6534544,6415371
1366,31,0,-1,6713599,6688654,6568269,6610424,6543461,6594759,6590706,6566903,6648973,6537639,6637473,6576499,6490960,6604468,6572953,6504319,6546626,6501558,6521782,6403018
1367,0,0,-1,6726287,6700773,6579955,6622089,6555592,6606932,6603064,6578892,6660767,6549610,6650657,6589175,6503167,6616034,6585752,6517440,6559361,6513291,6533488,6414505
1368,31,0,-1,6714474,6689026,6568142,6611043,6543958,6595219,6590885,6567316,6648267,6537427,6638246,6577324,6491507,6604069,6573847,6504811,6546912,6501321,6521448,6402975
1369,0,0,-1,6725810,6700550,6580124,6623387,6555315,6606619,6602843,6579722,6660356,6549934,6650611,6589878,6503876,6615730,6586297,6517136,6559368,6513879,6533578,6414784
1370,31,0,-1,6713653,6688020,6567967,6610701,6543026,6594257,6591036,6566959,6647954,6537727,6637284,6577232,6492282,6602848,6573977,6504367,6546282,6501001,6520678,6402826
1371,0,0,-1,6726213,6700698,6579983,6622157,6554806,6607027,6603145,6579633,6660570,6549569,6650318,6589785,6504354,6615559,6585992,6517139,6559398,6513588,6533448,6414788
1372,31,0,-1,6714671,6688663,6568529,6610785,6543818,6595319,6591737,6568063,6648709,6537097,6639328,6577930,6492241,6604458,6574514,6505088,6547386,6501831,6521447,6403345
1373,0,0,-1,6726093,6700213,6580906,6623662,6555111,6607776,6603629,6580046,6661535,6550677,6651220,6590342,6503916,6616781,6587339,6517987,6560364,6514592,6534257,6415479
1374,31,0,-1,6713650,6688569,6568736,6611112,6542506,6594908,6591011,6567225,6648492,6537032,6638254,6577008,6491683,6604087,6573641,6504182,6546863,6501428,6521475,6402212
1375,0,0,-1,6725268,6700668,6580595,6623090,6555223,6607257,6603134,6579198,6660573,6549919,6650608,6589058,6503942,6616395,6585864,6517026,6559734,6513529,6534322,6414456
1376,31,0,-1,6713536,6688126,6567377,6610331,6543205,6595126,6590284,6566701,6647572,6537238,6637344,6576488,6492169,6603620,6573628,6504266,6546462,6500551,6521383,6401683
1377,0,0,-1,6726486,6701273,6579835,6623431,6555341,6608167,6603477,6579573,6661040,6550447,6650959,6589547,6504744,6616227,6586320,6517222,6559675,6514299,6534516,6414604
1378,31,0,-1,6713235,6688111,6567837,6611105,6542648,6595044,6590817,6566788,6648593,6537119,6636865,6576675,6492004,6603804,6573305,6503954,6545817,6501010,6521593,6401870
1379,0,0,-1,6724734,6699430,6578794,6622204,6554357,6607103,6602046,6578388,6660192,6548591,6648917,6588308,6503729,6614661,6584714,6515917,6557928,6513074,6533380,6413505
1380,31,0,-1,6713632,6687150,6567305,6610345,6542624,6594597,6589789,6566311,6647561,6536826,6636211,6576009,6491484,6602855,6573424,6503530,6545825,6501030,6521022,6401551
1381,0,0,-1,6726147,6700294,6578640,6623403,6554756,6607154,6603022,6578986,6660073,6550381,6649174,6589168,6503414,6616116,6586382,6516484,6558758,6513917,6534421,6414974
1382,31,0,-1,6714636,6688797,6566852,6611489,6543038,6595647,6591320,6566661,6647818,6538403,6637508,6577079,6492001,6603823,6574271,6504323,6545927,6501934,6522673,6403797
1383,0,0,-1,6726360,6700772,6578716,6622631,6554441,6606898,6602183,6578200,6658986,6549692,6649041,6588257,6503545,6615795,6585493,6515955,6558501,6513934,6533782,6415720
1384,31,0,-1,6713235,6687396,6566699,6609784,6542350,6594266,6589938,6565819,6646882,6536095,6635741,6575480,6491179,6602555,6573365,6502655,6545109,6500918,6520533,6402672
1385,0,0,-1,6726062,6700316,6578577,6622977,6554921,6607193,6602684,6578779,6660778,6550074,6649310,6588880,6504106,6615633,6586072,6516345,6559086,6513600,6534180,6415546
1386,31,0,-1,6713761,6688689,6566255,6611474,6542614,6594579,6589951,6566406,6647506,6537526,6636228,6576103,6491719,6602909,6572822,6503559,6545666,6500947,6521103,6402658
1387,0,0,-1,6726807,6701449,6579715,6623664,6555281,6607052,6603527,6579341,6660528,6550357,6649619,6589456,6504395,6616023,6585568,6517537,6559344,6513429,6534101,6415784
1388,31,0,-1,6714886,6689286,6567939,6611017,6543177,6595071,6591315,6567272,6648141,6538349,6637015,6577268,6491918,6602601,6573794,6505027,6546253,6500858,6521630,6403821
1389,0,0,-1,6727041,6701111,6578833,6623638,6555454,6607398,6603492,6578655,6660486,6550372,6649282,6588975,6504393,6615735,6586818,6517468,6559471,6513241,6534193,6415475
1390,31,0,-1,6714600,6689043,6566989,6611874,6542719,6595044,6591190,6566838,6648086,6537666,6636543,6577056,6491401,6603755,6574126,6504883,6546830,6500832,6521786,6403418
1391,0,0,-1,6726884,6701807,6580028,6623911,6555435,6607597,6604084,6579784,6660749,6550473,6649370,6590166,6503842,6616807,6587100,6518160,6559233,6514145,6535247,6415945
1392,31,0,-1,6713812,6688687,6567414,6610569,6542448,6594656,6590857,6566595,6647563,6537482,6635834,6576664,6490783,6602590,6573850,6503900,6545529,6500594,6521156,6403381
1393,0,0,-1,6726159,6700411,6579219,6622752,6554408,6607208,6603065,6579273,6660116,6550982,6648796,6589608,6502888,6614136,6585723,6516635,6559069,6513099,6534053,6415342
1394,31,0,-1,6714979,6689538,6568060,6611563,6543268,6596253,6591736,6567219,6648711,6539468,6636961,6577527,6491698,6603395,6574115,6504806,6546496,6500887,6522396,6403439
1395,0,0,-1,6726673,6701808,6579566,6623283,6554598,6608351,6603616,6579707,6660768,6552282,6649488,6589643,6503742,6615963,6586239,6517097,6558487,6513245,6534437,6415456
1396,31,0,-1,6715313,6689659,6567388,6611271,6542630,6596420,6592254,6568093,6648055,6539869,6637089,6577711,6492607,6603636,6573988,6504423,6547143,6501727,6522265,6403451
1397,0,0,-1,6727065,6702117,6579426,6623715,6555007,6608259,6603981,6579837,6660306,6551262,6649873,6590171,6503536,6615602,6585998,6517179,6558991,6513508,6534934,6415562
1398,31,0,-1,6714568,6689549,6567902,6612018,6542691,6596033,6591789,6567034,6648295,6538842,6637125,6577785,6491826,6603509,6574253,6504427,6545567,6501411,6521692,6403446
1399,0,0,-1,6726843,6702077,6579701,6624677,6554433,6608386,6604666,6579649,6660820,6552060,6649592,6589691,6504439,6615507,6586911,6517041,6558879,6514312,6534629,6416348
1400,31,0,-1,6714946,6689615,6568567,6612621,6541998,6596016,6593079,6567895,6648563,6539525,6637160,6577098,6492235,6603361,6574647,6503916,6546671,6501591,6521983,6404440
1401,0,0,-1,6726711,6701059,6579974,6624855,6554271,6608010,6604727,6579769,6660566,6552063,6650015,6589770,6504647,6616263,6586545,6517180,6559331,6513791,6535113,6416468
1402,31,0,-1,6715348,6689640,6567996,6612451,6542343,6596414,6592434,6568469,6648601,6540614,6638541,6578048,6492718,6604824,6574413,6504774,6547805,6501899,6522881,6404920
1403,0,0,-1,6727046,6701565,6579569,6624283,6553787,6608315,6604367,6579624,6660673,6552084,6650036,6590218,6504324,6616152,6586400,6516680,6559876,6513533,6535019,6416108
1404,31,0,-1,6713475,6689058,6567240,6611722,6541111,6595492,6591470,6567158,6647607,6538788,6636288,6577239,6491125,6603939,6573654,6503820,6546011,6501101,6521648,6403248
1405,0,0,-1,6725993,6701616,6579260,6624592,6553725,6608025,6603685,6579214,6660639,6551032,6650173,6589746,6504334,6616435,6586882,6517092,6559275,6514006,6535029,6415800
1406,31,0,-1,6714241,6688962,6568020,6612173,6541687,6595904,6592132,6567129,6648288,6538718,6637958,6578050,6492175,6603446,6574832,6504498,6546049,6501663,6522671,6404175
1407,0,0,-1,6726620,6702129,6580042,6624270,6554154,6608319,6604395,6579830,6660704,6552469,6650665,6590823,6504243,6616645,6587426,6517077,6559428,6514160,6535402,6417276
1408,31,0,-1,6714146,6689175,6566365,6612160,6540820,6595110,6591516,6566949,6647341,6538657,6637436,6576873,6491590,6603782,6573501,6504154,6545861,6499993,6521608,6403754
1409,0,0,-1,6726952,6700920,6578712,6624886,6554363,6607564,6604100,6579253,6660291,6551361,6650666,6590078,6504807,6616428,6586378,6517224,6559761,6513960,6534791,6417004
1410,31,0,-1,6714963,6688931,6566429,6611451,6541868,6594484,6591455,6566815,6647455,6538742,6636872,6576941,6491544,6603189,6573510,6504017,6546395,6500847,6521208,6403857
1411,0,0,-1,6727458,6701725,6579078,6623746,6553863,6607011,6604211,6579992,6660334,6551299,6650502,6589468,6504280,6615837,6586636,6516761,6559353,6513943,6534682,6416156
1412,31,0,-1,6714288,6689147,6567253,6611288,6542505,6595050,6591945,6567607,6648134,6538088,6637822,6577368,6492423,6602900,6573723,6504323,6546044,6501489,6521819,6403950
1413,0,0,-1,6727898,6702263,6580334,6625413,6555117,6609320,6605523,6580940,6661715,6551643,6651959,6591107,6505119,6616889,6587997,6518154,6560289,6514919,6536037,6417403
1414,31,0,-1,6715670,6688813,6567096,6611894,6542161,6595498,6591861,6567567,6648285,6538371,6638029,6576755,6492057,6604212,6574562,6505172,6545683,6501347,6522280,6403574
1415,0,0,-1,6727706,6701556,6579635,6624268,6554944,6607808,6604392,6579751,6661182,6551385,6650892,6589970,6504799,6616624,6586568,6518413,6559040,6514848,6535533,6416308
1416,31,0,-1,6714572,6690178,6566642,6611566,6542543,6595520,6592047,6567708,6648724,6537895,6637622,6577262,6492316,6604095,6574596,6505128,6546447,6501598,6522486,6403965
1417,0,0,-1,6727069,6701810,6579530,6623427,6554359,6608361,6604538,6579610,6661534,6551097,6650962,6589932,6504867,6616475,6588032,6518239,6560364,6514284,6535337,6416647
1418,31,0,-1,6714379,6688668,6566965,6610949,6541733,6596184,6591727,6566910,6648860,6538727,6637916,6577438,6492033,6604460,6575192,6504699,6547007,6501590,6522036,6403414
1419,0,0,-1,6726134,6700455,6579056,6622874,6553729,6607067,6603336,6579206,6660845,6550791,6650475,6589649,6504370,6615486,6586451,6517001,6558949,6513540,6534345,6415653
1420,31,0,-1,6714618,6688043,6568045,6611205,6542822,6595559,6591269,6567501,6648355,6538839,6637425,6577545,6492255,6604009,6574424,6504872,6545784,6501755,6521592,6403419
1421,0,0,-1,6727851,6701823,6580462,6625779,6555300,6608828,6604861,6580607,6661730,6552128,6651951,6590734,6505558,6617740,6588003,6518393,6559968,6514820,6535711,6416570
1422,31,0,-1,6715239,6689258,6568031,6612922,6542128,6596175,6591745,6567894,6648921,6539100,6638482,6578119,6492489,6603577,6574605,6504845,6546484,6501437,6522770,6403289
1423,0,0,-1,6727803,6701122,6580108,6624254,6554555,6608684,6604562,6580154,6661413,6550917,6651272,6590085,6504753,6616735,6587656,6517956,6558879,6514430,6535947,6416245
1424,31,0,-1,6715145,6687770,6567839,6611386,6542315,6595846,6591753,6567427,6648314,6537895,6637739,6577043,6492014,6603498,6574752,6505062,6546167,6500925,6522069,6403748
1425,0,0,-1,6727133,6701408,6580294,6624646,6554979,6608038,6604498,6580262,6660903,6551022,6651969,6590138,6504999,6616023,6587847,6518563,6559611,6514499,6534853,6416746
1426,31,0,-1,6713712,6688629,6567476,6611129,6541863,6595181,6591507,6566937,6647969,6537650,6637642,6576707,6492350,6602893,6574356,6504748,6545981,6501227,6522108,6403729
1427,0,0,-1,6726703,6701162,6579089,6623042,6554510,6608056,6604080,6579207,6660363,6550095,6650429,6589523,6504440,6616258,6586610,6518274,6559196,6513611,6534631,6416305
1428,31,0,-1,6715432,6689390,6568408,6611452,6543086,6597014,6592925,6568783,6649253,6538884,6639103,6578666,6493681,6604340,6575943,6506239,6546945,6501721,6522535,6404939
1429,0,0,-1,6727345,6701584,6579863,6624220,6555099,6608189,6605463,6580251,6661071,6551607,6651209,6590804,6505042,6616311,6588526,6518373,6558923,6514630,6534915,6416600
1430,31,0,-1,6714448,6688050,6567332,6611812,6542115,6595235,6591630,6567265,6648165,6538428,6638511,6577114,6491707,6603422,6574325,6505111,6546022,6501023,6521237,6403976
1431,0,0,-1,6727220,6701025,6579695,6623892,6555369,6607578,6604942,6579134,6661247,6551956,6650825,6589468,6504564,6616093,6586702,6518621,6559019,6514152,6534199,6415781
1432,31,0,-1,6714738,6688813,6567555,6611879,6543063,6595038,6592327,6566357,6648236,6538639,6637797,6576655,6491614,6603421,6574510,6505390,6546254,6501426,6521663,6403513
1433,0,0,-1,6726456,6701022,6578883,6624128,6555388,6607512,6604361,6579253,6660137,6551139,6650308,6589178,6504320,6615596,6586664,6518341,6559132,6514117,6534344,6415450
1434,31,0,-1,6714407,6689437,6567428,6612422,6543133,6595940,6592201,6567459,6648150,6539312,6637501,6577170,6492546,6603105,6574957,6505378,6546373,6501890,6521962,6403404
1435,0,0,-1,6726385,6700448,6578811,6623654,6554653,6607049,6603723,6579537,6660522,6551586,6650293,6589391,6504823,6615509,6588024,6517806,6557698,6513684,6534073,6415206
1436,31,0,-1,6714237,6688418,6566902,6611048,6542669,6595073,6591590,6567608,6647738,6538830,6637593,6577080,6492199,6602466,6574947,6505077,6545093,6501276,6521221,6402739
1437,0,0,-1,6726749,6701010,6579201,6623955,6555142,6607391,6604997,6580608,6661008,6551604,6650517,6589919,6504639,6615479,6586912,6517770,6558099,6514571,6534379,6415983
1438,31,0,-1,6714988,6688930,6567437,6611522,6543099,6594868,6592454,6568385,6648336,6538977,6637586,6577017,6492309,6603208,6574159,6504897,6544906,6502058,6521732,6403787
1439,0,0,-1,6726466,6700761,6578458,6623269,6554917,6606468,6603872,6579780,6660657,6551144,6649825,6589268,6504561,6614915,6587126,6517581,6557525,6513894,6533372,6415753
1440,31,0,-1,6714686,6688836,6566615,6610863,6542768,6595540,6591310,6567500,6647980,6539039,6637040,6577291,6492862,6602524,6574891,6505286,6545498,6501621,6521360,6403094
1441,0,0,-1,6725915,6700941,6578778,6622989,6554129,6607001,6603430,6578995,6660127,6551271,6649834,6589039,6504576,6614770,6585883,6517716,6558466,6513658,6533489,6415224
1442,31,0,-1,6713990,6688508,6567279,6611703,6542478,6595089,6591752,6566629,6647926,6538861,6637949,6577031,6492453,6602737,6573128,6505402,6545444,6501496,6521469,6403479
1443,0,0,-1,6725789,6700354,6579119,6622355,6554689,6606531,6603263,6579061,6660593,6551311,6650259,6588924,6504750,6615611,6585990,6517976,6558043,6513662,6534119,6415505
1444,31,0,-1,6714227,6689072,6567922,6611124,6542956,6595279,6592410,6567157,6649095,6538952,6638276,6577254,6493579,6603985,6574356,6505925,6546380,6502671,6522613,6403797
1445,0,0,-1,6725910,6699704,6578887,6623166,6555109,6606368,6604149,6579617,6660955,6550745,6650040,6589088,6505149,6615236,6587040,6517725,6558165,6514498,6533576,6415125
1446,31,0,-1,6713811,6688000,6567035,6610948,6543119,6594585,6591487,6567843,6647832,6538304,6637888,6576912,6492750,6603071,6574877,6505153,6545117,6501211,6520947,6402674
1447,0,0,-1,6726733,6701271,6579716,6623143,6555972,6607239,6604158,6580412,6660661,6551218,6651875,6589492,6505246,6616209,6587443,6518217,6559090,6514435,6534317,6415397
1448,31,0,-1,6715266,6689086,6567570,6611537,6543481,6594993,6591671,6568620,6648214,6538845,6638032,6577249,6493186,6603739,6574772,6505154,6546271,6501557,6522075,6402604
1449,0,0,-1,6726432,6700606,6579609,6623000,6555095,6606557,6603825,6580324,6660078,6550439,6650488,6589645,6504572,6615810,6586593,6517145,6558590,6513858,6533855,6414739
1450,31,0,-1,6714157,6688144,6567313,6611183,6542725,6594598,6591609,6568420,6647703,6538050,6638338,6576967,6492175,6603054,6573938,6504868,6545461,6500944,6521613,6402147
1451,0,0,-1,6725129,6699871,6578925,6622908,6553993,6606328,6603312,6579796,6659076,6549811,6650460,6589036,6504152,6615261,6586308,6517063,6557429,6512889,6533801,6413951
1452,31,0,-1,6714311,6688898,6566888,6611433,6543056,6594747,6592236,6568486,6647860,6537919,6638913,6577091,6492238,6603261,6573944,6504727,6545500,6500815,6522036,6402288
1453,0,0,-1,6726804,6701419,6580000,6623858,6556321,6607179,6603605,6580441,6660694,6550966,6651723,6589800,6504752,6615674,6587131,6517827,6558767,6513921,6534700,6415424
1454,31,0,-1,6714607,6689137,6567871,6611645,6542991,6595113,6591598,6568681,6647873,6538546,6638356,6577256,6492190,6602762,6574680,6505095,6545841,6501205,6522339,6403121
1455,0,0,-1,6726201,6701229,6579307,6623170,6554446,6606082,6603310,6580203,6659841,6549838,6650615,6589368,6504553,6615794,6587009,6517501,6558782,6512863,6534564,6415036
1456,31,0,-1,6714192,6689721,6567784,6611973,6542865,6594945,6590972,6568220,6647951,6538162,6638068,6577426,6492094,6604005,6575088,6505061,6546009,6500773,6522534,6402835
1457,0,0,-1,6727382,6701882,6580579,6624601,6554892,6607563,6604272,6580848,6660992,6551566,6650760,6590022,6505326,6616808,6588511,6518539,6558978,6514417,6535587,6415607
1458,31,0,-1,6713955,6688731,6567660,6611803,6542232,6594658,6592005,6568209,6647311,6538421,6637588,6577126,6493114,6603725,6574247,6505230,6545520,6501601,6522033,6403223
1459,0,0,-1,6726817,6701229,6580360,6624029,6554667,6607078,6604533,6581217,6660027,6551356,6650943,6589704,6505020,6616597,6587586,6517965,6558810,6515002,6535026,6415739
1460,31,0,-1,6714923,6688720,6568311,6611793,6542759,6595314,6592474,6568500,6647658,6538819,6638135,6576698,6492702,6603146,6574920,6505155,6546042,6502322,6523374,6403607
1461,0,0,-1,6727303,6701157,6580537,6623444,6554133,6607539,6604405,6579991,6660123,6550979,6650749,6588897,6504766,6615782,6588086,6517517,6558152,6514781,6535865,6415165
1462,31,0,-1,6714812,6689690,6568818,6611736,6543216,6595586,6592436,6567763,6647921,6538378,6638348,6577119,6492653,6604155,6575450,6504591,6545078,6502540,6523611,6403193
1463,0,0,-1,6726840,6701308,6580263,6623559,6554346,6607848,6604762,6580323,6660329,6551651,6651104,6590048,6505095,6616364,6587983,6517494,6558435,6514108,6536550,6414897
1464,31,0,-1,6714786,6689015,6568313,6611363,6543057,6595502,6592590,6568456,6648465,6538680,6638523,6577898,6492900,6604702,6575323,6505273,6545609,6501429,6523555,6402996
1465,0,0,-1,6727074,6701302,6579967,6622962,6555483,6607491,6603817,6580657,6660445,6551561,6650815,6590324,6505202,6616323,6587896,6518166,6558168,6514665,6535298,6415063
1466,31,0,-1,6715118,6688669,6568134,6610496,6543047,6595609,6591801,6567894,6648536,6539178,6637891,6577800,6492994,6603755,6574953,6505095,6545325,6502181,6522418,6402366
1467,0,0,-1,6727986,6700673,6579989,6622723,6555327,6608065,6603795,6580199,6660736,6551876,6650346,6590074,6505743,6616995,6588013,6517338,6558860,6514938,6536195,6415335
1468,31,0,-1,6715101,6688957,6567917,6610425,6543290,6595417,6592135,6568535,6648668,6538482,6637043,6577373,6493195,6603256,6574923,6504700,6545794,6501709,6523533,6403186
1469,0,0,-1,6726624,6700895,6579578,6622411,6554500,6607120,6603927,6580315,6660580,6551243,6649811,6589178,6505463,6616216,6586570,6517318,6558687,6514463,6536073,6414454
1470,31,0,-1,6715047,6688524,6567784,6610265,6542278,6594537,6591098,6567834,6648170,6538951,6637913,6577097,6492354,6603913,6574631,6504245,6545634,6501455,6523505,6403014
1471,0,0,-1,6726993,6700403,6579334,6622691,6554408,6607096,6603412,6579978,6660139,6551303,6650027,6589374,6504478,6616015,6586911,6516679,6557760,6513776,6536054,6415565
1472,31,0,-1,6714438,6688247,6567611,6610544,6542774,6594956,6592052,6568271,6648146,6539353,6637733,6577190,6492342,6603681,6574871,6504672,6545314,6501663,6523648,6402993
1473,0,0,-1,6726880,6700321,6579703,6622459,6554098,6607129,6604672,6580002,6660191,6551139,6650770,6589778,6504277,6615312,6587834,6517026,6558171,6513876,6535924,6415144
1474,31,0,-1,6714975,6688970,6567967,6611440,6543215,6595362,6592378,6568278,6648510,6538348,6638200,6578249,6492908,6604104,6575632,6504978,6545390,6501409,6523837,6403126
1475,0,0,-1,6726451,6701124,6579734,6623543,6554544,6607436,6603909,6580527,6660956,6550889,6650347,6590271,6504394,6615619,6588154,6516031,6557809,6514238,6536411,6414860
1476,31,0,-1,6713711,6688558,6567666,6611320,6542397,6594983,6591369,6567423,6648302,6538315,6637670,6577055,6492394,6602686,6575582,6503434,6544746,6501552,6522990,6402244
1477,0,0,-1,6725811,6700180,6579580,6622917,6554115,6607291,6603775,6579933,6660213,6549683,6650665,6589342,6504210,6615725,6587716,6516272,6557317,6513880,6534974,6414827
1478,31,0,-1,6713043,6687267,6567132,6610643,6542331,6595019,6591622,6567323,6647754,6537653,6637648,6576718,6491195,6603009,6574763,6503584,6544618,6501042,6521527,6402267
1479,0,0,-1,6726661,6700586,6579908,6622984,6555660,6608098,6604343,6579900,6660607,6550606,6651045,6589978,6504232,6615772,6588016,6516958,6557904,6514199,6534692,6414892
1480,31,0,-1,6714108,6688196,6567317,6610738,6543557,6595153,6591146,6566973,6648055,6538018,6638244,6577456,6492049,6602963,6574425,6503988,6545568,6501719,6522536,6402178
1481,0,0,-1,6726598,6700453,6580603,6624007,6556053,6607518,6604505,6580355,6660723,6551164,6651745,6590768,6504571,6615974,6587453,6517713,6559128,6514724,6535529,6415636
1482,31,0,-1,6715141,6689469,6568709,6612557,6545440,6595988,6592199,6568815,6648945,6539778,6639733,6578123,6492918,6604765,6575279,6504998,6546520,6503220,6523885,6403925
1483,0,0,-1,6727587,6701081,6580007,6624376,6556797,6608230,6604028,6580798,6660893,6552191,6652078,6590213,6505233,6616622,6588969,6517328,6559404,6515377,6535761,6415872
1484,31,0,-1,6714189,6687484,6566913,6611278,6543579,6594858,6590834,6567356,6647574,6538059,6638238,6577233,6491831,6601903,6574114,6503304,6545812,6501465,6522115,6402847
1485,0,0,-1,6727277,6700642,6580250,6623770,6556190,6608059,6603713,6580467,6660980,6551174,6651375,6590617,6504766,6614816,6587433,6516780,6559174,6514574,6535277,6415935
1486,31,0,-1,6714411,6687331,6567147,6610177,6542860,6594530,6591186,6566570,6647578,6538141,6637648,6577147,6491135,6602588,6573285,6503369,6545374,6501377,6522119,6402328
1487,0,0,-1,6726589,6700045,6580104,6622795,6555115,6607368,6604744,6579670,6660627,6550874,6650887,6589800,6503899,6615538,6586799,6516429,6558452,6514217,6535580,6415545
1488,31,0,-1,6714476,6688055,6567892,6610360,6543245,6595214,6591218,6567253,6648194,6537732,6638440,6576955,6491142,6603301,6573946,6503866,6544985,6501384,6522436,6402568
1489,0,0,-1,6727316,6700991,6580057,6623327,6555691,6607281,6603454,6580711,6660793,6551061,6651573,6590393,6503834,6615387,6586676,6517235,6558520,6514842,6535569,6415857
1490,31,0,-1,6714941,6688440,6568094,6610671,6543135,6594881,6590744,6567945,6647478,6538238,6638262,6577777,6490624,6602919,6574428,6504202,6545554,6501752,6522941,6403167
1491,0,0,-1,6726885,6701524,6579993,6623294,6555638,6607328,6603379,6580318,6660375,6550830,6651291,6590348,6503232,6616349,6587595,6517020,6558228,6514407,6535377,6415813
1492,31,0,-1,6714349,6688277,6567145,6611260,6542875,6594381,6590595,6567662,6647415,6538283,6638636,6577346,6490687,6603779,6574352,6503864,6544892,6501661,6522234,6403169
1493,0,0,-1,6726080,6701138,6578690,6622919,6555151,6606637,6602988,6579352,6660081,6550025,6651205,6589593,6502757,6616463,6587225,6516673,6558373,6514009,6534693,6414860
1494,31,0,-1,6713554,6688747,6566531,6610554,6542808,6594488,6590688,6567069,6647611,6537876,6638569,6577557,6490672,6603319,6573484,6504817,6545415,6501737,6522382,6402487
1495,0,0,-1,6725958,6700986,6578542,6622171,6554907,6607018,6603239,6579521,6659771,6550281,6650868,6589795,6502526,6615799,6586430,6517152,6557826,6514789,6534422,6414868
1496,31,0,-1,6714425,6688414,6567420,6610485,6543258,6595598,6590974,6567768,6647308,6537947,6638963,6577156,6490950,6603423,6574834,6504408,6545620,6502285,6522233,6402944
1497,0,0,-1,6726637,6700691,6579138,6622695,6554758,6606718,6603173,6579867,6659711,6549832,6651273,6589227,6502382,6615547,6587180,6517113,6558251,6514181,6534192,6415482
1498,31,0,-1,6713577,6687994,6566472,6609732,6542630,6594317,6589399,6566973,6646375,6537120,6637635,6576035,6489848,6601838,6574679,6503967,6545113,6501137,6521851,6402630
1499,0,0,-1,6725851,6700588,6579899,6621985,6555018,6607196,6602484,6580126,6659408,6550287,6650274,6589009,6502632,6614793,6587222,6517464,6557249,6513914,6534899,6416170
