rep,heat_enabled,transmitter_bit,transmitter_mask,ctrl_0_ro_0,ctrl_0_ro_1,ctrl_0_ro_2,ctrl_0_ro_3,ctrl_0_ro_4,ctrl_1_ro_0,ctrl_1_ro_1,ctrl_1_ro_2,ctrl_1_ro_3,ctrl_1_ro_4,ctrl_2_ro_0,ctrl_2_ro_1,ctrl_2_ro_2,ctrl_2_ro_3,ctrl_2_ro_4,ctrl_3_ro_0,ctrl_3_ro_1,ctrl_3_ro_2,ctrl_3_ro_3,ctrl_3_ro_4
0,31,1,-1,6913139,6860157,6794429,6756552,6827891,6716160,6734673,6733171,6691932,6743572,6567748,6559720,6505871,6472593,6421200,6509468,6465242,6385324,6441774,6409704
1,0,1,-1,6927693,6872896,6808356,6771173,6842603,6730551,6748736,6746952,6706219,6757964,6582119,6573701,6519055,6484943,6435383,6523780,6479492,6399995,6456043,6423532
2,31,1,-1,6913049,6859201,6794654,6757966,6829638,6717280,6736125,6733250,6692162,6743865,6568994,6560896,6507764,6472324,6422501,6510900,6466232,6386801,6443223,6410600
3,0,1,-1,6927089,6873731,6808832,6771314,6843845,6731498,6749188,6747052,6706248,6757786,6582245,6573681,6519996,6486037,6435904,6524607,6480520,6400519,6456946,6424035
4,31,1,-1,6913629,6859839,6794333,6757449,6829583,6717069,6734767,6732730,6691819,6743970,6567926,6559809,6506173,6471727,6422390,6510282,6466679,6386638,6442410,6410761
5,0,1,-1,6927686,6874631,6808096,6771044,6843427,6731318,6748921,6747202,6706247,6758138,6581689,6573696,6520013,6486583,6436193,6525104,6480711,6401061,6456735,6424223
6,31,1,-1,6914075,6860271,6793428,6757041,6829638,6716902,6735526,6733492,6691858,6743456,6567611,6559575,6505954,6472405,6422637,6509783,6466333,6387089,6442824,6410417
7,0,1,-1,6928855,6875342,6808103,6771681,6844424,6731624,6750181,6747575,6706610,6758534,6581671,6573405,6520309,6486141,6436423,6524275,6480918,6400880,6456366,6423726
8,31,1,-1,6913607,6859583,6793113,6757005,6829566,6716035,6734420,6732718,6691947,6742749,6567080,6559130,6506861,6472148,6422276,6509353,6465678,6386367,6442646,6409782
9,0,1,-1,6927981,6873110,6807338,6770126,6843624,6730560,6748930,6746406,6706201,6757003,6581041,6572617,6520349,6485761,6435537,6522908,6479188,6400347,6456581,6423033
10,31,1,-1,6913724,6858054,6792704,6756368,6829456,6716101,6734338,6733332,6691970,6742644,6567409,6558977,6506193,6472079,6422456,6508594,6465848,6386457,6442844,6409744
11,0,1,-1,6927038,6873179,6807371,6770627,6843830,6730299,6748799,6747453,6706206,6757613,6580657,6572584,6519315,6485587,6435894,6523365,6479545,6400177,6456065,6422690
12,31,1,-1,6914124,6859510,6794273,6757520,6830734,6717266,6735379,6734446,6692619,6743695,6567706,6560399,6507903,6472670,6423232,6510021,6467035,6387054,6443664,6409618
13,0,1,-1,6927922,6872781,6808198,6771134,6843769,6731372,6748304,6747609,6706266,6757377,6581138,6573430,6521036,6485904,6435473,6524014,6480200,6400551,6456344,6422959
14,31,1,-1,6914114,6858903,6793588,6757364,6830112,6717185,6734570,6733636,6692513,6743176,6567798,6559942,6508418,6471860,6422809,6510527,6466135,6387415,6442877,6409658
15,0,1,-1,6927965,6872692,6807574,6770195,6843373,6730953,6747963,6747032,6705955,6757170,6581010,6572895,6520329,6485937,6435448,6524291,6479145,6400162,6456317,6422750
16,31,1,-1,6913806,6857618,6793207,6755529,6828961,6715983,6733688,6732615,6691570,6742297,6567195,6558765,6506547,6471996,6422050,6509540,6465652,6386153,6442399,6409281
17,0,1,-1,6928018,6872009,6807527,6770160,6844407,6730575,6748454,6747128,6705441,6757024,6581256,6572682,6519685,6484814,6435810,6523285,6480190,6400173,6456326,6422008
18,31,1,-1,6914237,6857800,6793432,6756400,6830146,6716003,6734520,6732764,6691312,6742804,6567596,6558513,6506176,6472135,6422980,6509534,6466109,6386935,6442731,6408572
19,0,1,-1,6928598,6872933,6807764,6770584,6844397,6730990,6749224,6746799,6705806,6757826,6581462,6572145,6520003,6485355,6436060,6524068,6480186,6400485,6456801,6422522
20,31,1,-1,6913377,6859063,6793794,6756757,6830537,6716503,6735479,6732997,6691881,6743017,6567759,6558737,6506151,6471961,6423625,6509783,6466564,6386867,6443021,6409556
21,0,1,-1,6927239,6872172,6808434,6770717,6844925,6730987,6748943,6747699,6706099,6757636,6581381,6572463,6519943,6486207,6436526,6523989,6480430,6400827,6456537,6423419
22,31,1,-1,6912894,6858233,6793416,6756226,6830318,6716003,6734703,6732981,6692211,6742816,6567088,6559117,6506391,6473139,6422522,6510055,6465474,6386417,6443397,6409511
23,0,1,-1,6928016,6873326,6808081,6770702,6845047,6731026,6748869,6748095,6707056,6758029,6580764,6572992,6520698,6487051,6436003,6524369,6480597,6400095,6457069,6422651
24,31,1,-1,6913254,6858625,6793193,6756126,6829858,6716251,6733860,6732281,6691717,6742581,6566568,6558123,6506613,6472064,6422402,6510609,6465995,6385598,6442877,6409323
25,0,1,-1,6928023,6873514,6807607,6770263,6845141,6730913,6748618,6747856,6706699,6758366,6581059,6572616,6519593,6485683,6435853,6524533,6480645,6400032,6457255,6422987
26,31,1,-1,6912637,6858521,6792345,6756563,6829920,6716237,6733378,6732239,6691735,6742656,6567015,6558758,6506080,6471516,6421879,6510538,6466308,6385960,6442707,6409008
27,0,1,-1,6926368,6872480,6806447,6770063,6844382,6730199,6747880,6746952,6705697,6756771,6580889,6572290,6520150,6484509,6435434,6523433,6479607,6400129,6456380,6422529
28,31,1,-1,6912670,6858187,6792274,6756536,6830644,6716302,6734251,6732674,6692389,6742493,6567023,6558950,6506945,6471468,6422184,6509839,6465633,6387160,6442941,6409429
29,0,1,-1,6926488,6873540,6807439,6770880,6845151,6730786,6749002,6747674,6707689,6757519,6580917,6572587,6520288,6485677,6436103,6523400,6479796,6401187,6457012,6423535
30,31,1,-1,6913244,6859835,6793189,6756855,6831447,6717384,6735097,6733368,6693159,6743005,6567783,6559999,6507577,6473141,6423168,6510295,6466678,6387999,6444182,6410281
31,0,1,-1,6927795,6873666,6807351,6770617,6845095,6731480,6748923,6747848,6707316,6757497,6581054,6573390,6521248,6485321,6436118,6524567,6480019,6402114,6456779,6423126
32,31,1,-1,6913198,6859632,6792899,6756284,6830727,6717499,6734351,6733177,6692564,6743110,6566732,6559581,6507366,6471677,6422242,6510371,6465984,6387698,6442794,6410036
33,0,1,-1,6928290,6874489,6808321,6770405,6845577,6732524,6749236,6747572,6707566,6758315,6581571,6573676,6521800,6486294,6436744,6524742,6480596,6402024,6456399,6423563
34,31,1,-1,6912552,6858314,6792396,6755245,6830268,6716978,6733713,6731831,6691364,6742486,6566761,6558429,6506352,6470845,6421833,6508826,6465576,6386636,6441241,6408427
35,0,1,-1,6927283,6873722,6806972,6769610,6844709,6731395,6748975,6746397,6706184,6757505,6580324,6571911,6520429,6486132,6435109,6522627,6480163,6401008,6455852,6422077
36,31,1,-1,6913797,6860195,6793048,6756069,6831567,6717520,6734650,6732876,6692681,6743431,6567401,6559314,6506767,6473748,6422192,6510350,6466485,6387345,6442937,6409428
37,0,1,-1,6927825,6874933,6807498,6770077,6845664,6731705,6748798,6747141,6707420,6757940,6581218,6573081,6520446,6485929,6435572,6524248,6480522,6401297,6455741,6422515
38,31,1,-1,6914011,6859666,6793390,6756246,6831069,6717024,6734415,6732508,6692580,6743608,6567626,6558787,6506833,6471913,6421382,6509928,6466655,6387969,6442341,6408461
39,0,1,-1,6927493,6873611,6807371,6769783,6844878,6730212,6747842,6746573,6706378,6757903,6580961,6571922,6519564,6485728,6434954,6522889,6479727,6400626,6455408,6421466
40,31,1,-1,6913262,6859921,6793058,6755742,6830948,6716437,6733815,6732081,6691751,6743342,6567053,6558709,6506064,6471152,6421972,6508404,6465835,6386907,6440988,6408265
41,0,1,-1,6927424,6874546,6807184,6769207,6844631,6730994,6747743,6745756,6705970,6757141,6580550,6572099,6519831,6485015,6435364,6522864,6479673,6400666,6455525,6421955
42,31,1,-1,6914047,6859480,6793378,6756124,6830396,6716598,6733719,6731911,6691889,6742453,6567221,6558738,6506264,6472381,6422234,6508940,6465644,6387444,6442018,6409009
43,0,1,-1,6927107,6873442,6807176,6769217,6844574,6730454,6747605,6746329,6706055,6757519,6580898,6572240,6519665,6484420,6435188,6523023,6479455,6400093,6455388,6422093
44,31,1,-1,6912849,6859204,6793273,6755710,6830532,6715843,6733474,6732733,6691229,6743008,6566976,6558877,6505659,6470731,6421713,6508928,6465095,6386587,6441660,6408782
45,0,1,-1,6926927,6873229,6807563,6769552,6844457,6729953,6747631,6746118,6706124,6757667,6580455,6571960,6518655,6485488,6434605,6522517,6479425,6400752,6455479,6422461
46,31,1,-1,6911839,6858751,6793774,6755545,6830450,6716181,6733386,6732661,6691636,6743128,6566863,6558304,6505949,6471949,6421706,6508977,6465481,6387279,6442250,6409209
47,0,1,-1,6925593,6873524,6807559,6769438,6844246,6730078,6748174,6746826,6705897,6757601,6580597,6571941,6519523,6485284,6435460,6522568,6480157,6401194,6455785,6421774
48,31,1,-1,6911441,6859273,6793453,6755149,6830366,6716033,6733675,6732128,6691612,6742878,6567145,6558376,6505149,6471706,6422003,6508974,6466022,6387170,6442093,6408245
49,0,1,-1,6925727,6872216,6807385,6768741,6844065,6729834,6747231,6745817,6705675,6757299,6580450,6571949,6518636,6485190,6434836,6522461,6479117,6400362,6455139,6421476
50,31,1,-1,6911492,6857610,6792899,6754913,6829898,6715245,6733725,6731488,6690957,6742590,6565832,6557287,6505059,6471803,6421263,6508172,6465245,6386380,6442640,6407930
51,0,1,-1,6926770,6872952,6807239,6769142,6844973,6730171,6748349,6745585,6705586,6756950,6580331,6571444,6518886,6485238,6435187,6523314,6479344,6400484,6456041,6421983
52,31,1,-1,6911822,6858199,6792299,6754608,6829825,6715789,6733127,6730693,6690820,6742035,6565877,6557821,6504601,6470966,6420930,6508811,6464132,6386266,6441713,6407923
53,0,1,-1,6926070,6872159,6806493,6768821,6844515,6730420,6748072,6745271,6705008,6756565,6579797,6571591,6517924,6484906,6434762,6522394,6478158,6399669,6454908,6420720
54,31,1,-1,6910770,6858235,6792967,6754840,6830491,6716058,6733561,6731781,6690719,6741706,6566582,6557833,6505199,6471195,6421568,6508218,6464812,6385908,6441549,6407162
55,0,1,-1,6927082,6872987,6807510,6769527,6845573,6731360,6747965,6746959,6705562,6757132,6580694,6572272,6519166,6485067,6435807,6522992,6478977,6400507,6456205,6420837
56,31,1,-1,6913126,6858917,6792869,6756281,6831056,6717201,6733254,6732570,6691696,6742649,6566873,6558861,6506080,6471948,6422072,6510266,6465108,6386901,6443127,6407937
57,0,1,-1,6926870,6873674,6807350,6769662,6845203,6731539,6748087,6747243,6705800,6756440,6580684,6572573,6520116,6485932,6435808,6524697,6479729,6400702,6456279,6422191
58,31,1,-1,6912698,6858929,6792668,6755086,6830806,6716362,6734128,6732528,6690796,6742052,6566964,6558677,6506018,6471993,6421906,6509595,6465114,6386551,6442252,6409257
59,0,1,-1,6927036,6874044,6807498,6769347,6844753,6730629,6747784,6746913,6705315,6757184,6581200,6572506,6519653,6485385,6435999,6523625,6479517,6401039,6456778,6422522
60,31,1,-1,6913158,6859224,6793260,6755674,6830475,6716292,6733762,6732060,6690916,6742790,6567605,6558450,6506842,6472147,6422957,6509199,6465455,6387137,6442400,6409332
61,0,1,-1,6926772,6873461,6807530,6769058,6845082,6731126,6748080,6746962,6705510,6757876,6580467,6572174,6519156,6485391,6435595,6524080,6479241,6400583,6455143,6422769
62,31,1,-1,6912759,6858579,6792935,6755297,6830499,6716555,6733530,6732094,6691034,6742798,6566124,6557938,6505858,6472367,6421956,6509375,6464004,6386918,6442324,6409187
63,0,1,-1,6926424,6872888,6807298,6769563,6844730,6730972,6748285,6746306,6705580,6757255,6580206,6572221,6519875,6485969,6435446,6524604,6478528,6400933,6456260,6423091
64,31,1,-1,6912408,6857938,6792762,6754941,6830708,6716786,6734031,6732362,6691419,6742519,6565847,6558477,6505806,6471684,6421994,6509660,6464309,6386958,6442641,6410070
65,0,1,-1,6926838,6872867,6807426,6768437,6845768,6731600,6748210,6746437,6705696,6757881,6580456,6571990,6518780,6486056,6435963,6523986,6479042,6401140,6456244,6423198
66,31,1,-1,6912358,6858626,6793364,6755264,6830932,6717627,6734002,6732154,6691557,6742515,6566582,6558306,6505787,6473017,6422980,6509529,6465242,6387127,6442838,6409985
67,0,1,-1,6926759,6873269,6807884,6769921,6845579,6731895,6748830,6746525,6705747,6757575,6580539,6572080,6519266,6487242,6436823,6524270,6478920,6401440,6456328,6423503
68,31,1,-1,6912824,6859111,6793627,6755846,6831273,6717932,6734442,6732633,6691543,6742690,6566773,6558880,6505522,6472653,6423378,6509794,6465199,6387597,6443228,6410509
69,0,1,-1,6927413,6872789,6808321,6769738,6845703,6732227,6748459,6746423,6705521,6757709,6580220,6572405,6519420,6487222,6436849,6524722,6478667,6401223,6455771,6423911
70,31,1,-1,6913744,6858876,6793950,6755652,6831120,6717637,6734858,6733012,6691350,6742820,6567183,6558972,6505527,6472977,6423479,6509854,6464989,6387156,6443102,6410467
71,0,1,-1,6928007,6873243,6807842,6769715,6845749,6731312,6748962,6747897,6705514,6757206,6580635,6572613,6518256,6485952,6436376,6523832,6478854,6400854,6456385,6423145
72,31,1,-1,6912047,6858100,6792746,6755829,6830954,6716311,6734412,6732634,6690856,6742228,6567185,6558463,6504466,6472506,6422790,6510267,6465184,6386921,6442429,6409093
73,0,1,-1,6928043,6873022,6808151,6770633,6845962,6731821,6749201,6747253,6706232,6757596,6581462,6572911,6519354,6486608,6436921,6524389,6480006,6400956,6457102,6423351
74,31,1,-1,6912246,6857178,6792303,6754950,6829814,6715609,6733663,6731247,6690688,6741755,6565979,6558021,6505233,6471735,6421850,6508438,6464443,6386773,6441953,6408854
75,0,1,-1,6927318,6872121,6806817,6769882,6844813,6731089,6748730,6746601,6705197,6757221,6580501,6572418,6519255,6486082,6436160,6523393,6478855,6400693,6455835,6422623
76,31,1,-1,6913255,6857891,6793214,6756292,6830302,6717188,6734359,6731865,6690846,6742795,6567318,6558748,6505360,6473140,6422628,6509118,6465498,6387622,6442387,6409285
77,0,1,-1,6927579,6873379,6807571,6770354,6845171,6731984,6749370,6746363,6705323,6757997,6581137,6572919,6518068,6486926,6436280,6523648,6479751,6402140,6455629,6422895
78,31,1,-1,6913404,6858455,6792724,6756084,6829939,6717522,6734766,6731746,6690931,6742782,6567785,6559509,6505118,6472437,6422867,6509878,6465097,6387989,6442469,6409196
79,0,1,-1,6925755,6872126,6806333,6769683,6844156,6731116,6748159,6745028,6704948,6756248,6580333,6572357,6517888,6485935,6435472,6523612,6478247,6401049,6455622,6421938
80,31,1,-1,6911667,6857969,6792054,6755882,6829649,6716790,6733717,6731743,6691175,6742582,6566699,6559197,6504576,6472946,6422790,6509148,6464514,6386894,6442541,6409364
81,0,1,-1,6926902,6873106,6806922,6770418,6844639,6731905,6748970,6747234,6705904,6758180,6580572,6573331,6519085,6487010,6436152,6524299,6478921,6402010,6456368,6422825
82,31,1,-1,6913520,6859027,6792572,6756623,6830803,6717549,6735182,6734029,6691513,6743368,6567251,6559857,6506032,6473367,6423387,6511130,6465819,6387788,6443465,6409604
83,0,1,-1,6927505,6872605,6806839,6769305,6844526,6731481,6748716,6746282,6705590,6757348,6580726,6572550,6519206,6486812,6435578,6523935,6479225,6401407,6455644,6422181
84,31,1,-1,6913353,6858192,6792747,6755676,6830498,6717363,6734439,6731914,6691809,6743040,6567249,6559115,6505338,6473707,6422368,6510477,6465050,6388170,6442411,6409266
85,0,1,-1,6926701,6872341,6807363,6769236,6845161,6731806,6748746,6746737,6706056,6757899,6580844,6573037,6519015,6486963,6435828,6524267,6478755,6401816,6456428,6422909
86,31,1,-1,6912261,6857856,6792883,6755484,6830533,6717177,6734423,6732432,6691215,6742861,6566637,6559239,6505347,6471537,6421646,6509841,6464769,6388128,6442775,6409237
87,0,1,-1,6926428,6871778,6806923,6768962,6844440,6731312,6748425,6746078,6704682,6756995,6580077,6572675,6518346,6484634,6435258,6523733,6478519,6400941,6455358,6422635
88,31,1,-1,6912643,6858816,6793350,6755295,6830673,6717558,6734195,6732884,6691334,6743172,6566968,6559070,6506269,6471976,6422686,6510163,6465309,6387675,6443034,6409272
89,0,1,-1,6926208,6873322,6807948,6769566,6845314,6732073,6749020,6747407,6705945,6757676,6580664,6572748,6520107,6486953,6435623,6524588,6479367,6402296,6456700,6423159
90,31,1,-1,6911500,6858951,6793122,6754891,6830444,6716889,6734055,6732460,6691274,6743213,6566763,6558370,6505447,6472203,6421659,6510406,6465171,6388319,6442183,6409649
91,0,1,-1,6926587,6873505,6807837,6769259,6845350,6732024,6749005,6746611,6706190,6757805,6581032,6572650,6519474,6486819,6435972,6525332,6479540,6402670,6455836,6423407
92,31,1,-1,6912138,6859152,6793416,6755366,6830865,6717417,6734598,6732810,6691694,6743589,6567860,6558900,6505854,6473413,6423532,6510013,6465964,6388584,6442863,6410322
93,0,1,-1,6926817,6873338,6807797,6769777,6845172,6732672,6749610,6748037,6706062,6758364,6581654,6573138,6519203,6486535,6436665,6524607,6480092,6402792,6456472,6423912
94,31,1,-1,6912888,6859000,6793677,6756201,6831048,6717827,6734394,6732717,6691616,6744295,6567157,6559020,6505954,6472169,6422681,6509734,6465705,6388797,6442081,6410116
95,0,1,-1,6926646,6873292,6807817,6769919,6844984,6732044,6748278,6747366,6705620,6758049,6580672,6572264,6518940,6485946,6435630,6523579,6479373,6402029,6455358,6423119
96,31,1,-1,6912756,6859183,6793905,6756155,6831244,6717912,6734346,6733672,6691580,6743697,6567202,6559310,6506173,6472808,6422498,6509582,6466207,6388966,6442323,6410450
97,0,1,-1,6926676,6872856,6807694,6769260,6845145,6731668,6748242,6746932,6705521,6757820,6580360,6572145,6518996,6485702,6435501,6523166,6478800,6402070,6455609,6422798
98,31,1,-1,6912401,6859005,6793135,6755075,6830245,6716850,6734309,6732082,6691144,6743692,6566744,6558734,6505412,6471771,6421376,6509212,6465390,6387875,6442387,6409216
99,0,1,-1,6925837,6873187,6807592,6769675,6844385,6731691,6748429,6746527,6706114,6758108,6580293,6573014,6519588,6485303,6435201,6523718,6479443,6401672,6456332,6423129
100,31,1,-1,6911920,6858913,6793159,6756073,6830049,6717845,6733682,6732039,6691261,6743094,6566224,6558796,6506359,6471860,6421907,6509690,6465167,6388858,6442400,6410138
101,0,1,-1,6927468,6873755,6808099,6770359,6844979,6732560,6748497,6747230,6705926,6758038,6579787,6572679,6520313,6485280,6435694,6524970,6480051,6402708,6456824,6423349
102,31,1,-1,6913519,6860275,6794036,6756778,6830984,6718374,6734472,6732599,6691983,6744053,6567402,6559739,6506972,6472466,6423224,6511126,6466356,6388843,6443295,6409810
103,0,1,-1,6927757,6873995,6808132,6770258,6845552,6731540,6748005,6747106,6705772,6758273,6581268,6572915,6518792,6486664,6436573,6524554,6479645,6401967,6456600,6423417
104,31,1,-1,6912862,6858863,6792786,6755473,6831096,6716832,6733311,6732737,6691148,6742676,6566962,6559046,6504897,6471340,6422944,6509320,6465112,6387356,6442685,6409519
105,0,1,-1,6927070,6873635,6807007,6769827,6844961,6731425,6747114,6746970,6705370,6757630,6580731,6572787,6518764,6484874,6436444,6523561,6479125,6401309,6455650,6422949
106,31,1,-1,6913022,6859297,6792905,6755901,6830367,6717752,6733581,6732769,6691282,6743174,6566514,6559142,6505544,6471110,6423010,6510031,6465269,6387365,6442290,6409987
107,0,1,-1,6926437,6873412,6807413,6770027,6844270,6731848,6747623,6747360,6705153,6756988,6580175,6572458,6518352,6484757,6436133,6523900,6479149,6400784,6455814,6423100
108,31,1,-1,6912578,6859534,6793408,6755517,6830219,6717078,6733714,6732960,6691253,6742397,6566555,6558939,6505335,6471629,6422655,6509588,6465689,6387497,6442433,6409742
109,0,1,-1,6926970,6873495,6807023,6769265,6844675,6731498,6748401,6745866,6705835,6757535,6580484,6572875,6517935,6484745,6435655,6523944,6479323,6402056,6455427,6422945
110,31,1,-1,6912472,6858684,6791600,6755296,6830207,6715996,6733373,6731032,6691022,6741900,6566288,6558625,6504426,6472252,6422664,6509892,6465056,6388184,6441537,6409070
111,0,1,-1,6927048,6873477,6806206,6769177,6843771,6730390,6747337,6745123,6705713,6757110,6580157,6572507,6517483,6485430,6435990,6523433,6478643,6401394,6455265,6422170
112,31,1,-1,6912949,6859325,6792081,6755585,6829648,6716621,6732847,6730872,6691504,6742744,6566199,6558803,6504731,6471888,6422734,6509232,6464497,6387220,6441477,6409396
113,0,1,-1,6926333,6873714,6806834,6769606,6844715,6731392,6747706,6745716,6705955,6757821,6580063,6572296,6518924,6486257,6436698,6523517,6478967,6402097,6454998,6422951
114,31,1,-1,6913105,6859471,6793302,6754993,6830077,6717238,6733364,6731775,6691659,6743273,6566633,6558589,6505632,6473434,6423776,6510256,6465234,6388403,6442465,6409746
115,0,1,-1,6926913,6872844,6807142,6768745,6844535,6731410,6746681,6745846,6705528,6757919,6579959,6572454,6519243,6486101,6436714,6524315,6479033,6401305,6455930,6422686
116,31,1,-1,6912660,6858415,6792159,6754556,6830195,6717138,6732193,6731545,6691118,6743556,6566276,6558432,6505798,6471981,6423230,6509900,6464906,6387198,6441776,6408811
117,0,1,-1,6927551,6873663,6807283,6769473,6844667,6732137,6747364,6746295,6706282,6758252,6580813,6572526,6519125,6485640,6437506,6523987,6479473,6401104,6455908,6423308
118,31,1,-1,6914151,6859782,6793306,6755423,6830843,6717762,6733626,6732720,6692519,6743446,6567274,6558683,6506644,6472533,6423559,6510608,6465912,6387815,6442925,6410143
119,0,1,-1,6927552,6873453,6807087,6769279,6844710,6732135,6747702,6746900,6706352,6758288,6580144,6572372,6519132,6485361,6435930,6523941,6479732,6401684,6455916,6423307
120,31,1,-1,6913532,6860550,6793784,6755962,6830824,6718219,6734077,6732702,6692973,6744153,6567386,6559950,6506945,6472463,6424213,6510553,6467424,6389289,6443267,6410049
121,0,1,-1,6927508,6873214,6807834,6769815,6844515,6732333,6747474,6745468,6706498,6758427,6580997,6573042,6520370,6485737,6436801,6524068,6480793,6402136,6456550,6423084
122,31,1,-1,6912449,6858155,6792345,6754925,6829739,6717599,6732547,6731846,6691184,6743082,6566320,6558396,6505556,6471305,6422435,6509408,6465921,6387482,6442126,6409656
123,0,1,-1,6927666,6872688,6807245,6769705,6843660,6732013,6747585,6746687,6706151,6757494,6579915,6572116,6518816,6485768,6436994,6523710,6479874,6401588,6455886,6423224
124,31,1,-1,6913482,6859432,6792851,6756327,6830422,6717892,6733568,6732150,6691610,6742870,6566599,6559782,6505929,6471725,6423610,6509305,6466318,6388106,6442478,6410074
125,0,1,-1,6928292,6875412,6808140,6771555,6845618,6732527,6748893,6747381,6706350,6758895,6581458,6574005,6520679,6486896,6438094,6525385,6481270,6402602,6457041,6424279
126,31,1,-1,6913756,6860681,6794678,6756928,6831281,6717981,6735226,6733728,6692142,6744123,6568221,6560299,6507464,6473605,6424882,6511256,6466601,6388877,6443668,6410801
127,0,1,-1,6928014,6874130,6808250,6770285,6844606,6732264,6749707,6747410,6705869,6758015,6580638,6573204,6519736,6486853,6438055,6525136,6480114,6402272,6456909,6423367
128,31,1,-1,6913389,6859561,6794248,6756093,6830346,6718002,6735711,6733016,6692234,6743319,6567507,6559626,6506446,6472893,6424359,6510425,6466419,6388724,6442503,6410186
129,0,1,-1,6927412,6873247,6808125,6769731,6844364,6732075,6748738,6747426,6706104,6757513,6580786,6572847,6518979,6486783,6437333,6524706,6480229,6402126,6456082,6423493
130,31,1,-1,6913478,6859035,6794452,6756463,6831056,6718171,6734751,6733167,6692712,6743415,6567334,6560266,6507071,6473534,6424757,6510657,6466691,6388582,6443479,6410327
131,0,1,-1,6927668,6873049,6808895,6770192,6845107,6731919,6748712,6747830,6706199,6758060,6581043,6573771,6519968,6485270,6437547,6524065,6480556,6402384,6457368,6423338
132,31,1,-1,6912682,6857905,6793868,6755625,6830889,6716851,6733931,6732911,6691813,6742324,6566766,6558780,6506019,6471773,6423764,6509849,6466347,6388092,6442811,6409203
133,0,1,-1,6927624,6872954,6808099,6770225,6845604,6732012,6749100,6747320,6706195,6757771,6581138,6573195,6519943,6486278,6437045,6524930,6480583,6402033,6456849,6423179
134,31,1,-1,6913530,6857854,6793314,6755698,6831024,6716699,6734258,6732218,6691477,6743138,6566624,6559067,6505859,6471766,6423150,6509619,6466041,6387772,6442302,6409122
135,0,1,-1,6927413,6871705,6807928,6769636,6845013,6731204,6748159,6746406,6706080,6757535,6580694,6572571,6519312,6485058,6436221,6523372,6480613,6400810,6455967,6422625
136,31,1,-1,6913615,6857525,6793540,6756395,6831438,6717373,6734907,6732644,6692331,6743881,6567414,6559389,6506694,6472766,6424281,6510044,6467004,6387922,6442988,6410334
137,0,1,-1,6927911,6872470,6807931,6770530,6845901,6732157,6749227,6747696,6706715,6758091,6581001,6573596,6519716,6486565,6437227,6524860,6481037,6401587,6457306,6423682
138,31,1,-1,6913720,6857638,6793075,6756240,6831226,6718029,6735012,6733397,6691810,6742780,6566596,6559445,6505835,6472389,6424219,6510126,6467351,6387802,6442722,6409609
139,0,1,-1,6928384,6873490,6807689,6770832,6846403,6733169,6749800,6747886,6706686,6757425,6580855,6573747,6520426,6486194,6438323,6524774,6481744,6402420,6456761,6423323
140,31,1,-1,6913826,6858524,6793131,6755950,6830863,6717387,6734547,6732648,6691265,6742534,6566701,6559241,6505742,6472063,6423712,6509545,6466985,6387924,6442356,6409504
141,0,1,-1,6928616,6872932,6808263,6770894,6846030,6732395,6748519,6746834,6706943,6757926,6581663,6573429,6520148,6486065,6437249,6524497,6481514,6402579,6456738,6423487
142,31,1,-1,6914967,6859271,6794110,6757255,6831870,6718133,6734501,6732795,6692249,6742976,6568010,6559446,6506854,6472427,6424107,6510363,6467395,6388719,6443492,6410220
143,0,1,-1,6928157,6873337,6808006,6770860,6846432,6732473,6748675,6746905,6706253,6757406,6580909,6573320,6519650,6486093,6437806,6524203,6481094,6402074,6456566,6423288
144,31,1,-1,6913289,6858441,6792780,6755342,6830137,6717184,6733264,6731630,6690600,6742162,6565787,6558720,6504650,6471782,6423174,6508507,6465934,6387328,6441916,6408914
145,0,1,-1,6928865,6874474,6807704,6770339,6845666,6733087,6748666,6746614,6705711,6758123,6580943,6573729,6519781,6486065,6437347,6524360,6481046,6402691,6456755,6423400
146,31,1,-1,6912713,6859535,6791990,6755531,6830802,6717504,6733506,6731306,6690852,6742653,6566120,6558709,6505085,6471506,6423230,6508968,6466602,6387615,6442465,6409134
147,0,1,-1,6927824,6873817,6807046,6769608,6845121,6732160,6748064,6746090,6705386,6757440,6580490,6572478,6518901,6484326,6436885,6523900,6480762,6401893,6455730,6422771
148,31,1,-1,6912578,6858865,6792080,6754928,6829965,6717149,6732590,6730841,6690343,6741773,6565732,6558513,6504083,6470194,6422666,6509107,6466012,6386834,6441859,6408843
149,0,1,-1,6928523,6874580,6807978,6770631,6846031,6732609,6748749,6747217,6706378,6758272,6581294,6573110,6520212,6485430,6437573,6526168,6481526,6402344,6457174,6424280
150,31,1,-1,6914281,6859678,6793641,6755908,6831174,6717399,6733472,6732771,6691345,6743247,6567295,6559430,6506457,6471715,6423465,6510732,6467489,6388289,6443384,6409927
151,0,1,-1,6927889,6874354,6807732,6769936,6845145,6732174,6748085,6747604,6706538,6757977,6580960,6572794,6520368,6486767,6437440,6524543,6481133,6402068,6456455,6423108
152,31,1,-1,6914085,6858360,6792915,6755681,6830532,6717258,6734133,6732795,6691704,6742314,6566434,6558281,6506249,6471932,6423755,6510373,6466871,6388383,6442887,6409410
153,0,1,-1,6928132,6874163,6807760,6770142,6844760,6732033,6748479,6747059,6706450,6757908,6580559,6572985,6519698,6485040,6437410,6524651,6480864,6401850,6455959,6423884
154,31,1,-1,6913460,6858744,6793117,6755712,6830166,6717543,6734032,6732044,6691566,6742705,6566989,6559346,6505619,6471399,6423369,6510219,6466149,6388723,6442467,6409861
155,0,1,-1,6927509,6873806,6807912,6770268,6844837,6732000,6748339,6746330,6705932,6757704,6580909,6573106,6519514,6485353,6437194,6524853,6480239,6401751,6456191,6423206
156,31,1,-1,6914182,6859546,6793758,6756142,6831481,6717720,6734342,6732047,6691815,6743800,6567195,6559352,6505725,6472175,6424589,6510870,6466996,6387826,6443370,6409937
157,0,1,-1,6928313,6873212,6807649,6769307,6844988,6731632,6748656,6746291,6705615,6758083,6580521,6572821,6518654,6484650,6437949,6524293,6480389,6401381,6456053,6422798
158,31,1,-1,6914443,6859323,6793217,6755249,6831381,6716997,6734088,6733278,6691808,6742922,6566628,6559255,6505485,6471543,6424202,6510228,6466535,6388237,6442747,6409581
159,0,1,-1,6927649,6873327,6807535,6769479,6845369,6731326,6747751,6747692,6705580,6757386,6579451,6572640,6518667,6484774,6437581,6525013,6480188,6402205,6456328,6422249
160,31,1,-1,6913470,6859416,6793857,6756306,6830919,6717944,6733601,6733948,6691650,6743668,6566875,6560021,6505880,6472169,6424436,6510490,6466713,6388349,6442650,6409234
161,0,1,-1,6927472,6873171,6808082,6770069,6845103,6732380,6748157,6747988,6705956,6758235,6580286,6573882,6518470,6485198,6436814,6524695,6480782,6401880,6456080,6422689
162,31,1,-1,6912288,6858277,6793197,6755224,6829946,6717463,6733165,6732377,6691056,6742843,6566038,6559386,6505462,6470831,6422632,6509810,6466179,6386636,6441984,6408887
163,0,1,-1,6928273,6874333,6809137,6770851,6845682,6732765,6749070,6746966,6706165,6758485,6581290,6574182,6519628,6487297,6437037,6524783,6480711,6401552,6457273,6423908
164,31,1,-1,6913371,6858976,6794017,6756078,6830626,6717617,6733330,6731962,6691715,6743510,6566509,6559905,6505216,6473516,6423366,6510298,6466189,6387658,6442101,6409806
165,0,1,-1,6927766,6873234,6808181,6770142,6845836,6731842,6747782,6746763,6706458,6758243,6580185,6573456,6519258,6487642,6437751,6524273,6480212,6400900,6455177,6423017
166,31,1,-1,6913832,6859617,6794180,6756265,6831857,6717820,6733804,6732363,6692472,6744266,6566850,6560250,6506551,6473932,6424259,6509733,6467169,6387764,6442153,6410340
167,0,1,-1,6927812,6872918,6807951,6769731,6846070,6731562,6747845,6745813,6706305,6758642,6580705,6573993,6519497,6487102,6437287,6523716,6480683,6400602,6455952,6423066
168,31,1,-1,6913083,6858845,6793877,6755627,6831703,6717377,6733284,6732270,6691955,6744650,6567090,6560289,6506043,6472908,6423920,6509839,6466518,6387501,6442488,6409728
169,0,1,-1,6928409,6873808,6808446,6769687,6845527,6731856,6747722,6746550,6706495,6759214,6581158,6573827,6520094,6486897,6437408,6524325,6481016,6401925,6456367,6423426
170,31,1,-1,6913615,6859212,6794226,6756228,6831786,6717595,6733393,6732180,6692455,6744173,6568024,6560404,6506757,6473666,6424418,6510369,6467074,6388207,6443160,6409562
171,0,1,-1,6927296,6873305,6808010,6769305,6845204,6731451,6747318,6745930,6706713,6758345,6581271,6573301,6518613,6485140,6437137,6523903,6480612,6401232,6455459,6422476
172,31,1,-1,6913799,6859064,6794212,6755046,6830656,6717350,6733839,6731821,6692309,6744120,6567278,6559930,6505318,6473155,6423508,6509572,6466614,6387601,6442098,6409648
173,0,1,-1,6928023,6873329,6808070,6768186,6844547,6731378,6747481,6745831,6706178,6757791,6580321,6573043,6519024,6486577,6436214,6523612,6479818,6400549,6455229,6422120
174,31,1,-1,6913026,6859612,6793329,6753917,6830696,6716770,6733005,6731405,6691812,6742791,6566033,6558984,6505621,6471807,6423082,6510592,6465742,6386382,6440920,6408142
175,0,1,-1,6927918,6873992,6808128,6768529,6845830,6731731,6747567,6747278,6706382,6757743,6580811,6572675,6519689,6486293,6436948,6524957,6479900,6401226,6455478,6421867
176,31,1,-1,6914631,6859696,6794109,6754986,6831277,6717540,6733681,6732496,6691703,6743193,6567845,6559245,6506163,6472576,6424034,6510999,6465728,6387437,6442088,6409459
177,0,1,-1,6928102,6874325,6807911,6768432,6845471,6731657,6747492,6746879,6706190,6757482,6581168,6573220,6519572,6485967,6436944,6525400,6479836,6401520,6454696,6422932
178,31,1,-1,6912664,6858694,6793082,6754056,6830529,6716904,6732425,6731869,6691578,6742906,6566857,6558751,6505170,6472720,6422591,6509445,6465320,6387655,6441396,6409058
179,0,1,-1,6926377,6873068,6807464,6768030,6844967,6731094,6746966,6746349,6705949,6757662,6580047,6572601,6518581,6486354,6436437,6524524,6479536,6400873,6455082,6422500
180,31,1,-1,6912875,6860098,6793128,6754603,6831014,6716930,6733127,6733084,6691668,6743142,6566844,6559385,6506092,6472226,6423298,6510546,6465862,6387525,6441887,6409368
181,0,1,-1,6927682,6875138,6807321,6768847,6845718,6731214,6747998,6747471,6705812,6758006,6580695,6572828,6519856,6485502,6437054,6524142,6479702,6402014,6455586,6423206
182,31,1,-1,6912868,6860151,6793406,6754759,6831026,6716985,6733629,6732718,6691389,6743602,6566197,6559317,6505122,6472460,6423668,6510595,6465746,6387980,6441779,6409844
183,0,1,-1,6927855,6874931,6807936,6769661,6845503,6731871,6748609,6747989,6706277,6758565,6580893,6573908,6519917,6485935,6437512,6524657,6480214,6402375,6455768,6424002
184,31,1,-1,6913537,6859712,6792934,6755446,6831371,6716980,6734017,6732964,6691418,6743206,6566887,6559713,6505701,6471096,6423344,6510406,6465217,6388362,6441646,6409720
185,0,1,-1,6927341,6874189,6807436,6769270,6845958,6731424,6748581,6746999,6706238,6757065,6580761,6573044,6518439,6484856,6436677,6523973,6478909,6401604,6455313,6422913
186,31,1,-1,6913245,6859086,6792815,6754600,6831503,6716517,6733573,6732149,6691792,6741919,6566547,6558899,6504869,6471403,6422800,6508766,6465064,6388000,6441848,6409357
187,0,1,-1,6926502,6873410,6807303,6768462,6845141,6730360,6748349,6746201,6705077,6757101,6580393,6572565,6518226,6484702,6435836,6523422,6479411,6401092,6455030,6422817
188,31,1,-1,6912665,6858545,6793128,6753758,6831186,6716312,6733669,6731668,6690760,6742085,6566265,6558579,6504195,6470658,6421683,6508471,6465018,6387168,6441563,6408878
189,0,1,-1,6927553,6874071,6808756,6768109,6845750,6730824,6748286,6747706,6706115,6757689,6580477,6572672,6519651,6484447,6436295,6523059,6478987,6401332,6455674,6423102
190,31,1,-1,6912188,6859209,6793672,6752967,6830901,6715744,6733354,6732454,6691247,6742591,6565728,6558043,6505408,6471161,6422533,6508619,6464515,6387420,6441574,6408613
191,0,1,-1,6926659,6873555,6807713,6766955,6844713,6730158,6746999,6746794,6705208,6756895,6579511,6571552,6517685,6484682,6435371,6522098,6478126,6400736,6454958,6422295
192,31,1,-1,6913798,6859924,6793550,6754384,6831577,6716459,6733417,6731947,6691312,6742660,6567002,6558792,6504980,6472119,6423336,6509158,6465250,6387861,6441605,6409823
193,0,1,-1,6927143,6873809,6806441,6768038,6844936,6730284,6747787,6745711,6705010,6756869,6580104,6571360,6517844,6485274,6435484,6522444,6478320,6400772,6454589,6423041
194,31,1,-1,6913817,6859639,6793515,6755249,6831809,6716445,6733764,6731936,6691492,6743083,6567381,6558572,6505129,6471906,6423044,6509077,6466079,6388316,6441666,6410306
195,0,1,-1,6927816,6873554,6807428,6768403,6845510,6729921,6747108,6745515,6705094,6756984,6580445,6571427,6517645,6485036,6435756,6522181,6479312,6401314,6454560,6423142
196,31,1,-1,6912724,6859424,6793125,6754421,6831070,6715298,6732539,6731190,6690489,6742427,6566641,6557488,6504793,6471304,6422654,6508169,6465262,6387667,6440684,6409668
197,0,1,-1,6927351,6873257,6807320,6768543,6845151,6729839,6747166,6745388,6705154,6757243,6580213,6571526,6517743,6485718,6435872,6522137,6479770,6401246,6454530,6423476
198,31,1,-1,6913882,6859275,6793593,6754613,6831324,6715962,6733403,6731609,6691304,6743380,6566815,6558424,6504407,6472493,6422645,6508466,6466268,6387965,6441568,6409795
199,0,1,-1,6927310,6873044,6807536,6767926,6845116,6730540,6746888,6745333,6705122,6757232,6580369,6571025,6517343,6485384,6435039,6522512,6479394,6400762,6454514,6422673
200,31,1,-1,6913421,6857974,6793307,6754160,6830430,6716186,6732736,6731315,6690902,6742233,6566487,6557387,6503145,6472158,6422165,6508380,6465502,6387089,6441503,6409452
201,0,1,-1,6927281,6872449,6807839,6768523,6844808,6730285,6747577,6747065,6705739,6757583,6580269,6572026,6517119,6485902,6435902,6523065,6479838,6401769,6455847,6423234
202,31,1,-1,6913741,6857658,6793288,6754271,6830276,6715115,6732949,6731968,6691138,6743043,6566878,6557864,6503770,6471969,6422812,6507804,6465774,6387321,6441918,6409704
203,0,1,-1,6928205,6872127,6808398,6768976,6845040,6730469,6747480,6746456,6706103,6757718,6581427,6572481,6518597,6485396,6436072,6522933,6479869,6401093,6455233,6423528
204,31,1,-1,6913761,6858191,6793591,6754687,6830868,6715573,6732537,6731763,6691361,6743153,6567394,6559046,6504345,6471452,6422582,6507928,6465590,6386714,6441836,6409963
205,0,1,-1,6927816,6873172,6808351,6768984,6845036,6730912,6747126,6747317,6706043,6758040,6581482,6572478,6518427,6485827,6436367,6522914,6479650,6400650,6456654,6423735
206,31,1,-1,6914032,6859401,6794254,6755241,6831345,6716517,6733618,6732644,6691980,6743168,6567495,6559018,6505721,6472139,6423497,6508979,6465945,6387301,6443290,6410786
207,0,1,-1,6927653,6872917,6808291,6769164,6845490,6731106,6747801,6746429,6706237,6758270,6580979,6572545,6518437,6485632,6436666,6523075,6479806,6401228,6457259,6423803
208,31,1,-1,6911610,6857454,6792858,6753949,6829394,6714998,6732388,6730032,6690580,6742290,6565858,6557831,6503831,6470866,6422826,6507382,6464822,6386042,6442399,6409022
209,0,1,-1,6926975,6872306,6807199,6768064,6844938,6730225,6747992,6744674,6705310,6757533,6579923,6572009,6517756,6485701,6437033,6521510,6479685,6400353,6455462,6422622
210,31,1,-1,6913289,6858648,6792451,6753908,6830262,6715436,6733326,6730696,6690808,6743048,6565946,6557916,6504911,6471275,6423469,6507724,6465528,6386490,6441887,6409419
211,0,1,-1,6926992,6873082,6806967,6767983,6844285,6730333,6747342,6744890,6705070,6757220,6579501,6571901,6518631,6485492,6436449,6522539,6478668,6400686,6455434,6422657
212,31,1,-1,6913393,6858783,6793193,6754159,6830113,6715851,6733329,6731588,6691005,6742670,6566176,6558144,6504534,6472234,6423038,6507963,6465539,6386676,6442490,6408638
213,0,1,-1,6927727,6873193,6807179,6767630,6844497,6729910,6747545,6745201,6705000,6756862,6579719,6571482,6517221,6485361,6436190,6521761,6479405,6400243,6455608,6421851
214,31,1,-1,6913906,6858239,6792798,6754170,6829713,6715887,6732996,6731032,6690772,6742029,6566062,6557472,6504829,6471966,6423084,6508217,6465373,6386704,6442052,6408780
215,0,1,-1,6927612,6873047,6806859,6768937,6844366,6730815,6748125,6745837,6705637,6756598,6579669,6571714,6518038,6484682,6437646,6522683,6479566,6400935,6455705,6422382
216,31,1,-1,6912351,6858097,6792749,6754985,6830384,6716018,6733313,6731274,6691254,6741803,6565538,6557976,6504768,6471573,6424083,6508414,6465135,6387195,6441568,6408674
217,0,1,-1,6927818,6872673,6807391,6769411,6844437,6731227,6748160,6745579,6705958,6757069,6580241,6571952,6518063,6485345,6437377,6523260,6479507,6401610,6455414,6422443
218,31,1,-1,6912609,6856681,6791860,6754491,6829832,6715469,6732253,6730737,6690320,6740865,6565233,6557440,6504148,6470572,6422378,6508082,6464640,6386025,6441210,6407981
219,0,1,-1,6927658,6871735,6806599,6768854,6844535,6729960,6746966,6745469,6705192,6755977,6579203,6571157,6517291,6485169,6436609,6522225,6479641,6399877,6455428,6422087
220,31,1,-1,6913312,6857255,6792058,6754229,6829752,6715100,6732572,6730698,6690406,6740860,6565947,6557663,6503711,6470599,6422766,6507439,6465588,6385482,6441437,6408881
221,0,1,-1,6928538,6873654,6807749,6769109,6844766,6730906,6748243,6746113,6705999,6756970,6580601,6572248,6517955,6486118,6437092,6523086,6480584,6400877,6456469,6423377
222,31,1,-1,6913151,6858611,6792647,6754109,6829559,6715857,6732495,6731376,6690763,6741007,6565245,6557532,6504529,6471385,6422797,6507649,6464924,6385884,6442171,6409100
223,0,1,-1,6927922,6873483,6807575,6768714,6844687,6731256,6747097,6747056,6705818,6756896,6579899,6571902,6518488,6486649,6436607,6522761,6479886,6400186,6456400,6423121
224,31,1,-1,6913325,6859390,6793231,6754587,6830301,6716463,6732700,6732505,6690920,6741882,6566004,6557958,6504653,6472434,6423427,6507949,6465811,6386979,6442410,6409490
225,0,1,-1,6927665,6873219,6807425,6768764,6844350,6730546,6746851,6746505,6705434,6756348,6579786,6571908,6518180,6486005,6436911,6522633,6479126,6400205,6456081,6422892
226,31,1,-1,6913860,6859312,6793195,6754851,6829835,6716070,6732849,6732610,6691661,6742446,6566211,6558454,6505499,6472834,6423193,6508478,6465843,6386764,6442110,6409407
227,0,1,-1,6927539,6872605,6806747,6767973,6844279,6729841,6746519,6745923,6705556,6756039,6579558,6571588,6518094,6486236,6435872,6522205,6479381,6399949,6455203,6421657
228,31,1,-1,6912575,6859074,6792998,6754417,6830378,6715708,6732605,6730862,6691061,6741353,6566739,6558428,6504915,6472661,6423449,6508976,6465748,6386578,6441583,6408671
229,0,1,-1,6927417,6874059,6807591,6768780,6844467,6730059,6747066,6745284,6706131,6756384,6580785,6572242,6518664,6486339,6437014,6523412,6479943,6400902,6456094,6422278
230,31,1,-1,6912947,6858995,6793297,6755027,6830252,6716188,6732635,6730378,6691668,6742275,6566909,6558159,6504893,6472515,6423771,6509268,6465291,6386505,6442217,6409015
231,0,1,-1,6927206,6873910,6807213,6768979,6844617,6730650,6747164,6745788,6705446,6757134,6580907,6572397,6518147,6486347,6437127,6522870,6479759,6400900,6456458,6421947
232,31,1,-1,6911932,6858766,6792548,6754886,6830151,6715976,6732754,6731658,6691059,6742085,6566653,6558256,6505045,6472699,6423701,6508471,6465425,6387141,6441996,6408416
233,0,1,-1,6926948,6873077,6806847,6769303,6844965,6730713,6747624,6746391,6705471,6757035,6580693,6572083,6518178,6485911,6436671,6522208,6480079,6401124,6455495,6422380
234,31,1,-1,6912882,6858571,6792464,6754952,6829799,6715986,6733308,6731772,6691261,6742314,6566880,6557997,6504511,6472385,6423604,6508193,6465534,6387103,6441300,6408369
235,0,1,-1,6926796,6873435,6807157,6768557,6843966,6730691,6747839,6746728,6705462,6757216,6580271,6571776,6518556,6486201,6436912,6522184,6479164,6400468,6455244,6421634
236,31,1,-1,6912154,6858485,6792194,6754673,6829020,6716003,6733230,6731752,6690986,6741700,6566059,6557784,6505236,6472334,6423239,6507743,6465217,6386707,6441546,6407781
237,0,1,-1,6926266,6874302,6807640,6768929,6843978,6730955,6748034,6746144,6705898,6757041,6580349,6572235,6518910,6486946,6436877,6522443,6478774,6400721,6455708,6422124
238,31,1,-1,6912184,6858928,6793112,6755160,6830579,6716142,6733515,6731447,6690930,6742557,6567497,6558355,6504696,6473241,6423788,6508079,6465309,6387072,6442232,6409235
239,0,1,-1,6926015,6873112,6807289,6768850,6844620,6730864,6747572,6746767,6705842,6757567,6581315,6572151,6518659,6487002,6437334,6522441,6479462,6400854,6456140,6422992
240,31,1,-1,6912052,6859297,6793699,6754687,6830437,6716147,6733501,6732845,6691350,6742875,6567888,6558416,6505152,6472900,6423903,6508484,6465510,6387797,6442657,6409647
241,0,1,-1,6927194,6874652,6808697,6769558,6845583,6731157,6748372,6747439,6706701,6758007,6582095,6572450,6518788,6486697,6437424,6523430,6479783,6401361,6456813,6423429
242,31,1,-1,6912677,6859582,6793289,6754724,6829975,6716313,6733405,6731915,6691072,6742606,6567605,6558240,6504752,6472655,6423785,6507903,6465050,6386702,6442409,6409538
243,0,1,-1,6926240,6871795,6806622,6768212,6843875,6730305,6746861,6745761,6705280,6756714,6580463,6571819,6517315,6485761,6436442,6521670,6478493,6399523,6455206,6421948
244,31,1,-1,6912440,6858210,6792779,6754330,6830374,6715946,6733081,6731073,6691345,6742697,6567342,6558383,6504284,6472858,6423544,6508253,6464890,6385909,6441443,6408705
245,0,1,-1,6925848,6871301,6806423,6768107,6843929,6730063,6746712,6744834,6704758,6756949,6580453,6571757,6517111,6486095,6436241,6521527,6478392,6398820,6454479,6421656
246,31,1,-1,6912032,6857011,6792323,6754259,6830027,6715706,6731856,6731080,6690949,6742205,6566654,6557898,6503576,6472087,6422966,6507390,6465068,6385438,6441209,6407635
247,0,1,-1,6926995,6872930,6806978,6769346,6844983,6730576,6746710,6746260,6706442,6757866,6581342,6572570,6517827,6486218,6436470,6521856,6480095,6399904,6455428,6422016
248,31,1,-1,6911757,6857198,6791575,6754410,6829565,6715076,6731302,6730387,6690714,6742153,6566473,6557589,6503582,6471523,6422133,6506317,6464572,6386323,6441424,6407423
249,0,1,-1,6926358,6871693,6805995,6767940,6843460,6730112,6745648,6745590,6704791,6757128,6580492,6571004,6517142,6485501,6435858,6521453,6478178,6400582,6454779,6420617
250,31,1,-1,6912275,6857493,6792242,6754579,6829203,6715772,6732230,6731784,6690099,6742208,6567272,6556988,6504251,6471969,6422708,6507722,6464255,6386097,6440877,6407298
251,0,1,-1,6926473,6871881,6806606,6768913,6843686,6730140,6746246,6746376,6704768,6756971,6580968,6571214,6517413,6485822,6435677,6521896,6478617,6399525,6454432,6420804
252,31,1,-1,6912340,6858440,6792786,6755108,6829990,6715864,6732525,6732171,6690812,6742272,6567124,6557735,6504260,6472387,6422734,6507593,6465275,6386542,6441056,6408274
253,0,1,-1,6926030,6871953,6806495,6768409,6843653,6729931,6745824,6745347,6704731,6756559,6579917,6570664,6516544,6485293,6434922,6521460,6479030,6400394,6453926,6420928
254,31,1,-1,6910963,6856473,6791705,6753566,6828903,6714843,6730969,6730486,6690130,6741421,6565023,6557623,6502896,6471177,6421610,6506929,6464867,6385990,6440071,6406951
255,0,1,-1,6926203,6872292,6806795,6768677,6844554,6730131,6746224,6745409,6705220,6756979,6580233,6571985,6517827,6486224,6436244,6521886,6479857,6400414,6454467,6422069
256,31,1,-1,6912023,6858918,6793160,6755296,6830751,6715625,6732002,6731220,6690852,6742591,6567640,6558493,6504682,6472416,6422904,6507677,6465997,6387087,6441618,6408837
257,0,1,-1,6927128,6873598,6807316,6769216,6845299,6729800,6747537,6745976,6705540,6757494,6581454,6572304,6517818,6486257,6436563,6522184,6480255,6400130,6455729,6421911
258,31,1,-1,6912617,6859484,6793233,6755527,6830548,6715119,6733164,6731634,6691501,6743109,6567035,6558469,6504365,6472840,6422908,6508354,6465825,6386825,6441480,6408258
259,0,1,-1,6925225,6872275,6806725,6768141,6843650,6729161,6746662,6745124,6705275,6757106,6579930,6571024,6517190,6485773,6435203,6522197,6478313,6399962,6455003,6420755
260,31,1,-1,6911562,6858599,6793658,6754528,6830292,6716071,6732901,6732026,6691533,6742951,6567458,6558566,6504584,6473106,6422932,6507865,6464769,6386968,6442537,6408207
261,0,1,-1,6926174,6872960,6807648,6768503,6844093,6729521,6746654,6745406,6705666,6757044,6580063,6571728,6517109,6485061,6435516,6521373,6478375,6400323,6454942,6421125
262,31,1,-1,6911989,6858809,6793333,6754440,6829837,6715276,6732044,6731423,6691427,6742548,6566222,6558068,6503861,6471833,6422780,6507255,6465140,6386126,6441581,6408084
263,0,1,-1,6926564,6873032,6807254,6767688,6843953,6729931,6745866,6744682,6705034,6757133,6578904,6571427,6517101,6485491,6435921,6521754,6478687,6399433,6455419,6421646
264,31,1,-1,6911859,6857847,6793191,6754559,6829902,6716333,6731573,6730933,6690521,6742184,6565431,6558075,6504279,6471685,6422973,6508219,6465000,6385979,6441841,6408555
265,0,1,-1,6926973,6872757,6807983,6768819,6844540,6731256,6746518,6745623,6705698,6757202,6580622,6571767,6518322,6486042,6436364,6522015,6479844,6400413,6456054,6422920
266,31,1,-1,6913179,6858208,6793456,6754970,6829959,6716763,6732535,6731823,6691631,6742985,6567134,6558439,6504892,6472983,6422522,6507804,6466238,6386904,6442568,6409261
267,0,1,-1,6926828,6871290,6807344,6767816,6843566,6730097,6745962,6745160,6704840,6756897,6579682,6571113,6516887,6485849,6434254,6520997,6479503,6399680,6454875,6422086
268,31,1,-1,6912935,6858096,6793710,6754169,6829688,6715789,6732076,6730999,6690489,6742582,6566182,6557619,6504192,6471680,6422056,6506963,6465974,6386205,6441911,6409291
269,0,1,-1,6927808,6872014,6807783,6768430,6844911,6729821,6746927,6745709,6705095,6756946,6580324,6572178,6518590,6485580,6436125,6521740,6479480,6400030,6455167,6422359
270,31,1,-1,6911999,6857134,6792950,6753818,6830030,6714776,6731533,6730110,6689688,6741821,6566151,6558081,6504127,6471860,6422630,6506977,6465076,6385767,6441145,6407933
271,0,1,-1,6926067,6871896,6808116,6768215,6844717,6730021,6746718,6745505,6704792,6757016,6580001,6570814,6518934,6486269,6435396,6521330,6479231,6400624,6455389,6421993
272,31,1,-1,6911503,6857495,6793633,6754416,6830563,6715946,6732419,6731413,6690690,6742380,6565987,6557345,6505767,6472936,6422775,6507652,6465087,6386972,6442228,6408959
273,0,1,-1,6925088,6871701,6807091,6767750,6844392,6729602,6746375,6745588,6704774,6756424,6579750,6571098,6518371,6486152,6436195,6521265,6478612,6400177,6455889,6422097
274,31,1,-1,6911977,6857769,6792840,6754237,6830306,6715841,6732694,6730827,6690966,6742086,6566851,6558430,6505000,6472776,6423219,6507333,6465542,6386495,6442899,6408712
275,0,1,-1,6925665,6873021,6807145,6768735,6844761,6730509,6747054,6746203,6705669,6756713,6580665,6571697,6518787,6486413,6436057,6521744,6479641,6399672,6455901,6422341
276,31,1,-1,6911973,6859008,6792971,6754791,6830640,6715791,6733095,6732262,6691578,6742552,6566535,6558628,6505197,6473467,6423169,6508120,6465420,6386732,6442798,6409125
277,0,1,-1,6925939,6873800,6806477,6768747,6844499,6729674,6747349,6745300,6705456,6757039,6580104,6571930,6517988,6486165,6436589,6521788,6479270,6399261,6455947,6422341
278,31,1,-1,6912019,6858086,6791529,6754276,6829736,6714941,6732730,6730778,6690856,6742376,6566486,6557781,6504140,6471811,6422776,6507031,6464785,6386042,6441942,6408506
279,0,1,-1,6926665,6872890,6806162,6768399,6844102,6730075,6747212,6745416,6706004,6757501,6581137,6571683,6517641,6485875,6436711,6522883,6478854,6400508,6454833,6422434
280,31,1,-1,6912593,6858226,6791811,6753982,6829703,6715090,6732639,6730584,6691398,6742682,6567101,6557598,6504125,6472048,6422609,6507847,6464303,6386566,6441240,6409136
281,0,1,-1,6926878,6871985,6806624,6768355,6843921,6729542,6746259,6745485,6705271,6756821,6580285,6571315,6518035,6485941,6436071,6522190,6478304,6400204,6454926,6422104
282,31,1,-1,6912306,6858121,6792508,6754256,6829896,6715385,6732279,6731366,6691248,6742651,6566974,6557809,6505396,6472571,6422836,6507874,6464723,6387136,6442207,6409393
283,0,1,-1,6926569,6871814,6807043,6768651,6844281,6729496,6746417,6745476,6705363,6757630,6580794,6571275,6518622,6486258,6436435,6522675,6478474,6401123,6455913,6422953
284,31,1,-1,6913095,6858888,6793318,6755287,6830445,6716340,6732390,6731505,6691809,6743358,6567532,6558350,6505965,6473595,6423727,6507951,6464969,6387012,6442155,6409978
285,0,1,-1,6926876,6873274,6807521,6769129,6844251,6730660,6746943,6745209,6705529,6757884,6580737,6572408,6519086,6486592,6436649,6521986,6479085,6400592,6456076,6422778
286,31,1,-1,6913829,6859055,6794033,6755270,6830776,6716407,6732631,6731339,6691936,6743727,6567642,6559651,6505698,6472828,6423371,6509073,6465093,6386716,6442127,6410082
287,0,1,-1,6928137,6874204,6808708,6769860,6845383,6731344,6747793,6746373,6706369,6758477,6581691,6573612,6519666,6486624,6437501,6523011,6479425,6400961,6456739,6424725
288,31,1,-1,6913222,6858828,6793910,6755487,6830736,6716593,6733017,6731042,6691335,6742971,6567343,6559382,6505496,6472666,6423581,6509010,6465324,6386676,6442925,6410791
289,0,1,-1,6927512,6873090,6808251,6769180,6844895,6730839,6747361,6745955,6706270,6757562,6580604,6572800,6518816,6486908,6436823,6523059,6479380,6400447,6457134,6424404
290,31,1,-1,6912581,6858551,6793906,6755282,6830544,6716284,6733198,6732288,6692258,6742953,6566865,6559176,6505300,6473562,6423574,6508422,6465327,6386420,6442432,6410962
291,0,1,-1,6926597,6873117,6807403,6768508,6844226,6730428,6746993,6746215,6705825,6756848,6580296,6572538,6518838,6486322,6436702,6522315,6479349,6400126,6455367,6423342
292,31,1,-1,6912003,6859059,6793561,6755098,6830419,6716148,6733148,6731762,6691553,6742126,6566870,6559335,6505736,6472501,6423074,6508282,6464415,6385989,6442104,6409412
293,0,1,-1,6927194,6874028,6808526,6769620,6845479,6731465,6747739,6747237,6706514,6757020,6581454,6573536,6520126,6487091,6437332,6523804,6479575,6400021,6456675,6423829
294,31,1,-1,6913008,6859224,6794007,6754983,6830495,6716731,6732964,6732929,6691978,6742975,6567347,6559782,6505790,6472448,6423021,6509042,6466039,6386054,6442129,6409981
295,0,1,-1,6927768,6873904,6808376,6769343,6845105,6731257,6747753,6747110,6706135,6757465,6581481,6573390,6519929,6486606,6437151,6523120,6479456,6400314,6455768,6423635
296,31,1,-1,6912649,6859014,6794343,6755116,6831047,6716522,6732935,6732271,6691475,6742489,6567646,6559777,6506140,6472825,6423261,6508749,6465199,6386656,6442143,6409883
297,0,1,-1,6926717,6872998,6807639,6768559,6844368,6730303,6746905,6745802,6704949,6756193,6580398,6572570,6518497,6485243,6436501,6521878,6479071,6399726,6455289,6423020
298,31,1,-1,6912750,6858048,6793580,6754804,6830332,6716049,6733001,6731468,6691571,6742058,6567017,6559595,6505868,6472336,6423619,6508342,6465922,6386619,6441895,6410037
299,0,1,-1,6926640,6871965,6807633,6768732,6844955,6730432,6747913,6745545,6705158,6757197,6580517,6572685,6518524,6486125,6436378,6522036,6479776,6400843,6455440,6423227
300,31,1,-1,6912983,6858155,6793099,6755165,6830842,6716073,6733093,6731270,6691066,6742313,6566913,6559121,6504911,6472980,6423621,6507831,6465289,6387296,6442093,6409586
301,0,1,-1,6927727,6873251,6807897,6769682,6845573,6731164,6747368,6746168,6706176,6757715,6580738,6572755,6519502,6486648,6436958,6522370,6479968,6401897,6455622,6423951
302,31,1,-1,6912958,6857845,6792901,6754513,6830444,6715930,6732153,6730992,6690798,6742403,6566116,6558159,6505567,6471980,6422526,6507654,6465285,6387349,6440796,6410049
303,0,1,-1,6926979,6872988,6807495,6768478,6844871,6730666,6746697,6746336,6706173,6756993,6580397,6571972,6519599,6486211,6435857,6521992,6479411,6401999,6455222,6423772
304,31,1,-1,6912289,6858213,6793509,6754556,6830154,6716300,6732100,6731502,6691371,6741889,6566317,6558961,6505502,6472047,6422715,6507852,6464973,6387450,6441720,6410550
305,0,1,-1,6927522,6873784,6808437,6768905,6844218,6731039,6747244,6745909,6705955,6756713,6580810,6572804,6519373,6486469,6436790,6522469,6479124,6401684,6455414,6423888
306,31,1,-1,6912909,6858400,6793001,6754872,6829583,6715799,6732626,6731128,6691082,6741602,6566822,6558622,6504798,6472411,6422320,6508093,6465095,6387069,6441749,6409767
307,0,1,-1,6927667,6873474,6808172,6769526,6844836,6731418,6747806,6746092,6706376,6757540,6580934,6573241,6518705,6487574,6436642,6523126,6479727,6401493,6456023,6424208
308,31,1,-1,6912246,6858468,6792917,6755033,6830011,6715900,6732566,6731135,6691476,6741626,6565888,6558808,6505096,6472342,6422635,6507671,6464409,6386946,6441703,6409868
309,0,1,-1,6926929,6872516,6807651,6769095,6845187,6730852,6747384,6745461,6706055,6757496,6580229,6573286,6519541,6486449,6436395,6521940,6479562,6400936,6455931,6423625
310,31,1,-1,6912836,6858370,6793312,6755600,6831040,6716485,6733924,6730798,6691569,6742294,6566661,6559673,6506019,6472782,6423252,6507486,6465314,6387695,6442514,6410445
311,0,1,-1,6926756,6873126,6807647,6768934,6845281,6731163,6748108,6745249,6705585,6757003,6580532,6573100,6518880,6486407,6436244,6522196,6479500,6400836,6455626,6423648
312,31,1,-1,6912789,6859111,6793664,6755169,6830742,6716513,6733639,6731075,6690939,6742472,6567547,6559645,6505576,6473134,6422848,6508116,6465735,6387934,6443020,6410846
313,0,1,-1,6926767,6873517,6807821,6768858,6845418,6730737,6747271,6746022,6704961,6757310,6581143,6572931,6518694,6486695,6436077,6522122,6479476,6401490,6456201,6423740
314,31,1,-1,6912028,6859668,6793874,6754786,6831380,6716225,6732956,6731964,6690878,6742314,6567038,6559121,6505371,6472517,6422709,6508628,6465600,6387920,6442145,6409765
315,0,1,-1,6927412,6874079,6808571,6769614,6845953,6730995,6747508,6746817,6706008,6757769,6581935,6573075,6519437,6486682,6436907,6523361,6480035,6402300,6456726,6424118
316,31,1,-1,6912293,6858822,6793441,6754383,6830713,6715678,6732777,6731553,6690660,6741865,6567201,6558419,6505375,6471682,6422118,6507606,6465355,6386760,6442143,6409557
317,0,1,-1,6926552,6873284,6807820,6768631,6845455,6730817,6747952,6745696,6705239,6757367,6581630,6572175,6518501,6486301,6435670,6522477,6479372,6401073,6455927,6423136
318,31,1,-1,6912458,6859127,6793685,6755212,6830872,6716181,6733337,6731509,6690935,6742904,6567954,6559566,6505557,6473127,6422925,6508826,6466134,6387066,6442309,6410314
319,0,1,-1,6926418,6873106,6807298,6768856,6844705,6730560,6746878,6745330,6704869,6757706,6581421,6573435,6518226,6487132,6436301,6522148,6479787,6401187,6455824,6423675
320,31,1,-1,6912857,6858576,6793371,6754793,6830556,6716292,6733201,6732189,6691284,6743409,6567959,6559318,6505495,6474063,6423448,6508371,6465430,6388143,6442539,6410417
321,0,1,-1,6927548,6872972,6808277,6769430,6844838,6730586,6747459,6745862,6706170,6758214,6581631,6573341,6519469,6487565,6436205,6522778,6480063,6401970,6456129,6423982
322,31,1,-1,6913042,6858507,6793678,6755330,6829861,6715818,6732504,6732233,6691289,6743447,6567506,6559442,6505506,6473074,6422473,6507961,6465681,6387272,6441743,6410337
323,0,1,-1,6927372,6873297,6807612,6768736,6844297,6729915,6746972,6745855,6705321,6757875,6581026,6572515,6519021,6486664,6435781,6522180,6479467,6401076,6455126,6423760
324,31,1,-1,6912753,6859167,6794008,6755448,6830683,6716081,6733398,6732148,6691429,6744167,6567779,6559903,6506978,6473833,6423040,6508219,6466207,6387554,6442457,6410319
325,0,1,-1,6927156,6873738,6808272,6769669,6844887,6730748,6748017,6746444,6706113,6758932,6581795,6573461,6520227,6487584,6436571,6522723,6480381,6400937,6456119,6423823
326,31,1,-1,6912703,6859084,6793112,6755429,6830869,6716137,6733595,6731655,6691535,6743534,6567377,6559207,6506305,6473647,6422435,6508039,6465733,6386325,6441946,6410167
327,0,1,-1,6926241,6872054,6807580,6769141,6844149,6730269,6747746,6745250,6705284,6757803,6580676,6572367,6519728,6486282,6435468,6522328,6479237,6400487,6455064,6422517
328,31,1,-1,6912096,6859141,6792891,6755291,6830173,6716128,6733272,6731121,6691568,6743113,6567256,6558591,6506348,6473463,6422898,6508137,6465145,6386911,6441759,6409607
329,0,1,-1,6926287,6873390,6807076,6768808,6843972,6730457,6746553,6745080,6705856,6756903,6580448,6572415,6519028,6486827,6435709,6522741,6479185,6400765,6455030,6422871
330,31,1,-1,6912608,6858553,6793244,6755869,6830439,6717001,6733109,6732045,6692093,6743594,6567365,6559760,6506556,6474229,6423262,6509477,6465927,6387654,6442417,6409863
331,0,1,-1,6926936,6872289,6807568,6769627,6844220,6730757,6747778,6747175,6705369,6757668,6580781,6572983,6519429,6487422,6436885,6523340,6479701,6401373,6455333,6422911
332,31,1,-1,6913303,6859457,6794007,6756408,6830880,6716729,6734338,6733907,6691982,6743386,6567725,6559291,6506883,6474128,6424224,6509728,6466192,6388405,6442475,6410138
333,0,1,-1,6926886,6873468,6807894,6769764,6844418,6730689,6748102,6747595,6705300,6758115,6580614,6573017,6519562,6486467,6437464,6522794,6479391,6401437,6455777,6423068
334,31,1,-1,6912926,6860095,6793878,6756237,6831129,6716685,6734176,6733922,6691891,6744075,6566895,6559694,6506193,6473666,6424107,6508969,6466575,6388289,6443161,6410012
335,0,1,-1,6927309,6874639,6807852,6769889,6845371,6730727,6748177,6747658,6706580,6758437,6580241,6573223,6520053,6487300,6437783,6523962,6480446,6401538,6456442,6422976
336,31,1,-1,6913291,6859908,6793716,6755822,6830859,6716446,6733153,6734242,6692180,6744040,6566950,6559641,6506774,6473296,6424119,6509884,6466570,6387430,6442962,6409863
337,0,1,-1,6926988,6874240,6808294,6769747,6845409,6731462,6747823,6747782,6706606,6758430,6580750,6573250,6520084,6487119,6437633,6524345,6480724,6401542,6456607,6423697
338,31,1,-1,6912950,6858677,6793582,6755406,6830304,6716314,6732840,6733139,6691217,6743322,6566822,6559864,6506279,6472831,6423895,6509215,6466332,6387092,6442676,6409570
339,0,1,-1,6927397,6873732,6808175,6769521,6845037,6731210,6747229,6747522,6706172,6758298,6581171,6573385,6520078,6486416,6437625,6523614,6480640,6401114,6456342,6423418
340,31,1,-1,6912793,6858769,6794099,6755675,6830456,6716597,6733138,6732182,6691578,6743663,6567668,6559021,6506276,6473253,6424351,6509103,6466569,6387764,6442287,6409602
341,0,1,-1,6927069,6873274,6808239,6769586,6844868,6730973,6747542,6747254,6706176,6758536,6581598,6572852,6519210,6486410,6437359,6523381,6480616,6401494,6456213,6422853
342,31,1,-1,6912726,6858451,6794232,6755295,6830538,6716474,6733657,6732493,6691425,6743655,6567915,6559741,6505733,6472003,6423846,6508899,6466591,6387717,6443067,6409225
343,0,1,-1,6926724,6873486,6808448,6769287,6844706,6731231,6748488,6746762,6706385,6758318,6581175,6572741,6518681,6485620,6436977,6522753,6480376,6401578,6455928,6422271
344,31,1,-1,6912337,6859144,6793814,6755313,6830213,6717614,6734516,6732611,6692140,6743263,6567369,6559314,6505761,6471666,6423840,6508728,6465497,6387531,6441741,6409125
345,0,1,-1,6927255,6874771,6808833,6769944,6844796,6732619,6749687,6747759,6707207,6758890,6581554,6573117,6519307,6486098,6438116,6523039,6480565,6401577,6456249,6423325
346,31,1,-1,6912741,6861148,6795038,6756110,6831318,6718330,6735248,6734333,6692636,6744622,6568243,6559497,6506349,6472682,6424634,6510218,6466348,6388542,6442396,6409991
347,0,1,-1,6926211,6874562,6808945,6769271,6845211,6731315,6749292,6747258,6706675,6758466,6581087,6573101,6518928,6485962,6437339,6523726,6480159,6400966,6456251,6422864
348,31,1,-1,6912657,6860474,6794447,6755241,6830929,6716815,6734843,6733157,6692175,6743013,6567450,6559625,6506103,6472891,6424480,6509648,6466475,6387608,6442873,6410200
349,0,1,-1,6927118,6874312,6808496,6769132,6845481,6731034,6749059,6747183,6706481,6758174,6581116,6573482,6519859,6486375,6437824,6523594,6480960,6401416,6456230,6422978
350,31,1,-1,6913573,6859204,6793937,6755146,6830576,6716541,6734156,6732199,6692036,6744125,6567320,6559445,6506405,6473044,6424559,6509535,6466612,6387982,6441912,6409564
351,0,1,-1,6926678,6873312,6808067,6769573,6844789,6731149,6748950,6746382,6705773,6757840,6580875,6572315,6518797,6485952,6437109,6524225,6480816,6401389,6455853,6422243
352,31,1,-1,6912418,6859766,6794737,6755776,6830314,6716943,6735051,6732063,6691756,6743575,6567348,6559035,6505545,6472141,6423860,6509898,6466342,6387903,6442285,6409366
353,0,1,-1,6926889,6874092,6809148,6769658,6844909,6731421,6749827,6746548,6706351,6758307,6581470,6572900,6518424,6486125,6437793,6523923,6480626,6401356,6456790,6422963
354,31,1,-1,6913069,6859582,6794313,6755553,6830608,6717431,6735336,6732340,6692199,6743383,6567329,6559284,6505075,6472657,6424166,6509811,6466511,6387598,6443439,6409523
355,0,1,-1,6927054,6874613,6808683,6769780,6845432,6731911,6750022,6746886,6706714,6758801,6581092,6572875,6518516,6485934,6437529,6523866,6480227,6401511,6457042,6422646
356,31,1,-1,6912704,6858736,6793537,6754607,6831048,6716479,6734577,6731594,6691421,6742727,6567030,6558684,6504636,6471607,6423240,6508529,6466225,6387463,6442469,6408965
357,0,1,-1,6927070,6873462,6808251,6768607,6845418,6731102,6749582,6746018,6705892,6757989,6581080,6572270,6519355,6486203,6436877,6523792,6480353,6401568,6456307,6422752
358,31,1,-1,6912113,6859085,6793677,6755086,6830882,6716461,6735280,6732024,6691411,6743354,6567292,6558622,6505674,6471715,6424038,6509168,6465962,6387489,6442596,6409109
359,0,1,-1,6925921,6874112,6807799,6768546,6843963,6731056,6748904,6745751,6705492,6757540,6580827,6572176,6518814,6485081,6436815,6522934,6479590,6401001,6455592,6422240
360,31,1,-1,6911669,6858757,6793000,6754395,6829389,6715834,6733870,6730113,6690574,6741990,6566735,6558347,6504783,6470353,6423003,6508188,6465287,6386843,6442191,6408277
361,0,1,-1,6926844,6873844,6808189,6769607,6844294,6731052,6748840,6745325,6705583,6757915,6581113,6572778,6518665,6486082,6437346,6523007,6479910,6400854,6456823,6422182
362,31,1,-1,6912898,6859051,6793536,6754870,6830802,6716059,6733667,6731050,6690694,6743130,6566829,6558564,6505506,6472819,6423523,6509168,6465839,6387017,6442793,6408522
363,0,1,-1,6927369,6873723,6808291,6769001,6845931,6731109,6748423,6745950,6705388,6758036,6581137,6572207,6519265,6486632,6437727,6524449,6480552,6400900,6456326,6422201
364,31,1,-1,6912661,6859250,6794197,6754845,6831553,6716541,6733909,6731425,6690602,6743492,6566974,6558497,6505935,6473135,6423836,6509859,6466226,6387434,6442929,6408782
365,0,1,-1,6927116,6873997,6808570,6769083,6845769,6730959,6748841,6746417,6705037,6758215,6580438,6572271,6519600,6485962,6437104,6523842,6479926,6401057,6456333,6421777
366,31,1,-1,6912259,6858905,6793636,6754189,6831076,6715427,6734034,6731584,6690817,6743171,6566743,6558490,6505650,6471527,6423065,6508835,6465432,6387671,6442657,6408286
367,0,1,-1,6927069,6873669,6807475,6768523,6845024,6729799,6748431,6746587,6705232,6757944,6580262,6571819,6518905,6485030,6436016,6522808,6479543,6401302,6455690,6421747
368,31,1,-1,6912735,6859583,6793160,6754580,6831185,6715614,6734132,6732380,6691318,6743358,6567205,6558349,6505171,6472359,6423455,6508951,6465527,6387493,6442097,6408665
369,0,1,-1,6926539,6873801,6807367,6768621,6844921,6729697,6748107,6746792,6705746,6757723,6580799,6571848,6518573,6485047,6436591,6523434,6479765,6400940,6456076,6421562
370,31,1,-1,6912696,6859575,6793336,6754608,6830687,6716116,6733568,6731673,6691745,6742909,6566981,6558575,6505299,6472859,6423594,6509209,6466262,6387153,6442402,6408432
371,0,1,-1,6926831,6873135,6807318,6768995,6844734,6730579,6747879,6745338,6706072,6757830,6580699,6571859,6519033,6485873,6436261,6523491,6479983,6400190,6456570,6421961
372,31,1,-1,6912847,6859213,6793445,6755045,6830114,6716677,6733057,6731744,6692021,6743221,6567600,6558027,6505543,6472759,6423399,6509337,6465744,6387095,6442732,6409093
373,0,1,-1,6927290,6873542,6807528,6769037,6844680,6730468,6747186,6745051,6705548,6757607,6581126,6571881,6519648,6485894,6436753,6523218,6479330,6400140,6456279,6422170
374,31,1,-1,6913303,6859718,6793548,6755902,6831487,6717046,6734230,6732025,6692059,6743917,6568014,6559164,6507486,6473401,6423728,6510345,6466576,6387061,6443155,6409484
375,0,1,-1,6927410,6873651,6807503,6769514,6845007,6731146,6748121,6745995,6705973,6757497,6581218,6572559,6519602,6486606,6436780,6523250,6479826,6401115,6456079,6422581
376,31,1,-1,6912252,6859047,6793438,6755307,6830709,6716983,6733846,6731941,6692034,6743009,6567675,6559027,6505918,6472669,6423617,6509370,6466077,6387078,6442051,6408910
377,0,1,-1,6927302,6873879,6807839,6769222,6844999,6732051,6747971,6746156,6706770,6757950,6581449,6572868,6519387,6487195,6436770,6523967,6480482,6400509,6456399,6422430
378,31,1,-1,6912405,6859381,6793054,6754663,6830582,6716929,6733643,6731462,6691174,6742517,6566709,6558471,6505565,6473384,6423141,6509291,6465641,6387224,6441903,6408465
379,0,1,-1,6926716,6873860,6807868,6768733,6844525,6731163,6747966,6745424,6705552,6757236,6580873,6572372,6519602,6486010,6436372,6522925,6479868,6400425,6455451,6421867
380,31,1,-1,6912871,6859210,6793608,6755149,6830556,6716687,6734069,6731141,6691147,6743151,6567785,6559510,6505605,6472632,6423025,6508829,6466081,6386810,6442968,6408590
381,0,1,-1,6927486,6873993,6808149,6769860,6845338,6731410,6749131,6745759,6705644,6757581,6581548,6573275,6518838,6486642,6437053,6522848,6479565,6401066,6457175,6422300
382,31,1,-1,6913512,6859431,6794918,6755525,6830747,6717260,6734992,6731265,6692067,6742919,6567988,6559398,6506911,6473170,6422981,6509770,6465080,6387295,6443461,6409857
383,0,1,-1,6928107,6874224,6809037,6770169,6844682,6731923,6749753,6746663,6707089,6758093,6582090,6572964,6520094,6486850,6437053,6524650,6479584,6401795,6457067,6422881
384,31,1,-1,6913340,6860765,6794656,6755940,6831217,6717479,6735129,6732591,6692691,6743254,6568459,6559428,6506869,6473145,6423615,6510039,6465649,6388394,6443512,6409858
385,0,1,-1,6928106,6874375,6808715,6769480,6845104,6731471,6749178,6746207,6705879,6757383,6581857,6572495,6519842,6486128,6436739,6523283,6479110,6401660,6456804,6423131
386,31,1,-1,6913422,6859817,6794617,6755776,6830919,6717210,6734794,6732370,6691366,6743088,6567954,6559045,6507052,6473665,6423935,6508727,6465798,6387599,6443554,6409535
387,0,1,-1,6927056,6873641,6808301,6769037,6844411,6731582,6748273,6745983,6705547,6757148,6581519,6572610,6519667,6486898,6437197,6522644,6479047,6401082,6456836,6422928
388,31,1,-1,6913550,6859774,6794423,6755266,6830816,6717471,6734141,6732504,6691903,6743366,6568568,6559898,6506292,6472829,6423931,6509242,6466554,6387876,6443457,6409558
389,0,1,-1,6927904,6873520,6809143,6769639,6845595,6731978,6748923,6746707,6706844,6758194,6582591,6573583,6519503,6486290,6437929,6524190,6480358,6401983,6457592,6423378
390,31,1,-1,6912138,6859072,6794746,6755301,6830864,6717149,6734626,6732898,6692286,6743358,6567961,6559127,6505376,6472389,6424157,6509305,6466178,6386912,6443364,6409389
391,0,1,-1,6926020,6873681,6808483,6768622,6844352,6731352,6748188,6746497,6706334,6757850,6581193,6572320,6518931,6486338,6437310,6523082,6480496,6400546,6457456,6422688
392,31,1,-1,6912117,6858833,6793309,6754498,6829942,6716274,6733156,6732357,6691038,6742690,6566863,6558043,6504230,6472416,6423465,6508654,6466114,6385926,6442961,6408353
393,0,1,-1,6927078,6873237,6807885,6769404,6844976,6730669,6747735,6747203,6705894,6757266,6581201,6572693,6518322,6486823,6436890,6522670,6479894,6400380,6456576,6421860
394,31,1,-1,6913513,6858698,6794144,6755346,6831135,6716613,6733424,6732835,6691984,6742786,6567791,6559022,6505016,6472791,6423497,6509046,6466367,6387326,6443920,6409048
395,0,1,-1,6926724,6872475,6807612,6769503,6844735,6730887,6747325,6746283,6706288,6757442,6581402,6572591,6518605,6486498,6436136,6523525,6479720,6400977,6457106,6421826
396,31,1,-1,6913086,6859103,6793539,6755381,6830654,6716188,6733432,6732092,6691755,6742515,6567383,6558567,6505702,6472753,6423365,6508916,6465948,6387247,6442628,6408675
397,0,1,-1,6927478,6873536,6808132,6769797,6844959,6731208,6748139,6747279,6706868,6757467,6581271,6572663,6519492,6487115,6437428,6522560,6479729,6401423,6456182,6422888
398,31,1,-1,6913086,6858813,6793871,6754798,6830110,6716204,6733789,6732479,6691423,6742468,6567256,6558060,6505423,6472302,6422631,6508997,6465908,6387340,6442892,6409258
399,0,1,-1,6926580,6873494,6807996,6769172,6845090,6730334,6747724,6746473,6705557,6756742,6580959,6571651,6518809,6486532,6436173,6522813,6479828,6401357,6455686,6422485
400,31,1,-1,6911970,6859088,6793878,6755085,6830144,6715803,6733329,6732096,6691343,6742078,6567413,6557875,6504942,6472025,6422902,6508536,6465631,6387229,6440980,6409006
401,0,1,-1,6927099,6874451,6809029,6769453,6844914,6731001,6748514,6747427,6706438,6757026,6581439,6571940,6518921,6486559,6436867,6523714,6480122,6401159,6456477,6423314
402,31,1,-1,6911897,6859301,6794073,6754709,6830063,6715671,6732715,6731490,6691704,6741958,6566314,6557743,6504515,6472438,6422760,6509019,6465273,6386999,6441965,6409140
403,0,1,-1,6926851,6873491,6808456,6768994,6844474,6730223,6747295,6745912,6706213,6757269,6580114,6572114,6518877,6486305,6436162,6523279,6479717,6400935,6455601,6422482
404,31,1,-1,6912789,6859553,6793737,6755022,6830558,6715540,6733305,6731395,6691997,6742295,6566145,6558233,6505630,6472614,6422502,6508914,6465422,6387450,6441737,6408853
405,0,1,-1,6927524,6874201,6808423,6768949,6845446,6730640,6748171,6746285,6706517,6757319,6580864,6572067,6518048,6487124,6435788,6522662,6479898,6401439,6454871,6422472
406,31,1,-1,6912319,6859304,6793383,6754557,6830160,6715657,6733014,6731007,6691199,6742021,6566574,6558487,6504787,6474007,6422863,6508632,6466099,6387818,6440954,6408899
407,0,1,-1,6927285,6874314,6808272,6769742,6845337,6730966,6748089,6746672,6706382,6757351,6581196,6572705,6519538,6487885,6436627,6523536,6480317,6402078,6456253,6423205
408,31,1,-1,6912404,6858699,6793838,6755045,6830788,6716283,6733650,6732744,6691635,6742050,6567358,6558627,6505442,6473860,6422577,6508317,6465967,6387477,6441518,6409602
409,0,1,-1,6926007,6873356,6807977,6768847,6845580,6730206,6748757,6747109,6705797,6756437,6580967,6572232,6518702,6486678,6436620,6523445,6479135,6401068,6455474,6423087
410,31,1,-1,6912218,6859508,6793943,6753924,6831089,6716140,6734582,6732827,6691744,6742439,6567209,6558588,6505679,6472926,6422920,6508177,6465565,6387679,6441412,6409583
411,0,1,-1,6925968,6873388,6808283,6768133,6845199,6730611,6749105,6746777,6705843,6756912,6581052,6572393,6519605,6486372,6436223,6521628,6479518,6401312,6455031,6422940
412,31,1,-1,6912369,6858933,6794016,6755084,6831261,6716333,6734215,6732285,6691540,6741904,6567764,6558958,6506327,6472873,6423222,6507860,6465742,6387158,6441522,6409307
413,0,1,-1,6926130,6873140,6808205,6768783,6844915,6730546,6747877,6746189,6705729,6756672,6580826,6572428,6520233,6485510,6436760,6521840,6479421,6400345,6455075,6422314
414,31,1,-1,6912481,6860161,6794627,6755619,6831455,6716838,6734535,6732611,6692253,6743408,6568052,6559026,6507237,6472863,6424189,6508896,6466128,6387078,6442068,6409506
415,0,1,-1,6927498,6875275,6808418,6770334,6846238,6731712,6749316,6746970,6706740,6757825,6582084,6573038,6520859,6487099,6437472,6523162,6480745,6401264,6455916,6423242
416,31,1,-1,6912617,6859035,6793146,6755575,6830527,6716626,6734236,6732546,6691745,6742344,6567058,6558471,6505764,6473371,6423268,6508590,6465739,6386801,6442265,6408570
417,0,1,-1,6927366,6872860,6808142,6769854,6844811,6730929,6748100,6746633,6705731,6757231,6580408,6572390,6519925,6487185,6436962,6523432,6479757,6400274,6456083,6421998
418,31,1,-1,6913268,6859036,6794580,6755884,6831617,6716738,6733998,6732060,6691890,6742463,6567294,6558796,6507076,6474297,6423955,6509645,6466079,6387291,6442742,6409948
419,0,1,-1,6927048,6873289,6808322,6769390,6845419,6731086,6748083,6746814,6706034,6756825,6580696,6572347,6520138,6486309,6437049,6523364,6478962,6400794,6456192,6422962
420,31,1,-1,6912175,6858535,6792979,6754708,6830204,6715519,6733020,6731918,6690506,6742019,6566356,6558108,6506302,6471835,6422845,6507858,6464991,6386574,6441921,6408488
421,0,1,-1,6926726,6872975,6807214,6768315,6844096,6729821,6747181,6745801,6704747,6756918,6579708,6571826,6518755,6485573,6436164,6521981,6478430,6399553,6455152,6421392
422,31,1,-1,6912192,6859104,6793235,6754858,6830581,6715868,6733704,6731904,6690577,6742419,6566073,6558628,6506218,6472675,6422938,6509001,6464867,6386104,6441774,6407395
423,0,1,-1,6926837,6874115,6808106,6769113,6845259,6730144,6747781,6746295,6705120,6757051,6580271,6572218,6520418,6486556,6435979,6522581,6479000,6400208,6455964,6421433
424,31,1,-1,6912560,6858874,6793835,6755250,6830275,6715968,6733498,6731618,6691230,6742629,6566576,6558709,6505893,6472638,6422647,6508690,6465297,6386186,6442192,6407828
425,0,1,-1,6927088,6874450,6808050,6769479,6845283,6730558,6748471,6746785,6705609,6757943,6581419,6573120,6521242,6486560,6436859,6523187,6479890,6401142,6455872,6421786
426,31,1,-1,6913467,6859721,6794097,6756128,6831435,6716353,6734800,6732552,6691898,6743584,6567724,6560141,6507382,6473230,6423425,6509885,6466203,6388194,6442702,6409214
427,0,1,-1,6927071,6873848,6808024,6769294,6845929,6730855,6748624,6746713,6705460,6757092,6581328,6573687,6519472,6487424,6436635,6523737,6479572,6401468,6455871,6422122
428,31,1,-1,6913058,6859908,6794029,6755394,6831542,6716301,6734032,6731914,6691386,6742495,6567674,6559923,6506285,6473457,6423554,6508938,6466163,6387360,6442747,6408441
429,0,1,-1,6926243,6873827,6807544,6768770,6845113,6730216,6747801,6746074,6704791,6756698,6580831,6572885,6520168,6486683,6436242,6523037,6479539,6400808,6455804,6421526
430,31,1,-1,6911806,6859620,6792964,6754743,6830456,6715959,6733726,6732004,6690986,6741986,6566381,6559246,6506569,6473723,6422933,6509130,6465657,6387131,6442252,6408018
431,0,1,-1,6926695,6874409,6807502,6769853,6845892,6730753,6748853,6746710,6705515,6757157,6580419,6573360,6520263,6486927,6436635,6523317,6480087,6401737,6455900,6422040
432,31,1,-1,6911783,6859619,6793017,6754992,6831522,6715571,6733794,6732488,6690851,6742562,6566185,6559195,6506264,6473172,6423199,6509211,6465743,6387086,6441759,6408165
433,0,1,-1,6926670,6875414,6808824,6769971,6846430,6731120,6749278,6747055,6706208,6757968,6581056,6573540,6520027,6487441,6437236,6523778,6480109,6401658,6456221,6422161
434,31,1,-1,6913196,6860383,6794406,6756123,6831887,6716445,6735152,6733405,6692180,6743283,6568023,6560236,6506303,6473903,6423535,6510092,6466430,6388158,6443121,6408765
435,0,1,-1,6927320,6874255,6808116,6769540,6845466,6731081,6749386,6747585,6706068,6757594,6581216,6573468,6520027,6487056,6436235,6523789,6480174,6401585,6456223,6422210
436,31,1,-1,6912967,6860382,6793488,6755452,6830827,6716415,6733675,6733359,6691368,6743025,6566999,6559281,6506959,6473753,6422585,6510174,6465548,6387370,6442339,6408429
437,0,1,-1,6927719,6874020,6807601,6769454,6844679,6730386,6747960,6746928,6705702,6757479,6580624,6573137,6520122,6486398,6435812,6523321,6479669,6401211,6456455,6421826
438,31,1,-1,6913186,6859925,6793253,6755286,6830790,6715978,6733375,6731604,6691101,6742760,6567134,6559642,6506294,6472320,6422230,6509156,6465855,6386771,6443032,6408246
439,0,1,-1,6927419,6874448,6807580,6769735,6845854,6730781,6748219,6747154,6705582,6757668,6581138,6572782,6519517,6486741,6435865,6523605,6479905,6401242,6456348,6421787
440,31,1,-1,6913403,6858987,6792800,6755793,6831224,6715943,6734434,6733573,6691049,6743055,6567476,6559124,6505493,6472640,6422484,6508880,6465875,6387862,6441671,6408233
441,0,1,-1,6926974,6872148,6806606,6769029,6844694,6730093,6747576,6747419,6704926,6757103,6580501,6572459,6518800,6486069,6435734,6522776,6479362,6401310,6455266,6421408
442,31,1,-1,6913397,6858867,6793286,6755615,6830756,6716245,6734342,6733451,6690925,6742953,6567518,6559247,6505718,6472725,6423194,6509538,6466439,6387567,6442168,6408692
443,0,1,-1,6927508,6872687,6807538,6769113,6845012,6730392,6748554,6746801,6705086,6757656,6580822,6572764,6519221,6486798,6437037,6522798,6479982,6401258,6455673,6421621
444,31,1,-1,6913606,6858987,6793655,6755073,6831081,6716706,6734455,6732896,6690797,6743167,6567324,6559331,6505775,6473041,6423731,6509441,6466117,6388160,6442227,6408197
445,0,1,-1,6927616,6872993,6807138,6769189,6845293,6730936,6748623,6746559,6705029,6756835,6581283,6572928,6518269,6486615,6436384,6523459,6479695,6401582,6455523,6421807
446,31,1,-1,6912651,6858553,6792774,6754504,6830974,6716236,6733679,6732712,6690141,6742531,6566944,6559435,6504083,6472839,6422473,6509506,6466245,6387414,6441033,6408137
447,0,1,-1,6926264,6873254,6807266,6768940,6845419,6730409,6748245,6746849,6704951,6757878,6580638,6573061,6518294,6485994,6436328,6523002,6480123,6400283,6455374,6421258
448,31,1,-1,6911544,6858107,6792055,6754003,6830557,6715996,6733664,6732163,6690128,6743038,6566785,6558857,6505114,6472061,6423145,6508427,6465568,6386939,6441860,6407609
449,0,1,-1,6926352,6872695,6806528,6768137,6844921,6730602,6747763,6746712,6704295,6757001,6581157,6572530,6518269,6485944,6436862,6522708,6479643,6400884,6455268,6421097
450,31,1,-1,6912954,6859002,6793163,6754264,6830631,6716631,6733704,6733133,6690507,6743094,6567599,6559237,6505174,6472107,6423715,6508652,6465675,6387072,6442145,6408702
451,0,1,-1,6926373,6873123,6806951,6768012,6844946,6730951,6747899,6746854,6704643,6757265,6580826,6572723,6517990,6486034,6436429,6522204,6479721,6401180,6455693,6422099
452,31,1,-1,6912168,6858809,6792832,6754073,6831177,6716596,6733851,6732493,6690616,6743658,6567624,6559572,6505349,6472388,6423349,6509402,6465935,6387901,6441295,6408807
453,0,1,-1,6926883,6872996,6806985,6768015,6845180,6730608,6748854,6746015,6704028,6757478,6581474,6572732,6518850,6486408,6436751,6523757,6479715,6401353,6455352,6421833
454,31,1,-1,6913324,6859221,6793478,6754476,6831587,6717019,6735390,6732970,6690558,6743547,6568329,6559588,6505880,6472967,6424082,6509410,6466523,6387700,6441766,6408509
455,0,1,-1,6926222,6873348,6806921,6768208,6845155,6730893,6749263,6746680,6704351,6757559,6581620,6572340,6518173,6485341,6436155,6522836,6479615,6400940,6455834,6420718
456,31,1,-1,6911868,6858405,6792123,6753401,6830568,6715586,6734370,6730974,6690348,6742646,6567170,6558435,6504052,6470512,6422412,6508903,6465146,6386652,6441338,6407313
457,0,1,-1,6927688,6874441,6808050,6768579,6846253,6731011,6750053,6746917,6705581,6758157,6581479,6573221,6518431,6485630,6436486,6524293,6479553,6401135,6455950,6421855
458,31,1,-1,6912935,6859589,6793643,6754396,6831738,6716287,6735477,6732377,6690732,6743087,6567237,6559377,6505262,6472329,6423224,6509250,6465334,6386775,6441924,6408178
459,0,1,-1,6926686,6874072,6807182,6768270,6845618,6730986,6749031,6747046,6705488,6757854,6581048,6573137,6519025,6486353,6436784,6523364,6479377,6400329,6456772,6421430
460,31,1,-1,6911330,6859147,6792510,6754290,6831041,6715907,6734269,6731364,6691033,6742684,6566467,6559383,6505452,6472526,6422993,6508358,6465334,6386251,6442646,6408205
461,0,1,-1,6925957,6873352,6807287,6768403,6844949,6730250,6748777,6745385,6705126,6756933,6580790,6572588,6517642,6486778,6436106,6522648,6478996,6400394,6455917,6421784
462,31,1,-1,6913094,6858880,6793262,6754694,6830512,6715623,6734568,6732310,6691021,6742777,6567214,6559182,6503467,6473233,6422965,6508700,6464818,6387345,6441796,6408624
463,0,1,-1,6926789,6872609,6807231,6768151,6845159,6729989,6748586,6747172,6705308,6757607,6580880,6572922,6517432,6485176,6436427,6522940,6479344,6400390,6455506,6421662
464,31,1,-1,6913284,6858399,6792698,6754471,6830291,6715302,6734615,6733073,6691035,6743437,6566962,6559303,6504281,6472051,6423133,6509347,6465220,6387099,6442141,6408197
465,0,1,-1,6927442,6872418,6807473,6768579,6845151,6729680,6748946,6747283,6705429,6757665,6580624,6572136,6518167,6486124,6436695,6523332,6479324,6401063,6455641,6421142
466,31,1,-1,6913143,6858160,6793376,6754455,6830348,6715764,6735096,6732247,6691153,6743029,6567584,6558554,6504427,6472654,6422825,6509002,6465581,6387259,6442379,6408221
467,0,1,-1,6926421,6872623,6807419,6768256,6844382,6729822,6748179,6745585,6705137,6757333,6580627,6571861,6517301,6485466,6436089,6522568,6478850,6400445,6455584,6421107
468,31,1,-1,6912526,6859003,6793810,6754628,6830856,6715496,6733649,6731757,6691636,6742843,6567454,6558349,6504667,6472404,6423549,6509525,6465461,6387226,6442235,6408160
469,0,1,-1,6927709,6873416,6807989,6768662,6845840,6730517,6748056,6746434,6705646,6757162,6581421,6573164,6517821,6486419,6436788,6523738,6479483,6401372,6456702,6422070
470,31,1,-1,6913432,6858361,6793074,6754953,6831029,6716314,6734134,6732360,6691004,6743010,6567484,6558959,6504753,6471524,6423544,6508942,6465280,6386879,6442535,6408644
471,0,1,-1,6927507,6873374,6807572,6768962,6845969,6730932,6748716,6746343,6706466,6758172,6581026,6572443,6517671,6486086,6437265,6522467,6479682,6401278,6456120,6422153
472,31,1,-1,6913282,6858733,6793463,6754764,6831427,6716668,6734469,6732155,6691979,6743274,6567398,6558443,6504518,6473067,6424014,6508161,6465723,6386547,6442195,6408590
473,0,1,-1,6927882,6873231,6807767,6768433,6845247,6731309,6748623,6745596,6706213,6757555,6581245,6572199,6519028,6486693,6437402,6523602,6479922,6399650,6455824,6421531
474,31,1,-1,6913474,6858897,6793569,6754850,6831427,6716864,6734002,6731778,6691791,6742737,6567250,6558824,6505490,6472486,6423823,6508664,6465370,6386325,6442061,6408247
475,0,1,-1,6926782,6872817,6808152,6768802,6845451,6731354,6748285,6746372,6705841,6757983,6580932,6572408,6518735,6486318,6436806,6522509,6478606,6400329,6456157,6421893
476,31,1,-1,6912640,6858717,6793460,6754967,6831423,6716819,6734480,6731895,6691767,6743390,6566837,6558641,6505187,6473014,6423796,6508474,6465105,6387194,6442647,6408725
477,0,1,-1,6926555,6873183,6808175,6769014,6845376,6731070,6749631,6746717,6706381,6758504,6580693,6572758,6518815,6486263,6437505,6523453,6479734,6400752,6456175,6422501
478,31,1,-1,6911611,6858751,6793851,6755000,6831143,6715808,6734063,6731231,6691640,6743677,6566938,6559145,6505093,6472574,6423719,6508798,6464969,6386954,6442069,6408825
479,0,1,-1,6927031,6873914,6808447,6769348,6845479,6731329,6748715,6746954,6706196,6757584,6581008,6573216,6518534,6486462,6437048,6523260,6479220,6401636,6455412,6422459
480,31,1,-1,6913190,6859024,6794284,6755703,6831356,6717184,6734014,6732925,6692286,6743068,6567607,6559666,6505088,6473225,6423863,6509604,6465998,6387834,6442850,6409166
481,0,1,-1,6928539,6874140,6809151,6770164,6845993,6732086,6749347,6747684,6706973,6758568,6581510,6574220,6518751,6487791,6437755,6524929,6480124,6401479,6456859,6422616
482,31,1,-1,6912744,6858965,6793839,6755972,6831499,6716323,6735286,6732549,6691705,6743372,6567881,6559989,6504747,6473033,6424218,6509777,6465956,6387475,6443134,6408774
483,0,1,-1,6927054,6874313,6808818,6770307,6845956,6731071,6749007,6747509,6706127,6758177,6581282,6573184,6519495,6486872,6437791,6523832,6480268,6400959,6456733,6422617
484,31,1,-1,6912585,6860251,6793685,6755599,6831603,6716598,6733993,6732830,6691720,6743604,6567564,6559385,6506029,6473004,6424128,6509129,6466225,6387648,6443421,6408764
485,0,1,-1,6926476,6873575,6807826,6768323,6845388,6730774,6748995,6747054,6705698,6757327,6580704,6572793,6518657,6485510,6436878,6522719,6479837,6400076,6456326,6422073
486,31,1,-1,6913180,6860112,6793961,6754668,6831389,6717666,6735048,6733925,6691962,6743398,6567542,6560077,6505483,6473104,6424173,6509063,6466278,6387370,6443012,6409390
487,0,1,-1,6927628,6874238,6807668,6769055,6846023,6732010,6750010,6747809,6706904,6757530,6580924,6573872,6519208,6486602,6437345,6523685,6480188,6401352,6457578,6423074
488,31,1,-1,6912686,6859890,6793823,6755537,6831872,6717628,6735512,6732959,6692310,6743265,6567357,6559666,6505891,6474111,6424263,6508461,6466075,6387734,6444142,6409895
489,0,1,-1,6926170,6874160,6807089,6768635,6844750,6731192,6749028,6745711,6705537,6756945,6579967,6572546,6517890,6486143,6436451,6521672,6478985,6400376,6456646,6422416
490,31,1,-1,6913038,6860698,6793944,6755098,6831222,6717288,6735025,6732916,6691753,6743084,6566741,6559099,6505023,6473106,6423407,6509136,6466676,6387529,6443288,6409312
491,0,1,-1,6927423,6874533,6808199,6769530,6845319,6731750,6748341,6747612,6706402,6757646,6580637,6572564,6518291,6486466,6436907,6524333,6479871,6401503,6457037,6422603
492,31,1,-1,6913842,6859974,6794379,6755508,6831239,6717228,6734141,6732494,6692282,6743369,6567743,6558738,6504808,6472902,6423836,6509937,6465538,6387658,6443476,6409524
493,0,1,-1,6928218,6874161,6808357,6769098,6845518,6731393,6749056,6746663,6706483,6757892,6581614,6572847,6518185,6486852,6437012,6523838,6480304,6401401,6457455,6422753
494,31,1,-1,6913881,6859556,6794273,6755276,6831728,6716651,6734792,6732213,6691953,6743559,6567949,6559299,6505209,6472799,6423605,6508843,6466762,6387121,6443386,6409157
495,0,1,-1,6927637,6874005,6808550,6769628,6845681,6731525,6748789,6746721,6706557,6758263,6581319,6573339,6519394,6485968,6437203,6523666,6480752,6401186,6457848,6423074
496,31,1,-1,6913256,6859714,6793826,6755353,6830991,6717300,6734476,6732417,6691877,6743187,6568101,6559700,6505554,6473049,6423795,6509305,6466150,6386733,6443861,6409401
497,0,1,-1,6927306,6874104,6807427,6768345,6844747,6731192,6748262,6746273,6706454,6758121,6581329,6572492,6518248,6486245,6437048,6522580,6479661,6400320,6456735,6422316
498,31,1,-1,6912717,6859571,6793649,6754705,6830834,6717121,6734486,6732410,6691801,6743899,6568138,6559252,6505015,6472843,6423610,6509295,6465560,6386922,6442699,6409183
499,0,1,-1,6926542,6873188,6807098,6768554,6845578,6731261,6748668,6746449,6706171,6758356,6581786,6572631,6517849,6485074,6437099,6522695,6479518,6400305,6455882,6422002
500,31,1,-1,6911894,6859187,6793116,6754497,6831133,6716710,6734254,6732072,6691917,6743403,6567594,6559074,6503775,6470522,6423618,6508594,6465787,6386762,6442437,6408705
501,0,1,-1,6926822,6873568,6808307,6768609,6845462,6732162,6748616,6747456,6706384,6758797,6581679,6573215,6518671,6484692,6436740,6523069,6480094,6400746,6456299,6422882
502,31,1,-1,6912121,6858787,6793196,6754480,6830678,6717160,6733776,6732835,6691939,6743959,6567797,6558847,6505220,6471447,6423158,6509095,6465106,6385680,6442303,6408767
503,0,1,-1,6926474,6873475,6807782,6768913,6844701,6731364,6748059,6747015,6706193,6758573,6581228,6572636,6519093,6485321,6436550,6522787,6479037,6399440,6455865,6422307
504,31,1,-1,6912855,6859632,6793818,6755138,6830670,6716994,6734108,6732793,6692104,6743931,6568304,6559856,6506253,6471990,6423574,6509473,6465652,6386353,6443005,6409137
505,0,1,-1,6926990,6873795,6808144,6769247,6845329,6731308,6748965,6747961,6706400,6758700,6581763,6573024,6519506,6485441,6436922,6523104,6479573,6400794,6455981,6422756
506,31,1,-1,6912812,6859054,6793281,6754931,6830552,6717369,6734184,6732444,6691983,6743650,6567920,6559113,6505694,6471041,6423540,6509046,6465771,6386949,6442897,6409037
507,0,1,-1,6927043,6873053,6808064,6768998,6844732,6731447,6749124,6746491,6706263,6758933,6581308,6572655,6519415,6485620,6437055,6523042,6479643,6401296,6456956,6422157
508,31,1,-1,6913242,6859286,6793495,6755371,6831049,6717113,6735226,6733437,6692250,6744408,6568119,6558939,6506177,6473056,6423988,6509396,6465478,6387602,6443316,6409919
509,0,1,-1,6926973,6873617,6807233,6769138,6845086,6731206,6748771,6747174,6705914,6758496,6581535,6572170,6519066,6486313,6436730,6523261,6479029,6400596,6456544,6423065
510,31,1,-1,6912724,6858958,6792764,6754309,6830157,6716125,6733547,6731991,6691243,6743486,6566831,6558136,6504922,6472050,6422815,6509135,6465089,6386342,6442673,6409242
511,0,1,-1,6927481,6873703,6807387,6768741,6845210,6730776,6748418,6747208,6706264,6759167,6581760,6572251,6518879,6486611,6436710,6523821,6479460,6400711,6456246,6423053
512,31,1,-1,6912381,6858785,6792569,6754198,6830569,6715807,6733032,6731981,6691781,6743523,6567475,6557409,6504540,6472566,6422686,6508879,6464909,6386452,6441593,6409021
513,0,1,-1,6926582,6873436,6807194,6768390,6845033,6730392,6747885,6746228,6705994,6758215,6581462,6571229,6518129,6486322,6436248,6523430,6479200,6399846,6454952,6422405
514,31,1,-1,6912726,6858905,6792388,6754373,6831561,6716336,6733439,6731545,6691772,6743642,6568246,6557679,6505393,6472588,6423239,6509173,6465154,6385934,6442023,6409126
515,0,1,-1,6926733,6872655,6806373,6767710,6845347,6729992,6746743,6746319,6705722,6757663,6581036,6571061,6518546,6485976,6435980,6522710,6478772,6399970,6454687,6422762
516,31,1,-1,6913704,6859774,6793987,6755348,6831633,6717215,6734124,6733671,6692454,6744586,6568476,6559119,6506197,6473764,6423866,6510229,6466122,6387691,6443238,6410662
517,0,1,-1,6927025,6873453,6807601,6768731,6845562,6730843,6747839,6747610,6706468,6758652,6581655,6572069,6519225,6486964,6436780,6524204,6479326,6401162,6455869,6423435
518,31,1,-1,6913073,6859504,6793681,6754727,6831347,6716709,6733434,6733446,6692712,6744062,6568292,6559036,6505835,6473715,6423727,6509402,6465423,6387479,6442709,6410584
519,0,1,-1,6927329,6873530,6807669,6768656,6845280,6730197,6748001,6747322,6706706,6757959,6581675,6571800,6518328,6486297,6437059,6523446,6479138,6400578,6455985,6423305
520,31,1,-1,6914225,6858817,6793932,6754850,6831207,6716692,6733810,6733010,6692862,6743988,6568190,6558545,6505781,6472923,6423877,6508828,6465623,6386975,6442453,6410566
521,0,1,-1,6927746,6873887,6807860,6769048,6846055,6731541,6747970,6747700,6707471,6758300,6582113,6572049,6518521,6486588,6437085,6523063,6479280,6400419,6455865,6424153
522,31,1,-1,6913484,6859378,6793639,6754594,6830965,6716996,6733357,6732829,6692087,6744055,6568149,6558632,6504730,6472812,6423324,6508925,6465492,6387299,6442981,6410857
523,0,1,-1,6926710,6873062,6807338,6767246,6844294,6730661,6746945,6745605,6705558,6757357,6580322,6571174,6517837,6486448,6435368,6521981,6478279,6399773,6455496,6423320
524,31,1,-1,6912663,6858706,6792847,6753605,6830162,6716246,6732849,6731480,6691643,6743334,6567005,6558002,6504840,6472306,6422018,6507866,6464914,6386752,6442043,6409807
525,0,1,-1,6927302,6873243,6807173,6767877,6844259,6730685,6747217,6746796,6705931,6758045,6580812,6571548,6517570,6485055,6436015,6523146,6478677,6400548,6454994,6423324
526,31,1,-1,6913515,6858792,6793755,6754668,6831166,6716655,6733475,6733204,6692386,6744049,6567999,6558905,6505422,6472999,6423500,6509190,6465954,6386999,6441651,6410755
527,0,1,-1,6926662,6873166,6807787,6768221,6845030,6730818,6747871,6746799,6705883,6757727,6580557,6571824,6518526,6486641,6436059,6523318,6480046,6400762,6455567,6423641
528,31,1,-1,6912190,6859242,6793215,6754148,6830661,6715745,6733435,6733143,6691413,6743240,6566778,6558124,6505188,6472598,6423036,6509134,6465902,6387308,6442035,6410467
529,0,1,-1,6926266,6873332,6807896,6768399,6845109,6730199,6747604,6747417,6705732,6758004,6580854,6571651,6518407,6486265,6436176,6522779,6479895,6400920,6455456,6423839
530,31,1,-1,6911557,6858717,6793209,6753706,6830207,6715443,6733278,6732394,6690855,6742861,6567482,6558175,6505450,6472591,6422652,6507954,6465502,6386426,6441913,6409893
531,0,1,-1,6926309,6873109,6808136,6768352,6844804,6730570,6748515,6746937,6705637,6758139,6581347,6572125,6518919,6486918,6436747,6523297,6479430,6399957,6455849,6423663
532,31,1,-1,6912476,6858817,6793794,6755651,6831080,6716241,6734453,6732464,6691974,6743652,6567491,6558947,6506511,6472862,6423219,6508945,6465694,6386177,6442157,6410564
533,0,1,-1,6926084,6872976,6808090,6769137,6844593,6730486,6748567,6747296,6706567,6758274,6581026,6572508,6520050,6486231,6436272,6523031,6479582,6400443,6455662,6423903
534,31,1,-1,6911385,6857966,6793670,6755247,6830451,6715929,6733689,6732701,6692021,6743465,6566747,6558751,6506436,6473003,6423538,6508530,6465062,6386216,6441681,6409596
535,0,1,-1,6926367,6873433,6808863,6769202,6845286,6731064,6748795,6747315,6706442,6758673,6581161,6573152,6520407,6487447,6436979,6522897,6479474,6400670,6455848,6423918
536,31,1,-1,6912708,6859131,6793841,6755666,6830718,6716469,6733871,6732894,6692111,6743836,6567520,6558889,6506802,6473105,6423599,6508841,6465508,6387327,6441948,6410398
537,0,1,-1,6925914,6872279,6807397,6768700,6843873,6730120,6747798,6746790,6706029,6757611,6580700,6572025,6519383,6486783,6435632,6522495,6478092,6400007,6455276,6422935
538,31,1,-1,6912881,6858584,6793797,6755316,6830979,6716026,6733639,6732204,6691851,6743447,6567527,6558728,6506870,6473121,6422687,6509244,6465068,6386161,6441755,6409744
539,0,1,-1,6926594,6872858,6808521,6768826,6844884,6731046,6747962,6746141,6706745,6758097,6581121,6572889,6520581,6487391,6435969,6523411,6479418,6400317,6455404,6423307
540,31,1,-1,6912502,6858506,6794074,6754961,6831049,6716415,6734294,6732021,6692463,6743408,6567454,6558753,6506816,6473506,6423031,6509213,6465476,6387060,6441894,6409710
541,0,1,-1,6924897,6872400,6807118,6768702,6845137,6730033,6747798,6746183,6706031,6757729,6580492,6571865,6519695,6486087,6435325,6523255,6479338,6400637,6454868,6421980
542,31,1,-1,6912362,6858285,6793460,6755311,6830876,6715769,6733983,6732392,6691894,6743801,6567344,6558513,6506827,6473087,6422406,6508967,6465557,6387141,6441523,6408681
543,0,1,-1,6926774,6873089,6807223,6769437,6845728,6730606,6748772,6747079,6706530,6758395,6581365,6572660,6520835,6486835,6436487,6523563,6479639,6400524,6455438,6422625
544,31,1,-1,6912503,6858576,6793067,6754519,6830535,6715848,6733816,6731898,6691827,6743031,6567271,6558141,6506643,6472715,6422506,6509225,6464885,6387068,6441067,6408678
545,0,1,-1,6926619,6873574,6807543,6768787,6845083,6730473,6748337,6746529,6705992,6757824,6580966,6572099,6520010,6486316,6435751,6523080,6479043,6400849,6455566,6422316
546,31,1,-1,6912934,6859453,6794121,6755504,6831275,6717014,6734438,6733197,6692413,6743855,6567657,6558948,6507468,6473521,6422977,6509131,6465963,6387029,6442552,6409429
547,0,1,-1,6927627,6873976,6808416,6768858,6845646,6731218,6749043,6747447,6706712,6758814,6581404,6572681,6520856,6487169,6436655,6523442,6480933,6400796,6456153,6422855
548,31,1,-1,6912771,6858253,6793255,6754164,6830810,6716184,6733662,6732312,6691822,6743396,6567112,6558014,6506712,6473116,6422925,6508536,6466037,6386998,6441154,6409284
549,0,1,-1,6926973,6872545,6807871,6767802,6844839,6729802,6747697,6746064,6705816,6757805,6580627,6571523,6519982,6486441,6435307,6522776,6480044,6400351,6454467,6422324
550,31,1,-1,6912680,6858320,6793335,6754207,6830796,6716198,6733599,6731876,6691744,6743162,6567206,6558839,6506316,6473686,6421995,6508855,6466028,6387279,6441562,6408903
551,0,1,-1,6927848,6873378,6808646,6769011,6845943,6731466,6748044,6746653,6706788,6758371,6581805,6572881,6520392,6487921,6436155,6523781,6481018,6402016,6456199,6423390
552,31,1,-1,6914109,6859290,6794794,6755469,6832105,6717420,6733506,6733023,6692508,6744584,6568287,6559348,6506823,6473329,6423351,6510423,6466879,6388628,6442605,6410220
553,0,1,-1,6928072,6873800,6808814,6769305,6846198,6731763,6748372,6747535,6706565,6759197,6582038,6573241,6520434,6487841,6436767,6524535,6480599,6402134,6455934,6423254
554,31,1,-1,6913081,6858966,6793804,6754904,6831342,6717043,6733625,6732289,6691793,6744394,6568184,6559148,6506829,6473974,6422647,6509568,6466281,6387132,6441998,6409792
555,0,1,-1,6927438,6874702,6808750,6769057,6846451,6732123,6749297,6747231,6706756,6759571,6582337,6573581,6521678,6488136,6436742,6524493,6480907,6402085,6456341,6423772
556,31,1,-1,6913156,6860190,6793963,6754775,6831125,6717314,6734328,6733224,6692016,6744628,6568450,6559472,6507525,6474401,6423712,6509868,6466871,6388514,6442056,6409791
557,0,1,-1,6926808,6873711,6807841,6768628,6845346,6730763,6748188,6747336,6705537,6758833,6581118,6572754,6520631,6487510,6436107,6523720,6480582,6400610,6455933,6422866
558,31,1,-1,6912967,6858975,6793658,6754753,6831220,6716634,6733682,6733383,6691368,6744149,6567524,6558970,6506562,6474289,6423840,6509504,6466736,6387225,6442186,6409778
559,0,1,-1,6927837,6873679,6808540,6769288,6846027,6731719,6748607,6748130,6706197,6759196,6581765,6574198,6520541,6488081,6437312,6523997,6480617,6401797,6456591,6423455
560,31,1,-1,6913975,6859028,6794054,6754992,6831854,6717197,6734221,6733641,6692399,6744674,6568003,6560115,6506961,6474473,6424032,6509513,6466730,6388575,6442519,6410115
561,0,1,-1,6928264,6873038,6808596,6769293,6845704,6731511,6748584,6747412,6706612,6759322,6581311,6573694,6519659,6487243,6437098,6523762,6480104,6401907,6456214,6423462
562,31,1,-1,6913566,6858223,6794108,6755486,6831384,6716542,6734353,6733074,6692780,6744757,6568006,6560093,6506577,6473682,6423801,6509082,6466591,6388399,6442611,6409935
563,0,1,-1,6927445,6872829,6807779,6769410,6845729,6731198,6748561,6747314,6706948,6759403,6581466,6573473,6520433,6486958,6437564,6523199,6480692,6401717,6456281,6423138
564,31,1,-1,6912723,6858560,6793911,6754775,6831126,6716681,6733883,6732604,6691929,6744280,6567412,6559682,6506247,6473497,6423747,6509259,6466655,6387556,6442647,6409024
565,0,1,-1,6927352,6873294,6808506,6769133,6845182,6731416,6748502,6747211,6706055,6758483,6580526,6573221,6519758,6487235,6437348,6523903,6480378,6401706,6456090,6422436
566,31,1,-1,6913143,6859694,6794331,6755258,6831284,6716822,6733537,6734220,6691885,6744589,6566605,6559466,6506460,6473273,6423505,6510063,6465917,6387286,6442715,6409479
567,0,1,-1,6927919,6873655,6808290,6769282,6845604,6730940,6747770,6747160,6706285,6759026,6580459,6572728,6520384,6487471,6436748,6523913,6480019,6400746,6456107,6422811
568,31,1,-1,6913004,6859064,6793635,6754480,6830954,6716550,6733130,6732536,6691831,6743935,6566401,6558774,6506403,6473102,6422887,6508796,6465783,6386315,6442040,6408919
569,0,1,-1,6927442,6873862,6808045,6769187,6846106,6731484,6748519,6747424,6706342,6758955,6581069,6573131,6520870,6486757,6437440,6522885,6480207,6400676,6455945,6423364
570,31,1,-1,6913521,6859354,6794194,6755782,6831341,6716966,6734382,6733218,6692553,6745027,6567861,6559771,6507598,6472854,6423812,6510328,6466552,6387673,6442202,6410016
571,0,1,-1,6927471,6873776,6807854,6769657,6845587,6731121,6748560,6747694,6706274,6759462,6580961,6573080,6520998,6486966,6437026,6524735,6480221,6401109,6456234,6423293
572,31,1,-1,6913151,6859507,6792990,6755399,6831369,6716038,6733760,6733385,6691726,6744640,6567661,6559628,6507459,6473476,6423302,6509964,6466481,6387867,6443207,6409633
573,0,1,-1,6928070,6873701,6808057,6769318,6845972,6731060,6748790,6747561,6706328,6759112,6581974,6573070,6520320,6487310,6437200,6524533,6480494,6402769,6456766,6423674
574,31,1,-1,6912943,6859437,6793177,6755011,6830333,6716560,6733745,6733139,6691264,6744270,6567169,6558889,6506128,6473022,6423344,6510342,6466232,6388579,6442378,6409987
575,0,1,-1,6926814,6873686,6807383,6769607,6845076,6731123,6747910,6746796,6706199,6758791,6580962,6572753,6520259,6486956,6436563,6524240,6480804,6402836,6456091,6423493
576,31,1,-1,6913073,6859840,6793860,6756969,6831592,6717940,6734899,6733481,6692761,6744742,6568205,6560557,6507124,6474076,6424146,6511053,6467685,6389466,6443762,6410861
577,0,1,-1,6927587,6874061,6808103,6770544,6845607,6731908,6748977,6748245,6706885,6759438,6581708,6573657,6520620,6487381,6437166,6525200,6481088,6402499,6456576,6424101
578,31,1,-1,6913383,6859787,6793752,6757056,6831389,6717479,6734248,6733868,6692542,6744756,6567841,6560168,6506418,6473565,6423733,6510695,6466747,6387917,6443184,6410736
579,0,1,-1,6927453,6873699,6807472,6770039,6844858,6731730,6747790,6747662,6706729,6758837,6581018,6572922,6518473,6487076,6437449,6524115,6480470,6401526,6456487,6423728
580,31,1,-1,6913263,6859831,6793910,6756195,6831421,6717642,6734177,6733152,6692584,6744725,6568166,6559928,6505239,6473917,6424081,6510219,6466874,6387977,6442217,6410278
581,0,1,-1,6928259,6874597,6808302,6770242,6845519,6732017,6749104,6748408,6707151,6759593,6582164,6573399,6519970,6487768,6437782,6525139,6480679,6401790,6456562,6423939
582,31,1,-1,6913223,6858683,6793457,6755651,6830817,6717123,6733897,6733038,6691769,6744086,6567935,6558918,6506111,6473033,6424426,6510299,6466618,6387638,6442683,6410203
583,0,1,-1,6926747,6875111,6807568,6769613,6845154,6731752,6748458,6746901,6706724,6758906,6582065,6572122,6519891,6486187,6437151,6524446,6480701,6401564,6456024,6423218
584,31,1,-1,6912900,6859415,6793493,6755726,6830777,6717184,6734562,6732820,6692104,6744401,6568351,6558660,6506216,6472800,6424044,6509931,6466623,6387747,6442287,6409520
585,0,1,-1,6926982,6874189,6807868,6770579,6845175,6731391,6748776,6747234,6706617,6758644,6581629,6572711,6520105,6485671,6437450,6523839,6480823,6401809,6456362,6422552
586,31,1,-1,6912192,6860269,6792892,6755662,6830606,6716308,6733651,6731456,6691579,6743780,6567582,6558262,6505941,6472142,6423350,6509372,6466425,6387348,6442829,6408978
587,0,1,-1,6926681,6875110,6808306,6770726,6845101,6731602,6749173,6747585,6707302,6759203,6582168,6572388,6520017,6487320,6437944,6524405,6481012,6401321,6456476,6423073
588,31,1,-1,6912808,6859919,6792969,6756125,6830590,6716943,6734098,6732481,6691829,6743112,6568183,6558512,6506032,6472321,6423605,6509432,6466376,6387369,6442501,6409329
589,0,1,-1,6926797,6874119,6807812,6770654,6845449,6732103,6749036,6747720,6706625,6758385,6582603,6572517,6520837,6486773,6437577,6524588,6480472,6401825,6456331,6423289
590,31,1,-1,6912513,6859642,6793150,6755744,6830797,6716300,6733848,6732688,6691835,6743854,6568438,6558459,6506720,6472959,6423589,6509643,6466827,6387380,6442900,6409508
591,0,1,-1,6926916,6873804,6807149,6769558,6845001,6730224,6747591,6746425,6706261,6757968,6581984,6571671,6520011,6486470,6436675,6523782,6479948,6400645,6456196,6422845
592,31,1,-1,6913554,6860116,6793727,6755835,6831353,6716338,6733606,6732705,6691905,6743733,6568068,6558747,6507318,6472259,6423476,6510317,6466442,6387020,6442255,6409987
593,0,1,-1,6927065,6874202,6807864,6770463,6844998,6730934,6747832,6746658,6706014,6757800,6581259,6572654,6520429,6485876,6437054,6524737,6480361,6401122,6455808,6422415
594,31,1,-1,6912430,6859802,6792906,6755932,6829505,6716692,6733175,6731266,6691512,6742602,6567351,6558922,6506362,6472706,6423450,6509890,6465566,6386368,6441993,6408779
595,0,1,-1,6926383,6873567,6807108,6768950,6843943,6730392,6747344,6745951,6705431,6757286,6581088,6572115,6519406,6485783,6436605,6523405,6479173,6400781,6455087,6421145
596,31,1,-1,6912088,6859156,6793076,6754376,6830033,6716058,6732917,6731615,6691201,6742570,6567719,6558439,6506039,6472814,6423527,6509096,6465395,6386085,6441568,6407691
597,0,1,-1,6927109,6873108,6807934,6768946,6844760,6731013,6747729,6746799,6706529,6758081,6582180,6572972,6520053,6487238,6437502,6524543,6480758,6400147,6456474,6421545
598,31,1,-1,6912424,6859123,6794276,6755184,6831403,6716769,6733395,6732504,6692310,6743506,6568483,6559474,6506469,6473561,6423811,6510046,6466330,6386827,6441843,6408410
599,0,1,-1,6927089,6874670,6808047,6769261,6845457,6731138,6748152,6746853,6706633,6758010,6582304,6573272,6520357,6487013,6437818,6524743,6480168,6401304,6456444,6421643
600,31,1,-1,6913311,6859774,6794024,6756511,6831027,6716870,6734081,6733047,6692315,6743622,6568565,6559299,6507684,6473107,6424548,6510669,6466446,6387630,6443103,6408318
601,0,1,-1,6927139,6874567,6808015,6770506,6844835,6731330,6748808,6747310,6706770,6758093,6582184,6573000,6521272,6487197,6438041,6524812,6480325,6402145,6456996,6422174
602,31,1,-1,6912623,6859755,6793667,6756065,6830419,6716554,6734779,6732390,6692376,6743785,6568569,6559555,6507561,6473359,6423528,6510197,6466006,6386879,6442965,6408977
603,0,1,-1,6927123,6873843,6807910,6769611,6844840,6730455,6749817,6746424,6706575,6758056,6582038,6573122,6520744,6487080,6437128,6524834,6480140,6400663,6456649,6422035
604,31,1,-1,6912377,6859017,6793915,6755189,6829931,6715960,6735328,6732553,6692149,6742901,6567768,6559050,6506952,6473052,6423421,6510238,6465894,6387130,6442620,6408439
605,0,1,-1,6926943,6874239,6808474,6770298,6844720,6731409,6749655,6746965,6706655,6757909,6582801,6573376,6520511,6488178,6437565,6524020,6480157,6401671,6457008,6422623
606,31,1,-1,6912841,6859838,6793908,6756490,6829773,6716326,6734705,6732846,6691934,6743237,6569028,6560009,6506704,6474188,6423724,6510040,6466083,6387951,6443480,6409177
607,0,1,-1,6926399,6872588,6807807,6769483,6844048,6730294,6749471,6746291,6706019,6757976,6582092,6572826,6520381,6487502,6436980,6523953,6478919,6401041,6456235,6422353
608,31,1,-1,6912647,6858923,6793309,6755654,6829952,6716390,6734613,6731491,6691555,6743743,6568471,6559521,6506045,6473823,6423644,6510551,6465564,6387660,6441836,6409139
609,0,1,-1,6926057,6872931,6807756,6770061,6844442,6730996,6749487,6746606,6705891,6758397,6581869,6572926,6519971,6487644,6437138,6524122,6479278,6401387,6456526,6422667
610,31,1,-1,6912257,6858926,6793331,6756434,6830081,6716743,6734764,6733102,6691315,6743796,6568250,6559150,6506431,6473101,6423894,6509593,6464815,6387216,6442923,6409036
611,0,1,-1,6926808,6874497,6807625,6769508,6844246,6731200,6748836,6747136,6706066,6757743,6582143,6573107,6520224,6487291,6436856,6523600,6479405,6401058,6456732,6422673
612,31,1,-1,6911804,6858369,6791945,6754564,6829021,6715971,6733776,6731523,6690889,6742030,6567167,6558291,6505717,6472443,6422754,6508500,6464493,6385771,6442326,6407949
613,0,1,-1,6926714,6873686,6807591,6769102,6844785,6731878,6749468,6746967,6706580,6757838,6582225,6572751,6520548,6487004,6436551,6524561,6479678,6400826,6456957,6422935
614,31,1,-1,6912390,6859567,6793738,6755154,6830377,6717242,6735192,6732319,6692166,6743702,6568696,6559496,6506273,6472886,6423729,6509861,6466132,6387783,6443606,6409121
615,0,1,-1,6927106,6874371,6808067,6769449,6844946,6731377,6749735,6747439,6706450,6758856,6582593,6573001,6520332,6487285,6437337,6524327,6479904,6401761,6456691,6422405
616,31,1,-1,6913204,6858916,6793455,6755374,6830627,6715905,6734513,6732548,6691771,6744149,6567847,6559186,6506389,6473674,6423493,6509582,6465322,6387605,6442407,6408738
617,0,1,-1,6928540,6874129,6808551,6770409,6845839,6730935,6749583,6747912,6706858,6758505,6581624,6573565,6520358,6488308,6437311,6524104,6479744,6402444,6456671,6423017
618,31,1,-1,6913494,6858825,6794123,6756344,6830914,6716782,6735428,6733224,6692521,6743471,6567722,6559844,6506493,6473740,6424304,6511032,6465939,6387878,6442929,6409979
619,0,1,-1,6926914,6874231,6808794,6770312,6846151,6730994,6749001,6747886,6706088,6758267,6581942,6573667,6520538,6487360,6438050,6525353,6480619,6402003,6457101,6423541
620,31,1,-1,6912926,6859177,6793741,6755626,6829895,6715661,6733753,6733476,6691366,6742748,6567197,6559292,6506212,6473004,6424435,6509906,6466542,6387550,6442724,6409240
621,0,1,-1,6927916,6874478,6808097,6770382,6845387,6731015,6748333,6748307,6706055,6758492,6582143,6573122,6520324,6487530,6437673,6524496,6480637,6401497,6456063,6423003
622,31,1,-1,6913628,6860947,6794694,6756255,6831731,6716618,6734764,6734301,6691979,6743533,6568640,6559861,6507524,6474300,6424886,6511246,6465983,6387595,6443109,6409897
623,0,1,-1,6927054,6874834,6808479,6769810,6845388,6731142,6748973,6747622,6706089,6757960,6581866,6572768,6520197,6487247,6437435,6524708,6479561,6400926,6455709,6422741
624,31,1,-1,6912065,6859667,6793213,6755668,6830021,6716260,6734160,6732163,6691307,6742646,6567988,6558415,6506490,6471933,6422877,6509292,6465018,6386429,6441457,6408783
625,0,1,-1,6927475,6874363,6808429,6770308,6845359,6731723,6749467,6747849,6706581,6758663,6582721,6573120,6521552,6486058,6437392,6523933,6479689,6401624,6456825,6423197
626,31,1,-1,6913347,6859589,6794729,6755877,6831370,6717489,6734634,6733999,6692710,6744117,6569423,6559446,6508658,6472725,6424394,6510836,6465597,6388218,6443838,6410382
627,0,1,-1,6926624,6873999,6808158,6768576,6844375,6730687,6748056,6747963,6705760,6757933,6582208,6572570,6520458,6485748,6436732,6523505,6478250,6400709,6456323,6423167
628,31,1,-1,6912759,6859711,6793819,6755683,6830276,6716318,6733032,6733075,6691890,6743131,6568207,6559280,6507585,6472752,6423568,6509351,6465084,6387243,6442368,6410186
629,0,1,-1,6926491,6873762,6808516,6769798,6844662,6730807,6747636,6746797,6706366,6757766,6582050,6572916,6520534,6487173,6437177,6523445,6479496,6400686,6456117,6423516
630,31,1,-1,6911668,6859451,6793484,6755345,6829687,6715770,6733635,6732029,6691369,6742462,6567863,6558465,6506020,6472452,6423410,6508788,6464849,6386651,6442259,6409611
631,0,1,-1,6925745,6873901,6808188,6769524,6844073,6730168,6748343,6747349,6705858,6757173,6581905,6572868,6520712,6485778,6436798,6523637,6479215,6400322,6456594,6422744
632,31,1,-1,6911955,6859217,6794216,6755562,6829957,6715939,6733505,6733129,6691450,6742321,6567549,6559154,6506382,6472635,6423417,6509072,6464637,6386770,6442082,6409186
633,0,1,-1,6925765,6874085,6808709,6769547,6843715,6730557,6748404,6747532,6705556,6757245,6581391,6572744,6519610,6486160,6436376,6523202,6477843,6400114,6455581,6422641
634,31,1,-1,6911582,6859108,6794116,6755600,6829543,6716172,6732878,6732961,6691213,6742942,6567128,6558591,6506695,6472541,6422831,6510028,6463930,6386805,6442172,6409424
635,0,1,-1,6926336,6874304,6808143,6769560,6844347,6730708,6747658,6747854,6705943,6757557,6580919,6572324,6520887,6486400,6436169,6524253,6478215,6400312,6455609,6422932
636,31,1,-1,6911296,6858529,6793451,6754386,6829741,6716068,6732506,6732160,6690997,6742564,6566769,6558069,6506993,6472486,6422808,6508854,6463829,6386117,6441015,6408408
637,0,1,-1,6926092,6873526,6807909,6768532,6844529,6730874,6748277,6747647,6705352,6757267,6581190,6572548,6521094,6486726,6437051,6523600,6478353,6399881,6455243,6422593
638,31,1,-1,6912383,6859534,6794765,6755055,6830701,6716993,6735072,6733403,6691643,6743370,6567877,6559575,6507889,6472862,6424119,6510080,6464725,6387350,6442763,6410310
639,0,1,-1,6925011,6873322,6807749,6768128,6844742,6730907,6748055,6747011,6705248,6757368,6581145,6572413,6520035,6486113,6436826,6523094,6477760,6401072,6455471,6422883
640,31,1,-1,6911472,6858783,6793696,6754925,6829757,6716710,6733891,6732747,6690894,6742735,6567265,6559096,6506563,6472927,6423692,6509247,6464020,6386789,6441879,6409333
641,0,1,-1,6925349,6873233,6807604,6768707,6844320,6731758,6749420,6747587,6705380,6757485,6581491,6572341,6520296,6486178,6437398,6523501,6478115,6400865,6455286,6423175
642,31,1,-1,6912324,6859259,6793735,6755454,6830267,6717023,6734592,6733129,6691263,6742668,6567437,6558739,6507120,6472956,6423675,6509426,6464198,6387512,6442033,6410221
643,0,1,-1,6925584,6873527,6808232,6769054,6844112,6730858,6748866,6746906,6705136,6756937,6580816,6572140,6520063,6486411,6435507,6522959,6478811,6400941,6456067,6423376
644,31,1,-1,6911128,6858534,6793532,6755689,6829685,6716644,6734342,6732682,6691211,6742378,6567991,6558954,6507379,6472774,6422872,6509707,6465178,6387179,6442433,6410674
645,0,1,-1,6925354,6872710,6808301,6769894,6844542,6730783,6748525,6746995,6705456,6757529,6581638,6573041,6520210,6485710,6437052,6523819,6479321,6401643,6456059,6423459
646,31,1,-1,6911875,6858455,6793563,6756117,6830541,6716733,6734251,6733170,6691534,6742238,6567283,6558877,6506977,6472381,6424114,6510043,6465217,6388235,6441936,6409858
647,0,1,-1,6926810,6873072,6808429,6770184,6845193,6731882,6748851,6747130,6706167,6757228,6581410,6572526,6521198,6485727,6438034,6524151,6478984,6402479,6455849,6423934
648,31,1,-1,6911889,6859470,6794031,6755909,6830374,6716824,6734141,6732998,6691430,6742879,6567800,6559027,6507619,6472785,6424635,6509613,6465367,6388379,6442899,6410558
649,0,1,-1,6925938,6873173,6808054,6769434,6844856,6731099,6748279,6746876,6705411,6757869,6581273,6572366,6520299,6486886,6436852,6524087,6479481,6400880,6455943,6423451
650,31,1,-1,6912845,6859494,6794589,6756410,6831161,6717369,6734219,6733654,6691570,6743818,6568082,6559525,6507737,6473555,6424163,6509870,6466093,6387655,6442890,6411556
651,0,1,-1,6926981,6873964,6808506,6770448,6845724,6731764,6748537,6747865,6705742,6758607,6581996,6573016,6521051,6486287,6437615,6525459,6480354,6401605,6456300,6425056
652,31,1,-1,6912452,6859787,6794096,6756187,6830993,6717143,6733373,6733496,6691649,6743246,6567637,6559515,6507226,6472999,6423696,6510580,6466556,6387527,6443276,6411170
653,0,1,-1,6927622,6873883,6808167,6770028,6844580,6731047,6747127,6747696,6706153,6757598,6581787,6572458,6519989,6485683,6437221,6524249,6479543,6401476,6456179,6424163
654,31,1,-1,6912996,6860760,6794382,6756210,6831145,6716976,6732977,6733595,6692181,6743660,6568516,6559204,6506879,6471944,6423945,6510460,6466099,6388246,6443549,6411308
655,0,1,-1,6927622,6874836,6808568,6770289,6844825,6731139,6747652,6747038,6705650,6757817,6582294,6572535,6519612,6485393,6437240,6524032,6479840,6401634,6457174,6424600
656,31,1,-1,6912704,6859082,6793308,6755775,6830461,6716140,6732867,6732138,6690894,6742618,6567810,6558481,6506093,6470236,6422746,6509047,6465192,6387157,6443239,6410495
657,0,1,-1,6926833,6873596,6808110,6770059,6844700,6730952,6747921,6746793,6705600,6758221,6582169,6572332,6521010,6484602,6436919,6523540,6479782,6401682,6456629,6424444
658,31,1,-1,6912757,6859397,6793129,6755868,6830266,6715656,6733331,6732836,6691207,6743139,6568316,6558372,6507055,6471069,6423465,6509560,6465772,6387406,6442274,6411225
659,0,1,-1,6926492,6874285,6807219,6769794,6844029,6730178,6747894,6746796,6704864,6757818,6582246,6571830,6520497,6485426,6436726,6523835,6479266,6400982,6455458,6424455
660,31,1,-1,6911629,6859268,6792492,6755514,6829558,6715625,6732995,6733058,6690343,6742838,6568294,6558264,6506367,6471861,6423036,6508937,6464766,6387235,6442181,6410668
661,0,1,-1,6925359,6873642,6807081,6769631,6843680,6730534,6747173,6746263,6704657,6757170,6580876,6572027,6519354,6485149,6435607,6522976,6478804,6400891,6456107,6424114
662,31,1,-1,6910917,6859515,6792433,6755419,6829614,6716172,6732814,6731935,6690428,6742603,6567159,6558506,6506646,6472058,6422362,6508864,6465167,6387702,6442326,6410604
663,0,1,-1,6925692,6873507,6806587,6768960,6843387,6730589,6747449,6746170,6704956,6757184,6580830,6571861,6519774,6485560,6435691,6523321,6478725,6400889,6455546,6423491
664,31,1,-1,6912851,6860555,6792784,6756394,6830208,6716526,6733785,6732207,6691496,6743930,6568181,6559444,6506400,6472285,6423356,6510093,6466492,6387892,6442641,6410334
665,0,1,-1,6926659,6874429,6807241,6770017,6845331,6731437,6747740,6746549,6705986,6758375,6581660,6572891,6519537,6485837,6436720,6523819,6480215,6401530,6456554,6423806
666,31,1,-1,6912862,6860188,6793505,6755297,6830852,6717360,6733640,6732709,6691731,6743394,6567679,6559396,6506258,6472666,6424144,6509627,6466201,6388045,6442957,6410568
667,0,1,-1,6926545,6873605,6807440,6769578,6845035,6731098,6747044,6746266,6705384,6757945,6580617,6572440,6519315,6486525,6437037,6523363,6479568,6400859,6456346,6423724
668,31,1,-1,6911971,6858723,6793435,6755555,6830984,6716828,6733268,6731961,6690933,6743706,6567708,6559130,6505784,6473066,6423431,6509308,6465740,6387411,6442382,6410777
669,0,1,-1,6926950,6873763,6808399,6770106,6845584,6732255,6748456,6747358,6706410,6758288,6582609,6573518,6519380,6486540,6437848,6523953,6479967,6402281,6456593,6425187
670,31,1,-1,6912324,6859021,6793738,6756229,6831180,6717350,6734213,6732649,6691884,6743676,6568543,6559378,6505722,6473003,6424262,6509139,6465641,6387826,6442470,6411214
671,0,1,-1,6926114,6871939,6806837,6769221,6844707,6731069,6747506,6747101,6705498,6757823,6581515,6572588,6518247,6485673,6436951,6522985,6478833,6400675,6455937,6423326
672,31,1,-1,6910736,6857665,6793000,6755407,6830057,6716558,6732873,6731319,6690899,6743153,6567380,6558256,6504729,6472387,6422594,6508729,6464580,6386176,6442561,6409392
673,0,1,-1,6925372,6872283,6807571,6769285,6844594,6731240,6747747,6746062,6705048,6757156,6581596,6571980,6518566,6486111,6437101,6523149,6478811,6399968,6455386,6422542
674,31,1,-1,6911346,6857283,6793627,6754844,6829565,6716061,6733386,6731526,6690751,6742292,6567847,6558524,6504876,6471740,6423345,6508253,6464691,6386285,6441865,6409417
675,0,1,-1,6924636,6871915,6807874,6769156,6844000,6729810,6747911,6745944,6705168,6757386,6581566,6572175,6518914,6485609,6436669,6522456,6478830,6401211,6455312,6423165
676,31,1,-1,6912521,6857553,6793963,6755607,6830111,6716360,6732741,6731599,6690614,6743379,6567835,6559125,6506121,6472473,6423487,6509116,6465149,6386823,6441357,6409507
677,0,1,-1,6927197,6872700,6808897,6770026,6845049,6731283,6747784,6747413,6705450,6758425,6582269,6572609,6519516,6486329,6437002,6523868,6479408,6401137,6455423,6422861
678,31,1,-1,6913137,6857840,6794414,6755917,6830125,6717088,6733524,6732807,6691360,6743766,6568332,6558872,6506474,6472377,6423475,6509040,6465539,6387285,6442567,6409762
679,0,1,-1,6927072,6872357,6808236,6769462,6844235,6731069,6747430,6746340,6705533,6757770,6581766,6572531,6519642,6486043,6436294,6522938,6478849,6401033,6455418,6423423
680,31,1,-1,6912104,6857809,6793940,6755761,6830140,6716695,6733475,6732209,6691085,6742985,6568462,6559213,6505894,6472012,6423226,6509090,6465421,6386918,6442504,6409700
681,0,1,-1,6925845,6872042,6808134,6768946,6844044,6730264,6747209,6746083,6705696,6757170,6581697,6572587,6518790,6485308,6435993,6522421,6478658,6400190,6455577,6422975
682,31,1,-1,6913143,6859172,6794810,6756586,6831102,6717237,6733865,6733246,6692491,6744120,6569186,6560208,6506576,6473511,6424825,6509747,6466848,6387399,6442219,6410591
683,0,1,-1,6927851,6873247,6809169,6770242,6845300,6731799,6747729,6747488,6706084,6758741,6582428,6573010,6520748,6487092,6437897,6524158,6479919,6400816,6456149,6424030
684,31,1,-1,6913057,6857482,6794317,6755222,6829907,6716392,6732131,6732695,6690304,6743549,6567633,6558883,6506320,6472245,6423667,6508808,6464564,6386243,6441939,6409795
685,0,1,-1,6926931,6872527,6809251,6769946,6845230,6730823,6747596,6747367,6705976,6758612,6582202,6573071,6518913,6486442,6437042,6523417,6479142,6401203,6456812,6423856
686,31,1,-1,6912802,6858222,6794968,6756321,6830970,6716196,6734010,6734038,6691400,6743968,6568090,6559092,6505420,6473863,6424355,6509811,6465836,6387481,6442966,6410308
687,0,1,-1,6926285,6872984,6809278,6770061,6845030,6730673,6747946,6747606,6705487,6758340,6581190,6573267,6519168,6487570,6437865,6523731,6479816,6401709,6455991,6423406
688,31,1,-1,6912454,6858519,6794787,6755683,6830405,6716060,6734037,6733721,6691366,6743781,6567846,6559650,6506249,6474107,6425010,6509364,6465847,6387777,6442916,6409751
689,0,1,-1,6926368,6872841,6808883,6769543,6844911,6730402,6747863,6747548,6705816,6757807,6581412,6572476,6519652,6487401,6437120,6523105,6479536,6401469,6455753,6422653
690,31,1,-1,6911990,6858272,6794378,6755308,6830056,6716080,6733349,6732811,6690765,6743092,6567447,6558788,6505623,6472352,6423322,6509422,6464736,6387421,6441388,6409154
691,0,1,-1,6926996,6872710,6809306,6769582,6844620,6730577,6747728,6747731,6705398,6758044,6581352,6572761,6518223,6486581,6437343,6523807,6479421,6402113,6455694,6423191
692,31,1,-1,6912799,6858725,6794905,6756004,6829893,6716294,6733793,6733674,6691208,6743481,6566997,6559325,6505571,6473075,6424124,6509947,6465474,6388434,6442298,6410134
693,0,1,-1,6927334,6872204,6808895,6769374,6843746,6730747,6747450,6747610,6705144,6757826,6580749,6571726,6518316,6486289,6436676,6523544,6478906,6401237,6455913,6422997
694,31,1,-1,6912367,6858262,6794398,6755151,6829779,6715994,6733550,6733228,6691313,6743349,6567435,6558887,6505561,6472914,6423895,6509346,6465159,6388175,6441485,6409817
695,0,1,-1,6926313,6872028,6808003,6768334,6843641,6729716,6747772,6746482,6704655,6757190,6580064,6571333,6518287,6485531,6436092,6522330,6477914,6400659,6454552,6422401
696,31,1,-1,6913010,6858193,6794244,6754648,6829955,6715972,6734288,6732913,6691285,6743188,6567348,6557993,6505177,6472874,6422886,6508670,6464471,6386969,6442077,6408709
697,0,1,-1,6926676,6872024,6807699,6768067,6843723,6729613,6748038,6746558,6704780,6757623,6580171,6571204,6517344,6485925,6435822,6521718,6477366,6399395,6454893,6421418
698,31,1,-1,6912774,6857306,6793938,6754458,6830288,6715885,6734016,6732432,6690419,6743658,6566745,6557903,6504877,6472087,6423150,6508026,6464165,6385834,6441611,6409031
699,0,1,-1,6927230,6872694,6808102,6768959,6844688,6730478,6748533,6747097,6705940,6757860,6580440,6571605,6519169,6485864,6436567,6522467,6478589,6400272,6455493,6422594
700,31,1,-1,6913665,6859301,6794072,6755781,6831439,6716706,6734558,6733427,6691617,6743317,6567509,6558928,6505953,6472803,6423391,6509220,6465220,6387251,6442720,6409611
701,0,1,-1,6926276,6871900,6807717,6768910,6845211,6730027,6748115,6746521,6704423,6757929,6580379,6571740,6518765,6485408,6435587,6522831,6478594,6400045,6455721,6421952
702,31,1,-1,6912123,6857278,6793137,6754586,6829738,6714821,6733029,6731309,6690180,6742592,6566451,6557454,6505340,6472437,6422397,6507838,6463959,6385979,6440749,6408303
703,0,1,-1,6926473,6871635,6807827,6768981,6844864,6729834,6747975,6745963,6704711,6757522,6580360,6571641,6518361,6486332,6436247,6522598,6477380,6399510,6454733,6421839
704,31,1,-1,6913311,6857908,6793578,6754623,6830667,6715793,6733634,6732479,6690822,6742553,6566908,6558418,6505819,6472942,6423068,6508658,6464224,6386259,6441456,6408754
705,0,1,-1,6927865,6873028,6808324,6768808,6844921,6730045,6748043,6746613,6705403,6757672,6580928,6572019,6519574,6487021,6436696,6522672,6477742,6401225,6455859,6422703
706,31,1,-1,6913184,6858142,6793808,6755480,6830110,6715458,6733111,6732312,6690549,6742727,6567289,6558079,6505669,6472644,6422633,6508506,6464124,6387618,6441590,6408777
707,0,1,-1,6927433,6872675,6808252,6768972,6845131,6730462,6747951,6747089,6705159,6757878,6581376,6571585,6518881,6486354,6436541,6523273,6478513,6400653,6454194,6422528
708,31,1,-1,6914137,6858467,6794270,6755727,6831760,6716677,6733906,6732916,6690321,6743689,6567960,6558579,6506054,6473090,6423392,6508525,6465628,6387533,6441351,6410153
709,0,1,-1,6928123,6872435,6808214,6770098,6846027,6730974,6747514,6747164,6704842,6758012,6581374,6572360,6519106,6486423,6436752,6522648,6479397,6401721,6454986,6423181
710,31,1,-1,6912883,6858214,6794123,6755544,6831085,6716107,6732008,6732037,6690144,6742826,6567686,6557647,6505894,6471658,6422791,6508716,6464722,6386696,6441026,6408531
711,0,1,-1,6927967,6873069,6808380,6770050,6845574,6730496,6746370,6747289,6704843,6757638,6581262,6571879,6519253,6485939,6436868,6523275,6478919,6400390,6455184,6422355
712,31,1,-1,6913237,6858057,6793205,6755704,6830058,6715904,6731475,6732167,6690327,6743042,6566686,6557855,6505615,6472368,6423339,6508315,6464878,6385804,6440897,6408692
713,0,1,-1,6927388,6872966,6807905,6770154,6844725,6731113,6747276,6746474,6704610,6758200,6581216,6571712,6519842,6486810,6436981,6523552,6478845,6400513,6454695,6422933
714,31,1,-1,6913681,6858795,6793965,6755687,6830834,6716782,6733755,6732694,6691208,6744096,6567812,6558349,6506373,6472696,6424187,6509569,6464829,6386636,6441859,6409686
715,0,1,-1,6926609,6872799,6808026,6769428,6845001,6730805,6747638,6747097,6705042,6757846,6581450,6571579,6519803,6486352,6436587,6523319,6478680,6400518,6455406,6422745
716,31,1,-1,6912147,6857266,6793673,6754917,6829950,6716180,6732544,6731877,6690551,6742917,6567570,6558304,6505682,6473070,6423748,6508248,6464644,6387142,6441635,6408788
717,0,1,-1,6927099,6872476,6808888,6770132,6845976,6731590,6747883,6746975,6705346,6758522,6581747,6572048,6519500,6486648,6436758,6523205,6479231,6401696,6455980,6423033
718,31,1,-1,6913145,6858375,6794012,6756612,6831028,6716822,6733646,6732936,6690715,6743998,6567796,6558911,6505861,6473078,6423585,6508921,6465476,6388254,6442393,6409697
719,0,1,-1,6928080,6872936,6808324,6769957,6845403,6730948,6747877,6746800,6704827,6758380,6581493,6572618,6519456,6486778,6436785,6523221,6478695,6401796,6455419,6423133
720,31,1,-1,6914145,6858610,6794825,6755909,6831485,6717012,6734296,6733200,6690918,6744028,6567701,6559106,6506531,6472781,6424161,6509385,6465342,6388022,6442421,6410168
721,0,1,-1,6927550,6872162,6808346,6769420,6845152,6730564,6747926,6746414,6703941,6757718,6581286,6572183,6519309,6485626,6436832,6522525,6478744,6401684,6455644,6423047
722,31,1,-1,6912824,6857793,6794263,6755793,6831010,6716064,6732933,6732658,6689923,6743053,6567822,6558429,6505883,6472028,6423695,6508801,6464868,6388745,6442401,6409688
723,0,1,-1,6927664,6872302,6808075,6769710,6844990,6731132,6748087,6746861,6704915,6757603,6581502,6572168,6520113,6485770,6436962,6522914,6479271,6401404,6456455,6423125
724,31,1,-1,6914220,6858431,6794058,6755264,6831384,6716528,6734081,6732756,6690465,6743012,6568073,6558797,6506658,6472077,6423362,6509661,6465373,6387288,6442238,6409411
725,0,1,-1,6927957,6873134,6809157,6770451,6846372,6731694,6748520,6748314,6705536,6757941,6582526,6572908,6521179,6486773,6437698,6523720,6479858,6401977,6456689,6424145
726,31,1,-1,6913886,6858781,6794628,6756105,6831896,6717449,6734248,6732862,6690769,6743199,6568589,6558662,6507494,6472847,6423476,6510237,6465751,6388129,6442735,6410203
727,0,1,-1,6928398,6872920,6809447,6770321,6846147,6732070,6749132,6747083,6705914,6758389,6581846,6572047,6520236,6486755,6436486,6523644,6479671,6402482,6456634,6423842
728,31,1,-1,6913413,6858854,6795102,6755757,6831391,6716926,6733982,6732422,6690831,6743434,6567707,6558007,6506581,6473056,6422579,6509183,6465600,6388406,6442450,6410073
729,0,1,-1,6927668,6873341,6808565,6769922,6845794,6731549,6748024,6746365,6704991,6758095,6581460,6571461,6519585,6486386,6436169,6523509,6478826,6401791,6456107,6424134
730,31,1,-1,6913721,6858654,6794466,6755828,6832111,6717400,6733675,6732139,6691412,6743878,6568078,6558707,6507018,6472820,6423396,6509506,6465572,6388138,6442836,6410915
731,0,1,-1,6928016,6873894,6808295,6769390,6845945,6731621,6748347,6747023,6705389,6757961,6581536,6572406,6520049,6485529,6436181,6523853,6479294,6401164,6456238,6424020
732,31,1,-1,6913665,6859230,6793870,6755890,6831364,6717110,6734159,6733598,6691386,6743095,6568336,6559125,6505866,6471852,6423055,6509538,6465231,6387672,6442277,6410730
733,0,1,-1,6927452,6873180,6808309,6768971,6845251,6731578,6748176,6746918,6705253,6757402,6582395,6572465,6519033,6485873,6435469,6522429,6478763,6401344,6455942,6423585
734,31,1,-1,6912631,6859092,6794138,6754853,6830674,6716351,6733246,6731894,6690313,6742247,6567415,6558345,6505219,6471576,6421637,6507904,6464719,6386930,6441955,6410192
735,0,1,-1,6927188,6873579,6808895,6769505,6845703,6731157,6748035,6747841,6705445,6757605,6581758,6572346,6519256,6485665,6436039,6522429,6478944,6401023,6455762,6424022
736,31,1,-1,6913741,6859781,6795614,6756463,6832404,6717603,6734921,6733900,6692082,6743771,6568620,6559975,6506809,6472503,6424069,6509630,6465850,6387910,6442216,6411204
737,0,1,-1,6927131,6873696,6808949,6769593,6845789,6731514,6747812,6747636,6705561,6757666,6581035,6572658,6519794,6485932,6436840,6522100,6478400,6400577,6456089,6423845
738,31,1,-1,6912637,6858936,6794213,6755268,6831655,6716618,6733292,6733239,6691179,6743230,6567325,6559129,6505393,6472275,6423717,6508641,6464260,6387136,6442346,6410120
739,0,1,-1,6927404,6873651,6808507,6769448,6845819,6730818,6747162,6747355,6705019,6757365,6581209,6572734,6518962,6486977,6436635,6523534,6478854,6401063,6456106,6423907
740,31,1,-1,6913317,6859763,6794298,6755763,6831025,6716475,6731747,6732773,6690735,6743113,6566749,6558260,6505533,6472211,6422830,6509290,6464254,6386326,6442320,6410197
741,0,1,-1,6927600,6873960,6808679,6770246,6845104,6731591,6746376,6747103,6704915,6758242,6580678,6572368,6519745,6486745,6436576,6523216,6478395,6400725,6455637,6423972
742,31,1,-1,6913664,6858794,6794378,6756188,6830779,6716853,6732195,6732468,6690715,6743418,6567314,6558440,6506235,6473184,6422569,6508599,6465205,6386878,6442040,6410464
743,0,1,-1,6928341,6873254,6808848,6770713,6845382,6730938,6747001,6747665,6704537,6758377,6581453,6572315,6519160,6486502,6436451,6522695,6478647,6400775,6455036,6423609
744,31,1,-1,6913837,6858792,6794184,6755527,6830916,6716406,6732766,6732897,6690385,6743619,6567788,6558556,6506043,6472301,6422371,6508313,6464467,6387620,6441220,6410112
745,0,1,-1,6928533,6874436,6808909,6770259,6845653,6731843,6747588,6747729,6705459,6758653,6581553,6572742,6519775,6486979,6436358,6522910,6479437,6401392,6455408,6423852
746,31,1,-1,6913879,6859194,6794178,6755461,6831111,6717413,6733254,6732596,6690464,6743606,6567617,6559178,6506902,6473150,6423669,6508569,6465321,6387570,6442351,6410485
747,0,1,-1,6927847,6872674,6808315,6769487,6844934,6731251,6746992,6746539,6704470,6758050,6581036,6572243,6520254,6486547,6436529,6522379,6478871,6401094,6455117,6423386
748,31,1,-1,6913639,6857774,6794005,6755262,6830588,6716118,6732824,6732004,6690376,6743824,6567551,6558490,6507435,6471652,6422811,6508646,6465460,6387535,6441613,6410353
749,0,1,-1,6926790,6871759,6807781,6768149,6844377,6730341,6746112,6745870,6704056,6757593,6580931,6571460,6520006,6485219,6435604,6522140,6478780,6400864,6454525,6422898
750,31,1,-1,6913092,6858174,6794685,6755914,6831239,6716644,6732745,6732651,6690481,6743861,6567739,6559476,6505462,6471794,6422807,6509102,6465917,6388020,6441765,6409906
751,0,1,-1,6927025,6872215,6808674,6769810,6845821,6731305,6747692,6747923,6705187,6759583,6581762,6573877,6520511,6486419,6436372,6523176,6479935,6401898,6454937,6423911
752,31,1,-1,6911769,6858235,6793944,6754751,6830538,6716238,6733034,6732890,6689968,6743993,6567376,6559212,6506865,6471712,6422480,6508061,6465089,6387182,6441609,6410144
753,0,1,-1,6925980,6872441,6808255,6769265,6845090,6731064,6747790,6747001,6704955,6758785,6581255,6572642,6520391,6485474,6436027,6522629,6478879,6400793,6454951,6423633
754,31,1,-1,6911262,6858527,6793510,6754598,6830008,6715867,6732534,6731043,6690022,6742929,6567255,6558042,6506253,6471023,6421851,6507839,6464147,6386547,6440844,6409571
755,0,1,-1,6925775,6872578,6807277,6768968,6844012,6730608,6746901,6746142,6704283,6757108,6580723,6572104,6519789,6484472,6434978,6522236,6478043,6400403,6454599,6423271
756,31,1,-1,6911971,6859149,6794023,6755507,6830702,6716830,6733304,6732243,6690540,6743753,6567873,6559157,6506538,6471487,6422483,6508700,6464735,6387861,6442072,6410526
757,0,1,-1,6927519,6874482,6808852,6769896,6845443,6731805,6748122,6747200,6705867,6759256,6582065,6573306,6520682,6485453,6436877,6523108,6479321,6401723,6456012,6424293
758,31,1,-1,6913387,6859879,6794926,6755924,6831342,6717284,6733630,6732961,6691555,6744817,6568567,6559701,6507594,6471740,6423631,6509179,6465979,6388047,6442052,6410563
759,0,1,-1,6926086,6873056,6808229,6769583,6844472,6730920,6746974,6746682,6705403,6758029,6581182,6571711,6520055,6485191,6435931,6522948,6479274,6400299,6454956,6423178
760,31,1,-1,6912740,6859517,6794632,6756424,6830643,6717292,6733762,6733072,6691491,6743893,6567841,6558460,6507100,6471948,6423203,6509305,6465515,6387772,6441579,6409750
761,0,1,-1,6927569,6874307,6809059,6770255,6845333,6732344,6748300,6747206,6706328,6758899,6581599,6572192,6520592,6486005,6436560,6524042,6480037,6402193,6455493,6423166
762,31,1,-1,6913590,6859845,6795294,6756814,6832117,6717945,6734482,6733946,6692545,6744951,6568673,6559375,6508137,6472478,6423608,6510513,6466206,6388542,6442405,6410788
763,0,1,-1,6927687,6874234,6809518,6770461,6845825,6731995,6748437,6747789,6705883,6759813,6581637,6572388,6519885,6485942,6436876,6524026,6479964,6402033,6455485,6424127
764,31,1,-1,6913663,6859786,6794984,6756369,6831295,6717602,6733802,6733718,6691696,6745225,6568311,6559924,6506438,6471793,6423435,6508834,6465892,6389010,6441357,6410793
765,0,1,-1,6926935,6873283,6808367,6770399,6845415,6731672,6747726,6747599,6705685,6759147,6581442,6572787,6519523,6485654,6436110,6522750,6479543,6402050,6454713,6423360
766,31,1,-1,6912148,6858386,6793784,6756578,6831782,6717229,6733989,6732921,6691238,6744807,6567374,6559656,6507040,6472184,6422741,6508593,6466038,6387940,6441529,6410282
767,0,1,-1,6925957,6872669,6807877,6770127,6845443,6731510,6748898,6747801,6705192,6758817,6580810,6573060,6519559,6485398,6435831,6522456,6479565,6401148,6455157,6423185
768,31,1,-1,6913447,6858421,6793981,6756387,6831264,6718078,6734001,6733069,6691097,6744283,6567553,6559199,6506564,6472143,6422510,6508824,6465988,6387698,6441931,6410046
769,0,1,-1,6927147,6872507,6807453,6769804,6845273,6731622,6747999,6747413,6704653,6758665,6580702,6572416,6519562,6485259,6435828,6522359,6479644,6400813,6455073,6423580
770,31,1,-1,6912507,6857832,6793387,6756134,6831359,6716726,6733727,6733242,6690980,6744268,6566882,6558896,6506306,6472589,6422471,6509320,6465588,6387321,6441436,6410070
771,0,1,-1,6927017,6872531,6807693,6770204,6845155,6730707,6747877,6747819,6705059,6759109,6580609,6573006,6520138,6486492,6435708,6522728,6479979,6401854,6455202,6423127
772,31,1,-1,6913830,6858266,6794215,6756645,6831615,6716712,6733612,6733595,6691551,6745020,6567154,6559465,6507195,6472901,6422433,6508952,6466230,6388461,6442114,6409837
773,0,1,-1,6928156,6872218,6807940,6769583,6845364,6731137,6747638,6747592,6705278,6759019,6580595,6572936,6519835,6485680,6435122,6523646,6479814,6401799,6455779,6423167
774,31,1,-1,6913575,6857485,6793121,6755515,6829949,6716583,6733211,6732456,6690861,6743974,6566406,6558963,6506725,6471645,6422047,6508845,6465220,6387494,6441795,6410146
775,0,1,-1,6927820,6871775,6807263,6769979,6844848,6730903,6747644,6746375,6704577,6758556,6580122,6572501,6519978,6485656,6435647,6522962,6478460,6401236,6455468,6423144
776,31,1,-1,6913644,6857812,6793553,6756617,6830965,6717146,6733962,6732293,6691134,6744253,6567069,6559544,6507072,6472339,6422416,6509265,6465307,6387546,6442052,6409723
777,0,1,-1,6926927,6872268,6807495,6769578,6844732,6730780,6747757,6746089,6704989,6757874,6580725,6572323,6520307,6485464,6435133,6522526,6478525,6401334,6455468,6422610
778,31,1,-1,6912990,6858124,6793695,6755597,6830009,6716652,6734370,6732338,6690797,6743687,6567140,6558957,6507425,6471904,6422027,6509565,6465066,6387911,6442419,6410147
779,0,1,-1,6926743,6872611,6808585,6769951,6845028,6731119,6748979,6746553,6705130,6758288,6581209,6572485,6520709,6485920,6435702,6523599,6479088,6401822,6455969,6423647
780,31,1,-1,6912694,6858691,6793427,6755691,6830433,6716829,6734621,6732261,6690616,6744162,6567214,6558992,6506647,6472578,6421624,6508832,6465105,6387560,6441321,6409561
781,0,1,-1,6927526,6873331,6809077,6770304,6845818,6732111,6749243,6748059,6706018,6759906,6581804,6573706,6520862,6487081,6435939,6522882,6480115,6402111,6455804,6424159
782,31,1,-1,6912764,6858456,6793821,6755683,6830960,6716831,6733942,6733249,6691059,6744081,6567524,6559748,6506677,6472664,6422420,6509367,6465807,6388370,6441613,6410750
783,0,1,-1,6926731,6872567,6808009,6769671,6844845,6730878,6748695,6747676,6705108,6758880,6580786,6572711,6519435,6485300,6435764,6523656,6479660,6401520,6454627,6424177
784,31,1,-1,6914246,6859758,6794675,6757170,6831959,6717239,6735681,6733790,6691938,6744814,6568413,6559774,6507563,6473473,6423431,6509994,6466619,6388921,6442359,6411756
785,0,1,-1,6927808,6872916,6808375,6770446,6845266,6731283,6749467,6747520,6705495,6758855,6581888,6573041,6520457,6485581,6435920,6523775,6480156,6401235,6455552,6424220
786,31,1,-1,6914304,6858734,6794274,6756429,6830490,6716706,6735060,6732664,6691054,6744633,6568312,6559068,6506756,6472817,6422570,6509470,6466661,6387696,6441505,6411116
787,0,1,-1,6927240,6873070,6808457,6770496,6844657,6731231,6749117,6746793,6705117,6759216,6581563,6572450,6519989,6485511,6435891,6523779,6479588,6400488,6454772,6424079
788,31,1,-1,6912314,6857640,6793584,6755764,6829757,6716079,6733976,6732641,6690833,6743898,6566882,6558628,6506110,6471666,6422321,6509443,6465450,6387339,6440316,6409884
789,0,1,-1,6927519,6872695,6808632,6770236,6845351,6731112,6749188,6747034,6706297,6759312,6581854,6572961,6520393,6485700,6436361,6524300,6480172,6401862,6454597,6423644
790,31,1,-1,6912773,6857944,6794068,6756155,6830557,6716027,6734238,6732260,6690803,6744031,6567441,6558490,6505541,6471674,6422347,6509379,6465592,6387992,6440371,6409804
791,0,1,-1,6927258,6872540,6808513,6770690,6845538,6730761,6749242,6747691,6705780,6758972,6581049,6572417,6518903,6485899,6436216,6523639,6479723,6401982,6455386,6423293
792,31,1,-1,6911759,6857152,6793114,6755352,6829679,6715225,6733800,6732542,6689866,6743310,6566207,6557491,6504668,6470775,6421685,6508431,6465347,6386658,6440211,6409062
793,0,1,-1,6926888,6872366,6807930,6770241,6844182,6730473,6748566,6747498,6704855,6757733,6581102,6571715,6518896,6485654,6435915,6523300,6479642,6400716,6454124,6423309
794,31,1,-1,6912742,6858084,6794169,6756506,6830159,6716110,6734905,6733197,6691146,6743058,6567428,6558250,6506017,6472168,6422147,6509221,6464958,6387099,6441097,6409828
795,0,1,-1,6927140,6873601,6808373,6770276,6844051,6730174,6749490,6746558,6704926,6757648,6581002,6571815,6518958,6484753,6435805,6522752,6478996,6401015,6454617,6423591
796,31,1,-1,6912415,6858054,6793344,6755939,6829557,6715613,6734246,6731915,6689948,6742889,6566583,6557982,6505288,6471424,6421939,6508736,6465271,6386652,6440813,6409733
797,0,1,-1,6926994,6872281,6807948,6769942,6843993,6730259,6748347,6746377,6704796,6757670,6580383,6571882,6518026,6485799,6435164,6523285,6479154,6400761,6454436,6422840
798,31,1,-1,6914224,6859336,6794732,6757317,6830995,6717664,6735443,6732875,6692139,6744623,6567726,6559316,6506064,6473519,6423269,6511005,6466495,6387890,6442134,6410419
799,0,1,-1,6927038,6872416,6808683,6770140,6844267,6731128,6748753,6745854,6705233,6759008,6580835,6572475,6520105,6485704,6435299,6523482,6479790,6401044,6455106,6423242
800,31,1,-1,6913577,6858238,6794588,6756527,6830735,6717164,6734508,6732075,6691075,6744635,6567936,6558720,6507305,6472427,6423358,6509466,6466648,6387678,6442467,6410482
801,0,1,-1,6927365,6872724,6808704,6770031,6844565,6731555,6748281,6746505,6705183,6758497,6581050,6572545,6519811,6486142,6435435,6523909,6479742,6401509,6455490,6423238
802,31,1,-1,6911576,6857787,6793685,6754948,6829584,6716292,6733204,6732090,6690263,6743640,6566716,6558055,6505123,6471915,6422173,6509123,6465292,6387255,6440759,6409282
803,0,1,-1,6925275,6871662,6808169,6768809,6843841,6730605,6747921,6747209,6704681,6758529,6580590,6572055,6518893,6485810,6435768,6523724,6479567,6401126,6455057,6422913
804,31,1,-1,6912107,6858698,6794070,6755411,6829532,6716724,6734126,6733074,6690695,6743788,6567353,6558758,6505446,6472070,6422442,6509840,6465664,6387373,6442322,6409808
805,0,1,-1,6926185,6872537,6807540,6768818,6843870,6730875,6747769,6747243,6704266,6757986,6579986,6571251,6517990,6485258,6434877,6522621,6478890,6400533,6455007,6422369
806,31,1,-1,6912530,6859127,6794221,6755574,6830151,6716989,6734470,6733641,6691083,6743976,6567509,6558534,6505284,6472227,6422285,6509590,6465748,6388073,6442237,6409852
807,0,1,-1,6926926,6873575,6808548,6769421,6844532,6731241,6748314,6747504,6705024,6759058,6581608,6572768,6518567,6485984,6435254,6524019,6480069,6401502,6455747,6424068
808,31,1,-1,6912866,6858093,6794969,6756180,6830855,6716905,6734409,6734013,6690813,6744677,6567852,6559575,6505376,6473599,6422404,6510146,6466529,6388489,6442725,6410510
809,0,1,-1,6926045,6872245,6808353,6768611,6844218,6730388,6747570,6747140,6704507,6758311,6580602,6571776,6518714,6486297,6435144,6523829,6478694,6401290,6455642,6422987
810,31,1,-1,6912847,6859076,6795475,6755695,6830369,6716714,6733640,6733536,6691053,6743939,6567638,6559064,6505752,6472247,6421936,6509379,6464890,6388162,6442194,6410334
811,0,1,-1,6926539,6873597,6808621,6769407,6844095,6730830,6747613,6747587,6705149,6758310,6581182,6571791,6518555,6485966,6435145,6523570,6479152,6401477,6455210,6423579
812,31,1,-1,6912282,6858970,6794158,6755350,6829133,6716193,6733550,6732984,6690527,6743641,6566785,6558393,6504983,6472683,6421652,6508496,6464625,6387717,6441124,6409800
813,0,1,-1,6927593,6874145,6809717,6769814,6844822,6731770,6749242,6748444,6706206,6759364,6581242,6573126,6519571,6486874,6436121,6523906,6480184,6402492,6455791,6424310
814,31,1,-1,6913201,6859678,6795193,6755935,6830615,6717262,6734544,6733933,6691403,6744184,6567058,6559389,6506062,6472957,6422500,6511107,6465697,6387886,6441759,6410959
815,0,1,-1,6927753,6874275,6809766,6771081,6845231,6732317,6749529,6747918,6705911,6759418,6581029,6574302,6520476,6487878,6436999,6525665,6480603,6402538,6456165,6424951
816,31,1,-1,6912688,6859000,6795016,6756656,6830969,6717114,6734584,6733236,6691228,6744726,6566519,6559817,6506002,6473896,6422398,6510057,6465989,6388311,6442072,6411262
817,0,1,-1,6927071,6872708,6808713,6769889,6844182,6731269,6748783,6747421,6705363,6758995,6580280,6573082,6519720,6486730,6436084,6523228,6479566,6401779,6455142,6424203
818,31,1,-1,6912436,6858848,6795037,6756501,6830565,6717676,6733902,6733385,6691357,6744762,6567218,6559729,6505816,6473671,6423207,6509232,6466308,6388573,6442334,6410840
819,0,1,-1,6926731,6872835,6809565,6770302,6844983,6732330,6748333,6747958,6705897,6759628,6581720,6573154,6519593,6487003,6436187,6524698,6480560,6402492,6455753,6424394
820,31,1,-1,6912349,6858320,6794196,6755923,6829605,6716976,6733348,6733065,6690229,6743664,6567185,6558638,6505033,6472210,6421861,6508998,6466742,6387148,6441125,6410668
821,0,1,-1,6926732,6872904,6809223,6770395,6844808,6731291,6747853,6747863,6705439,6758844,6580683,6572543,6519289,6487396,6435994,6523511,6480445,6400993,6455303,6424319
822,31,1,-1,6912104,6858083,6794275,6756131,6829998,6716450,6733441,6732956,6690855,6743760,6566904,6559138,6505357,6473582,6422240,6508797,6465233,6386686,6441427,6409987
823,0,1,-1,6926048,6872107,6808358,6768920,6843705,6730688,6747384,6747104,6704699,6758253,6580416,6572408,6518968,6486469,6435708,6522249,6478885,6400303,6455269,6423565
824,31,1,-1,6912612,6857507,6793819,6755035,6830177,6716765,6733556,6732985,6690694,6743687,6566722,6559086,6505607,6472861,6422487,6509314,6465644,6386772,6441520,6409750
825,0,1,-1,6926649,6872136,6808507,6769119,6844073,6731015,6747715,6747518,6704482,6758163,6580715,6572724,6519633,6485998,6435730,6522887,6479752,6400551,6454515,6423627
826,31,1,-1,6912846,6858548,6794358,6755806,6830504,6716703,6733077,6733950,6690637,6744340,6567044,6559167,6505768,6473658,6422559,6508843,6466404,6387286,6442065,6410134
827,0,1,-1,6927626,6872698,6808770,6769740,6845407,6731215,6747271,6748436,6704901,6758694,6580635,6572990,6519554,6486621,6436020,6523785,6480296,6401402,6456095,6423856
828,31,1,-1,6912442,6857740,6794267,6755332,6830691,6716425,6732350,6733596,6690358,6743835,6566774,6558992,6505982,6472772,6422072,6508945,6465533,6387735,6441783,6410272
829,0,1,-1,6926864,6872307,6808518,6769101,6844605,6730403,6747245,6748019,6704870,6758369,6580127,6571971,6519442,6486146,6435246,6523374,6479216,6401190,6454454,6423562
830,31,1,-1,6912862,6858961,6794515,6755823,6830648,6716702,6733266,6733177,6691073,6744137,6566842,6558829,6505663,6473117,6422536,6509053,6465699,6387987,6441251,6410293
831,0,1,-1,6927173,6872819,6808615,6769623,6844823,6731087,6747032,6747077,6704574,6758536,6580107,6572176,6519155,6486220,6435831,6523021,6479196,6401537,6454670,6423472
832,31,1,-1,6912781,6858750,6794074,6755812,6830877,6716624,6733794,6733219,6691115,6743704,6566656,6558759,6506390,6473178,6421824,6508311,6465962,6387927,6440759,6410798
833,0,1,-1,6926002,6873394,6808094,6769158,6844940,6729985,6747687,6747412,6704409,6758020,6580416,6571235,6518862,6486231,6434819,6522488,6479217,6401265,6454008,6423465
834,31,1,-1,6912113,6859174,6793742,6755147,6829538,6715516,6733992,6732393,6689795,6743388,6566509,6557832,6506283,6472790,6421582,6508801,6465330,6386945,6440650,6409931
835,0,1,-1,6926953,6874175,6808378,6769815,6844702,6730466,6748844,6747073,6703926,6758199,6580903,6572290,6519654,6486551,6435845,6523033,6480066,6401702,6454216,6424063
836,31,1,-1,6912864,6859544,6794182,6755921,6829899,6716523,6733638,6732920,6689682,6743645,6567323,6558624,6506251,6473637,6422355,6508664,6466299,6387452,6440970,6410692
837,0,1,-1,6926970,6872849,6808508,6770063,6845299,6730541,6748137,6747151,6704605,6758128,6581200,6572508,6519900,6487119,6435743,6522720,6480309,6401218,6454934,6423849
838,31,1,-1,6912981,6858859,6793972,6756192,6830837,6716780,6733881,6733096,6690227,6744564,6567386,6559156,6506403,6473450,6422458,6508803,6466533,6387327,6441627,6410624
839,0,1,-1,6927066,6872390,6808879,6770770,6845152,6730948,6748534,6748007,6705076,6759116,6581415,6573413,6519649,6486580,6435905,6523052,6480787,6401734,6455640,6424675
840,31,1,-1,6912256,6857506,6793620,6755934,6830252,6715750,6732621,6732436,6689940,6743718,6567229,6558739,6504695,6472181,6421818,6508220,6465958,6387807,6440659,6410439
841,0,1,-1,6926842,6872942,6807974,6770083,6845155,6730316,6747657,6747272,6704394,6758503,6581118,6572824,6518722,6486404,6435900,6522767,6480513,6401461,6454720,6423890
842,31,1,-1,6913238,6858446,6793386,6756007,6830271,6715656,6733777,6732849,6689272,6743481,6566987,6559012,6505209,6472696,6421952,6507809,6466131,6387465,6441085,6410556
843,0,1,-1,6927183,6873079,6808511,6770417,6845293,6730618,6748454,6747182,6703767,6758793,6580996,6572728,6518630,6485260,6435786,6522575,6479634,6401031,6454773,6424669
844,31,1,-1,6912567,6858331,6793985,6755692,6831161,6715977,6733835,6732436,6689825,6743441,6567238,6559130,6505665,6472480,6422319,6508692,6465364,6387525,6440910,6410791
845,0,1,-1,6927700,6873355,6808499,6769243,6845488,6730966,6748038,6747310,6704517,6758644,6581378,6573219,6518857,6486313,6436196,6523085,6479782,6401731,6454950,6423939
846,31,1,-1,6913301,6858612,6794084,6755749,6831123,6716264,6734232,6732156,6690270,6744454,6567535,6559250,6503839,6472222,6422441,6508632,6465259,6387984,6441894,6410677
847,0,1,-1,6927095,6872515,6808115,6768853,6844694,6730691,6747898,6746451,6704350,6758469,6580763,6572353,6516642,6484970,6435502,6522383,6479021,6402046,6454647,6424005
848,31,1,-1,6912051,6858635,6794253,6754535,6830034,6715991,6733187,6732533,6690132,6743747,6567549,6559278,6504940,6471453,6422025,6508724,6464681,6387953,6441154,6410293
849,0,1,-1,6926657,6872409,6808163,6768407,6844236,6730178,6747588,6746860,6703937,6757973,6580707,6572541,6517969,6484325,6435081,6522909,6479024,6401389,6454207,6423360
850,31,1,-1,6911951,6858102,6793783,6754046,6830251,6716085,6733561,6732002,6689235,6743392,6566647,6558926,6504913,6471793,6422068,6508576,6465411,6388144,6440933,6410325
851,0,1,-1,6926705,6872053,6808236,6769089,6844037,6730249,6748257,6747226,6703673,6759043,6580450,6572465,6518128,6484772,6435242,6523116,6479448,6400859,6454797,6423751
852,31,1,-1,6913237,6858729,6794519,6755289,6830863,6717163,6734440,6733445,6690699,6745180,6567756,6559356,6505673,6472132,6423142,6509250,6465682,6387266,6441775,6411322
853,0,1,-1,6926890,6872449,6808963,6769101,6844790,6731004,6748253,6747118,6704849,6758941,6581062,6572348,6519567,6485558,6435826,6523497,6479602,6401246,6455198,6424007
854,31,1,-1,6912796,6857422,6794105,6754826,6829790,6716134,6733909,6731713,6689458,6743387,6566659,6558172,6505618,6470966,6422024,6508499,6465450,6387616,6441400,6410116
855,0,1,-1,6927817,6871540,6809149,6769146,6844586,6730779,6748295,6746050,6704847,6758781,6580975,6572237,6519546,6485531,6435993,6523120,6479934,6401294,6455111,6424086
856,31,1,-1,6913225,6857451,6795020,6755581,6830945,6717195,6734607,6732344,6690833,6744389,6567667,6559335,6506347,6472016,6423100,6509907,6466422,6388146,6442482,6411358
857,0,1,-1,6927280,6871052,6808638,6769425,6844467,6731055,6748629,6745975,6704873,6758414,6580674,6572486,6519460,6485875,6436041,6523717,6479365,6401467,6455847,6424296
858,31,1,-1,6914615,6856744,6795238,6756229,6830761,6717235,6735091,6731816,6691099,6744309,6567569,6559349,6506524,6472889,6422981,6510196,6466151,6388066,6442277,6411642
859,0,1,-1,6927431,6870802,6809017,6769744,6844887,6731140,6748524,6746967,6704701,6758206,6580804,6572701,6519991,6485829,6436248,6523499,6480074,6401279,6455159,6424525
860,31,1,-1,6914046,6856885,6795536,6755630,6830945,6717222,6735106,6733277,6691259,6744738,6567510,6559352,6505573,6473810,6423253,6509982,6465989,6388429,6442189,6412122
861,0,1,-1,6927412,6871238,6808970,6769460,6845441,6730975,6748915,6747314,6705034,6758343,6581276,6572682,6518562,6486901,6436169,6523032,6480210,6401824,6455874,6424526
862,31,1,-1,6913694,6857931,6795219,6755223,6830952,6716910,6734642,6732657,6690878,6743844,6567622,6559297,6505797,6473372,6422994,6509106,6466547,6388406,6441674,6411586
863,0,1,-1,6926589,6872180,6809431,6769072,6844702,6731104,6748965,6746821,6705133,6758857,6580950,6572389,6519742,6486651,6436338,6523087,6480428,6401787,6455781,6423913
864,31,1,-1,6912569,6858070,6795256,6755367,6830646,6716885,6734869,6733122,6691340,6744666,6567256,6559213,6507068,6472487,6422950,6510365,6466605,6388429,6442241,6410656
865,0,1,-1,6927637,6872430,6809949,6770217,6845700,6731970,6748991,6747268,6705598,6759434,6581677,6573370,6519798,6487018,6436511,6524836,6480906,6401706,6456501,6424004
866,31,1,-1,6913675,6857532,6795191,6755953,6831104,6717049,6733876,6732818,6691050,6744524,6566990,6559436,6506232,6473498,6422529,6509242,6466528,6387541,6442738,6409932
867,0,1,-1,6927520,6872227,6809822,6770375,6845281,6731433,6748058,6747842,6705401,6759385,6581166,6572738,6519336,6487764,6436080,6522939,6480339,6401592,6456766,6423538
868,31,1,-1,6913155,6858158,6795484,6756420,6830621,6717283,6733731,6733950,6691198,6744017,6566998,6559440,6505865,6473663,6422664,6509518,6465915,6387496,6442413,6410251
869,0,1,-1,6928470,6872462,6810278,6770424,6845135,6732076,6748713,6748527,6705677,6758983,6580606,6573298,6519356,6487356,6437292,6523656,6480988,6401908,6456436,6423878
870,31,1,-1,6913176,6857703,6795266,6755774,6830251,6717049,6733505,6732882,6691057,6744458,6566068,6558631,6505259,6472602,6422628,6509219,6466070,6387690,6443071,6410054
871,0,1,-1,6928048,6872811,6810847,6769829,6844774,6731853,6748617,6747135,6705714,6759466,6580697,6573262,6520071,6486668,6436149,6524432,6481107,6401862,6456826,6423357
872,31,1,-1,6913144,6857361,6795306,6754810,6829778,6716476,6733228,6732776,6690215,6743770,6566371,6558766,6505968,6472790,6422407,6509364,6466164,6387289,6442075,6409563
873,0,1,-1,6926945,6871742,6809606,6769247,6843816,6731293,6747763,6746997,6704599,6758721,6580281,6572305,6519663,6486642,6435721,6523611,6480244,6400889,6455708,6423185
874,31,1,-1,6914387,6859432,6796431,6756003,6830457,6717358,6734847,6733654,6691239,6744961,6567434,6560089,6506179,6474524,6423038,6510654,6466671,6388161,6443024,6410664
875,0,1,-1,6927475,6872803,6809608,6769174,6843994,6730524,6748198,6747167,6704293,6757766,6579593,6572144,6517431,6486296,6435702,6523738,6480065,6401351,6455508,6423066
876,31,1,-1,6913381,6859236,6795535,6755096,6830039,6716775,6734002,6732487,6690667,6744114,6567562,6559148,6505835,6473384,6423290,6509838,6466097,6387753,6442557,6410078
877,0,1,-1,6926503,6872576,6809421,6768540,6844342,6731141,6748826,6746951,6704478,6758386,6580824,6572644,6518859,6486841,6436099,6524157,6479870,6400946,6455638,6423475
878,31,1,-1,6911587,6857726,6794186,6754239,6829671,6716383,6733478,6733089,6689358,6743256,6566501,6558606,6504736,6472026,6421971,6509057,6465316,6386873,6441268,6409373
879,0,1,-1,6927314,6872140,6808566,6768745,6844553,6731022,6748274,6747563,6704718,6758215,6580602,6572248,6518733,6486492,6435745,6523846,6479706,6401639,6455792,6422897
880,31,1,-1,6912659,6857761,6794802,6754736,6830248,6716560,6733661,6733063,6690596,6743677,6566985,6559159,6505300,6473265,6422567,6509446,6465628,6386775,6442452,6409720
881,0,1,-1,6926339,6872019,6809045,6768974,6844643,6730897,6748226,6747294,6705174,6758428,6580456,6573164,6518663,6487269,6436747,6524287,6479458,6400698,6456362,6423366
882,31,1,-1,6912733,6858160,6794866,6755452,6830442,6716624,6734162,6732936,6691082,6744167,6566677,6559809,6505586,6473092,6423866,6509806,6465680,6387671,6442760,6410450
883,0,1,-1,6927729,6872286,6809094,6769186,6844992,6730937,6748984,6747829,6705475,6758881,6580583,6573517,6519722,6486598,6436818,6523752,6479701,6401138,6456031,6423791
884,31,1,-1,6912381,6856999,6793775,6754758,6830125,6715869,6733501,6732531,6689684,6743087,6565209,6558658,6505873,6472118,6422728,6508256,6465511,6386889,6441044,6409870
885,0,1,-1,6926884,6871181,6808360,6768872,6844852,6730795,6748017,6746685,6704464,6757858,6579233,6572431,6518590,6485925,6436077,6522940,6479472,6401034,6456076,6423548
886,31,1,-1,6913387,6857367,6794733,6754846,6831028,6716762,6734163,6732587,6690799,6743934,6566470,6559287,6505837,6473207,6423478,6509108,6465799,6388225,6443342,6410809
887,0,1,-1,6927944,6871489,6808386,6769199,6845170,6731439,6748485,6747089,6705172,6758636,6580252,6572913,6519478,6487207,6437064,6523550,6480121,6402078,6456691,6424169
888,31,1,-1,6913976,6856744,6794140,6755225,6830768,6716965,6734046,6732763,6690838,6744014,6566718,6559375,6505753,6472730,6423503,6510080,6466488,6388248,6443009,6410570
889,0,1,-1,6928239,6871725,6809379,6769061,6845234,6731626,6748460,6747267,6705379,6759008,6580964,6573270,6519183,6485902,6437004,6523613,6480521,6401511,6456318,6424283
890,31,1,-1,6913442,6857005,6794471,6754566,6830384,6717177,6733422,6733189,6690160,6743722,6566973,6559308,6505708,6472059,6423259,6509209,6466476,6387848,6442748,6410622
891,0,1,-1,6927609,6872029,6808581,6768622,6844275,6731326,6748007,6747963,6704654,6758366,6579967,6572808,6518797,6486382,6437195,6523959,6480112,6402151,6456040,6423412
892,31,1,-1,6912801,6857570,6794147,6754804,6830006,6716278,6734002,6733108,6690453,6743347,6566719,6559178,6506306,6472929,6423647,6509188,6465527,6388362,6442448,6409825
893,0,1,-1,6927005,6873201,6808834,6769406,6844397,6731113,6748605,6747733,6705259,6759054,6580907,6573601,6520244,6487287,6436702,6523995,6480459,6401782,6456597,6423463
894,31,1,-1,6913314,6858070,6794228,6754729,6829986,6716541,6733438,6732585,6690268,6744394,6566874,6558773,6505249,6472538,6422240,6509314,6465487,6387289,6441509,6409382
895,0,1,-1,6926996,6872471,6808908,6769459,6844241,6731401,6747653,6746834,6704538,6758729,6580762,6572475,6519148,6486339,6436064,6523503,6479547,6400876,6456087,6423177
896,31,1,-1,6912787,6858434,6794494,6755779,6830186,6716709,6733392,6732148,6689581,6743990,6567363,6559361,6505924,6472185,6423273,6510277,6465391,6387320,6442297,6409963
897,0,1,-1,6926397,6873072,6809219,6768919,6844096,6730492,6747482,6746420,6703964,6758411,6579973,6572846,6518406,6486109,6436312,6524290,6479393,6401162,6455483,6423119
898,31,1,-1,6913631,6859438,6795763,6755786,6830233,6716945,6733770,6731905,6690774,6744627,6567328,6559870,6505993,6473301,6423583,6511409,6466418,6388115,6442785,6411452
899,0,1,-1,6927544,6873044,6810019,6770010,6844979,6730971,6748190,6747071,6705119,6759498,6581596,6573360,6519890,6487282,6437079,6525169,6480290,6401927,6456043,6424560
900,31,1,-1,6912838,6857889,6795525,6755625,6830844,6716747,6734240,6732457,6690984,6744752,6567685,6559695,6506175,6473257,6422677,6510630,6466290,6388318,6441652,6410985
901,0,1,-1,6926722,6871786,6809352,6768861,6844631,6730922,6748031,6746347,6704434,6758469,6580635,6572875,6518252,6486386,6436086,6524114,6480285,6401095,6455381,6423756
902,31,1,-1,6913264,6857520,6795788,6755413,6830543,6717239,6734379,6731782,6690627,6743988,6566550,6559608,6505436,6473405,6423333,6510427,6466371,6388177,6442338,6411080
903,0,1,-1,6927957,6872377,6810358,6769719,6845017,6732131,6749343,6746689,6704995,6758811,6581097,6573435,6519371,6487555,6436654,6525404,6480541,6401970,6456057,6425517
904,31,1,-1,6913860,6858670,6795882,6756026,6831089,6717582,6734877,6733197,6690497,6744747,6567328,6559582,6506448,6474324,6423259,6511379,6465931,6388274,6442665,6412760
905,0,1,-1,6928547,6873254,6810383,6769217,6845219,6732406,6749186,6747646,6704927,6759715,6581414,6573258,6519358,6487732,6436793,6525072,6479894,6402000,6456509,6425590
906,31,1,-1,6913999,6858395,6795270,6754873,6830440,6717502,6734414,6733150,6690404,6744936,6567584,6559569,6506273,6473832,6422743,6510738,6465697,6388772,6442888,6412076
907,0,1,-1,6927860,6872129,6809508,6769574,6844378,6731738,6748294,6746585,6704399,6758501,6581073,6573006,6518861,6486513,6435849,6523203,6478900,6402082,6456811,6425034
908,31,1,-1,6912631,6857425,6794442,6754276,6829632,6716667,6733042,6731965,6689617,6743555,6566913,6558103,6505265,6472388,6423046,6508846,6464598,6386891,6442713,6411029
909,0,1,-1,6927475,6871480,6809336,6768446,6844269,6731282,6748298,6746680,6705249,6758219,6580786,6572406,6518491,6486760,6436228,6523692,6479146,6401713,6456208,6424464
910,31,1,-1,6913041,6857400,6795762,6755340,6830635,6717514,6734594,6733488,6691289,6744693,6567336,6559389,6505440,6473562,6423227,6510745,6465330,6388482,6442828,6411424
911,0,1,-1,6926988,6872384,6809846,6769627,6844764,6731721,6749053,6747401,6705167,6759125,6581136,6573236,6517992,6487290,6436284,6524094,6479398,6402334,6456979,6425067
912,31,1,-1,6913357,6857837,6795925,6755943,6830790,6717131,6734770,6732977,6690684,6744836,6567791,6559017,6504709,6473496,6423404,6510281,6465427,6388942,6443293,6411911
913,0,1,-1,6927797,6871408,6809605,6768928,6844698,6730770,6748350,6746821,6704588,6758038,6581180,6572062,6517447,6486699,6436172,6523518,6478581,6401243,6456413,6423607
914,31,1,-1,6912209,6856496,6794588,6754419,6829506,6715808,6733718,6732214,6689877,6743135,6566643,6558368,6505032,6472363,6422256,6509065,6464419,6387394,6441872,6409725
915,0,1,-1,6927453,6872312,6809354,6769017,6844013,6730521,6748264,6746183,6704707,6758525,6580317,6572436,6519402,6486948,6436250,6523595,6478938,6402009,6456008,6423470
916,31,1,-1,6911581,6856883,6794383,6754157,6829144,6715673,6732312,6731779,6689256,6743243,6565874,6557489,6504942,6472099,6421984,6508780,6464507,6387609,6441982,6409304
917,0,1,-1,6926097,6872137,6809218,6769196,6844624,6730389,6747165,6746982,6704226,6758513,6580102,6571721,6518514,6486823,6436483,6523726,6479087,6401745,6456021,6423407
918,31,1,-1,6911876,6857944,6794847,6755324,6830456,6717075,6733034,6732358,6690343,6744201,6567184,6558372,6506128,6472540,6423068,6509539,6466185,6387919,6442748,6410429
919,0,1,-1,6926034,6872122,6809134,6768983,6844544,6731385,6747672,6747192,6705012,6758712,6581055,6573093,6519394,6486532,6436624,6523892,6479788,6401576,6456819,6424058
920,31,1,-1,6912535,6858016,6795196,6755975,6830376,6716884,6733820,6733399,6691564,6744439,6567859,6559386,6506113,6473111,6423393,6510440,6466885,6388450,6443712,6410861
921,0,1,-1,6926635,6871720,6808994,6769645,6844784,6730898,6747420,6747373,6704909,6758219,6580820,6572935,6519440,6486132,6435838,6523591,6480165,6401585,6457223,6423994
922,31,1,-1,6911794,6856952,6794592,6755594,6829961,6716433,6733261,6732116,6690766,6743543,6566773,6559326,6506151,6472309,6422134,6509713,6465402,6387571,6442811,6410875
923,0,1,-1,6926427,6871310,6809633,6770587,6845174,6730851,6747718,6746810,6705185,6758454,6580769,6572660,6519415,6486711,6436223,6523978,6479882,6402310,6456864,6424120
924,31,1,-1,6912821,6857480,6795721,6756606,6830706,6716720,6733168,6732423,6690662,6744544,6567228,6559200,6505876,6473027,6422619,6509272,6466084,6388626,6442585,6410893
925,0,1,-1,6927223,6872168,6810026,6769828,6845360,6731435,6748078,6746291,6705056,6759309,6580870,6572351,6519452,6486914,6435736,6524133,6479855,6402432,6456390,6424448
926,31,1,-1,6912083,6857442,6794502,6755017,6830255,6716099,6733070,6731200,6689867,6743746,6566907,6558355,6505896,6472497,6422212,6509629,6465457,6387808,6441782,6410355
927,0,1,-1,6927809,6871954,6809146,6769991,6845030,6731222,6747924,6746319,6705211,6759076,6581541,6572307,6520054,6487183,6436037,6523781,6479589,6401407,6456672,6423919
928,31,1,-1,6913234,6857730,6794602,6755911,6831637,6716656,6733832,6732680,6690815,6744708,6567798,6558658,6506506,6473281,6422492,6509125,6465708,6387705,6442620,6410998
929,0,1,-1,6927698,6872362,6809558,6769911,6845749,6731250,6747785,6746946,6705331,6759185,6581908,6572255,6520099,6486753,6437015,6524176,6479682,6401495,6456691,6424616
930,31,1,-1,6914003,6858111,6796105,6756298,6831825,6717108,6733920,6732755,6691155,6745380,6568530,6559670,6506813,6472594,6423921,6511025,6466230,6388325,6443649,6411690
931,0,1,-1,6927542,6872817,6810581,6770617,6846087,6732446,6748697,6747179,6705425,6759944,6582218,6573330,6520443,6486899,6437581,6525066,6479977,6403155,6456851,6425249
932,31,1,-1,6913132,6857812,6795524,6756244,6831012,6717359,6733776,6732885,6691180,6744023,6568039,6559385,6507258,6473454,6423742,6509202,6465454,6388329,6442554,6410380
933,0,1,-1,6926635,6871325,6808954,6769789,6844663,6731245,6747617,6746552,6704741,6758467,6581430,6572859,6520213,6486263,6436641,6523627,6479058,6401623,6455681,6423748
934,31,1,-1,6912742,6857734,6794663,6755305,6830307,6716817,6733742,6731683,6689905,6744099,6567014,6559052,6505430,6472949,6423230,6508897,6465349,6388456,6441797,6410318
935,0,1,-1,6927066,6872039,6809233,6769861,6845242,6731396,6749041,6747043,6705060,6758903,6581080,6572587,6519275,6486134,6436589,6523561,6479581,6401660,6455976,6423394
936,31,1,-1,6913321,6857529,6795013,6755707,6830240,6716613,6733990,6732305,6690834,6744070,6567645,6559019,6505377,6471953,6424509,6509356,6465295,6388005,6442422,6410486
937,0,1,-1,6927324,6871729,6809216,6769460,6844339,6731017,6748338,6747801,6704578,6759004,6581358,6573241,6518566,6486282,6437795,6523631,6479476,6402338,6456600,6423806
938,31,1,-1,6912647,6858128,6794083,6755071,6829594,6716130,6733846,6732856,6690840,6743946,6567054,6559063,6505506,6472300,6423880,6509338,6465406,6387862,6442483,6409794
939,0,1,-1,6926547,6871704,6808521,6768442,6844262,6730315,6748128,6746695,6704343,6757937,6580241,6572210,6518368,6485676,6436929,6523746,6478930,6401295,6455094,6422539
940,31,1,-1,6913186,6858183,6794842,6755505,6830068,6716491,6734143,6732714,6690324,6743757,6566887,6559247,6505551,6472298,6423932,6508712,6465589,6388535,6441539,6409969
941,0,1,-1,6927841,6872620,6809402,6769926,6844588,6731185,6748713,6747547,6705114,6758907,6581689,6572865,6519459,6486834,6437724,6523450,6479058,6402171,6456376,6423804
942,31,1,-1,6913184,6857816,6794606,6755739,6831145,6716249,6734678,6733210,6690296,6743958,6567901,6559276,6506207,6472608,6423986,6509458,6464520,6388139,6442761,6410186
943,0,1,-1,6927775,6871848,6808883,6769519,6845141,6730640,6748886,6746790,6704528,6758761,6581509,6572610,6519271,6486490,6437452,6523504,6478876,6402364,6456673,6423721
944,31,1,-1,6915026,6858844,6795300,6756437,6831580,6716925,6735233,6733767,6691086,6744790,6568118,6559144,6506507,6473526,6424142,6510404,6465376,6389128,6444071,6411236
945,0,1,-1,6927486,6872442,6807848,6769099,6845420,6730624,6748514,6747174,6704812,6758776,6581008,6572159,6519463,6487301,6437113,6523644,6478097,6401901,6456475,6424682
946,31,1,-1,6913120,6857733,6793045,6754804,6830347,6715915,6733052,6732345,6690248,6743580,6566999,6557884,6505107,6473165,6423155,6508516,6464003,6387508,6442708,6410199
947,0,1,-1,6927906,6872301,6807695,6769051,6844908,6730757,6747959,6746966,6704890,6758803,6581327,6572243,6518923,6487046,6436724,6523855,6479022,6402041,6456602,6423645
948,31,1,-1,6912844,6858465,6794557,6754838,6830727,6716031,6734404,6732287,6690444,6744238,6567509,6558813,6505602,6473486,6423189,6509982,6465401,6387924,6442683,6410590
949,0,1,-1,6926290,6873520,6808323,6768579,6844257,6729554,6748701,6745724,6704156,6757706,6580507,6572172,6519232,6487254,6436236,6523032,6478843,6401643,6455055,6423630
950,31,1,-1,6913550,6860109,6794937,6755937,6831187,6716464,6735765,6733267,6691091,6744872,6568388,6559863,6507485,6474907,6424332,6510438,6466276,6388932,6443311,6410623
951,0,1,-1,6927095,6874169,6808410,6769241,6845587,6729860,6748825,6747481,6705246,6759073,6581243,6572860,6519397,6486984,6437043,6523450,6479137,6401978,6456229,6422654
952,31,1,-1,6912684,6858961,6794059,6754960,6830975,6715868,6734423,6732818,6690658,6744488,6567666,6559349,6505397,6473331,6423111,6508809,6466038,6387615,6442209,6409893
953,0,1,-1,6927591,6873246,6808752,6769749,6845028,6730589,6748929,6747174,6705277,6759452,6581608,6573092,6520038,6487155,6437251,6522955,6480654,6402236,6455635,6424475
954,31,1,-1,6912673,6858194,6793704,6755467,6829715,6716047,6734306,6732216,6690940,6744031,6567065,6558763,6505775,6473065,6423372,6508538,6465833,6387726,6442516,6410109
955,0,1,-1,6928040,6873179,6809327,6770168,6845101,6731955,6749529,6747951,6705933,6759905,6582193,6572620,6520828,6487884,6438226,6523481,6480185,6402638,6457243,6424406
956,31,1,-1,6914430,6858611,6794752,6755996,6830320,6716818,6734814,6733390,6691075,6744846,6567778,6558956,6506449,6473681,6424267,6509575,6466114,6389258,6443567,6410733
957,0,1,-1,6927436,6871724,6807957,6769047,6844072,6730818,6748332,6746841,6704300,6758033,6580402,6572220,6518972,6486624,6437016,6523140,6479704,6401299,6456542,6423517
958,31,1,-1,6914053,6858660,6794557,6755626,6831099,6716729,6734229,6733281,6690529,6743958,6567204,6559174,6505462,6473325,6423590,6509588,6466281,6387835,6442973,6410738
959,0,1,-1,6928340,6873076,6808330,6769677,6845113,6731300,6749030,6746828,6704812,6758955,6581216,6572535,6519535,6487262,6437049,6524022,6480441,6401890,6455744,6424087
960,31,1,-1,6913404,6857696,6793504,6755600,6830714,6716250,6734263,6731729,6690459,6744159,6566762,6558708,6506196,6472987,6423238,6510368,6466195,6387845,6442033,6410687
961,0,1,-1,6928101,6871925,6808080,6769483,6845046,6730637,6748449,6746463,6704673,6758797,6581091,6572725,6519781,6487598,6437287,6524129,6479786,6401915,6456004,6423754
962,31,1,-1,6913239,6857299,6793124,6755250,6830212,6715882,6734386,6731601,6690213,6743702,6566924,6558158,6504691,6473419,6423101,6508810,6465128,6387628,6441622,6409404
963,0,1,-1,6927658,6871735,6807753,6769561,6845312,6730433,6748705,6746216,6704339,6758706,6580623,6572728,6519061,6486524,6436229,6522935,6479515,6402131,6455563,6423487
964,31,1,-1,6913205,6857644,6793835,6755377,6830809,6716326,6734183,6733041,6690146,6744186,6566488,6558959,6505278,6473268,6423480,6509937,6465568,6387562,6441973,6409815
965,0,1,-1,6927556,6871572,6808431,6768727,6844626,6730428,6748374,6746619,6704048,6759011,6579786,6572412,6519423,6486634,6436615,6523929,6479768,6401516,6455585,6423061
966,31,1,-1,6912653,6856858,6793130,6754840,6830321,6715707,6734031,6731722,6689405,6743700,6566062,6558660,6506017,6472522,6422903,6509771,6465195,6387482,6441414,6409496
967,0,1,-1,6927057,6872149,6808117,6769187,6845507,6731351,6748879,6746898,6704427,6758405,6580455,6572657,6519391,6486658,6436690,6523883,6479956,6401805,6455689,6423524
968,31,1,-1,6912867,6857481,6793967,6754921,6831014,6716874,6734768,6733281,6690681,6743734,6566507,6559399,6505621,6473522,6423419,6509146,6466391,6388079,6442273,6410613
969,0,1,-1,6927502,6871858,6808263,6769960,6846156,6731800,6749524,6748059,6705403,6758592,6580508,6573209,6519997,6487955,6436727,6523527,6480476,6402526,6456763,6424628
970,31,1,-1,6913874,6858719,6794032,6756045,6831928,6716860,6735595,6733076,6691200,6744289,6567069,6559489,6505781,6473780,6423699,6509450,6466195,6388445,6443368,6411157
971,0,1,-1,6928437,6873446,6808303,6770316,6846369,6731471,6749781,6747137,6705561,6759058,6581377,6573234,6520198,6486216,6436927,6524744,6480036,6402722,6457020,6424418
972,31,1,-1,6914243,6858947,6794036,6756407,6831708,6716613,6735361,6733745,6691489,6744583,6567458,6560293,6507148,6473550,6424359,6509617,6466872,6388984,6442584,6411151
973,0,1,-1,6928586,6873142,6808562,6770133,6845640,6731221,6749926,6748176,6705540,6758698,6581396,6573840,6520786,6487636,6437261,6524760,6480829,6403671,6456244,6424629
974,31,1,-1,6912889,6858883,6793171,6755049,6830631,6715992,6733929,6732570,6690142,6743304,6566865,6558925,6506756,6472858,6422282,6509315,6465522,6387882,6441498,6410261
975,0,1,-1,6928957,6874378,6808123,6769187,6845842,6731597,6748791,6747988,6705623,6758042,6581729,6573462,6519637,6487401,6436821,6524255,6480634,6402387,6456709,6424729
976,31,1,-1,6913692,6859875,6793946,6755110,6831387,6717407,6734177,6733486,6691398,6743674,6567898,6559289,6505758,6473199,6423104,6509586,6466004,6388342,6441985,6410236
977,0,1,-1,6928386,6874042,6808273,6769225,6845056,6731265,6748332,6747650,6705518,6758278,6581359,6573285,6518769,6487109,6435999,6523984,6479984,6401809,6456331,6423397
978,31,1,-1,6913718,6859528,6793731,6755556,6830875,6716325,6733802,6732873,6690962,6743794,6567620,6559470,6505573,6472833,6422251,6509631,6465273,6388322,6442275,6409670
979,0,1,-1,6927353,6872688,6807794,6769281,6844983,6730217,6748186,6746880,6704728,6757472,6580888,6572684,6518477,6486385,6435970,6523547,6478880,6401309,6455091,6423236
980,31,1,-1,6913443,6858293,6794042,6755494,6830573,6716206,6734738,6732719,6690695,6743223,6568012,6559085,6505043,6472382,6422936,6509483,6465509,6387262,6441757,6410401
981,0,1,-1,6927481,6872960,6808331,6769580,6845858,6731012,6749378,6747531,6704788,6758044,6582052,6573070,6519098,6486559,6436751,6524049,6479856,6401950,6456074,6424247
982,31,1,-1,6913075,6859167,6793745,6755605,6831329,6716271,6734542,6732911,6690444,6743377,6567700,6559057,6505142,6472149,6422827,6509473,6465533,6387872,6441913,6410168
983,0,1,-1,6926331,6872867,6807828,6769458,6845099,6730365,6749596,6746338,6704254,6757008,6580720,6572539,6518367,6485519,6435272,6523482,6479100,6401623,6455657,6423125
984,31,1,-1,6913334,6859206,6794302,6756349,6831724,6716864,6734660,6733228,6690874,6743405,6567347,6559641,6506642,6472976,6422856,6510116,6465623,6388687,6443275,6410486
985,0,1,-1,6927498,6873418,6808427,6769487,6845231,6731054,6749012,6747777,6704322,6757718,6580283,6572526,6519358,6486127,6436237,6523395,6478454,6401953,6456901,6423731
986,31,1,-1,6913964,6859233,6794671,6756146,6831357,6717100,6734559,6733760,6690211,6743346,6567439,6559112,6506365,6472666,6423338,6509813,6464782,6388516,6443645,6410668
987,0,1,-1,6928140,6873872,6808790,6770051,6846119,6731079,6748511,6747750,6704632,6757994,6581042,6572331,6518711,6485806,6436193,6524023,6478856,6402373,6457026,6424163
988,31,1,-1,6913193,6859691,6794590,6756130,6831218,6716508,6733990,6733956,6690879,6743267,6567390,6558747,6505326,6473202,6423263,6509216,6465315,6388459,6442257,6410707
989,0,1,-1,6927197,6873732,6808221,6769834,6845311,6730607,6748071,6747326,6705159,6757901,6581306,6572517,6518750,6486236,6436982,6523726,6479524,6401477,6455490,6423943
990,31,1,-1,6913135,6858412,6793155,6755511,6830805,6715691,6733531,6732372,6690321,6742092,6566397,6558205,6504917,6472754,6423318,6509017,6464266,6387302,6442194,6409723
991,0,1,-1,6927092,6872128,6807636,6769397,6845016,6730469,6747897,6746750,6704364,6756790,6580135,6572246,6519122,6486332,6436666,6523491,6478735,6401626,6455787,6422470
992,31,1,-1,6912854,6858357,6794092,6755721,6831620,6716644,6733841,6733089,6690611,6743176,6567610,6558514,6506094,6473411,6423681,6509763,6465409,6388609,6443350,6409944
993,0,1,-1,6927070,6873355,6807916,6769734,6845706,6730665,6747891,6746663,6704989,6757918,6581034,6572053,6520139,6487342,6436464,6524246,6479859,6401247,6456232,6423816
994,31,1,-1,6912499,6858659,6793896,6755924,6831541,6716560,6734443,6732887,6690775,6743079,6567015,6558642,6506556,6474267,6423416,6510379,6465267,6387776,6442137,6409955
995,0,1,-1,6927206,6872828,6808330,6770143,6846448,6731070,6749436,6747544,6705744,6757783,6581376,6572484,6519588,6488273,6437165,6523636,6479748,6401825,6456000,6423928
996,31,1,-1,6912989,6858207,6794158,6755734,6831680,6716383,6734238,6732453,6690925,6742566,6567450,6558982,6505543,6473164,6423878,6509193,6466276,6388216,6442580,6409781
997,0,1,-1,6927414,6872568,6808348,6769368,6846277,6730704,6748958,6746669,6704982,6757862,6581832,6572738,6519382,6487478,6437377,6524293,6480023,6401327,6456968,6423443
998,31,1,-1,6913042,6858548,6793990,6755278,6832032,6716414,6734413,6732844,6691061,6743684,6567640,6559534,6506478,6474032,6424322,6509241,6466219,6388285,6442821,6410294
999,0,1,-1,6927231,6872547,6808091,6769366,6845561,6730570,6748645,6746144,6704959,6757798,6580649,6572801,6518988,6487371,6437122,6522877,6479319,6401536,6454912,6423177
1000,31,1,-1,6912322,6857316,6793979,6754990,6830762,6716015,6733236,6732113,6690205,6743246,6566271,6558703,6504549,6472790,6422959,6508813,6465411,6387179,6441442,6409041
1001,0,1,-1,6927333,6872633,6808996,6769527,6846026,6731351,6748410,6747274,6704509,6758262,6580822,6573440,6518343,6486343,6436526,6524080,6479921,6401674,6455796,6423093
1002,31,1,-1,6912974,6858541,6794760,6755921,6830837,6716480,6734296,6733266,6690684,6743482,6567057,6559798,6505459,6473489,6423111,6509252,6466064,6388330,6441807,6409793
1003,0,1,-1,6927191,6872463,6808916,6769499,6845419,6730996,6748025,6747376,6704894,6758048,6580784,6572973,6518857,6486323,6436695,6523698,6479818,6402507,6455862,6422253
1004,31,1,-1,6913062,6857783,6794062,6755147,6831146,6716237,6734103,6733503,6690654,6743612,6567157,6558861,6504091,6472851,6423545,6509445,6465431,6388527,6442034,6408327
1005,0,1,-1,6927078,6872336,6808674,6769189,6845404,6730778,6748200,6747833,6705296,6758448,6581405,6573112,6518098,6486898,6436871,6523221,6479888,6402400,6456507,6422345
1006,31,1,-1,6913104,6858175,6794560,6755763,6831346,6716788,6733189,6732787,6690876,6743674,6567596,6559770,6504709,6473692,6423274,6509030,6465522,6388493,6443113,6409073
1007,0,1,-1,6926949,6872289,6808161,6769466,6845356,6730945,6747156,6747291,6704936,6757479,6580903,6573185,6519217,6487502,6436564,6523534,6479616,6402492,6456027,6422293
1008,31,1,-1,6913207,6857655,6793927,6755360,6830934,6716605,6733279,6732026,6690601,6742585,6566706,6559287,6505947,6473381,6422861,6509057,6465548,6388068,6442084,6408868
1009,0,1,-1,6927354,6871867,6808371,6769874,6846072,6731099,6748565,6746747,6704785,6757644,6580529,6573296,6519447,6487544,6436406,6524084,6479887,6401776,6455750,6422785
1010,31,1,-1,6912986,6857100,6793402,6755102,6831266,6716389,6733832,6732281,6690095,6742293,6566661,6559583,6505404,6473269,6422770,6509868,6465994,6388383,6441287,6408690
1011,0,1,-1,6926610,6872216,6808186,6769504,6845528,6730933,6747440,6746727,6704410,6757061,6580712,6572785,6518796,6486704,6436265,6523614,6479198,6401632,6456042,6422214
1012,31,1,-1,6912996,6857255,6793793,6755002,6830937,6716356,6732892,6731943,6690311,6742330,6566950,6559038,6505380,6473002,6422538,6509239,6464796,6387803,6442414,6408813
1013,0,1,-1,6927873,6872361,6808876,6770108,6846029,6731361,6747802,6747663,6705385,6757388,6581390,6573566,6519740,6486797,6436892,6524120,6479441,6402392,6456855,6422967
1014,31,1,-1,6913525,6857781,6794491,6754847,6830865,6716705,6733126,6732935,6690629,6742203,6566591,6559200,6505337,6473508,6422768,6509348,6465313,6388135,6442616,6409751
1015,0,1,-1,6927141,6872426,6808512,6769183,6845392,6730796,6747518,6747266,6705205,6757214,6579831,6572662,6517933,6487396,6435836,6523363,6479179,6402140,6456181,6422988
1016,31,1,-1,6912648,6857165,6792906,6754484,6829804,6715295,6732578,6732165,6690079,6741315,6565889,6557953,6503703,6472187,6422202,6508515,6464456,6387863,6442260,6408863
1017,0,1,-1,6928469,6872158,6808280,6769448,6845720,6731012,6748256,6747506,6705733,6757190,6580764,6573216,6518420,6487068,6436579,6525066,6479306,6401904,6457209,6423075
1018,31,1,-1,6913858,6857184,6793369,6754807,6831038,6716418,6733070,6732241,6690738,6742161,6567127,6559179,6504798,6473001,6423197,6509678,6465256,6387620,6442322,6409896
1019,0,1,-1,6927313,6872177,6807708,6769176,6845934,6730925,6747433,6746958,6704982,6757198,6581373,6572933,6518365,6486041,6436831,6523618,6479957,6401540,6456188,6423340
1020,31,1,-1,6913403,6858041,6793533,6755390,6831631,6716216,6733252,6732986,6690582,6742800,6567506,6559229,6504605,6472346,6422864,6509639,6465609,6388040,6442588,6410346
1021,0,1,-1,6927875,6872013,6808119,6769710,6846445,6730748,6748382,6746560,6705328,6757686,6580660,6573618,6518601,6486384,6436990,6524353,6479599,6402217,6457019,6423785
1022,31,1,-1,6913219,6857888,6793892,6755909,6831524,6716232,6734043,6733165,6690950,6743578,6567168,6559613,6505532,6472827,6423545,6510747,6465719,6388296,6442517,6409987
1023,0,1,-1,6927465,6871563,6807787,6769270,6845504,6730418,6748164,6746557,6704646,6757650,6581119,6572785,6518582,6486462,6436539,6523643,6480026,6401498,6456614,6422494
1024,31,1,-1,6913823,6858265,6793591,6755958,6831518,6716035,6733922,6732615,6690940,6743674,6567798,6559842,6505280,6472983,6423793,6510121,6466559,6387951,6442655,6409238
1025,0,1,-1,6928149,6871974,6808099,6769601,6845443,6730491,6748070,6747649,6704717,6757904,6581042,6572925,6517955,6486710,6436569,6523387,6479817,6401705,6456112,6422130
1026,31,1,-1,6913880,6857953,6793555,6755801,6830718,6716252,6733762,6733971,6689768,6743030,6567232,6559029,6504378,6472578,6423545,6508821,6465519,6387500,6442195,6409202
1027,0,1,-1,6927696,6872838,6808322,6770134,6845643,6731375,6749047,6748494,6704780,6757453,6581395,6573191,6517618,6487085,6437379,6523570,6479981,6402393,6455987,6422756
1028,31,1,-1,6913444,6857817,6794141,6755729,6830894,6717031,6735121,6733552,6690331,6742945,6567260,6559740,6504183,6472913,6424110,6508846,6465660,6388229,6441897,6409047
1029,0,1,-1,6927610,6872527,6808323,6769454,6844991,6731283,6748388,6748072,6704288,6757576,6580917,6572462,6518040,6486153,6436894,6522979,6479394,6401762,6456313,6422288
1030,31,1,-1,6913729,6857981,6794291,6755938,6830862,6716676,6734364,6733007,6690598,6742801,6567892,6559417,6504821,6472894,6423686,6509330,6465716,6388338,6442326,6408911
1031,0,1,-1,6927632,6872256,6808667,6769917,6845373,6730692,6748963,6748055,6704870,6757576,6581750,6572721,6518601,6486313,6436892,6523788,6479525,6401894,6456325,6422442
1032,31,1,-1,6912354,6857323,6793420,6755414,6830169,6715673,6733531,6732547,6689178,6742239,6566931,6558396,6504397,6471980,6422499,6509478,6464302,6387152,6442090,6408312
1033,0,1,-1,6927514,6872582,6808521,6770238,6844762,6730755,6748969,6748442,6703562,6757370,6581074,6572139,6518603,6486441,6436515,6523142,6479232,6401510,6456301,6422208
1034,31,1,-1,6912698,6857235,6793586,6755211,6829176,6715560,6733481,6732520,6688852,6741759,6566499,6557361,6504523,6472040,6421974,6507675,6464925,6386122,6441874,6408493
1035,0,1,-1,6927651,6872332,6808532,6769585,6844455,6730914,6748258,6747665,6703756,6756924,6581423,6571836,6518310,6486326,6437090,6522804,6479252,6400113,6456021,6422711
1036,31,1,-1,6913141,6857162,6792951,6754962,6830020,6715620,6732962,6732814,6689123,6742069,6567138,6557890,6504755,6471555,6422706,6508003,6464952,6385919,6441637,6408402
1037,0,1,-1,6926663,6872288,6807908,6769272,6844104,6730225,6747473,6747404,6703742,6756567,6580471,6571394,6517901,6486042,6436224,6522355,6479009,6400297,6456127,6421462
1038,31,1,-1,6912777,6858074,6793869,6756180,6830077,6716371,6734203,6732933,6690135,6742708,6567864,6558759,6505204,6472929,6422908,6509590,6465555,6386256,6442944,6408778
1039,0,1,-1,6926617,6871563,6807336,6769449,6843497,6730716,6747886,6746960,6704193,6756786,6580768,6572141,6517712,6485535,6436473,6522697,6478609,6400164,6455869,6421602
1040,31,1,-1,6911446,6856912,6792887,6754470,6829007,6715959,6733390,6731795,6689595,6741439,6566603,6557932,6505326,6471902,6422489,6508152,6464811,6386190,6441822,6408283
1041,0,1,-1,6925342,6870828,6807253,6767513,6843536,6729488,6747782,6745936,6703514,6755787,6579849,6570980,6518234,6485123,6435817,6521884,6478587,6400153,6455213,6421397
1042,31,1,-1,6912565,6856673,6793321,6753796,6829466,6715086,6733257,6731831,6689412,6741672,6566496,6558060,6505335,6471565,6422422,6507999,6464234,6387526,6441472,6408417
1043,0,1,-1,6927431,6872517,6808666,6769714,6845089,6731121,6748685,6746915,6705328,6757560,6581699,6572590,6519842,6487266,6436810,6523525,6479623,6402140,6456139,6422659
1044,31,1,-1,6911689,6857781,6793000,6755187,6830398,6716104,6733798,6732369,6689945,6742505,6566799,6558188,6506078,6472216,6423364,6508371,6464842,6387866,6441842,6408857
1045,0,1,-1,6925778,6872296,6807489,6768826,6844753,6730377,6747718,6746574,6704385,6756889,6580113,6571365,6518863,6485473,6436297,6522181,6478690,6400966,6455591,6421938
1046,31,1,-1,6912177,6857687,6793096,6755493,6830125,6715890,6733471,6732968,6689652,6742038,6566464,6558468,6505261,6471803,6422758,6507659,6465050,6387353,6441864,6409074
1047,0,1,-1,6927386,6871960,6807854,6769688,6844684,6730828,6748280,6747330,6704096,6757084,6580797,6572401,6519326,6486346,6436570,6522721,6479361,6401231,6455823,6422555
1048,31,1,-1,6911722,6856128,6792293,6754925,6829904,6714952,6732205,6730689,6688906,6741768,6565837,6557847,6504567,6471748,6421964,6507480,6464432,6386175,6441204,6407893
1049,0,1,-1,6925781,6870599,6807108,6768630,6844519,6729921,6746904,6745991,6703624,6756787,6579957,6571499,6518362,6485418,6435709,6522516,6478258,6400689,6454780,6422290
1050,31,1,-1,6911875,6856552,6792634,6754817,6830311,6715707,6733157,6732241,6689801,6742205,6566939,6558403,6506179,6471887,6422810,6508271,6464920,6387321,6441652,6409226
1051,0,1,-1,6926820,6870427,6806817,6768479,6844851,6730509,6748110,6746691,6704466,6757212,6581162,6571742,6519298,6485769,6435753,6522732,6478374,6401049,6454443,6422500
1052,31,1,-1,6912268,6857246,6792555,6755598,6830604,6716497,6734604,6732241,6689640,6742234,6567149,6559094,6506600,6473173,6422801,6508069,6464867,6387909,6441533,6410000
1053,0,1,-1,6926355,6871867,6807151,6769293,6845752,6731242,6748374,6746878,6704317,6757876,6580765,6573349,6520007,6486855,6436359,6522396,6479361,6401372,6454835,6423334
1054,31,1,-1,6911866,6857479,6792976,6755010,6830405,6716469,6733804,6732173,6690078,6743061,6567127,6558979,6506630,6472503,6423244,6508297,6465289,6387115,6441667,6409506
1055,0,1,-1,6927021,6872736,6807602,6770529,6845192,6731577,6748708,6747595,6704635,6757967,6581690,6572548,6520012,6487060,6437591,6522972,6479477,6401762,6455521,6422967
1056,31,1,-1,6912264,6857655,6793078,6755941,6830765,6716438,6733173,6732165,6689224,6742373,6567051,6558036,6506296,6472346,6423359,6508826,6464669,6387311,6441121,6408833
1057,0,1,-1,6926476,6872810,6807213,6769094,6844767,6730482,6747757,6746454,6703653,6757199,6580579,6571521,6519288,6485845,6435898,6522573,6478208,6401487,6454322,6421967
1058,31,1,-1,6913203,6858722,6793455,6755528,6830626,6716308,6734042,6733154,6689684,6742950,6567512,6558561,6505991,6472236,6422874,6508373,6464972,6387967,6441176,6409547
1059,0,1,-1,6927203,6873497,6807672,6769488,6844597,6731252,6748065,6747316,6704212,6757568,6581102,6572505,6519579,6485438,6436507,6522645,6478968,6401122,6455460,6422827
1060,31,1,-1,6912552,6858688,6793202,6755110,6829995,6716081,6733201,6732720,6689489,6742331,6566989,6558594,6505947,6471389,6422984,6508680,6464689,6386883,6441666,6408497
1061,0,1,-1,6926947,6872947,6807030,6769028,6843520,6730202,6747044,6746391,6703698,6756958,6580106,6572511,6519171,6485430,6436629,6522972,6478562,6400881,6455093,6422149
1062,31,1,-1,6912199,6858135,6792708,6754750,6828733,6716058,6732720,6732261,6689488,6741849,6566225,6558323,6505833,6471859,6422967,6507915,6464386,6386892,6441146,6409054
1063,0,1,-1,6926531,6872685,6807326,6768841,6843672,6730219,6747678,6747035,6703943,6757029,6580370,6572083,6518958,6486025,6436903,6522083,6479209,6400890,6455923,6423116
1064,31,1,-1,6912576,6858089,6793216,6754532,6830057,6716194,6733741,6732895,6690287,6742035,6566719,6558793,6506065,6472400,6423736,6509075,6465485,6386887,6442189,6409208
1065,0,1,-1,6926668,6872755,6806869,6768601,6844586,6730002,6747951,6746811,6703592,6756622,6580492,6572175,6518806,6486066,6436980,6522536,6479273,6400478,6454710,6422538
1066,31,1,-1,6912455,6857571,6793102,6755428,6829943,6715480,6733626,6732409,6689612,6742411,6567098,6558815,6505497,6472682,6424011,6508450,6464965,6386656,6441261,6408906
1067,0,1,-1,6927957,6872720,6807893,6770034,6844818,6730634,6748342,6747358,6704911,6757742,6581779,6572894,6519466,6486880,6437398,6523298,6479471,6401453,6456074,6423240
1068,31,1,-1,6912348,6858881,6793026,6755509,6829651,6715615,6733494,6732455,6689669,6742526,6567655,6558883,6505131,6472141,6423611,6509238,6465002,6387679,6441612,6409771
1069,0,1,-1,6926882,6872870,6807424,6769722,6844131,6730166,6748352,6746737,6704554,6757764,6581308,6572600,6518838,6486421,6436828,6523130,6478807,6401473,6455304,6423085
1070,31,1,-1,6912974,6858356,6793184,6755712,6830211,6715445,6734192,6731807,6690230,6742816,6567735,6558728,6505718,6472772,6423848,6508495,6464572,6388162,6442213,6410175
1071,0,1,-1,6926932,6872906,6808338,6769896,6844622,6730088,6749385,6746342,6704617,6757684,6581368,6572882,6519352,6486398,6437448,6523184,6479662,6401984,6456306,6424065
1072,31,1,-1,6911961,6858505,6793496,6755157,6829875,6715607,6733695,6731605,6689837,6743227,6567440,6558791,6505985,6471941,6424206,6509048,6465258,6387661,6441743,6410306
1073,0,1,-1,6927080,6873257,6808068,6769856,6844820,6730460,6748246,6746531,6704588,6758541,6581650,6573319,6520313,6487090,6437969,6523121,6479638,6402248,6455976,6423654
1074,31,1,-1,6912270,6858426,6793337,6755525,6830071,6715010,6733342,6732106,6689586,6742872,6567218,6558718,6505857,6473005,6424022,6507751,6464979,6387850,6442358,6409774
1075,0,1,-1,6927016,6873742,6809113,6770369,6844994,6730462,6748620,6746312,6704529,6758568,6582149,6573212,6519510,6487161,6438000,6523072,6479688,6402280,6456068,6423744
1076,31,1,-1,6912746,6858419,6793415,6755382,6829517,6715829,6733886,6731585,6689651,6743138,6567481,6559137,6506052,6472336,6423975,6507953,6464976,6388025,6441575,6409656
1077,0,1,-1,6926450,6872032,6807622,6769272,6843440,6729355,6747934,6746232,6704192,6757393,6579961,6572360,6518287,6485555,6437246,6522199,6478479,6401490,6455660,6422508
1078,31,1,-1,6913411,6858831,6795007,6756688,6830234,6716070,6734588,6732814,6690885,6743797,6567629,6559877,6506121,6473254,6424894,6509342,6465623,6388233,6443104,6409879
1079,0,1,-1,6926771,6872791,6808417,6769525,6843945,6729622,6748480,6745841,6704417,6758237,6580799,6572528,6519074,6486792,6437645,6523125,6479384,6401398,6455797,6422517
1080,31,1,-1,6913337,6859540,6794642,6756302,6830238,6715799,6734611,6732086,6691050,6743949,6568001,6558825,6506493,6472697,6424797,6509588,6465743,6388294,6442821,6410322
1081,0,1,-1,6927592,6873195,6808478,6769692,6844605,6729868,6748372,6746774,6704686,6757738,6581089,6572261,6519957,6486102,6437261,6523484,6479588,6402111,6455783,6423023
1082,31,1,-1,6912239,6857701,6793690,6755616,6830440,6715881,6733845,6731685,6689959,6743259,6567112,6558320,6506417,6471989,6423404,6509262,6464944,6387849,6441557,6409362
1083,0,1,-1,6926490,6871595,6807821,6769176,6844737,6730550,6747919,6746970,6704114,6757804,6581356,6572491,6519851,6485663,6436631,6523127,6479073,6401797,6454973,6422640
1084,31,1,-1,6911596,6857283,6793489,6755131,6830153,6715825,6733583,6732087,6689734,6742732,6567023,6558790,6505833,6471855,6423039,6508213,6464886,6387761,6441504,6409198
1085,0,1,-1,6926969,6873309,6808750,6770249,6845482,6731226,6748338,6747523,6704987,6758210,6582120,6572934,6520074,6486183,6437284,6523646,6479678,6402963,6456230,6423683
1086,31,1,-1,6912310,6858368,6793850,6755514,6830895,6716156,6734094,6733562,6690321,6742712,6567770,6559032,6506153,6472032,6423567,6509612,6465050,6388541,6442159,6409599
1087,0,1,-1,6927135,6873652,6809272,6770299,6845484,6731204,6749101,6748695,6705428,6757974,6582454,6573474,6520230,6487135,6437044,6523673,6479866,6402644,6456673,6423551
1088,31,1,-1,6912243,6858802,6793784,6755780,6830384,6716286,6733522,6734163,6689413,6742876,6568068,6558416,6505527,6471829,6423044,6509442,6464566,6388207,6441918,6409323
1089,0,1,-1,6926570,6872555,6808021,6769767,6844591,6730750,6747823,6748264,6704368,6757725,6581405,6572539,6518876,6486141,6436351,6523683,6478537,6401863,6455736,6422713
1090,31,1,-1,6911882,6857966,6793160,6755401,6830442,6715805,6733366,6733252,6689835,6742306,6566941,6558807,6506248,6471830,6422786,6508538,6464790,6387886,6441624,6409265
1091,0,1,-1,6926793,6873017,6808047,6769563,6845406,6730482,6748536,6748067,6705096,6758118,6581733,6573567,6520804,6486592,6436822,6523674,6479029,6402696,6456412,6423479
1092,31,1,-1,6911605,6858323,6793675,6755882,6830105,6716285,6733712,6733689,6690263,6742919,6568050,6558947,6507077,6472394,6423352,6508881,6465382,6388965,6442630,6410080
1093,0,1,-1,6925472,6872037,6807604,6768774,6844670,6729962,6747521,6748206,6703994,6757306,6581108,6572793,6519989,6485530,6435927,6522785,6478700,6402320,6455121,6422274
1094,31,1,-1,6911622,6857728,6793231,6755014,6829548,6715364,6732246,6732635,6689259,6742055,6566693,6558074,6505996,6471560,6421865,6508192,6463958,6387998,6440833,6408935
1095,0,1,-1,6926024,6872191,6807550,6768701,6843714,6729886,6746566,6746822,6703699,6757076,6580752,6571923,6518967,6485236,6435408,6522565,6477883,6400951,6454702,6421646
1096,31,1,-1,6911865,6858947,6793177,6754791,6830837,6715674,6732641,6733493,6689617,6742577,6567424,6558998,6505966,6471135,6422775,6509165,6464467,6387695,6441316,6408943
1097,0,1,-1,6926779,6872771,6807729,6769868,6845652,6730960,6747241,6748558,6704992,6757824,6582184,6573443,6520121,6485898,6437273,6523686,6479074,6402206,6456145,6422830
1098,31,1,-1,6912791,6859228,6793114,6755876,6831611,6716639,6733338,6734356,6690389,6742870,6568731,6560206,6506520,6472808,6424826,6509702,6466048,6388364,6443009,6409275
1099,0,1,-1,6926340,6872813,6807414,6769796,6845462,6731433,6747581,6748487,6704792,6757271,6581694,6573888,6520336,6486385,6437700,6523938,6479124,6401600,6456321,6422400
1100,31,1,-1,6912535,6858744,6792599,6755340,6830678,6716521,6732731,6733286,6689653,6742620,6567138,6559275,6505935,6471793,6423515,6509511,6465219,6387842,6442479,6407956
1101,0,1,-1,6926395,6872932,6807795,6769498,6845493,6730886,6747456,6747726,6704245,6757617,6581418,6573740,6519662,6486167,6436827,6523340,6479847,6401230,6456413,6422122
1102,31,1,-1,6912495,6858738,6793498,6755558,6831245,6715962,6732576,6734177,6690321,6743139,6567574,6560277,6505953,6472921,6424316,6508962,6466303,6388325,6442787,6408707
1103,0,1,-1,6926776,6872761,6807088,6769000,6844965,6730039,6746775,6747078,6704494,6757084,6580467,6573281,6519689,6485629,6437427,6523216,6478974,6402378,6455514,6421495
1104,31,1,-1,6913896,6858693,6793611,6756035,6831565,6716881,6734303,6734374,6690804,6743392,6568176,6560829,6507295,6473020,6424861,6510173,6465546,6388898,6442870,6409064
1105,0,1,-1,6927987,6872610,6807009,6769839,6846032,6731176,6748568,6748295,6704881,6757415,6581367,6573795,6520297,6486038,6437577,6523248,6479568,6401690,6455315,6421871
1106,31,1,-1,6913492,6857951,6792668,6755237,6831132,6716416,6733180,6733714,6690231,6742665,6568083,6560208,6506471,6472358,6423817,6508255,6464848,6388275,6441714,6408661
1107,0,1,-1,6928181,6873264,6808172,6770416,6846092,6731578,6748760,6748375,6705499,6758624,6582186,6574271,6520225,6486551,6437539,6524041,6479552,6403034,6456359,6422420
1108,31,1,-1,6912928,6857998,6793274,6755748,6831289,6716086,6733515,6733137,6690016,6742820,6567017,6559767,6505858,6472260,6423551,6509388,6464502,6388183,6441617,6408060
1109,0,1,-1,6927462,6872659,6807896,6769832,6845481,6730256,6748165,6747861,6704548,6757815,6581464,6573781,6518938,6485857,6436765,6523812,6478470,6402198,6455344,6421591
1110,31,1,-1,6912797,6858602,6792893,6755405,6831432,6715934,6733294,6732915,6690032,6742732,6567283,6559521,6504988,6471737,6423309,6509523,6464205,6387511,6441790,6408328
1111,0,1,-1,6927556,6873927,6807463,6769766,6844749,6731071,6748137,6748159,6704315,6758049,6581408,6573479,6519249,6486046,6436905,6523526,6478798,6401420,6456818,6422304
1112,31,1,-1,6913742,6859537,6793390,6756253,6831582,6716869,6733723,6733322,6690875,6742961,6567804,6559859,6506128,6471874,6423635,6509503,6465208,6388889,6442868,6408710
1113,0,1,-1,6926792,6873007,6807089,6769691,6845034,6730612,6747775,6746911,6704432,6757330,6581098,6572630,6518611,6485606,6436646,6523639,6478483,6402148,6455733,6421719
1114,31,1,-1,6913180,6858130,6792759,6755157,6830623,6715843,6732948,6732972,6689956,6742829,6566975,6558968,6505099,6472197,6423550,6508776,6465074,6388292,6442148,6407961
1115,0,1,-1,6927913,6874293,6807914,6769535,6846014,6731602,6748349,6747980,6705066,6759187,6581471,6573962,6519358,6486857,6437176,6524192,6480440,6402908,6456276,6422460
1116,31,1,-1,6912636,6858148,6792662,6754701,6830520,6716163,6733171,6731982,6689739,6743084,6567187,6559379,6504721,6471475,6423182,6509064,6465078,6388750,6441052,6407879
1117,0,1,-1,6926370,6872029,6806822,6768569,6845094,6730193,6747158,6746620,6703695,6757799,6580797,6572522,6517706,6485313,6436756,6523281,6478808,6401681,6455384,6421034
1118,31,1,-1,6913810,6858096,6793487,6755585,6831576,6716899,6733827,6733080,6690587,6743531,6567278,6559287,6506474,6473144,6423859,6509999,6466064,6388813,6442999,6409209
1119,0,1,-1,6927435,6872909,6807394,6769756,6845185,6730966,6747682,6747385,6705042,6757953,6580817,6572402,6519508,6486589,6437107,6524155,6480214,6402103,6456178,6422735
1120,31,1,-1,6913323,6858344,6792779,6755799,6830481,6716609,6733083,6732571,6690063,6742974,6566589,6558393,6505336,6473302,6423185,6509353,6465606,6388045,6442093,6407623
1121,0,1,-1,6926791,6871165,6806763,6769399,6843941,6730565,6747140,6746307,6703545,6757058,6579840,6571693,6517340,6486059,6436161,6522755,6479060,6401392,6454881,6420733
1122,31,1,-1,6912831,6857503,6792994,6755321,6829935,6716617,6733147,6732408,6690290,6742391,6566542,6558410,6505475,6472492,6423391,6509791,6465230,6388410,6441639,6408576
1123,0,1,-1,6928101,6872713,6808455,6770220,6845076,6731949,6749137,6748407,6705247,6758368,6581244,6573339,6519239,6486447,6437478,6524143,6480040,6402822,6456200,6422418
1124,31,1,-1,6913306,6857934,6794331,6755264,6829991,6717257,6734193,6733569,6691137,6743235,6567016,6559051,6505628,6472212,6423201,6509466,6465883,6388045,6442164,6408827
1125,0,1,-1,6927956,6872514,6808297,6769259,6844759,6731188,6748371,6747757,6705514,6757726,6580831,6572729,6519092,6485851,6436728,6523806,6479312,6401220,6456278,6422229
1126,31,1,-1,6913207,6858284,6793875,6755551,6830699,6716751,6734210,6733525,6690993,6743176,6566773,6559050,6505729,6471219,6423981,6509287,6465724,6387763,6442835,6408603
1127,0,1,-1,6927523,6872823,6809057,6770172,6845091,6731050,6748470,6748637,6705381,6758927,6580926,6572922,6520167,6485560,6436818,6523986,6479779,6402138,6456291,6422247
1128,31,1,-1,6912860,6858228,6794153,6755640,6830243,6716502,6733672,6733481,6690369,6743617,6566704,6559084,6506170,6471831,6422808,6509131,6465252,6387714,6442405,6408554
1129,0,1,-1,6926588,6872620,6808191,6769742,6844385,6730009,6747916,6747276,6704104,6757810,6579699,6572403,6518608,6485094,6436284,6523016,6479278,6401630,6455774,6421710
1130,31,1,-1,6912532,6858146,6793593,6755579,6829953,6715789,6733243,6732765,6689700,6742818,6566045,6559240,6505712,6471517,6423023,6508466,6465552,6388459,6441667,6407612
1131,0,1,-1,6924755,6871660,6807479,6769003,6843397,6729700,6747220,6746584,6703084,6756227,6579040,6571862,6518084,6483705,6435092,6521682,6478854,6400993,6454332,6420590
1132,31,1,-1,6911198,6857758,6793559,6755382,6829757,6715488,6733298,6732394,6689151,6742110,6566111,6558712,6504828,6470312,6421514,6508053,6465202,6388509,6440642,6407859
1133,0,1,-1,6925144,6871882,6807221,6768981,6842894,6729689,6747648,6745629,6703403,6756377,6579379,6572008,6518263,6483421,6434995,6521593,6478819,6400970,6454260,6421297
1134,31,1,-1,6911533,6857764,6793377,6755246,6829551,6715529,6733764,6731990,6689363,6742086,6565739,6558714,6506073,6470509,6422232,6508785,6464961,6387426,6440929,6408518
1135,0,1,-1,6925310,6871548,6807576,6768878,6844087,6729373,6747923,6746011,6703771,6757121,6579793,6572651,6519172,6484474,6435887,6522434,6478960,6400672,6454943,6421778
1136,31,1,-1,6911392,6856733,6793275,6754856,6829093,6715114,6733200,6731300,6689070,6741855,6565609,6558067,6505249,6470823,6421850,6507767,6464283,6387083,6440954,6407854
1137,0,1,-1,6926089,6871524,6807880,6769223,6843782,6730090,6747892,6745410,6703114,6756832,6579672,6571996,6518847,6484751,6435902,6522827,6478398,6401259,6455056,6421627
1138,31,1,-1,6911465,6856998,6792811,6755110,6829276,6715564,6733542,6731059,6688794,6742013,6566319,6558033,6504865,6470704,6421891,6508197,6463730,6387589,6441639,6407891
1139,0,1,-1,6926281,6871549,6807626,6769220,6843598,6730507,6747274,6745460,6703750,6756538,6580534,6572472,6518250,6485492,6435507,6523153,6477936,6401391,6455480,6421237
1140,31,1,-1,6912394,6857480,6793864,6755561,6829759,6716013,6733342,6731597,6689795,6742282,6567017,6559987,6505330,6472272,6422575,6508606,6465211,6388346,6441216,6408666
1141,0,1,-1,6927069,6871815,6808147,6769155,6844346,6730959,6747495,6746031,6704173,6756744,6579890,6573644,6518830,6486014,6435373,6522878,6478407,6401494,6454691,6422109
1142,31,1,-1,6911934,6856456,6793163,6754751,6829559,6715655,6732839,6731259,6689397,6741866,6566076,6558779,6504670,6472177,6422019,6508437,6463732,6388039,6440836,6408089
1143,0,1,-1,6926937,6870108,6808072,6768190,6843852,6730457,6747667,6745906,6702967,6756356,6579951,6572348,6517262,6485211,6435141,6522264,6478208,6401497,6454603,6421952
1144,31,1,-1,6912655,6857220,6793962,6753916,6830611,6716295,6733492,6732376,6689166,6741452,6566437,6558437,6504120,6471049,6421540,6509220,6464005,6388105,6441280,6408479
1145,0,1,-1,6926352,6871800,6808947,6768697,6845235,6730537,6748221,6747496,6704231,6756749,6581190,6572972,6517411,6484898,6435868,6522923,6478986,6402521,6455497,6422103
1146,31,1,-1,6911927,6857249,6793797,6753732,6830407,6715648,6733021,6732094,6689259,6741318,6566179,6558923,6503719,6470293,6421341,6508300,6464432,6387589,6441712,6407996
1147,0,1,-1,6926291,6871459,6807590,6768390,6844642,6730247,6747378,6746098,6703836,6756253,6579379,6572998,6517741,6483913,6435484,6522367,6478722,6401455,6454809,6421682
1148,31,1,-1,6912246,6856988,6793659,6754353,6830572,6715770,6733474,6732495,6689705,6742240,6566080,6559635,6505103,6470521,6422682,6508879,6465054,6388215,6441718,6408417
1149,0,1,-1,6924874,6870102,6807015,6767401,6844027,6729526,6747197,6745800,6703340,6755401,6578901,6571773,6517782,6483449,6434940,6521710,6477800,6400898,6454770,6420476
1150,31,1,-1,6911765,6856648,6793943,6754693,6830456,6715896,6733956,6731831,6689946,6741736,6565735,6558831,6505664,6471790,6421766,6508415,6464336,6388423,6441572,6408245
1151,0,1,-1,6926790,6871906,6808675,6768995,6844462,6730022,6748310,6746897,6704951,6756387,6579875,6572790,6519312,6486211,6435902,6523228,6478920,6402508,6455305,6421825
1152,31,1,-1,6911311,6856989,6793399,6754130,6829163,6714668,6732392,6731219,6688910,6740961,6565100,6558442,6504204,6471518,6421589,6507496,6464430,6386877,6440063,6407478
1153,0,1,-1,6926468,6871533,6808668,6768759,6844647,6729833,6747494,6746731,6703673,6756488,6579772,6573077,6518453,6486192,6435229,6523072,6479465,6401890,6455038,6421819
1154,31,1,-1,6912077,6857145,6794260,6755044,6829892,6714770,6732758,6732625,6689503,6741887,6565554,6559013,6505112,6471947,6421673,6508406,6465768,6388164,6441314,6408473
1155,0,1,-1,6927223,6871546,6808598,6769070,6844603,6730060,6746934,6747150,6704735,6756884,6579462,6573150,6519186,6485627,6435649,6523162,6479519,6401658,6455574,6422968
1156,31,1,-1,6912302,6857214,6794356,6754974,6829822,6715591,6733094,6731769,6690077,6742037,6565351,6559501,6505548,6471673,6421579,6508910,6464169,6387539,6441365,6409228
1157,0,1,-1,6926598,6871967,6808205,6768916,6843692,6729962,6747625,6746290,6703883,6756461,6579186,6572580,6518842,6485246,6435088,6522702,6478275,6401074,6455415,6422033
1158,31,1,-1,6911778,6857093,6793009,6754800,6829121,6715498,6733267,6732123,6689637,6741786,6565470,6558759,6504863,6471283,6421935,6508461,6465011,6387903,6441616,6407930
1159,0,1,-1,6926853,6870698,6807588,6769196,6843799,6730417,6747430,6746389,6703991,6756289,6579602,6572609,6517794,6484632,6435242,6523059,6478753,6401687,6454723,6422066
1160,31,1,-1,6912977,6857005,6793854,6755148,6830343,6716313,6733639,6732497,6689689,6742285,6566395,6559344,6505029,6471671,6422037,6509058,6465283,6388384,6440914,6409381
1161,0,1,-1,6927579,6872134,6809290,6769992,6845139,6731911,6748529,6747774,6704847,6757692,6581344,6573710,6519088,6485970,6436168,6524092,6480252,6403358,6455910,6423373
1162,31,1,-1,6912954,6857330,6793748,6755152,6829703,6716973,6733335,6732779,6689934,6742358,6566350,6558881,6504534,6470791,6421863,6508998,6465353,6388426,6442105,6408896
1163,0,1,-1,6927132,6871299,6807570,6768985,6844077,6730455,6747508,6745827,6703770,6756343,6579605,6571940,6517429,6483966,6434457,6523034,6478842,6401747,6455197,6421509
1164,31,1,-1,6912638,6856405,6793575,6754791,6829730,6715626,6732716,6731727,6689058,6741865,6565774,6557670,6504338,6471076,6421433,6508332,6464281,6387777,6441060,6408292
1165,0,1,-1,6926643,6871604,6807883,6768927,6843913,6730477,6747571,6746249,6703615,6756605,6579962,6571680,6518487,6485562,6435490,6522889,6478737,6401478,6455490,6422224
1166,31,1,-1,6913062,6857527,6793800,6755242,6828949,6715958,6733132,6732101,6690077,6742320,6566360,6558721,6505823,6471540,6422296,6509049,6464707,6388535,6442395,6409561
1167,0,1,-1,6926819,6872059,6808543,6769372,6843406,6730523,6748061,6747198,6704342,6756971,6580739,6572558,6518582,6486275,6435684,6523145,6479289,6401459,6456250,6422993
1168,31,1,-1,6912793,6857442,6793818,6755657,6830002,6716170,6733753,6733088,6689948,6742817,6567032,6558725,6506374,6471833,6422367,6509153,6465729,6388092,6442172,6409706
1169,0,1,-1,6926377,6871523,6807307,6769627,6843810,6730358,6747769,6746681,6704391,6756666,6580501,6572373,6519488,6485078,6435362,6522641,6479624,6401703,6455598,6422453
1170,31,1,-1,6913324,6857690,6793546,6755708,6829787,6716168,6734819,6732804,6690640,6742590,6567160,6559355,6505925,6471775,6422421,6509307,6465732,6388306,6441931,6409077
1171,0,1,-1,6927090,6871995,6807706,6769378,6844805,6730981,6749141,6747001,6704181,6757247,6580598,6572555,6519466,6486301,6436041,6523327,6479904,6401322,6455643,6422154
1172,31,1,-1,6912595,6857751,6793169,6755391,6830360,6716144,6734304,6732667,6690149,6742143,6567314,6559591,6505998,6472324,6422726,6509608,6465303,6387561,6441857,6408984
1173,0,1,-1,6928003,6873676,6808581,6770022,6845669,6731754,6749571,6748384,6705338,6757664,6581615,6574257,6520337,6485645,6436659,6523936,6479983,6401766,6455568,6423005
1174,31,1,-1,6913040,6857628,6793949,6755668,6830677,6716068,6734210,6733393,6690385,6742786,6567286,6560102,6506678,6470489,6422501,6509648,6465792,6388070,6441269,6409285
1175,0,1,-1,6927838,6872568,6807877,6769591,6845142,6730589,6748847,6746903,6704235,6757653,6581187,6573518,6520162,6485007,6435647,6524501,6479987,6402158,6455446,6422666
1176,31,1,-1,6912814,6859062,6794135,6755895,6831087,6715905,6734821,6732021,6689881,6743375,6567361,6559534,6507257,6471276,6422107,6509601,6465439,6387760,6441889,6409416
1177,0,1,-1,6926354,6871539,6807367,6768605,6843421,6729423,6748118,6745575,6703439,6756667,6579766,6572243,6518381,6483756,6434053,6522721,6478265,6400420,6453852,6421449
1178,31,1,-1,6912174,6858299,6793923,6755146,6830323,6716179,6734583,6732124,6690028,6742360,6566512,6559397,6505695,6469726,6421741,6510037,6465234,6387228,6441788,6408998
1179,0,1,-1,6926037,6872309,6808010,6768835,6844755,6730389,6748314,6746255,6703815,6756918,6579386,6572453,6518827,6484045,6435206,6523438,6479222,6400587,6455121,6421601
1180,31,1,-1,6912760,6858217,6793944,6755280,6830783,6716130,6734458,6733147,6689330,6742430,6565774,6559057,6506158,6470347,6421979,6510285,6466011,6387485,6442248,6408929
1181,0,1,-1,6926099,6871356,6808157,6768949,6844762,6729752,6748598,6747067,6703434,6756838,6579673,6572605,6519191,6483716,6435300,6523610,6479220,6400262,6455589,6422296
1182,31,1,-1,6911869,6857169,6793404,6754463,6830083,6715239,6733671,6731972,6689634,6742150,6566020,6558431,6505545,6470673,6421065,6508593,6465077,6386606,6441501,6409082
1183,0,1,-1,6926906,6871582,6807327,6768587,6844929,6729862,6748651,6746698,6703892,6757046,6580549,6572770,6519103,6483909,6435499,6523590,6479240,6400506,6455250,6423000
1184,31,1,-1,6913493,6857816,6793888,6755353,6831264,6715842,6734889,6732166,6689781,6743081,6566761,6559254,6506371,6470625,6421811,6509190,6465140,6387073,6442029,6409440
1185,0,1,-1,6927476,6872217,6808579,6769117,6845601,6730450,6748957,6746951,6704198,6757712,6580742,6572824,6519740,6484707,6435432,6524537,6479446,6400843,6455193,6423095
1186,31,1,-1,6913245,6857377,6793596,6755448,6830507,6716342,6734242,6732885,6689904,6743139,6566444,6559363,6506867,6470949,6422421,6509578,6465358,6387339,6441675,6409128
1187,0,1,-1,6926598,6870623,6807376,6768052,6844020,6729645,6748041,6746183,6703832,6756389,6579513,6572422,6519733,6483868,6435148,6523354,6478982,6400444,6454316,6422006
1188,31,1,-1,6912448,6856936,6792542,6753943,6829339,6715035,6733217,6731473,6689556,6741936,6565610,6558162,6505326,6469929,6421904,6508187,6464524,6386553,6440645,6408388
1189,0,1,-1,6926553,6870266,6806833,6766897,6843466,6729542,6747232,6745487,6703324,6756342,6579015,6571714,6518645,6483750,6434626,6522498,6478561,6400841,6453382,6421786
1190,31,1,-1,6912933,6856963,6793581,6754222,6830065,6716033,6732860,6731622,6689819,6742843,6566181,6559439,6505700,6471431,6422142,6508710,6465044,6388431,6440451,6409577
1191,0,1,-1,6927961,6872790,6808469,6768990,6844603,6731543,6748049,6746716,6704412,6758114,6580610,6573683,6519674,6484992,6435996,6523477,6479420,6402890,6455139,6423357
1192,31,1,-1,6913309,6857097,6793401,6754246,6829765,6716707,6733293,6731304,6689642,6742522,6565684,6559145,6505230,6470586,6422273,6508912,6464837,6388457,6441269,6408964
1193,0,1,-1,6927239,6871660,6807687,6768024,6843986,6730880,6747577,6745395,6703356,6757391,6579689,6573004,6518681,6484258,6435758,6523404,6478993,6401992,6455063,6422654
1194,31,1,-1,6913018,6856420,6793081,6754452,6829925,6716319,6733606,6732081,6689296,6742934,6565945,6558957,6505623,6470890,6422489,6508562,6465024,6388180,6441642,6409936
1195,0,1,-1,6927203,6870629,6808039,6767952,6844861,6730633,6748650,6745814,6703336,6757760,6579750,6572717,6519217,6483850,6436030,6522878,6478803,6401403,6455509,6423385
1196,31,1,-1,6911976,6856065,6793484,6753703,6829939,6715944,6734105,6731313,6689262,6743010,6566010,6558532,6505183,6470424,6422063,6508007,6464557,6387502,6441303,6409655
1197,0,1,-1,6925845,6871000,6807939,6767513,6844656,6730483,6748807,6745057,6703496,6758024,6579759,6572218,6518490,6483514,6435913,6522812,6479239,6401279,6455050,6422693
1198,31,1,-1,6913069,6858007,6794502,6754824,6831142,6716780,6735127,6732471,6690292,6743962,6567175,6559531,6506384,6471520,6423295,6509572,6466033,6389189,6442250,6410626
1199,0,1,-1,6927612,6871967,6808951,6768375,6844522,6730404,6749147,6746519,6704752,6757711,6580778,6573014,6519525,6484522,6435951,6523072,6479315,6401617,6455744,6423166
1200,31,1,-1,6914011,6858011,6794530,6754013,6829901,6715944,6734408,6731418,6690444,6742929,6566439,6559844,6506327,6470650,6422550,6509313,6464881,6388078,6442061,6409995
1201,0,1,-1,6926848,6871303,6808497,6767934,6843817,6729871,6748320,6745352,6704178,6756894,6579533,6572600,6518329,6483687,6435008,6522894,6478356,6401108,6454995,6422391
1202,31,1,-1,6911575,6855952,6792705,6753220,6829420,6714506,6733235,6730381,6688563,6741735,6565131,6558397,6503951,6469606,6420735,6508310,6463846,6387004,6439964,6408488
1203,0,1,-1,6926773,6871558,6807702,6768457,6844252,6730057,6748350,6745770,6703793,6757551,6579669,6572860,6518753,6484653,6435435,6523267,6479523,6401666,6454958,6422645
1204,31,1,-1,6912972,6858144,6793745,6755080,6829750,6716369,6734314,6732092,6689941,6743116,6566305,6559000,6506023,6472131,6422216,6509376,6465289,6388404,6441929,6409694
1205,0,1,-1,6927651,6872158,6808224,6768447,6844259,6730506,6749002,6746414,6704224,6758277,6580202,6573355,6519395,6486458,6435610,6523582,6479479,6402153,6455943,6423074
1206,31,1,-1,6912045,6855828,6793407,6753544,6829189,6715336,6733460,6731390,6689136,6742356,6565500,6558694,6504392,6471736,6421174,6508493,6464908,6387345,6440876,6408453
1207,0,1,-1,6925865,6870785,6807988,6767999,6842937,6730334,6747716,6746896,6703535,6757221,6579173,6572453,6518473,6485345,6434647,6522032,6478760,6401834,6455100,6421567
1208,31,1,-1,6912177,6856696,6793465,6753960,6828818,6715913,6733776,6731801,6689565,6742722,6565198,6559131,6504783,6471268,6421974,6508165,6464355,6388027,6441311,6407594
1209,0,1,-1,6927527,6871989,6808427,6768620,6843950,6731392,6748527,6746117,6703925,6757881,6579211,6573006,6517901,6485632,6435503,6523135,6478737,6402138,6454977,6421606
1210,31,1,-1,6912488,6857341,6793608,6754223,6829139,6716710,6733421,6731461,6689591,6743248,6565302,6559851,6505052,6471924,6422099,6508700,6464739,6387841,6440971,6408043
1211,0,1,-1,6926754,6871776,6808274,6768156,6844053,6730777,6748024,6745833,6704110,6757615,6578835,6573618,6519195,6485627,6435626,6522456,6478997,6401824,6455136,6421800
1212,31,1,-1,6911954,6856436,6793167,6754128,6828861,6716023,6732847,6730638,6689071,6742460,6565060,6559227,6505371,6471345,6421490,6508176,6464057,6388032,6440294,6407581
1213,0,1,-1,6926475,6870926,6807268,6768127,6843598,6730689,6747309,6745577,6703210,6757332,6578529,6572637,6517815,6484902,6434887,6522639,6478624,6401469,6455198,6421394
1214,31,1,-1,6911579,6856149,6793060,6753483,6828937,6716202,6732469,6731099,6688851,6742918,6564873,6559000,6504105,6471224,6420967,6508239,6464929,6387548,6441408,6407478
1215,0,1,-1,6925993,6871117,6806854,6767595,6843041,6729893,6747308,6745570,6703349,6757160,6578651,6572052,6517574,6484383,6433900,6522645,6478140,6401443,6454580,6421112
1216,31,1,-1,6912211,6857807,6793805,6754636,6829714,6716738,6734219,6731651,6690214,6743141,6566098,6559974,6504426,6471784,6421303,6508846,6464781,6387374,6441744,6408928
1217,0,1,-1,6926246,6872253,6807357,6768244,6844223,6731049,6748690,6745377,6704082,6757073,6579452,6572982,6518316,6485498,6434408,6522656,6478550,6401244,6455899,6421883
1218,31,1,-1,6912090,6858456,6793731,6754652,6829551,6716178,6733983,6731705,6689846,6742308,6566090,6559314,6504929,6471906,6420959,6508407,6465085,6387376,6442285,6408406
1219,0,1,-1,6926383,6872524,6808309,6768401,6844066,6730549,6747937,6746432,6703837,6757171,6579947,6573078,6519199,6485576,6434979,6522481,6478726,6400913,6455869,6422200
1220,31,1,-1,6912156,6857905,6794179,6754014,6829583,6716184,6733287,6731750,6688982,6743116,6566067,6558843,6505689,6471713,6421421,6508442,6464495,6387075,6441631,6408677
1221,0,1,-1,6927044,6871968,6808196,6768210,6844026,6730816,6748021,6746382,6703356,6757599,6579670,6572426,6519073,6484883,6435245,6522804,6479059,6401386,6454964,6422419
1222,31,1,-1,6912498,6857033,6793374,6753971,6829514,6715946,6733512,6731962,6688837,6742552,6565606,6558469,6505388,6470790,6421732,6507900,6464377,6387094,6440684,6407969
1223,0,1,-1,6926951,6870942,6807390,6768458,6844158,6729921,6748244,6746465,6703127,6757383,6579213,6571711,6519063,6485343,6435508,6522364,6478525,6400904,6454731,6421572
1224,31,1,-1,6912732,6857272,6794176,6755026,6829874,6715624,6733958,6732108,6689051,6742904,6565885,6558716,6505760,6471592,6422440,6508756,6464909,6386672,6441385,6408765
1225,0,1,-1,6926059,6870880,6807840,6768319,6843138,6729100,6747986,6745568,6703452,6756885,6578921,6571666,6518872,6485168,6434921,6522214,6478366,6400470,6454572,6421929
1226,31,1,-1,6912454,6857655,6794396,6754718,6829817,6715478,6734507,6732147,6689776,6743055,6565621,6558399,6505655,6471938,6422859,6508507,6465191,6387848,6441702,6408932
1227,0,1,-1,6926725,6871909,6808080,6768182,6843891,6729861,6748070,6745392,6703622,6756340,6579059,6571428,6519271,6485016,6435374,6523138,6479056,6400707,6454821,6422067
1228,31,1,-1,6912370,6857539,6793148,6754800,6829353,6715563,6733430,6731688,6689622,6742014,6565515,6557945,6505707,6472039,6422240,6508501,6464916,6387186,6441283,6408790
1229,0,1,-1,6927026,6871780,6808264,6768775,6844302,6730017,6747903,6746183,6704223,6757489,6579508,6572487,6519754,6485895,6435896,6523163,6479007,6401758,6455384,6422511
1230,31,1,-1,6913565,6857511,6794801,6756108,6830298,6716690,6734376,6732712,6690433,6743479,6566853,6559107,6506822,6473416,6423097,6509921,6465475,6388846,6442919,6409669
1231,0,1,-1,6927727,6871696,6809242,6770069,6844611,6731273,6748867,6747508,6705327,6757919,6580573,6573444,6519934,6487347,6436562,6524060,6479551,6403181,6456118,6423527
1232,31,1,-1,6914571,6857269,6795023,6755977,6830748,6717404,6734710,6733609,6690580,6743599,6566714,6560403,6506039,6472862,6423067,6510444,6466332,6389167,6441565,6410351
1233,0,1,-1,6927861,6871232,6808217,6769151,6844441,6731044,6748025,6747670,6703905,6757616,6579235,6573316,6519281,6485795,6436027,6523237,6479243,6402137,6454851,6423197
1234,31,1,-1,6913787,6857511,6794405,6755323,6829776,6716777,6733707,6733249,6689782,6743081,6566165,6559216,6506102,6472286,6423081,6509814,6465330,6388189,6441794,6410362
1235,0,1,-1,6927135,6872022,6808183,6768958,6843702,6730428,6747707,6747018,6703567,6757674,6579824,6571937,6518635,6484728,6435442,6522517,6479158,6401175,6454281,6422834
1236,31,1,-1,6913031,6857278,6793803,6754888,6830063,6716255,6733695,6732642,6688926,6742846,6565903,6558492,6505053,6470990,6422061,6508691,6464575,6387652,6441445,6409020
1237,0,1,-1,6926874,6871988,6808138,6768804,6844251,6730425,6747951,6747510,6703237,6758082,6579230,6572498,6518687,6483841,6434861,6522849,6478808,6400724,6454990,6422707
1238,31,1,-1,6912048,6858037,6793907,6754656,6829742,6715787,6733806,6733185,6689348,6743648,6565445,6558952,6505534,6470054,6421771,6508844,6465229,6387149,6441552,6409319
1239,0,1,-1,6926391,6872179,6807817,6768728,6844568,6730457,6748252,6747429,6703266,6758470,6579078,6572817,6519350,6485897,6435124,6523055,6479483,6400366,6455901,6422573
1240,31,1,-1,6912610,6857692,6794012,6754563,6829867,6716507,6733872,6733320,6689195,6743776,6565484,6558683,6505844,6471891,6421719,6509278,6466206,6386655,6441699,6409494
1241,0,1,-1,6926569,6871766,6807597,6767666,6843222,6730085,6747442,6746775,6703514,6757451,6579177,6571790,6518599,6485184,6435300,6522344,6479369,6399336,6454821,6421851
1242,31,1,-1,6912798,6857341,6793448,6753602,6829074,6715746,6733119,6731211,6688735,6742588,6565109,6558297,6504796,6471212,6422217,6507852,6464753,6385420,6440605,6408519
1243,0,1,-1,6926928,6872698,6808832,6768394,6844267,6731305,6748338,6746482,6704094,6758492,6580015,6573306,6519711,6485267,6436359,6523294,6479289,6400788,6455326,6422864
1244,31,1,-1,6913104,6858621,6794127,6754151,6829845,6716415,6733509,6731664,6689066,6743655,6565943,6558852,6506289,6470605,6423240,6508498,6465992,6386877,6441185,6409015
1245,0,1,-1,6926098,6871612,6807815,6767496,6843137,6729996,6747174,6745442,6703234,6757205,6579061,6571893,6519364,6484027,6435791,6521581,6479367,6400439,6454643,6421868
1246,31,1,-1,6912676,6857340,6793960,6753823,6829233,6715967,6733129,6732019,6688471,6742321,6565849,6559296,6506297,6470161,6422135,6508682,6465404,6386755,6441196,6408598
1247,0,1,-1,6927225,6871637,6808771,6767930,6843598,6730371,6747919,6746343,6703580,6757509,6579457,6573192,6519559,6483909,6436150,6522547,6479409,6401055,6454689,6422360
1248,31,1,-1,6912943,6857004,6793849,6754387,6829509,6716196,6733451,6731531,6689046,6742971,6565858,6559137,6505956,6470633,6422425,6508194,6465843,6387052,6440382,6408826
1249,0,1,-1,6926555,6871195,6807791,6767841,6844398,6730578,6747534,6745371,6703311,6757507,6579395,6571916,6518847,6484536,6436101,6522603,6479575,6400229,6454600,6421856
1250,31,1,-1,6912755,6856779,6794419,6753817,6830461,6716669,6733635,6731746,6689640,6743141,6565980,6558427,6505974,6471703,6423437,6507894,6466424,6386420,6441276,6409149
1251,0,1,-1,6926230,6870727,6808599,6767731,6844631,6730436,6747780,6746147,6704059,6757561,6579327,6571903,6518868,6484910,6436650,6522035,6479674,6399746,6454897,6422397
1252,31,1,-1,6912175,6856330,6794040,6754139,6830344,6715564,6733441,6731223,6689854,6743270,6566120,6558198,6505186,6471642,6422922,6508352,6465194,6386010,6440967,6408633
1253,0,1,-1,6926307,6871063,6807922,6768124,6843814,6729849,6747313,6746253,6703525,6757780,6579361,6571604,6518243,6485737,6436205,6522383,6478981,6399908,6455102,6421637
1254,31,1,-1,6912146,6856694,6793875,6754505,6830888,6716251,6733313,6732413,6689813,6743438,6566343,6558423,6505459,6472105,6423461,6509526,6465635,6387391,6441861,6408976
1255,0,1,-1,6926667,6870835,6808314,6768009,6844639,6730398,6746957,6746559,6704134,6758402,6579485,6571631,6518675,6485840,6436205,6523430,6479274,6400531,6455494,6421956
1256,31,1,-1,6911867,6856806,6794057,6753613,6830429,6716380,6733154,6732240,6690002,6743786,6566224,6557828,6504551,6470757,6422413,6508619,6465166,6386393,6440951,6408449
1257,0,1,-1,6926366,6871121,6808794,6767618,6844727,6730272,6747539,6746865,6704500,6757806,6579577,6571526,6517997,6485109,6435548,6522680,6479069,6400072,6454648,6422434
1258,31,1,-1,6912090,6856938,6793977,6753907,6829601,6715704,6733734,6732248,6689275,6743203,6566040,6557643,6504266,6471474,6422722,6508206,6464994,6385931,6441100,6408909
1259,0,1,-1,6925976,6871001,6807396,6767742,6843721,6729698,6747208,6745858,6703466,6757483,6578896,6571280,6517786,6485018,6435810,6522441,6477649,6398904,6454890,6421966
1260,31,1,-1,6911454,6856947,6792899,6753344,6829010,6715760,6732752,6731957,6689005,6742411,6565024,6557871,6504058,6471306,6422826,6507151,6464288,6385793,6440808,6408456
1261,0,1,-1,6926048,6870841,6807516,6767788,6843775,6729830,6746840,6746358,6703318,6757016,6578548,6571371,6518054,6485180,6435942,6521857,6478079,6399672,6455003,6421662
1262,31,1,-1,6911357,6856786,6793142,6754056,6829435,6715558,6732578,6731519,6689057,6742470,6564671,6557773,6505115,6471748,6422350,6507847,6464043,6386118,6440392,6408105
1263,0,1,-1,6926626,6871226,6808302,6768644,6844677,6730739,6747935,6747323,6704428,6757860,6579090,6571811,6518267,6485635,6436093,6522253,6479364,6400542,6454815,6422341
1264,31,1,-1,6911749,6856092,6793523,6754590,6830259,6716180,6733176,6732391,6689564,6743190,6565535,6557991,6504871,6471433,6422708,6507601,6465209,6386222,6440782,6408782
1265,0,1,-1,6926754,6871290,6808161,6769168,6844593,6731055,6747968,6746127,6704369,6758403,6579358,6572408,6518403,6485776,6436815,6522767,6479614,6400550,6455385,6422763
1266,31,1,-1,6912238,6856255,6793178,6754708,6829973,6716146,6733107,6731575,6689156,6742792,6565340,6558072,6504748,6471857,6422994,6508128,6464876,6386598,6441866,6409022
1267,0,1,-1,6926786,6871069,6807918,6768911,6844287,6730931,6747358,6746088,6703611,6757376,6579596,6572084,6518719,6486393,6436410,6522334,6479702,6400226,6455569,6423114
1268,31,1,-1,6912409,6857131,6793433,6754817,6830704,6716112,6732981,6732121,6690290,6743377,6566137,6558404,6505852,6472247,6423317,6508656,6465526,6386736,6441583,6409831
1269,0,1,-1,6924605,6870451,6806635,6767750,6843540,6729456,6746049,6745617,6703284,6756625,6578797,6570953,6517948,6484658,6435253,6521804,6478420,6399278,6453879,6421678
1270,31,1,-1,6911152,6856816,6793223,6753681,6829999,6715976,6731850,6731268,6688791,6742479,6565538,6557443,6505491,6471609,6422504,6507525,6464205,6386564,6440968,6408689
1271,0,1,-1,6926408,6871116,6807785,6768271,6844526,6731062,6746460,6746609,6703963,6757388,6579535,6572018,6518722,6485715,6436473,6522371,6478753,6400719,6455065,6422401
1272,31,1,-1,6912073,6856632,6793036,6753741,6830260,6716084,6732294,6732032,6689710,6742560,6565997,6558141,6504774,6471893,6423263,6508726,6465223,6387189,6440706,6408752
1273,0,1,-1,6926890,6870513,6807307,6767265,6844347,6730278,6746911,6746619,6704217,6756678,6579962,6571813,6518664,6485403,6435798,6523140,6478965,6400014,6455036,6421968
1274,31,1,-1,6912075,6856797,6792947,6753130,6829916,6715773,6732731,6731908,6689651,6742400,6566290,6557818,6505352,6471918,6423318,6508961,6465260,6386353,6441340,6408631
1275,0,1,-1,6927388,6871858,6808069,6767801,6844676,6730878,6747502,6746491,6704814,6758097,6580575,6572264,6518686,6486540,6437179,6522795,6479851,6400872,6455135,6422702
1276,31,1,-1,6912638,6857176,6792820,6753728,6829768,6715997,6732930,6731579,6689782,6743112,6566038,6557799,6504630,6472497,6422535,6508342,6464500,6386732,6441178,6408846
1277,0,1,-1,6925621,6871722,6806971,6767225,6844017,6730608,6747753,6746257,6703235,6757401,6578990,6571569,6518681,6484424,6435388,6522014,6478187,6400040,6454598,6421460
1278,31,1,-1,6911814,6856130,6792764,6753280,6829256,6715794,6733257,6731135,6689051,6742832,6565282,6557710,6505160,6470665,6422696,6507705,6464581,6387002,6440683,6407700
1279,0,1,-1,6926048,6871190,6807607,6767532,6843519,6730605,6747466,6746412,6703512,6757620,6579562,6571157,6518662,6484724,6436293,6522082,6478823,6400758,6453905,6421461
1280,31,1,-1,6912540,6856916,6793331,6754115,6829944,6716427,6732640,6732158,6689308,6743264,6566161,6558163,6505016,6470904,6423453,6508283,6465237,6387706,6440458,6408089
1281,0,1,-1,6926327,6870651,6807655,6768510,6844769,6730845,6747071,6746361,6703385,6757657,6580086,6572092,6518868,6484994,6436372,6522107,6479490,6401498,6454545,6422181
1282,31,1,-1,6912466,6857191,6793425,6754702,6830152,6716834,6733565,6732056,6689183,6743839,6566635,6558302,6506239,6471401,6423164,6508162,6465165,6387677,6440769,6409533
1283,0,1,-1,6925664,6871480,6807483,6768298,6844781,6731391,6747883,6745918,6703676,6757793,6580083,6571784,6519915,6485023,6436111,6522818,6479581,6400824,6454594,6422611
1284,31,1,-1,6911356,6857145,6793093,6754861,6830206,6716549,6733430,6731387,6689085,6742914,6566359,6558394,6506026,6471781,6422573,6508882,6465160,6387077,6440939,6409159
1285,0,1,-1,6926280,6870367,6807324,6769122,6844463,6730927,6747589,6746501,6703599,6756947,6579753,6572081,6519559,6486017,6435993,6522303,6478843,6400583,6454701,6422182
1286,31,1,-1,6911719,6856799,6792859,6754596,6829338,6716002,6733334,6730860,6688697,6742157,6565693,6557401,6505437,6470989,6422451,6507894,6464972,6386935,6440456,6408372
1287,0,1,-1,6925495,6870774,6807191,6768500,6843767,6730229,6747347,6745835,6702834,6756774,6579195,6571164,6519080,6484546,6435910,6521940,6478665,6399943,6454298,6421570
1288,31,1,-1,6911727,6855168,6792736,6753111,6829280,6715221,6732365,6730984,6688217,6741765,6564351,6556769,6505001,6470145,6421762,6507028,6464254,6385365,6440097,6407138
1289,0,1,-1,6927510,6870835,6807895,6768500,6844397,6730850,6748050,6746829,6704144,6757895,6579711,6571776,6519764,6485527,6436613,6522704,6479623,6400195,6454715,6422007
1290,31,1,-1,6912513,6856943,6793764,6753881,6829823,6716203,6733707,6731709,6689608,6742731,6565997,6557802,6505234,6471825,6422500,6508344,6466046,6386096,6440914,6408462
1291,0,1,-1,6925709,6870420,6807810,6767107,6843573,6730705,6747628,6745977,6703542,6756950,6579135,6571157,6518105,6485079,6434789,6522313,6479747,6400848,6453768,6422127
1292,31,1,-1,6911137,6856256,6793550,6753748,6829368,6716126,6732683,6732225,6689264,6742624,6565285,6558017,6504981,6470360,6421897,6507975,6465466,6386963,6440709,6408950
1293,0,1,-1,6926211,6870512,6807813,6768389,6844442,6730995,6747656,6746855,6704326,6756738,6579781,6571563,6518170,6484982,6435263,6522516,6479448,6400748,6454661,6422282
1294,31,1,-1,6912102,6855882,6793199,6754738,6829682,6716099,6732872,6731654,6689506,6742406,6565100,6557595,6504885,6471207,6421477,6508059,6465568,6386785,6441164,6409047
1295,0,1,-1,6926539,6870146,6807669,6768081,6843827,6730638,6747432,6746058,6703889,6756879,6579112,6571328,6517948,6484935,6435335,6521670,6478943,6400601,6454791,6422473
1296,31,1,-1,6911993,6856392,6793389,6753998,6829163,6715692,6732714,6731162,6689490,6742523,6565236,6557577,6504321,6470900,6422380,6507922,6465064,6386351,6440791,6409124
1297,0,1,-1,6926608,6871624,6808189,6768981,6843275,6730593,6747617,6746679,6703916,6757925,6579372,6571891,6518206,6486165,6436165,6523000,6479571,6400544,6454206,6422717
1298,31,1,-1,6911527,6856930,6793413,6754276,6829401,6716088,6733565,6731888,6689322,6742777,6565386,6558174,6504629,6472717,6422318,6508355,6465695,6386374,6440205,6409329
1299,0,1,-1,6925615,6871467,6807602,6768106,6843264,6730258,6747477,6745613,6703580,6756973,6579253,6572302,6518709,6485173,6436034,6522725,6479418,6400390,6454366,6422848
1300,31,1,-1,6911676,6857814,6793430,6753901,6828981,6716103,6733184,6731235,6689078,6742600,6565508,6558782,6505708,6471654,6422482,6508763,6465489,6386747,6441062,6408758
1301,0,1,-1,6926133,6872416,6808035,6768213,6843490,6730750,6747317,6746861,6703330,6757213,6579351,6572172,6518651,6485638,6436215,6523180,6479043,6400344,6454870,6422218
1302,31,1,-1,6911969,6857116,6793674,6753895,6829159,6716144,6732596,6731107,6689098,6741784,6565230,6558080,6504992,6471650,6422464,6508377,6465187,6387182,6441210,6408958
1303,0,1,-1,6926019,6871275,6807922,6768019,6843113,6730483,6746835,6746043,6703755,6756970,6578647,6572087,6518116,6484883,6435660,6522362,6478938,6400431,6454869,6422291
1304,31,1,-1,6912048,6856960,6793972,6754149,6829526,6716536,6732839,6731916,6689354,6742709,6566090,6558470,6504914,6471951,6423383,6508840,6465462,6387902,6441854,6409603
1305,0,1,-1,6926434,6870898,6808058,6767795,6843599,6730648,6747150,6746422,6703654,6757168,6579608,6571810,6518314,6485696,6436176,6523132,6479135,6401120,6455245,6422964
1306,31,1,-1,6912104,6855862,6793110,6753434,6828777,6715768,6732457,6731665,6688912,6741706,6565418,6557596,6504835,6470514,6421695,6508863,6464057,6386230,6440968,6408575
1307,0,1,-1,6926465,6870796,6807632,6767729,6843140,6730636,6747234,6745450,6703588,6756552,6579439,6571124,6518945,6484263,6435594,6522255,6478623,6400415,6454452,6422381
1308,31,1,-1,6911444,6857279,6793094,6753719,6828929,6716124,6732851,6731073,6689754,6742359,6565814,6558069,6504593,6471347,6422613,6508051,6464895,6387027,6441275,6408571
1309,0,1,-1,6925229,6871570,6807276,6767711,6842919,6730610,6746901,6745764,6703493,6756635,6579148,6571251,6517636,6484811,6435990,6522466,6478208,6401331,6454226,6421693
1310,31,1,-1,6911092,6856437,6792034,6752997,6827929,6715776,6732308,6730977,6688032,6741449,6564684,6557064,6503683,6471470,6421771,6507707,6464211,6386623,6440055,6407912
1311,0,1,-1,6926293,6872584,6807615,6767783,6842833,6730224,6747743,6745458,6702960,6757293,6579435,6572160,6518425,6486055,6435811,6522638,6479418,6401840,6454375,6422625
1312,31,1,-1,6912535,6858288,6794164,6754464,6828889,6716238,6733611,6732354,6689761,6742820,6565835,6558463,6505220,6472032,6422960,6509253,6465714,6387820,6440884,6409444
1313,0,1,-1,6925563,6871753,6807681,6767265,6842308,6729497,6747127,6746131,6702677,6756695,6578888,6571726,6518044,6484742,6435758,6522069,6479060,6400740,6454180,6422602
1314,31,1,-1,6911895,6858065,6793885,6753776,6828272,6715699,6733887,6731995,6689217,6741912,6565802,6558676,6505182,6471217,6422517,6508097,6465236,6387841,6441375,6409394
1315,0,1,-1,6926141,6872965,6808400,6767925,6843333,6730691,6748354,6746201,6703659,6756646,6579714,6572371,6518881,6485059,6435697,6522453,6479522,6402428,6454799,6422263
1316,31,1,-1,6910794,6857532,6792561,6753381,6827952,6715512,6732196,6730507,6688304,6740502,6564842,6557618,6504391,6471374,6420686,6507124,6464192,6388040,6439693,6407863
1317,0,1,-1,6924781,6871927,6807100,6767424,6842222,6730034,6746707,6744554,6702694,6755132,6578497,6571272,6517623,6485012,6434220,6521330,6477481,6400931,6453413,6420940
1318,31,1,-1,6910811,6857952,6793865,6753990,6828459,6715934,6733233,6731120,6689233,6741587,6565572,6558558,6505053,6471710,6421918,6508372,6464375,6387946,6440292,6408310
1319,0,1,-1,6924585,6872482,6807417,6767470,6842391,6729813,6746914,6745297,6702697,6755615,6578613,6571368,6518689,6485070,6434988,6521674,6478145,6401362,6453579,6421257
1320,31,1,-1,6911340,6858196,6793060,6754183,6828810,6716193,6731600,6731145,6689038,6741989,6565642,6557635,6506065,6472205,6422382,6508901,6464626,6388322,6440941,6408551
1321,0,1,-1,6925647,6872496,6808230,6768071,6843074,6730907,6746733,6746068,6703523,6756624,6579425,6571341,6518497,6485504,6436026,6522839,6478730,6401711,6454990,6422187
1322,31,1,-1,6910493,6857841,6793702,6753473,6827501,6715931,6731812,6730868,6688215,6741309,6564735,6557489,6504719,6470645,6422349,6508072,6464539,6386819,6439985,6407642
1323,0,1,-1,6926083,6872516,6808291,6767195,6841796,6730109,6745842,6745846,6702923,6755936,6578862,6571037,6518244,6485216,6436518,6521629,6478416,6400709,6453883,6421486
1324,31,1,-1,6911964,6858071,6794187,6753596,6828300,6715832,6731946,6731731,6689026,6741825,6565903,6557780,6505004,6472218,6423104,6507969,6465208,6387187,6440450,6408326
1325,0,1,-1,6926741,6872836,6808349,6767828,6843184,6730494,6746878,6746477,6703554,6756966,6579583,6571535,6518185,6486659,6436337,6521374,6479743,6401349,6454520,6422666
1326,31,1,-1,6911884,6858311,6794086,6755062,6828990,6716346,6732765,6731309,6689406,6742613,6566262,6557966,6504425,6472360,6422937,6507275,6465172,6387247,6440845,6408576
1327,0,1,-1,6925582,6872341,6807727,6768741,6842884,6730420,6747140,6746037,6703709,6756921,6579468,6571801,6518050,6485930,6435628,6521477,6479362,6400616,6453760,6421658
1328,31,1,-1,6912002,6857407,6793523,6754408,6829521,6716108,6733134,6731759,6689173,6742780,6565643,6558738,6505545,6472275,6422462,6508544,6464598,6387027,6440142,6408457
1329,0,1,-1,6925581,6871236,6807351,6768483,6843672,6730256,6746625,6746011,6703128,6757292,6579379,6571832,6518346,6485641,6436110,6522011,6479203,6400475,6453659,6421971
1330,31,1,-1,6911467,6856554,6793321,6754556,6829079,6715552,6732490,6731505,6689094,6742567,6566367,6558368,6505047,6472482,6422996,6508303,6465290,6387733,6440889,6409144
1331,0,1,-1,6925962,6871564,6807624,6768909,6844051,6730385,6747341,6746296,6703774,6757298,6579852,6571815,6518495,6486284,6436821,6522816,6479758,6402103,6454541,6422876
1332,31,1,-1,6912202,6857173,6793595,6754922,6829753,6716337,6732690,6731790,6688970,6743134,6565618,6557970,6505276,6471824,6422894,6507721,6464935,6387977,6440949,6409576
1333,0,1,-1,6926041,6872203,6808135,6768758,6843967,6730915,6747475,6746543,6703524,6757770,6579858,6572398,6519167,6486001,6436509,6522174,6478937,6401965,6454491,6422983
1334,31,1,-1,6911472,6857220,6793311,6754574,6829948,6716013,6733273,6730920,6688969,6742898,6566013,6558354,6505390,6472320,6422930,6508144,6464918,6387572,6440445,6409582
1335,0,1,-1,6925427,6871705,6807257,6768136,6843588,6730194,6747408,6745644,6702879,6756507,6579524,6571211,6518125,6485881,6435813,6521641,6478578,6401182,6453645,6422757
1336,31,1,-1,6911849,6856712,6793350,6754035,6828906,6715828,6732501,6731235,6688908,6741702,6565551,6557264,6504583,6471552,6422697,6508182,6464496,6387297,6439803,6409262
1337,0,1,-1,6925828,6871822,6807816,6768089,6843887,6730533,6747957,6745625,6703501,6757027,6579617,6571135,6518714,6485500,6435988,6522107,6478976,6401440,6454597,6422567
1338,31,1,-1,6911814,6857481,6793478,6754082,6829287,6716257,6733651,6731109,6689279,6742065,6566000,6557482,6504640,6471765,6422371,6507366,6465136,6387862,6440712,6409002
1339,0,1,-1,6926515,6872124,6808040,6768110,6843742,6730735,6748263,6745378,6703714,6757057,6579386,6571691,6518438,6485986,6436081,6522376,6478923,6401330,6454392,6422788
1340,31,1,-1,6911736,6857667,6794083,6753984,6829425,6716590,6734011,6732100,6689351,6743074,6566224,6557993,6505032,6471463,6423464,6508372,6465291,6388288,6441100,6409859
1341,0,1,-1,6925912,6871780,6807840,6767594,6842860,6730151,6748102,6745810,6703137,6757441,6579542,6571198,6516802,6484592,6436287,6522264,6479156,6401591,6454736,6422698
1342,31,1,-1,6912001,6858012,6793547,6754145,6830171,6716469,6734432,6731596,6689346,6743484,6565942,6558758,6505727,6471265,6423862,6508586,6465530,6389096,6441693,6410022
1343,0,1,-1,6925484,6871698,6807300,6767617,6843823,6729766,6747645,6745445,6703490,6757432,6579180,6571516,6518367,6483785,6436569,6521849,6478499,6401083,6454181,6422869
1344,31,1,-1,6911241,6856792,6792902,6753871,6829523,6714828,6732717,6731529,6688760,6742052,6564700,6557654,6504761,6469787,6422623,6507454,6464493,6387047,6440326,6409164
1345,0,1,-1,6925554,6871974,6808393,6768298,6844245,6729907,6747344,6745926,6703093,6757474,6578997,6571716,6518673,6484741,6436263,6521472,6478663,6400688,6454128,6423190
1346,31,1,-1,6912873,6857729,6794352,6754561,6829718,6715910,6733660,6731340,6688866,6743121,6565636,6558563,6505245,6471320,6423136,6507914,6465300,6387850,6441440,6409866
1347,0,1,-1,6927042,6871793,6808205,6768623,6843333,6729742,6747538,6745348,6702931,6757833,6578887,6570948,6519222,6484741,6436236,6523000,6478937,6401112,6454407,6422739
1348,31,1,-1,6912665,6857596,6794053,6754576,6829421,6715859,6732796,6730562,6688828,6742545,6565463,6557333,6505760,6471471,6422876,6508052,6465155,6388036,6441288,6409348
1349,0,1,-1,6926310,6871393,6807790,6767488,6842594,6729271,6746734,6744578,6702765,6756854,6578370,6570931,6518212,6484599,6435601,6522122,6478678,6401511,6454415,6421984
1350,31,1,-1,6912195,6857114,6793699,6753551,6828707,6714934,6732735,6730198,6688187,6742437,6564732,6557203,6504585,6471302,6421957,6508343,6464676,6387982,6440420,6408282
1351,0,1,-1,6927421,6872210,6808686,6767972,6843624,6730278,6748258,6744776,6703230,6757137,6579070,6571963,6519735,6485428,6436118,6522936,6479236,6402024,6455451,6422220
1352,31,1,-1,6911065,6857046,6793445,6753000,6828764,6715348,6732582,6729407,6688081,6741652,6564440,6557460,6504859,6470881,6421977,6507759,6464615,6387129,6440142,6407800
1353,0,1,-1,6926341,6870920,6807406,6767019,6842668,6729514,6746529,6743705,6702317,6756335,6579082,6570685,6517824,6483989,6435381,6521507,6478143,6400461,6453052,6420972
1354,31,1,-1,6911806,6856798,6793496,6754412,6829094,6715398,6732729,6729862,6689149,6742396,6565746,6557858,6505176,6470868,6422702,6507674,6464313,6388146,6440150,6408805
1355,0,1,-1,6926568,6871559,6807703,6767752,6843440,6730034,6746674,6744619,6703580,6757424,6579174,6571282,6518901,6485424,6436070,6521837,6478582,6401900,6455127,6422255
1356,31,1,-1,6911530,6856866,6792520,6752948,6828590,6714873,6731828,6729307,6688460,6742668,6564833,6557225,6505069,6471591,6421698,6507531,6464484,6387518,6440263,6408326
1357,0,1,-1,6926816,6871594,6807686,6768802,6844582,6730151,6746865,6744023,6704284,6757684,6579615,6571463,6519133,6485252,6436240,6522433,6479165,6401788,6454496,6422801
1358,31,1,-1,6912297,6855556,6793626,6754592,6830083,6715825,6732911,6729713,6689368,6741988,6565512,6557714,6505934,6471750,6422811,6508960,6463854,6387653,6440626,6409208
1359,0,1,-1,6926902,6871259,6808014,6768271,6844563,6730494,6746970,6744484,6704180,6757235,6579857,6571566,6519884,6486056,6436255,6522477,6478460,6401110,6455084,6422854
1360,31,1,-1,6911675,6856157,6793109,6753655,6829520,6715146,6731983,6729893,6688521,6741782,6565194,6557770,6504764,6470858,6421877,6507655,6463246,6386148,6439708,6408659
1361,0,1,-1,6926993,6871155,6807561,6768312,6843814,6730233,6747745,6746081,6703279,6756886,6579096,6571917,6518673,6485184,6435241,6521521,6478174,6400554,6453863,6422139
1362,31,1,-1,6912623,6856737,6793331,6754034,6829786,6715808,6733791,6731072,6689277,6742879,6565598,6558127,6505348,6471578,6422748,6507899,6464761,6386829,6440961,6408473
1363,0,1,-1,6925841,6871090,6807570,6767725,6843856,6729719,6746952,6744461,6702931,6756920,6578276,6571431,6518302,6484670,6436121,6521537,6478089,6400552,6454479,6421459
1364,31,1,-1,6911847,6856278,6793168,6754251,6829680,6714981,6732040,6729886,6688829,6742481,6564767,6557621,6505303,6470125,6423203,6507378,6464373,6386627,6441205,6407882
1365,0,1,-1,6925954,6870135,6806706,6768271,6844399,6729079,6746246,6743772,6703755,6756956,6578607,6571266,6518873,6483880,6436345,6521442,6477765,6400293,6454424,6421833
1366,31,1,-1,6911895,6856728,6792753,6754114,6829894,6714939,6732012,6729775,6688693,6743160,6565050,6557663,6505564,6471320,6423002,6507614,6464492,6387183,6441266,6408339
1367,0,1,-1,6925907,6871149,6807828,6768261,6843881,6729547,6746962,6744891,6702778,6758389,6578918,6571206,6518626,6485658,6435902,6521567,6478519,6400687,6454669,6421732
1368,31,1,-1,6911817,6856613,6792997,6754360,6829538,6715002,6732867,6729308,6688504,6743312,6564898,6557344,6504983,6471876,6422909,6507330,6463922,6386778,6440627,6407940
1369,0,1,-1,6925808,6870893,6807336,6768088,6843257,6728881,6747381,6743743,6703023,6757850,6578817,6570657,6518014,6485068,6435683,6521086,6478153,6400610,6454194,6420496
1370,31,1,-1,6911956,6857142,6793879,6754656,6829811,6715675,6732955,6730316,6688886,6743709,6565575,6558040,6504735,6471198,6422464,6508110,6464479,6387466,6440693,6407165
1371,0,1,-1,6926792,6871198,6807795,6768482,6843353,6729751,6747044,6744881,6703131,6758203,6579034,6571480,6517830,6485075,6435545,6521860,6478326,6401709,6454281,6420790
1372,31,1,-1,6912414,6856805,6793046,6754070,6829530,6715442,6733272,6730502,6688468,6743938,6565346,6557680,6504635,6471958,6421552,6507460,6464229,6387910,6440393,6407307
1373,0,1,-1,6926914,6871522,6807938,6768294,6844506,6730612,6747884,6746354,6703542,6759239,6579544,6572219,6519324,6485886,6435565,6522293,6478866,6401613,6454422,6421568
1374,31,1,-1,6913039,6857154,6793587,6754297,6830161,6715468,6733270,6731408,6689052,6743914,6565659,6557847,6504706,6471718,6422016,6507816,6464876,6387157,6440894,6407613
1375,0,1,-1,6926196,6871392,6807392,6767730,6843971,6729611,6747121,6744422,6702988,6757311,6578332,6571412,6516885,6484598,6434811,6521292,6477859,6400339,6453817,6420333
1376,31,1,-1,6911655,6856495,6793133,6753478,6829573,6715202,6733336,6730029,6687904,6742749,6564792,6558402,6504018,6471087,6421674,6507950,6463860,6386934,6440107,6407028
1377,0,1,-1,6925281,6870655,6807338,6767180,6843740,6730035,6747266,6743989,6702538,6757299,6578144,6572065,6517931,6484591,6435015,6521467,6477975,6400420,6454498,6420444
1378,31,1,-1,6910576,6855591,6792426,6752564,6828335,6714795,6732244,6729712,6687697,6742353,6564018,6557681,6503342,6470840,6420769,6506850,6464050,6386047,6440431,6405910
1379,0,1,-1,6926554,6870904,6807227,6766517,6843908,6730149,6746932,6745587,6702754,6757615,6578530,6571705,6517634,6485289,6434622,6521741,6478990,6400389,6454335,6420204
1380,31,1,-1,6912350,6856775,6793025,6753136,6829651,6716458,6733897,6731819,6688894,6743332,6565467,6559003,6505263,6471583,6422019,6507874,6465608,6386648,6440847,6407151
1381,0,1,-1,6925538,6870753,6806533,6766682,6842951,6730120,6747000,6744711,6702066,6757626,6577701,6571707,6518109,6484256,6435068,6521396,6478428,6399920,6453815,6419828
1382,31,1,-1,6910975,6856107,6792174,6753201,6828762,6715695,6732971,6729891,6687807,6742745,6563888,6558165,6504808,6471277,6421792,6507672,6464864,6386071,6440765,6406559
1383,0,1,-1,6926201,6871255,6806681,6767202,6843568,6729875,6747892,6744832,6702637,6757824,6578011,6571466,6517753,6486057,6435619,6521685,6479718,6400512,6454805,6420349
1384,31,1,-1,6911445,6855885,6791969,6752589,6828833,6714583,6732948,6729596,6687737,6742224,6563703,6557499,6503625,6470935,6421640,6506505,6464301,6386403,6439698,6406395
1385,0,1,-1,6926062,6870556,6806677,6767808,6843441,6729323,6747239,6744238,6702875,6757109,6577899,6571275,6517729,6484923,6435566,6521044,6478720,6400791,6454039,6420007
1386,31,1,-1,6910899,6855910,6792343,6754169,6829189,6714912,6732738,6730669,6688190,6742186,6564259,6557504,6504680,6470861,6422336,6506886,6464981,6386759,6440774,6407033
1387,0,1,-1,6924774,6869748,6805846,6767534,6842956,6729219,6746661,6744743,6701837,6756927,6577737,6570872,6516709,6483640,6435376,6521083,6478448,6400154,6453630,6420159
1388,31,1,-1,6912261,6857525,6793197,6754665,6829873,6715533,6733280,6730696,6688788,6743285,6565881,6557824,6504323,6471675,6422654,6507741,6465680,6387629,6441109,6407597
1389,0,1,-1,6925956,6871766,6807157,6768029,6843683,6730277,6747882,6744839,6702754,6757842,6578970,6571925,6517938,6485043,6435955,6521571,6479436,6401395,6454717,6421085
1390,31,1,-1,6911479,6855832,6793497,6754085,6829290,6715983,6733577,6730603,6688728,6743935,6565531,6558325,6504989,6471068,6423292,6508168,6465891,6387915,6441642,6407370
1391,0,1,-1,6925991,6870599,6807477,6768718,6843312,6730154,6746998,6745310,6703044,6758472,6579144,6572135,6518328,6485940,6436538,6522908,6480157,6401921,6455407,6420895
1392,31,1,-1,6911300,6855974,6792457,6753876,6828717,6714531,6732087,6730143,6688110,6743003,6565020,6557947,6504115,6471448,6422427,6508428,6465336,6386959,6440740,6407507
1393,0,1,-1,6925709,6871029,6807450,6767869,6842962,6729573,6747441,6744772,6703145,6758579,6579078,6571770,6517510,6484664,6435603,6522386,6479322,6401283,6454266,6421352
1394,31,1,-1,6911437,6856661,6793675,6754331,6828981,6715291,6733424,6730688,6689072,6743637,6566147,6558837,6505613,6470948,6422276,6508490,6465773,6387802,6441341,6408302
1395,0,1,-1,6925974,6869949,6806895,6767361,6842675,6728994,6746619,6744196,6702573,6757464,6578482,6571923,6518457,6484424,6435411,6521478,6479139,6400818,6454059,6420940
1396,31,1,-1,6911754,6855536,6793043,6753114,6828879,6714516,6731984,6731315,6688631,6743000,6564653,6558284,6504636,6470216,6421470,6507747,6464648,6387345,6440609,6407868
1397,0,1,-1,6925454,6870059,6806853,6766589,6843021,6728790,6745508,6744731,6702924,6757500,6578404,6571956,6517257,6483998,6434990,6521427,6478471,6400609,6454244,6420714
1398,31,1,-1,6911656,6857020,6792955,6752892,6829013,6714671,6731967,6730483,6688804,6743046,6565080,6558566,6504474,6470421,6421684,6507453,6464877,6387445,6440705,6407181
1399,0,1,-1,6925141,6871243,6806575,6766500,6842709,6727949,6745704,6744943,6702201,6757068,6577828,6571545,6517215,6483479,6434766,6520880,6477979,6400589,6453715,6419781
1400,31,1,-1,6911631,6857261,6792628,6752696,6828209,6713883,6731629,6730932,6687796,6742063,6564277,6558004,6503960,6470190,6420596,6507062,6464519,6387074,6440951,6406773
1401,0,1,-1,6926502,6871776,6807370,6766729,6842693,6728986,6746879,6745719,6703233,6757742,6578403,6571752,6518319,6483980,6434667,6522032,6478458,6401470,6454357,6420529
1402,31,1,-1,6912344,6857566,6793208,6753110,6829996,6715127,6733087,6732130,6689319,6744073,6565128,6558528,6505255,6471410,6421847,6507986,6464218,6388237,6441464,6407133
1403,0,1,-1,6926195,6871452,6806670,6766511,6843104,6729509,6746164,6745183,6702741,6757810,6578269,6571142,6518218,6483554,6434339,6521882,6477218,6400286,6454390,6419807
1404,31,1,-1,6911537,6856443,6791380,6752215,6828663,6714517,6731469,6730541,6688240,6742302,6563815,6557826,6504130,6469729,6420670,6506745,6463350,6386647,6440503,6406087
1405,0,1,-1,6926049,6871519,6806538,6766396,6842943,6729021,6746269,6744695,6702684,6757302,6577709,6571415,6516666,6483950,6434378,6521581,6478018,6401920,6454330,6419275
1406,31,1,-1,6912540,6857359,6792486,6752563,6828352,6714536,6731784,6730357,6688712,6742606,6564325,6557768,6504135,6470016,6421513,6508380,6463936,6387596,6440519,6406645
1407,0,1,-1,6926375,6872178,6807080,6767040,6842590,6729621,6745963,6744378,6703342,6757877,6578286,6571508,6517625,6483514,6434345,6522530,6478112,6400917,6454215,6420375
1408,31,1,-1,6912158,6857577,6793341,6753197,6828798,6715474,6731955,6730192,6689257,6742905,6564897,6557746,6504351,6470210,6421348,6508319,6464545,6387022,6440673,6406772
1409,0,1,-1,6926350,6871177,6806851,6766838,6843026,6729900,6746359,6744651,6703529,6757902,6578754,6570706,6518133,6484105,6434497,6521553,6477907,6400486,6454665,6420079
1410,31,1,-1,6912076,6857046,6792306,6753247,6828485,6715396,6731902,6730092,6688690,6742809,6564463,6556786,6504983,6469794,6421314,6507267,6463158,6386390,6440793,6406589
1411,0,1,-1,6925780,6871124,6806840,6767433,6843362,6730012,6746631,6744783,6703200,6757290,6578385,6571037,6518623,6484908,6434476,6521130,6477795,6401205,6455342,6420193
1412,31,1,-1,6912315,6856709,6792658,6753593,6828712,6715070,6732153,6730470,6688802,6742577,6564788,6557832,6504965,6471332,6420880,6507312,6464130,6388365,6441354,6406555
1413,0,1,-1,6926459,6871686,6806806,6767866,6842757,6729405,6746432,6745294,6703710,6757641,6578638,6570742,6517859,6483757,6434139,6522140,6477667,6401632,6454078,6419956
1414,31,1,-1,6912294,6857133,6793172,6754297,6828218,6715493,6732281,6731034,6689671,6743252,6564773,6557537,6504645,6470853,6420780,6508248,6464160,6388241,6440996,6406614
1415,0,1,-1,6926602,6871274,6806828,6767642,6842361,6730137,6745770,6745435,6702997,6757615,6578373,6570770,6517089,6485176,6433753,6521489,6477627,6401206,6454943,6419813
1416,31,1,-1,6912438,6856719,6792755,6754028,6828175,6715536,6731793,6730631,6688685,6742490,6564474,6557155,6503969,6471299,6420583,6507775,6463472,6386770,6441597,6406859
1417,0,1,-1,6926788,6871866,6807737,6768789,6842756,6730406,6746656,6745379,6703786,6758014,6579022,6571185,6517879,6485680,6433648,6521725,6478903,6400890,6455150,6420693
1418,31,1,-1,6913071,6857147,6793033,6754726,6827826,6716096,6732489,6730869,6689416,6743216,6565079,6557822,6505155,6472089,6420851,6508500,6464669,6388123,6441219,6407299
1419,0,1,-1,6926578,6870563,6806894,6768065,6841904,6729491,6746202,6744997,6703540,6757252,6578537,6570260,6518087,6485174,6433925,6521512,6477774,6400599,6454249,6419807
1420,31,1,-1,6912229,6856306,6792392,6754170,6827582,6715503,6731510,6731757,6689020,6742939,6564335,6556822,6504387,6471809,6420619,6506314,6464079,6386821,6440971,6407021
1421,0,1,-1,6926625,6870921,6807214,6768524,6842345,6730326,6746391,6745687,6703408,6757423,6578212,6570680,6517745,6485272,6433741,6521231,6478521,6401458,6454275,6420783
1422,31,1,-1,6912717,6857209,6792917,6754402,6828280,6716080,6732726,6732344,6689290,6742566,6564422,6557670,6504736,6471958,6421118,6508176,6465064,6387862,6440671,6407717
1423,0,1,-1,6926703,6871284,6806446,6767462,6841637,6730131,6746550,6745409,6702638,6757075,6578153,6570835,6517559,6484823,6433878,6521390,6478190,6400973,6453909,6420625
1424,31,1,-1,6911972,6856205,6791582,6753519,6827021,6714750,6731622,6730611,6688438,6742153,6564224,6556773,6502876,6470959,6419743,6507224,6463962,6386628,6440453,6406501
1425,0,1,-1,6925757,6871416,6806245,6768109,6841610,6729803,6746712,6745684,6703354,6757357,6578469,6570810,6517382,6484026,6434074,6521456,6478154,6400781,6454673,6420866
1426,31,1,-1,6912475,6857564,6792315,6754200,6827914,6715616,6732339,6731486,6689908,6743328,6564903,6557491,6504604,6470963,6421224,6507357,6464247,6387343,6440744,6407483
1427,0,1,-1,6926312,6871737,6806430,6767874,6842434,6729690,6746626,6745253,6703906,6757022,6578510,6570520,6517502,6484372,6433999,6521908,6477895,6400481,6455187,6420350
1428,31,1,-1,6912655,6857402,6792282,6753726,6828548,6715307,6732311,6730821,6689485,6742407,6564584,6557344,6503464,6471236,6420592,6508437,6463592,6387248,6441351,6407691
1429,0,1,-1,6926922,6871594,6806483,6767584,6842803,6729745,6746620,6745580,6703568,6757188,6577883,6570697,6516496,6484896,6434229,6522459,6477597,6400584,6454477,6421054
1430,31,1,-1,6912288,6857616,6792035,6753259,6828336,6715066,6731522,6730825,6688902,6742173,6563880,6556738,6503046,6471106,6420775,6508046,6463710,6387011,6440598,6407108
1431,0,1,-1,6926417,6872230,6806579,6767994,6843104,6729696,6746355,6745739,6703473,6757050,6578395,6570479,6516778,6485076,6435022,6521733,6478333,6401446,6455315,6420192
1432,31,1,-1,6911909,6857099,6791748,6753374,6828510,6714929,6731713,6730209,6688459,6742024,6564531,6556860,6503808,6470546,6421105,6506763,6463814,6386560,6441056,6406808
1433,0,1,-1,6927134,6872550,6806769,6767778,6843499,6729709,6746724,6745560,6703768,6757627,6578829,6571167,6517466,6484615,6434501,6522025,6478015,6401041,6455393,6420887
1434,31,1,-1,6912185,6857165,6792239,6754029,6828835,6715570,6732056,6731924,6689282,6742462,6565165,6557433,6503492,6470966,6421125,6507802,6464011,6386725,6441367,6406857
1435,0,1,-1,6927156,6872136,6807416,6768882,6844683,6730702,6746870,6746005,6704479,6757724,6579563,6571928,6518290,6485618,6435956,6523016,6478281,6401163,6455555,6421076
1436,31,1,-1,6912115,6856753,6792118,6753950,6829392,6715315,6731509,6730298,6689261,6742420,6564891,6557689,6503727,6471067,6420968,6508029,6463345,6385841,6441269,6407342
1437,0,1,-1,6926646,6870864,6807015,6767504,6844191,6729502,6745822,6745731,6703780,6756912,6577983,6571446,6517636,6484529,6435435,6522097,6477597,6399161,6454920,6420847
1438,31,1,-1,6911480,6857501,6792378,6753849,6829675,6715451,6731992,6732172,6689522,6742473,6564858,6557464,6504853,6471222,6421530,6508154,6464233,6386134,6441041,6407384
1439,0,1,-1,6925109,6871753,6805733,6767718,6843686,6729121,6746229,6746065,6703302,6756927,6578117,6571021,6518070,6484457,6435042,6521783,6478036,6399814,6454137,6420580
1440,31,1,-1,6912081,6857930,6792326,6754802,6830215,6715738,6732677,6731809,6690087,6742856,6564831,6558697,6505641,6471743,6422075,6508277,6465079,6386771,6441850,6408106
1441,0,1,-1,6926624,6871150,6806834,6768052,6844057,6729900,6746603,6745686,6703803,6756870,6578468,6571292,6517866,6484696,6435230,6522351,6478449,6400845,6455684,6420985
1442,31,1,-1,6911179,6857143,6792492,6753824,6829123,6715154,6731829,6731181,6689216,6741884,6564576,6557466,6503919,6471175,6421869,6507278,6463704,6386948,6441587,6406878
1443,0,1,-1,6925722,6872529,6807024,6768324,6843908,6730111,6746815,6746256,6704446,6757126,6578926,6570809,6517520,6484983,6435887,6522416,6478179,6401018,6455177,6421214
1444,31,1,-1,6911753,6858176,6792052,6753947,6829045,6715187,6731441,6730826,6689071,6741891,6564756,6556970,6502872,6470925,6421538,6507302,6463448,6386288,6440381,6406987
1445,0,1,-1,6926447,6871314,6806324,6767692,6843524,6729252,6745699,6745611,6703500,6756396,6578008,6570491,6516107,6484203,6434384,6522013,6477168,6400087,6453878,6420532
1446,31,1,-1,6911842,6857296,6792601,6753793,6829763,6714705,6731194,6731336,6689178,6741918,6564620,6556622,6503390,6470998,6421197,6507904,6462932,6386311,6440484,6407068
1447,0,1,-1,6926289,6871927,6806767,6767835,6844583,6729350,6745810,6745048,6704026,6756345,6578762,6570571,6517457,6484543,6434597,6521716,6477272,6399656,6454281,6420910
1448,31,1,-1,6912205,6858218,6792821,6754233,6831197,6715575,6732018,6731503,6689802,6742434,6565166,6557732,6504637,6471785,6421601,6508661,6464276,6386660,6441038,6407930
1449,0,1,-1,6926042,6872043,6806871,6767101,6844250,6729086,6745714,6745293,6703431,6757271,6578360,6570693,6517431,6484971,6434200,6522129,6477220,6399801,6454435,6420801
1450,31,1,-1,6912156,6858291,6792513,6753231,6829968,6715146,6731952,6730975,6689532,6742549,6564966,6557168,6505093,6471885,6420818,6508477,6463109,6385333,6440788,6407316
1451,0,1,-1,6926111,6873562,6806943,6768067,6844746,6729888,6747115,6746336,6704333,6757051,6578611,6571552,6518231,6485905,6435390,6522622,6477981,6399587,6454261,6421094
1452,31,1,-1,6911874,6858714,6793018,6754175,6830505,6715446,6732681,6732099,6689868,6743000,6564910,6557587,6505401,6471712,6421870,6508243,6463904,6385922,6441059,6407951
1453,0,1,-1,6926306,6873128,6806909,6767715,6844506,6729920,6746826,6745768,6703599,6757739,6578377,6570719,6518238,6484733,6434984,6522712,6478390,6399173,6454498,6420630
1454,31,1,-1,6911301,6858513,6792399,6753986,6829979,6715549,6732205,6730670,6688811,6742309,6564558,6556928,6504589,6470753,6420888,6508795,6463933,6385461,6440811,6407009
1455,0,1,-1,6925708,6872603,6805940,6767906,6843654,6729934,6746826,6744911,6703138,6756725,6577720,6570231,6517358,6484200,6434244,6521932,6477102,6399171,6454122,6420036
1456,31,1,-1,6911621,6857572,6792333,6753859,6829599,6715661,6731935,6730615,6688799,6742181,6564269,6556295,6504420,6470156,6421135,6507803,6462977,6385410,6440416,6406326
1457,0,1,-1,6926483,6872161,6806968,6767463,6843862,6729671,6745952,6745170,6702994,6757346,6577616,6570266,6517966,6484328,6434581,6522617,6477488,6399238,6453574,6420155
1458,31,1,-1,6911358,6857905,6792347,6753447,6829234,6715707,6731303,6731434,6688478,6742278,6563940,6556811,6505352,6470467,6420990,6507739,6463495,6385640,6439348,6406952
1459,0,1,-1,6925732,6872526,6806859,6768164,6844141,6730512,6746805,6745567,6703391,6757366,6578327,6571609,6519459,6484730,6434786,6522419,6478286,6400326,6454295,6422312
1460,31,1,-1,6912343,6858585,6792754,6754390,6830458,6716623,6732676,6731720,6689138,6743368,6565124,6557817,6505495,6470723,6421585,6508485,6464016,6386933,6441551,6408962
1461,0,1,-1,6926354,6872761,6806543,6768079,6844246,6729796,6746052,6746135,6703278,6757387,6578212,6570533,6518110,6483160,6435349,6521635,6477563,6400318,6453743,6421191
1462,31,1,-1,6911908,6857521,6792339,6753664,6829135,6715013,6731697,6731193,6688605,6742518,6564570,6557279,6504961,6469688,6420755,6507681,6463586,6386211,6439958,6407642
1463,0,1,-1,6926244,6872474,6806639,6767693,6843868,6729776,6745851,6746218,6703387,6757519,6578995,6570961,6518351,6484010,6434672,6522054,6477256,6400057,6453894,6421503
1464,31,1,-1,6911118,6857587,6791799,6753445,6829802,6714845,6731496,6731063,6689252,6742454,6565013,6557068,6505041,6469779,6421055,6508033,6463473,6385837,6440547,6408084
1465,0,1,-1,6924876,6871217,6805732,6767190,6843901,6729196,6746189,6745333,6703027,6756674,6577929,6570543,6518408,6483762,6434227,6521600,6477181,6399734,6453714,6421402
1466,31,1,-1,6910082,6856696,6791515,6753168,6828847,6714652,6731451,6731155,6688471,6741720,6564171,6556681,6504925,6470531,6421217,6506870,6463246,6385589,6440227,6407657
1467,0,1,-1,6924525,6871503,6805903,6767603,6843517,6729733,6746006,6745814,6703368,6756431,6578100,6570512,6518888,6484804,6434683,6521695,6477293,6399811,6454402,6420971
1468,31,1,-1,6911759,6857273,6792245,6753570,6829778,6715895,6732039,6731336,6689389,6742360,6564654,6556876,6505834,6470851,6421310,6508227,6464123,6386717,6440167,6408378
1469,0,1,-1,6924731,6872125,6806953,6767451,6843707,6730215,6746672,6745814,6703699,6756842,6578619,6570436,6518592,6483778,6434206,6522244,6478276,6400258,6454339,6422304
1470,31,1,-1,6911925,6857924,6792710,6753441,6830015,6715994,6733145,6731468,6689758,6742455,6565574,6557645,6505802,6471168,6421355,6508520,6464640,6387794,6441041,6409371
1471,0,1,-1,6926421,6871449,6806105,6766224,6843426,6729958,6746815,6745601,6703740,6756629,6578422,6570421,6518606,6484439,6434517,6522734,6477523,6400437,6453895,6421735
1472,31,1,-1,6911801,6857105,6792202,6752885,6829062,6715373,6732682,6731205,6689667,6741697,6564564,6557089,6504483,6470614,6421114,6508642,6463817,6386853,6440357,6408084
1473,0,1,-1,6925633,6870596,6806412,6766689,6843056,6729404,6746799,6744983,6703524,6756603,6578404,6570840,6518290,6484945,6434135,6522435,6477919,6400653,6453670,6421222
1474,31,1,-1,6912893,6857531,6792793,6753215,6829721,6715017,6733618,6731524,6689538,6742376,6565218,6557329,6504721,6472327,6421375,6509086,6464536,6387152,6440136,6408500
1475,0,1,-1,6926460,6871380,6806473,6767045,6843425,6729483,6747492,6745321,6703381,6757206,6578875,6570683,6518509,6485143,6433987,6522611,6478187,6400406,6453497,6421277
1476,31,1,-1,6911901,6856591,6792070,6752252,6828811,6714517,6732428,6731218,6688879,6742531,6564851,6556408,6504738,6471126,6420322,6507616,6463676,6386531,6439067,6407647
1477,0,1,-1,6926797,6872476,6806638,6766590,6843558,6729745,6747297,6745299,6703262,6757694,6579246,6570669,6518247,6485998,6434250,6522652,6478055,6400473,6453394,6421944
1478,31,1,-1,6911833,6856878,6791307,6752417,6828754,6715497,6731997,6729793,6688150,6742533,6564793,6556871,6505320,6471151,6420344,6507964,6463786,6386030,6439058,6408157
1479,0,1,-1,6927004,6872165,6806867,6767674,6843989,6730961,6747277,6745234,6703882,6758212,6579520,6571600,6519702,6485848,6435251,6522550,6479403,6400894,6453500,6422343
1480,31,1,-1,6913142,6858072,6792211,6753740,6829655,6716007,6732392,6731696,6689762,6743520,6565935,6558021,6506443,6472757,6421641,6508207,6465439,6387276,6440387,6408932
1481,0,1,-1,6926375,6872077,6806261,6767179,6843452,6729896,6746923,6745187,6703528,6757350,6579311,6571329,6518962,6485717,6434226,6522119,6478860,6400869,6453507,6421614
1482,31,1,-1,6912039,6857825,6792291,6753327,6828306,6715907,6732179,6730813,6689113,6742798,6565132,6557635,6505026,6471925,6421084,6507241,6465252,6387024,6439558,6408980
1483,0,1,-1,6927040,6873117,6806933,6767391,6842969,6730500,6747073,6745628,6703365,6757869,6578867,6571104,6518509,6483759,6434832,6521465,6478759,6400851,6453516,6422079
1484,31,1,-1,6913581,6859115,6793199,6754330,6830336,6716276,6733159,6732127,6689482,6743324,6565885,6558374,6505777,6471523,6422411,6508188,6465378,6387778,6440525,6409659
1485,0,1,-1,6927514,6873842,6807057,6767961,6845113,6730269,6747064,6746214,6703791,6758010,6579261,6571709,6519307,6484893,6435380,6522484,6479139,6401682,6454070,6423150
1486,31,1,-1,6912989,6859072,6792904,6754311,6830825,6715616,6733044,6731829,6689513,6743291,6565620,6558103,6505714,6471349,6422154,6508750,6464976,6388441,6440873,6409949
1487,0,1,-1,6927311,6873325,6807356,6768382,6845124,6730471,6748016,6746255,6704030,6758042,6579635,6571396,6518881,6485812,6435743,6522906,6479653,6402019,6454900,6423489
1488,31,1,-1,6913036,6857829,6793618,6754106,6830508,6716387,6733228,6731747,6690046,6743360,6565635,6558192,6505768,6472087,6422740,6509005,6466133,6388291,6440896,6409899
1489,0,1,-1,6926450,6871482,6806870,6767471,6844087,6730366,6747045,6744646,6703539,6757279,6578802,6571474,6518625,6484588,6435032,6521804,6479498,6400504,6454803,6422335
1490,31,1,-1,6912695,6857778,6793399,6754320,6830677,6716825,6734439,6731902,6690265,6743267,6566257,6558782,6506293,6472920,6422794,6508199,6465654,6387863,6442290,6410244
1491,0,1,-1,6927892,6871824,6807288,6767801,6844369,6730949,6747730,6746368,6703838,6758056,6578966,6572142,6519285,6486217,6435874,6521612,6480185,6400941,6455387,6423319
1492,31,1,-1,6913510,6856978,6792369,6753656,6829093,6715948,6733003,6732442,6689677,6743071,6565148,6558331,6505598,6472531,6422288,6507475,6465199,6386037,6440778,6409738
1493,0,1,-1,6926484,6871395,6806806,6767218,6843290,6730282,6747206,6745808,6703724,6757735,6578599,6571663,6518793,6485297,6435763,6521698,6478663,6399750,6453792,6422673
1494,31,1,-1,6912352,6856942,6792570,6753192,6829127,6715804,6732997,6731140,6689539,6742789,6564900,6558376,6505020,6471646,6422564,6507718,6465179,6386834,6439511,6409486
1495,0,1,-1,6925416,6871631,6806548,6767499,6843719,6730503,6747226,6745618,6703933,6757060,6579267,6571883,6518650,6485610,6436389,6522584,6478594,6400077,6454130,6422648
1496,31,1,-1,6911975,6857491,6792170,6753585,6829308,6716405,6732802,6731223,6689178,6743048,6564886,6558164,6505660,6471229,6422949,6509109,6465401,6386485,6440841,6409588
1497,0,1,-1,6926631,6871929,6807196,6767662,6843698,6730564,6747442,6746089,6703598,6757465,6579440,6571901,6519565,6485473,6435868,6522786,6479543,6400580,6455176,6423040
1498,31,1,-1,6911812,6857573,6792921,6753270,6829408,6716041,6733523,6730629,6689235,6742758,6565394,6557771,6505767,6471961,6422539,6508930,6464696,6386088,6439885,6409343
1499,0,1,-1,6925625,6872369,6807851,6767901,6843986,6730736,6747482,6745278,6703761,6757482,6578858,6571006,6519037,6484534,6435917,6523164,6478617,6399946,6453750,6422951
