rep,heat_enabled,transmitter_bit,transmitter_mask,ctrl_0_ro_0,ctrl_0_ro_1,ctrl_0_ro_2,ctrl_0_ro_3,ctrl_0_ro_4,ctrl_1_ro_0,ctrl_1_ro_1,ctrl_1_ro_2,ctrl_1_ro_3,ctrl_1_ro_4,ctrl_2_ro_0,ctrl_2_ro_1,ctrl_2_ro_2,ctrl_2_ro_3,ctrl_2_ro_4,ctrl_3_ro_0,ctrl_3_ro_1,ctrl_3_ro_2,ctrl_3_ro_3,ctrl_3_ro_4
0,1,0,24,76736,76383,75577,75519,76168,69488,68293,68876,68466,68314,77060,76353,75808,76267,75901,65987,65221,65404,65903,65285
1,0,0,24,77341,76967,76151,76097,76771,69947,68779,69337,68932,68790,77654,76948,76399,76863,76488,66450,65668,65883,66366,65746
2,1,0,24,76773,76396,75604,75540,76211,69489,68327,68874,68482,68335,77083,76377,75825,76292,75908,66001,65224,65429,65925,65303
3,0,0,24,77371,76986,76175,76113,76786,69966,68788,69359,68954,68816,77681,76962,76418,76875,76489,66453,65681,65898,66393,65769
4,1,0,24,76780,76403,75616,75536,76218,69505,68333,68875,68490,68366,77079,76376,75829,76298,75918,66003,65235,65450,65945,65322
5,0,0,24,77344,76971,76173,76078,76767,69952,68771,69332,68936,68805,77639,76934,76396,76866,76469,66447,65669,65888,66376,65764
6,1,0,24,76787,76419,75631,75534,76219,69518,68338,68891,68494,68361,77078,76388,75836,76319,75924,66020,65240,65451,65942,65336
7,0,0,24,77354,76977,76178,76082,76778,69952,68784,69349,68938,68807,77650,76960,76402,76873,76472,66456,65681,65889,66383,65777
8,1,0,24,76800,76427,75629,75546,76214,69503,68350,68899,68513,68356,77084,76404,75848,76326,75924,66023,65252,65450,65950,65334
9,0,0,24,77371,76974,76185,76087,76781,69964,68798,69352,68961,68814,77644,76951,76414,76884,76478,66464,65679,65893,66388,65779
10,1,0,24,76791,76409,75624,75537,76216,69504,68346,68898,68508,68369,77071,76394,75830,76320,75916,66015,65239,65448,65943,65330
11,0,0,24,77352,76979,76174,76090,76770,69956,68797,69357,68966,68817,77654,76960,76423,76890,76472,66465,65677,65888,66390,65773
12,1,0,24,76792,76415,75625,75538,76218,69507,68353,68896,68506,68367,77074,76389,75848,76321,75917,66019,65233,65444,65952,65334
13,0,0,24,77355,76988,76178,76102,76772,69959,68796,69357,68957,68809,77648,76949,76431,76885,76475,66465,65665,65883,66404,65779
14,1,0,24,76795,76415,75614,75552,76221,69513,68347,68903,68497,68359,77078,76390,75862,76316,75914,66017,65233,65444,65962,65330
15,0,0,24,77360,76976,76165,76097,76789,69966,68795,69350,68939,68809,77660,76963,76436,76883,76477,66464,65681,65891,66400,65778
16,1,0,24,76787,76405,75613,75550,76227,69512,68344,68886,68485,68352,77077,76391,75864,76317,75910,66017,65234,65449,65951,65333
17,0,0,24,77357,76981,76173,76112,76793,69958,68807,69354,68951,68808,77654,76957,76439,76893,76481,66471,65681,65892,66399,65772
18,1,0,24,76784,76413,75613,75554,76233,69518,68354,68900,68512,68377,77077,76395,75873,76321,75923,66024,65242,65449,65947,65333
19,0,0,24,77352,76983,76165,76103,76785,69958,68784,69348,68948,68820,77642,76954,76426,76881,76474,66464,65688,65878,66379,65772
20,1,0,24,76792,76408,75618,75551,76235,69518,68348,68901,68500,68369,77073,76393,75855,76324,75918,66020,65243,65433,65945,65325
21,0,0,24,77360,76977,76174,76110,76804,69969,68797,69359,68953,68814,77641,76975,76430,76903,76481,66465,65682,65877,66398,65769
22,1,0,24,76774,76412,75609,75538,76230,69510,68336,68895,68501,68348,77065,76395,75847,76320,75911,66016,65235,65430,65950,65330
23,0,0,24,77369,76992,76186,76100,76793,69966,68805,69360,68958,68820,77661,76978,76438,76898,76483,66477,65701,65891,66408,65781
24,1,0,24,76794,76425,75629,75549,76220,69510,68351,68901,68502,68368,77069,76390,75852,76326,75913,66023,65243,65442,65953,65325
25,0,0,24,77360,76988,76178,76097,76792,69962,68790,69350,68950,68807,77627,76954,76420,76886,76473,66461,65683,65884,66398,65764
26,1,0,24,76800,76418,75622,75568,76228,69522,68351,68893,68503,68368,77060,76395,75850,76323,75915,66027,65249,65447,65966,65336
27,0,0,24,77353,76972,76170,76099,76784,69960,68790,69347,68948,68805,77635,76953,76412,76880,76464,66460,65678,65892,66400,65768
28,1,0,24,76803,76425,75632,75559,76240,69513,68357,68893,68507,68366,77074,76391,75858,76326,75926,66019,65256,65451,65963,65336
29,0,0,24,77366,76969,76173,76106,76786,69955,68798,69352,68967,68809,77631,76947,76423,76879,76483,66460,65687,65892,66396,65771
30,1,0,24,76814,76424,75629,75561,76236,69516,68351,68900,68517,68362,77079,76389,75855,76327,75924,66030,65250,65453,65947,65337
31,0,0,24,77366,76967,76165,76095,76780,69950,68788,69334,68944,68795,77627,76938,76412,76869,76460,66460,65666,65880,66372,65751
32,1,0,24,76814,76419,75623,75567,76233,69515,68356,68902,68512,68377,77079,76397,75872,76320,75929,66037,65252,65454,65960,65334
33,0,0,24,77347,76965,76142,76081,76757,69943,68777,69337,68944,68795,77631,76931,76406,76862,76459,66444,65667,65873,66375,65749
34,1,0,24,76791,76402,75607,75539,76213,69500,68335,68887,68507,68353,77067,76372,75834,76312,75912,66009,65229,65443,65947,65322
35,0,0,24,77361,76974,76169,76086,76784,69952,68782,69344,68961,68808,77632,76947,76418,76885,76463,66453,65668,65881,66389,65757
36,1,0,24,76797,76414,75609,75554,76221,69500,68342,68894,68511,68357,77074,76377,75852,76319,75912,66021,65233,65447,65945,65328
37,0,0,24,77370,76970,76153,76104,76786,69953,68793,69345,68968,68801,77647,76944,76420,76888,76475,66464,65675,65893,66386,65764
38,1,0,24,76788,76392,75601,75550,76209,69489,68327,68886,68509,68344,77062,76371,75841,76298,75907,66015,65235,65433,65931,65308
39,0,0,24,77371,76978,76175,76112,76793,69961,68791,69350,68965,68810,77655,76958,76426,76890,76480,66471,65692,65888,66390,65775
40,1,0,24,76796,76390,75615,75545,76230,69509,68349,68891,68511,68361,77070,76390,75855,76311,75919,66018,65242,65439,65946,65330
41,0,0,24,77367,76970,76172,76111,76793,69963,68795,69351,68959,68817,77635,76952,76425,76890,76473,66463,65677,65880,66395,65767
42,1,0,24,76812,76420,75622,75566,76233,69523,68354,68899,68516,68368,77073,76397,75862,76329,75911,66027,65252,65440,65956,65325
43,0,0,24,77372,76976,76162,76099,76794,69958,68801,69343,68958,68798,77625,76954,76413,76889,76462,66461,65677,65877,66386,65764
44,1,0,24,76815,76417,75617,75558,76230,69518,68354,68897,68516,68358,77063,76388,75846,76329,75910,66011,65240,65437,65946,65330
45,0,0,24,77390,76983,76178,76108,76810,69981,68814,69359,68978,68813,77651,76968,76424,76891,76469,66468,65693,65881,66396,65775
46,1,0,24,76824,76414,75622,75568,76258,69539,68381,68916,68537,68368,77093,76419,75861,76329,75929,66034,65261,65463,65964,65339
47,0,0,24,77398,77002,76187,76121,76837,70005,68837,69382,68996,68827,77679,76987,76448,76908,76497,66485,65710,65908,66431,65786
48,1,0,24,76803,76412,75615,75552,76243,69522,68364,68889,68522,68355,77080,76395,75855,76322,75915,66019,65251,65446,65970,65319
49,0,0,24,77368,76967,76171,76105,76797,69955,68803,69350,68961,68796,77638,76956,76415,76882,76464,66457,65677,65880,66398,65759
50,1,0,24,76813,76413,75632,75566,76240,69522,68371,68898,68516,68370,77080,76403,75858,76327,75903,66023,65242,65453,65973,65325
51,0,0,24,77364,76967,76165,76104,76792,69964,68804,69340,68955,68797,77638,76959,76415,76880,76450,66455,65684,65877,66406,65754
52,1,0,24,76810,76416,75623,75555,76241,69517,68355,68890,68518,68365,77071,76398,75862,76321,75897,66022,65251,65449,65970,65319
53,0,0,24,77365,76979,76167,76094,76795,69971,68796,69350,68957,68799,77637,76965,76424,76885,76450,66454,65685,65878,66414,65761
54,1,0,24,76819,76427,75633,75563,76250,69532,68367,68914,68528,68367,77080,76418,75865,76332,75916,66029,65260,65460,65987,65337
55,0,0,24,77377,76981,76170,76115,76807,69978,68810,69351,68974,68811,77646,76963,76421,76887,76465,66463,65691,65896,66416,65769
56,1,0,24,76804,76411,75618,75574,76249,69530,68363,68891,68526,68365,77078,76397,75862,76332,75907,66026,65253,65463,65970,65330
57,0,0,24,77373,76987,76181,76132,76813,69981,68815,69359,68974,68820,77644,76962,76435,76895,76473,66466,65700,65904,66417,65779
58,1,0,24,76807,76414,75614,75568,76237,69517,68354,68898,68518,68358,77065,76390,75861,76324,75904,66015,65246,65451,65958,65329
59,0,0,24,77384,76983,76182,76121,76810,69980,68806,69354,68976,68810,77636,76957,76436,76891,76469,66462,65693,65893,66403,65768
60,1,0,24,76816,76434,75632,75571,76247,69531,68365,68895,68528,68366,77067,76390,75859,76339,75902,66022,65255,65459,65966,65324
61,0,0,24,77392,76998,76187,76117,76803,69974,68808,69349,68980,68805,77626,76954,76430,76898,76466,66469,65695,65895,66404,65769
62,1,0,24,76815,76419,75629,75559,76240,69513,68359,68890,68528,68357,77044,76383,75860,76322,75911,66023,65242,65449,65953,65327
63,0,0,24,77377,76993,76185,76120,76797,69966,68809,69341,68975,68809,77618,76951,76429,76891,76461,66471,65679,65890,66414,65772
64,1,0,24,76806,76428,75623,75556,76230,69523,68358,68887,68523,68355,77059,76385,75855,76327,75896,66016,65240,65448,65960,65320
65,0,0,24,77370,76984,76168,76095,76793,69965,68798,69333,68970,68791,77626,76950,76420,76883,76455,66448,65675,65875,66395,65759
66,1,0,24,76813,76433,75619,75564,76234,69513,68363,68882,68527,68353,77073,76385,75869,76336,75906,66014,65242,65448,65966,65331
67,0,0,24,77379,76986,76168,76106,76787,69965,68809,69338,68968,68803,77632,76947,76434,76888,76465,66451,65676,65888,66397,65768
68,1,0,24,76815,76418,75614,75561,76237,69513,68359,68892,68519,68352,77060,76384,75865,76326,75906,66012,65238,65445,65965,65334
69,0,0,24,77384,76995,76181,76118,76804,69973,68809,69358,68975,68805,77642,76962,76438,76901,76475,66461,65677,65889,66412,65781
70,1,0,24,76810,76420,75625,75568,76241,69515,68358,68895,68527,68356,77062,76394,75856,76339,75914,66024,65241,65450,65962,65336
71,0,0,24,77376,76972,76178,76111,76795,69958,68800,69356,68969,68798,77622,76959,76427,76890,76461,66459,65675,65888,66397,65787
72,1,0,24,76810,76408,75623,75552,76240,69514,68350,68907,68513,68354,77057,76393,75854,76329,75904,66017,65238,65441,65965,65345
73,0,0,24,77390,76993,76170,76116,76814,69977,68811,69362,68973,68818,77651,76971,76442,76911,76484,66478,65693,65903,66415,65801
74,1,0,24,76806,76415,75614,75551,76238,69516,68350,68897,68517,68355,77073,76393,75864,76337,75916,66026,65234,65452,65971,65347
75,0,0,24,77363,76983,76165,76086,76791,69963,68791,69351,68958,68795,77630,76957,76437,76905,76467,66450,65672,65874,66405,65786
76,1,0,24,76795,76408,75601,75542,76225,69506,68344,68886,68497,68348,77057,76389,75854,76325,75899,66016,65227,65437,65960,65343
77,0,0,24,77381,77004,76177,76109,76804,69978,68813,69361,68967,68809,77645,76964,76435,76906,76480,66465,65682,65899,66418,65799
78,1,0,24,76818,76432,75628,75566,76244,69528,68362,68906,68531,68373,77081,76412,75879,76347,75929,66037,65263,65461,65984,65358
79,0,0,24,77373,76986,76167,76109,76791,69977,68810,69366,68963,68818,77638,76969,76431,76888,76477,66467,65695,65887,66421,65794
80,1,0,24,76799,76414,75611,75555,76225,69522,68359,68908,68514,68363,77063,76398,75856,76318,75914,66015,65249,65448,65968,65354
81,0,0,24,77389,76992,76182,76119,76806,69980,68812,69360,68972,68821,77647,76972,76436,76894,76483,66468,65699,65904,66423,65808
82,1,0,24,76820,76422,75620,75568,76237,69517,68363,68906,68527,68365,77077,76404,75860,76330,75916,66022,65257,65447,65969,65348
83,0,0,24,77395,76999,76190,76126,76808,69979,68818,69378,68984,68820,77656,76981,76456,76913,76484,66471,65699,65903,66424,65794
84,1,0,24,76810,76421,75619,75566,76232,69509,68359,68903,68514,68370,77072,76402,75862,76314,75912,66020,65239,65445,65962,65334
85,0,0,24,77371,76980,76177,76123,76801,69965,68811,69362,68967,68822,77640,76964,76442,76887,76466,66469,65689,65892,66407,65778
86,1,0,24,76831,76423,75611,75574,76246,69514,68367,68912,68520,68380,77075,76400,75875,76333,75918,66023,65258,65448,65963,65336
87,0,0,24,77379,76975,76167,76116,76798,69966,68803,69353,68958,68808,77644,76954,76431,76890,76466,66461,65680,65890,66389,65770
88,1,0,24,76812,76416,75609,75564,76237,69512,68352,68902,68501,68368,77065,76395,75858,76329,75909,66018,65244,65437,65947,65334
89,0,0,24,77379,76977,76158,76096,76789,69962,68800,69345,68944,68814,77626,76948,76418,76882,76473,66455,65686,65885,66386,65770
90,1,0,24,76831,76435,75619,75555,76248,69533,68364,68901,68510,68384,77075,76405,75865,76334,75933,66037,65261,65464,65960,65339
91,0,0,24,77385,76979,76158,76095,76795,69975,68804,69343,68953,68822,77627,76961,76422,76877,76476,66464,65683,65892,66389,65771
92,1,0,24,76813,76416,75612,75552,76234,69527,68353,68895,68508,68379,77060,76392,75852,76325,75922,66022,65246,65446,65951,65329
93,0,0,24,77399,77006,76190,76125,76807,69994,68822,69365,68969,68841,77649,76989,76448,76902,76499,66478,65703,65906,66410,65796
94,1,0,24,76823,76416,75626,75564,76236,69528,68369,68899,68505,68374,77063,76398,75875,76327,75922,66020,65253,65452,65945,65334
95,0,0,24,77379,76964,76163,76096,76784,69956,68807,69345,68943,68810,77610,76949,76418,76886,76467,66461,65681,65875,66379,65769
96,1,0,24,76832,76423,75635,75562,76242,69531,68368,68900,68508,68375,77068,76406,75874,76344,75929,66028,65262,65450,65960,65344
97,0,0,24,77384,76972,76182,76107,76802,69963,68799,69348,68947,68806,77619,76957,76426,76883,76479,66456,65685,65884,66389,65773
98,1,0,24,76812,76412,75621,75549,76233,69511,68347,68891,68499,68367,77053,76385,75862,76325,75919,66010,65240,65440,65957,65317
99,0,0,24,77377,76974,76171,76106,76792,69952,68796,69341,68946,68807,77623,76951,76420,76885,76476,66454,65671,65884,66402,65771
100,1,0,24,76831,76403,75625,75559,76238,69521,68346,68888,68507,68354,77050,76391,75848,76329,75925,66022,65243,65442,65963,65332
101,0,0,24,77407,76975,76179,76123,76808,69975,68806,69357,68965,68814,77624,76967,76445,76906,76497,66465,65699,65891,66415,65782
102,1,0,24,76831,76411,75612,75571,76234,69523,68346,68906,68517,68368,77056,76398,75869,76340,75929,66029,65243,65442,65965,65340
103,0,0,24,77408,76973,76175,76134,76803,69977,68801,69369,68979,68829,77629,76975,76446,76908,76503,66476,65701,65905,66415,65797
104,1,0,24,76828,76410,75611,75566,76228,69511,68349,68908,68515,68375,77064,76403,75860,76326,75922,66019,65247,65443,65960,65338
105,0,0,24,77388,76981,76174,76121,76794,69965,68798,69368,68965,68825,77622,76972,76448,76894,76482,66467,65695,65891,66404,65787
106,1,0,24,76803,76405,75606,75556,76213,69507,68334,68888,68500,68353,77037,76393,75847,76310,75915,66016,65232,65434,65945,65334
107,0,0,24,77387,76981,76172,76124,76788,69966,68793,69354,68965,68814,77616,76978,76428,76895,76492,66464,65692,65885,66398,65784
108,1,0,24,76808,76404,75607,75557,76208,69498,68334,68892,68517,68365,77042,76399,75848,76311,75922,66019,65247,65441,65946,65328
109,0,0,24,77379,76963,76163,76114,76782,69953,68798,69350,68965,68815,77615,76962,76416,76882,76472,66455,65682,65893,66393,65773
110,1,0,24,76831,76422,75618,75565,76222,69515,68352,68900,68517,68361,77045,76404,75860,76325,75918,66021,65246,65447,65956,65331
111,0,0,24,77393,76983,76177,76117,76775,69964,68793,69353,68956,68805,77604,76966,76417,76878,76475,66458,65688,65877,66395,65762
112,1,0,24,76821,76410,75614,75564,76215,69514,68354,68888,68513,68369,77047,76393,75852,76319,75922,66017,65245,65436,65959,65340
113,0,0,24,77393,76979,76179,76127,76787,69965,68805,69357,68951,68815,77631,76974,76432,76906,76487,66462,65688,65891,66409,65793
114,1,0,24,76806,76385,75602,75540,76211,69503,68335,68890,68483,68355,77041,76385,75850,76312,75908,66010,65240,65427,65946,65322
115,0,0,24,77381,76958,76173,76100,76778,69952,68786,69343,68957,68805,77619,76953,76422,76878,76477,66452,65684,65865,66393,65774
116,1,0,24,76840,76415,75641,75581,76233,69521,68361,68908,68526,68376,77073,76411,75868,76344,75941,66037,65257,65441,65968,65349
117,0,0,24,77381,76958,76158,76109,76772,69948,68779,69334,68940,68796,77622,76951,76406,76891,76466,66445,65674,65872,66386,65775
118,1,0,24,76821,76397,75614,75575,76223,69512,68340,68896,68499,68360,77047,76393,75848,76322,75914,66015,65241,65430,65945,65342
119,0,0,24,77395,76987,76175,76131,76795,69974,68799,69365,68969,68825,77626,76970,76428,76898,76482,66464,65689,65891,66405,65792
120,1,0,24,76811,76407,75616,75569,76222,69505,68345,68896,68512,68366,77053,76401,75849,76327,75915,66011,65242,65437,65957,65336
121,0,0,24,77373,76970,76167,76116,76786,69950,68794,69353,68960,68809,77618,76969,76421,76897,76475,66460,65677,65872,66410,65771
122,1,0,24,76811,76396,75608,75553,76216,69508,68329,68882,68507,68357,77055,76391,75846,76323,75917,66020,65241,65426,65959,65330
123,0,0,24,77399,76975,76178,76121,76797,69965,68795,69345,68968,68817,77645,76974,76435,76900,76487,66471,65691,65883,66401,65783
124,1,0,24,76820,76400,75610,75565,76227,69513,68337,68889,68513,68360,77055,76400,75865,76322,75913,66025,65239,65436,65960,65333
125,0,0,24,77380,76960,76159,76110,76787,69964,68787,69332,68960,68802,77619,76963,76424,76894,76471,66462,65677,65878,66397,65771
126,1,0,24,76813,76401,75613,75558,76219,69517,68337,68880,68511,68349,77052,76404,75854,76330,75911,66021,65240,65431,65951,65325
127,0,0,24,77376,76966,76155,76090,76774,69949,68780,69342,68949,68783,77620,76947,76403,76880,76467,66448,65674,65867,66382,65762
128,1,0,24,76821,76400,75614,75554,76221,69514,68348,68903,68524,68349,77064,76395,75850,76324,75925,66018,65251,65445,65956,65338
129,0,0,24,77392,76972,76162,76101,76784,69974,68797,69357,68969,68803,77633,76961,76416,76889,76474,66455,65693,65888,66397,65774
130,1,0,24,76825,76410,75610,75559,76223,69524,68353,68906,68516,68364,77078,76403,75856,76330,75916,66018,65252,65448,65955,65327
131,0,0,24,77390,76969,76158,76116,76773,69966,68791,69351,68958,68800,77625,76962,76423,76885,76471,66455,65683,65883,66395,65771
132,1,0,24,76817,76405,75599,75561,76209,69512,68331,68890,68501,68345,77055,76383,75835,76323,75911,66004,65236,65439,65945,65323
133,0,0,24,77398,76967,76167,76112,76791,69976,68787,69353,68967,68805,77641,76961,76423,76900,76475,66469,65686,65893,66402,65773
134,1,0,24,76826,76398,75607,75552,76225,69529,68344,68896,68514,68360,77069,76385,75855,76331,75907,66023,65249,65449,65957,65331
135,0,0,24,77368,76948,76146,76091,76778,69961,68774,69333,68948,68797,77616,76933,76410,76884,76447,66456,65675,65881,66395,65763
136,1,0,24,76830,76418,75622,75570,76240,69527,68351,68906,68525,68369,77069,76386,75863,76341,75921,66026,65251,65456,65964,65347
137,0,0,24,77399,76985,76166,76129,76804,69979,68796,69359,68970,68816,77640,76960,76440,76912,76486,66471,65697,65902,66408,65787
138,1,0,24,76828,76411,75611,75559,76229,69528,68344,68902,68509,68361,77059,76392,75881,76335,75925,66028,65256,65457,65965,65338
139,0,0,24,77403,76985,76180,76123,76798,69983,68807,69362,68963,68825,77645,76960,76454,76915,76488,66474,65696,65906,66414,65794
140,1,0,24,76843,76433,75633,75573,76236,69537,68365,68912,68517,68377,77087,76407,75886,76361,75936,66034,65270,65466,65977,65355
141,0,0,24,77391,76977,76164,76104,76773,69974,68795,69351,68955,68803,77634,76952,76429,76906,76463,66460,65678,65887,66397,65787
142,1,0,24,76826,76427,75614,75560,76217,69523,68358,68908,68519,68363,77063,76396,75871,76348,75922,66031,65246,65461,65960,65346
143,0,0,24,77384,76974,76162,76099,76773,69968,68794,69347,68949,68793,77625,76961,76432,76907,76473,66469,65686,65882,66393,65783
144,1,0,24,76820,76402,75606,75547,76209,69518,68338,68888,68501,68341,77051,76381,75850,76334,75915,66024,65241,65439,65951,65346
145,0,0,24,77396,76989,76166,76116,76785,69967,68794,69355,68949,68802,77630,76962,76435,76920,76480,66481,65705,65882,66406,65801
146,1,0,24,76836,76423,75615,75562,76225,69513,68355,68892,68499,68358,77065,76390,75862,76347,75914,66028,65257,65441,65958,65350
147,0,0,24,77407,76992,76170,76111,76797,69976,68813,69350,68963,68815,77640,76959,76437,76904,76482,66468,65697,65893,66404,65790
148,1,0,24,76834,76427,75616,75560,76235,69532,68360,68890,68503,68371,77052,76396,75871,76342,75921,66028,65256,65453,65955,65345
149,0,0,24,77397,76996,76173,76115,76794,69986,68812,69344,68957,68819,77632,76958,76437,76908,76476,66466,65703,65897,66398,65789
150,1,0,24,76830,76429,75617,75570,76232,69540,68359,68892,68511,68372,77065,76393,75867,76340,75916,66030,65262,65449,65964,65334
151,0,0,24,77409,76978,76160,76118,76791,69980,68807,69344,68958,68811,77627,76949,76435,76895,76466,66465,65698,65889,66397,65770
152,1,0,24,76825,76403,75601,75549,76222,69520,68353,68887,68506,68363,77056,76373,75844,76327,75899,66014,65256,65448,65940,65330
153,0,0,24,77413,76991,76165,76125,76800,69982,68813,69353,68967,68824,77638,76963,76435,76913,76478,66473,65714,65902,66402,65788
154,1,0,24,76847,76425,75613,75568,76234,69532,68367,68896,68517,68375,77071,76380,75857,76343,75918,66037,65271,65470,65953,65346
155,0,0,24,77412,76982,76167,76122,76793,69981,68816,69355,68975,68822,77637,76960,76437,76915,76476,66471,65701,65895,66398,65793
156,1,0,24,76833,76418,75608,75569,76238,69533,68368,68900,68522,68366,77050,76397,75872,76340,75915,66033,65257,65456,65962,65343
157,0,0,24,77389,76970,76156,76109,76788,69975,68803,69347,68960,68804,77615,76955,76425,76889,76471,66465,65698,65889,66394,65782
158,1,0,24,76834,76422,75614,75571,76233,69531,68367,68906,68523,68376,77064,76398,75875,76342,75927,66042,65269,65465,65963,65349
159,0,0,24,77403,76992,76170,76132,76800,69988,68819,69370,68978,68827,77642,76968,76441,76911,76485,66485,65719,65921,66417,65796
160,1,0,24,76841,76420,75626,75582,76240,69541,68372,68915,68525,68383,77075,76398,75882,76353,75929,66041,65274,65471,65982,65359
161,0,0,24,77389,76981,76155,76120,76787,69969,68805,69355,68964,68820,77629,76953,76439,76904,76467,66480,65702,65901,66403,65784
162,1,0,24,76842,76435,75614,75589,76245,69539,68380,68919,68539,68390,77077,76404,75890,76353,75933,66051,65285,65476,65976,65362
163,0,0,24,77397,76990,76169,76136,76793,69980,68820,69358,68970,68822,77637,76963,76444,76913,76486,66474,65716,65907,66415,65795
164,1,0,24,76790,76408,75601,75550,76209,69514,68324,68893,68483,68349,77073,76387,75844,76313,75899,66000,65250,65419,65924,65337
165,0,0,24,77365,76974,76155,76105,76759,69967,68777,69344,68939,68814,77636,76949,76418,76885,76457,66446,65687,65869,66369,65773
166,1,0,24,76816,76423,75608,75559,76224,69520,68313,68894,68495,68348,77067,76376,75858,76318,75930,66021,65258,65436,65938,65333
167,0,0,24,77393,76976,76168,76113,76787,69970,68766,69342,68949,68803,77643,76955,76427,76894,76496,66466,65704,65877,66372,65785
168,1,0,24,76802,76413,75606,75548,76209,69508,68321,68888,68497,68343,77075,76397,75851,76323,75932,66012,65241,65427,65938,65330
169,0,0,24,77388,76966,76167,76105,76786,69959,68772,69348,68948,68802,77641,76966,76407,76871,76490,66455,65687,65865,66367,65778
170,1,0,24,76805,76402,75618,75559,76202,69521,68320,68885,68489,68346,77066,76373,75846,76325,75933,66006,65259,65428,65928,65337
171,0,0,24,77375,76962,76163,76101,76761,69970,68759,69321,68939,68798,77628,76947,76407,76880,76484,66444,65704,65859,66383,65767
172,1,0,24,76829,76393,75611,75566,76227,69523,68317,68888,68509,68352,77072,76382,75832,76323,75917,66006,65270,65438,65941,65345
173,0,0,24,77412,76982,76182,76143,76806,69996,68792,69348,68971,68817,77646,76974,76413,76908,76490,66458,65715,65893,66391,65787
174,1,0,24,76797,76398,75599,75551,76206,69512,68316,68894,68479,68344,77070,76377,75829,76296,75922,66006,65242,65418,65920,65344
175,0,0,24,77394,76977,76187,76118,76786,69977,68783,69362,68956,68810,77652,76957,76428,76891,76500,66468,65685,65868,66376,65799
176,1,0,24,76809,76406,75617,75552,76217,69512,68311,68883,68485,68353,77087,76377,75839,76326,75928,66002,65248,65421,65938,65327
177,0,0,24,77376,76971,76177,76107,76779,69968,68775,69338,68937,68805,77649,76949,76401,76890,76491,66447,65680,65863,66383,65785
178,1,0,24,76799,76391,75599,75547,76204,69518,68313,68877,68482,68350,77073,76359,75818,76326,75917,65992,65236,65423,65901,65337
179,0,0,24,77384,76968,76159,76104,76782,69973,68774,69340,68942,68802,77651,76937,76398,76898,76479,66445,65695,65859,66362,65789
180,1,0,24,76805,76418,75591,75554,76188,69505,68320,68886,68489,68341,77075,76359,75825,76311,75932,66024,65234,65427,65932,65341
181,0,0,24,77371,76985,76165,76109,76762,69955,68790,69332,68936,68775,77637,76925,76395,76870,76480,66460,65670,65871,66365,65780
182,1,0,24,76806,76400,75602,75549,76202,69510,68332,68890,68487,68341,77096,76376,75838,76307,75913,66010,65243,65421,65935,65341
183,0,0,24,77402,76983,76177,76115,76793,69979,68797,69351,68957,68816,77671,76948,76419,76907,76493,66464,65705,65887,66392,65783
184,1,0,24,76787,76407,75598,75562,76200,69526,68326,68882,68494,68355,77070,76383,75822,76303,75937,66002,65232,65413,65918,65329
185,0,0,24,77368,76974,76160,76118,76765,69968,68787,69347,68938,68804,77639,76952,76390,76891,76495,66452,65677,65855,66370,65781
186,1,0,24,76811,76440,75617,75569,76221,69517,68343,68898,68484,68367,77086,76391,75841,76335,75937,66024,65252,65442,65950,65350
187,0,0,24,77366,76992,76171,76118,76782,69969,68786,69341,68934,68813,77634,76948,76392,76901,76480,66448,65678,65865,66380,65782
188,1,0,24,76783,76426,75605,75542,76194,69497,68319,68871,68462,68337,77052,76373,75818,76321,75915,66005,65230,65406,65915,65317
189,0,0,24,77370,76998,76162,76102,76772,69956,68784,69341,68936,68797,77630,76957,76395,76889,76491,66446,65666,65862,66366,65765
190,1,0,24,76785,76417,75591,75535,76205,69509,68333,68876,68476,68344,77053,76370,75800,76297,75924,65987,65214,65405,65937,65349
191,0,0,24,77367,76985,76164,76109,76781,69960,68789,69338,68942,68814,77630,76950,76386,76873,76484,66440,65666,65848,66389,65799
192,1,0,24,76792,76402,75594,75524,76195,69516,68320,68886,68476,68333,77055,76369,75815,76303,75912,65996,65234,65413,65920,65337
193,0,0,24,77368,76967,76166,76087,76768,69949,68777,69330,68935,68774,77625,76947,76388,76874,76466,66442,65678,65857,66384,65777
194,1,0,24,76803,76411,75609,75545,76200,69525,68319,68887,68478,68348,77062,76394,75816,76313,75922,66007,65256,65412,65947,65354
195,0,0,24,77397,77009,76187,76128,76792,69993,68801,69367,68952,68823,77647,76984,76415,76912,76505,66472,65708,65883,66408,65816
196,1,0,24,76797,76414,75596,75547,76206,69533,68337,68884,68484,68343,77058,76380,75828,76324,75923,66013,65250,65433,65949,65362
197,0,0,24,77391,76994,76160,76098,76774,69977,68798,69342,68948,68796,77626,76951,76398,76904,76478,66459,65696,65882,66399,65807
198,1,0,24,76781,76393,75598,75541,76193,69517,68326,68878,68481,68354,77052,76362,75825,76296,75912,65999,65247,65414,65940,65318
199,0,0,24,77360,76975,76157,76097,76767,69975,68773,69334,68937,68814,77635,76937,76394,76877,76483,66448,65686,65860,66382,65759
200,1,0,24,76804,76426,75595,75558,76207,69530,68348,68884,68478,68347,77063,76369,75833,76331,75914,66000,65257,65425,65938,65325
201,0,0,24,77367,76982,76143,76101,76768,69967,68780,69326,68932,68794,77610,76930,76391,76888,76466,66440,65673,65862,66362,65749
202,1,0,24,76791,76394,75621,75541,76199,69515,68330,68887,68484,68348,77047,76379,75831,76328,75897,66010,65242,65420,65931,65335
203,0,0,24,77373,76966,76192,76110,76781,69969,68787,69354,68951,68808,77621,76960,76421,76917,76471,66455,65685,65874,66379,65799
204,1,0,24,76804,76417,75611,75564,76229,69510,68325,68900,68493,68349,77076,76382,75838,76330,75919,66006,65245,65433,65942,65333
205,0,0,24,77362,76963,76165,76098,76778,69952,68783,69348,68944,68800,77643,76949,76407,76883,76472,66438,65666,65863,66386,65767
206,1,0,24,76798,76406,75619,75541,76199,69513,68328,68881,68482,68347,77069,76367,75827,76333,75923,65994,65235,65428,65929,65336
207,0,0,24,77369,76977,76174,76085,76775,69951,68776,69329,68941,68797,77643,76944,76395,76899,76471,66435,65680,65861,66373,65767
208,1,0,24,76778,76394,75598,75538,76197,69488,68320,68878,68471,68330,77069,76368,75817,76321,75898,65982,65223,65421,65923,65324
209,0,0,24,77373,76985,76169,76111,76783,69952,68783,69338,68946,68796,77635,76957,76397,76910,76474,66442,65673,65876,66393,65770
210,1,0,24,76783,76401,75604,75556,76217,69480,68313,68858,68450,68338,77051,76359,75817,76313,75905,65999,65233,65416,65908,65315
211,0,0,24,77379,76962,76175,76125,76792,69937,68767,69330,68927,68815,77632,76937,76403,76899,76471,66449,65685,65873,66365,65771
212,1,0,24,76797,76415,75614,75558,76223,69526,68339,68901,68485,68353,77098,76385,75847,76327,75925,66016,65250,65443,65952,65328
213,0,0,24,77370,76969,76162,76115,76799,69970,68800,69341,68938,68808,77640,76942,76418,76907,76491,66452,65695,65877,66391,65782
214,1,0,24,76778,76397,75573,75530,76203,69492,68304,68877,68470,68336,77049,76365,75816,76303,75919,65997,65229,65415,65923,65311
215,0,0,24,77375,76980,76160,76088,76792,69963,68785,69347,68930,68812,77627,76936,76403,76901,76492,66461,65694,65881,66374,65768
216,1,0,24,76818,76402,75609,75565,76222,69518,68330,68891,68480,68367,77063,76376,75839,76336,75913,66010,65224,65422,65932,65340
217,0,0,24,77380,76955,76142,76085,76772,69953,68774,69336,68931,68804,77607,76934,76392,76882,76463,66445,65659,65853,66374,65764
218,1,0,24,76795,76386,75583,75543,76195,69500,68312,68876,68476,68328,77070,76357,75825,76315,75906,65995,65210,65407,65917,65315
219,0,0,24,77376,76953,76163,76110,76774,69953,68771,69319,68937,68788,77645,76920,76413,76895,76477,66444,65668,65851,66359,65761
220,1,0,24,76800,76390,75602,75553,76206,69508,68322,68889,68474,68337,77059,76357,75813,76313,75920,65997,65230,65409,65937,65322
221,0,0,24,77395,76982,76173,76126,76797,69974,68790,69357,68954,68799,77640,76951,76401,76902,76503,66456,65683,65880,66392,65776
222,1,0,24,76784,76375,75609,75562,76226,69510,68341,68894,68484,68334,77061,76375,75824,76334,75920,65998,65231,65436,65938,65332
223,0,0,24,77378,76951,76172,76128,76795,69961,68793,69354,68949,68799,77642,76943,76405,76911,76486,66442,65688,65892,66380,65787
224,1,0,24,76813,76378,75612,75568,76219,69526,68332,68897,68484,68351,77062,76381,75838,76321,75918,66018,65251,65446,65943,65332
225,0,0,24,77393,76959,76181,76123,76802,69978,68794,69348,68948,68816,77631,76954,76418,76898,76482,66459,65698,65885,66386,65784
226,1,0,24,76783,76356,75584,75544,76217,69513,68322,68870,68482,68346,77057,76352,75833,76328,75903,65997,65229,65433,65925,65314
227,0,0,24,77366,76939,76162,76110,76788,69967,68781,69331,68938,68809,77632,76933,76411,76919,76474,66448,65662,65880,66373,65762
228,1,0,24,76809,76407,75632,75568,76228,69536,68331,68894,68484,68349,77056,76376,75845,76333,75906,66000,65239,65422,65936,65342
229,0,0,24,77384,76956,76163,76113,76789,69959,68769,69339,68933,68786,77606,76933,76399,76887,76456,66437,65669,65857,66363,65765
230,1,0,24,76784,76387,75606,75546,76200,69512,68313,68880,68465,68337,77028,76353,75829,76306,75917,65988,65220,65419,65917,65334
231,0,0,24,77380,76971,76181,76114,76798,69965,68788,69349,68931,68805,77610,76927,76429,76894,76508,66457,65671,65870,66380,65787
232,1,0,24,76802,76409,75625,75561,76224,69498,68318,68883,68486,68348,77081,76360,75827,76332,75925,66006,65240,65427,65937,65328
233,0,0,24,77395,76989,76196,76117,76800,69950,68775,69345,68961,68810,77642,76931,76411,76918,76494,66461,65686,65883,66395,65788
234,1,0,24,76801,76425,75623,75567,76226,69514,68331,68885,68496,68363,77082,76374,75858,76339,75934,66014,65266,65433,65945,65345
235,0,0,24,77375,77000,76188,76122,76801,69978,68792,69346,68951,68822,77647,76942,76427,76910,76498,66458,65699,65889,66398,65793
236,1,0,24,76813,76410,75600,75559,76209,69514,68328,68893,68486,68350,77052,76372,75844,76330,75934,65998,65246,65443,65941,65346
237,0,0,24,77384,76979,76156,76118,76774,69969,68786,69352,68942,68805,77619,76941,76418,76903,76495,66444,65686,65887,66392,65786
238,1,0,24,76794,76394,75583,75548,76187,69512,68303,68867,68462,68310,77055,76343,75818,76296,75912,65983,65232,65405,65920,65328
239,0,0,24,77380,76950,76147,76112,76763,69958,68759,69326,68925,68765,77624,76920,76392,76883,76475,66423,65679,65848,66371,65780
240,1,0,24,76798,76398,75590,75563,76207,69509,68294,68874,68481,68324,77075,76358,75830,76317,75916,65984,65235,65425,65909,65341
241,0,0,24,77391,76964,76152,76112,76781,69954,68751,69337,68936,68776,77637,76928,76395,76883,76476,66428,65671,65863,66371,65798
242,1,0,24,76813,76404,75610,75573,76224,69522,68323,68890,68495,68336,77074,76377,75839,76337,75917,66011,65242,65423,65957,65350
243,0,0,24,77400,76992,76185,76146,76809,69990,68790,69360,68963,68808,77661,76959,76427,76926,76485,66468,65697,65876,66407,65803
244,1,0,24,76811,76390,75598,75565,76200,69503,68319,68878,68497,68338,77057,76368,75825,76317,75911,66002,65229,65399,65922,65349
245,0,0,24,77390,76964,76162,76136,76781,69963,68769,69333,68950,68795,77645,76948,76405,76901,76472,66444,65667,65848,66365,65793
246,1,0,24,76827,76412,75618,75595,76230,69524,68348,68895,68492,68354,77091,76397,75844,76343,75937,66012,65257,65442,65938,65381
247,0,0,24,77387,76972,76181,76138,76801,69979,68798,69350,68948,68809,77660,76960,76426,76904,76488,66454,65682,65889,66389,65817
248,1,0,24,76819,76401,75609,75566,76233,69521,68328,68889,68494,68351,77086,76370,75831,76328,75909,66007,65254,65422,65938,65360
249,0,0,24,77377,76955,76167,76117,76800,69962,68779,69340,68946,68799,77640,76932,76393,76900,76466,66443,65692,65866,66378,65788
250,1,0,24,76808,76389,75618,75560,76220,69529,68336,68891,68467,68352,77076,76382,75840,76344,75933,66016,65260,65440,65956,65358
251,0,0,24,77380,76944,76166,76115,76793,69971,68779,69330,68923,68800,77635,76949,76414,76914,76482,66452,65699,65865,66389,65795
252,1,0,24,76805,76404,75601,75571,76225,69523,68323,68893,68482,68364,77080,76396,75829,76327,75909,66003,65247,65425,65937,65337
253,0,0,24,77395,76970,76159,76126,76795,69969,68785,69358,68946,68827,77645,76968,76417,76896,76476,66445,65692,65867,66403,65793
254,1,0,24,76788,76391,75578,75547,76207,69498,68299,68873,68476,68328,77068,76376,75825,76298,75918,66006,65251,65421,65940,65335
255,0,0,24,77372,76968,76146,76114,76786,69968,68765,69350,68937,68798,77660,76956,76403,76884,76488,66455,65692,65864,66392,65798
256,1,0,24,76798,76370,75591,75552,76217,69507,68318,68896,68471,68331,77070,76364,75813,76294,75925,66014,65228,65402,65949,65341
257,0,0,24,77406,76949,76159,76128,76827,69975,68788,69364,68954,68812,77656,76954,76414,76893,76512,66477,65696,65876,66413,65809
258,1,0,24,76804,76388,75578,75565,76204,69506,68321,68873,68483,68326,77060,76364,75820,76299,75924,66018,65230,65425,65938,65335
259,0,0,24,77387,76971,76139,76111,76773,69955,68775,69322,68942,68788,77625,76930,76406,76876,76484,66459,65669,65865,66385,65783
260,1,0,24,76807,76386,75575,75549,76209,69517,68311,68885,68483,68342,77058,76378,75838,76287,75923,66011,65239,65421,65931,65324
261,0,0,24,77390,76962,76137,76118,76785,69964,68788,69341,68928,68800,77634,76947,76415,76867,76488,66455,65684,65861,66388,65775
262,1,0,24,76814,76395,75584,75562,76217,69503,68328,68873,68485,68343,77077,76392,75834,76305,75915,66013,65238,65407,65943,65321
263,0,0,24,77383,76964,76132,76123,76780,69952,68790,69334,68952,68800,77644,76949,76411,76872,76486,66455,65682,65856,66397,65768
264,1,0,24,76787,76377,75583,75559,76204,69505,68314,68869,68481,68330,77063,76373,75829,76315,75903,65993,65201,65415,65925,65308
265,0,0,24,77369,76942,76145,76110,76779,69966,68763,69336,68938,68774,77633,76935,76395,76885,76457,66434,65652,65866,66370,65751
266,1,0,24,76800,76407,75600,75544,76200,69521,68318,68893,68488,68333,77083,76377,75847,76312,75918,66006,65223,65417,65930,65314
267,0,0,24,77367,76967,76155,76089,76763,69947,68761,69337,68933,68773,77642,76937,76405,76873,76465,66431,65651,65844,66365,65752
268,1,0,24,76807,76401,75591,75557,76207,69512,68317,68883,68490,68326,77078,76378,75847,76310,75914,66004,65244,65428,65942,65340
269,0,0,24,77396,76965,76160,76115,76783,69957,68779,69345,68957,68792,77646,76960,76415,76889,76471,66463,65683,65884,66392,65780
270,1,0,24,76790,76403,75599,75555,76219,69511,68309,68879,68475,68356,77065,76395,75821,76307,75901,65996,65237,65401,65937,65334
271,0,0,24,77371,76971,76163,76121,76780,69956,68764,69347,68931,68814,77635,76961,76406,76882,76463,66441,65685,65856,66391,65780
272,1,0,24,76813,76393,75596,75540,76191,69486,68307,68873,68477,68319,77068,76369,75802,76283,75902,65974,65221,65385,65928,65312
273,0,0,24,77406,76974,76168,76114,76773,69947,68764,69346,68944,68796,77643,76959,76385,76869,76481,66424,65677,65848,66395,65774
274,1,0,24,76787,76379,75584,75530,76199,69485,68300,68865,68465,68319,77059,76381,75800,76293,75891,65969,65207,65385,65922,65318
275,0,0,24,77392,76951,76166,76105,76780,69947,68757,69324,68936,68793,77643,76960,76390,76884,76468,66426,65659,65841,66389,65766
276,1,0,24,76796,76392,75606,75565,76215,69515,68318,68875,68499,68338,77077,76355,75817,76310,75909,65980,65234,65410,65927,65321
277,0,0,24,77379,76949,76165,76128,76780,69968,68772,69319,68951,68796,77650,76935,76390,76882,76470,66427,65675,65856,66375,65776
278,1,0,24,76807,76406,75621,75579,76209,69518,68304,68883,68483,68343,77063,76378,75817,76326,75920,65994,65222,65418,65944,65325
279,0,0,24,77399,76985,76189,76132,76789,69961,68764,69345,68943,68808,77632,76953,76396,76895,76477,66429,65664,65857,66394,65780
280,1,0,24,76796,76384,75599,75560,76194,69497,68301,68874,68459,68323,77049,76363,75809,76309,75901,65974,65221,65398,65930,65312
281,0,0,24,77390,76956,76161,76138,76779,69951,68772,69339,68945,68794,77623,76939,76389,76887,76473,66422,65669,65854,66396,65764
282,1,0,24,76789,76378,75591,75553,76203,69504,68304,68883,68481,68339,77048,76366,75811,76308,75904,65989,65230,65390,65930,65310
283,0,0,24,77359,76942,76154,76111,76768,69956,68765,69336,68935,68793,77609,76933,76395,76881,76465,66438,65667,65835,66371,65750
284,1,0,24,76824,76397,75623,75568,76210,69538,68336,68897,68487,68340,77081,76395,75839,76326,75933,66006,65249,65434,65938,65349
285,0,0,24,77394,76977,76186,76125,76792,69987,68792,69359,68950,68806,77652,76963,76417,76903,76492,66458,65693,65866,66390,65803
286,1,0,24,76799,76391,75597,75566,76194,69498,68320,68887,68483,68342,77075,76378,75833,76316,75914,66016,65243,65422,65925,65329
287,0,0,24,77389,76967,76181,76140,76774,69965,68778,69343,68947,68799,77652,76959,76409,76897,76492,66455,65690,65866,66376,65773
288,1,0,24,76840,76434,75646,75579,76233,69533,68345,68898,68512,68385,77092,76399,75848,76326,75957,66041,65262,65437,65959,65345
289,0,0,24,77421,76987,76199,76138,76801,69987,68801,69346,68965,68829,77667,76964,76414,76901,76509,66480,65694,65878,66406,65787
290,1,0,24,76824,76421,75611,75568,76218,69526,68343,68896,68497,68378,77061,76388,75830,76333,75928,66030,65237,65426,65946,65330
291,0,0,24,77406,76988,76183,76126,76803,69973,68804,69364,68965,68841,77643,76965,76417,76896,76488,66472,65685,65878,66412,65770
292,1,0,24,76809,76398,75607,75560,76221,69513,68334,68879,68473,68364,77069,76387,75819,76320,75905,66008,65214,65405,65934,65303
293,0,0,24,77391,76978,76179,76132,76808,69989,68807,69347,68948,68843,77657,76959,76430,76905,76493,66462,65682,65867,66403,65759
294,1,0,24,76822,76402,75612,75579,76241,69516,68342,68889,68492,68372,77076,76394,75836,76321,75925,66018,65237,65432,65963,65348
295,0,0,24,77388,76957,76159,76115,76793,69958,68775,69333,68927,68820,77646,76944,76402,76888,76475,66447,65668,65856,66396,65783
296,1,0,24,76817,76387,75596,75545,76209,69498,68310,68850,68472,68323,77071,76361,75827,76314,75902,65995,65222,65408,65934,65320
297,0,0,24,77394,76967,76164,76122,76791,69957,68778,69317,68944,68809,77636,76943,76418,76898,76472,66449,65676,65861,66397,65780
298,1,0,24,76782,76383,75596,75543,76190,69473,68307,68855,68451,68321,77060,76355,75817,76300,75882,65998,65215,65396,65921,65309
299,0,0,24,77367,76974,76173,76122,76777,69944,68777,69332,68932,68790,77665,76931,76409,76889,76460,66455,65680,65852,66390,65772
300,1,0,24,76808,76411,75629,75585,76232,69518,68345,68907,68488,68362,77084,76390,75833,76334,75916,66007,65252,65432,65968,65342
301,0,0,24,77373,76965,76171,76118,76790,69953,68790,69346,68953,68811,77645,76943,76394,76888,76464,66437,65676,65867,66396,65768
302,1,0,24,76824,76415,75627,75579,76227,69521,68327,68916,68506,68376,77078,76382,75832,76344,75933,66030,65265,65448,65964,65345
303,0,0,24,77396,76988,76189,76147,76808,69977,68788,69374,68962,68834,77666,76960,76417,76913,76500,66468,65698,65890,66409,65792
304,1,0,24,76809,76406,75635,75575,76216,69509,68338,68906,68491,68360,77085,76381,75858,76336,75921,66029,65226,65423,65949,65353
305,0,0,24,77387,76972,76186,76123,76786,69953,68794,69351,68944,68813,77653,76938,76424,76905,76478,66465,65675,65863,66391,65790
306,1,0,24,76801,76408,75609,75543,76216,69499,68317,68884,68497,68351,77078,76382,75834,76315,75916,66017,65239,65413,65935,65330
307,0,0,24,77368,76966,76159,76101,76785,69942,68752,69330,68930,68804,77635,76940,76403,76879,76472,66454,65666,65849,66372,65766
308,1,0,24,76797,76408,75622,75573,76216,69524,68320,68896,68494,68373,77077,76384,75847,76330,75924,66020,65234,65432,65952,65356
309,0,0,24,77370,76970,76170,76137,76777,69957,68770,69349,68957,68816,77637,76949,76426,76901,76473,66460,65664,65865,66399,65796
310,1,0,24,76791,76393,75614,75565,76219,69505,68322,68881,68499,68351,77067,76376,75829,76331,75922,66012,65226,65428,65949,65348
311,0,0,24,77379,76973,76182,76129,76799,69953,68778,69352,68965,68805,77637,76962,76410,76907,76489,66461,65680,65880,66394,65797
312,1,0,24,76803,76397,75629,75587,76235,69507,68330,68892,68507,68352,77091,76390,75834,76339,75934,66038,65261,65432,65946,65365
313,0,0,24,77376,76966,76174,76134,76799,69963,68779,69348,68956,68823,77656,76961,76408,76907,76482,66471,65703,65875,66389,65808
314,1,0,24,76799,76422,75629,75594,76228,69522,68329,68913,68515,68365,77096,76407,75848,76342,75945,66045,65254,65447,65957,65361
315,0,0,24,77393,76991,76198,76157,76807,69986,68784,69359,68975,68825,77658,76976,76421,76913,76500,66486,65710,65890,66408,65804
316,1,0,24,76811,76413,75611,75563,76201,69513,68314,68885,68499,68345,77074,76383,75840,76331,75917,66032,65246,65438,65935,65350
317,0,0,24,77379,76989,76170,76106,76778,69959,68769,69348,68957,68790,77647,76951,76405,76907,76466,66469,65689,65871,66372,65787
318,1,0,24,76806,76412,75613,75579,76213,69520,68326,68888,68478,68347,77068,76377,75821,76320,75921,66022,65247,65414,65934,65341
319,0,0,24,77379,76964,76182,76118,76771,69967,68774,69353,68935,68792,77631,76952,76391,76885,76479,66474,65685,65850,66376,65768
320,1,0,24,76812,76408,75629,75562,76209,69526,68324,68885,68500,68369,77063,76376,75830,76323,75942,66037,65233,65410,65936,65354
321,0,0,24,77393,76981,76197,76139,76800,69990,68795,69365,68965,68829,77650,76964,76418,76907,76512,66490,65700,65878,66391,65809
322,1,0,24,76815,76426,75653,75586,76233,69535,68352,68907,68506,68381,77103,76407,75833,76355,75940,66047,65265,65460,65958,65365
323,0,0,24,77392,77000,76208,76145,76802,69991,68796,69369,68956,68835,77678,76982,76415,76925,76502,66494,65706,65902,66415,65805
324,1,0,24,76786,76384,75606,75553,76219,69496,68303,68889,68480,68349,77085,76379,75822,76300,75906,66005,65211,65413,65938,65329
325,0,0,24,77355,76938,76161,76101,76782,69943,68748,69328,68922,68780,77655,76934,76374,76868,76457,66441,65635,65851,66368,65767
326,1,0,24,76809,76395,75611,75571,76217,69524,68322,68882,68495,68343,77077,76400,75826,76309,75923,66014,65231,65421,65948,65348
327,0,0,24,77393,76966,76185,76136,76794,69980,68786,69349,68964,68809,77665,76975,76421,76912,76501,66462,65670,65880,66391,65807
328,1,0,24,76798,76386,75606,75567,76215,69507,68312,68886,68466,68356,77062,76385,75846,76329,75899,66001,65220,65409,65941,65340
329,0,0,24,77372,76958,76181,76139,76799,69972,68773,69352,68939,68824,77640,76968,76424,76901,76470,66451,65682,65866,66399,65799
330,1,0,24,76800,76385,75621,75589,76236,69515,68334,68882,68474,68354,77082,76397,75841,76327,75919,66023,65238,65444,65943,65355
331,0,0,24,77371,76943,76170,76134,76787,69952,68772,69330,68925,68799,77641,76948,76392,76880,76470,66450,65670,65873,66386,65797
332,1,0,24,76819,76404,75613,75559,76224,69520,68317,68897,68472,68333,77082,76376,75818,76321,75922,66020,65223,65431,65954,65344
333,0,0,24,77400,76981,76189,76120,76797,69971,68785,69353,68931,68815,77652,76957,76399,76904,76486,66461,65684,65884,66413,65788
334,1,0,24,76797,76404,75612,75574,76213,69505,68317,68893,68483,68353,77081,76388,75837,76322,75915,66017,65241,65422,65943,65349
335,0,0,24,77407,76985,76197,76142,76797,69969,68789,69369,68945,68821,77670,76968,76435,76911,76496,66467,65706,65883,66413,65810
336,1,0,24,76813,76407,75613,75580,76226,69507,68330,68899,68473,68361,77086,76396,75834,76332,75927,66019,65249,65436,65961,65356
337,0,0,24,77389,76967,76169,76134,76779,69971,68779,69355,68932,68820,77650,76956,76403,76910,76480,66462,65674,65877,66404,65789
338,1,0,24,76814,76392,75628,75588,76218,69516,68326,68890,68480,68355,77090,76377,75851,76326,75928,66029,65246,65428,65939,65346
339,0,0,24,77376,76953,76180,76142,76788,69971,68783,69349,68939,68806,77664,76945,76415,76890,76488,66466,65680,65872,66392,65792
340,1,0,24,76803,76403,75622,75582,76208,69505,68335,68892,68483,68351,77074,76379,75836,76329,75943,66026,65244,65431,65948,65349
341,0,0,24,77369,76969,76169,76135,76766,69951,68779,69342,68924,68808,77636,76939,76399,76900,76495,66464,65677,65868,66391,65785
342,1,0,24,76799,76397,75609,75547,76197,69500,68317,68890,68463,68352,77080,76378,75841,76290,75923,65996,65233,65421,65936,65340
343,0,0,24,77390,76990,76196,76122,76789,69973,68783,69364,68928,68829,77663,76961,76428,76882,76502,66463,65692,65888,66396,65808
344,1,0,24,76793,76379,75582,75558,76193,69491,68312,68892,68468,68347,77076,76377,75833,76309,75912,66023,65241,65416,65935,65347
345,0,0,24,77373,76959,76160,76122,76781,69960,68778,69352,68938,68805,77654,76967,76430,76895,76480,66472,65696,65876,66394,65798
346,1,0,24,76780,76385,75607,75554,76193,69497,68322,68885,68462,68354,77076,76373,75844,76299,75910,66001,65228,65422,65924,65330
347,0,0,24,77389,76983,76199,76131,76781,69969,68803,69371,68944,68825,77661,76972,76429,76902,76505,66476,65695,65880,66386,65796
348,1,0,24,76800,76395,75631,75569,76209,69497,68329,68906,68499,68362,77065,76372,75840,76315,75927,66013,65222,65415,65920,65343
349,0,0,24,77397,76978,76190,76120,76781,69956,68782,69366,68955,68814,77633,76949,76411,76892,76485,66452,65683,65871,66377,65782
350,1,0,24,76789,76393,75611,75553,76214,69508,68322,68899,68487,68360,77077,76372,75831,76324,75936,66019,65251,65421,65934,65343
351,0,0,24,77373,76966,76176,76113,76785,69966,68779,69356,68952,68821,77645,76940,76413,76894,76498,66466,65695,65873,66393,65784
352,1,0,24,76771,76371,75597,75518,76205,69484,68304,68879,68466,68338,77053,76360,75818,76303,75907,65995,65230,65389,65901,65305
353,0,0,24,77358,76927,76174,76091,76781,69941,68762,69355,68922,68801,77638,76940,76411,76882,76498,66453,65687,65844,66366,65768
354,1,0,24,76790,76394,75612,75554,76227,69510,68314,68897,68477,68339,77078,76383,75838,76331,75926,66027,65252,65427,65939,65333
355,0,0,24,77376,76968,76166,76095,76793,69962,68764,69349,68945,68801,77648,76948,76399,76897,76487,66461,65691,65866,66390,65776
356,1,0,24,76815,76412,75608,75562,76208,69514,68333,68898,68476,68356,77072,76377,75839,76329,75938,66024,65241,65449,65933,65340
357,0,0,24,77417,76991,76186,76139,76811,69978,68792,69368,68958,68821,77674,76970,76439,76929,76525,66480,65702,65910,66402,65803
358,1,0,24,76799,76385,75602,75552,76209,69506,68314,68897,68486,68342,77073,76376,75823,76332,75915,66008,65247,65426,65927,65330
359,0,0,24,77368,76935,76154,76089,76771,69946,68757,69342,68926,68790,77619,76934,76379,76886,76471,66445,65684,65867,66356,65776
360,1,0,24,76807,76384,75619,75541,76205,69509,68313,68886,68473,68355,77066,76367,75821,76312,75923,66012,65235,65415,65914,65332
361,0,0,24,77387,76950,76187,76097,76786,69967,68776,69342,68942,68816,77637,76949,76406,76885,76494,66458,65677,65868,66376,65785
362,1,0,24,76822,76371,75606,75558,76204,69511,68312,68894,68485,68348,77064,76366,75830,76322,75902,65996,65232,65420,65921,65342
363,0,0,24,77381,76933,76174,76099,76776,69955,68757,69332,68937,68806,77615,76921,76399,76878,76459,66433,65665,65855,66367,65787
364,1,0,24,76800,76364,75626,75554,76221,69504,68318,68874,68489,68354,77046,76372,75819,76311,75907,66000,65245,65410,65919,65348
365,0,0,24,77374,76942,76189,76118,76798,69966,68781,69348,68947,68815,77626,76944,76400,76892,76479,66451,65699,65864,66384,65794
366,1,0,24,76827,76394,75625,75560,76253,69521,68333,68897,68506,68359,77070,76379,75859,76342,75932,66030,65263,65433,65963,65351
367,0,0,24,77402,76967,76200,76125,76815,69969,68788,69357,68960,68813,77643,76949,76418,76919,76501,66469,65712,65877,66411,65802
368,1,0,24,76803,76393,75600,75552,76224,69505,68327,68898,68490,68345,77051,76361,75819,76318,75920,66026,65252,65410,65933,65353
369,0,0,24,77377,76953,76160,76101,76782,69953,68769,69345,68938,68800,77624,76937,76392,76894,76476,66454,65691,65845,66368,65786
370,1,0,24,76794,76385,75614,75553,76221,69507,68320,68894,68477,68350,77051,76366,75816,76327,75931,66003,65240,65418,65936,65340
371,0,0,24,77375,76957,76180,76119,76798,69968,68770,69359,68935,68808,77628,76949,76399,76904,76503,66453,65690,65872,66387,65780
372,1,0,24,76786,76369,75594,75535,76217,69493,68303,68881,68473,68343,77036,76353,75817,76319,75901,66002,65238,65418,65918,65316
373,0,0,24,77380,76958,76186,76112,76804,69959,68769,69358,68940,68816,77620,76946,76409,76915,76481,66457,65702,65873,66376,65783
374,1,0,24,76809,76391,75611,75557,76213,69515,68323,68897,68481,68350,77076,76367,75828,76311,75914,66009,65265,65435,65948,65339
375,0,0,24,77389,76953,76180,76129,76787,69963,68781,69360,68937,68801,77637,76924,76405,76881,76483,66453,65700,65880,66393,65790
376,1,0,24,76795,76380,75623,75552,76218,69514,68312,68903,68487,68351,77055,76382,75832,76312,75925,66014,65246,65431,65935,65353
377,0,0,24,77376,76945,76175,76120,76791,69968,68778,69362,68943,68818,77640,76959,76407,76893,76489,66460,65705,65870,66398,65794
378,1,0,24,76810,76392,75612,75580,76214,69502,68305,68886,68485,68347,77063,76369,75846,76329,75907,66032,65251,65429,65941,65342
379,0,0,24,77402,76961,76177,76128,76793,69963,68767,69355,68946,68815,77638,76955,76426,76899,76475,66477,65697,65873,66409,65793
380,1,0,24,76807,76381,75598,75573,76215,69501,68315,68879,68478,68350,77071,76373,75840,76313,75910,66021,65241,65420,65949,65336
381,0,0,24,77391,76957,76164,76132,76789,69948,68771,69338,68937,68807,77633,76951,76413,76888,76474,66468,65684,65861,66391,65784
382,1,0,24,76815,76381,75602,75554,76221,69512,68311,68896,68489,68360,77063,76375,75828,76328,75905,66004,65260,65410,65941,65340
383,0,0,24,77371,76926,76161,76091,76777,69938,68758,69338,68926,68795,77613,76928,76386,76876,76449,66429,65685,65842,66361,65759
384,1,0,24,76814,76389,75615,75545,76216,69491,68306,68881,68477,68346,77042,76360,75832,76293,75903,65997,65262,65415,65940,65322
385,0,0,24,77387,76960,76186,76111,76785,69944,68754,69342,68935,68797,77619,76930,76411,76871,76465,66439,65700,65852,66380,65757
386,1,0,24,76793,76360,75606,75547,76207,69495,68300,68876,68469,68348,77045,76359,75830,76318,75913,66006,65237,65418,65938,65333
387,0,0,24,77398,76951,76183,76113,76793,69955,68765,69351,68935,68813,77629,76941,76424,76902,76488,66471,65682,65868,66396,65792
388,1,0,24,76787,76363,75598,75508,76191,69479,68280,68878,68462,68324,77030,76348,75805,76291,75894,65999,65226,65404,65919,65315
389,0,0,24,77357,76925,76161,76061,76764,69919,68732,69323,68919,68774,77600,76909,76378,76857,76464,66434,65666,65833,66374,65760
390,1,0,24,76797,76370,75621,75542,76207,69509,68295,68884,68458,68355,77043,76369,75837,76313,75912,66011,65233,65430,65942,65327
391,0,0,24,77392,76951,76197,76125,76797,69981,68769,69347,68933,68826,77641,76956,76437,76903,76485,66470,65686,65898,66406,65790
392,1,0,24,76805,76392,75609,75559,76219,69495,68314,68900,68474,68351,77076,76364,75837,76307,75922,66019,65243,65431,65949,65339
393,0,0,24,77379,76948,76175,76117,76794,69960,68764,69341,68913,68813,77638,76933,76415,76889,76484,66461,65693,65867,66399,65788
394,1,0,24,76806,76407,75618,75563,76212,69505,68299,68870,68468,68355,77073,76382,75848,76335,75911,66010,65252,65429,65950,65327
395,0,0,24,77373,76972,76176,76121,76784,69959,68750,69340,68925,68808,77639,76948,76416,76912,76473,66448,65689,65870,66390,65769
396,1,0,24,76797,76405,75613,75547,76209,69481,68290,68888,68466,68330,77057,76381,75835,76307,75906,66011,65224,65416,65925,65328
397,0,0,24,77379,76984,76182,76113,76798,69943,68761,69343,68932,68797,77635,76956,76416,76905,76482,66461,65686,65868,66376,65767
398,1,0,24,76814,76390,75595,75539,76226,69502,68303,68883,68473,68341,77041,76389,75832,76323,75931,66010,65236,65429,65932,65323
399,0,0,24,77395,76976,76176,76108,76805,69972,68767,69345,68933,68801,77618,76969,76420,76906,76496,66458,65677,65865,66383,65775
400,1,0,24,76812,76414,75609,75562,76227,69508,68303,68884,68478,68351,77057,76377,75833,76325,75923,66017,65233,65420,65950,65350
401,0,0,24,77374,76965,76153,76100,76788,69943,68742,69339,68924,68804,77623,76936,76398,76892,76466,66449,65672,65848,66381,65782
402,1,0,24,76806,76375,75599,75539,76210,69492,68313,68894,68489,68354,77047,76380,75837,76318,75913,66006,65244,65412,65949,65329
403,0,0,24,77390,76940,76173,76106,76782,69952,68770,69346,68941,68818,77630,76947,76414,76888,76485,66455,65683,65853,66393,65776
404,1,0,24,76788,76358,75579,75530,76207,69479,68291,68870,68457,68328,77023,76376,75818,76294,75898,65989,65244,65408,65928,65316
405,0,0,24,77360,76920,76143,76080,76776,69938,68744,69329,68917,68790,77594,76945,76403,76875,76451,66430,65671,65851,66373,65760
406,1,0,24,76807,76371,75596,75548,76224,69511,68310,68871,68456,68345,77052,76377,75827,76306,75913,66003,65238,65420,65932,65341
407,0,0,24,77377,76920,76156,76097,76781,69956,68759,69316,68909,68797,77612,76935,76389,76877,76468,66450,65675,65850,66367,65779
408,1,0,24,76778,76347,75587,75533,76188,69482,68281,68874,68458,68324,77023,76363,75809,76309,75903,65993,65231,65395,65911,65308
409,0,0,24,77371,76926,76150,76096,76767,69935,68750,69329,68921,68788,77604,76934,76383,76891,76462,66438,65669,65840,66371,65753
410,1,0,24,76786,76395,75584,75552,76210,69494,68294,68873,68477,68331,77036,76349,75838,76297,75918,66006,65229,65411,65920,65313
411,0,0,24,77377,76977,76150,76131,76785,69954,68772,69345,68945,68796,77623,76942,76427,76885,76491,66454,65694,65865,66391,65777
412,1,0,24,76784,76392,75585,75548,76202,69482,68297,68849,68468,68328,77041,76355,75847,76307,75881,65990,65224,65401,65921,65335
413,0,0,24,77367,76957,76158,76099,76773,69940,68749,69326,68940,68798,77609,76922,76424,76891,76453,66445,65664,65862,66375,65782
414,1,0,24,76773,76377,75596,75538,76192,69488,68293,68860,68459,68326,77039,76350,75845,76295,75902,65998,65233,65401,65928,65325
415,0,0,24,77377,76959,76174,76115,76780,69952,68755,69333,68924,68789,77630,76934,76435,76889,76479,66449,65685,65860,66383,65775
416,1,0,24,76777,76369,75569,75532,76189,69459,68303,68856,68459,68333,77045,76359,75825,76286,75887,65998,65231,65391,65920,65308
417,0,0,24,77356,76958,76151,76106,76773,69924,68764,69315,68925,68800,77609,76938,76421,76881,76470,66439,65677,65849,66380,65761
418,1,0,24,76790,76390,75601,75560,76189,69498,68309,68876,68485,68337,77043,76370,75839,76305,75918,66008,65233,65420,65936,65315
419,0,0,24,77371,76965,76167,76120,76780,69947,68775,69351,68930,68802,77622,76936,76415,76882,76470,66453,65673,65876,66385,65757
420,1,0,24,76786,76368,75602,75567,76208,69491,68304,68866,68465,68321,77028,76380,75841,76299,75915,65996,65229,65397,65940,65317
421,0,0,24,77380,76946,76176,76125,76787,69953,68769,69333,68932,68791,77618,76963,76423,76891,76492,66447,65691,65858,66396,65776
422,1,0,24,76806,76393,75618,75564,76214,69513,68308,68888,68473,68344,77073,76394,75848,76310,75929,66008,65253,65417,65948,65332
423,0,0,24,77377,76960,76158,76113,76774,69949,68762,69336,68922,68805,77631,76951,76415,76879,76475,66443,65695,65850,66390,65760
424,1,0,24,76799,76370,75605,75559,76199,69493,68302,68867,68450,68332,77059,76369,75844,76294,75912,65983,65238,65395,65939,65323
425,0,0,24,77392,76947,76164,76131,76768,69949,68770,69329,68908,68794,77621,76947,76420,76871,76473,66444,65690,65838,66382,65774
426,1,0,24,76776,76363,75593,75557,76191,69491,68294,68880,68472,68334,77046,76362,75830,76279,75896,65998,65221,65409,65925,65304
427,0,0,24,77367,76948,76165,76127,76783,69959,68770,69345,68943,68801,77630,76958,76434,76878,76474,66460,65679,65873,66398,65773
428,1,0,24,76800,76415,75624,75578,76228,69532,68313,68890,68505,68351,77072,76390,75863,76312,75919,66026,65254,65425,65950,65357
429,0,0,24,77387,76982,76189,76138,76805,69991,68770,69360,68974,68808,77663,76966,76443,76903,76492,66471,65711,65884,66408,65805
430,1,0,24,76790,76382,75607,75554,76185,69488,68290,68875,68471,68332,77044,76372,75834,76305,75889,65991,65212,65392,65923,65309
431,0,0,24,77365,76951,76167,76118,76756,69948,68743,69331,68930,68783,77610,76939,76421,76879,76460,66433,65665,65849,66375,65754
432,1,0,24,76785,76375,75607,75538,76207,69489,68303,68874,68469,68336,77036,76379,75827,76309,75911,65987,65222,65406,65931,65316
433,0,0,24,77368,76948,76173,76101,76759,69946,68751,69337,68919,68793,77599,76932,76400,76874,76461,66432,65661,65837,66370,65758
434,1,0,24,76774,76371,75590,75554,76191,69494,68296,68866,68454,68339,77048,76346,75824,76296,75902,65998,65220,65413,65929,65306
435,0,0,24,77367,76958,76171,76115,76781,69961,68773,69342,68914,68811,77631,76940,76409,76889,76482,66450,65677,65867,66380,65766
436,1,0,24,76781,76369,75614,75538,76204,69501,68292,68865,68467,68329,77035,76373,75851,76283,75915,65990,65247,65404,65914,65334
437,0,0,24,77381,76940,76177,76106,76779,69954,68752,69330,68927,68798,77616,76952,76438,76866,76479,66451,65687,65856,66367,65776
438,1,0,24,76795,76389,75628,75570,76209,69514,68319,68893,68472,68346,77068,76373,75850,76304,75913,66017,65239,65420,65945,65334
439,0,0,24,77370,76961,76187,76126,76790,69964,68765,69357,68926,68804,77621,76946,76421,76869,76478,66455,65675,65867,66384,65780
440,1,0,24,76803,76402,75609,75563,76207,69527,68314,68878,68486,68334,77047,76385,75842,76304,75913,66020,65241,65430,65936,65338
441,0,0,24,77375,76956,76182,76117,76793,69983,68773,69332,68951,68801,77624,76959,76428,76878,76478,66472,65676,65875,66382,65779
442,1,0,24,76795,76390,75623,75538,76201,69512,68307,68883,68484,68340,77057,76367,75828,76293,75926,66000,65242,65406,65934,65331
443,0,0,24,77366,76967,76180,76108,76788,69955,68775,69346,68944,68804,77636,76955,76417,76880,76484,66462,65690,65862,66394,65778
444,1,0,24,76808,76394,75625,75566,76210,69522,68319,68896,68479,68375,77079,76357,75843,76307,75905,66028,65250,65419,65964,65338
445,0,0,24,77395,76968,76209,76130,76799,69984,68785,69362,68951,68841,77652,76949,76423,76896,76487,66471,65705,65871,66414,65797
446,1,0,24,76807,76410,75634,75564,76217,69526,68312,68887,68495,68354,77056,76390,75847,76306,75920,66026,65238,65408,65940,65336
447,0,0,24,77384,76970,76198,76115,76789,69978,68763,69348,68945,68812,77625,76947,76413,76877,76479,66451,65676,65844,66385,65777
448,1,0,24,76801,76374,75605,75544,76206,69517,68305,68881,68468,68336,77060,76370,75825,76297,75913,66000,65219,65398,65933,65338
449,0,0,24,77391,76963,76179,76117,76794,69976,68775,69356,68943,68807,77627,76954,76421,76894,76491,66457,65688,65858,66391,65790
450,1,0,24,76820,76414,75625,75576,76225,69529,68322,68902,68489,68354,77083,76395,75850,76314,75929,66023,65253,65435,65938,65337
451,0,0,24,77391,76970,76190,76127,76790,69962,68772,69354,68940,68807,77642,76960,76426,76873,76488,66459,65675,65873,66385,65770
452,1,0,24,76788,76378,75610,75567,76211,69503,68311,68882,68472,68337,77044,76365,75831,76295,75899,65996,65206,65392,65945,65309
453,0,0,24,77368,76950,76168,76122,76777,69958,68757,69335,68925,68794,77605,76939,76404,76860,76449,66449,65648,65847,66384,65754
454,1,0,24,76804,76424,75615,75569,76213,69518,68309,68899,68481,68356,77057,76369,75848,76308,75924,66031,65244,65419,65954,65339
455,0,0,24,77376,76987,76179,76120,76781,69967,68757,69353,68948,68819,77620,76945,76422,76876,76488,66466,65684,65863,66402,65770
456,1,0,24,76786,76383,75609,75549,76215,69490,68305,68888,68478,68335,77064,76373,75837,76302,75902,66007,65228,65403,65931,65318
457,0,0,24,77373,76952,76170,76117,76789,69953,68766,69350,68936,68808,77623,76941,76417,76875,76482,66452,65675,65862,66373,65766
458,1,0,24,76805,76416,75608,75565,76231,69514,68319,68897,68515,68345,77095,76382,75851,76315,75928,66019,65238,65437,65952,65333
459,0,0,24,77387,76986,76188,76129,76822,69971,68779,69362,68968,68808,77656,76964,76433,76902,76491,66460,65671,65887,66404,65793
460,1,0,24,76796,76400,75638,75569,76233,69511,68322,68903,68493,68353,77071,76370,75857,76325,75914,66042,65235,65426,65935,65342
461,0,0,24,77373,76973,76182,76137,76810,69963,68778,69368,68951,68812,77629,76956,76444,76899,76482,66477,65684,65869,66378,65795
462,1,0,24,76809,76395,75627,75579,76215,69535,68310,68913,68499,68364,77074,76399,75864,76327,75922,66024,65258,65414,65943,65351
463,0,0,24,77373,76950,76181,76134,76785,69971,68759,69361,68948,68813,77632,76960,76428,76893,76482,66449,65683,65851,66383,65790
464,1,0,24,76801,76380,75582,75554,76202,69501,68298,68886,68476,68333,77052,76370,75838,76279,75907,66014,65231,65409,65908,65324
465,0,0,24,77392,76961,76171,76119,76783,69965,68766,69360,68940,68791,77633,76947,76415,76866,76482,66460,65684,65862,66377,65782
466,1,0,24,76812,76428,75616,75578,76204,69520,68321,68891,68496,68354,77058,76393,75853,76300,75931,66032,65249,65417,65932,65351
467,0,0,24,77391,76997,76170,76131,76782,69966,68771,69355,68946,68815,77621,76965,76425,76876,76490,66481,65683,65862,66372,65794
468,1,0,24,76812,76419,75627,75602,76203,69529,68332,68917,68497,68370,77087,76390,75868,76326,75935,66034,65232,65440,65950,65365
469,0,0,24,77395,76976,76181,76144,76785,69969,68784,69361,68964,68825,77659,76964,76425,76896,76496,66476,65688,65875,66403,65812
470,1,0,24,76799,76389,75607,75568,76202,69499,68318,68881,68486,68342,77076,76375,75855,76308,75912,66019,65233,65424,65946,65341
471,0,0,24,77385,76969,76186,76140,76807,69962,68782,69366,68950,68807,77660,76963,76438,76885,76488,66479,65700,65879,66417,65806
472,1,0,24,76805,76385,75605,75564,76208,69504,68306,68888,68494,68367,77074,76367,75850,76304,75907,66037,65232,65419,65936,65339
473,0,0,24,77377,76968,76168,76125,76783,69951,68766,69353,68951,68830,77641,76946,76424,76890,76467,66484,65676,65865,66387,65789
474,1,0,24,76808,76402,75607,75580,76198,69501,68313,68896,68482,68343,77076,76377,75842,76311,75921,66014,65234,65426,65937,65333
475,0,0,24,77386,76967,76174,76124,76776,69948,68770,69339,68940,68805,77649,76953,76414,76887,76488,66453,65674,65868,66381,65782
476,1,0,24,76799,76408,75635,75576,76208,69508,68319,68916,68498,68375,77072,76391,75848,76319,75929,66021,65238,65432,65933,65344
477,0,0,24,77374,76955,76185,76122,76782,69946,68771,69367,68961,68817,77630,76957,76409,76888,76481,66452,65669,65866,66395,65781
478,1,0,24,76805,76405,75612,75565,76211,69491,68298,68877,68479,68342,77061,76391,75835,76301,75901,66008,65241,65417,65933,65325
479,0,0,24,77381,76978,76172,76124,76781,69933,68753,69330,68943,68797,77627,76959,76414,76871,76466,66439,65692,65865,66364,65768
480,1,0,24,76796,76395,75593,75551,76200,69478,68286,68873,68468,68339,77048,76379,75828,76297,75909,65990,65236,65410,65912,65329
481,0,0,24,77373,76972,76175,76110,76784,69948,68754,69329,68943,68799,77623,76949,76399,76883,76483,66437,65683,65861,66368,65769
482,1,0,24,76783,76394,75604,75545,76208,69500,68295,68881,68479,68341,77053,76368,75846,76291,75912,65994,65244,65423,65924,65317
483,0,0,24,77373,76963,76182,76126,76797,69960,68753,69353,68960,68810,77638,76947,76439,76881,76483,66453,65690,65883,66370,65784
484,1,0,24,76802,76386,75611,75566,76207,69493,68282,68884,68472,68338,77058,76376,75840,76304,75901,65990,65222,65412,65933,65322
485,0,0,24,77384,76954,76180,76128,76793,69937,68751,69346,68941,68808,77636,76953,76419,76879,76459,66436,65670,65862,66385,65767
486,1,0,24,76814,76402,75616,75561,76214,69491,68307,68888,68502,68364,77075,76385,75843,76322,75902,66003,65245,65430,65958,65356
487,0,0,24,77386,76963,76174,76117,76782,69949,68757,69351,68962,68818,77625,76960,76422,76905,76457,66448,65689,65872,66403,65785
488,1,0,24,76816,76383,75615,75565,76205,69502,68286,68881,68486,68348,77063,76380,75849,76300,75907,66011,65233,65417,65935,65331
489,0,0,24,77393,76960,76179,76127,76789,69953,68749,69346,68944,68810,77632,76960,76407,76888,76472,66457,65678,65861,66382,65772
490,1,0,24,76804,76382,75595,75579,76206,69487,68290,68890,68480,68351,77073,76394,75834,76308,75919,66025,65241,65427,65943,65334
491,0,0,24,77389,76951,76160,76138,76778,69944,68752,69345,68945,68815,77647,76964,76404,76883,76475,66462,65681,65867,66396,65780
492,1,0,24,76804,76386,75597,75548,76193,69495,68300,68868,68466,68335,77057,76379,75827,76307,75908,66006,65233,65414,65929,65330
493,0,0,24,77381,76958,76160,76106,76767,69927,68754,69316,68926,68786,77617,76932,76384,76871,76468,66442,65672,65869,66371,65772
494,1,0,24,76800,76399,75601,75566,76216,69492,68306,68881,68472,68328,77067,76389,75841,76314,75903,65999,65240,65419,65931,65354
495,0,0,24,77381,76965,76166,76122,76789,69942,68761,69337,68936,68791,77629,76959,76421,76897,76463,66447,65684,65868,66388,65791
496,1,0,24,76778,76392,75593,75556,76217,69478,68293,68880,68448,68327,77065,76379,75835,76304,75900,66003,65244,65425,65923,65316
497,0,0,24,77365,76956,76157,76119,76791,69932,68756,69337,68927,68787,77645,76956,76411,76878,76458,66445,65686,65865,66382,65766
498,1,0,24,76819,76425,75606,75589,76230,69480,68311,68910,68499,68353,77073,76408,75860,76333,75926,66015,65251,65435,65937,65356
499,0,0,24,77398,76983,76154,76134,76788,69921,68760,69365,68951,68806,77627,76964,76434,76892,76474,66441,65680,65876,66388,65789
500,1,0,24,76806,76422,75586,75564,76219,69495,68308,68904,68466,68350,77085,76384,75865,76322,75919,66017,65249,65434,65951,65356
501,0,0,24,77388,76976,76151,76115,76788,69939,68764,69352,68927,68811,77641,76943,76428,76890,76478,66450,65680,65877,66399,65789
502,1,0,24,76807,76421,75606,75586,76223,69480,68327,68899,68480,68361,77082,76395,75860,76332,75924,66015,65255,65447,65926,65349
503,0,0,24,77388,76977,76165,76121,76787,69934,68777,69348,68930,68812,77640,76946,76419,76895,76470,66455,65689,65878,66373,65782
504,1,0,24,76793,76400,75613,75555,76214,69494,68305,68893,68491,68358,77053,76387,75861,76321,75919,66011,65229,65428,65939,65346
505,0,0,24,77363,76949,76168,76102,76783,69937,68752,69342,68952,68797,77617,76941,76430,76884,76466,66443,65670,65867,66376,65780
506,1,0,24,76786,76383,75596,75556,76214,69477,68296,68879,68468,68335,77055,76379,75838,76304,75913,66004,65228,65421,65921,65333
507,0,0,24,77387,76960,76170,76141,76803,69948,68768,69350,68945,68808,77643,76966,76431,76885,76493,66455,65691,65892,66386,65802
508,1,0,24,76821,76397,75608,75570,76230,69504,68321,68890,68484,68353,77082,76398,75871,76333,75930,66015,65259,65432,65946,65343
509,0,0,24,77403,76983,76178,76137,76819,69978,68783,69351,68944,68824,77651,76968,76453,76918,76496,66457,65723,65893,66414,65805
510,1,0,24,76822,76416,75612,75566,76232,69506,68314,68883,68490,68349,77083,76400,75877,76337,75916,66025,65263,65431,65951,65345
511,0,0,24,77397,76992,76170,76127,76796,69955,68768,69335,68944,68808,77640,76967,76444,76909,76488,66459,65697,65864,66392,65793
512,1,0,24,76821,76409,75599,75558,76235,69497,68311,68883,68470,68333,77062,76391,75865,76333,75919,65999,65235,65418,65936,65341
513,0,0,24,77411,76982,76170,76117,76812,69953,68771,69349,68936,68795,77641,76964,76450,76906,76477,66436,65676,65862,66392,65797
514,1,0,24,76821,76433,75625,75582,76235,69531,68329,68915,68478,68357,77088,76405,75872,76348,75946,66032,65260,65447,65960,65372
515,0,0,24,77397,76999,76189,76133,76811,69975,68786,69359,68941,68809,77658,76966,76450,76925,76506,66479,65707,65888,66400,65822
516,1,0,24,76798,76424,75613,75551,76208,69495,68299,68880,68463,68337,77057,76369,75856,76314,75897,65996,65233,65410,65922,65337
517,0,0,24,77381,76985,76178,76119,76793,69950,68766,69344,68940,68804,77624,76943,76441,76892,76472,66453,65681,65863,66378,65794
518,1,0,24,76800,76411,75602,75557,76214,69483,68299,68892,68488,68346,77067,76374,75857,76306,75910,66024,65236,65409,65944,65351
519,0,0,24,77382,76977,76159,76111,76791,69938,68760,69353,68951,68802,77647,76963,76440,76888,76483,66474,65679,65855,66391,65800
520,1,0,24,76805,76405,75603,75568,76217,69489,68288,68892,68493,68335,77077,76382,75877,76319,75912,66003,65222,65407,65926,65363
521,0,0,24,77381,76965,76152,76117,76784,69926,68741,69333,68938,68774,77636,76940,76428,76880,76460,66437,65655,65838,66357,65793
522,1,0,24,76814,76425,75594,75556,76230,69504,68319,68901,68489,68353,77071,76387,75861,76310,75910,66013,65230,65408,65914,65367
523,0,0,24,77389,76983,76159,76106,76788,69960,68772,69358,68946,68802,77638,76969,76427,76880,76467,66459,65671,65855,66360,65806
524,1,0,24,76799,76422,75602,75562,76201,69496,68318,68887,68482,68350,77049,76377,75856,76323,75922,66008,65230,65426,65920,65342
525,0,0,24,77382,76994,76171,76118,76786,69966,68777,69353,68937,68806,77620,76950,76433,76899,76494,66447,65680,65871,66371,65801
526,1,0,24,76802,76398,75594,75555,76215,69489,68295,68899,68475,68342,77036,76357,75850,76320,75912,65996,65230,65404,65907,65342
527,0,0,24,77380,76970,76159,76122,76793,69955,68756,69350,68929,68797,77616,76931,76436,76900,76479,66453,65680,65861,66365,65802
528,1,0,24,76819,76391,75605,75562,76224,69483,68317,68889,68473,68332,77055,76370,75852,76333,75913,66012,65242,65411,65935,65369
529,0,0,24,77408,76984,76183,76141,76810,69960,68788,69362,68950,68813,77642,76959,76439,76920,76480,66467,65699,65868,66391,65821
530,1,0,24,76816,76401,75600,75572,76217,69505,68322,68892,68475,68344,77079,76366,75854,76323,75926,66004,65238,65422,65938,65353
531,0,0,24,77406,76978,76178,76145,76807,69965,68791,69355,68950,68805,77662,76956,76440,76911,76510,66462,65691,65875,66409,65814
532,1,0,24,76800,76395,75606,75568,76214,69496,68303,68879,68485,68338,77051,76372,75848,76321,75914,66011,65244,65425,65937,65371
533,0,0,24,77365,76950,76155,76109,76777,69947,68748,69318,68930,68783,77607,76930,76419,76882,76464,66442,65675,65844,66373,65794
534,1,0,24,76798,76376,75602,75559,76196,69493,68311,68875,68476,68333,77066,76360,75860,76319,75908,65998,65249,65407,65939,65343
535,0,0,24,77389,76953,76170,76132,76784,69954,68771,69348,68943,68795,77650,76941,76444,76903,76480,66457,65705,65855,66390,65801
536,1,0,24,76801,76406,75617,75558,76215,69497,68299,68879,68462,68332,77079,76373,75866,76321,75911,66010,65251,65407,65946,65348
537,0,0,24,77372,76965,76174,76117,76785,69943,68765,69343,68932,68783,77642,76940,76454,76902,76478,66449,65699,65853,66395,65807
538,1,0,24,76821,76406,75609,75572,76213,69501,68338,68892,68483,68345,77079,76366,75868,76326,75923,66019,65258,65425,65945,65347
539,0,0,24,77401,76981,76169,76128,76806,69961,68795,69367,68964,68812,77660,76955,76465,76916,76501,66475,65715,65888,66409,65813
540,1,0,24,76822,76412,75621,75571,76238,69507,68333,68901,68487,68347,77063,76379,75864,76333,75929,66030,65260,65415,65942,65337
541,0,0,24,77404,76976,76184,76138,76808,69957,68786,69364,68939,68809,77644,76950,76443,76909,76495,66476,65704,65861,66390,65799
542,1,0,24,76801,76412,75595,75574,76221,69499,68317,68888,68478,68344,77061,76376,75855,76312,75924,66025,65244,65405,65933,65345
543,0,0,24,77389,76992,76170,76135,76805,69955,68777,69360,68939,68811,77644,76960,76439,76899,76495,66476,65695,65863,66374,65791
544,1,0,24,76801,76389,75604,75566,76212,69483,68304,68883,68471,68343,77037,76367,75842,76320,75905,66010,65232,65383,65930,65335
545,0,0,24,77410,76981,76194,76149,76795,69957,68791,69349,68949,68820,77632,76964,76438,76916,76488,66474,65692,65852,66393,65791
546,1,0,24,76814,76406,75598,75553,76222,69486,68313,68886,68477,68338,77067,76370,75843,76314,75894,66015,65237,65402,65931,65342
547,0,0,24,77400,76977,76155,76123,76780,69928,68765,69340,68946,68799,77631,76939,76413,76887,76453,66457,65685,65851,66366,65780
548,1,0,24,76822,76402,75613,75574,76224,69494,68312,68884,68482,68346,77076,76382,75850,76336,75919,66013,65241,65426,65929,65347
549,0,0,24,77386,76969,76169,76125,76795,69940,68769,69336,68939,68800,77636,76944,76416,76896,76475,66452,65692,65863,66378,65788
550,1,0,24,76832,76413,75624,75591,76227,69519,68322,68904,68497,68365,77070,76385,75865,76334,75912,66014,65259,65424,65946,65367
551,0,0,24,77397,76973,76190,76142,76803,69956,68784,69360,68948,68824,77637,76952,76440,76906,76476,66458,65700,65871,66394,65809
552,1,0,24,76785,76377,75579,75542,76193,69471,68277,68863,68466,68321,77038,76352,75815,76312,75888,65987,65213,65396,65897,65314
553,0,0,24,77367,76951,76156,76107,76786,69924,68736,69327,68934,68799,77631,76933,76401,76889,76461,66442,65669,65850,66345,65772
554,1,0,24,76817,76397,75595,75581,76223,69516,68312,68905,68503,68342,77045,76382,75846,76322,75915,66015,65246,65414,65928,65360
555,0,0,24,77392,76955,76161,76133,76786,69944,68767,69350,68951,68812,77624,76942,76422,76899,76472,66457,65687,65862,66372,65798
556,1,0,24,76818,76386,75591,75552,76215,69498,68305,68857,68479,68332,77071,76370,75836,76325,75897,66001,65237,65407,65923,65344
557,0,0,24,77401,76958,76166,76130,76801,69951,68777,69338,68946,68798,77648,76956,76433,76898,76470,66459,65680,65863,66375,65790
558,1,0,24,76800,76390,75602,75558,76194,69486,68295,68863,68483,68348,77071,76361,75826,76319,75891,66000,65235,65405,65917,65335
559,0,0,24,77386,76952,76169,76127,76777,69944,68759,69338,68941,68794,77626,76920,76390,76889,76457,66443,65679,65855,66362,65772
560,1,0,24,76812,76396,75598,75573,76233,69502,68342,68904,68499,68351,77080,76373,75849,76348,75920,66010,65237,65433,65930,65358
561,0,0,24,77400,76963,76161,76126,76806,69955,68794,69355,68961,68808,77644,76938,76429,76926,76479,66462,65676,65875,66393,65796
562,1,0,24,76829,76393,75628,75597,76234,69516,68330,68899,68499,68353,77075,76380,75852,76342,75927,66020,65263,65431,65953,65352
563,0,0,24,77398,76955,76178,76131,76792,69963,68781,69342,68948,68801,77623,76937,76421,76901,76482,66456,65694,65872,66383,65797
564,1,0,24,76803,76388,75612,75560,76214,69488,68310,68889,68483,68340,77069,76369,75845,76316,75923,66003,65233,65413,65923,65346
565,0,0,24,77396,76976,76179,76140,76809,69941,68781,69357,68956,68802,77647,76952,76437,76905,76500,66458,65684,65864,66372,65797
566,1,0,24,76808,76396,75616,75563,76225,69498,68327,68891,68486,68356,77071,76366,75848,76326,75902,66020,65249,65424,65943,65352
567,0,0,24,77383,76962,76175,76119,76799,69945,68784,69344,68940,68793,77639,76950,76419,76893,76462,66448,65686,65858,66382,65781
568,1,0,24,76813,76401,75618,75560,76215,69504,68312,68895,68488,68342,77085,76367,75855,76337,75908,66002,65233,65425,65925,65325
569,0,0,24,77393,76973,76171,76113,76788,69944,68759,69350,68946,68795,77651,76940,76434,76915,76471,66443,65669,65868,66388,65774
570,1,0,24,76813,76403,75598,75564,76218,69491,68298,68880,68497,68345,77084,76367,75854,76326,75908,66000,65244,65418,65926,65332
571,0,0,24,77392,76980,76175,76130,76800,69947,68766,69339,68966,68801,77651,76942,76435,76906,76467,66457,65687,65868,66388,65792
572,1,0,24,76819,76413,75604,75570,76220,69496,68317,68884,68486,68350,77068,76356,75855,76328,75914,66006,65246,65426,65938,65333
573,0,0,24,77393,76990,76195,76162,76789,69953,68787,69344,68946,68824,77636,76943,76435,76901,76486,66453,65690,65877,66390,65787
574,1,0,24,76804,76411,75610,75564,76227,69498,68322,68895,68501,68356,77077,76370,75846,76325,75914,65999,65236,65423,65934,65340
575,0,0,24,77398,76976,76179,76129,76795,69945,68781,69355,68949,68808,77651,76944,76440,76896,76475,66447,65680,65876,66371,65791
576,1,0,24,76814,76411,75612,75575,76223,69499,68308,68894,68505,68353,77061,76376,75854,76313,75921,66014,65258,65431,65919,65345
577,0,0,24,77412,76990,76174,76147,76803,69967,68769,69360,68968,68823,77633,76950,76430,76902,76485,66468,65714,65875,66384,65800
578,1,0,24,76834,76412,75646,75565,76239,69506,68316,68903,68510,68360,77090,76393,75863,76336,75936,66036,65261,65434,65927,65354
579,0,0,24,77414,76994,76210,76137,76816,69961,68778,69354,68976,68818,77660,76973,76451,76914,76505,66481,65704,65876,66385,65804
580,1,0,24,76818,76419,75630,75561,76214,69501,68314,68897,68502,68360,77068,76398,75859,76327,75904,66005,65239,65420,65928,65337
581,0,0,24,77402,76989,76201,76138,76799,69971,68781,69359,68974,68817,77652,76964,76448,76907,76489,66463,65692,65864,66385,65796
582,1,0,24,76820,76412,75621,75593,76244,69505,68340,68903,68501,68368,77080,76388,75870,76335,75931,66032,65260,65429,65942,65353
583,0,0,24,77407,76979,76193,76154,76821,69966,68800,69367,68963,68824,77659,76962,76447,76909,76498,66480,65714,65883,66395,65815
584,1,0,24,76803,76388,75602,75571,76218,69490,68327,68880,68495,68354,77075,76372,75849,76321,75911,66016,65249,65400,65925,65338
585,0,0,24,77375,76964,76172,76127,76794,69947,68788,69364,68957,68813,77652,76947,76436,76892,76480,66466,65684,65854,66383,65788
586,1,0,24,76828,76406,75635,75584,76224,69517,68340,68899,68505,68364,77066,76392,75867,76312,75927,66029,65249,65400,65940,65351
587,0,0,24,77409,76985,76209,76146,76802,69967,68800,69365,68971,68820,77633,76959,76457,76897,76492,66475,65697,65850,66402,65807
588,1,0,24,76793,76405,75607,75553,76215,69502,68323,68886,68505,68350,77054,76372,75851,76300,75907,66009,65242,65394,65943,65338
589,0,0,24,77387,76995,76200,76127,76795,69969,68787,69354,68979,68812,77630,76960,76432,76895,76488,66460,65696,65845,66400,65792
590,1,0,24,76802,76405,75594,75556,76211,69501,68306,68885,68508,68331,77069,76369,75830,76308,75918,66009,65243,65400,65918,65331
591,0,0,24,77393,76985,76161,76118,76800,69959,68763,69345,68957,68794,77659,76950,76419,76889,76479,66455,65692,65850,66377,65785
592,1,0,24,76798,76415,75613,75561,76211,69498,68317,68897,68493,68333,77091,76402,75850,76308,75920,66015,65235,65409,65934,65335
593,0,0,24,77385,76984,76166,76116,76779,69946,68761,69351,68946,68787,77643,76955,76416,76879,76478,66458,65680,65853,66378,65787
594,1,0,24,76813,76410,75648,75567,76214,69506,68311,68887,68504,68344,77066,76391,75858,76322,75906,66007,65240,65426,65941,65359
595,0,0,24,77376,76956,76180,76118,76780,69943,68748,69324,68945,68784,77623,76939,76417,76877,76457,66441,65657,65844,66378,65788
596,1,0,24,76795,76392,75608,75558,76206,69487,68283,68878,68471,68328,77056,76371,75834,76316,75891,65987,65234,65397,65921,65325
597,0,0,24,77389,76975,76180,76126,76792,69948,68762,69342,68937,68805,77646,76956,76420,76893,76465,66444,65690,65865,66381,65792
598,1,0,24,76826,76403,75621,75571,76220,69502,68320,68905,68507,68350,77069,76384,75858,76334,75927,66032,65266,65410,65950,65349
599,0,0,24,77398,76966,76171,76136,76795,69952,68768,69356,68964,68807,77632,76948,76420,76902,76488,66462,65701,65861,66388,65791
600,1,0,24,76811,76413,75635,75591,76210,69503,68313,68904,68495,68355,77079,76390,75879,76340,75930,66016,65253,65425,65943,65351
601,0,0,24,77390,76969,76183,76139,76787,69937,68763,69358,68942,68823,77628,76947,76429,76903,76493,66445,65684,65860,66387,65784
602,1,0,24,76788,76411,75607,75569,76231,69494,68318,68899,68492,68344,77090,76393,75863,76350,75922,66004,65253,65424,65935,65354
603,0,0,24,77363,76978,76177,76116,76803,69943,68767,69337,68948,68796,77657,76947,76428,76907,76483,66443,65686,65864,66373,65797
604,1,0,24,76822,76397,75619,75578,76229,69510,68319,68891,68507,68368,77079,76391,75868,76342,75936,66024,65257,65421,65955,65355
605,0,0,24,77412,76969,76191,76139,76807,69976,68787,69349,68984,68836,77652,76969,76447,76929,76502,66482,65702,65874,66411,65816
606,1,0,24,76815,76393,75619,75584,76234,69518,68331,68902,68515,68369,77086,76377,75840,76334,75934,66017,65242,65439,65945,65358
607,0,0,24,77387,76955,76189,76148,76813,69967,68776,69353,68973,68830,77648,76945,76432,76924,76508,66462,65690,65882,66400,65815
608,1,0,24,76807,76380,75609,75571,76206,69481,68312,68888,68476,68330,77060,76375,75845,76330,75914,66002,65217,65415,65932,65336
609,0,0,24,77399,76968,76168,76135,76797,69937,68778,69348,68943,68794,77640,76955,76427,76897,76477,66456,65679,65857,66386,65785
610,1,0,24,76827,76408,75639,75589,76220,69507,68331,68881,68490,68349,77084,76396,75862,76330,75915,66008,65232,65425,65953,65356
611,0,0,24,77404,76962,76196,76149,76798,69974,68791,69335,68937,68807,77651,76964,76429,76898,76476,66462,65671,65869,66400,65789
612,1,0,24,76803,76404,75634,75584,76232,69516,68324,68898,68485,68337,77085,76383,75848,76331,75929,66016,65244,65427,65940,65342
613,0,0,24,77391,76979,76197,76143,76804,69973,68785,69344,68951,68786,77647,76935,76420,76899,76489,66456,65682,65865,66391,65782
614,1,0,24,76806,76403,75617,75574,76211,69502,68307,68885,68488,68339,77061,76378,75842,76324,75910,66001,65226,65419,65943,65333
615,0,0,24,77398,76991,76189,76142,76802,69963,68778,69354,68960,68820,77652,76964,76427,76907,76484,66461,65673,65877,66397,65808
616,1,0,24,76810,76406,75631,75581,76237,69511,68327,68901,68495,68347,77079,76383,75861,76343,75929,66019,65227,65430,65939,65344
617,0,0,24,77408,76996,76201,76143,76805,69964,68783,69364,68961,68810,77669,76965,76441,76921,76495,66473,65679,65882,66395,65800
618,1,0,24,76819,76403,75631,75579,76219,69481,68297,68877,68456,68340,77060,76378,75832,76324,75912,66009,65214,65409,65922,65341
619,0,0,24,77397,76973,76189,76137,76796,69941,68765,69340,68926,68805,77631,76958,76417,76906,76484,66456,65662,65856,66384,65789
620,1,0,24,76817,76409,75613,75573,76225,69495,68309,68885,68470,68338,77073,76373,75849,76347,75905,66017,65242,65421,65931,65359
621,0,0,24,77392,76984,76183,76141,76801,69953,68766,69345,68948,68797,77641,76943,76418,76910,76473,66460,65693,65865,66382,65803
622,1,0,24,76836,76417,75631,75590,76242,69515,68335,68913,68504,68358,77082,76379,75870,76333,75924,66029,65248,65423,65947,65349
623,0,0,24,77413,77000,76218,76142,76819,69974,68803,69360,68975,68821,77647,76963,76444,76916,76497,66483,65705,65877,66411,65799
624,1,0,24,76817,76401,75621,75567,76228,69497,68301,68874,68475,68330,77077,76373,75843,76317,75907,66016,65237,65404,65947,65343
625,0,0,24,77395,76973,76192,76127,76804,69958,68763,69349,68936,68787,77643,76947,76416,76898,76480,66466,65671,65843,66387,65788
626,1,0,24,76818,76427,75624,75570,76238,69520,68319,68906,68509,68346,77084,76372,75849,76330,75934,66022,65256,65432,65954,65352
627,0,0,24,77393,76988,76189,76128,76801,69968,68774,69359,68973,68814,77650,76953,76429,76899,76494,66463,65692,65861,66397,65803
628,1,0,24,76826,76423,75637,75584,76227,69513,68320,68887,68503,68354,77092,76375,75857,76330,75927,66027,65254,65417,65939,65339
629,0,0,24,77392,76984,76191,76132,76794,69944,68756,69340,68949,68807,77645,76929,76420,76902,76485,66457,65679,65848,66380,65776
630,1,0,24,76812,76416,75626,75573,76214,69493,68311,68892,68496,68341,77083,76344,75851,76335,75929,66012,65245,65416,65947,65326
631,0,0,24,77392,76980,76189,76131,76794,69952,68775,69353,68956,68792,77638,76924,76438,76916,76497,66451,65677,65859,66387,65784
632,1,0,24,76819,76420,75637,75580,76236,69521,68323,68889,68496,68347,77089,76389,75863,76349,75945,66022,65254,65434,65947,65337
633,0,0,24,77391,76990,76195,76135,76808,69970,68772,69340,68955,68804,77662,76966,76432,76931,76499,66472,65698,65881,66391,65794
634,1,0,24,76808,76424,75645,75579,76236,69500,68323,68890,68487,68357,77084,76381,75851,76322,75921,66021,65254,65428,65937,65343
635,0,0,24,77387,76981,76205,76139,76801,69951,68778,69342,68951,68807,77645,76947,76418,76900,76479,66467,65689,65875,66392,65789
636,1,0,24,76813,76421,75640,75578,76228,69509,68334,68898,68498,68352,77074,76395,75865,76340,75929,66012,65249,65420,65933,65353
637,0,0,24,77397,76990,76207,76130,76791,69961,68797,69349,68946,68807,77645,76970,76431,76915,76494,66451,65682,65860,66382,65798
638,1,0,24,76803,76393,75618,75565,76208,69493,68307,68876,68486,68353,77049,76377,75838,76310,75909,65998,65245,65404,65918,65321
639,0,0,24,77387,76971,76184,76122,76797,69954,68775,69347,68951,68817,77638,76957,76424,76897,76483,66457,65697,65863,66394,65775
640,1,0,24,76811,76428,75639,75574,76240,69503,68323,68904,68499,68376,77077,76387,75856,76335,75938,66022,65246,65433,65937,65355
641,0,0,24,77387,76993,76202,76133,76800,69949,68772,69358,68940,68831,77654,76950,76421,76900,76502,66451,65689,65867,66382,65789
642,1,0,24,76802,76434,75623,75567,76230,69503,68308,68883,68493,68355,77056,76383,75831,76334,75931,66008,65240,65411,65934,65347
643,0,0,24,77394,76999,76207,76137,76815,69954,68773,69366,68974,68830,77643,76961,76425,76920,76499,66472,65700,65868,66388,65801
644,1,0,24,76812,76411,75638,75571,76232,69500,68318,68901,68499,68360,77077,76385,75850,76321,75933,66018,65255,65422,65954,65347
645,0,0,24,77406,76997,76210,76135,76817,69967,68780,69369,68959,68824,77655,76968,76444,76908,76508,66472,65714,65873,66410,65814
646,1,0,24,76809,76400,75620,75593,76232,69512,68324,68903,68502,68349,77069,76368,75858,76332,75939,66025,65254,65419,65953,65330
647,0,0,24,77393,76971,76183,76153,76805,69969,68780,69365,68960,68822,77639,76946,76433,76917,76500,66472,65694,65870,66403,65784
648,1,0,24,76824,76396,75617,75563,76217,69501,68300,68886,68470,68349,77044,76371,75841,76327,75925,66018,65250,65408,65940,65330
649,0,0,24,77399,76972,76189,76126,76806,69944,68763,69337,68944,68803,77623,76942,76428,76905,76491,66463,65705,65861,66404,65779
650,1,0,24,76799,76393,75630,75576,76228,69504,68296,68890,68476,68351,77075,76354,75819,76326,75927,66006,65239,65409,65929,65324
651,0,0,24,77397,76969,76204,76142,76818,69968,68770,69368,68959,68810,77659,76941,76413,76913,76513,66461,65696,65863,66398,65799
652,1,0,24,76815,76401,75628,75584,76226,69494,68321,68895,68506,68351,77079,76383,75854,76335,75930,66010,65255,65415,65935,65349
653,0,0,24,77391,76960,76181,76140,76801,69951,68773,69338,68956,68811,77647,76950,76428,76918,76496,66450,65690,65860,66379,65790
654,1,0,24,76798,76375,75601,75560,76224,69496,68296,68890,68477,68329,77069,76365,75828,76338,75928,66010,65225,65396,65933,65334
655,0,0,24,77371,76946,76143,76112,76782,69941,68754,69344,68913,68782,77636,76923,76400,76892,76477,66453,65670,65842,66376,65777
656,1,0,24,76798,76383,75614,75587,76231,69502,68330,68896,68469,68344,77083,76384,75841,76333,75923,66026,65243,65408,65947,65330
657,0,0,24,77387,76945,76164,76141,76796,69942,68783,69359,68924,68817,77653,76941,76417,76909,76479,66471,65681,65849,66396,65784
658,1,0,24,76799,76385,75602,75563,76198,69479,68295,68875,68471,68325,77056,76366,75827,76304,75898,65992,65220,65409,65931,65332
659,0,0,24,77366,76941,76147,76108,76764,69922,68740,69319,68927,68769,77613,76930,76389,76874,76454,66429,65665,65835,66377,65763
660,1,0,24,76802,76375,75614,75557,76199,69484,68301,68873,68472,68317,77059,76358,75818,76332,75900,66000,65232,65413,65929,65334
661,0,0,24,77385,76946,76186,76122,76790,69951,68771,69339,68944,68788,77641,76951,76409,76913,76472,66469,65697,65871,66378,65791
662,1,0,24,76806,76380,75617,75575,76238,69497,68312,68908,68485,68349,77079,76380,75850,76326,75912,66031,65238,65434,65946,65331
663,0,0,24,77378,76942,76187,76127,76803,69953,68768,69356,68950,68806,77652,76947,76415,76905,76477,66474,65671,65862,66391,65782
664,1,0,24,76781,76391,75607,75554,76198,69500,68315,68880,68483,68323,77072,76367,75832,76335,75902,66013,65243,65416,65921,65336
665,0,0,24,77359,76947,76151,76099,76758,69928,68764,69321,68920,68771,77611,76930,76402,76891,76454,66441,65682,65857,66347,65760
666,1,0,24,76785,76402,75609,75572,76212,69488,68312,68864,68473,68354,77068,76372,75834,76337,75920,66008,65245,65429,65945,65345
667,0,0,24,77371,76978,76178,76142,76787,69936,68783,69327,68943,68820,77649,76957,76415,76913,76485,66459,65690,65885,66400,65792
668,1,0,24,76820,76392,75622,75576,76222,69500,68322,68889,68488,68359,77081,76379,75851,76341,75920,66023,65243,65440,65947,65347
669,0,0,24,77390,76951,76185,76129,76791,69944,68774,69341,68940,68805,77643,76948,76428,76912,76485,66462,65694,65885,66398,65792
670,1,0,24,76819,76409,75628,75585,76234,69513,68343,68909,68500,68366,77071,76394,75864,76356,75929,66039,65270,65442,65961,65371
671,0,0,24,77394,76980,76176,76138,76803,69970,68804,69363,68937,68829,77653,76962,76440,76929,76497,66491,65709,65883,66409,65824
672,1,0,24,76802,76401,75619,75571,76231,69500,68326,68890,68508,68359,77072,76371,75846,76342,75915,66020,65237,65441,65949,65340
673,0,0,24,77377,76954,76170,76116,76790,69950,68774,69347,68966,68809,77618,76934,76401,76907,76468,66455,65675,65876,66389,65780
674,1,0,24,76784,76388,75612,75556,76214,69486,68313,68884,68488,68339,77063,76359,75835,76325,75899,66005,65253,65420,65933,65333
675,0,0,24,77387,76959,76185,76127,76808,69950,68789,69351,68953,68818,77653,76940,76425,76916,76487,66464,65704,65878,66398,65795
676,1,0,24,76797,76382,75616,75565,76227,69497,68314,68886,68491,68345,77060,76372,75853,76323,75903,66011,65243,65416,65952,65346
677,0,0,24,77384,76964,76181,76132,76804,69939,68765,69345,68951,68811,77629,76942,76434,76899,76471,66462,65694,65863,66397,65800
678,1,0,24,76809,76399,75630,75573,76211,69488,68324,68883,68478,68355,77066,76377,75862,76313,75920,66030,65263,65426,65936,65355
679,0,0,24,77395,76967,76185,76123,76784,69937,68777,69342,68929,68809,77635,76947,76432,76886,76481,66472,65705,65867,66385,65804
680,1,0,24,76801,76390,75626,75526,76217,69487,68330,68859,68485,68360,77059,76369,75847,76327,75921,66014,65246,65429,65939,65351
681,0,0,24,77409,76979,76202,76122,76823,69955,68802,69346,68959,68829,77643,76957,76452,76928,76496,66479,65705,65892,66404,65806
682,1,0,24,76801,76385,75614,75536,76218,69480,68307,68871,68478,68347,77058,76365,75837,76326,75912,66004,65238,65393,65931,65341
683,0,0,24,77388,76971,76192,76113,76795,69938,68772,69333,68940,68821,77628,76947,76415,76914,76482,66458,65689,65850,66389,65786
684,1,0,24,76814,76393,75612,75572,76220,69481,68310,68889,68486,68357,77077,76385,75853,76324,75925,66016,65263,65433,65950,65337
685,0,0,24,77388,76955,76161,76123,76798,69939,68763,69337,68939,68823,77646,76951,76424,76898,76491,66458,65698,65876,66395,65790
686,1,0,24,76828,76402,75634,75569,76231,69506,68327,68890,68481,68375,77070,76376,75865,76350,75941,66026,65262,65423,65958,65346
687,0,0,24,77429,76979,76217,76139,76816,69974,68794,69365,68950,68841,77656,76969,76456,76934,76510,66500,65719,65893,66422,65809
688,1,0,24,76818,76393,75609,75567,76237,69504,68316,68886,68488,68350,77092,76370,75843,76333,75927,66013,65260,65427,65959,65359
689,0,0,24,77396,76963,76171,76127,76799,69944,68769,69347,68954,68819,77650,76948,76421,76919,76487,66464,65701,65876,66412,65803
690,1,0,24,76815,76407,75617,75564,76221,69501,68307,68894,68477,68359,77081,76373,75843,76335,75926,66010,65250,65435,65960,65368
691,0,0,24,77390,76963,76174,76127,76797,69958,68764,69362,68932,68814,77645,76944,76418,76911,76493,66455,65695,65879,66403,65808
692,1,0,24,76807,76392,75625,75559,76218,69509,68302,68888,68478,68347,77069,76365,75844,76323,75927,66012,65232,65428,65943,65359
693,0,0,24,77398,76969,76198,76127,76814,69966,68773,69359,68945,68815,77660,76949,76432,76909,76508,66469,65697,65869,66410,65808
694,1,0,24,76789,76384,75622,75557,76219,69496,68302,68880,68499,68342,77053,76358,75830,76314,75915,66003,65233,65419,65955,65341
695,0,0,24,77375,76965,76177,76114,76799,69944,68749,69350,68953,68806,77637,76934,76413,76890,76475,66460,65687,65858,66403,65791
696,1,0,24,76807,76407,75640,75583,76245,69514,68317,68888,68501,68364,77083,76386,75858,76340,75928,66035,65250,65431,65963,65373
697,0,0,24,77389,76965,76193,76131,76799,69956,68764,69347,68953,68820,77647,76947,76435,76905,76484,66478,65694,65887,66408,65810
698,1,0,24,76786,76382,75616,75535,76219,69485,68301,68874,68487,68340,77061,76350,75818,76309,75899,66023,65227,65411,65928,65342
699,0,0,24,77370,76954,76173,76106,76791,69941,68757,69325,68941,68793,77649,76925,76407,76884,76464,66464,65685,65848,66378,65784
700,1,0,24,76801,76401,75633,75561,76231,69513,68309,68894,68492,68363,77098,76362,75855,76325,75929,66019,65253,65425,65960,65363
701,0,0,24,77365,76978,76187,76125,76802,69962,68762,69334,68961,68823,77662,76937,76440,76894,76484,66470,65685,65868,66399,65796
702,1,0,24,76801,76381,75616,75556,76210,69505,68300,68863,68493,68351,77066,76366,75838,76322,75914,66015,65240,65412,65952,65339
703,0,0,24,77386,76954,76197,76127,76804,69967,68777,69329,68952,68828,77643,76962,76428,76910,76492,66469,65697,65868,66409,65793
704,1,0,24,76826,76408,75619,75589,76228,69515,68320,68888,68505,68368,77096,76389,75870,76336,75958,66040,65259,65450,65964,65373
705,0,0,24,77400,76973,76195,76147,76803,69983,68788,69348,68963,68825,77671,76964,76440,76914,76519,66480,65704,65888,66429,65824
706,1,0,24,76793,76392,75631,75563,76228,69489,68296,68868,68491,68344,77069,76347,75837,76317,75922,66022,65241,65415,65948,65352
707,0,0,24,77376,76973,76180,76126,76794,69958,68765,69343,68965,68806,77646,76923,76430,76902,76492,66469,65691,65872,66403,65814
708,1,0,24,76785,76387,75617,75561,76208,69486,68298,68881,68504,68357,77074,76356,75847,76314,75913,65997,65222,65405,65931,65340
709,0,0,24,77379,76964,76185,76129,76775,69958,68767,69349,68966,68818,77646,76949,76440,76900,76498,66459,65686,65871,66395,65805
710,1,0,24,76776,76391,75603,75550,76200,69475,68301,68871,68490,68325,77057,76356,75829,76313,75917,66003,65235,65406,65938,65335
711,0,0,24,77362,76959,76174,76108,76776,69936,68761,69334,68954,68791,77623,76927,76418,76892,76488,66449,65684,65856,66388,65794
712,1,0,24,76810,76416,75620,75572,76225,69511,68317,68885,68516,68360,77074,76376,75846,76338,75950,66033,65268,65438,65959,65356
713,0,0,24,77400,76974,76196,76147,76808,69973,68787,69345,68974,68825,77631,76950,76433,76906,76510,66468,65712,65875,66407,65800
714,1,0,24,76813,76407,75620,75549,76197,69489,68312,68883,68483,68352,77070,76369,75843,76324,75919,66029,65243,65423,65954,65345
715,0,0,24,77377,76957,76167,76098,76769,69941,68765,69334,68941,68792,77626,76917,76401,76886,76472,66463,65682,65851,66394,65777
716,1,0,24,76793,76375,75590,75560,76218,69496,68312,68878,68489,68333,77048,76369,75841,76321,75908,66010,65230,65413,65952,65337
717,0,0,24,77398,76960,76179,76132,76801,69954,68781,69352,68969,68810,77624,76952,76432,76900,76496,66466,65682,65875,66402,65784
718,1,0,24,76814,76402,75630,75571,76221,69505,68323,68891,68508,68345,77082,76381,75865,76337,75933,66024,65248,65436,65969,65355
719,0,0,24,77375,76962,76176,76128,76793,69949,68771,69344,68958,68798,77648,76941,76426,76913,76487,66472,65692,65876,66402,65780
720,1,0,24,76811,76402,75631,75586,76236,69522,68332,68896,68501,68359,77085,76388,75876,76359,75939,66031,65248,65459,65952,65355
721,0,0,24,77377,76958,76186,76133,76810,69962,68781,69346,68945,68815,77641,76960,76435,76928,76492,66481,65679,65893,66383,65802
722,1,0,24,76826,76416,75633,75582,76245,69534,68330,68902,68503,68371,77093,76405,75876,76348,75947,66050,65257,65449,65982,65361
723,0,0,24,77395,76971,76196,76137,76814,69991,68789,69363,68960,68827,77654,76974,76442,76914,76515,66491,65706,65903,66420,65795
724,1,0,24,76789,76391,75602,75564,76229,69518,68316,68887,68502,68362,77079,76382,75844,76336,75922,66027,65237,65444,65951,65343
725,0,0,24,77381,76964,76181,76147,76818,69991,68788,69374,68979,68836,77657,76977,76444,76930,76509,66488,65705,65894,66425,65813
726,1,0,24,76803,76388,75628,75565,76235,69512,68320,68875,68485,68346,77065,76379,75843,76324,75943,66024,65242,65424,65962,65334
727,0,0,24,77391,76947,76192,76132,76808,69961,68774,69322,68941,68802,77634,76947,76406,76897,76501,66470,65691,65867,66400,65775
728,1,0,24,76807,76385,75609,75575,76210,69523,68318,68892,68506,68359,77088,76379,75859,76345,75921,66026,65254,65433,65970,65345
729,0,0,24,77387,76944,76149,76127,76797,69980,68766,69340,68967,68804,77652,76951,76420,76907,76482,66474,65693,65883,66407,65797
730,1,0,24,76813,76373,75611,75552,76219,69505,68312,68888,68509,68337,77067,76387,75837,76324,75921,66009,65238,65426,65955,65338
731,0,0,24,77387,76951,76186,76112,76798,69949,68764,69342,68962,68796,77638,76953,76416,76899,76481,66463,65686,65859,66400,65778
732,1,0,24,76819,76398,75626,75577,76224,69507,68321,68898,68510,68344,77093,76383,75851,76332,75921,66029,65254,65433,65962,65343
733,0,0,24,77370,76962,76179,76123,76796,69965,68769,69345,68978,68805,77643,76941,76416,76911,76473,66471,65695,65868,66396,65773
734,1,0,24,76823,76400,75631,75569,76233,69515,68326,68887,68509,68357,77076,76380,75854,76341,75913,66021,65260,65425,65955,65344
735,0,0,24,77399,76955,76182,76134,76804,69972,68781,69350,68965,68814,77642,76960,76417,76918,76484,66458,65699,65871,66406,65789
736,1,0,24,76795,76357,75603,75548,76210,69481,68290,68866,68481,68343,77048,76371,75841,76317,75916,66004,65222,65417,65936,65314
737,0,0,24,77370,76946,76169,76113,76791,69938,68755,69326,68938,68802,77644,76942,76430,76889,76478,66446,65674,65864,66392,65760
738,1,0,24,76797,76381,75616,75559,76207,69499,68307,68882,68487,68337,77073,76372,75838,76324,75903,66012,65232,65411,65934,65321
739,0,0,24,77383,76955,76183,76117,76792,69960,68764,69344,68949,68799,77652,76936,76419,76891,76466,66463,65690,65866,66392,65768
740,1,0,24,76799,76373,75613,75565,76213,69490,68288,68882,68495,68348,77066,76375,75827,76308,75912,66005,65223,65424,65946,65323
741,0,0,24,77382,76935,76179,76140,76803,69943,68759,69345,68954,68809,77636,76957,76407,76892,76475,66445,65667,65881,66397,65776
742,1,0,24,76798,76400,75612,75569,76232,69501,68315,68889,68474,68359,77076,76394,75841,76334,75936,66013,65252,65439,65959,65339
743,0,0,24,77385,76967,76184,76125,76806,69958,68773,69355,68932,68817,77643,76961,76424,76910,76495,66461,65714,65880,66412,65781
744,1,0,24,76797,76391,75599,75562,76205,69498,68292,68864,68475,68346,77057,76384,75835,76329,75921,66005,65242,65424,65930,65324
745,0,0,24,77374,76973,76170,76140,76780,69961,68763,69330,68944,68821,77635,76953,76421,76907,76496,66459,65691,65875,66386,65767
746,1,0,24,76781,76387,75607,75552,76202,69484,68294,68849,68475,68334,77063,76353,75827,76309,75912,66000,65232,65414,65921,65333
747,0,0,24,77381,76958,76172,76115,76793,69940,68754,69323,68932,68806,77636,76932,76415,76898,76479,66451,65692,65872,66362,65784
748,1,0,24,76802,76400,75614,75558,76225,69500,68298,68880,68470,68361,77078,76379,75841,76314,75902,66020,65238,65420,65936,65333
749,0,0,24,77378,76970,76183,76114,76797,69953,68763,69333,68933,68814,77635,76946,76409,76888,76467,66454,65666,65868,66384,65761
750,1,0,24,76802,76406,75603,75567,76232,69474,68325,68892,68493,68367,77063,76378,75832,76316,75907,66025,65243,65418,65940,65339
751,0,0,24,77379,76973,76161,76116,76793,69929,68787,69341,68953,68824,77633,76947,76417,76890,76469,66466,65674,65861,66377,65776
752,1,0,24,76773,76380,75599,75550,76215,69494,68322,68880,68475,68349,77082,76369,75839,76300,75912,66008,65216,65399,65932,65328
753,0,0,24,77366,76944,76165,76106,76796,69943,68781,69340,68933,68821,77654,76951,76423,76880,76483,66446,65659,65848,66382,65782
754,1,0,24,76790,76399,75611,75566,76220,69492,68307,68868,68484,68358,77071,76370,75856,76309,75901,66016,65252,65431,65960,65349
755,0,0,24,77364,76961,76165,76109,76795,69948,68762,69325,68935,68794,77631,76941,76430,76872,76465,66457,65694,65869,66394,65801
756,1,0,24,76786,76377,75604,75567,76214,69492,68318,68867,68477,68352,77079,76384,75861,76315,75915,65999,65259,65423,65938,65329
757,0,0,24,77350,76943,76155,76119,76783,69934,68761,69321,68926,68805,77639,76935,76430,76878,76468,66440,65680,65865,66381,65765
758,1,0,24,76800,76402,75633,75578,76234,69507,68327,68888,68503,68372,77073,76393,75868,76344,75948,66039,65275,65438,65973,65348
759,0,0,24,77383,76983,76202,76144,76810,69964,68778,69354,68962,68828,77651,76966,76454,76911,76531,66477,65712,65883,66421,65793
760,1,0,24,76806,76410,75626,75589,76231,69507,68323,68898,68498,68376,77104,76393,75863,76341,75946,66033,65269,65438,65962,65355
761,0,0,24,77363,76963,76172,76127,76795,69942,68765,69342,68947,68816,77662,76945,76432,76895,76481,66459,65704,65871,66406,65784
762,1,0,24,76797,76390,75620,75571,76231,69494,68322,68883,68489,68352,77079,76377,75863,76316,75920,66031,65241,65403,65944,65346
763,0,0,24,77358,76939,76169,76109,76803,69935,68770,69332,68932,68797,77634,76932,76433,76886,76476,66472,65684,65859,66377,65785
764,1,0,24,76808,76393,75623,75569,76228,69500,68305,68889,68486,68370,77071,76390,75868,76319,75920,66033,65252,65429,65966,65339
765,0,0,24,77383,76969,76189,76144,76810,69960,68769,69345,68944,68829,77636,76961,76439,76892,76469,66476,65696,65883,66417,65798
766,1,0,24,76800,76391,75595,75562,76208,69493,68299,68870,68479,68344,77054,76371,75839,76309,75887,66025,65254,65409,65940,65314
767,0,0,24,77382,76959,76157,76119,76784,69948,68759,69332,68934,68795,77625,76931,76418,76888,76446,66459,65695,65843,66402,65769
768,1,0,24,76818,76413,75624,75572,76215,69498,68314,68884,68477,68371,77096,76389,75849,76332,75922,66037,65244,65422,65948,65340
769,0,0,24,77409,77008,76208,76150,76783,69960,68790,69353,68953,68842,77676,76965,76433,76918,76494,66495,65702,65881,66395,65800
770,1,0,24,76811,76410,75608,75561,76205,69488,68319,68874,68475,68355,77091,76382,75851,76318,75907,66027,65257,65410,65955,65337
771,0,0,24,77406,76990,76170,76129,76784,69947,68784,69342,68940,68815,77662,76955,76431,76885,76478,66478,65705,65862,66402,65783
772,1,0,24,76801,76402,75602,75563,76187,69500,68310,68882,68466,68344,77075,76376,75848,76313,75911,66026,65242,65426,65934,65337
773,0,0,24,77384,76972,76166,76118,76780,69945,68765,69324,68915,68803,77641,76936,76421,76891,76479,66460,65668,65867,66382,65788
774,1,0,24,76806,76392,75602,75564,76208,69512,68299,68859,68482,68338,77072,76371,75851,76314,75911,66022,65244,65428,65939,65337
775,0,0,24,77387,76975,76163,76123,76793,69961,68760,69326,68942,68806,77648,76957,76442,76898,76482,66477,65685,65865,66387,65784
776,1,0,24,76795,76419,75601,75577,76216,69504,68302,68874,68488,68354,77095,76377,75858,76300,75895,66031,65247,65413,65926,65340
777,0,0,24,77376,76981,76167,76132,76783,69962,68766,69323,68949,68813,77656,76942,76428,76872,76468,66464,65695,65862,66369,65790
778,1,0,24,76790,76421,75606,75553,76206,69510,68295,68854,68473,68356,77092,76372,75853,76310,75931,66010,65232,65424,65936,65345
779,0,0,24,77377,76987,76166,76123,76786,69961,68755,69329,68926,68810,77666,76938,76429,76882,76486,66459,65682,65863,66388,65788
780,1,0,24,76786,76403,75585,75548,76194,69488,68290,68864,68475,68339,77081,76354,75846,76303,75890,66013,65222,65409,65928,65327
781,0,0,24,77375,76971,76150,76116,76764,69937,68750,69312,68937,68782,77647,76937,76432,76879,76456,66452,65662,65851,66392,65778
782,1,0,24,76788,76396,75623,75571,76217,69494,68305,68857,68491,68351,77098,76371,75850,76310,75911,66007,65239,65409,65951,65344
783,0,0,24,77386,76985,76196,76149,76805,69970,68784,69328,68958,68837,77682,76957,76440,76892,76501,66477,65693,65876,66403,65815
784,1,0,24,76791,76379,75607,75568,76212,69478,68294,68852,68469,68329,77069,76372,75841,76313,75898,65993,65248,65410,65937,65331
785,0,0,24,77373,76955,76163,76129,76790,69941,68748,69315,68938,68793,77626,76941,76420,76896,76468,66439,65690,65857,66392,65795
786,1,0,24,76805,76400,75626,75563,76238,69504,68323,68879,68511,68367,77088,76383,75855,76349,75938,66033,65261,65431,65963,65358
787,0,0,24,77368,76967,76184,76115,76804,69950,68778,69331,68962,68826,77639,76954,76430,76904,76505,66478,65695,65873,66407,65787
788,1,0,24,76812,76394,75615,75558,76222,69493,68316,68881,68505,68352,77097,76385,75850,76330,75932,66024,65251,65421,65937,65345
789,0,0,24,77374,76960,76155,76100,76789,69944,68766,69326,68946,68803,77657,76937,76420,76891,76488,66456,65680,65850,66366,65774
790,1,0,24,76817,76395,75617,75558,76216,69500,68314,68886,68494,68360,77078,76385,75861,76330,75926,66012,65243,65431,65946,65333
791,0,0,24,77379,76976,76181,76118,76781,69956,68771,69334,68937,68817,77646,76950,76438,76899,76483,66452,65686,65862,66388,65784
792,1,0,24,76799,76372,75619,75554,76222,69493,68307,68874,68481,68353,77092,76371,75858,76330,75925,66027,65242,65427,65924,65332
793,0,0,24,77385,76948,76188,76119,76796,69953,68768,69325,68942,68805,77683,76951,76444,76912,76491,66465,65696,65869,66374,65782
794,1,0,24,76800,76398,75626,75564,76237,69499,68308,68871,68481,68348,77073,76374,75847,76325,75911,66014,65255,65428,65937,65339
795,0,0,24,77390,76992,76204,76145,76835,69973,68794,69358,68971,68834,77680,76974,76454,76924,76500,66485,65725,65897,66415,65802
796,1,0,24,76792,76382,75604,75563,76208,69497,68304,68861,68462,68348,77060,76367,75850,76323,75904,66015,65244,65417,65938,65322
797,0,0,24,77375,76950,76173,76128,76800,69966,68759,69334,68936,68810,77648,76948,76433,76906,76483,66468,65700,65877,66390,65781
798,1,0,24,76804,76386,75616,75561,76222,69489,68309,68872,68468,68344,77093,76366,75857,76321,75935,66022,65257,65422,65939,65336
799,0,0,24,77384,76967,76173,76118,76815,69950,68769,69335,68937,68805,77663,76945,76437,76916,76484,66470,65703,65882,66391,65802
800,1,0,24,76791,76380,75601,75558,76222,69493,68291,68869,68469,68339,77081,76361,75845,76322,75926,66018,65226,65412,65941,65327
801,0,0,24,77388,76958,76172,76144,76816,69961,68772,69342,68934,68818,77669,76942,76432,76912,76499,66482,65691,65875,66401,65798
802,1,0,24,76782,76373,75598,75556,76223,69506,68299,68874,68484,68343,77077,76367,75851,76315,75905,66015,65225,65410,65945,65341
803,0,0,24,77364,76950,76160,76104,76800,69952,68754,69332,68956,68792,77653,76938,76445,76898,76468,66456,65673,65857,66394,65776
804,1,0,24,76788,76384,75595,75550,76211,69475,68303,68874,68465,68335,77080,76363,75841,76312,75909,66006,65234,65399,65951,65317
805,0,0,24,77363,76948,76160,76114,76796,69935,68768,69329,68944,68798,77647,76932,76418,76882,76483,66454,65674,65859,66403,65783
806,1,0,24,76795,76376,75593,75544,76224,69490,68296,68881,68476,68336,77098,76360,75832,76328,75904,65996,65239,65390,65937,65316
807,0,0,24,77371,76960,76165,76115,76805,69934,68743,69339,68944,68797,77678,76934,76414,76903,76472,66457,65693,65848,66384,65766
808,1,0,24,76780,76389,75601,75560,76226,69487,68302,68872,68451,68346,77076,76369,75846,76316,75899,66003,65233,65418,65938,65321
809,0,0,24,77357,76941,76137,76104,76783,69924,68745,69324,68905,68792,77641,76929,76402,76875,76454,66438,65665,65842,66371,65756
810,1,0,24,76798,76369,75593,75538,76209,69470,68286,68864,68458,68330,77067,76342,75833,76311,75903,66016,65236,65407,65927,65320
811,0,0,24,77387,76951,76176,76121,76797,69937,68750,69338,68938,68812,77657,76929,76425,76897,76493,66483,65697,65870,66387,65787
812,1,0,24,76815,76401,75609,75554,76223,69487,68293,68878,68461,68365,77089,76368,75850,76337,75923,66022,65247,65424,65956,65348
813,0,0,24,77390,76978,76187,76111,76819,69942,68758,69340,68934,68836,77651,76942,76416,76910,76489,66470,65697,65875,66396,65791
814,1,0,24,76769,76360,75606,75529,76221,69488,68290,68875,68470,68335,77081,76349,75833,76318,75906,66008,65214,65422,65943,65321
815,0,0,24,77381,76938,76192,76104,76808,69949,68771,69352,68957,68810,77675,76934,76425,76917,76488,66466,65686,65891,66407,65779
816,1,0,24,76789,76383,75606,75545,76222,69474,68284,68876,68481,68324,77085,76376,75838,76318,75896,66025,65247,65400,65928,65329
817,0,0,24,77352,76951,76162,76096,76771,69921,68732,69327,68928,68780,77650,76936,76396,76891,76458,66465,65677,65837,66361,65762
818,1,0,24,76763,76357,75580,75520,76210,69464,68278,68858,68453,68323,77058,76354,75830,76313,75897,65997,65211,65397,65912,65306
819,0,0,24,77357,76935,76157,76097,76795,69933,68765,69326,68932,68797,77634,76946,76423,76895,76471,66457,65674,65851,66376,65779
820,1,0,24,76781,76373,75603,75548,76219,69487,68302,68878,68458,68331,77066,76368,75846,76327,75921,66013,65230,65411,65924,65321
821,0,0,24,77384,76954,76181,76115,76816,69967,68775,69358,68931,68808,77639,76955,76440,76914,76494,66464,65688,65874,66386,65786
822,1,0,24,76785,76348,75609,75536,76214,69485,68301,68882,68461,68342,77077,76343,75848,76311,75916,66013,65230,65413,65915,65320
823,0,0,24,77368,76934,76176,76110,76792,69945,68758,69345,68930,68805,77649,76921,76423,76885,76471,66461,65672,65853,66369,65774
824,1,0,24,76804,76390,75625,75553,76239,69495,68311,68883,68469,68360,77064,76369,75847,76329,75919,66027,65235,65421,65931,65326
825,0,0,24,77376,76947,76183,76110,76815,69946,68769,69349,68932,68822,77630,76937,76407,76900,76472,66470,65675,65859,66377,65786
826,1,0,24,76769,76343,75568,75536,76192,69484,68297,68848,68452,68336,77042,76337,75815,76305,75893,66000,65213,65388,65917,65312
827,0,0,24,77361,76927,76145,76117,76782,69948,68767,69313,68926,68812,77634,76924,76413,76898,76476,66450,65663,65838,66368,65754
828,1,0,24,76812,76392,75633,75582,76241,69495,68322,68893,68485,68365,77091,76375,75859,76332,75926,66044,65247,65428,65949,65330
829,0,0,24,77381,76954,76181,76120,76795,69941,68770,69331,68926,68825,77655,76929,76423,76897,76475,66463,65682,65865,66387,65778
830,1,0,24,76788,76362,75609,75559,76205,69486,68319,68866,68464,68340,77062,76357,75843,76318,75901,66002,65234,65399,65930,65324
831,0,0,24,77380,76939,76175,76112,76784,69941,68769,69325,68933,68796,77637,76932,76423,76893,76472,66448,65672,65858,66377,65769
832,1,0,24,76786,76367,75591,75546,76216,69496,68309,68878,68473,68341,77058,76351,75841,76313,75909,66000,65209,65405,65927,65326
833,0,0,24,77381,76944,76160,76105,76795,69952,68773,69345,68945,68798,77631,76943,76433,76895,76469,66449,65673,65856,66388,65775
834,1,0,24,76794,76379,75593,75541,76211,69487,68282,68862,68485,68338,77081,76353,75836,76327,75905,66003,65237,65405,65926,65313
835,0,0,24,77371,76941,76161,76103,76777,69943,68749,69324,68933,68799,77638,76933,76409,76901,76474,66453,65669,65856,66380,65777
836,1,0,24,76783,76384,75574,75530,76209,69492,68297,68872,68468,68330,77068,76353,75829,76312,75909,66019,65238,65398,65923,65306
837,0,0,24,77353,76947,76146,76079,76776,69945,68752,69326,68922,68791,77638,76928,76406,76885,76479,66452,65683,65848,66361,65756
838,1,0,24,76792,76378,75602,75545,76209,69483,68292,68861,68493,68358,77075,76358,75852,76321,75909,65998,65237,65405,65921,65315
839,0,0,24,77390,76950,76173,76126,76800,69947,68756,69329,68960,68819,77661,76940,76441,76904,76483,66458,65685,65867,66389,65777
840,1,0,24,76787,76378,75639,75573,76219,69510,68321,68868,68488,68360,77090,76373,75857,76345,75914,66027,65268,65435,65950,65335
841,0,0,24,77360,76940,76188,76125,76797,69948,68778,69321,68942,68812,77641,76940,76436,76911,76476,66463,65700,65887,66383,65789
842,1,0,24,76790,76373,75605,75565,76225,69491,68301,68861,68490,68338,77090,76356,75857,76314,75887,66019,65233,65404,65930,65327
843,0,0,24,77382,76946,76180,76139,76802,69957,68768,69330,68959,68805,77664,76946,76439,76905,76474,66470,65678,65861,66386,65784
844,1,0,24,76801,76366,75616,75553,76232,69502,68317,68882,68481,68344,77094,76383,75856,76330,75913,66021,65233,65419,65946,65331
845,0,0,24,77387,76944,76186,76108,76814,69960,68778,69343,68951,68801,77666,76961,76439,76914,76476,66466,65680,65866,66416,65788
846,1,0,24,76781,76368,75607,75555,76227,69487,68305,68876,68473,68317,77077,76357,75845,76309,75916,66008,65222,65405,65943,65325
847,0,0,24,77361,76934,76170,76112,76802,69946,68768,69333,68937,68786,77652,76936,76429,76880,76475,66454,65669,65851,66387,65755
848,1,0,24,76785,76371,75587,75540,76224,69479,68303,68884,68492,68326,77093,76372,75839,76307,75916,65999,65222,65424,65928,65303
849,0,0,24,77357,76947,76151,76101,76805,69931,68770,69335,68952,68775,77654,76934,76425,76890,76475,66450,65677,65870,66390,65760
850,1,0,24,76787,76363,75590,75544,76224,69475,68310,68877,68466,68346,77085,76355,75844,76315,75895,66001,65214,65419,65927,65324
851,0,0,24,77387,76944,76160,76108,76782,69932,68766,69340,68929,68808,77670,76936,76427,76897,76465,66450,65673,65864,66377,65777
852,1,0,24,76790,76382,75601,75549,76218,69489,68321,68869,68471,68332,77080,76359,75849,76314,75903,66012,65220,65419,65939,65318
853,0,0,24,77368,76952,76177,76108,76787,69945,68768,69326,68935,68788,77649,76935,76422,76884,76465,66453,65671,65869,66397,65770
854,1,0,24,76797,76386,75598,75551,76224,69499,68312,68898,68489,68335,77086,76375,75848,76312,75920,66011,65249,65432,65954,65322
855,0,0,24,77381,76965,76162,76107,76799,69949,68761,69358,68941,68798,77644,76934,76428,76896,76484,66454,65692,65873,66398,65777
856,1,0,24,76786,76375,75600,75558,76233,69481,68300,68876,68498,68340,77068,76380,75861,76327,75919,66005,65229,65423,65932,65327
857,0,0,24,77366,76941,76166,76121,76805,69934,68761,69342,68961,68799,77646,76946,76441,76893,76481,66459,65676,65869,66395,65776
858,1,0,24,76783,76376,75589,75551,76210,69486,68301,68869,68490,68332,77075,76358,75837,76297,75905,65998,65243,65417,65926,65320
859,0,0,24,77363,76954,76156,76115,76776,69946,68763,69321,68955,68791,77649,76939,76417,76885,76458,66446,65688,65862,66381,65763
860,1,0,24,76789,76411,75598,75548,76221,69503,68331,68873,68505,68348,77060,76374,75860,76324,75920,66014,65236,65432,65944,65344
861,0,0,24,77348,76963,76153,76090,76770,69934,68769,69318,68944,68783,77621,76920,76405,76874,76459,66440,65657,65857,66378,65764
862,1,0,24,76802,76389,75613,75556,76225,69500,68322,68891,68508,68342,77082,76385,75859,76313,75911,66020,65253,65443,65954,65352
863,0,0,24,77367,76949,76169,76110,76788,69944,68768,69329,68950,68796,77643,76949,76424,76868,76462,66447,65688,65886,66384,65782
864,1,0,24,76801,76377,75598,75560,76214,69497,68318,68876,68496,68330,77082,76380,75843,76311,75897,66009,65247,65416,65944,65319
865,0,0,24,77376,76939,76156,76102,76789,69952,68760,69335,68938,68788,77649,76941,76421,76877,76449,66444,65693,65856,66389,65758
866,1,0,24,76808,76364,75598,75544,76223,69495,68309,68871,68489,68331,77092,76361,75855,76317,75915,66018,65258,65426,65942,65329
867,0,0,24,77398,76958,76168,76122,76812,69967,68778,69337,68972,68805,77668,76936,76434,76898,76488,66469,65698,65869,66405,65784
868,1,0,24,76787,76362,75612,75555,76214,69493,68310,68875,68490,68355,77087,76366,75856,76289,75909,66009,65237,65422,65935,65341
869,0,0,24,77384,76954,76192,76118,76802,69951,68754,69343,68952,68808,77666,76940,76439,76886,76485,66465,65697,65886,66393,65795
870,1,0,24,76794,76373,75618,75566,76202,69491,68300,68873,68474,68346,77090,76368,75852,76331,75912,66009,65232,65423,65930,65326
871,0,0,24,77367,76932,76170,76105,76777,69932,68754,69320,68924,68798,77651,76918,76408,76886,76471,66441,65678,65861,66374,65751
872,1,0,24,76812,76384,75629,75559,76219,69491,68324,68879,68479,68344,77107,76366,75837,76300,75923,66004,65237,65424,65941,65323
873,0,0,24,77389,76950,76185,76110,76792,69938,68779,69335,68934,68810,77670,76942,76417,76890,76488,66446,65681,65869,66381,65770
874,1,0,24,76798,76370,75600,75552,76220,69489,68314,68880,68477,68342,77077,76381,75826,76317,75918,66002,65246,65436,65947,65332
875,0,0,24,77389,76950,76172,76126,76803,69941,68779,69350,68948,68807,77670,76966,76426,76891,76502,66465,65694,65886,66405,65786
876,1,0,24,76785,76360,75608,75545,76205,69486,68300,68856,68464,68332,77043,76364,75827,76307,75906,65998,65223,65407,65914,65314
877,0,0,24,77373,76959,76185,76132,76801,69943,68768,69335,68940,68805,77633,76933,76421,76895,76485,66452,65693,65861,66384,65764
878,1,0,24,76787,76394,75609,75561,76212,69483,68322,68861,68488,68343,77084,76372,75839,76312,75915,66009,65252,65437,65943,65339
879,0,0,24,77382,76964,76175,76133,76795,69957,68794,69335,68956,68796,77657,76952,76433,76891,76491,66463,65702,65899,66396,65795
880,1,0,24,76794,76369,75605,75563,76202,69482,68307,68878,68475,68330,77079,76358,75831,76305,75913,66017,65246,65429,65930,65317
881,0,0,24,77375,76933,76173,76118,76784,69945,68759,69333,68938,68781,77653,76926,76407,76891,76479,66464,65691,65866,66381,65758
882,1,0,24,76768,76360,75582,75538,76197,69463,68279,68863,68472,68312,77066,76360,75827,76292,75901,65990,65234,65410,65913,65305
883,0,0,24,77351,76913,76142,76088,76774,69923,68733,69314,68917,68766,77632,76925,76388,76867,76457,66433,65666,65848,66356,65747
884,1,0,24,76792,76374,75594,75543,76206,69479,68291,68882,68477,68341,77080,76368,75862,76300,75915,66000,65232,65419,65939,65322
885,0,0,24,77374,76954,76160,76112,76794,69941,68746,69346,68938,68806,77641,76939,76424,76875,76477,66447,65678,65864,66381,65763
886,1,0,24,76795,76364,75603,75550,76211,69487,68298,68872,68459,68329,77062,76361,75848,76310,75908,65986,65233,65421,65921,65321
887,0,0,24,77363,76940,76181,76114,76793,69943,68760,69331,68923,68789,77645,76932,76417,76874,76462,66445,65675,65875,66364,65770
888,1,0,24,76785,76382,75605,75547,76204,69490,68293,68869,68476,68333,77063,76359,75850,76298,75916,65983,65241,65419,65919,65294
889,0,0,24,77364,76944,76166,76104,76764,69928,68750,69310,68924,68781,77629,76918,76397,76861,76458,66424,65665,65861,66358,65728
890,1,0,24,76791,76395,75621,75560,76207,69483,68308,68885,68487,68345,77063,76368,75846,76313,75918,66019,65242,65426,65934,65324
891,0,0,24,77355,76954,76161,76099,76781,69922,68763,69325,68933,68783,77619,76925,76410,76871,76464,66442,65676,65858,66368,65765
892,1,0,24,76776,76391,75604,75548,76207,69459,68285,68870,68468,68338,77047,76343,75851,76291,75913,66002,65236,65404,65914,65304
893,0,0,24,77370,76956,76171,76108,76787,69921,68746,69317,68921,68798,77620,76917,76424,76869,76478,66436,65690,65852,66369,65751
894,1,0,24,76811,76409,75615,75560,76232,69490,68303,68891,68487,68350,77084,76357,75852,76301,75896,66025,65255,65428,65945,65315
895,0,0,24,77387,76976,76175,76129,76808,69937,68754,69337,68952,68804,77649,76936,76435,76883,76470,66460,65697,65873,66386,65755
896,1,0,24,76802,76405,75613,75564,76244,69499,68311,68899,68506,68359,77099,76377,75856,76335,75935,66028,65258,65443,65953,65329
897,0,0,24,77376,76978,76177,76126,76813,69951,68766,69348,68956,68819,77672,76960,76435,76906,76493,66469,65707,65880,66404,65780
898,1,0,24,76809,76416,75609,75586,76240,69504,68320,68883,68499,68358,77111,76399,75860,76329,75932,66027,65265,65445,65949,65343
899,0,0,24,77378,76976,76170,76129,76801,69962,68768,69327,68958,68801,77653,76966,76434,76897,76480,66462,65700,65874,66394,65769
900,1,0,24,76789,76394,75598,75563,76225,69487,68304,68882,68479,68344,77082,76375,75843,76303,75900,66003,65245,65415,65936,65320
901,0,0,24,77372,76984,76169,76133,76792,69954,68767,69344,68949,68804,77669,76958,76430,76886,76473,66456,65698,65876,66394,65777
902,1,0,24,76775,76392,75599,75553,76220,69486,68302,68883,68468,68344,77080,76345,75834,76313,75897,66009,65233,65404,65935,65313
903,0,0,24,77364,76958,76166,76125,76799,69931,68764,69346,68934,68804,77646,76932,76423,76903,76471,66461,65689,65861,66387,65776
904,1,0,24,76779,76392,75595,75542,76217,69488,68300,68880,68466,68328,77072,76353,75836,76310,75908,65992,65236,65428,65936,65329
905,0,0,24,77367,76962,76160,76111,76777,69940,68760,69332,68927,68790,77654,76923,76413,76883,76477,66443,65691,65868,66394,65769
906,1,0,24,76813,76402,75626,75567,76216,69506,68317,68885,68495,68349,77089,76380,75847,76321,75922,66018,65262,65452,65954,65330
907,0,0,24,77378,76969,76184,76124,76795,69953,68780,69349,68955,68801,77659,76954,76425,76900,76478,66465,65704,65890,66408,65782
908,1,0,24,76799,76388,75623,75571,76224,69483,68303,68881,68470,68347,77061,76380,75838,76323,75916,66017,65240,65424,65945,65345
909,0,0,24,77367,76961,76183,76116,76804,69940,68751,69329,68924,68794,77631,76937,76411,76891,76480,66452,65674,65878,66388,65782
910,1,0,24,76793,76381,75618,75559,76217,69477,68313,68862,68466,68342,77079,76362,75843,76325,75901,66018,65250,65451,65953,65329
911,0,0,24,77399,76970,76197,76137,76807,69961,68798,69337,68942,68816,77668,76964,76445,76912,76487,66480,65697,65911,66420,65804
912,1,0,24,76807,76393,75615,75568,76217,69500,68311,68888,68472,68351,77079,76394,75855,76333,75942,66029,65281,65456,65953,65357
913,0,0,24,77379,76972,76185,76123,76798,69949,68765,69348,68923,68809,77638,76968,76434,76905,76490,66470,65715,65898,66391,65799
914,1,0,24,76812,76396,75625,75569,76230,69509,68326,68886,68488,68356,77082,76384,75844,76324,75922,66028,65257,65446,65949,65345
915,0,0,24,77371,76959,76171,76123,76794,69943,68768,69328,68934,68791,77640,76953,76409,76890,76479,66459,65692,65880,66393,65794
916,1,0,24,76812,76398,75625,75564,76255,69497,68329,68886,68499,68353,77083,76377,75847,76323,75942,66029,65275,65448,65952,65357
917,0,0,24,77411,76986,76216,76155,76845,69979,68817,69374,68986,68829,77667,76976,76438,76924,76527,66498,65748,65921,66427,65822
918,1,0,24,76819,76413,75641,75580,76248,69515,68327,68889,68512,68360,77076,76400,75861,76318,75939,66033,65284,65453,65966,65361
919,0,0,24,77396,76975,76198,76122,76810,69970,68776,69341,68965,68818,77638,76963,76426,76898,76503,66463,65717,65895,66417,65788
920,1,0,24,76805,76392,75616,75566,76237,69508,68330,68875,68487,68346,77071,76393,75851,76311,75917,66025,65270,65445,65960,65339
921,0,0,24,77391,76958,76185,76131,76812,69959,68790,69338,68953,68802,77646,76972,76432,76898,76492,66483,65726,65902,66419,65794
922,1,0,24,76809,76388,75618,75575,76238,69501,68315,68880,68485,68345,77076,76387,75863,76309,75937,66022,65251,65434,65962,65351
923,0,0,24,77412,76981,76204,76151,76832,69969,68787,69358,68969,68826,77657,76981,76455,76911,76523,66484,65707,65901,66428,65807
924,1,0,24,76801,76384,75608,75573,76210,69500,68305,68881,68484,68350,77088,76369,75853,76331,75922,66014,65244,65417,65962,65334
925,0,0,24,77382,76960,76174,76143,76804,69966,68777,69350,68960,68821,77675,76954,76445,76923,76495,66472,65713,65879,66419,65802
926,1,0,24,76804,76384,75622,75580,76231,69498,68323,68895,68497,68346,77095,76390,75868,76326,75930,66022,65265,65446,65959,65339
927,0,0,24,77392,76960,76185,76148,76811,69963,68789,69358,68955,68807,77676,76957,76435,76909,76493,66466,65718,65897,66421,65801
928,1,0,24,76824,76392,75637,75584,76239,69520,68341,68916,68501,68380,77114,76392,75866,76333,75933,66038,65284,65445,65962,65365
929,0,0,24,77398,76968,76203,76137,76823,69979,68794,69368,68952,68841,77674,76972,76450,76906,76487,66477,65721,65904,66413,65813
930,1,0,24,76816,76376,75606,75598,76233,69525,68329,68896,68499,68366,77069,76386,75857,76326,75921,66036,65242,65447,65966,65346
931,0,0,24,77386,76954,76171,76159,76811,69970,68787,69360,68957,68830,77640,76962,76437,76904,76494,66481,65684,65899,66417,65794
932,1,0,24,76796,76379,75601,75553,76228,69503,68308,68859,68485,68363,77068,76353,75845,76325,75911,66006,65253,65434,65957,65334
933,0,0,24,77383,76950,76171,76123,76812,69969,68778,69343,68952,68830,77656,76944,76444,76906,76496,66477,65719,65890,66423,65800
934,1,0,24,76802,76394,75606,75560,76227,69508,68325,68886,68481,68345,77075,76371,75844,76317,75941,66020,65250,65445,65955,65339
935,0,0,24,77387,76969,76172,76131,76823,69971,68798,69353,68957,68818,77668,76958,76425,76901,76511,66471,65705,65901,66415,65793
936,1,0,24,76803,76388,75637,75577,76221,69520,68328,68894,68481,68340,77091,76371,75854,76317,75936,66025,65256,65443,65953,65331
937,0,0,24,77380,76950,76192,76137,76801,69951,68786,69340,68944,68797,77654,76947,76426,76883,76507,66472,65707,65877,66395,65768
938,1,0,24,76793,76374,75596,75564,76229,69491,68312,68868,68463,68335,77069,76360,75819,76302,75923,66001,65241,65449,65938,65328
939,0,0,24,77366,76945,76169,76114,76790,69943,68766,69319,68918,68784,77629,76933,76400,76876,76474,66437,65688,65872,66389,65767
940,1,0,24,76797,76394,75625,75572,76236,69509,68340,68894,68493,68364,77085,76369,75842,76300,75919,66030,65278,65456,65952,65340
941,0,0,24,77403,76976,76200,76152,76825,69973,68809,69364,68961,68829,77677,76958,76447,76890,76490,66489,65727,65920,66421,65797
942,1,0,24,76809,76397,75632,75587,76247,69512,68335,68895,68503,68355,77077,76369,75846,76310,75957,66022,65280,65453,65963,65337
943,0,0,24,77380,76972,76195,76133,76819,69955,68778,69343,68948,68804,77650,76950,76420,76885,76506,66466,65715,65892,66406,65781
944,1,0,24,76821,76387,75637,75578,76252,69506,68318,68887,68466,68353,77076,76384,75838,76311,75918,66014,65259,65457,65960,65323
945,0,0,24,77399,76959,76198,76132,76830,69969,68781,69358,68950,68808,77660,76964,76417,76885,76496,66470,65708,65899,66414,65778
946,1,0,24,76794,76384,75609,75565,76221,69492,68319,68885,68488,68328,77067,76361,75855,76307,75915,65999,65249,65432,65947,65321
947,0,0,24,77372,76950,76177,76137,76812,69960,68773,69344,68941,68797,77650,76944,76448,76887,76488,66463,65695,65893,66410,65773
948,1,0,24,76799,76386,75598,75566,76237,69499,68305,68888,68495,68354,77096,76369,75844,76316,75922,66022,65264,65453,65948,65328
949,0,0,24,77379,76959,76167,76119,76821,69957,68773,69344,68955,68812,77673,76939,76434,76891,76482,66463,65717,65888,66404,65771
950,1,0,24,76829,76385,75638,75587,76261,69520,68326,68890,68491,68353,77089,76395,75856,76325,75945,66030,65256,65455,65977,65354
951,0,0,24,77403,76953,76203,76149,76831,69974,68781,69359,68955,68823,77659,76974,76440,76910,76509,66476,65689,65902,66426,65806
952,1,0,24,76794,76378,75615,75562,76222,69498,68314,68877,68482,68324,77060,76378,75836,76303,75918,66001,65224,65428,65938,65321
953,0,0,24,77378,76942,76177,76130,76810,69954,68777,69334,68951,68783,77626,76958,76422,76890,76478,66446,65685,65875,66403,65781
954,1,0,24,76797,76374,75630,75553,76219,69487,68325,68876,68487,68351,77082,76386,75861,76306,75912,66007,65255,65427,65953,65345
955,0,0,24,77386,76939,76187,76130,76806,69948,68781,69341,68954,68806,77656,76948,76442,76889,76477,66462,65697,65879,66413,65805
956,1,0,24,76800,76392,75620,75568,76227,69498,68321,68879,68469,68332,77084,76368,75865,76311,75913,66017,65249,65439,65950,65353
957,0,0,24,77385,76963,76192,76116,76808,69961,68787,69340,68941,68808,77663,76951,76454,76898,76487,66474,65698,65908,66409,65803
958,1,0,24,76821,76419,75649,75596,76255,69521,68335,68915,68495,68357,77110,76400,75871,76346,75938,66025,65278,65440,65963,65356
959,0,0,24,77398,76981,76218,76146,76824,69981,68783,69369,68959,68825,77673,76968,76452,76912,76498,66471,65729,65883,66407,65805
960,1,0,24,76803,76408,75632,75559,76235,69516,68321,68897,68490,68344,77104,76374,75865,76347,75932,66028,65275,65429,65954,65341
961,0,0,24,77375,76965,76187,76118,76795,69972,68773,69342,68947,68791,77651,76946,76420,76914,76488,66466,65703,65880,66395,65787
962,1,0,24,76815,76417,75644,75587,76230,69507,68322,68894,68484,68353,77106,76393,75874,76338,75944,66031,65264,65447,65967,65354
963,0,0,24,77392,76979,76197,76145,76817,69960,68788,69345,68951,68807,77667,76966,76457,76916,76498,66472,65715,65895,66420,65804
964,1,0,24,76811,76390,75626,75563,76231,69500,68314,68893,68492,68345,77092,76375,75851,76333,75935,66035,65263,65452,65972,65354
965,0,0,24,77406,76964,76195,76134,76820,69957,68784,69359,68966,68817,77666,76962,76443,76918,76499,66478,65717,65898,66426,65807
966,1,0,24,76795,76385,75618,75556,76237,69492,68302,68876,68477,68318,77066,76364,75851,76319,75911,66005,65253,65435,65966,65323
967,0,0,24,77377,76954,76192,76112,76819,69954,68769,69348,68955,68790,77660,76946,76428,76903,76482,66450,65705,65888,66421,65784
968,1,0,24,76826,76396,75631,75572,76248,69511,68329,68889,68493,68360,77078,76403,75851,76332,75950,66031,65270,65468,65970,65339
969,0,0,24,77402,76967,76182,76138,76822,69963,68786,69347,68954,68807,77645,76973,76436,76905,76513,66467,65698,65912,66412,65791
970,1,0,24,76819,76398,75619,75590,76233,69534,68326,68900,68487,68345,77093,76381,75868,76341,75934,66027,65262,65476,65970,65339
971,0,0,24,77385,76958,76172,76133,76807,69971,68779,69347,68937,68779,77644,76953,76429,76899,76482,66465,65697,65915,66408,65768
972,1,0,24,76795,76388,75612,75566,76243,69505,68323,68894,68466,68317,77079,76383,75853,76317,75921,66029,65265,65448,65960,65330
973,0,0,24,77386,76971,76182,76143,76827,69973,68785,69362,68936,68777,77667,76960,76446,76903,76497,66479,65712,65901,66424,65791
974,1,0,24,76817,76407,75604,75576,76234,69506,68315,68886,68488,68354,77070,76387,75855,76334,75935,66008,65264,65460,65967,65333
975,0,0,24,77397,76974,76172,76135,76814,69951,68769,69344,68944,68810,77650,76948,76440,76902,76494,66456,65706,65901,66416,65775
976,1,0,24,76808,76390,75614,75566,76248,69518,68312,68891,68489,68337,77080,76375,75863,76318,75929,66014,65255,65452,65976,65329
977,0,0,24,77377,76958,76177,76118,76819,69974,68766,69352,68954,68802,77645,76942,76423,76892,76488,66465,65698,65897,66416,65776
978,1,0,24,76815,76403,75614,75588,76242,69506,68334,68889,68492,68338,77083,76371,75846,76312,75918,66028,65253,65465,65960,65333
979,0,0,24,77380,76960,76166,76140,76804,69956,68773,69342,68946,68800,77635,76945,76422,76878,76488,66470,65693,65892,66408,65772
980,1,0,24,76812,76403,75626,75583,76228,69518,68324,68900,68493,68340,77093,76383,75858,76327,75925,66016,65258,65457,65962,65333
981,0,0,24,77404,76979,76215,76155,76828,69975,68801,69375,68960,68809,77677,76974,76432,76923,76514,66483,65726,65931,66428,65795
982,1,0,24,76813,76405,75639,75591,76242,69508,68327,68899,68504,68346,77097,76375,75865,76326,75923,66025,65259,65455,65970,65340
983,0,0,24,77404,76958,76209,76155,76821,69968,68791,69375,68981,68819,77673,76964,76446,76909,76503,66483,65710,65909,66425,65807
984,1,0,24,76806,76392,75612,75571,76235,69487,68309,68889,68494,68334,77086,76383,75861,76318,75929,66013,65234,65446,65941,65324
985,0,0,24,77378,76946,76165,76127,76798,69940,68760,69334,68937,68803,77633,76934,76422,76885,76479,66463,65686,65883,66375,65762
986,1,0,24,76811,76373,75623,75596,76249,69520,68307,68905,68506,68353,77073,76390,75859,76334,75932,66026,65268,65464,65967,65351
987,0,0,24,77399,76964,76177,76161,76826,69972,68774,69359,68970,68812,77659,76961,76440,76910,76497,66473,65716,65914,66414,65805
988,1,0,24,76788,76371,75608,75564,76209,69506,68316,68889,68469,68324,77067,76371,75845,76313,75907,66019,65257,65442,65944,65322
989,0,0,24,77389,76957,76184,76141,76806,69973,68784,69366,68936,68791,77668,76962,76444,76900,76486,66475,65723,65910,66416,65782
990,1,0,24,76802,76402,75604,75579,76217,69509,68328,68895,68482,68337,77090,76376,75864,76307,75923,66019,65262,65433,65961,65348
991,0,0,24,77384,76959,76159,76130,76800,69961,68787,69349,68944,68788,77665,76949,76450,76875,76495,66454,65708,65888,66406,65782
992,1,0,24,76802,76368,75612,75592,76222,69508,68328,68889,68486,68336,77111,76382,75870,76324,75922,66018,65273,65461,65957,65352
993,0,0,24,77390,76954,76188,76152,76806,69965,68786,69357,68958,68807,77686,76950,76449,76908,76489,66468,65730,65916,66415,65805
994,1,0,24,76803,76395,75614,75583,76234,69491,68327,68896,68488,68337,77082,76378,75860,76313,75923,66019,65263,65460,65971,65352
995,0,0,24,77403,76973,76193,76144,76813,69962,68785,69361,68955,68800,77672,76961,76445,76898,76502,66467,65707,65925,66421,65803
996,1,0,24,76825,76387,75619,75598,76245,69511,68330,68910,68501,68347,77107,76384,75864,76322,75922,66036,65269,65471,65966,65362
997,0,0,24,77403,76956,76184,76158,76810,69947,68775,69358,68961,68797,77678,76952,76435,76892,76491,66477,65715,65910,66414,65797
998,1,0,24,76838,76395,75626,75582,76225,69509,68325,68892,68491,68345,77096,76384,75849,76322,75931,66029,65267,65470,65966,65353
999,0,0,24,77409,76968,76191,76149,76814,69969,68786,69355,68946,68803,77654,76959,76433,76892,76509,66477,65714,65919,66423,65800
1000,1,0,24,76817,76384,75640,75591,76225,69497,68317,68892,68491,68345,77101,76384,75857,76314,75921,66030,65255,65467,65962,65348
1001,0,0,24,77395,76962,76207,76158,76807,69960,68774,69356,68954,68809,77679,76964,76445,76893,76494,66475,65705,65926,66403,65802
1002,1,0,24,76822,76381,75624,75587,76218,69507,68318,68890,68491,68350,77067,76379,75856,76305,75920,66026,65256,65458,65948,65335
1003,0,0,24,77391,76955,76181,76144,76790,69965,68776,69352,68946,68808,77649,76958,76417,76890,76478,66461,65690,65898,66405,65783
1004,1,0,24,76813,76402,75617,75585,76242,69507,68328,68891,68485,68370,77111,76406,75864,76324,75931,66045,65267,65459,65963,65347
1005,0,0,24,77380,76956,76174,76136,76813,69956,68779,69341,68932,68829,77665,76969,76427,76893,76494,66489,65708,65894,66412,65810
1006,1,0,24,76817,76400,75635,75584,76241,69502,68307,68898,68476,68357,77092,76397,75847,76332,75923,66032,65261,65455,65961,65356
1007,0,0,24,77383,76961,76179,76120,76789,69945,68759,69346,68935,68802,77650,76959,76421,76891,76476,66464,65699,65895,66402,65785
1008,1,0,24,76820,76373,75611,75585,76232,69509,68333,68894,68487,68354,77105,76401,75853,76315,75930,66014,65251,65436,65967,65337
1009,0,0,24,77400,76932,76169,76130,76795,69948,68776,69349,68949,68806,77663,76965,76425,76887,76483,66462,65684,65878,66419,65778
1010,1,0,24,76823,76364,75631,75573,76229,69511,68332,68898,68490,68348,77094,76384,75862,76322,75932,66001,65258,65441,65969,65355
1011,0,0,24,77415,76958,76200,76149,76818,69963,68793,69367,68959,68813,77658,76963,76454,76908,76501,66458,65705,65898,66429,65800
1012,1,0,24,76819,76375,75628,75579,76233,69507,68334,68894,68500,68358,77109,76389,75856,76325,75930,66014,65267,65465,65966,65355
1013,0,0,24,77408,76949,76196,76144,76816,69964,68795,69355,68957,68833,77678,76972,76441,76911,76500,66468,65717,65917,66425,65814
1014,1,0,24,76822,76379,75625,75581,76230,69498,68320,68897,68508,68359,77085,76377,75842,76328,75928,66018,65249,65447,65950,65339
1015,0,0,24,77399,76959,76195,76152,76822,69953,68779,69357,68968,68809,77656,76955,76422,76904,76501,66467,65698,65895,66394,65800
1016,1,0,24,76800,76383,75613,75588,76231,69485,68320,68889,68489,68345,77094,76382,75844,76320,75912,66020,65259,65446,65972,65337
1017,0,0,24,77397,76954,76180,76158,76820,69954,68782,69346,68961,68813,77662,76965,76441,76912,76498,66466,65718,65897,66428,65797
1018,1,0,24,76811,76382,75620,75561,76239,69502,68320,68899,68505,68322,77084,76387,75856,76317,75922,66017,65267,65447,65963,65344
1019,0,0,24,77385,76947,76178,76133,76805,69958,68770,69349,68967,68781,77637,76949,76432,76880,76483,66464,65707,65884,66409,65790
1020,1,0,24,76831,76397,75635,75571,76235,69520,68342,68901,68507,68354,77118,76391,75854,76333,75935,66036,65279,65465,65971,65351
1021,0,0,24,77408,76965,76192,76134,76821,69971,68807,69358,68967,68809,77681,76948,76422,76909,76499,66475,65717,65911,66424,65796
1022,1,0,24,76822,76401,75611,75578,76243,69495,68323,68898,68493,68339,77094,76390,75864,76329,75925,66028,65252,65448,65971,65337
1023,0,0,24,77387,76962,76188,76134,76825,69941,68776,69352,68950,68807,77664,76969,76426,76900,76490,66470,65695,65895,66417,65786
1024,1,0,24,76797,76364,75628,75573,76240,69502,68319,68882,68495,68325,77092,76383,75847,76326,75921,66020,65248,65445,65967,65341
1025,0,0,24,77384,76932,76184,76134,76812,69957,68784,69347,68945,68787,77653,76968,76430,76896,76488,66469,65691,65897,66410,65781
1026,1,0,24,76824,76378,75615,75570,76199,69508,68324,68890,68484,68334,77085,76384,75852,76325,75943,66014,65253,65445,65959,65356
1027,0,0,24,77409,76953,76184,76138,76795,69969,68800,69354,68952,68804,77657,76963,76439,76914,76511,66467,65692,65901,66422,65813
1028,1,0,24,76822,76384,75611,75569,76232,69515,68324,68891,68489,68351,77105,76386,75846,76342,75936,66030,65239,65459,65978,65346
1029,0,0,24,77409,76957,76184,76136,76816,69967,68792,69353,68956,68806,77681,76964,76422,76919,76504,66476,65696,65911,66427,65796
1030,1,0,24,76826,76382,75618,75564,76228,69508,68317,68902,68509,68335,77108,76383,75840,76328,75935,66022,65238,65460,65961,65341
1031,0,0,24,77396,76932,76180,76117,76788,69959,68777,69351,68959,68789,77662,76943,76414,76892,76491,66468,65677,65900,66397,65782
1032,1,0,24,76802,76389,75605,75577,76233,69514,68313,68889,68490,68336,77083,76389,75858,76315,75928,66032,65239,65445,65956,65336
1033,0,0,24,77392,76948,76164,76134,76813,69971,68779,69351,68948,68789,77660,76968,76447,76891,76496,66472,65683,65901,66411,65792
1034,1,0,24,76817,76391,75616,75584,76236,69510,68329,68893,68496,68345,77083,76377,75861,76318,75919,66024,65256,65445,65965,65339
1035,0,0,24,77417,76971,76179,76157,76818,69978,68794,69366,68956,68807,77667,76971,76441,76906,76503,66481,65727,65892,66425,65805
1036,1,0,24,76826,76400,75624,75585,76246,69520,68334,68906,68502,68365,77094,76399,75857,76352,75937,66032,65258,65455,65965,65361
1037,0,0,24,77400,76973,76183,76138,76817,69971,68785,69354,68959,68820,77657,76961,76421,76929,76488,66478,65696,65899,66412,65806
1038,1,0,24,76830,76386,75621,75595,76237,69498,68313,68887,68479,68332,77098,76378,75861,76327,75912,66016,65251,65459,65945,65347
1039,0,0,24,77416,76963,76203,76162,76804,69968,68783,69353,68965,68801,77676,76965,76457,76920,76486,66477,65718,65917,66407,65799
1040,1,0,24,76828,76400,75629,75584,76232,69512,68325,68915,68484,68360,77088,76397,75849,76342,75920,66033,65268,65458,65969,65351
1041,0,0,24,77404,76964,76189,76138,76803,69978,68787,69369,68951,68818,77658,76967,76425,76915,76489,66473,65712,65899,66409,65801
1042,1,0,24,76844,76414,75647,75609,76256,69542,68324,68919,68495,68365,77113,76398,75861,76348,75925,66044,65264,65462,65968,65361
1043,0,0,24,77405,76959,76190,76140,76818,69982,68769,69361,68957,68809,77663,76953,76428,76899,76474,66463,65691,65903,66410,65797
1044,1,0,24,76838,76378,75638,75582,76249,69523,68340,68915,68508,68337,77106,76398,75859,76356,75946,66024,65260,65446,65973,65371
1045,0,0,24,77449,76982,76210,76166,76842,69999,68827,69386,68987,68817,77696,76994,76461,76944,76528,66500,65732,65923,66441,65830
1046,1,0,24,76834,76400,75626,75592,76231,69541,68330,68911,68505,68349,77110,76390,75869,76352,75943,66041,65251,65473,65959,65352
1047,0,0,24,77396,76962,76181,76134,76797,69958,68778,69356,68944,68787,77663,76942,76431,76908,76498,66467,65685,65894,66394,65776
1048,1,0,24,76820,76402,75609,75564,76248,69516,68336,68897,68494,68351,77098,76379,75868,76338,75942,66026,65254,65455,65954,65359
1049,0,0,24,77402,76968,76179,76131,76825,69976,68796,69364,68950,68816,77666,76959,76447,76930,76505,66480,65699,65914,66401,65803
1050,1,0,24,76819,76398,75621,75575,76248,69513,68325,68898,68483,68328,77103,76387,75867,76338,75926,66032,65250,65448,65958,65368
1051,0,0,24,77404,76970,76183,76133,76826,69979,68771,69353,68938,68795,77679,76947,76445,76918,76490,66480,65686,65899,66401,65813
1052,1,0,24,76817,76393,75613,75582,76252,69514,68328,68896,68482,68327,77086,76372,75839,76331,75936,66016,65254,65444,65953,65356
1053,0,0,24,77390,76940,76170,76123,76826,69963,68781,69349,68942,68790,77658,76938,76422,76896,76484,66459,65694,65883,66396,65805
1054,1,0,24,76829,76407,75612,75557,76230,69515,68311,68891,68484,68341,77072,76363,75858,76330,75921,66007,65249,65440,65961,65332
1055,0,0,24,77399,76969,76165,76121,76803,69974,68764,69356,68945,68798,77643,76928,76435,76917,76486,66454,65685,65886,66415,65770
1056,1,0,24,76827,76407,75634,75575,76243,69531,68329,68897,68485,68340,77103,76387,75867,76334,75920,66039,65258,65452,65963,65344
1057,0,0,24,77421,76983,76210,76138,76815,69976,68791,69372,68944,68795,77674,76957,76446,76915,76487,66487,65706,65905,66415,65804
1058,1,0,24,76826,76404,75641,75584,76248,69525,68326,68905,68496,68328,77076,76377,75845,76342,75935,66034,65264,65449,65965,65340
1059,0,0,24,77416,76988,76213,76154,76830,69985,68786,69365,68965,68797,77660,76952,76431,76922,76517,66486,65715,65890,66420,65803
1060,1,0,24,76822,76413,75614,75580,76246,69527,68316,68899,68479,68329,77118,76396,75843,76323,75934,66029,65251,65438,65957,65349
1061,0,0,24,77417,76987,76192,76147,76822,69981,68775,69377,68947,68804,77682,76965,76424,76906,76501,66474,65691,65889,66406,65803
1062,1,0,24,76842,76405,75629,75584,76254,69528,68336,68918,68497,68347,77099,76405,75866,76337,75928,66042,65279,65459,65980,65367
1063,0,0,24,77414,76984,76192,76137,76824,69975,68798,69376,68945,68805,77668,76968,76442,76909,76492,66479,65714,65895,66422,65802
1064,1,0,24,76822,76411,75608,75588,76265,69532,68343,68902,68495,68344,77085,76406,75843,76331,75940,66040,65268,65456,65963,65368
1065,0,0,24,77410,76985,76166,76130,76841,69963,68793,69354,68954,68799,77671,76977,76416,76903,76508,66484,65714,65900,66413,65798
1066,1,0,24,76831,76393,75601,75572,76232,69504,68328,68896,68474,68328,77100,76394,75836,76318,75921,66016,65232,65419,65966,65348
1067,0,0,24,77431,76982,76179,76149,76837,69972,68795,69366,68953,68806,77670,76982,76437,76914,76503,66483,65687,65884,66423,65798
1068,1,0,24,76832,76397,75632,75591,76244,69521,68337,68906,68501,68364,77101,76393,75853,76329,75930,66034,65248,65439,65969,65350
1069,0,0,24,77413,76966,76183,76156,76816,69960,68783,69360,68957,68810,77672,76963,76421,76900,76502,66465,65698,65887,66421,65802
1070,1,0,24,76819,76400,75628,75581,76224,69514,68339,68890,68506,68354,77100,76401,75851,76327,75925,66028,65244,65450,65953,65365
1071,0,0,24,77396,76972,76192,76144,76791,69950,68799,69338,68963,68817,77661,76971,76410,76899,76481,66472,65694,65900,66399,65805
1072,1,0,24,76802,76386,75615,75574,76221,69510,68325,68868,68482,68357,77082,76378,75853,76320,75929,66015,65233,65423,65945,65346
1073,0,0,24,77365,76945,76189,76127,76808,69956,68787,69327,68944,68813,77655,76963,76430,76889,76484,66459,65677,65867,66396,65798
1074,1,0,24,76816,76394,75601,75567,76224,69496,68325,68889,68479,68348,77069,76378,75833,76312,75911,65997,65240,65414,65948,65349
1075,0,0,24,77388,76956,76167,76124,76791,69941,68771,69332,68931,68802,77638,76945,76411,76877,76473,66442,65678,65849,66390,65796
1076,1,0,24,76800,76407,75609,75589,76244,69501,68311,68897,68475,68353,77072,76378,75849,76318,75932,65994,65240,65419,65947,65343
1077,0,0,24,77384,76967,76169,76138,76813,69952,68763,69352,68950,68805,77638,76938,76417,76889,76479,66438,65678,65861,66389,65787
1078,1,0,24,76798,76396,75622,75576,76231,69490,68315,68877,68475,68350,77071,76371,75837,76295,75919,66003,65244,65417,65933,65353
1079,0,0,24,77389,76958,76178,76142,76804,69948,68767,69341,68938,68811,77642,76946,76416,76877,76486,66448,65688,65860,66375,65792
1080,1,0,24,76843,76414,75632,75575,76231,69515,68326,68897,68488,68353,77078,76392,75856,76313,75922,66017,65251,65439,65959,65356
1081,0,0,24,77423,76986,76186,76137,76804,69962,68782,69350,68949,68819,77640,76960,76440,76894,76488,66463,65688,65885,66405,65804
1082,1,0,24,76818,76395,75602,75569,76222,69502,68321,68886,68487,68356,77079,76372,75837,76309,75926,66016,65256,65439,65944,65358
1083,0,0,24,77394,76967,76157,76140,76797,69966,68773,69347,68951,68819,77644,76947,76409,76885,76490,66467,65701,65891,66393,65804
1084,1,0,24,76811,76397,75605,75596,76245,69523,68328,68894,68483,68367,77076,76377,75844,76327,75939,66025,65253,65426,65955,65349
1085,0,0,24,77377,76944,76162,76130,76800,69950,68780,69336,68932,68814,77640,76929,76402,76889,76473,66455,65681,65846,66393,65781
1086,1,0,24,76810,76371,75607,75571,76224,69494,68311,68867,68483,68358,77068,76371,75834,76311,75909,66004,65250,65414,65939,65351
1087,0,0,24,77398,76945,76173,76143,76802,69956,68785,69330,68958,68813,77645,76960,76422,76888,76489,66472,65699,65863,66383,65801
1088,1,0,24,76812,76384,75612,75570,76228,69495,68319,68881,68483,68350,77062,76389,75839,76302,75914,66011,65233,65424,65946,65339
1089,0,0,24,77409,76969,76189,76146,76811,69962,68795,69359,68961,68811,77654,76969,76433,76899,76502,66471,65682,65875,66413,65787
1090,1,0,24,76809,76394,75613,75582,76229,69494,68308,68892,68502,68334,77064,76368,75834,76305,75923,65996,65257,65425,65946,65329
1091,0,0,24,77384,76960,76159,76128,76788,69935,68755,69340,68957,68784,77630,76943,76404,76881,76479,66442,65682,65860,66389,65771
1092,1,0,24,76840,76402,75626,75594,76238,69515,68315,68900,68494,68367,77099,76385,75852,76338,75946,66033,65269,65443,65968,65353
1093,0,0,24,77405,76959,76177,76143,76811,69957,68767,69347,68969,68830,77659,76957,76429,76900,76501,66461,65703,65874,66406,65788
1094,1,0,24,76825,76389,75632,75614,76229,69512,68334,68899,68511,68366,77102,76393,75855,76343,75936,66033,65263,65441,65954,65347
1095,0,0,24,77400,76952,76190,76166,76803,69955,68792,69358,68969,68825,77662,76959,76438,76911,76489,66472,65696,65879,66396,65794
1096,1,0,24,76812,76405,75613,75598,76234,69507,68333,68899,68495,68366,77094,76391,75859,76321,75927,66020,65241,65415,65954,65337
1097,0,0,24,77392,76957,76173,76146,76800,69963,68777,69345,68952,68830,77645,76969,76441,76890,76492,66464,65696,65869,66396,65782
1098,1,0,24,76781,76376,75601,75564,76215,69484,68304,68904,68486,68347,77069,76370,75820,76313,75911,66010,65232,65406,65929,65338
1099,0,0,24,77391,76968,76186,76157,76804,69971,68778,69372,68967,68823,77653,76967,76430,76920,76495,66474,65710,65882,66399,65803
1100,1,0,24,76835,76409,75613,75587,76238,69512,68319,68911,68490,68369,77111,76393,75861,76327,75944,66027,65248,65429,65955,65338
1101,0,0,24,77431,76989,76188,76145,76817,69974,68783,69366,68963,68836,77682,76975,76420,76908,76506,66473,65696,65883,66421,65793
1102,1,0,24,76820,76418,75612,75579,76233,69497,68329,68904,68482,68359,77074,76387,75851,76329,75923,66018,65252,65439,65951,65339
1103,0,0,24,77412,76997,76167,76147,76813,69971,68804,69367,68949,68831,77658,76969,76427,76924,76499,66471,65702,65893,66422,65790
1104,1,0,24,76805,76405,75613,75560,76211,69492,68323,68891,68480,68342,77057,76370,75843,76312,75913,66007,65237,65424,65940,65317
1105,0,0,24,77410,76967,76187,76123,76803,69941,68786,69361,68943,68816,77630,76958,76431,76896,76487,66458,65682,65858,66408,65774
1106,1,0,24,76834,76403,75627,75591,76234,69511,68340,68905,68506,68356,77090,76393,75856,76340,75935,66021,65259,65438,65958,65354
1107,0,0,24,77408,76978,76177,76136,76817,69969,68796,69358,68967,68810,77672,76966,76424,76905,76492,66465,65697,65890,66415,65799
1108,1,0,24,76834,76409,75626,75599,76236,69532,68351,68916,68521,68374,77089,76397,75855,76334,75940,66033,65264,65450,65967,65372
1109,0,0,24,77417,76960,76175,76141,76813,69968,68799,69358,68969,68828,77661,76963,76419,76895,76489,66467,65698,65887,66399,65796
1110,1,0,24,76816,76401,75626,75590,76248,69506,68327,68895,68497,68381,77085,76385,75844,76316,75917,66026,65259,65448,65955,65351
1111,0,0,24,77398,76966,76195,76150,76810,69965,68771,69351,68960,68835,77643,76953,76421,76893,76482,66468,65692,65885,66419,65806
1112,1,0,24,76829,76407,75625,75597,76243,69522,68331,68916,68506,68361,77087,76387,75863,76331,75947,66039,65275,65440,65951,65372
1113,0,0,24,77402,76974,76198,76152,76811,69973,68794,69363,68968,68824,77655,76961,76435,76903,76496,66477,65722,65895,66390,65813
1114,1,0,24,76808,76400,75610,75579,76218,69497,68333,68895,68498,68339,77068,76376,75831,76306,75904,66022,65241,65436,65945,65348
1115,0,0,24,77416,76990,76194,76168,76813,69967,68803,69373,68970,68832,77662,76965,76424,76915,76492,66486,65699,65895,66422,65814
1116,1,0,24,76834,76406,75616,75588,76230,69507,68334,68895,68486,68351,77075,76395,75846,76311,75921,66025,65256,65429,65956,65354
1117,0,0,24,77422,76979,76185,76148,76809,69969,68801,69374,68942,68818,77658,76975,76435,76903,76487,66483,65710,65890,66414,65812
1118,1,0,24,76821,76408,75618,75588,76215,69510,68327,68897,68495,68355,77085,76385,75845,76317,75922,66015,65228,65436,65960,65338
1119,0,0,24,77388,76966,76166,76136,76788,69950,68782,69349,68953,68810,77661,76960,76423,76889,76472,66440,65674,65869,66398,65778
1120,1,0,24,76838,76426,75638,75587,76234,69525,68337,68913,68503,68369,77105,76394,75856,76324,75919,66026,65251,65446,65966,65365
1121,0,0,24,77411,77004,76197,76152,76811,69979,68795,69368,68963,68825,77677,76969,76440,76904,76493,66481,65704,65893,66407,65806
1122,1,0,24,76830,76412,75638,75586,76238,69532,68324,68924,68516,68369,77091,76390,75856,76322,75919,66032,65255,65438,65961,65347
1123,0,0,24,77401,76977,76191,76131,76796,69960,68772,69373,68963,68818,77640,76950,76415,76885,76463,66466,65688,65870,66391,65787
1124,1,0,24,76822,76399,75631,75601,76219,69511,68338,68904,68504,68358,77093,76388,75843,76310,75928,66033,65252,65447,65964,65340
1125,0,0,24,77415,76968,76198,76164,76816,69974,68794,69370,68962,68828,77668,76962,76427,76885,76503,66485,65701,65901,66414,65803
1126,1,0,24,76821,76390,75612,75590,76229,69508,68326,68904,68489,68359,77068,76377,75840,76312,75930,66023,65249,65430,65947,65348
1127,0,0,24,77387,76961,76171,76141,76797,69962,68783,69361,68946,68817,77637,76939,76411,76887,76487,66459,65695,65874,66384,65796
1128,1,0,24,76814,76406,75623,75590,76227,69518,68333,68918,68514,68370,77088,76393,75850,76322,75918,66019,65270,65442,65956,65347
1129,0,0,24,77402,76995,76201,76165,76815,69986,68806,69391,68981,68836,77663,76977,76431,76896,76486,66480,65729,65897,66415,65806
1130,1,0,24,76813,76405,75650,75603,76227,69512,68326,68909,68507,68377,77071,76379,75863,76328,75938,66035,65259,65455,65962,65374
1131,0,0,24,77397,76978,76199,76160,76801,69966,68791,69359,68962,68828,77651,76960,76434,76905,76500,66472,65705,65892,66402,65811
1132,1,0,24,76820,76376,75633,75568,76201,69499,68317,68895,68479,68349,77090,76358,75831,76326,75905,66016,65231,65420,65949,65337
1133,0,0,24,77409,76964,76199,76128,76769,69959,68790,69350,68932,68818,77654,76933,76411,76902,76475,66462,65686,65864,66401,65788
1134,1,0,24,76830,76413,75631,75592,76229,69518,68350,68920,68490,68376,77080,76387,75854,76333,75931,66026,65262,65444,65972,65356
1135,0,0,24,77411,76990,76192,76146,76804,69975,68809,69379,68944,68839,77664,76964,76432,76907,76494,66466,65702,65902,66422,65800
1136,1,0,24,76834,76413,75617,75591,76225,69527,68340,68896,68484,68366,77117,76381,75845,76334,75929,66030,65242,65448,65960,65353
1137,0,0,24,77410,76976,76189,76158,76808,69981,68823,69355,68953,68829,77698,76956,76426,76917,76502,66485,65700,65894,66421,65807
1138,1,0,24,76844,76398,75638,75577,76216,69514,68349,68914,68473,68382,77097,76374,75855,76316,75931,66037,65254,65435,65963,65367
1139,0,0,24,77413,76947,76189,76132,76800,69978,68799,69358,68922,68833,77667,76956,76426,76896,76491,66475,65694,65891,66409,65811
1140,1,0,24,76797,76379,75602,75566,76223,69507,68308,68887,68482,68351,77073,76359,75819,76314,75917,66006,65244,65424,65938,65337
1141,0,0,24,77383,76959,76179,76134,76797,69962,68770,69347,68945,68803,77650,76936,76410,76892,76480,66451,65693,65878,66383,65795
1142,1,0,24,76806,76363,75632,75578,76216,69495,68321,68901,68482,68346,77090,76370,75821,76325,75911,65991,65245,65429,65957,65357
1143,0,0,24,77380,76940,76195,76133,76785,69952,68782,69363,68928,68816,77641,76942,76410,76895,76481,66435,65693,65860,66389,65794
1144,1,0,24,76801,76361,75616,75564,76198,69481,68316,68891,68481,68349,77082,76361,75834,76329,75914,66002,65230,65421,65940,65342
1145,0,0,24,77385,76938,76179,76109,76775,69936,68773,69347,68934,68808,77652,76923,76406,76906,76470,66448,65673,65867,66389,65779
1146,1,0,24,76820,76407,75634,75572,76229,69507,68341,68919,68497,68360,77081,76371,75859,76336,75921,66026,65252,65441,65969,65359
1147,0,0,24,77398,76966,76179,76135,76800,69951,68792,69368,68961,68810,77639,76938,76427,76902,76482,66463,65685,65871,66415,65795
1148,1,0,24,76835,76404,75636,75578,76246,69520,68338,68914,68507,68369,77094,76384,75860,76341,75951,66019,65260,65437,65960,65369
1149,0,0,24,77387,76940,76178,76116,76800,69952,68779,69345,68963,68805,77636,76935,76416,76899,76482,66442,65682,65865,66394,65797
1150,1,0,24,76823,76391,75597,75572,76235,69498,68306,68894,68484,68350,77093,76356,75843,76324,75913,66010,65235,65418,65952,65328
1151,0,0,24,77426,76975,76191,76151,76830,69963,68790,69368,68959,68822,77686,76956,76439,76918,76502,66476,65698,65882,66413,65785
1152,1,0,24,76823,76378,75621,75563,76214,69496,68306,68887,68472,68346,77076,76372,75833,76323,75909,66014,65230,65421,65938,65329
1153,0,0,24,77411,76941,76189,76136,76785,69962,68774,69360,68945,68810,77660,76954,76413,76898,76481,66465,65692,65869,66401,65783
1154,1,0,24,76817,76373,75614,75567,76223,69495,68316,68892,68477,68350,77083,76370,75818,76333,75912,66019,65242,65428,65949,65329
1155,0,0,24,77399,76947,76182,76124,76804,69950,68765,69352,68943,68814,77660,76951,76404,76911,76485,66458,65686,65892,66404,65783
1156,1,0,24,76806,76389,75614,75572,76231,69506,68330,68889,68504,68368,77089,76380,75841,76327,75933,66016,65249,65424,65944,65342
1157,0,0,24,77397,76951,76179,76124,76805,69945,68772,69335,68951,68806,77659,76959,76413,76893,76487,66453,65688,65860,66391,65782
1158,1,0,24,76817,76385,75616,75575,76228,69502,68331,68893,68500,68355,77080,76381,75856,76350,75921,66010,65250,65413,65953,65334
1159,0,0,24,77381,76945,76177,76130,76787,69951,68787,69350,68956,68817,77636,76954,76415,76907,76477,66440,65684,65859,66393,65774
1160,1,0,24,76813,76393,75622,75571,76238,69496,68317,68876,68460,68348,77078,76388,75853,76330,75914,66000,65253,65400,65939,65332
1161,0,0,24,77390,76966,76184,76141,76812,69960,68780,69350,68948,68808,77660,76963,76438,76913,76484,66452,65693,65858,66405,65779
1162,1,0,24,76817,76378,75615,75558,76234,69504,68312,68909,68497,68355,77081,76387,75837,76332,75912,66007,65236,65410,65936,65336
1163,0,0,24,77407,76970,76187,76131,76812,69966,68787,69370,68969,68824,77676,76963,76425,76914,76484,66456,65692,65874,66382,65795
1164,1,0,24,76814,76395,75610,75576,76232,69495,68334,68891,68489,68352,77071,76387,75838,76322,75928,66008,65238,65422,65944,65325
1165,0,0,24,77398,76960,76172,76123,76789,69947,68788,69348,68944,68802,77652,76957,76419,76889,76490,66448,65674,65862,66390,65778
1166,1,0,24,76819,76391,75605,75570,76220,69500,68334,68882,68490,68360,77061,76371,75830,76337,75921,65999,65242,65406,65946,65337
1167,0,0,24,77393,76976,76168,76130,76805,69967,68795,69344,68956,68824,77646,76950,76420,76914,76486,66449,65686,65864,66410,65788
1168,1,0,24,76826,76388,75612,75579,76235,69503,68345,68902,68519,68359,77079,76389,75845,76331,75931,66030,65264,65417,65952,65340
1169,0,0,24,77411,76976,76184,76140,76819,69966,68800,69358,68989,68823,77666,76963,76434,76916,76501,66479,65711,65873,66414,65796
1170,1,0,24,76813,76393,75612,75585,76233,69509,68347,68881,68496,68349,77092,76395,75841,76324,75925,66013,65253,65434,65947,65353
1171,0,0,24,77400,76963,76167,76141,76815,69961,68796,69353,68954,68824,77662,76966,76416,76912,76483,66457,65703,65875,66396,65807
1172,1,0,24,76815,76404,75626,75576,76213,69512,68342,68873,68491,68364,77064,76375,75847,76327,75910,66006,65248,65426,65941,65337
1173,0,0,24,77409,76967,76193,76140,76798,69969,68807,69337,68947,68819,77632,76953,76420,76902,76476,66453,65692,65881,66390,65777
1174,1,0,24,76812,76372,75603,75568,76211,69500,68333,68872,68485,68359,77077,76381,75836,76328,75909,66015,65247,65411,65944,65334
1175,0,0,24,77395,76954,76182,76127,76803,69961,68797,69337,68946,68823,77659,76957,76420,76910,76481,66465,65698,65859,66396,65789
1176,1,0,24,76818,76392,75613,75558,76208,69501,68335,68891,68504,68352,77097,76396,75853,76344,75922,66006,65259,65435,65949,65349
1177,0,0,24,77387,76960,76165,76126,76780,69951,68792,69351,68974,68807,77656,76958,76425,76923,76483,66460,65702,65871,66395,65791
1178,1,0,24,76806,76389,75629,75579,76226,69524,68333,68892,68511,68360,77093,76390,75840,76344,75936,65992,65250,65432,65941,65350
1179,0,0,24,77400,76969,76203,76154,76818,69991,68800,69359,68972,68844,77677,76969,76428,76935,76511,66450,65706,65887,66412,65811
1180,1,0,24,76806,76393,75599,75545,76209,69498,68308,68861,68481,68353,77048,76358,75835,76314,75922,65986,65234,65390,65934,65335
1181,0,0,24,77390,76965,76172,76104,76794,69956,68768,69319,68942,68813,77644,76932,76422,76894,76498,66437,65671,65837,66392,65792
1182,1,0,24,76815,76389,75615,75563,76241,69501,68313,68879,68484,68358,77086,76382,75855,76335,75918,66013,65243,65407,65953,65347
1183,0,0,24,77391,76966,76188,76119,76804,69950,68764,69349,68953,68805,77661,76948,76432,76918,76481,66451,65695,65856,66410,65799
1184,1,0,24,76824,76390,75609,75574,76221,69494,68315,68878,68495,68349,77081,76392,75855,76316,75923,66013,65241,65402,65927,65335
1185,0,0,24,77405,76964,76179,76144,76804,69955,68777,69349,68958,68816,77656,76957,76428,76907,76491,66470,65673,65870,66388,65788
1186,1,0,24,76811,76381,75619,75580,76210,69502,68322,68887,68488,68370,77088,76374,75822,76332,75935,66030,65244,65417,65945,65347
1187,0,0,24,77398,76954,76202,76138,76793,69960,68784,69355,68961,68833,77663,76956,76412,76913,76503,66489,65712,65867,66407,65803
1188,1,0,24,76809,76392,75612,75570,76214,69508,68319,68878,68492,68362,77075,76366,75841,76328,75932,66008,65235,65415,65946,65352
1189,0,0,24,77382,76960,76178,76129,76785,69957,68776,69328,68946,68819,77642,76924,76402,76897,76477,66452,65667,65860,66396,65787
1190,1,0,24,76826,76394,75620,75569,76235,69513,68324,68894,68499,68348,77079,76373,75841,76328,75934,66007,65254,65433,65964,65367
1191,0,0,24,77409,76974,76196,76152,76817,69968,68780,69350,68962,68828,77659,76950,76424,76923,76508,66459,65687,65884,66415,65807
1192,1,0,24,76826,76381,75627,75570,76213,69511,68308,68872,68502,68371,77088,76379,75840,76317,75929,66016,65232,65416,65961,65344
1193,0,0,24,77405,76960,76190,76139,76798,69966,68774,69330,68944,68836,77660,76957,76418,76893,76500,66462,65680,65870,66412,65797
1194,1,0,24,76825,76378,75615,75584,76214,69535,68306,68877,68489,68376,77105,76400,75857,76352,75927,66016,65232,65417,65953,65363
1195,0,0,24,77393,76946,76188,76136,76784,69975,68760,69328,68946,68834,77672,76961,76420,76913,76489,66452,65677,65856,66414,65804
1196,1,0,24,76805,76371,75617,75577,76221,69505,68298,68869,68479,68343,77071,76373,75847,76331,75924,66002,65231,65409,65932,65329
1197,0,0,24,77378,76930,76164,76136,76785,69953,68752,69329,68938,68798,77630,76942,76420,76900,76475,66442,65680,65857,66386,65776
1198,1,0,24,76811,76381,75621,75576,76219,69507,68323,68894,68485,68353,77077,76377,75847,76342,75926,66025,65248,65430,65942,65367
1199,0,0,24,77387,76952,76190,76133,76802,69960,68782,69353,68942,68812,77664,76945,76430,76914,76491,66462,65696,65881,66383,65814
