rep,heat_enabled,transmitter_bit,transmitter_mask,ctrl_0_ro_0,ctrl_0_ro_1,ctrl_0_ro_2,ctrl_0_ro_3,ctrl_0_ro_4,ctrl_1_ro_0,ctrl_1_ro_1,ctrl_1_ro_2,ctrl_1_ro_3,ctrl_1_ro_4,ctrl_2_ro_0,ctrl_2_ro_1,ctrl_2_ro_2,ctrl_2_ro_3,ctrl_2_ro_4,ctrl_3_ro_0,ctrl_3_ro_1,ctrl_3_ro_2,ctrl_3_ro_3,ctrl_3_ro_4
0,1,0,18,76757,76305,75583,75547,76177,69476,68299,68839,68454,68320,77032,76371,75813,76297,75927,65981,65236,65424,65909,65328
1,0,0,18,77357,76884,76149,76105,76747,69935,68768,69294,68917,68786,77617,76950,76392,76878,76491,66426,65668,65866,66349,65777
2,1,0,18,76781,76316,75578,75550,76185,69479,68314,68833,68470,68328,77042,76373,75806,76297,75919,65978,65223,65418,65900,65319
3,0,0,18,77367,76896,76159,76117,76761,69949,68774,69306,68933,68797,77630,76954,76379,76880,76497,66433,65673,65879,66367,65773
4,1,0,18,76786,76332,75597,75565,76199,69487,68320,68844,68483,68346,77043,76381,75822,76315,75922,65994,65227,65431,65927,65328
5,0,0,18,77370,76913,76169,76128,76764,69952,68775,69315,68938,68793,77636,76964,76414,76890,76492,66451,65672,65883,66383,65789
6,1,0,18,76798,76335,75608,75562,76202,69488,68329,68846,68484,68342,77051,76384,75823,76315,75910,65998,65220,65425,65937,65335
7,0,0,18,77355,76893,76159,76120,76766,69942,68780,69298,68945,68791,77627,76948,76391,76876,76473,66447,65666,65878,66376,65780
8,1,0,18,76792,76328,75602,75567,76205,69479,68322,68846,68487,68337,77044,76386,75821,76308,75912,66000,65217,65432,65934,65333
9,0,0,18,77350,76885,76144,76110,76758,69924,68763,69302,68923,68783,77597,76938,76393,76868,76467,66433,65663,65871,66378,65773
10,1,0,18,76777,76335,75596,75567,76193,69477,68324,68849,68477,68344,77022,76376,75831,76308,75907,65999,65225,65427,65936,65332
11,0,0,18,77361,76902,76156,76127,76769,69924,68781,69302,68939,68808,77608,76951,76422,76891,76490,66447,65670,65879,66386,65787
12,1,0,18,76797,76337,75601,75566,76210,69485,68330,68845,68494,68355,77043,76380,75838,76325,75926,65998,65235,65426,65941,65351
13,0,0,18,77363,76916,76163,76122,76776,69939,68783,69307,68951,68813,77622,76950,76415,76888,76486,66448,65679,65879,66398,65798
14,1,0,18,76816,76372,75625,75595,76232,69510,68353,68872,68519,68389,77062,76404,75859,76344,75947,66021,65257,65462,65967,65361
15,0,0,18,77367,76923,76164,76133,76779,69958,68786,69315,68957,68832,77618,76959,76413,76899,76496,66441,65681,65888,66393,65790
16,1,0,18,76797,76337,75618,75571,76210,69496,68336,68860,68503,68379,77044,76384,75855,76319,75937,65999,65241,65443,65948,65347
17,0,0,18,77360,76904,76163,76113,76763,69936,68779,69303,68943,68821,77602,76940,76410,76875,76481,66429,65666,65874,66379,65785
18,1,0,18,76786,76340,75598,75556,76204,69486,68331,68848,68503,68353,77030,76380,75846,76311,75924,65992,65227,65432,65929,65342
19,0,0,18,77352,76915,76160,76109,76760,69945,68780,69306,68946,68798,77601,76953,76409,76877,76478,66433,65666,65878,66385,65795
20,1,0,18,76785,76356,75622,75572,76210,69497,68338,68863,68505,68358,77041,76392,75851,76321,75927,66005,65242,65437,65951,65359
21,0,0,18,77350,76908,76175,76120,76776,69947,68783,69307,68957,68797,77599,76949,76404,76881,76488,66444,65672,65874,66385,65805
22,1,0,18,76776,76343,75619,75558,76214,69491,68335,68853,68498,68353,77024,76386,75839,76313,75916,65993,65231,65426,65938,65345
23,0,0,18,77384,76935,76197,76128,76798,69959,68793,69337,68971,68822,77611,76976,76429,76908,76501,66453,65696,65899,66406,65807
24,1,0,18,76790,76343,75626,75549,76212,69492,68329,68856,68508,68353,77022,76388,75840,76320,75923,65989,65243,65437,65948,65347
25,0,0,18,77351,76896,76168,76103,76762,69935,68767,69307,68954,68802,77598,76944,76419,76886,76472,66430,65670,65870,66385,65780
26,1,0,18,76803,76347,75631,75571,76217,69499,68344,68864,68517,68370,77044,76395,75855,76325,75931,66002,65246,65437,65947,65345
27,0,0,18,77368,76912,76180,76126,76784,69944,68789,69308,68966,68812,77612,76964,76429,76895,76498,66437,65691,65883,66397,65788
28,1,0,18,76791,76339,75613,75569,76217,69497,68341,68849,68513,68351,77033,76391,75855,76324,75926,65992,65244,65424,65949,65337
29,0,0,18,77381,76927,76181,76134,76782,69963,68787,69318,68971,68827,77621,76964,76436,76900,76495,66447,65698,65888,66398,65787
30,1,0,18,76795,76342,75605,75563,76208,69497,68330,68850,68507,68358,77037,76386,75852,76326,75924,65987,65236,65430,65939,65327
31,0,0,18,77377,76921,76175,76130,76788,69959,68800,69317,68972,68823,77618,76964,76432,76903,76494,66443,65690,65881,66390,65779
32,1,0,18,76799,76347,75609,75567,76212,69506,68350,68857,68519,68368,77041,76397,75852,76332,75920,65996,65244,65434,65946,65331
33,0,0,18,77378,76920,76175,76134,76801,69972,68810,69332,68978,68843,77628,76971,76452,76911,76502,66450,65696,65901,66403,65799
34,1,0,18,76790,76343,75603,75563,76218,69503,68355,68868,68507,68372,77043,76395,75856,76327,75926,65999,65240,65443,65949,65337
35,0,0,18,77362,76907,76167,76126,76780,69948,68797,69321,68953,68815,77607,76953,76416,76886,76475,66434,65676,65879,66389,65778
36,1,0,18,76801,76348,75609,75572,76228,69492,68351,68870,68499,68362,77044,76385,75865,76327,75932,65995,65244,65437,65944,65344
37,0,0,18,77376,76923,76164,76124,76793,69949,68798,69325,68951,68814,77619,76954,76447,76897,76486,66447,65685,65884,66397,65798
38,1,0,18,76815,76363,75627,75580,76242,69509,68365,68871,68512,68376,77062,76404,75882,76350,75947,66015,65254,65452,65959,65357
39,0,0,18,77391,76941,76191,76136,76809,69974,68818,69335,68972,68837,77625,76978,76457,76920,76520,66456,65704,65895,66412,65817
40,1,0,18,76807,76366,75623,75562,76230,69507,68354,68875,68524,68373,77037,76399,75867,76336,75943,66001,65253,65442,65954,65358
41,0,0,18,77371,76908,76153,76114,76776,69953,68801,69317,68966,68815,77597,76947,76434,76882,76489,66431,65686,65875,66385,65795
42,1,0,18,76811,76355,75611,75571,76210,69520,68365,68862,68526,68377,77036,76395,75877,76336,75932,65994,65256,65436,65959,65349
43,0,0,18,77373,76917,76164,76109,76769,69961,68800,69308,68966,68823,77600,76953,76431,76895,76498,66429,65689,65879,66391,65784
44,1,0,18,76811,76350,75606,75563,76214,69503,68349,68854,68516,68366,77038,76386,75853,76325,75946,65988,65241,65440,65928,65331
45,0,0,18,77379,76907,76160,76109,76779,69949,68784,69308,68960,68811,77606,76953,76422,76899,76505,66433,65689,65877,66377,65772
46,1,0,18,76821,76365,75624,75580,76234,69503,68349,68859,68525,68376,77046,76402,75871,76345,75965,66000,65260,65448,65956,65343
47,0,0,18,77376,76910,76189,76125,76787,69958,68793,69324,68974,68823,77607,76961,76440,76900,76508,66432,65696,65886,66381,65789
48,1,0,18,76808,76356,75631,75571,76231,69523,68349,68866,68522,68378,77045,76399,75874,76330,75943,65992,65245,65440,65940,65351
49,0,0,18,77374,76908,76175,76112,76784,69957,68789,69312,68968,68823,77607,76955,76420,76891,76492,66427,65688,65878,66369,65787
50,1,0,18,76806,76348,75617,75553,76222,69513,68341,68853,68516,68373,77041,76394,75865,76334,75936,65979,65252,65428,65925,65335
51,0,0,18,77386,76915,76174,76118,76796,69960,68792,69309,68951,68822,77620,76959,76443,76905,76506,66430,65690,65877,66374,65783
52,1,0,18,76784,76319,75593,75544,76202,69484,68320,68831,68481,68357,77015,76366,75844,76310,75928,65965,65224,65415,65913,65306
53,0,0,18,77383,76904,76160,76111,76780,69948,68787,69307,68952,68816,77614,76957,76439,76892,76499,66417,65680,65874,66364,65774
54,1,0,18,76810,76333,75597,75539,76220,69492,68333,68851,68493,68356,77024,76368,75859,76316,75930,65970,65234,65436,65917,65325
55,0,0,18,77377,76902,76159,76095,76777,69954,68784,69311,68944,68818,77586,76946,76431,76897,76496,66421,65680,65876,66367,65776
56,1,0,18,76791,76324,75589,75542,76194,69486,68320,68840,68491,68351,77003,76370,75846,76312,75912,65963,65225,65424,65899,65328
57,0,0,18,77371,76896,76155,76100,76762,69940,68771,69299,68957,68803,77585,76939,76423,76884,76484,66415,65667,65873,66352,65781
58,1,0,18,76815,76346,75614,75555,76221,69494,68330,68853,68512,68354,77027,76375,75872,76330,75934,65983,65237,65433,65926,65340
59,0,0,18,77381,76910,76161,76106,76785,69945,68773,69313,68961,68802,77608,76949,76432,76888,76492,66424,65669,65863,66366,65783
60,1,0,18,76800,76326,75604,75552,76198,69490,68332,68844,68504,68353,77021,76380,75860,76316,75934,65975,65227,65416,65920,65331
61,0,0,18,77372,76898,76159,76106,76768,69941,68791,69300,68956,68806,77604,76949,76422,76885,76499,66431,65663,65869,66365,65785
62,1,0,18,76804,76337,75610,75545,76204,69499,68345,68844,68509,68358,77032,76376,75856,76318,75928,65986,65229,65428,65918,65336
63,0,0,18,77390,76913,76166,76112,76773,69959,68792,69318,68969,68810,77605,76954,76434,76889,76508,66433,65689,65883,66377,65792
64,1,0,18,76821,76332,75612,75564,76210,69494,68345,68857,68515,68356,77036,76380,75869,76321,75947,65979,65245,65438,65920,65345
65,0,0,18,77382,76898,76158,76098,76770,69942,68784,69304,68962,68803,77597,76941,76430,76887,76503,66420,65686,65882,66372,65781
66,1,0,18,76820,76341,75622,75555,76220,69506,68353,68858,68517,68361,77043,76392,75869,76336,75953,65993,65246,65441,65926,65343
67,0,0,18,77386,76918,76176,76108,76780,69959,68796,69318,68964,68817,77601,76956,76437,76892,76506,66429,65684,65891,66374,65788
68,1,0,18,76800,76337,75609,75549,76205,69502,68340,68842,68504,68362,77033,76383,75859,76323,75936,65983,65241,65437,65934,65342
69,0,0,18,77377,76902,76175,76106,76776,69948,68797,69304,68956,68806,77595,76963,76423,76900,76504,66431,65685,65879,66373,65779
70,1,0,18,76803,76339,75621,75563,76212,69504,68347,68852,68509,68368,77028,76394,75854,76338,75946,65989,65244,65434,65924,65329
71,0,0,18,77384,76905,76178,76126,76778,69956,68806,69316,68969,68826,77608,76974,76424,76907,76512,66445,65688,65875,66377,65789
72,1,0,18,76796,76327,75606,75557,76199,69481,68346,68838,68498,68362,77023,76378,75836,76313,75929,65985,65235,65420,65914,65328
73,0,0,18,77383,76913,76178,76120,76779,69951,68801,69316,68949,68826,77609,76963,76430,76901,76508,66448,65688,65877,66361,65788
74,1,0,18,76799,76332,75613,75559,76216,69503,68354,68849,68509,68371,77030,76388,75851,76321,75935,66002,65236,65437,65915,65340
75,0,0,18,77386,76910,76177,76124,76787,69959,68820,69314,68971,68831,77601,76970,76421,76902,76498,66453,65684,65888,66371,65786
76,1,0,18,76813,76335,75594,75557,76204,69493,68353,68854,68506,68371,77025,76372,75839,76320,75938,65998,65235,65433,65914,65336
77,0,0,18,77390,76916,76179,76120,76786,69953,68810,69325,68967,68827,77612,76959,76447,76902,76514,66447,65698,65890,66376,65793
78,1,0,18,76793,76332,75608,75554,76208,69483,68347,68852,68504,68358,77014,76373,75849,76315,75917,65988,65233,65420,65913,65337
79,0,0,18,77381,76913,76189,76126,76786,69959,68815,69324,68965,68826,77613,76966,76435,76917,76501,66442,65695,65885,66377,65794
80,1,0,18,76804,76355,75630,75565,76224,69502,68364,68863,68519,68381,77041,76398,75867,76344,75943,65998,65256,65437,65940,65351
81,0,0,18,77364,76913,76171,76112,76773,69948,68803,69315,68958,68821,77604,76955,76425,76899,76497,66430,65681,65871,66384,65774
82,1,0,18,76797,76338,75610,75554,76216,69495,68357,68859,68515,68376,77032,76396,75858,76337,75941,65984,65249,65430,65936,65326
83,0,0,18,77371,76905,76170,76114,76779,69943,68795,69323,68964,68819,77608,76957,76421,76900,76496,66443,65692,65875,66384,65766
84,1,0,18,76813,76344,75619,75563,76218,69491,68358,68870,68515,68380,77039,76400,75859,76339,75940,65996,65258,65442,65946,65332
85,0,0,18,77387,76909,76177,76124,76794,69953,68809,69332,68966,68840,77618,76970,76424,76911,76507,66443,65697,65892,66391,65781
86,1,0,18,76796,76340,75608,75551,76213,69496,68358,68867,68515,68375,77024,76389,75855,76326,75933,65995,65246,65429,65936,65324
87,0,0,18,77378,76918,76178,76118,76794,69952,68814,69331,68972,68827,77605,76961,76427,76904,76514,66450,65690,65878,66395,65776
88,1,0,18,76797,76337,75615,75551,76214,69492,68348,68855,68514,68368,77016,76389,75839,76332,75934,65992,65237,65427,65938,65318
89,0,0,18,77369,76908,76175,76108,76771,69944,68797,69311,68963,68814,77593,76955,76408,76899,76498,66440,65688,65875,66377,65766
90,1,0,18,76803,76337,75599,75555,76208,69494,68342,68865,68509,68377,77026,76385,75840,76330,75926,65995,65241,65427,65931,65322
91,0,0,18,77374,76900,76167,76111,76775,69945,68796,69316,68966,68826,77607,76956,76410,76890,76493,66451,65680,65887,66386,65769
92,1,0,18,76815,76341,75623,75576,76222,69496,68348,68863,68520,68373,77039,76397,75856,76335,75937,66010,65255,65452,65955,65330
93,0,0,18,77388,76912,76187,76123,76793,69952,68800,69329,68967,68821,77607,76961,76429,76904,76497,66454,65693,65894,66397,65782
94,1,0,18,76812,76342,75629,75570,76217,69496,68353,68867,68515,68368,77033,76395,75870,76335,75934,66007,65251,65452,65943,65340
95,0,0,18,77385,76909,76189,76129,76792,69955,68800,69322,68979,68825,77611,76968,76441,76913,76500,66452,65692,65899,66387,65795
96,1,0,18,76802,76338,75612,75555,76213,69481,68336,68848,68504,68349,77025,76376,75848,76329,75930,65989,65228,65429,65928,65322
97,0,0,18,77380,76899,76175,76127,76785,69953,68794,69323,68955,68814,77594,76954,76439,76911,76503,66444,65689,65879,66379,65778
98,1,0,18,76818,76349,75620,75575,76231,69509,68352,68878,68514,68376,77037,76401,75882,76345,75948,66012,65250,65436,65945,65350
99,0,0,18,77385,76908,76177,76125,76788,69957,68803,69327,68959,68820,77606,76959,76435,76902,76496,66455,65688,65878,66392,65795
100,1,0,18,76800,76334,75610,75564,76209,69491,68338,68846,68501,68355,77018,76380,75842,76325,75925,65995,65242,65430,65934,65339
101,0,0,18,77372,76910,76163,76110,76774,69951,68783,69307,68950,68800,77588,76951,76426,76893,76494,66435,65664,65877,66380,65781
102,1,0,18,76810,76332,75618,75558,76218,69506,68340,68849,68504,68356,77019,76384,75859,76328,75933,65998,65232,65442,65941,65342
103,0,0,18,77379,76907,76185,76124,76787,69962,68795,69318,68958,68812,77606,76947,76435,76919,76500,66450,65675,65883,66396,65799
104,1,0,18,76813,76355,75620,75569,76226,69517,68350,68868,68503,68364,77029,76393,75862,76347,75941,66009,65247,65437,65957,65353
105,0,0,18,77378,76913,76175,76121,76783,69960,68802,69320,68950,68814,77594,76955,76421,76899,76491,66451,65695,65882,66394,65787
106,1,0,18,76801,76343,75616,75562,76213,69499,68344,68861,68491,68362,77018,76391,75851,76336,75929,66007,65243,65443,65936,65339
107,0,0,18,77369,76905,76165,76122,76783,69954,68800,69321,68944,68817,77602,76948,76414,76893,76490,66442,65672,65881,66379,65776
108,1,0,18,76812,76350,75619,75565,76222,69505,68353,68865,68496,68369,77034,76393,75852,76331,75928,66011,65238,65447,65941,65341
109,0,0,18,77376,76893,76171,76119,76785,69945,68800,69315,68945,68817,77582,76963,76424,76887,76491,66441,65679,65883,66377,65781
110,1,0,18,76794,76331,75604,75567,76214,69496,68349,68856,68491,68361,77009,76387,75849,76317,75922,65993,65235,65429,65933,65336
111,0,0,18,77361,76892,76164,76122,76763,69944,68797,69317,68945,68811,77581,76957,76418,76892,76481,66437,65674,65872,66382,65780
112,1,0,18,76786,76316,75594,75560,76199,69486,68341,68851,68493,68351,77001,76385,75837,76311,75915,65981,65223,65431,65931,65322
113,0,0,18,77374,76908,76166,76122,76782,69944,68808,69318,68953,68820,77584,76961,76426,76883,76483,66438,65673,65885,66380,65769
114,1,0,18,76798,76318,75609,75557,76205,69480,68352,68858,68496,68355,77023,76378,75860,76312,75915,65990,65228,65431,65928,65328
115,0,0,18,77384,76906,76184,76141,76790,69950,68819,69328,68962,68814,77618,76967,76446,76906,76496,66448,65680,65888,66387,65793
116,1,0,18,76796,76323,75608,75565,76207,69496,68355,68849,68497,68351,77026,76388,75851,76324,75911,65992,65222,65428,65937,65322
117,0,0,18,77379,76908,76179,76128,76785,69947,68813,69312,68959,68816,77606,76968,76434,76899,76482,66443,65684,65884,66403,65783
118,1,0,18,76806,76336,75614,75567,76223,69507,68359,68854,68501,68354,77027,76393,75864,76333,75921,65993,65237,65440,65950,65330
119,0,0,18,77386,76908,76174,76121,76788,69965,68809,69317,68958,68808,77607,76965,76446,76903,76484,66443,65689,65887,66394,65785
120,1,0,18,76809,76341,75606,75567,76224,69500,68356,68852,68501,68356,77035,76390,75862,76333,75929,65996,65241,65443,65941,65344
121,0,0,18,77390,76924,76180,76130,76791,69966,68813,69312,68963,68812,77617,76973,76441,76903,76492,66449,65693,65895,66401,65798
122,1,0,18,76802,76339,75612,75562,76216,69502,68342,68846,68501,68351,77016,76388,75862,76321,75916,65986,65228,65434,65940,65324
123,0,0,18,77383,76902,76174,76123,76771,69949,68795,69311,68953,68806,77591,76958,76437,76884,76488,66436,65675,65876,66383,65778
124,1,0,18,76794,76325,75605,75549,76202,69491,68324,68847,68498,68341,77009,76378,75848,76305,75913,65987,65224,65420,65919,65322
125,0,0,18,77365,76904,76164,76108,76772,69954,68782,69306,68947,68807,77587,76956,76425,76892,76484,66424,65664,65874,66373,65770
126,1,0,18,76793,76338,75609,75548,76204,69496,68341,68838,68497,68354,77010,76386,75845,76328,75910,65987,65229,65426,65931,65320
127,0,0,18,77359,76901,76155,76102,76755,69937,68781,69298,68947,68802,77584,76937,76414,76882,76467,66420,65664,65868,66372,65757
128,1,0,18,76797,76340,75606,75550,76204,69489,68344,68858,68504,68362,77019,76378,75852,76329,75911,65984,65230,65435,65932,65327
129,0,0,18,77381,76912,76168,76123,76792,69943,68799,69306,68969,68821,77605,76957,76433,76905,76479,66443,65682,65884,66392,65777
130,1,0,18,76793,76339,75611,75554,76213,69483,68340,68847,68509,68359,77030,76377,75853,76326,75911,65984,65236,65436,65940,65326
131,0,0,18,77363,76906,76170,76104,76775,69930,68787,69294,68952,68798,77590,76934,76413,76888,76469,66418,65676,65873,66382,65757
132,1,0,18,76796,76339,75610,75554,76217,69482,68332,68839,68502,68353,77019,76367,75849,76327,75912,65983,65235,65421,65934,65324
133,0,0,18,77368,76915,76174,76115,76787,69940,68786,69298,68960,68811,77594,76942,76423,76902,76487,66429,65678,65880,66392,65776
134,1,0,18,76799,76344,75618,75570,76231,69488,68339,68849,68508,68366,77025,76379,75863,76330,75923,65992,65243,65433,65949,65338
135,0,0,18,77370,76911,76165,76126,76787,69937,68793,69305,68958,68813,77600,76948,76428,76904,76478,66424,65690,65880,66391,65779
136,1,0,18,76809,76351,75608,75578,76228,69503,68360,68852,68507,68371,77034,76382,75856,76337,75921,66000,65255,65443,65951,65343
137,0,0,18,77389,76938,76181,76152,76813,69965,68831,69323,68966,68833,77630,76974,76438,76919,76506,66453,65697,65897,66417,65791
138,1,0,18,76790,76352,75598,75561,76226,69497,68357,68843,68500,68364,77036,76384,75852,76329,75924,65999,65238,65437,65953,65330
139,0,0,18,77369,76916,76157,76117,76794,69948,68804,69307,68960,68812,77619,76946,76431,76896,76481,66443,65687,65890,66402,65778
140,1,0,18,76801,76349,75603,75564,76226,69479,68346,68849,68504,68362,77033,76377,75861,76337,75917,66002,65240,65439,65956,65335
141,0,0,18,77366,76910,76175,76114,76791,69940,68800,69299,68957,68813,77592,76938,76442,76899,76488,66444,65682,65884,66390,65772
142,1,0,18,76806,76337,75613,75548,76218,69484,68344,68846,68487,68355,77016,76367,75862,76329,75924,66000,65235,65443,65943,65328
143,0,0,18,77391,76916,76181,76120,76794,69944,68802,69312,68944,68813,77613,76946,76448,76914,76493,66449,65686,65891,66393,65785
144,1,0,18,76792,76329,75589,75549,76210,69477,68342,68840,68490,68339,77015,76374,75856,76322,75916,65981,65238,65437,65930,65323
145,0,0,18,77362,76900,76154,76115,76777,69931,68792,69303,68947,68801,77592,76939,76423,76895,76479,66420,65676,65874,66383,65775
146,1,0,18,76801,76337,75605,75559,76211,69483,68346,68853,68501,68353,77021,76367,75856,76322,75919,65981,65233,65438,65939,65334
147,0,0,18,77373,76908,76169,76115,76778,69939,68791,69307,68952,68802,77596,76939,76422,76879,76490,66431,65677,65872,66388,65775
148,1,0,18,76817,76355,75614,75574,76224,69497,68349,68856,68506,68363,77035,76383,75863,76327,75935,65988,65244,65429,65948,65326
149,0,0,18,77374,76901,76161,76111,76776,69935,68786,69294,68954,68798,77587,76953,76428,76885,76476,66431,65684,65869,66376,65769
150,1,0,18,76784,76323,75602,75569,76215,69481,68336,68836,68507,68351,77022,76384,75850,76317,75915,65990,65237,65423,65927,65328
151,0,0,18,77360,76908,76162,76125,76785,69940,68794,69304,68960,68800,77601,76956,76422,76896,76490,66431,65682,65880,66378,65780
152,1,0,18,76781,76331,75600,75556,76205,69471,68332,68841,68508,68337,77007,76381,75836,76319,75923,65981,65222,65430,65928,65325
153,0,0,18,77352,76901,76156,76112,76773,69928,68781,69303,68955,68791,77584,76943,76407,76887,76491,66431,65663,65872,66366,65770
154,1,0,18,76798,76341,75610,75574,76209,69494,68342,68863,68497,68358,77025,76391,75857,76327,75939,66000,65232,65447,65930,65326
155,0,0,18,77355,76896,76159,76104,76758,69942,68776,69304,68957,68800,77590,76955,76418,76892,76484,66432,65665,65872,66366,65769
156,1,0,18,76798,76345,75607,75561,76209,69494,68329,68853,68506,68355,77021,76389,75842,76330,75918,65997,65230,65439,65929,65333
157,0,0,18,77368,76916,76163,76130,76782,69942,68783,69314,68948,68799,77606,76963,76429,76906,76490,66441,65672,65883,66391,65783
158,1,0,18,76797,76351,75610,75571,76216,69482,68332,68851,68496,68351,77032,76392,75854,76344,75920,65999,65229,65431,65958,65337
159,0,0,18,77365,76917,76149,76125,76777,69942,68786,69311,68960,68804,77602,76959,76428,76903,76479,66445,65669,65881,66397,65769
160,1,0,18,76795,76340,75600,75569,76213,69483,68336,68847,68513,68354,77020,76386,75855,76333,75902,65999,65226,65433,65944,65322
161,0,0,18,77364,76922,76156,76129,76775,69943,68789,69303,68958,68806,77591,76948,76435,76903,76471,66426,65665,65878,66377,65762
162,1,0,18,76786,76337,75597,75564,76218,69479,68338,68849,68510,68352,77013,76371,75848,76334,75902,65984,65220,65432,65928,65320
163,0,0,18,77362,76912,76164,76112,76786,69940,68783,69305,68962,68800,77588,76937,76423,76909,76473,66431,65683,65868,66380,65781
164,1,0,18,76789,76372,75608,75566,76205,69490,68330,68872,68497,68349,77054,76401,75836,76329,75923,65999,65225,65452,65926,65340
165,0,0,18,77355,76920,76165,76117,76779,69938,68788,69327,68936,68799,77622,76959,76413,76883,76483,66435,65667,65895,66360,65779
166,1,0,18,76768,76335,75607,75538,76205,69500,68322,68859,68476,68348,77035,76392,75824,76313,75910,65980,65240,65443,65920,65336
167,0,0,18,77372,76917,76182,76111,76793,69971,68799,69332,68946,68806,77617,76978,76419,76904,76493,66443,65692,65903,66387,65792
168,1,0,18,76778,76334,75588,75552,76176,69473,68289,68843,68447,68312,77011,76359,75822,76304,75910,65953,65219,65425,65914,65317
169,0,0,18,77356,76891,76149,76110,76759,69937,68754,69292,68923,68766,77584,76949,76421,76873,76475,66405,65661,65878,66370,65768
170,1,0,18,76764,76336,75588,75540,76187,69477,68299,68828,68462,68322,77027,76374,75827,76294,75900,65968,65229,65428,65911,65323
171,0,0,18,77352,76906,76167,76108,76760,69927,68768,69301,68930,68789,77602,76962,76409,76871,76482,66414,65672,65881,66368,65776
172,1,0,18,76776,76344,75589,75556,76205,69484,68308,68851,68487,68322,77048,76375,75837,76307,75929,65981,65225,65430,65930,65334
173,0,0,18,77365,76906,76160,76117,76776,69937,68763,69309,68953,68787,77625,76952,76412,76886,76508,66428,65663,65879,66378,65775
174,1,0,18,76783,76337,75602,75565,76201,69498,68312,68845,68472,68331,77038,76370,75836,76326,75912,65992,65239,65439,65947,65347
175,0,0,18,77362,76908,76164,76115,76767,69949,68774,69303,68939,68779,77599,76950,76411,76902,76480,66435,65680,65873,66388,65789
176,1,0,18,76796,76338,75599,75558,76194,69493,68322,68862,68485,68355,77030,76378,75858,76320,75933,65991,65232,65450,65941,65337
177,0,0,18,77399,76924,76169,76134,76786,69971,68797,69330,68959,68824,77620,76975,76450,76914,76511,66452,65698,65914,66399,65803
178,1,0,18,76817,76351,75619,75559,76203,69499,68345,68857,68492,68351,77042,76404,75850,76309,75935,65995,65257,65463,65933,65347
179,0,0,18,77385,76911,76174,76116,76779,69941,68793,69297,68948,68811,77608,76971,76425,76879,76489,66436,65678,65897,66379,65776
180,1,0,18,76775,76339,75578,75543,76188,69465,68314,68836,68469,68337,77015,76380,75824,76294,75927,65969,65223,65421,65920,65317
181,0,0,18,77372,76924,76155,76127,76782,69945,68780,69314,68944,68813,77606,76957,76426,76898,76503,66428,65685,65887,66386,65794
182,1,0,18,76780,76349,75605,75564,76209,69498,68316,68859,68474,68340,77056,76391,75840,76324,75926,65997,65246,65444,65942,65338
183,0,0,18,77377,76935,76175,76138,76784,69969,68785,69315,68953,68806,77629,76973,76438,76903,76503,66444,65703,65901,66394,65786
184,1,0,18,76792,76371,75614,75565,76198,69505,68313,68857,68495,68346,77028,76391,75845,76319,75938,66003,65234,65448,65936,65329
185,0,0,18,77387,76945,76191,76139,76788,69960,68794,69337,68967,68828,77626,76975,76438,76916,76516,66462,65686,65908,66392,65793
186,1,0,18,76780,76335,75601,75550,76188,69493,68312,68842,68473,68341,77036,76395,75841,76296,75924,65971,65227,65422,65932,65322
187,0,0,18,77374,76916,76182,76121,76776,69954,68780,69315,68936,68808,77610,76969,76423,76867,76494,66433,65672,65881,66406,65789
188,1,0,18,76761,76344,75607,75562,76202,69489,68310,68848,68474,68317,77057,76360,75836,76305,75913,65988,65228,65444,65926,65321
189,0,0,18,77360,76918,76192,76129,76783,69955,68777,69320,68950,68801,77633,76943,76432,76897,76492,66437,65693,65903,66385,65774
190,1,0,18,76773,76358,75597,75558,76191,69495,68316,68837,68468,68343,77048,76372,75844,76314,75925,65973,65230,65445,65935,65320
191,0,0,18,77367,76937,76177,76145,76781,69958,68780,69311,68958,68820,77632,76968,76433,76906,76506,66432,65691,65911,66397,65781
192,1,0,18,76803,76374,75615,75565,76194,69508,68325,68864,68481,68347,77066,76392,75853,76331,75941,65991,65237,65452,65960,65321
193,0,0,18,77373,76935,76181,76136,76774,69954,68789,69320,68938,68802,77629,76963,76428,76898,76512,66444,65699,65898,66410,65784
194,1,0,18,76796,76353,75606,75576,76208,69494,68316,68849,68481,68354,77048,76388,75844,76326,75923,66007,65248,65468,65952,65348
195,0,0,18,77373,76926,76166,76130,76778,69953,68766,69307,68937,68804,77603,76953,76410,76902,76472,66440,65689,65900,66404,65781
196,1,0,18,76786,76355,75601,75561,76179,69504,68314,68843,68476,68335,77033,76370,75831,76310,75933,65983,65236,65439,65944,65328
197,0,0,18,77371,76928,76170,76124,76764,69959,68779,69299,68941,68809,77613,76957,76409,76893,76512,66440,65695,65892,66385,65789
198,1,0,18,76777,76307,75575,75535,76174,69450,68280,68833,68454,68311,77024,76351,75800,76283,75915,65964,65211,65417,65903,65300
199,0,0,18,77359,76879,76138,76099,76740,69907,68735,69292,68921,68780,77603,76927,76382,76856,76473,66410,65651,65866,66347,65746
200,1,0,18,76773,76348,75623,75559,76186,69476,68299,68850,68481,68333,77040,76372,75819,76303,75931,65993,65229,65442,65933,65333
201,0,0,18,77352,76920,76190,76126,76771,69930,68761,69304,68938,68802,77623,76962,76393,76878,76498,66439,65677,65885,66382,65782
202,1,0,18,76786,76337,75608,75555,76188,69483,68282,68839,68474,68352,77034,76376,75827,76303,75921,65989,65224,65439,65927,65324
203,0,0,18,77373,76912,76184,76123,76765,69941,68757,69301,68940,68821,77597,76960,76410,76885,76489,66443,65677,65886,66380,65768
204,1,0,18,76763,76351,75596,75555,76191,69475,68298,68835,68474,68325,77038,76377,75811,76284,75921,65980,65223,65432,65929,65312
205,0,0,18,77357,76915,76165,76118,76770,69954,68760,69307,68946,68801,77611,76957,76393,76865,76501,66434,65695,65889,66385,65768
206,1,0,18,76798,76353,75610,75571,76197,69506,68320,68862,68510,68362,77040,76394,75835,76309,75927,66001,65236,65450,65948,65341
207,0,0,18,77366,76906,76173,76129,76767,69959,68777,69324,68964,68809,77594,76961,76415,76883,76482,66435,65690,65884,66392,65779
208,1,0,18,76789,76348,75611,75576,76206,69510,68301,68863,68497,68345,77045,76381,75829,76321,75936,65994,65237,65446,65937,65327
209,0,0,18,77373,76928,76177,76125,76780,69955,68760,69318,68954,68810,77604,76948,76414,76895,76496,66447,65686,65897,66394,65774
210,1,0,18,76791,76328,75584,75552,76170,69480,68291,68854,68481,68327,77041,76363,75815,76299,75917,65975,65235,65422,65917,65311
211,0,0,18,77375,76909,76167,76119,76761,69944,68757,69313,68953,68792,77623,76953,76398,76878,76492,66434,65684,65877,66384,65774
212,1,0,18,76819,76362,75635,75588,76220,69509,68317,68859,68501,68359,77082,76396,75847,76308,75949,66003,65278,65462,65956,65342
213,0,0,18,77386,76921,76187,76112,76780,69952,68768,69308,68945,68803,77633,76954,76421,76885,76501,66436,65701,65904,66407,65763
214,1,0,18,76785,76356,75604,75549,76188,69499,68299,68841,68481,68342,77046,76364,75830,76300,75935,65986,65241,65431,65933,65326
215,0,0,18,77369,76926,76179,76119,76768,69960,68772,69322,68946,68798,77633,76957,76412,76881,76498,66431,65687,65892,66390,65783
216,1,0,18,76791,76340,75612,75580,76183,69487,68299,68850,68483,68323,77053,76369,75833,76288,75933,65996,65233,65455,65925,65335
217,0,0,18,77379,76922,76185,76151,76774,69941,68779,69321,68961,68798,77649,76957,76423,76886,76505,66439,65691,65899,66392,65791
218,1,0,18,76791,76353,75601,75561,76190,69496,68295,68855,68486,68336,77028,76376,75830,76298,75933,65961,65223,65431,65910,65330
219,0,0,18,77365,76913,76163,76116,76763,69946,68745,69303,68941,68783,77601,76949,76418,76872,76485,66406,65664,65877,66355,65774
220,1,0,18,76798,76350,75623,75560,76190,69504,68308,68859,68493,68336,77029,76390,75833,76299,75937,66000,65234,65447,65933,65335
221,0,0,18,77380,76910,76184,76114,76756,69958,68774,69315,68941,68794,77605,76956,76414,76873,76504,66447,65682,65895,66375,65769
222,1,0,18,76774,76327,75593,75543,76163,69462,68285,68824,68461,68321,77021,76358,75810,76283,75912,65962,65227,65440,65898,65316
223,0,0,18,77371,76899,76173,76112,76754,69932,68740,69291,68929,68801,77598,76935,76407,76863,76482,66409,65684,65894,66368,65784
224,1,0,18,76798,76324,75623,75583,76206,69490,68314,68849,68494,68338,77036,76381,75836,76295,75947,65988,65251,65457,65921,65333
225,0,0,18,77380,76903,76171,76151,76789,69952,68784,69318,68962,68811,77617,76962,76427,76887,76513,66444,65710,65907,66387,65801
226,1,0,18,76788,76337,75623,75573,76202,69485,68301,68851,68474,68340,77028,76375,75833,76301,75936,65983,65251,65424,65926,65323
227,0,0,18,77368,76891,76172,76127,76775,69950,68754,69312,68937,68794,77604,76949,76400,76874,76502,66425,65694,65859,66381,65782
228,1,0,18,76771,76335,75605,75553,76182,69479,68294,68851,68462,68316,77028,76372,75815,76295,75919,65979,65238,65427,65912,65326
229,0,0,18,77364,76919,76176,76116,76771,69940,68762,69313,68936,68787,77601,76952,76399,76874,76486,66430,65698,65879,66360,65777
230,1,0,18,76781,76356,75624,75581,76200,69479,68301,68850,68480,68342,77041,76379,75851,76311,75941,65986,65259,65453,65922,65344
231,0,0,18,77365,76921,76193,76145,76783,69940,68763,69309,68950,68825,77626,76952,76429,76900,76507,66435,65703,65900,66388,65797
232,1,0,18,76778,76360,75623,75586,76191,69489,68319,68850,68485,68339,77036,76375,75819,76308,75944,65994,65222,65449,65922,65346
233,0,0,18,77364,76946,76207,76156,76783,69964,68788,69312,68957,68809,77629,76957,76405,76898,76513,66451,65675,65914,66383,65801
234,1,0,18,76778,76340,75598,75577,76187,69483,68304,68854,68492,68332,77027,76383,75813,76297,75937,65977,65230,65448,65912,65322
235,0,0,18,77378,76922,76177,76142,76778,69949,68771,69321,68961,68804,77620,76971,76401,76887,76507,66441,65680,65904,66374,65790
236,1,0,18,76771,76342,75588,75555,76191,69482,68296,68853,68477,68334,77018,76375,75823,76296,75927,65981,65226,65448,65928,65330
237,0,0,18,77358,76916,76164,76126,76782,69943,68772,69316,68945,68800,77609,76961,76408,76891,76501,66447,65669,65912,66376,65789
238,1,0,18,76793,76364,75613,75581,76208,69506,68313,68883,68489,68360,77055,76387,75825,76308,75936,66001,65261,65461,65922,65362
239,0,0,18,77380,76941,76193,76151,76788,69959,68780,69349,68956,68832,77652,76970,76414,76897,76514,66454,65709,65913,66389,65823
240,1,0,18,76789,76359,75621,75576,76203,69490,68323,68861,68486,68337,77051,76384,75827,76305,75946,66004,65246,65445,65943,65357
241,0,0,18,77347,76904,76172,76129,76763,69928,68765,69302,68933,68790,77599,76933,76378,76867,76496,66431,65669,65878,66371,65786
242,1,0,18,76778,76309,75595,75548,76191,69488,68307,68850,68469,68323,77031,76371,75820,76300,75936,65991,65202,65435,65902,65343
243,0,0,18,77363,76896,76159,76110,76776,69951,68774,69316,68943,68797,77609,76954,76406,76887,76505,66429,65653,65885,66358,65797
244,1,0,18,76791,76365,75614,75573,76211,69496,68324,68880,68493,68346,77061,76393,75826,76323,75942,65999,65235,65435,65937,65346
245,0,0,18,77359,76922,76164,76124,76767,69938,68776,69325,68944,68795,77617,76956,76401,76870,76491,66441,65688,65883,66382,65787
246,1,0,18,76770,76328,75597,75574,76195,69477,68326,68858,68466,68340,77043,76372,75816,76299,75929,65982,65235,65439,65937,65333
247,0,0,18,77363,76916,76173,76143,76770,69953,68793,69329,68932,68824,77643,76963,76416,76890,76512,66444,65700,65883,66396,65798
248,1,0,18,76762,76348,75624,75568,76202,69506,68318,68874,68486,68342,77052,76387,75832,76318,75945,65987,65250,65445,65943,65360
249,0,0,18,77345,76915,76176,76121,76771,69947,68761,69320,68940,68798,77615,76954,76391,76879,76512,66434,65681,65893,66386,65793
250,1,0,18,76774,76336,75606,75571,76204,69485,68314,68860,68477,68333,77022,76378,75825,76296,75938,65984,65235,65434,65949,65340
251,0,0,18,77357,76896,76159,76122,76768,69945,68774,69314,68934,68792,77587,76938,76396,76859,76498,66428,65665,65876,66392,65784
252,1,0,18,76793,76351,75596,75578,76217,69491,68312,68877,68480,68361,77056,76384,75852,76314,75955,65989,65268,65456,65942,65364
253,0,0,18,77373,76922,76162,76139,76788,69950,68768,69330,68949,68821,77623,76958,76421,76895,76516,66440,65711,65885,66390,65814
254,1,0,18,76774,76351,75596,75549,76200,69482,68324,68859,68482,68362,77034,76389,75833,76311,75957,65993,65249,65450,65947,65349
255,0,0,18,77369,76922,76150,76109,76770,69946,68777,69317,68936,68814,77612,76959,76414,76880,76519,66445,65706,65900,66397,65792
256,1,0,18,76800,76346,75618,75585,76191,69485,68331,68861,68492,68357,77053,76383,75839,76326,75946,66000,65265,65425,65939,65376
257,0,0,18,77368,76925,76177,76150,76779,69944,68780,69322,68944,68809,77635,76956,76413,76903,76509,66442,65709,65869,66380,65820
258,1,0,18,76782,76316,75600,75561,76173,69457,68317,68860,68487,68329,77030,76358,75815,76298,75936,65986,65250,65422,65931,65328
259,0,0,18,77375,76902,76183,76128,76770,69924,68791,69330,68954,68796,77630,76950,76411,76885,76515,66443,65705,65892,66391,65790
260,1,0,18,76770,76310,75590,75561,76176,69450,68308,68837,68463,68316,77005,76354,75806,76290,75925,65977,65242,65419,65901,65309
261,0,0,18,77373,76894,76188,76142,76768,69933,68784,69314,68947,68791,77594,76948,76398,76888,76511,66438,65700,65899,66363,65790
262,1,0,18,76788,76323,75596,75548,76208,69484,68325,68862,68500,68343,77036,76361,75825,76311,75945,65972,65254,65432,65924,65338
263,0,0,18,77387,76909,76163,76118,76785,69942,68782,69341,68975,68816,77620,76948,76409,76902,76515,66427,65713,65901,66384,65790
264,1,0,18,76801,76355,75611,75581,76205,69489,68330,68876,68486,68359,77045,76380,75829,76331,75943,65989,65274,65443,65938,65345
265,0,0,18,77370,76909,76160,76119,76774,69944,68780,69310,68941,68813,77603,76933,76397,76891,76498,66431,65706,65881,66383,65782
266,1,0,18,76792,76350,75607,75558,76216,69474,68341,68870,68500,68355,77039,76370,75836,76315,75944,65998,65257,65435,65932,65347
267,0,0,18,77365,76929,76181,76137,76794,69946,68801,69334,68961,68826,77615,76949,76417,76896,76525,66460,65718,65879,66395,65799
268,1,0,18,76780,76340,75604,75581,76200,69510,68326,68874,68492,68361,77058,76367,75835,76320,75956,66003,65248,65453,65941,65347
269,0,0,18,77346,76915,76162,76136,76771,69953,68765,69314,68948,68806,77618,76946,76410,76886,76510,66444,65684,65890,66391,65791
270,1,0,18,76795,76348,75599,75562,76179,69483,68309,68876,68472,68356,77046,76363,75817,76294,75927,65996,65257,65432,65937,65352
271,0,0,18,77408,76938,76193,76152,76784,69972,68790,69359,68969,68830,77656,76961,76430,76900,76523,66464,65727,65892,66406,65825
272,1,0,18,76804,76333,75607,75575,76197,69502,68312,68868,68489,68349,77055,76364,75835,76306,75934,65992,65234,65434,65925,65350
273,0,0,18,77366,76895,76158,76114,76761,69947,68757,69319,68945,68801,77610,76919,76384,76874,76488,66432,65673,65874,66376,65784
274,1,0,18,76812,76356,75613,75581,76205,69509,68325,68887,68485,68355,77088,76378,75850,76323,75952,66005,65243,65435,65948,65360
275,0,0,18,77380,76920,76171,76131,76769,69959,68772,69341,68947,68807,77648,76951,76415,76902,76509,66441,65677,65869,66390,65806
276,1,0,18,76779,76323,75607,75566,76177,69483,68311,68857,68466,68326,77038,76351,75817,76308,75927,65980,65235,65416,65927,65340
277,0,0,18,77364,76917,76171,76139,76765,69957,68775,69322,68942,68802,77629,76928,76405,76895,76505,66445,65694,65880,66393,65803
278,1,0,18,76782,76315,75593,75566,76202,69486,68314,68867,68481,68343,77064,76361,75824,76306,75936,65990,65227,65433,65925,65337
279,0,0,18,77365,76895,76176,76135,76764,69938,68782,69319,68943,68793,77633,76922,76392,76883,76496,66426,65674,65882,66379,65788
280,1,0,18,76815,76368,75643,75591,76211,69511,68337,68878,68502,68363,77089,76397,75830,76327,75955,66004,65270,65455,65957,65370
281,0,0,18,77388,76931,76200,76147,76793,69965,68789,69340,68960,68821,77651,76960,76403,76903,76515,66450,65708,65901,66390,65813
282,1,0,18,76802,76345,75600,75569,76195,69498,68324,68857,68481,68369,77069,76373,75841,76301,75943,65990,65253,65447,65939,65359
283,0,0,18,77388,76937,76180,76136,76782,69958,68783,69322,68950,68841,77647,76955,76430,76875,76523,66441,65703,65884,66394,65822
284,1,0,18,76790,76353,75607,75589,76195,69485,68316,68857,68469,68353,77054,76361,75839,76304,75949,65999,65257,65437,65933,65333
285,0,0,18,77366,76925,76160,76144,76772,69937,68769,69317,68919,68819,77626,76941,76406,76869,76507,66437,65702,65878,66372,65780
286,1,0,18,76791,76333,75600,75561,76198,69493,68315,68864,68480,68350,77052,76358,75816,76306,75935,65995,65233,65441,65918,65346
287,0,0,18,77370,76903,76163,76127,76768,69939,68767,69312,68934,68809,77628,76931,76391,76894,76490,66435,65667,65889,66362,65790
288,1,0,18,76789,76363,75601,75574,76201,69490,68309,68853,68463,68345,77056,76361,75817,76310,75918,65994,65236,65428,65920,65329
289,0,0,18,77388,76944,76192,76154,76796,69965,68779,69340,68954,68825,77657,76947,76412,76906,76510,66462,65713,65894,66389,65801
290,1,0,18,76787,76355,75581,75571,76206,69489,68326,68847,68461,68328,77068,76386,75823,76309,75941,65990,65256,65423,65912,65334
291,0,0,18,77376,76937,76163,76132,76783,69953,68790,69314,68921,68795,77638,76954,76403,76894,76504,66444,65690,65882,66382,65790
292,1,0,18,76794,76347,75588,75572,76196,69480,68324,68843,68475,68339,77062,76372,75828,76335,75942,66002,65242,65440,65931,65345
293,0,0,18,77391,76927,76168,76143,76783,69950,68794,69305,68948,68802,77650,76959,76415,76914,76518,66458,65698,65899,66395,65810
294,1,0,18,76810,76371,75630,75589,76208,69507,68349,68874,68503,68358,77068,76390,75834,76324,75955,66029,65257,65446,65955,65357
295,0,0,18,77371,76923,76175,76143,76758,69953,68801,69330,68951,68803,77639,76949,76406,76892,76517,66451,65689,65880,66395,65785
296,1,0,18,76791,76360,75619,75580,76187,69487,68326,68855,68484,68342,77055,76378,75815,76313,75945,66005,65253,65439,65942,65347
297,0,0,18,77373,76938,76183,76142,76773,69957,68790,69332,68963,68810,77640,76948,76418,76901,76512,66458,65701,65897,66402,65810
298,1,0,18,76797,76363,75613,75589,76187,69484,68321,68859,68499,68344,77046,76367,75823,76318,75953,66015,65236,65451,65944,65335
299,0,0,18,77383,76944,76184,76156,76778,69938,68782,69330,68964,68807,77641,76949,76414,76895,76520,66460,65694,65912,66398,65787
300,1,0,18,76783,76340,75591,75565,76195,69472,68309,68850,68472,68340,77048,76369,75810,76314,75930,65988,65226,65450,65930,65329
301,0,0,18,77377,76928,76165,76130,76763,69941,68770,69321,68942,68797,77619,76955,76383,76901,76499,66443,65668,65901,66383,65773
302,1,0,18,76812,76370,75621,75579,76208,69502,68338,68880,68485,68336,77028,76375,75825,76320,75948,66019,65256,65453,65956,65347
303,0,0,18,77411,76947,76199,76145,76790,69974,68797,69346,68964,68814,77628,76966,76423,76904,76528,66483,65713,65909,66399,65811
304,1,0,18,76773,76327,75591,75546,76174,69470,68308,68846,68468,68333,77042,76358,75801,76301,75923,65994,65227,65426,65914,65329
305,0,0,18,77365,76907,76160,76111,76765,69938,68769,69295,68930,68789,77629,76935,76399,76883,76502,66439,65680,65883,66374,65777
306,1,0,18,76782,76311,75577,75557,76165,69486,68297,68838,68471,68336,77037,76350,75814,76296,75924,65992,65238,65418,65916,65324
307,0,0,18,77381,76900,76183,76145,76779,69971,68765,69319,68968,68817,77643,76945,76414,76896,76511,66454,65703,65881,66399,65787
308,1,0,18,76796,76355,75627,75589,76199,69509,68349,68878,68515,68351,77075,76391,75860,76335,75955,66011,65243,65461,65948,65362
309,0,0,18,77378,76914,76184,76150,76777,69961,68799,69324,68964,68805,77640,76965,76417,76898,76513,66451,65689,65897,66387,65796
310,1,0,18,76782,76348,75604,75588,76203,69505,68320,68861,68488,68323,77040,76381,75829,76340,75938,66017,65238,65461,65935,65344
311,0,0,18,77369,76915,76175,76153,76777,69964,68781,69322,68960,68792,77627,76952,76415,76915,76511,66461,65693,65912,66381,65801
312,1,0,18,76784,76347,75591,75559,76175,69496,68325,68844,68476,68324,77039,76354,75820,76305,75933,65984,65219,65425,65914,65313
313,0,0,18,77376,76915,76156,76125,76772,69952,68785,69321,68942,68789,77612,76944,76412,76896,76513,66452,65685,65887,66372,65779
314,1,0,18,76799,76345,75594,75576,76192,69497,68331,68865,68489,68331,77040,76371,75824,76324,75943,66000,65235,65436,65922,65329
315,0,0,18,77385,76931,76161,76145,76776,69956,68790,69328,68950,68794,77622,76955,76408,76901,76519,66448,65680,65886,66376,65785
316,1,0,18,76800,76361,75604,75590,76202,69504,68342,68860,68490,68343,77062,76381,75822,76328,75948,66006,65234,65450,65944,65354
317,0,0,18,77376,76926,76160,76146,76776,69957,68802,69314,68955,68786,77637,76957,76397,76889,76516,66455,65683,65895,66388,65793
318,1,0,18,76782,76356,75597,75574,76206,69494,68342,68852,68495,68332,77062,76372,75824,76317,75938,65996,65225,65427,65947,65346
319,0,0,18,77356,76916,76171,76145,76772,69947,68794,69311,68942,68783,77629,76937,76401,76880,76501,66442,65667,65879,66379,65792
320,1,0,18,76807,76361,75624,75584,76203,69514,68343,68854,68489,68347,77050,76386,75830,76324,75951,65991,65239,65465,65944,65353
321,0,0,18,77400,76952,76204,76170,76797,69985,68816,69328,68976,68817,77649,76971,76414,76912,76530,66463,65699,65928,66420,65816
322,1,0,18,76799,76372,75606,75587,76199,69497,68315,68848,68469,68334,77055,76380,75824,76315,75930,65986,65242,65437,65940,65341
323,0,0,18,77383,76943,76166,76142,76761,69945,68778,69313,68932,68792,77620,76958,76403,76888,76508,66439,65696,65887,66390,65791
324,1,0,18,76802,76347,75605,75551,76192,69503,68306,68858,68472,68330,77050,76383,75832,76314,75942,65984,65228,65440,65928,65348
325,0,0,18,77403,76934,76185,76128,76789,69962,68787,69318,68938,68807,77632,76959,76427,76904,76520,66449,65697,65900,66391,65798
326,1,0,18,76795,76327,75607,75559,76198,69473,68313,68845,68476,68312,77036,76372,75823,76306,75942,65977,65242,65426,65941,65343
327,0,0,18,77377,76911,76179,76132,76779,69938,68771,69311,68948,68772,77615,76951,76401,76885,76512,66435,65700,65872,66385,65788
328,1,0,18,76792,76329,75616,75548,76186,69467,68309,68860,68476,68344,77063,76369,75822,76307,75920,65985,65238,65435,65928,65334
329,0,0,18,77378,76899,76165,76112,76758,69924,68768,69307,68949,68806,77629,76935,76402,76887,76483,66423,65693,65875,66371,65782
330,1,0,18,76796,76341,75614,75569,76197,69486,68323,68856,68470,68347,77063,76385,75839,76319,75946,65985,65237,65432,65928,65340
331,0,0,18,77381,76910,76189,76128,76778,69931,68780,69312,68933,68805,77632,76952,76418,76895,76518,66435,65672,65888,66395,65779
332,1,0,18,76781,76327,75587,75547,76186,69462,68301,68851,68456,68314,77026,76348,75809,76288,75919,65970,65214,65416,65918,65326
333,0,0,18,77379,76915,76163,76130,76775,69944,68781,69317,68929,68785,77615,76948,76384,76874,76513,66423,65668,65878,66378,65791
334,1,0,18,76800,76345,75615,75583,76186,69511,68338,68873,68482,68362,77052,76385,75843,76329,75934,66006,65253,65448,65951,65353
335,0,0,18,77376,76924,76180,76140,76768,69960,68794,69329,68950,68817,77636,76961,76419,76906,76510,66449,65691,65891,66404,65797
336,1,0,18,76803,76357,75609,75579,76215,69503,68338,68865,68484,68345,77049,76387,75820,76314,75950,65997,65244,65446,65949,65345
337,0,0,18,77405,76945,76201,76153,76805,69981,68804,69345,68965,68826,77646,76984,76423,76909,76543,66459,65711,65909,66419,65801
338,1,0,18,76810,76352,75605,75576,76210,69500,68338,68869,68490,68338,77071,76379,75841,76303,75948,65995,65243,65444,65938,65344
339,0,0,18,77387,76924,76184,76141,76777,69956,68782,69316,68951,68794,77641,76948,76414,76884,76516,66446,65691,65889,66385,65794
340,1,0,18,76785,76328,75583,75567,76196,69484,68305,68850,68471,68325,77049,76370,75816,76300,75927,65971,65240,65421,65919,65340
341,0,0,18,77375,76909,76160,76136,76778,69956,68783,69310,68950,68794,77635,76949,76414,76894,76511,66432,65706,65887,66390,65796
342,1,0,18,76808,76349,75604,75582,76193,69489,68336,68863,68482,68334,77055,76377,75827,76316,75958,65981,65241,65442,65939,65350
343,0,0,18,77394,76926,76166,76159,76773,69953,68792,69334,68954,68800,77640,76949,76398,76893,76528,66425,65685,65893,66400,65808
344,1,0,18,76787,76335,75586,75574,76187,69476,68315,68842,68480,68315,77065,76369,75824,76325,75942,65978,65240,65411,65928,65335
345,0,0,18,77363,76902,76151,76129,76764,69931,68776,69298,68938,68761,77614,76940,76401,76888,76498,66412,65688,65853,66363,65783
346,1,0,18,76781,76335,75585,75547,76168,69471,68283,68844,68463,68301,77025,76348,75784,76295,75914,65937,65198,65402,65909,65299
347,0,0,18,77372,76919,76164,76121,76754,69934,68752,69311,68937,68777,77596,76931,76377,76874,76490,66402,65665,65860,66372,65772
348,1,0,18,76800,76351,75611,75562,76193,69509,68303,68860,68477,68324,77063,76378,75818,76315,75931,65977,65248,65416,65932,65336
349,0,0,18,77376,76917,76168,76121,76762,69945,68762,69322,68927,68778,77637,76947,76397,76896,76492,66418,65686,65856,66380,65780
350,1,0,18,76780,76339,75615,75541,76178,69481,68296,68844,68457,68314,77048,76369,75817,76307,75929,65961,65233,65411,65913,65319
351,0,0,18,77365,76917,76180,76098,76752,69950,68753,69299,68926,68778,77625,76943,76395,76894,76494,66425,65681,65870,66364,65774
352,1,0,18,76797,76353,75609,75559,76174,69477,68305,68850,68476,68315,77044,76375,75826,76313,75964,65974,65236,65419,65925,65322
353,0,0,18,77384,76920,76168,76124,76758,69930,68765,69298,68943,68769,77614,76952,76391,76877,76519,66418,65691,65858,66367,65767
354,1,0,18,76793,76346,75603,75560,76187,69488,68314,68862,68464,68338,77048,76373,75814,76319,75954,65971,65237,65437,65923,65323
355,0,0,18,77350,76891,76152,76110,76737,69930,68760,69300,68916,68775,77608,76933,76363,76878,76492,66412,65673,65872,66360,65757
356,1,0,18,76777,76352,75618,75571,76190,69489,68306,68850,68486,68327,77032,76373,75831,76311,75938,65977,65247,65434,65915,65324
357,0,0,18,77365,76927,76168,76115,76756,69942,68766,69299,68942,68780,77601,76943,76412,76871,76499,66419,65678,65882,66363,65772
358,1,0,18,76775,76341,75589,75552,76191,69471,68296,68828,68466,68321,77034,76365,75823,76303,75934,65954,65235,65429,65917,65309
359,0,0,18,77367,76912,76178,76131,76780,69945,68765,69295,68928,68782,77628,76955,76418,76897,76517,66419,65691,65888,66385,65774
360,1,0,18,76781,76336,75567,75568,76190,69495,68293,68872,68465,68342,77052,76374,75829,76322,75940,65984,65249,65427,65926,65322
361,0,0,18,77364,76916,76140,76140,76781,69947,68754,69333,68925,68794,77620,76951,76403,76895,76514,66428,65682,65872,66372,65773
362,1,0,18,76777,76335,75597,75565,76187,69484,68309,68846,68486,68321,77055,76369,75841,76312,75942,65973,65230,65430,65921,65323
363,0,0,18,77365,76909,76168,76132,76776,69947,68760,69306,68953,68784,77624,76960,76419,76887,76517,66433,65689,65872,66372,65771
364,1,0,18,76773,76326,75593,75542,76187,69476,68299,68842,68452,68322,77038,76376,75812,76311,75941,65954,65244,65426,65920,65303
365,0,0,18,77369,76902,76176,76131,76780,69955,68776,69315,68922,68803,77627,76954,76399,76899,76511,66412,65694,65884,66383,65778
366,1,0,18,76774,76341,75592,75582,76195,69486,68321,68846,68475,68328,77044,76370,75829,76308,75942,65973,65233,65424,65941,65332
367,0,0,18,77371,76908,76166,76133,76766,69942,68784,69304,68940,68784,77610,76933,76401,76881,76510,66418,65661,65865,66392,65771
368,1,0,18,76806,76361,75611,75582,76218,69504,68331,68883,68479,68355,77072,76397,75845,76341,75960,66008,65262,65448,65955,65339
369,0,0,18,77385,76938,76174,76140,76792,69962,68791,69339,68940,68810,77660,76975,76434,76917,76525,66447,65709,65884,66393,65797
370,1,0,18,76784,76361,75574,75544,76197,69481,68309,68838,68450,68331,77039,76352,75823,76301,75932,65968,65231,65423,65918,65317
371,0,0,18,77386,76921,76149,76109,76774,69937,68763,69294,68915,68791,77607,76929,76397,76883,76519,66415,65680,65875,66359,65772
372,1,0,18,76799,76374,75575,75545,76190,69494,68322,68862,68472,68340,77058,76366,75847,76310,75950,65978,65254,65439,65935,65348
373,0,0,18,77393,76962,76147,76132,76783,69965,68802,69333,68952,68809,77651,76960,76429,76912,76528,66445,65711,65901,66391,65802
374,1,0,18,76812,76358,75578,75564,76190,69487,68312,68846,68456,68334,77059,76367,75821,76316,75940,65977,65227,65429,65927,65354
375,0,0,18,77392,76923,76143,76126,76774,69941,68767,69306,68931,68785,77642,76939,76401,76891,76512,66426,65676,65880,66372,65795
376,1,0,18,76804,76353,75584,75554,76201,69468,68299,68841,68479,68339,77076,76372,75835,76314,75940,65976,65225,65423,65913,65326
377,0,0,18,77375,76925,76145,76101,76770,69927,68754,69286,68932,68791,77629,76938,76393,76884,76495,66414,65654,65866,66360,65766
378,1,0,18,76790,76353,75597,75572,76215,69479,68305,68851,68477,68349,77087,76374,75837,76332,75941,65976,65225,65422,65926,65334
379,0,0,18,77373,76931,76158,76128,76781,69929,68753,69305,68940,68806,77639,76948,76420,76904,76499,66421,65666,65865,66387,65789
380,1,0,18,76794,76368,75600,75576,76194,69483,68306,68848,68477,68346,77059,76375,75827,76319,75947,65986,65231,65430,65938,65357
381,0,0,18,77375,76915,76161,76129,76760,69928,68747,69295,68923,68794,77630,76942,76396,76883,76494,66426,65667,65865,66388,65791
382,1,0,18,76787,76343,75596,75569,76194,69475,68308,68851,68472,68336,77057,76376,75842,76299,75929,65982,65233,65430,65930,65345
383,0,0,18,77364,76897,76148,76132,76766,69942,68756,69294,68921,68792,77611,76953,76402,76874,76494,66431,65673,65869,66370,65778
384,1,0,18,76790,76346,75593,75580,76197,69479,68293,68844,68472,68333,77065,76377,75832,76320,75958,65995,65247,65442,65941,65346
385,0,0,18,77364,76903,76148,76129,76755,69928,68743,69285,68909,68786,77629,76953,76394,76884,76515,66439,65675,65870,66382,65786
386,1,0,18,76803,76323,75574,75568,76190,69486,68306,68850,68469,68325,77051,76356,75833,76301,75945,65988,65237,65420,65926,65323
387,0,0,18,77376,76888,76138,76125,76761,69943,68761,69312,68914,68778,77621,76927,76403,76876,76505,66428,65691,65871,66357,65773
388,1,0,18,76790,76329,75579,75572,76195,69479,68307,68828,68472,68319,77031,76351,75817,76288,75931,65961,65212,65425,65916,65314
389,0,0,18,77384,76913,76147,76137,76773,69944,68768,69285,68938,68781,77611,76935,76392,76874,76498,66430,65663,65864,66369,65757
390,1,0,18,76779,76335,75588,75572,76192,69483,68314,68851,68481,68342,77056,76378,75834,76307,75929,65981,65252,65430,65920,65324
391,0,0,18,77378,76916,76160,76126,76775,69942,68771,69313,68935,68807,77638,76957,76415,76879,76492,66433,65687,65880,66373,65779
392,1,0,18,76771,76340,75583,75561,76173,69482,68313,68839,68449,68323,77049,76370,75829,76282,75927,65990,65218,65427,65906,65319
393,0,0,18,77341,76907,76141,76128,76757,69926,68761,69290,68919,68766,77617,76935,76389,76856,76481,66425,65652,65871,66360,65764
394,1,0,18,76783,76372,75609,75583,76208,69503,68335,68861,68499,68338,77046,76386,75834,76328,75951,65993,65242,65448,65938,65354
395,0,0,18,77370,76920,76158,76125,76777,69938,68781,69304,68943,68790,77618,76956,76396,76895,76505,66437,65689,65886,66395,65792
396,1,0,18,76788,76370,75615,75591,76211,69488,68300,68851,68460,68332,77051,76414,75834,76327,75951,66001,65241,65433,65939,65355
397,0,0,18,77357,76905,76174,76123,76764,69942,68760,69304,68904,68781,77614,76975,76404,76888,76500,66431,65687,65860,66392,65798
398,1,0,18,76789,76349,75600,75574,76198,69498,68341,68841,68455,68341,77067,76378,75831,76319,75951,65984,65254,65430,65932,65334
399,0,0,18,77375,76918,76184,76138,76778,69956,68797,69306,68917,68805,77637,76954,76413,76899,76526,66442,65688,65883,66386,65788
400,1,0,18,76803,76341,75622,75589,76218,69496,68326,68851,68466,68359,77069,76392,75842,76327,75958,66002,65243,65435,65942,65343
401,0,0,18,77394,76911,76189,76159,76785,69958,68792,69311,68934,68815,77647,76964,76421,76906,76530,66455,65693,65885,66400,65790
402,1,0,18,76807,76341,75581,75573,76200,69485,68328,68847,68460,68340,77040,76381,75845,76321,75943,66005,65259,65419,65940,65330
403,0,0,18,77403,76929,76165,76157,76800,69959,68803,69331,68943,68815,77643,76978,76429,76906,76531,66467,65710,65876,66404,65789
404,1,0,18,76807,76337,75606,75577,76191,69486,68329,68847,68481,68345,77054,76374,75838,76307,75953,66016,65235,65439,65926,65341
405,0,0,18,77368,76899,76164,76125,76751,69925,68764,69295,68929,68793,77602,76935,76393,76867,76507,66441,65671,65871,66363,65775
406,1,0,18,76795,76314,75607,75566,76182,69486,68326,68842,68469,68330,77049,76376,75828,76314,75935,65988,65225,65418,65935,65325
407,0,0,18,77377,76881,76162,76129,76761,69941,68785,69299,68925,68787,77624,76953,76419,76887,76504,66438,65667,65873,66382,65779
408,1,0,18,76796,76340,75608,75558,76200,69491,68329,68856,68478,68337,77053,76388,75857,76325,75952,66017,65242,65423,65926,65335
409,0,0,18,77370,76919,76174,76128,76773,69948,68799,69310,68936,68801,77632,76957,76419,76904,76524,66448,65686,65867,66368,65780
410,1,0,18,76804,76325,75588,75575,76200,69476,68316,68848,68467,68334,77055,76354,75809,76314,75941,66001,65221,65411,65910,65330
411,0,0,18,77388,76916,76168,76143,76775,69946,68786,69322,68950,68799,77645,76942,76401,76902,76514,66461,65679,65888,66387,65796
412,1,0,18,76808,76319,75603,75565,76196,69504,68332,68861,68481,68346,77065,76379,75834,76326,75961,66004,65231,65442,65918,65341
413,0,0,18,77368,76888,76155,76115,76752,69950,68770,69306,68932,68797,77630,76951,76401,76893,76525,66434,65662,65883,66358,65782
414,1,0,18,76786,76302,75593,75560,76168,69478,68324,68845,68455,68334,77047,76363,75825,76303,75929,65983,65209,65416,65911,65324
415,0,0,18,77359,76875,76162,76128,76751,69948,68787,69306,68921,68805,77620,76945,76412,76888,76507,66447,65665,65876,66370,65785
416,1,0,18,76788,76329,75578,75555,76189,69479,68301,68836,68458,68339,77029,76373,75822,76318,75940,65984,65225,65421,65918,65342
417,0,0,18,77379,76911,76167,76130,76782,69943,68781,69303,68922,68807,77617,76961,76404,76899,76523,66446,65673,65876,66385,65794
418,1,0,18,76777,76308,75603,75559,76196,69477,68303,68861,68447,68342,77043,76365,75830,76303,75943,65979,65212,65416,65921,65331
419,0,0,18,77380,76911,76183,76136,76786,69944,68783,69341,68921,68820,77619,76949,76426,76896,76529,66440,65682,65870,66392,65789
420,1,0,18,76766,76321,75603,75549,76192,69474,68315,68834,68453,68332,77041,76347,75818,76304,75929,65987,65225,65410,65914,65333
421,0,0,18,77364,76911,76175,76119,76778,69931,68780,69311,68926,68802,77613,76947,76397,76890,76512,66438,65673,65870,66363,65788
422,1,0,18,76772,76336,75596,75558,76192,69481,68312,68847,68481,68325,77032,76363,75815,76300,75931,65965,65216,65407,65916,65336
423,0,0,18,77340,76885,76150,76115,76765,69927,68768,69295,68918,68772,77593,76934,76397,76875,76493,66409,65641,65846,66363,65772
424,1,0,18,76775,76325,75586,75550,76185,69472,68296,68847,68455,68323,77041,76364,75833,76301,75925,65975,65210,65411,65916,65326
425,0,0,18,77361,76899,76155,76122,76778,69937,68763,69305,68919,68783,77614,76940,76397,76878,76497,66432,65678,65873,66369,65774
426,1,0,18,76779,76332,75586,75560,76175,69468,68305,68833,68469,68325,77056,76358,75824,76287,75926,65962,65221,65416,65918,65323
427,0,0,18,77357,76892,76171,76138,76764,69934,68764,69300,68932,68793,77632,76928,76414,76881,76483,66414,65665,65868,66378,65773
428,1,0,18,76776,76329,75597,75572,76195,69482,68313,68841,68480,68326,77051,76366,75831,76282,75937,65977,65213,65424,65916,65318
429,0,0,18,77364,76897,76156,76140,76774,69925,68759,69302,68935,68782,77615,76938,76408,76862,76497,66420,65658,65874,66366,65770
430,1,0,18,76800,76323,75596,75578,76207,69480,68324,68858,68470,68331,77060,76379,75836,76314,75937,65982,65239,65441,65926,65321
431,0,0,18,77372,76890,76163,76132,76778,69942,68772,69298,68927,68792,77622,76942,76399,76872,76500,66422,65671,65882,66361,65762
432,1,0,18,76790,76328,75581,75559,76189,69476,68319,68849,68480,68312,77069,76360,75835,76296,75940,65978,65241,65435,65926,65324
433,0,0,18,77368,76892,76148,76130,76771,69926,68773,69324,68938,68772,77636,76945,76412,76872,76499,66422,65677,65882,66376,65779
434,1,0,18,76792,76318,75593,75564,76197,69498,68324,68834,68487,68352,77069,76376,75824,76314,75937,65981,65226,65447,65927,65318
435,0,0,18,77377,76910,76167,76129,76784,69948,68801,69308,68967,68819,77643,76955,76410,76893,76518,66440,65678,65891,66398,65774
436,1,0,18,76804,76353,75613,75581,76214,69495,68336,68852,68500,68350,77059,76386,75829,76321,75951,66011,65240,65447,65934,65337
437,0,0,18,77383,76922,76171,76134,76769,69956,68785,69306,68949,68803,77629,76948,76394,76886,76508,66447,65684,65875,66379,65782
438,1,0,18,76807,76359,75594,75581,76193,69480,68329,68847,68480,68348,77069,76377,75830,76322,75958,65981,65252,65436,65936,65328
439,0,0,18,77389,76928,76173,76145,76771,69946,68799,69325,68944,68803,77646,76957,76408,76893,76518,66438,65706,65891,66387,65783
440,1,0,18,76789,76347,75596,75578,76182,69484,68319,68842,68488,68338,77058,76347,75816,76308,75937,65972,65213,65422,65917,65321
441,0,0,18,77390,76921,76175,76149,76778,69951,68798,69313,68952,68803,77637,76949,76412,76896,76518,66432,65682,65873,66376,65772
442,1,0,18,76780,76355,75607,75577,76189,69473,68316,68844,68458,68343,77059,76360,75815,76295,75933,65978,65225,65412,65916,65329
443,0,0,18,77365,76919,76174,76135,76757,69931,68768,69302,68933,68799,77626,76943,76393,76878,76502,66428,65669,65878,66364,65775
444,1,0,18,76777,76330,75593,75558,76184,69475,68304,68833,68468,68332,77070,76365,75825,76305,75931,65978,65226,65425,65926,65321
445,0,0,18,77358,76898,76151,76124,76774,69940,68764,69296,68939,68789,77633,76938,76401,76880,76499,66425,65678,65884,66378,65759
446,1,0,18,76780,76332,75594,75567,76190,69478,68311,68842,68469,68352,77049,76363,75817,76290,75934,65981,65241,65436,65928,65317
447,0,0,18,77364,76917,76168,76141,76766,69951,68766,69311,68935,68814,77631,76951,76406,76874,76508,66440,65688,65887,66381,65775
448,1,0,18,76794,76364,75606,75580,76206,69482,68322,68867,68483,68361,77079,76389,75833,76313,75947,66005,65244,65443,65953,65350
449,0,0,18,77375,76933,76171,76136,76784,69941,68773,69323,68943,68806,77641,76956,76408,76892,76516,66434,65690,65879,66391,65783
450,1,0,18,76805,76347,75601,75576,76201,69499,68325,68851,68462,68353,77063,76384,75833,76314,75949,65992,65246,65427,65952,65321
451,0,0,18,77379,76933,76173,76136,76778,69970,68786,69315,68939,68818,77639,76960,76411,76891,76523,66457,65699,65883,66409,65787
452,1,0,18,76795,76340,75616,75579,76206,69488,68320,68854,68477,68353,77062,76380,75840,76314,75969,66000,65241,65440,65935,65329
453,0,0,18,77380,76917,76168,76137,76775,69944,68778,69317,68939,68803,77635,76951,76416,76881,76529,66447,65680,65887,66380,65765
454,1,0,18,76807,76338,75617,75590,76196,69505,68319,68874,68477,68361,77080,76381,75833,76326,75969,66003,65241,65453,65951,65347
455,0,0,18,77393,76923,76175,76146,76768,69960,68782,69328,68921,68830,77659,76962,76406,76906,76531,66447,65686,65905,66396,65785
456,1,0,18,76790,76322,75599,75563,76195,69495,68316,68858,68473,68362,77070,76383,75834,76310,75939,65996,65245,65437,65928,65316
457,0,0,18,77374,76891,76175,76121,76772,69944,68774,69314,68943,68819,77640,76966,76413,76890,76511,66445,65682,65886,66379,65767
458,1,0,18,76779,76332,75581,75546,76167,69476,68307,68845,68442,68324,77036,76372,75817,76281,75946,65979,65213,65436,65910,65311
459,0,0,18,77378,76914,76158,76117,76764,69935,68778,69319,68931,68802,77630,76960,76408,76882,76517,66444,65675,65897,66357,65769
460,1,0,18,76781,76350,75610,75572,76196,69482,68297,68844,68465,68346,77072,76378,75832,76302,75946,65977,65222,65450,65917,65313
461,0,0,18,77341,76902,76158,76105,76759,69921,68754,69289,68909,68794,77625,76928,76391,76854,76492,66413,65663,65882,66353,65747
462,1,0,18,76788,76327,75596,75563,76188,69490,68312,68848,68469,68343,77054,76369,75811,76311,75939,65994,65222,65449,65930,65321
463,0,0,18,77370,76907,76166,76120,76772,69954,68780,69313,68938,68817,77639,76953,76401,76892,76516,66441,65672,65900,66386,65766
464,1,0,18,76785,76319,75580,75547,76171,69471,68281,68831,68456,68334,77035,76359,75815,76278,75928,65960,65202,65417,65908,65300
465,0,0,18,77393,76924,76168,76134,76777,69953,68765,69319,68932,68808,77633,76955,76431,76881,76509,66432,65670,65892,66388,65778
466,1,0,18,76764,76327,75593,75551,76168,69482,68287,68836,68441,68341,77060,76364,75835,76297,75934,65969,65216,65427,65907,65307
467,0,0,18,77365,76903,76166,76129,76751,69941,68747,69307,68915,68822,77633,76939,76413,76881,76515,66418,65677,65884,66376,65760
468,1,0,18,76759,76313,75575,75543,76161,69486,68269,68835,68446,68323,77027,76348,75812,76272,75914,65963,65204,65403,65896,65301
469,0,0,18,77356,76908,76155,76120,76757,69953,68752,69305,68933,68806,77612,76936,76406,76875,76492,66430,65663,65877,66354,65763
470,1,0,18,76765,76313,75584,75552,76171,69479,68299,68846,68448,68334,77049,76344,75828,76284,75927,65974,65208,65415,65896,65319
471,0,0,18,77329,76880,76129,76105,76737,69919,68754,69289,68896,68809,77615,76909,76393,76848,76479,66409,65646,65854,66335,65759
472,1,0,18,76786,76326,75598,75541,76182,69486,68302,68863,68463,68330,77056,76374,75841,76303,75949,65980,65217,65441,65933,65332
473,0,0,18,77361,76893,76153,76107,76759,69934,68750,69307,68924,68792,77621,76954,76415,76870,76512,66427,65646,65879,66364,65776
474,1,0,18,76781,76336,75579,75555,76173,69475,68290,68839,68455,68333,77040,76358,75802,76290,75921,65959,65213,65418,65913,65326
475,0,0,18,77355,76912,76155,76115,76760,69922,68756,69303,68921,68799,77605,76926,76393,76870,76498,66420,65658,65859,66367,65780
476,1,0,18,76774,76340,75569,75564,76191,69480,68305,68851,68474,68333,77049,76371,75831,76307,75930,65984,65226,65427,65927,65322
477,0,0,18,77336,76891,76123,76108,76751,69923,68752,69287,68914,68783,77598,76927,76385,76857,76492,66411,65667,65858,66358,65764
478,1,0,18,76796,76348,75590,75568,76216,69483,68315,68865,68490,68362,77045,76386,75839,76351,75953,65992,65253,65442,65935,65364
479,0,0,18,77354,76900,76137,76112,76781,69943,68768,69314,68936,68818,77595,76952,76407,76907,76494,66434,65696,65877,66368,65795
480,1,0,18,76787,76342,75606,75552,76197,69477,68310,68857,68495,68350,77047,76367,75830,76309,75944,65999,65238,65430,65932,65334
481,0,0,18,77389,76914,76171,76134,76786,69950,68778,69332,68971,68820,77629,76953,76413,76888,76515,66453,65681,65887,66390,65796
482,1,0,18,76812,76329,75580,75572,76192,69487,68324,68864,68472,68348,77063,76372,75838,76322,75940,66000,65242,65449,65925,65354
483,0,0,18,77375,76906,76142,76126,76760,69927,68781,69317,68923,68804,77620,76942,76404,76891,76503,66438,65685,65881,66373,65792
484,1,0,18,76793,76331,75582,75553,76192,69459,68305,68850,68462,68331,77048,76372,75832,76294,75946,65984,65214,65435,65921,65333
485,0,0,18,77383,76900,76149,76115,76763,69928,68761,69313,68917,68791,77614,76939,76410,76875,76515,66424,65653,65870,66366,65783
486,1,0,18,76781,76331,75595,75557,76183,69467,68310,68839,68464,68337,77039,76365,75839,76285,75933,65984,65237,65430,65929,65317
487,0,0,18,77374,76915,76166,76127,76773,69922,68767,69298,68939,68804,77628,76952,76420,76877,76511,66439,65677,65877,66383,65779
488,1,0,18,76771,76337,75591,75564,76185,69462,68310,68841,68460,68327,77043,76361,75831,76298,75917,65961,65232,65430,65924,65328
489,0,0,18,77362,76906,76153,76123,76759,69911,68768,69296,68922,68780,77607,76939,76403,76872,76479,66411,65674,65869,66376,65769
490,1,0,18,76781,76335,75592,75554,76192,69462,68302,68841,68475,68329,77043,76358,75829,76303,75919,65978,65221,65416,65909,65328
491,0,0,18,77365,76927,76160,76120,76767,69924,68779,69302,68933,68796,77612,76945,76417,76886,76494,66422,65671,65866,66363,65781
492,1,0,18,76775,76342,75594,75555,76198,69455,68313,68842,68469,68332,77048,76348,75828,76286,75931,65973,65228,65406,65918,65330
493,0,0,18,77362,76909,76167,76107,76771,69919,68771,69305,68927,68794,77610,76921,76408,76867,76492,66419,65668,65858,66366,65782
494,1,0,18,76762,76341,75579,75542,76185,69451,68283,68818,68452,68315,77031,76337,75812,76277,75919,65934,65215,65387,65907,65306
495,0,0,18,77348,76912,76135,76103,76767,69914,68755,69287,68918,68784,77608,76908,76400,76865,76486,66399,65658,65847,66358,65759
496,1,0,18,76756,76334,75548,75539,76194,69450,68287,68818,68449,68310,77017,76333,75788,76280,75907,65941,65198,65393,65889,65303
497,0,0,18,77346,76908,76125,76102,76769,69920,68751,69278,68914,68775,77602,76918,76391,76872,76482,66401,65662,65857,66349,65751
498,1,0,18,76780,76328,75567,75537,76177,69459,68289,68825,68450,68333,77037,76331,75806,76269,75909,65941,65203,65420,65892,65316
499,0,0,18,77373,76913,76159,76114,76781,69929,68764,69289,68930,68810,77623,76918,76394,76856,76489,66411,65662,65886,66350,65772
500,1,0,18,76763,76334,75574,75538,76197,69471,68310,68835,68452,68328,77048,76352,75792,76278,75917,65960,65213,65416,65898,65329
501,0,0,18,77356,76898,76149,76128,76774,69937,68774,69303,68922,68783,77625,76936,76384,76864,76507,66420,65662,65854,66352,65789
502,1,0,18,76808,76363,75617,75577,76220,69492,68328,68866,68491,68348,77081,76370,75843,76317,75947,66005,65253,65445,65945,65357
503,0,0,18,77382,76935,76163,76138,76795,69935,68784,69328,68952,68810,77649,76935,76415,76894,76517,66439,65694,65886,66390,65789
504,1,0,18,76774,76346,75596,75567,76205,69483,68296,68847,68471,68326,77035,76352,75806,76286,75936,65974,65228,65444,65912,65331
505,0,0,18,77377,76931,76177,76131,76787,69946,68760,69315,68923,68798,77630,76933,76397,76886,76509,66438,65679,65906,66380,65791
506,1,0,18,76792,76352,75603,75577,76204,69495,68308,68872,68482,68351,77049,76383,75832,76308,75947,65999,65245,65465,65939,65345
507,0,0,18,77373,76920,76166,76136,76773,69945,68765,69331,68933,68795,77612,76958,76405,76880,76524,66442,65686,65908,66394,65785
508,1,0,18,76796,76337,75581,75565,76183,69486,68295,68851,68460,68328,77036,76366,75815,76296,75936,65984,65218,65451,65916,65317
509,0,0,18,77368,76909,76154,76138,76760,69927,68751,69303,68923,68784,77615,76933,76399,76876,76499,66432,65651,65900,66360,65771
510,1,0,18,76776,76353,75610,75578,76202,69479,68295,68867,68478,68327,77029,76371,75822,76285,75943,65985,65228,65448,65932,65331
511,0,0,18,77366,76931,76181,76151,76793,69944,68770,69337,68945,68803,77636,76951,76408,76880,76531,66440,65696,65902,66391,65793
512,1,0,18,76784,76341,75585,75561,76199,69470,68285,68847,68466,68315,77034,76362,75823,76282,75941,65988,65225,65425,65914,65323
513,0,0,18,77369,76907,76146,76125,76775,69925,68749,69320,68936,68787,77618,76939,76413,76858,76508,66442,65676,65884,66364,65777
514,1,0,18,76789,76335,75598,75571,76197,69495,68299,68857,68464,68326,77036,76369,75833,76284,75935,65984,65241,65440,65908,65324
515,0,0,18,77368,76889,76148,76117,76761,69938,68757,69315,68920,68772,77613,76940,76400,76864,76497,66423,65689,65882,66359,65767
516,1,0,18,76788,76329,75597,75560,76194,69482,68309,68854,68481,68309,77045,76367,75825,76301,75932,65987,65257,65431,65917,65335
517,0,0,18,77359,76892,76163,76118,76767,69933,68772,69314,68939,68773,77605,76938,76392,76866,76494,66429,65703,65877,66370,65781
518,1,0,18,76770,76333,75581,75558,76178,69474,68305,68852,68453,68308,77012,76351,75834,76270,75927,65978,65241,65431,65899,65307
519,0,0,18,77357,76910,76152,76111,76745,69931,68768,69312,68923,68769,77606,76937,76407,76849,76492,66427,65694,65880,66366,65771
520,1,0,18,76785,76338,75597,75567,76184,69484,68306,68851,68462,68318,77033,76360,75830,76282,75925,65978,65241,65420,65910,65308
521,0,0,18,77380,76915,76172,76134,76775,69949,68775,69315,68936,68787,77616,76938,76421,76881,76508,66436,65693,65875,66370,65768
522,1,0,18,76767,76312,75576,75545,76161,69454,68276,68830,68454,68318,77002,76328,75791,76267,75919,65966,65213,65426,65880,65305
523,0,0,18,77357,76888,76146,76109,76738,69908,68745,69302,68912,68791,77594,76909,76384,76836,76480,66419,65672,65866,66345,65759
524,1,0,18,76768,76308,75564,75551,76154,69461,68282,68834,68444,68308,77017,76333,75801,76259,75914,65973,65189,65411,65878,65307
525,0,0,18,77359,76883,76141,76120,76746,69925,68744,69305,68915,68771,77587,76915,76391,76853,76503,66427,65639,65879,66343,65759
526,1,0,18,76778,76303,75581,75557,76174,69443,68284,68838,68437,68324,77013,76340,75816,76268,75897,65955,65215,65417,65895,65300
527,0,0,18,77372,76897,76157,76129,76771,69925,68753,69303,68916,68806,77610,76935,76410,76861,76484,66407,65682,65880,66365,65760
528,1,0,18,76796,76316,75597,75571,76195,69466,68305,68860,68467,68328,77037,76365,75839,76281,75924,65980,65246,65436,65915,65330
529,0,0,18,77381,76900,76164,76143,76777,69929,68769,69330,68925,68796,77613,76948,76415,76868,76486,66433,65701,65885,66377,65772
530,1,0,18,76784,76330,75598,75576,76170,69461,68309,68863,68453,68317,77045,76358,75821,76277,75928,65982,65225,65421,65899,65339
531,0,0,18,77359,76908,76162,76138,76756,69911,68762,69315,68892,68774,77600,76918,76399,76840,76494,66410,65662,65862,66343,65781
532,1,0,18,76770,76316,75591,75558,76163,69462,68299,68846,68442,68306,77027,76341,75808,76284,75930,65969,65217,65416,65900,65302
533,0,0,18,77358,76895,76170,76117,76741,69929,68759,69307,68904,68777,77611,76926,76395,76871,76499,66424,65664,65861,66363,65754
534,1,0,18,76795,76337,75605,75579,76177,69481,68315,68872,68482,68342,77048,76360,75826,76292,75947,65969,65242,65444,65907,65325
535,0,0,18,77382,76940,76189,76152,76758,69944,68787,69334,68951,68812,77630,76949,76400,76887,76518,66421,65697,65895,66370,65780
536,1,0,18,76795,76359,75623,75575,76199,69504,68332,68873,68488,68339,77067,76369,75837,76313,75952,66000,65253,65455,65932,65360
537,0,0,18,77372,76916,76178,76141,76769,69954,68783,69329,68949,68791,77630,76941,76403,76875,76504,66436,65683,65905,66382,65792
538,1,0,18,76795,76334,75617,75571,76202,69499,68308,68858,68472,68314,77036,76359,75815,76304,75921,65979,65221,65431,65924,65334
539,0,0,18,77369,76898,76172,76130,76772,69944,68770,69322,68918,68787,77614,76932,76395,76877,76486,66421,65665,65871,66371,65776
540,1,0,18,76801,76352,75601,75581,76189,69497,68323,68858,68458,68334,77050,76366,75829,76313,75947,65994,65234,65439,65938,65322
541,0,0,18,77378,76903,76166,76137,76761,69953,68775,69305,68918,68786,77617,76943,76394,76877,76505,66438,65673,65879,66385,65769
542,1,0,18,76771,76316,75573,75549,76159,69465,68301,68844,68448,68312,77029,76345,75818,76275,75927,65964,65214,65424,65909,65314
543,0,0,18,77380,76909,76163,76145,76769,69937,68790,69330,68932,68801,77630,76954,76413,76876,76520,66448,65695,65891,66392,65791
544,1,0,18,76792,76333,75615,75587,76206,69491,68329,68877,68471,68336,77073,76371,75837,76281,75923,65983,65233,65449,65934,65346
545,0,0,18,77375,76901,76176,76141,76773,69945,68778,69342,68922,68789,77640,76942,76403,76849,76490,66423,65665,65887,66377,65793
546,1,0,18,76774,76317,75575,75561,76182,69474,68301,68858,68455,68333,77033,76340,75825,76286,75927,65986,65215,65430,65927,65327
547,0,0,18,77380,76896,76161,76139,76762,69948,68779,69324,68924,68805,77617,76933,76414,76870,76500,66446,65669,65886,66383,65779
548,1,0,18,76795,76332,75590,75552,76186,69480,68313,68866,68465,68329,77051,76348,75828,76280,75917,65975,65222,65420,65917,65338
549,0,0,18,77381,76885,76154,76109,76756,69942,68763,69312,68919,68800,77598,76927,76401,76856,76489,66415,65662,65876,66369,65786
550,1,0,18,76786,76340,75592,75543,76176,69470,68298,68852,68465,68343,77038,76348,75822,76277,75928,65981,65225,65426,65925,65326
551,0,0,18,77381,76906,76159,76104,76760,69936,68767,69313,68933,68816,77607,76929,76410,76852,76497,66434,65669,65869,66384,65792
552,1,0,18,76787,76334,75599,75570,76190,69471,68303,68862,68471,68340,77026,76355,75815,76283,75923,65970,65229,65425,65933,65333
553,0,0,18,77370,76917,76183,76131,76770,69929,68767,69325,68946,68804,77605,76932,76405,76861,76496,66428,65683,65875,66381,65787
554,1,0,18,76772,76337,75599,75574,76187,69467,68303,68858,68454,68326,77035,76366,75841,76286,75911,65979,65240,65429,65913,65336
555,0,0,18,77361,76920,76170,76140,76768,69941,68767,69325,68932,68796,77618,76953,76426,76886,76482,66435,65680,65885,66363,65789
556,1,0,18,76800,76334,75598,75582,76190,69494,68311,68873,68476,68342,77041,76353,75843,76289,75934,65989,65243,65439,65935,65332
557,0,0,18,77367,76904,76157,76138,76760,69938,68770,69327,68939,68803,77620,76924,76415,76858,76501,66426,65678,65889,66384,65776
558,1,0,18,76795,76331,75595,75578,76168,69494,68304,68859,68457,68333,77045,76353,75830,76290,75932,65989,65244,65430,65913,65324
559,0,0,18,77392,76918,76176,76150,76760,69970,68785,69338,68926,68810,77629,76944,76416,76884,76506,66450,65711,65903,66381,65790
560,1,0,18,76754,76314,75585,75553,76174,69482,68302,68849,68455,68317,77038,76348,75809,76289,75910,65980,65222,65427,65917,65325
561,0,0,18,77348,76897,76156,76130,76751,69934,68773,69310,68916,68780,77610,76932,76389,76875,76486,66427,65666,65876,66370,65774
562,1,0,18,76790,76336,75591,75581,76192,69491,68315,68853,68464,68329,77054,76361,75833,76304,75944,65988,65222,65426,65932,65336
563,0,0,18,77351,76894,76156,76133,76768,69924,68770,69294,68920,68782,77617,76937,76400,76876,76500,66434,65660,65871,66383,65777
564,1,0,18,76783,76310,75600,75579,76188,69473,68301,68845,68459,68336,77042,76374,75825,76294,75909,65987,65235,65420,65933,65325
565,0,0,18,77365,76892,76159,76148,76768,69939,68761,69306,68930,68799,77623,76945,76396,76870,76473,66439,65675,65879,66379,65780
566,1,0,18,76785,76334,75594,75569,76191,69485,68309,68874,68471,68345,77040,76371,75840,76310,75927,65984,65240,65437,65934,65335
567,0,0,18,77379,76916,76165,76144,76789,69945,68780,69345,68936,68816,77621,76956,76424,76894,76500,66448,65706,65893,66383,65788
568,1,0,18,76761,76313,75591,75557,76180,69481,68298,68856,68462,68325,77030,76361,75824,76295,75921,65971,65242,65413,65928,65328
569,0,0,18,77366,76905,76174,76127,76775,69949,68769,69324,68926,68802,77623,76956,76423,76889,76501,66434,65689,65887,66387,65790
570,1,0,18,76781,76328,75598,75568,76181,69493,68326,68868,68468,68336,77036,76374,75837,76314,75941,65979,65243,65432,65921,65331
571,0,0,18,77359,76901,76174,76133,76758,69937,68796,69323,68929,68803,77614,76950,76419,76886,76507,66423,65692,65875,66374,65771
572,1,0,18,76790,76329,75603,75570,76178,69476,68313,68853,68465,68324,77041,76353,75828,76301,75928,65980,65233,65428,65922,65350
573,0,0,18,77385,76898,76180,76139,76774,69931,68770,69324,68928,68780,77626,76931,76402,76886,76506,66427,65678,65883,66375,65790
574,1,0,18,76795,76371,75620,75592,76208,69509,68337,68869,68509,68369,77055,76390,75856,76332,75949,66005,65260,65466,65964,65368
575,0,0,18,77388,76929,76181,76155,76782,69964,68788,69331,68958,68825,77640,76955,76433,76898,76515,66458,65711,65903,66402,65804
576,1,0,18,76779,76322,75616,75584,76210,69479,68314,68862,68472,68340,77063,76360,75826,76293,75937,65983,65245,65433,65941,65350
577,0,0,18,77374,76900,76186,76153,76787,69941,68776,69336,68939,68815,77642,76947,76425,76895,76526,66446,65709,65904,66404,65814
578,1,0,18,76787,76328,75631,75588,76202,69485,68318,68861,68477,68338,77055,76373,75840,76318,75947,65991,65244,65456,65939,65343
579,0,0,18,77385,76908,76187,76152,76780,69940,68781,69325,68936,68808,77640,76953,76419,76896,76516,66445,65700,65905,66395,65797
580,1,0,18,76788,76326,75604,75579,76183,69483,68328,68861,68480,68342,77052,76370,75833,76308,75922,65983,65237,65440,65931,65350
581,0,0,18,77377,76896,76178,76135,76778,69945,68794,69316,68935,68798,77631,76950,76425,76897,76489,66440,65698,65903,66404,65811
582,1,0,18,76811,76355,75631,75584,76214,69502,68347,68866,68488,68348,77071,76389,75840,76331,75940,65993,65259,65449,65949,65351
583,0,0,18,77374,76919,76190,76134,76778,69955,68797,69318,68937,68800,77633,76960,76422,76901,76508,66434,65700,65893,66401,65791
584,1,0,18,76780,76327,75592,75555,76187,69456,68301,68845,68463,68324,77047,76360,75825,76294,75920,65972,65236,65411,65919,65322
585,0,0,18,77368,76903,76169,76110,76763,69922,68772,69298,68927,68790,77620,76933,76407,76876,76500,66418,65682,65872,66366,65770
586,1,0,18,76777,76326,75595,75570,76178,69471,68311,68860,68451,68340,77052,76368,75822,76288,75921,65981,65252,65425,65913,65332
587,0,0,18,77348,76892,76155,76130,76749,69927,68771,69311,68906,68791,77614,76943,76409,76867,76491,66417,65694,65869,66358,65768
588,1,0,18,76784,76335,75610,75577,76198,69486,68309,68866,68467,68338,77067,76383,75847,76302,75955,65980,65239,65442,65933,65349
589,0,0,18,77366,76914,76184,76152,76791,69939,68777,69345,68926,68806,77652,76947,76425,76887,76522,66442,65687,65890,66395,65795
590,1,0,18,76796,76359,75619,75611,76203,69492,68332,68880,68479,68349,77072,76387,75859,76308,75957,66011,65239,65443,65952,65350
591,0,0,18,77371,76918,76192,76172,76781,69945,68793,69340,68935,68811,77650,76957,76423,76891,76515,66453,65698,65894,66408,65798
592,1,0,18,76781,76350,75593,75576,76198,69476,68324,68852,68456,68363,77066,76365,75833,76308,75939,65991,65234,65440,65938,65345
593,0,0,18,77369,76932,76161,76150,76780,69946,68796,69316,68934,68830,77647,76938,76416,76907,76513,66435,65689,65889,66397,65807
594,1,0,18,76792,76342,75615,75579,76185,69467,68322,68859,68482,68342,77068,76379,75848,76323,75949,65991,65245,65452,65944,65336
595,0,0,18,77379,76907,76190,76148,76766,69930,68793,69334,68946,68809,77647,76938,76421,76907,76524,66447,65711,65909,66398,65781
596,1,0,18,76790,76362,75615,75595,76185,69464,68326,68860,68481,68343,77077,76366,75837,76316,75962,65987,65243,65451,65939,65356
597,0,0,18,77378,76931,76171,76154,76763,69943,68786,69332,68947,68802,77655,76937,76424,76901,76539,66440,65691,65906,66392,65808
598,1,0,18,76799,76369,75619,75591,76192,69487,68332,68883,68460,68366,77081,76362,75844,76316,75957,65996,65250,65454,65947,65356
599,0,0,18,77383,76940,76187,76150,76772,69943,68797,69335,68916,68824,77642,76946,76412,76899,76520,66434,65690,65895,66394,65801
600,1,0,18,76797,76346,75615,75577,76188,69487,68333,68872,68485,68353,77071,76372,75840,76301,75941,65984,65250,65454,65948,65348
601,0,0,18,77371,76910,76167,76134,76754,69940,68784,69334,68931,68802,77651,76938,76405,76875,76504,66420,65684,65885,66388,65789
602,1,0,18,76799,76338,75607,75571,76192,69495,68333,68870,68476,68341,77055,76382,75826,76299,75939,65979,65250,65449,65944,65330
603,0,0,18,77382,76927,76178,76145,76770,69962,68809,69332,68938,68810,77633,76957,76408,76878,76510,66430,65711,65909,66400,65787
604,1,0,18,76778,76354,75595,75580,76188,69474,68316,68862,68464,68331,77045,76369,75842,76295,75930,65971,65251,65421,65918,65325
605,0,0,18,77371,76928,76163,76145,76764,69932,68777,69319,68933,68808,77626,76948,76410,76875,76508,66433,65697,65870,66369,65779
606,1,0,18,76778,76358,75609,75570,76214,69488,68342,68864,68494,68358,77068,76365,75832,76318,75933,65978,65235,65444,65936,65326
607,0,0,18,77349,76914,76159,76126,76772,69925,68783,69317,68941,68802,77623,76930,76401,76883,76492,66423,65675,65885,66378,65774
608,1,0,18,76786,76362,75613,75568,76185,69488,68319,68855,68474,68336,77053,76360,75829,76285,75943,65985,65236,65442,65923,65329
609,0,0,18,77371,76927,76182,76124,76764,69942,68775,69306,68921,68809,77632,76935,76399,76866,76511,66428,65682,65885,66362,65773
610,1,0,18,76784,76354,75608,75584,76181,69480,68312,68841,68472,68342,77052,76364,75822,76302,75932,65981,65245,65436,65928,65323
611,0,0,18,77374,76929,76171,76152,76761,69934,68774,69301,68935,68800,77626,76938,76401,76873,76498,66424,65695,65889,66384,65780
612,1,0,18,76786,76368,75605,75586,76179,69487,68325,68859,68475,68349,77055,76371,75835,76293,75943,65991,65233,65439,65938,65329
613,0,0,18,77362,76938,76176,76151,76760,69937,68779,69314,68931,68799,77610,76956,76412,76867,76503,66428,65684,65878,66373,65771
614,1,0,18,76797,76363,75623,75597,76193,69487,68327,68867,68483,68358,77070,76392,75834,76316,75950,65997,65245,65444,65944,65345
615,0,0,18,77369,76926,76188,76135,76764,69929,68777,69315,68925,68813,77619,76955,76399,76871,76510,66433,65687,65884,66386,65780
616,1,0,18,76795,76346,75614,75591,76202,69472,68314,68867,68469,68358,77051,76372,75831,76298,75933,65986,65256,65442,65927,65334
617,0,0,18,77386,76932,76179,76148,76792,69943,68796,69346,68940,68826,77637,76950,76410,76885,76503,66442,65713,65896,66380,65777
618,1,0,18,76805,76378,75627,75592,76221,69503,68353,68880,68502,68364,77066,76378,75834,76342,75942,66000,65266,65459,65944,65345
619,0,0,18,77371,76936,76188,76147,76783,69959,68803,69327,68954,68822,77640,76945,76425,76905,76496,66436,65706,65891,66384,65793
620,1,0,18,76771,76348,75583,75560,76171,69456,68304,68835,68455,68345,77045,76354,75806,76280,75913,65961,65236,65414,65908,65301
621,0,0,18,77348,76909,76162,76117,76747,69906,68753,69292,68907,68799,77603,76917,76401,76859,76483,66405,65669,65862,66346,65749
622,1,0,18,76804,76373,75646,75577,76205,69492,68342,68865,68483,68379,77078,76363,75852,76317,75955,66008,65259,65442,65936,65338
623,0,0,18,77392,76929,76207,76139,76789,69956,68804,69325,68940,68840,77641,76944,76434,76896,76523,66449,65711,65899,66390,65782
624,1,0,18,76774,76351,75604,75547,76179,69466,68289,68842,68457,68331,77057,76340,75824,76279,75922,65967,65238,65422,65917,65309
625,0,0,18,77370,76918,76186,76120,76760,69923,68751,69312,68928,68793,77635,76919,76405,76874,76503,66422,65694,65874,66370,65754
626,1,0,18,76776,76332,75609,75567,76179,69463,68308,68857,68455,68324,77035,76338,75814,76292,75932,65970,65236,65414,65908,65307
627,0,0,18,77368,76911,76180,76135,76768,69927,68772,69320,68922,68789,77616,76920,76394,76873,76506,66428,65685,65865,66356,65763
628,1,0,18,76772,76347,75604,75560,76184,69469,68309,68827,68436,68325,77018,76355,75809,76290,75925,65979,65241,65413,65918,65309
629,0,0,18,77371,76935,76184,76147,76778,69940,68781,69303,68925,68798,77612,76937,76403,76875,76509,66436,65699,65876,66381,65766
630,1,0,18,76777,76342,75611,75589,76207,69478,68324,68859,68464,68340,77061,76374,75832,76305,75959,65980,65244,65431,65922,65338
631,0,0,18,77379,76919,76189,76165,76786,69947,68787,69324,68936,68799,77636,76949,76434,76896,76537,66436,65704,65877,66376,65789
632,1,0,18,76800,76348,75614,75578,76191,69482,68307,68850,68447,68338,77057,76342,75819,76294,75922,65969,65245,65429,65921,65314
633,0,0,18,77393,76923,76184,76141,76783,69933,68783,69319,68919,68801,77644,76928,76403,76885,76512,66431,65704,65889,66389,65777
634,1,0,18,76775,76331,75576,75553,76173,69452,68281,68840,68416,68308,77043,76337,75822,76272,75928,65959,65230,65414,65907,65296
635,0,0,18,77346,76892,76138,76112,76750,69910,68733,69291,68880,68763,77605,76902,76376,76847,76495,66402,65677,65850,66357,65744
636,1,0,18,76794,76352,75614,75572,76198,69473,68305,68860,68457,68317,77069,76371,75840,76314,75934,65991,65242,65444,65926,65324
637,0,0,18,77372,76917,76176,76135,76776,69934,68765,69328,68931,68785,77637,76939,76412,76887,76507,66427,65693,65887,66376,65770
638,1,0,18,76785,76346,75615,75586,76194,69462,68310,68853,68488,68338,77047,76366,75824,76293,75924,65991,65250,65434,65921,65334
639,0,0,18,77357,76937,76177,76146,76781,69923,68780,69328,68957,68802,77624,76944,76402,76874,76500,66437,65692,65884,66369,65785
640,1,0,18,76787,76349,75612,75568,76207,69487,68310,68859,68476,68338,77059,76362,75831,76305,75939,65976,65258,65441,65907,65337
641,0,0,18,77355,76935,76166,76140,76774,69940,68761,69317,68942,68794,77629,76934,76408,76882,76504,66421,65704,65878,66368,65775
642,1,0,18,76783,76347,75597,75560,76186,69468,68291,68858,68474,68320,77046,76365,75847,76296,75919,65980,65214,65419,65912,65297
643,0,0,18,77381,76925,76183,76141,76787,69931,68761,69324,68958,68796,77640,76952,76425,76886,76498,66442,65682,65878,66383,65768
644,1,0,18,76770,76329,75596,75558,76194,69457,68304,68837,68478,68315,77059,76345,75824,76290,75928,65972,65227,65403,65918,65294
645,0,0,18,77346,76890,76157,76117,76764,69914,68754,69290,68928,68771,77615,76904,76400,76870,76486,66416,65658,65842,66362,65737
646,1,0,18,76782,76346,75602,75563,76196,69476,68299,68833,68455,68314,77052,76339,75832,76292,75911,65980,65237,65405,65918,65319
647,0,0,18,77354,76907,76173,76127,76774,69917,68755,69295,68920,68763,77620,76910,76409,76863,76480,66428,65675,65849,66358,65757
648,1,0,18,76785,76341,75596,75575,76204,69487,68309,68831,68463,68318,77023,76351,75833,76297,75919,65971,65229,65447,65919,65309
649,0,0,18,77395,76937,76188,76151,76792,69963,68799,69314,68957,68794,77627,76953,76433,76911,76514,66439,65703,65903,66396,65785
650,1,0,18,76792,76351,75620,75597,76213,69485,68316,68856,68475,68324,77068,76368,75844,76306,75943,65995,65250,65443,65925,65327
651,0,0,18,77390,76920,76197,76161,76783,69944,68769,69318,68929,68792,77635,76946,76418,76882,76512,66451,65697,65894,66375,65787
652,1,0,18,76795,76343,75594,75579,76199,69498,68300,68846,68459,68312,77049,76351,75833,76291,75921,65967,65235,65412,65901,65312
653,0,0,18,77379,76914,76156,76145,76773,69949,68757,69294,68925,68772,77625,76919,76416,76877,76482,66417,65673,65861,66358,65759
654,1,0,18,76806,76352,75625,75565,76198,69495,68324,68863,68484,68316,77045,76346,75838,76307,75934,65985,65236,65437,65938,65309
655,0,0,18,77381,76913,76185,76122,76774,69948,68780,69320,68937,68784,77623,76921,76415,76879,76505,66420,65689,65884,66388,65764
656,1,0,18,76809,76346,75619,75576,76200,69504,68338,68870,68505,68336,77045,76363,75856,76332,75954,65996,65245,65442,65947,65332
657,0,0,18,77389,76929,76182,76135,76783,69966,68803,69318,68958,68780,77627,76939,76441,76905,76527,66439,65692,65898,66404,65784
658,1,0,18,76806,76357,75594,75579,76205,69496,68312,68855,68483,68304,77035,76341,75832,76300,75944,65980,65241,65436,65943,65313
659,0,0,18,77385,76928,76156,76132,76775,69938,68769,69307,68936,68761,77608,76907,76408,76874,76505,66402,65676,65867,66387,65757
660,1,0,18,76805,76354,75603,75578,76179,69482,68335,68863,68482,68315,77036,76358,75841,76291,75935,65983,65232,65427,65938,65330
661,0,0,18,77384,76937,76177,76151,76766,69937,68800,69323,68936,68785,77616,76931,76441,76875,76498,66428,65680,65873,66390,65770
662,1,0,18,76804,76359,75616,75593,76219,69510,68356,68858,68486,68319,77061,76364,75852,76320,75948,65995,65251,65443,65953,65338
663,0,0,18,77386,76922,76174,76150,76799,69953,68808,69311,68940,68778,77628,76927,76432,76896,76517,66428,65696,65885,66391,65783
664,1,0,18,76801,76351,75589,75571,76178,69477,68310,68841,68455,68307,77042,76327,75825,76288,75917,65963,65232,65429,65910,65301
665,0,0,18,77394,76927,76168,76147,76768,69945,68767,69308,68933,68778,77622,76922,76407,76880,76487,66418,65691,65878,66379,65763
666,1,0,18,76782,76350,75608,75576,76188,69477,68325,68847,68443,68317,77057,76327,75816,76300,75927,65967,65230,65423,65920,65305
667,0,0,18,77399,76946,76205,76158,76777,69957,68808,69325,68942,68809,77651,76944,76415,76897,76511,66436,65694,65901,66393,65781
668,1,0,18,76787,76358,75592,75570,76176,69485,68318,68848,68468,68321,77031,76363,75807,76301,75918,65971,65233,65423,65926,65313
669,0,0,18,77359,76922,76157,76131,76752,69950,68775,69301,68924,68768,77610,76937,76400,76871,76476,66414,65671,65871,66377,65758
670,1,0,18,76795,76384,75624,75604,76211,69512,68346,68856,68491,68338,77060,76361,75832,76334,75943,65992,65244,65448,65958,65339
671,0,0,18,77386,76961,76196,76178,76810,69969,68820,69322,68970,68822,77637,76950,76421,76922,76525,66445,65725,65906,66418,65800
672,1,0,18,76779,76358,75600,75593,76197,69480,68332,68852,68468,68321,77055,76348,75834,76321,75928,65984,65247,65430,65921,65331
673,0,0,18,77361,76922,76158,76149,76773,69933,68783,69314,68917,68772,77616,76921,76401,76892,76512,66437,65702,65885,66370,65772
674,1,0,18,76773,76358,75618,75582,76175,69496,68338,68856,68473,68328,77055,76371,75837,76329,75940,65997,65245,65438,65924,65351
675,0,0,18,77362,76932,76187,76141,76768,69944,68816,69327,68946,68777,77625,76951,76426,76904,76520,66445,65690,65886,66375,65807
676,1,0,18,76794,76371,75605,75587,76208,69497,68330,68855,68476,68329,77053,76358,75830,76309,75950,65987,65256,65432,65951,65331
677,0,0,18,77381,76945,76179,76157,76783,69957,68801,69320,68937,68796,77633,76947,76416,76889,76522,66445,65690,65887,66406,65795
678,1,0,18,76764,76343,75594,75552,76192,69499,68334,68851,68465,68330,77044,76354,75814,76295,75937,65978,65240,65420,65933,65331
679,0,0,18,77348,76914,76161,76109,76773,69939,68786,69312,68915,68784,77615,76926,76385,76873,76497,66417,65687,65868,66385,65772
680,1,0,18,76787,76332,75594,75575,76193,69478,68332,68852,68477,68313,77049,76363,75825,76295,75944,65982,65224,65410,65916,65327
681,0,0,18,77362,76919,76153,76137,76770,69944,68787,69307,68936,68779,77619,76932,76400,76870,76512,66429,65667,65877,66370,65774
682,1,0,18,76802,76349,75603,75590,76213,69495,68335,68865,68474,68322,77043,76373,75840,76306,75939,65977,65235,65443,65930,65342
683,0,0,18,77381,76929,76157,76154,76792,69946,68789,69330,68926,68787,77617,76959,76426,76893,76514,66429,65677,65878,66387,65790
684,1,0,18,76784,76364,75622,75586,76208,69504,68336,68876,68470,68334,77064,76381,75854,76308,75950,66002,65255,65449,65966,65351
685,0,0,18,77358,76915,76160,76131,76770,69939,68784,69319,68927,68786,77623,76942,76395,76861,76501,66430,65690,65885,66403,65775
686,1,0,18,76794,76360,75624,75585,76212,69484,68339,68876,68468,68343,77040,76380,75831,76307,75939,65996,65249,65433,65943,65345
687,0,0,18,77366,76927,76184,76137,76779,69940,68783,69324,68929,68795,77611,76955,76406,76884,76504,66435,65692,65885,66389,65796
688,1,0,18,76806,76379,75624,75598,76218,69489,68333,68880,68488,68342,77072,76388,75847,76328,75951,65997,65254,65447,65961,65348
689,0,0,18,77376,76943,76191,76154,76781,69931,68796,69335,68929,68798,77641,76953,76418,76903,76513,66444,65689,65887,66401,65796
690,1,0,18,76805,76367,75611,75603,76212,69496,68335,68884,68487,68337,77048,76381,75831,76311,75954,66008,65262,65446,65947,65349
691,0,0,18,77375,76932,76167,76149,76784,69942,68783,69326,68936,68791,77617,76948,76414,76871,76516,66447,65700,65894,66389,65792
692,1,0,18,76776,76340,75590,75571,76203,69495,68315,68849,68463,68327,77041,76386,75813,76315,75940,65980,65240,65433,65926,65338
693,0,0,18,77369,76926,76176,76135,76786,69958,68783,69323,68931,68789,77635,76963,76400,76894,76508,66438,65683,65876,66381,65780
694,1,0,18,76797,76365,75608,75580,76193,69474,68325,68850,68469,68322,77060,76376,75832,76310,75945,65985,65234,65430,65926,65341
695,0,0,18,77391,76948,76180,76147,76786,69948,68782,69318,68936,68794,77637,76963,76415,76898,76524,66435,65690,65879,66378,65803
696,1,0,18,76800,76341,75629,75580,76185,69482,68321,68875,68470,68323,77051,76370,75827,76314,75938,65996,65249,65438,65948,65329
697,0,0,18,77387,76929,76191,76147,76779,69947,68784,69345,68942,68795,77634,76957,76417,76900,76515,66452,65696,65907,66398,65792
698,1,0,18,76796,76362,75608,75597,76205,69488,68345,68871,68465,68317,77065,76379,75818,76304,75936,65991,65254,65438,65925,65332
699,0,0,18,77381,76947,76172,76153,76783,69948,68804,69329,68928,68793,77621,76954,76401,76876,76498,66439,65692,65891,66384,65783
700,1,0,18,76791,76338,75603,75575,76189,69468,68313,68844,68454,68322,77048,76373,75827,76291,75939,65983,65237,65415,65918,65338
701,0,0,18,77375,76908,76162,76138,76768,69925,68787,69307,68921,68776,77621,76941,76404,76862,76515,66430,65674,65863,66369,65779
702,1,0,18,76800,76353,75601,75587,76224,69474,68331,68849,68464,68317,77047,76376,75834,76307,75948,65985,65246,65432,65932,65345
703,0,0,18,77387,76924,76173,76141,76795,69929,68787,69307,68929,68776,77617,76951,76408,76883,76513,66438,65696,65886,66382,65800
704,1,0,18,76789,76328,75590,75578,76186,69481,68314,68845,68464,68311,77050,76373,75839,76295,75928,65981,65241,65435,65929,65328
705,0,0,18,77362,76899,76146,76130,76752,69916,68753,69286,68913,68767,77625,76933,76408,76880,76481,66416,65680,65870,66378,65777
706,1,0,18,76806,76351,75608,75577,76187,69478,68316,68859,68464,68330,77071,76379,75848,76318,75938,65989,65237,65448,65925,65333
707,0,0,18,77384,76917,76157,76126,76755,69924,68767,69315,68916,68787,77628,76946,76420,76887,76507,66426,65686,65893,66357,65786
708,1,0,18,76812,76377,75607,75569,76192,69473,68319,68871,68476,68341,77060,76368,75845,76325,75960,66004,65251,65444,65936,65350
709,0,0,18,77387,76937,76169,76129,76767,69915,68773,69321,68938,68791,77634,76934,76419,76887,76522,66441,65697,65886,66384,65786
710,1,0,18,76781,76334,75589,75565,76190,69465,68310,68843,68465,68299,77039,76359,75819,76297,75929,65984,65235,65429,65908,65325
711,0,0,18,77361,76922,76167,76135,76766,69926,68774,69312,68919,68777,77619,76944,76402,76878,76506,66427,65673,65876,66376,65771
712,1,0,18,76781,76354,75587,75560,76181,69474,68310,68853,68460,68313,77045,76357,75824,76295,75936,65967,65228,65424,65910,65323
713,0,0,18,77360,76930,76163,76133,76778,69939,68769,69318,68928,68771,77621,76941,76411,76879,76515,66419,65685,65893,66357,65782
714,1,0,18,76780,76348,75583,75554,76181,69455,68291,68836,68456,68299,77025,76361,75830,76307,75926,65957,65227,65417,65904,65321
715,0,0,18,77359,76909,76132,76122,76760,69902,68751,69295,68921,68750,77598,76943,76404,76867,76493,66386,65661,65861,66344,65773
716,1,0,18,76794,76326,75580,75569,76184,69467,68305,68855,68448,68312,77062,76345,75831,76299,75941,65970,65239,65441,65920,65327
717,0,0,18,77374,76908,76150,76139,76756,69922,68770,69305,68933,68777,77641,76927,76415,76876,76514,66418,65675,65887,66365,65785
718,1,0,18,76776,76339,75569,75555,76167,69464,68307,68850,68459,68309,77040,76349,75815,76294,75930,65964,65226,65416,65904,65317
719,0,0,18,77365,76926,76148,76135,76754,69938,68778,69323,68928,68780,77624,76925,76404,76887,76514,66423,65682,65874,66371,65775
720,1,0,18,76774,76332,75567,75564,76165,69456,68317,68846,68445,68307,77068,76348,75820,76304,75921,65970,65215,65408,65900,65321
721,0,0,18,77361,76909,76149,76135,76755,69924,68780,69303,68915,68775,77642,76928,76403,76894,76495,66430,65674,65867,66370,65783
722,1,0,18,76788,76343,75579,75593,76177,69466,68313,68849,68459,68313,77067,76358,75831,76323,75937,65976,65224,65427,65926,65345
723,0,0,18,77361,76916,76143,76138,76740,69922,68752,69294,68925,68773,77627,76930,76411,76893,76494,66406,65663,65866,66368,65778
724,1,0,18,76795,76366,75606,75600,76189,69501,68313,68866,68453,68334,77053,76372,75848,76340,75943,65981,65257,65454,65928,65349
725,0,0,18,77388,76927,76165,76159,76770,69954,68778,69319,68915,68792,77633,76939,76410,76902,76511,66419,65697,65892,66376,65787
726,1,0,18,76793,76361,75604,75593,76187,69491,68325,68844,68466,68342,77065,76373,75857,76329,75940,65980,65233,65442,65936,65345
727,0,0,18,77356,76919,76155,76151,76761,69950,68773,69295,68928,68788,77614,76945,76415,76908,76510,66413,65683,65879,66378,65782
728,1,0,18,76776,76354,75595,75579,76180,69485,68314,68857,68454,68324,77032,76361,75853,76312,75920,65966,65237,65436,65910,65331
729,0,0,18,77363,76935,76179,76164,76774,69961,68783,69322,68931,68787,77611,76950,76444,76892,76500,66421,65691,65895,66376,65795
730,1,0,18,76800,76355,75607,75587,76189,69477,68311,68867,68471,68327,77067,76379,75837,76327,75959,65989,65233,65441,65925,65329
731,0,0,18,77390,76939,76178,76159,76785,69937,68777,69328,68946,68799,77632,76953,76427,76907,76529,66442,65694,65891,66388,65786
732,1,0,18,76791,76337,75599,75574,76191,69484,68309,68857,68469,68328,77054,76366,75844,76316,75943,65973,65246,65448,65937,65320
733,0,0,18,77374,76916,76166,76142,76768,69936,68769,69307,68935,68790,77616,76951,76418,76892,76515,66420,65689,65890,66383,65769
734,1,0,18,76787,76354,75590,75575,76207,69472,68306,68845,68460,68314,77046,76365,75831,76311,75928,65961,65238,65446,65910,65313
735,0,0,18,77375,76921,76164,76133,76778,69937,68771,69321,68925,68777,77627,76954,76417,76894,76498,66413,65691,65906,66369,65764
736,1,0,18,76769,76353,75588,75575,76191,69473,68300,68848,68470,68322,77058,76372,75839,76331,75922,65961,65238,65418,65928,65320
737,0,0,18,77375,76927,76165,76143,76789,69934,68782,69310,68944,68796,77644,76952,76430,76911,76498,66413,65694,65879,66389,65783
738,1,0,18,76810,76351,75606,75600,76217,69481,68323,68857,68476,68327,77068,76378,75840,76337,75932,65984,65248,65454,65933,65342
739,0,0,18,77375,76917,76163,76149,76789,69942,68780,69306,68931,68787,77637,76952,76424,76910,76497,66435,65704,65899,66389,65770
740,1,0,18,76797,76364,75593,75584,76201,69489,68317,68854,68474,68339,77067,76368,75849,76319,75951,65969,65244,65455,65940,65324
741,0,0,18,77371,76926,76159,76138,76777,69933,68773,69306,68944,68789,77646,76945,76430,76888,76515,66411,65691,65900,66380,65780
742,1,0,18,76793,76344,75594,75578,76197,69476,68332,68840,68476,68338,77066,76378,75857,76323,75954,65966,65232,65447,65929,65335
743,0,0,18,77389,76919,76152,76136,76770,69937,68792,69308,68932,68806,77657,76947,76429,76901,76523,66412,65676,65900,66389,65784
744,1,0,18,76766,76329,75576,75566,76179,69475,68292,68835,68451,68329,77045,76354,75810,76305,75915,65954,65233,65443,65915,65320
745,0,0,18,77348,76900,76140,76131,76763,69936,68761,69302,68913,68788,77628,76939,76390,76889,76477,66407,65679,65892,66382,65770
746,1,0,18,76781,76341,75566,75568,76178,69458,68303,68856,68467,68334,77053,76347,75827,76304,75905,65945,65219,65429,65911,65316
747,0,0,18,77365,76915,76134,76138,76755,69927,68770,69319,68927,68793,77641,76939,76404,76883,76494,66392,65679,65886,66368,65772
748,1,0,18,76797,76362,75605,75606,76198,69491,68336,68871,68457,68338,77077,76399,75845,76323,75951,65985,65269,65443,65926,65333
749,0,0,18,77384,76941,76155,76160,76783,69938,68796,69336,68936,68801,77655,76964,76422,76901,76528,66437,65707,65904,66392,65779
750,1,0,18,76795,76328,75564,75573,76182,69484,68314,68836,68467,68334,77051,76381,75836,76306,75930,65966,65233,65452,65927,65334
751,0,0,18,77393,76917,76143,76151,76782,69952,68785,69307,68948,68811,77628,76973,76429,76900,76517,66429,65696,65919,66375,65785
752,1,0,18,76769,76337,75601,75568,76186,69475,68290,68831,68475,68325,77063,76370,75832,76322,75920,65978,65237,65440,65928,65326
753,0,0,18,77363,76927,76178,76141,76774,69929,68764,69308,68939,68786,77642,76949,76424,76892,76496,66432,65698,65894,66388,65772
754,1,0,18,76788,76341,75581,75578,76207,69486,68310,68842,68461,68345,77046,76363,75832,76315,75930,65984,65242,65444,65938,65323
755,0,0,18,77386,76918,76161,76142,76795,69953,68776,69307,68936,68812,77624,76953,76431,76910,76515,66440,65710,65909,66414,65784
756,1,0,18,76782,76346,75594,75576,76199,69476,68310,68841,68461,68333,77052,76360,75858,76317,75932,65983,65239,65447,65943,65333
757,0,0,18,77375,76929,76164,76148,76784,69936,68774,69308,68931,68803,77632,76934,76431,76905,76505,66444,65694,65898,66394,65784
758,1,0,18,76793,76368,75600,75582,76222,69498,68315,68857,68479,68345,77074,76373,75853,76320,75937,65985,65258,65440,65944,65357
759,0,0,18,77382,76941,76176,76138,76792,69961,68777,69330,68946,68807,77660,76962,76447,76910,76510,66440,65712,65903,66395,65817
760,1,0,18,76784,76364,75587,75578,76198,69479,68310,68834,68477,68310,77077,76362,75819,76310,75929,65969,65245,65448,65928,65324
761,0,0,18,77375,76938,76163,76149,76782,69930,68781,69308,68932,68778,77648,76943,76406,76896,76502,66432,65699,65907,66390,65785
762,1,0,18,76770,76351,75585,75569,76183,69472,68304,68836,68458,68325,77058,76358,75819,76318,75918,65967,65236,65439,65902,65314
763,0,0,18,77350,76901,76144,76114,76759,69928,68749,69287,68896,68777,77627,76920,76391,76881,76485,66407,65669,65880,66335,65745
764,1,0,18,76787,76369,75593,75580,76195,69480,68296,68836,68462,68323,77057,76379,75841,76315,75932,65977,65233,65458,65920,65320
765,0,0,18,77376,76932,76166,76142,76768,69944,68759,69297,68931,68796,77636,76944,76417,76890,76513,66429,65695,65908,66385,65776
766,1,0,18,76796,76366,75603,75590,76202,69492,68317,68852,68480,68335,77070,76381,75846,76316,75950,65985,65264,65454,65926,65330
767,0,0,18,77383,76927,76173,76152,76780,69938,68774,69311,68942,68803,77643,76960,76430,76908,76521,66437,65695,65898,66370,65771
768,1,0,18,76795,76348,75612,75587,76210,69486,68320,68858,68467,68342,77057,76364,75855,76309,75967,66001,65260,65460,65932,65336
769,0,0,18,77380,76935,76182,76158,76788,69954,68790,69323,68936,68799,77627,76957,76433,76890,76532,66436,65711,65923,66382,65782
770,1,0,18,76793,76365,75614,75603,76211,69496,68332,68860,68494,68343,77068,76380,75851,76330,75952,65998,65256,65463,65945,65338
771,0,0,18,77390,76950,76197,76165,76799,69966,68800,69330,68957,68820,77658,76969,76432,76906,76521,66456,65725,65918,66412,65797
772,1,0,18,76792,76377,75608,75564,76197,69480,68318,68852,68484,68331,77064,76373,75823,76294,75946,65979,65263,65455,65935,65326
773,0,0,18,77389,76966,76186,76140,76791,69953,68792,69321,68953,68807,77654,76967,76409,76876,76519,66441,65722,65916,66399,65785
774,1,0,18,76776,76348,75580,75573,76194,69478,68322,68837,68476,68331,77061,76372,75797,76299,75931,65960,65252,65447,65914,65305
775,0,0,18,77369,76910,76158,76144,76779,69944,68792,69303,68939,68794,77634,76947,76394,76890,76497,66413,65693,65915,66375,65762
776,1,0,18,76790,76350,75574,75568,76187,69497,68325,68847,68480,68344,77067,76372,75816,76313,75936,65979,65249,65476,65920,65325
777,0,0,18,77361,76910,76153,76133,76772,69932,68775,69305,68941,68800,77635,76936,76389,76878,76492,66418,65680,65921,66366,65773
778,1,0,18,76800,76375,75600,75608,76213,69499,68347,68860,68501,68345,77080,76387,75848,76307,75955,66009,65249,65456,65951,65339
779,0,0,18,77375,76930,76163,76167,76781,69949,68793,69307,68953,68798,77626,76947,76413,76878,76505,66448,65691,65899,66395,65775
780,1,0,18,76797,76357,75609,75581,76212,69488,68322,68856,68484,68335,77059,76378,75828,76303,75952,65986,65257,65452,65941,65332
781,0,0,18,77375,76928,76170,76141,76779,69956,68768,69293,68952,68787,77629,76946,76412,76871,76504,66437,65708,65893,66393,65771
782,1,0,18,76812,76373,75619,75596,76231,69516,68329,68883,68508,68353,77074,76391,75829,76322,75970,66004,65285,65481,65954,65335
783,0,0,18,77397,76942,76177,76147,76812,69967,68794,69338,68976,68821,77651,76966,76422,76907,76534,66457,65734,65938,66419,65794
784,1,0,18,76796,76373,75611,75589,76212,69491,68322,68864,68485,68335,77064,76373,75823,76310,75948,65998,65267,65472,65956,65340
785,0,0,18,77402,76954,76191,76153,76800,69960,68799,69336,68957,68811,77659,76967,76408,76903,76519,66455,65728,65929,66412,65803
786,1,0,18,76786,76346,75594,75579,76191,69484,68311,68847,68489,68325,77048,76368,75803,76300,75925,65967,65249,65471,65931,65334
787,0,0,18,77395,76954,76185,76158,76800,69964,68780,69324,68969,68800,77648,76961,76410,76880,76518,66444,65712,65929,66408,65800
788,1,0,18,76762,76333,75587,75568,76166,69475,68292,68817,68435,68305,77033,76342,75801,76280,75913,65952,65214,65434,65918,65289
789,0,0,18,77359,76924,76158,76140,76753,69934,68751,69298,68918,68785,77612,76925,76397,76871,76492,66413,65675,65887,66389,65745
790,1,0,18,76795,76364,75612,75576,76202,69508,68326,68844,68484,68332,77032,76365,75807,76306,75942,65979,65242,65456,65933,65353
791,0,0,18,77381,76948,76178,76141,76775,69956,68791,69299,68941,68791,77613,76941,76400,76875,76515,66426,65687,65905,66387,65795
792,1,0,18,76782,76363,75607,75574,76207,69501,68323,68844,68476,68335,77028,76370,75823,76320,75948,65971,65246,65445,65928,65344
793,0,0,18,77357,76920,76165,76143,76773,69945,68776,69296,68926,68787,77590,76934,76396,76875,76496,66412,65698,65883,66373,65781
794,1,0,18,76794,76347,75601,75578,76199,69491,68312,68854,68468,68331,77037,76361,75825,76296,75949,65975,65247,65446,65935,65336
795,0,0,18,77379,76912,76173,76123,76786,69951,68784,69309,68933,68793,77614,76942,76405,76878,76522,66429,65710,65901,66386,65788
796,1,0,18,76796,76348,75599,75582,76195,69503,68312,68865,68491,68327,77044,76380,75826,76309,75946,65974,65257,65452,65930,65365
797,0,0,18,77367,76917,76171,76140,76779,69956,68776,69307,68936,68790,77610,76938,76402,76883,76494,66427,65705,65905,66367,65810
798,1,0,18,76798,76346,75581,75576,76195,69487,68311,68843,68471,68327,77037,76373,75814,76312,75928,65972,65253,65440,65929,65340
799,0,0,18,77393,76925,76155,76154,76783,69955,68776,69312,68929,68795,77622,76951,76396,76890,76506,66431,65712,65897,66382,65789
800,1,0,18,76793,76349,75581,75572,76196,69491,68326,68853,68477,68332,77060,76379,75840,76308,75929,65985,65257,65439,65924,65359
801,0,0,18,77381,76914,76150,76136,76776,69945,68785,69322,68940,68793,77632,76966,76425,76890,76502,66436,65717,65894,66383,65810
802,1,0,18,76789,76350,75588,75573,76180,69473,68308,68849,68467,68322,77054,76374,75823,76288,75930,65971,65238,65438,65909,65338
803,0,0,18,77357,76919,76142,76130,76749,69922,68755,69292,68920,68767,77608,76932,76381,76857,76476,66412,65676,65872,66359,65783
804,1,0,18,76763,76332,75576,75560,76183,69472,68294,68841,68451,68301,77039,76363,75789,76315,75934,65970,65222,65428,65926,65340
805,0,0,18,77378,76934,76176,76156,76785,69967,68784,69330,68947,68801,77627,76969,76384,76921,76523,66450,65695,65902,66396,65818
806,1,0,18,76805,76344,75591,75586,76203,69491,68324,68850,68473,68325,77029,76375,75826,76316,75954,65990,65253,65438,65939,65350
807,0,0,18,77380,76901,76146,76132,76758,69933,68767,69307,68929,68775,77591,76935,76389,76890,76500,66420,65690,65883,66368,65786
808,1,0,18,76781,76365,75568,75572,76203,69475,68313,68852,68493,68322,77064,76373,75807,76316,75926,65967,65246,65438,65931,65337
809,0,0,18,77378,76950,76135,76144,76801,69948,68785,69324,68963,68796,77647,76960,76392,76920,76504,66423,65693,65897,66403,65803
810,1,0,18,76796,76353,75594,75586,76203,69510,68324,68872,68487,68324,77061,76385,75824,76325,75953,65998,65265,65457,65957,65350
811,0,0,18,77375,76934,76164,76164,76781,69973,68788,69337,68956,68802,77649,76958,76410,76909,76524,66445,65707,65899,66409,65803
812,1,0,18,76782,76359,75586,75588,76202,69498,68318,68862,68462,68328,77058,76376,75834,76315,75942,65987,65235,65447,65931,65344
813,0,0,18,77380,76934,76170,76148,76784,69959,68785,69329,68936,68806,77636,76951,76415,76902,76512,66443,65688,65895,66404,65800
814,1,0,18,76789,76343,75598,75573,76210,69480,68306,68873,68473,68329,77051,76375,75815,76335,75931,65986,65255,65442,65939,65339
815,0,0,18,77388,76921,76172,76145,76793,69953,68781,69337,68946,68804,77630,76960,76400,76915,76506,66444,65710,65902,66402,65797
816,1,0,18,76783,76338,75586,75578,76203,69493,68320,68868,68459,68331,77064,76380,75812,76317,75931,65989,65253,65448,65932,65342
817,0,0,18,77367,76918,76163,76151,76792,69965,68807,69349,68936,68810,77644,76979,76397,76910,76522,66462,65710,65912,66401,65811
818,1,0,18,76814,76359,75618,75590,76211,69520,68341,68888,68482,68353,77086,76407,75841,76323,75965,66013,65268,65460,65952,65358
819,0,0,18,77406,76932,76199,76171,76797,69986,68809,69339,68964,68822,77665,76990,76443,76917,76534,66471,65730,65919,66415,65813
820,1,0,18,76784,76334,75617,75569,76208,69506,68341,68858,68466,68323,77058,76369,75826,76315,75944,65988,65260,65450,65915,65346
821,0,0,18,77397,76935,76195,76153,76802,69976,68807,69344,68953,68805,77652,76961,76417,76921,76539,66468,65725,65914,66393,65812
822,1,0,18,76810,76368,75632,75607,76233,69544,68366,68898,68493,68383,77083,76426,75856,76351,75987,66028,65279,65481,65989,65375
823,0,0,18,77393,76928,76200,76160,76804,69985,68816,69354,68951,68821,77648,76989,76422,76909,76542,66474,65711,65915,66424,65824
824,1,0,18,76793,76351,75613,75586,76196,69507,68336,68879,68484,68354,77072,76384,75829,76334,75957,66018,65248,65456,65954,65353
825,0,0,18,77387,76929,76194,76178,76797,69973,68797,69358,68965,68826,77652,76984,76427,76929,76544,66477,65705,65923,66415,65803
826,1,0,18,76768,76347,75589,75560,76182,69498,68323,68852,68471,68310,77044,76373,75843,76310,75942,65999,65249,65436,65919,65328
827,0,0,18,77372,76929,76169,76139,76780,69964,68782,69323,68932,68786,77623,76958,76431,76895,76519,66456,65701,65884,66371,65784
828,1,0,18,76792,76353,75606,75591,76206,69511,68335,68865,68465,68339,77048,76397,75838,76326,75957,66005,65274,65457,65959,65343
829,0,0,18,77373,76930,76165,76155,76783,69968,68791,69334,68939,68806,77619,76961,76415,76884,76515,66443,65723,65900,66403,65785
830,1,0,18,76801,76355,75596,75586,76202,69497,68341,68859,68468,68330,77046,76390,75821,76306,75942,66001,65259,65455,65931,65342
831,0,0,18,77398,76935,76182,76149,76795,69965,68808,69338,68933,68794,77635,76989,76413,76905,76528,66457,65721,65912,66386,65808
832,1,0,18,76787,76345,75627,75577,76208,69500,68324,68852,68477,68326,77050,76387,75838,76323,75944,65996,65265,65447,65921,65347
833,0,0,18,77392,76933,76202,76169,76796,69971,68791,69333,68956,68809,77650,76977,76429,76916,76526,66457,65731,65920,66393,65809
834,1,0,18,76803,76377,75636,75597,76222,69507,68338,68885,68499,68355,77064,76398,75849,76344,75946,66008,65260,65463,65951,65357
835,0,0,18,77386,76944,76201,76149,76794,69970,68793,69349,68958,68815,77641,76970,76411,76907,76515,66456,65705,65909,66399,65810
836,1,0,18,76795,76359,75611,75581,76202,69508,68325,68863,68479,68345,77049,76386,75822,76324,75947,65992,65255,65454,65927,65353
837,0,0,18,77384,76937,76186,76149,76795,69953,68786,69313,68934,68810,77624,76975,76411,76904,76515,66443,65701,65896,66388,65812
838,1,0,18,76793,76372,75587,75559,76204,69494,68331,68863,68488,68345,77021,76374,75825,76302,75934,66001,65247,65442,65938,65329
839,0,0,18,77400,76977,76191,76149,76807,69973,68809,69338,68971,68819,77636,76969,76433,76904,76526,66469,65720,65917,66411,65814
840,1,0,18,76774,76371,75610,75558,76193,69494,68325,68844,68484,68340,77043,76368,75813,76308,75938,65994,65260,65437,65925,65324
841,0,0,18,77381,76962,76191,76141,76805,69964,68801,69330,68964,68815,77640,76964,76427,76903,76531,66456,65726,65913,66402,65790
842,1,0,18,76791,76334,75609,75562,76209,69502,68327,68860,68483,68333,77036,76371,75823,76299,75941,65988,65262,65435,65931,65339
843,0,0,18,77356,76887,76161,76119,76775,69952,68775,69292,68936,68781,77603,76930,76380,76867,76495,66426,65695,65872,66371,65781
844,1,0,18,76773,76339,75581,75569,76204,69489,68330,68869,68483,68344,77064,76369,75822,76316,75940,65982,65249,65454,65928,65336
845,0,0,18,77359,76914,76155,76135,76773,69931,68785,69327,68942,68789,77627,76942,76395,76883,76508,66427,65693,65895,66392,65779
846,1,0,18,76786,76350,75610,75568,76215,69492,68318,68845,68485,68333,77070,76382,75821,76315,75936,65974,65251,65448,65934,65322
847,0,0,18,77368,76915,76166,76114,76781,69935,68769,69303,68936,68795,77627,76953,76387,76872,76494,66414,65697,65887,66374,65774
848,1,0,18,76783,76337,75599,75551,76207,69497,68304,68864,68477,68324,77057,76364,75807,76301,75937,65969,65261,65433,65925,65328
849,0,0,18,77363,76898,76167,76100,76777,69947,68762,69312,68919,68776,77628,76951,76385,76884,76496,66412,65693,65866,66372,65774
850,1,0,18,76786,76340,75604,75569,76201,69488,68304,68859,68470,68326,77072,76379,75809,76305,75923,65979,65246,65440,65920,65335
851,0,0,18,77377,76918,76175,76129,76777,69956,68777,69319,68939,68801,77654,76952,76396,76899,76502,66426,65711,65897,66384,65796
852,1,0,18,76810,76377,75602,75577,76213,69506,68321,68864,68495,68349,77081,76387,75840,76318,75964,65988,65262,65444,65929,65339
853,0,0,18,77392,76946,76173,76141,76786,69972,68773,69336,68955,68797,77642,76950,76418,76900,76528,66425,65707,65895,66386,65799
854,1,0,18,76775,76328,75587,75545,76185,69481,68305,68845,68457,68316,77034,76359,75831,76313,75918,65965,65243,65420,65915,65311
855,0,0,18,77353,76899,76161,76108,76763,69938,68767,69305,68922,68777,77603,76931,76396,76887,76481,66405,65698,65866,66359,65770
856,1,0,18,76781,76335,75588,75549,76211,69488,68310,68852,68454,68321,77035,76365,75833,76313,75921,65964,65252,65420,65915,65323
857,0,0,18,77353,76904,76156,76115,76787,69936,68768,69308,68917,68765,77608,76940,76407,76884,76485,66408,65693,65860,66349,65764
858,1,0,18,76784,76333,75591,75552,76184,69485,68307,68856,68448,68313,77056,76358,75797,76296,75935,65974,65236,65413,65896,65316
859,0,0,18,77352,76902,76169,76121,76763,69935,68759,69314,68907,68765,77626,76933,76383,76878,76501,66417,65688,65872,66366,65769
860,1,0,18,76784,76331,75610,75577,76199,69492,68309,68859,68476,68329,77070,76380,75826,76319,75955,65982,65244,65427,65938,65335
861,0,0,18,77364,76897,76165,76134,76768,69946,68762,69308,68915,68786,77639,76949,76397,76886,76514,66418,65688,65872,66376,65781
862,1,0,18,76795,76341,75616,75569,76192,69501,68297,68876,68469,68340,77082,76377,75839,76315,75944,65995,65265,65445,65942,65350
863,0,0,18,77374,76913,76177,76136,76776,69963,68763,69335,68936,68795,77663,76947,76419,76898,76518,66439,65712,65898,66394,65802
864,1,0,18,76798,76358,75594,75579,76210,69502,68317,68867,68462,68340,77064,76372,75834,76313,75942,65973,65260,65461,65938,65336
865,0,0,18,77395,76956,76181,76151,76805,69971,68789,69335,68938,68813,77655,76970,76424,76898,76530,66441,65713,65918,66425,65809
866,1,0,18,76782,76349,75616,75577,76210,69492,68323,68871,68482,68343,77077,76389,75845,76310,75929,65988,65254,65448,65924,65345
867,0,0,18,77364,76925,76169,76139,76772,69939,68777,69320,68943,68804,77645,76965,76422,76879,76487,66431,65706,65914,66378,65799
868,1,0,18,76793,76362,75625,75585,76200,69505,68325,68875,68480,68337,77074,76389,75855,76312,75956,65997,65255,65458,65936,65354
869,0,0,18,77367,76907,76166,76135,76765,69939,68771,69319,68930,68793,77632,76956,76422,76873,76501,66421,65695,65900,66371,65794
870,1,0,18,76786,76341,75589,75579,76182,69484,68307,68851,68476,68330,77032,76386,75810,76280,75935,65968,65239,65437,65929,65325
871,0,0,18,77381,76921,76169,76138,76767,69940,68770,69307,68932,68784,77619,76955,76411,76868,76495,66418,65690,65886,66387,65774
872,1,0,18,76808,76352,75629,75578,76205,69509,68323,68875,68483,68346,77065,76394,75856,76311,75943,65982,65261,65452,65929,65333
873,0,0,18,77402,76945,76200,76156,76785,69971,68787,69336,68950,68811,77642,76963,76433,76896,76517,66432,65707,65910,66388,65794
874,1,0,18,76767,76332,75598,75573,76189,69492,68297,68854,68459,68320,77051,76365,75829,76296,75923,65966,65240,65439,65911,65327
875,0,0,18,77358,76904,76162,76125,76767,69945,68761,69313,68935,68782,77625,76945,76418,76882,76500,66413,65678,65884,66356,65777
876,1,0,18,76794,76364,75625,75575,76202,69502,68307,68862,68458,68342,77068,76391,75844,76333,75951,65973,65251,65435,65934,65322
877,0,0,18,77365,76912,76184,76115,76773,69944,68755,69312,68922,68804,77628,76960,76408,76892,76515,66414,65692,65879,66381,65768
878,1,0,18,76790,76347,75609,75564,76208,69495,68305,68868,68470,68339,77048,76371,75849,76323,75937,65969,65249,65433,65925,65325
879,0,0,18,77354,76905,76171,76109,76755,69928,68742,69315,68920,68781,77613,76932,76415,76888,76491,66409,65686,65874,66378,65758
880,1,0,18,76809,76365,75642,75585,76227,69513,68331,68872,68481,68351,77065,76405,75848,76348,75969,65993,65257,65457,65962,65340
881,0,0,18,77398,76943,76226,76149,76811,69977,68801,69337,68941,68820,77640,76985,76426,76923,76547,66452,65714,65920,66420,65796
882,1,0,18,76795,76334,75617,75575,76212,69492,68320,68864,68465,68340,77069,76385,75847,76327,75950,65984,65246,65455,65941,65332
883,0,0,18,77398,76919,76191,76140,76792,69960,68794,69332,68930,68801,77657,76962,76431,76899,76524,66437,65701,65908,66392,65790
884,1,0,18,76759,76327,75601,75551,76186,69487,68308,68855,68443,68321,77046,76354,75816,76300,75930,65949,65224,65428,65908,65315
885,0,0,18,77361,76908,76180,76128,76776,69945,68772,69320,68909,68793,77622,76951,76405,76890,76505,66407,65680,65884,66366,65774
886,1,0,18,76782,76323,75600,75547,76184,69484,68300,68869,68457,68311,77047,76354,75818,76294,75939,65952,65245,65433,65908,65323
887,0,0,18,77367,76903,76175,76112,76775,69938,68762,69317,68924,68768,77616,76941,76401,76869,76503,66403,65686,65877,66361,65768
888,1,0,18,76778,76322,75605,75561,76197,69462,68319,68856,68457,68313,77048,76371,75815,76283,75927,65967,65223,65423,65896,65335
889,0,0,18,77354,76892,76176,76115,76766,69923,68772,69324,68915,68774,77628,76941,76397,76866,76502,66413,65670,65871,66344,65780
890,1,0,18,76763,76318,75596,75566,76208,69474,68315,68853,68454,68315,77049,76367,75826,76302,75930,65960,65230,65418,65906,65318
891,0,0,18,77354,76898,76163,76135,76788,69946,68787,69316,68917,68786,77627,76943,76407,76887,76494,66418,65686,65881,66364,65775
892,1,0,18,76771,76320,75609,75565,76202,69475,68315,68844,68455,68294,77042,76361,75832,76314,75936,65960,65234,65437,65929,65349
893,0,0,18,77369,76906,76183,76131,76783,69951,68776,69305,68922,68772,77635,76943,76414,76895,76510,66407,65683,65879,66382,65791
894,1,0,18,76792,76342,75594,75574,76227,69497,68327,68873,68470,68327,77070,76368,75838,76303,75929,65960,65238,65451,65927,65340
895,0,0,18,77383,76943,76176,76154,76809,69956,68798,69342,68939,68796,77656,76958,76427,76907,76517,66424,65688,65912,66388,65791
896,1,0,18,76804,76338,75613,75571,76221,69499,68322,68881,68476,68336,77046,76390,75849,76327,75946,65987,65265,65460,65933,65351
897,0,0,18,77383,76879,76169,76123,76783,69934,68768,69320,68926,68781,77614,76943,76412,76891,76495,66412,65695,65895,66379,65787
898,1,0,18,76805,76348,75622,75590,76224,69502,68320,68877,68485,68349,77067,76373,75865,76340,75955,66000,65249,65450,65943,65337
899,0,0,18,77375,76901,76185,76146,76792,69945,68767,69328,68936,68794,77621,76938,76425,76907,76508,66434,65693,65893,66377,65787
900,1,0,18,76779,76335,75599,75567,76194,69477,68307,68866,68459,68336,77031,76358,75814,76313,75919,65975,65243,65437,65910,65317
901,0,0,18,77379,76917,76187,76149,76791,69932,68776,69343,68934,68802,77625,76957,76412,76909,76497,66434,65695,65896,66375,65775
902,1,0,18,76791,76356,75612,75592,76217,69505,68328,68877,68481,68343,77049,76385,75842,76333,75943,65996,65257,65450,65926,65321
903,0,0,18,77380,76927,76171,76160,76802,69958,68787,69335,68947,68813,77630,76954,76423,76913,76508,66444,65703,65901,66374,65772
904,1,0,18,76803,76371,75610,75597,76221,69508,68324,68871,68478,68350,77066,76371,75842,76321,75954,65973,65267,65448,65929,65350
905,0,0,18,77388,76937,76174,76159,76798,69965,68793,69336,68938,68813,77638,76954,76423,76904,76516,66428,65719,65901,66392,65801
906,1,0,18,76784,76341,75579,75564,76206,69485,68309,68860,68459,68324,77033,76356,75821,76316,75917,65959,65226,65440,65913,65320
907,0,0,18,77378,76927,76157,76138,76783,69941,68767,69321,68934,68785,77608,76946,76414,76910,76505,66407,65690,65896,66367,65764
908,1,0,18,76785,76348,75595,75586,76212,69494,68303,68858,68469,68332,77066,76363,75833,76323,75926,65981,65233,65429,65932,65315
909,0,0,18,77374,76920,76163,76146,76776,69953,68772,69323,68918,68794,77638,76944,76432,76899,76491,66415,65689,65869,66382,65766
910,1,0,18,76795,76330,75596,75567,76201,69500,68310,68857,68450,68329,77064,76377,75847,76329,75931,65985,65246,65446,65939,65338
911,0,0,18,77399,76936,76183,76146,76799,69964,68794,69344,68927,68806,77662,76966,76453,76933,76523,66454,65708,65912,66415,65813
912,1,0,18,76792,76359,75610,75595,76225,69505,68312,68864,68476,68357,77079,76388,75863,76337,75965,66007,65271,65469,65941,65346
913,0,0,18,77391,76933,76186,76159,76812,69975,68783,69325,68941,68827,77652,76963,76442,76922,76539,66469,65735,65921,66402,65806
914,1,0,18,76798,76357,75596,75580,76206,69486,68316,68855,68478,68339,77064,76379,75839,76325,75936,65992,65271,65448,65944,65341
915,0,0,18,77382,76929,76165,76150,76785,69953,68777,69317,68944,68809,77651,76966,76431,76909,76522,66455,65729,65895,66404,65793
916,1,0,18,76812,76369,75592,75595,76218,69489,68332,68854,68483,68366,77072,76384,75854,76334,75957,65994,65267,65452,65948,65354
917,0,0,18,77394,76944,76178,76156,76808,69957,68798,69320,68951,68834,77656,76962,76433,76915,76535,66451,65723,65912,66416,65817
918,1,0,18,76832,76401,75632,75605,76238,69521,68359,68881,68497,68370,77108,76394,75873,76339,75979,66012,65270,65476,65961,65366
919,0,0,18,77397,76950,76178,76164,76796,69969,68806,69332,68953,68824,77661,76964,76441,76904,76524,66439,65703,65904,66395,65801
920,1,0,18,76803,76378,75611,75588,76214,69496,68319,68870,68484,68363,77078,76387,75855,76333,75955,65990,65246,65458,65948,65345
921,0,0,18,77391,76946,76176,76163,76799,69957,68789,69335,68945,68821,77642,76958,76432,76902,76528,66425,65705,65899,66391,65800
922,1,0,18,76810,76385,75621,75600,76237,69519,68348,68883,68485,68355,77085,76392,75847,76331,75963,65993,65273,65466,65961,65350
923,0,0,18,77387,76942,76182,76143,76808,69962,68783,69331,68935,68800,77638,76956,76415,76898,76524,66435,65710,65896,66397,65786
924,1,0,18,76809,76376,75605,75570,76219,69491,68318,68867,68482,68354,77067,76386,75847,76333,75962,65980,65254,65441,65947,65351
925,0,0,18,77396,76939,76166,76133,76784,69948,68778,69325,68926,68805,77636,76957,76424,76912,76529,66423,65694,65891,66397,65806
926,1,0,18,76813,76361,75615,75576,76211,69500,68344,68864,68494,68337,77070,76378,75865,76316,75946,65980,65264,65436,65945,65352
927,0,0,18,77399,76935,76167,76141,76792,69952,68804,69327,68950,68795,77634,76951,76428,76899,76511,66423,65706,65885,66384,65796
928,1,0,18,76815,76349,75608,75585,76220,69497,68315,68874,68482,68337,77072,76370,75839,76330,75948,65974,65253,65439,65942,65348
929,0,0,18,77394,76929,76179,76148,76786,69955,68780,69328,68949,68804,77637,76953,76418,76915,76519,66432,65693,65870,66406,65799
930,1,0,18,76817,76386,75611,75595,76216,69511,68330,68877,68479,68343,77070,76379,75847,76331,75967,65975,65251,65434,65954,65355
931,0,0,18,77410,76973,76184,76157,76802,69974,68806,69344,68936,68822,77656,76965,76452,76916,76545,66434,65713,65904,66405,65808
932,1,0,18,76816,76349,75596,75567,76204,69485,68327,68845,68487,68329,77059,76381,75853,76330,75951,65983,65259,65438,65942,65336
933,0,0,18,77378,76921,76152,76107,76767,69932,68772,69297,68930,68780,77620,76941,76418,76900,76505,66422,65701,65881,66382,65778
934,1,0,18,76814,76364,75603,75587,76215,69501,68344,68864,68482,68335,77081,76383,75845,76335,75964,65995,65257,65444,65941,65344
935,0,0,18,77389,76926,76170,76145,76788,69941,68798,69322,68945,68785,77632,76961,76420,76901,76533,66439,65711,65892,66390,65798
936,1,0,18,76830,76378,75638,75600,76227,69526,68350,68877,68499,68365,77081,76407,75880,76348,75970,66014,65276,65454,65957,65381
937,0,0,18,77401,76927,76193,76147,76797,69963,68797,69330,68952,68818,77644,76965,76447,76918,76523,66449,65710,65895,66401,65822
938,1,0,18,76815,76368,75615,75579,76214,69507,68344,68851,68489,68337,77070,76385,75865,76337,75970,66000,65275,65450,65952,65364
939,0,0,18,77391,76943,76186,76154,76784,69955,68816,69317,68949,68810,77643,76964,76430,76915,76525,66444,65704,65898,66398,65810
940,1,0,18,76825,76365,75615,75609,76233,69508,68337,68862,68491,68340,77069,76392,75867,76334,75953,65996,65252,65455,65958,65361
941,0,0,18,77404,76937,76186,76153,76806,69967,68799,69320,68957,68800,77651,76977,76453,76911,76524,66444,65693,65903,66415,65817
942,1,0,18,76804,76362,75628,75600,76228,69504,68363,68867,68498,68345,77080,76386,75878,76341,75961,66009,65264,65465,65958,65377
943,0,0,18,77381,76933,76180,76152,76785,69949,68825,69313,68943,68777,77647,76950,76431,76905,76524,66445,65720,65906,66399,65818
944,1,0,18,76805,76366,75625,75594,76203,69499,68337,68859,68490,68330,77069,76384,75870,76318,75959,65997,65253,65471,65950,65349
945,0,0,18,77402,76956,76197,76168,76805,69973,68808,69343,68972,68814,77660,76971,76450,76901,76535,66463,65714,65944,66416,65819
946,1,0,18,76814,76370,75628,75590,76225,69507,68353,68878,68486,68349,77086,76408,75864,76324,75979,66002,65262,65485,65948,65362
947,0,0,18,77407,76947,76199,76155,76804,69972,68808,69351,68946,68811,77654,76977,76434,76906,76547,66455,65707,65933,66403,65819
948,1,0,18,76821,76357,75628,75597,76222,69497,68330,68870,68499,68343,77073,76410,75842,76323,75970,66001,65250,65454,65933,65345
949,0,0,18,77402,76932,76180,76154,76785,69951,68791,69316,68955,68797,77654,76984,76426,76903,76532,66438,65690,65904,66388,65802
950,1,0,18,76790,76362,75634,75598,76205,69488,68322,68876,68460,68344,77036,76372,75859,76318,75948,65989,65230,65432,65917,65335
951,0,0,18,77384,76936,76204,76167,76782,69949,68788,69336,68925,68809,77629,76954,76434,76896,76518,66443,65691,65893,66378,65788
952,1,0,18,76809,76371,75609,75581,76210,69496,68327,68869,68489,68345,77057,76382,75828,76325,75949,65986,65258,65446,65930,65341
953,0,0,18,77382,76921,76169,76132,76772,69938,68770,69324,68942,68795,77627,76932,76397,76896,76506,66426,65686,65884,66376,65783
954,1,0,18,76805,76383,75632,75603,76215,69501,68333,68872,68503,68350,77076,76388,75856,76342,75959,66001,65239,65443,65954,65344
955,0,0,18,77386,76959,76188,76158,76794,69957,68792,69322,68953,68801,77651,76961,76434,76908,76530,66446,65689,65895,66406,65795
956,1,0,18,76807,76356,75612,75584,76182,69491,68316,68867,68482,68329,77052,76384,75841,76322,75933,65984,65244,65443,65945,65340
957,0,0,18,77393,76937,76174,76144,76761,69957,68775,69321,68944,68791,77635,76962,76421,76911,76498,66436,65697,65890,66403,65788
958,1,0,18,76794,76360,75587,75576,76194,69496,68315,68843,68466,68316,77054,76367,75849,76314,75941,65985,65223,65428,65952,65328
959,0,0,18,77382,76938,76166,76150,76782,69949,68781,69309,68935,68791,77634,76965,76432,76911,76510,66440,65680,65887,66406,65789
960,1,0,18,76783,76359,75620,75571,76204,69499,68319,68864,68461,68325,77066,76362,75843,76318,75942,65976,65229,65433,65933,65342
961,0,0,18,77373,76934,76202,76146,76786,69953,68782,69323,68938,68789,77655,76951,76420,76898,76517,66430,65689,65887,66390,65798
962,1,0,18,76798,76350,75603,75581,76213,69505,68320,68868,68484,68351,77064,76381,75835,76309,75922,65995,65245,65446,65931,65340
963,0,0,18,77378,76927,76165,76126,76774,69948,68768,69323,68927,68809,77631,76955,76404,76883,76483,66430,65690,65888,66365,65790
964,1,0,18,76797,76334,75592,75600,76200,69497,68302,68858,68459,68337,77045,76378,75849,76315,75942,65982,65253,65447,65931,65327
965,0,0,18,77386,76936,76163,76154,76787,69961,68775,69328,68932,68823,77642,76963,76445,76899,76522,66444,65717,65908,66393,65791
966,1,0,18,76810,76352,75603,75588,76216,69494,68320,68873,68461,68359,77061,76385,75850,76310,75930,65992,65255,65437,65948,65324
967,0,0,18,77416,76946,76184,76164,76813,69981,68784,69353,68958,68831,77664,76971,76451,76908,76532,66462,65725,65908,66407,65803
968,1,0,18,76792,76351,75604,75591,76205,69497,68322,68854,68475,68347,77066,76390,75833,76317,75926,65999,65253,65431,65932,65359
969,0,0,18,77363,76903,76153,76130,76765,69939,68760,69297,68923,68791,77612,76942,76393,76873,76479,66428,65685,65869,66378,65793
970,1,0,18,76795,76355,75601,75604,76205,69504,68318,68852,68467,68328,77055,76384,75841,76316,75928,65989,65226,65436,65926,65338
971,0,0,18,77384,76938,76152,76163,76789,69950,68790,69319,68932,68790,77627,76954,76421,76904,76503,66438,65684,65892,66379,65773
972,1,0,18,76807,76361,75629,75588,76211,69515,68332,68870,68474,68356,77071,76397,75860,76327,75946,65993,65241,65451,65939,65344
973,0,0,18,77386,76932,76193,76155,76788,69976,68795,69337,68933,68815,77637,76974,76443,76897,76514,66431,65687,65897,66391,65782
974,1,0,18,76792,76341,75608,75580,76193,69484,68321,68833,68468,68335,77052,76361,75854,76317,75931,65975,65232,65422,65912,65320
975,0,0,18,77382,76920,76177,76152,76777,69950,68787,69301,68932,68806,77640,76941,76445,76903,76510,66433,65688,65885,66383,65782
976,1,0,18,76783,76348,75586,75571,76173,69478,68315,68832,68439,68344,77036,76347,75823,76298,75918,65967,65241,65407,65914,65308
977,0,0,18,77377,76917,76160,76138,76756,69932,68778,69286,68908,68803,77612,76924,76401,76875,76479,66415,65680,65851,66361,65758
978,1,0,18,76782,76316,75577,75562,76197,69476,68297,68835,68446,68336,77036,76349,75843,76306,75929,65971,65217,65424,65924,65318
979,0,0,18,77380,76903,76160,76143,76789,69957,68776,69311,68929,68818,77627,76940,76430,76885,76514,66441,65683,65897,66389,65782
980,1,0,18,76791,76353,75600,75592,76211,69509,68330,68862,68478,68356,77051,76362,75837,76321,75937,65972,65255,65444,65942,65331
981,0,0,18,77365,76904,76166,76136,76771,69951,68774,69323,68930,68798,77617,76926,76415,76887,76505,66415,65687,65878,66381,65771
982,1,0,18,76804,76376,75621,75593,76212,69506,68321,68875,68468,68365,77068,76354,75865,76320,75950,65989,65239,65445,65947,65333
983,0,0,18,77362,76932,76160,76144,76777,69940,68759,69311,68913,68809,77622,76915,76406,76884,76503,66423,65675,65885,66389,65768
984,1,0,18,76820,76375,75615,75589,76204,69500,68330,68881,68496,68362,77069,76354,75860,76336,75951,65999,65264,65458,65964,65340
985,0,0,18,77407,76937,76177,76162,76799,69970,68793,69347,68954,68823,77638,76933,76435,76912,76523,66448,65725,65923,66427,65797
986,1,0,18,76802,76359,75612,75596,76223,69512,68316,68858,68479,68353,77049,76357,75843,76315,75935,65991,65248,65446,65958,65326
987,0,0,18,77389,76929,76185,76143,76803,69955,68775,69319,68940,68818,77619,76925,76424,76890,76506,66438,65693,65902,66407,65778
988,1,0,18,76807,76381,75615,75596,76224,69510,68325,68881,68460,68355,77065,76369,75844,76314,75950,66001,65265,65447,65950,65336
989,0,0,18,77387,76950,76186,76147,76803,69966,68786,69342,68929,68813,77643,76943,76423,76900,76513,66447,65719,65890,66394,65786
990,1,0,18,76785,76354,75615,75589,76209,69476,68317,68864,68460,68353,77063,76363,75850,76311,75946,65994,65242,65453,65950,65334
991,0,0,18,77356,76922,76175,76144,76771,69935,68763,69303,68911,68811,77623,76930,76409,76879,76492,66433,65680,65889,66388,65771
992,1,0,18,76776,76349,75596,75577,76186,69486,68302,68852,68456,68327,77052,76358,75848,76303,75920,65985,65234,65426,65921,65325
993,0,0,18,77364,76912,76162,76127,76762,69950,68758,69311,68919,68778,77621,76924,76420,76881,76486,66429,65677,65866,66371,65774
994,1,0,18,76774,76336,75594,75567,76173,69480,68305,68845,68459,68329,77053,76343,75809,76297,75912,65960,65227,65425,65916,65315
995,0,0,18,77380,76920,76169,76145,76776,69951,68778,69318,68935,68811,77633,76935,76395,76893,76501,66423,65690,65893,66386,65787
996,1,0,18,76780,76330,75574,75558,76196,69478,68294,68840,68454,68316,77039,76348,75823,76312,75914,65963,65237,65428,65919,65310
997,0,0,18,77344,76887,76135,76111,76751,69923,68754,69295,68907,68768,77600,76905,76387,76866,76469,66399,65663,65866,66350,65749
998,1,0,18,76790,76347,75592,75575,76194,69479,68308,68842,68478,68312,77045,76363,75822,76320,75926,65970,65247,65418,65938,65331
999,0,0,18,77354,76898,76152,76130,76759,69925,68767,69310,68915,68775,77605,76926,76403,76881,76484,66410,65668,65850,66378,65757
1000,1,0,18,76775,76324,75580,75571,76192,69481,68293,68833,68448,68321,77049,76353,75830,76301,75909,65951,65226,65414,65912,65320
1001,0,0,18,77350,76904,76146,76119,76759,69951,68753,69288,68920,68770,77635,76935,76411,76882,76471,66402,65675,65864,66373,65769
1002,1,0,18,76779,76329,75588,75563,76193,69480,68293,68823,68437,68325,77034,76340,75827,76288,75914,65963,65231,65419,65917,65318
1003,0,0,18,77367,76912,76150,76135,76780,69938,68756,69308,68900,68798,77625,76931,76399,76874,76486,66408,65682,65876,66374,65776
1004,1,0,18,76780,76346,75595,75567,76210,69481,68303,68858,68470,68343,77028,76363,75843,76314,75911,65978,65232,65428,65929,65327
1005,0,0,18,77385,76935,76176,76140,76802,69952,68773,69326,68945,68807,77613,76952,76435,76910,76498,66440,65694,65896,66387,65788
1006,1,0,18,76792,76358,75612,75565,76197,69506,68325,68858,68463,68345,77074,76382,75829,76311,75918,65988,65228,65424,65935,65345
1007,0,0,18,77393,76934,76186,76147,76779,69960,68787,69330,68947,68804,77651,76952,76423,76894,76497,66441,65692,65880,66391,65801
1008,1,0,18,76803,76357,75607,75594,76201,69505,68321,68879,68476,68340,77071,76365,75838,76317,75942,65991,65254,65428,65938,65342
1009,0,0,18,77368,76907,76146,76121,76760,69939,68767,69302,68914,68777,77611,76919,76393,76869,76477,66426,65686,65855,66360,65762
1010,1,0,18,76770,76341,75602,75570,76196,69487,68316,68838,68470,68329,77044,76342,75819,76289,75922,65976,65230,65417,65925,65320
1011,0,0,18,77379,76907,76178,76139,76773,69952,68778,69310,68946,68806,77628,76928,76405,76873,76495,66437,65691,65871,66380,65778
1012,1,0,18,76811,76365,75624,75577,76205,69510,68328,68860,68494,68368,77044,76377,75867,76320,75939,66000,65233,65442,65926,65340
1013,0,0,18,77393,76928,76181,76118,76776,69952,68777,69317,68952,68818,77610,76960,76425,76883,76506,66442,65680,65879,66368,65782
1014,1,0,18,76789,76353,75616,75584,76197,69511,68322,68873,68502,68358,77048,76374,75844,76298,75934,65992,65255,65442,65925,65328
1015,0,0,18,77377,76920,76168,76143,76778,69963,68787,69333,68950,68824,77632,76947,76421,76878,76501,66449,65711,65895,66384,65775
1016,1,0,18,76802,76345,75617,75589,76198,69507,68319,68866,68486,68350,77072,76371,75839,76308,75932,65991,65256,65440,65933,65348
1017,0,0,18,77383,76924,76180,76150,76771,69960,68786,69321,68957,68816,77637,76943,76403,76885,76490,66435,65704,65890,66387,65790
1018,1,0,18,76806,76353,75603,75570,76195,69502,68309,68869,68476,68343,77036,76361,75834,76300,75912,65979,65249,65435,65913,65329
1019,0,0,18,77391,76920,76178,76140,76778,69950,68769,69330,68942,68806,77617,76949,76416,76882,76492,66433,65709,65888,66379,65785
1020,1,0,18,76771,76345,75586,75570,76199,69477,68301,68844,68465,68329,77040,76365,75812,76291,75924,65983,65238,65443,65921,65325
1021,0,0,18,77368,76924,76160,76137,76773,69960,68767,69312,68941,68799,77623,76952,76414,76885,76496,66436,65690,65889,66378,65775
1022,1,0,18,76778,76336,75583,75568,76203,69487,68298,68839,68468,68337,77047,76343,75828,76288,75905,65977,65242,65429,65907,65313
1023,0,0,18,77350,76922,76149,76120,76782,69943,68761,69310,68923,68799,77625,76913,76400,76870,76471,66427,65695,65875,66366,65759
1024,1,0,18,76773,76358,75589,75570,76196,69511,68308,68850,68480,68332,77053,76354,75843,76318,75929,65975,65237,65428,65917,65331
1025,0,0,18,77366,76939,76164,76139,76783,69971,68772,69322,68938,68797,77642,76946,76428,76901,76498,66437,65704,65889,66391,65776
1026,1,0,18,76771,76333,75606,75566,76209,69500,68314,68851,68475,68328,77041,76358,75824,76312,75917,65971,65238,65426,65939,65319
1027,0,0,18,77361,76902,76178,76131,76796,69948,68776,69308,68957,68785,77616,76932,76415,76883,76488,66418,65692,65879,66391,65765
1028,1,0,18,76792,76342,75614,75580,76214,69491,68314,68873,68497,68349,77045,76372,75852,76326,75938,65979,65251,65454,65929,65328
1029,0,0,18,77372,76914,76175,76136,76790,69946,68777,69331,68956,68812,77618,76933,76429,76899,76506,66427,65692,65909,66391,65792
1030,1,0,18,76789,76338,75591,75572,76196,69485,68305,68853,68489,68333,77019,76386,75837,76322,75937,65985,65238,65438,65924,65328
1031,0,0,18,77357,76904,76133,76119,76764,69923,68748,69299,68938,68794,77578,76936,76399,76872,76479,66406,65674,65875,66366,65764
1032,1,0,18,76772,76332,75582,75555,76183,69484,68286,68821,68464,68326,77032,76365,75822,76280,75909,65973,65224,65414,65914,65311
1033,0,0,18,77374,76906,76157,76115,76763,69945,68766,69286,68932,68778,77602,76943,76411,76867,76485,66422,65683,65866,66361,65767
1034,1,0,18,76792,76333,75592,75556,76187,69481,68307,68846,68481,68331,77035,76364,75823,76308,75929,65983,65240,65443,65919,65339
1035,0,0,18,77374,76923,76166,76136,76785,69949,68773,69310,68959,68805,77622,76952,76414,76902,76501,66439,65710,65904,66382,65797
1036,1,0,18,76749,76335,75592,75562,76161,69474,68298,68833,68474,68311,77020,76355,75831,76300,75906,65958,65227,65415,65902,65304
1037,0,0,18,77348,76900,76168,76131,76755,69941,68758,69293,68947,68782,77590,76940,76401,76888,76468,66427,65684,65859,66368,65757
1038,1,0,18,76759,76333,75574,75557,76179,69466,68280,68826,68465,68306,77028,76370,75833,76311,75909,65963,65224,65409,65896,65300
1039,0,0,18,77335,76897,76143,76126,76752,69939,68748,69287,68927,68754,77602,76945,76412,76887,76479,66419,65671,65860,66351,65749
1040,1,0,18,76755,76335,75586,75550,76163,69449,68283,68825,68451,68297,77026,76357,75810,76293,75895,65965,65226,65402,65881,65297
1041,0,0,18,77338,76913,76169,76128,76747,69907,68745,69293,68934,68764,77606,76947,76406,76874,76481,66421,65679,65865,66340,65763
1042,1,0,18,76767,76329,75578,75557,76169,69464,68296,68822,68472,68295,77041,76357,75828,76302,75909,65958,65241,65402,65888,65306
1043,0,0,18,77355,76910,76147,76119,76754,69928,68763,69284,68950,68765,77603,76938,76418,76895,76479,66411,65690,65851,66348,65756
1044,1,0,18,76775,76341,75588,75568,76169,69484,68301,68821,68467,68311,77048,76367,75843,76304,75908,65974,65246,65418,65914,65317
1045,0,0,18,77358,76914,76146,76123,76740,69934,68750,69288,68942,68765,77616,76927,76404,76878,76471,66415,65677,65853,66364,65770
1046,1,0,18,76774,76328,75593,75543,76172,69479,68291,68828,68463,68305,77023,76353,75836,76295,75915,65946,65222,65415,65894,65305
1047,0,0,18,77365,76907,76150,76112,76752,69944,68753,69286,68941,68775,77606,76925,76415,76887,76488,66400,65673,65864,66339,65755
1048,1,0,18,76790,76354,75601,75575,76182,69485,68304,68854,68488,68344,77041,76374,75857,76310,75932,65978,65269,65430,65929,65315
1049,0,0,18,77386,76917,76177,76142,76765,69942,68771,69315,68945,68798,77638,76961,76446,76889,76508,66442,65714,65885,66391,65780
1050,1,0,18,76794,76352,75605,75572,76191,69480,68315,68843,68485,68327,77042,76367,75826,76294,75907,65982,65237,65433,65919,65316
1051,0,0,18,77381,76929,76183,76145,76775,69954,68775,69295,68949,68786,77620,76940,76409,76882,76485,66444,65696,65877,66386,65778
1052,1,0,18,76777,76335,75603,75563,76168,69463,68291,68844,68471,68327,77020,76366,75835,76292,75924,65981,65246,65409,65914,65310
1053,0,0,18,77362,76900,76166,76128,76753,69930,68761,69310,68927,68796,77607,76950,76426,76868,76504,66435,65698,65866,66369,65768
1054,1,0,18,76796,76340,75615,75571,76213,69497,68323,68861,68476,68359,77068,76385,75846,76296,75943,65994,65255,65433,65918,65338
1055,0,0,18,77354,76898,76178,76124,76774,69944,68762,69300,68930,68809,77634,76948,76419,76872,76493,66424,65694,65871,66361,65780
1056,1,0,18,76781,76346,75590,75576,76191,69492,68322,68836,68475,68333,77032,76362,75844,76316,75932,65976,65268,65429,65919,65330
1057,0,0,18,77383,76916,76169,76145,76768,69947,68792,69313,68949,68808,77611,76936,76427,76894,76511,66435,65714,65882,66382,65780
1058,1,0,18,76803,76363,75610,75586,76199,69495,68324,68853,68475,68335,77075,76372,75852,76299,75944,65992,65276,65432,65936,65320
1059,0,0,18,77386,76931,76177,76152,76774,69946,68783,69317,68943,68795,77643,76947,76426,76879,76521,66429,65730,65881,66396,65771
1060,1,0,18,76799,76336,75594,75569,76192,69481,68326,68853,68496,68341,77036,76370,75843,76299,75930,65967,65247,65417,65921,65317
1061,0,0,18,77390,76933,76166,76141,76777,69954,68793,69325,68972,68814,77620,76955,76430,76904,76516,66428,65712,65883,66395,65786
1062,1,0,18,76772,76329,75588,75566,76172,69482,68307,68845,68497,68332,77039,76361,75831,76293,75933,65969,65253,65425,65911,65297
1063,0,0,18,77347,76908,76141,76110,76752,69933,68760,69303,68947,68792,77603,76931,76409,76866,76486,66408,65692,65869,66352,65747
1064,1,0,18,76793,76355,75594,75573,76188,69485,68300,68859,68497,68331,77040,76384,75829,76310,75952,65984,65242,65449,65923,65323
1065,0,0,18,77384,76925,76170,76137,76780,69941,68769,69310,68952,68799,77627,76956,76411,76879,76510,66426,65691,65895,66380,65777
1066,1,0,18,76793,76360,75603,75571,76197,69501,68314,68852,68487,68350,77058,76375,75835,76297,75942,65974,65248,65449,65944,65331
1067,0,0,18,77376,76926,76162,76130,76779,69959,68762,69317,68950,68804,77623,76950,76401,76879,76508,66427,65696,65899,66381,65782
1068,1,0,18,76795,76349,75610,75579,76200,69486,68296,68841,68473,68328,77027,76364,75833,76291,75931,65979,65262,65430,65928,65326
1069,0,0,18,77387,76931,76186,76149,76783,69947,68773,69313,68951,68799,77618,76945,76419,76883,76505,66429,65709,65887,66388,65778
1070,1,0,18,76790,76358,75608,75580,76200,69493,68293,68849,68493,68360,77053,76373,75838,76318,75916,65972,65262,65438,65932,65329
1071,0,0,18,77382,76936,76183,76143,76789,69948,68766,69326,68954,68830,77631,76959,76429,76894,76499,66430,65710,65902,66387,65789
1072,1,0,18,76778,76360,75603,75574,76199,69489,68314,68851,68485,68341,77047,76367,75856,76308,75919,65970,65257,65419,65932,65327
1073,0,0,18,77367,76952,76177,76146,76783,69958,68776,69313,68955,68813,77626,76955,76456,76881,76507,66429,65709,65882,66391,65792
1074,1,0,18,76802,76366,75609,75576,76189,69505,68312,68841,68476,68332,77056,76365,75844,76294,75921,65969,65264,65438,65928,65330
1075,0,0,18,77385,76930,76178,76135,76781,69955,68779,69298,68940,68804,77624,76944,76432,76878,76491,66415,65720,65899,66387,65785
1076,1,0,18,76801,76372,75613,75579,76223,69501,68314,68843,68481,68348,77049,76380,75852,76311,75942,65991,65274,65443,65965,65333
1077,0,0,18,77375,76930,76176,76136,76802,69963,68769,69301,68937,68803,77612,76959,76431,76885,76492,66431,65715,65889,66406,65774
1078,1,0,18,76789,76356,75614,75570,76218,69496,68321,68854,68479,68338,77057,76378,75851,76307,75924,65976,65265,65426,65934,65321
1079,0,0,18,77366,76931,76177,76134,76794,69952,68778,69311,68931,68804,77624,76956,76427,76891,76494,66428,65712,65875,66385,65773
1080,1,0,18,76788,76354,75602,75577,76212,69500,68309,68843,68472,68344,77063,76367,75856,76314,75927,65994,65257,65435,65935,65311
1081,0,0,18,77373,76939,76175,76151,76778,69962,68780,69309,68942,68808,77627,76945,76433,76900,76496,66441,65717,65894,66383,65778
1082,1,0,18,76795,76357,75612,75586,76225,69489,68315,68861,68465,68349,77067,76388,75851,76314,75932,65979,65270,65446,65942,65338
1083,0,0,18,77362,76917,76174,76141,76800,69947,68769,69312,68923,68811,77630,76956,76427,76890,76488,66425,65708,65899,66389,65789
1084,1,0,18,76792,76345,75602,75582,76186,69499,68303,68841,68477,68353,77049,76366,75829,76308,75930,65981,65266,65428,65923,65333
1085,0,0,18,77381,76912,76173,76146,76772,69958,68766,69310,68944,68808,77622,76942,76407,76885,76502,66421,65719,65868,66366,65777
1086,1,0,18,76786,76338,75609,75569,76201,69490,68316,68852,68473,68343,77033,76380,75829,76309,75930,65975,65260,65443,65926,65332
1087,0,0,18,77373,76898,76163,76139,76783,69954,68770,69319,68946,68814,77611,76962,76411,76898,76493,66421,65710,65899,66389,65777
1088,1,0,18,76795,76322,75610,75558,76205,69482,68308,68851,68468,68332,77041,76375,75826,76300,75913,65960,65256,65432,65927,65334
1089,0,0,18,77389,76900,76189,76148,76796,69953,68781,69322,68949,68809,77644,76970,76422,76903,76512,66418,65728,65895,66392,65802
1090,1,0,18,76793,76346,75595,75573,76207,69494,68306,68858,68483,68339,77005,76381,75829,76300,75935,65971,65240,65428,65911,65327
1091,0,0,18,77387,76918,76165,76139,76798,69966,68772,69316,68951,68804,77587,76953,76410,76880,76509,66423,65702,65883,66371,65787
1092,1,0,18,76786,76343,75587,75564,76170,69491,68302,68841,68478,68319,77045,76365,75829,76294,75920,65968,65247,65426,65884,65323
1093,0,0,18,77378,76928,76171,76149,76756,69954,68772,69298,68936,68783,77632,76949,76424,76881,76499,66430,65708,65884,66346,65779
1094,1,0,18,76802,76340,75613,75600,76208,69481,68316,68850,68482,68341,77063,76400,75860,76305,75934,65986,65264,65434,65924,65342
1095,0,0,18,77377,76907,76175,76148,76776,69930,68762,69299,68935,68796,77617,76955,76427,76881,76499,66410,65694,65879,66367,65790
1096,1,0,18,76790,76342,75607,75578,76189,69486,68305,68846,68496,68334,77048,76380,75834,76299,75939,65971,65251,65435,65915,65333
1097,0,0,18,77383,76921,76172,76153,76774,69954,68771,69315,68965,68815,77639,76964,76428,76886,76514,66428,65702,65886,66376,65797
1098,1,0,18,76780,76340,75600,75584,76217,69482,68303,68851,68479,68338,77049,76379,75839,76292,75918,65977,65261,65436,65917,65340
1099,0,0,18,77370,76905,76164,76145,76781,69937,68769,69295,68936,68800,77618,76947,76416,76868,76493,66426,65697,65883,66368,65770
1100,1,0,18,76786,76349,75594,75566,76177,69473,68296,68839,68471,68317,77025,76357,75824,76282,75908,65961,65240,65411,65902,65326
1101,0,0,18,77378,76921,76177,76141,76767,69935,68772,69321,68939,68794,77604,76951,76434,76875,76492,66423,65695,65887,66371,65790
1102,1,0,18,76789,76348,75615,75567,76196,69493,68303,68866,68481,68335,77043,76368,75821,76295,75930,65976,65226,65440,65913,65327
1103,0,0,18,77390,76936,76192,76146,76782,69956,68775,69326,68962,68804,77645,76967,76433,76889,76513,66433,65692,65896,66386,65791
1104,1,0,18,76803,76348,75610,75574,76204,69489,68316,68863,68474,68337,77060,76377,75841,76316,75944,65983,65263,65445,65928,65341
1105,0,0,18,77386,76925,76178,76145,76778,69938,68776,69325,68943,68794,77637,76956,76418,76889,76515,66431,65707,65895,66387,65780
1106,1,0,18,76788,76340,75609,75571,76203,69504,68335,68848,68498,68344,77063,76387,75854,76303,75928,65987,65260,65447,65929,65332
1107,0,0,18,77366,76889,76175,76136,76785,69959,68790,69301,68951,68796,77642,76946,76425,76881,76490,66431,65703,65901,66373,65778
1108,1,0,18,76800,76362,75617,75572,76228,69504,68337,68876,68488,68359,77062,76395,75869,76320,75953,65995,65274,65451,65928,65346
1109,0,0,18,77377,76919,76173,76140,76789,69960,68783,69333,68950,68821,77639,76967,76445,76891,76512,66431,65726,65891,66384,65808
1110,1,0,18,76822,76358,75615,75586,76231,69508,68335,68873,68506,68357,77052,76389,75867,76312,75947,65987,65255,65457,65939,65332
1111,0,0,18,77399,76919,76178,76132,76797,69950,68778,69323,68957,68799,77615,76946,76431,76884,76496,66423,65689,65895,66367,65786
1112,1,0,18,76793,76348,75607,75582,76211,69515,68329,68861,68491,68342,77068,76383,75849,76312,75928,65994,65261,65451,65932,65331
1113,0,0,18,77388,76926,76184,76146,76789,69986,68788,69336,68954,68806,77649,76976,76447,76896,76507,66452,65725,65902,66398,65792
1114,1,0,18,76796,76339,75593,75572,76204,69489,68298,68848,68488,68338,77049,76388,75846,76301,75911,65983,65242,65432,65922,65325
1115,0,0,18,77371,76912,76164,76141,76782,69932,68760,69313,68945,68798,77623,76954,76425,76877,76477,66427,65685,65875,66374,65760
1116,1,0,18,76793,76324,75596,75571,76205,69482,68301,68851,68474,68327,77036,76363,75849,76302,75930,65980,65245,65429,65913,65318
1117,0,0,18,77373,76897,76170,76139,76784,69944,68762,69317,68931,68791,77618,76933,76437,76881,76501,66433,65709,65886,66380,65775
1118,1,0,18,76806,76344,75603,75569,76214,69502,68315,68867,68492,68348,77034,76370,75854,76300,75910,65973,65252,65431,65923,65327
1119,0,0,18,77374,76907,76168,76135,76780,69958,68768,69330,68944,68791,77611,76937,76427,76874,76482,66417,65686,65873,66380,65768
1120,1,0,18,76805,76332,75593,75581,76204,69494,68316,68870,68481,68330,77068,76364,75851,76307,75918,65958,65242,65429,65926,65328
1121,0,0,18,77377,76907,76148,76130,76789,69953,68773,69330,68942,68812,77625,76936,76430,76886,76495,66404,65692,65865,66373,65781
1122,1,0,18,76785,76334,75591,75565,76205,69489,68292,68856,68482,68343,77036,76355,75850,76320,75930,65981,65258,65402,65917,65316
1123,0,0,18,77380,76925,76184,76134,76792,69961,68777,69327,68950,68811,77626,76943,76444,76896,76504,66444,65719,65873,66396,65788
1124,1,0,18,76810,76361,75600,75578,76204,69505,68316,68860,68492,68350,77047,76364,75828,76305,75934,65983,65252,65444,65926,65350
1125,0,0,18,77396,76939,76186,76150,76791,69973,68781,69333,68960,68806,77638,76946,76420,76887,76507,66437,65709,65891,66385,65810
1126,1,0,18,76800,76345,75588,75561,76206,69483,68298,68841,68477,68323,77037,76350,75849,76288,75917,65966,65248,65415,65913,65326
1127,0,0,18,77375,76905,76156,76125,76778,69939,68749,69316,68938,68779,77612,76930,76421,76872,76474,66414,65693,65866,66366,65775
1128,1,0,18,76794,76335,75596,75579,76200,69488,68311,68867,68489,68337,77049,76368,75844,76303,75940,65965,65245,65410,65907,65336
1129,0,0,18,77389,76920,76178,76157,76786,69954,68771,69326,68950,68799,77630,76936,76430,76899,76509,66424,65704,65865,66372,65789
1130,1,0,18,76807,76347,75626,75591,76205,69505,68318,68862,68508,68357,77058,76371,75856,76313,75944,65985,65257,65432,65930,65355
1131,0,0,18,77372,76914,76186,76148,76783,69953,68774,69317,68963,68814,77615,76947,76434,76885,76511,66429,65702,65876,66388,65804
1132,1,0,18,76778,76343,75594,75574,76203,69490,68312,68860,68492,68325,77027,76377,75848,76312,75931,65976,65248,65428,65926,65335
1133,0,0,18,77378,76923,76170,76146,76784,69947,68781,69318,68954,68793,77610,76956,76438,76901,76503,66432,65700,65881,66386,65790
1134,1,0,18,76814,76366,75616,75593,76235,69503,68341,68870,68522,68349,77069,76381,75864,76329,75966,66005,65277,65437,65941,65374
1135,0,0,18,77410,76946,76175,76153,76820,69979,68800,69330,68978,68819,77653,76962,76454,76914,76528,66459,65726,65887,66408,65820
1136,1,0,18,76795,76332,75577,75571,76219,69485,68312,68861,68479,68330,77059,76367,75850,76287,75930,65967,65230,65406,65931,65339
1137,0,0,18,77363,76908,76154,76133,76793,69945,68766,69331,68944,68787,77624,76938,76425,76869,76510,66415,65679,65861,66370,65788
1138,1,0,18,76803,76347,75609,75577,76214,69503,68331,68866,68500,68339,77061,76391,75844,76302,75943,65984,65254,65426,65930,65353
1139,0,0,18,77376,76902,76176,76144,76789,69957,68780,69321,68967,68805,77626,76960,76425,76869,76503,66425,65690,65869,66368,65797
1140,1,0,18,76807,76350,75611,75586,76235,69500,68333,68857,68502,68340,77043,76373,75857,76315,75927,65986,65257,65420,65927,65353
1141,0,0,18,77386,76906,76172,76150,76796,69962,68783,69311,68963,68796,77623,76938,76424,76880,76484,66426,65711,65869,66373,65797
1142,1,0,18,76800,76337,75600,75577,76212,69499,68323,68858,68498,68336,77047,76381,75844,76307,75947,65976,65253,65426,65935,65341
1143,0,0,18,77387,76899,76161,76145,76798,69970,68786,69327,68950,68795,77625,76945,76426,76893,76514,66426,65703,65886,66382,65789
1144,1,0,18,76811,76317,75606,75561,76206,69494,68302,68851,68470,68342,77040,76370,75831,76297,75916,65970,65245,65412,65904,65320
1145,0,0,18,77384,76880,76157,76121,76791,69946,68763,69314,68948,68799,77615,76948,76412,76867,76488,66421,65683,65857,66369,65768
1146,1,0,18,76822,76338,75618,75579,76214,69493,68317,68848,68481,68340,77048,76381,75831,76310,75941,65983,65250,65423,65932,65320
1147,0,0,18,77399,76917,76195,76150,76811,69954,68779,69315,68934,68818,77622,76975,76442,76892,76509,66432,65710,65866,66379,65774
1148,1,0,18,76806,76332,75603,75591,76215,69503,68320,68865,68497,68356,77070,76390,75842,76302,75927,65983,65274,65423,65934,65349
1149,0,0,18,77408,76918,76185,76146,76807,69969,68789,69329,68961,68831,77660,76977,76432,76896,76519,66441,65732,65877,66386,65812
1150,1,0,18,76830,76339,75612,75582,76215,69522,68332,68872,68506,68372,77085,76405,75857,76322,75937,66006,65286,65436,65931,65357
1151,0,0,18,77411,76909,76166,76148,76792,69975,68790,69324,68965,68830,77657,76974,76436,76902,76511,66452,65716,65889,66380,65818
1152,1,0,18,76821,76348,75609,75581,76220,69518,68335,68878,68492,68344,77069,76408,75842,76318,75936,65995,65260,65450,65922,65350
1153,0,0,18,77393,76912,76174,76135,76780,69972,68796,69325,68964,68808,77635,76972,76409,76892,76503,66434,65708,65897,66365,65796
1154,1,0,18,76803,76339,75609,75579,76207,69501,68325,68870,68488,68345,77071,76393,75859,76301,75924,65996,65259,65448,65923,65333
1155,0,0,18,77392,76921,76188,76148,76810,69964,68781,69334,68959,68814,77652,76982,76434,76881,76506,66445,65718,65908,66382,65785
1156,1,0,18,76815,76351,75611,75590,76225,69514,68311,68881,68491,68361,77070,76408,75842,76322,75946,65989,65269,65450,65920,65344
1157,0,0,18,77387,76910,76168,76142,76789,69956,68763,69323,68939,68815,77639,76974,76420,76890,76494,66421,65712,65890,66362,65784
1158,1,0,18,76794,76339,75593,75574,76203,69508,68310,68860,68480,68356,77052,76384,75824,76301,75918,65979,65252,65443,65924,65327
1159,0,0,18,77370,76895,76159,76127,76775,69961,68757,69311,68938,68806,77619,76953,76398,76874,76485,66422,65695,65879,66361,65774
1160,1,0,18,76828,76353,75633,75591,76227,69511,68332,68873,68499,68366,77059,76412,75855,76319,75960,65992,65279,65452,65950,65348
1161,0,0,18,77389,76915,76186,76145,76804,69965,68782,69324,68952,68821,77620,76982,76424,76886,76521,66441,65716,65892,66398,65794
1162,1,0,18,76830,76385,75636,75593,76242,69516,68336,68893,68502,68391,77096,76405,75863,76341,75947,66024,65287,65464,65957,65360
1163,0,0,18,77408,76951,76191,76161,76815,69975,68797,69350,68961,68857,77667,76978,76441,76912,76516,66460,65734,65922,66407,65809
1164,1,0,18,76820,76357,75609,75572,76231,69513,68324,68873,68488,68366,77047,76399,75846,76314,75928,65999,65275,65458,65935,65340
1165,0,0,18,77413,76944,76181,76137,76814,69965,68794,69332,68950,68835,77635,76976,76436,76895,76502,66458,65725,65904,66393,65804
1166,1,0,18,76821,76359,75627,75602,76235,69522,68328,68875,68483,68372,77069,76408,75859,76332,75939,66007,65249,65453,65933,65345
1167,0,0,18,77420,76943,76207,76180,76833,69988,68801,69347,68955,68846,77659,76995,76448,76917,76520,66461,65722,65923,66404,65800
1168,1,0,18,76807,76365,75615,75576,76221,69519,68327,68864,68486,68354,77060,76384,75844,76310,75929,65980,65260,65445,65937,65346
1169,0,0,18,77389,76940,76176,76159,76800,69970,68802,69318,68953,68826,77629,76961,76435,76896,76505,66431,65708,65903,66389,65790
1170,1,0,18,76796,76339,75596,75586,76222,69491,68327,68859,68474,68351,77048,76365,75829,76298,75917,65974,65259,65444,65927,65317
1171,0,0,18,77388,76919,76164,76148,76804,69955,68786,69322,68938,68815,77616,76948,76420,76880,76498,66421,65718,65885,66379,65776
1172,1,0,18,76799,76344,75615,75588,76206,69485,68315,68842,68473,68363,77044,76377,75841,76292,75920,65985,65248,65428,65915,65321
1173,0,0,18,77372,76891,76161,76124,76754,69920,68749,69293,68911,68797,77604,76937,76393,76851,76470,66416,65678,65863,66359,65757
1174,1,0,18,76769,76320,75578,75575,76198,69482,68297,68852,68471,68336,77044,76369,75827,76272,75916,65961,65244,65420,65910,65320
1175,0,0,18,77358,76895,76150,76145,76779,69941,68765,69321,68949,68803,77631,76970,76431,76858,76489,66419,65710,65892,66376,65778
1176,1,0,18,76789,76340,75594,75572,76211,69498,68312,68870,68482,68350,77058,76402,75848,76284,75935,65964,65256,65447,65925,65327
1177,0,0,18,77378,76909,76158,76131,76781,69960,68769,69329,68947,68807,77626,76987,76422,76861,76501,66418,65707,65894,66366,65790
1178,1,0,18,76795,76339,75612,75575,76215,69508,68312,68875,68488,68355,77046,76399,75842,76308,75934,65980,65277,65440,65938,65333
1179,0,0,18,77375,76917,76169,76114,76792,69949,68766,69327,68940,68807,77615,76974,76415,76881,76490,66417,65713,65882,66380,65783
1180,1,0,18,76805,76351,75594,75574,76208,69490,68303,68875,68477,68343,77052,76379,75838,76284,75927,65977,65248,65437,65931,65329
1181,0,0,18,77410,76941,76170,76156,76808,69955,68773,69341,68944,68810,77639,76972,76425,76878,76507,66435,65701,65900,66391,65791
1182,1,0,18,76793,76345,75599,75585,76203,69488,68303,68860,68470,68340,77043,76377,75834,76284,75920,65966,65244,65447,65940,65328
1183,0,0,18,77385,76922,76186,76170,76792,69953,68779,69326,68956,68809,77629,76971,76429,76875,76501,66432,65702,65905,66395,65783
1184,1,0,18,76813,76344,75626,75584,76224,69504,68323,68872,68500,68351,77049,76401,75845,76305,75942,65986,65280,65463,65947,65331
1185,0,0,18,77389,76909,76177,76141,76783,69946,68776,69318,68955,68805,77619,76967,76412,76867,76497,66419,65709,65892,66375,65768
1186,1,0,18,76791,76331,75606,75579,76210,69483,68313,68848,68480,68341,77037,76368,75831,76299,75933,65978,65242,65444,65927,65317
1187,0,0,18,77389,76908,76175,76143,76780,69951,68774,69329,68946,68805,77613,76948,76415,76883,76501,66425,65700,65888,66379,65768
1188,1,0,18,76799,76345,75612,75592,76213,69505,68330,68846,68487,68346,77036,76383,75846,76312,75926,65979,65254,65444,65928,65335
1189,0,0,18,77372,76908,76169,76155,76780,69953,68776,69297,68953,68797,77609,76953,76419,76887,76486,66416,65700,65882,66368,65777
1190,1,0,18,76802,76349,75619,75586,76230,69512,68341,68858,68500,68363,77061,76392,75853,76318,75951,65995,65260,65453,65930,65346
1191,0,0,18,77391,76930,76190,76157,76808,69978,68811,69322,68973,68838,77645,76970,76444,76903,76526,66454,65728,65899,66391,65803
1192,1,0,18,76790,76346,75604,75551,76208,69484,68316,68850,68472,68334,77039,76378,75827,76293,75929,65972,65221,65431,65899,65319
1193,0,0,18,77385,76914,76172,76128,76783,69956,68781,69328,68947,68815,77628,76959,76403,76866,76501,66432,65675,65892,66359,65778
1194,1,0,18,76830,76362,75628,75595,76235,69515,68355,68873,68500,68361,77075,76394,75849,76329,75948,66010,65286,65463,65934,65364
1195,0,0,18,77397,76911,76170,76140,76788,69958,68803,69319,68946,68802,77633,76954,76408,76882,76489,66438,65712,65890,66374,65791
1196,1,0,18,76814,76343,75605,75583,76223,69506,68319,68858,68478,68352,77058,76382,75824,76319,75941,65979,65234,65442,65923,65333
1197,0,0,18,77415,76911,76180,76156,76810,69971,68789,69327,68958,68816,77632,76966,76414,76903,76516,66446,65682,65889,66380,65801
1198,1,0,18,76811,76344,75583,75570,76216,69470,68308,68846,68482,68330,77056,76377,75821,76304,75925,65987,65230,65407,65907,65325
1199,0,0,18,77404,76915,76151,76140,76792,69937,68776,69307,68951,68798,77634,76951,76415,76883,76501,66429,65684,65870,66371,65786
