rep,heat_enabled,transmitter_bit,transmitter_mask,ctrl_0_ro_0,ctrl_0_ro_1,ctrl_0_ro_2,ctrl_0_ro_3,ctrl_0_ro_4,ctrl_1_ro_0,ctrl_1_ro_1,ctrl_1_ro_2,ctrl_1_ro_3,ctrl_1_ro_4,ctrl_2_ro_0,ctrl_2_ro_1,ctrl_2_ro_2,ctrl_2_ro_3,ctrl_2_ro_4,ctrl_3_ro_0,ctrl_3_ro_1,ctrl_3_ro_2,ctrl_3_ro_3,ctrl_3_ro_4
0,31,1,3,6725244,6696862,6577766,6620749,6555645,6605653,6598219,6573709,6655725,6549364,6647955,6589801,6503489,6613647,6585121,6519163,6554890,6512644,6534350,6412930
1,0,1,3,6738945,6711584,6591638,6634576,6568687,6620064,6612394,6587816,6669763,6563153,6662358,6603985,6517246,6627169,6600534,6533661,6568619,6526986,6548468,6426632
2,31,1,3,6726287,6698788,6578890,6623456,6557166,6607304,6599871,6574604,6657141,6550389,6648669,6591161,6504631,6613568,6587337,6520595,6555107,6513271,6535070,6413470
3,0,1,3,6738134,6710560,6590660,6635144,6568935,6619181,6612795,6586423,6669461,6562511,6661149,6603870,6516995,6625632,6599961,6533769,6568522,6526015,6547539,6425908
4,31,1,3,6725886,6698590,6578794,6622614,6557054,6607194,6600793,6575206,6657574,6551003,6648914,6591648,6504534,6613857,6587290,6520857,6557195,6513975,6535398,6414365
5,0,1,3,6738845,6712117,6591246,6635709,6569056,6619485,6613977,6587872,6670589,6563542,6662090,6604320,6518259,6626324,6600053,6533837,6570179,6526699,6548328,6426968
6,31,1,3,6727055,6700350,6579760,6624224,6557420,6607452,6601838,6575561,6657955,6550680,6649745,6591719,6505771,6614636,6587754,6521662,6557123,6514341,6536228,6413686
7,0,1,3,6739109,6711706,6591003,6635977,6569137,6619618,6613215,6587246,6669573,6563310,6662251,6603301,6517295,6627304,6600162,6533732,6569399,6526621,6548572,6426423
8,31,1,3,6727339,6699962,6580137,6624203,6557148,6607538,6600954,6575564,6657832,6550475,6649826,6591968,6505136,6614804,6587725,6521150,6557447,6514308,6536905,6414416
9,0,1,3,6739252,6711781,6591922,6636783,6569552,6619656,6613225,6588308,6669604,6562852,6662256,6604892,6517181,6627360,6600384,6533662,6569988,6526796,6548983,6426329
10,31,1,3,6727030,6698494,6579445,6624248,6556675,6606715,6600945,6574995,6656838,6549600,6649406,6591845,6504327,6614439,6587576,6520461,6555983,6513127,6536146,6413489
11,0,1,3,6739104,6711197,6591374,6636144,6568615,6620082,6613780,6587356,6669426,6562674,6662490,6604375,6516955,6625966,6599248,6533619,6569530,6526057,6549250,6425695
12,31,1,3,6725944,6698198,6578577,6623848,6555970,6606750,6600413,6574434,6656631,6550029,6648518,6591655,6503799,6612401,6586783,6520114,6555736,6512918,6535815,6413147
13,0,1,3,6739217,6710845,6591439,6636907,6569639,6619658,6613325,6586928,6669945,6563497,6662154,6604032,6516762,6625774,6599718,6532507,6569274,6526051,6549553,6425924
14,31,1,3,6726013,6697695,6578363,6623563,6556550,6606539,6599953,6573995,6656607,6550417,6649132,6590844,6504090,6612318,6586012,6519669,6555503,6512907,6535937,6412221
15,0,1,3,6738682,6710091,6591376,6636140,6569530,6619267,6612766,6586661,6669532,6562908,6661604,6603979,6516442,6625616,6599450,6532220,6569214,6525586,6549108,6425572
16,31,1,3,6726905,6698189,6579879,6624594,6556965,6606236,6600512,6575060,6657572,6550437,6649612,6591664,6504614,6614479,6585956,6519719,6556541,6513417,6536068,6412926
17,0,1,3,6738238,6710815,6591758,6636718,6569275,6619449,6613079,6587827,6669649,6563054,6662358,6603889,6516963,6627296,6599220,6532839,6569716,6526626,6548940,6426218
18,31,1,3,6725683,6699130,6579590,6623899,6557394,6606673,6601473,6575312,6657101,6550296,6649285,6590842,6503834,6613577,6587253,6519341,6555931,6513420,6535625,6413894
19,0,1,3,6737130,6710714,6590819,6635168,6567691,6618470,6612188,6586243,6668778,6561852,6661555,6602044,6515928,6625600,6599454,6530953,6567180,6524537,6547017,6424126
20,31,1,3,6725920,6698913,6578827,6623612,6557035,6607497,6600588,6574315,6657459,6549615,6648894,6591511,6503758,6614002,6587172,6519356,6555597,6513123,6535139,6412867
21,0,1,3,6739285,6711925,6591782,6636722,6569173,6620416,6614001,6587789,6670592,6563686,6662047,6604996,6517493,6628073,6600716,6533250,6569334,6526963,6549444,6426647
22,31,1,3,6726328,6699573,6579339,6624292,6557019,6607797,6601475,6575348,6657955,6550692,6649371,6591477,6504571,6614409,6587170,6520520,6556553,6514052,6535998,6414071
23,0,1,3,6739533,6712226,6591404,6637014,6569547,6620292,6614648,6588719,6670737,6564548,6663544,6604435,6517361,6626960,6600554,6533741,6569950,6526392,6549210,6426810
24,31,1,3,6726529,6699226,6579472,6623680,6557024,6607752,6601783,6575182,6657987,6551392,6649956,6591483,6505321,6614768,6588210,6520024,6555804,6513161,6535954,6414107
25,0,1,3,6738853,6712222,6591174,6636471,6569557,6620666,6614524,6587936,6671486,6563279,6663038,6604923,6517572,6627399,6601150,6533124,6569331,6527196,6549143,6426848
26,31,1,3,6727221,6699714,6580532,6624761,6557789,6608363,6602191,6575859,6659210,6551305,6650249,6592367,6505431,6615609,6589038,6521285,6557363,6515162,6536904,6415362
27,0,1,3,6739700,6711435,6592714,6637354,6570081,6620852,6614788,6588193,6671789,6563506,6663320,6604286,6517855,6626751,6601247,6534007,6570436,6527542,6550323,6427290
28,31,1,3,6726901,6699617,6580307,6624870,6557244,6608387,6602151,6574991,6659038,6551081,6649872,6592228,6505361,6614308,6588721,6520569,6556997,6514349,6536843,6414750
29,0,1,3,6737518,6710985,6591330,6636298,6568376,6619686,6613372,6586523,6670213,6562486,6662055,6603616,6516621,6625038,6600571,6532318,6568653,6526161,6548777,6426190
30,31,1,3,6726244,6698951,6579602,6625019,6557337,6607750,6601830,6575003,6658849,6550787,6650164,6591928,6505125,6613388,6588568,6520501,6556577,6513847,6536467,6414126
31,0,1,3,6739494,6711476,6591967,6637208,6569409,6620455,6614031,6587365,6671336,6563753,6662863,6604552,6518126,6626184,6600226,6533334,6569338,6527098,6549660,6426969
32,31,1,3,6725700,6698427,6579297,6624359,6555627,6607119,6601062,6574316,6658182,6550332,6648876,6591211,6505198,6613187,6586809,6519677,6556056,6513161,6536238,6414444
33,0,1,3,6737858,6710711,6591707,6636673,6568640,6619737,6613349,6587288,6670449,6563688,6662502,6604024,6517838,6625881,6599834,6533551,6569465,6526255,6549211,6427401
34,31,1,3,6725890,6698704,6579598,6624195,6556345,6606956,6601105,6575076,6658209,6550933,6649710,6591833,6505180,6613403,6587462,6520392,6555770,6513701,6536220,6415122
35,0,1,3,6738354,6711195,6590942,6636448,6568079,6619635,6613165,6587478,6670344,6562971,6661875,6604116,6517600,6626353,6599948,6532212,6568707,6526499,6548959,6427108
36,31,1,3,6724859,6698508,6578589,6623070,6555112,6606219,6600251,6574320,6657621,6550282,6648686,6590193,6504790,6613328,6586758,6518977,6554972,6513088,6535754,6413589
37,0,1,3,6737914,6710190,6591473,6635917,6567696,6618984,6613139,6587284,6670493,6562995,6662013,6603593,6517358,6625642,6599569,6532785,6569392,6526109,6548832,6426867
38,31,1,3,6725128,6697611,6578549,6623517,6555669,6606101,6599974,6573726,6657493,6549975,6649061,6590994,6505047,6612523,6586606,6519726,6556207,6512865,6536200,6413797
39,0,1,3,6738975,6710629,6590984,6636555,6568363,6619180,6613226,6586633,6670543,6563149,6662444,6604260,6517706,6626412,6599760,6532925,6569306,6526464,6549074,6426501
40,31,1,3,6726906,6699200,6579045,6624243,6556579,6608072,6601166,6575340,6658788,6551081,6650027,6591761,6505796,6614606,6587837,6520350,6556951,6513722,6536958,6414837
41,0,1,3,6739254,6711316,6591157,6636329,6567788,6619679,6612944,6586714,6671375,6563714,6662481,6603614,6517949,6626035,6600353,6533206,6569550,6525653,6549616,6427287
42,31,1,3,6727101,6698620,6578270,6624072,6556091,6607551,6601243,6575060,6658664,6551425,6650080,6591090,6505240,6614230,6587549,6520069,6556460,6512860,6536739,6415053
43,0,1,3,6738380,6710569,6589979,6635739,6567931,6618953,6612991,6586796,6670334,6563648,6662399,6603796,6517029,6625770,6599572,6531644,6568918,6525231,6548802,6426811
44,31,1,3,6726077,6698351,6577684,6624127,6556134,6606418,6600644,6574603,6658164,6551423,6649362,6591599,6504953,6613603,6586850,6518886,6556331,6513030,6535720,6414565
45,0,1,3,6738627,6710330,6589956,6636321,6568507,6619261,6613120,6587699,6671374,6564240,6662684,6604534,6518120,6626204,6600275,6533064,6569672,6525540,6549289,6427584
46,31,1,3,6726141,6697474,6577787,6624090,6556294,6606505,6601272,6574980,6658977,6551459,6649373,6591601,6505404,6613533,6587657,6519921,6556194,6512647,6536431,6414614
47,0,1,3,6738509,6709358,6589720,6636367,6567990,6618854,6613251,6587285,6670526,6563244,6662316,6603570,6516817,6625401,6599695,6532581,6568773,6525570,6548809,6426444
48,31,1,3,6726970,6697710,6578101,6624245,6556529,6606271,6600735,6574900,6658444,6551135,6649843,6590943,6505090,6612764,6587569,6520270,6555856,6513664,6536834,6414429
49,0,1,3,6740061,6710957,6590480,6637509,6568951,6619753,6613112,6587642,6671754,6564887,6663179,6604582,6518261,6626090,6601787,6533817,6570289,6527182,6549844,6428002
50,31,1,3,6727315,6698080,6578401,6624461,6556235,6606786,6600864,6575042,6658306,6551644,6649757,6591488,6505035,6613317,6587171,6520458,6556755,6513179,6536468,6414811
51,0,1,3,6738627,6709629,6589504,6635914,6567893,6618282,6612530,6586341,6669919,6563355,6661948,6603289,6517080,6625126,6599983,6532425,6568635,6525461,6547711,6426200
52,31,1,3,6727427,6698407,6578857,6624374,6556578,6606342,6600690,6574652,6658043,6551391,6649693,6591205,6505275,6613180,6587522,6520054,6556589,6513312,6536031,6414794
53,0,1,3,6738805,6709515,6588999,6635379,6568002,6617746,6611580,6586230,6669729,6563018,6661489,6602918,6516643,6624643,6598617,6532299,6568678,6525292,6547789,6425871
54,31,1,3,6727253,6698015,6577566,6624275,6556123,6606414,6600630,6574338,6657716,6551990,6649623,6591420,6505008,6612861,6587126,6520955,6556744,6512978,6536332,6414314
55,0,1,3,6738676,6709964,6589798,6636615,6569058,6619074,6612734,6586545,6670320,6563789,6662259,6603771,6517264,6625533,6600384,6533854,6569211,6525772,6548784,6426416
56,31,1,3,6726718,6696421,6578192,6623196,6556971,6606463,6600273,6573639,6657317,6550691,6648659,6590780,6504024,6613576,6587039,6519862,6556148,6512486,6535419,6413758
57,0,1,3,6738852,6709304,6590085,6635880,6568768,6619131,6612973,6586317,6670494,6563624,6661458,6603515,6516623,6626032,6600332,6533207,6569573,6525498,6548603,6426719
58,31,1,3,6726446,6697305,6577398,6624340,6556705,6606276,6600526,6574255,6657558,6550856,6648664,6590116,6504781,6612822,6586774,6520072,6555750,6513223,6535651,6414270
59,0,1,3,6739212,6710806,6590611,6636917,6569575,6618814,6613057,6587347,6670872,6564015,6662170,6603122,6517587,6625527,6600249,6533351,6568970,6526185,6548298,6426493
60,31,1,3,6726548,6698303,6577640,6624299,6556948,6605940,6600239,6574896,6658150,6550725,6649549,6590253,6504751,6613215,6587197,6520190,6555850,6513511,6535233,6414201
61,0,1,3,6738657,6709969,6590067,6636150,6567985,6618539,6612531,6586696,6669868,6563753,6662010,6602475,6516770,6624763,6599180,6532146,6568646,6525529,6547774,6426156
62,31,1,3,6726612,6698718,6577649,6624134,6556353,6606289,6600627,6574348,6657696,6551266,6649359,6590033,6504516,6612743,6586806,6519293,6556097,6513182,6535416,6413910
63,0,1,3,6739072,6711005,6590274,6636517,6569033,6618483,6612789,6587303,6669916,6563629,6662050,6602740,6516985,6625475,6599780,6532818,6568896,6525931,6548291,6426675
64,31,1,3,6727384,6698778,6578331,6624313,6556878,6606400,6601305,6575088,6657756,6552335,6649593,6591103,6505493,6613927,6587763,6520117,6557068,6513820,6536017,6414372
65,0,1,3,6739201,6710936,6589235,6636662,6568690,6618067,6612539,6586475,6669835,6564191,6661624,6602975,6516755,6624930,6599162,6532852,6569637,6525664,6548376,6425818
66,31,1,3,6727646,6699140,6578409,6624207,6557415,6606400,6601794,6574649,6658116,6552162,6649869,6590646,6505083,6613990,6587784,6520162,6557154,6514486,6535545,6414516
67,0,1,3,6739526,6711253,6590768,6635601,6568739,6618189,6613844,6586126,6670379,6563875,6661818,6602765,6517395,6626204,6599751,6533119,6569635,6526446,6548112,6426415
68,31,1,3,6727300,6698864,6578600,6623926,6556617,6605841,6601106,6574079,6657540,6551208,6648685,6590626,6504799,6613390,6587156,6519983,6556517,6513646,6534990,6413557
69,0,1,3,6739517,6710867,6589882,6636301,6568369,6618272,6612957,6586043,6670042,6563280,6661658,6603101,6517043,6625631,6599958,6532774,6569198,6525795,6547650,6425870
70,31,1,3,6726610,6697778,6578189,6624425,6556015,6606257,6600376,6573569,6656489,6551540,6648563,6590589,6504479,6613554,6586677,6520026,6556056,6513516,6535513,6413308
71,0,1,3,6738814,6710573,6590708,6636872,6569401,6619522,6614068,6587195,6670375,6564099,6662174,6603293,6517367,6626591,6600428,6533578,6569685,6527062,6549172,6426847
72,31,1,3,6725655,6698209,6578096,6624392,6556397,6606143,6600851,6574221,6657101,6550743,6647974,6589894,6504372,6613795,6586531,6520508,6556739,6513767,6534672,6413940
73,0,1,3,6739176,6711752,6590979,6636708,6569370,6618853,6614144,6587607,6670896,6563904,6662178,6602774,6517050,6626464,6599382,6534384,6570135,6527132,6547713,6427062
74,31,1,3,6726798,6698369,6578514,6623716,6555995,6606151,6600861,6574465,6657984,6551330,6648400,6589707,6504827,6613858,6586250,6521218,6556624,6513901,6534363,6413428
75,0,1,3,6739552,6711000,6590867,6636153,6568475,6619414,6614058,6587364,6671585,6564683,6661843,6602777,6517456,6626843,6599708,6534254,6570479,6526821,6548265,6427111
76,31,1,3,6727077,6698048,6578234,6624262,6556388,6606318,6601245,6575117,6657979,6551728,6649235,6590058,6504584,6613112,6586255,6520730,6556792,6513448,6534678,6414462
77,0,1,3,6739335,6710467,6590641,6637339,6568994,6619402,6614239,6587905,6670784,6564229,6662348,6602638,6518072,6626341,6598974,6532991,6570427,6527169,6548032,6427599
78,31,1,3,6726870,6699526,6578385,6625022,6556694,6607349,6600842,6575930,6658808,6551831,6649682,6590292,6505324,6613854,6586461,6520936,6558024,6514825,6535256,6415035
79,0,1,3,6738875,6711316,6590314,6636761,6569306,6619758,6612624,6588217,6670815,6564195,6662318,6602296,6517737,6626365,6599714,6533255,6571148,6527605,6547886,6426869
80,31,1,3,6727240,6698945,6578894,6624876,6558133,6607795,6600400,6575466,6659202,6552127,6649728,6589791,6505311,6613735,6587988,6521028,6558109,6514499,6535189,6414662
81,0,1,3,6739273,6711164,6590516,6637193,6569740,6619204,6612652,6587894,6671033,6564835,6662923,6602728,6517413,6625986,6600732,6533755,6570791,6527236,6547912,6426616
82,31,1,3,6727743,6699719,6578225,6625358,6557715,6607757,6600369,6575799,6659096,6552195,6649735,6590594,6505289,6613467,6587956,6521257,6557924,6514553,6536232,6414317
83,0,1,3,6738251,6710792,6588908,6635728,6568510,6618427,6611852,6586760,6670420,6563882,6660813,6602218,6516368,6625317,6599037,6533164,6569266,6525982,6547326,6425178
84,31,1,3,6726807,6699638,6577786,6624506,6556811,6606656,6599430,6575041,6659041,6552148,6649262,6589933,6505317,6612969,6587925,6521266,6557369,6514216,6535256,6414229
85,0,1,3,6739224,6711374,6590141,6636866,6568478,6618906,6612788,6587057,6670703,6564708,6661664,6602185,6517348,6625245,6600326,6535221,6570200,6527049,6547649,6426525
86,31,1,3,6727340,6699098,6578172,6624762,6556893,6606285,6600343,6574675,6658320,6551557,6648982,6590085,6504714,6613024,6587955,6521892,6556830,6513780,6534889,6414264
87,0,1,3,6740212,6711892,6590993,6637542,6569319,6619535,6614118,6588206,6671920,6564752,6662616,6603607,6517872,6626843,6600742,6535554,6570454,6527965,6549329,6427806
88,31,1,3,6726713,6699438,6577657,6624690,6556244,6606529,6601020,6575037,6658401,6551475,6648894,6590626,6504723,6613285,6587630,6522134,6557140,6514050,6535481,6415026
89,0,1,3,6739328,6712173,6590976,6637891,6569447,6620117,6614923,6588547,6672304,6565147,6662375,6604488,6517618,6626435,6602146,6535677,6571042,6528244,6548939,6428370
90,31,1,3,6726856,6699575,6579426,6625465,6556934,6607656,6601285,6575731,6658990,6551764,6648674,6591689,6504995,6613588,6587701,6522222,6557059,6515167,6536123,6415240
91,0,1,3,6740196,6711920,6591583,6638050,6569790,6621030,6614388,6588591,6671890,6565133,6661900,6604749,6517921,6627050,6600937,6535367,6570302,6528099,6549591,6427821
92,31,1,3,6728016,6699229,6579499,6625195,6557579,6608461,6601826,6575829,6659538,6552847,6650129,6591809,6506277,6614909,6588819,6522389,6557446,6515333,6536951,6414974
93,0,1,3,6740145,6711252,6591513,6637366,6569805,6619910,6613897,6588176,6671988,6564800,6662997,6604275,6518120,6627268,6601694,6534746,6570789,6527984,6549715,6427261
94,31,1,3,6726662,6698870,6578583,6625161,6556835,6606607,6601473,6575245,6658805,6552421,6649401,6591709,6505530,6613642,6588251,6521786,6557095,6514540,6535865,6414743
95,0,1,3,6739311,6710935,6591230,6637622,6569706,6618809,6613798,6588176,6671490,6565105,6662319,6604073,6517740,6625708,6600152,6534585,6570502,6527181,6549383,6426840
96,31,1,3,6726085,6698814,6579279,6625030,6557405,6606531,6601183,6575252,6658272,6552676,6648535,6591337,6504870,6612896,6586770,6521383,6556917,6514955,6536295,6414601
97,0,1,3,6738469,6710413,6590019,6636760,6569485,6618386,6612500,6586862,6670672,6564341,6660820,6603497,6517182,6625063,6599109,6533175,6569045,6526817,6548687,6426939
98,31,1,3,6726718,6698029,6577738,6624522,6557311,6606289,6600211,6574540,6657950,6551386,6648659,6590648,6505052,6612825,6587872,6520415,6555647,6513785,6536252,6414039
99,0,1,3,6739485,6711040,6589932,6636498,6569599,6618931,6612957,6587662,6670917,6563978,6661696,6603721,6517364,6625828,6600768,6533563,6568907,6526879,6549278,6426381
100,31,1,3,6727449,6698789,6577946,6625091,6557484,6607273,6601015,6575807,6658414,6552235,6648300,6591502,6505711,6613059,6588032,6520699,6556941,6514270,6536655,6414342
101,0,1,3,6738981,6710842,6589753,6636886,6568705,6619293,6613094,6587463,6670928,6564642,6661265,6603989,6517552,6625633,6600723,6534132,6568699,6527139,6548640,6426175
102,31,1,3,6726507,6698768,6577297,6623943,6556441,6606588,6600758,6574938,6657775,6551947,6647734,6591330,6505049,6612595,6587556,6520838,6555916,6513686,6535234,6413208
103,0,1,3,6738316,6711197,6589281,6636418,6568942,6617735,6613302,6586829,6669750,6564049,6660709,6603885,6517125,6625193,6599980,6533343,6569295,6526209,6547829,6425489
104,31,1,3,6726410,6700081,6577505,6624161,6557755,6605781,6601319,6574632,6657866,6551968,6648243,6591290,6505411,6612190,6587828,6520202,6556727,6513938,6535232,6413263
105,0,1,3,6739368,6712433,6590580,6636769,6569723,6619054,6614302,6587532,6671252,6564513,6661886,6603850,6518580,6625779,6600977,6533462,6569786,6527180,6548074,6426866
106,31,1,3,6727016,6699246,6577698,6624650,6557457,6606022,6600820,6574720,6657935,6551306,6648294,6590604,6505542,6613316,6588092,6520434,6556817,6513499,6535764,6414215
107,0,1,3,6738954,6710870,6589479,6637457,6569688,6618522,6613334,6586956,6670069,6564339,6661292,6603735,6517671,6625480,6600193,6533280,6569845,6526671,6548820,6425749
108,31,1,3,6727176,6699298,6578411,6625284,6557793,6607369,6602172,6575478,6658494,6551628,6648552,6591619,6505779,6612829,6588529,6521085,6557518,6514733,6536441,6413830
109,0,1,3,6738843,6710336,6589908,6636097,6569025,6618440,6613583,6587110,6670292,6564063,6661305,6603894,6516885,6624301,6600450,6533542,6570032,6526851,6547978,6425349
110,31,1,3,6725790,6698517,6577458,6624533,6556927,6605822,6601295,6574783,6657221,6551285,6648368,6590740,6504782,6611746,6587876,6520789,6556947,6513933,6535331,6413967
111,0,1,3,6739336,6711705,6590081,6637030,6569441,6619342,6614718,6587713,6670624,6564646,6661720,6603461,6517506,6625098,6601128,6533861,6570404,6526767,6548918,6427009
112,31,1,3,6726862,6698846,6577806,6624624,6557014,6606460,6601945,6575202,6658044,6552071,6648748,6590607,6504879,6612439,6587633,6520929,6556916,6514204,6535753,6414289
113,0,1,3,6739176,6711142,6589582,6636970,6569046,6618928,6614115,6587560,6670962,6564137,6661101,6603827,6517666,6625293,6601057,6533460,6570008,6526961,6548342,6426117
114,31,1,3,6727606,6698724,6578982,6624410,6557804,6607191,6601926,6575395,6658485,6551941,6647664,6591356,6505389,6613422,6588593,6520686,6557379,6514319,6536482,6414497
115,0,1,3,6740037,6710964,6590607,6636797,6569954,6619404,6614264,6587395,6671319,6564387,6661468,6603608,6517620,6625742,6601403,6533665,6570688,6527434,6548519,6426784
116,31,1,3,6728053,6699065,6578432,6624557,6557114,6606713,6602204,6574339,6658619,6551050,6648704,6591409,6504939,6613785,6589279,6520355,6557156,6514708,6535702,6414238
117,0,1,3,6741011,6712285,6591114,6637269,6569432,6619827,6614260,6587667,6672095,6564539,6662268,6604478,6518087,6626046,6602649,6534219,6571069,6527778,6548726,6427193
118,31,1,3,6728622,6699786,6578913,6625160,6557250,6607069,6602358,6575549,6659443,6551861,6649053,6591681,6505537,6612705,6589484,6521588,6557466,6514885,6535379,6414444
119,0,1,3,6739658,6711941,6590846,6637586,6569263,6619486,6613959,6588147,6672004,6564036,6662333,6604497,6517865,6625651,6601902,6534138,6569806,6527314,6548081,6426977
120,31,1,3,6726951,6699766,6578205,6624877,6556570,6605770,6601169,6574556,6658275,6550321,6649061,6591266,6504756,6611990,6588556,6520676,6555889,6513897,6534562,6413616
121,0,1,3,6740043,6712672,6590907,6637559,6569778,6618601,6613910,6588141,6671588,6563231,6662578,6604107,6517421,6625149,6601492,6534254,6569511,6527092,6548384,6426142
122,31,1,3,6727140,6700057,6578673,6625575,6557868,6605947,6601507,6575522,6658972,6550839,6649273,6591303,6505345,6612930,6588541,6520346,6556946,6514412,6536398,6413639
123,0,1,3,6739990,6712978,6590890,6638401,6570441,6618710,6614369,6587625,6671633,6563602,6662626,6603891,6518201,6625116,6601703,6534229,6570104,6527935,6549719,6426282
124,31,1,3,6727302,6699749,6577414,6625115,6557705,6605736,6601400,6574917,6658218,6550667,6649283,6590945,6504687,6612150,6588434,6520649,6556172,6514383,6536392,6413328
125,0,1,3,6740849,6712242,6590310,6637793,6569880,6618733,6614158,6588193,6671707,6563783,6662597,6604295,6517242,6625187,6601132,6534382,6570082,6527971,6549548,6427121
126,31,1,3,6727888,6700025,6578450,6625202,6556819,6606238,6601801,6575742,6658693,6550849,6649350,6591172,6505103,6612649,6588615,6521051,6557087,6515009,6536300,6413924
127,0,1,3,6740034,6712692,6590092,6637864,6569536,6618505,6614654,6588493,6670868,6563747,6662140,6603920,6517084,6624609,6601966,6533848,6570066,6527629,6548853,6426675
128,31,1,3,6727227,6699419,6577209,6624371,6556078,6605290,6601909,6574668,6657567,6550514,6648671,6590579,6503672,6610875,6588025,6519980,6556334,6514035,6535675,6413262
129,0,1,3,6739205,6711952,6590005,6636545,6568984,6618240,6614349,6587322,6670836,6563617,6661728,6604074,6516645,6624255,6601687,6533404,6569791,6527656,6548910,6426713
130,31,1,3,6726819,6699696,6578145,6624297,6556982,6605039,6601354,6575013,6658083,6550951,6648689,6590938,6504518,6611835,6588548,6520173,6556674,6514880,6535921,6413842
131,0,1,3,6739726,6712210,6590272,6637276,6569137,6618159,6613875,6587793,6670835,6563646,6662322,6603773,6517292,6625218,6601445,6533993,6569741,6527761,6549415,6426777
132,31,1,3,6728254,6700758,6579238,6625130,6558189,6606355,6602443,6575988,6659102,6551647,6649831,6591987,6506002,6613364,6589478,6521824,6557731,6515700,6536889,6415809
133,0,1,3,6739795,6711526,6591256,6637244,6569975,6618504,6614152,6588702,6671830,6563946,6662347,6603964,6517883,6625601,6601914,6534499,6570940,6527718,6549241,6426840
134,31,1,3,6727268,6698628,6577917,6624821,6557371,6605833,6601622,6575662,6658986,6550076,6648108,6590729,6505660,6612904,6588802,6520372,6557264,6514478,6535213,6413965
135,0,1,3,6740506,6711602,6591768,6637747,6569423,6618717,6614205,6588827,6671523,6563191,6661592,6604206,6518622,6625193,6601394,6533675,6571041,6527641,6549396,6426658
136,31,1,3,6727417,6699825,6579633,6625723,6557759,6606887,6601923,6576567,6659219,6552177,6649669,6591715,6505507,6613389,6589300,6521409,6558590,6515372,6537003,6415474
137,0,1,3,6739559,6711594,6591349,6636877,6569918,6618606,6614143,6588784,6670920,6563631,6661873,6604298,6517476,6626245,6601525,6534169,6571187,6528290,6549210,6427239
138,31,1,3,6726974,6698734,6579386,6624030,6557851,6605760,6601673,6575470,6658897,6550496,6648905,6591678,6504776,6612854,6588842,6520804,6557275,6515041,6536415,6414870
139,0,1,3,6739415,6711826,6591828,6635907,6569768,6618270,6614541,6587585,6672025,6563624,6662382,6604547,6517215,6625588,6601866,6534029,6570229,6527565,6549205,6426879
140,31,1,3,6727276,6699906,6579047,6624481,6557770,6605884,6602529,6575638,6659104,6551421,6649982,6592441,6504995,6613586,6589548,6521328,6557666,6515257,6536231,6413795
141,0,1,3,6739528,6710706,6590460,6636854,6569302,6617263,6614226,6588309,6671539,6563652,6662370,6603850,6517080,6626092,6601918,6533476,6570283,6527393,6549219,6426193
142,31,1,3,6727905,6699357,6579839,6625049,6558423,6606293,6602039,6576567,6659892,6552167,6650612,6592027,6506186,6615197,6589852,6521556,6557685,6515239,6537425,6415223
143,0,1,3,6740363,6711561,6591571,6636976,6570232,6618501,6613628,6588147,6671547,6564065,6662108,6604105,6517173,6626493,6601645,6533504,6570233,6527442,6549323,6426970
144,31,1,3,6727630,6699531,6579422,6624672,6558124,6607100,6601230,6576060,6659840,6551639,6649781,6591845,6505089,6614577,6589267,6520326,6557920,6514545,6537274,6414852
145,0,1,3,6739426,6711103,6591170,6635786,6569578,6618671,6613609,6588421,6672444,6563472,6662268,6604174,6517270,6627040,6601769,6533018,6570217,6527363,6548694,6426587
146,31,1,3,6727182,6699589,6579374,6624713,6557700,6605765,6601674,6575678,6659382,6550791,6649526,6591627,6505209,6614837,6589469,6519762,6557256,6514173,6536151,6414503
147,0,1,3,6740242,6712041,6591394,6636732,6570573,6618679,6614058,6588490,6672132,6564223,6662751,6604589,6518012,6627173,6602190,6533426,6570765,6527638,6549042,6427509
148,31,1,3,6728265,6699902,6579447,6624964,6558185,6605810,6602943,6576719,6659740,6551608,6649767,6591852,6505677,6615009,6588385,6520653,6557567,6515118,6536005,6415749
149,0,1,3,6740147,6712249,6590922,6637019,6570616,6618268,6614927,6588438,6671909,6564033,6662270,6603952,6518158,6627014,6600237,6533394,6570086,6527462,6548436,6427157
150,31,1,3,6727762,6699727,6579216,6624356,6557695,6605428,6601998,6575469,6659126,6550549,6649177,6590861,6505166,6614399,6588347,6519851,6557150,6514456,6535523,6414738
151,0,1,3,6740477,6711598,6590728,6636900,6569668,6617742,6614351,6586936,6671664,6563424,6662611,6603754,6517517,6626258,6601140,6532653,6569484,6527416,6548251,6426661
152,31,1,3,6729026,6699513,6579169,6625142,6557855,6605698,6602762,6575819,6659603,6551593,6650085,6591715,6506020,6614669,6589087,6520264,6557513,6514771,6536013,6414483
153,0,1,3,6740069,6711544,6590273,6636401,6569786,6618279,6614094,6588144,6671788,6563573,6662366,6603977,6517550,6626932,6601819,6533412,6570384,6526880,6548584,6426444
154,31,1,3,6728084,6700336,6578484,6624898,6557439,6605716,6601592,6575928,6658908,6551384,6649833,6591670,6505158,6614080,6589640,6520882,6557045,6514303,6536095,6414071
155,0,1,3,6740683,6712016,6590991,6637114,6570153,6618723,6613811,6588157,6671301,6563665,6663061,6604381,6517868,6626864,6601821,6533931,6569895,6526988,6549042,6426624
156,31,1,3,6726919,6698989,6578283,6623709,6558559,6606077,6601558,6575359,6658537,6550475,6649496,6590921,6504867,6614482,6588850,6520255,6556643,6514360,6535731,6413729
157,0,1,3,6739873,6711271,6590791,6635466,6570917,6618210,6613863,6588618,6671151,6563921,6663041,6603688,6517173,6627109,6601007,6533809,6569870,6526795,6549019,6426661
158,31,1,3,6727708,6700150,6578833,6623544,6558977,6606438,6601876,6575826,6658872,6552201,6649466,6591261,6505191,6614360,6588380,6521054,6556463,6514517,6536047,6414934
159,0,1,3,6739888,6711401,6590524,6635337,6570233,6617802,6613638,6588414,6671147,6563700,6662271,6603141,6517076,6626025,6600241,6534073,6569241,6527026,6548035,6426935
160,31,1,3,6727903,6699207,6578173,6623456,6558403,6605656,6601440,6576749,6658759,6551059,6650033,6590453,6504839,6613799,6587375,6521309,6556351,6514691,6535834,6414390
161,0,1,3,6740434,6711620,6590185,6635990,6570729,6618549,6614159,6588945,6672036,6563565,6662601,6603579,6516720,6626557,6600237,6534483,6569624,6527841,6549017,6427708
162,31,1,3,6727609,6698774,6577947,6623065,6558135,6605143,6601261,6575913,6658519,6550582,6649282,6590775,6503910,6614076,6587585,6521260,6556361,6514801,6535775,6414563
163,0,1,3,6739854,6711185,6590689,6635761,6570422,6618043,6613441,6588823,6671773,6563382,6663240,6603566,6517356,6626614,6600178,6534063,6569802,6527717,6548017,6427331
164,31,1,3,6727053,6698159,6577306,6622225,6557440,6604445,6600354,6574950,6658118,6550520,6649399,6590265,6504278,6612556,6586477,6519949,6556597,6513809,6534675,6413958
165,0,1,3,6738820,6710778,6589802,6633691,6569506,6616704,6612481,6587567,6670454,6563308,6661416,6602551,6516716,6625590,6598645,6532446,6568467,6526388,6547578,6425777
166,31,1,3,6726876,6698332,6577428,6622051,6557818,6605355,6600217,6575053,6658433,6551191,6648686,6590398,6504670,6612743,6586933,6520512,6555587,6513830,6534490,6414079
167,0,1,3,6740452,6711600,6590758,6634446,6570748,6617931,6613686,6587595,6671476,6563857,6662421,6603823,6517340,6625899,6601017,6533850,6569141,6527557,6547820,6427115
168,31,1,3,6727619,6699672,6578844,6622161,6557980,6605106,6602016,6575311,6658494,6551280,6649717,6591357,6504779,6613496,6588580,6520809,6555731,6514746,6535135,6413988
169,0,1,3,6739046,6711831,6590662,6635111,6570200,6617206,6613503,6587277,6670699,6563518,6662078,6603887,6517084,6626351,6600256,6533537,6569045,6526843,6547571,6426363
170,31,1,3,6726896,6699323,6578133,6622174,6557520,6604998,6600577,6574786,6657937,6550318,6649025,6590160,6504408,6612924,6587326,6519993,6556272,6513844,6534306,6414053
171,0,1,3,6739820,6712101,6590417,6634759,6570096,6617850,6613281,6588030,6670221,6562958,6662415,6603561,6516648,6625685,6600614,6533665,6569577,6526984,6547534,6426438
172,31,1,3,6726692,6699164,6578404,6622917,6558343,6605021,6600445,6575430,6657694,6550162,6649186,6591033,6503681,6613346,6587383,6520118,6556029,6513950,6534143,6413738
173,0,1,3,6739193,6710795,6590845,6635733,6570189,6617209,6612469,6587209,6670239,6561906,6661880,6603247,6516655,6625709,6600396,6532716,6568834,6526255,6547151,6426335
174,31,1,3,6727242,6698795,6578223,6623877,6558605,6605483,6600665,6575413,6657576,6549186,6649688,6590386,6503855,6612945,6587978,6519648,6556841,6513768,6534374,6413942
175,0,1,3,6740352,6711158,6590751,6635915,6570589,6618207,6613807,6588457,6670903,6563002,6662668,6603295,6516662,6625957,6601543,6533272,6570237,6527649,6547699,6426423
176,31,1,3,6727342,6698278,6577902,6623544,6557834,6605019,6601427,6576073,6658383,6550425,6650360,6590694,6504302,6613644,6588052,6520215,6556256,6514290,6534860,6413882
177,0,1,3,6740483,6711649,6590794,6636983,6570560,6618123,6615018,6589716,6672201,6563509,6663810,6604456,6517317,6627507,6601931,6534390,6571102,6528571,6548700,6427401
178,31,1,3,6727716,6699337,6578228,6623976,6557746,6605538,6602771,6576430,6658487,6550474,6650877,6591519,6504128,6613402,6588650,6520441,6557600,6514657,6534986,6414159
179,0,1,3,6739933,6711137,6590025,6635330,6569862,6618078,6614680,6588563,6671192,6562516,6662785,6603721,6516587,6624746,6600681,6533003,6569852,6527281,6547001,6425920
180,31,1,3,6727904,6699616,6578627,6623951,6558089,6606187,6602524,6576534,6659369,6550781,6650735,6592107,6505578,6613485,6588300,6521033,6557719,6514854,6534791,6413902
181,0,1,3,6740169,6711778,6590866,6636465,6569633,6618382,6614137,6588649,6671819,6563373,6662715,6603935,6517752,6626334,6601086,6533296,6570417,6527820,6548231,6425460
182,31,1,3,6727168,6699429,6577846,6623937,6557269,6605857,6601150,6575642,6658024,6549762,6649240,6590924,6505353,6613089,6588482,6520283,6557370,6515498,6535894,6412352
183,0,1,3,6739899,6711448,6589610,6636238,6569613,6618602,6613704,6588148,6670533,6562458,6662365,6603521,6517348,6625407,6601369,6532962,6569407,6527276,6548373,6424866
184,31,1,3,6727663,6699560,6578175,6623914,6557891,6605502,6600747,6576208,6658338,6550330,6650199,6591055,6504707,6612358,6588610,6521240,6556441,6514607,6535579,6412508
185,0,1,3,6739337,6710631,6589394,6635517,6569619,6617406,6612452,6587757,6670251,6561775,6662478,6602573,6516199,6624624,6600144,6532781,6569108,6526757,6548143,6424309
186,31,1,3,6727252,6698695,6577822,6623992,6557976,6604798,6600969,6575649,6657850,6549334,6649799,6590590,6504005,6612867,6587397,6520456,6556290,6514253,6535431,6412408
187,0,1,3,6740084,6711838,6590818,6636412,6570696,6618215,6613775,6588240,6671053,6562146,6662867,6603547,6516728,6625823,6601074,6533516,6570154,6527550,6548377,6426280
188,31,1,3,6727086,6699027,6578573,6623754,6558802,6605562,6601618,6576431,6658346,6549456,6650110,6591138,6504286,6613574,6588493,6520927,6556635,6514597,6535598,6413393
189,0,1,3,6739439,6710850,6590526,6635830,6570863,6617286,6613433,6588363,6670786,6562221,6662967,6603501,6517008,6625590,6601671,6533657,6569159,6527255,6547995,6425464
190,31,1,3,6727216,6698240,6577698,6623392,6557666,6604826,6600876,6575424,6658305,6549329,6649690,6590588,6503886,6611913,6588239,6520473,6555339,6514370,6535078,6413128
191,0,1,3,6739365,6710455,6589235,6636317,6569737,6616342,6613532,6588201,6670633,6562566,6662306,6603228,6516089,6623775,6600901,6533058,6568470,6527054,6547835,6425987
192,31,1,3,6726384,6698590,6577601,6624254,6558044,6604465,6600950,6575710,6658092,6550058,6649039,6590992,6503419,6611716,6588237,6520291,6555565,6514979,6535506,6413623
193,0,1,3,6739804,6711259,6589967,6636999,6570970,6618058,6613970,6589093,6671114,6563823,6663311,6604527,6516519,6626213,6602291,6533769,6570217,6527905,6548838,6426540
194,31,1,3,6727590,6697830,6577704,6622925,6557851,6605275,6601659,6575842,6658085,6550817,6650226,6591606,6503835,6612852,6588900,6520214,6556801,6514638,6535170,6413686
195,0,1,3,6739445,6710860,6588867,6635378,6569902,6617581,6614165,6588232,6670598,6562916,6662424,6603511,6516390,6624756,6601038,6532812,6570133,6527244,6547278,6425480
196,31,1,3,6726530,6697996,6576713,6623262,6557671,6605248,6601528,6576034,6657602,6551256,6649376,6590987,6504119,6612839,6588655,6519453,6556715,6515023,6534843,6412668
197,0,1,3,6739191,6710575,6589180,6636132,6569775,6617463,6613677,6588044,6670616,6563251,6661858,6603564,6516095,6625680,6600868,6532475,6569772,6527427,6547981,6425303
198,31,1,3,6724992,6697666,6577295,6623304,6557108,6604156,6600960,6575162,6657749,6550118,6648540,6590546,6503611,6612775,6588179,6518854,6556616,6513883,6534928,6412420
199,0,1,3,6738364,6710853,6589977,6636142,6570219,6616941,6613863,6587413,6670307,6563437,6661865,6603274,6516504,6625860,6601267,6531818,6570040,6526863,6547725,6425346
200,31,1,3,6726653,6699213,6578451,6623999,6558098,6605138,6601255,6575366,6657770,6551435,6649695,6590700,6504364,6613021,6588428,6518873,6556938,6514317,6535005,6413351
201,0,1,3,6738600,6711095,6590305,6636427,6570391,6616585,6614280,6587110,6670460,6563446,6662352,6603086,6516373,6625394,6600440,6532274,6569715,6527098,6547535,6425902
202,31,1,3,6727058,6699581,6578595,6624685,6559190,6605588,6602996,6575402,6658224,6551515,6649853,6591022,6504445,6613590,6589231,6520589,6557629,6515068,6536127,6414393
203,0,1,3,6739574,6711385,6590450,6636583,6570906,6617900,6614344,6587619,6670779,6563637,6662979,6603905,6516665,6626455,6601285,6533411,6570550,6528155,6548632,6426914
204,31,1,3,6726696,6698928,6578052,6623880,6557323,6604781,6601907,6575598,6658400,6551555,6649923,6591348,6504143,6613266,6588324,6520343,6556643,6515208,6535662,6413591
205,0,1,3,6739528,6710845,6590248,6636374,6570421,6616810,6613174,6588194,6671668,6564173,6662983,6603506,6516147,6625498,6600815,6532568,6569783,6528303,6547819,6425398
206,31,1,3,6726354,6697777,6577826,6622860,6557828,6603782,6600719,6575271,6658016,6550662,6649804,6590382,6502991,6612362,6586934,6518709,6555789,6514090,6534308,6412746
207,0,1,3,6738911,6710057,6590582,6635599,6570071,6616803,6613027,6587755,6670733,6563750,6662614,6603421,6516202,6624893,6600230,6532168,6569367,6527981,6547408,6425269
208,31,1,3,6727044,6697992,6578911,6624053,6558374,6605068,6601683,6575918,6658465,6552141,6650225,6590818,6503680,6612173,6587380,6519663,6556694,6515308,6534634,6414032
209,0,1,3,6738578,6710164,6590382,6636054,6569811,6617040,6613646,6588190,6670832,6564100,6662634,6602960,6516218,6624282,6600247,6532704,6569485,6527797,6547550,6426575
210,31,1,3,6727209,6698246,6578477,6623682,6558009,6604854,6601545,6575766,6658154,6551280,6649219,6590513,6504834,6611637,6587888,6520076,6556774,6515608,6534694,6414033
211,0,1,3,6738580,6710680,6590136,6635220,6570030,6616981,6613748,6588186,6670500,6563139,6661965,6602974,6516367,6623847,6600486,6532376,6568874,6528303,6547205,6425534
212,31,1,3,6727507,6699537,6578329,6623663,6559293,6605350,6602296,6576177,6658701,6551486,6650130,6591376,6504607,6613274,6589356,6520319,6557121,6516263,6535214,6414203
213,0,1,3,6739226,6711150,6589656,6635743,6571116,6617851,6613872,6587628,6670187,6563529,6662823,6603242,6516755,6624250,6601058,6532054,6569218,6528344,6547084,6426845
214,31,1,3,6727105,6698984,6578047,6624113,6559281,6606115,6602069,6576147,6657643,6550511,6650290,6591443,6504357,6612081,6587760,6519451,6556836,6516005,6534803,6414393
215,0,1,3,6739085,6710552,6590348,6636159,6570783,6617957,6613521,6588868,6669913,6563791,6662452,6603901,6516961,6625238,6601773,6532146,6568657,6527641,6547885,6426615
216,31,1,3,6726513,6698140,6578328,6623492,6558679,6605151,6601368,6576370,6657276,6551086,6649067,6590786,6504401,6612823,6588143,6519484,6556142,6515081,6534323,6413406
217,0,1,3,6739475,6711394,6591275,6636085,6571490,6617927,6614494,6589803,6671249,6565118,6662557,6604606,6518107,6626277,6602680,6533262,6569646,6529862,6548650,6426725
218,31,1,3,6727257,6698549,6578173,6623243,6558768,6605961,6601743,6576660,6658742,6552631,6650086,6591425,6505782,6613446,6589710,6520209,6555901,6516224,6535802,6413839
219,0,1,3,6739928,6710764,6590356,6636350,6570612,6617819,6613245,6589266,6671127,6564428,6663690,6603661,6517971,6626175,6601677,6532985,6569132,6528924,6547990,6426922
220,31,1,3,6727436,6698405,6578660,6624069,6558254,6605910,6601360,6575903,6658439,6551541,6649881,6590894,6505215,6613189,6588989,6520763,6556129,6516094,6535173,6414094
221,0,1,3,6739566,6711518,6590714,6636253,6571268,6618370,6613469,6587824,6671096,6563815,6662826,6603482,6516990,6625660,6601662,6533501,6569751,6528953,6548580,6426903
222,31,1,3,6727521,6699018,6578948,6624549,6558725,6606193,6600978,6574809,6658414,6551643,6650590,6591443,6505304,6612693,6589133,6521142,6556568,6515569,6535701,6414844
223,0,1,3,6740130,6711985,6591267,6637489,6571622,6619298,6614314,6588591,6671515,6564462,6663430,6604346,6518627,6626199,6602240,6534026,6570893,6529549,6549078,6428026
224,31,1,3,6726672,6698790,6577212,6623731,6557943,6604364,6600772,6575134,6657848,6551146,6648845,6591163,6504966,6612474,6587806,6520406,6556699,6515511,6535373,6414225
225,0,1,3,6739024,6710849,6589425,6635844,6569765,6616114,6612817,6586980,6670325,6563271,6661603,6603678,6516377,6625016,6599926,6533247,6569186,6527655,6548261,6426096
226,31,1,3,6727349,6698901,6577601,6623888,6557903,6604598,6600644,6575215,6657628,6551142,6648961,6591348,6504036,6612932,6587517,6520818,6557180,6515426,6535875,6414376
227,0,1,3,6739137,6710899,6589699,6635948,6570255,6616921,6612883,6587585,6669901,6563519,6662091,6603743,6516747,6624570,6599379,6533597,6569688,6527777,6548332,6425894
228,31,1,3,6726941,6699398,6578534,6624721,6558526,6605922,6601284,6575736,6658181,6551618,6649959,6591885,6505300,6612931,6588307,6520781,6557780,6516300,6536007,6414765
229,0,1,3,6739245,6710692,6589881,6636098,6569535,6617469,6612943,6587925,6669890,6563531,6661719,6603337,6516995,6624859,6600145,6532444,6569582,6527715,6547442,6426087
230,31,1,3,6728565,6699455,6579159,6624225,6558899,6606204,6601875,6577410,6658443,6552812,6650231,6592329,6505744,6614035,6589207,6521382,6558097,6516236,6536518,6415324
231,0,1,3,6740331,6710879,6590624,6636308,6570041,6618298,6613325,6589252,6670608,6565264,6662309,6604161,6516717,6625813,6601142,6534093,6570520,6528371,6549668,6426979
232,31,1,3,6726986,6698036,6577576,6623353,6557629,6605095,6600162,6575555,6657576,6551902,6648886,6590735,6503634,6612916,6587276,6520220,6556680,6514861,6535750,6413665
233,0,1,3,6739265,6710033,6590289,6636360,6570416,6617509,6612865,6587978,6670397,6564740,6662387,6603527,6516469,6624876,6600504,6533158,6570374,6527623,6549461,6426930
234,31,1,3,6726395,6698310,6578105,6623899,6558188,6605202,6600584,6575674,6658463,6551937,6649256,6591004,6504491,6612579,6587757,6520329,6557527,6514820,6536251,6414298
235,0,1,3,6738411,6711549,6590310,6636548,6570917,6617939,6613857,6588704,6671292,6564955,6662351,6604145,6517289,6624884,6601199,6533652,6570937,6527545,6549073,6426841
236,31,1,3,6726628,6698208,6578347,6623658,6558549,6605383,6600850,6576316,6658359,6551667,6650219,6591721,6504644,6612618,6588040,6520625,6557569,6515175,6536060,6414708
237,0,1,3,6738904,6710912,6590427,6636527,6570421,6618017,6613529,6587844,6671370,6565158,6662748,6603988,6517020,6625378,6600978,6533353,6570609,6528669,6548754,6426960
238,31,1,3,6726804,6698118,6578756,6623948,6557875,6605490,6601168,6575029,6658602,6552105,6649675,6590662,6505151,6612582,6588407,6520368,6557486,6515094,6535741,6413971
239,0,1,3,6739221,6710361,6590723,6635905,6569331,6618010,6612582,6586977,6670548,6563478,6662128,6602640,6517033,6624801,6601385,6533030,6570265,6527278,6548112,6426206
240,31,1,3,6728093,6698555,6578842,6623892,6557668,6605989,6600692,6575890,6658613,6551724,6649279,6590599,6504922,6613692,6589007,6520729,6557576,6515764,6535539,6414091
241,0,1,3,6739874,6711057,6590307,6636467,6568890,6618299,6612857,6587494,6670458,6564447,6662250,6603292,6517096,6625072,6600756,6533214,6569296,6528293,6547906,6426380
242,31,1,3,6727039,6698900,6577911,6623611,6556629,6605621,6600698,6575010,6657882,6551022,6648952,6590553,6504610,6612838,6587969,6520066,6556656,6515575,6535231,6413612
243,0,1,3,6739718,6711968,6590476,6636105,6569252,6618790,6613284,6587872,6670909,6564152,6662193,6603551,6516729,6625727,6601255,6533660,6569912,6528245,6547951,6426133
244,31,1,3,6726650,6698433,6577464,6622620,6556516,6604378,6600123,6574567,6657081,6551393,6648258,6589527,6503265,6612522,6587851,6520376,6555766,6514237,6534406,6412761
245,0,1,3,6739109,6711398,6590683,6635521,6569387,6617190,6613101,6587738,6670564,6564264,6662074,6603277,6516346,6625254,6601546,6533872,6569213,6527336,6547987,6425982
246,31,1,3,6725816,6698766,6578048,6622576,6556423,6604362,6600259,6574513,6657615,6551272,6647874,6589961,6502864,6611323,6587579,6519979,6555301,6513405,6534398,6413301
247,0,1,3,6740040,6711726,6590058,6636204,6569465,6617882,6613756,6587557,6670782,6564796,6662025,6603290,6516763,6624973,6601343,6533448,6569032,6527127,6547918,6426772
248,31,1,3,6727302,6698946,6577335,6623333,6557497,6605197,6600469,6574597,6657376,6551157,6648430,6589750,6504298,6612055,6587631,6519864,6555606,6514992,6534338,6414059
249,0,1,3,6740137,6712409,6589844,6636436,6570260,6618181,6613304,6587260,6670948,6564411,6662627,6603025,6517152,6625079,6601400,6533298,6570084,6528338,6548394,6427010
250,31,1,3,6727836,6699722,6577868,6623831,6557848,6605620,6600870,6574364,6657972,6551736,6649329,6590879,6504702,6612770,6588937,6519829,6557112,6515640,6534994,6414043
251,0,1,3,6739055,6709858,6589068,6635189,6568702,6616780,6612079,6586059,6669519,6563206,6661253,6602395,6515972,6623340,6600505,6532084,6568826,6527102,6546654,6424956
252,31,1,3,6727300,6698415,6577496,6623698,6557238,6604582,6600036,6574416,6657612,6551566,6648990,6590452,6503749,6612148,6588585,6519985,6557244,6515397,6534777,6413632
253,0,1,3,6738983,6711418,6589401,6635707,6568892,6616729,6611979,6586555,6669906,6563454,6661191,6602677,6515997,6624119,6601099,6532650,6569715,6527429,6547500,6425651
254,31,1,3,6726684,6699171,6577395,6624043,6556296,6604804,6600296,6573700,6657330,6550645,6648541,6590606,6504162,6612109,6587801,6519820,6557275,6513894,6534681,6413683
255,0,1,3,6741075,6712516,6590498,6636932,6569407,6618128,6614101,6587423,6671023,6564237,6662936,6604360,6517459,6625295,6600759,6533622,6570552,6527711,6549432,6427105
256,31,1,3,6727034,6699665,6577399,6623423,6556495,6604572,6599614,6574455,6657978,6549698,6649141,6591006,6503984,6612055,6587388,6519877,6556588,6514520,6535609,6413420
257,0,1,3,6738785,6712052,6589542,6636118,6568840,6616628,6612394,6586992,6670097,6562374,6662344,6602529,6516077,6624432,6600191,6533104,6568997,6526970,6548422,6425571
258,31,1,3,6727910,6700578,6578714,6625602,6558148,6606026,6601752,6575198,6659702,6550641,6650182,6591289,6505233,6612963,6588838,6521474,6557581,6515746,6536924,6414546
259,0,1,3,6739854,6712109,6589899,6636338,6569652,6617704,6612851,6586984,6670768,6562850,6662352,6603019,6517016,6624361,6599708,6534146,6570199,6528064,6548545,6426091
260,31,1,3,6727826,6699644,6578322,6624384,6558486,6605533,6600354,6574870,6658250,6550556,6649766,6590249,6505424,6612519,6586711,6521502,6557176,6514775,6535978,6414343
261,0,1,3,6739549,6711896,6589943,6636697,6569965,6617976,6612431,6587757,6670908,6562897,6662477,6602917,6517318,6624637,6600254,6534087,6569976,6526834,6549153,6426278
262,31,1,3,6727624,6699411,6578150,6623782,6557353,6605788,6600301,6575674,6657997,6549942,6649809,6590899,6504957,6612083,6588048,6520831,6556991,6514795,6536093,6414209
263,0,1,3,6738152,6710819,6589442,6635424,6568843,6617454,6611740,6586509,6669649,6562144,6662011,6602693,6516581,6623950,6599171,6532507,6569652,6526796,6547688,6425655
264,31,1,3,6726813,6699549,6578280,6624288,6557852,6605873,6600204,6575500,6658081,6550416,6649700,6591398,6504478,6612981,6588110,6520628,6557562,6514925,6536464,6414030
265,0,1,3,6739382,6711576,6589948,6636276,6569759,6618284,6612499,6588160,6670934,6563838,6662669,6603733,6516989,6625555,6599551,6533119,6570287,6527279,6549634,6426513
266,31,1,3,6726625,6698861,6577485,6623714,6557977,6606158,6600272,6575223,6658766,6550514,6649498,6590599,6504199,6612728,6586488,6519704,6556653,6514354,6536331,6413599
267,0,1,3,6739469,6711165,6589461,6636187,6570020,6618242,6612653,6587447,6671089,6563068,6662191,6603410,6517063,6625791,6599773,6532804,6569979,6526911,6549080,6426370
268,31,1,3,6726978,6699066,6577599,6623555,6557229,6605318,6600189,6574995,6658343,6550733,6649706,6591044,6504853,6613165,6588131,6520169,6556872,6514656,6536494,6414041
269,0,1,3,6738836,6711045,6589118,6635585,6568597,6617679,6612331,6587390,6670553,6563178,6662470,6603366,6517203,6626402,6600068,6532938,6569276,6527189,6548232,6426578
270,31,1,3,6725250,6698431,6577396,6623793,6556539,6605523,6598967,6574401,6657821,6549982,6649450,6590301,6504484,6613109,6587647,6518786,6556588,6514305,6535120,6413084
271,0,1,3,6737737,6711095,6590067,6635186,6569037,6618233,6611488,6586709,6670917,6562552,6662164,6602480,6516815,6625111,6599412,6531708,6569350,6526425,6547669,6425948
272,31,1,3,6726125,6699380,6577704,6623608,6557392,6606428,6600141,6575510,6658357,6550823,6648939,6590684,6504869,6612733,6587365,6519368,6557193,6514416,6535774,6414342
273,0,1,3,6739344,6711936,6590909,6636225,6569242,6619003,6613233,6588788,6671242,6563062,6662647,6603607,6518490,6626526,6600534,6533539,6570463,6528035,6549232,6427872
274,31,1,3,6726063,6698887,6577948,6623467,6556924,6605948,6599048,6575302,6658183,6549898,6649150,6590070,6504825,6612494,6587241,6519849,6556124,6514124,6535152,6414608
275,0,1,3,6738770,6711675,6590536,6636394,6569245,6618277,6612710,6588135,6671965,6563432,6662115,6603077,6516795,6625210,6601102,6533446,6569499,6527390,6548972,6427443
276,31,1,3,6726448,6699388,6578165,6624243,6556710,6606199,6599792,6575923,6658751,6550401,6649549,6589979,6504976,6613202,6588663,6520002,6556776,6514712,6536073,6414588
277,0,1,3,6739319,6712104,6590089,6636399,6569369,6618566,6612433,6588110,6670622,6563517,6662595,6602789,6517677,6625567,6601169,6532815,6569987,6527795,6548364,6426994
278,31,1,3,6726522,6698923,6577574,6622837,6556203,6605004,6599242,6575305,6656994,6549551,6648836,6588886,6504777,6612462,6588126,6519229,6556225,6513141,6534974,6413771
279,0,1,3,6738888,6711730,6590238,6635634,6568912,6617951,6612467,6587639,6670010,6562576,6661651,6602221,6517849,6625457,6600967,6533268,6569814,6527190,6547937,6427156
280,31,1,3,6726838,6699513,6577645,6623779,6557317,6606438,6600372,6575782,6658317,6550241,6649409,6589576,6505552,6612870,6588128,6520397,6556623,6514918,6535711,6414784
281,0,1,3,6738910,6711962,6589746,6636203,6569594,6618488,6612372,6587634,6670238,6563303,6662074,6602528,6516740,6625861,6599943,6532942,6569243,6526819,6548680,6426862
282,31,1,3,6726594,6698858,6578139,6623760,6557327,6606218,6600012,6575766,6657588,6550321,6649575,6590173,6505075,6612434,6588325,6520171,6557078,6513895,6535991,6414944
283,0,1,3,6738895,6711559,6590248,6635908,6569285,6618434,6612280,6588073,6670956,6562694,6661586,6602527,6517560,6625527,6600648,6533044,6569911,6526536,6549202,6426451
284,31,1,3,6726534,6699077,6578527,6624066,6556954,6605713,6599520,6575865,6658364,6550377,6648878,6590131,6505663,6612515,6588324,6519673,6557046,6514192,6536183,6414128
285,0,1,3,6738890,6711119,6589898,6636634,6569647,6617129,6611439,6588119,6670277,6563206,6660055,6602466,6517468,6624897,6600833,6533448,6570223,6526914,6547941,6426448
286,31,1,3,6726678,6698343,6577804,6623963,6557378,6604943,6599453,6575728,6657930,6550241,6647467,6590453,6505222,6613393,6587490,6520289,6557356,6514276,6535624,6414541
287,0,1,3,6738728,6710538,6588975,6635221,6569685,6616712,6611471,6587801,6669749,6562664,6659776,6602577,6516665,6624913,6599525,6531861,6569826,6526746,6547295,6426021
288,31,1,3,6725733,6697347,6576807,6623114,6556427,6604361,6599397,6575104,6657199,6549201,6647643,6589941,6503924,6612717,6587156,6519095,6556728,6513455,6533871,6413618
289,0,1,3,6738228,6709946,6589193,6635585,6568586,6616750,6611470,6587654,6669542,6561290,6660757,6602539,6516570,6625371,6600432,6531529,6568774,6526535,6546656,6426242
290,31,1,3,6727176,6698509,6577525,6624420,6556982,6605799,6599702,6576148,6657169,6549812,6648815,6590197,6505276,6613709,6588329,6519247,6556753,6514476,6534908,6414991
291,0,1,3,6739576,6711115,6590281,6636758,6568931,6618153,6612264,6588660,6669806,6562278,6661964,6602593,6517862,6626319,6601396,6532183,6569867,6527805,6547941,6427601
292,31,1,3,6727337,6698462,6577975,6624356,6556614,6605175,6599414,6575581,6657151,6549793,6648443,6590798,6504648,6613206,6587195,6519137,6556595,6514321,6534493,6414530
293,0,1,3,6738499,6709991,6588919,6635406,6568806,6617068,6611239,6586637,6668735,6561728,6660149,6602040,6516338,6624910,6599325,6532000,6569301,6526090,6546749,6426813
294,31,1,3,6727104,6698628,6577441,6623665,6557022,6604975,6599447,6574864,6656516,6549468,6647877,6589714,6504191,6612550,6588106,6519603,6556467,6513400,6534871,6414312
295,0,1,3,6739836,6710571,6589465,6635989,6568574,6616698,6611712,6587445,6669323,6562434,6660757,6601976,6516183,6624348,6600678,6532719,6570132,6525968,6547271,6426266
296,31,1,3,6726960,6698615,6577624,6623619,6556665,6605167,6600125,6574890,6657642,6549412,6647818,6589507,6504308,6611740,6587762,6519543,6556911,6513401,6534437,6413631
297,0,1,3,6738684,6710366,6589967,6635836,6568152,6616994,6611897,6587039,6669647,6561814,6660056,6601610,6516538,6623350,6599939,6532023,6569913,6526095,6546626,6426324
298,31,1,3,6726515,6698535,6577448,6623383,6556100,6604187,6598952,6574434,6656800,6549540,6647164,6589045,6504033,6611882,6586847,6518693,6556552,6513037,6533729,6413158
299,0,1,3,6738270,6710842,6589699,6635216,6568088,6616754,6611274,6586846,6669658,6561201,6659856,6600949,6516340,6624253,6599067,6531859,6569255,6526450,6546745,6425781
300,31,1,3,6725984,6698588,6577649,6622274,6555788,6604068,6598506,6574172,6656996,6548895,6647176,6588584,6503240,6612685,6586624,6518940,6556412,6513652,6533843,6413111
301,0,1,3,6739201,6710571,6589634,6635322,6568305,6616911,6611719,6587247,6669766,6561980,6660936,6601361,6515850,6624854,6599789,6532111,6569699,6526150,6546802,6427097
302,31,1,3,6726468,6698511,6577855,6623140,6555858,6604798,6598686,6575052,6657196,6550009,6647648,6588613,6503573,6612494,6587285,6519773,6556772,6513425,6533806,6413959
303,0,1,3,6737862,6710103,6589149,6634998,6567310,6616765,6611896,6586592,6668929,6561636,6659925,6601121,6515660,6623833,6599661,6532059,6568928,6525771,6545853,6425940
304,31,1,3,6726030,6697936,6577475,6623082,6555544,6604240,6598995,6573950,6656821,6549351,6647389,6589054,6503023,6610667,6586775,6519378,6556209,6513392,6533105,6413941
305,0,1,3,6738514,6710857,6590535,6635820,6568667,6617011,6611819,6586781,6670004,6563357,6661082,6602221,6516690,6623937,6599584,6532457,6569970,6526433,6546789,6427317
306,31,1,3,6726623,6698740,6578285,6623552,6556657,6605135,6599562,6574145,6656995,6550552,6648235,6589799,6504408,6612168,6587504,6520095,6557514,6513944,6534441,6414363
307,0,1,3,6739530,6711726,6590964,6636656,6569692,6617677,6612453,6587143,6669830,6563320,6661566,6603276,6517230,6625648,6599836,6533435,6571019,6527324,6547744,6427317
308,31,1,3,6726768,6699224,6578310,6623196,6556650,6605562,6599493,6574730,6656713,6549622,6648070,6589574,6504785,6612805,6587208,6519246,6557166,6513547,6534185,6413546
309,0,1,3,6739478,6711776,6591007,6635963,6569216,6617819,6612991,6587181,6669886,6562755,6661630,6602221,6517306,6624586,6599885,6533108,6569919,6526906,6547416,6426846
310,31,1,3,6727537,6699361,6579090,6623552,6557197,6604927,6600849,6575385,6657627,6550518,6648911,6589986,6505359,6611982,6587774,6520256,6557846,6514201,6534894,6414822
311,0,1,3,6739777,6710703,6590825,6636643,6568922,6616564,6612738,6587211,6670267,6562815,6661573,6602840,6516794,6625103,6600461,6533323,6569951,6525985,6547422,6426599
312,31,1,3,6727342,6699084,6578606,6624381,6557073,6605054,6600990,6574523,6657491,6549599,6648621,6590362,6504275,6612407,6588422,6520049,6557164,6514435,6535053,6414043
313,0,1,3,6739174,6711129,6590821,6636068,6569162,6617203,6612664,6585841,6670094,6563558,6660877,6602642,6516644,6625185,6600430,6532695,6569703,6526224,6547165,6426407
314,31,1,3,6727416,6699143,6578769,6623960,6557117,6604928,6600540,6574704,6657826,6550626,6648624,6590508,6505228,6612587,6588449,6520069,6556685,6514035,6534651,6413907
315,0,1,3,6738834,6711396,6590543,6635499,6568427,6616593,6612443,6585876,6669466,6562474,6660523,6602541,6516647,6625045,6600062,6532046,6568904,6526647,6546919,6425921
316,31,1,3,6726469,6699553,6578503,6623069,6556004,6604345,6600274,6573618,6656894,6549322,6647774,6589824,6504195,6612147,6587066,6518865,6555914,6513561,6534445,6413851
317,0,1,3,6739169,6712469,6590704,6636089,6569117,6617317,6613354,6586507,6670584,6562713,6661424,6603352,6517348,6624913,6600160,6532363,6569461,6526841,6548213,6426519
318,31,1,3,6726979,6699883,6579227,6624074,6556763,6605477,6600496,6574514,6657917,6551089,6649262,6590777,6504869,6611847,6588174,6519561,6556922,6513188,6534837,6415112
319,0,1,3,6738717,6711284,6591383,6635970,6568818,6617061,6612525,6586739,6670330,6563385,6661304,6602915,6516826,6624917,6599483,6532212,6569842,6526019,6547347,6427182
320,31,1,3,6726627,6699862,6578847,6623989,6557093,6605464,6600844,6574713,6657999,6550692,6648715,6590874,6504931,6612035,6587939,6520305,6557431,6514230,6534054,6415392
321,0,1,3,6739495,6711415,6591168,6636205,6569248,6617742,6612724,6586530,6670322,6563441,6661050,6603232,6516366,6624446,6601493,6532582,6569764,6526398,6546442,6426674
322,31,1,3,6726990,6698452,6577915,6623478,6556193,6605192,6600218,6573937,6656970,6549888,6647962,6589955,6504213,6612142,6587484,6518535,6555716,6514156,6533232,6413257
323,0,1,3,6738887,6710642,6590331,6635018,6568448,6618854,6612715,6586385,6670189,6562566,6661177,6603178,6516852,6625345,6600200,6532083,6568987,6526451,6547052,6426006
324,31,1,3,6725217,6698390,6577607,6622046,6555826,6605022,6600011,6573414,6656716,6549161,6647980,6589631,6503573,6611779,6587033,6518899,6554847,6513660,6532912,6413952
325,0,1,3,6737989,6711648,6591026,6635926,6568624,6618119,6613641,6586617,6670444,6563210,6662372,6602610,6517885,6625425,6600934,6532893,6568940,6527475,6546831,6426878
326,31,1,3,6725570,6698255,6578110,6623263,6556764,6604783,6600850,6574233,6657770,6549918,6648492,6589880,6504274,6611852,6587799,6519245,6554912,6514345,6533068,6414317
327,0,1,3,6737928,6710483,6590352,6635714,6568688,6617716,6612804,6586424,6670315,6562521,6661693,6602893,6516357,6625141,6600427,6532610,6568556,6527120,6546054,6426290
328,31,1,3,6726893,6699349,6579259,6623183,6557278,6605810,6600475,6574435,6658129,6550613,6649886,6591003,6504423,6612739,6588377,6520235,6556476,6514967,6533802,6413953
329,0,1,3,6737461,6710632,6589809,6634494,6568146,6615832,6611577,6585562,6669856,6562347,6660782,6602279,6515731,6623802,6599473,6532171,6568570,6526523,6545360,6425684
330,31,1,3,6725413,6698283,6577207,6621765,6556149,6604327,6599355,6573738,6657279,6549812,6647909,6589485,6503339,6611035,6586997,6518460,6556037,6514140,6532533,6412982
331,0,1,3,6737479,6710047,6589736,6634235,6568416,6616580,6612088,6585588,6669613,6562269,6660473,6601763,6515802,6623701,6599561,6531459,6568564,6526728,6545328,6425532
332,31,1,3,6725623,6698848,6578315,6622393,6556775,6604856,6599714,6573601,6657996,6550497,6648612,6589826,6503437,6612492,6587262,6519491,6555769,6514280,6533771,6414153
333,0,1,3,6739412,6711590,6590580,6635849,6569220,6617618,6613080,6586581,6670608,6563017,6661451,6603279,6516173,6624623,6600365,6533381,6569165,6527183,6546869,6427069
334,31,1,3,6726708,6698690,6577879,6622768,6555648,6604736,6600370,6573850,6656835,6550413,6647675,6589824,6503506,6611071,6587113,6519678,6555497,6514289,6533327,6413811
335,0,1,3,6738198,6710693,6589334,6635372,6567525,6617257,6612874,6586119,6670185,6562819,6660530,6601651,6515617,6623655,6599716,6532840,6568062,6526991,6546588,6426262
336,31,1,3,6726373,6698233,6577743,6623093,6555768,6605428,6601007,6573941,6657676,6550432,6648433,6589926,6504233,6611887,6586988,6519943,6556430,6514731,6534385,6414753
337,0,1,3,6739062,6711446,6590755,6635784,6568701,6618044,6614158,6586851,6670792,6563534,6662522,6603336,6517038,6625109,6599968,6533658,6569838,6527224,6546894,6427448
338,31,1,3,6725808,6698800,6577774,6622556,6555785,6604584,6600825,6573737,6657204,6550323,6648525,6590271,6503900,6611578,6586295,6519961,6556808,6513276,6533851,6414406
339,0,1,3,6738745,6710549,6589620,6635029,6567787,6616773,6612717,6586033,6669437,6563112,6661985,6603059,6516624,6624089,6599518,6533392,6569785,6526924,6545986,6426776
340,31,1,3,6725387,6697556,6577207,6622558,6555493,6604147,6600074,6573256,6656375,6550023,6648674,6590067,6503482,6612284,6586668,6519633,6556163,6513925,6533539,6412790
341,0,1,3,6738669,6710184,6590048,6635168,6568182,6617644,6612890,6586479,6669394,6563622,6662324,6603196,6516461,6625137,6600953,6532695,6570362,6527484,6546208,6426539
342,31,1,3,6726100,6697346,6578070,6621733,6555665,6604518,6599492,6573593,6656311,6550994,6648617,6590006,6503663,6612381,6587142,6519863,6556332,6514427,6532883,6414123
343,0,1,3,6738751,6710867,6590548,6634912,6568194,6616964,6611941,6586823,6669929,6563919,6662315,6602927,6516371,6626154,6599873,6533340,6570387,6527462,6546845,6426220
344,31,1,3,6727473,6699289,6578847,6622517,6555999,6605070,6600723,6574532,6658103,6551838,6649456,6590689,6504441,6613862,6587991,6520910,6557946,6515604,6534502,6414536
345,0,1,3,6738931,6711354,6590400,6634646,6568140,6616891,6612433,6586099,6670622,6563052,6661893,6602599,6516325,6625324,6600326,6532947,6569336,6527376,6546593,6426573
346,31,1,3,6726758,6699355,6578537,6622666,6556107,6604198,6599901,6573558,6657548,6550642,6648858,6590200,6504075,6613025,6587198,6520020,6557018,6514792,6534650,6414203
347,0,1,3,6739638,6711293,6591167,6635602,6568664,6617838,6613680,6585886,6670627,6563917,6662446,6603389,6516695,6625911,6601199,6532714,6570043,6527686,6547736,6426703
348,31,1,3,6725788,6698376,6577241,6621846,6555754,6604414,6599885,6573081,6656524,6550141,6648331,6589230,6502924,6612752,6587156,6518717,6556461,6513734,6533270,6412704
349,0,1,3,6738022,6710769,6590017,6634398,6568516,6616576,6613022,6586292,6669683,6563289,6661747,6602088,6516006,6625908,6600344,6531965,6570586,6526488,6546392,6425515
350,31,1,3,6726700,6698992,6578748,6623042,6556797,6605095,6601310,6574281,6657442,6550962,6649027,6590240,6504002,6613693,6588413,6519910,6557930,6514403,6534528,6413743
351,0,1,3,6737975,6711874,6590625,6634964,6568370,6617539,6612828,6586312,6669637,6562981,6661548,6602578,6516271,6626158,6600335,6532461,6570635,6527276,6546989,6425707
352,31,1,3,6725360,6699499,6577913,6622952,6555176,6604496,6599932,6573095,6656523,6549344,6648497,6589679,6503322,6612921,6587297,6518983,6555803,6513944,6533867,6413280
353,0,1,3,6737727,6712538,6590853,6635739,6568419,6617503,6613023,6586556,6669351,6562574,6661592,6603109,6516150,6625099,6600834,6533040,6570448,6527224,6547684,6427222
354,31,1,3,6725954,6700190,6578196,6623374,6556931,6604985,6600819,6574558,6657197,6550372,6649612,6590626,6504090,6613303,6588289,6519940,6557504,6514525,6534764,6414563
355,0,1,3,6738340,6711908,6589842,6634527,6568531,6616488,6612710,6585950,6669490,6562068,6661645,6602164,6516221,6625461,6600591,6532256,6569066,6526382,6546352,6426892
356,31,1,3,6726993,6700191,6578522,6623669,6556908,6605330,6600680,6574383,6657833,6551181,6649406,6590197,6504828,6613422,6587797,6519818,6556830,6514507,6534260,6414285
357,0,1,3,6739250,6712204,6590842,6636343,6569493,6617830,6613265,6586702,6670319,6564192,6662471,6603397,6517610,6626023,6601159,6532846,6569699,6527494,6547416,6426778
358,31,1,3,6725485,6698923,6577785,6623561,6556622,6604593,6600505,6574035,6656950,6551281,6649498,6589827,6504761,6613610,6588135,6519230,6555947,6514651,6533854,6413285
359,0,1,3,6738570,6711734,6590482,6636094,6568913,6617303,6613392,6586989,6668967,6563256,6662882,6602767,6516932,6626148,6601744,6532550,6569891,6527852,6548064,6426403
360,31,1,3,6726000,6699276,6578129,6623300,6556047,6604324,6601343,6573725,6656271,6550469,6648920,6590126,6504415,6613127,6587489,6519216,6556396,6514332,6535357,6413867
361,0,1,3,6739308,6712391,6590492,6635587,6568424,6616971,6613877,6586911,6669371,6564000,6662390,6602781,6517425,6626153,6601215,6533381,6570229,6527644,6548310,6426896
362,31,1,3,6726825,6699491,6578172,6622200,6555634,6603590,6600982,6574098,6656527,6550191,6648235,6589895,6504287,6612694,6587939,6520086,6556481,6513821,6534845,6413425
363,0,1,3,6739176,6711404,6590334,6634836,6567998,6616454,6613668,6585983,6669302,6562776,6661005,6602420,6516975,6625652,6600178,6533045,6569207,6526860,6546881,6425537
364,31,1,3,6726173,6698252,6577382,6621351,6555296,6603628,6600513,6572735,6656143,6549938,6647461,6589462,6503985,6611669,6586883,6519360,6555287,6513795,6533729,6413182
365,0,1,3,6739066,6710854,6589594,6634246,6568860,6616532,6613104,6585990,6669177,6562965,6660806,6602004,6516776,6623910,6599903,6532491,6569168,6526193,6547229,6425987
366,31,1,3,6727185,6699225,6577744,6622346,6556888,6604851,6600889,6573803,6656737,6550011,6648379,6589719,6505237,6611958,6587089,6520238,6556189,6513937,6534783,6413992
367,0,1,3,6740187,6711885,6591280,6634827,6569775,6618238,6614033,6587155,6670396,6563911,6662252,6603601,6518434,6625817,6600359,6533801,6570168,6527703,6548357,6427225
368,31,1,3,6727780,6699821,6578461,6622549,6557706,6605975,6602333,6574530,6658262,6550809,6649168,6590910,6506175,6613469,6587424,6520382,6557641,6514910,6534717,6414232
369,0,1,3,6739083,6711511,6591273,6634607,6570078,6617726,6614461,6586726,6670677,6563783,6662683,6603200,6518543,6626456,6600353,6532922,6570856,6527524,6547561,6426674
370,31,1,3,6726049,6698955,6579594,6622606,6558036,6605618,6602476,6574640,6657590,6550987,6649247,6590332,6506065,6613267,6588211,6520360,6557540,6514429,6534488,6413847
371,0,1,3,6738636,6710742,6591112,6634636,6569119,6617918,6615208,6587768,6670049,6563564,6662119,6603046,6518156,6625797,6600603,6533463,6570427,6527613,6547069,6426386
372,31,1,3,6727490,6698679,6579240,6622837,6557415,6605573,6603468,6575144,6657404,6550812,6648581,6590710,6506012,6612602,6587553,6521014,6557893,6514518,6534820,6414680
373,0,1,3,6739035,6710676,6589795,6635280,6569424,6616928,6614309,6586596,6668880,6562565,6660502,6602222,6517794,6624842,6599236,6533100,6569453,6526354,6546595,6426246
374,31,1,3,6727668,6698937,6578480,6623159,6557567,6605457,6602582,6574388,6657605,6550650,6648249,6590513,6506748,6611835,6587505,6521049,6557013,6514187,6533839,6413805
375,0,1,3,6738608,6711098,6590124,6634484,6568911,6616762,6613752,6586666,6669338,6561979,6660400,6602050,6518235,6624330,6599843,6533900,6569289,6525663,6545925,6425692
376,31,1,3,6727783,6699285,6579422,6624163,6558187,6605490,6603046,6575395,6657739,6551112,6648896,6590987,6507592,6613159,6588170,6521591,6556841,6514932,6535072,6414952
377,0,1,3,6739203,6711218,6590491,6635751,6569028,6617264,6614500,6586003,6669355,6562460,6660810,6602428,6518803,6624715,6599561,6532852,6568845,6526525,6547045,6426089
378,31,1,3,6727911,6699454,6578394,6624307,6557463,6605846,6602607,6574563,6657821,6551019,6648841,6590200,6507017,6613278,6587184,6520641,6557160,6515523,6534800,6414754
379,0,1,3,6739603,6712545,6590791,6636552,6569407,6618359,6614681,6586794,6670391,6563878,6661452,6602376,6519307,6625047,6599897,6533751,6570022,6527339,6547552,6427158
380,31,1,3,6726189,6699056,6577801,6623546,6556358,6604633,6601577,6573730,6657264,6550294,6647703,6589092,6505621,6612380,6586516,6520263,6555899,6513760,6533481,6413133
381,0,1,3,6739340,6712570,6590992,6636703,6568725,6618525,6614874,6587391,6670651,6563938,6661951,6602977,6519075,6625332,6600790,6534479,6570188,6528003,6547401,6426216
382,31,1,3,6727406,6700167,6579339,6624109,6556397,6606036,6602233,6575238,6657759,6550953,6649203,6590075,6506402,6612853,6587935,6521288,6557042,6514537,6534425,6414229
383,0,1,3,6738772,6711594,6591110,6634891,6568149,6617219,6614029,6586479,6669923,6562778,6661493,6602497,6518488,6624229,6599941,6533372,6568850,6527335,6546986,6425997
384,31,1,3,6726931,6699185,6579542,6623265,6556829,6606226,6602503,6575105,6658045,6550349,6649031,6590571,6506067,6612745,6588044,6521485,6556591,6514675,6535437,6415110
385,0,1,3,6739395,6711964,6591305,6635607,6569148,6618261,6614436,6587468,6670264,6563604,6662076,6603210,6518429,6625863,6600160,6534272,6569808,6527682,6547848,6427377
386,31,1,3,6726829,6699151,6578648,6623590,6557116,6605526,6602329,6574671,6657718,6551010,6648868,6590427,6506586,6613207,6587573,6520909,6556041,6514764,6534866,6414641
387,0,1,3,6737671,6710916,6589570,6634378,6568805,6616664,6613148,6586181,6668784,6562903,6660872,6601304,6517576,6624263,6599890,6532727,6568348,6526746,6546364,6426385
388,31,1,3,6726396,6699031,6578037,6621574,6556555,6604782,6601215,6574127,6656904,6550117,6648914,6589370,6505191,6611818,6587493,6520316,6555286,6513913,6533887,6414576
389,0,1,3,6738090,6711253,6589998,6634399,6568625,6616808,6613356,6586185,6669068,6562340,6661539,6601412,6516998,6624951,6600211,6533135,6568378,6526489,6547008,6426655
390,31,1,3,6726679,6700492,6578825,6623453,6557129,6605835,6602447,6575778,6657486,6550439,6650252,6589712,6505338,6613808,6588736,6520888,6556672,6514880,6534787,6414530
391,0,1,3,6737529,6711834,6590134,6634783,6568679,6617412,6614266,6586854,6669159,6562595,6661828,6601843,6516145,6624910,6600864,6532885,6568848,6526772,6546618,6426740
392,31,1,3,6725420,6698965,6577999,6622766,6556287,6603706,6601333,6574083,6656403,6549836,6648379,6589836,6504435,6612195,6588296,6519603,6554757,6513909,6534252,6413852
393,0,1,3,6738420,6711667,6590467,6635167,6568839,6615926,6614174,6586410,6669348,6562386,6661324,6602479,6517093,6625093,6600764,6532273,6567638,6526779,6547141,6426454
394,31,1,3,6726827,6699265,6577822,6622925,6556745,6603793,6601444,6574932,6657093,6549775,6648479,6590356,6504970,6612617,6587250,6520273,6555725,6513561,6534570,6413882
395,0,1,3,6739293,6711064,6590300,6634920,6568745,6616543,6613960,6587009,6669891,6562898,6661384,6603206,6517310,6625133,6600560,6533125,6569268,6526708,6547831,6426198
396,31,1,3,6727022,6699232,6578968,6623043,6556950,6604696,6601870,6575238,6657408,6550078,6648835,6590761,6504636,6613350,6588746,6520730,6555932,6514323,6535634,6415064
397,0,1,3,6738477,6711260,6590842,6635513,6568958,6616986,6614595,6587376,6669595,6562623,6661622,6602802,6517390,6625929,6601224,6533180,6568962,6526975,6548140,6427399
398,31,1,3,6726247,6698570,6578837,6623223,6556829,6604588,6602630,6574862,6657234,6550177,6648686,6589943,6505090,6613143,6588203,6520508,6555519,6514138,6534962,6414888
399,0,1,3,6738596,6710727,6590641,6635104,6568360,6616571,6614257,6587066,6669594,6562561,6661381,6602287,6516864,6625839,6600457,6533091,6568499,6526643,6547333,6426347
400,31,1,3,6726825,6697841,6578870,6622350,6556292,6604147,6601296,6573954,6656130,6549977,6647933,6589990,6503838,6612478,6587837,6519665,6554773,6514203,6534312,6413852
401,0,1,3,6739113,6709996,6591167,6634275,6568374,6616347,6613660,6586504,6668272,6562246,6659983,6601943,6516435,6624830,6600241,6532629,6568197,6526444,6546733,6425649
402,31,1,3,6726104,6697792,6578992,6622230,6556496,6603796,6601251,6573632,6655827,6549129,6647621,6589415,6503987,6612169,6586394,6519580,6554895,6513181,6533790,6412918
403,0,1,3,6738264,6709659,6590544,6634407,6568356,6616196,6614088,6586355,6668489,6561859,6660950,6601785,6516233,6624868,6599982,6532115,6567627,6525588,6546033,6425941
404,31,1,3,6726494,6697564,6577924,6621484,6555662,6603742,6600851,6574306,6656061,6549361,6647517,6589351,6503469,6612696,6586856,6518720,6555269,6513182,6532701,6413020
405,0,1,3,6739451,6709516,6590949,6633863,6568113,6616849,6613497,6586916,6669486,6561566,6660554,6602511,6516460,6625271,6599993,6532341,6568349,6526618,6546949,6425731
406,31,1,3,6726649,6696873,6578611,6621783,6556240,6603803,6600960,6574371,6656486,6548929,6647325,6589679,6503639,6612633,6586747,6518894,6555308,6513532,6533817,6413217
407,0,1,3,6738548,6709661,6590414,6635451,6568374,6616475,6612935,6586766,6669006,6562518,6660925,6601950,6515583,6625293,6600351,6531609,6567918,6526628,6546861,6425423
408,31,1,3,6725805,6697661,6577786,6622590,6555720,6603556,6600770,6573983,6656028,6549364,6647250,6589445,6502733,6612883,6586830,6518933,6554246,6513577,6533882,6412563
409,0,1,3,6738902,6710794,6590273,6635009,6568197,6615710,6613362,6586473,6668739,6562978,6660006,6602525,6515966,6625512,6599159,6532152,6567630,6525874,6546558,6425577
410,31,1,3,6726762,6698964,6578696,6623834,6557070,6604400,6602189,6575330,6656722,6550486,6648300,6590293,6503935,6613141,6587770,6520065,6555199,6513667,6534097,6413735
411,0,1,3,6739444,6711327,6591393,6636429,6570057,6617231,6613855,6587197,6669495,6563397,6661339,6603058,6516264,6625332,6600620,6532625,6568691,6527077,6547352,6426660
412,31,1,3,6727101,6699336,6579434,6624197,6557604,6605053,6602086,6575213,6657142,6550462,6648844,6590358,6504111,6613413,6587462,6519640,6555552,6514201,6534593,6414175
413,0,1,3,6739041,6710860,6590371,6635877,6568495,6616536,6613510,6587704,6669677,6562836,6661253,6602742,6516397,6626247,6600235,6532419,6568599,6526230,6547118,6426078
414,31,1,3,6727488,6699074,6579072,6623791,6557685,6604787,6602103,6576108,6657736,6551191,6649520,6590964,6504760,6614244,6588470,6520542,6556471,6515256,6534863,6414824
415,0,1,3,6739172,6710902,6590516,6635318,6568886,6617147,6613540,6587301,6669657,6562556,6661016,6603383,6516843,6625606,6600271,6532318,6568796,6527324,6546640,6426791
416,31,1,3,6727393,6698968,6578590,6623264,6556268,6605145,6600789,6574870,6657032,6550490,6648589,6590715,6504516,6613535,6588157,6519893,6556003,6515186,6534501,6414462
417,0,1,3,6737712,6710530,6589964,6634656,6568911,6617149,6613043,6586839,6669522,6562742,6660609,6602977,6517030,6625476,6600069,6532647,6568363,6527190,6547512,6426467
418,31,1,3,6724799,6698123,6577504,6621854,6555486,6604116,6600015,6574140,6656804,6549859,6647761,6589788,6503989,6612417,6586512,6519107,6554784,6513973,6533910,6413477
419,0,1,3,6737044,6709417,6589479,6634104,6567401,6616260,6613108,6585982,6669262,6562880,6660128,6602410,6515885,6626138,6599588,6531741,6567320,6526653,6547019,6425928
420,31,1,3,6725402,6697689,6578177,6622884,6555890,6605500,6601726,6574707,6657063,6550654,6647911,6590141,6504386,6613839,6588012,6519427,6555028,6514540,6534894,6414666
421,0,1,3,6737843,6711006,6590645,6634865,6568911,6617213,6613843,6587141,6669246,6563385,6660599,6602730,6516847,6626529,6600236,6532302,6568763,6527405,6546837,6427001
422,31,1,3,6725375,6698741,6578559,6622494,6556462,6604790,6600192,6573939,6656361,6550400,6647696,6589941,6504292,6613693,6587233,6519637,6555202,6514222,6534075,6413716
423,0,1,3,6738268,6710831,6589792,6633867,6568738,6616570,6611996,6585942,6668416,6562505,6660181,6601480,6516034,6625856,6598768,6531640,6566938,6526211,6546348,6426142
424,31,1,3,6726116,6698804,6578056,6621948,6556784,6604684,6600378,6574038,6656552,6550559,6648246,6589763,6504840,6614059,6587204,6519832,6554233,6514371,6534508,6414252
425,0,1,3,6738823,6711281,6590477,6633795,6569384,6617232,6613016,6587084,6669241,6562714,6661455,6602679,6517201,6626247,6600387,6533170,6567585,6526740,6546905,6427168
426,31,1,3,6726582,6699449,6578632,6622092,6556962,6605107,6600686,6574306,6656693,6551108,6648631,6590488,6504948,6614261,6588154,6520342,6554751,6513967,6534764,6414885
427,0,1,3,6738146,6711651,6590735,6635416,6569077,6618301,6613535,6587410,6669769,6563589,6661959,6603356,6517788,6626499,6601064,6533882,6568869,6527348,6548186,6427797
428,31,1,3,6725558,6699589,6578776,6622479,6555621,6605561,6600567,6574504,6656468,6550463,6648425,6590195,6504440,6612925,6587016,6519909,6554971,6513342,6535153,6414652
429,0,1,3,6738815,6712490,6591779,6636162,6569519,6618553,6614312,6588343,6669636,6563470,6661957,6604126,6517804,6625945,6600709,6533554,6569410,6527436,6548726,6428187
430,31,1,3,6726783,6699282,6578731,6622755,6556932,6606047,6601251,6575717,6657227,6550534,6648340,6591318,6505262,6612814,6588288,6520374,6555789,6513970,6535304,6415676
431,0,1,3,6737887,6710931,6590884,6635292,6568183,6617074,6612824,6587404,6669091,6562066,6661046,6602592,6517063,6626458,6600191,6532713,6568089,6526186,6547074,6427289
432,31,1,3,6726477,6699319,6578846,6622827,6556651,6604947,6600317,6575553,6657064,6549687,6648453,6590971,6504354,6614283,6588720,6519800,6555469,6513867,6534733,6415014
433,0,1,3,6739347,6712093,6590958,6635371,6568498,6617263,6613317,6588023,6670104,6562726,6661487,6603336,6516645,6626957,6601792,6533302,6568455,6526713,6547868,6427084
434,31,1,3,6725952,6699303,6578394,6622219,6556131,6604133,6599922,6574818,6656987,6549666,6648817,6589806,6503719,6613752,6588083,6519404,6554336,6513402,6534219,6414064
435,0,1,3,6738640,6712234,6590373,6635094,6569161,6616107,6612647,6587286,6669690,6562908,6661768,6602587,6516626,6625585,6600686,6532440,6568801,6526133,6547576,6427129
436,31,1,3,6727064,6700280,6579188,6623367,6557131,6604643,6601123,6575357,6658148,6550306,6649831,6590659,6504902,6614701,6588708,6520274,6556292,6514451,6536229,6415233
437,0,1,3,6739973,6712062,6590912,6635145,6568893,6616999,6613586,6588243,6670469,6563090,6662239,6603275,6517315,6627140,6600670,6532894,6568940,6527069,6548044,6427945
438,31,1,3,6726521,6698732,6578342,6622748,6556527,6604721,6600234,6574979,6657252,6550188,6649210,6590117,6504050,6613094,6587731,6519474,6554659,6514124,6534443,6414893
439,0,1,3,6739302,6711102,6589994,6634984,6568803,6617654,6612647,6587324,6669641,6563031,6662455,6602817,6516776,6626092,6600401,6532338,6567741,6527245,6547105,6427331
440,31,1,3,6726248,6698218,6577590,6622627,6556064,6604552,6600139,6574435,6657159,6549761,6649015,6590300,6503859,6612956,6588138,6519637,6554870,6514229,6534025,6414603
441,0,1,3,6739049,6711350,6590793,6634951,6569192,6617739,6613316,6587565,6670128,6563242,6662627,6603539,6516931,6626279,6602038,6533053,6569293,6527469,6547185,6427852
442,31,1,3,6725793,6697972,6577409,6621105,6555723,6603394,6599580,6573922,6656613,6549007,6648811,6589514,6503382,6613234,6587592,6518359,6555639,6513453,6533921,6413615
443,0,1,3,6738945,6710695,6590704,6635084,6568253,6615932,6612068,6586753,6668995,6561766,6662598,6602743,6516050,6626717,6600819,6531901,6568352,6526918,6547463,6426910
444,31,1,3,6727023,6699479,6578862,6623097,6555880,6604527,6600940,6574928,6657705,6549738,6650120,6590749,6504484,6614432,6589215,6519835,6555736,6514617,6535205,6415140
445,0,1,3,6738056,6710946,6590022,6634627,6567977,6617250,6613068,6587250,6669465,6561852,6662529,6602369,6516109,6626623,6599993,6531669,6568181,6527371,6547730,6427009
446,31,1,3,6726718,6699592,6578329,6623359,6556386,6605296,6601309,6575414,6657918,6549814,6650047,6590615,6504759,6615044,6588709,6519449,6555862,6514500,6535290,6415074
447,0,1,3,6738120,6710867,6590618,6635371,6568541,6616799,6613619,6587316,6670468,6562148,6662210,6603076,6517273,6626951,6601661,6532332,6568237,6527537,6547717,6427210
448,31,1,3,6726551,6698978,6579493,6623554,6556739,6605005,6601695,6575662,6657818,6550707,6650397,6591125,6504903,6614587,6589255,6519924,6556112,6514469,6535652,6415348
449,0,1,3,6739013,6711297,6591167,6634473,6568644,6617200,6614055,6587072,6670880,6562633,6662097,6603507,6517031,6626394,6601054,6532509,6568251,6527089,6547879,6427109
450,31,1,3,6726946,6699201,6578683,6622462,6556115,6604695,6601134,6574816,6657492,6549856,6649883,6590363,6504543,6614448,6588747,6519681,6555367,6514005,6534540,6414405
451,0,1,3,6738690,6710854,6590414,6634712,6568018,6617313,6613135,6586977,6669463,6562213,6662117,6603029,6516351,6626873,6600874,6532346,6567932,6526382,6547152,6426449
452,31,1,3,6726245,6698799,6577906,6622780,6555573,6604491,6601287,6574389,6656787,6549255,6649256,6590464,6504213,6614030,6587370,6519282,6554971,6514507,6534448,6414335
453,0,1,3,6739269,6711726,6590955,6635813,6568055,6617440,6613500,6587018,6669886,6561821,6662533,6603522,6517477,6626324,6601407,6533352,6568437,6527609,6547881,6427669
454,31,1,3,6726416,6699280,6578990,6623531,6556431,6604392,6601109,6575006,6657117,6549276,6649852,6591265,6504769,6614333,6587656,6520075,6555508,6514769,6535382,6415032
455,0,1,3,6738333,6711364,6590945,6635399,6567901,6616436,6614065,6587104,6670199,6563104,6662573,6603849,6517258,6626242,6600497,6533037,6569247,6527397,6547625,6427356
456,31,1,3,6726564,6699888,6578756,6622778,6555989,6604447,6601896,6574686,6658186,6551215,6649572,6591367,6505784,6614153,6588503,6520522,6556467,6514266,6535192,6415016
457,0,1,3,6740112,6712990,6591436,6636169,6569357,6617987,6615442,6587763,6671122,6564379,6663399,6604528,6518871,6627567,6601667,6533926,6569180,6528113,6548992,6428119
458,31,1,3,6727148,6700462,6579256,6623660,6556851,6605115,6602410,6575425,6658290,6551885,6650665,6591693,6505832,6614641,6589173,6520607,6556362,6514841,6535932,6415785
459,0,1,3,6739296,6711414,6591168,6634928,6568307,6617522,6613987,6587899,6669627,6563696,6662974,6603811,6517866,6626638,6600418,6532969,6568739,6527353,6547885,6427693
460,31,1,3,6726308,6699289,6578784,6622614,6556017,6604454,6601032,6575236,6657819,6550370,6650591,6591205,6505022,6613856,6587528,6519941,6556105,6514988,6535443,6415008
461,0,1,3,6738936,6711486,6591034,6634578,6568796,6617762,6613585,6587490,6670743,6563578,6663663,6603643,6517148,6626277,6600963,6532918,6568986,6527533,6548482,6427697
462,31,1,3,6726107,6699567,6578563,6622650,6555690,6605434,6600991,6575885,6658427,6550942,6650520,6590992,6505622,6614054,6588180,6520437,6556572,6514888,6535285,6414505
463,0,1,3,6738902,6711798,6590523,6634537,6567789,6617656,6613244,6587615,6670690,6563447,6662722,6603213,6517447,6626842,6600306,6532947,6568623,6527582,6547519,6427458
464,31,1,3,6726884,6698323,6578249,6621812,6555465,6605420,6601256,6575199,6657780,6551073,6649908,6591124,6504513,6613054,6588197,6519050,6556032,6514116,6535047,6415365
465,0,1,3,6739672,6711127,6590636,6635232,6567751,6617571,6613714,6587875,6670699,6563305,6662799,6603862,6516591,6626563,6601142,6532598,6569661,6527668,6547379,6427884
466,31,1,3,6726489,6698638,6578329,6622486,6555847,6604707,6600725,6574976,6657797,6549972,6649424,6590155,6504304,6613871,6588053,6519581,6555584,6514603,6534178,6414888
467,0,1,3,6739017,6710478,6590447,6634868,6568374,6616940,6613736,6587505,6670260,6562876,6663076,6602855,6516977,6625346,6600298,6532556,6569080,6527067,6547033,6427052
468,31,1,3,6726021,6697815,6577644,6622023,6555372,6603641,6600412,6574390,6657026,6549133,6648678,6589194,6503569,6612122,6586983,6519181,6554976,6513306,6533827,6413406
469,0,1,3,6738111,6709812,6589935,6634833,6567301,6616277,6612803,6587144,6669461,6561835,6661960,6602609,6515576,6625010,6599928,6532469,6568691,6525925,6546695,6426299
470,31,1,3,6726676,6698468,6578580,6622854,6556093,6604453,6600636,6574872,6656967,6549725,6649519,6590293,6503229,6613506,6586895,6519884,6555649,6513484,6534342,6413716
471,0,1,3,6739691,6711727,6590735,6634872,6568231,6616883,6613436,6587036,6669860,6562806,6662367,6602958,6516585,6626165,6600010,6533055,6569342,6527210,6547621,6427631
472,31,1,3,6726549,6699372,6578323,6622526,6556429,6604281,6600928,6574994,6657246,6549353,6649489,6590361,6503949,6613223,6587565,6520411,6555989,6514373,6534672,6414752
473,0,1,3,6738842,6711453,6590161,6634485,6567398,6616856,6612406,6587114,6669372,6562461,6662075,6602589,6515883,6625482,6600274,6532901,6568630,6526822,6547129,6426438
474,31,1,3,6726598,6699095,6577856,6622062,6555660,6604596,6599971,6574452,6656897,6549667,6648523,6590073,6503890,6612627,6587724,6520522,6555552,6513908,6534950,6414335
475,0,1,3,6738807,6711572,6590600,6635022,6568048,6617740,6613120,6587582,6670002,6563349,6662509,6603525,6517717,6626156,6601345,6533932,6568994,6527511,6547679,6427165
476,31,1,3,6726388,6699044,6578300,6622437,6555623,6604197,6600473,6574783,6656893,6549841,6648866,6590149,6504485,6613052,6587523,6520204,6555191,6514099,6534903,6413851
477,0,1,3,6739397,6712277,6590859,6635298,6569080,6617348,6613623,6587638,6669844,6563943,6662177,6603115,6517141,6626079,6600708,6532977,6568967,6527666,6547858,6427073
478,31,1,3,6727366,6699766,6578867,6622650,6556802,6605082,6601223,6574891,6657138,6549725,6649318,6589954,6504611,6612994,6588768,6519810,6555277,6514491,6535072,6414541
479,0,1,3,6738894,6711104,6590248,6634849,6567868,6616609,6612298,6586760,6669073,6561736,6662085,6602202,6516525,6624954,6600713,6532460,6567702,6526824,6546391,6426935
480,31,1,3,6726883,6699025,6578993,6623050,6555936,6605137,6600617,6574004,6656971,6549478,6648558,6589925,6504346,6613855,6588255,6519463,6555691,6514141,6534496,6413970
481,0,1,3,6739481,6711625,6590460,6634762,6568421,6617255,6613428,6586472,6668961,6561857,6661623,6602856,6516780,6626440,6599961,6532668,6568759,6526942,6546920,6426337
482,31,1,3,6727220,6699643,6578780,6622928,6556196,6604840,6600608,6574269,6656869,6549649,6648675,6590951,6504046,6613472,6587358,6519555,6555686,6514174,6533627,6414176
483,0,1,3,6739729,6711599,6591860,6635965,6568871,6618011,6614144,6586886,6669891,6562703,6662200,6604395,6517773,6626761,6601266,6533091,6569204,6526829,6546815,6426853
484,31,1,3,6726652,6699211,6578696,6623397,6556424,6605011,6601067,6574241,6657121,6549164,6649379,6591057,6504852,6614201,6587774,6519821,6555602,6513830,6533250,6414617
485,0,1,3,6739112,6711658,6590810,6635419,6568834,6617738,6614173,6587361,6669983,6562117,6661731,6603358,6517200,6626891,6600242,6533026,6569108,6527092,6546107,6427507
486,31,1,3,6725933,6698841,6578097,6622759,6556461,6604959,6601109,6574124,6656955,6549098,6649308,6590381,6504938,6613831,6587470,6519429,6556069,6513482,6533519,6414659
487,0,1,3,6739297,6711363,6590325,6635816,6569225,6617710,6613422,6587033,6669532,6561840,6662742,6603382,6516861,6626026,6600757,6532948,6569656,6526607,6546467,6427400
488,31,1,3,6727106,6698716,6578239,6623627,6557258,6605876,6601187,6574682,6657242,6550096,6650471,6591387,6505231,6613053,6588493,6521420,6556734,6514163,6533806,6415183
489,0,1,3,6738993,6710687,6589972,6635409,6568440,6617572,6612453,6586663,6669028,6562107,6662238,6602903,6516731,6624391,6600064,6532917,6568079,6526218,6545991,6426775
490,31,1,3,6726593,6698755,6577995,6624025,6556229,6605022,6600892,6574531,6656688,6549832,6649674,6590627,6504090,6612657,6587480,6520156,6554682,6513903,6534134,6414882
491,0,1,3,6738181,6709862,6589209,6635152,6567972,6616715,6612365,6586789,6668711,6561318,6662022,6602473,6516216,6624926,6599230,6532043,6567331,6525544,6545920,6426386
492,31,1,3,6725871,6698152,6578229,6623083,6556035,6604783,6600678,6575238,6656266,6548927,6649534,6590383,6504752,6613469,6586717,6519445,6555718,6513132,6533606,6414899
493,0,1,3,6739146,6710003,6589863,6636442,6567989,6617596,6612964,6587590,6669482,6562068,6662713,6603086,6516828,6626350,6600582,6532582,6568880,6526573,6546246,6427569
494,31,1,3,6726882,6698408,6578114,6624318,6556451,6606233,6601185,6575213,6657437,6550008,6650121,6590767,6504824,6613187,6588173,6520150,6556359,6514412,6533846,6414955
495,0,1,3,6739948,6711394,6590179,6636627,6569245,6618510,6613150,6588133,6669892,6563322,6662728,6603388,6516964,6626388,6601171,6533280,6569222,6527296,6546306,6427326
496,31,1,3,6727014,6698632,6577888,6623945,6556361,6605904,6600637,6575627,6657408,6549776,6649052,6590452,6504131,6613129,6588568,6520430,6556466,6514104,6533112,6414512
497,0,1,3,6739627,6711160,6590403,6635964,6569110,6618485,6613309,6588030,6669907,6562580,6662434,6603200,6517279,6626054,6600565,6533320,6568667,6527059,6546273,6427036
498,31,1,3,6726836,6699265,6578008,6623830,6556458,6606417,6601210,6575351,6657134,6549954,6649410,6590401,6504628,6613706,6588040,6520366,6555641,6514441,6534034,6414572
499,0,1,3,6739476,6711601,6590331,6636746,6568724,6618683,6614078,6587642,6670527,6562365,6662355,6602682,6517282,6626396,6601020,6533322,6568963,6526642,6546927,6427328
500,31,1,3,6726152,6699370,6578602,6623902,6556051,6605995,6600909,6574482,6657291,6549618,6649344,6589690,6504440,6613430,6588297,6519837,6555705,6513629,6533975,6414095
501,0,1,3,6738570,6711381,6590361,6635943,6568287,6618198,6613400,6586890,6669582,6562861,6661904,6603202,6516595,6626616,6600617,6533404,6568405,6526785,6546445,6426945
502,31,1,3,6726816,6698907,6577667,6623312,6556411,6605260,6601086,6574698,6657077,6549721,6649258,6590776,6504723,6613739,6587902,6520191,6555647,6514390,6534329,6414675
503,0,1,3,6739420,6712285,6590946,6635311,6569328,6618858,6613704,6587545,6670298,6562944,6662544,6604120,6518249,6626684,6601211,6533245,6569417,6527559,6547678,6427728
504,31,1,3,6726134,6699209,6577988,6622980,6556702,6605528,6601576,6574732,6657425,6549759,6648585,6591173,6504762,6613378,6587867,6519811,6556250,6513871,6533719,6414831
505,0,1,3,6738533,6711330,6590162,6635588,6569069,6618033,6613576,6588218,6670330,6563097,6661519,6603730,6516561,6627131,6600337,6533026,6569072,6526218,6547087,6427497
506,31,1,3,6725699,6699230,6578584,6623387,6556610,6605420,6601130,6575775,6657699,6550384,6648482,6591381,6503942,6614818,6587879,6519970,6556023,6514122,6534408,6414794
507,0,1,3,6738871,6711392,6590838,6635941,6569369,6617135,6613739,6587571,6670098,6562086,6661172,6603316,6517475,6626405,6601033,6532881,6569614,6526963,6547943,6427199
508,31,1,3,6725730,6699032,6577796,6623215,6556342,6604192,6600892,6574444,6656791,6549710,6648113,6590499,6505397,6613324,6587918,6518532,6556264,6514304,6534386,6414063
509,0,1,3,6739099,6711797,6590669,6635996,6568434,6617596,6613516,6587576,6669660,6563241,6661683,6603594,6518437,6627132,6600674,6532073,6569337,6526806,6548084,6427480
510,31,1,3,6725313,6698556,6578088,6623186,6555886,6604567,6600353,6574174,6656977,6549401,6647965,6590131,6505222,6613378,6587781,6518833,6555795,6513350,6534152,6414123
511,0,1,3,6738211,6710772,6590332,6636637,6568924,6617740,6613192,6587418,6669624,6562927,6660957,6602832,6517931,6625459,6600680,6532401,6568613,6526133,6546980,6426994
512,31,1,3,6727713,6698756,6578696,6624758,6557405,6605882,6601614,6575436,6658066,6550376,6649124,6590824,6505983,6614130,6589076,6519781,6555932,6514375,6535286,6415135
513,0,1,3,6739498,6710837,6590072,6636406,6569092,6618004,6613029,6587269,6669941,6562042,6661596,6602858,6517470,6625997,6600072,6532162,6569158,6526910,6547477,6427095
514,31,1,3,6726703,6698865,6578728,6623603,6556565,6605236,6601234,6574924,6657775,6549321,6648632,6590412,6504698,6613447,6587593,6519404,6556223,6513885,6534789,6414087
515,0,1,3,6739286,6711147,6590739,6636187,6569137,6618117,6613273,6587871,6670085,6562076,6662264,6603056,6517508,6626107,6600881,6532564,6569485,6526740,6547615,6427079
516,31,1,3,6726551,6698674,6578416,6623419,6555948,6605031,6600193,6575165,6657583,6549468,6648941,6589889,6505294,6612480,6587211,6519609,6556394,6513746,6534728,6414535
517,0,1,3,6738837,6711101,6590508,6636496,6567974,6617477,6613128,6587308,6670029,6562153,6661640,6603088,6517623,6624348,6600522,6532599,6569212,6526478,6547731,6427218
518,31,1,3,6725512,6698644,6577892,6622971,6554915,6604829,6600015,6574184,6656767,6549100,6648053,6589227,6504860,6611656,6587116,6518979,6555079,6513575,6534511,6413868
519,0,1,3,6739309,6712557,6591253,6636052,6567986,6618193,6613357,6587861,6670525,6562826,6662505,6603529,6518840,6626352,6601457,6533149,6569593,6527244,6548406,6427538
520,31,1,3,6727375,6700058,6578329,6623695,6556249,6605225,6601135,6574961,6657619,6550699,6649761,6590770,6506500,6614368,6588624,6520314,6557181,6513782,6535681,6415062
521,0,1,3,6739623,6711329,6590282,6636395,6568485,6617186,6613477,6587043,6669712,6563089,6662293,6602874,6518537,6626694,6601359,6532749,6570387,6526555,6547487,6427931
522,31,1,3,6726784,6698373,6578160,6624039,6555624,6604541,6601109,6574596,6657375,6549975,6649483,6590879,6506800,6613713,6588595,6519590,6557007,6514246,6534558,6415253
523,0,1,3,6739419,6711447,6590855,6636023,6568146,6616866,6614047,6586938,6669787,6562430,6662572,6603311,6518198,6625878,6601359,6532870,6569269,6527270,6547458,6427895
524,31,1,3,6727344,6698251,6578135,6623423,6555779,6604044,6601353,6574819,6656781,6549970,6649143,6590520,6505310,6613091,6588917,6520117,6556350,6513844,6534275,6414616
525,0,1,3,6738934,6711284,6591176,6636042,6568223,6617027,6614221,6587501,6669864,6562892,6662285,6603687,6518663,6625239,6600460,6533682,6569736,6527446,6547640,6427349
526,31,1,3,6725925,6699318,6579181,6623894,6556374,6605300,6601394,6574788,6657315,6550657,6649681,6591469,6506200,6612155,6588425,6520829,6557096,6514431,6534769,6415312
527,0,1,3,6738399,6711519,6590808,6635953,6567896,6617439,6613620,6587089,6670091,6562385,6662158,6603633,6518780,6624840,6600694,6533137,6569907,6527134,6547271,6427691
528,31,1,3,6725905,6698902,6578174,6624024,6555656,6604698,6601276,6575256,6657875,6549457,6649404,6590809,6506047,6613100,6587584,6520120,6557329,6514140,6534984,6415027
529,0,1,3,6737772,6710933,6590336,6635821,6568203,6616772,6613814,6586804,6669965,6562300,6662311,6602956,6518533,6625376,6601440,6533000,6569692,6526028,6547986,6427317
530,31,1,3,6725784,6697899,6577136,6622939,6554668,6603834,6600564,6573422,6656774,6548629,6648575,6589946,6505498,6612630,6587049,6519358,6555613,6512268,6534247,6414669
531,0,1,3,6739353,6711166,6590563,6635448,6567081,6617444,6613280,6586698,6670047,6563020,6661371,6603175,6518193,6625267,6600784,6532855,6569378,6525607,6547488,6427653
532,31,1,3,6726228,6698830,6578280,6623226,6554920,6605432,6600395,6574138,6657600,6550411,6648814,6590820,6505848,6613322,6588063,6520197,6556675,6514064,6535002,6414852
533,0,1,3,6739176,6710842,6590297,6635380,6567367,6617492,6613584,6587107,6669664,6563088,6661351,6602768,6518349,6626297,6601876,6533184,6569530,6526857,6547236,6427804
534,31,1,3,6727097,6699131,6578447,6624093,6556346,6605017,6601496,6575209,6657212,6550892,6649621,6590723,6506014,6613795,6589248,6520882,6557055,6514041,6535089,6415184
535,0,1,3,6738634,6710747,6588899,6634971,6567825,6617350,6614046,6586382,6669171,6562137,6661755,6602711,6517316,6625606,6600525,6532949,6569971,6526078,6546937,6426790
536,31,1,3,6726160,6698601,6577277,6622656,6555746,6604943,6601486,6574167,6657229,6549625,6648288,6590380,6505537,6613231,6588164,6519961,6556974,6513596,6534405,6414576
537,0,1,3,6738474,6711553,6589862,6634589,6568355,6617723,6613619,6587115,6670130,6562567,6660719,6602771,6517800,6625796,6601046,6533087,6569735,6526842,6547101,6426789
538,31,1,3,6726183,6699342,6577350,6622036,6555901,6604594,6601368,6574632,6656658,6550341,6648167,6590046,6505092,6612960,6588688,6520391,6556683,6513588,6534182,6414279
539,0,1,3,6738297,6710960,6589280,6634179,6567199,6616986,6613488,6586512,6668788,6562346,6661686,6602314,6517351,6625302,6600777,6532297,6569439,6525719,6546578,6426403
540,31,1,3,6726178,6698963,6577308,6622406,6555583,6604813,6601193,6574576,6656260,6550219,6648754,6589950,6505708,6612229,6588157,6520035,6556657,6513170,6534390,6413808
541,0,1,3,6737790,6711671,6589317,6635517,6567533,6617031,6613619,6586006,6668956,6562702,6661451,6602286,6517342,6624266,6600904,6532934,6569231,6525580,6547239,6426736
542,31,1,3,6726193,6699682,6577958,6624246,6556752,6604658,6601650,6574041,6657475,6551255,6649138,6590159,6506098,6612729,6588045,6519577,6556032,6513483,6534872,6415268
543,0,1,3,6738382,6711925,6590152,6635589,6568175,6616396,6613382,6587126,6669950,6563172,6661283,6602153,6518498,6626521,6601132,6532877,6568294,6526226,6547574,6427501
544,31,1,3,6725769,6699815,6578073,6623634,6556260,6604776,6600988,6575074,6656766,6550420,6648670,6590243,6505271,6613316,6588925,6520166,6555277,6513895,6534660,6414863
545,0,1,3,6738064,6711763,6589204,6635800,6568004,6616887,6613602,6587563,6669792,6563704,6661535,6602879,6517508,6625993,6601028,6532662,6569228,6526438,6547544,6427903
546,31,1,3,6725248,6698966,6577163,6623685,6555366,6604148,6601399,6574619,6657091,6550645,6648525,6589960,6505198,6612881,6588310,6519490,6556162,6513058,6534268,6414944
547,0,1,3,6738563,6712087,6590483,6636190,6568509,6616879,6613780,6587316,6670624,6563203,6662263,6603184,6517927,6625772,6601352,6532678,6569625,6526514,6547144,6427349
548,31,1,3,6726668,6700238,6578807,6624049,6557001,6604928,6601714,6575221,6657708,6551278,6649777,6590807,6505585,6613710,6588228,6520277,6557333,6513760,6535022,6415695
549,0,1,3,6738856,6711327,6590121,6635930,6567765,6616605,6613004,6587123,6669508,6563143,6662284,6602493,6517861,6625491,6600536,6533165,6569540,6526103,6547441,6427870
550,31,1,3,6726835,6699520,6577788,6623472,6556065,6604510,6601428,6574137,6657234,6550473,6649219,6590209,6505539,6612078,6587929,6520243,6556604,6513410,6534620,6415672
551,0,1,3,6739545,6712471,6590137,6636391,6568381,6616878,6614103,6586959,6670144,6563610,6662211,6603120,6518043,6625446,6601072,6533070,6570316,6526547,6547405,6427939
552,31,1,3,6726475,6699165,6578232,6623576,6555846,6604229,6601065,6573839,6656805,6550370,6649344,6590204,6505656,6613003,6587914,6519443,6556301,6513465,6534799,6414973
553,0,1,3,6738471,6710993,6590004,6635595,6568298,6616607,6612998,6586222,6669886,6561894,6660939,6602600,6518169,6625170,6600585,6532824,6569080,6526288,6547316,6427201
554,31,1,3,6726328,6698767,6577401,6622972,6556253,6604214,6600727,6573868,6656802,6548701,6648737,6589723,6505659,6612554,6587805,6520157,6556336,6513565,6534481,6414453
555,0,1,3,6738985,6711116,6590419,6636036,6568923,6617131,6613276,6586426,6669504,6562230,6662194,6602391,6518271,6625440,6600796,6534044,6569766,6526495,6547340,6427310
556,31,1,3,6726645,6699217,6578577,6624139,6557877,6604859,6601321,6574177,6657581,6550591,6649631,6589410,6506072,6613769,6588110,6520970,6557519,6513784,6535213,6414508
557,0,1,3,6738472,6711518,6590259,6636002,6568928,6617496,6613225,6586707,6669871,6563089,6662201,6601751,6518011,6625981,6601008,6533670,6570390,6526695,6548505,6427687
558,31,1,3,6725801,6698844,6577934,6623270,6556485,6604947,6600142,6573828,6657197,6550322,6648866,6588941,6505141,6612825,6588971,6520105,6557022,6514069,6535379,6414563
559,0,1,3,6738308,6711569,6591434,6635802,6569182,6617671,6613207,6586528,6669906,6563460,6662063,6601635,6517708,6625321,6600833,6533694,6569230,6526423,6547770,6427161
560,31,1,3,6725788,6699589,6578950,6623176,6556857,6604970,6600461,6574049,6657216,6550532,6649206,6590110,6504841,6611946,6587538,6520378,6555669,6512983,6534263,6414843
561,0,1,3,6738452,6712107,6590818,6635342,6568450,6616537,6612813,6586285,6669737,6562599,6661625,6602295,6517054,6624713,6600195,6532703,6568764,6526007,6546536,6427248
562,31,1,3,6725215,6699249,6578328,6623115,6555656,6603791,6600224,6573286,6656788,6548958,6648926,6589138,6504877,6612222,6587334,6519318,6556282,6513175,6533658,6414386
563,0,1,3,6739070,6711549,6590589,6636606,6568519,6616309,6612926,6586976,6670199,6562382,6662080,6602187,6517944,6625125,6601355,6533052,6569648,6526321,6547343,6426779
564,31,1,3,6727012,6699178,6578464,6624446,6555794,6604050,6601231,6574218,6657470,6549810,6649063,6589700,6505572,6612405,6587824,6519793,6556664,6513222,6534111,6414326
565,0,1,3,6738826,6711728,6590621,6636184,6567789,6616396,6613804,6586996,6669463,6562142,6661725,6602011,6518244,6624830,6600720,6532218,6569595,6525582,6546293,6427315
566,31,1,3,6725681,6698353,6577796,6623345,6555389,6603451,6600200,6573195,6656125,6548811,6648042,6589335,6504798,6611538,6586916,6518914,6555767,6512231,6533277,6414093
567,0,1,3,6739606,6712305,6591690,6637330,6569306,6617850,6614276,6587437,6670176,6563747,6662447,6603535,6519279,6626137,6600664,6534108,6570837,6526741,6547847,6428441
568,31,1,3,6726132,6698828,6578391,6624150,6556285,6604006,6600674,6574278,6657358,6550154,6649107,6590669,6506014,6612490,6587618,6520050,6556466,6513874,6533986,6415582
569,0,1,3,6738568,6710817,6589949,6636143,6568152,6616403,6612408,6587035,6669693,6562916,6661565,6603091,6517970,6625318,6600320,6532677,6568363,6526718,6545842,6427412
570,31,1,3,6727544,6699525,6578503,6623961,6556453,6605042,6600750,6575134,6657226,6551095,6649470,6591364,6506430,6613270,6587274,6520288,6555665,6514247,6533326,6415077
571,0,1,3,6739430,6711575,6590812,6636280,6568938,6616900,6613673,6587008,6669665,6563790,6662272,6603689,6518241,6626458,6600752,6533029,6569877,6526582,6546582,6428063
572,31,1,3,6726290,6698974,6577537,6622628,6556474,6603964,6600337,6574140,6656994,6549775,6648585,6589969,6505034,6612295,6587543,6519439,6556471,6512786,6533224,6414885
573,0,1,3,6739283,6711195,6589887,6635088,6569582,6616664,6613245,6587229,6669929,6562859,6662038,6603147,6518633,6624967,6600921,6533045,6569510,6526226,6546519,6427548
574,31,1,3,6726951,6698821,6577295,6622030,6556596,6603590,6600846,6574689,6656980,6549560,6649381,6590580,6505885,6612627,6587547,6520604,6556553,6513339,6533221,6414599
575,0,1,3,6738710,6710347,6589101,6633971,6568231,6615889,6612969,6586484,6668521,6561737,6661152,6602641,6517195,6624159,6599736,6532539,6569276,6524474,6545394,6427073
576,31,1,3,6726875,6698857,6577490,6622084,6556149,6603318,6601021,6574135,6656659,6549681,6648398,6590187,6505027,6611864,6588031,6519803,6556605,6511862,6533510,6414850
577,0,1,3,6739156,6711702,6589720,6634588,6568358,6616675,6613102,6586037,6669417,6562170,6661277,6603088,6518107,6625283,6601515,6532611,6569285,6525664,6546629,6426894
578,31,1,3,6727332,6699336,6578368,6622570,6556388,6604748,6601494,6574180,6657374,6551018,6648740,6590718,6506073,6612419,6588249,6520153,6556759,6512722,6534350,6414195
579,0,1,3,6739409,6710989,6590949,6635642,6568628,6616358,6613669,6586848,6670014,6562754,6662259,6603394,6518129,6624413,6600687,6533166,6570442,6525657,6547116,6426734
580,31,1,3,6727462,6699057,6578657,6622923,6556696,6604213,6601215,6574478,6657198,6550736,6648534,6590539,6505816,6612030,6588931,6520327,6556440,6512828,6534727,6413718
581,0,1,3,6740300,6711915,6592099,6636138,6569453,6617455,6614231,6587509,6670424,6563521,6661937,6603994,6518909,6625224,6602181,6533277,6570243,6526889,6547678,6426620
582,31,1,3,6728439,6700094,6579816,6624192,6557320,6605630,6601955,6575323,6658303,6551001,6649600,6591954,6506863,6613090,6589554,6520759,6557778,6514330,6535562,6414472
583,0,1,3,6739508,6711372,6590978,6635178,6568480,6616277,6612914,6586521,6669704,6562641,6661527,6603206,6517377,6623803,6600642,6532579,6569505,6526301,6546365,6426318
584,31,1,3,6727931,6699621,6579151,6623430,6556471,6604529,6601374,6575009,6657715,6550722,6648735,6590975,6505465,6611394,6588658,6519861,6556718,6514224,6534578,6413963
585,0,1,3,6738919,6711235,6590100,6635151,6568112,6616265,6613258,6586332,6669719,6562682,6661128,6602506,6516970,6622376,6600751,6532954,6568899,6525374,6546183,6425919
586,31,1,3,6726719,6698574,6578726,6622970,6556243,6603682,6601061,6574338,6656939,6549596,6648151,6590041,6505148,6609892,6588580,6519892,6556032,6512888,6533948,6413753
587,0,1,3,6738546,6710880,6590845,6634620,6568489,6615588,6613394,6586294,6669163,6562735,6660493,6602254,6517361,6623093,6600563,6531918,6569074,6525389,6546067,6425687
588,31,1,3,6726360,6698434,6578718,6621812,6556654,6603374,6601356,6573753,6656606,6550416,6647502,6589608,6504945,6610821,6588051,6518938,6556692,6512782,6532912,6413660
589,0,1,3,6739354,6711770,6592008,6635342,6569841,6617709,6614497,6587317,6670227,6563888,6661816,6603500,6517995,6624867,6601939,6532936,6570432,6526810,6547274,6427686
590,31,1,3,6726577,6699233,6579020,6622447,6556847,6604531,6601391,6574020,6657159,6550121,6648252,6589912,6505316,6611744,6587355,6519382,6556649,6513994,6534043,6413545
591,0,1,3,6739727,6711914,6591439,6635750,6569587,6617387,6615192,6587199,6670552,6563885,6661883,6603538,6518236,6624484,6602474,6533379,6570712,6527470,6547898,6426654
592,31,1,3,6726844,6699824,6578866,6622731,6556885,6603972,6601545,6574629,6658011,6551229,6648089,6589786,6504915,6611671,6589083,6519671,6556822,6513617,6534359,6413631
593,0,1,3,6740191,6712980,6590825,6635809,6569081,6616629,6614215,6586855,6671130,6563626,6661848,6602966,6517679,6624567,6601365,6532532,6570284,6526720,6547805,6426881
594,31,1,3,6727115,6700697,6578012,6622546,6556221,6603880,6601075,6574060,6657369,6550428,6648555,6589533,6504942,6610831,6587615,6518984,6556696,6513677,6534124,6414779
595,0,1,3,6739493,6713101,6590618,6633953,6568406,6616214,6613572,6586572,6670273,6562739,6662327,6602605,6517013,6623403,6600861,6532863,6569818,6526608,6547668,6426620
596,31,1,3,6726918,6700434,6578065,6621032,6556094,6603745,6601135,6573491,6656786,6550029,6649092,6589861,6505188,6610181,6587793,6519624,6556667,6513196,6534695,6414325
597,0,1,3,6738069,6712150,6589357,6633574,6567930,6615938,6613090,6585838,6670055,6562428,6661933,6602363,6517183,6623250,6599918,6532620,6569978,6526474,6547160,6426895
598,31,1,3,6726394,6699774,6577846,6622625,6556603,6603953,6601330,6573766,6657451,6549892,6649136,6589847,6504315,6610776,6587742,6519221,6556892,6513129,6534198,6414177
599,0,1,3,6738499,6711889,6589601,6634987,6568385,6615770,6613384,6585534,6669531,6562651,6661828,6601833,6517317,6623582,6600059,6532326,6569102,6525937,6547116,6426353
600,31,1,3,6726174,6699880,6577736,6622306,6556655,6603551,6600917,6573847,6657323,6550316,6649336,6589508,6504941,6611187,6587664,6519339,6556183,6513405,6534198,6413954
601,0,1,3,6740163,6713166,6590661,6635933,6569772,6617484,6614697,6587686,6670789,6564332,6662707,6603397,6517547,6623669,6601470,6533046,6570163,6527456,6548630,6427622
602,31,1,3,6726870,6699876,6577937,6622756,6556089,6604218,6600921,6574089,6657249,6551044,6648731,6589601,6504716,6610674,6587800,6518709,6556130,6513761,6534739,6414315
603,0,1,3,6739417,6712447,6590815,6635945,6569296,6616971,6613169,6587124,6670383,6564267,6661952,6603056,6517765,6624203,6600601,6532303,6569494,6527079,6548243,6426955
604,31,1,3,6726296,6699235,6577124,6622187,6555869,6603902,6600095,6574291,6656753,6550092,6648397,6589112,6504152,6610515,6587323,6518830,6556064,6513965,6534049,6413421
605,0,1,3,6739438,6712490,6589768,6635609,6568559,6616940,6613206,6587234,6669482,6563267,6661862,6602414,6517417,6623390,6600682,6531866,6570172,6527111,6547441,6426236
606,31,1,3,6727776,6701332,6579099,6624155,6557769,6604867,6602220,6575202,6657923,6551354,6650688,6590912,6505959,6611573,6588682,6520383,6557563,6514839,6535058,6413560
607,0,1,3,6739597,6712851,6590850,6635811,6569175,6616626,6613685,6586936,6670364,6563072,6662271,6602848,6517875,6624230,6600752,6532096,6569743,6527027,6547387,6426505
608,31,1,3,6726344,6700447,6578696,6623036,6557297,6604559,6601492,6573930,6657819,6550801,6649429,6590342,6505121,6612019,6587759,6519099,6556884,6514761,6535024,6414573
609,0,1,3,6738217,6712203,6589981,6635434,6569604,6616555,6612818,6585943,6670149,6562908,6662147,6602403,6517230,6624746,6600245,6531691,6569795,6526804,6547391,6426745
610,31,1,3,6726377,6700575,6578434,6622459,6557578,6604782,6600353,6574802,6657219,6550208,6649052,6590569,6505565,6612019,6587223,6519326,6557073,6514287,6534974,6414436
611,0,1,3,6738557,6712303,6589994,6634873,6569248,6616838,6612705,6586706,6669593,6562709,6661477,6602719,6517117,6624657,6599765,6531634,6569263,6525940,6546926,6426510
612,31,1,3,6725598,6699348,6577947,6622481,6556093,6603924,6600140,6573398,6656518,6549811,6648224,6589933,6504475,6611688,6587158,6518766,6556243,6512476,6533607,6413931
613,0,1,3,6739200,6712170,6590310,6634810,6568907,6616466,6613640,6587122,6669539,6562712,6662095,6602964,6517108,6624733,6600833,6531895,6569389,6525678,6547454,6426347
614,31,1,3,6726310,6699732,6577375,6621825,6555953,6603357,6600067,6574150,6657267,6549665,6648183,6588580,6504024,6611105,6588349,6518893,6555432,6513365,6534337,6414398
615,0,1,3,6739732,6712838,6590480,6634673,6568848,6616761,6612967,6587546,6670339,6562520,6661920,6602466,6517083,6624059,6601072,6532487,6569858,6526743,6547531,6428248
616,31,1,3,6726640,6699439,6578203,6622153,6556179,6603879,6599935,6574939,6657417,6549593,6648394,6589821,6504496,6611782,6588017,6519221,6556326,6513542,6534185,6414319
617,0,1,3,6739568,6712033,6591139,6635326,6568888,6616301,6612818,6587243,6670384,6562110,6660866,6603071,6516924,6624681,6600980,6532325,6569245,6526860,6547286,6427379
618,31,1,3,6726698,6699824,6579669,6623537,6556565,6603897,6601214,6575454,6657487,6549790,6648733,6590291,6505301,6611903,6588529,6520210,6556651,6514439,6534687,6415444
619,0,1,3,6739302,6712859,6591569,6634672,6568896,6616402,6613696,6588117,6670565,6562508,6662374,6603097,6518386,6624957,6601551,6533722,6569736,6527357,6547944,6427930
620,31,1,3,6725706,6698991,6578400,6622254,6555442,6603589,6600220,6574295,6656913,6549366,6648215,6589228,6505132,6611627,6588103,6519917,6555397,6513618,6533516,6414012
621,0,1,3,6739385,6712406,6592102,6635638,6568817,6616994,6613957,6588081,6671168,6562471,6661728,6603344,6518186,6625165,6601994,6533664,6569890,6527114,6547824,6427303
622,31,1,3,6727178,6700179,6579461,6623450,6556017,6604932,6601732,6575745,6658542,6550294,6649126,6590832,6505835,6612605,6589435,6520517,6556592,6514597,6534624,6415194
623,0,1,3,6739041,6711628,6590870,6635391,6567984,6616428,6613916,6586906,6670321,6561941,6661287,6602947,6517750,6624922,6601851,6532642,6569061,6526406,6547481,6426629
624,31,1,3,6726843,6699202,6579196,6623454,6556137,6604952,6601799,6574628,6657981,6549384,6648959,6590902,6505480,6612987,6589574,6520240,6556975,6513561,6534209,6414249
625,0,1,3,6739675,6711886,6591110,6635465,6567876,6617463,6613952,6587455,6670953,6563019,6661642,6603252,6518923,6625528,6601972,6533616,6570759,6527415,6547771,6428263
626,31,1,3,6727028,6699578,6578999,6623310,6556000,6604507,6601082,6575055,6658079,6550291,6648951,6590732,6506157,6613174,6588782,6520958,6557521,6514469,6534555,6415118
627,0,1,3,6739203,6710740,6590054,6635095,6567369,6616025,6612500,6586130,6669844,6561942,6660884,6602530,6517156,6624177,6600315,6533168,6569911,6525810,6546832,6426823
628,31,1,3,6727261,6699373,6579081,6623358,6555363,6604861,6601423,6574691,6658172,6549786,6649092,6590540,6505568,6612887,6588729,6520368,6557818,6513611,6535122,6415312
629,0,1,3,6739370,6710976,6590253,6634526,6567423,6616917,6613641,6586619,6670576,6562135,6661430,6603066,6517989,6624874,6601260,6532582,6569961,6526568,6546997,6427294
630,31,1,3,6726320,6698071,6578179,6622004,6555440,6603934,6600644,6573637,6658203,6549926,6647705,6590020,6504725,6612022,6587859,6519688,6556124,6513574,6533838,6413942
631,0,1,3,6739106,6711464,6590621,6634667,6568010,6616920,6613655,6587405,6671005,6563079,6661177,6602495,6517740,6625670,6601011,6532776,6569482,6526970,6547152,6426952
632,31,1,3,6726447,6698530,6578045,6622652,6555673,6604201,6600598,6573781,6657892,6550814,6647814,6589432,6504692,6613516,6588217,6519495,6555408,6513794,6534845,6413921
633,0,1,3,6739367,6711234,6590560,6635185,6568478,6616895,6613708,6586150,6671149,6563540,6661564,6602301,6517431,6626251,6600501,6533459,6569410,6527380,6547783,6426526
634,31,1,3,6726394,6698505,6578181,6622561,6555833,6603800,6600639,6574059,6657980,6550923,6647709,6589844,6505256,6612497,6586566,6520397,6555670,6513744,6533896,6413876
635,0,1,3,6739237,6710761,6590576,6635550,6568515,6616865,6613319,6587014,6670505,6563619,6661347,6603059,6517642,6625405,6599637,6533581,6569390,6526885,6546906,6426596
636,31,1,3,6725990,6698157,6578377,6623177,6555682,6604087,6600486,6574341,6657259,6550259,6647940,6589875,6505654,6612557,6586938,6520055,6556898,6513905,6533827,6414032
637,0,1,3,6739088,6711119,6591178,6635527,6568083,6616499,6613567,6586809,6670948,6563281,6661673,6603581,6518272,6626456,6600712,6533088,6570510,6527311,6547271,6427101
638,31,1,3,6726578,6698365,6578552,6623416,6555975,6603464,6601006,6573911,6657508,6550450,6648415,6590379,6504645,6613542,6587302,6519602,6556709,6513793,6533981,6414423
639,0,1,3,6738675,6710132,6590325,6635347,6567412,6615988,6612949,6586291,6669654,6562823,6660851,6602539,6516434,6625139,6600764,6532547,6569402,6525981,6546606,6426842
640,31,1,3,6725912,6698301,6577790,6622541,6555688,6603283,6600557,6574171,6656471,6549997,6647908,6589947,6504450,6611716,6587923,6519385,6556415,6513808,6533583,6413710
641,0,1,3,6738621,6709721,6589820,6635308,6567530,6615237,6612514,6586198,6669054,6562731,6660825,6601615,6517102,6624492,6600270,6531254,6568833,6525804,6545925,6425696
642,31,1,3,6726736,6697940,6578557,6623149,6556339,6603325,6600785,6575008,6657432,6549828,6649051,6590186,6505235,6612472,6587810,6519435,6556094,6513931,6534689,6413989
643,0,1,3,6738235,6710481,6589966,6634962,6567915,6615829,6612920,6586997,6670110,6562288,6661485,6601787,6517205,6624627,6600450,6532105,6569445,6526492,6546939,6426205
644,31,1,3,6726533,6698645,6578389,6622810,6555558,6603986,6600847,6574524,6657057,6550441,6648676,6589925,6504571,6612082,6587502,6518908,6556187,6513689,6534103,6414079
645,0,1,3,6739371,6711871,6591186,6636305,6568620,6617115,6613739,6587773,6670233,6563709,6662163,6603075,6517516,6625083,6601357,6531739,6569129,6526763,6547368,6426844
646,31,1,3,6726229,6698397,6578446,6623438,6555582,6603840,6600767,6574488,6656810,6550254,6648685,6589647,6504558,6611633,6587818,6517686,6555757,6513544,6533871,6413678
647,0,1,3,6738690,6709824,6590895,6635578,6567689,6615509,6612889,6586681,6669411,6562476,6660674,6602054,6516255,6624568,6599722,6530638,6568900,6525918,6546851,6425967
648,31,1,3,6726624,6697692,6578853,6622723,6555374,6603368,6601072,6574635,6656859,6550348,6647744,6589394,6503547,6612364,6587623,6516749,6556754,6513790,6534092,6413475
649,0,1,3,6739551,6710973,6590421,6636314,6568544,6616723,6613878,6587712,6669933,6563512,6660979,6602699,6517650,6626262,6601606,6530582,6570208,6526780,6547774,6426142
650,31,1,3,6727179,6699691,6579269,6623672,6555839,6605233,6601955,6575470,6657832,6551167,6648808,6590558,6505778,6613502,6589182,6518793,6557640,6513705,6535029,6414360
651,0,1,3,6738644,6711081,6590915,6635214,6567829,6616853,6613440,6587412,6669816,6563026,6660487,6602437,6517082,6625749,6600566,6531433,6570152,6526055,6547138,6425324
652,31,1,3,6727404,6699901,6579567,6623850,6556526,6604949,6601944,6575297,6657891,6550981,6648394,6590231,6504837,6614083,6588956,6519060,6557654,6514438,6534880,6413726
653,0,1,3,6739286,6711972,6591323,6635321,6568489,6617010,6613794,6587630,6669729,6563373,6661246,6602663,6517258,6626601,6601449,6531701,6570429,6526866,6547659,6426294
654,31,1,3,6726705,6699109,6579621,6622859,6556287,6604602,6601744,6574938,6657616,6550808,6648378,6590084,6505416,6613285,6588417,6518993,6557925,6514304,6535202,6414775
655,0,1,3,6738505,6710607,6591575,6634982,6568889,6616150,6613292,6586920,6670150,6563073,6660836,6601578,6517201,6626306,6600628,6531777,6569838,6526922,6547194,6427435
656,31,1,3,6726015,6697623,6579038,6622524,6556092,6603188,6600799,6574013,6656795,6549930,6648023,6588700,6504409,6612715,6587875,6517747,6556169,6513733,6534125,6414111
657,0,1,3,6738553,6711462,6590938,6635831,6568583,6617055,6613394,6587040,6669740,6563423,6661042,6602898,6517316,6625160,6601316,6531610,6570039,6527583,6547583,6427144
658,31,1,3,6726868,6698573,6578244,6623389,6555788,6603856,6601035,6574205,6656373,6549631,6647900,6589862,6504434,6612046,6587541,6518473,6556860,6514153,6533882,6414663
659,0,1,3,6739097,6711130,6591151,6635684,6567904,6616367,6613519,6586340,6669891,6562241,6661106,6601947,6516841,6624815,6600384,6531553,6569933,6526774,6547452,6427525
660,31,1,3,6727372,6699356,6579215,6624486,6556738,6604406,6601978,6574809,6657921,6550964,6648818,6590062,6504929,6612965,6588621,6519062,6556826,6514875,6535471,6415342
661,0,1,3,6739371,6711881,6590424,6635763,6568841,6616773,6613552,6587431,6670126,6563803,6661573,6602329,6517032,6625913,6601874,6532222,6568746,6527241,6548234,6427093
662,31,1,3,6727227,6699787,6578177,6622449,6556868,6604537,6600737,6574948,6657237,6550757,6648062,6589839,6504774,6613134,6588297,6519018,6556141,6514180,6534347,6414170
663,0,1,3,6739577,6711580,6590404,6635439,6568887,6616568,6612974,6587819,6669298,6563354,6660667,6602068,6517103,6625390,6601018,6532326,6569657,6526835,6547035,6426981
664,31,1,3,6726955,6698586,6577871,6622493,6555618,6603687,6601036,6574515,6656445,6550115,6647685,6588707,6504341,6613152,6587527,6519025,6555941,6513704,6533874,6414435
665,0,1,3,6739696,6711702,6590865,6635828,6568743,6617190,6614293,6587900,6670027,6563942,6661441,6602791,6517696,6626506,6601829,6532890,6570304,6527583,6547106,6427921
666,31,1,3,6727413,6698428,6578573,6623308,6556370,6603610,6601505,6575361,6657228,6551113,6648203,6589841,6505050,6611724,6588749,6518966,6556413,6514591,6534214,6414620
667,0,1,3,6739286,6710129,6590085,6635633,6567635,6615753,6613927,6587663,6669417,6562915,6661532,6602275,6517045,6625164,6600446,6531873,6569188,6527782,6547270,6427292
668,31,1,3,6726253,6697404,6577701,6623346,6555159,6603548,6600508,6574348,6656376,6550532,6647219,6589804,6504343,6611846,6587254,6518705,6555274,6514238,6533228,6414050
669,0,1,3,6738849,6710727,6589940,6635803,6567659,6615776,6613808,6587008,6668890,6562908,6660886,6602424,6517054,6623592,6600121,6531803,6568369,6527373,6547500,6426548
670,31,1,3,6726973,6698138,6577779,6622782,6555770,6603647,6600450,6574255,6656707,6550516,6647600,6589580,6504251,6612167,6587488,6518511,6555874,6513765,6534732,6414885
671,0,1,3,6739003,6710896,6590385,6635327,6567856,6616346,6613330,6587093,6670703,6563098,6660534,6602474,6516486,6624038,6600138,6531535,6568939,6526935,6547813,6427974
672,31,1,3,6726265,6698653,6578500,6622056,6555898,6603643,6600580,6574769,6657354,6550745,6647751,6589869,6504543,6612482,6587842,6519208,6555737,6513508,6534807,6415571
673,0,1,3,6738841,6710979,6590453,6634790,6568353,6616323,6613228,6587658,6669937,6563620,6660910,6602467,6517059,6625078,6600456,6531648,6568662,6526617,6547484,6427934
674,31,1,3,6726830,6698209,6578244,6622877,6556015,6603978,6601230,6575362,6657839,6550428,6647482,6590143,6504796,6612039,6588207,6518734,6556097,6513555,6534766,6414622
675,0,1,3,6738794,6710088,6590558,6635377,6568054,6616211,6613958,6587470,6669852,6562710,6660802,6602210,6517080,6624097,6600057,6531381,6569293,6526811,6547103,6426833
676,31,1,3,6726642,6697432,6577810,6622733,6556240,6603802,6601034,6574869,6657817,6550099,6647010,6589237,6504695,6611361,6587789,6518307,6555696,6514015,6534163,6413325
677,0,1,3,6738049,6709439,6589569,6634171,6567232,6615031,6612433,6586485,6669591,6560538,6659726,6601387,6516248,6623835,6598688,6530442,6567412,6526208,6545356,6425190
678,31,1,3,6726448,6697927,6578527,6621794,6555155,6603297,6601508,6574523,6657821,6549160,6647490,6589687,6504532,6611547,6587487,6518074,6555434,6513956,6533529,6414012
679,0,1,3,6737541,6709877,6590015,6633158,6566895,6614917,6612709,6586409,6669165,6561473,6659893,6600690,6516304,6623383,6600002,6530341,6567269,6526349,6546424,6426136
680,31,1,3,6725706,6697418,6577721,6622093,6555280,6602996,6600443,6574438,6656531,6548533,6646592,6588932,6503422,6610708,6586264,6518008,6554733,6513284,6533993,6413658
681,0,1,3,6738323,6709640,6590121,6634647,6567561,6615636,6613486,6587075,6669434,6562169,6659888,6601818,6516201,6623787,6599805,6532029,6567912,6526235,6546962,6426637
682,31,1,3,6726846,6698700,6579307,6622612,6555649,6603217,6601841,6575215,6657370,6550042,6647831,6590260,6504548,6611835,6587483,6518878,6555328,6513863,6534784,6415261
683,0,1,3,6738806,6711522,6591179,6635501,6568277,6615489,6614119,6588348,6669899,6562643,6660613,6602745,6517118,6624333,6600447,6531681,6567697,6526759,6547399,6427482
684,31,1,3,6726810,6698328,6578757,6622504,6556106,6603299,6601554,6575748,6657333,6550092,6647643,6590263,6504241,6611408,6587410,6518975,6554254,6513941,6534321,6414742
685,0,1,3,6738829,6710333,6589729,6634239,6567132,6615101,6612799,6587339,6670016,6562139,6660903,6601582,6515654,6622539,6598879,6530668,6567356,6526293,6546140,6426438
686,31,1,3,6726127,6697560,6577142,6622086,6554082,6602970,6600077,6574025,6657043,6549311,6647132,6589003,6503097,6610971,6587142,6517360,6554148,6513236,6533295,6413540
687,0,1,3,6738373,6709914,6589629,6633557,6566871,6615466,6612382,6586721,6669445,6561535,6659758,6601553,6515430,6623793,6598687,6530617,6566977,6525556,6546191,6426528
688,31,1,3,6725933,6697660,6577396,6621597,6554783,6602974,6599692,6574908,6657360,6548732,6647549,6589454,6503209,6611373,6586560,6518248,6554784,6513076,6533705,6413969
689,0,1,3,6738409,6710780,6589883,6634764,6566860,6615751,6613142,6587975,6670662,6562283,6661180,6602450,6516747,6624186,6600326,6532047,6568331,6526390,6546925,6426998
690,31,1,3,6727134,6698562,6578432,6622254,6555442,6602633,6601211,6575010,6658255,6549681,6648379,6589791,6504789,6611366,6588249,6518947,6555511,6513679,6533783,6414699
691,0,1,3,6739247,6710739,6590476,6634728,6568287,6616519,6613659,6587798,6670811,6562882,6660995,6602398,6517191,6623852,6600347,6532270,6568420,6527166,6547267,6427965
692,31,1,3,6726417,6697259,6577657,6622224,6555411,6603869,6600470,6574735,6657760,6549225,6647348,6589242,6504254,6611151,6587502,6519369,6555074,6513891,6533730,6415238
693,0,1,3,6739698,6710054,6591374,6635606,6567932,6617260,6613618,6588467,6670600,6562908,6660993,6603024,6517203,6625621,6600979,6532775,6569562,6527439,6547737,6428246
694,31,1,3,6726870,6698070,6578313,6623355,6555723,6604603,6601018,6575467,6657341,6549480,6648015,6589617,6504400,6612898,6588571,6519219,6555743,6514533,6534335,6415540
695,0,1,3,6739329,6711147,6591319,6636603,6568925,6617886,6614198,6588640,6671230,6563548,6662039,6602499,6517428,6626287,6602411,6533057,6569596,6528034,6548168,6428450
696,31,1,3,6726004,6697996,6578553,6622793,6554759,6604041,6600755,6575766,6657543,6549750,6648132,6589077,6503617,6611861,6589108,6518856,6555660,6513619,6534169,6414093
697,0,1,3,6739012,6711387,6591498,6636278,6568330,6616850,6614263,6589357,6671090,6563296,6661849,6603332,6516996,6625153,6601805,6532638,6569538,6528222,6547620,6427445
698,31,1,3,6726355,6698914,6578349,6623670,6555980,6604470,6601530,6576216,6658120,6550007,6647972,6590849,6503872,6611944,6587562,6519139,6556255,6514286,6534262,6415084
699,0,1,3,6738200,6710238,6590288,6634372,6567936,6615927,6612672,6587536,6669995,6561134,6660556,6602490,6515707,6624072,6600021,6531503,6568745,6526621,6546325,6425726
700,31,1,3,6727041,6698885,6579409,6622914,6556470,6604490,6601522,6576080,6657768,6549183,6649154,6590943,6504673,6613388,6588698,6519386,6556972,6514251,6534552,6415097
701,0,1,3,6739021,6711310,6591074,6635644,6568121,6616453,6613759,6587893,6669221,6561452,6661155,6603096,6515889,6625113,6600174,6531471,6569472,6526195,6546826,6427287
702,31,1,3,6726621,6698293,6578758,6623020,6555836,6604061,6601417,6575548,6657175,6548617,6647846,6589843,6503687,6612601,6587459,6518855,6555438,6513226,6534126,6414466
703,0,1,3,6738442,6709659,6590220,6634535,6567781,6616050,6612967,6587244,6668887,6561847,6659993,6602154,6515861,6625073,6600365,6531216,6567656,6525865,6546720,6427292
704,31,1,3,6726248,6697885,6578691,6623245,6556171,6604118,6601362,6575282,6657253,6549423,6647848,6590424,6504136,6612579,6588320,6519323,6555220,6513509,6534609,6415488
705,0,1,3,6737840,6709674,6589961,6634003,6567941,6615064,6613378,6587050,6669082,6561316,6660510,6602095,6516116,6624658,6599848,6531644,6568779,6525658,6546291,6427210
706,31,1,3,6725565,6697867,6578506,6622218,6556300,6602757,6601357,6575280,6657237,6548790,6648276,6589872,6503656,6611973,6588184,6519528,6555983,6512856,6534094,6414707
707,0,1,3,6738366,6711294,6591073,6635021,6569104,6615995,6614372,6588291,6670365,6562509,6661442,6602839,6516987,6625473,6601066,6533363,6570351,6526673,6547711,6428098
708,31,1,3,6726380,6699472,6579385,6623666,6556919,6604353,6602321,6576202,6658241,6550728,6649158,6590322,6505400,6613879,6589032,6520581,6557757,6513976,6535853,6416000
709,0,1,3,6739534,6711680,6591491,6635674,6569074,6616828,6614928,6588496,6669916,6562931,6662599,6603102,6517783,6626302,6601674,6533236,6570676,6526426,6548399,6428540
710,31,1,3,6726526,6698480,6578509,6622302,6556631,6603760,6601414,6575820,6656516,6549569,6648404,6589942,6504446,6613018,6588542,6519752,6557073,6512847,6534429,6414977
711,0,1,3,6738528,6710083,6591087,6635510,6568716,6615431,6613963,6587461,6669625,6561926,6660906,6602037,6516091,6624397,6601593,6532669,6569322,6525101,6547298,6426801
712,31,1,3,6726511,6698399,6578848,6622605,6556220,6603432,6601198,6575012,6657066,6549947,6647858,6589811,6503560,6612071,6588472,6519335,6556108,6512504,6534714,6414329
713,0,1,3,6738163,6709847,6590519,6634260,6568313,6615647,6613077,6587247,6669130,6561798,6660061,6602078,6515463,6625298,6600046,6532002,6568158,6525465,6547053,6426824
714,31,1,3,6726882,6698497,6578925,6622161,6556652,6603520,6601316,6575141,6657280,6549833,6647728,6590040,6504043,6613117,6587666,6519296,6555984,6513641,6534525,6414601
715,0,1,3,6739103,6711211,6590150,6634924,6568378,6616240,6613691,6588017,6669987,6562284,6660702,6602677,6516388,6625908,6600937,6531717,6569670,6526425,6547908,6427623
716,31,1,3,6726109,6697460,6576897,6621759,6555318,6603292,6600845,6574699,6656333,6549396,6646478,6589801,6503545,6612786,6586876,6518839,6555546,6512723,6533708,6413456
717,0,1,3,6738484,6709674,6589367,6634551,6567839,6615891,6613743,6587531,6668722,6562625,6659590,6602615,6515767,6624875,6600584,6531690,6568344,6526091,6546184,6425498
718,31,1,3,6726591,6697768,6578129,6622392,6556007,6604077,6601930,6574388,6656435,6550663,6647271,6590195,6503833,6612421,6587642,6519156,6555440,6513326,6533961,6414039
719,0,1,3,6739009,6710779,6590050,6635324,6568456,6616072,6613776,6587612,6668830,6562547,6660066,6602983,6516310,6624520,6599642,6531528,6569281,6526613,6546570,6426613
720,31,1,3,6726521,6698336,6578620,6622879,6556247,6603941,6601964,6575299,6655832,6549679,6647921,6590276,6504007,6613256,6588005,6519229,6556279,6513622,6534328,6414211
721,0,1,3,6739664,6711397,6590304,6635741,6568440,6615718,6614652,6587508,6669238,6563142,6660783,6602254,6516590,6626029,6600961,6532547,6569604,6526277,6547761,6427081
722,31,1,3,6727123,6698858,6579236,6623920,6556522,6604101,6601916,6574802,6656908,6551102,6647775,6590490,6504292,6614311,6588523,6520084,6556791,6513821,6535519,6414895
723,0,1,3,6738685,6710556,6591075,6636526,6568028,6616209,6614191,6587726,6669345,6563091,6660775,6603328,6516894,6626605,6601050,6532602,6569484,6526781,6547856,6427239
724,31,1,3,6726582,6698412,6578486,6623352,6555171,6603157,6601194,6574734,6656501,6549991,6648203,6589898,6503599,6613610,6587646,6518710,6555839,6513352,6534473,6414562
725,0,1,3,6738753,6710650,6590833,6636174,6567672,6615694,6613945,6587338,6669086,6563391,6660838,6602519,6516059,6625406,6599554,6531617,6569069,6525668,6547143,6426542
726,31,1,3,6727462,6699164,6579704,6624370,6556540,6604611,6602148,6575806,6657588,6550846,6648726,6590752,6504777,6614753,6588678,6520050,6557148,6513601,6534986,6415203
727,0,1,3,6740154,6711433,6592129,6636869,6569137,6617093,6614994,6588012,6670304,6564015,6661695,6603576,6517113,6627071,6601170,6533181,6570482,6526706,6548244,6427638
728,31,1,3,6726386,6698648,6579233,6623700,6556163,6603719,6602379,6575153,6657031,6550738,6648495,6590227,6503478,6613920,6587929,6519208,6556558,6513534,6534178,6413803
729,0,1,3,6738890,6710811,6591244,6635891,6568123,6615568,6614075,6587993,6669322,6563494,6661043,6603117,6515748,6626517,6600831,6532469,6569448,6526668,6547255,6427007
730,31,1,3,6727405,6698545,6579283,6624035,6555975,6603983,6601620,6575554,6657369,6551595,6649128,6591041,6503854,6614378,6588354,6519095,6556328,6514314,6534680,6414880
731,0,1,3,6739101,6710499,6591398,6636399,6567774,6615777,6613935,6587573,6669221,6563852,6661431,6603100,6516588,6626458,6600811,6532170,6569704,6525969,6547372,6427187
732,31,1,3,6726029,6698438,6579115,6623374,6555429,6603466,6601165,6574630,6656297,6550882,6647528,6589740,6503460,6613675,6587428,6518960,6556411,6513163,6534288,6413938
733,0,1,3,6738891,6710636,6591180,6635279,6567277,6615872,6613016,6587453,6669234,6563898,6660807,6602416,6516279,6626415,6600225,6531380,6569667,6526489,6547655,6426648
734,31,1,3,6727579,6699568,6579931,6623987,6555642,6604801,6602245,6575893,6657350,6552345,6649038,6590479,6504717,6614591,6588460,6519368,6557988,6514944,6535410,6415368
735,0,1,3,6739942,6710828,6591892,6636926,6568198,6617657,6614023,6588576,6670167,6565053,6661949,6603103,6516899,6626765,6601317,6533178,6570912,6527367,6547570,6428278
736,31,1,3,6726600,6697409,6579301,6623776,6555248,6604297,6600956,6574483,6656578,6550935,6648606,6589844,6504009,6613298,6587868,6519303,6556746,6513414,6533859,6414938
737,0,1,3,6738653,6710510,6590961,6635724,6567879,6616287,6613780,6587560,6669107,6563559,6661494,6602770,6516758,6626587,6600282,6532094,6569158,6526298,6547187,6427506
738,31,1,3,6727046,6698344,6578916,6622871,6556018,6604044,6601579,6575077,6656954,6551441,6649307,6590915,6504203,6613297,6587698,6519115,6556778,6513916,6535024,6415523
739,0,1,3,6739673,6710730,6590682,6635628,6568662,6616437,6613369,6587579,6669290,6563831,6661518,6603278,6517094,6625211,6600855,6532023,6569495,6526336,6548063,6428155
740,31,1,3,6725647,6698352,6578228,6621687,6555909,6603557,6600447,6574346,6655973,6550840,6648065,6589819,6504378,6612523,6587559,6519356,6555823,6513493,6534637,6414556
741,0,1,3,6737912,6709903,6590350,6634208,6567547,6615564,6612386,6586471,6668660,6563021,6660640,6601879,6516092,6624598,6600251,6532551,6568756,6526124,6546999,6426449
742,31,1,3,6726714,6698303,6578740,6622662,6555958,6604166,6601240,6575019,6657111,6550753,6648572,6590777,6504404,6613285,6588370,6520119,6557263,6513713,6534430,6414547
743,0,1,3,6738482,6710647,6590588,6634227,6568096,6616608,6614201,6586874,6669761,6563008,6660830,6603034,6516463,6624772,6600838,6532777,6569657,6526757,6547337,6427053
744,31,1,3,6726788,6698444,6579135,6621799,6555956,6604413,6602126,6574519,6657354,6550297,6648124,6590056,6504280,6612584,6588472,6520401,6556752,6514025,6534855,6414792
745,0,1,3,6739145,6711267,6591326,6634558,6568523,6617082,6614945,6587181,6670030,6563625,6661254,6603399,6516609,6625987,6600725,6534083,6569984,6526865,6548110,6426613
746,31,1,3,6726256,6698496,6578235,6621773,6555677,6603345,6601645,6574810,6657158,6551042,6648128,6590094,6503606,6612867,6587364,6520049,6556636,6513176,6534840,6414649
747,0,1,3,6738623,6710837,6590659,6634637,6567810,6616170,6613692,6587281,6669805,6562753,6661355,6603289,6516124,6626398,6599882,6532413,6569154,6526520,6547439,6427620
748,31,1,3,6726501,6698851,6578565,6622741,6555473,6602984,6601512,6574765,6657728,6550623,6648213,6590476,6503861,6612884,6587374,6519726,6556232,6514388,6534482,6414971
749,0,1,3,6738944,6710730,6590498,6635183,6567732,6615916,6613392,6586619,6670443,6563154,6661207,6602888,6516036,6624462,6600858,6533061,6569147,6526881,6547083,6427522
750,31,1,3,6726298,6698208,6578204,6622580,6555402,6602528,6600874,6574801,6656951,6550404,6647785,6589732,6503749,6612051,6588575,6519477,6556450,6513717,6534047,6414960
751,0,1,3,6739036,6710470,6590548,6635204,6568709,6615988,6614341,6587531,6669961,6563097,6660720,6602598,6516060,6625074,6601084,6532379,6570263,6526532,6546832,6427679
752,31,1,3,6726441,6698374,6578117,6622141,6556250,6603609,6601153,6574849,6656852,6550495,6648326,6589805,6503784,6612304,6586836,6519007,6556403,6513493,6534243,6414543
753,0,1,3,6739410,6710952,6590368,6634701,6568710,6616149,6613284,6587468,6670313,6563121,6661411,6602819,6516755,6625381,6600188,6532403,6569634,6526926,6547633,6427582
754,31,1,3,6727862,6698976,6578817,6622482,6557519,6604712,6601786,6575823,6658399,6551058,6649325,6590800,6505029,6612984,6588260,6520073,6557330,6514548,6535165,6415354
755,0,1,3,6739967,6710972,6591730,6635504,6569658,6616817,6614269,6588582,6671153,6564924,6661581,6603688,6517497,6625695,6601378,6532846,6570555,6526781,6548701,6427259
756,31,1,3,6726481,6698126,6578371,6622408,6556249,6603239,6600450,6574316,6657454,6550586,6646988,6590019,6504242,6612653,6587805,6518463,6556364,6512698,6534116,6413268
757,0,1,3,6739469,6711441,6591156,6636177,6568838,6616686,6614347,6588268,6670899,6564299,6661099,6603200,6517905,6626350,6600830,6532395,6569845,6527371,6548179,6427065
758,31,1,3,6726665,6698234,6578811,6623531,6555845,6603501,6601234,6574825,6657382,6550996,6648053,6589855,6504797,6612713,6587452,6518538,6556359,6513824,6535302,6414284
759,0,1,3,6739808,6710766,6591799,6634986,6568814,6616564,6614976,6587863,6670193,6563166,6660909,6602671,6517491,6625113,6600548,6532083,6569485,6526590,6547636,6427216
760,31,1,3,6727143,6698647,6579041,6622129,6556185,6604249,6601932,6575043,6657591,6550636,6648258,6589997,6504850,6612636,6587347,6519043,6555994,6514058,6534825,6414716
761,0,1,3,6739628,6710923,6590443,6633401,6568375,6616875,6613754,6587465,6669913,6562948,6660699,6603089,6517426,6623815,6600104,6531836,6568599,6526560,6547564,6426439
762,31,1,3,6726924,6698428,6577844,6620862,6556144,6604020,6601719,6574782,6657326,6549730,6648115,6590104,6504572,6612786,6587092,6518485,6555694,6513356,6534940,6413408
763,0,1,3,6738498,6709523,6589922,6633088,6567572,6615795,6612962,6586254,6669553,6562284,6660835,6602431,6516395,6625115,6599703,6530115,6567190,6526368,6547173,6425775
764,31,1,3,6726729,6697736,6578067,6621395,6556225,6604056,6600958,6574421,6657330,6550557,6648618,6590255,6504297,6612174,6588340,6518510,6554835,6513939,6534729,6413852
765,0,1,3,6739069,6709971,6589524,6633066,6568861,6615995,6613547,6587501,6669437,6562633,6660548,6602303,6515980,6623686,6600442,6531175,6567826,6526481,6547464,6426696
766,31,1,3,6726436,6698201,6577814,6621678,6557780,6604064,6601857,6575315,6657497,6550557,6648640,6590108,6505022,6612322,6587924,6518987,6555502,6514473,6535303,6415336
767,0,1,3,6738986,6710084,6590084,6634502,6569711,6616080,6613662,6587495,6670022,6562845,6661213,6602970,6517413,6625297,6600043,6532227,6568612,6527188,6547932,6427555
768,31,1,3,6726122,6697986,6578577,6622547,6557291,6604010,6601232,6574830,6657018,6549450,6647916,6589387,6504459,6612561,6587744,6519281,6555064,6513631,6535034,6414712
769,0,1,3,6739107,6711565,6589814,6634118,6570112,6616490,6613953,6587113,6670430,6562091,6660629,6602837,6516353,6624047,6599573,6531829,6568058,6526523,6547489,6427294
770,31,1,3,6727286,6699664,6577931,6622346,6557515,6604741,6601147,6574546,6658503,6550241,6648781,6590560,6504035,6612277,6587326,6519627,6556539,6513669,6535509,6414720
771,0,1,3,6739722,6711835,6590714,6635220,6569971,6617204,6613818,6587147,6670885,6563103,6662324,6603235,6516996,6626088,6600400,6532638,6569889,6526888,6548612,6427424
772,31,1,3,6726652,6698970,6578347,6622356,6557503,6604080,6600812,6574393,6657588,6550804,6648758,6589999,6504522,6612527,6587382,6519493,6556633,6514141,6535737,6414676
773,0,1,3,6739282,6711793,6590046,6635126,6569575,6617377,6613809,6587445,6670385,6563124,6661798,6602448,6517256,6625685,6600033,6532608,6569916,6527536,6548627,6427095
774,31,1,3,6726148,6698109,6577860,6621831,6557161,6604538,6600905,6574342,6657462,6549992,6648897,6589877,6504236,6612478,6586971,6518958,6555714,6514527,6535113,6415205
775,0,1,3,6738836,6711042,6590340,6634768,6569377,6616865,6613151,6587078,6670642,6562985,6661938,6602705,6516926,6625294,6599141,6532392,6568692,6526920,6547615,6428013
776,31,1,3,6726284,6698102,6577263,6622133,6556610,6603790,6600504,6573660,6657759,6550101,6648967,6589336,6503945,6612392,6586504,6519361,6555661,6513634,6534513,6414557
777,0,1,3,6738684,6710366,6589951,6635117,6569107,6616616,6613256,6586762,6670936,6563421,6662345,6601940,6516596,6625170,6599596,6532624,6569397,6526191,6547180,6427166
778,31,1,3,6726831,6698442,6578646,6623144,6557099,6604729,6601313,6574311,6658526,6550451,6649186,6589499,6504652,6612283,6587020,6519375,6556496,6513672,6534641,6414616
779,0,1,3,6740214,6710873,6591110,6636253,6569666,6617547,6614472,6587405,6672000,6563712,6662502,6602980,6518203,6626149,6600942,6532848,6569833,6527286,6548041,6427857
780,31,1,3,6726871,6697478,6577868,6622404,6557143,6604302,6600811,6574424,6658220,6549125,6648461,6589785,6504780,6612363,6586671,6518860,6556411,6513843,6533829,6414709
781,0,1,3,6739561,6710240,6590799,6635526,6569915,6617053,6613910,6587714,6671477,6562427,6662250,6602543,6517471,6625869,6599424,6532675,6569782,6527305,6547183,6427707
782,31,1,3,6726654,6697605,6578362,6621706,6556744,6603680,6601224,6574156,6657932,6549330,6648163,6589366,6504736,6612572,6586171,6518988,6555165,6513560,6533637,6414600
783,0,1,3,6739045,6710111,6590182,6633873,6569587,6617243,6614087,6586119,6670520,6562284,6661321,6601619,6517391,6625746,6599722,6532824,6568573,6526449,6546824,6427353
784,31,1,3,6726170,6696838,6577706,6621054,6556620,6604036,6600557,6573357,6657756,6549138,6648070,6588695,6504495,6611596,6586445,6519482,6555177,6513218,6532986,6414423
785,0,1,3,6737606,6709847,6590240,6634285,6568860,6616983,6612904,6586621,6669891,6562400,6660943,6601570,6517371,6625267,6599785,6532511,6568871,6526524,6545960,6427046
786,31,1,3,6726816,6698394,6578979,6622719,6557317,6604836,6601695,6575075,6657934,6549898,6649150,6590104,6505233,6613767,6588073,6520445,6557121,6514844,6534012,6415488
787,0,1,3,6738470,6709461,6590052,6634675,6568877,6616529,6613258,6586726,6669782,6562175,6661876,6602041,6516935,6625627,6599847,6532893,6569623,6527067,6546378,6427563
788,31,1,3,6726993,6698894,6580355,6623083,6557942,6604062,6601896,6574849,6657822,6550271,6649956,6590310,6505622,6613680,6587859,6520407,6556526,6514582,6534274,6415025
789,0,1,3,6738733,6710717,6591157,6635445,6569042,6615975,6613588,6587330,6669722,6562291,6662439,6602205,6517690,6624781,6600395,6532724,6569153,6526679,6546538,6427419
790,31,1,3,6726946,6698251,6579383,6623422,6557179,6604294,6601630,6575484,6656881,6549576,6649009,6589843,6505575,6613637,6587897,6519807,6556091,6513682,6533817,6415510
791,0,1,3,6739103,6710146,6590696,6635111,6569338,6615631,6613819,6587750,6669039,6562156,6661845,6602637,6516918,6625940,6600705,6532884,6569268,6526743,6546934,6428011
792,31,1,3,6725486,6695673,6577556,6621875,6555719,6603238,6600369,6573862,6656025,6549107,6647648,6589041,6503579,6612021,6587078,6519543,6554982,6512855,6533099,6414330
793,0,1,3,6737990,6709505,6590531,6634729,6569070,6616662,6612950,6586488,6668981,6562394,6660563,6602198,6516627,6624902,6599465,6532591,6567520,6526485,6546411,6427521
794,31,1,3,6725795,6697503,6578877,6622199,6557156,6604055,6600794,6574183,6656717,6549263,6647433,6589521,6504370,6612259,6587396,6520074,6554664,6513885,6532894,6414003
795,0,1,3,6738595,6709851,6590713,6634747,6570349,6617008,6613862,6586800,6670440,6562195,6660699,6602579,6517504,6624924,6600102,6533489,6569162,6527267,6545901,6426817
796,31,1,3,6726965,6699141,6579209,6623346,6558562,6604889,6602094,6575547,6658243,6550463,6648417,6590625,6505009,6613590,6588194,6521401,6556451,6514576,6533540,6414789
797,0,1,3,6739917,6711816,6591705,6635973,6570440,6617835,6614884,6588202,6670340,6563372,6661388,6603596,6517693,6626427,6601320,6534033,6569582,6527585,6546942,6427527
798,31,1,3,6727497,6699527,6579146,6623735,6558231,6605847,6602559,6575529,6657912,6550558,6648544,6590832,6505509,6614180,6588479,6521028,6556617,6515416,6535257,6415277
799,0,1,3,6739472,6711070,6590954,6635783,6570067,6617858,6614670,6587801,6670622,6563192,6661493,6603155,6517326,6626555,6600713,6533162,6569307,6528274,6547577,6427536
800,31,1,3,6727251,6698414,6578332,6623389,6556741,6605025,6601792,6574290,6656856,6549817,6647599,6590309,6504484,6612787,6587477,6519856,6556915,6514802,6534212,6415022
801,0,1,3,6739084,6710107,6589607,6635168,6568860,6617348,6613945,6586588,6669726,6562309,6660175,6602458,6516965,6625174,6599869,6532515,6569650,6526887,6546976,6427641
802,31,1,3,6726834,6698824,6578104,6623560,6557470,6605588,6601444,6575282,6658071,6550089,6647686,6590905,6504694,6613164,6588034,6520032,6557426,6514688,6534900,6415359
803,0,1,3,6739105,6710688,6590209,6635408,6569884,6617591,6613786,6587571,6670005,6562282,6660530,6603414,6517531,6624907,6600929,6532334,6569804,6526985,6546895,6427775
804,31,1,3,6725630,6698286,6577644,6622612,6557189,6604636,6601928,6574789,6657299,6549655,6647891,6590643,6504072,6612549,6587357,6518619,6556430,6513880,6534027,6414737
805,0,1,3,6738447,6710021,6590209,6634696,6569268,6616823,6614325,6586870,6670114,6561803,6660755,6603102,6517249,6624574,6600133,6532408,6569176,6527014,6546637,6427144
806,31,1,3,6726618,6697898,6578462,6623220,6557542,6604616,6601896,6575177,6658075,6550063,6648295,6590747,6505113,6612942,6588306,6519968,6556344,6514553,6534704,6414982
807,0,1,3,6738865,6710259,6591257,6635175,6569862,6617328,6614385,6587025,6670644,6563040,6660556,6603194,6518064,6625433,6601111,6532754,6569579,6527232,6547807,6427269
808,31,1,3,6726818,6698620,6579198,6623849,6558368,6605139,6602305,6575488,6658385,6550699,6648012,6590927,6505786,6613837,6587925,6519818,6557102,6514938,6535121,6415256
809,0,1,3,6738890,6710795,6590260,6635911,6569470,6617131,6614106,6587627,6670578,6562505,6660951,6602860,6518182,6625746,6600417,6532511,6569550,6527132,6547875,6427673
810,31,1,3,6726385,6698202,6577635,6622762,6557401,6604249,6601080,6575082,6657691,6549372,6646922,6590048,6505363,6611901,6588559,6518520,6556275,6514185,6534160,6414920
811,0,1,3,6739405,6710541,6589886,6635699,6569579,6616677,6613039,6587547,6670832,6562053,6660207,6602672,6517433,6624712,6600932,6532129,6568948,6527368,6547251,6427520
812,31,1,3,6726389,6697944,6577568,6622936,6557441,6604139,6600730,6574619,6658273,6549339,6647327,6589614,6504651,6613279,6588140,6518860,6555836,6514309,6534133,6414874
813,0,1,3,6738735,6709611,6589644,6635224,6569505,6616070,6612909,6587477,6670036,6561722,6660415,6602271,6516363,6625363,6600548,6531893,6569463,6526419,6546796,6427543
814,31,1,3,6726516,6698595,6578051,6622955,6557239,6604313,6600652,6575402,6657724,6549507,6648034,6590458,6505071,6613367,6587715,6519272,6556817,6514546,6534102,6415248
815,0,1,3,6739224,6710507,6589950,6634716,6569135,6616361,6612700,6586843,6670265,6562045,6660597,6602879,6516914,6624691,6600105,6532500,6569594,6526996,6546907,6427353
816,31,1,3,6726269,6698303,6577837,6622456,6557106,6604251,6600705,6575379,6657706,6549349,6647921,6590030,6504068,6612357,6587648,6519205,6556227,6514234,6534316,6414499
817,0,1,3,6738671,6710736,6589234,6634589,6569719,6616659,6613057,6587623,6670186,6561759,6661193,6602852,6516606,6625873,6600505,6532155,6569532,6526103,6546785,6426759
818,31,1,3,6727117,6697917,6576960,6623346,6557381,6604483,6600843,6575116,6657452,6548788,6648242,6590340,6504455,6613184,6587859,6519288,6556377,6513710,6533506,6413522
819,0,1,3,6739968,6711109,6589166,6636158,6570162,6616469,6613916,6587834,6670056,6561705,6661566,6603080,6517057,6625418,6600506,6532383,6569630,6526295,6547110,6426355
820,31,1,3,6727810,6698495,6576691,6623180,6557530,6603972,6601144,6574762,6657751,6549210,6648089,6590349,6504401,6612772,6587742,6518866,6556398,6514011,6534490,6413978
821,0,1,3,6739883,6710491,6588888,6635297,6569211,6616682,6613452,6586555,6669962,6562183,6661392,6602447,6516778,6625620,6600701,6531854,6568976,6526830,6547048,6426616
822,31,1,3,6727159,6697782,6576216,6622711,6556498,6603878,6600408,6573936,6656682,6549075,6647422,6589057,6504106,6612465,6587226,6518185,6555730,6513951,6534006,6414146
823,0,1,3,6739737,6710120,6589385,6634924,6568921,6616064,6613062,6586659,6669646,6562281,6660056,6602022,6516356,6624855,6600181,6530963,6568770,6525854,6547077,6426651
824,31,1,3,6727522,6698786,6577959,6623349,6557807,6603964,6601666,6575076,6657983,6549989,6648417,6590901,6504532,6612551,6588146,6519967,6556546,6513944,6535461,6414964
825,0,1,3,6740148,6711511,6590397,6636242,6570713,6616901,6614479,6588036,6670647,6562432,6661344,6603961,6517581,6625411,6601091,6532901,6569537,6527495,6548347,6428495
826,31,1,3,6727090,6698663,6577826,6623429,6557993,6603890,6602055,6574702,6657502,6548983,6648578,6590340,6504580,6613197,6588557,6519310,6556294,6514065,6535004,6415042
827,0,1,3,6738635,6710827,6589253,6635571,6569663,6615978,6613587,6587164,6669413,6561714,6661109,6602330,6516312,6625868,6600638,6532100,6568906,6525936,6547586,6427562
828,31,1,3,6725801,6698462,6577940,6623935,6557682,6603812,6601010,6574837,6656896,6549433,6647997,6590262,6504935,6613699,6588443,6519855,6555539,6514064,6535119,6414820
829,0,1,3,6738192,6709906,6589538,6635157,6569033,6615722,6613083,6586430,6668531,6561187,6660118,6602235,6516400,6625094,6600011,6531704,6567964,6525693,6546597,6426631
830,31,1,3,6726659,6698354,6577837,6623482,6556937,6603221,6601214,6574254,6656875,6549342,6647781,6590592,6505082,6612568,6587670,6519119,6556212,6514011,6535175,6414234
831,0,1,3,6739351,6711160,6590990,6635944,6570211,6615923,6614178,6587409,6669974,6562788,6661667,6603266,6517524,6626076,6601682,6532381,6569529,6527403,6548093,6427789
832,31,1,3,6726822,6698761,6578966,6623314,6557842,6603754,6601669,6575000,6656746,6550211,6648499,6590593,6505258,6614095,6588619,6519606,6556816,6514080,6535304,6414835
833,0,1,3,6739220,6710829,6590737,6635950,6569646,6616327,6614803,6587476,6669924,6562757,6661320,6603334,6517419,6626573,6601174,6532457,6570056,6527466,6548609,6427110
834,31,1,3,6726246,6698120,6577809,6623382,6556792,6604426,6601454,6574031,6657053,6549439,6647937,6590674,6503884,6613090,6588012,6519429,6556659,6514069,6534991,6414545
835,0,1,3,6739134,6710353,6591134,6637242,6569689,6617362,6615738,6587315,6670034,6562344,6661176,6603913,6516348,6626110,6600968,6532210,6570071,6527042,6548417,6427317
836,31,1,3,6725821,6697355,6577795,6623356,6556935,6603998,6601392,6573749,6655935,6549140,6647429,6590118,6503193,6612417,6587378,6518163,6555743,6513734,6534118,6413963
837,0,1,3,6737846,6710319,6590386,6635469,6569145,6616207,6613871,6587574,6668955,6561589,6660779,6603324,6515572,6625149,6600120,6531462,6569186,6526831,6547955,6426790
838,31,1,3,6726173,6698312,6578421,6623758,6556972,6604078,6601545,6575218,6656902,6549654,6647951,6591178,6503628,6613361,6588263,6518914,6556761,6514264,6535234,6414902
839,0,1,3,6737764,6710621,6590310,6635731,6568538,6616585,6614227,6587288,6669637,6561738,6660723,6603014,6516265,6625381,6600263,6531568,6568754,6527749,6546670,6426468
840,31,1,3,6726444,6698784,6578425,6624007,6556995,6604142,6601431,6574890,6657163,6549869,6648124,6590688,6504423,6613244,6587451,6519184,6556019,6514779,6534025,6413614
841,0,1,3,6738233,6709917,6589025,6634712,6568128,6615956,6613015,6586446,6668801,6561358,6659767,6601288,6515786,6625238,6599307,6531463,6568137,6526810,6545675,6424942
842,31,1,3,6726128,6699079,6577786,6623203,6556493,6604063,6601253,6574871,6656826,6549046,6647890,6589953,6504175,6612570,6586840,6519253,6556691,6513837,6533435,6412732
843,0,1,3,6738914,6712213,6590224,6635927,6568329,6616697,6612856,6587395,6669033,6562025,6660501,6602653,6517045,6624960,6599216,6532173,6569408,6527042,6545997,6425483
844,31,1,3,6726568,6698858,6577775,6623366,6556106,6603689,6600958,6574267,6656414,6549587,6647769,6589541,6503953,6612123,6586946,6519034,6556527,6513453,6533327,6413174
845,0,1,3,6738887,6711575,6589955,6635902,6568611,6616742,6613438,6587537,6669476,6562577,6660741,6602681,6516853,6624642,6600410,6532331,6569731,6526613,6547001,6426411
846,31,1,3,6726478,6698754,6577390,6623002,6556334,6604445,6600979,6575035,6656265,6549760,6648566,6589509,6504076,6611996,6587902,6519340,6556775,6513746,6534043,6414091
847,0,1,3,6737973,6711032,6590077,6635517,6568472,6615693,6613651,6587267,6668818,6562365,6661401,6602606,6516314,6624798,6600779,6532315,6569616,6526104,6547509,6426483
848,31,1,3,6725329,6697738,6577899,6622521,6556018,6602403,6600391,6573814,6655995,6549630,6647242,6589700,6503085,6612284,6587115,6518406,6555935,6512414,6533803,6413408
849,0,1,3,6738105,6710322,6590179,6636086,6568798,6615633,6614001,6586812,6668893,6562504,6661131,6602872,6516362,6625302,6601201,6532184,6570111,6526428,6547064,6425968
850,31,1,3,6725563,6697518,6577697,6623014,6556072,6602920,6601176,6573991,6655742,6549310,6648454,6589545,6503620,6612848,6587673,6518860,6556385,6513142,6533988,6412998
851,0,1,3,6738778,6710048,6589876,6635499,6568855,6615694,6613464,6586900,6668300,6562359,6661030,6602679,6516551,6625028,6600701,6531745,6569887,6526420,6546622,6425769
852,31,1,3,6725246,6697507,6577316,6623297,6556364,6603067,6601052,6574190,6655918,6549347,6647549,6589134,6503503,6612033,6587282,6518464,6556696,6513143,6533657,6413613
853,0,1,3,6738498,6709742,6590073,6635818,6569295,6616027,6613033,6586629,6668525,6562352,6661463,6602327,6516791,6625116,6601284,6531023,6569596,6526250,6547069,6427221
854,31,1,3,6726816,6697752,6578319,6623701,6557859,6603556,6600821,6574593,6656449,6548875,6649183,6589731,6504457,6613715,6588321,6518961,6556827,6513733,6534292,6414702
855,0,1,3,6739066,6710661,6590645,6635621,6570177,6616110,6614387,6587377,6669877,6561533,6661923,6602737,6517040,6625955,6601404,6532323,6569642,6526964,6547620,6427358
856,31,1,3,6726234,6696701,6577293,6622759,6557288,6602653,6600570,6574046,6656113,6548483,6648460,6589390,6503578,6612034,6587456,6518305,6556150,6513096,6533601,6414669
857,0,1,3,6738473,6709683,6589375,6635216,6569592,6616062,6613203,6586458,6668869,6561511,6660641,6601945,6516465,6625040,6599883,6531312,6569212,6526230,6546861,6426725
858,31,1,3,6726189,6697225,6577368,6623097,6557731,6603986,6600180,6574610,6656330,6549063,6647872,6589538,6504243,6612547,6587372,6518469,6555923,6513390,6533727,6414193
859,0,1,3,6738497,6710823,6590180,6635774,6569868,6616650,6613304,6587354,6669439,6562175,6661374,6602893,6517174,6626052,6600296,6532501,6569372,6526662,6547074,6427719
860,31,1,3,6726016,6698051,6577757,6623355,6557032,6604281,6600414,6574415,6657036,6548710,6648513,6590194,6504081,6612315,6588158,6518804,6555911,6513690,6534109,6414889
861,0,1,3,6738482,6710583,6590535,6635783,6569642,6616632,6611961,6587078,6669886,6562287,6661890,6602544,6515915,6624859,6600920,6531775,6569485,6526036,6545800,6427325
862,31,1,3,6726414,6698142,6578186,6623042,6557313,6603867,6600358,6574878,6657245,6550124,6649008,6590462,6503869,6612029,6588403,6519315,6556505,6514027,6533650,6414363
863,0,1,3,6738168,6710518,6590887,6635218,6568983,6616101,6612251,6587435,6669677,6562412,6661130,6602721,6516493,6625295,6601420,6532185,6569552,6526777,6546210,6426421
864,31,1,3,6725563,6697808,6577788,6622709,6556639,6603281,6600000,6574450,6656749,6548719,6648177,6589801,6504565,6612195,6587868,6518784,6556447,6513948,6533011,6413779
865,0,1,3,6738144,6709729,6589384,6635143,6568863,6616000,6612571,6586903,6668971,6561656,6661003,6602176,6516013,6623935,6600349,6531672,6568516,6526245,6546014,6426011
866,31,1,3,6725650,6698206,6577708,6623305,6556739,6604024,6600721,6574706,6657030,6550362,6648133,6590268,6504185,6609993,6588000,6519168,6555759,6513756,6534086,6414337
867,0,1,3,6737833,6711074,6589569,6635752,6569923,6615872,6612745,6586745,6669413,6562592,6661358,6602804,6516016,6623459,6600669,6531939,6568971,6526280,6547126,6427306
868,31,1,3,6725283,6698090,6577277,6622849,6557095,6603979,6600962,6574004,6656289,6549426,6648248,6590016,6503836,6610930,6588140,6519150,6556303,6513506,6534067,6414075
869,0,1,3,6737328,6710312,6589373,6635110,6568691,6616229,6612907,6586383,6669040,6561242,6661119,6602345,6515764,6623252,6599565,6531698,6569371,6526509,6546485,6426459
870,31,1,3,6725578,6697920,6577825,6623027,6557401,6603952,6600611,6574809,6657337,6549653,6649015,6590357,6503897,6611489,6586904,6518794,6555614,6513732,6534330,6413963
871,0,1,3,6738393,6710216,6590384,6635660,6570286,6616559,6613421,6587774,6670025,6563185,6661801,6603468,6516577,6624296,6599469,6531992,6569356,6527279,6547463,6427097
872,31,1,3,6725796,6698181,6577925,6622961,6556779,6603653,6600499,6574752,6657214,6550185,6648678,6590490,6503873,6611120,6587532,6519002,6556680,6513680,6534268,6413596
873,0,1,3,6737281,6710228,6589087,6634595,6568387,6614731,6612210,6586236,6668504,6562181,6660741,6602067,6515810,6623029,6598804,6531699,6569174,6525905,6546439,6425468
874,31,1,3,6724520,6698357,6577337,6622676,6556478,6602643,6599705,6573745,6656198,6549683,6647585,6589527,6503395,6611315,6586897,6519325,6556718,6512846,6533829,6413713
875,0,1,3,6737969,6711037,6589781,6635574,6569113,6616354,6613022,6587177,6669118,6563195,6661210,6603132,6517060,6624699,6600516,6532497,6569078,6527012,6547513,6427347
876,31,1,3,6725507,6698355,6577829,6623010,6556750,6603332,6600966,6574597,6656336,6550550,6647572,6590100,6504305,6612046,6587523,6518804,6555957,6513357,6535056,6414064
877,0,1,3,6738522,6710355,6589306,6635213,6568538,6615541,6612941,6586853,6668664,6562562,6660629,6602427,6516271,6624159,6600006,6531618,6568917,6525823,6547059,6426869
878,31,1,3,6725337,6697857,6576974,6622272,6556435,6603247,6600828,6574710,6656241,6549924,6648259,6589987,6504108,6611756,6587835,6519032,6556007,6513079,6534315,6413969
879,0,1,3,6737965,6709836,6588882,6634824,6569477,6615386,6613151,6587137,6668458,6562200,6661102,6602869,6516954,6624057,6600673,6532065,6568951,6525969,6547277,6426930
880,31,1,3,6725267,6697671,6576549,6622482,6556673,6602979,6600555,6573598,6655966,6548915,6648209,6589316,6503643,6611302,6587190,6518616,6555592,6512342,6534831,6414392
881,0,1,3,6737866,6710272,6589610,6634975,6568782,6616187,6613300,6587048,6669035,6562225,6661185,6602522,6516367,6624464,6600479,6531715,6568108,6525426,6548073,6427169
882,31,1,3,6725267,6697885,6577071,6622428,6556236,6603627,6601294,6575082,6656980,6550545,6648153,6589706,6504325,6612093,6587574,6518770,6555171,6513107,6535176,6414200
883,0,1,3,6737628,6710002,6588858,6634638,6568464,6615484,6613633,6587549,6669634,6562892,6660675,6602388,6517298,6624742,6600136,6531192,6568691,6525325,6547932,6425822
884,31,1,3,6725387,6697520,6576317,6621584,6556132,6602992,6601265,6574333,6656231,6549190,6647950,6588976,6503994,6611591,6587388,6518467,6555027,6512589,6534414,6412834
885,0,1,3,6737280,6710249,6589069,6634003,6568793,6615457,6613116,6586700,6669062,6562631,6660390,6601780,6516670,6625155,6599905,6531505,6567692,6526020,6547398,6425321
886,31,1,3,6724978,6697272,6576721,6621806,6556171,6603387,6600225,6573996,6656516,6549717,6647610,6589316,6504107,6611999,6587239,6518726,6555058,6512695,6534234,6412830
887,0,1,3,6737519,6710470,6589866,6634200,6568421,6616580,6613426,6586373,6669764,6562417,6660622,6602179,6516762,6625174,6600182,6531903,6568752,6526047,6547906,6426186
888,31,1,3,6724705,6698546,6577657,6622046,6556370,6603576,6600766,6574267,6656094,6549389,6647876,6589629,6504160,6612343,6587072,6518439,6555472,6512711,6535030,6413830
889,0,1,3,6736569,6710721,6589427,6634423,6567780,6615664,6612447,6586382,6668061,6561601,6660582,6602146,6515906,6624516,6599218,6530869,6568286,6525258,6547324,6425624
890,31,1,3,6725152,6698869,6578097,6622951,6557152,6603523,6600677,6575050,6656958,6550241,6648962,6590375,6504864,6612819,6587205,6518669,6556008,6513187,6535257,6414680
891,0,1,3,6737129,6710999,6589952,6634609,6569293,6616244,6614258,6587508,6669983,6562505,6661796,6602765,6516982,6625627,6598885,6531585,6569552,6525822,6547869,6426947
892,31,1,3,6726147,6699252,6578846,6623064,6557668,6604494,6601995,6575747,6657115,6549994,6649540,6590066,6504845,6614001,6586948,6519275,6557189,6514021,6535453,6414762
893,0,1,3,6738455,6711264,6589958,6635109,6569216,6616214,6613960,6587486,6668883,6561974,6661595,6602003,6516750,6624554,6599218,6532150,6568975,6526008,6548157,6427269
894,31,1,3,6725686,6698588,6577149,6621780,6556490,6603007,6601301,6574374,6656332,6548707,6648978,6589516,6504548,6611512,6586528,6518342,6555094,6512545,6534706,6413455
895,0,1,3,6737799,6710679,6589217,6634686,6568899,6615101,6614427,6586735,6669707,6562270,6660997,6602185,6516807,6624506,6599584,6531166,6568397,6525736,6547443,6426323
896,31,1,3,6724840,6698099,6576568,6622181,6555844,6602785,6601329,6574004,6656820,6548484,6647866,6589771,6503869,6612289,6586168,6517993,6554588,6512356,6534191,6413299
897,0,1,3,6736815,6710930,6589588,6634472,6568776,6615272,6613915,6587131,6670217,6562272,6661509,6602550,6516456,6625731,6599735,6531434,6567856,6525302,6547169,6426187
898,31,1,3,6724335,6698732,6577459,6622477,6556144,6603131,6600465,6574605,6657002,6549896,6648680,6590229,6503529,6612660,6586455,6518122,6554653,6511981,6534627,6413746
899,0,1,3,6738340,6711885,6590451,6636110,6569400,6616045,6613936,6587793,6670585,6563517,6662869,6603411,6517161,6626225,6600457,6532053,6569779,6526334,6548374,6427442
900,31,1,3,6725521,6698878,6577911,6623301,6557306,6603083,6601759,6575905,6657634,6550751,6649663,6590677,6504491,6613438,6587593,6519045,6556754,6513356,6535570,6414671
901,0,1,3,6738709,6711368,6590678,6635986,6569968,6615919,6614641,6589195,6670678,6564394,6662910,6603362,6517388,6626397,6601274,6533089,6569791,6527355,6548399,6427588
902,31,1,3,6726531,6698938,6578333,6623656,6558140,6603024,6602035,6576148,6657659,6550843,6649374,6590887,6504990,6613605,6587702,6519441,6556483,6514702,6534956,6414948
903,0,1,3,6737928,6709970,6589372,6635991,6569496,6615256,6613678,6587463,6669425,6562925,6661004,6602471,6516466,6624918,6600339,6531632,6568625,6526099,6546784,6426531
904,31,1,3,6725833,6698693,6577123,6623385,6557644,6603038,6601183,6574745,6656873,6549746,6647935,6589871,6504655,6612954,6587617,6518714,6556047,6513239,6534112,6413668
905,0,1,3,6738315,6710494,6589045,6635671,6569564,6615232,6613201,6586783,6669133,6562694,6660565,6602555,6517029,6625567,6600100,6531895,6568861,6525604,6546820,6426196
906,31,1,3,6725408,6698207,6577261,6623833,6557298,6603347,6601181,6574523,6657071,6550849,6648333,6590349,6504708,6612912,6587698,6519041,6555747,6513191,6533847,6414198
907,0,1,3,6739005,6710891,6590158,6636580,6569648,6615666,6613962,6587090,6670069,6563295,6661474,6603306,6517758,6625465,6600793,6532361,6568695,6526448,6547556,6426697
908,31,1,3,6726374,6697814,6577318,6623948,6556644,6603232,6600983,6574448,6656229,6550413,6648295,6590265,6504377,6613677,6587670,6519199,6556423,6512841,6534059,6413199
909,0,1,3,6738385,6708872,6589224,6635560,6568440,6614990,6612074,6586034,6668556,6561829,6660904,6601643,6516493,6625359,6599144,6530851,6568396,6525331,6547022,6425282
910,31,1,3,6725872,6698030,6577596,6623826,6557145,6603413,6601113,6573870,6657100,6550510,6648639,6589906,6504710,6612939,6586749,6519605,6555934,6513960,6534729,6413807
911,0,1,3,6738527,6709980,6589253,6635467,6568920,6615018,6612512,6586284,6669131,6562622,6660519,6601792,6516708,6624639,6598787,6532269,6568468,6525262,6546748,6425456
912,31,1,3,6725160,6697460,6577054,6622287,6556263,6602239,6600717,6573459,6656583,6549127,6647621,6589092,6503589,6612057,6586531,6518631,6554561,6512540,6533183,6411882
913,0,1,3,6738071,6710467,6588999,6635729,6569473,6614810,6613570,6586421,6669414,6562728,6661379,6602436,6516161,6625192,6599262,6532322,6568468,6526069,6546186,6425486
914,31,1,3,6725386,6698137,6577599,6623151,6556973,6602429,6601096,6574182,6656695,6550344,6648073,6589778,6504128,6613084,6587146,6519516,6554844,6513453,6533573,6412852
915,0,1,3,6737838,6709640,6589526,6635124,6568592,6614226,6612907,6586478,6669445,6562765,6660541,6601644,6516693,6625678,6600122,6531990,6567044,6525822,6546020,6425003
916,31,1,3,6726407,6698295,6578180,6623811,6556740,6602723,6600667,6574541,6657748,6550753,6647958,6589134,6504763,6613192,6587337,6519263,6555258,6513925,6534175,6413288
917,0,1,3,6738604,6709829,6589201,6635190,6568623,6615199,6613671,6586937,6669977,6563486,6661145,6602052,6516812,6625022,6599410,6531727,6568455,6526380,6547364,6425793
918,31,1,3,6726209,6697664,6576769,6622899,6555864,6602759,6600847,6573987,6656393,6549785,6647338,6589214,6503505,6612301,6586380,6518677,6554933,6512950,6534047,6412823
919,0,1,3,6738424,6709646,6589796,6635375,6568021,6615109,6613436,6586410,6668761,6562462,6660057,6601685,6515825,6624960,6599383,6531087,6567725,6525963,6546625,6425065
920,31,1,3,6726981,6697569,6578059,6623172,6556099,6603337,6600587,6574331,6656573,6550798,6647741,6589876,6504472,6612956,6586694,6518869,6555180,6514131,6534327,6412777
921,0,1,3,6738111,6709246,6590177,6635582,6569275,6616348,6613458,6587059,6669809,6563440,6660902,6602798,6517319,6626219,6600250,6532036,6568861,6526722,6547630,6426341
922,31,1,3,6726222,6696410,6578301,6624012,6556981,6604351,6600353,6574355,6657705,6550666,6647627,6589476,6505074,6613047,6586912,6518769,6555518,6513120,6534251,6413391
923,0,1,3,6738051,6708082,6589104,6635034,6567632,6615287,6611980,6585367,6668683,6562429,6659876,6601166,6516569,6624754,6598802,6530348,6567447,6525063,6546053,6425608
924,31,1,3,6725375,6696311,6576696,6622353,6556590,6603077,6600131,6573332,6656246,6549466,6646980,6588565,6504247,6612021,6586958,6518088,6555092,6512309,6533354,6412666
925,0,1,3,6738140,6710094,6589990,6636345,6570053,6616631,6613614,6587331,6670223,6563627,6661223,6601790,6517616,6625960,6600793,6532497,6569382,6526100,6547104,6426952
926,31,1,3,6726364,6697259,6577204,6624033,6557301,6603542,6601062,6574371,6657252,6550077,6647399,6588823,6504825,6613174,6586951,6519554,6555317,6512746,6534083,6414318
927,0,1,3,6739280,6709754,6589404,6636277,6569833,6617160,6613159,6587208,6670293,6563536,6660553,6602131,6517375,6625912,6599766,6532943,6569170,6525462,6546587,6427328
928,31,1,3,6726671,6698129,6578673,6624086,6557314,6604448,6600810,6574795,6657611,6550831,6648034,6589681,6504848,6613171,6587970,6519806,6556065,6512881,6533815,6414385
929,0,1,3,6738482,6709932,6590648,6635676,6569715,6616394,6612702,6586890,6669494,6563066,6660332,6602335,6517547,6625262,6600483,6531839,6568583,6525676,6546580,6427307
930,31,1,3,6725956,6697667,6578539,6623259,6557452,6603997,6600159,6574545,6656492,6550610,6647936,6589551,6505215,6613240,6587800,6519707,6555573,6512730,6533836,6414235
931,0,1,3,6738872,6710201,6591067,6635771,6569783,6617072,6612838,6587533,6669926,6563792,6660564,6602820,6517394,6625865,6600780,6532928,6568779,6526327,6546991,6427578
932,31,1,3,6726357,6697880,6578708,6623589,6556681,6603816,6599946,6574432,6656640,6550707,6646991,6589871,6504488,6612698,6587909,6519447,6555213,6513040,6534294,6413981
933,0,1,3,6739005,6710048,6591110,6636156,6569096,6616422,6613190,6586898,6669511,6563210,6660587,6602902,6517288,6624725,6600916,6532845,6568155,6525838,6547178,6426625
934,31,1,3,6725506,6696620,6578465,6622705,6556718,6603501,6600357,6574176,6655951,6549794,6646376,6589083,6504477,6612394,6587597,6519398,6554776,6512964,6533026,6413385
935,0,1,3,6739011,6709839,6591158,6635678,6569436,6616607,6613476,6587634,6669543,6562911,6661438,6601997,6517017,6625721,6600715,6532912,6568799,6526216,6546783,6427337
936,31,1,3,6725858,6697865,6578491,6622907,6556978,6604199,6600908,6575254,6656864,6550616,6648628,6589807,6504549,6612546,6588075,6519910,6555776,6512733,6533370,6414304
937,0,1,3,6738150,6711065,6590313,6635171,6569280,6616971,6613388,6587579,6669375,6562991,6661038,6602725,6517299,6625905,6600309,6532519,6568726,6526214,6546779,6426613
938,31,1,3,6725559,6697898,6577440,6622443,6556608,6603324,6600491,6574690,6656057,6549705,6647853,6588926,6504272,6612550,6586573,6519411,6554763,6512700,6533346,6413745
939,0,1,3,6738847,6710679,6590358,6635312,6569040,6616358,6613558,6587183,6669763,6563247,6661346,6602280,6517323,6626563,6600148,6532776,6568768,6526203,6546719,6426289
940,31,1,3,6726372,6697642,6577274,6623470,6555959,6603263,6600276,6574181,6657252,6550260,6647799,6589610,6504067,6613111,6587418,6519139,6555359,6513617,6533773,6413355
941,0,1,3,6738761,6711140,6590570,6636304,6569304,6615889,6613065,6586561,6669834,6563782,6661531,6603163,6516857,6626595,6600937,6532964,6569644,6526699,6546945,6426487
942,31,1,3,6725114,6697790,6577253,6622999,6556223,6602997,6600048,6573483,6656243,6549946,6648340,6589329,6503929,6612763,6586915,6518492,6555815,6513106,6533534,6412456
943,0,1,3,6738391,6710242,6589522,6634727,6568377,6615675,6612478,6586623,6669055,6563047,6661174,6601772,6516810,6625297,6600163,6531574,6568550,6525628,6546027,6425020
944,31,1,3,6725897,6697557,6576847,6622708,6555715,6602625,6599872,6573615,6656452,6550802,6648383,6589491,6503761,6612363,6586484,6518307,6555130,6512314,6533123,6412884
945,0,1,3,6738848,6711126,6590133,6635867,6568473,6615393,6613494,6587450,6669636,6563129,6661884,6603361,6517144,6626666,6600348,6533054,6568741,6526654,6547094,6426231
946,31,1,3,6726431,6698340,6577479,6623357,6555862,6603014,6600243,6574314,6656723,6549931,6648969,6589962,6503624,6612461,6586879,6519777,6555621,6513378,6533666,6413314
947,0,1,3,6738120,6710672,6590104,6635769,6569268,6615920,6613414,6587750,6669858,6563139,6662663,6603272,6516968,6625566,6600942,6532571,6569241,6526222,6547316,6427158
948,31,1,3,6725470,6697071,6577651,6623389,6557294,6602861,6600030,6574924,6656767,6550354,6648434,6590305,6504098,6612655,6587287,6519731,6555728,6513239,6533645,6413704
949,0,1,3,6737626,6709613,6589522,6635880,6569786,6615190,6612656,6587534,6669297,6563365,6661214,6603221,6516161,6626153,6600069,6532403,6568980,6525546,6546787,6426807
950,31,1,3,6725920,6698204,6577366,6623123,6557236,6602354,6600680,6575200,6656694,6551277,6648475,6590763,6504417,6613581,6587591,6519541,6555586,6513588,6534080,6414711
951,0,1,3,6738021,6710197,6589441,6635293,6569523,6615256,6612817,6587456,6669484,6563480,6661385,6602968,6516065,6626174,6599720,6532337,6568720,6526804,6547105,6426690
952,31,1,3,6725312,6698251,6576821,6623059,6557546,6602641,6600453,6575145,6656422,6550680,6648594,6590430,6503440,6613485,6587454,6518956,6555748,6513063,6533962,6414056
953,0,1,3,6739024,6711693,6590355,6636518,6570677,6615330,6614051,6587852,6670060,6563727,6662608,6604185,6517302,6627316,6601509,6532805,6569856,6526130,6547598,6427240
954,31,1,3,6726299,6699200,6577841,6623245,6558467,6603240,6601097,6575098,6657297,6550741,6649128,6590870,6503995,6613835,6587563,6519591,6556521,6513554,6533842,6414647
955,0,1,3,6737945,6709953,6589548,6634707,6569479,6615650,6612733,6587228,6668551,6562595,6661399,6602989,6515678,6625664,6599530,6531870,6568892,6525899,6546755,6426429
956,31,1,3,6726873,6697831,6578602,6623050,6557237,6604584,6601243,6575297,6656709,6551298,6649240,6590784,6504636,6613885,6587368,6520010,6556246,6514101,6534660,6414686
957,0,1,3,6738601,6710920,6590896,6635155,6569530,6616572,6613398,6587155,6669125,6563623,6662185,6603111,6516922,6626393,6600367,6532928,6569175,6526268,6547136,6427660
958,31,1,3,6726254,6698366,6577918,6623038,6557484,6604181,6600978,6574730,6656591,6550531,6649459,6590683,6504284,6614247,6587543,6519560,6557020,6513710,6534817,6414878
959,0,1,3,6737893,6710678,6589872,6635059,6569604,6615678,6613310,6586687,6668934,6562497,6661459,6603285,6516061,6625635,6599521,6531975,6569707,6526664,6546317,6426934
960,31,1,3,6726353,6699333,6578659,6623766,6558504,6604400,6601994,6574975,6657355,6550701,6649507,6590732,6504263,6613309,6588167,6520141,6557084,6514632,6534254,6414853
961,0,1,3,6738621,6710927,6590648,6635671,6570058,6616269,6614144,6587143,6668968,6562095,6661597,6603373,6516520,6625248,6599981,6532649,6568275,6526482,6547191,6426681
962,31,1,3,6726365,6698877,6578262,6623472,6558573,6604061,6601690,6575114,6657227,6550566,6648568,6590992,6504109,6613232,6587930,6520013,6556035,6514236,6535272,6414855
963,0,1,3,6738666,6710584,6590197,6634964,6570021,6616379,6613797,6586840,6668683,6563364,6661493,6602929,6515899,6625878,6601202,6532149,6568869,6526757,6547977,6426796
964,31,1,3,6726116,6697556,6578109,6622871,6557002,6603602,6601237,6574750,6655415,6550742,6648316,6590316,6503662,6612777,6587594,6518723,6556186,6513913,6534825,6414044
965,0,1,3,6738771,6710623,6590496,6635305,6570316,6616931,6613842,6587450,6669145,6563412,6661905,6603564,6516720,6625839,6600731,6532536,6569630,6527268,6547976,6427168
966,31,1,3,6726451,6697929,6578258,6622968,6557655,6604164,6601735,6574807,6656714,6550258,6648789,6590751,6503898,6613482,6587993,6519302,6556385,6514093,6535113,6413627
967,0,1,3,6738682,6710641,6590322,6636060,6569667,6616212,6614359,6586959,6669689,6563444,6661719,6603397,6516113,6625793,6600478,6532282,6568878,6526951,6547923,6426738
968,31,1,3,6726161,6698568,6578328,6624007,6557819,6604398,6601916,6575005,6657914,6550130,6649269,6591235,6504309,6613932,6588016,6519418,6556195,6514471,6535595,6414025
969,0,1,3,6738892,6710710,6590647,6635655,6570214,6616363,6614164,6587529,6670964,6562857,6662397,6603775,6517162,6626526,6601016,6532870,6569637,6527537,6548475,6426588
970,31,1,3,6725798,6697907,6577562,6621856,6556707,6603457,6601264,6573859,6656535,6548434,6648161,6589947,6504382,6613541,6586976,6518622,6555824,6513395,6534123,6413271
971,0,1,3,6738523,6710939,6590055,6635053,6569726,6615888,6614040,6586788,6669780,6562525,6660800,6603072,6516805,6626366,6600569,6532115,6569579,6526532,6547543,6426868
972,31,1,3,6726049,6698695,6578394,6622907,6558163,6603485,6601853,6574769,6657218,6550294,6647886,6590770,6504675,6613161,6587715,6519922,6556100,6514332,6535402,6414935
973,0,1,3,6738190,6710604,6590730,6635851,6570354,6616070,6614192,6586851,6669181,6563028,6660541,6603511,6516872,6626374,6600641,6532977,6569652,6526876,6548291,6427553
974,31,1,3,6726257,6697760,6578375,6623456,6558312,6603535,6601367,6574600,6656868,6550504,6648662,6591061,6504474,6614270,6587286,6519712,6556964,6514099,6535079,6415609
975,0,1,3,6738584,6709329,6589609,6635709,6570157,6615695,6613943,6586897,6669061,6563244,6660977,6603065,6516764,6626123,6599409,6532245,6569888,6526577,6548025,6427410
976,31,1,3,6726047,6696393,6577455,6623619,6557288,6602944,6601559,6574200,6657043,6550571,6648070,6589869,6504433,6613607,6586920,6519021,6556100,6513650,6535524,6414835
977,0,1,3,6739260,6710215,6589786,6636581,6571087,6616594,6614337,6587635,6669748,6563335,6661794,6603579,6517943,6627315,6600228,6532340,6569576,6526555,6549126,6427641
978,31,1,3,6725945,6696801,6577701,6622985,6557848,6603931,6601281,6574323,6656731,6549655,6648107,6590650,6504605,6613466,6586614,6519533,6555858,6512895,6535090,6414332
979,0,1,3,6738355,6709541,6590193,6634969,6570375,6616173,6613374,6586420,6669529,6562408,6661652,6603316,6516674,6625784,6600559,6532529,6568861,6525814,6547513,6426925
980,31,1,3,6726570,6697829,6578368,6623246,6558693,6604212,6601775,6574800,6657752,6550710,6648879,6591327,6505056,6613315,6588192,6519558,6556763,6513892,6535918,6414906
981,0,1,3,6737144,6709430,6589913,6634659,6569307,6615410,6613459,6585906,6669081,6561873,6660845,6602327,6516340,6624943,6599245,6530963,6567600,6525147,6547302,6426421
982,31,1,3,6724466,6697256,6577824,6622922,6557558,6602858,6601390,6574522,6657187,6549574,6648144,6590441,6504164,6612037,6587341,6518455,6555768,6513493,6534532,6414390
983,0,1,3,6737565,6709552,6590040,6635567,6569172,6616031,6613747,6587260,6669590,6562869,6661555,6603048,6516656,6624307,6599854,6532043,6569682,6526760,6547846,6427048
984,31,1,3,6727057,6698487,6578511,6624107,6557585,6604572,6602374,6574760,6657006,6551073,6648834,6591139,6505056,6613475,6587928,6519657,6556944,6514121,6535335,6414571
985,0,1,3,6738178,6710217,6590071,6635479,6568399,6615867,6613802,6585984,6668578,6562483,6661171,6603256,6516499,6625103,6600376,6531805,6568759,6526101,6546996,6426182
986,31,1,3,6725998,6698113,6578318,6623321,6557022,6603711,6601620,6573922,6657389,6550355,6649111,6590698,6504363,6613197,6587576,6519440,6556363,6513928,6533844,6414118
987,0,1,3,6737869,6709755,6589896,6634289,6568948,6615572,6613411,6585770,6668794,6562293,6661543,6602977,6516530,6624998,6598991,6531936,6569281,6525980,6545921,6426386
988,31,1,3,6726603,6698333,6578521,6623214,6557515,6602809,6601891,6574163,6656815,6550375,6649024,6591247,6504694,6613166,6587887,6519675,6556917,6514043,6534240,6414281
989,0,1,3,6737871,6709997,6590032,6635007,6568520,6615302,6613581,6586647,6668848,6562164,6661056,6603493,6516249,6625362,6599850,6532515,6569152,6526746,6546760,6426317
990,31,1,3,6726973,6698344,6578880,6623101,6557599,6603566,6602811,6574844,6656921,6550513,6649263,6591175,6504810,6614239,6587925,6520515,6557526,6514764,6534309,6414906
991,0,1,3,6738443,6709384,6590449,6634953,6569086,6615429,6614018,6586383,6669239,6562815,6661102,6602953,6516643,6626034,6599522,6533068,6568792,6527059,6546225,6426670
992,31,1,3,6726302,6697289,6578153,6622580,6557394,6603724,6601352,6574215,6657048,6550043,6648606,6590854,6504479,6614321,6586670,6520589,6556990,6514601,6534084,6414526
993,0,1,3,6738716,6709408,6591084,6634718,6569129,6615954,6614028,6585989,6668983,6562644,6661567,6603138,6516779,6626424,6599621,6532610,6569326,6527218,6546919,6426587
994,31,1,3,6725405,6696317,6577869,6621587,6555636,6603017,6600792,6572849,6655451,6550213,6648090,6589516,6504076,6612905,6586881,6518958,6555517,6513453,6533348,6413263
995,0,1,3,6738307,6710683,6591036,6635395,6569049,6616416,6613916,6586301,6669474,6563322,6662282,6603718,6517381,6626070,6600269,6532973,6569321,6526944,6547547,6426855
996,31,1,3,6725511,6698003,6578545,6622884,6556806,6603708,6600827,6574077,6656714,6549803,6648571,6590786,6504994,6613554,6587420,6520100,6556713,6514043,6534275,6413451
997,0,1,3,6738494,6710877,6590867,6635436,6569144,6615698,6613978,6586802,6669595,6562872,6662030,6603579,6517772,6627011,6600615,6533119,6570384,6526990,6547157,6426978
998,31,1,3,6726384,6698417,6578397,6622914,6556465,6602910,6601084,6573903,6656797,6550367,6648698,6590553,6504546,6612680,6587184,6519576,6557249,6514068,6534357,6413777
999,0,1,3,6738445,6710274,6591083,6635624,6568448,6616219,6613756,6587029,6669508,6563676,6661876,6602921,6516956,6626130,6600642,6532739,6570720,6527457,6547187,6426378
