rep,heat_enabled,transmitter_bit,transmitter_mask,ctrl_0_ro_0,ctrl_0_ro_1,ctrl_0_ro_2,ctrl_0_ro_3,ctrl_0_ro_4,ctrl_1_ro_0,ctrl_1_ro_1,ctrl_1_ro_2,ctrl_1_ro_3,ctrl_1_ro_4,ctrl_2_ro_0,ctrl_2_ro_1,ctrl_2_ro_2,ctrl_2_ro_3,ctrl_2_ro_4,ctrl_3_ro_0,ctrl_3_ro_1,ctrl_3_ro_2,ctrl_3_ro_3,ctrl_3_ro_4
0,31,0,0,6726353,6698838,6578061,6621427,6557604,6604592,6602072,6575928,6656487,6549314,6648035,6587804,6504039,6613329,6586815,6520456,6555357,6513417,6535589,6415387
1,0,0,0,6739200,6712190,6590637,6634457,6570303,6617105,6613997,6589193,6669889,6562605,6661766,6601055,6517139,6627859,6599253,6533623,6568891,6527442,6548318,6428320
2,31,0,0,6727837,6700053,6578334,6622294,6558513,6605213,6602288,6575998,6657486,6548507,6648737,6589272,6504876,6615348,6586778,6521443,6556401,6514637,6535865,6416300
3,0,0,0,6739949,6712015,6590439,6634582,6570311,6617298,6614288,6588277,6669906,6561043,6661913,6601472,6516392,6627430,6599443,6534500,6569176,6527702,6548023,6427925
4,31,0,0,6727260,6698236,6577662,6622171,6557521,6603701,6600954,6575337,6656941,6548326,6647860,6587960,6503542,6613974,6587043,6520690,6555488,6514307,6534605,6414559
5,0,0,0,6739336,6710692,6590725,6634751,6569786,6616312,6614121,6587647,6670138,6560850,6661406,6601533,6516354,6626351,6599947,6533945,6568965,6527139,6548150,6427596
6,31,0,0,6726812,6698595,6578305,6622474,6557938,6605313,6601954,6576258,6657642,6548071,6648783,6589626,6504458,6614744,6586870,6520708,6556340,6515018,6536210,6415086
7,0,0,0,6739139,6710393,6590592,6634950,6569914,6616961,6613779,6588358,6669988,6559963,6660794,6601562,6516112,6626631,6598952,6533687,6569063,6527201,6548631,6427382
8,31,0,0,6726965,6698040,6578979,6623394,6557789,6604480,6602048,6575924,6657118,6547938,6647487,6589062,6504015,6614517,6586814,6520902,6555301,6514117,6536113,6414918
9,0,0,0,6738493,6710120,6589918,6635254,6569563,6615978,6614141,6588050,6669495,6559942,6660187,6600771,6515690,6626160,6599185,6533249,6568533,6526289,6547995,6427073
10,31,0,0,6726447,6697833,6578024,6622883,6557235,6604078,6601462,6576384,6657444,6547211,6647927,6588866,6503452,6614142,6587547,6520878,6555882,6514406,6535498,6415001
11,0,0,0,6739702,6710670,6591500,6635641,6569921,6618006,6614768,6589185,6670967,6560743,6661496,6601406,6516330,6627309,6600539,6533018,6569046,6527398,6548575,6427489
12,31,0,0,6725922,6697886,6578463,6622544,6556553,6604715,6601715,6576061,6657600,6547901,6648219,6587882,6503145,6613914,6587105,6519950,6555571,6513467,6535416,6414252
13,0,0,0,6738355,6710570,6590533,6635446,6569178,6616601,6614550,6588522,6670062,6561355,6661831,6601476,6516301,6626715,6600003,6533672,6568937,6526660,6549122,6426895
14,31,0,0,6725813,6698839,6577967,6622990,6557088,6605178,6601560,6576384,6657322,6548492,6647656,6588524,6504178,6614258,6587643,6520755,6555571,6513749,6535695,6413984
15,0,0,0,6738420,6711153,6590529,6635277,6569727,6618315,6613885,6588637,6669803,6561634,6660578,6600617,6516129,6626961,6600356,6534128,6568580,6526759,6548516,6426633
16,31,0,0,6727363,6699754,6578770,6624383,6558598,6606806,6603277,6576540,6658360,6549216,6649263,6589595,6504920,6615407,6587788,6521756,6557801,6514803,6536450,6414502
17,0,0,0,6738329,6710601,6589934,6635866,6570160,6617863,6614629,6588284,6670120,6561226,6660832,6601876,6516656,6626198,6599434,6534233,6569279,6526918,6548053,6426180
18,31,0,0,6726228,6698178,6578955,6623809,6558037,6605290,6602027,6576035,6657744,6548786,6647824,6589167,6503999,6613169,6586664,6521255,6556471,6514286,6535460,6413787
19,0,0,0,6739184,6710861,6590229,6636534,6570158,6618875,6614785,6588581,6670298,6561627,6661295,6602541,6516561,6626950,6600603,6534747,6570221,6527621,6548189,6426936
20,31,0,0,6726571,6697976,6577925,6624368,6557841,6606001,6602638,6576612,6657068,6549174,6647847,6589199,6503244,6614092,6587262,6521275,6556912,6514683,6534836,6413963
21,0,0,0,6738953,6710311,6590047,6636265,6570723,6618634,6614953,6588748,6669866,6562111,6660428,6602126,6516115,6627218,6600415,6534201,6570003,6526807,6548677,6426803
22,31,0,0,6726336,6697812,6577652,6623797,6558132,6605801,6602273,6576112,6657158,6549016,6648034,6588922,6503610,6613703,6586985,6521196,6556614,6513819,6534962,6414175
23,0,0,0,6738568,6709489,6589366,6636070,6569470,6618147,6614987,6588434,6669450,6560786,6660495,6601244,6515691,6625421,6599032,6533535,6568141,6526561,6546641,6426659
24,31,0,0,6726856,6697083,6577897,6623573,6557694,6606365,6602436,6576664,6657065,6548784,6647736,6589250,6504039,6613566,6586782,6520649,6555113,6514396,6534563,6413977
25,0,0,0,6738918,6709268,6589896,6635900,6569445,6617977,6614092,6588464,6669946,6560835,6661596,6600822,6516473,6626116,6600069,6533598,6568517,6527047,6547600,6426402
26,31,0,0,6726497,6696708,6578117,6623249,6557641,6604651,6601671,6575786,6656666,6548310,6648197,6588414,6503978,6614112,6586177,6520308,6555369,6513517,6535186,6413854
27,0,0,0,6738025,6708898,6589632,6635016,6569083,6617348,6613876,6587898,6668392,6560654,6660362,6600530,6515791,6626792,6598614,6532790,6567816,6526059,6546965,6426232
28,31,0,0,6726325,6697439,6577773,6623281,6556968,6605231,6602796,6576508,6656724,6548670,6648154,6588488,6504555,6615081,6586796,6520212,6555094,6514334,6534664,6413996
29,0,0,0,6738310,6709219,6589491,6635160,6568716,6616686,6614080,6588321,6668958,6561313,6660998,6600690,6516484,6627290,6598902,6533595,6568876,6526920,6547371,6426591
30,31,0,0,6726924,6697180,6578729,6623232,6557508,6606274,6603549,6576429,6657442,6549527,6648588,6589209,6504397,6615666,6587681,6522047,6556782,6514559,6536268,6415264
31,0,0,0,6738408,6709654,6589810,6635342,6569317,6617668,6615018,6588676,6669564,6561715,6661523,6600865,6516647,6627764,6599760,6534202,6568918,6527243,6547996,6427103
32,31,0,0,6726209,6698034,6577868,6622342,6557115,6604758,6602345,6576252,6657320,6548748,6648334,6588453,6504246,6615088,6587013,6521022,6555658,6514507,6534781,6414834
33,0,0,0,6738581,6711046,6590764,6635387,6570287,6617566,6615032,6588388,6670279,6561685,6660774,6601410,6516858,6627646,6600371,6534577,6569454,6527563,6548352,6427538
34,31,0,0,6726149,6698378,6578159,6622797,6557154,6605538,6602034,6575200,6657750,6549409,6647478,6589221,6503653,6614017,6586784,6521086,6556063,6514206,6535225,6414559
35,0,0,0,6739071,6711800,6590029,6635473,6570024,6618089,6614664,6588388,6670536,6562292,6661146,6602385,6516699,6627365,6600184,6533818,6569523,6527715,6548483,6427476
36,31,0,0,6727469,6699360,6578219,6623197,6558165,6606280,6602865,6576236,6657816,6548864,6648649,6589837,6504449,6614579,6587779,6521060,6557312,6515774,6535932,6415792
37,0,0,0,6738906,6710247,6589264,6634238,6568953,6617455,6614024,6587911,6669157,6560650,6660163,6601301,6516176,6625954,6599286,6532876,6568581,6527298,6547447,6426948
38,31,0,0,6726690,6698226,6576866,6621758,6556376,6604901,6601376,6575612,6656371,6548333,6647895,6588705,6504025,6613788,6587230,6520381,6555263,6515156,6535487,6414805
39,0,0,0,6738670,6711124,6589734,6634659,6569630,6617479,6614364,6588216,6669202,6560788,6660355,6601545,6515997,6627240,6599942,6532932,6568787,6527934,6548366,6427748
40,31,0,0,6726057,6698817,6577308,6621611,6557411,6605467,6601475,6575361,6656770,6547429,6647758,6589120,6502979,6612957,6586743,6519309,6555269,6514634,6535155,6414067
41,0,0,0,6738057,6710523,6589264,6634393,6569551,6617497,6613766,6587258,6669635,6560630,6660308,6601444,6515658,6625757,6600178,6532072,6568375,6527060,6547591,6426875
42,31,0,0,6726459,6699223,6578033,6622424,6558234,6605767,6601587,6575540,6657374,6548694,6648198,6589152,6503788,6613786,6587153,6520253,6555868,6515148,6535177,6415294
43,0,0,0,6738647,6710968,6589696,6634150,6568975,6617193,6613727,6587140,6669791,6561013,6660106,6601065,6515788,6625927,6598944,6532337,6568301,6527092,6547390,6426796
44,31,0,0,6726371,6699374,6577946,6623262,6557480,6605046,6602685,6575973,6658023,6549477,6648642,6589671,6503974,6614473,6587554,6520427,6556068,6515272,6534850,6415524
45,0,0,0,6738902,6711254,6589754,6634784,6569490,6617048,6614600,6587569,6670082,6561668,6660631,6601534,6516152,6627193,6600570,6533512,6569125,6527561,6547663,6427524
46,31,0,0,6726043,6697948,6576596,6622591,6556216,6603967,6601488,6575029,6656969,6548439,6647705,6588517,6502865,6613828,6586320,6519844,6555085,6513999,6534589,6413901
47,0,0,0,6738441,6710679,6589025,6634912,6569413,6616839,6614114,6587542,6669584,6561565,6660849,6601221,6515419,6626444,6599842,6532944,6568177,6527438,6547564,6427134
48,31,0,0,6726497,6698252,6576627,6622369,6557692,6603921,6602074,6575633,6657510,6548830,6648085,6588517,6503489,6614532,6586639,6520364,6554966,6514595,6534734,6414816
49,0,0,0,6738652,6710459,6589192,6635108,6569513,6616279,6613546,6587723,6669568,6561925,6661346,6601345,6515874,6625887,6598588,6533052,6568799,6527208,6547886,6427427
50,31,0,0,6726256,6698495,6577459,6622742,6557676,6604426,6601665,6575354,6657561,6549878,6647969,6588678,6503641,6613218,6586787,6520512,6555125,6514354,6534818,6414952
51,0,0,0,6738639,6710979,6589480,6634937,6569722,6617124,6613650,6587863,6669820,6561692,6661081,6601471,6516154,6626401,6599310,6532949,6569260,6527475,6547650,6427321
52,31,0,0,6726209,6698011,6577038,6622307,6557577,6604870,6601242,6575326,6657902,6548910,6648336,6589028,6503478,6614497,6587093,6520421,6556218,6514505,6535027,6414242
53,0,0,0,6739171,6710339,6589667,6634553,6569683,6617764,6613800,6587518,6670374,6561706,6661539,6601292,6516146,6625964,6598997,6533221,6569079,6527325,6548067,6427201
54,31,0,0,6726733,6697556,6577045,6621936,6556460,6605315,6601341,6574649,6657495,6548561,6648474,6588396,6503289,6612777,6586088,6519917,6555444,6514692,6534505,6414668
55,0,0,0,6739406,6710448,6589253,6633969,6569010,6617344,6613190,6587438,6669783,6561558,6661169,6600768,6515891,6625144,6598662,6533306,6569301,6526625,6547009,6426776
56,31,0,0,6727205,6698229,6577542,6621361,6557546,6605715,6601284,6575781,6657424,6549983,6648251,6588432,6503405,6612930,6586320,6520241,6556054,6514160,6534552,6414997
57,0,0,0,6739348,6711032,6589849,6634244,6569926,6618289,6613894,6588046,6669916,6562640,6661301,6601560,6515595,6625992,6599359,6533467,6569363,6526857,6548132,6428070
58,31,0,0,6726638,6698469,6577082,6622910,6557725,6604545,6601532,6576092,6656963,6548689,6648151,6588548,6502720,6612714,6585784,6519851,6555848,6513705,6535173,6415055
59,0,0,0,6738195,6710478,6589384,6634909,6569683,6616630,6613864,6588007,6669771,6560492,6660408,6600555,6515335,6624538,6598720,6532745,6568101,6526890,6547943,6427118
60,31,0,0,6725881,6697974,6577745,6622385,6557180,6604543,6601646,6574785,6657513,6548284,6647898,6588319,6503725,6611620,6585147,6519462,6555125,6513610,6534528,6414353
61,0,0,0,6738590,6710546,6589594,6634541,6568828,6616973,6614471,6587008,6670203,6561465,6660655,6601215,6516281,6625074,6598554,6532358,6568132,6526851,6547762,6426572
62,31,0,0,6726306,6698070,6577706,6623172,6556698,6604923,6601954,6575338,6657456,6549410,6647577,6588781,6503385,6612882,6586722,6520130,6555316,6514519,6534756,6414299
63,0,0,0,6738311,6710468,6589708,6634702,6568406,6617420,6613624,6587214,6669694,6561912,6660648,6600762,6515580,6625251,6598393,6532838,6567630,6526407,6546478,6426622
64,31,0,0,6726461,6698935,6578474,6623526,6556516,6604916,6601644,6575467,6657842,6549617,6648028,6588528,6503305,6612470,6587237,6521005,6554934,6514479,6535095,6414750
65,0,0,0,6738650,6710607,6589665,6635261,6568323,6616728,6613999,6587480,6670297,6562185,6660444,6600661,6516106,6625073,6599002,6533050,6568637,6526694,6547652,6426193
66,31,0,0,6727587,6699126,6577740,6623641,6557185,6604194,6602355,6576329,6658423,6549624,6647985,6588482,6504261,6613441,6587178,6520858,6556678,6514490,6535282,6415017
67,0,0,0,6740216,6711662,6590667,6636982,6570485,6617764,6615508,6589477,6671075,6562302,6661267,6601859,6516941,6626945,6600229,6534167,6570069,6527696,6549010,6427996
68,31,0,0,6727421,6699072,6577879,6623930,6557245,6605237,6602633,6575847,6657732,6549058,6647519,6588495,6503735,6613579,6587008,6520334,6555772,6514207,6534595,6414179
69,0,0,0,6739162,6711094,6589355,6636289,6569793,6617503,6614375,6588197,6669840,6561245,6660331,6601221,6515764,6626393,6599859,6533656,6568496,6527222,6547533,6426334
70,31,0,0,6726900,6699098,6577813,6624211,6557790,6606109,6602965,6576124,6656878,6548879,6648268,6589494,6503444,6613898,6587479,6520802,6556065,6514032,6534987,6413912
71,0,0,0,6740054,6711684,6590479,6636188,6570250,6618377,6615064,6588680,6670818,6561860,6661106,6601982,6515979,6627076,6600382,6534164,6569392,6527614,6547603,6426569
72,31,0,0,6726633,6698474,6577816,6623373,6556679,6604512,6602034,6575762,6657506,6547993,6647917,6588964,6502599,6613872,6586942,6520224,6555448,6513550,6533935,6413889
73,0,0,0,6738520,6710139,6589153,6634809,6568751,6615958,6614307,6588112,6669541,6560598,6660145,6600505,6515432,6625458,6599160,6532648,6567926,6525697,6546675,6425412
74,31,0,0,6726752,6697839,6577499,6623656,6557826,6604819,6602187,6576558,6657723,6549178,6647737,6589238,6503305,6613884,6587592,6520865,6555973,6513523,6534481,6414574
75,0,0,0,6739432,6710789,6590746,6636791,6570134,6617669,6615474,6589186,6670678,6562335,6661348,6602548,6516858,6627925,6600867,6534304,6569725,6527054,6547862,6426534
76,31,0,0,6726693,6698599,6577762,6623589,6556732,6605125,6601714,6575676,6657446,6549107,6648089,6589881,6504057,6614086,6587078,6521079,6556769,6513094,6534506,6413770
77,0,0,0,6738501,6711163,6589863,6635850,6569740,6616789,6614402,6587664,6669864,6561392,6660916,6601995,6516095,6626778,6600082,6533589,6569298,6526531,6546552,6427200
78,31,0,0,6726395,6698943,6577144,6623475,6557274,6604813,6600627,6575467,6657528,6548453,6647745,6588841,6502873,6613676,6586664,6520316,6556200,6513737,6533780,6414751
79,0,0,0,6738099,6710173,6589420,6635753,6569071,6616529,6613889,6587942,6669428,6560977,6660730,6601041,6514851,6626161,6599319,6532958,6569034,6526266,6546830,6426495
80,31,0,0,6726226,6697996,6577092,6623269,6557913,6605198,6601992,6575401,6657081,6549066,6648420,6589072,6502782,6612044,6586812,6520325,6556608,6514161,6534781,6414896
81,0,0,0,6738136,6709837,6589025,6635887,6569374,6617781,6614062,6587839,6669765,6561146,6660885,6602088,6514988,6625072,6599833,6533149,6568967,6526612,6547303,6426349
82,31,0,0,6725481,6697647,6577100,6623840,6557438,6605558,6601653,6575141,6657492,6548622,6648419,6589229,6502551,6612324,6586786,6520347,6555995,6513924,6534927,6413648
83,0,0,0,6738043,6709671,6588429,6635975,6569699,6617128,6613438,6587406,6669239,6561212,6661470,6601704,6515801,6624193,6598844,6532584,6569138,6525770,6547856,6426493
84,31,0,0,6726369,6697669,6576551,6624023,6557673,6604898,6601376,6575021,6657559,6549272,6648645,6589208,6503162,6612363,6586457,6519431,6556254,6513739,6534798,6413914
85,0,0,0,6737569,6709290,6588283,6635368,6569259,6617405,6613552,6586337,6669675,6561218,6660316,6601448,6514816,6624927,6598386,6531389,6568321,6525761,6546694,6425994
86,31,0,0,6725192,6696195,6575723,6622027,6556158,6604406,6600742,6574045,6656582,6547724,6647473,6588154,6502214,6612452,6585340,6518181,6554669,6513233,6533458,6413133
87,0,0,0,6738084,6708318,6588854,6634746,6568711,6617351,6613622,6586952,6669735,6560587,6660280,6601032,6514667,6624988,6599326,6532375,6568392,6526368,6546484,6426125
88,31,0,0,6725900,6696857,6576965,6623073,6556883,6605495,6601720,6575442,6657239,6548730,6647654,6588994,6502338,6613236,6587026,6520475,6555944,6513969,6534165,6413902
89,0,0,0,6737902,6709660,6588715,6635171,6569402,6618079,6614325,6587400,6670352,6561490,6660704,6601350,6514717,6625830,6599423,6533407,6569567,6526825,6546996,6426738
90,31,0,0,6725848,6696723,6576762,6622253,6556861,6605511,6602131,6574947,6656941,6548827,6647563,6588594,6502503,6613685,6586445,6519723,6556438,6514519,6533908,6413719
91,0,0,0,6737358,6709118,6588934,6634552,6569489,6617525,6613952,6587428,6669283,6561284,6660648,6601732,6514500,6625392,6599097,6532599,6569122,6526820,6546998,6426412
92,31,0,0,6725212,6697005,6577415,6622070,6557892,6605739,6601677,6575681,6656717,6549800,6648111,6588980,6502630,6613007,6586345,6520074,6555606,6513802,6534485,6414316
93,0,0,0,6737684,6710215,6589778,6635200,6570857,6618057,6614071,6588205,6669850,6562691,6661690,6602431,6515660,6626426,6599044,6532891,6569029,6527616,6547564,6427119
94,31,0,0,6724278,6697822,6577114,6622301,6557868,6605267,6600797,6575986,6657160,6549110,6647593,6589197,6502989,6613149,6585693,6519824,6556207,6514003,6534351,6414577
95,0,0,0,6736548,6709466,6588309,6634013,6569641,6616940,6613631,6587918,6669025,6561144,6660655,6600360,6515264,6625797,6597993,6532360,6569156,6526862,6546318,6426730
96,31,0,0,6726151,6697470,6577094,6621891,6557755,6605977,6601199,6576465,6657144,6549196,6649222,6589164,6503222,6613600,6585793,6520385,6556504,6513734,6533975,6414711
97,0,0,0,6738858,6709769,6590049,6633682,6570241,6618076,6613558,6588687,6669920,6562654,6661968,6601862,6515033,6625607,6598886,6533399,6569370,6527000,6547870,6426975
98,31,0,0,6726531,6697289,6577786,6622144,6557522,6606023,6601392,6576338,6657489,6549449,6648828,6588990,6502852,6612465,6586611,6520436,6555870,6514144,6534847,6415138
99,0,0,0,6737567,6709177,6589142,6634223,6568956,6617360,6613256,6587317,6669103,6561203,6661019,6600456,6514147,6624231,6597814,6532675,6567572,6525926,6546640,6426647
100,31,0,0,6724945,6696540,6576775,6620984,6556645,6603604,6600632,6575045,6656308,6549017,6647448,6587236,6501434,6611255,6585213,6519415,6554549,6512864,6534286,6413140
101,0,0,0,6737842,6709162,6589143,6633758,6568912,6616617,6613590,6587646,6669579,6561752,6661144,6600804,6514685,6624913,6598884,6532485,6568443,6525895,6547609,6426496
102,31,0,0,6726089,6697282,6576735,6621064,6557017,6604054,6601581,6575449,6656974,6548888,6648508,6588094,6502904,6611307,6585955,6519506,6555593,6513140,6534778,6414325
103,0,0,0,6738768,6709483,6588926,6633716,6569799,6617204,6614009,6588017,6670224,6562163,6661189,6600898,6515283,6624339,6599199,6532926,6569063,6526558,6548205,6426797
104,31,0,0,6725938,6697305,6576912,6621650,6557036,6604567,6601718,6575512,6656926,6549050,6648565,6588029,6502463,6612447,6586718,6520345,6556341,6513681,6535021,6414699
105,0,0,0,6738603,6710132,6589726,6635149,6569635,6617380,6614313,6588081,6670311,6562366,6661280,6601198,6515548,6624706,6599243,6533843,6569468,6526813,6547720,6426940
106,31,0,0,6725091,6696616,6576281,6621253,6556282,6603413,6600955,6574888,6656321,6548497,6646962,6587193,6502173,6611217,6584767,6519613,6555119,6512710,6533374,6413312
107,0,0,0,6738470,6710193,6589529,6633923,6569107,6616937,6613389,6587794,6669164,6561895,6660028,6600512,6514469,6624845,6598520,6532790,6568495,6525834,6547149,6426721
108,31,0,0,6726039,6698468,6577802,6621737,6557244,6605330,6600791,6575885,6656744,6548810,6647427,6588276,6502175,6611427,6585959,6520117,6555235,6512863,6534237,6414213
109,0,0,0,6737129,6710374,6589403,6633125,6569070,6616835,6612567,6587079,6668803,6560518,6659564,6600421,6514382,6624946,6598495,6532909,6567893,6525425,6546721,6426013
110,31,0,0,6725305,6698185,6576683,6620731,6556220,6603756,6600338,6574723,6655985,6548457,6646830,6587894,6501467,6612058,6585668,6519865,6555158,6512285,6534097,6413138
111,0,0,0,6738489,6711255,6589418,6633858,6568982,6616971,6613793,6588055,6669608,6561962,6659872,6601393,6514569,6625318,6598916,6532875,6568295,6526289,6548074,6425914
112,31,0,0,6725748,6698922,6576634,6621178,6556788,6604959,6601308,6575192,6657047,6548484,6647752,6588707,6501893,6612751,6585853,6519723,6555193,6513087,6535420,6414102
113,0,0,0,6738869,6711515,6588752,6634027,6569304,6617391,6613543,6588557,6669669,6561863,6660865,6601502,6514357,6625554,6597228,6532888,6568812,6526238,6548028,6427069
114,31,0,0,6724913,6698188,6576166,6620866,6555719,6603703,6600951,6574786,6656090,6548038,6647355,6587695,6501557,6612268,6583807,6519131,6555236,6512529,6533924,6413146
115,0,0,0,6738489,6710858,6589226,6634431,6569032,6617309,6613948,6587754,6669539,6561421,6660635,6601377,6515406,6625181,6598694,6532508,6568888,6526573,6548116,6426399
116,31,0,0,6726446,6698617,6577238,6621481,6556598,6605101,6602095,6575649,6657225,6549819,6647785,6588765,6502616,6612403,6585294,6519591,6556020,6513437,6535044,6414034
117,0,0,0,6738348,6710584,6588418,6633426,6568937,6616662,6613519,6587745,6668524,6561810,6659470,6600859,6514314,6625315,6597451,6532556,6568315,6525554,6547623,6426243
118,31,0,0,6725786,6698960,6576921,6621766,6556482,6604710,6601214,6575162,6656037,6548825,6646950,6588107,6501765,6613088,6584924,6519633,6554689,6513300,6535166,6413995
119,0,0,0,6738215,6710582,6588903,6634464,6568217,6616859,6613628,6587647,6668847,6561563,6660039,6600742,6514983,6625502,6599237,6532970,6567674,6525812,6547123,6426395
120,31,0,0,6726172,6699343,6577255,6622840,6556507,6604837,6601773,6575520,6656638,6549670,6647803,6588302,6503241,6613737,6586778,6520361,6555948,6513803,6536016,6414327
121,0,0,0,6738675,6711061,6589401,6634493,6568746,6617685,6614100,6587718,6669595,6562205,6660456,6600961,6515424,6626426,6599142,6532930,6568194,6526427,6548650,6426519
122,31,0,0,6726198,6699558,6578131,6622230,6556850,6605296,6601667,6576154,6657256,6549472,6648372,6588757,6503144,6613592,6587484,6519888,6555316,6513689,6535771,6414081
123,0,0,0,6738083,6711289,6589541,6633776,6568766,6617036,6613632,6587876,6669110,6561942,6660042,6600607,6515500,6625691,6598972,6531938,6567488,6525583,6547718,6426254
124,31,0,0,6725379,6698826,6577445,6621595,6557168,6604733,6601491,6575906,6656400,6549160,6647303,6588232,6503023,6613371,6586470,6518941,6554035,6512845,6534830,6413864
125,0,0,0,6737647,6710507,6589205,6633693,6568325,6616396,6613570,6587839,6668813,6561104,6660518,6600361,6514689,6625168,6599272,6531610,6567092,6525049,6547122,6426798
126,31,0,0,6726050,6698865,6577337,6622287,6556949,6604197,6601684,6575661,6656775,6549635,6647775,6588450,6502897,6613416,6587274,6519243,6555113,6513681,6535421,6414362
127,0,0,0,6738151,6711088,6589002,6633867,6568251,6616865,6613500,6587737,6669053,6561582,6660528,6600866,6515543,6625640,6599813,6532605,6567853,6526319,6547931,6427150
128,31,0,0,6726584,6699284,6577697,6622766,6556713,6605739,6601186,6576036,6657322,6549691,6647777,6589092,6503466,6613318,6587216,6520109,6555448,6513816,6535496,6415458
129,0,0,0,6739649,6711148,6589917,6635458,6569305,6618593,6614608,6588095,6669886,6562614,6661150,6601823,6515862,6625385,6600396,6533420,6568179,6526360,6548177,6428173
130,31,0,0,6726025,6697126,6576644,6622202,6556500,6604410,6601069,6574415,6656385,6548902,6646943,6587937,6502552,6613009,6586761,6519467,6554538,6512916,6534684,6414748
131,0,0,0,6738524,6710123,6589152,6635140,6569018,6617234,6613702,6587726,6669527,6561473,6660675,6601164,6515800,6626541,6599623,6532381,6567763,6526121,6547651,6427551
132,31,0,0,6726235,6698194,6576452,6622695,6556483,6605178,6601161,6574972,6656760,6548284,6647853,6588520,6502865,6613449,6586706,6519580,6555304,6513215,6535385,6414929
133,0,0,0,6737403,6710005,6588208,6634134,6568111,6616585,6612679,6586644,6668848,6560703,6659593,6600273,6514902,6625032,6598821,6531982,6566901,6525482,6547565,6426888
134,31,0,0,6726167,6697434,6577010,6622119,6556820,6604662,6601581,6575243,6656568,6549046,6647497,6588243,6503106,6613451,6586323,6519134,6554641,6513212,6534864,6414583
135,0,0,0,6738567,6709889,6589374,6634519,6568926,6616855,6613183,6587073,6669184,6561269,6660517,6601001,6514395,6625563,6598735,6532593,6567755,6526482,6547609,6427061
136,31,0,0,6725664,6697021,6576470,6622085,6555636,6603680,6600577,6574274,6655697,6547889,6646516,6588281,6501330,6612580,6585931,6518432,6554046,6512564,6533994,6413678
137,0,0,0,6739182,6710012,6589254,6635433,6569604,6616445,6614503,6588654,6668925,6561629,6660991,6602083,6515508,6626489,6600710,6532741,6568543,6526889,6547709,6427493
138,31,0,0,6725924,6698267,6577436,6622697,6557398,6603964,6602289,6575477,6656609,6548612,6648347,6588936,6502818,6613653,6587621,6519924,6555459,6514205,6534066,6414624
139,0,0,0,6739059,6710863,6589732,6635890,6570031,6617593,6614781,6588035,6669605,6562500,6661148,6602383,6515665,6625817,6600953,6533161,6568712,6526685,6547882,6427984
140,31,0,0,6725783,6698566,6577541,6623117,6557371,6604753,6601751,6574916,6657356,6549377,6648072,6588734,6503367,6613627,6587944,6519578,6555667,6513564,6534657,6414898
141,0,0,0,6738781,6711100,6590571,6635943,6570006,6617613,6614677,6587736,6670156,6562414,6661113,6601260,6515905,6626170,6601003,6533148,6568939,6526724,6547745,6427690
142,31,0,0,6726609,6698427,6578062,6622533,6556411,6604372,6601120,6575491,6656595,6548723,6648146,6587841,6502648,6612227,6587921,6519507,6555044,6513735,6534746,6414581
143,0,0,0,6739840,6711652,6590734,6635897,6569256,6617232,6614034,6588475,6670563,6562768,6661661,6601087,6516237,6625314,6600725,6533296,6569113,6527563,6547976,6428614
144,31,0,0,6727005,6698702,6577461,6623011,6556722,6603593,6601500,6575333,6656859,6549331,6647686,6587924,6502409,6612989,6587681,6519687,6554916,6513764,6534550,6414866
145,0,0,0,6737369,6709551,6588378,6633906,6567111,6615506,6612754,6586445,6668498,6560977,6659846,6599944,6514189,6623956,6598873,6530980,6566020,6525192,6546208,6426035
146,31,0,0,6726573,6698331,6577838,6622389,6557149,6604606,6601238,6575484,6657102,6549305,6648553,6588253,6502889,6612219,6587918,6519618,6554266,6513937,6534831,6415168
147,0,0,0,6737901,6710602,6589667,6634391,6568935,6616648,6613335,6587853,6668828,6561685,6660188,6600966,6514851,6624321,6599590,6532334,6567439,6526755,6547296,6427145
148,31,0,0,6724630,6698165,6577540,6622153,6556412,6604901,6601102,6575544,6656522,6549237,6647529,6588529,6502890,6612920,6586686,6518958,6554722,6513543,6534697,6415154
149,0,0,0,6737699,6710951,6589271,6634598,6568588,6616830,6614054,6587676,6669114,6562913,6660946,6600278,6515297,6624757,6598077,6531838,6567582,6525993,6546908,6426945
150,31,0,0,6726271,6698238,6577499,6622368,6556582,6604868,6601597,6575420,6656304,6550577,6647843,6587528,6502994,6612776,6586115,6519322,6554608,6513444,6533913,6414737
151,0,0,0,6737864,6710171,6589724,6634323,6568412,6616449,6613617,6586944,6668829,6561796,6660474,6600016,6515021,6623760,6599507,6531980,6566717,6526110,6546540,6426667
152,31,0,0,6725658,6698307,6576253,6621959,6555642,6603516,6600948,6574947,6655950,6549436,6646972,6586822,6501995,6611390,6586969,6518960,6553414,6512719,6533246,6413766
153,0,0,0,6738697,6711593,6589782,6635540,6568963,6616478,6614932,6588502,6669378,6562480,6660539,6600558,6514439,6625202,6599900,6532983,6568034,6526576,6547446,6427132
154,31,0,0,6725655,6699166,6577327,6623193,6556593,6604474,6601849,6575242,6656490,6549338,6646978,6587647,6502352,6612641,6587893,6519865,6554436,6513706,6534536,6414395
155,0,0,0,6738399,6711653,6589866,6635140,6569807,6616827,6614185,6588317,6669621,6562279,6660595,6601163,6515030,6625121,6600311,6532790,6567440,6527042,6547855,6426721
156,31,0,0,6725177,6698120,6576606,6621757,6557192,6603440,6600439,6575336,6655640,6548090,6646659,6587937,6502121,6611217,6586617,6519113,6553641,6513605,6533895,6413704
157,0,0,0,6738852,6711052,6589449,6635102,6569621,6617513,6613508,6588674,6669574,6561608,6659574,6601313,6515528,6624708,6599623,6532828,6567158,6527263,6547393,6427385
158,31,0,0,6726604,6698898,6577926,6623226,6558063,6605888,6601933,6576327,6656984,6549749,6647168,6588740,6502841,6612566,6587592,6519813,6554097,6514055,6535100,6414863
159,0,0,0,6739330,6711434,6590411,6635670,6570228,6618201,6615332,6588910,6669368,6562028,6660550,6601338,6515061,6626258,6600888,6532845,6567702,6527478,6547990,6427654
160,31,0,0,6726073,6698336,6578026,6622927,6557113,6604746,6602663,6575923,6656563,6548907,6647486,6588636,6502031,6612579,6587386,6518805,6554363,6514469,6534391,6415198
161,0,0,0,6738243,6710270,6589403,6633493,6568812,6617258,6614002,6587381,6669123,6561071,6660101,6600436,6514396,6625248,6600032,6531717,6566493,6527338,6547376,6426959
162,31,0,0,6725819,6697941,6577769,6621929,6557171,6605226,6601597,6575452,6656447,6548266,6647478,6587931,6502275,6613191,6587549,6519099,6553343,6513863,6535119,6414712
163,0,0,0,6738242,6710816,6590411,6634709,6569433,6617432,6614556,6588385,6668779,6561905,6661504,6600918,6515389,6625181,6599860,6531903,6566904,6527070,6548017,6427005
164,31,0,0,6725525,6697193,6577605,6622287,6555854,6604426,6601674,6575007,6655288,6548867,6647419,6587221,6502385,6612391,6586377,6517757,6553022,6513355,6533988,6413725
165,0,0,0,6738722,6710424,6590064,6635390,6568668,6617161,6614984,6587981,6668879,6562487,6661020,6600530,6515124,6625296,6600148,6531154,6566281,6526733,6547596,6427164
166,31,0,0,6726107,6697636,6577647,6622247,6556479,6604887,6601882,6574808,6656090,6549195,6647812,6587894,6502900,6611975,6587231,6518772,6553561,6513363,6534599,6414581
167,0,0,0,6738408,6709813,6589048,6635073,6569012,6617281,6614390,6587997,6668721,6562550,6660458,6600816,6515400,6624820,6600663,6531641,6567713,6526490,6547364,6426725
168,31,0,0,6725441,6696517,6576316,6621861,6555915,6604622,6601443,6574482,6655821,6549057,6647704,6587736,6502107,6610751,6587284,6518757,6553890,6512774,6534016,6413519
169,0,0,0,6738768,6709730,6589046,6634885,6568732,6617317,6613943,6587296,6668663,6561881,6661088,6600822,6514835,6624400,6600249,6532426,6567844,6525819,6547401,6425788
170,31,0,0,6726913,6697905,6576750,6622936,6556639,6604719,6602105,6575824,6656849,6549534,6648316,6588491,6502514,6612356,6587821,6519702,6555122,6513341,6534862,6413890
171,0,0,0,6738548,6711183,6590004,6635788,6569383,6617831,6614627,6588342,6670282,6562559,6660975,6601055,6515594,6624720,6600171,6532513,6568095,6526770,6548164,6426633
172,31,0,0,6726218,6698452,6577671,6622784,6557390,6604816,6602081,6575069,6657145,6549392,6647584,6587773,6503468,6611415,6586600,6519416,6554852,6513876,6534786,6414186
173,0,0,0,6738717,6710447,6589306,6634410,6568816,6617116,6613661,6587248,6669215,6562391,6660205,6600530,6515456,6624696,6599575,6532687,6567395,6527207,6547884,6427000
174,31,0,0,6726025,6698217,6576852,6622089,6555837,6604216,6600872,6574537,6656094,6548767,6647008,6587365,6502654,6611949,6586696,6519705,6554104,6513629,6534390,6414553
175,0,0,0,6739454,6710549,6589506,6634597,6568781,6617027,6614030,6587524,6669790,6562292,6660640,6600425,6515377,6624796,6599785,6532945,6568010,6526948,6548078,6427143
176,31,0,0,6726806,6698308,6576799,6621709,6556124,6604333,6601573,6574767,6656748,6549197,6646534,6587350,6502830,6610623,6587044,6519881,6555097,6513813,6534161,6413696
177,0,0,0,6740354,6711373,6589455,6634957,6569329,6617418,6614527,6588212,6670266,6562207,6659783,6601044,6516130,6624994,6600642,6533425,6568737,6527299,6548335,6427569
178,31,0,0,6727538,6698671,6577234,6623310,6556946,6604595,6602040,6575366,6657274,6549641,6647279,6588416,6503164,6612566,6587437,6520048,6555144,6514441,6535042,6414469
179,0,0,0,6738842,6710447,6589301,6635333,6568581,6617086,6613744,6587114,6669355,6561629,6659844,6600836,6515392,6624282,6599910,6532390,6568234,6527113,6547428,6426533
180,31,0,0,6727036,6698705,6577561,6622813,6556877,6604569,6601784,6575301,6657019,6549525,6647622,6588444,6503207,6612538,6587144,6519679,6555313,6514453,6534712,6414222
181,0,0,0,6739333,6711126,6589963,6634982,6569384,6616868,6614198,6587468,6669015,6562572,6660221,6600722,6515288,6625168,6600222,6532503,6568290,6526922,6547322,6426285
182,31,0,0,6726738,6698478,6577465,6622198,6556686,6604331,6601248,6574789,6655778,6549183,6646633,6587583,6502696,6611211,6586755,6518668,6554474,6514222,6534082,6413767
183,0,0,0,6738707,6710553,6589359,6634225,6568759,6617131,6614033,6587002,6668762,6561824,6659654,6599730,6515016,6623691,6599024,6531623,6567110,6526660,6547084,6426623
184,31,0,0,6726700,6698638,6577165,6622557,6556744,6604807,6601772,6574918,6656648,6548968,6646850,6587700,6503448,6611692,6586014,6518574,6554564,6514331,6534711,6414131
185,0,0,0,6739587,6710767,6589194,6634689,6568901,6617103,6613745,6587811,6670126,6561584,6660314,6600570,6514920,6624274,6599626,6531637,6568901,6526925,6547451,6426756
186,31,0,0,6726638,6698158,6577245,6622296,6557109,6604365,6601565,6574753,6656978,6548760,6646305,6587776,6501601,6611876,6586449,6518645,6555384,6513489,6533254,6413708
187,0,0,0,6740147,6711205,6589774,6635184,6569646,6617795,6614109,6588078,6670607,6562384,6660023,6601173,6515357,6625182,6599851,6532761,6569515,6527612,6547265,6427505
188,31,0,0,6726842,6697950,6576933,6622288,6556663,6604641,6601808,6574861,6657062,6549168,6646676,6587882,6502831,6612691,6587147,6519041,6555348,6514095,6533802,6413638
189,0,0,0,6739465,6710026,6589966,6635206,6569190,6617366,6613916,6587292,6669425,6562184,6660055,6600847,6514984,6625315,6599701,6531893,6568022,6526461,6547184,6425938
190,31,0,0,6726291,6697250,6577837,6622149,6556720,6604017,6600930,6573997,6656589,6549252,6646549,6587919,6502054,6612362,6587052,6518957,6555047,6513679,6533763,6413357
191,0,0,0,6738397,6709927,6589690,6634117,6568234,6616210,6612827,6586321,6669374,6562026,6658773,6599790,6514877,6624597,6599305,6531501,6567453,6526232,6546505,6425400
192,31,0,0,6726770,6698147,6577811,6621815,6556653,6604675,6601191,6574510,6656238,6548708,6645950,6587784,6502307,6611572,6587016,6518150,6554985,6514217,6533682,6413068
193,0,0,0,6738437,6710436,6589055,6633420,6568098,6616999,6613392,6586420,6668540,6560410,6658609,6599762,6513472,6623665,6598579,6531380,6567698,6525652,6546693,6424561
194,31,0,0,6726690,6698231,6577779,6621856,6556528,6605677,6601050,6574761,6656320,6548284,6646309,6587361,6502412,6612462,6586031,6519173,6555247,6513719,6534651,6413363
195,0,0,0,6739043,6710206,6589300,6633698,6568040,6617403,6613413,6586542,6668731,6562195,6659015,6599934,6514599,6624183,6599678,6531659,6567954,6526984,6546974,6425359
196,31,0,0,6726255,6696423,6576281,6620243,6555594,6604658,6600420,6573745,6655696,6548202,6646026,6586366,6501336,6610363,6586606,6517600,6554531,6513496,6533283,6411664
197,0,0,0,6739516,6709615,6590141,6632843,6568298,6617710,6613943,6587163,6668918,6560918,6659917,6600103,6514852,6624201,6599447,6531946,6568306,6527018,6547010,6425522
198,31,0,0,6727643,6698160,6577916,6621139,6557140,6605260,6601789,6575564,6657198,6548458,6647047,6588235,6502709,6611742,6587103,6519931,6555779,6515116,6534792,6413741
199,0,0,0,6739394,6710471,6589709,6633005,6568716,6616946,6613891,6587182,6668803,6561242,6659152,6600452,6514302,6624084,6598949,6531867,6567834,6526376,6547264,6426672
200,31,0,0,6727271,6698207,6577191,6621111,6556828,6604561,6601057,6575216,6656668,6549312,6646124,6587736,6502499,6611451,6586231,6519369,6555053,6513872,6534714,6414482
201,0,0,0,6739357,6711011,6590265,6634672,6569421,6616856,6613841,6587533,6669579,6561975,6659110,6600874,6514842,6625087,6599433,6533002,6568339,6527320,6547501,6427116
202,31,0,0,6727374,6699230,6577978,6623018,6557388,6605062,6601721,6575550,6657576,6549758,6647132,6588676,6502984,6612276,6586524,6520285,6555845,6514403,6535124,6415007
203,0,0,0,6739602,6711548,6589703,6635157,6569277,6617604,6613910,6587962,6669970,6562883,6660377,6601075,6515682,6625059,6599754,6532280,6569188,6527062,6548380,6428103
204,31,0,0,6726615,6698681,6578021,6621479,6556754,6604321,6601389,6574855,6656755,6549032,6646652,6588122,6502906,6612555,6586386,6518801,6555632,6514136,6534880,6414860
205,0,0,0,6738823,6711229,6589795,6633867,6569594,6616912,6613614,6587840,6669080,6561884,6659728,6600710,6514688,6624585,6599297,6531992,6568033,6526597,6547399,6427334
206,31,0,0,6726860,6699206,6577774,6622216,6557383,6604643,6601830,6575502,6657094,6549978,6647360,6588767,6502608,6612973,6586335,6519695,6555095,6514241,6534955,6415129
207,0,0,0,6739842,6711286,6590729,6635033,6570876,6617987,6614800,6588036,6670448,6563665,6661027,6601604,6516160,6626360,6599491,6533208,6568699,6528061,6548271,6428467
208,31,0,0,6728256,6698805,6579273,6623061,6559261,6605622,6602693,6576159,6657897,6550365,6647614,6589340,6503569,6613722,6587074,6520453,6556047,6514482,6535516,6415926
209,0,0,0,6739516,6709507,6590685,6634967,6569856,6616992,6614284,6588061,6669583,6562234,6659470,6600882,6515378,6625459,6598684,6532039,6567981,6526308,6547656,6426765
210,31,0,0,6726726,6697756,6577546,6622111,6557878,6604116,6601333,6575020,6656294,6549102,6646769,6588162,6502985,6612047,6586515,6518918,6554315,6513971,6534458,6413526
211,0,0,0,6738963,6711129,6589311,6634527,6570292,6617299,6614049,6587378,6669388,6561602,6660117,6600803,6515443,6624782,6599548,6531580,6567764,6526615,6547125,6426004
212,31,0,0,6725571,6697646,6576810,6621687,6557113,6604479,6600436,6574818,6656737,6548081,6647425,6588121,6502716,6611087,6586347,6518249,6554597,6513615,6533719,6413175
213,0,0,0,6738963,6710848,6589364,6634536,6570459,6617255,6613038,6587935,6669911,6562129,6659879,6601122,6515709,6626103,6599581,6531901,6567761,6526770,6546954,6426896
214,31,0,0,6726482,6697869,6575903,6621968,6556966,6604782,6600459,6575210,6657152,6548796,6646931,6588300,6502867,6612584,6586427,6518438,6554096,6513658,6534436,6414106
215,0,0,0,6738566,6711365,6588494,6635109,6569010,6617407,6613063,6587845,6669872,6561582,6659928,6601221,6515858,6624611,6599156,6532364,6567855,6526582,6547602,6427015
216,31,0,0,6727410,6699222,6576979,6623391,6557926,6605412,6601218,6575980,6658020,6549117,6647477,6588841,6504142,6613171,6587183,6519649,6555573,6514684,6535144,6414395
217,0,0,0,6739441,6711081,6588630,6635202,6569603,6617635,6613504,6588003,6669897,6560904,6660409,6600854,6515735,6625091,6599317,6532713,6568341,6527059,6547611,6427260
218,31,0,0,6726647,6698078,6576768,6622464,6557457,6605040,6601199,6575539,6657287,6549566,6647369,6587752,6503546,6612808,6585900,6519274,6555567,6514720,6534531,6414288
219,0,0,0,6739598,6711034,6589758,6634589,6569911,6617397,6614571,6588442,6670270,6561407,6660587,6601021,6516306,6625937,6599611,6533189,6568745,6527958,6547141,6427324
220,31,0,0,6726702,6698524,6577429,6622325,6558348,6605458,6602012,6575333,6657358,6548926,6647497,6588522,6503595,6613194,6587062,6520060,6555947,6514468,6534417,6414319
221,0,0,0,6738909,6711015,6589982,6634597,6570295,6618330,6614426,6587810,6670328,6561154,6660537,6601597,6515798,6626056,6599904,6533098,6569067,6527900,6547170,6426912
222,31,0,0,6726847,6699422,6578623,6622903,6559079,6606507,6602076,6576245,6657541,6549236,6648221,6589130,6504425,6613779,6587438,6520958,6556286,6515111,6534586,6414946
223,0,0,0,6739254,6712171,6590647,6636399,6571179,6619015,6614553,6588837,6670567,6561731,6660558,6601829,6517510,6626667,6599951,6533836,6569186,6528005,6548381,6427725
224,31,0,0,6726546,6698504,6577459,6623016,6558086,6605569,6600946,6575283,6657190,6547938,6646527,6588088,6503081,6612376,6586338,6519982,6555323,6514180,6534415,6413636
225,0,0,0,6739241,6710575,6589676,6634433,6570748,6618304,6613311,6588076,6669810,6560685,6659647,6600715,6516178,6625605,6599716,6533042,6568411,6527787,6547233,6426321
226,31,0,0,6727469,6698686,6577785,6622489,6558689,6605895,6601691,6576083,6657598,6549153,6647554,6587959,6504026,6613013,6587897,6520818,6555513,6514829,6533974,6414026
227,0,0,0,6738625,6710098,6589084,6635041,6570486,6617911,6613027,6587276,6669544,6560728,6659608,6600759,6516065,6625407,6599764,6532850,6568693,6526727,6546739,6426520
228,31,0,0,6726577,6698686,6577831,6622897,6558619,6606081,6601935,6574793,6657487,6548599,6646876,6588615,6503602,6612768,6587577,6520232,6555445,6514555,6534346,6414452
229,0,0,0,6738480,6710267,6588680,6634732,6570345,6617815,6613799,6587141,6669564,6560757,6658621,6600483,6515395,6625133,6599384,6532416,6566819,6526941,6546783,6425859
230,31,0,0,6726388,6698398,6576507,6623120,6557056,6605185,6601839,6575021,6657884,6548585,6646492,6588495,6503357,6612569,6586388,6519349,6554604,6514485,6534880,6413762
231,0,0,0,6739025,6710643,6589203,6635014,6570141,6617869,6614684,6587755,6670436,6561728,6659396,6601426,6516255,6625408,6600044,6532451,6568047,6527239,6548101,6426370
232,31,0,0,6726006,6698788,6577516,6622074,6558280,6604647,6601692,6574905,6657463,6548924,6646473,6588430,6503688,6613320,6586380,6519002,6554806,6513919,6534391,6415134
233,0,0,0,6738347,6710083,6589323,6634668,6569918,6617326,6613691,6586954,6669939,6560856,6659277,6600413,6515999,6625705,6599049,6531311,6568377,6526677,6546566,6426940
234,31,0,0,6726473,6699085,6577875,6622993,6558357,6605412,6601813,6576046,6657804,6548407,6647008,6588095,6504341,6613862,6587589,6519390,6556513,6514919,6534038,6415256
235,0,0,0,6738349,6710926,6589648,6634897,6570219,6617629,6614233,6588259,6670162,6561114,6659175,6600530,6516458,6625759,6599749,6532258,6568371,6527036,6547456,6427327
236,31,0,0,6726230,6698050,6577532,6622463,6558655,6605981,6602049,6575865,6657380,6549406,6646484,6588537,6504160,6613021,6587699,6519477,6555379,6514257,6535235,6414391
237,0,0,0,6738715,6710041,6589125,6634608,6570145,6617227,6614040,6587395,6668903,6561330,6659282,6600979,6515967,6624901,6599136,6531535,6567746,6526819,6547570,6426334
238,31,0,0,6728601,6699404,6578183,6623222,6558968,6606480,6602449,6575943,6657765,6550201,6647572,6589175,6504752,6613568,6587737,6520238,6556340,6515629,6536099,6415270
239,0,0,0,6739834,6711229,6589815,6634848,6570754,6618309,6614481,6587848,6669712,6562463,6661208,6601007,6516410,6626012,6599416,6532276,6568402,6527281,6548708,6426915
240,31,0,0,6727286,6698953,6578300,6623047,6558424,6606076,6602695,6575832,6657645,6549785,6648744,6588867,6504494,6613691,6587382,6519549,6555528,6514491,6535674,6414876
241,0,0,0,6739808,6711009,6590359,6634997,6570294,6618292,6614400,6588409,6670180,6562212,6661440,6601647,6516869,6625822,6599680,6532506,6568504,6527419,6548436,6426868
242,31,0,0,6726927,6698730,6577605,6622604,6557745,6605293,6601806,6575696,6657383,6549615,6647663,6588941,6503533,6612869,6586944,6519666,6555114,6513888,6534748,6414489
243,0,0,0,6739301,6710744,6589587,6634818,6569848,6617563,6613454,6588168,6670120,6562376,6660422,6601516,6515838,6625122,6599127,6532486,6568329,6526725,6547674,6426921
244,31,0,0,6725921,6698189,6576883,6622559,6557186,6604782,6601006,6575034,6657528,6548767,6647443,6587518,6503320,6612020,6586765,6519023,6554411,6513394,6534257,6414030
245,0,0,0,6738477,6710395,6589719,6634734,6569185,6617224,6614679,6587710,6670069,6561895,6660431,6600393,6515622,6624642,6599463,6532035,6567158,6526413,6547401,6427286
246,31,0,0,6727046,6699150,6577762,6623054,6557915,6604889,6602440,6575810,6657787,6549284,6647326,6588788,6503829,6612710,6587503,6518701,6555330,6514103,6535302,6415340
247,0,0,0,6739184,6712086,6590200,6634413,6570305,6618052,6615169,6588055,6669945,6562675,6660586,6601801,6515834,6625304,6600149,6532333,6567833,6526894,6548581,6427461
248,31,0,0,6726878,6699087,6578110,6621530,6557544,6605103,6602379,6575376,6657370,6549461,6647785,6588490,6503514,6612788,6586453,6519007,6554172,6514025,6535117,6414540
249,0,0,0,6739583,6712152,6590695,6634947,6571105,6618345,6615408,6588729,6670745,6562986,6661828,6601888,6517156,6626437,6600572,6532903,6568570,6527642,6548519,6427577
250,31,0,0,6727017,6699120,6577708,6622222,6558072,6605232,6602265,6574905,6657210,6549355,6648439,6587778,6503332,6612411,6586369,6519403,6555275,6513850,6534060,6413330
251,0,0,0,6738213,6710572,6588577,6633628,6569262,6616339,6613802,6586695,6668415,6560371,6660439,6599507,6515007,6624489,6598745,6531100,6567297,6525996,6545853,6425527
252,31,0,0,6726695,6698729,6577112,6622196,6557605,6605290,6602379,6575407,6656688,6548690,6648050,6587511,6503715,6613096,6586444,6519467,6554646,6513600,6534073,6413387
253,0,0,0,6738958,6710757,6589024,6634571,6570536,6617214,6615126,6587653,6669673,6561410,6661392,6600716,6515796,6625788,6598993,6532768,6568156,6526380,6547609,6426669
254,31,0,0,6727080,6699387,6577347,6622117,6557781,6604887,6603032,6576224,6656953,6548641,6647947,6588370,6503707,6613413,6587336,6519601,6555585,6513812,6534471,6414083
255,0,0,0,6739438,6712143,6589498,6635262,6570620,6618517,6615703,6588654,6670211,6561721,6661358,6601046,6516532,6626260,6600173,6532910,6568447,6526661,6546769,6426826
256,31,0,0,6726166,6699069,6577072,6621951,6558029,6604852,6602730,6575475,6657577,6549403,6648072,6588238,6503761,6613858,6586912,6519620,6554957,6513770,6534861,6414618
257,0,0,0,6738540,6710389,6588799,6634021,6570196,6617142,6614035,6587974,6669093,6561787,6660869,6600513,6515505,6625591,6599734,6532094,6567582,6526369,6547150,6426880
258,31,0,0,6725804,6698119,6576142,6622388,6557332,6603770,6602211,6575330,6655881,6548767,6647634,6587302,6503158,6611419,6586411,6518394,6554332,6513359,6534031,6413988
259,0,0,0,6737991,6709927,6588842,6634633,6569990,6616800,6614800,6587973,6669171,6561202,6661149,6600943,6515712,6623819,6599570,6531133,6567461,6526804,6547397,6427764
260,31,0,0,6725476,6698281,6577144,6621963,6557618,6604566,6602420,6575736,6656446,6549135,6648301,6588427,6503678,6611949,6587511,6518964,6554581,6514466,6534153,6415043
261,0,0,0,6737689,6710615,6589386,6634063,6570286,6617754,6614896,6588592,6668840,6561598,6661470,6601147,6515826,6624674,6600720,6532274,6567727,6526421,6546724,6427088
262,31,0,0,6724708,6697898,6576704,6621110,6557874,6604125,6602111,6574848,6656797,6548899,6647987,6587993,6502769,6611518,6587738,6519118,6554418,6513257,6533571,6413595
263,0,0,0,6737528,6710136,6588732,6634143,6570042,6616947,6614805,6587331,6669607,6561779,6660520,6600532,6515438,6624308,6600596,6531745,6568356,6526069,6547085,6426198
264,31,0,0,6726539,6698515,6577307,6622200,6558195,6604667,6602160,6575427,6657126,6548973,6647714,6588232,6503403,6612215,6588050,6518854,6555662,6513618,6535080,6414365
265,0,0,0,6738431,6710242,6588420,6633650,6570047,6616066,6614233,6587416,6669233,6561167,6660327,6600445,6515956,6624279,6599871,6532012,6567935,6526190,6547492,6426344
266,31,0,0,6726498,6698904,6576968,6622276,6558470,6604682,6601778,6575409,6657059,6549162,6648400,6588628,6503905,6612068,6588163,6519787,6555335,6513576,6534419,6414794
267,0,0,0,6739001,6710973,6588960,6634601,6570041,6616995,6614558,6587271,6669543,6561236,6660775,6601049,6516295,6624920,6601083,6532190,6567720,6525848,6547471,6426653
268,31,0,0,6726841,6698935,6576804,6622836,6557834,6604533,6602767,6575237,6657778,6549422,6647786,6588312,6504298,6612124,6588397,6519323,6554454,6513974,6534427,6414796
269,0,0,0,6738637,6710706,6588689,6634175,6570539,6616375,6614614,6587103,6669985,6561888,6660602,6600240,6516311,6623886,6600683,6531386,6567309,6526380,6546492,6426907
270,31,0,0,6725397,6698470,6576013,6621356,6557280,6603790,6601180,6573972,6656092,6549008,6647231,6587828,6503651,6611764,6587690,6518848,6553881,6513321,6533491,6414059
271,0,0,0,6738858,6711657,6589144,6634633,6570478,6617883,6613999,6587424,6669670,6562982,6661125,6601062,6517270,6625200,6600982,6532981,6568922,6526799,6547260,6426882
272,31,0,0,6725270,6698717,6575995,6620952,6556867,6603588,6600530,6574277,6655894,6549502,6647550,6587532,6503802,6611327,6587340,6518915,6555095,6512923,6534280,6413823
273,0,0,0,6738517,6710597,6588325,6634079,6569155,6616911,6613775,6587280,6668677,6562867,6661176,6600108,6515585,6625039,6600207,6532038,6567977,6525591,6547340,6426686
274,31,0,0,6727037,6699227,6577057,6622637,6557704,6605491,6602275,6575166,6657538,6551179,6648765,6588783,6504342,6612849,6587709,6519765,6555922,6513058,6534748,6414979
275,0,0,0,6738840,6710707,6589012,6634343,6569615,6616878,6614496,6587115,6669609,6562677,6661448,6600650,6516380,6624089,6600430,6531672,6567487,6525745,6546984,6426761
276,31,0,0,6726607,6698617,6576224,6621915,6557540,6604512,6601727,6574801,6656330,6549520,6648398,6587651,6503969,6612043,6588108,6518564,6555231,6513021,6534286,6414611
277,0,0,0,6739253,6710591,6588923,6634252,6570179,6616712,6614420,6587152,6669110,6561729,6661010,6600127,6516413,6624842,6600602,6531792,6568284,6525954,6547476,6426975
278,31,0,0,6725808,6698339,6576380,6621591,6557356,6603663,6601480,6574157,6656214,6548803,6646636,6587890,6503111,6611753,6587505,6518904,6554677,6512759,6534106,6413807
279,0,0,0,6738731,6711588,6589527,6634887,6569996,6617060,6614690,6587766,6670235,6562203,6660268,6600776,6516215,6625057,6600964,6532599,6568692,6526818,6548174,6427422
280,31,0,0,6726348,6699256,6577260,6622769,6557935,6604117,6602062,6574810,6656947,6549061,6647214,6588376,6503174,6612261,6587978,6519469,6555423,6513620,6535032,6414886
281,0,0,0,6738245,6711731,6588990,6634638,6570144,6616826,6614501,6587397,6669041,6562100,6660235,6601105,6514933,6624592,6600528,6531977,6567381,6526354,6548110,6427364
282,31,0,0,6726641,6699317,6576983,6621536,6558083,6603755,6601921,6575119,6657065,6549588,6647632,6588765,6503212,6612408,6589181,6519347,6555447,6513776,6535302,6415018
283,0,0,0,6738096,6710985,6588291,6632854,6569067,6615766,6613769,6586635,6668890,6561829,6660131,6599942,6515340,6624161,6600985,6531429,6567599,6525740,6547104,6425873
284,31,0,0,6726765,6699297,6577203,6622471,6557423,6604345,6601818,6575139,6657565,6550291,6648291,6588297,6503256,6612941,6588651,6519082,6555505,6513774,6534869,6414071
285,0,0,0,6738525,6710866,6589128,6635338,6569423,6617430,6613784,6587454,6670306,6562939,6660948,6600933,6515403,6625596,6601399,6532206,6568349,6526883,6547199,6426322
286,31,0,0,6726024,6698429,6577386,6622762,6557647,6604887,6601897,6574566,6657322,6549917,6648277,6588296,6503200,6613302,6588350,6518971,6555664,6513809,6534376,6414752
287,0,0,0,6738965,6710675,6590057,6635201,6570203,6617011,6614405,6588144,6670219,6562594,6661771,6601593,6516535,6626213,6601065,6533072,6568966,6526916,6547271,6427065
288,31,0,0,6725714,6697851,6576910,6622472,6557374,6603983,6601454,6575119,6656491,6549151,6647156,6588831,6502700,6612480,6587790,6519826,6555239,6513358,6534396,6413655
289,0,0,0,6737400,6710472,6589087,6633912,6569567,6616285,6613441,6587398,6668786,6561652,6660153,6601134,6514883,6624661,6600882,6531893,6567832,6526454,6547243,6426131
290,31,0,0,6725327,6698305,6577002,6622079,6557653,6603909,6601108,6575404,6656521,6549172,6647556,6588290,6502499,6612351,6587893,6518832,6555610,6513542,6534573,6413194
291,0,0,0,6737976,6710944,6588428,6634231,6569040,6616152,6613583,6587369,6668672,6561735,6660084,6600020,6515009,6624995,6601101,6531264,6568204,6525836,6546808,6425721
292,31,0,0,6725636,6698873,6577551,6622576,6557292,6603805,6601676,6575289,6656939,6549277,6648162,6587977,6503216,6613078,6588439,6519060,6555562,6514095,6534765,6413745
293,0,0,0,6738292,6710594,6588628,6634453,6569767,6615681,6614280,6587540,6669202,6560811,6660629,6599899,6515037,6624985,6600502,6532225,6568050,6526588,6546743,6424810
294,31,0,0,6725893,6697924,6576173,6622867,6557775,6603980,6601550,6575182,6657326,6548350,6647786,6588027,6502862,6612822,6588328,6519774,6554970,6514063,6534318,6413232
295,0,0,0,6738085,6709443,6588505,6634607,6569868,6616231,6614465,6587398,6669490,6560884,6660797,6600930,6515157,6625092,6600815,6532500,6567884,6526810,6547442,6426446
296,31,0,0,6726627,6698610,6576788,6622645,6557785,6604739,6603381,6575649,6657531,6549194,6648356,6588881,6503247,6613521,6588931,6520188,6554518,6514356,6534582,6414309
297,0,0,0,6738451,6710445,6588841,6634321,6570188,6616816,6615030,6587589,6670106,6561392,6660884,6601111,6515810,6625664,6600990,6532519,6566871,6526791,6547390,6427056
298,31,0,0,6725705,6699363,6577285,6622446,6558107,6604988,6603698,6575899,6657962,6549701,6648196,6588893,6503823,6614344,6589422,6519840,6555035,6514687,6534950,6414276
299,0,0,0,6738033,6710805,6589143,6634325,6570331,6616882,6615237,6588370,6670074,6562887,6661170,6601194,6516005,6626062,6602123,6533026,6568430,6527004,6547056,6427023
300,31,0,0,6725783,6698991,6576568,6622190,6557490,6605042,6602534,6576004,6657260,6549805,6648311,6589101,6503283,6613813,6589578,6519763,6555698,6514379,6534225,6414562
301,0,0,0,6738328,6711392,6588644,6634298,6569810,6616731,6615340,6588101,6669171,6562452,6660651,6601362,6514946,6626608,6601733,6532828,6568316,6527083,6547641,6426858
302,31,0,0,6726713,6699438,6577115,6622646,6558188,6604883,6602762,6575710,6656869,6550204,6648114,6588949,6503747,6613829,6588757,6520527,6555272,6514167,6534855,6414576
303,0,0,0,6738614,6711613,6589064,6634039,6570090,6617613,6615732,6588298,6669306,6562909,6661366,6601544,6515744,6625485,6601475,6533687,6568252,6526602,6547365,6426645
304,31,0,0,6726025,6699133,6576189,6621441,6557120,6604576,6601974,6575711,6656105,6549344,6647786,6588096,6502836,6612545,6587576,6520142,6554740,6512867,6534238,6413420
305,0,0,0,6739443,6711847,6588763,6634696,6569185,6617522,6615011,6588266,6669864,6562233,6661382,6601384,6515453,6625816,6601899,6533630,6568404,6526958,6547806,6426963
306,31,0,0,6727207,6699486,6576849,6621945,6557151,6605410,6602371,6576243,6657745,6549934,6648831,6588847,6504175,6613189,6589474,6520759,6555332,6514409,6535564,6414098
307,0,0,0,6739070,6711346,6588239,6633726,6569085,6617634,6614358,6588394,6669406,6561761,6661159,6601536,6516092,6625039,6601573,6533268,6568438,6526927,6547897,6426374
308,31,0,0,6726080,6698274,6576317,6621331,6556478,6604323,6601205,6575246,6656267,6548817,6648384,6588281,6502099,6612669,6588069,6519785,6554966,6513711,6534940,6413510
309,0,0,0,6738587,6710903,6589122,6634301,6569403,6617608,6614753,6588289,6669559,6562052,6662221,6601509,6516222,6626090,6601824,6533118,6568788,6527164,6548313,6426552
310,31,0,0,6725926,6698455,6576494,6621839,6556862,6604325,6602313,6575705,6656682,6549295,6649037,6588550,6503967,6612948,6588533,6520467,6555651,6513899,6534975,6414257
311,0,0,0,6738760,6711040,6589229,6633958,6569045,6616819,6614310,6587760,6670001,6562180,6661740,6601002,6516533,6625964,6601426,6533644,6568473,6526704,6547997,6426758
312,31,0,0,6727053,6699151,6577025,6621822,6557295,6604792,6602852,6576868,6657558,6549690,6648591,6588494,6504188,6613906,6589238,6521068,6555375,6514399,6535524,6414662
313,0,0,0,6738701,6711580,6589934,6634617,6569994,6616501,6615305,6588779,6669424,6562466,6661156,6601461,6515906,6626964,6601200,6534238,6568444,6527875,6548303,6427284
314,31,0,0,6726326,6699143,6577559,6622643,6557724,6604896,6603042,6576312,6657210,6549788,6648661,6588791,6503699,6613968,6589118,6521828,6555454,6514391,6535600,6415341
315,0,0,0,6739666,6712453,6589380,6634159,6570023,6617545,6615232,6589284,6670312,6561658,6661676,6601622,6516671,6625697,6601270,6533850,6568993,6527749,6548861,6428174
316,31,0,0,6725940,6699172,6576450,6622311,6557507,6604799,6602516,6575929,6656614,6548812,6648674,6588767,6503004,6612683,6589032,6520739,6555596,6514109,6534873,6415015
317,0,0,0,6739996,6711938,6590137,6635336,6570810,6618124,6616864,6589312,6671068,6562528,6661885,6602980,6517475,6626667,6602030,6535427,6569362,6527358,6549091,6428609
318,31,0,0,6726268,6698352,6576505,6622446,6557390,6604122,6603105,6575468,6657014,6549634,6647933,6588865,6503494,6612753,6588171,6521115,6555381,6514014,6535478,6414894
319,0,0,0,6738968,6711136,6589112,6635627,6569739,6617011,6615732,6588329,6670162,6563015,6661142,6601716,6515988,6625302,6601562,6533128,6568071,6526880,6547922,6427595
320,31,0,0,6726049,6698476,6576170,6621546,6556711,6604008,6602479,6575524,6656957,6550229,6647672,6588498,6503211,6612690,6588370,6519895,6554688,6513634,6534192,6414423
321,0,0,0,6738574,6711538,6589253,6634036,6569260,6616681,6615654,6588156,6669872,6562552,6660738,6601465,6515450,6625678,6601285,6533314,6568415,6526538,6547138,6427092
322,31,0,0,6726560,6698779,6577772,6622655,6557364,6605143,6603175,6576267,6657494,6550520,6647422,6589261,6504022,6613538,6589014,6521345,6555416,6514461,6535130,6415667
323,0,0,0,6738559,6710419,6589580,6635316,6568846,6617260,6614999,6587453,6669267,6562103,6661016,6601308,6516499,6625394,6600819,6533765,6567735,6526912,6547138,6426976
324,31,0,0,6725869,6698366,6577283,6622721,6557240,6604246,6602581,6575313,6656467,6549877,6648158,6588655,6503793,6612631,6588864,6520737,6554890,6513990,6534758,6414275
325,0,0,0,6738849,6711099,6589542,6635989,6569786,6617317,6615311,6588080,6669973,6562756,6661268,6601550,6516320,6625266,6601511,6533659,6567985,6527586,6547586,6427045
326,31,0,0,6725890,6698549,6576833,6623198,6557218,6604286,6602717,6575614,6656844,6549252,6648575,6588723,6503280,6613049,6588303,6520444,6554805,6514322,6534099,6414362
327,0,0,0,6738683,6710799,6589401,6635617,6569629,6617428,6615293,6588465,6669873,6562899,6662022,6601543,6515673,6626375,6601991,6534056,6568539,6527209,6547612,6427404
328,31,0,0,6725080,6696789,6576570,6622718,6557091,6604454,6602098,6575360,6656833,6549719,6648187,6587924,6502770,6613010,6587607,6520170,6554713,6513317,6534525,6414863
329,0,0,0,6736847,6709226,6588697,6635240,6569174,6616599,6614594,6587788,6669378,6561846,6661404,6600621,6515467,6625507,6599931,6533072,6568063,6526593,6546991,6426960
330,31,0,0,6725368,6697743,6576725,6622721,6556380,6604405,6602532,6575616,6656558,6549423,6648765,6588745,6502890,6613694,6588604,6520725,6554715,6513821,6534387,6414327
331,0,0,0,6737110,6709867,6589254,6635356,6569020,6616749,6615518,6587762,6669492,6562802,6661478,6601309,6515037,6626076,6601184,6533524,6568075,6527160,6547381,6426974
332,31,0,0,6725641,6698079,6577513,6623980,6557350,6604957,6603136,6575925,6657533,6550658,6649258,6589080,6503044,6614626,6588727,6520729,6555504,6514752,6535272,6414840
333,0,0,0,6738319,6710671,6590301,6636809,6570272,6618179,6615918,6589325,6670860,6563876,6662637,6602545,6515907,6626480,6602326,6534199,6568672,6528047,6547359,6427469
334,31,0,0,6725020,6696828,6577589,6623312,6556914,6605328,6602592,6576180,6657189,6549926,6648609,6588734,6502790,6613088,6588238,6520648,6553960,6514438,6533619,6414500
335,0,0,0,6737384,6709177,6589686,6636025,6568732,6618003,6615181,6587797,6669638,6561817,6661148,6600661,6515153,6625638,6600647,6532698,6566924,6526683,6547012,6427123
336,31,0,0,6725394,6697265,6577596,6623355,6556499,6605866,6602788,6575776,6657667,6549620,6648384,6588248,6503786,6613306,6587787,6520232,6554317,6514449,6533869,6414375
337,0,0,0,6737837,6709542,6589346,6635084,6568926,6617911,6614862,6587938,6669515,6561966,6660814,6600635,6515270,6626286,6600467,6533393,6567071,6526507,6546949,6426499
338,31,0,0,6725335,6697431,6576690,6622692,6556413,6605453,6602392,6575812,6656822,6549256,6648029,6587898,6502775,6613388,6588956,6520171,6553109,6513834,6533465,6414109
339,0,0,0,6737473,6709953,6589346,6634860,6568736,6617638,6615010,6588942,6669362,6562276,6660828,6600862,6515475,6625828,6601172,6532726,6566372,6526401,6546376,6426672
340,31,0,0,6725455,6698264,6577540,6622291,6556817,6605636,6602709,6576285,6657659,6549775,6648482,6588339,6502774,6613514,6588390,6519843,6552850,6514051,6533858,6413792
341,0,0,0,6737717,6710969,6590237,6634191,6569071,6616901,6614823,6588680,6669999,6562272,6660955,6600847,6515955,6626141,6600769,6532700,6566698,6526782,6546986,6426342
342,31,0,0,6726344,6698929,6578707,6623108,6558285,6605299,6603683,6576928,6658195,6550779,6649303,6589133,6503725,6614080,6588745,6520124,6554237,6514726,6535013,6414689
343,0,0,0,6739401,6712070,6590672,6635290,6570711,6617704,6615905,6590339,6671040,6563581,6663115,6602217,6516938,6627457,6602030,6533759,6568113,6527882,6548825,6427898
344,31,0,0,6725060,6698290,6577042,6621630,6556681,6604078,6601925,6576134,6657027,6549319,6648146,6588678,6502430,6613339,6587950,6519418,6553150,6514083,6534409,6413571
345,0,0,0,6738798,6710993,6589092,6635640,6569548,6617669,6615447,6589067,6670953,6562838,6661460,6602005,6516276,6626161,6601053,6532991,6567243,6527348,6548077,6426979
346,31,0,0,6726170,6699072,6576875,6622636,6556996,6604590,6602760,6575764,6657641,6549356,6648543,6588709,6503295,6612725,6587863,6519349,6553708,6513887,6534642,6414217
347,0,0,0,6737527,6710933,6588321,6633873,6568563,6616349,6613785,6587257,6669733,6561934,6660710,6600921,6515246,6624657,6600192,6531808,6566448,6526454,6546975,6425945
348,31,0,0,6725560,6698875,6576816,6622449,6556879,6605344,6602937,6575517,6657755,6549502,6648756,6589019,6503445,6613523,6588330,6519723,6554294,6513443,6534294,6413975
349,0,0,0,6737400,6710363,6588304,6634453,6569093,6616836,6614747,6587583,6669858,6562145,6661123,6600938,6515377,6625758,6600830,6532725,6566734,6526414,6546858,6426241
350,31,0,0,6724991,6698712,6576657,6622640,6557150,6604664,6602618,6574649,6657569,6549712,6648071,6588667,6502726,6613201,6588960,6519857,6554014,6513786,6534556,6413772
351,0,0,0,6738098,6710719,6588678,6634839,6569537,6616807,6614930,6588152,6670425,6562260,6661439,6601432,6515489,6625971,6602560,6533180,6567507,6527119,6547075,6426018
352,31,0,0,6725601,6697989,6576673,6621651,6557046,6604656,6602379,6575546,6657338,6549388,6648141,6588369,6503083,6613376,6588604,6520050,6553993,6513929,6533964,6413223
353,0,0,0,6738167,6710670,6589725,6635320,6569940,6617714,6614872,6588471,6670230,6562874,6661862,6601541,6515929,6625893,6601938,6533644,6567446,6527287,6546358,6426778
354,31,0,0,6726247,6698209,6577004,6622687,6557576,6604518,6602655,6575612,6656979,6550171,6648696,6588717,6503155,6612807,6588977,6519806,6555354,6514303,6534009,6413885
355,0,0,0,6738516,6710176,6589082,6635291,6569583,6616994,6614392,6588117,6669524,6562716,6661139,6600929,6515266,6624238,6601048,6532911,6568493,6527152,6547860,6426957
356,31,0,0,6726373,6698181,6576803,6623380,6557616,6604970,6601921,6575881,6657166,6550659,6648360,6588284,6502800,6613825,6587774,6520304,6555676,6514329,6534446,6414609
357,0,0,0,6738642,6710839,6589131,6635680,6570061,6616973,6614884,6588600,6670116,6563843,6661105,6600969,6515213,6626286,6600690,6533477,6568937,6527224,6547785,6427141
358,31,0,0,6725814,6697857,6575963,6622227,6557135,6604729,6602208,6575605,6656581,6549942,6647636,6588862,6502148,6612457,6587621,6519916,6555070,6514012,6534538,6414476
359,0,0,0,6739444,6710980,6589698,6635362,6570401,6617942,6615337,6589086,6670415,6563676,6661795,6602678,6515500,6626247,6601143,6533838,6568886,6528200,6548362,6427737
360,31,0,0,6726690,6698079,6577454,6623200,6557058,6605085,6601848,6576311,6657996,6550370,6648678,6589135,6503158,6612574,6588624,6521049,6555806,6515172,6535347,6414833
361,0,0,0,6739095,6710254,6589555,6635401,6569706,6617705,6614256,6588140,6670601,6563368,6661890,6600710,6515852,6624971,6599970,6533245,6568700,6527398,6547864,6426747
362,31,0,0,6726494,6698038,6577482,6622333,6557047,6605331,6601801,6575804,6657793,6550487,6648738,6588786,6502673,6612877,6588435,6520119,6555488,6514950,6535644,6414115
363,0,0,0,6737936,6710479,6589941,6634345,6570026,6617609,6614305,6588091,6670540,6563451,6661277,6601294,6515601,6625843,6600254,6533371,6568666,6527925,6548109,6427241
364,31,0,0,6725784,6698394,6577170,6621606,6557714,6604955,6601806,6575262,6657262,6550295,6647468,6588802,6503202,6613335,6588255,6519554,6555528,6514752,6535547,6414172
365,0,0,0,6738420,6710866,6589850,6634736,6569737,6616765,6613602,6587986,6670060,6562583,6661183,6601552,6515765,6626349,6601351,6532758,6568137,6526951,6548484,6427079
366,31,0,0,6725871,6698295,6577462,6622135,6557849,6604915,6601576,6575797,6657300,6550165,6647838,6588714,6503770,6612940,6588384,6519524,6555517,6514271,6535626,6415030
367,0,0,0,6738267,6709902,6589282,6634336,6568816,6617666,6612937,6588021,6669636,6562338,6660462,6601132,6515916,6625029,6600764,6532440,6568167,6526923,6548147,6425936
368,31,0,0,6726799,6697438,6577685,6623011,6557355,6605781,6601068,6575459,6657155,6549986,6647226,6589152,6503269,6612248,6588286,6519932,6555284,6514740,6535448,6413651
369,0,0,0,6738174,6709235,6589113,6634987,6569084,6616889,6612766,6587025,6669349,6561812,6660086,6601105,6515099,6623010,6600855,6532149,6567948,6526451,6547523,6426238
370,31,0,0,6726269,6697557,6578257,6623553,6558615,6604940,6602250,6575982,6658144,6550217,6648227,6589295,6504754,6611924,6587885,6520171,6557156,6514353,6536198,6413640
371,0,0,0,6737867,6709375,6588971,6636070,6570069,6617586,6613915,6588332,6670095,6562403,6660375,6600608,6516077,6624535,6600310,6532605,6569693,6526670,6548311,6426250
372,31,0,0,6725822,6697268,6577218,6623733,6557368,6605070,6602110,6576234,6657289,6549635,6647683,6588896,6503722,6613006,6588174,6520042,6556469,6514037,6535329,6414043
373,0,0,0,6738088,6709965,6589977,6635988,6569225,6617236,6614593,6588339,6669410,6562964,6660854,6601132,6516040,6625519,6601162,6532683,6569671,6526852,6547762,6426758
374,31,0,0,6725103,6697260,6576844,6622795,6556956,6604166,6600990,6574975,6656052,6549689,6647091,6588207,6503066,6612337,6587556,6519850,6555425,6513428,6534228,6413326
375,0,0,0,6737446,6711125,6589690,6635700,6569636,6616691,6614230,6588556,6669381,6562808,6660247,6601765,6515913,6625452,6599924,6532796,6569589,6526828,6547602,6426695
376,31,0,0,6725188,6698718,6577002,6622478,6557437,6604619,6601571,6575711,6656370,6550351,6646928,6589325,6503868,6613343,6587807,6519446,6556276,6514544,6535308,6413822
377,0,0,0,6737349,6710597,6588528,6634452,6570158,6617664,6613853,6588744,6668971,6562999,6659634,6601300,6515843,6625325,6599679,6532429,6568927,6526745,6547080,6425797
378,31,0,0,6726055,6699208,6576731,6622822,6558294,6605126,6601293,6575619,6656913,6550694,6646731,6589167,6504103,6613833,6588128,6519977,6556513,6514332,6535039,6413946
379,0,0,0,6737846,6710684,6588685,6634944,6569891,6617696,6613706,6587884,6669408,6563140,6660103,6601191,6516229,6625630,6601166,6531860,6568972,6527092,6547472,6426453
380,31,0,0,6726453,6698754,6577136,6622703,6558444,6605337,6602661,6576078,6657447,6550562,6647947,6589348,6504100,6614636,6588734,6519250,6557145,6514881,6535588,6414204
381,0,0,0,6738309,6710781,6589743,6634558,6570164,6617361,6614008,6588113,6670255,6562935,6660700,6601811,6516377,6627037,6601442,6531803,6570369,6526733,6548182,6426287
382,31,0,0,6725509,6698752,6577810,6622157,6557595,6605029,6602222,6575766,6657281,6549920,6647708,6589106,6503715,6613555,6587671,6519137,6557335,6514270,6535132,6414104
383,0,0,0,6737244,6709725,6589423,6634396,6569068,6616407,6613990,6587532,6669209,6562225,6660252,6601124,6514817,6624926,6600107,6531406,6569010,6526617,6548106,6425892
384,31,0,0,6725289,6698054,6577485,6622235,6556986,6603500,6602229,6575475,6656206,6549769,6646944,6588506,6502003,6613144,6587414,6518455,6555139,6513702,6535463,6413899
385,0,0,0,6738202,6710466,6589756,6635233,6569298,6615847,6614944,6587890,6668815,6563064,6659921,6600902,6515065,6625926,6600617,6531915,6568523,6526850,6547521,6426526
386,31,0,0,6726167,6699478,6577341,6623446,6557667,6603875,6602441,6576089,6657520,6550184,6647033,6588542,6502268,6613688,6588049,6519132,6556209,6514017,6535137,6413563
387,0,0,0,6739047,6712344,6590035,6635994,6570497,6617156,6615680,6588559,6670544,6563379,6660190,6601419,6515365,6626310,6601395,6532443,6569939,6527338,6548244,6427233
388,31,0,0,6726169,6699184,6577334,6623388,6557635,6604246,6602271,6575153,6656754,6549504,6646937,6588106,6501996,6614240,6587611,6518521,6556217,6513567,6534557,6413916
389,0,0,0,6738106,6712185,6589850,6635577,6569784,6617201,6615134,6588038,6669163,6562062,6659835,6600593,6515543,6626565,6600377,6532163,6570215,6526655,6547950,6426738
390,31,0,0,6726053,6699900,6577525,6622248,6557965,6604832,6602284,6575642,6656868,6549898,6647866,6588415,6502993,6613055,6587060,6519675,6556759,6513827,6534967,6414669
391,0,0,0,6738024,6710839,6588780,6634505,6569563,6616133,6614566,6587292,6668455,6560619,6660478,6600439,6514260,6625092,6600327,6531845,6569124,6526531,6547854,6426845
392,31,0,0,6726001,6698251,6577544,6622643,6556861,6604550,6602879,6575359,6656013,6548432,6647312,6588582,6501633,6613876,6587890,6519266,6556737,6513287,6535170,6414176
393,0,0,0,6738159,6710866,6589553,6634373,6569284,6616939,6615072,6587680,6669224,6562051,6660003,6600733,6514442,6626257,6600872,6532064,6569325,6526026,6548164,6426232
394,31,0,0,6725975,6698543,6577131,6622560,6557278,6604452,6602286,6575668,6656213,6549862,6647467,6587961,6501635,6613250,6588757,6519245,6555565,6513684,6535272,6413678
395,0,0,0,6737202,6709848,6588335,6633722,6568826,6616010,6613707,6586914,6668439,6561069,6659624,6600018,6513653,6625791,6600660,6531778,6567607,6525948,6547624,6425882
396,31,0,0,6724178,6697513,6576046,6619985,6556028,6602846,6601428,6574579,6656139,6547749,6646537,6587083,6500370,6612702,6587414,6518878,6554730,6512249,6534398,6412899
397,0,0,0,6737269,6709557,6589245,6632821,6569058,6616299,6614769,6587757,6669337,6562347,6660419,6600515,6513869,6625297,6601033,6532522,6568125,6526445,6547573,6426573
398,31,0,0,6724893,6697752,6577139,6621324,6556978,6603693,6602871,6575631,6657076,6549878,6647256,6588096,6500951,6613478,6587474,6520111,6554626,6514009,6535809,6414030
399,0,0,0,6738203,6710399,6589537,6634510,6569641,6617184,6615550,6588796,6669981,6562491,6660753,6600936,6513662,6626829,6600872,6532625,6568625,6526939,6548145,6427255
400,31,0,0,6725460,6697258,6576688,6621882,6557478,6603710,6602853,6575563,6656331,6549392,6648137,6588094,6500717,6613143,6587595,6519407,6556235,6514257,6534989,6415111
401,0,0,0,6737855,6709567,6589597,6633664,6569327,6616395,6614795,6587614,6668663,6562211,6661038,6600631,6513053,6625613,6600129,6532005,6568592,6527174,6547682,6427010
402,31,0,0,6725342,6697556,6577657,6621293,6557651,6603676,6601939,6575387,6656464,6549986,6649184,6588898,6501444,6613901,6587931,6519456,6556271,6514147,6534989,6414576
403,0,0,0,6737164,6709842,6589285,6633071,6569724,6615309,6614227,6587620,6668707,6562412,6661297,6600980,6513494,6626082,6599844,6531587,6569176,6527035,6547951,6426799
404,31,0,0,6725690,6697191,6576946,6621492,6557686,6603778,6602807,6574902,6656180,6550795,6648755,6588701,6501501,6614098,6587958,6518986,6556558,6514365,6535015,6415113
405,0,0,0,6738168,6710064,6589568,6634050,6569982,6616983,6614819,6588379,6669589,6563986,6661791,6601927,6514366,6626898,6600513,6532445,6569972,6527334,6548700,6427496
406,31,0,0,6724885,6697857,6577200,6622392,6557478,6603994,6602471,6574971,6657035,6549750,6648305,6588781,6501961,6613284,6588128,6519054,6556523,6514231,6535427,6413943
407,0,0,0,6737096,6709896,6589525,6634201,6570124,6616273,6615201,6587642,6669188,6563170,6661190,6601446,6514907,6625458,6600502,6531977,6569055,6527041,6548008,6426235
408,31,0,0,6725556,6697983,6577527,6622161,6558022,6604294,6602667,6575422,6656998,6550859,6648566,6588567,6502343,6613163,6588739,6519297,6556239,6513982,6535304,6414719
409,0,0,0,6736689,6710356,6589393,6634420,6569542,6616304,6614724,6587334,6669249,6562372,6660450,6600627,6514451,6625319,6600116,6531156,6569372,6526183,6547537,6426711
410,31,0,0,6725111,6697449,6577828,6621089,6557803,6604329,6601359,6575233,6656789,6550040,6647560,6588408,6501850,6612952,6587203,6518509,6556674,6513832,6535128,6414499
411,0,0,0,6737639,6710241,6589397,6633266,6569629,6617061,6614232,6587697,6669559,6562801,6660119,6600505,6514624,6625220,6600088,6531347,6569398,6526941,6548144,6427052
412,31,0,0,6725398,6697930,6577797,6621476,6557153,6604522,6602106,6575075,6656576,6549535,6647906,6588646,6503014,6612463,6587700,6518685,6556070,6514489,6535889,6414137
413,0,0,0,6737287,6709233,6589935,6634350,6569271,6616732,6614653,6587260,6668862,6561953,6660944,6601079,6514913,6625728,6600668,6531580,6569043,6527333,6548334,6426057
414,31,0,0,6725337,6697050,6577497,6622689,6557675,6604318,6602189,6574734,6656121,6549386,6648272,6588755,6503001,6613113,6588193,6518994,6556243,6514551,6535558,6413825
415,0,0,0,6739110,6709702,6589721,6635742,6569239,6616744,6614211,6588175,6669012,6562315,6660618,6601739,6516033,6626386,6600084,6532274,6569237,6527454,6548271,6426309
416,31,0,0,6726129,6697790,6577430,6623745,6557225,6604630,6602471,6576085,6656482,6550314,6648471,6589513,6503767,6613927,6587990,6519952,6556847,6514699,6536032,6414466
417,0,0,0,6738035,6709419,6589277,6635398,6569454,6616337,6614825,6587606,6668458,6562912,6660771,6601639,6515838,6625731,6600098,6532108,6569154,6527085,6548009,6426004
418,31,0,0,6726905,6697220,6577729,6623522,6557893,6604354,6603105,6576236,6656825,6550194,6649225,6589569,6504072,6613519,6587409,6520140,6556056,6514240,6535606,6414754
419,0,0,0,6738973,6709535,6590467,6635890,6570383,6617293,6614933,6588580,6669064,6562595,6661756,6602279,6516271,6626110,6600939,6533247,6569631,6528005,6548456,6427256
420,31,0,0,6726344,6697337,6578471,6623290,6557765,6605292,6602721,6576188,6656235,6549608,6649770,6589628,6503604,6613211,6588700,6519797,6556429,6514860,6535791,6415499
421,0,0,0,6738909,6710280,6590842,6636293,6570334,6616927,6615234,6588674,6669121,6562568,6662110,6601987,6516337,6626647,6600080,6532800,6569557,6527835,6548542,6428394
422,31,0,0,6725713,6696847,6578344,6622870,6557485,6603694,6601727,6575601,6655591,6549172,6648934,6588959,6503237,6613599,6587352,6518852,6555926,6514121,6535333,6414774
423,0,0,0,6737951,6709319,6590037,6634600,6570281,6615955,6614304,6587784,6668579,6561933,6661837,6601188,6515353,6625493,6599495,6531765,6568627,6527220,6548402,6426816
424,31,0,0,6726286,6697864,6579345,6622887,6558686,6604827,6602467,6576423,6657209,6550505,6649813,6589318,6504135,6614245,6587845,6519675,6556544,6515278,6536488,6415399
425,0,0,0,6738305,6709782,6589928,6634860,6570236,6617310,6614619,6588212,6669254,6562684,6662533,6601620,6516240,6626939,6600148,6531872,6569470,6527925,6548748,6427584
426,31,0,0,6726254,6697780,6578482,6623104,6557830,6603993,6603282,6575688,6657042,6550122,6649554,6588605,6504194,6613912,6587832,6519681,6555814,6515026,6535803,6415215
427,0,0,0,6738475,6710313,6590391,6634843,6570190,6617002,6615282,6587752,6670022,6562463,6662520,6601431,6516280,6626643,6599608,6532803,6568700,6528048,6548641,6427612
428,31,0,0,6726607,6698388,6578241,6622061,6557456,6604335,6603143,6575627,6656486,6549815,6649538,6588789,6503462,6612578,6587399,6519841,6555995,6515443,6536100,6415087
429,0,0,0,6738148,6710061,6589071,6632955,6568984,6616748,6613812,6587773,6668547,6562347,6662232,6600695,6514948,6625636,6599793,6532682,6568201,6527129,6548035,6426559
430,31,0,0,6726855,6698700,6578284,6621755,6557905,6605296,6603019,6576372,6657587,6550761,6649885,6589224,6503741,6614445,6587709,6520584,6556604,6515233,6535930,6414785
431,0,0,0,6738492,6710569,6589411,6634793,6570402,6617049,6615167,6588562,6669683,6563241,6662355,6600981,6516025,6626551,6600162,6533094,6569631,6527414,6547819,6426944
432,31,0,0,6726428,6699130,6576912,6622902,6557903,6603618,6602226,6576266,6657052,6549386,6648869,6588612,6504185,6613355,6587443,6520194,6557250,6514702,6535025,6414398
433,0,0,0,6738962,6711387,6590464,6635596,6570406,6616727,6615285,6589171,6669576,6562865,6662693,6602495,6517073,6626849,6601060,6533490,6570493,6528015,6548454,6427555
434,31,0,0,6726229,6697922,6577457,6622831,6557044,6602837,6601641,6575791,6656980,6548875,6648555,6588732,6503249,6613394,6586729,6518593,6555721,6514306,6534439,6413845
435,0,0,0,6739046,6711085,6590083,6635425,6569801,6615693,6614498,6588971,6670189,6562660,6661570,6601832,6516053,6627298,6600720,6532841,6569419,6527640,6548562,6427187
436,31,0,0,6727130,6699197,6578475,6622894,6558383,6603930,6603156,6576522,6657414,6550772,6649274,6589886,6504245,6614973,6588315,6520223,6556325,6516005,6535869,6415690
437,0,0,0,6738832,6710598,6589428,6634235,6569768,6615771,6614679,6588362,6669369,6562754,6661160,6601915,6516006,6626694,6599801,6532606,6568924,6527936,6547774,6428171
438,31,0,0,6726055,6698290,6577989,6622381,6557849,6604358,6601755,6575770,6656747,6550693,6649017,6588971,6503857,6614379,6587774,6519735,6556105,6515091,6535130,6415384
439,0,0,0,6737555,6710223,6589447,6633684,6569830,6615817,6613615,6587653,6668557,6561935,6660794,6600962,6515294,6626265,6599765,6532071,6568766,6527149,6547188,6427303
440,31,0,0,6726161,6698641,6578289,6623061,6558523,6604077,6602049,6576301,6657265,6550429,6648793,6589198,6503892,6613858,6588287,6520305,6556713,6514977,6535634,6414983
441,0,0,0,6737885,6710618,6589918,6635290,6570811,6616163,6614550,6588423,6669199,6563104,6660720,6601413,6516249,6625833,6601067,6532715,6569043,6528109,6549125,6427153
442,31,0,0,6724626,6698228,6577532,6622536,6558149,6603963,6601842,6575560,6656566,6549775,6647993,6588426,6503536,6614187,6588091,6519086,6556299,6514364,6536019,6414008
443,0,0,0,6736841,6710420,6589882,6634674,6569790,6616377,6614061,6588007,6669790,6562464,6660621,6601460,6515973,6627139,6600749,6532087,6569319,6527659,6547963,6425744
444,31,0,0,6724721,6697864,6577270,6622267,6557493,6603576,6601504,6575978,6657236,6549915,6647447,6588832,6503149,6613880,6588401,6518781,6555998,6514378,6534779,6413461
445,0,0,0,6738659,6710966,6590380,6635197,6570043,6616520,6614793,6588851,6671065,6563246,6661238,6601806,6516508,6626893,6600626,6533409,6569573,6528424,6548411,6427067
446,31,0,0,6724478,6696947,6576316,6621198,6556811,6602589,6600711,6574875,6656823,6548558,6646757,6587450,6502571,6613099,6585966,6518616,6555371,6514341,6533948,6413246
447,0,0,0,6737839,6710582,6589366,6634561,6569708,6615651,6614343,6588443,6670743,6562707,6660940,6600913,6516262,6626864,6600321,6532718,6569514,6527271,6547657,6426823
448,31,0,0,6724827,6697776,6576343,6621621,6557120,6603074,6601677,6575337,6656757,6549566,6647362,6587534,6503279,6613805,6587495,6519558,6556089,6514241,6534863,6413957
449,0,0,0,6737230,6711041,6588974,6634199,6569699,6615475,6614359,6588531,6669671,6562653,6660815,6601076,6515654,6626336,6600083,6533016,6569442,6527394,6547630,6427377
450,31,0,0,6725736,6699149,6577875,6623059,6559308,6604280,6602405,6576316,6657858,6550761,6648949,6589510,6504023,6614672,6588040,6520669,6557684,6515674,6535280,6414874
451,0,0,0,6736962,6710496,6589493,6635276,6571272,6616308,6614397,6588058,6669645,6562728,6660528,6601060,6516192,6626442,6599608,6533039,6570140,6527691,6547095,6426560
452,31,0,0,6724617,6697794,6577174,6622104,6558381,6602680,6601802,6575178,6656826,6549578,6647212,6587830,6502895,6613176,6585938,6520009,6556435,6514383,6533854,6413481
453,0,0,0,6737543,6710213,6589563,6634280,6570014,6615698,6614514,6587578,6669617,6562565,6660197,6601096,6515514,6626431,6599708,6533096,6569745,6526972,6547026,6426748
454,31,0,0,6725259,6697752,6577715,6622084,6558253,6603334,6601354,6575922,6657463,6550048,6647561,6588584,6503675,6613803,6587107,6520377,6556795,6514280,6534262,6414171
455,0,0,0,6736950,6710008,6589823,6633566,6569268,6615124,6613698,6587191,6669645,6561917,6659979,6600221,6515451,6625142,6598800,6532785,6569306,6526420,6546335,6425994
456,31,0,0,6724556,6697767,6577624,6622018,6557570,6603098,6601660,6575275,6657135,6549248,6648290,6588271,6503145,6613662,6586483,6519450,6556201,6513711,6533839,6413464
457,0,0,0,6737106,6710310,6589428,6634251,6570131,6615549,6614642,6587534,6669857,6562244,6661162,6601256,6516417,6626278,6599478,6533033,6569530,6526508,6547259,6426133
458,31,0,0,6725164,6697631,6576445,6622324,6557855,6602734,6602207,6574983,6657492,6549139,6648222,6588298,6503727,6613819,6586906,6520045,6556279,6514144,6534561,6412891
459,0,0,0,6738660,6710911,6589146,6635166,6570437,6615691,6615105,6588337,6670314,6563135,6661494,6602168,6516364,6627384,6601182,6533109,6569635,6527665,6548349,6426276
460,31,0,0,6726683,6698272,6577493,6622620,6557711,6603032,6602882,6575736,6657604,6550548,6649014,6589610,6503779,6614612,6587936,6521040,6556676,6514688,6536348,6414018
461,0,0,0,6739684,6710944,6590960,6635601,6570464,6616428,6615821,6588618,6670511,6563556,6661701,6602555,6516698,6626714,6601045,6534197,6569998,6528366,6549223,6426694
462,31,0,0,6726908,6697900,6577824,6622980,6557493,6603282,6602410,6575422,6657164,6550469,6647960,6589181,6503646,6613852,6587929,6519831,6556385,6514301,6536573,6413540
463,0,0,0,6739415,6710193,6590558,6636392,6570916,6616476,6614952,6589121,6669868,6563589,6661689,6602001,6516862,6625951,6599790,6533612,6569859,6528074,6549295,6426669
464,31,0,0,6727073,6698493,6578167,6624556,6558839,6604876,6603258,6576966,6657993,6551766,6648908,6589660,6504749,6613520,6588353,6520546,6557379,6515471,6536484,6414723
465,0,0,0,6738465,6709693,6589802,6635766,6570094,6616170,6614253,6588532,6669655,6562941,6660998,6601303,6516185,6624957,6599555,6532801,6569354,6526867,6548003,6426472
466,31,0,0,6728018,6697574,6578411,6624371,6558193,6603862,6602600,6577043,6657809,6550647,6648353,6589609,6504729,6614145,6587676,6520644,6556354,6514860,6536396,6414666
467,0,0,0,6739784,6709278,6590481,6636194,6570519,6615653,6614439,6589418,6669786,6562072,6661172,6601670,6516538,6625536,6600022,6533537,6568921,6526692,6548330,6426651
468,31,0,0,6727565,6697772,6579069,6623275,6558680,6603832,6602217,6576643,6657383,6549609,6647840,6589694,6504331,6613542,6588316,6520769,6555786,6514252,6535184,6414273
469,0,0,0,6739456,6709439,6590619,6635230,6570789,6615361,6614519,6588571,6669711,6562060,6660703,6601573,6516041,6626288,6600011,6533313,6568582,6526616,6547821,6426084
470,31,0,0,6727317,6697600,6578721,6623340,6558751,6603286,6602174,6576442,6657207,6549117,6648278,6589214,6504299,6613373,6587185,6520284,6555780,6515001,6534921,6413941
471,0,0,0,6739216,6710390,6591180,6634684,6571070,6615911,6614600,6589059,6669945,6561500,6661453,6601567,6516277,6625547,6600724,6532981,6569039,6527305,6547746,6426421
472,31,0,0,6725994,6696777,6577672,6621491,6558371,6602954,6601584,6576196,6656931,6549186,6648299,6587783,6503767,6612658,6587404,6519292,6555632,6514437,6534495,6413814
473,0,0,0,6739776,6710844,6591459,6634825,6571660,6616492,6614920,6589342,6670704,6563537,6662502,6601430,6516994,6626475,6600609,6534217,6570519,6528073,6548949,6427693
474,31,0,0,6727497,6698383,6578922,6622756,6559072,6603620,6602835,6577283,6658053,6550473,6649149,6589400,6504064,6614716,6588411,6521124,6556964,6515616,6536040,6414389
475,0,0,0,6739329,6710113,6589568,6634380,6570863,6616327,6614926,6589232,6670491,6562928,6661691,6600776,6515942,6626826,6600131,6533451,6569445,6528167,6548650,6426362
476,31,0,0,6727059,6697683,6577690,6621742,6558294,6603083,6601637,6576271,6657385,6549989,6648291,6588083,6502651,6613635,6586786,6520070,6556368,6514556,6535660,6413416
477,0,0,0,6739440,6710686,6590417,6634498,6570380,6615258,6614675,6588854,6669843,6562935,6660962,6601398,6515647,6628062,6600727,6533768,6569183,6527621,6548577,6426456
478,31,0,0,6727465,6698609,6578546,6622598,6558935,6603520,6602755,6576243,6657470,6550960,6648219,6588751,6503862,6615709,6587648,6521102,6557155,6515345,6536038,6414568
479,0,0,0,6739899,6710786,6590499,6635002,6570878,6615934,6614435,6588603,6669982,6563269,6661439,6601266,6515896,6627603,6599613,6534141,6569873,6527131,6548646,6426609
480,31,0,0,6727073,6697639,6577441,6622323,6557561,6602663,6601921,6575556,6656910,6550234,6647875,6588330,6503003,6614177,6586731,6520327,6555984,6513806,6535144,6413810
481,0,0,0,6739767,6711104,6590772,6635145,6570889,6616563,6614770,6588725,6670271,6563344,6660728,6602165,6515949,6627566,6599503,6533858,6569931,6527484,6548652,6427309
482,31,0,0,6727321,6698248,6578640,6622727,6558239,6603911,6602777,6576255,6657868,6550582,6648237,6589196,6503823,6615086,6587445,6520848,6556013,6514765,6535539,6414434
483,0,0,0,6738840,6710330,6590178,6634006,6569373,6615237,6613895,6588083,6669379,6563163,6660110,6600789,6515672,6626863,6599728,6533143,6568422,6527113,6547742,6425644
484,31,0,0,6726289,6697676,6577534,6621493,6557130,6602523,6601523,6575050,6656386,6549642,6647565,6587987,6502640,6613528,6586251,6519946,6554597,6513927,6534708,6413539
485,0,0,0,6739435,6710710,6590015,6634261,6570509,6616436,6614497,6588931,6669757,6563095,6661167,6601546,6515845,6627389,6600375,6534094,6568773,6527081,6548029,6427124
486,31,0,0,6725846,6697320,6576448,6619777,6557087,6603132,6601078,6574932,6656167,6549029,6646963,6587863,6503144,6613308,6587402,6519637,6554311,6512863,6533654,6413196
487,0,0,0,6738659,6710121,6589342,6633263,6569151,6616499,6614024,6587745,6668737,6562477,6660610,6601015,6515874,6626442,6599917,6532850,6567341,6526451,6547177,6426257
488,31,0,0,6727069,6698206,6577889,6620910,6557464,6604888,6601727,6575553,6656727,6550499,6647864,6588106,6503827,6614972,6587107,6520009,6554862,6514326,6534598,6414506
489,0,0,0,6739595,6710346,6590087,6633108,6569987,6617004,6613080,6587852,6669549,6563126,6660395,6600770,6515821,6626535,6600030,6532536,6567192,6527002,6546810,6427045
490,31,0,0,6727289,6698431,6578154,6620898,6557905,6604807,6601517,6576211,6657525,6550511,6648579,6588425,6503596,6614016,6587099,6520200,6555581,6514418,6535026,6415077
491,0,0,0,6738161,6710096,6589628,6632564,6569189,6616785,6613214,6588169,6669206,6562418,6661026,6601135,6515483,6625676,6598841,6532488,6568363,6526581,6547421,6426777
492,31,0,0,6726873,6698125,6577754,6620594,6556922,6604518,6600485,6575758,6656649,6550219,6648005,6588860,6503611,6613359,6586765,6519483,6555739,6513888,6534773,6414218
493,0,0,0,6739399,6710983,6590618,6633695,6569670,6616910,6613404,6588695,6670150,6562950,6661366,6601836,6516357,6626123,6600186,6533066,6569066,6527460,6548012,6426718
494,31,0,0,6727141,6698428,6578102,6621509,6558075,6604116,6601821,6576295,6656601,6549650,6648552,6588712,6503756,6613170,6586794,6520423,6555579,6514503,6535040,6414720
495,0,0,0,6738199,6710821,6589425,6631775,6568970,6615712,6613449,6587554,6668539,6562042,6660120,6600367,6515261,6625492,6599125,6532740,6567140,6526512,6547432,6426310
496,31,0,0,6726376,6698277,6577946,6620202,6556784,6603999,6601733,6576024,6656600,6549994,6648064,6588798,6503481,6612850,6586826,6519938,6554900,6514465,6534651,6414342
497,0,0,0,6738103,6710165,6589224,6632179,6568686,6615619,6613107,6587665,6668732,6562168,6660056,6600659,6515175,6623756,6599313,6532935,6567691,6526590,6546224,6425894
498,31,0,0,6726270,6697993,6577494,6620753,6557386,6604132,6601624,6576086,6656830,6550050,6647982,6588471,6502982,6612736,6587336,6520062,6555396,6513916,6534408,6414763
499,0,0,0,6738495,6709809,6590196,6632614,6569891,6616116,6613820,6587998,6669554,6562141,6660359,6601184,6515126,6624586,6600168,6532622,6568094,6526679,6547098,6427178
500,31,0,0,6726256,6697458,6576896,6619267,6557092,6603534,6601828,6575227,6656854,6549040,6647145,6588415,6503207,6611899,6587111,6519036,6554610,6513129,6533902,6414087
501,0,0,0,6738617,6709417,6588629,6631621,6569571,6615595,6613951,6587667,6669561,6561625,6659710,6600478,6515202,6625274,6599898,6532130,6566755,6525623,6546810,6426613
502,31,0,0,6725769,6697624,6576429,6620577,6556136,6602897,6602051,6575252,6656832,6548778,6647226,6587302,6503154,6613046,6586958,6518768,6553667,6513265,6533912,6414325
503,0,0,0,6739577,6710870,6590519,6634394,6570098,6615292,6615041,6588547,6670295,6562582,6660985,6601791,6516751,6626185,6600302,6532867,6568591,6527701,6547856,6427129
504,31,0,0,6726957,6698696,6578065,6621817,6556992,6603524,6602081,6576443,6656482,6549463,6647840,6589098,6503515,6613374,6587597,6519590,6555180,6514769,6534761,6414132
505,0,0,0,6739212,6710839,6589765,6633793,6569485,6616209,6614362,6588534,6668883,6562190,6660392,6600967,6516010,6626606,6599769,6533164,6568434,6527250,6547649,6427008
506,31,0,0,6726077,6697808,6577697,6621653,6556240,6603311,6601759,6576012,6656498,6549258,6647129,6588252,6503352,6613789,6586908,6519810,6555173,6513453,6534417,6414201
507,0,0,0,6738301,6709859,6590189,6633733,6568811,6615859,6614209,6588750,6669206,6562044,6660606,6601117,6516356,6627286,6599811,6532906,6568621,6526463,6546475,6427136
508,31,0,0,6726382,6698335,6577836,6621354,6556843,6603366,6602260,6576680,6656912,6549552,6648283,6588945,6503589,6614495,6587549,6519940,6555341,6513134,6534339,6414364
509,0,0,0,6739368,6710415,6590581,6633928,6569489,6616298,6614767,6589122,6669443,6562841,6661582,6601621,6516044,6626478,6599682,6532844,6568103,6526457,6547719,6426963
510,31,0,0,6726550,6697522,6578317,6621823,6556814,6603748,6602267,6576621,6656917,6549497,6648324,6589021,6503635,6614232,6587190,6520086,6555012,6513511,6534849,6414648
511,0,0,0,6738058,6709541,6589667,6633829,6568722,6615679,6614477,6588948,6668677,6561617,6660038,6601861,6515807,6626220,6599571,6532420,6567865,6526394,6547094,6426809
512,31,0,0,6725959,6697586,6577743,6621922,6557295,6604032,6601997,6576982,6656467,6549719,6647446,6589679,6503856,6613602,6588094,6519525,6556086,6514055,6534750,6415117
513,0,0,0,6738068,6709820,6590017,6634256,6569016,6616420,6614235,6588865,6668885,6562167,6660051,6601829,6515731,6626018,6600181,6532297,6568265,6525997,6547129,6426755
514,31,0,0,6726423,6697567,6577454,6621495,6557539,6603686,6601909,6576397,6656118,6548970,6647344,6589140,6503288,6613427,6587466,6519910,6555474,6513322,6534483,6414813
515,0,0,0,6738629,6710330,6589497,6633772,6570528,6615946,6614893,6589115,6669160,6561964,6660590,6601724,6516539,6625833,6600855,6533096,6568709,6525797,6547319,6427510
516,31,0,0,6725989,6698242,6577838,6621971,6558137,6603723,6602038,6575797,6656663,6549938,6647702,6589026,6504642,6612309,6588035,6520098,6555481,6513657,6534521,6414247
517,0,0,0,6739042,6711700,6590285,6634314,6571165,6617218,6615713,6588995,6670395,6563371,6661117,6602099,6516921,6625349,6601725,6533518,6568724,6527141,6547772,6427678
518,31,0,0,6725512,6698308,6577737,6620997,6557761,6603653,6602185,6575901,6657223,6549076,6647996,6588746,6503731,6611360,6587679,6519566,6554776,6512914,6534357,6413909
519,0,0,0,6737988,6710115,6589503,6633378,6570374,6615083,6615028,6588194,6669559,6561942,6660350,6601013,6515888,6624627,6600074,6532431,6566843,6525728,6547057,6426379
520,31,0,0,6725901,6697471,6577842,6621507,6557739,6603524,6602735,6575790,6657038,6549285,6648590,6589039,6503709,6612620,6587526,6520317,6554590,6513149,6534530,6414599
521,0,0,0,6738019,6709772,6589845,6633680,6569641,6615739,6614072,6588103,6669106,6561905,6660889,6601285,6515633,6625278,6599948,6533274,6567988,6525748,6547872,6427156
522,31,0,0,6726277,6698653,6578493,6622200,6558098,6604759,6602894,6576118,6657438,6550238,6648612,6589632,6503665,6614172,6587046,6521213,6556224,6513294,6534751,6415039
523,0,0,0,6739036,6711467,6590023,6634189,6570823,6617427,6615341,6589003,6670092,6562781,6660978,6601893,6516598,6626100,6601121,6533482,6568698,6525958,6546894,6427097
524,31,0,0,6726466,6698918,6577366,6620663,6558161,6604565,6602004,6575541,6656298,6549240,6647519,6588379,6503247,6612594,6586905,6519715,6554650,6513108,6533730,6414710
525,0,0,0,6739440,6711519,6590424,6633825,6571042,6617048,6614812,6588406,6669549,6562360,6661123,6601422,6515595,6626202,6600366,6533672,6568016,6526060,6546957,6427387
526,31,0,0,6726399,6699261,6577931,6620535,6558197,6604220,6602814,6575857,6656945,6549688,6647721,6588443,6502714,6613366,6587088,6520625,6554469,6513177,6534320,6414591
527,0,0,0,6738656,6711327,6588944,6632466,6569677,6616514,6614084,6588103,6668997,6561908,6660872,6601004,6515513,6626682,6599258,6532604,6568202,6525425,6547126,6427154
528,31,0,0,6727284,6699471,6578689,6620833,6558321,6605353,6602155,6576387,6657078,6550766,6647702,6589215,6503259,6613316,6587691,6520589,6555735,6513333,6534576,6415424
529,0,0,0,6739042,6711325,6590213,6633216,6570308,6616718,6614087,6587862,6668860,6562562,6660730,6601441,6515583,6624860,6598590,6532416,6568493,6525152,6546370,6427302
530,31,0,0,6727071,6699870,6577862,6621640,6558826,6604623,6601981,6575726,6657047,6550435,6648008,6588476,6503723,6612109,6585976,6519924,6555702,6512867,6533718,6413987
531,0,0,0,6739150,6711990,6589705,6633987,6571060,6617102,6614844,6587966,6669160,6562111,6660163,6600965,6515640,6624907,6598525,6532744,6567757,6525143,6546291,6426811
532,31,0,0,6726018,6698739,6577114,6621166,6557425,6603798,6601802,6575381,6656075,6549051,6646635,6588106,6502673,6612277,6586267,6519306,6554466,6511639,6533023,6413650
533,0,0,0,6737012,6711335,6589547,6632263,6569545,6615896,6613897,6587217,6668308,6562014,6659082,6600122,6514761,6624907,6598137,6531876,6567026,6525089,6546248,6426200
534,31,0,0,6725814,6699993,6578431,6620968,6558715,6604115,6601899,6575611,6656995,6549629,6646986,6588495,6503518,6613702,6587101,6519287,6554957,6512976,6534779,6414730
535,0,0,0,6738434,6711720,6589562,6632997,6570201,6616003,6614225,6587550,6669766,6561868,6660118,6600722,6515209,6626051,6598486,6532305,6567447,6525605,6547068,6426951
536,31,0,0,6726617,6699198,6578694,6621811,6558426,6604623,6602580,6576318,6657659,6550057,6648023,6588422,6503383,6614392,6587515,6520127,6554811,6513596,6535046,6414812
537,0,0,0,6738277,6711393,6590061,6633099,6569191,6616091,6614517,6587655,6669556,6562106,6659775,6600218,6515736,6626190,6599152,6532445,6567454,6525932,6547454,6427149
538,31,0,0,6725574,6699334,6577982,6621337,6556841,6603632,6601820,6575537,6656426,6548842,6647588,6588041,6502832,6612847,6586174,6519248,6555145,6513488,6534367,6414721
539,0,0,0,6737121,6711385,6590171,6633963,6569659,6616728,6613633,6588487,6669137,6561412,6660122,6600718,6515469,6625724,6599969,6532419,6568207,6526205,6547008,6427248
540,31,0,0,6725514,6698917,6578009,6622170,6557326,6604709,6601596,6576268,6656608,6549882,6648041,6588366,6503647,6613401,6587044,6519507,6555747,6513938,6534597,6414956
541,0,0,0,6738680,6712271,6590566,6634943,6569897,6617194,6614699,6588881,6669273,6561999,6661024,6600841,6516320,6626371,6600297,6532674,6569552,6527338,6548033,6427424
542,31,0,0,6726665,6699654,6578853,6623347,6557798,6605514,6602529,6576431,6656919,6549211,6647831,6589022,6504706,6614389,6587360,6520907,6556795,6514544,6535701,6414804
543,0,0,0,6738593,6711694,6590029,6635410,6570037,6617235,6614339,6588721,6668893,6562060,6660413,6601382,6516616,6625984,6599638,6532873,6569472,6527277,6548217,6426165
544,31,0,0,6726629,6699558,6578285,6623204,6558131,6605128,6601695,6576327,6656505,6549798,6648138,6589153,6504152,6614093,6587036,6520230,6557020,6514647,6535421,6414728
545,0,0,0,6738212,6711981,6589694,6635133,6569985,6617392,6614260,6588521,6668754,6562088,6660994,6601185,6516596,6626519,6600005,6533003,6569454,6527837,6547788,6426864
546,31,0,0,6726029,6698858,6577142,6622469,6557378,6604213,6601590,6575743,6656779,6550042,6647819,6588916,6504273,6613783,6587149,6519630,6555881,6514388,6535139,6414360
547,0,0,0,6739165,6711418,6589839,6634603,6570190,6616804,6614115,6588959,6670173,6562473,6660906,6602146,6516953,6627315,6599762,6532793,6569054,6527490,6548064,6427269
548,31,0,0,6725893,6698594,6577720,6621727,6557401,6603948,6601877,6575814,6656212,6550066,6647204,6589080,6503414,6613404,6586703,6519580,6555612,6513992,6534014,6414027
549,0,0,0,6738009,6710617,6589204,6633884,6570325,6616747,6613891,6588203,6668803,6562311,6660583,6601732,6516251,6625811,6598930,6533015,6568606,6527161,6547281,6427652
550,31,0,0,6726146,6697891,6576666,6621845,6557626,6604117,6600775,6575349,6656086,6549730,6647267,6589137,6503790,6613458,6585817,6519645,6555728,6513879,6534207,6415087
551,0,0,0,6739086,6710431,6589618,6634197,6569630,6616096,6613763,6588377,6669138,6562761,6660444,6601708,6516529,6626200,6599705,6532659,6569613,6527121,6547451,6427773
552,31,0,0,6726751,6697860,6577294,6622673,6557316,6603936,6601645,6575477,6656550,6549900,6647620,6588351,6503504,6613661,6587715,6519794,6555753,6513831,6534534,6414980
553,0,0,0,6738168,6709774,6589148,6634095,6569383,6616418,6613599,6588033,6669295,6563084,6659818,6600666,6516045,6625776,6600386,6532217,6567635,6525884,6547051,6426232
554,31,0,0,6725914,6697493,6577008,6622432,6557083,6603815,6600878,6575543,6656239,6550198,6646508,6587750,6503504,6613201,6587480,6519177,6555179,6513502,6534100,6413073
555,0,0,0,6737447,6709724,6588346,6634497,6568187,6615821,6612909,6587537,6668108,6562326,6659153,6600402,6514729,6625460,6599648,6531334,6567617,6526142,6546704,6425954
556,31,0,0,6725857,6697561,6577247,6623345,6556603,6603701,6602002,6575766,6656556,6550154,6646571,6588150,6503292,6614104,6588068,6519673,6555741,6514357,6534810,6414043
557,0,0,0,6738019,6709303,6588871,6635210,6568797,6616456,6614118,6588217,6669112,6562657,6658707,6600517,6515813,6625917,6600521,6532370,6568619,6527001,6547445,6426049
558,31,0,0,6726505,6696962,6576699,6622833,6557391,6604315,6601705,6575615,6656253,6550044,6645691,6587712,6503540,6612272,6587737,6518891,6555077,6514136,6534725,6413278
559,0,0,0,6738819,6709343,6589249,6635352,6569171,6616409,6614698,6588277,6669013,6563017,6659515,6601055,6516216,6625700,6600608,6531898,6567952,6526531,6547776,6426298
560,31,0,0,6726181,6697428,6576647,6622775,6556590,6603765,6602036,6575777,6656213,6549467,6646249,6587871,6503243,6612885,6587511,6518604,6554488,6513657,6534933,6414187
561,0,0,0,6738484,6709553,6589322,6635349,6568617,6615840,6614531,6588030,6669083,6561641,6658977,6600914,6515285,6625511,6600490,6532082,6567728,6525922,6547992,6426971
562,31,0,0,6726396,6697678,6577133,6622550,6556844,6603981,6602161,6576017,6656036,6549405,6645663,6588566,6503504,6612893,6587272,6519305,6554838,6513510,6535266,6414180
563,0,0,0,6737893,6709706,6588828,6634699,6568689,6615922,6613797,6587973,6667700,6562093,6658552,6600862,6515856,6625942,6599149,6531539,6567884,6525274,6547743,6426484
564,31,0,0,6725480,6697318,6576413,6622501,6556921,6603462,6601099,6575671,6655463,6549935,6646390,6588122,6503270,6613112,6587926,6518847,6555140,6513180,6534365,6414198
565,0,0,0,6737534,6709214,6588942,6634700,6568785,6615921,6614033,6588280,6667652,6562919,6659710,6600356,6515624,6625806,6600408,6531993,6568127,6526401,6547752,6427175
566,31,0,0,6726144,6698255,6577566,6622778,6557571,6603904,6602082,6576204,6655754,6550463,6647222,6588503,6504265,6613900,6588295,6519751,6555591,6514366,6535600,6414344
567,0,0,0,6738199,6710395,6590020,6635163,6569935,6616390,6614666,6589110,6668806,6563205,6660509,6601489,6516708,6626530,6600256,6533194,6567958,6526539,6547894,6426759
568,31,0,0,6725257,6697585,6577280,6622508,6556526,6603303,6601658,6575972,6655315,6549561,6647133,6588632,6503814,6613185,6586998,6520071,6555603,6513879,6534550,6413843
569,0,0,0,6737766,6709698,6588965,6634346,6569181,6616145,6613948,6587865,6667992,6562516,6660228,6600949,6515792,6626018,6599528,6532107,6568166,6526271,6547170,6426233
570,31,0,0,6725754,6697436,6576633,6621798,6556996,6604051,6601521,6575994,6655915,6550099,6647672,6588588,6503111,6613554,6587896,6519220,6554885,6514211,6534787,6414388
571,0,0,0,6738716,6709709,6589485,6634682,6570294,6616203,6614323,6589206,6668754,6562983,6660415,6601269,6516692,6626942,6600450,6532941,6568165,6526840,6547866,6427552
572,31,0,0,6726020,6697008,6576956,6621819,6557568,6603978,6602015,6575975,6656050,6549741,6647683,6588393,6503339,6614078,6587548,6519454,6554685,6513961,6534291,6414986
573,0,0,0,6738104,6710082,6588605,6634752,6569312,6616892,6614218,6588394,6668325,6562552,6660895,6600760,6515013,6626672,6600879,6532214,6567879,6526375,6547081,6427722
574,31,0,0,6725489,6697474,6576868,6622355,6557128,6604288,6601357,6575844,6655650,6549755,6648190,6588668,6503253,6613684,6588105,6519254,6555603,6513633,6534430,6415521
575,0,0,0,6738623,6710201,6589383,6635154,6569666,6616584,6613883,6588001,6668995,6562454,6661162,6601166,6516194,6626731,6600112,6532451,6568684,6526778,6547476,6427924
576,31,0,0,6725860,6697531,6577167,6622409,6557085,6603825,6600754,6575564,6655507,6549576,6647925,6588557,6503623,6613701,6587299,6519044,6555042,6513607,6533918,6415302
577,0,0,0,6738989,6711102,6590135,6635659,6571007,6616973,6614065,6588813,6669353,6563376,6661265,6602184,6516687,6626555,6600865,6533340,6568604,6527125,6547380,6428886
578,31,0,0,6726067,6698305,6577258,6622818,6558692,6604409,6602352,6576030,6656978,6549984,6648424,6589163,6503422,6614245,6587512,6519871,6556091,6514401,6534713,6415904
579,0,0,0,6737410,6709912,6589026,6634830,6569749,6616249,6614584,6587155,6668317,6562230,6660285,6600913,6515809,6626729,6599885,6532187,6568365,6527009,6546907,6428087
580,31,0,0,6725772,6697919,6577496,6622912,6558166,6604266,6601820,6575889,6655705,6550021,6647590,6588693,6504273,6614081,6587653,6519603,6555541,6514507,6535279,6415458
581,0,0,0,6737123,6708972,6588798,6634382,6569582,6615626,6613000,6587507,6668051,6561849,6659602,6600682,6515657,6624891,6599778,6532054,6567804,6526317,6546836,6427144
582,31,0,0,6725899,6697745,6576684,6622320,6557793,6604329,6601354,6575394,6656265,6549359,6647200,6588494,6503613,6612631,6587162,6519295,6555682,6514115,6534497,6414649
583,0,0,0,6737808,6710465,6589181,6634932,6569583,6616349,6614060,6588094,6667890,6561492,6660350,6601143,6516325,6625151,6599815,6532000,6569250,6526120,6547011,6426649
584,31,0,0,6725565,6698577,6576558,6622225,6557385,6603583,6601819,6575627,6655207,6548888,6647704,6588287,6503899,6612842,6587538,6519595,6555759,6513539,6534334,6415173
585,0,0,0,6738510,6711334,6589143,6634652,6569946,6616636,6614160,6588159,6668059,6561820,6660637,6600633,6516177,6624515,6600298,6532246,6568675,6526506,6547088,6427423
586,31,0,0,6726719,6698366,6577146,6621965,6557581,6604310,6601495,6575800,6655694,6548826,6647972,6588332,6504031,6612336,6587547,6519268,6555985,6513443,6534391,6414699
587,0,0,0,6738954,6710270,6589441,6634927,6569734,6616896,6613901,6588336,6668680,6562400,6661011,6601011,6516759,6626165,6600200,6532816,6568408,6527028,6547745,6427803
588,31,0,0,6725415,6697627,6576690,6621943,6557326,6603537,6600578,6574644,6655228,6549236,6647092,6587508,6502846,6612748,6586888,6518406,6554688,6513182,6533562,6414272
589,0,0,0,6738025,6710984,6589264,6634821,6570502,6616935,6613525,6588148,6668336,6562756,6660714,6600841,6516614,6626414,6600714,6531910,6568388,6526586,6546711,6427683
590,31,0,0,6726475,6698412,6577456,6622370,6557811,6604575,6601367,6576488,6656564,6550052,6648082,6588290,6503653,6614012,6587847,6519032,6555634,6513500,6534623,6415548
591,0,0,0,6738559,6711346,6590065,6634834,6570731,6617194,6613934,6588819,6669735,6563096,6660682,6601138,6515665,6626858,6600692,6531900,6569550,6526938,6547931,6428270
592,31,0,0,6725561,6698511,6576972,6622172,6557781,6603735,6600592,6575736,6656775,6550056,6647423,6587990,6502505,6613632,6587452,6518778,6555619,6513864,6533729,6415227
593,0,0,0,6738002,6710803,6589012,6633753,6569192,6616300,6613243,6587801,6669278,6562182,6660216,6600718,6515287,6626328,6599158,6531713,6568566,6526380,6546748,6427331
594,31,0,0,6725435,6698756,6576936,6621738,6556420,6603441,6600896,6575693,6655825,6549496,6647404,6588102,6503635,6613606,6586892,6518699,6555677,6513434,6534339,6414994
595,0,0,0,6737354,6710849,6588738,6634002,6568489,6616034,6613131,6587347,6668393,6562142,6660211,6600561,6516111,6625940,6598915,6531534,6568317,6525996,6547218,6427086
596,31,0,0,6724513,6698267,6577067,6621440,6556243,6604035,6599875,6574643,6656164,6548908,6647250,6588319,6503397,6613319,6586312,6518301,6554707,6512680,6534047,6413740
597,0,0,0,6737507,6710908,6589807,6634524,6568106,6615917,6612808,6587302,6669584,6561932,6659759,6600271,6515489,6625622,6599414,6532164,6567751,6526001,6546932,6426864
598,31,0,0,6725939,6698309,6576939,6623026,6557230,6603695,6600869,6575078,6657385,6549044,6647850,6587807,6503084,6612977,6587035,6519258,6555786,6513603,6534227,6415056
599,0,0,0,6738736,6711076,6589302,6635718,6569106,6616022,6613907,6587477,6669775,6562145,6660695,6600859,6516112,6625160,6600216,6532676,6568879,6526563,6546879,6427515
600,31,0,0,6725261,6697785,6577356,6622074,6556486,6603117,6600300,6574535,6656501,6549013,6646947,6587708,6503049,6612448,6586678,6519293,6555161,6513162,6534210,6414175
601,0,0,0,6737739,6709620,6588972,6634050,6569111,6615702,6613044,6587252,6669237,6562509,6659977,6600381,6515267,6625610,6599066,6531807,6568044,6525680,6546741,6426889
602,31,0,0,6726106,6697641,6577778,6622268,6556977,6603702,6601337,6574696,6656810,6550025,6647598,6588097,6503020,6613457,6586501,6519584,6554930,6513843,6534218,6414316
603,0,0,0,6737569,6709695,6589079,6634221,6569112,6616203,6613169,6587185,6669626,6562702,6660329,6600585,6515244,6625905,6598867,6532114,6568216,6526273,6547570,6426929
604,31,0,0,6725651,6698279,6576653,6622037,6557067,6604334,6600993,6575346,6657145,6549560,6647656,6587942,6502490,6613899,6586359,6520142,6555277,6513712,6533975,6414898
605,0,0,0,6738090,6709798,6588773,6634654,6568938,6616810,6613895,6587593,6669685,6562373,6659685,6599792,6514799,6626270,6598990,6532151,6568522,6526487,6546204,6427249
606,31,0,0,6725429,6696935,6577365,6622770,6555903,6603861,6601493,6574877,6656997,6549588,6646878,6588340,6502763,6613456,6586256,6518499,6555126,6512920,6533974,6414414
607,0,0,0,6737045,6709122,6588899,6635154,6567913,6615441,6613575,6586952,6668709,6562029,6658989,6600505,6514862,6625445,6598710,6531722,6568006,6525101,6546902,6426242
608,31,0,0,6725351,6697468,6576920,6622518,6555229,6603591,6601188,6574669,6656648,6549278,6646576,6587983,6502474,6612446,6586898,6518878,6555508,6513223,6533994,6414307
609,0,0,0,6737133,6708913,6588838,6634515,6567840,6616062,6613426,6586790,6669108,6561580,6659221,6600607,6514601,6625151,6598667,6531280,6566952,6525307,6546648,6426709
610,31,0,0,6725752,6697088,6577587,6622573,6556050,6604009,6601522,6575404,6656564,6550182,6646824,6588330,6502969,6612560,6586904,6518429,6555815,6512925,6533856,6414904
611,0,0,0,6737769,6709561,6589478,6634823,6568230,6616051,6613831,6587529,6668818,6562110,6659039,6600508,6515036,6624544,6599356,6531533,6568415,6525428,6546624,6426827
612,31,0,0,6725761,6697664,6578158,6623429,6556548,6604241,6601533,6575796,6656874,6550946,6647206,6588944,6503726,6613489,6587454,6519614,6555666,6513620,6534852,6414759
613,0,0,0,6737503,6709156,6589379,6634552,6568024,6615694,6612934,6586956,6668443,6562417,6658867,6600950,6515310,6625383,6599719,6531937,6567580,6525764,6546283,6426503
614,31,0,0,6725361,6697935,6578096,6621698,6555080,6603429,6601535,6574822,6656154,6549471,6646131,6588509,6503029,6613901,6587020,6518865,6554693,6512692,6533636,6414037
615,0,0,0,6737898,6710110,6589822,6634127,6567480,6615609,6613835,6587004,6668182,6562625,6659147,6600820,6515512,6625916,6599564,6531489,6567905,6524893,6546328,6426396
616,31,0,0,6725418,6698945,6578641,6623302,6556407,6604425,6602142,6576268,6656805,6550745,6647291,6588714,6503864,6614320,6587429,6519402,6556523,6513569,6534852,6414510
617,0,0,0,6738095,6710615,6589921,6634842,6568080,6616491,6614309,6588081,6668611,6562750,6659900,6600655,6516140,6626720,6599479,6531402,6568380,6526507,6547322,6426759
618,31,0,0,6725699,6698899,6578768,6622773,6555990,6604647,6601822,6575879,6656312,6550418,6647769,6588765,6504022,6613860,6588187,6519425,6555673,6514150,6534486,6415041
619,0,0,0,6736860,6710788,6590662,6634397,6569079,6616750,6614549,6587706,6668434,6562329,6659562,6601275,6515702,6625997,6599723,6531901,6568051,6525819,6546444,6427082
620,31,0,0,6725350,6699297,6578635,6622802,6557560,6604402,6602599,6575628,6656706,6550754,6647545,6589110,6503637,6614963,6587173,6519164,6555869,6513170,6534865,6414425
621,0,0,0,6737781,6710990,6590277,6634763,6569282,6616468,6614392,6588366,6668693,6563712,6660590,6601269,6516442,6626836,6600177,6532081,6568927,6526180,6547514,6426635
622,31,0,0,6725456,6698385,6578078,6622229,6556481,6603879,6602095,6575167,6656483,6550943,6648123,6588894,6503941,6613941,6587874,6519526,6555877,6513666,6534516,6414730
623,0,0,0,6737992,6710243,6590208,6634374,6569397,6616655,6614690,6587475,6668917,6563450,6660604,6601633,6516318,6626620,6600457,6532481,6568975,6526532,6547216,6427115
624,31,0,0,6726353,6698524,6578781,6622181,6557050,6604742,6601664,6576026,6656517,6550283,6648041,6589313,6504501,6614390,6588434,6519565,6556952,6513759,6534530,6414814
625,0,0,0,6738531,6711459,6590317,6634542,6568764,6617052,6614507,6588578,6669114,6562308,6659850,6601650,6516980,6627214,6601489,6532820,6569299,6526749,6547289,6427323
626,31,0,0,6725184,6697972,6576758,6620582,6554930,6603936,6600589,6574360,6655275,6548230,6646138,6587603,6503083,6613480,6588037,6518331,6554942,6512704,6533637,6413084
627,0,0,0,6737800,6710740,6589084,6633517,6567488,6616300,6613488,6587485,6668715,6561677,6658895,6600160,6515870,6626355,6600014,6531705,6568067,6525263,6547073,6426180
628,31,0,0,6725846,6698431,6577169,6621461,6555289,6604592,6600602,6575351,6655843,6548304,6646410,6587602,6502767,6614396,6587432,6518963,6554726,6512305,6534074,6413995
629,0,0,0,6738039,6711354,6589470,6633847,6568524,6616287,6613634,6587542,6669017,6561954,6659398,6600779,6515832,6626694,6600059,6531677,6567883,6525294,6546628,6427130
630,31,0,0,6725661,6698676,6577126,6621726,6556358,6604120,6600743,6574670,6656112,6549171,6646233,6588080,6503423,6612635,6587081,6518439,6554876,6512565,6533192,6413585
631,0,0,0,6738496,6711445,6589595,6634805,6568733,6616167,6614210,6587692,6669683,6562332,6659516,6601018,6515678,6626452,6599928,6531724,6567998,6526165,6547397,6426468
632,31,0,0,6726396,6699526,6577548,6622159,6556639,6604039,6601580,6575937,6656896,6550288,6646466,6588723,6503956,6613922,6588796,6518683,6555426,6513713,6534471,6414163
633,0,0,0,6738349,6711381,6589383,6634117,6568771,6616993,6613811,6588465,6669610,6562384,6659533,6600691,6515300,6626303,6601248,6531892,6568599,6526073,6546591,6426034
634,31,0,0,6724882,6698205,6576953,6621486,6555737,6603356,6600774,6575119,6656223,6548808,6646382,6587923,6503098,6613709,6587299,6518869,6554637,6512528,6533220,6413337
635,0,0,0,6737129,6709938,6588487,6634396,6567889,6615208,6613237,6587139,6668792,6561346,6658567,6600127,6515192,6625316,6600148,6531279,6567118,6525628,6545712,6425001
636,31,0,0,6724148,6697083,6576104,6620967,6555252,6603102,6600616,6574413,6655530,6548719,6645239,6587434,6503129,6613265,6587102,6518080,6553466,6512914,6532446,6412754
637,0,0,0,6738210,6710611,6589590,6633619,6568587,6615657,6613597,6587842,6669395,6562667,6659086,6600785,6515688,6626589,6600407,6531744,6568186,6526001,6546405,6425436
638,31,0,0,6724940,6697582,6576811,6621415,6555067,6602813,6600727,6574442,6655630,6549221,6645933,6587911,6502622,6613362,6587536,6518276,6554457,6512445,6533006,6412564
639,0,0,0,6737277,6710467,6588856,6633964,6567481,6615932,6613544,6587611,6668504,6561464,6659547,6600438,6515164,6625808,6599614,6531232,6568022,6525692,6546055,6425235
640,31,0,0,6724390,6698339,6576656,6620856,6555476,6603367,6600781,6575192,6655500,6548912,6646147,6587524,6501837,6612148,6586397,6518250,6555081,6512995,6533333,6413077
641,0,0,0,6737681,6710398,6588754,6632955,6567750,6615732,6613147,6587572,6668221,6561405,6659146,6600094,6514901,6625054,6600373,6531002,6567531,6525964,6546097,6425842
642,31,0,0,6725393,6698298,6575844,6620655,6555077,6602898,6600134,6574558,6655336,6548732,6646623,6587297,6502288,6612192,6586801,6518132,6554473,6512943,6533280,6413251
643,0,0,0,6737888,6710539,6588261,6633664,6567572,6615190,6613292,6587789,6667836,6561799,6659905,6600210,6514011,6625449,6599718,6531204,6568513,6526268,6546125,6425301
644,31,0,0,6724840,6698359,6576072,6620368,6555457,6602784,6601592,6575117,6655424,6549288,6646296,6587701,6501391,6612941,6587009,6517850,6555416,6512673,6533661,6412943
645,0,0,0,6738743,6710871,6589276,6633526,6569038,6615126,6614022,6588441,6669233,6562514,6660510,6601605,6514479,6625536,6600594,6531612,6568573,6525653,6547426,6425746
646,31,0,0,6725438,6698048,6576021,6620252,6556354,6602784,6601576,6574943,6655877,6549894,6646657,6588403,6502571,6612285,6587863,6518149,6555167,6512799,6533621,6413086
647,0,0,0,6737505,6710193,6588795,6632941,6568071,6615478,6613466,6587260,6669033,6562254,6659014,6601288,6515316,6624986,6600219,6531310,6567439,6525894,6546227,6426032
648,31,0,0,6725353,6697013,6576225,6621096,6555732,6603497,6600914,6574563,6655770,6549244,6645573,6588526,6502597,6611848,6587649,6518159,6554739,6512868,6533052,6413355
649,0,0,0,6738644,6710306,6589467,6635045,6568657,6617207,6613885,6588124,6669528,6562976,6660276,6602387,6515722,6626720,6601582,6532280,6568464,6526795,6547467,6426766
650,31,0,0,6725548,6696931,6575754,6621780,6555736,6603319,6600508,6574247,6655712,6549209,6646026,6588483,6502947,6613102,6587722,6518263,6553993,6512674,6534013,6412560
651,0,0,0,6737984,6709940,6588805,6634217,6568362,6616503,6613809,6587521,6668986,6563008,6659721,6601716,6515185,6625087,6600408,6531777,6568052,6526460,6547473,6425998
652,31,0,0,6725160,6697274,6576747,6622046,6555948,6603341,6600730,6574873,6656243,6550249,6646679,6588820,6502876,6612428,6587662,6518767,6555047,6513593,6533574,6413490
653,0,0,0,6738291,6709916,6589227,6634110,6568834,6616546,6613814,6587205,6669124,6563130,6659567,6601736,6515434,6625460,6600714,6531993,6568230,6526819,6546514,6426141
654,31,0,0,6725803,6698113,6576752,6622136,6556416,6603939,6601244,6574543,6655971,6550323,6646487,6588965,6502290,6613321,6587221,6519143,6555268,6514182,6533282,6413893
655,0,0,0,6737423,6709727,6588863,6634308,6568097,6615227,6613113,6586489,6668073,6562347,6658372,6601094,6514619,6624957,6599786,6530505,6567103,6526399,6546174,6425565
656,31,0,0,6726451,6698044,6577384,6623118,6556741,6603228,6601675,6575199,6656258,6551394,6647119,6589448,6502792,6612929,6587184,6518191,6555315,6513636,6534145,6413394
657,0,0,0,6737672,6708660,6588510,6633854,6567744,6615101,6612886,6586255,6667997,6562731,6658651,6600655,6514180,6623639,6598233,6530544,6567563,6525429,6545469,6424797
658,31,0,0,6725247,6696848,6576776,6622233,6555881,6603150,6600973,6574569,6656318,6549872,6646667,6588774,6502259,6611607,6586302,6518368,6555097,6512862,6532664,6412711
659,0,0,0,6738832,6708928,6588510,6634628,6568661,6615645,6613715,6587115,6668501,6562478,6658777,6601474,6515276,6625332,6599570,6530791,6568090,6525764,6545640,6425277
660,31,0,0,6726035,6697824,6577400,6622164,6556537,6603651,6601615,6575906,6656577,6549888,6646406,6589161,6502730,6612655,6587832,6518842,6554548,6512857,6533114,6412979
661,0,0,0,6737899,6710251,6589718,6633400,6567968,6616273,6613863,6587774,6669026,6562145,6659491,6602059,6515850,6625517,6600915,6531542,6567396,6525855,6546176,6426238
662,31,0,0,6725362,6697332,6576747,6620298,6555372,6603368,6600764,6574512,6656339,6549368,6645844,6588376,6502173,6612639,6587350,6518023,6554823,6512846,6533064,6413052
663,0,0,0,6737913,6709329,6589420,6633482,6567650,6615416,6613086,6586491,6668688,6562816,6659197,6601610,6515119,6626194,6599931,6531081,6567734,6525944,6545512,6425390
664,31,0,0,6725587,6697280,6577156,6621354,6555917,6603312,6600900,6574201,6655486,6549301,6646431,6588624,6502493,6612189,6587690,6518046,6554170,6512650,6532534,6412721
665,0,0,0,6738468,6710765,6589573,6634756,6568954,6615862,6613977,6587246,6667619,6562512,6659284,6602150,6515684,6625388,6600347,6531424,6567944,6526612,6545560,6425742
666,31,0,0,6726222,6698264,6577701,6621787,6556775,6603436,6601646,6575190,6655755,6550151,6646708,6589497,6503043,6612944,6587985,6519136,6554531,6513745,6532939,6413566
667,0,0,0,6738150,6709858,6589592,6633817,6569208,6615513,6613881,6587343,6667903,6562691,6659084,6601440,6514797,6624742,6600558,6531604,6566926,6525716,6546162,6425630
668,31,0,0,6726331,6698197,6577124,6621053,6556466,6602582,6601767,6574507,6655064,6549944,6645845,6588609,6502842,6611925,6587381,6518710,6554966,6513007,6534010,6413649
669,0,0,0,6738871,6711237,6590256,6634758,6569185,6615389,6614287,6588221,6669229,6563595,6659961,6602232,6515553,6626300,6601224,6532150,6568725,6526236,6547318,6427050
670,31,0,0,6725912,6697935,6577774,6622103,6557035,6603287,6602007,6575162,6655991,6550412,6647018,6589470,6502860,6613536,6587840,6519050,6555231,6513578,6534004,6413236
671,0,0,0,6738425,6710353,6589500,6633857,6569047,6616420,6614982,6588340,6668596,6562569,6659592,6601955,6515450,6626248,6601106,6531982,6568650,6526280,6546699,6425983
672,31,0,0,6726564,6698739,6578332,6622487,6557045,6604565,6602652,6576308,6657353,6550938,6648068,6590433,6503595,6614334,6589060,6519806,6556143,6514028,6534316,6413990
673,0,0,0,6739315,6710972,6589902,6634656,6569658,6615902,6615007,6588557,6669632,6562678,6660062,6602759,6515971,6626612,6601453,6532908,6568579,6526729,6546692,6426141
674,31,0,0,6726741,6698332,6577421,6622089,6557012,6602878,6602354,6575971,6656423,6549962,6646716,6589932,6502987,6614121,6588268,6519117,6555105,6513752,6533704,6413560
675,0,0,0,6738697,6710529,6589595,6634133,6568621,6615089,6614003,6587860,6668994,6562300,6659005,6602129,6514885,6625742,6600450,6531956,6567931,6525775,6545942,6425446
676,31,0,0,6726500,6698732,6577023,6622934,6556248,6602632,6602025,6575611,6656203,6550026,6646575,6589547,6502693,6613295,6587538,6518674,6555016,6513359,6533390,6413479
677,0,0,0,6738849,6711659,6589979,6635609,6569195,6615828,6614836,6589027,6669258,6563382,6659681,6602967,6515880,6626742,6602394,6532641,6569020,6526672,6546997,6426592
678,31,0,0,6726998,6698820,6577437,6623046,6556662,6603341,6602583,6576051,6656814,6550695,6647400,6589672,6502830,6613857,6589211,6519294,6555905,6513532,6534031,6413602
679,0,0,0,6739082,6711347,6589862,6635320,6569009,6615499,6614954,6588309,6669400,6563006,6659915,6601817,6515437,6626021,6601631,6532412,6568334,6526076,6545955,6426030
680,31,0,0,6726423,6698888,6576954,6622357,6556226,6603013,6602394,6575835,6656315,6550587,6646645,6589335,6502967,6612747,6588631,6519184,6555185,6512898,6533098,6413933
681,0,0,0,6739132,6711500,6588866,6634386,6568307,6616102,6614935,6588075,6668982,6563200,6659031,6601937,6515423,6626324,6600953,6531959,6567952,6525629,6546968,6426320
682,31,0,0,6726831,6699699,6577267,6623520,6556307,6603740,6602586,6576138,6656999,6550738,6647268,6589668,6503860,6614228,6588639,6519325,6556055,6513424,6534384,6414058
683,0,0,0,6738407,6711963,6589548,6635194,6569008,6615965,6614937,6588450,6669304,6562935,6659035,6602103,6516164,6626884,6600976,6532715,6569265,6526021,6547039,6426774
684,31,0,0,6726132,6699839,6578151,6622664,6556977,6603689,6602472,6576165,6656575,6549552,6645909,6589393,6503714,6613368,6587755,6518869,6555672,6512986,6534445,6414214
685,0,0,0,6739552,6712700,6590257,6635197,6569316,6616437,6615011,6588924,6669592,6562667,6659476,6602508,6516346,6626539,6600625,6532121,6568765,6526002,6548027,6426644
686,31,0,0,6725642,6699398,6577322,6622148,6556011,6603627,6601959,6575319,6656029,6549430,6645231,6588703,6502627,6612702,6587526,6518232,6555102,6512226,6533861,6413900
687,0,0,0,6739252,6712245,6590088,6634694,6569062,6616141,6614208,6588450,6669201,6562857,6659302,6602986,6515916,6625809,6600659,6531546,6568538,6526745,6547821,6426616
688,31,0,0,6726745,6699460,6577106,6621824,6557120,6603301,6602215,6576203,6655872,6550818,6646437,6589582,6503598,6612787,6588425,6518149,6555516,6513366,6534401,6413958
689,0,0,0,6738102,6710479,6588046,6633200,6567804,6615224,6613250,6587629,6667746,6561804,6659058,6601530,6515510,6625704,6600025,6530662,6567419,6525158,6546349,6425735
690,31,0,0,6726561,6699496,6576919,6621524,6556866,6604283,6601908,6575575,6656444,6550302,6646853,6590040,6504001,6613728,6587907,6519056,6555342,6513427,6534995,6413763
691,0,0,0,6738655,6710866,6589156,6633527,6568247,6615334,6612960,6587795,6668867,6561849,6659270,6602061,6515306,6625662,6600112,6531409,6567908,6526175,6547309,6425587
692,31,0,0,6726472,6699156,6577357,6622319,6556692,6603631,6601331,6575945,6656480,6550033,6646855,6589834,6503958,6613401,6587783,6519462,6556074,6513543,6534537,6413358
693,0,0,0,6737604,6710514,6588820,6633815,6567905,6615140,6613088,6587608,6668190,6561213,6658704,6601422,6515630,6624949,6598849,6531520,6568012,6525309,6546051,6425093
694,31,0,0,6726518,6700053,6577510,6623036,6557105,6604554,6602377,6576310,6657288,6550528,6647083,6590032,6504081,6613686,6586965,6519597,6556155,6514022,6534770,6414427
695,0,0,0,6737950,6711643,6588834,6634448,6568611,6615808,6613867,6587984,6668799,6562288,6659696,6601697,6516015,6625534,6598269,6531887,6567497,6525486,6546911,6425675
696,31,0,0,6725678,6699502,6577460,6622679,6556893,6603334,6601752,6575902,6657026,6550301,6646612,6589522,6503284,6613229,6586598,6519290,6554958,6513524,6534339,6413550
697,0,0,0,6738527,6711002,6589586,6635577,6569418,6616606,6613752,6588530,6670160,6563010,6659564,6602423,6515957,6625584,6599516,6532313,6567967,6526341,6547543,6426219
698,31,0,0,6726028,6698685,6577756,6622187,6556648,6604516,6601460,6576141,6657433,6550255,6646320,6590244,6503500,6613501,6586854,6519157,6554524,6512954,6534308,6413578
699,0,0,0,6738212,6710964,6589127,6634696,6568558,6616458,6613609,6587765,6670022,6562680,6659629,6602609,6515676,6625856,6599762,6532043,6567861,6525695,6546899,6426184
700,31,0,0,6725089,6698159,6577033,6621806,6556543,6603418,6600900,6574993,6657086,6549089,6646107,6589564,6503246,6612920,6586674,6518797,6555485,6512177,6534317,6413177
701,0,0,0,6737422,6710161,6589092,6633892,6569052,6615734,6613518,6587748,6669461,6561660,6659166,6601974,6516189,6625098,6600299,6531068,6567928,6525265,6546987,6425431
702,31,0,0,6726165,6698347,6577097,6622181,6556871,6603743,6602109,6576152,6656651,6549853,6646026,6589428,6503459,6612910,6588218,6518747,6555435,6513205,6534441,6413599
703,0,0,0,6737933,6710177,6589185,6633892,6568988,6616057,6613929,6588602,6668923,6561682,6659121,6601725,6516017,6625349,6600701,6531457,6567321,6526048,6546555,6425364
704,31,0,0,6726054,6698184,6577053,6622021,6557375,6603466,6602200,6576085,6656474,6548846,6646346,6589407,6503565,6613037,6587863,6518974,6554872,6513251,6534144,6412882
705,0,0,0,6738065,6710605,6588757,6633098,6569250,6616308,6614651,6587947,6669424,6561088,6659435,6602175,6516082,6625642,6600735,6531911,6567926,6525907,6546758,6425463
706,31,0,0,6726000,6699043,6577580,6621832,6557755,6603903,6602475,6576234,6657302,6549437,6646806,6589889,6503462,6613115,6588369,6519425,6555293,6513322,6535390,6413844
707,0,0,0,6737330,6710984,6589850,6634104,6569726,6615978,6615143,6587661,6669465,6561739,6658901,6601961,6515956,6624897,6600409,6531695,6568110,6526149,6548100,6425925
708,31,0,0,6725016,6698212,6577343,6620941,6557128,6603471,6601288,6575031,6656575,6549069,6645953,6588641,6502498,6612414,6586701,6518088,6554502,6512634,6534304,6412982
709,0,0,0,6736818,6710516,6589112,6633629,6569343,6616235,6613907,6587348,6668916,6561237,6658128,6601524,6514786,6624590,6599145,6531104,6567828,6525656,6546465,6426172
710,31,0,0,6724580,6698554,6577100,6621732,6556790,6604224,6601108,6574318,6656558,6548669,6645389,6589101,6503075,6612503,6586971,6518225,6554522,6513437,6533764,6413386
711,0,0,0,6737168,6711249,6589802,6634760,6569212,6616651,6613941,6588257,6669343,6562211,6658830,6601575,6516214,6626008,6600778,6531866,6568373,6526003,6547414,6426037
712,31,0,0,6724701,6697256,6576911,6621558,6555969,6603988,6600573,6575575,6656541,6548375,6645635,6587985,6502953,6612109,6587186,6517988,6554930,6513395,6534463,6412841
713,0,0,0,6737836,6710909,6589486,6635207,6568512,6616968,6614012,6588359,6670401,6562155,6659271,6601418,6516306,6626164,6600401,6532322,6568227,6526255,6548061,6426852
714,31,0,0,6725805,6698645,6577717,6623012,6556991,6604313,6601722,6575750,6657767,6549115,6646758,6589330,6504535,6613384,6587991,6519422,6556022,6514006,6534651,6415039
715,0,0,0,6737269,6710706,6589217,6634946,6568736,6616411,6613109,6588088,6670434,6561664,6659495,6601588,6515859,6625422,6600304,6531768,6568233,6526545,6547685,6426161
716,31,0,0,6724740,6698120,6577455,6622293,6557158,6603998,6601494,6575270,6657513,6549329,6646101,6588941,6502709,6613068,6587342,6519088,6554723,6512998,6534024,6413428
717,0,0,0,6737940,6711820,6590640,6635682,6569547,6616824,6615064,6588617,6670878,6562966,6659760,6602405,6516407,6626707,6601210,6532671,6569375,6527451,6546987,6426296
718,31,0,0,6725833,6698543,6577820,6621509,6556380,6603582,6601718,6575030,6657240,6548912,6646182,6589101,6502955,6613163,6587429,6518610,6556338,6514165,6534290,6413389
719,0,0,0,6737811,6710809,6590478,6633654,6569101,6616198,6614993,6587649,6669772,6562200,6658880,6602297,6515456,6625054,6601327,6531867,6568961,6527305,6547092,6426116
720,31,0,0,6725118,6698133,6577547,6620717,6556970,6603676,6601809,6575385,6656352,6549272,6645953,6589163,6502919,6612569,6587492,6518607,6555448,6513500,6534060,6412782
721,0,0,0,6737761,6711166,6590055,6633948,6568720,6616474,6614846,6588018,6669139,6562250,6659469,6602516,6515671,6625120,6600625,6531938,6569412,6526832,6547532,6426146
722,31,0,0,6724839,6698808,6577713,6620850,6556149,6603865,6602180,6575274,6656457,6549460,6647067,6589396,6503327,6612117,6587433,6518489,6556015,6513409,6534556,6413319
723,0,0,0,6737596,6711222,6589844,6633540,6568565,6616007,6614545,6587993,6669426,6562279,6659054,6601622,6515946,6624717,6599486,6532114,6568586,6526549,6547641,6425767
724,31,0,0,6725003,6699422,6578062,6622839,6556447,6603645,6602264,6575384,6657142,6549932,6647104,6589459,6504311,6613268,6587148,6519687,6556143,6514087,6534691,6414516
725,0,0,0,6738124,6711505,6590731,6635464,6569109,6616444,6615092,6588765,6670011,6563054,6659947,6601990,6516556,6626169,6600199,6532978,6568281,6527075,6547743,6427437
726,31,0,0,6725307,6698508,6577708,6621930,6556702,6603200,6602268,6575885,6656550,6550224,6647150,6589006,6503474,6612845,6587767,6519070,6554605,6513840,6534636,6414706
727,0,0,0,6738357,6711626,6590779,6634595,6569476,6616217,6614607,6588780,6669605,6563157,6660721,6601977,6516356,6625810,6600616,6532466,6568899,6527160,6548203,6428298
728,31,0,0,6725787,6699199,6578074,6621995,6556472,6603622,6602082,6576088,6656904,6550728,6647519,6589330,6503912,6613131,6587514,6519670,6555406,6513893,6534928,6414436
729,0,0,0,6739250,6713055,6591017,6635191,6570052,6617616,6615950,6589289,6670106,6563780,6661484,6602985,6517025,6627168,6601132,6533824,6569516,6527891,6548882,6427830
730,31,0,0,6725518,6699160,6577860,6622209,6556693,6604382,6602289,6575886,6656380,6550393,6647493,6589818,6504295,6613667,6586874,6519684,6555907,6514254,6535147,6414437
731,0,0,0,6737274,6711402,6589951,6633994,6568632,6616937,6614775,6588982,6668732,6562420,6659994,6602107,6516265,6625606,6600694,6532755,6568588,6525964,6548056,6426941
732,31,0,0,6724625,6698874,6577845,6621785,6556305,6604112,6602521,6576224,6656074,6550380,6647552,6589970,6503693,6612978,6587861,6520065,6555671,6513788,6535549,6414757
733,0,0,0,6736874,6711020,6589689,6634259,6568349,6616355,6614060,6588855,6669067,6562375,6660478,6602085,6515368,6626235,6600415,6532187,6569245,6526533,6548002,6426067
734,31,0,0,6725226,6699234,6578507,6622899,6556667,6604422,6602602,6576587,6657445,6550201,6648433,6590012,6503350,6614326,6588395,6519817,6556570,6514417,6535455,6413408
735,0,0,0,6736798,6711042,6590074,6634634,6567811,6615844,6613652,6587824,6669478,6561912,6660260,6601338,6514717,6625710,6599739,6532116,6567649,6526527,6547201,6425718
736,31,0,0,6725016,6698631,6579063,6622702,6555924,6604114,6601991,6576722,6656894,6549963,6647423,6588781,6502894,6613048,6588199,6519220,6555349,6514284,6533890,6414455
737,0,0,0,6737403,6711003,6590651,6635215,6567994,6616005,6614015,6588539,6669247,6561660,6659814,6600918,6515190,6625162,6600228,6532195,6568933,6525996,6547397,6426497
738,31,0,0,6725324,6699380,6578660,6622698,6556192,6603876,6602057,6576671,6657457,6548891,6646976,6588488,6502991,6612351,6587395,6519248,6556148,6513687,6535066,6414067
739,0,0,0,6737348,6713317,6590924,6635331,6568684,6616572,6615616,6589488,6670478,6562974,6660556,6601943,6516207,6626095,6600212,6533113,6569767,6527116,6548245,6427453
740,31,0,0,6725779,6700552,6578625,6623358,6556397,6604161,6603170,6576466,6657411,6550358,6647497,6589598,6503883,6614178,6587872,6519715,6556187,6514227,6535200,6414911
741,0,0,0,6738413,6712860,6591111,6636080,6569010,6616831,6615762,6588882,6670426,6563196,6660076,6602350,6516699,6625496,6601674,6532704,6569777,6527498,6548551,6428202
742,31,0,0,6725281,6698223,6577858,6622711,6555361,6603193,6602550,6575501,6656496,6549242,6646047,6588792,6502449,6611896,6587777,6518788,6555364,6513546,6534392,6414620
743,0,0,0,6737493,6710603,6590165,6634841,6567704,6615693,6614721,6588113,6669448,6562392,6659449,6601388,6515017,6624549,6600214,6532061,6568035,6526462,6547509,6426242
744,31,0,0,6725997,6699255,6578922,6623300,6557000,6604462,6603061,6575952,6657264,6550598,6647402,6589782,6503251,6613400,6588955,6519922,6556500,6514679,6535060,6415534
745,0,0,0,6738304,6711187,6590614,6634144,6568935,6616037,6614777,6588081,6669247,6562782,6660074,6601362,6514910,6626000,6600838,6531495,6569271,6526457,6547530,6427300
746,31,0,0,6725939,6698483,6577958,6621595,6555664,6603005,6601980,6575664,6656673,6549815,6647000,6588603,6502485,6613537,6588280,6518554,6556020,6513263,6533996,6414474
747,0,0,0,6739425,6711356,6590985,6634395,6568060,6615198,6614764,6587948,6669493,6562431,6660456,6601629,6514772,6627044,6601647,6532573,6569687,6526160,6547899,6426853
748,31,0,0,6726845,6699101,6578684,6622398,6555645,6603686,6602458,6575639,6657084,6549984,6647486,6589234,6503409,6613499,6588186,6519528,6556424,6513452,6534587,6415134
749,0,0,0,6738151,6711086,6591084,6634836,6568020,6616400,6614580,6588203,6668792,6562701,6660256,6601259,6515197,6625888,6601099,6531749,6569197,6525994,6547823,6426874
750,31,0,0,6726906,6699096,6579674,6622888,6555847,6603994,6603021,6576533,6657083,6549887,6647686,6588593,6503243,6613339,6588711,6519023,6556528,6514092,6535459,6414453
751,0,0,0,6738623,6710782,6590251,6635089,6568115,6615875,6614486,6588170,6669647,6562093,6659949,6601502,6514981,6625520,6601163,6531739,6568770,6525861,6547725,6426946
752,31,0,0,6727032,6698846,6579106,6622527,6556243,6604512,6603088,6575712,6656847,6550378,6647460,6589177,6503131,6613474,6588429,6518645,6556349,6513506,6534612,6414637
753,0,0,0,6739201,6710805,6590454,6634552,6568455,6616441,6615474,6588385,6668907,6561776,6659160,6601717,6515830,6624744,6600711,6531720,6568746,6526181,6547330,6426648
754,31,0,0,6726910,6699261,6578805,6622357,6557144,6604116,6603352,6575919,6656905,6549628,6647551,6589236,6504146,6613029,6588447,6519759,6555967,6513620,6534871,6414456
755,0,0,0,6738682,6710769,6590923,6633485,6569062,6615474,6615622,6587766,6668916,6562501,6660300,6601451,6515656,6624871,6600814,6532066,6568520,6526384,6547345,6426379
756,31,0,0,6725758,6698099,6577879,6620909,6555957,6602972,6602487,6575003,6655588,6549332,6646618,6588376,6503012,6612472,6587213,6518832,6554716,6513382,6534712,6413420
757,0,0,0,6738248,6710907,6590358,6633765,6568480,6616498,6615530,6587549,6668459,6561720,6660689,6601580,6514891,6625533,6600969,6531701,6568247,6525755,6547175,6426086
758,31,0,0,6725836,6698633,6577709,6621317,6555435,6603522,6601841,6575164,6655997,6549243,6647158,6589192,6502365,6613737,6588048,6518845,6554918,6513370,6534359,6413255
759,0,0,0,6737707,6710287,6589696,6633096,6567251,6616334,6614525,6587538,6668091,6561546,6659201,6601366,6514252,6625990,6600466,6531026,6568162,6526418,6547068,6425882
760,31,0,0,6725521,6697297,6577660,6621143,6554969,6602975,6602034,6575030,6654898,6548551,6646553,6589179,6501885,6613331,6586469,6517806,6555252,6513289,6533993,6413566
761,0,0,0,6737993,6710432,6589953,6634021,6568070,6615648,6615034,6587492,6668648,6561929,6659837,6601624,6514275,6626059,6600636,6531935,6568036,6526608,6547054,6426260
762,31,0,0,6724852,6698346,6577084,6621117,6555300,6602668,6602010,6574313,6655651,6548922,6646485,6587637,6501310,6612684,6586928,6518220,6554513,6513055,6533199,6412964
763,0,0,0,6737911,6711319,6589933,6634165,6567656,6615144,6614337,6587504,6668688,6561956,6659594,6600608,6515080,6625146,6600574,6531206,6568332,6526230,6546887,6426983
764,31,0,0,6726674,6699154,6578456,6622301,6555966,6602607,6603179,6575292,6656180,6549878,6647118,6587740,6502538,6612911,6588559,6518305,6555052,6514291,6534442,6414789
765,0,0,0,6739789,6711712,6589762,6634411,6567958,6615559,6614616,6587702,6668682,6562660,6659914,6600287,6514462,6625874,6600718,6530794,6568019,6526783,6547584,6427090
766,31,0,0,6726972,6698683,6578084,6622429,6554989,6602704,6602083,6575461,6655970,6550320,6646564,6587983,6502720,6613342,6587154,6517978,6555659,6513180,6534542,6414608
767,0,0,0,6738607,6709779,6589932,6634904,6567785,6615183,6614796,6587023,6668079,6562335,6659625,6600663,6514527,6625853,6600258,6531507,6568588,6526091,6547132,6426921
768,31,0,0,6725868,6697865,6577672,6622543,6555297,6603207,6601525,6574384,6655066,6549968,6646413,6587801,6501827,6612191,6588360,6518062,6555192,6512871,6533903,6414100
769,0,0,0,6738696,6710732,6590687,6635276,6568441,6617122,6615093,6587771,6668742,6563084,6659067,6601489,6514894,6624931,6600141,6531427,6568309,6526628,6548353,6426849
770,31,0,0,6724878,6696994,6576947,6621947,6555125,6602921,6601773,6574739,6654767,6549782,6645456,6587370,6500997,6611286,6586783,6517499,6553996,6512554,6533281,6413111
771,0,0,0,6738261,6709923,6590179,6635033,6567845,6615786,6615441,6587666,6668009,6562752,6659100,6600847,6514534,6624418,6599397,6531340,6567904,6526002,6547026,6426374
772,31,0,0,6726331,6698095,6578381,6622950,6556278,6604218,6603105,6575281,6656020,6550229,6647091,6588943,6502601,6612051,6587731,6519078,6555518,6513528,6534843,6414680
773,0,0,0,6737989,6709734,6590525,6634914,6567833,6616097,6614878,6587793,6668214,6563108,6658740,6600791,6514864,6624765,6600189,6531564,6568118,6526020,6547276,6426064
774,31,0,0,6725051,6698252,6578072,6622152,6555423,6602907,6602291,6575160,6655507,6549851,6645608,6588325,6502721,6612674,6587138,6517877,6554788,6513097,6534422,6413734
775,0,0,0,6738528,6710809,6590340,6634288,6569039,6614975,6614603,6588104,6668625,6562322,6659012,6601506,6514885,6625452,6600509,6531242,6567906,6526578,6547421,6426874
776,31,0,0,6726526,6698720,6578292,6622614,6556400,6602726,6602544,6575597,6655503,6548959,6646186,6588770,6502511,6613268,6587619,6518786,6554662,6514201,6534631,6414577
777,0,0,0,6738174,6710192,6589578,6634798,6567878,6614507,6614141,6587265,6667725,6560939,6658074,6600950,6515209,6625078,6599863,6530471,6566903,6526261,6546116,6426552
778,31,0,0,6725849,6697553,6577931,6623090,6555451,6602215,6601662,6575208,6655167,6548215,6645912,6587667,6502782,6612154,6587131,6518269,6554438,6513524,6532888,6413936
779,0,0,0,6738445,6710181,6590909,6635800,6568270,6614563,6614695,6587917,6668348,6562123,6659318,6600568,6515866,6625392,6600067,6531423,6567721,6526496,6546891,6426858
780,31,0,0,6726210,6698435,6578182,6623175,6554997,6602328,6602015,6574696,6655709,6549587,6645650,6587687,6502913,6612624,6587132,6518163,6554185,6513552,6534200,6413750
781,0,0,0,6739176,6711610,6591255,6636962,6568067,6615391,6615700,6588034,6668444,6563178,6659246,6601739,6516256,6625826,6600608,6532100,6568411,6527427,6547986,6427685
782,31,0,0,6726508,6698821,6578630,6624199,6555899,6603019,6603288,6575255,6655669,6550143,6646908,6588808,6503637,6612792,6588295,6519184,6555386,6514156,6535081,6415331
783,0,0,0,6739422,6711813,6591427,6637463,6567875,6615418,6615375,6587559,6669130,6563734,6659732,6601571,6515696,6626095,6600433,6532592,6568403,6527052,6548109,6427783
784,31,0,0,6726370,6698598,6578648,6624288,6555802,6602959,6602507,6575547,6655815,6550544,6646826,6587824,6502767,6613354,6586895,6518716,6554413,6513317,6534187,6414990
785,0,0,0,6738571,6710136,6590013,6635884,6566815,6615249,6614193,6587796,6667773,6562401,6659582,6599826,6514608,6625368,6599728,6531701,6566459,6526642,6546826,6426787
786,31,0,0,6726320,6698141,6578111,6624127,6555065,6603071,6601864,6576194,6655828,6550595,6647255,6588633,6503210,6613218,6587717,6519715,6554608,6514309,6535111,6414756
787,0,0,0,6738414,6710471,6589978,6635515,6567302,6614430,6614423,6587813,6668016,6563310,6658939,6600852,6515057,6624928,6600086,6531302,6566698,6526913,6547579,6426087
788,31,0,0,6726746,6698262,6577194,6623146,6555298,6601820,6601601,6575284,6655239,6550408,6646047,6588010,6502029,6612180,6587225,6518627,6553078,6513469,6534408,6413284
789,0,0,0,6738729,6710320,6589635,6635384,6567611,6614754,6613823,6588212,6667949,6562666,6659302,6601276,6515277,6624667,6599139,6531224,6566560,6527058,6547888,6426247
790,31,0,0,6726813,6698872,6577461,6622997,6555206,6602627,6601667,6576470,6656253,6550159,6646981,6588712,6502259,6612307,6586379,6518486,6554204,6513849,6534858,6413631
791,0,0,0,6739329,6711343,6589779,6634909,6567460,6614581,6613902,6588587,6669033,6562605,6659349,6601555,6514583,6625045,6599559,6531721,6567120,6526641,6547813,6426922
792,31,0,0,6727260,6699072,6577582,6622502,6555636,6602657,6602914,6575816,6656266,6550318,6646904,6589294,6502352,6612259,6586702,6517893,6554624,6514127,6534471,6414380
793,0,0,0,6740083,6711830,6590945,6635348,6568211,6616301,6615788,6589203,6669544,6563721,6660997,6601907,6516089,6625462,6599408,6531727,6568002,6527310,6548009,6427144
794,31,0,0,6726551,6698690,6577355,6621934,6554713,6602975,6602343,6575262,6656059,6549677,6647024,6588448,6502211,6611641,6586780,6517821,6554207,6513347,6533899,6413983
795,0,0,0,6739409,6711209,6589855,6635025,6568090,6615100,6614472,6588406,6668840,6562589,6660568,6600919,6515035,6624684,6600145,6531363,6568093,6526679,6547359,6426573
796,31,0,0,6727155,6698763,6577542,6622847,6555749,6602910,6602271,6576435,6655989,6550561,6646904,6588359,6502744,6612578,6587508,6519455,6555560,6512959,6534746,6414510
797,0,0,0,6739308,6711513,6590338,6635727,6568408,6615472,6614980,6589155,6669429,6563160,6660025,6600840,6515690,6625890,6600216,6532555,6568328,6527329,6548219,6426584
798,31,0,0,6726199,6698163,6577820,6623127,6555892,6602776,6601440,6576392,6656320,6550640,6646845,6588579,6502573,6612290,6587476,6518706,6554952,6513446,6534742,6413897
799,0,0,0,6738726,6710392,6589772,6635544,6567631,6615223,6613740,6588284,6668389,6562847,6660113,6601435,6514581,6624880,6599768,6531643,6567851,6526218,6547418,6426848
800,31,0,0,6725937,6697767,6577451,6622320,6555654,6602331,6601858,6575342,6655743,6550151,6646168,6588363,6502339,6612573,6586935,6518468,6554450,6513561,6533704,6414486
801,0,0,0,6738231,6711195,6589560,6635070,6568297,6615212,6614943,6588111,6667672,6563306,6659660,6601416,6514740,6625809,6600798,6532281,6568348,6526190,6547419,6426989
802,31,0,0,6726300,6698275,6577171,6623342,6556209,6602994,6602477,6576207,6656013,6550560,6647053,6589812,6503196,6614016,6587340,6519022,6555470,6513726,6535635,6414430
803,0,0,0,6737910,6709723,6587741,6634177,6567628,6614912,6613323,6587103,6667495,6562533,6659164,6601009,6514707,6625601,6598786,6531128,6567615,6525307,6546829,6425945
804,31,0,0,6726554,6698766,6577082,6623503,6556231,6603057,6602214,6575329,6656006,6550565,6647018,6589236,6503486,6612592,6587210,6519628,6555093,6513428,6534796,6414151
805,0,0,0,6738161,6710526,6588359,6635034,6567304,6615557,6613914,6587449,6667522,6563057,6659042,6601046,6515001,6624379,6599460,6531236,6567376,6525211,6546971,6425641
806,31,0,0,6725672,6697747,6575904,6622474,6554349,6602113,6600765,6574768,6654149,6550337,6645577,6587543,6502652,6611979,6586380,6518171,6554005,6512106,6533929,6412900
807,0,0,0,6739224,6711361,6589533,6636376,6568171,6615603,6614381,6588380,6668432,6564144,6659791,6601853,6515933,6626349,6599424,6533044,6569033,6525783,6547954,6426963
808,31,0,0,6726413,6698877,6577757,6623516,6556009,6604019,6602170,6575968,6655864,6551334,6647215,6589352,6504079,6612580,6587037,6519564,6555540,6514133,6535162,6414342
809,0,0,0,6738003,6709992,6589183,6634526,6567151,6615376,6614084,6587757,6667701,6563295,6659162,6601120,6515369,6624651,6599128,6532066,6566758,6525673,6547451,6426328
810,31,0,0,6725399,6697976,6576415,6622452,6554821,6602109,6600771,6575059,6655218,6549338,6645507,6588191,6502756,6612557,6586709,6518289,6554864,6513298,6534022,6414002
811,0,0,0,6737802,6709731,6588168,6635099,6567280,6614554,6613724,6587973,6667830,6562556,6658954,6600297,6514622,6624488,6599183,6530794,6568563,6526245,6546610,6426379
812,31,0,0,6725438,6697542,6576512,6622991,6554498,6602071,6600430,6574973,6655075,6549677,6646984,6587898,6502538,6611696,6586367,6518300,6554569,6512805,6533722,6414257
813,0,0,0,6738647,6710680,6589095,6635146,6567075,6615168,6613242,6587735,6668553,6563100,6659638,6601886,6515210,6624915,6599743,6532148,6568296,6526372,6547564,6427676
814,31,0,0,6726717,6698568,6576909,6623503,6555016,6602621,6600865,6575181,6655629,6550448,6647059,6589162,6502982,6612418,6586420,6518809,6555357,6513184,6534451,6414689
815,0,0,0,6738703,6710432,6589537,6636391,6567480,6614357,6614324,6587835,6668558,6563312,6659580,6601903,6515406,6624925,6600338,6531595,6567334,6526030,6547453,6426940
816,31,0,0,6725809,6697590,6576958,6623541,6554784,6602067,6601418,6575207,6656115,6549520,6647335,6588696,6502834,6612382,6587446,6517995,6554301,6513099,6533868,6414003
817,0,0,0,6737272,6709659,6589024,6634886,6566137,6613659,6613638,6587236,6668481,6561774,6659270,6601005,6514520,6623611,6599385,6530861,6567277,6525118,6546200,6425860
818,31,0,0,6726461,6698728,6577376,6622716,6555198,6602570,6602477,6575681,6656378,6550306,6647621,6589180,6503226,6611513,6588203,6518741,6555118,6513229,6534469,6413483
819,0,0,0,6738023,6710394,6589202,6634547,6568379,6614899,6615007,6587830,6669021,6562595,6660152,6601150,6515370,6624577,6599779,6531105,6566842,6525948,6547274,6426300
820,31,0,0,6726187,6698148,6577395,6623310,6556293,6602971,6601872,6575820,6655840,6550036,6647963,6589024,6503854,6611881,6587890,6519119,6554744,6513141,6534747,6413985
821,0,0,0,6737833,6710443,6589066,6635556,6567240,6615166,6613956,6587177,6667761,6561990,6660300,6600835,6515010,6624333,6599696,6531558,6567193,6525596,6546885,6425518
822,31,0,0,6725544,6699203,6577540,6623105,6555328,6602955,6602011,6575548,6656272,6550443,6647841,6589219,6503125,6612462,6588422,6518546,6554658,6513351,6534604,6414194
823,0,0,0,6738585,6711162,6589980,6635121,6567770,6615257,6613937,6587997,6668329,6563209,6660196,6602172,6516353,6625248,6600762,6530806,6567180,6526168,6547281,6426612
824,31,0,0,6725729,6698632,6576921,6622842,6554803,6602789,6601463,6575169,6655713,6549774,6647324,6589234,6504379,6611921,6587141,6518344,6554586,6513223,6534256,6413760
825,0,0,0,6737891,6710658,6590083,6635170,6566619,6614857,6614094,6587502,6668003,6563058,6659795,6601178,6515903,6624098,6599475,6530787,6567437,6525904,6546522,6426114
826,31,0,0,6725813,6698992,6577653,6623167,6554815,6601352,6602469,6575250,6655814,6549953,6647184,6588722,6503227,6611434,6587140,6517955,6554726,6513354,6533993,6413675
827,0,0,0,6738713,6712062,6589848,6636250,6567151,6614270,6615170,6587950,6668768,6562643,6660014,6601979,6516267,6623859,6600952,6530915,6569097,6526683,6547429,6426835
828,31,0,0,6726610,6700109,6578327,6624125,6554816,6602619,6602190,6575734,6656050,6550072,6647324,6589201,6503804,6611954,6588271,6518406,6556238,6513586,6534741,6414482
829,0,0,0,6738649,6711631,6590631,6636548,6567278,6615467,6614823,6588267,6668814,6562733,6660430,6601766,6516464,6624320,6600957,6531523,6568798,6525999,6547789,6426827
830,31,0,0,6725426,6699287,6577266,6623992,6554404,6602091,6602376,6574925,6655965,6549081,6647109,6589565,6503342,6611885,6587926,6518296,6555240,6513529,6534841,6413379
831,0,0,0,6738646,6712306,6590120,6636464,6567341,6615399,6614592,6588044,6668709,6562229,6660767,6602525,6516252,6625571,6600848,6531452,6568220,6526450,6548103,6426928
832,31,0,0,6727149,6700490,6578548,6624015,6555893,6603003,6603431,6576059,6656152,6550193,6648342,6590224,6503785,6613271,6588920,6519000,6555159,6514169,6535435,6414957
833,0,0,0,6739522,6712809,6591093,6636155,6568791,6615779,6615693,6588898,6668853,6562979,6661707,6602361,6516951,6624848,6602075,6532575,6568575,6526696,6548556,6427725
834,31,0,0,6726060,6699554,6577583,6622826,6556130,6602486,6603035,6575574,6656014,6549617,6647851,6588784,6503765,6612335,6587395,6518488,6554202,6513459,6534484,6413833
835,0,0,0,6739148,6711832,6590306,6635134,6568949,6615000,6615578,6588530,6669663,6562578,6661538,6601302,6516243,6625804,6600151,6532425,6568144,6526827,6547230,6427006
836,31,0,0,6726589,6699223,6578125,6623517,6556421,6602584,6603361,6576076,6656432,6550142,6647705,6589920,6503747,6612940,6587321,6519013,6554951,6513804,6534250,6413912
837,0,0,0,6738872,6711491,6589945,6636217,6568644,6615644,6615194,6588147,6668762,6562953,6660409,6602173,6515977,6625674,6600504,6531417,6567708,6526694,6547234,6426063
838,31,0,0,6726480,6699682,6577766,6623876,6557137,6603128,6602602,6576210,6656704,6550613,6647916,6590121,6503719,6613169,6588678,6518747,6555502,6513810,6534691,6413890
839,0,0,0,6739529,6712191,6590721,6637183,6569571,6615894,6615529,6588745,6669385,6563604,6661322,6601799,6516380,6626021,6600867,6532324,6569084,6526829,6548072,6426537
840,31,0,0,6727728,6699659,6578710,6624739,6557380,6603979,6603295,6576611,6657066,6550601,6648770,6589066,6504004,6613277,6589091,6519573,6556711,6514549,6535679,6414365
841,0,0,0,6739242,6710558,6589937,6636116,6568799,6616051,6614313,6588786,6668652,6561798,6660452,6600353,6515242,6624882,6600641,6531654,6568210,6526166,6547719,6425868
842,31,0,0,6726550,6698632,6578108,6623552,6556137,6603775,6602230,6576264,6655701,6550303,6647472,6589183,6502701,6612272,6587045,6518919,6554938,6513729,6534340,6413160
843,0,0,0,6739806,6711470,6590886,6637064,6569485,6617321,6615710,6589077,6669934,6563228,6661225,6602592,6516018,6625249,6600918,6533410,6569046,6527460,6548103,6427147
844,31,0,0,6727406,6698574,6578321,6623619,6556962,6604225,6602629,6576166,6656967,6550789,6647608,6589583,6503645,6613232,6587664,6520182,6556107,6514085,6534771,6414105
845,0,0,0,6739401,6711594,6590967,6636387,6569310,6616510,6615747,6589298,6670588,6563826,6661129,6602869,6516553,6625200,6600857,6532659,6568880,6527166,6548154,6427298
846,31,0,0,6726764,6698579,6578858,6623990,6557344,6603535,6603226,6576944,6657420,6550591,6648181,6589818,6504188,6612949,6587934,6520015,6555166,6514468,6535795,6414617
847,0,0,0,6738270,6710595,6590262,6635753,6568566,6615080,6615148,6589030,6669398,6562422,6660226,6601302,6515400,6624698,6600747,6531495,6568060,6526071,6547727,6427117
848,31,0,0,6726204,6698734,6578094,6623654,6556263,6603465,6603037,6576799,6656689,6550232,6647630,6589437,6503415,6611958,6588584,6518921,6556020,6514677,6535363,6414734
849,0,0,0,6739535,6711235,6590273,6636332,6569120,6616262,6615027,6589333,6669195,6562765,6660673,6601631,6515636,6624185,6600319,6531603,6568716,6526753,6547542,6426656
850,31,0,0,6727590,6698762,6578505,6623461,6556932,6604076,6602646,6576598,6656572,6550168,6647843,6589133,6503796,6611917,6588135,6519175,6556460,6514125,6535605,6413974
851,0,0,0,6738862,6710917,6589498,6634735,6568440,6616515,6613929,6588567,6668824,6562294,6660515,6601112,6516267,6624445,6600612,6532039,6568026,6526857,6547589,6426907
852,31,0,0,6726613,6698479,6577254,6622696,6556360,6602963,6601586,6576257,6656853,6550027,6648299,6588402,6503569,6611648,6587964,6519439,6554416,6514212,6534655,6413799
853,0,0,0,6739396,6711239,6590287,6635784,6569200,6616365,6614966,6588890,6670018,6563441,6661302,6602143,6516900,6624580,6600495,6532417,6567593,6527402,6548548,6427036
854,31,0,0,6726558,6698341,6577858,6623131,6556361,6602783,6601633,6576213,6656920,6549589,6647675,6588563,6503139,6611259,6587277,6518691,6553914,6513905,6534727,6413816
855,0,0,0,6738985,6711310,6590561,6635957,6568323,6615308,6614620,6588647,6669392,6562393,6660771,6601409,6515760,6624558,6600329,6531985,6568185,6527080,6547382,6426644
856,31,0,0,6725932,6699034,6578085,6623693,6556950,6602957,6601210,6575905,6656391,6549320,6647976,6588744,6503293,6611758,6587184,6518988,6554242,6514229,6534330,6413702
857,0,0,0,6738771,6711267,6590432,6636561,6569810,6616280,6614127,6588913,6669687,6562706,6662178,6602178,6516729,6624463,6601587,6532948,6568530,6528069,6548383,6426471
858,31,0,0,6726416,6699501,6578188,6623942,6557214,6603198,6602129,6576240,6657128,6550273,6649127,6589974,6503660,6611820,6588358,6519856,6555666,6514997,6535168,6414072
859,0,0,0,6739137,6712526,6590811,6636162,6569217,6616113,6614848,6589732,6670373,6563521,6661721,6602555,6516991,6624266,6601558,6533039,6568994,6528280,6548366,6427494
860,31,0,0,6726144,6699213,6577714,6622922,6555759,6603036,6601312,6575802,6656865,6549610,6647788,6589133,6503310,6611781,6588235,6519333,6555138,6514801,6534437,6414257
861,0,0,0,6739393,6712450,6591092,6635531,6569062,6616220,6614906,6589254,6670120,6562983,6661596,6602135,6516732,6624566,6601747,6532608,6568733,6527789,6548931,6427673
862,31,0,0,6726377,6699271,6578397,6622705,6557059,6602630,6602323,6576176,6656955,6549479,6648736,6589579,6504008,6611838,6588389,6519539,6556073,6514438,6535513,6415038
863,0,0,0,6738718,6711990,6590514,6635420,6569054,6615068,6614938,6588896,6669071,6561892,6662052,6602239,6516882,6624890,6601472,6532531,6569120,6527123,6549057,6427990
864,31,0,0,6725745,6698531,6577523,6623340,6556432,6602727,6602338,6576229,6656083,6548982,6648798,6589497,6503728,6611563,6588620,6519084,6555927,6513564,6536200,6414474
865,0,0,0,6739356,6711608,6590559,6636498,6569443,6616120,6615157,6589157,6669508,6562801,6662465,6602786,6517419,6624321,6601707,6532871,6569262,6527215,6550017,6427604
866,31,0,0,6725325,6697485,6577431,6622412,6556032,6602735,6601350,6574725,6655677,6547608,6648040,6588505,6503626,6610514,6587615,6518602,6554460,6512995,6535307,6413872
867,0,0,0,6738502,6710389,6589925,6634281,6568555,6616051,6614265,6588041,6669317,6561190,6661774,6602171,6515905,6623841,6599729,6532286,6567837,6527046,6548360,6427361
868,31,0,0,6726560,6698115,6577720,6622307,6556175,6603213,6601962,6575409,6656543,6548574,6648474,6589252,6503335,6611642,6587221,6519496,6555579,6513777,6535838,6414067
869,0,0,0,6739141,6711031,6590350,6635540,6568741,6616209,6615226,6588315,6669702,6561374,6661750,6602186,6516909,6623926,6599985,6532899,6568491,6526892,6549396,6427438
870,31,0,0,6726175,6698765,6578145,6622829,6556515,6604302,6602753,6576036,6656833,6549428,6648738,6589357,6504364,6611403,6587969,6519040,6555701,6514326,6535890,6414403
871,0,0,0,6738633,6711594,6589854,6634962,6568562,6616715,6614760,6588314,6669435,6562682,6661973,6601655,6516681,6624562,6600642,6532836,6568900,6527087,6548037,6426776
872,31,0,0,6726818,6698025,6577350,6622135,6556027,6603402,6602448,6576019,6656748,6549460,6647948,6589633,6503770,6611778,6587442,6519513,6556148,6514705,6535300,6414638
873,0,0,0,6739148,6710159,6589817,6634383,6567651,6615555,6614113,6587761,6668777,6561804,6659963,6601491,6516246,6623905,6599649,6531816,6568618,6527007,6547896,6426377
874,31,0,0,6726388,6698105,6576524,6621965,6555472,6602706,6601399,6575952,6656189,6549603,6647133,6588774,6503041,6611572,6586772,6518508,6555062,6513740,6534731,6413287
875,0,0,0,6739123,6710609,6589274,6634051,6567177,6614873,6613353,6588160,6668888,6561427,6659993,6600924,6515002,6624222,6599624,6531063,6567763,6525686,6547222,6426000
876,31,0,0,6727278,6699344,6577872,6622780,6556833,6603686,6602560,6576550,6657308,6549571,6648267,6589050,6504173,6612479,6587366,6518749,6555922,6514413,6535577,6413884
877,0,0,0,6740200,6712053,6590552,6635751,6568737,6615608,6614875,6588752,6670024,6562247,6661571,6602542,6516938,6625027,6600806,6532210,6568472,6527746,6549190,6427584
878,31,0,0,6726827,6699482,6578140,6622918,6556046,6603367,6602313,6575851,6656928,6549404,6648264,6589167,6504039,6611759,6587737,6519431,6554944,6514161,6535140,6414374
879,0,0,0,6739971,6712230,6590072,6635776,6568794,6616624,6615273,6588440,6670387,6562640,6661548,6602356,6516919,6624226,6601434,6532759,6568580,6527529,6547909,6427876
880,31,0,0,6727274,6699692,6578423,6623015,6556563,6603920,6602240,6576260,6657273,6549317,6648001,6589298,6504060,6611039,6587659,6519774,6555363,6514180,6535183,6414960
881,0,0,0,6739031,6712167,6589985,6634927,6568485,6615247,6614401,6588568,6669553,6562158,6660574,6601654,6515718,6623395,6600085,6531995,6567973,6526497,6547709,6426767
882,31,0,0,6728348,6700791,6579060,6623421,6557759,6604463,6602976,6576818,6657939,6550504,6648496,6590104,6504125,6612043,6588158,6519865,6555430,6514818,6535392,6414379
883,0,0,0,6739553,6712551,6590523,6634954,6569101,6615804,6614599,6588251,6669300,6562554,6661234,6601775,6516390,6623426,6600608,6531784,6568298,6526915,6546981,6425945
884,31,0,0,6727157,6700646,6578238,6623922,6557224,6603684,6602855,6576639,6657450,6550425,6648829,6589768,6504492,6611421,6588600,6519783,6556024,6514853,6535206,6414529
885,0,0,0,6738478,6711845,6589435,6635179,6568246,6615094,6614194,6587985,6669130,6561884,6660749,6601275,6516151,6623088,6600199,6532125,6568241,6526664,6546934,6426260
886,31,0,0,6726929,6699397,6577909,6622838,6555549,6603335,6602758,6575458,6656553,6549779,6648144,6589013,6503755,6610333,6587550,6519694,6555513,6514216,6534817,6414190
887,0,0,0,6739373,6712185,6589729,6635310,6567716,6615665,6615030,6588304,6669289,6562522,6661406,6602070,6516614,6623801,6600455,6532742,6568770,6527263,6547693,6426865
888,31,0,0,6726890,6699615,6577502,6622424,6556127,6603185,6602706,6575744,6656678,6550098,6648988,6589020,6504070,6611327,6587436,6519236,6555754,6514543,6535121,6414248
889,0,0,0,6739288,6712374,6589891,6634979,6568144,6615631,6614841,6588572,6669537,6562423,6662059,6601481,6516470,6624189,6601000,6532752,6569020,6527015,6548348,6427078
890,31,0,0,6726652,6699763,6578174,6622999,6556131,6603197,6602536,6575418,6656909,6549749,6648830,6589205,6503770,6611740,6588544,6519805,6555369,6514614,6535219,6414587
891,0,0,0,6739980,6712928,6590844,6636004,6569499,6616163,6615452,6588214,6670266,6562939,6662628,6602992,6517262,6625266,6601898,6533149,6568756,6527905,6548692,6427408
892,31,0,0,6726840,6699789,6578036,6623618,6556834,6603399,6602874,6574625,6656674,6549896,6648868,6589833,6504567,6612009,6588949,6519175,6555845,6515027,6535287,6414087
893,0,0,0,6738479,6711529,6588906,6634994,6567095,6614794,6613994,6586465,6668978,6561374,6660825,6601653,6515100,6622867,6600543,6531474,6568073,6526913,6547119,6425001
894,31,0,0,6725193,6698323,6576563,6622309,6554569,6601924,6601649,6574031,6656202,6548505,6648106,6588574,6503027,6610597,6587124,6518266,6554947,6513752,6534608,6412142
895,0,0,0,6737437,6710683,6588341,6635247,6567178,6614590,6614240,6586882,6669136,6561960,6661272,6601310,6516140,6623981,6600757,6531514,6568507,6527086,6547663,6425281
896,31,0,0,6726299,6698163,6577569,6623957,6555383,6602764,6603035,6574619,6657401,6550539,6649025,6589584,6504614,6612537,6588795,6519866,6555918,6514791,6535425,6414073
897,0,0,0,6738316,6710538,6589026,6635820,6567845,6614319,6613725,6587742,6669949,6562674,6661920,6602027,6517357,6624742,6600877,6532625,6569246,6527256,6548473,6425954
898,31,0,0,6726624,6698652,6577641,6624171,6556471,6602604,6602815,6575849,6658270,6549963,6649348,6589312,6505133,6612200,6588755,6519697,6556950,6514922,6536087,6413847
899,0,0,0,6737583,6710592,6588820,6635498,6568146,6615018,6614601,6587585,6669988,6562388,6661119,6601360,6516576,6624010,6600250,6531902,6568621,6526739,6548537,6425522
900,31,0,0,6725354,6698455,6577073,6623296,6555916,6602362,6601824,6575131,6656513,6549121,6647467,6588749,6504533,6610828,6587485,6519370,6556062,6514293,6534935,6413492
901,0,0,0,6738336,6710986,6588612,6636266,6568667,6614336,6614551,6587649,6668895,6561875,6660853,6601606,6517289,6624081,6600607,6532895,6569255,6526988,6548427,6425552
902,31,0,0,6725741,6698014,6576195,6623170,6555407,6601741,6602319,6574890,6656116,6549052,6647501,6588424,6504378,6610700,6586736,6519879,6556090,6513615,6534850,6412828
903,0,0,0,6738177,6710698,6589104,6635286,6568404,6614365,6615195,6587689,6669404,6562201,6661013,6601873,6517462,6624499,6599737,6532704,6569161,6526844,6547866,6425793
904,31,0,0,6725768,6698272,6576493,6622447,6555145,6601000,6601428,6574802,6656261,6549137,6647275,6588299,6504010,6611269,6586742,6519396,6555744,6513518,6534258,6412860
905,0,0,0,6739405,6711914,6589891,6636734,6568323,6615045,6615365,6588876,6670613,6563339,6662012,6602887,6517324,6625051,6600689,6533643,6569597,6528252,6548651,6426612
906,31,0,0,6726175,6698036,6576799,6623390,6555393,6602155,6601227,6575626,6656891,6549343,6648374,6589068,6503830,6611913,6587633,6519432,6556082,6514155,6534915,6413017
907,0,0,0,6738000,6710224,6589196,6635149,6568565,6614437,6614412,6588002,6669473,6562005,6661221,6602035,6516329,6624938,6600103,6532601,6569361,6527144,6547840,6426125
908,31,0,0,6725380,6697625,6576539,6622592,6555996,6601776,6601909,6576000,6656630,6548922,6647895,6589350,6503993,6612196,6587153,6519553,6555871,6514612,6534976,6413909
909,0,0,0,6737672,6709170,6588852,6634976,6568395,6614382,6614179,6588864,6669620,6562144,6660967,6602056,6516458,6624760,6600551,6531993,6568645,6526716,6547946,6426051
910,31,0,0,6725759,6697444,6576967,6621724,6555490,6601862,6601653,6576407,6656503,6549076,6648568,6589416,6504114,6612143,6587757,6519000,6555633,6513696,6535164,6413527
911,0,0,0,6738438,6710533,6589323,6635054,6568822,6614949,6614321,6588932,6668778,6562279,6661722,6601967,6516271,6625244,6600050,6532138,6568060,6527176,6547861,6426191
912,31,0,0,6725492,6697050,6576428,6622406,6555882,6601990,6601140,6575961,6655484,6549006,6648221,6588668,6503724,6611375,6586385,6518591,6554507,6513891,6534072,6413256
913,0,0,0,6737929,6710278,6588695,6635041,6568298,6614558,6613830,6588407,6668810,6562065,6660693,6601522,6516039,6623650,6599916,6531554,6568301,6526793,6547288,6426389
914,31,0,0,6726110,6699306,6576656,6623117,6556087,6602859,6601565,6575857,6656368,6549331,6648392,6589209,6503516,6611660,6587488,6518608,6555610,6514431,6534618,6413637
915,0,0,0,6738324,6710876,6588827,6635610,6567877,6615582,6614271,6588100,6669326,6561423,6661076,6601922,6516655,6624782,6600731,6531848,6568232,6527541,6547154,6426299
916,31,0,0,6726116,6698692,6577422,6623162,6556519,6603477,6602183,6576226,6656709,6549773,6649002,6589580,6505204,6612714,6587940,6519568,6556207,6515497,6535154,6413283
917,0,0,0,6737597,6710891,6588761,6634736,6568235,6614818,6613875,6588445,6668965,6562125,6661172,6601864,6516837,6624713,6600442,6532060,6568235,6527426,6546777,6425860
918,31,0,0,6725549,6698976,6577024,6622467,6555549,6602770,6602197,6576294,6657001,6549739,6648697,6589653,6504079,6612332,6588491,6519323,6555479,6514993,6534062,6412947
919,0,0,0,6737246,6710363,6588363,6634635,6567212,6615072,6613894,6588277,6669124,6561979,6660903,6601431,6515698,6624168,6600679,6531883,6567461,6526970,6547146,6425815
920,31,0,0,6725704,6698446,6576517,6623353,6554589,6602937,6602150,6575758,6656542,6549311,6648181,6589694,6503707,6612808,6588599,6518965,6555330,6514278,6534920,6414163
921,0,0,0,6737561,6710347,6588272,6634240,6565969,6614081,6613880,6587191,6667994,6560866,6660705,6601512,6515659,6624328,6599868,6530730,6567474,6526150,6546643,6425632
922,31,0,0,6725839,6698853,6577079,6622476,6554858,6603481,6602455,6575797,6656849,6549528,6648317,6589934,6504205,6611735,6587863,6518759,6555494,6514763,6534739,6414212
923,0,0,0,6737430,6711218,6588589,6634153,6566930,6615152,6614909,6587975,6668516,6561618,6661041,6602126,6516489,6623542,6600705,6531584,6567195,6526748,6546662,6425869
924,31,0,0,6724859,6698400,6576276,6621703,6554210,6602199,6601931,6575362,6654891,6548617,6647494,6589160,6503152,6611120,6587091,6517884,6553629,6513596,6533741,6412645
925,0,0,0,6737025,6711161,6589045,6634663,6567025,6614945,6614698,6588231,6668107,6561873,6661114,6602139,6515857,6624648,6599894,6531232,6567404,6526854,6545880,6425750
926,31,0,0,6725977,6699675,6576596,6622688,6555047,6602508,6602370,6575296,6656200,6549279,6647915,6589176,6503727,6612048,6587687,6518813,6554843,6514349,6533802,6412121
927,0,0,0,6737500,6711385,6587628,6635168,6566871,6614816,6613806,6587727,6668501,6561471,6660717,6600948,6515669,6624276,6600081,6531626,6567422,6526148,6545907,6424794
928,31,0,0,6725011,6698041,6575549,6622593,6554294,6601848,6601348,6574756,6655803,6548692,6647478,6588452,6503374,6611775,6586765,6518373,6554234,6512984,6533190,6412096
929,0,0,0,6737499,6710866,6588787,6635329,6567483,6614589,6614948,6587424,6669023,6561930,6661526,6601537,6516258,6624574,6599293,6531634,6568198,6526904,6546704,6424886
930,31,0,0,6725733,6699208,6577234,6622669,6555811,6602727,6602686,6575433,6656745,6549129,6648694,6588999,6503907,6612805,6586915,6519063,6554759,6513860,6534436,6413438
931,0,0,0,6738321,6711425,6589152,6634889,6568263,6615873,6615135,6588159,6669818,6561080,6661603,6601965,6516183,6624878,6599682,6532279,6567871,6527443,6547971,6425924
932,31,0,0,6725836,6698643,6576938,6622715,6555231,6603101,6602210,6575168,6656606,6547568,6647701,6588839,6503724,6611677,6586346,6518922,6554954,6513852,6533911,6412825
933,0,0,0,6737915,6710729,6588820,6634281,6567389,6614814,6614150,6587240,6669012,6560444,6660702,6601435,6515792,6624379,6599989,6531527,6568038,6526789,6546566,6424817
934,31,0,0,6727110,6699859,6577987,6623550,6557049,6604037,6603286,6575958,6657619,6549822,6648978,6590478,6505271,6613024,6587858,6520091,6556551,6515455,6535255,6414663
935,0,0,0,6739519,6711851,6589658,6635334,6568623,6615542,6615907,6587823,6669805,6561165,6661380,6601904,6516181,6625002,6600023,6532151,6568991,6527363,6547604,6426549
936,31,0,0,6726018,6699120,6576940,6622994,6556216,6603207,6602281,6575736,6657104,6548822,6648412,6589124,6503553,6612101,6587324,6518988,6556030,6514718,6534623,6413287
937,0,0,0,6738880,6711211,6589176,6635406,6568564,6615834,6614974,6588361,6669345,6561185,6661194,6601976,6515871,6625106,6600228,6532198,6568887,6526777,6547547,6426296
938,31,0,0,6726390,6698990,6577364,6623209,6556995,6603232,6603043,6576270,6657564,6549096,6648566,6589294,6503639,6612286,6588146,6519251,6556443,6514574,6535061,6414118
939,0,0,0,6737947,6711022,6588811,6635131,6568480,6615454,6614530,6588231,6669386,6560284,6661287,6601172,6515912,6624614,6600176,6531577,6568916,6526938,6547460,6426205
940,31,0,0,6725336,6698132,6575845,6622728,6555484,6602860,6601806,6575288,6656322,6547245,6647743,6588121,6503372,6612521,6586528,6518350,6555472,6513340,6533942,6412815
941,0,0,0,6738249,6711624,6588485,6635388,6568035,6615894,6614636,6588388,6668945,6560814,6661203,6600905,6515420,6624786,6599135,6531561,6568767,6526838,6547299,6426353
942,31,0,0,6725413,6698965,6576204,6622858,6555950,6603143,6602104,6575678,6655792,6547666,6647741,6588044,6503005,6611326,6586218,6518090,6555807,6513975,6533410,6413500
943,0,0,0,6737910,6710982,6588138,6634312,6568422,6615538,6614032,6587680,6668762,6559934,6661180,6600841,6515779,6623324,6599190,6531470,6568712,6526331,6546365,6426011
944,31,0,0,6725527,6698692,6575168,6621478,6555924,6602666,6601301,6574954,6655439,6547822,6647741,6587936,6502263,6611649,6586445,6518117,6555483,6513176,6533063,6413223
945,0,0,0,6737838,6710563,6588165,6633888,6567863,6615182,6613804,6587329,6667090,6560269,6660328,6599713,6514900,6623815,6600201,6530822,6568318,6525323,6545758,6425306
946,31,0,0,6726901,6700629,6577451,6622449,6557348,6603656,6602633,6576095,6656251,6549385,6648698,6588815,6504071,6611423,6588461,6519280,6556355,6514393,6534607,6414552
947,0,0,0,6738396,6711388,6588909,6634974,6568771,6615423,6613771,6588288,6668529,6561943,6661074,6601307,6515455,6624078,6600411,6531411,6568227,6526978,6547149,6426273
948,31,0,0,6726784,6699087,6576897,6622707,6556857,6603757,6601792,6576244,6656372,6549492,6648694,6589508,6503297,6612807,6587392,6519044,6555796,6514466,6534182,6414466
949,0,0,0,6738171,6711610,6588707,6635286,6568765,6615497,6613846,6587916,6668960,6561657,6661785,6602019,6515525,6625336,6600555,6531594,6568712,6527020,6546668,6427034
950,31,0,0,6726387,6699609,6576631,6623570,6556215,6602506,6601816,6575517,6656251,6549373,6649109,6589998,6503064,6613294,6588234,6518490,6555726,6514320,6534500,6413585
951,0,0,0,6738261,6711515,6589511,6635446,6568456,6615486,6614458,6587973,6668687,6562052,6661506,6602144,6515782,6624610,6601514,6531543,6568063,6526944,6547615,6425558
952,31,0,0,6726727,6699365,6577564,6623211,6556691,6604283,6602719,6576537,6657121,6549783,6649581,6590897,6504199,6613861,6589206,6519158,6556004,6515050,6535448,6413920
953,0,0,0,6739248,6712100,6589743,6636015,6569524,6617066,6616137,6589328,6669774,6562421,6661772,6603393,6517055,6626915,6602424,6532659,6569911,6528142,6548605,6426490
954,31,0,0,6725664,6699077,6576450,6622562,6555963,6603552,6602224,6575551,6656148,6548774,6647927,6589397,6502997,6612217,6588586,6518918,6555802,6513823,6534375,6413457
955,0,0,0,6737696,6711563,6589259,6634781,6567858,6615311,6613778,6587246,6668746,6561577,6659742,6601283,6515542,6624621,6600669,6532370,6568539,6526864,6547515,6425796
956,31,0,0,6725703,6699191,6577125,6622522,6556437,6603690,6602208,6574854,6655881,6549231,6647689,6589408,6502956,6611612,6587419,6519509,6555520,6514082,6534692,6413529
957,0,0,0,6739275,6711666,6589943,6634920,6568859,6616220,6614806,6587926,6669439,6561763,6660683,6602409,6516169,6624235,6600267,6532243,6568536,6526839,6547823,6426850
958,31,0,0,6726741,6699043,6577531,6622253,6555973,6603172,6601455,6575274,6655957,6547815,6647709,6589162,6503122,6611739,6587063,6519096,6554392,6513713,6534317,6413343
959,0,0,0,6739170,6711785,6589562,6635338,6568487,6616323,6614623,6588139,6668783,6560760,6660824,6601650,6516268,6624495,6599869,6532456,6568079,6527156,6547646,6426054
960,31,0,0,6726454,6699213,6576880,6622386,6556575,6604030,6602488,6575044,6656320,6548160,6647642,6589482,6503620,6611167,6587868,6519426,6555114,6513915,6534409,6412954
961,0,0,0,6738019,6711160,6588901,6634203,6567809,6615680,6613997,6587446,6668250,6560550,6659662,6601331,6515301,6623931,6599934,6532683,6567420,6525965,6546064,6425351
962,31,0,0,6725356,6698564,6576210,6622308,6555645,6602842,6601193,6574579,6655120,6547635,6647520,6589090,6503058,6611769,6586703,6519383,6554119,6512980,6533198,6412626
963,0,0,0,6737600,6711188,6588581,6634469,6567764,6615135,6613511,6586902,6667863,6560364,6659964,6601616,6514953,6624002,6599047,6532276,6567518,6526294,6546419,6425547
964,31,0,0,6725161,6699028,6576254,6622440,6554893,6603052,6601493,6575064,6655997,6547576,6647020,6589269,6502301,6612156,6587347,6519462,6554966,6513413,6533763,6412998
965,0,0,0,6735977,6710428,6587976,6633252,6566254,6614334,6612725,6586128,6667326,6559310,6659310,6600398,6514136,6624841,6598985,6530898,6567435,6525158,6545686,6424504
966,31,0,0,6724592,6698731,6576223,6621022,6554862,6602752,6601126,6574224,6654884,6546539,6646922,6588546,6502222,6612668,6586702,6519572,6554985,6513172,6533586,6412734
967,0,0,0,6736637,6710379,6587864,6633257,6567272,6614909,6613599,6586651,6667365,6559237,6659516,6601178,6514213,6623979,6599327,6532174,6567773,6525948,6546269,6425128
968,31,0,0,6724775,6697249,6576566,6621058,6554596,6602726,6601186,6573485,6655009,6548037,6647616,6589118,6502529,6611127,6586222,6518561,6555706,6513648,6534134,6413208
969,0,0,0,6737222,6710552,6588786,6633769,6567032,6614653,6613620,6586570,6667871,6560799,6660532,6601625,6514811,6624487,6599261,6531864,6567644,6526045,6546080,6425664
970,31,0,0,6724802,6698408,6576267,6622169,6555326,6602984,6601256,6573798,6654974,6547445,6647756,6589051,6502577,6611739,6586265,6518667,6553918,6512656,6533246,6413000
971,0,0,0,6737909,6711229,6588723,6634498,6567515,6615842,6614570,6587014,6668334,6559972,6660822,6601669,6515144,6625177,6599195,6532250,6567401,6526507,6546947,6426095
972,31,0,0,6725854,6699020,6577301,6622617,6556077,6604031,6601559,6575211,6656219,6547823,6648220,6589732,6503097,6613623,6587048,6519408,6555098,6514479,6534573,6414131
973,0,0,0,6738915,6711298,6589508,6634665,6568748,6616194,6614769,6587596,6669337,6560787,6661603,6602060,6515768,6626896,6599958,6532574,6568657,6527732,6547339,6426496
974,31,0,0,6725313,6698479,6576459,6621465,6556150,6603280,6601765,6574013,6656569,6547657,6647998,6588776,6502628,6613801,6586806,6518910,6554970,6514119,6534263,6413393
975,0,0,0,6737597,6710892,6589080,6634145,6567488,6615158,6613956,6586530,6668893,6560205,6661144,6601687,6514265,6626021,6599470,6531692,6567556,6526576,6546506,6425575
976,31,0,0,6725955,6699629,6577549,6622001,6555806,6602756,6601603,6574381,6656884,6548188,6648408,6588837,6502728,6613741,6587334,6519559,6554806,6514437,6534021,6413757
977,0,0,0,6738788,6711915,6590078,6634485,6568195,6616011,6614600,6586905,6669257,6561384,6661232,6600867,6515540,6626588,6600779,6532784,6568696,6527096,6546958,6426910
978,31,0,0,6726616,6699484,6577950,6622311,6556371,6603261,6602298,6575722,6656225,6547433,6648113,6588937,6502662,6614385,6587767,6519669,6555359,6514393,6533771,6413408
979,0,0,0,6738152,6711842,6589740,6634086,6567989,6615275,6614090,6587317,6669013,6560337,6660027,6601532,6514856,6626016,6599154,6531911,6567500,6526741,6546562,6424991
980,31,0,0,6726731,6700285,6578680,6622828,6556676,6604112,6602323,6575424,6656471,6548027,6648407,6589576,6503050,6613696,6587971,6519143,6555748,6514296,6534704,6413565
981,0,0,0,6738101,6711484,6589678,6634401,6568429,6615582,6614543,6587077,6668460,6560766,6660975,6601197,6515023,6625503,6598714,6531860,6567552,6526889,6546698,6425588
982,31,0,0,6725499,6700015,6577439,6622200,6555905,6602753,6601808,6574933,6655692,6548455,6647822,6588622,6502403,6612498,6587102,6519180,6554336,6513726,6533989,6413800
983,0,0,0,6737993,6712928,6589942,6634795,6568653,6615540,6614169,6587639,6669011,6561223,6661090,6601645,6515383,6625329,6600146,6532720,6568100,6526892,6546785,6426903
984,31,0,0,6725433,6699375,6577648,6622186,6555954,6603129,6601496,6575081,6655933,6548321,6647704,6588688,6501834,6613240,6586908,6519415,6555180,6514240,6533465,6413836
985,0,0,0,6738654,6711324,6589487,6634474,6568238,6615233,6614090,6587189,6668833,6560412,6660194,6600927,6514562,6625471,6599999,6532624,6568394,6526478,6546402,6426116
986,31,0,0,6726428,6698511,6577490,6622084,6556025,6602671,6600493,6574494,6655402,6546670,6646677,6588416,6502205,6612463,6586794,6518765,6555398,6513685,6532639,6413816
987,0,0,0,6739740,6711320,6589486,6634981,6568427,6615644,6613669,6587738,6668848,6560033,6660928,6601048,6515328,6625683,6599528,6533094,6569016,6526776,6546028,6426590
988,31,0,0,6728495,6699871,6578023,6622919,6556669,6604146,6602258,6575677,6657166,6548684,6649038,6589517,6504003,6613662,6588433,6520317,6556497,6514701,6535098,6414519
989,0,0,0,6739192,6711441,6589696,6635167,6568560,6615857,6614314,6587711,6669956,6560690,6661471,6601358,6516023,6625771,6600433,6533065,6569471,6526675,6547022,6427029
990,31,0,0,6726548,6698970,6577017,6622260,6556013,6603048,6601151,6575204,6656731,6547735,6648232,6588729,6503643,6613099,6587672,6519960,6556011,6513983,6533976,6414801
991,0,0,0,6739035,6711679,6589382,6634774,6568161,6615657,6613920,6587415,6668920,6560549,6661677,6601378,6515944,6625290,6600660,6533225,6568093,6527045,6546973,6427564
992,31,0,0,6726410,6699752,6577497,6621862,6555896,6603720,6601839,6574472,6655853,6547842,6648259,6588989,6503618,6612348,6587339,6520237,6555560,6514049,6534056,6414986
993,0,0,0,6738194,6711298,6588657,6633722,6567405,6614594,6613436,6586638,6667706,6560357,6660571,6601221,6515614,6624984,6599289,6531543,6567267,6525955,6546242,6426655
994,31,0,0,6726104,6699366,6577248,6622556,6555384,6602854,6601314,6575203,6655987,6548128,6647564,6589067,6503759,6613261,6586998,6518969,6554693,6513901,6533643,6414112
995,0,0,0,6737546,6711134,6589450,6634273,6567380,6614953,6613550,6587554,6668197,6560382,6660788,6601389,6515948,6625177,6599619,6532391,6567912,6525997,6545921,6426288
996,31,0,0,6725710,6698483,6576910,6622558,6555725,6603031,6601245,6575121,6655445,6548101,6647835,6588589,6503641,6613385,6587779,6519671,6555112,6513677,6533917,6413873
997,0,0,0,6738320,6711289,6589676,6635493,6568029,6616163,6614504,6587743,6668365,6560971,6660442,6601354,6517248,6625954,6601356,6532939,6567908,6526889,6547409,6426941
998,31,0,0,6725959,6698695,6577391,6622179,6555544,6602974,6601917,6574873,6655527,6547497,6646708,6588465,6503825,6612673,6587698,6519399,6554780,6513975,6533936,6413529
999,0,0,0,6738237,6711114,6589787,6634842,6568852,6615553,6614217,6587503,6668310,6560293,6660408,6601718,6516369,6625610,6600566,6532919,6568660,6526637,6547341,6426130
