Copyright 1986-2021 Xilinx, Inc. All Rights Reserved.
------------------------------------------------------------------------------------------------------------------------------------------------------------------
| Tool Version : Vivado v.2021.1 (lin64) Build 3247384 Thu Jun 10 19:36:07 MDT 2021
| Date         : Thu Jun 22 16:29:50 2023
| Host         : caslab-wkst2 running 64-bit Ubuntu 18.04.6 LTS
| Command      : report_drc -file /home/anthony/Documents/fpga-phantom-circuits/src/covert_transmitter/scripts/binaries/xc7k325tffg900/reports/post_route_drc.rpt
| Design       : covert_transmitter_top
| Device       : xc7k325tffg900-3
| Speed File   : -3
| Design State : Fully Routed
------------------------------------------------------------------------------------------------------------------------------------------------------------------

Report DRC

Table of Contents
-----------------
1. REPORT SUMMARY
2. REPORT DETAILS

1. REPORT SUMMARY
-----------------
            Netlist: covert_transmitter_top
          Floorplan: design_1
      Design limits: <entire design considered>
           Ruledeck: default
             Max violations: <unlimited>
             Violations found: 1002
+----------+----------+-----------------------------------------------------+------------+
| Rule     | Severity | Description                                         | Violations |
+----------+----------+-----------------------------------------------------+------------+
| CFGBVS-1 | Warning  | Missing CFGBVS and CONFIG_VOLTAGE Design Properties | 1          |
| LUTLP-2  | Warning  | Combinatorial Loop Allowed                          | 1000       |
| LUTLP-3  | Warning  | Combinatorial Loops exceed allowed limit            | 1          |
+----------+----------+-----------------------------------------------------+------------+

2. REPORT DETAILS
-----------------
CFGBVS-1#1 Warning
Missing CFGBVS and CONFIG_VOLTAGE Design Properties  
Neither the CFGBVS nor CONFIG_VOLTAGE voltage property is set in the current_design.  Configuration bank voltage select (CFGBVS) must be set to VCCO or GND, and CONFIG_VOLTAGE must be set to the correct configuration voltage, in order to determine the I/O voltage support for the pins in bank 0.  It is suggested to specify these either using the 'Edit Device Properties' function in the GUI or directly in the XDC file using the following syntax:

 set_property CFGBVS value1 [current_design]
 #where value1 is either VCCO or GND

 set_property CONFIG_VOLTAGE value2 [current_design]
 #where value2 is the voltage provided to configuration bank 0

Refer to the device configuration user guide for more information.
Related violations: <none>

LUTLP-2#1 Warning
Combinatorial Loop Allowed  
3 LUT cells form a combinatorial loop. This can create a race condition. Timing analysis may not be accurate. The preferred resolution is to modify the design to remove combinatorial logic loops. This loop has been identified in the constraints as being known and understood by use of the ALLOW_COMBINATORIAL_LOOPS property on a net in the loop. The cells in the loop are: heat_gen[0].heat_inst/ro_gen[0].ro/ro_0,
heat_gen[0].heat_inst/ro_gen[0].ro/ro_1
heat_gen[0].heat_inst/ro_gen[0].ro/ro_2.
Related violations: <none>

LUTLP-2#2 Warning
Combinatorial Loop Allowed  
3 LUT cells form a combinatorial loop. This can create a race condition. Timing analysis may not be accurate. The preferred resolution is to modify the design to remove combinatorial logic loops. This loop has been identified in the constraints as being known and understood by use of the ALLOW_COMBINATORIAL_LOOPS property on a net in the loop. The cells in the loop are: heat_gen[0].heat_inst/ro_gen[100].ro/ro_0,
heat_gen[0].heat_inst/ro_gen[100].ro/ro_1
heat_gen[0].heat_inst/ro_gen[100].ro/ro_2.
Related violations: <none>

LUTLP-2#3 Warning
Combinatorial Loop Allowed  
3 LUT cells form a combinatorial loop. This can create a race condition. Timing analysis may not be accurate. The preferred resolution is to modify the design to remove combinatorial logic loops. This loop has been identified in the constraints as being known and understood by use of the ALLOW_COMBINATORIAL_LOOPS property on a net in the loop. The cells in the loop are: heat_gen[0].heat_inst/ro_gen[101].ro/ro_0,
heat_gen[0].heat_inst/ro_gen[101].ro/ro_1
heat_gen[0].heat_inst/ro_gen[101].ro/ro_2.
Related violations: <none>

LUTLP-2#4 Warning
Combinatorial Loop Allowed  
3 LUT cells form a combinatorial loop. This can create a race condition. Timing analysis may not be accurate. The preferred resolution is to modify the design to remove combinatorial logic loops. This loop has been identified in the constraints as being known and understood by use of the ALLOW_COMBINATORIAL_LOOPS property on a net in the loop. The cells in the loop are: heat_gen[0].heat_inst/ro_gen[102].ro/ro_0,
heat_gen[0].heat_inst/ro_gen[102].ro/ro_1
heat_gen[0].heat_inst/ro_gen[102].ro/ro_2.
Related violations: <none>

LUTLP-2#5 Warning
Combinatorial Loop Allowed  
3 LUT cells form a combinatorial loop. This can create a race condition. Timing analysis may not be accurate. The preferred resolution is to modify the design to remove combinatorial logic loops. This loop has been identified in the constraints as being known and understood by use of the ALLOW_COMBINATORIAL_LOOPS property on a net in the loop. The cells in the loop are: heat_gen[0].heat_inst/ro_gen[103].ro/ro_0,
heat_gen[0].heat_inst/ro_gen[103].ro/ro_1
heat_gen[0].heat_inst/ro_gen[103].ro/ro_2.
Related violations: <none>

LUTLP-2#6 Warning
Combinatorial Loop Allowed  
3 LUT cells form a combinatorial loop. This can create a race condition. Timing analysis may not be accurate. The preferred resolution is to modify the design to remove combinatorial logic loops. This loop has been identified in the constraints as being known and understood by use of the ALLOW_COMBINATORIAL_LOOPS property on a net in the loop. The cells in the loop are: heat_gen[0].heat_inst/ro_gen[104].ro/ro_0,
heat_gen[0].heat_inst/ro_gen[104].ro/ro_1
heat_gen[0].heat_inst/ro_gen[104].ro/ro_2.
Related violations: <none>

LUTLP-2#7 Warning
Combinatorial Loop Allowed  
3 LUT cells form a combinatorial loop. This can create a race condition. Timing analysis may not be accurate. The preferred resolution is to modify the design to remove combinatorial logic loops. This loop has been identified in the constraints as being known and understood by use of the ALLOW_COMBINATORIAL_LOOPS property on a net in the loop. The cells in the loop are: heat_gen[0].heat_inst/ro_gen[105].ro/ro_0,
heat_gen[0].heat_inst/ro_gen[105].ro/ro_1
heat_gen[0].heat_inst/ro_gen[105].ro/ro_2.
Related violations: <none>

LUTLP-2#8 Warning
Combinatorial Loop Allowed  
3 LUT cells form a combinatorial loop. This can create a race condition. Timing analysis may not be accurate. The preferred resolution is to modify the design to remove combinatorial logic loops. This loop has been identified in the constraints as being known and understood by use of the ALLOW_COMBINATORIAL_LOOPS property on a net in the loop. The cells in the loop are: heat_gen[0].heat_inst/ro_gen[106].ro/ro_0,
heat_gen[0].heat_inst/ro_gen[106].ro/ro_1
heat_gen[0].heat_inst/ro_gen[106].ro/ro_2.
Related violations: <none>

LUTLP-2#9 Warning
Combinatorial Loop Allowed  
3 LUT cells form a combinatorial loop. This can create a race condition. Timing analysis may not be accurate. The preferred resolution is to modify the design to remove combinatorial logic loops. This loop has been identified in the constraints as being known and understood by use of the ALLOW_COMBINATORIAL_LOOPS property on a net in the loop. The cells in the loop are: heat_gen[0].heat_inst/ro_gen[107].ro/ro_0,
heat_gen[0].heat_inst/ro_gen[107].ro/ro_1
heat_gen[0].heat_inst/ro_gen[107].ro/ro_2.
Related violations: <none>

LUTLP-2#10 Warning
Combinatorial Loop Allowed  
3 LUT cells form a combinatorial loop. This can create a race condition. Timing analysis may not be accurate. The preferred resolution is to modify the design to remove combinatorial logic loops. This loop has been identified in the constraints as being known and understood by use of the ALLOW_COMBINATORIAL_LOOPS property on a net in the loop. The cells in the loop are: heat_gen[0].heat_inst/ro_gen[108].ro/ro_0,
heat_gen[0].heat_inst/ro_gen[108].ro/ro_1
heat_gen[0].heat_inst/ro_gen[108].ro/ro_2.
Related violations: <none>

LUTLP-2#11 Warning
Combinatorial Loop Allowed  
3 LUT cells form a combinatorial loop. This can create a race condition. Timing analysis may not be accurate. The preferred resolution is to modify the design to remove combinatorial logic loops. This loop has been identified in the constraints as being known and understood by use of the ALLOW_COMBINATORIAL_LOOPS property on a net in the loop. The cells in the loop are: heat_gen[0].heat_inst/ro_gen[109].ro/ro_0,
heat_gen[0].heat_inst/ro_gen[109].ro/ro_1
heat_gen[0].heat_inst/ro_gen[109].ro/ro_2.
Related violations: <none>

LUTLP-2#12 Warning
Combinatorial Loop Allowed  
3 LUT cells form a combinatorial loop. This can create a race condition. Timing analysis may not be accurate. The preferred resolution is to modify the design to remove combinatorial logic loops. This loop has been identified in the constraints as being known and understood by use of the ALLOW_COMBINATORIAL_LOOPS property on a net in the loop. The cells in the loop are: heat_gen[0].heat_inst/ro_gen[10].ro/ro_0,
heat_gen[0].heat_inst/ro_gen[10].ro/ro_1
heat_gen[0].heat_inst/ro_gen[10].ro/ro_2.
Related violations: <none>

LUTLP-2#13 Warning
Combinatorial Loop Allowed  
3 LUT cells form a combinatorial loop. This can create a race condition. Timing analysis may not be accurate. The preferred resolution is to modify the design to remove combinatorial logic loops. This loop has been identified in the constraints as being known and understood by use of the ALLOW_COMBINATORIAL_LOOPS property on a net in the loop. The cells in the loop are: heat_gen[0].heat_inst/ro_gen[110].ro/ro_0,
heat_gen[0].heat_inst/ro_gen[110].ro/ro_1
heat_gen[0].heat_inst/ro_gen[110].ro/ro_2.
Related violations: <none>

LUTLP-2#14 Warning
Combinatorial Loop Allowed  
3 LUT cells form a combinatorial loop. This can create a race condition. Timing analysis may not be accurate. The preferred resolution is to modify the design to remove combinatorial logic loops. This loop has been identified in the constraints as being known and understood by use of the ALLOW_COMBINATORIAL_LOOPS property on a net in the loop. The cells in the loop are: heat_gen[0].heat_inst/ro_gen[111].ro/ro_0,
heat_gen[0].heat_inst/ro_gen[111].ro/ro_1
heat_gen[0].heat_inst/ro_gen[111].ro/ro_2.
Related violations: <none>

LUTLP-2#15 Warning
Combinatorial Loop Allowed  
3 LUT cells form a combinatorial loop. This can create a race condition. Timing analysis may not be accurate. The preferred resolution is to modify the design to remove combinatorial logic loops. This loop has been identified in the constraints as being known and understood by use of the ALLOW_COMBINATORIAL_LOOPS property on a net in the loop. The cells in the loop are: heat_gen[0].heat_inst/ro_gen[112].ro/ro_0,
heat_gen[0].heat_inst/ro_gen[112].ro/ro_1
heat_gen[0].heat_inst/ro_gen[112].ro/ro_2.
Related violations: <none>

LUTLP-2#16 Warning
Combinatorial Loop Allowed  
3 LUT cells form a combinatorial loop. This can create a race condition. Timing analysis may not be accurate. The preferred resolution is to modify the design to remove combinatorial logic loops. This loop has been identified in the constraints as being known and understood by use of the ALLOW_COMBINATORIAL_LOOPS property on a net in the loop. The cells in the loop are: heat_gen[0].heat_inst/ro_gen[113].ro/ro_0,
heat_gen[0].heat_inst/ro_gen[113].ro/ro_1
heat_gen[0].heat_inst/ro_gen[113].ro/ro_2.
Related violations: <none>

LUTLP-2#17 Warning
Combinatorial Loop Allowed  
3 LUT cells form a combinatorial loop. This can create a race condition. Timing analysis may not be accurate. The preferred resolution is to modify the design to remove combinatorial logic loops. This loop has been identified in the constraints as being known and understood by use of the ALLOW_COMBINATORIAL_LOOPS property on a net in the loop. The cells in the loop are: heat_gen[0].heat_inst/ro_gen[114].ro/ro_0,
heat_gen[0].heat_inst/ro_gen[114].ro/ro_1
heat_gen[0].heat_inst/ro_gen[114].ro/ro_2.
Related violations: <none>

LUTLP-2#18 Warning
Combinatorial Loop Allowed  
3 LUT cells form a combinatorial loop. This can create a race condition. Timing analysis may not be accurate. The preferred resolution is to modify the design to remove combinatorial logic loops. This loop has been identified in the constraints as being known and understood by use of the ALLOW_COMBINATORIAL_LOOPS property on a net in the loop. The cells in the loop are: heat_gen[0].heat_inst/ro_gen[115].ro/ro_0,
heat_gen[0].heat_inst/ro_gen[115].ro/ro_1
heat_gen[0].heat_inst/ro_gen[115].ro/ro_2.
Related violations: <none>

LUTLP-2#19 Warning
Combinatorial Loop Allowed  
3 LUT cells form a combinatorial loop. This can create a race condition. Timing analysis may not be accurate. The preferred resolution is to modify the design to remove combinatorial logic loops. This loop has been identified in the constraints as being known and understood by use of the ALLOW_COMBINATORIAL_LOOPS property on a net in the loop. The cells in the loop are: heat_gen[0].heat_inst/ro_gen[116].ro/ro_0,
heat_gen[0].heat_inst/ro_gen[116].ro/ro_1
heat_gen[0].heat_inst/ro_gen[116].ro/ro_2.
Related violations: <none>

LUTLP-2#20 Warning
Combinatorial Loop Allowed  
3 LUT cells form a combinatorial loop. This can create a race condition. Timing analysis may not be accurate. The preferred resolution is to modify the design to remove combinatorial logic loops. This loop has been identified in the constraints as being known and understood by use of the ALLOW_COMBINATORIAL_LOOPS property on a net in the loop. The cells in the loop are: heat_gen[0].heat_inst/ro_gen[117].ro/ro_0,
heat_gen[0].heat_inst/ro_gen[117].ro/ro_1
heat_gen[0].heat_inst/ro_gen[117].ro/ro_2.
Related violations: <none>

LUTLP-2#21 Warning
Combinatorial Loop Allowed  
3 LUT cells form a combinatorial loop. This can create a race condition. Timing analysis may not be accurate. The preferred resolution is to modify the design to remove combinatorial logic loops. This loop has been identified in the constraints as being known and understood by use of the ALLOW_COMBINATORIAL_LOOPS property on a net in the loop. The cells in the loop are: heat_gen[0].heat_inst/ro_gen[118].ro/ro_0,
heat_gen[0].heat_inst/ro_gen[118].ro/ro_1
heat_gen[0].heat_inst/ro_gen[118].ro/ro_2.
Related violations: <none>

LUTLP-2#22 Warning
Combinatorial Loop Allowed  
3 LUT cells form a combinatorial loop. This can create a race condition. Timing analysis may not be accurate. The preferred resolution is to modify the design to remove combinatorial logic loops. This loop has been identified in the constraints as being known and understood by use of the ALLOW_COMBINATORIAL_LOOPS property on a net in the loop. The cells in the loop are: heat_gen[0].heat_inst/ro_gen[119].ro/ro_0,
heat_gen[0].heat_inst/ro_gen[119].ro/ro_1
heat_gen[0].heat_inst/ro_gen[119].ro/ro_2.
Related violations: <none>

LUTLP-2#23 Warning
Combinatorial Loop Allowed  
3 LUT cells form a combinatorial loop. This can create a race condition. Timing analysis may not be accurate. The preferred resolution is to modify the design to remove combinatorial logic loops. This loop has been identified in the constraints as being known and understood by use of the ALLOW_COMBINATORIAL_LOOPS property on a net in the loop. The cells in the loop are: heat_gen[0].heat_inst/ro_gen[11].ro/ro_0,
heat_gen[0].heat_inst/ro_gen[11].ro/ro_1
heat_gen[0].heat_inst/ro_gen[11].ro/ro_2.
Related violations: <none>

LUTLP-2#24 Warning
Combinatorial Loop Allowed  
3 LUT cells form a combinatorial loop. This can create a race condition. Timing analysis may not be accurate. The preferred resolution is to modify the design to remove combinatorial logic loops. This loop has been identified in the constraints as being known and understood by use of the ALLOW_COMBINATORIAL_LOOPS property on a net in the loop. The cells in the loop are: heat_gen[0].heat_inst/ro_gen[120].ro/ro_0,
heat_gen[0].heat_inst/ro_gen[120].ro/ro_1
heat_gen[0].heat_inst/ro_gen[120].ro/ro_2.
Related violations: <none>

LUTLP-2#25 Warning
Combinatorial Loop Allowed  
3 LUT cells form a combinatorial loop. This can create a race condition. Timing analysis may not be accurate. The preferred resolution is to modify the design to remove combinatorial logic loops. This loop has been identified in the constraints as being known and understood by use of the ALLOW_COMBINATORIAL_LOOPS property on a net in the loop. The cells in the loop are: heat_gen[0].heat_inst/ro_gen[121].ro/ro_0,
heat_gen[0].heat_inst/ro_gen[121].ro/ro_1
heat_gen[0].heat_inst/ro_gen[121].ro/ro_2.
Related violations: <none>

LUTLP-2#26 Warning
Combinatorial Loop Allowed  
3 LUT cells form a combinatorial loop. This can create a race condition. Timing analysis may not be accurate. The preferred resolution is to modify the design to remove combinatorial logic loops. This loop has been identified in the constraints as being known and understood by use of the ALLOW_COMBINATORIAL_LOOPS property on a net in the loop. The cells in the loop are: heat_gen[0].heat_inst/ro_gen[122].ro/ro_0,
heat_gen[0].heat_inst/ro_gen[122].ro/ro_1
heat_gen[0].heat_inst/ro_gen[122].ro/ro_2.
Related violations: <none>

LUTLP-2#27 Warning
Combinatorial Loop Allowed  
3 LUT cells form a combinatorial loop. This can create a race condition. Timing analysis may not be accurate. The preferred resolution is to modify the design to remove combinatorial logic loops. This loop has been identified in the constraints as being known and understood by use of the ALLOW_COMBINATORIAL_LOOPS property on a net in the loop. The cells in the loop are: heat_gen[0].heat_inst/ro_gen[123].ro/ro_0,
heat_gen[0].heat_inst/ro_gen[123].ro/ro_1
heat_gen[0].heat_inst/ro_gen[123].ro/ro_2.
Related violations: <none>

LUTLP-2#28 Warning
Combinatorial Loop Allowed  
3 LUT cells form a combinatorial loop. This can create a race condition. Timing analysis may not be accurate. The preferred resolution is to modify the design to remove combinatorial logic loops. This loop has been identified in the constraints as being known and understood by use of the ALLOW_COMBINATORIAL_LOOPS property on a net in the loop. The cells in the loop are: heat_gen[0].heat_inst/ro_gen[124].ro/ro_0,
heat_gen[0].heat_inst/ro_gen[124].ro/ro_1
heat_gen[0].heat_inst/ro_gen[124].ro/ro_2.
Related violations: <none>

LUTLP-2#29 Warning
Combinatorial Loop Allowed  
3 LUT cells form a combinatorial loop. This can create a race condition. Timing analysis may not be accurate. The preferred resolution is to modify the design to remove combinatorial logic loops. This loop has been identified in the constraints as being known and understood by use of the ALLOW_COMBINATORIAL_LOOPS property on a net in the loop. The cells in the loop are: heat_gen[0].heat_inst/ro_gen[125].ro/ro_0,
heat_gen[0].heat_inst/ro_gen[125].ro/ro_1
heat_gen[0].heat_inst/ro_gen[125].ro/ro_2.
Related violations: <none>

LUTLP-2#30 Warning
Combinatorial Loop Allowed  
3 LUT cells form a combinatorial loop. This can create a race condition. Timing analysis may not be accurate. The preferred resolution is to modify the design to remove combinatorial logic loops. This loop has been identified in the constraints as being known and understood by use of the ALLOW_COMBINATORIAL_LOOPS property on a net in the loop. The cells in the loop are: heat_gen[0].heat_inst/ro_gen[126].ro/ro_0,
heat_gen[0].heat_inst/ro_gen[126].ro/ro_1
heat_gen[0].heat_inst/ro_gen[126].ro/ro_2.
Related violations: <none>

LUTLP-2#31 Warning
Combinatorial Loop Allowed  
3 LUT cells form a combinatorial loop. This can create a race condition. Timing analysis may not be accurate. The preferred resolution is to modify the design to remove combinatorial logic loops. This loop has been identified in the constraints as being known and understood by use of the ALLOW_COMBINATORIAL_LOOPS property on a net in the loop. The cells in the loop are: heat_gen[0].heat_inst/ro_gen[127].ro/ro_0,
heat_gen[0].heat_inst/ro_gen[127].ro/ro_1
heat_gen[0].heat_inst/ro_gen[127].ro/ro_2.
Related violations: <none>

LUTLP-2#32 Warning
Combinatorial Loop Allowed  
3 LUT cells form a combinatorial loop. This can create a race condition. Timing analysis may not be accurate. The preferred resolution is to modify the design to remove combinatorial logic loops. This loop has been identified in the constraints as being known and understood by use of the ALLOW_COMBINATORIAL_LOOPS property on a net in the loop. The cells in the loop are: heat_gen[0].heat_inst/ro_gen[128].ro/ro_0,
heat_gen[0].heat_inst/ro_gen[128].ro/ro_1
heat_gen[0].heat_inst/ro_gen[128].ro/ro_2.
Related violations: <none>

LUTLP-2#33 Warning
Combinatorial Loop Allowed  
3 LUT cells form a combinatorial loop. This can create a race condition. Timing analysis may not be accurate. The preferred resolution is to modify the design to remove combinatorial logic loops. This loop has been identified in the constraints as being known and understood by use of the ALLOW_COMBINATORIAL_LOOPS property on a net in the loop. The cells in the loop are: heat_gen[0].heat_inst/ro_gen[129].ro/ro_0,
heat_gen[0].heat_inst/ro_gen[129].ro/ro_1
heat_gen[0].heat_inst/ro_gen[129].ro/ro_2.
Related violations: <none>

LUTLP-2#34 Warning
Combinatorial Loop Allowed  
3 LUT cells form a combinatorial loop. This can create a race condition. Timing analysis may not be accurate. The preferred resolution is to modify the design to remove combinatorial logic loops. This loop has been identified in the constraints as being known and understood by use of the ALLOW_COMBINATORIAL_LOOPS property on a net in the loop. The cells in the loop are: heat_gen[0].heat_inst/ro_gen[12].ro/ro_0,
heat_gen[0].heat_inst/ro_gen[12].ro/ro_1
heat_gen[0].heat_inst/ro_gen[12].ro/ro_2.
Related violations: <none>

LUTLP-2#35 Warning
Combinatorial Loop Allowed  
3 LUT cells form a combinatorial loop. This can create a race condition. Timing analysis may not be accurate. The preferred resolution is to modify the design to remove combinatorial logic loops. This loop has been identified in the constraints as being known and understood by use of the ALLOW_COMBINATORIAL_LOOPS property on a net in the loop. The cells in the loop are: heat_gen[0].heat_inst/ro_gen[130].ro/ro_0,
heat_gen[0].heat_inst/ro_gen[130].ro/ro_1
heat_gen[0].heat_inst/ro_gen[130].ro/ro_2.
Related violations: <none>

LUTLP-2#36 Warning
Combinatorial Loop Allowed  
3 LUT cells form a combinatorial loop. This can create a race condition. Timing analysis may not be accurate. The preferred resolution is to modify the design to remove combinatorial logic loops. This loop has been identified in the constraints as being known and understood by use of the ALLOW_COMBINATORIAL_LOOPS property on a net in the loop. The cells in the loop are: heat_gen[0].heat_inst/ro_gen[131].ro/ro_0,
heat_gen[0].heat_inst/ro_gen[131].ro/ro_1
heat_gen[0].heat_inst/ro_gen[131].ro/ro_2.
Related violations: <none>

LUTLP-2#37 Warning
Combinatorial Loop Allowed  
3 LUT cells form a combinatorial loop. This can create a race condition. Timing analysis may not be accurate. The preferred resolution is to modify the design to remove combinatorial logic loops. This loop has been identified in the constraints as being known and understood by use of the ALLOW_COMBINATORIAL_LOOPS property on a net in the loop. The cells in the loop are: heat_gen[0].heat_inst/ro_gen[132].ro/ro_0,
heat_gen[0].heat_inst/ro_gen[132].ro/ro_1
heat_gen[0].heat_inst/ro_gen[132].ro/ro_2.
Related violations: <none>

LUTLP-2#38 Warning
Combinatorial Loop Allowed  
3 LUT cells form a combinatorial loop. This can create a race condition. Timing analysis may not be accurate. The preferred resolution is to modify the design to remove combinatorial logic loops. This loop has been identified in the constraints as being known and understood by use of the ALLOW_COMBINATORIAL_LOOPS property on a net in the loop. The cells in the loop are: heat_gen[0].heat_inst/ro_gen[133].ro/ro_0,
heat_gen[0].heat_inst/ro_gen[133].ro/ro_1
heat_gen[0].heat_inst/ro_gen[133].ro/ro_2.
Related violations: <none>

LUTLP-2#39 Warning
Combinatorial Loop Allowed  
3 LUT cells form a combinatorial loop. This can create a race condition. Timing analysis may not be accurate. The preferred resolution is to modify the design to remove combinatorial logic loops. This loop has been identified in the constraints as being known and understood by use of the ALLOW_COMBINATORIAL_LOOPS property on a net in the loop. The cells in the loop are: heat_gen[0].heat_inst/ro_gen[134].ro/ro_0,
heat_gen[0].heat_inst/ro_gen[134].ro/ro_1
heat_gen[0].heat_inst/ro_gen[134].ro/ro_2.
Related violations: <none>

LUTLP-2#40 Warning
Combinatorial Loop Allowed  
3 LUT cells form a combinatorial loop. This can create a race condition. Timing analysis may not be accurate. The preferred resolution is to modify the design to remove combinatorial logic loops. This loop has been identified in the constraints as being known and understood by use of the ALLOW_COMBINATORIAL_LOOPS property on a net in the loop. The cells in the loop are: heat_gen[0].heat_inst/ro_gen[135].ro/ro_0,
heat_gen[0].heat_inst/ro_gen[135].ro/ro_1
heat_gen[0].heat_inst/ro_gen[135].ro/ro_2.
Related violations: <none>

LUTLP-2#41 Warning
Combinatorial Loop Allowed  
3 LUT cells form a combinatorial loop. This can create a race condition. Timing analysis may not be accurate. The preferred resolution is to modify the design to remove combinatorial logic loops. This loop has been identified in the constraints as being known and understood by use of the ALLOW_COMBINATORIAL_LOOPS property on a net in the loop. The cells in the loop are: heat_gen[0].heat_inst/ro_gen[136].ro/ro_0,
heat_gen[0].heat_inst/ro_gen[136].ro/ro_1
heat_gen[0].heat_inst/ro_gen[136].ro/ro_2.
Related violations: <none>

LUTLP-2#42 Warning
Combinatorial Loop Allowed  
3 LUT cells form a combinatorial loop. This can create a race condition. Timing analysis may not be accurate. The preferred resolution is to modify the design to remove combinatorial logic loops. This loop has been identified in the constraints as being known and understood by use of the ALLOW_COMBINATORIAL_LOOPS property on a net in the loop. The cells in the loop are: heat_gen[0].heat_inst/ro_gen[137].ro/ro_0,
heat_gen[0].heat_inst/ro_gen[137].ro/ro_1
heat_gen[0].heat_inst/ro_gen[137].ro/ro_2.
Related violations: <none>

LUTLP-2#43 Warning
Combinatorial Loop Allowed  
3 LUT cells form a combinatorial loop. This can create a race condition. Timing analysis may not be accurate. The preferred resolution is to modify the design to remove combinatorial logic loops. This loop has been identified in the constraints as being known and understood by use of the ALLOW_COMBINATORIAL_LOOPS property on a net in the loop. The cells in the loop are: heat_gen[0].heat_inst/ro_gen[138].ro/ro_0,
heat_gen[0].heat_inst/ro_gen[138].ro/ro_1
heat_gen[0].heat_inst/ro_gen[138].ro/ro_2.
Related violations: <none>

LUTLP-2#44 Warning
Combinatorial Loop Allowed  
3 LUT cells form a combinatorial loop. This can create a race condition. Timing analysis may not be accurate. The preferred resolution is to modify the design to remove combinatorial logic loops. This loop has been identified in the constraints as being known and understood by use of the ALLOW_COMBINATORIAL_LOOPS property on a net in the loop. The cells in the loop are: heat_gen[0].heat_inst/ro_gen[139].ro/ro_0,
heat_gen[0].heat_inst/ro_gen[139].ro/ro_1
heat_gen[0].heat_inst/ro_gen[139].ro/ro_2.
Related violations: <none>

LUTLP-2#45 Warning
Combinatorial Loop Allowed  
3 LUT cells form a combinatorial loop. This can create a race condition. Timing analysis may not be accurate. The preferred resolution is to modify the design to remove combinatorial logic loops. This loop has been identified in the constraints as being known and understood by use of the ALLOW_COMBINATORIAL_LOOPS property on a net in the loop. The cells in the loop are: heat_gen[0].heat_inst/ro_gen[13].ro/ro_0,
heat_gen[0].heat_inst/ro_gen[13].ro/ro_1
heat_gen[0].heat_inst/ro_gen[13].ro/ro_2.
Related violations: <none>

LUTLP-2#46 Warning
Combinatorial Loop Allowed  
3 LUT cells form a combinatorial loop. This can create a race condition. Timing analysis may not be accurate. The preferred resolution is to modify the design to remove combinatorial logic loops. This loop has been identified in the constraints as being known and understood by use of the ALLOW_COMBINATORIAL_LOOPS property on a net in the loop. The cells in the loop are: heat_gen[0].heat_inst/ro_gen[140].ro/ro_0,
heat_gen[0].heat_inst/ro_gen[140].ro/ro_1
heat_gen[0].heat_inst/ro_gen[140].ro/ro_2.
Related violations: <none>

LUTLP-2#47 Warning
Combinatorial Loop Allowed  
3 LUT cells form a combinatorial loop. This can create a race condition. Timing analysis may not be accurate. The preferred resolution is to modify the design to remove combinatorial logic loops. This loop has been identified in the constraints as being known and understood by use of the ALLOW_COMBINATORIAL_LOOPS property on a net in the loop. The cells in the loop are: heat_gen[0].heat_inst/ro_gen[141].ro/ro_0,
heat_gen[0].heat_inst/ro_gen[141].ro/ro_1
heat_gen[0].heat_inst/ro_gen[141].ro/ro_2.
Related violations: <none>

LUTLP-2#48 Warning
Combinatorial Loop Allowed  
3 LUT cells form a combinatorial loop. This can create a race condition. Timing analysis may not be accurate. The preferred resolution is to modify the design to remove combinatorial logic loops. This loop has been identified in the constraints as being known and understood by use of the ALLOW_COMBINATORIAL_LOOPS property on a net in the loop. The cells in the loop are: heat_gen[0].heat_inst/ro_gen[142].ro/ro_0,
heat_gen[0].heat_inst/ro_gen[142].ro/ro_1
heat_gen[0].heat_inst/ro_gen[142].ro/ro_2.
Related violations: <none>

LUTLP-2#49 Warning
Combinatorial Loop Allowed  
3 LUT cells form a combinatorial loop. This can create a race condition. Timing analysis may not be accurate. The preferred resolution is to modify the design to remove combinatorial logic loops. This loop has been identified in the constraints as being known and understood by use of the ALLOW_COMBINATORIAL_LOOPS property on a net in the loop. The cells in the loop are: heat_gen[0].heat_inst/ro_gen[143].ro/ro_0,
heat_gen[0].heat_inst/ro_gen[143].ro/ro_1
heat_gen[0].heat_inst/ro_gen[143].ro/ro_2.
Related violations: <none>

LUTLP-2#50 Warning
Combinatorial Loop Allowed  
3 LUT cells form a combinatorial loop. This can create a race condition. Timing analysis may not be accurate. The preferred resolution is to modify the design to remove combinatorial logic loops. This loop has been identified in the constraints as being known and understood by use of the ALLOW_COMBINATORIAL_LOOPS property on a net in the loop. The cells in the loop are: heat_gen[0].heat_inst/ro_gen[144].ro/ro_0,
heat_gen[0].heat_inst/ro_gen[144].ro/ro_1
heat_gen[0].heat_inst/ro_gen[144].ro/ro_2.
Related violations: <none>

LUTLP-2#51 Warning
Combinatorial Loop Allowed  
3 LUT cells form a combinatorial loop. This can create a race condition. Timing analysis may not be accurate. The preferred resolution is to modify the design to remove combinatorial logic loops. This loop has been identified in the constraints as being known and understood by use of the ALLOW_COMBINATORIAL_LOOPS property on a net in the loop. The cells in the loop are: heat_gen[0].heat_inst/ro_gen[145].ro/ro_0,
heat_gen[0].heat_inst/ro_gen[145].ro/ro_1
heat_gen[0].heat_inst/ro_gen[145].ro/ro_2.
Related violations: <none>

LUTLP-2#52 Warning
Combinatorial Loop Allowed  
3 LUT cells form a combinatorial loop. This can create a race condition. Timing analysis may not be accurate. The preferred resolution is to modify the design to remove combinatorial logic loops. This loop has been identified in the constraints as being known and understood by use of the ALLOW_COMBINATORIAL_LOOPS property on a net in the loop. The cells in the loop are: heat_gen[0].heat_inst/ro_gen[146].ro/ro_0,
heat_gen[0].heat_inst/ro_gen[146].ro/ro_1
heat_gen[0].heat_inst/ro_gen[146].ro/ro_2.
Related violations: <none>

LUTLP-2#53 Warning
Combinatorial Loop Allowed  
3 LUT cells form a combinatorial loop. This can create a race condition. Timing analysis may not be accurate. The preferred resolution is to modify the design to remove combinatorial logic loops. This loop has been identified in the constraints as being known and understood by use of the ALLOW_COMBINATORIAL_LOOPS property on a net in the loop. The cells in the loop are: heat_gen[0].heat_inst/ro_gen[147].ro/ro_0,
heat_gen[0].heat_inst/ro_gen[147].ro/ro_1
heat_gen[0].heat_inst/ro_gen[147].ro/ro_2.
Related violations: <none>

LUTLP-2#54 Warning
Combinatorial Loop Allowed  
3 LUT cells form a combinatorial loop. This can create a race condition. Timing analysis may not be accurate. The preferred resolution is to modify the design to remove combinatorial logic loops. This loop has been identified in the constraints as being known and understood by use of the ALLOW_COMBINATORIAL_LOOPS property on a net in the loop. The cells in the loop are: heat_gen[0].heat_inst/ro_gen[148].ro/ro_0,
heat_gen[0].heat_inst/ro_gen[148].ro/ro_1
heat_gen[0].heat_inst/ro_gen[148].ro/ro_2.
Related violations: <none>

LUTLP-2#55 Warning
Combinatorial Loop Allowed  
3 LUT cells form a combinatorial loop. This can create a race condition. Timing analysis may not be accurate. The preferred resolution is to modify the design to remove combinatorial logic loops. This loop has been identified in the constraints as being known and understood by use of the ALLOW_COMBINATORIAL_LOOPS property on a net in the loop. The cells in the loop are: heat_gen[0].heat_inst/ro_gen[149].ro/ro_0,
heat_gen[0].heat_inst/ro_gen[149].ro/ro_1
heat_gen[0].heat_inst/ro_gen[149].ro/ro_2.
Related violations: <none>

LUTLP-2#56 Warning
Combinatorial Loop Allowed  
3 LUT cells form a combinatorial loop. This can create a race condition. Timing analysis may not be accurate. The preferred resolution is to modify the design to remove combinatorial logic loops. This loop has been identified in the constraints as being known and understood by use of the ALLOW_COMBINATORIAL_LOOPS property on a net in the loop. The cells in the loop are: heat_gen[0].heat_inst/ro_gen[14].ro/ro_0,
heat_gen[0].heat_inst/ro_gen[14].ro/ro_1
heat_gen[0].heat_inst/ro_gen[14].ro/ro_2.
Related violations: <none>

LUTLP-2#57 Warning
Combinatorial Loop Allowed  
3 LUT cells form a combinatorial loop. This can create a race condition. Timing analysis may not be accurate. The preferred resolution is to modify the design to remove combinatorial logic loops. This loop has been identified in the constraints as being known and understood by use of the ALLOW_COMBINATORIAL_LOOPS property on a net in the loop. The cells in the loop are: heat_gen[0].heat_inst/ro_gen[150].ro/ro_0,
heat_gen[0].heat_inst/ro_gen[150].ro/ro_1
heat_gen[0].heat_inst/ro_gen[150].ro/ro_2.
Related violations: <none>

LUTLP-2#58 Warning
Combinatorial Loop Allowed  
3 LUT cells form a combinatorial loop. This can create a race condition. Timing analysis may not be accurate. The preferred resolution is to modify the design to remove combinatorial logic loops. This loop has been identified in the constraints as being known and understood by use of the ALLOW_COMBINATORIAL_LOOPS property on a net in the loop. The cells in the loop are: heat_gen[0].heat_inst/ro_gen[151].ro/ro_0,
heat_gen[0].heat_inst/ro_gen[151].ro/ro_1
heat_gen[0].heat_inst/ro_gen[151].ro/ro_2.
Related violations: <none>

LUTLP-2#59 Warning
Combinatorial Loop Allowed  
3 LUT cells form a combinatorial loop. This can create a race condition. Timing analysis may not be accurate. The preferred resolution is to modify the design to remove combinatorial logic loops. This loop has been identified in the constraints as being known and understood by use of the ALLOW_COMBINATORIAL_LOOPS property on a net in the loop. The cells in the loop are: heat_gen[0].heat_inst/ro_gen[152].ro/ro_0,
heat_gen[0].heat_inst/ro_gen[152].ro/ro_1
heat_gen[0].heat_inst/ro_gen[152].ro/ro_2.
Related violations: <none>

LUTLP-2#60 Warning
Combinatorial Loop Allowed  
3 LUT cells form a combinatorial loop. This can create a race condition. Timing analysis may not be accurate. The preferred resolution is to modify the design to remove combinatorial logic loops. This loop has been identified in the constraints as being known and understood by use of the ALLOW_COMBINATORIAL_LOOPS property on a net in the loop. The cells in the loop are: heat_gen[0].heat_inst/ro_gen[153].ro/ro_0,
heat_gen[0].heat_inst/ro_gen[153].ro/ro_1
heat_gen[0].heat_inst/ro_gen[153].ro/ro_2.
Related violations: <none>

LUTLP-2#61 Warning
Combinatorial Loop Allowed  
3 LUT cells form a combinatorial loop. This can create a race condition. Timing analysis may not be accurate. The preferred resolution is to modify the design to remove combinatorial logic loops. This loop has been identified in the constraints as being known and understood by use of the ALLOW_COMBINATORIAL_LOOPS property on a net in the loop. The cells in the loop are: heat_gen[0].heat_inst/ro_gen[154].ro/ro_0,
heat_gen[0].heat_inst/ro_gen[154].ro/ro_1
heat_gen[0].heat_inst/ro_gen[154].ro/ro_2.
Related violations: <none>

LUTLP-2#62 Warning
Combinatorial Loop Allowed  
3 LUT cells form a combinatorial loop. This can create a race condition. Timing analysis may not be accurate. The preferred resolution is to modify the design to remove combinatorial logic loops. This loop has been identified in the constraints as being known and understood by use of the ALLOW_COMBINATORIAL_LOOPS property on a net in the loop. The cells in the loop are: heat_gen[0].heat_inst/ro_gen[155].ro/ro_0,
heat_gen[0].heat_inst/ro_gen[155].ro/ro_1
heat_gen[0].heat_inst/ro_gen[155].ro/ro_2.
Related violations: <none>

LUTLP-2#63 Warning
Combinatorial Loop Allowed  
3 LUT cells form a combinatorial loop. This can create a race condition. Timing analysis may not be accurate. The preferred resolution is to modify the design to remove combinatorial logic loops. This loop has been identified in the constraints as being known and understood by use of the ALLOW_COMBINATORIAL_LOOPS property on a net in the loop. The cells in the loop are: heat_gen[0].heat_inst/ro_gen[156].ro/ro_0,
heat_gen[0].heat_inst/ro_gen[156].ro/ro_1
heat_gen[0].heat_inst/ro_gen[156].ro/ro_2.
Related violations: <none>

LUTLP-2#64 Warning
Combinatorial Loop Allowed  
3 LUT cells form a combinatorial loop. This can create a race condition. Timing analysis may not be accurate. The preferred resolution is to modify the design to remove combinatorial logic loops. This loop has been identified in the constraints as being known and understood by use of the ALLOW_COMBINATORIAL_LOOPS property on a net in the loop. The cells in the loop are: heat_gen[0].heat_inst/ro_gen[157].ro/ro_0,
heat_gen[0].heat_inst/ro_gen[157].ro/ro_1
heat_gen[0].heat_inst/ro_gen[157].ro/ro_2.
Related violations: <none>

LUTLP-2#65 Warning
Combinatorial Loop Allowed  
3 LUT cells form a combinatorial loop. This can create a race condition. Timing analysis may not be accurate. The preferred resolution is to modify the design to remove combinatorial logic loops. This loop has been identified in the constraints as being known and understood by use of the ALLOW_COMBINATORIAL_LOOPS property on a net in the loop. The cells in the loop are: heat_gen[0].heat_inst/ro_gen[158].ro/ro_0,
heat_gen[0].heat_inst/ro_gen[158].ro/ro_1
heat_gen[0].heat_inst/ro_gen[158].ro/ro_2.
Related violations: <none>

LUTLP-2#66 Warning
Combinatorial Loop Allowed  
3 LUT cells form a combinatorial loop. This can create a race condition. Timing analysis may not be accurate. The preferred resolution is to modify the design to remove combinatorial logic loops. This loop has been identified in the constraints as being known and understood by use of the ALLOW_COMBINATORIAL_LOOPS property on a net in the loop. The cells in the loop are: heat_gen[0].heat_inst/ro_gen[159].ro/ro_0,
heat_gen[0].heat_inst/ro_gen[159].ro/ro_1
heat_gen[0].heat_inst/ro_gen[159].ro/ro_2.
Related violations: <none>

LUTLP-2#67 Warning
Combinatorial Loop Allowed  
3 LUT cells form a combinatorial loop. This can create a race condition. Timing analysis may not be accurate. The preferred resolution is to modify the design to remove combinatorial logic loops. This loop has been identified in the constraints as being known and understood by use of the ALLOW_COMBINATORIAL_LOOPS property on a net in the loop. The cells in the loop are: heat_gen[0].heat_inst/ro_gen[15].ro/ro_0,
heat_gen[0].heat_inst/ro_gen[15].ro/ro_1
heat_gen[0].heat_inst/ro_gen[15].ro/ro_2.
Related violations: <none>

LUTLP-2#68 Warning
Combinatorial Loop Allowed  
3 LUT cells form a combinatorial loop. This can create a race condition. Timing analysis may not be accurate. The preferred resolution is to modify the design to remove combinatorial logic loops. This loop has been identified in the constraints as being known and understood by use of the ALLOW_COMBINATORIAL_LOOPS property on a net in the loop. The cells in the loop are: heat_gen[0].heat_inst/ro_gen[160].ro/ro_0,
heat_gen[0].heat_inst/ro_gen[160].ro/ro_1
heat_gen[0].heat_inst/ro_gen[160].ro/ro_2.
Related violations: <none>

LUTLP-2#69 Warning
Combinatorial Loop Allowed  
3 LUT cells form a combinatorial loop. This can create a race condition. Timing analysis may not be accurate. The preferred resolution is to modify the design to remove combinatorial logic loops. This loop has been identified in the constraints as being known and understood by use of the ALLOW_COMBINATORIAL_LOOPS property on a net in the loop. The cells in the loop are: heat_gen[0].heat_inst/ro_gen[161].ro/ro_0,
heat_gen[0].heat_inst/ro_gen[161].ro/ro_1
heat_gen[0].heat_inst/ro_gen[161].ro/ro_2.
Related violations: <none>

LUTLP-2#70 Warning
Combinatorial Loop Allowed  
3 LUT cells form a combinatorial loop. This can create a race condition. Timing analysis may not be accurate. The preferred resolution is to modify the design to remove combinatorial logic loops. This loop has been identified in the constraints as being known and understood by use of the ALLOW_COMBINATORIAL_LOOPS property on a net in the loop. The cells in the loop are: heat_gen[0].heat_inst/ro_gen[162].ro/ro_0,
heat_gen[0].heat_inst/ro_gen[162].ro/ro_1
heat_gen[0].heat_inst/ro_gen[162].ro/ro_2.
Related violations: <none>

LUTLP-2#71 Warning
Combinatorial Loop Allowed  
3 LUT cells form a combinatorial loop. This can create a race condition. Timing analysis may not be accurate. The preferred resolution is to modify the design to remove combinatorial logic loops. This loop has been identified in the constraints as being known and understood by use of the ALLOW_COMBINATORIAL_LOOPS property on a net in the loop. The cells in the loop are: heat_gen[0].heat_inst/ro_gen[163].ro/ro_0,
heat_gen[0].heat_inst/ro_gen[163].ro/ro_1
heat_gen[0].heat_inst/ro_gen[163].ro/ro_2.
Related violations: <none>

LUTLP-2#72 Warning
Combinatorial Loop Allowed  
3 LUT cells form a combinatorial loop. This can create a race condition. Timing analysis may not be accurate. The preferred resolution is to modify the design to remove combinatorial logic loops. This loop has been identified in the constraints as being known and understood by use of the ALLOW_COMBINATORIAL_LOOPS property on a net in the loop. The cells in the loop are: heat_gen[0].heat_inst/ro_gen[164].ro/ro_0,
heat_gen[0].heat_inst/ro_gen[164].ro/ro_1
heat_gen[0].heat_inst/ro_gen[164].ro/ro_2.
Related violations: <none>

LUTLP-2#73 Warning
Combinatorial Loop Allowed  
3 LUT cells form a combinatorial loop. This can create a race condition. Timing analysis may not be accurate. The preferred resolution is to modify the design to remove combinatorial logic loops. This loop has been identified in the constraints as being known and understood by use of the ALLOW_COMBINATORIAL_LOOPS property on a net in the loop. The cells in the loop are: heat_gen[0].heat_inst/ro_gen[165].ro/ro_0,
heat_gen[0].heat_inst/ro_gen[165].ro/ro_1
heat_gen[0].heat_inst/ro_gen[165].ro/ro_2.
Related violations: <none>

LUTLP-2#74 Warning
Combinatorial Loop Allowed  
3 LUT cells form a combinatorial loop. This can create a race condition. Timing analysis may not be accurate. The preferred resolution is to modify the design to remove combinatorial logic loops. This loop has been identified in the constraints as being known and understood by use of the ALLOW_COMBINATORIAL_LOOPS property on a net in the loop. The cells in the loop are: heat_gen[0].heat_inst/ro_gen[166].ro/ro_0,
heat_gen[0].heat_inst/ro_gen[166].ro/ro_1
heat_gen[0].heat_inst/ro_gen[166].ro/ro_2.
Related violations: <none>

LUTLP-2#75 Warning
Combinatorial Loop Allowed  
3 LUT cells form a combinatorial loop. This can create a race condition. Timing analysis may not be accurate. The preferred resolution is to modify the design to remove combinatorial logic loops. This loop has been identified in the constraints as being known and understood by use of the ALLOW_COMBINATORIAL_LOOPS property on a net in the loop. The cells in the loop are: heat_gen[0].heat_inst/ro_gen[167].ro/ro_0,
heat_gen[0].heat_inst/ro_gen[167].ro/ro_1
heat_gen[0].heat_inst/ro_gen[167].ro/ro_2.
Related violations: <none>

LUTLP-2#76 Warning
Combinatorial Loop Allowed  
3 LUT cells form a combinatorial loop. This can create a race condition. Timing analysis may not be accurate. The preferred resolution is to modify the design to remove combinatorial logic loops. This loop has been identified in the constraints as being known and understood by use of the ALLOW_COMBINATORIAL_LOOPS property on a net in the loop. The cells in the loop are: heat_gen[0].heat_inst/ro_gen[168].ro/ro_0,
heat_gen[0].heat_inst/ro_gen[168].ro/ro_1
heat_gen[0].heat_inst/ro_gen[168].ro/ro_2.
Related violations: <none>

LUTLP-2#77 Warning
Combinatorial Loop Allowed  
3 LUT cells form a combinatorial loop. This can create a race condition. Timing analysis may not be accurate. The preferred resolution is to modify the design to remove combinatorial logic loops. This loop has been identified in the constraints as being known and understood by use of the ALLOW_COMBINATORIAL_LOOPS property on a net in the loop. The cells in the loop are: heat_gen[0].heat_inst/ro_gen[169].ro/ro_0,
heat_gen[0].heat_inst/ro_gen[169].ro/ro_1
heat_gen[0].heat_inst/ro_gen[169].ro/ro_2.
Related violations: <none>

LUTLP-2#78 Warning
Combinatorial Loop Allowed  
3 LUT cells form a combinatorial loop. This can create a race condition. Timing analysis may not be accurate. The preferred resolution is to modify the design to remove combinatorial logic loops. This loop has been identified in the constraints as being known and understood by use of the ALLOW_COMBINATORIAL_LOOPS property on a net in the loop. The cells in the loop are: heat_gen[0].heat_inst/ro_gen[16].ro/ro_0,
heat_gen[0].heat_inst/ro_gen[16].ro/ro_1
heat_gen[0].heat_inst/ro_gen[16].ro/ro_2.
Related violations: <none>

LUTLP-2#79 Warning
Combinatorial Loop Allowed  
3 LUT cells form a combinatorial loop. This can create a race condition. Timing analysis may not be accurate. The preferred resolution is to modify the design to remove combinatorial logic loops. This loop has been identified in the constraints as being known and understood by use of the ALLOW_COMBINATORIAL_LOOPS property on a net in the loop. The cells in the loop are: heat_gen[0].heat_inst/ro_gen[170].ro/ro_0,
heat_gen[0].heat_inst/ro_gen[170].ro/ro_1
heat_gen[0].heat_inst/ro_gen[170].ro/ro_2.
Related violations: <none>

LUTLP-2#80 Warning
Combinatorial Loop Allowed  
3 LUT cells form a combinatorial loop. This can create a race condition. Timing analysis may not be accurate. The preferred resolution is to modify the design to remove combinatorial logic loops. This loop has been identified in the constraints as being known and understood by use of the ALLOW_COMBINATORIAL_LOOPS property on a net in the loop. The cells in the loop are: heat_gen[0].heat_inst/ro_gen[171].ro/ro_0,
heat_gen[0].heat_inst/ro_gen[171].ro/ro_1
heat_gen[0].heat_inst/ro_gen[171].ro/ro_2.
Related violations: <none>

LUTLP-2#81 Warning
Combinatorial Loop Allowed  
3 LUT cells form a combinatorial loop. This can create a race condition. Timing analysis may not be accurate. The preferred resolution is to modify the design to remove combinatorial logic loops. This loop has been identified in the constraints as being known and understood by use of the ALLOW_COMBINATORIAL_LOOPS property on a net in the loop. The cells in the loop are: heat_gen[0].heat_inst/ro_gen[172].ro/ro_0,
heat_gen[0].heat_inst/ro_gen[172].ro/ro_1
heat_gen[0].heat_inst/ro_gen[172].ro/ro_2.
Related violations: <none>

LUTLP-2#82 Warning
Combinatorial Loop Allowed  
3 LUT cells form a combinatorial loop. This can create a race condition. Timing analysis may not be accurate. The preferred resolution is to modify the design to remove combinatorial logic loops. This loop has been identified in the constraints as being known and understood by use of the ALLOW_COMBINATORIAL_LOOPS property on a net in the loop. The cells in the loop are: heat_gen[0].heat_inst/ro_gen[173].ro/ro_0,
heat_gen[0].heat_inst/ro_gen[173].ro/ro_1
heat_gen[0].heat_inst/ro_gen[173].ro/ro_2.
Related violations: <none>

LUTLP-2#83 Warning
Combinatorial Loop Allowed  
3 LUT cells form a combinatorial loop. This can create a race condition. Timing analysis may not be accurate. The preferred resolution is to modify the design to remove combinatorial logic loops. This loop has been identified in the constraints as being known and understood by use of the ALLOW_COMBINATORIAL_LOOPS property on a net in the loop. The cells in the loop are: heat_gen[0].heat_inst/ro_gen[174].ro/ro_0,
heat_gen[0].heat_inst/ro_gen[174].ro/ro_1
heat_gen[0].heat_inst/ro_gen[174].ro/ro_2.
Related violations: <none>

LUTLP-2#84 Warning
Combinatorial Loop Allowed  
3 LUT cells form a combinatorial loop. This can create a race condition. Timing analysis may not be accurate. The preferred resolution is to modify the design to remove combinatorial logic loops. This loop has been identified in the constraints as being known and understood by use of the ALLOW_COMBINATORIAL_LOOPS property on a net in the loop. The cells in the loop are: heat_gen[0].heat_inst/ro_gen[175].ro/ro_0,
heat_gen[0].heat_inst/ro_gen[175].ro/ro_1
heat_gen[0].heat_inst/ro_gen[175].ro/ro_2.
Related violations: <none>

LUTLP-2#85 Warning
Combinatorial Loop Allowed  
3 LUT cells form a combinatorial loop. This can create a race condition. Timing analysis may not be accurate. The preferred resolution is to modify the design to remove combinatorial logic loops. This loop has been identified in the constraints as being known and understood by use of the ALLOW_COMBINATORIAL_LOOPS property on a net in the loop. The cells in the loop are: heat_gen[0].heat_inst/ro_gen[176].ro/ro_0,
heat_gen[0].heat_inst/ro_gen[176].ro/ro_1
heat_gen[0].heat_inst/ro_gen[176].ro/ro_2.
Related violations: <none>

LUTLP-2#86 Warning
Combinatorial Loop Allowed  
3 LUT cells form a combinatorial loop. This can create a race condition. Timing analysis may not be accurate. The preferred resolution is to modify the design to remove combinatorial logic loops. This loop has been identified in the constraints as being known and understood by use of the ALLOW_COMBINATORIAL_LOOPS property on a net in the loop. The cells in the loop are: heat_gen[0].heat_inst/ro_gen[177].ro/ro_0,
heat_gen[0].heat_inst/ro_gen[177].ro/ro_1
heat_gen[0].heat_inst/ro_gen[177].ro/ro_2.
Related violations: <none>

LUTLP-2#87 Warning
Combinatorial Loop Allowed  
3 LUT cells form a combinatorial loop. This can create a race condition. Timing analysis may not be accurate. The preferred resolution is to modify the design to remove combinatorial logic loops. This loop has been identified in the constraints as being known and understood by use of the ALLOW_COMBINATORIAL_LOOPS property on a net in the loop. The cells in the loop are: heat_gen[0].heat_inst/ro_gen[178].ro/ro_0,
heat_gen[0].heat_inst/ro_gen[178].ro/ro_1
heat_gen[0].heat_inst/ro_gen[178].ro/ro_2.
Related violations: <none>

LUTLP-2#88 Warning
Combinatorial Loop Allowed  
3 LUT cells form a combinatorial loop. This can create a race condition. Timing analysis may not be accurate. The preferred resolution is to modify the design to remove combinatorial logic loops. This loop has been identified in the constraints as being known and understood by use of the ALLOW_COMBINATORIAL_LOOPS property on a net in the loop. The cells in the loop are: heat_gen[0].heat_inst/ro_gen[179].ro/ro_0,
heat_gen[0].heat_inst/ro_gen[179].ro/ro_1
heat_gen[0].heat_inst/ro_gen[179].ro/ro_2.
Related violations: <none>

LUTLP-2#89 Warning
Combinatorial Loop Allowed  
3 LUT cells form a combinatorial loop. This can create a race condition. Timing analysis may not be accurate. The preferred resolution is to modify the design to remove combinatorial logic loops. This loop has been identified in the constraints as being known and understood by use of the ALLOW_COMBINATORIAL_LOOPS property on a net in the loop. The cells in the loop are: heat_gen[0].heat_inst/ro_gen[17].ro/ro_0,
heat_gen[0].heat_inst/ro_gen[17].ro/ro_1
heat_gen[0].heat_inst/ro_gen[17].ro/ro_2.
Related violations: <none>

LUTLP-2#90 Warning
Combinatorial Loop Allowed  
3 LUT cells form a combinatorial loop. This can create a race condition. Timing analysis may not be accurate. The preferred resolution is to modify the design to remove combinatorial logic loops. This loop has been identified in the constraints as being known and understood by use of the ALLOW_COMBINATORIAL_LOOPS property on a net in the loop. The cells in the loop are: heat_gen[0].heat_inst/ro_gen[180].ro/ro_0,
heat_gen[0].heat_inst/ro_gen[180].ro/ro_1
heat_gen[0].heat_inst/ro_gen[180].ro/ro_2.
Related violations: <none>

LUTLP-2#91 Warning
Combinatorial Loop Allowed  
3 LUT cells form a combinatorial loop. This can create a race condition. Timing analysis may not be accurate. The preferred resolution is to modify the design to remove combinatorial logic loops. This loop has been identified in the constraints as being known and understood by use of the ALLOW_COMBINATORIAL_LOOPS property on a net in the loop. The cells in the loop are: heat_gen[0].heat_inst/ro_gen[181].ro/ro_0,
heat_gen[0].heat_inst/ro_gen[181].ro/ro_1
heat_gen[0].heat_inst/ro_gen[181].ro/ro_2.
Related violations: <none>

LUTLP-2#92 Warning
Combinatorial Loop Allowed  
3 LUT cells form a combinatorial loop. This can create a race condition. Timing analysis may not be accurate. The preferred resolution is to modify the design to remove combinatorial logic loops. This loop has been identified in the constraints as being known and understood by use of the ALLOW_COMBINATORIAL_LOOPS property on a net in the loop. The cells in the loop are: heat_gen[0].heat_inst/ro_gen[182].ro/ro_0,
heat_gen[0].heat_inst/ro_gen[182].ro/ro_1
heat_gen[0].heat_inst/ro_gen[182].ro/ro_2.
Related violations: <none>

LUTLP-2#93 Warning
Combinatorial Loop Allowed  
3 LUT cells form a combinatorial loop. This can create a race condition. Timing analysis may not be accurate. The preferred resolution is to modify the design to remove combinatorial logic loops. This loop has been identified in the constraints as being known and understood by use of the ALLOW_COMBINATORIAL_LOOPS property on a net in the loop. The cells in the loop are: heat_gen[0].heat_inst/ro_gen[183].ro/ro_0,
heat_gen[0].heat_inst/ro_gen[183].ro/ro_1
heat_gen[0].heat_inst/ro_gen[183].ro/ro_2.
Related violations: <none>

LUTLP-2#94 Warning
Combinatorial Loop Allowed  
3 LUT cells form a combinatorial loop. This can create a race condition. Timing analysis may not be accurate. The preferred resolution is to modify the design to remove combinatorial logic loops. This loop has been identified in the constraints as being known and understood by use of the ALLOW_COMBINATORIAL_LOOPS property on a net in the loop. The cells in the loop are: heat_gen[0].heat_inst/ro_gen[184].ro/ro_0,
heat_gen[0].heat_inst/ro_gen[184].ro/ro_1
heat_gen[0].heat_inst/ro_gen[184].ro/ro_2.
Related violations: <none>

LUTLP-2#95 Warning
Combinatorial Loop Allowed  
3 LUT cells form a combinatorial loop. This can create a race condition. Timing analysis may not be accurate. The preferred resolution is to modify the design to remove combinatorial logic loops. This loop has been identified in the constraints as being known and understood by use of the ALLOW_COMBINATORIAL_LOOPS property on a net in the loop. The cells in the loop are: heat_gen[0].heat_inst/ro_gen[185].ro/ro_0,
heat_gen[0].heat_inst/ro_gen[185].ro/ro_1
heat_gen[0].heat_inst/ro_gen[185].ro/ro_2.
Related violations: <none>

LUTLP-2#96 Warning
Combinatorial Loop Allowed  
3 LUT cells form a combinatorial loop. This can create a race condition. Timing analysis may not be accurate. The preferred resolution is to modify the design to remove combinatorial logic loops. This loop has been identified in the constraints as being known and understood by use of the ALLOW_COMBINATORIAL_LOOPS property on a net in the loop. The cells in the loop are: heat_gen[0].heat_inst/ro_gen[186].ro/ro_0,
heat_gen[0].heat_inst/ro_gen[186].ro/ro_1
heat_gen[0].heat_inst/ro_gen[186].ro/ro_2.
Related violations: <none>

LUTLP-2#97 Warning
Combinatorial Loop Allowed  
3 LUT cells form a combinatorial loop. This can create a race condition. Timing analysis may not be accurate. The preferred resolution is to modify the design to remove combinatorial logic loops. This loop has been identified in the constraints as being known and understood by use of the ALLOW_COMBINATORIAL_LOOPS property on a net in the loop. The cells in the loop are: heat_gen[0].heat_inst/ro_gen[187].ro/ro_0,
heat_gen[0].heat_inst/ro_gen[187].ro/ro_1
heat_gen[0].heat_inst/ro_gen[187].ro/ro_2.
Related violations: <none>

LUTLP-2#98 Warning
Combinatorial Loop Allowed  
3 LUT cells form a combinatorial loop. This can create a race condition. Timing analysis may not be accurate. The preferred resolution is to modify the design to remove combinatorial logic loops. This loop has been identified in the constraints as being known and understood by use of the ALLOW_COMBINATORIAL_LOOPS property on a net in the loop. The cells in the loop are: heat_gen[0].heat_inst/ro_gen[188].ro/ro_0,
heat_gen[0].heat_inst/ro_gen[188].ro/ro_1
heat_gen[0].heat_inst/ro_gen[188].ro/ro_2.
Related violations: <none>

LUTLP-2#99 Warning
Combinatorial Loop Allowed  
3 LUT cells form a combinatorial loop. This can create a race condition. Timing analysis may not be accurate. The preferred resolution is to modify the design to remove combinatorial logic loops. This loop has been identified in the constraints as being known and understood by use of the ALLOW_COMBINATORIAL_LOOPS property on a net in the loop. The cells in the loop are: heat_gen[0].heat_inst/ro_gen[189].ro/ro_0,
heat_gen[0].heat_inst/ro_gen[189].ro/ro_1
heat_gen[0].heat_inst/ro_gen[189].ro/ro_2.
Related violations: <none>

LUTLP-2#100 Warning
Combinatorial Loop Allowed  
3 LUT cells form a combinatorial loop. This can create a race condition. Timing analysis may not be accurate. The preferred resolution is to modify the design to remove combinatorial logic loops. This loop has been identified in the constraints as being known and understood by use of the ALLOW_COMBINATORIAL_LOOPS property on a net in the loop. The cells in the loop are: heat_gen[0].heat_inst/ro_gen[18].ro/ro_0,
heat_gen[0].heat_inst/ro_gen[18].ro/ro_1
heat_gen[0].heat_inst/ro_gen[18].ro/ro_2.
Related violations: <none>

LUTLP-2#101 Warning
Combinatorial Loop Allowed  
3 LUT cells form a combinatorial loop. This can create a race condition. Timing analysis may not be accurate. The preferred resolution is to modify the design to remove combinatorial logic loops. This loop has been identified in the constraints as being known and understood by use of the ALLOW_COMBINATORIAL_LOOPS property on a net in the loop. The cells in the loop are: heat_gen[0].heat_inst/ro_gen[190].ro/ro_0,
heat_gen[0].heat_inst/ro_gen[190].ro/ro_1
heat_gen[0].heat_inst/ro_gen[190].ro/ro_2.
Related violations: <none>

LUTLP-2#102 Warning
Combinatorial Loop Allowed  
3 LUT cells form a combinatorial loop. This can create a race condition. Timing analysis may not be accurate. The preferred resolution is to modify the design to remove combinatorial logic loops. This loop has been identified in the constraints as being known and understood by use of the ALLOW_COMBINATORIAL_LOOPS property on a net in the loop. The cells in the loop are: heat_gen[0].heat_inst/ro_gen[191].ro/ro_0,
heat_gen[0].heat_inst/ro_gen[191].ro/ro_1
heat_gen[0].heat_inst/ro_gen[191].ro/ro_2.
Related violations: <none>

LUTLP-2#103 Warning
Combinatorial Loop Allowed  
3 LUT cells form a combinatorial loop. This can create a race condition. Timing analysis may not be accurate. The preferred resolution is to modify the design to remove combinatorial logic loops. This loop has been identified in the constraints as being known and understood by use of the ALLOW_COMBINATORIAL_LOOPS property on a net in the loop. The cells in the loop are: heat_gen[0].heat_inst/ro_gen[192].ro/ro_0,
heat_gen[0].heat_inst/ro_gen[192].ro/ro_1
heat_gen[0].heat_inst/ro_gen[192].ro/ro_2.
Related violations: <none>

LUTLP-2#104 Warning
Combinatorial Loop Allowed  
3 LUT cells form a combinatorial loop. This can create a race condition. Timing analysis may not be accurate. The preferred resolution is to modify the design to remove combinatorial logic loops. This loop has been identified in the constraints as being known and understood by use of the ALLOW_COMBINATORIAL_LOOPS property on a net in the loop. The cells in the loop are: heat_gen[0].heat_inst/ro_gen[193].ro/ro_0,
heat_gen[0].heat_inst/ro_gen[193].ro/ro_1
heat_gen[0].heat_inst/ro_gen[193].ro/ro_2.
Related violations: <none>

LUTLP-2#105 Warning
Combinatorial Loop Allowed  
3 LUT cells form a combinatorial loop. This can create a race condition. Timing analysis may not be accurate. The preferred resolution is to modify the design to remove combinatorial logic loops. This loop has been identified in the constraints as being known and understood by use of the ALLOW_COMBINATORIAL_LOOPS property on a net in the loop. The cells in the loop are: heat_gen[0].heat_inst/ro_gen[194].ro/ro_0,
heat_gen[0].heat_inst/ro_gen[194].ro/ro_1
heat_gen[0].heat_inst/ro_gen[194].ro/ro_2.
Related violations: <none>

LUTLP-2#106 Warning
Combinatorial Loop Allowed  
3 LUT cells form a combinatorial loop. This can create a race condition. Timing analysis may not be accurate. The preferred resolution is to modify the design to remove combinatorial logic loops. This loop has been identified in the constraints as being known and understood by use of the ALLOW_COMBINATORIAL_LOOPS property on a net in the loop. The cells in the loop are: heat_gen[0].heat_inst/ro_gen[195].ro/ro_0,
heat_gen[0].heat_inst/ro_gen[195].ro/ro_1
heat_gen[0].heat_inst/ro_gen[195].ro/ro_2.
Related violations: <none>

LUTLP-2#107 Warning
Combinatorial Loop Allowed  
3 LUT cells form a combinatorial loop. This can create a race condition. Timing analysis may not be accurate. The preferred resolution is to modify the design to remove combinatorial logic loops. This loop has been identified in the constraints as being known and understood by use of the ALLOW_COMBINATORIAL_LOOPS property on a net in the loop. The cells in the loop are: heat_gen[0].heat_inst/ro_gen[196].ro/ro_0,
heat_gen[0].heat_inst/ro_gen[196].ro/ro_1
heat_gen[0].heat_inst/ro_gen[196].ro/ro_2.
Related violations: <none>

LUTLP-2#108 Warning
Combinatorial Loop Allowed  
3 LUT cells form a combinatorial loop. This can create a race condition. Timing analysis may not be accurate. The preferred resolution is to modify the design to remove combinatorial logic loops. This loop has been identified in the constraints as being known and understood by use of the ALLOW_COMBINATORIAL_LOOPS property on a net in the loop. The cells in the loop are: heat_gen[0].heat_inst/ro_gen[197].ro/ro_0,
heat_gen[0].heat_inst/ro_gen[197].ro/ro_1
heat_gen[0].heat_inst/ro_gen[197].ro/ro_2.
Related violations: <none>

LUTLP-2#109 Warning
Combinatorial Loop Allowed  
3 LUT cells form a combinatorial loop. This can create a race condition. Timing analysis may not be accurate. The preferred resolution is to modify the design to remove combinatorial logic loops. This loop has been identified in the constraints as being known and understood by use of the ALLOW_COMBINATORIAL_LOOPS property on a net in the loop. The cells in the loop are: heat_gen[0].heat_inst/ro_gen[198].ro/ro_0,
heat_gen[0].heat_inst/ro_gen[198].ro/ro_1
heat_gen[0].heat_inst/ro_gen[198].ro/ro_2.
Related violations: <none>

LUTLP-2#110 Warning
Combinatorial Loop Allowed  
3 LUT cells form a combinatorial loop. This can create a race condition. Timing analysis may not be accurate. The preferred resolution is to modify the design to remove combinatorial logic loops. This loop has been identified in the constraints as being known and understood by use of the ALLOW_COMBINATORIAL_LOOPS property on a net in the loop. The cells in the loop are: heat_gen[0].heat_inst/ro_gen[199].ro/ro_0,
heat_gen[0].heat_inst/ro_gen[199].ro/ro_1
heat_gen[0].heat_inst/ro_gen[199].ro/ro_2.
Related violations: <none>

LUTLP-2#111 Warning
Combinatorial Loop Allowed  
3 LUT cells form a combinatorial loop. This can create a race condition. Timing analysis may not be accurate. The preferred resolution is to modify the design to remove combinatorial logic loops. This loop has been identified in the constraints as being known and understood by use of the ALLOW_COMBINATORIAL_LOOPS property on a net in the loop. The cells in the loop are: heat_gen[0].heat_inst/ro_gen[19].ro/ro_0,
heat_gen[0].heat_inst/ro_gen[19].ro/ro_1
heat_gen[0].heat_inst/ro_gen[19].ro/ro_2.
Related violations: <none>

LUTLP-2#112 Warning
Combinatorial Loop Allowed  
3 LUT cells form a combinatorial loop. This can create a race condition. Timing analysis may not be accurate. The preferred resolution is to modify the design to remove combinatorial logic loops. This loop has been identified in the constraints as being known and understood by use of the ALLOW_COMBINATORIAL_LOOPS property on a net in the loop. The cells in the loop are: heat_gen[0].heat_inst/ro_gen[1].ro/ro_0,
heat_gen[0].heat_inst/ro_gen[1].ro/ro_1
heat_gen[0].heat_inst/ro_gen[1].ro/ro_2.
Related violations: <none>

LUTLP-2#113 Warning
Combinatorial Loop Allowed  
3 LUT cells form a combinatorial loop. This can create a race condition. Timing analysis may not be accurate. The preferred resolution is to modify the design to remove combinatorial logic loops. This loop has been identified in the constraints as being known and understood by use of the ALLOW_COMBINATORIAL_LOOPS property on a net in the loop. The cells in the loop are: heat_gen[0].heat_inst/ro_gen[200].ro/ro_0,
heat_gen[0].heat_inst/ro_gen[200].ro/ro_1
heat_gen[0].heat_inst/ro_gen[200].ro/ro_2.
Related violations: <none>

LUTLP-2#114 Warning
Combinatorial Loop Allowed  
3 LUT cells form a combinatorial loop. This can create a race condition. Timing analysis may not be accurate. The preferred resolution is to modify the design to remove combinatorial logic loops. This loop has been identified in the constraints as being known and understood by use of the ALLOW_COMBINATORIAL_LOOPS property on a net in the loop. The cells in the loop are: heat_gen[0].heat_inst/ro_gen[201].ro/ro_0,
heat_gen[0].heat_inst/ro_gen[201].ro/ro_1
heat_gen[0].heat_inst/ro_gen[201].ro/ro_2.
Related violations: <none>

LUTLP-2#115 Warning
Combinatorial Loop Allowed  
3 LUT cells form a combinatorial loop. This can create a race condition. Timing analysis may not be accurate. The preferred resolution is to modify the design to remove combinatorial logic loops. This loop has been identified in the constraints as being known and understood by use of the ALLOW_COMBINATORIAL_LOOPS property on a net in the loop. The cells in the loop are: heat_gen[0].heat_inst/ro_gen[202].ro/ro_0,
heat_gen[0].heat_inst/ro_gen[202].ro/ro_1
heat_gen[0].heat_inst/ro_gen[202].ro/ro_2.
Related violations: <none>

LUTLP-2#116 Warning
Combinatorial Loop Allowed  
3 LUT cells form a combinatorial loop. This can create a race condition. Timing analysis may not be accurate. The preferred resolution is to modify the design to remove combinatorial logic loops. This loop has been identified in the constraints as being known and understood by use of the ALLOW_COMBINATORIAL_LOOPS property on a net in the loop. The cells in the loop are: heat_gen[0].heat_inst/ro_gen[203].ro/ro_0,
heat_gen[0].heat_inst/ro_gen[203].ro/ro_1
heat_gen[0].heat_inst/ro_gen[203].ro/ro_2.
Related violations: <none>

LUTLP-2#117 Warning
Combinatorial Loop Allowed  
3 LUT cells form a combinatorial loop. This can create a race condition. Timing analysis may not be accurate. The preferred resolution is to modify the design to remove combinatorial logic loops. This loop has been identified in the constraints as being known and understood by use of the ALLOW_COMBINATORIAL_LOOPS property on a net in the loop. The cells in the loop are: heat_gen[0].heat_inst/ro_gen[204].ro/ro_0,
heat_gen[0].heat_inst/ro_gen[204].ro/ro_1
heat_gen[0].heat_inst/ro_gen[204].ro/ro_2.
Related violations: <none>

LUTLP-2#118 Warning
Combinatorial Loop Allowed  
3 LUT cells form a combinatorial loop. This can create a race condition. Timing analysis may not be accurate. The preferred resolution is to modify the design to remove combinatorial logic loops. This loop has been identified in the constraints as being known and understood by use of the ALLOW_COMBINATORIAL_LOOPS property on a net in the loop. The cells in the loop are: heat_gen[0].heat_inst/ro_gen[205].ro/ro_0,
heat_gen[0].heat_inst/ro_gen[205].ro/ro_1
heat_gen[0].heat_inst/ro_gen[205].ro/ro_2.
Related violations: <none>

LUTLP-2#119 Warning
Combinatorial Loop Allowed  
3 LUT cells form a combinatorial loop. This can create a race condition. Timing analysis may not be accurate. The preferred resolution is to modify the design to remove combinatorial logic loops. This loop has been identified in the constraints as being known and understood by use of the ALLOW_COMBINATORIAL_LOOPS property on a net in the loop. The cells in the loop are: heat_gen[0].heat_inst/ro_gen[206].ro/ro_0,
heat_gen[0].heat_inst/ro_gen[206].ro/ro_1
heat_gen[0].heat_inst/ro_gen[206].ro/ro_2.
Related violations: <none>

LUTLP-2#120 Warning
Combinatorial Loop Allowed  
3 LUT cells form a combinatorial loop. This can create a race condition. Timing analysis may not be accurate. The preferred resolution is to modify the design to remove combinatorial logic loops. This loop has been identified in the constraints as being known and understood by use of the ALLOW_COMBINATORIAL_LOOPS property on a net in the loop. The cells in the loop are: heat_gen[0].heat_inst/ro_gen[207].ro/ro_0,
heat_gen[0].heat_inst/ro_gen[207].ro/ro_1
heat_gen[0].heat_inst/ro_gen[207].ro/ro_2.
Related violations: <none>

LUTLP-2#121 Warning
Combinatorial Loop Allowed  
3 LUT cells form a combinatorial loop. This can create a race condition. Timing analysis may not be accurate. The preferred resolution is to modify the design to remove combinatorial logic loops. This loop has been identified in the constraints as being known and understood by use of the ALLOW_COMBINATORIAL_LOOPS property on a net in the loop. The cells in the loop are: heat_gen[0].heat_inst/ro_gen[208].ro/ro_0,
heat_gen[0].heat_inst/ro_gen[208].ro/ro_1
heat_gen[0].heat_inst/ro_gen[208].ro/ro_2.
Related violations: <none>

LUTLP-2#122 Warning
Combinatorial Loop Allowed  
3 LUT cells form a combinatorial loop. This can create a race condition. Timing analysis may not be accurate. The preferred resolution is to modify the design to remove combinatorial logic loops. This loop has been identified in the constraints as being known and understood by use of the ALLOW_COMBINATORIAL_LOOPS property on a net in the loop. The cells in the loop are: heat_gen[0].heat_inst/ro_gen[209].ro/ro_0,
heat_gen[0].heat_inst/ro_gen[209].ro/ro_1
heat_gen[0].heat_inst/ro_gen[209].ro/ro_2.
Related violations: <none>

LUTLP-2#123 Warning
Combinatorial Loop Allowed  
3 LUT cells form a combinatorial loop. This can create a race condition. Timing analysis may not be accurate. The preferred resolution is to modify the design to remove combinatorial logic loops. This loop has been identified in the constraints as being known and understood by use of the ALLOW_COMBINATORIAL_LOOPS property on a net in the loop. The cells in the loop are: heat_gen[0].heat_inst/ro_gen[20].ro/ro_0,
heat_gen[0].heat_inst/ro_gen[20].ro/ro_1
heat_gen[0].heat_inst/ro_gen[20].ro/ro_2.
Related violations: <none>

LUTLP-2#124 Warning
Combinatorial Loop Allowed  
3 LUT cells form a combinatorial loop. This can create a race condition. Timing analysis may not be accurate. The preferred resolution is to modify the design to remove combinatorial logic loops. This loop has been identified in the constraints as being known and understood by use of the ALLOW_COMBINATORIAL_LOOPS property on a net in the loop. The cells in the loop are: heat_gen[0].heat_inst/ro_gen[210].ro/ro_0,
heat_gen[0].heat_inst/ro_gen[210].ro/ro_1
heat_gen[0].heat_inst/ro_gen[210].ro/ro_2.
Related violations: <none>

LUTLP-2#125 Warning
Combinatorial Loop Allowed  
3 LUT cells form a combinatorial loop. This can create a race condition. Timing analysis may not be accurate. The preferred resolution is to modify the design to remove combinatorial logic loops. This loop has been identified in the constraints as being known and understood by use of the ALLOW_COMBINATORIAL_LOOPS property on a net in the loop. The cells in the loop are: heat_gen[0].heat_inst/ro_gen[211].ro/ro_0,
heat_gen[0].heat_inst/ro_gen[211].ro/ro_1
heat_gen[0].heat_inst/ro_gen[211].ro/ro_2.
Related violations: <none>

LUTLP-2#126 Warning
Combinatorial Loop Allowed  
3 LUT cells form a combinatorial loop. This can create a race condition. Timing analysis may not be accurate. The preferred resolution is to modify the design to remove combinatorial logic loops. This loop has been identified in the constraints as being known and understood by use of the ALLOW_COMBINATORIAL_LOOPS property on a net in the loop. The cells in the loop are: heat_gen[0].heat_inst/ro_gen[212].ro/ro_0,
heat_gen[0].heat_inst/ro_gen[212].ro/ro_1
heat_gen[0].heat_inst/ro_gen[212].ro/ro_2.
Related violations: <none>

LUTLP-2#127 Warning
Combinatorial Loop Allowed  
3 LUT cells form a combinatorial loop. This can create a race condition. Timing analysis may not be accurate. The preferred resolution is to modify the design to remove combinatorial logic loops. This loop has been identified in the constraints as being known and understood by use of the ALLOW_COMBINATORIAL_LOOPS property on a net in the loop. The cells in the loop are: heat_gen[0].heat_inst/ro_gen[213].ro/ro_0,
heat_gen[0].heat_inst/ro_gen[213].ro/ro_1
heat_gen[0].heat_inst/ro_gen[213].ro/ro_2.
Related violations: <none>

LUTLP-2#128 Warning
Combinatorial Loop Allowed  
3 LUT cells form a combinatorial loop. This can create a race condition. Timing analysis may not be accurate. The preferred resolution is to modify the design to remove combinatorial logic loops. This loop has been identified in the constraints as being known and understood by use of the ALLOW_COMBINATORIAL_LOOPS property on a net in the loop. The cells in the loop are: heat_gen[0].heat_inst/ro_gen[214].ro/ro_0,
heat_gen[0].heat_inst/ro_gen[214].ro/ro_1
heat_gen[0].heat_inst/ro_gen[214].ro/ro_2.
Related violations: <none>

LUTLP-2#129 Warning
Combinatorial Loop Allowed  
3 LUT cells form a combinatorial loop. This can create a race condition. Timing analysis may not be accurate. The preferred resolution is to modify the design to remove combinatorial logic loops. This loop has been identified in the constraints as being known and understood by use of the ALLOW_COMBINATORIAL_LOOPS property on a net in the loop. The cells in the loop are: heat_gen[0].heat_inst/ro_gen[215].ro/ro_0,
heat_gen[0].heat_inst/ro_gen[215].ro/ro_1
heat_gen[0].heat_inst/ro_gen[215].ro/ro_2.
Related violations: <none>

LUTLP-2#130 Warning
Combinatorial Loop Allowed  
3 LUT cells form a combinatorial loop. This can create a race condition. Timing analysis may not be accurate. The preferred resolution is to modify the design to remove combinatorial logic loops. This loop has been identified in the constraints as being known and understood by use of the ALLOW_COMBINATORIAL_LOOPS property on a net in the loop. The cells in the loop are: heat_gen[0].heat_inst/ro_gen[216].ro/ro_0,
heat_gen[0].heat_inst/ro_gen[216].ro/ro_1
heat_gen[0].heat_inst/ro_gen[216].ro/ro_2.
Related violations: <none>

LUTLP-2#131 Warning
Combinatorial Loop Allowed  
3 LUT cells form a combinatorial loop. This can create a race condition. Timing analysis may not be accurate. The preferred resolution is to modify the design to remove combinatorial logic loops. This loop has been identified in the constraints as being known and understood by use of the ALLOW_COMBINATORIAL_LOOPS property on a net in the loop. The cells in the loop are: heat_gen[0].heat_inst/ro_gen[217].ro/ro_0,
heat_gen[0].heat_inst/ro_gen[217].ro/ro_1
heat_gen[0].heat_inst/ro_gen[217].ro/ro_2.
Related violations: <none>

LUTLP-2#132 Warning
Combinatorial Loop Allowed  
3 LUT cells form a combinatorial loop. This can create a race condition. Timing analysis may not be accurate. The preferred resolution is to modify the design to remove combinatorial logic loops. This loop has been identified in the constraints as being known and understood by use of the ALLOW_COMBINATORIAL_LOOPS property on a net in the loop. The cells in the loop are: heat_gen[0].heat_inst/ro_gen[218].ro/ro_0,
heat_gen[0].heat_inst/ro_gen[218].ro/ro_1
heat_gen[0].heat_inst/ro_gen[218].ro/ro_2.
Related violations: <none>

LUTLP-2#133 Warning
Combinatorial Loop Allowed  
3 LUT cells form a combinatorial loop. This can create a race condition. Timing analysis may not be accurate. The preferred resolution is to modify the design to remove combinatorial logic loops. This loop has been identified in the constraints as being known and understood by use of the ALLOW_COMBINATORIAL_LOOPS property on a net in the loop. The cells in the loop are: heat_gen[0].heat_inst/ro_gen[219].ro/ro_0,
heat_gen[0].heat_inst/ro_gen[219].ro/ro_1
heat_gen[0].heat_inst/ro_gen[219].ro/ro_2.
Related violations: <none>

LUTLP-2#134 Warning
Combinatorial Loop Allowed  
3 LUT cells form a combinatorial loop. This can create a race condition. Timing analysis may not be accurate. The preferred resolution is to modify the design to remove combinatorial logic loops. This loop has been identified in the constraints as being known and understood by use of the ALLOW_COMBINATORIAL_LOOPS property on a net in the loop. The cells in the loop are: heat_gen[0].heat_inst/ro_gen[21].ro/ro_0,
heat_gen[0].heat_inst/ro_gen[21].ro/ro_1
heat_gen[0].heat_inst/ro_gen[21].ro/ro_2.
Related violations: <none>

LUTLP-2#135 Warning
Combinatorial Loop Allowed  
3 LUT cells form a combinatorial loop. This can create a race condition. Timing analysis may not be accurate. The preferred resolution is to modify the design to remove combinatorial logic loops. This loop has been identified in the constraints as being known and understood by use of the ALLOW_COMBINATORIAL_LOOPS property on a net in the loop. The cells in the loop are: heat_gen[0].heat_inst/ro_gen[220].ro/ro_0,
heat_gen[0].heat_inst/ro_gen[220].ro/ro_1
heat_gen[0].heat_inst/ro_gen[220].ro/ro_2.
Related violations: <none>

LUTLP-2#136 Warning
Combinatorial Loop Allowed  
3 LUT cells form a combinatorial loop. This can create a race condition. Timing analysis may not be accurate. The preferred resolution is to modify the design to remove combinatorial logic loops. This loop has been identified in the constraints as being known and understood by use of the ALLOW_COMBINATORIAL_LOOPS property on a net in the loop. The cells in the loop are: heat_gen[0].heat_inst/ro_gen[221].ro/ro_0,
heat_gen[0].heat_inst/ro_gen[221].ro/ro_1
heat_gen[0].heat_inst/ro_gen[221].ro/ro_2.
Related violations: <none>

LUTLP-2#137 Warning
Combinatorial Loop Allowed  
3 LUT cells form a combinatorial loop. This can create a race condition. Timing analysis may not be accurate. The preferred resolution is to modify the design to remove combinatorial logic loops. This loop has been identified in the constraints as being known and understood by use of the ALLOW_COMBINATORIAL_LOOPS property on a net in the loop. The cells in the loop are: heat_gen[0].heat_inst/ro_gen[222].ro/ro_0,
heat_gen[0].heat_inst/ro_gen[222].ro/ro_1
heat_gen[0].heat_inst/ro_gen[222].ro/ro_2.
Related violations: <none>

LUTLP-2#138 Warning
Combinatorial Loop Allowed  
3 LUT cells form a combinatorial loop. This can create a race condition. Timing analysis may not be accurate. The preferred resolution is to modify the design to remove combinatorial logic loops. This loop has been identified in the constraints as being known and understood by use of the ALLOW_COMBINATORIAL_LOOPS property on a net in the loop. The cells in the loop are: heat_gen[0].heat_inst/ro_gen[223].ro/ro_0,
heat_gen[0].heat_inst/ro_gen[223].ro/ro_1
heat_gen[0].heat_inst/ro_gen[223].ro/ro_2.
Related violations: <none>

LUTLP-2#139 Warning
Combinatorial Loop Allowed  
3 LUT cells form a combinatorial loop. This can create a race condition. Timing analysis may not be accurate. The preferred resolution is to modify the design to remove combinatorial logic loops. This loop has been identified in the constraints as being known and understood by use of the ALLOW_COMBINATORIAL_LOOPS property on a net in the loop. The cells in the loop are: heat_gen[0].heat_inst/ro_gen[224].ro/ro_0,
heat_gen[0].heat_inst/ro_gen[224].ro/ro_1
heat_gen[0].heat_inst/ro_gen[224].ro/ro_2.
Related violations: <none>

LUTLP-2#140 Warning
Combinatorial Loop Allowed  
3 LUT cells form a combinatorial loop. This can create a race condition. Timing analysis may not be accurate. The preferred resolution is to modify the design to remove combinatorial logic loops. This loop has been identified in the constraints as being known and understood by use of the ALLOW_COMBINATORIAL_LOOPS property on a net in the loop. The cells in the loop are: heat_gen[0].heat_inst/ro_gen[225].ro/ro_0,
heat_gen[0].heat_inst/ro_gen[225].ro/ro_1
heat_gen[0].heat_inst/ro_gen[225].ro/ro_2.
Related violations: <none>

LUTLP-2#141 Warning
Combinatorial Loop Allowed  
3 LUT cells form a combinatorial loop. This can create a race condition. Timing analysis may not be accurate. The preferred resolution is to modify the design to remove combinatorial logic loops. This loop has been identified in the constraints as being known and understood by use of the ALLOW_COMBINATORIAL_LOOPS property on a net in the loop. The cells in the loop are: heat_gen[0].heat_inst/ro_gen[226].ro/ro_0,
heat_gen[0].heat_inst/ro_gen[226].ro/ro_1
heat_gen[0].heat_inst/ro_gen[226].ro/ro_2.
Related violations: <none>

LUTLP-2#142 Warning
Combinatorial Loop Allowed  
3 LUT cells form a combinatorial loop. This can create a race condition. Timing analysis may not be accurate. The preferred resolution is to modify the design to remove combinatorial logic loops. This loop has been identified in the constraints as being known and understood by use of the ALLOW_COMBINATORIAL_LOOPS property on a net in the loop. The cells in the loop are: heat_gen[0].heat_inst/ro_gen[227].ro/ro_0,
heat_gen[0].heat_inst/ro_gen[227].ro/ro_1
heat_gen[0].heat_inst/ro_gen[227].ro/ro_2.
Related violations: <none>

LUTLP-2#143 Warning
Combinatorial Loop Allowed  
3 LUT cells form a combinatorial loop. This can create a race condition. Timing analysis may not be accurate. The preferred resolution is to modify the design to remove combinatorial logic loops. This loop has been identified in the constraints as being known and understood by use of the ALLOW_COMBINATORIAL_LOOPS property on a net in the loop. The cells in the loop are: heat_gen[0].heat_inst/ro_gen[228].ro/ro_0,
heat_gen[0].heat_inst/ro_gen[228].ro/ro_1
heat_gen[0].heat_inst/ro_gen[228].ro/ro_2.
Related violations: <none>

LUTLP-2#144 Warning
Combinatorial Loop Allowed  
3 LUT cells form a combinatorial loop. This can create a race condition. Timing analysis may not be accurate. The preferred resolution is to modify the design to remove combinatorial logic loops. This loop has been identified in the constraints as being known and understood by use of the ALLOW_COMBINATORIAL_LOOPS property on a net in the loop. The cells in the loop are: heat_gen[0].heat_inst/ro_gen[229].ro/ro_0,
heat_gen[0].heat_inst/ro_gen[229].ro/ro_1
heat_gen[0].heat_inst/ro_gen[229].ro/ro_2.
Related violations: <none>

LUTLP-2#145 Warning
Combinatorial Loop Allowed  
3 LUT cells form a combinatorial loop. This can create a race condition. Timing analysis may not be accurate. The preferred resolution is to modify the design to remove combinatorial logic loops. This loop has been identified in the constraints as being known and understood by use of the ALLOW_COMBINATORIAL_LOOPS property on a net in the loop. The cells in the loop are: heat_gen[0].heat_inst/ro_gen[22].ro/ro_0,
heat_gen[0].heat_inst/ro_gen[22].ro/ro_1
heat_gen[0].heat_inst/ro_gen[22].ro/ro_2.
Related violations: <none>

LUTLP-2#146 Warning
Combinatorial Loop Allowed  
3 LUT cells form a combinatorial loop. This can create a race condition. Timing analysis may not be accurate. The preferred resolution is to modify the design to remove combinatorial logic loops. This loop has been identified in the constraints as being known and understood by use of the ALLOW_COMBINATORIAL_LOOPS property on a net in the loop. The cells in the loop are: heat_gen[0].heat_inst/ro_gen[230].ro/ro_0,
heat_gen[0].heat_inst/ro_gen[230].ro/ro_1
heat_gen[0].heat_inst/ro_gen[230].ro/ro_2.
Related violations: <none>

LUTLP-2#147 Warning
Combinatorial Loop Allowed  
3 LUT cells form a combinatorial loop. This can create a race condition. Timing analysis may not be accurate. The preferred resolution is to modify the design to remove combinatorial logic loops. This loop has been identified in the constraints as being known and understood by use of the ALLOW_COMBINATORIAL_LOOPS property on a net in the loop. The cells in the loop are: heat_gen[0].heat_inst/ro_gen[231].ro/ro_0,
heat_gen[0].heat_inst/ro_gen[231].ro/ro_1
heat_gen[0].heat_inst/ro_gen[231].ro/ro_2.
Related violations: <none>

LUTLP-2#148 Warning
Combinatorial Loop Allowed  
3 LUT cells form a combinatorial loop. This can create a race condition. Timing analysis may not be accurate. The preferred resolution is to modify the design to remove combinatorial logic loops. This loop has been identified in the constraints as being known and understood by use of the ALLOW_COMBINATORIAL_LOOPS property on a net in the loop. The cells in the loop are: heat_gen[0].heat_inst/ro_gen[232].ro/ro_0,
heat_gen[0].heat_inst/ro_gen[232].ro/ro_1
heat_gen[0].heat_inst/ro_gen[232].ro/ro_2.
Related violations: <none>

LUTLP-2#149 Warning
Combinatorial Loop Allowed  
3 LUT cells form a combinatorial loop. This can create a race condition. Timing analysis may not be accurate. The preferred resolution is to modify the design to remove combinatorial logic loops. This loop has been identified in the constraints as being known and understood by use of the ALLOW_COMBINATORIAL_LOOPS property on a net in the loop. The cells in the loop are: heat_gen[0].heat_inst/ro_gen[233].ro/ro_0,
heat_gen[0].heat_inst/ro_gen[233].ro/ro_1
heat_gen[0].heat_inst/ro_gen[233].ro/ro_2.
Related violations: <none>

LUTLP-2#150 Warning
Combinatorial Loop Allowed  
3 LUT cells form a combinatorial loop. This can create a race condition. Timing analysis may not be accurate. The preferred resolution is to modify the design to remove combinatorial logic loops. This loop has been identified in the constraints as being known and understood by use of the ALLOW_COMBINATORIAL_LOOPS property on a net in the loop. The cells in the loop are: heat_gen[0].heat_inst/ro_gen[234].ro/ro_0,
heat_gen[0].heat_inst/ro_gen[234].ro/ro_1
heat_gen[0].heat_inst/ro_gen[234].ro/ro_2.
Related violations: <none>

LUTLP-2#151 Warning
Combinatorial Loop Allowed  
3 LUT cells form a combinatorial loop. This can create a race condition. Timing analysis may not be accurate. The preferred resolution is to modify the design to remove combinatorial logic loops. This loop has been identified in the constraints as being known and understood by use of the ALLOW_COMBINATORIAL_LOOPS property on a net in the loop. The cells in the loop are: heat_gen[0].heat_inst/ro_gen[235].ro/ro_0,
heat_gen[0].heat_inst/ro_gen[235].ro/ro_1
heat_gen[0].heat_inst/ro_gen[235].ro/ro_2.
Related violations: <none>

LUTLP-2#152 Warning
Combinatorial Loop Allowed  
3 LUT cells form a combinatorial loop. This can create a race condition. Timing analysis may not be accurate. The preferred resolution is to modify the design to remove combinatorial logic loops. This loop has been identified in the constraints as being known and understood by use of the ALLOW_COMBINATORIAL_LOOPS property on a net in the loop. The cells in the loop are: heat_gen[0].heat_inst/ro_gen[236].ro/ro_0,
heat_gen[0].heat_inst/ro_gen[236].ro/ro_1
heat_gen[0].heat_inst/ro_gen[236].ro/ro_2.
Related violations: <none>

LUTLP-2#153 Warning
Combinatorial Loop Allowed  
3 LUT cells form a combinatorial loop. This can create a race condition. Timing analysis may not be accurate. The preferred resolution is to modify the design to remove combinatorial logic loops. This loop has been identified in the constraints as being known and understood by use of the ALLOW_COMBINATORIAL_LOOPS property on a net in the loop. The cells in the loop are: heat_gen[0].heat_inst/ro_gen[237].ro/ro_0,
heat_gen[0].heat_inst/ro_gen[237].ro/ro_1
heat_gen[0].heat_inst/ro_gen[237].ro/ro_2.
Related violations: <none>

LUTLP-2#154 Warning
Combinatorial Loop Allowed  
3 LUT cells form a combinatorial loop. This can create a race condition. Timing analysis may not be accurate. The preferred resolution is to modify the design to remove combinatorial logic loops. This loop has been identified in the constraints as being known and understood by use of the ALLOW_COMBINATORIAL_LOOPS property on a net in the loop. The cells in the loop are: heat_gen[0].heat_inst/ro_gen[238].ro/ro_0,
heat_gen[0].heat_inst/ro_gen[238].ro/ro_1
heat_gen[0].heat_inst/ro_gen[238].ro/ro_2.
Related violations: <none>

LUTLP-2#155 Warning
Combinatorial Loop Allowed  
3 LUT cells form a combinatorial loop. This can create a race condition. Timing analysis may not be accurate. The preferred resolution is to modify the design to remove combinatorial logic loops. This loop has been identified in the constraints as being known and understood by use of the ALLOW_COMBINATORIAL_LOOPS property on a net in the loop. The cells in the loop are: heat_gen[0].heat_inst/ro_gen[239].ro/ro_0,
heat_gen[0].heat_inst/ro_gen[239].ro/ro_1
heat_gen[0].heat_inst/ro_gen[239].ro/ro_2.
Related violations: <none>

LUTLP-2#156 Warning
Combinatorial Loop Allowed  
3 LUT cells form a combinatorial loop. This can create a race condition. Timing analysis may not be accurate. The preferred resolution is to modify the design to remove combinatorial logic loops. This loop has been identified in the constraints as being known and understood by use of the ALLOW_COMBINATORIAL_LOOPS property on a net in the loop. The cells in the loop are: heat_gen[0].heat_inst/ro_gen[23].ro/ro_0,
heat_gen[0].heat_inst/ro_gen[23].ro/ro_1
heat_gen[0].heat_inst/ro_gen[23].ro/ro_2.
Related violations: <none>

LUTLP-2#157 Warning
Combinatorial Loop Allowed  
3 LUT cells form a combinatorial loop. This can create a race condition. Timing analysis may not be accurate. The preferred resolution is to modify the design to remove combinatorial logic loops. This loop has been identified in the constraints as being known and understood by use of the ALLOW_COMBINATORIAL_LOOPS property on a net in the loop. The cells in the loop are: heat_gen[0].heat_inst/ro_gen[240].ro/ro_0,
heat_gen[0].heat_inst/ro_gen[240].ro/ro_1
heat_gen[0].heat_inst/ro_gen[240].ro/ro_2.
Related violations: <none>

LUTLP-2#158 Warning
Combinatorial Loop Allowed  
3 LUT cells form a combinatorial loop. This can create a race condition. Timing analysis may not be accurate. The preferred resolution is to modify the design to remove combinatorial logic loops. This loop has been identified in the constraints as being known and understood by use of the ALLOW_COMBINATORIAL_LOOPS property on a net in the loop. The cells in the loop are: heat_gen[0].heat_inst/ro_gen[241].ro/ro_0,
heat_gen[0].heat_inst/ro_gen[241].ro/ro_1
heat_gen[0].heat_inst/ro_gen[241].ro/ro_2.
Related violations: <none>

LUTLP-2#159 Warning
Combinatorial Loop Allowed  
3 LUT cells form a combinatorial loop. This can create a race condition. Timing analysis may not be accurate. The preferred resolution is to modify the design to remove combinatorial logic loops. This loop has been identified in the constraints as being known and understood by use of the ALLOW_COMBINATORIAL_LOOPS property on a net in the loop. The cells in the loop are: heat_gen[0].heat_inst/ro_gen[242].ro/ro_0,
heat_gen[0].heat_inst/ro_gen[242].ro/ro_1
heat_gen[0].heat_inst/ro_gen[242].ro/ro_2.
Related violations: <none>

LUTLP-2#160 Warning
Combinatorial Loop Allowed  
3 LUT cells form a combinatorial loop. This can create a race condition. Timing analysis may not be accurate. The preferred resolution is to modify the design to remove combinatorial logic loops. This loop has been identified in the constraints as being known and understood by use of the ALLOW_COMBINATORIAL_LOOPS property on a net in the loop. The cells in the loop are: heat_gen[0].heat_inst/ro_gen[243].ro/ro_0,
heat_gen[0].heat_inst/ro_gen[243].ro/ro_1
heat_gen[0].heat_inst/ro_gen[243].ro/ro_2.
Related violations: <none>

LUTLP-2#161 Warning
Combinatorial Loop Allowed  
3 LUT cells form a combinatorial loop. This can create a race condition. Timing analysis may not be accurate. The preferred resolution is to modify the design to remove combinatorial logic loops. This loop has been identified in the constraints as being known and understood by use of the ALLOW_COMBINATORIAL_LOOPS property on a net in the loop. The cells in the loop are: heat_gen[0].heat_inst/ro_gen[244].ro/ro_0,
heat_gen[0].heat_inst/ro_gen[244].ro/ro_1
heat_gen[0].heat_inst/ro_gen[244].ro/ro_2.
Related violations: <none>

LUTLP-2#162 Warning
Combinatorial Loop Allowed  
3 LUT cells form a combinatorial loop. This can create a race condition. Timing analysis may not be accurate. The preferred resolution is to modify the design to remove combinatorial logic loops. This loop has been identified in the constraints as being known and understood by use of the ALLOW_COMBINATORIAL_LOOPS property on a net in the loop. The cells in the loop are: heat_gen[0].heat_inst/ro_gen[245].ro/ro_0,
heat_gen[0].heat_inst/ro_gen[245].ro/ro_1
heat_gen[0].heat_inst/ro_gen[245].ro/ro_2.
Related violations: <none>

LUTLP-2#163 Warning
Combinatorial Loop Allowed  
3 LUT cells form a combinatorial loop. This can create a race condition. Timing analysis may not be accurate. The preferred resolution is to modify the design to remove combinatorial logic loops. This loop has been identified in the constraints as being known and understood by use of the ALLOW_COMBINATORIAL_LOOPS property on a net in the loop. The cells in the loop are: heat_gen[0].heat_inst/ro_gen[246].ro/ro_0,
heat_gen[0].heat_inst/ro_gen[246].ro/ro_1
heat_gen[0].heat_inst/ro_gen[246].ro/ro_2.
Related violations: <none>

LUTLP-2#164 Warning
Combinatorial Loop Allowed  
3 LUT cells form a combinatorial loop. This can create a race condition. Timing analysis may not be accurate. The preferred resolution is to modify the design to remove combinatorial logic loops. This loop has been identified in the constraints as being known and understood by use of the ALLOW_COMBINATORIAL_LOOPS property on a net in the loop. The cells in the loop are: heat_gen[0].heat_inst/ro_gen[247].ro/ro_0,
heat_gen[0].heat_inst/ro_gen[247].ro/ro_1
heat_gen[0].heat_inst/ro_gen[247].ro/ro_2.
Related violations: <none>

LUTLP-2#165 Warning
Combinatorial Loop Allowed  
3 LUT cells form a combinatorial loop. This can create a race condition. Timing analysis may not be accurate. The preferred resolution is to modify the design to remove combinatorial logic loops. This loop has been identified in the constraints as being known and understood by use of the ALLOW_COMBINATORIAL_LOOPS property on a net in the loop. The cells in the loop are: heat_gen[0].heat_inst/ro_gen[248].ro/ro_0,
heat_gen[0].heat_inst/ro_gen[248].ro/ro_1
heat_gen[0].heat_inst/ro_gen[248].ro/ro_2.
Related violations: <none>

LUTLP-2#166 Warning
Combinatorial Loop Allowed  
3 LUT cells form a combinatorial loop. This can create a race condition. Timing analysis may not be accurate. The preferred resolution is to modify the design to remove combinatorial logic loops. This loop has been identified in the constraints as being known and understood by use of the ALLOW_COMBINATORIAL_LOOPS property on a net in the loop. The cells in the loop are: heat_gen[0].heat_inst/ro_gen[249].ro/ro_0,
heat_gen[0].heat_inst/ro_gen[249].ro/ro_1
heat_gen[0].heat_inst/ro_gen[249].ro/ro_2.
Related violations: <none>

LUTLP-2#167 Warning
Combinatorial Loop Allowed  
3 LUT cells form a combinatorial loop. This can create a race condition. Timing analysis may not be accurate. The preferred resolution is to modify the design to remove combinatorial logic loops. This loop has been identified in the constraints as being known and understood by use of the ALLOW_COMBINATORIAL_LOOPS property on a net in the loop. The cells in the loop are: heat_gen[0].heat_inst/ro_gen[24].ro/ro_0,
heat_gen[0].heat_inst/ro_gen[24].ro/ro_1
heat_gen[0].heat_inst/ro_gen[24].ro/ro_2.
Related violations: <none>

LUTLP-2#168 Warning
Combinatorial Loop Allowed  
3 LUT cells form a combinatorial loop. This can create a race condition. Timing analysis may not be accurate. The preferred resolution is to modify the design to remove combinatorial logic loops. This loop has been identified in the constraints as being known and understood by use of the ALLOW_COMBINATORIAL_LOOPS property on a net in the loop. The cells in the loop are: heat_gen[0].heat_inst/ro_gen[250].ro/ro_0,
heat_gen[0].heat_inst/ro_gen[250].ro/ro_1
heat_gen[0].heat_inst/ro_gen[250].ro/ro_2.
Related violations: <none>

LUTLP-2#169 Warning
Combinatorial Loop Allowed  
3 LUT cells form a combinatorial loop. This can create a race condition. Timing analysis may not be accurate. The preferred resolution is to modify the design to remove combinatorial logic loops. This loop has been identified in the constraints as being known and understood by use of the ALLOW_COMBINATORIAL_LOOPS property on a net in the loop. The cells in the loop are: heat_gen[0].heat_inst/ro_gen[251].ro/ro_0,
heat_gen[0].heat_inst/ro_gen[251].ro/ro_1
heat_gen[0].heat_inst/ro_gen[251].ro/ro_2.
Related violations: <none>

LUTLP-2#170 Warning
Combinatorial Loop Allowed  
3 LUT cells form a combinatorial loop. This can create a race condition. Timing analysis may not be accurate. The preferred resolution is to modify the design to remove combinatorial logic loops. This loop has been identified in the constraints as being known and understood by use of the ALLOW_COMBINATORIAL_LOOPS property on a net in the loop. The cells in the loop are: heat_gen[0].heat_inst/ro_gen[252].ro/ro_0,
heat_gen[0].heat_inst/ro_gen[252].ro/ro_1
heat_gen[0].heat_inst/ro_gen[252].ro/ro_2.
Related violations: <none>

LUTLP-2#171 Warning
Combinatorial Loop Allowed  
3 LUT cells form a combinatorial loop. This can create a race condition. Timing analysis may not be accurate. The preferred resolution is to modify the design to remove combinatorial logic loops. This loop has been identified in the constraints as being known and understood by use of the ALLOW_COMBINATORIAL_LOOPS property on a net in the loop. The cells in the loop are: heat_gen[0].heat_inst/ro_gen[253].ro/ro_0,
heat_gen[0].heat_inst/ro_gen[253].ro/ro_1
heat_gen[0].heat_inst/ro_gen[253].ro/ro_2.
Related violations: <none>

LUTLP-2#172 Warning
Combinatorial Loop Allowed  
3 LUT cells form a combinatorial loop. This can create a race condition. Timing analysis may not be accurate. The preferred resolution is to modify the design to remove combinatorial logic loops. This loop has been identified in the constraints as being known and understood by use of the ALLOW_COMBINATORIAL_LOOPS property on a net in the loop. The cells in the loop are: heat_gen[0].heat_inst/ro_gen[254].ro/ro_0,
heat_gen[0].heat_inst/ro_gen[254].ro/ro_1
heat_gen[0].heat_inst/ro_gen[254].ro/ro_2.
Related violations: <none>

LUTLP-2#173 Warning
Combinatorial Loop Allowed  
3 LUT cells form a combinatorial loop. This can create a race condition. Timing analysis may not be accurate. The preferred resolution is to modify the design to remove combinatorial logic loops. This loop has been identified in the constraints as being known and understood by use of the ALLOW_COMBINATORIAL_LOOPS property on a net in the loop. The cells in the loop are: heat_gen[0].heat_inst/ro_gen[255].ro/ro_0,
heat_gen[0].heat_inst/ro_gen[255].ro/ro_1
heat_gen[0].heat_inst/ro_gen[255].ro/ro_2.
Related violations: <none>

LUTLP-2#174 Warning
Combinatorial Loop Allowed  
3 LUT cells form a combinatorial loop. This can create a race condition. Timing analysis may not be accurate. The preferred resolution is to modify the design to remove combinatorial logic loops. This loop has been identified in the constraints as being known and understood by use of the ALLOW_COMBINATORIAL_LOOPS property on a net in the loop. The cells in the loop are: heat_gen[0].heat_inst/ro_gen[256].ro/ro_0,
heat_gen[0].heat_inst/ro_gen[256].ro/ro_1
heat_gen[0].heat_inst/ro_gen[256].ro/ro_2.
Related violations: <none>

LUTLP-2#175 Warning
Combinatorial Loop Allowed  
3 LUT cells form a combinatorial loop. This can create a race condition. Timing analysis may not be accurate. The preferred resolution is to modify the design to remove combinatorial logic loops. This loop has been identified in the constraints as being known and understood by use of the ALLOW_COMBINATORIAL_LOOPS property on a net in the loop. The cells in the loop are: heat_gen[0].heat_inst/ro_gen[257].ro/ro_0,
heat_gen[0].heat_inst/ro_gen[257].ro/ro_1
heat_gen[0].heat_inst/ro_gen[257].ro/ro_2.
Related violations: <none>

LUTLP-2#176 Warning
Combinatorial Loop Allowed  
3 LUT cells form a combinatorial loop. This can create a race condition. Timing analysis may not be accurate. The preferred resolution is to modify the design to remove combinatorial logic loops. This loop has been identified in the constraints as being known and understood by use of the ALLOW_COMBINATORIAL_LOOPS property on a net in the loop. The cells in the loop are: heat_gen[0].heat_inst/ro_gen[258].ro/ro_0,
heat_gen[0].heat_inst/ro_gen[258].ro/ro_1
heat_gen[0].heat_inst/ro_gen[258].ro/ro_2.
Related violations: <none>

LUTLP-2#177 Warning
Combinatorial Loop Allowed  
3 LUT cells form a combinatorial loop. This can create a race condition. Timing analysis may not be accurate. The preferred resolution is to modify the design to remove combinatorial logic loops. This loop has been identified in the constraints as being known and understood by use of the ALLOW_COMBINATORIAL_LOOPS property on a net in the loop. The cells in the loop are: heat_gen[0].heat_inst/ro_gen[259].ro/ro_0,
heat_gen[0].heat_inst/ro_gen[259].ro/ro_1
heat_gen[0].heat_inst/ro_gen[259].ro/ro_2.
Related violations: <none>

LUTLP-2#178 Warning
Combinatorial Loop Allowed  
3 LUT cells form a combinatorial loop. This can create a race condition. Timing analysis may not be accurate. The preferred resolution is to modify the design to remove combinatorial logic loops. This loop has been identified in the constraints as being known and understood by use of the ALLOW_COMBINATORIAL_LOOPS property on a net in the loop. The cells in the loop are: heat_gen[0].heat_inst/ro_gen[25].ro/ro_0,
heat_gen[0].heat_inst/ro_gen[25].ro/ro_1
heat_gen[0].heat_inst/ro_gen[25].ro/ro_2.
Related violations: <none>

LUTLP-2#179 Warning
Combinatorial Loop Allowed  
3 LUT cells form a combinatorial loop. This can create a race condition. Timing analysis may not be accurate. The preferred resolution is to modify the design to remove combinatorial logic loops. This loop has been identified in the constraints as being known and understood by use of the ALLOW_COMBINATORIAL_LOOPS property on a net in the loop. The cells in the loop are: heat_gen[0].heat_inst/ro_gen[260].ro/ro_0,
heat_gen[0].heat_inst/ro_gen[260].ro/ro_1
heat_gen[0].heat_inst/ro_gen[260].ro/ro_2.
Related violations: <none>

LUTLP-2#180 Warning
Combinatorial Loop Allowed  
3 LUT cells form a combinatorial loop. This can create a race condition. Timing analysis may not be accurate. The preferred resolution is to modify the design to remove combinatorial logic loops. This loop has been identified in the constraints as being known and understood by use of the ALLOW_COMBINATORIAL_LOOPS property on a net in the loop. The cells in the loop are: heat_gen[0].heat_inst/ro_gen[261].ro/ro_0,
heat_gen[0].heat_inst/ro_gen[261].ro/ro_1
heat_gen[0].heat_inst/ro_gen[261].ro/ro_2.
Related violations: <none>

LUTLP-2#181 Warning
Combinatorial Loop Allowed  
3 LUT cells form a combinatorial loop. This can create a race condition. Timing analysis may not be accurate. The preferred resolution is to modify the design to remove combinatorial logic loops. This loop has been identified in the constraints as being known and understood by use of the ALLOW_COMBINATORIAL_LOOPS property on a net in the loop. The cells in the loop are: heat_gen[0].heat_inst/ro_gen[262].ro/ro_0,
heat_gen[0].heat_inst/ro_gen[262].ro/ro_1
heat_gen[0].heat_inst/ro_gen[262].ro/ro_2.
Related violations: <none>

LUTLP-2#182 Warning
Combinatorial Loop Allowed  
3 LUT cells form a combinatorial loop. This can create a race condition. Timing analysis may not be accurate. The preferred resolution is to modify the design to remove combinatorial logic loops. This loop has been identified in the constraints as being known and understood by use of the ALLOW_COMBINATORIAL_LOOPS property on a net in the loop. The cells in the loop are: heat_gen[0].heat_inst/ro_gen[263].ro/ro_0,
heat_gen[0].heat_inst/ro_gen[263].ro/ro_1
heat_gen[0].heat_inst/ro_gen[263].ro/ro_2.
Related violations: <none>

LUTLP-2#183 Warning
Combinatorial Loop Allowed  
3 LUT cells form a combinatorial loop. This can create a race condition. Timing analysis may not be accurate. The preferred resolution is to modify the design to remove combinatorial logic loops. This loop has been identified in the constraints as being known and understood by use of the ALLOW_COMBINATORIAL_LOOPS property on a net in the loop. The cells in the loop are: heat_gen[0].heat_inst/ro_gen[264].ro/ro_0,
heat_gen[0].heat_inst/ro_gen[264].ro/ro_1
heat_gen[0].heat_inst/ro_gen[264].ro/ro_2.
Related violations: <none>

LUTLP-2#184 Warning
Combinatorial Loop Allowed  
3 LUT cells form a combinatorial loop. This can create a race condition. Timing analysis may not be accurate. The preferred resolution is to modify the design to remove combinatorial logic loops. This loop has been identified in the constraints as being known and understood by use of the ALLOW_COMBINATORIAL_LOOPS property on a net in the loop. The cells in the loop are: heat_gen[0].heat_inst/ro_gen[265].ro/ro_0,
heat_gen[0].heat_inst/ro_gen[265].ro/ro_1
heat_gen[0].heat_inst/ro_gen[265].ro/ro_2.
Related violations: <none>

LUTLP-2#185 Warning
Combinatorial Loop Allowed  
3 LUT cells form a combinatorial loop. This can create a race condition. Timing analysis may not be accurate. The preferred resolution is to modify the design to remove combinatorial logic loops. This loop has been identified in the constraints as being known and understood by use of the ALLOW_COMBINATORIAL_LOOPS property on a net in the loop. The cells in the loop are: heat_gen[0].heat_inst/ro_gen[266].ro/ro_0,
heat_gen[0].heat_inst/ro_gen[266].ro/ro_1
heat_gen[0].heat_inst/ro_gen[266].ro/ro_2.
Related violations: <none>

LUTLP-2#186 Warning
Combinatorial Loop Allowed  
3 LUT cells form a combinatorial loop. This can create a race condition. Timing analysis may not be accurate. The preferred resolution is to modify the design to remove combinatorial logic loops. This loop has been identified in the constraints as being known and understood by use of the ALLOW_COMBINATORIAL_LOOPS property on a net in the loop. The cells in the loop are: heat_gen[0].heat_inst/ro_gen[267].ro/ro_0,
heat_gen[0].heat_inst/ro_gen[267].ro/ro_1
heat_gen[0].heat_inst/ro_gen[267].ro/ro_2.
Related violations: <none>

LUTLP-2#187 Warning
Combinatorial Loop Allowed  
3 LUT cells form a combinatorial loop. This can create a race condition. Timing analysis may not be accurate. The preferred resolution is to modify the design to remove combinatorial logic loops. This loop has been identified in the constraints as being known and understood by use of the ALLOW_COMBINATORIAL_LOOPS property on a net in the loop. The cells in the loop are: heat_gen[0].heat_inst/ro_gen[268].ro/ro_0,
heat_gen[0].heat_inst/ro_gen[268].ro/ro_1
heat_gen[0].heat_inst/ro_gen[268].ro/ro_2.
Related violations: <none>

LUTLP-2#188 Warning
Combinatorial Loop Allowed  
3 LUT cells form a combinatorial loop. This can create a race condition. Timing analysis may not be accurate. The preferred resolution is to modify the design to remove combinatorial logic loops. This loop has been identified in the constraints as being known and understood by use of the ALLOW_COMBINATORIAL_LOOPS property on a net in the loop. The cells in the loop are: heat_gen[0].heat_inst/ro_gen[269].ro/ro_0,
heat_gen[0].heat_inst/ro_gen[269].ro/ro_1
heat_gen[0].heat_inst/ro_gen[269].ro/ro_2.
Related violations: <none>

LUTLP-2#189 Warning
Combinatorial Loop Allowed  
3 LUT cells form a combinatorial loop. This can create a race condition. Timing analysis may not be accurate. The preferred resolution is to modify the design to remove combinatorial logic loops. This loop has been identified in the constraints as being known and understood by use of the ALLOW_COMBINATORIAL_LOOPS property on a net in the loop. The cells in the loop are: heat_gen[0].heat_inst/ro_gen[26].ro/ro_0,
heat_gen[0].heat_inst/ro_gen[26].ro/ro_1
heat_gen[0].heat_inst/ro_gen[26].ro/ro_2.
Related violations: <none>

LUTLP-2#190 Warning
Combinatorial Loop Allowed  
3 LUT cells form a combinatorial loop. This can create a race condition. Timing analysis may not be accurate. The preferred resolution is to modify the design to remove combinatorial logic loops. This loop has been identified in the constraints as being known and understood by use of the ALLOW_COMBINATORIAL_LOOPS property on a net in the loop. The cells in the loop are: heat_gen[0].heat_inst/ro_gen[270].ro/ro_0,
heat_gen[0].heat_inst/ro_gen[270].ro/ro_1
heat_gen[0].heat_inst/ro_gen[270].ro/ro_2.
Related violations: <none>

LUTLP-2#191 Warning
Combinatorial Loop Allowed  
3 LUT cells form a combinatorial loop. This can create a race condition. Timing analysis may not be accurate. The preferred resolution is to modify the design to remove combinatorial logic loops. This loop has been identified in the constraints as being known and understood by use of the ALLOW_COMBINATORIAL_LOOPS property on a net in the loop. The cells in the loop are: heat_gen[0].heat_inst/ro_gen[271].ro/ro_0,
heat_gen[0].heat_inst/ro_gen[271].ro/ro_1
heat_gen[0].heat_inst/ro_gen[271].ro/ro_2.
Related violations: <none>

LUTLP-2#192 Warning
Combinatorial Loop Allowed  
3 LUT cells form a combinatorial loop. This can create a race condition. Timing analysis may not be accurate. The preferred resolution is to modify the design to remove combinatorial logic loops. This loop has been identified in the constraints as being known and understood by use of the ALLOW_COMBINATORIAL_LOOPS property on a net in the loop. The cells in the loop are: heat_gen[0].heat_inst/ro_gen[272].ro/ro_0,
heat_gen[0].heat_inst/ro_gen[272].ro/ro_1
heat_gen[0].heat_inst/ro_gen[272].ro/ro_2.
Related violations: <none>

LUTLP-2#193 Warning
Combinatorial Loop Allowed  
3 LUT cells form a combinatorial loop. This can create a race condition. Timing analysis may not be accurate. The preferred resolution is to modify the design to remove combinatorial logic loops. This loop has been identified in the constraints as being known and understood by use of the ALLOW_COMBINATORIAL_LOOPS property on a net in the loop. The cells in the loop are: heat_gen[0].heat_inst/ro_gen[273].ro/ro_0,
heat_gen[0].heat_inst/ro_gen[273].ro/ro_1
heat_gen[0].heat_inst/ro_gen[273].ro/ro_2.
Related violations: <none>

LUTLP-2#194 Warning
Combinatorial Loop Allowed  
3 LUT cells form a combinatorial loop. This can create a race condition. Timing analysis may not be accurate. The preferred resolution is to modify the design to remove combinatorial logic loops. This loop has been identified in the constraints as being known and understood by use of the ALLOW_COMBINATORIAL_LOOPS property on a net in the loop. The cells in the loop are: heat_gen[0].heat_inst/ro_gen[274].ro/ro_0,
heat_gen[0].heat_inst/ro_gen[274].ro/ro_1
heat_gen[0].heat_inst/ro_gen[274].ro/ro_2.
Related violations: <none>

LUTLP-2#195 Warning
Combinatorial Loop Allowed  
3 LUT cells form a combinatorial loop. This can create a race condition. Timing analysis may not be accurate. The preferred resolution is to modify the design to remove combinatorial logic loops. This loop has been identified in the constraints as being known and understood by use of the ALLOW_COMBINATORIAL_LOOPS property on a net in the loop. The cells in the loop are: heat_gen[0].heat_inst/ro_gen[275].ro/ro_0,
heat_gen[0].heat_inst/ro_gen[275].ro/ro_1
heat_gen[0].heat_inst/ro_gen[275].ro/ro_2.
Related violations: <none>

LUTLP-2#196 Warning
Combinatorial Loop Allowed  
3 LUT cells form a combinatorial loop. This can create a race condition. Timing analysis may not be accurate. The preferred resolution is to modify the design to remove combinatorial logic loops. This loop has been identified in the constraints as being known and understood by use of the ALLOW_COMBINATORIAL_LOOPS property on a net in the loop. The cells in the loop are: heat_gen[0].heat_inst/ro_gen[276].ro/ro_0,
heat_gen[0].heat_inst/ro_gen[276].ro/ro_1
heat_gen[0].heat_inst/ro_gen[276].ro/ro_2.
Related violations: <none>

LUTLP-2#197 Warning
Combinatorial Loop Allowed  
3 LUT cells form a combinatorial loop. This can create a race condition. Timing analysis may not be accurate. The preferred resolution is to modify the design to remove combinatorial logic loops. This loop has been identified in the constraints as being known and understood by use of the ALLOW_COMBINATORIAL_LOOPS property on a net in the loop. The cells in the loop are: heat_gen[0].heat_inst/ro_gen[277].ro/ro_0,
heat_gen[0].heat_inst/ro_gen[277].ro/ro_1
heat_gen[0].heat_inst/ro_gen[277].ro/ro_2.
Related violations: <none>

LUTLP-2#198 Warning
Combinatorial Loop Allowed  
3 LUT cells form a combinatorial loop. This can create a race condition. Timing analysis may not be accurate. The preferred resolution is to modify the design to remove combinatorial logic loops. This loop has been identified in the constraints as being known and understood by use of the ALLOW_COMBINATORIAL_LOOPS property on a net in the loop. The cells in the loop are: heat_gen[0].heat_inst/ro_gen[278].ro/ro_0,
heat_gen[0].heat_inst/ro_gen[278].ro/ro_1
heat_gen[0].heat_inst/ro_gen[278].ro/ro_2.
Related violations: <none>

LUTLP-2#199 Warning
Combinatorial Loop Allowed  
3 LUT cells form a combinatorial loop. This can create a race condition. Timing analysis may not be accurate. The preferred resolution is to modify the design to remove combinatorial logic loops. This loop has been identified in the constraints as being known and understood by use of the ALLOW_COMBINATORIAL_LOOPS property on a net in the loop. The cells in the loop are: heat_gen[0].heat_inst/ro_gen[279].ro/ro_0,
heat_gen[0].heat_inst/ro_gen[279].ro/ro_1
heat_gen[0].heat_inst/ro_gen[279].ro/ro_2.
Related violations: <none>

LUTLP-2#200 Warning
Combinatorial Loop Allowed  
3 LUT cells form a combinatorial loop. This can create a race condition. Timing analysis may not be accurate. The preferred resolution is to modify the design to remove combinatorial logic loops. This loop has been identified in the constraints as being known and understood by use of the ALLOW_COMBINATORIAL_LOOPS property on a net in the loop. The cells in the loop are: heat_gen[0].heat_inst/ro_gen[27].ro/ro_0,
heat_gen[0].heat_inst/ro_gen[27].ro/ro_1
heat_gen[0].heat_inst/ro_gen[27].ro/ro_2.
Related violations: <none>

LUTLP-2#201 Warning
Combinatorial Loop Allowed  
3 LUT cells form a combinatorial loop. This can create a race condition. Timing analysis may not be accurate. The preferred resolution is to modify the design to remove combinatorial logic loops. This loop has been identified in the constraints as being known and understood by use of the ALLOW_COMBINATORIAL_LOOPS property on a net in the loop. The cells in the loop are: heat_gen[0].heat_inst/ro_gen[280].ro/ro_0,
heat_gen[0].heat_inst/ro_gen[280].ro/ro_1
heat_gen[0].heat_inst/ro_gen[280].ro/ro_2.
Related violations: <none>

LUTLP-2#202 Warning
Combinatorial Loop Allowed  
3 LUT cells form a combinatorial loop. This can create a race condition. Timing analysis may not be accurate. The preferred resolution is to modify the design to remove combinatorial logic loops. This loop has been identified in the constraints as being known and understood by use of the ALLOW_COMBINATORIAL_LOOPS property on a net in the loop. The cells in the loop are: heat_gen[0].heat_inst/ro_gen[281].ro/ro_0,
heat_gen[0].heat_inst/ro_gen[281].ro/ro_1
heat_gen[0].heat_inst/ro_gen[281].ro/ro_2.
Related violations: <none>

LUTLP-2#203 Warning
Combinatorial Loop Allowed  
3 LUT cells form a combinatorial loop. This can create a race condition. Timing analysis may not be accurate. The preferred resolution is to modify the design to remove combinatorial logic loops. This loop has been identified in the constraints as being known and understood by use of the ALLOW_COMBINATORIAL_LOOPS property on a net in the loop. The cells in the loop are: heat_gen[0].heat_inst/ro_gen[282].ro/ro_0,
heat_gen[0].heat_inst/ro_gen[282].ro/ro_1
heat_gen[0].heat_inst/ro_gen[282].ro/ro_2.
Related violations: <none>

LUTLP-2#204 Warning
Combinatorial Loop Allowed  
3 LUT cells form a combinatorial loop. This can create a race condition. Timing analysis may not be accurate. The preferred resolution is to modify the design to remove combinatorial logic loops. This loop has been identified in the constraints as being known and understood by use of the ALLOW_COMBINATORIAL_LOOPS property on a net in the loop. The cells in the loop are: heat_gen[0].heat_inst/ro_gen[283].ro/ro_0,
heat_gen[0].heat_inst/ro_gen[283].ro/ro_1
heat_gen[0].heat_inst/ro_gen[283].ro/ro_2.
Related violations: <none>

LUTLP-2#205 Warning
Combinatorial Loop Allowed  
3 LUT cells form a combinatorial loop. This can create a race condition. Timing analysis may not be accurate. The preferred resolution is to modify the design to remove combinatorial logic loops. This loop has been identified in the constraints as being known and understood by use of the ALLOW_COMBINATORIAL_LOOPS property on a net in the loop. The cells in the loop are: heat_gen[0].heat_inst/ro_gen[284].ro/ro_0,
heat_gen[0].heat_inst/ro_gen[284].ro/ro_1
heat_gen[0].heat_inst/ro_gen[284].ro/ro_2.
Related violations: <none>

LUTLP-2#206 Warning
Combinatorial Loop Allowed  
3 LUT cells form a combinatorial loop. This can create a race condition. Timing analysis may not be accurate. The preferred resolution is to modify the design to remove combinatorial logic loops. This loop has been identified in the constraints as being known and understood by use of the ALLOW_COMBINATORIAL_LOOPS property on a net in the loop. The cells in the loop are: heat_gen[0].heat_inst/ro_gen[285].ro/ro_0,
heat_gen[0].heat_inst/ro_gen[285].ro/ro_1
heat_gen[0].heat_inst/ro_gen[285].ro/ro_2.
Related violations: <none>

LUTLP-2#207 Warning
Combinatorial Loop Allowed  
3 LUT cells form a combinatorial loop. This can create a race condition. Timing analysis may not be accurate. The preferred resolution is to modify the design to remove combinatorial logic loops. This loop has been identified in the constraints as being known and understood by use of the ALLOW_COMBINATORIAL_LOOPS property on a net in the loop. The cells in the loop are: heat_gen[0].heat_inst/ro_gen[286].ro/ro_0,
heat_gen[0].heat_inst/ro_gen[286].ro/ro_1
heat_gen[0].heat_inst/ro_gen[286].ro/ro_2.
Related violations: <none>

LUTLP-2#208 Warning
Combinatorial Loop Allowed  
3 LUT cells form a combinatorial loop. This can create a race condition. Timing analysis may not be accurate. The preferred resolution is to modify the design to remove combinatorial logic loops. This loop has been identified in the constraints as being known and understood by use of the ALLOW_COMBINATORIAL_LOOPS property on a net in the loop. The cells in the loop are: heat_gen[0].heat_inst/ro_gen[287].ro/ro_0,
heat_gen[0].heat_inst/ro_gen[287].ro/ro_1
heat_gen[0].heat_inst/ro_gen[287].ro/ro_2.
Related violations: <none>

LUTLP-2#209 Warning
Combinatorial Loop Allowed  
3 LUT cells form a combinatorial loop. This can create a race condition. Timing analysis may not be accurate. The preferred resolution is to modify the design to remove combinatorial logic loops. This loop has been identified in the constraints as being known and understood by use of the ALLOW_COMBINATORIAL_LOOPS property on a net in the loop. The cells in the loop are: heat_gen[0].heat_inst/ro_gen[288].ro/ro_0,
heat_gen[0].heat_inst/ro_gen[288].ro/ro_1
heat_gen[0].heat_inst/ro_gen[288].ro/ro_2.
Related violations: <none>

LUTLP-2#210 Warning
Combinatorial Loop Allowed  
3 LUT cells form a combinatorial loop. This can create a race condition. Timing analysis may not be accurate. The preferred resolution is to modify the design to remove combinatorial logic loops. This loop has been identified in the constraints as being known and understood by use of the ALLOW_COMBINATORIAL_LOOPS property on a net in the loop. The cells in the loop are: heat_gen[0].heat_inst/ro_gen[289].ro/ro_0,
heat_gen[0].heat_inst/ro_gen[289].ro/ro_1
heat_gen[0].heat_inst/ro_gen[289].ro/ro_2.
Related violations: <none>

LUTLP-2#211 Warning
Combinatorial Loop Allowed  
3 LUT cells form a combinatorial loop. This can create a race condition. Timing analysis may not be accurate. The preferred resolution is to modify the design to remove combinatorial logic loops. This loop has been identified in the constraints as being known and understood by use of the ALLOW_COMBINATORIAL_LOOPS property on a net in the loop. The cells in the loop are: heat_gen[0].heat_inst/ro_gen[28].ro/ro_0,
heat_gen[0].heat_inst/ro_gen[28].ro/ro_1
heat_gen[0].heat_inst/ro_gen[28].ro/ro_2.
Related violations: <none>

LUTLP-2#212 Warning
Combinatorial Loop Allowed  
3 LUT cells form a combinatorial loop. This can create a race condition. Timing analysis may not be accurate. The preferred resolution is to modify the design to remove combinatorial logic loops. This loop has been identified in the constraints as being known and understood by use of the ALLOW_COMBINATORIAL_LOOPS property on a net in the loop. The cells in the loop are: heat_gen[0].heat_inst/ro_gen[290].ro/ro_0,
heat_gen[0].heat_inst/ro_gen[290].ro/ro_1
heat_gen[0].heat_inst/ro_gen[290].ro/ro_2.
Related violations: <none>

LUTLP-2#213 Warning
Combinatorial Loop Allowed  
3 LUT cells form a combinatorial loop. This can create a race condition. Timing analysis may not be accurate. The preferred resolution is to modify the design to remove combinatorial logic loops. This loop has been identified in the constraints as being known and understood by use of the ALLOW_COMBINATORIAL_LOOPS property on a net in the loop. The cells in the loop are: heat_gen[0].heat_inst/ro_gen[291].ro/ro_0,
heat_gen[0].heat_inst/ro_gen[291].ro/ro_1
heat_gen[0].heat_inst/ro_gen[291].ro/ro_2.
Related violations: <none>

LUTLP-2#214 Warning
Combinatorial Loop Allowed  
3 LUT cells form a combinatorial loop. This can create a race condition. Timing analysis may not be accurate. The preferred resolution is to modify the design to remove combinatorial logic loops. This loop has been identified in the constraints as being known and understood by use of the ALLOW_COMBINATORIAL_LOOPS property on a net in the loop. The cells in the loop are: heat_gen[0].heat_inst/ro_gen[292].ro/ro_0,
heat_gen[0].heat_inst/ro_gen[292].ro/ro_1
heat_gen[0].heat_inst/ro_gen[292].ro/ro_2.
Related violations: <none>

LUTLP-2#215 Warning
Combinatorial Loop Allowed  
3 LUT cells form a combinatorial loop. This can create a race condition. Timing analysis may not be accurate. The preferred resolution is to modify the design to remove combinatorial logic loops. This loop has been identified in the constraints as being known and understood by use of the ALLOW_COMBINATORIAL_LOOPS property on a net in the loop. The cells in the loop are: heat_gen[0].heat_inst/ro_gen[293].ro/ro_0,
heat_gen[0].heat_inst/ro_gen[293].ro/ro_1
heat_gen[0].heat_inst/ro_gen[293].ro/ro_2.
Related violations: <none>

LUTLP-2#216 Warning
Combinatorial Loop Allowed  
3 LUT cells form a combinatorial loop. This can create a race condition. Timing analysis may not be accurate. The preferred resolution is to modify the design to remove combinatorial logic loops. This loop has been identified in the constraints as being known and understood by use of the ALLOW_COMBINATORIAL_LOOPS property on a net in the loop. The cells in the loop are: heat_gen[0].heat_inst/ro_gen[294].ro/ro_0,
heat_gen[0].heat_inst/ro_gen[294].ro/ro_1
heat_gen[0].heat_inst/ro_gen[294].ro/ro_2.
Related violations: <none>

LUTLP-2#217 Warning
Combinatorial Loop Allowed  
3 LUT cells form a combinatorial loop. This can create a race condition. Timing analysis may not be accurate. The preferred resolution is to modify the design to remove combinatorial logic loops. This loop has been identified in the constraints as being known and understood by use of the ALLOW_COMBINATORIAL_LOOPS property on a net in the loop. The cells in the loop are: heat_gen[0].heat_inst/ro_gen[295].ro/ro_0,
heat_gen[0].heat_inst/ro_gen[295].ro/ro_1
heat_gen[0].heat_inst/ro_gen[295].ro/ro_2.
Related violations: <none>

LUTLP-2#218 Warning
Combinatorial Loop Allowed  
3 LUT cells form a combinatorial loop. This can create a race condition. Timing analysis may not be accurate. The preferred resolution is to modify the design to remove combinatorial logic loops. This loop has been identified in the constraints as being known and understood by use of the ALLOW_COMBINATORIAL_LOOPS property on a net in the loop. The cells in the loop are: heat_gen[0].heat_inst/ro_gen[296].ro/ro_0,
heat_gen[0].heat_inst/ro_gen[296].ro/ro_1
heat_gen[0].heat_inst/ro_gen[296].ro/ro_2.
Related violations: <none>

LUTLP-2#219 Warning
Combinatorial Loop Allowed  
3 LUT cells form a combinatorial loop. This can create a race condition. Timing analysis may not be accurate. The preferred resolution is to modify the design to remove combinatorial logic loops. This loop has been identified in the constraints as being known and understood by use of the ALLOW_COMBINATORIAL_LOOPS property on a net in the loop. The cells in the loop are: heat_gen[0].heat_inst/ro_gen[297].ro/ro_0,
heat_gen[0].heat_inst/ro_gen[297].ro/ro_1
heat_gen[0].heat_inst/ro_gen[297].ro/ro_2.
Related violations: <none>

LUTLP-2#220 Warning
Combinatorial Loop Allowed  
3 LUT cells form a combinatorial loop. This can create a race condition. Timing analysis may not be accurate. The preferred resolution is to modify the design to remove combinatorial logic loops. This loop has been identified in the constraints as being known and understood by use of the ALLOW_COMBINATORIAL_LOOPS property on a net in the loop. The cells in the loop are: heat_gen[0].heat_inst/ro_gen[298].ro/ro_0,
heat_gen[0].heat_inst/ro_gen[298].ro/ro_1
heat_gen[0].heat_inst/ro_gen[298].ro/ro_2.
Related violations: <none>

LUTLP-2#221 Warning
Combinatorial Loop Allowed  
3 LUT cells form a combinatorial loop. This can create a race condition. Timing analysis may not be accurate. The preferred resolution is to modify the design to remove combinatorial logic loops. This loop has been identified in the constraints as being known and understood by use of the ALLOW_COMBINATORIAL_LOOPS property on a net in the loop. The cells in the loop are: heat_gen[0].heat_inst/ro_gen[299].ro/ro_0,
heat_gen[0].heat_inst/ro_gen[299].ro/ro_1
heat_gen[0].heat_inst/ro_gen[299].ro/ro_2.
Related violations: <none>

LUTLP-2#222 Warning
Combinatorial Loop Allowed  
3 LUT cells form a combinatorial loop. This can create a race condition. Timing analysis may not be accurate. The preferred resolution is to modify the design to remove combinatorial logic loops. This loop has been identified in the constraints as being known and understood by use of the ALLOW_COMBINATORIAL_LOOPS property on a net in the loop. The cells in the loop are: heat_gen[0].heat_inst/ro_gen[29].ro/ro_0,
heat_gen[0].heat_inst/ro_gen[29].ro/ro_1
heat_gen[0].heat_inst/ro_gen[29].ro/ro_2.
Related violations: <none>

LUTLP-2#223 Warning
Combinatorial Loop Allowed  
3 LUT cells form a combinatorial loop. This can create a race condition. Timing analysis may not be accurate. The preferred resolution is to modify the design to remove combinatorial logic loops. This loop has been identified in the constraints as being known and understood by use of the ALLOW_COMBINATORIAL_LOOPS property on a net in the loop. The cells in the loop are: heat_gen[0].heat_inst/ro_gen[2].ro/ro_0,
heat_gen[0].heat_inst/ro_gen[2].ro/ro_1
heat_gen[0].heat_inst/ro_gen[2].ro/ro_2.
Related violations: <none>

LUTLP-2#224 Warning
Combinatorial Loop Allowed  
3 LUT cells form a combinatorial loop. This can create a race condition. Timing analysis may not be accurate. The preferred resolution is to modify the design to remove combinatorial logic loops. This loop has been identified in the constraints as being known and understood by use of the ALLOW_COMBINATORIAL_LOOPS property on a net in the loop. The cells in the loop are: heat_gen[0].heat_inst/ro_gen[300].ro/ro_0,
heat_gen[0].heat_inst/ro_gen[300].ro/ro_1
heat_gen[0].heat_inst/ro_gen[300].ro/ro_2.
Related violations: <none>

LUTLP-2#225 Warning
Combinatorial Loop Allowed  
3 LUT cells form a combinatorial loop. This can create a race condition. Timing analysis may not be accurate. The preferred resolution is to modify the design to remove combinatorial logic loops. This loop has been identified in the constraints as being known and understood by use of the ALLOW_COMBINATORIAL_LOOPS property on a net in the loop. The cells in the loop are: heat_gen[0].heat_inst/ro_gen[301].ro/ro_0,
heat_gen[0].heat_inst/ro_gen[301].ro/ro_1
heat_gen[0].heat_inst/ro_gen[301].ro/ro_2.
Related violations: <none>

LUTLP-2#226 Warning
Combinatorial Loop Allowed  
3 LUT cells form a combinatorial loop. This can create a race condition. Timing analysis may not be accurate. The preferred resolution is to modify the design to remove combinatorial logic loops. This loop has been identified in the constraints as being known and understood by use of the ALLOW_COMBINATORIAL_LOOPS property on a net in the loop. The cells in the loop are: heat_gen[0].heat_inst/ro_gen[302].ro/ro_0,
heat_gen[0].heat_inst/ro_gen[302].ro/ro_1
heat_gen[0].heat_inst/ro_gen[302].ro/ro_2.
Related violations: <none>

LUTLP-2#227 Warning
Combinatorial Loop Allowed  
3 LUT cells form a combinatorial loop. This can create a race condition. Timing analysis may not be accurate. The preferred resolution is to modify the design to remove combinatorial logic loops. This loop has been identified in the constraints as being known and understood by use of the ALLOW_COMBINATORIAL_LOOPS property on a net in the loop. The cells in the loop are: heat_gen[0].heat_inst/ro_gen[303].ro/ro_0,
heat_gen[0].heat_inst/ro_gen[303].ro/ro_1
heat_gen[0].heat_inst/ro_gen[303].ro/ro_2.
Related violations: <none>

LUTLP-2#228 Warning
Combinatorial Loop Allowed  
3 LUT cells form a combinatorial loop. This can create a race condition. Timing analysis may not be accurate. The preferred resolution is to modify the design to remove combinatorial logic loops. This loop has been identified in the constraints as being known and understood by use of the ALLOW_COMBINATORIAL_LOOPS property on a net in the loop. The cells in the loop are: heat_gen[0].heat_inst/ro_gen[304].ro/ro_0,
heat_gen[0].heat_inst/ro_gen[304].ro/ro_1
heat_gen[0].heat_inst/ro_gen[304].ro/ro_2.
Related violations: <none>

LUTLP-2#229 Warning
Combinatorial Loop Allowed  
3 LUT cells form a combinatorial loop. This can create a race condition. Timing analysis may not be accurate. The preferred resolution is to modify the design to remove combinatorial logic loops. This loop has been identified in the constraints as being known and understood by use of the ALLOW_COMBINATORIAL_LOOPS property on a net in the loop. The cells in the loop are: heat_gen[0].heat_inst/ro_gen[305].ro/ro_0,
heat_gen[0].heat_inst/ro_gen[305].ro/ro_1
heat_gen[0].heat_inst/ro_gen[305].ro/ro_2.
Related violations: <none>

LUTLP-2#230 Warning
Combinatorial Loop Allowed  
3 LUT cells form a combinatorial loop. This can create a race condition. Timing analysis may not be accurate. The preferred resolution is to modify the design to remove combinatorial logic loops. This loop has been identified in the constraints as being known and understood by use of the ALLOW_COMBINATORIAL_LOOPS property on a net in the loop. The cells in the loop are: heat_gen[0].heat_inst/ro_gen[306].ro/ro_0,
heat_gen[0].heat_inst/ro_gen[306].ro/ro_1
heat_gen[0].heat_inst/ro_gen[306].ro/ro_2.
Related violations: <none>

LUTLP-2#231 Warning
Combinatorial Loop Allowed  
3 LUT cells form a combinatorial loop. This can create a race condition. Timing analysis may not be accurate. The preferred resolution is to modify the design to remove combinatorial logic loops. This loop has been identified in the constraints as being known and understood by use of the ALLOW_COMBINATORIAL_LOOPS property on a net in the loop. The cells in the loop are: heat_gen[0].heat_inst/ro_gen[307].ro/ro_0,
heat_gen[0].heat_inst/ro_gen[307].ro/ro_1
heat_gen[0].heat_inst/ro_gen[307].ro/ro_2.
Related violations: <none>

LUTLP-2#232 Warning
Combinatorial Loop Allowed  
3 LUT cells form a combinatorial loop. This can create a race condition. Timing analysis may not be accurate. The preferred resolution is to modify the design to remove combinatorial logic loops. This loop has been identified in the constraints as being known and understood by use of the ALLOW_COMBINATORIAL_LOOPS property on a net in the loop. The cells in the loop are: heat_gen[0].heat_inst/ro_gen[308].ro/ro_0,
heat_gen[0].heat_inst/ro_gen[308].ro/ro_1
heat_gen[0].heat_inst/ro_gen[308].ro/ro_2.
Related violations: <none>

LUTLP-2#233 Warning
Combinatorial Loop Allowed  
3 LUT cells form a combinatorial loop. This can create a race condition. Timing analysis may not be accurate. The preferred resolution is to modify the design to remove combinatorial logic loops. This loop has been identified in the constraints as being known and understood by use of the ALLOW_COMBINATORIAL_LOOPS property on a net in the loop. The cells in the loop are: heat_gen[0].heat_inst/ro_gen[309].ro/ro_0,
heat_gen[0].heat_inst/ro_gen[309].ro/ro_1
heat_gen[0].heat_inst/ro_gen[309].ro/ro_2.
Related violations: <none>

LUTLP-2#234 Warning
Combinatorial Loop Allowed  
3 LUT cells form a combinatorial loop. This can create a race condition. Timing analysis may not be accurate. The preferred resolution is to modify the design to remove combinatorial logic loops. This loop has been identified in the constraints as being known and understood by use of the ALLOW_COMBINATORIAL_LOOPS property on a net in the loop. The cells in the loop are: heat_gen[0].heat_inst/ro_gen[30].ro/ro_0,
heat_gen[0].heat_inst/ro_gen[30].ro/ro_1
heat_gen[0].heat_inst/ro_gen[30].ro/ro_2.
Related violations: <none>

LUTLP-2#235 Warning
Combinatorial Loop Allowed  
3 LUT cells form a combinatorial loop. This can create a race condition. Timing analysis may not be accurate. The preferred resolution is to modify the design to remove combinatorial logic loops. This loop has been identified in the constraints as being known and understood by use of the ALLOW_COMBINATORIAL_LOOPS property on a net in the loop. The cells in the loop are: heat_gen[0].heat_inst/ro_gen[310].ro/ro_0,
heat_gen[0].heat_inst/ro_gen[310].ro/ro_1
heat_gen[0].heat_inst/ro_gen[310].ro/ro_2.
Related violations: <none>

LUTLP-2#236 Warning
Combinatorial Loop Allowed  
3 LUT cells form a combinatorial loop. This can create a race condition. Timing analysis may not be accurate. The preferred resolution is to modify the design to remove combinatorial logic loops. This loop has been identified in the constraints as being known and understood by use of the ALLOW_COMBINATORIAL_LOOPS property on a net in the loop. The cells in the loop are: heat_gen[0].heat_inst/ro_gen[311].ro/ro_0,
heat_gen[0].heat_inst/ro_gen[311].ro/ro_1
heat_gen[0].heat_inst/ro_gen[311].ro/ro_2.
Related violations: <none>

LUTLP-2#237 Warning
Combinatorial Loop Allowed  
3 LUT cells form a combinatorial loop. This can create a race condition. Timing analysis may not be accurate. The preferred resolution is to modify the design to remove combinatorial logic loops. This loop has been identified in the constraints as being known and understood by use of the ALLOW_COMBINATORIAL_LOOPS property on a net in the loop. The cells in the loop are: heat_gen[0].heat_inst/ro_gen[312].ro/ro_0,
heat_gen[0].heat_inst/ro_gen[312].ro/ro_1
heat_gen[0].heat_inst/ro_gen[312].ro/ro_2.
Related violations: <none>

LUTLP-2#238 Warning
Combinatorial Loop Allowed  
3 LUT cells form a combinatorial loop. This can create a race condition. Timing analysis may not be accurate. The preferred resolution is to modify the design to remove combinatorial logic loops. This loop has been identified in the constraints as being known and understood by use of the ALLOW_COMBINATORIAL_LOOPS property on a net in the loop. The cells in the loop are: heat_gen[0].heat_inst/ro_gen[313].ro/ro_0,
heat_gen[0].heat_inst/ro_gen[313].ro/ro_1
heat_gen[0].heat_inst/ro_gen[313].ro/ro_2.
Related violations: <none>

LUTLP-2#239 Warning
Combinatorial Loop Allowed  
3 LUT cells form a combinatorial loop. This can create a race condition. Timing analysis may not be accurate. The preferred resolution is to modify the design to remove combinatorial logic loops. This loop has been identified in the constraints as being known and understood by use of the ALLOW_COMBINATORIAL_LOOPS property on a net in the loop. The cells in the loop are: heat_gen[0].heat_inst/ro_gen[314].ro/ro_0,
heat_gen[0].heat_inst/ro_gen[314].ro/ro_1
heat_gen[0].heat_inst/ro_gen[314].ro/ro_2.
Related violations: <none>

LUTLP-2#240 Warning
Combinatorial Loop Allowed  
3 LUT cells form a combinatorial loop. This can create a race condition. Timing analysis may not be accurate. The preferred resolution is to modify the design to remove combinatorial logic loops. This loop has been identified in the constraints as being known and understood by use of the ALLOW_COMBINATORIAL_LOOPS property on a net in the loop. The cells in the loop are: heat_gen[0].heat_inst/ro_gen[315].ro/ro_0,
heat_gen[0].heat_inst/ro_gen[315].ro/ro_1
heat_gen[0].heat_inst/ro_gen[315].ro/ro_2.
Related violations: <none>

LUTLP-2#241 Warning
Combinatorial Loop Allowed  
3 LUT cells form a combinatorial loop. This can create a race condition. Timing analysis may not be accurate. The preferred resolution is to modify the design to remove combinatorial logic loops. This loop has been identified in the constraints as being known and understood by use of the ALLOW_COMBINATORIAL_LOOPS property on a net in the loop. The cells in the loop are: heat_gen[0].heat_inst/ro_gen[316].ro/ro_0,
heat_gen[0].heat_inst/ro_gen[316].ro/ro_1
heat_gen[0].heat_inst/ro_gen[316].ro/ro_2.
Related violations: <none>

LUTLP-2#242 Warning
Combinatorial Loop Allowed  
3 LUT cells form a combinatorial loop. This can create a race condition. Timing analysis may not be accurate. The preferred resolution is to modify the design to remove combinatorial logic loops. This loop has been identified in the constraints as being known and understood by use of the ALLOW_COMBINATORIAL_LOOPS property on a net in the loop. The cells in the loop are: heat_gen[0].heat_inst/ro_gen[317].ro/ro_0,
heat_gen[0].heat_inst/ro_gen[317].ro/ro_1
heat_gen[0].heat_inst/ro_gen[317].ro/ro_2.
Related violations: <none>

LUTLP-2#243 Warning
Combinatorial Loop Allowed  
3 LUT cells form a combinatorial loop. This can create a race condition. Timing analysis may not be accurate. The preferred resolution is to modify the design to remove combinatorial logic loops. This loop has been identified in the constraints as being known and understood by use of the ALLOW_COMBINATORIAL_LOOPS property on a net in the loop. The cells in the loop are: heat_gen[0].heat_inst/ro_gen[318].ro/ro_0,
heat_gen[0].heat_inst/ro_gen[318].ro/ro_1
heat_gen[0].heat_inst/ro_gen[318].ro/ro_2.
Related violations: <none>

LUTLP-2#244 Warning
Combinatorial Loop Allowed  
3 LUT cells form a combinatorial loop. This can create a race condition. Timing analysis may not be accurate. The preferred resolution is to modify the design to remove combinatorial logic loops. This loop has been identified in the constraints as being known and understood by use of the ALLOW_COMBINATORIAL_LOOPS property on a net in the loop. The cells in the loop are: heat_gen[0].heat_inst/ro_gen[319].ro/ro_0,
heat_gen[0].heat_inst/ro_gen[319].ro/ro_1
heat_gen[0].heat_inst/ro_gen[319].ro/ro_2.
Related violations: <none>

LUTLP-2#245 Warning
Combinatorial Loop Allowed  
3 LUT cells form a combinatorial loop. This can create a race condition. Timing analysis may not be accurate. The preferred resolution is to modify the design to remove combinatorial logic loops. This loop has been identified in the constraints as being known and understood by use of the ALLOW_COMBINATORIAL_LOOPS property on a net in the loop. The cells in the loop are: heat_gen[0].heat_inst/ro_gen[31].ro/ro_0,
heat_gen[0].heat_inst/ro_gen[31].ro/ro_1
heat_gen[0].heat_inst/ro_gen[31].ro/ro_2.
Related violations: <none>

LUTLP-2#246 Warning
Combinatorial Loop Allowed  
3 LUT cells form a combinatorial loop. This can create a race condition. Timing analysis may not be accurate. The preferred resolution is to modify the design to remove combinatorial logic loops. This loop has been identified in the constraints as being known and understood by use of the ALLOW_COMBINATORIAL_LOOPS property on a net in the loop. The cells in the loop are: heat_gen[0].heat_inst/ro_gen[320].ro/ro_0,
heat_gen[0].heat_inst/ro_gen[320].ro/ro_1
heat_gen[0].heat_inst/ro_gen[320].ro/ro_2.
Related violations: <none>

LUTLP-2#247 Warning
Combinatorial Loop Allowed  
3 LUT cells form a combinatorial loop. This can create a race condition. Timing analysis may not be accurate. The preferred resolution is to modify the design to remove combinatorial logic loops. This loop has been identified in the constraints as being known and understood by use of the ALLOW_COMBINATORIAL_LOOPS property on a net in the loop. The cells in the loop are: heat_gen[0].heat_inst/ro_gen[321].ro/ro_0,
heat_gen[0].heat_inst/ro_gen[321].ro/ro_1
heat_gen[0].heat_inst/ro_gen[321].ro/ro_2.
Related violations: <none>

LUTLP-2#248 Warning
Combinatorial Loop Allowed  
3 LUT cells form a combinatorial loop. This can create a race condition. Timing analysis may not be accurate. The preferred resolution is to modify the design to remove combinatorial logic loops. This loop has been identified in the constraints as being known and understood by use of the ALLOW_COMBINATORIAL_LOOPS property on a net in the loop. The cells in the loop are: heat_gen[0].heat_inst/ro_gen[322].ro/ro_0,
heat_gen[0].heat_inst/ro_gen[322].ro/ro_1
heat_gen[0].heat_inst/ro_gen[322].ro/ro_2.
Related violations: <none>

LUTLP-2#249 Warning
Combinatorial Loop Allowed  
3 LUT cells form a combinatorial loop. This can create a race condition. Timing analysis may not be accurate. The preferred resolution is to modify the design to remove combinatorial logic loops. This loop has been identified in the constraints as being known and understood by use of the ALLOW_COMBINATORIAL_LOOPS property on a net in the loop. The cells in the loop are: heat_gen[0].heat_inst/ro_gen[323].ro/ro_0,
heat_gen[0].heat_inst/ro_gen[323].ro/ro_1
heat_gen[0].heat_inst/ro_gen[323].ro/ro_2.
Related violations: <none>

LUTLP-2#250 Warning
Combinatorial Loop Allowed  
3 LUT cells form a combinatorial loop. This can create a race condition. Timing analysis may not be accurate. The preferred resolution is to modify the design to remove combinatorial logic loops. This loop has been identified in the constraints as being known and understood by use of the ALLOW_COMBINATORIAL_LOOPS property on a net in the loop. The cells in the loop are: heat_gen[0].heat_inst/ro_gen[324].ro/ro_0,
heat_gen[0].heat_inst/ro_gen[324].ro/ro_1
heat_gen[0].heat_inst/ro_gen[324].ro/ro_2.
Related violations: <none>

LUTLP-2#251 Warning
Combinatorial Loop Allowed  
3 LUT cells form a combinatorial loop. This can create a race condition. Timing analysis may not be accurate. The preferred resolution is to modify the design to remove combinatorial logic loops. This loop has been identified in the constraints as being known and understood by use of the ALLOW_COMBINATORIAL_LOOPS property on a net in the loop. The cells in the loop are: heat_gen[0].heat_inst/ro_gen[325].ro/ro_0,
heat_gen[0].heat_inst/ro_gen[325].ro/ro_1
heat_gen[0].heat_inst/ro_gen[325].ro/ro_2.
Related violations: <none>

LUTLP-2#252 Warning
Combinatorial Loop Allowed  
3 LUT cells form a combinatorial loop. This can create a race condition. Timing analysis may not be accurate. The preferred resolution is to modify the design to remove combinatorial logic loops. This loop has been identified in the constraints as being known and understood by use of the ALLOW_COMBINATORIAL_LOOPS property on a net in the loop. The cells in the loop are: heat_gen[0].heat_inst/ro_gen[326].ro/ro_0,
heat_gen[0].heat_inst/ro_gen[326].ro/ro_1
heat_gen[0].heat_inst/ro_gen[326].ro/ro_2.
Related violations: <none>

LUTLP-2#253 Warning
Combinatorial Loop Allowed  
3 LUT cells form a combinatorial loop. This can create a race condition. Timing analysis may not be accurate. The preferred resolution is to modify the design to remove combinatorial logic loops. This loop has been identified in the constraints as being known and understood by use of the ALLOW_COMBINATORIAL_LOOPS property on a net in the loop. The cells in the loop are: heat_gen[0].heat_inst/ro_gen[327].ro/ro_0,
heat_gen[0].heat_inst/ro_gen[327].ro/ro_1
heat_gen[0].heat_inst/ro_gen[327].ro/ro_2.
Related violations: <none>

LUTLP-2#254 Warning
Combinatorial Loop Allowed  
3 LUT cells form a combinatorial loop. This can create a race condition. Timing analysis may not be accurate. The preferred resolution is to modify the design to remove combinatorial logic loops. This loop has been identified in the constraints as being known and understood by use of the ALLOW_COMBINATORIAL_LOOPS property on a net in the loop. The cells in the loop are: heat_gen[0].heat_inst/ro_gen[328].ro/ro_0,
heat_gen[0].heat_inst/ro_gen[328].ro/ro_1
heat_gen[0].heat_inst/ro_gen[328].ro/ro_2.
Related violations: <none>

LUTLP-2#255 Warning
Combinatorial Loop Allowed  
3 LUT cells form a combinatorial loop. This can create a race condition. Timing analysis may not be accurate. The preferred resolution is to modify the design to remove combinatorial logic loops. This loop has been identified in the constraints as being known and understood by use of the ALLOW_COMBINATORIAL_LOOPS property on a net in the loop. The cells in the loop are: heat_gen[0].heat_inst/ro_gen[329].ro/ro_0,
heat_gen[0].heat_inst/ro_gen[329].ro/ro_1
heat_gen[0].heat_inst/ro_gen[329].ro/ro_2.
Related violations: <none>

LUTLP-2#256 Warning
Combinatorial Loop Allowed  
3 LUT cells form a combinatorial loop. This can create a race condition. Timing analysis may not be accurate. The preferred resolution is to modify the design to remove combinatorial logic loops. This loop has been identified in the constraints as being known and understood by use of the ALLOW_COMBINATORIAL_LOOPS property on a net in the loop. The cells in the loop are: heat_gen[0].heat_inst/ro_gen[32].ro/ro_0,
heat_gen[0].heat_inst/ro_gen[32].ro/ro_1
heat_gen[0].heat_inst/ro_gen[32].ro/ro_2.
Related violations: <none>

LUTLP-2#257 Warning
Combinatorial Loop Allowed  
3 LUT cells form a combinatorial loop. This can create a race condition. Timing analysis may not be accurate. The preferred resolution is to modify the design to remove combinatorial logic loops. This loop has been identified in the constraints as being known and understood by use of the ALLOW_COMBINATORIAL_LOOPS property on a net in the loop. The cells in the loop are: heat_gen[0].heat_inst/ro_gen[330].ro/ro_0,
heat_gen[0].heat_inst/ro_gen[330].ro/ro_1
heat_gen[0].heat_inst/ro_gen[330].ro/ro_2.
Related violations: <none>

LUTLP-2#258 Warning
Combinatorial Loop Allowed  
3 LUT cells form a combinatorial loop. This can create a race condition. Timing analysis may not be accurate. The preferred resolution is to modify the design to remove combinatorial logic loops. This loop has been identified in the constraints as being known and understood by use of the ALLOW_COMBINATORIAL_LOOPS property on a net in the loop. The cells in the loop are: heat_gen[0].heat_inst/ro_gen[331].ro/ro_0,
heat_gen[0].heat_inst/ro_gen[331].ro/ro_1
heat_gen[0].heat_inst/ro_gen[331].ro/ro_2.
Related violations: <none>

LUTLP-2#259 Warning
Combinatorial Loop Allowed  
3 LUT cells form a combinatorial loop. This can create a race condition. Timing analysis may not be accurate. The preferred resolution is to modify the design to remove combinatorial logic loops. This loop has been identified in the constraints as being known and understood by use of the ALLOW_COMBINATORIAL_LOOPS property on a net in the loop. The cells in the loop are: heat_gen[0].heat_inst/ro_gen[332].ro/ro_0,
heat_gen[0].heat_inst/ro_gen[332].ro/ro_1
heat_gen[0].heat_inst/ro_gen[332].ro/ro_2.
Related violations: <none>

LUTLP-2#260 Warning
Combinatorial Loop Allowed  
3 LUT cells form a combinatorial loop. This can create a race condition. Timing analysis may not be accurate. The preferred resolution is to modify the design to remove combinatorial logic loops. This loop has been identified in the constraints as being known and understood by use of the ALLOW_COMBINATORIAL_LOOPS property on a net in the loop. The cells in the loop are: heat_gen[0].heat_inst/ro_gen[333].ro/ro_0,
heat_gen[0].heat_inst/ro_gen[333].ro/ro_1
heat_gen[0].heat_inst/ro_gen[333].ro/ro_2.
Related violations: <none>

LUTLP-2#261 Warning
Combinatorial Loop Allowed  
3 LUT cells form a combinatorial loop. This can create a race condition. Timing analysis may not be accurate. The preferred resolution is to modify the design to remove combinatorial logic loops. This loop has been identified in the constraints as being known and understood by use of the ALLOW_COMBINATORIAL_LOOPS property on a net in the loop. The cells in the loop are: heat_gen[0].heat_inst/ro_gen[334].ro/ro_0,
heat_gen[0].heat_inst/ro_gen[334].ro/ro_1
heat_gen[0].heat_inst/ro_gen[334].ro/ro_2.
Related violations: <none>

LUTLP-2#262 Warning
Combinatorial Loop Allowed  
3 LUT cells form a combinatorial loop. This can create a race condition. Timing analysis may not be accurate. The preferred resolution is to modify the design to remove combinatorial logic loops. This loop has been identified in the constraints as being known and understood by use of the ALLOW_COMBINATORIAL_LOOPS property on a net in the loop. The cells in the loop are: heat_gen[0].heat_inst/ro_gen[335].ro/ro_0,
heat_gen[0].heat_inst/ro_gen[335].ro/ro_1
heat_gen[0].heat_inst/ro_gen[335].ro/ro_2.
Related violations: <none>

LUTLP-2#263 Warning
Combinatorial Loop Allowed  
3 LUT cells form a combinatorial loop. This can create a race condition. Timing analysis may not be accurate. The preferred resolution is to modify the design to remove combinatorial logic loops. This loop has been identified in the constraints as being known and understood by use of the ALLOW_COMBINATORIAL_LOOPS property on a net in the loop. The cells in the loop are: heat_gen[0].heat_inst/ro_gen[336].ro/ro_0,
heat_gen[0].heat_inst/ro_gen[336].ro/ro_1
heat_gen[0].heat_inst/ro_gen[336].ro/ro_2.
Related violations: <none>

LUTLP-2#264 Warning
Combinatorial Loop Allowed  
3 LUT cells form a combinatorial loop. This can create a race condition. Timing analysis may not be accurate. The preferred resolution is to modify the design to remove combinatorial logic loops. This loop has been identified in the constraints as being known and understood by use of the ALLOW_COMBINATORIAL_LOOPS property on a net in the loop. The cells in the loop are: heat_gen[0].heat_inst/ro_gen[337].ro/ro_0,
heat_gen[0].heat_inst/ro_gen[337].ro/ro_1
heat_gen[0].heat_inst/ro_gen[337].ro/ro_2.
Related violations: <none>

LUTLP-2#265 Warning
Combinatorial Loop Allowed  
3 LUT cells form a combinatorial loop. This can create a race condition. Timing analysis may not be accurate. The preferred resolution is to modify the design to remove combinatorial logic loops. This loop has been identified in the constraints as being known and understood by use of the ALLOW_COMBINATORIAL_LOOPS property on a net in the loop. The cells in the loop are: heat_gen[0].heat_inst/ro_gen[338].ro/ro_0,
heat_gen[0].heat_inst/ro_gen[338].ro/ro_1
heat_gen[0].heat_inst/ro_gen[338].ro/ro_2.
Related violations: <none>

LUTLP-2#266 Warning
Combinatorial Loop Allowed  
3 LUT cells form a combinatorial loop. This can create a race condition. Timing analysis may not be accurate. The preferred resolution is to modify the design to remove combinatorial logic loops. This loop has been identified in the constraints as being known and understood by use of the ALLOW_COMBINATORIAL_LOOPS property on a net in the loop. The cells in the loop are: heat_gen[0].heat_inst/ro_gen[339].ro/ro_0,
heat_gen[0].heat_inst/ro_gen[339].ro/ro_1
heat_gen[0].heat_inst/ro_gen[339].ro/ro_2.
Related violations: <none>

LUTLP-2#267 Warning
Combinatorial Loop Allowed  
3 LUT cells form a combinatorial loop. This can create a race condition. Timing analysis may not be accurate. The preferred resolution is to modify the design to remove combinatorial logic loops. This loop has been identified in the constraints as being known and understood by use of the ALLOW_COMBINATORIAL_LOOPS property on a net in the loop. The cells in the loop are: heat_gen[0].heat_inst/ro_gen[33].ro/ro_0,
heat_gen[0].heat_inst/ro_gen[33].ro/ro_1
heat_gen[0].heat_inst/ro_gen[33].ro/ro_2.
Related violations: <none>

LUTLP-2#268 Warning
Combinatorial Loop Allowed  
3 LUT cells form a combinatorial loop. This can create a race condition. Timing analysis may not be accurate. The preferred resolution is to modify the design to remove combinatorial logic loops. This loop has been identified in the constraints as being known and understood by use of the ALLOW_COMBINATORIAL_LOOPS property on a net in the loop. The cells in the loop are: heat_gen[0].heat_inst/ro_gen[340].ro/ro_0,
heat_gen[0].heat_inst/ro_gen[340].ro/ro_1
heat_gen[0].heat_inst/ro_gen[340].ro/ro_2.
Related violations: <none>

LUTLP-2#269 Warning
Combinatorial Loop Allowed  
3 LUT cells form a combinatorial loop. This can create a race condition. Timing analysis may not be accurate. The preferred resolution is to modify the design to remove combinatorial logic loops. This loop has been identified in the constraints as being known and understood by use of the ALLOW_COMBINATORIAL_LOOPS property on a net in the loop. The cells in the loop are: heat_gen[0].heat_inst/ro_gen[341].ro/ro_0,
heat_gen[0].heat_inst/ro_gen[341].ro/ro_1
heat_gen[0].heat_inst/ro_gen[341].ro/ro_2.
Related violations: <none>

LUTLP-2#270 Warning
Combinatorial Loop Allowed  
3 LUT cells form a combinatorial loop. This can create a race condition. Timing analysis may not be accurate. The preferred resolution is to modify the design to remove combinatorial logic loops. This loop has been identified in the constraints as being known and understood by use of the ALLOW_COMBINATORIAL_LOOPS property on a net in the loop. The cells in the loop are: heat_gen[0].heat_inst/ro_gen[342].ro/ro_0,
heat_gen[0].heat_inst/ro_gen[342].ro/ro_1
heat_gen[0].heat_inst/ro_gen[342].ro/ro_2.
Related violations: <none>

LUTLP-2#271 Warning
Combinatorial Loop Allowed  
3 LUT cells form a combinatorial loop. This can create a race condition. Timing analysis may not be accurate. The preferred resolution is to modify the design to remove combinatorial logic loops. This loop has been identified in the constraints as being known and understood by use of the ALLOW_COMBINATORIAL_LOOPS property on a net in the loop. The cells in the loop are: heat_gen[0].heat_inst/ro_gen[343].ro/ro_0,
heat_gen[0].heat_inst/ro_gen[343].ro/ro_1
heat_gen[0].heat_inst/ro_gen[343].ro/ro_2.
Related violations: <none>

LUTLP-2#272 Warning
Combinatorial Loop Allowed  
3 LUT cells form a combinatorial loop. This can create a race condition. Timing analysis may not be accurate. The preferred resolution is to modify the design to remove combinatorial logic loops. This loop has been identified in the constraints as being known and understood by use of the ALLOW_COMBINATORIAL_LOOPS property on a net in the loop. The cells in the loop are: heat_gen[0].heat_inst/ro_gen[344].ro/ro_0,
heat_gen[0].heat_inst/ro_gen[344].ro/ro_1
heat_gen[0].heat_inst/ro_gen[344].ro/ro_2.
Related violations: <none>

LUTLP-2#273 Warning
Combinatorial Loop Allowed  
3 LUT cells form a combinatorial loop. This can create a race condition. Timing analysis may not be accurate. The preferred resolution is to modify the design to remove combinatorial logic loops. This loop has been identified in the constraints as being known and understood by use of the ALLOW_COMBINATORIAL_LOOPS property on a net in the loop. The cells in the loop are: heat_gen[0].heat_inst/ro_gen[345].ro/ro_0,
heat_gen[0].heat_inst/ro_gen[345].ro/ro_1
heat_gen[0].heat_inst/ro_gen[345].ro/ro_2.
Related violations: <none>

LUTLP-2#274 Warning
Combinatorial Loop Allowed  
3 LUT cells form a combinatorial loop. This can create a race condition. Timing analysis may not be accurate. The preferred resolution is to modify the design to remove combinatorial logic loops. This loop has been identified in the constraints as being known and understood by use of the ALLOW_COMBINATORIAL_LOOPS property on a net in the loop. The cells in the loop are: heat_gen[0].heat_inst/ro_gen[346].ro/ro_0,
heat_gen[0].heat_inst/ro_gen[346].ro/ro_1
heat_gen[0].heat_inst/ro_gen[346].ro/ro_2.
Related violations: <none>

LUTLP-2#275 Warning
Combinatorial Loop Allowed  
3 LUT cells form a combinatorial loop. This can create a race condition. Timing analysis may not be accurate. The preferred resolution is to modify the design to remove combinatorial logic loops. This loop has been identified in the constraints as being known and understood by use of the ALLOW_COMBINATORIAL_LOOPS property on a net in the loop. The cells in the loop are: heat_gen[0].heat_inst/ro_gen[347].ro/ro_0,
heat_gen[0].heat_inst/ro_gen[347].ro/ro_1
heat_gen[0].heat_inst/ro_gen[347].ro/ro_2.
Related violations: <none>

LUTLP-2#276 Warning
Combinatorial Loop Allowed  
3 LUT cells form a combinatorial loop. This can create a race condition. Timing analysis may not be accurate. The preferred resolution is to modify the design to remove combinatorial logic loops. This loop has been identified in the constraints as being known and understood by use of the ALLOW_COMBINATORIAL_LOOPS property on a net in the loop. The cells in the loop are: heat_gen[0].heat_inst/ro_gen[348].ro/ro_0,
heat_gen[0].heat_inst/ro_gen[348].ro/ro_1
heat_gen[0].heat_inst/ro_gen[348].ro/ro_2.
Related violations: <none>

LUTLP-2#277 Warning
Combinatorial Loop Allowed  
3 LUT cells form a combinatorial loop. This can create a race condition. Timing analysis may not be accurate. The preferred resolution is to modify the design to remove combinatorial logic loops. This loop has been identified in the constraints as being known and understood by use of the ALLOW_COMBINATORIAL_LOOPS property on a net in the loop. The cells in the loop are: heat_gen[0].heat_inst/ro_gen[349].ro/ro_0,
heat_gen[0].heat_inst/ro_gen[349].ro/ro_1
heat_gen[0].heat_inst/ro_gen[349].ro/ro_2.
Related violations: <none>

LUTLP-2#278 Warning
Combinatorial Loop Allowed  
3 LUT cells form a combinatorial loop. This can create a race condition. Timing analysis may not be accurate. The preferred resolution is to modify the design to remove combinatorial logic loops. This loop has been identified in the constraints as being known and understood by use of the ALLOW_COMBINATORIAL_LOOPS property on a net in the loop. The cells in the loop are: heat_gen[0].heat_inst/ro_gen[34].ro/ro_0,
heat_gen[0].heat_inst/ro_gen[34].ro/ro_1
heat_gen[0].heat_inst/ro_gen[34].ro/ro_2.
Related violations: <none>

LUTLP-2#279 Warning
Combinatorial Loop Allowed  
3 LUT cells form a combinatorial loop. This can create a race condition. Timing analysis may not be accurate. The preferred resolution is to modify the design to remove combinatorial logic loops. This loop has been identified in the constraints as being known and understood by use of the ALLOW_COMBINATORIAL_LOOPS property on a net in the loop. The cells in the loop are: heat_gen[0].heat_inst/ro_gen[350].ro/ro_0,
heat_gen[0].heat_inst/ro_gen[350].ro/ro_1
heat_gen[0].heat_inst/ro_gen[350].ro/ro_2.
Related violations: <none>

LUTLP-2#280 Warning
Combinatorial Loop Allowed  
3 LUT cells form a combinatorial loop. This can create a race condition. Timing analysis may not be accurate. The preferred resolution is to modify the design to remove combinatorial logic loops. This loop has been identified in the constraints as being known and understood by use of the ALLOW_COMBINATORIAL_LOOPS property on a net in the loop. The cells in the loop are: heat_gen[0].heat_inst/ro_gen[351].ro/ro_0,
heat_gen[0].heat_inst/ro_gen[351].ro/ro_1
heat_gen[0].heat_inst/ro_gen[351].ro/ro_2.
Related violations: <none>

LUTLP-2#281 Warning
Combinatorial Loop Allowed  
3 LUT cells form a combinatorial loop. This can create a race condition. Timing analysis may not be accurate. The preferred resolution is to modify the design to remove combinatorial logic loops. This loop has been identified in the constraints as being known and understood by use of the ALLOW_COMBINATORIAL_LOOPS property on a net in the loop. The cells in the loop are: heat_gen[0].heat_inst/ro_gen[352].ro/ro_0,
heat_gen[0].heat_inst/ro_gen[352].ro/ro_1
heat_gen[0].heat_inst/ro_gen[352].ro/ro_2.
Related violations: <none>

LUTLP-2#282 Warning
Combinatorial Loop Allowed  
3 LUT cells form a combinatorial loop. This can create a race condition. Timing analysis may not be accurate. The preferred resolution is to modify the design to remove combinatorial logic loops. This loop has been identified in the constraints as being known and understood by use of the ALLOW_COMBINATORIAL_LOOPS property on a net in the loop. The cells in the loop are: heat_gen[0].heat_inst/ro_gen[353].ro/ro_0,
heat_gen[0].heat_inst/ro_gen[353].ro/ro_1
heat_gen[0].heat_inst/ro_gen[353].ro/ro_2.
Related violations: <none>

LUTLP-2#283 Warning
Combinatorial Loop Allowed  
3 LUT cells form a combinatorial loop. This can create a race condition. Timing analysis may not be accurate. The preferred resolution is to modify the design to remove combinatorial logic loops. This loop has been identified in the constraints as being known and understood by use of the ALLOW_COMBINATORIAL_LOOPS property on a net in the loop. The cells in the loop are: heat_gen[0].heat_inst/ro_gen[354].ro/ro_0,
heat_gen[0].heat_inst/ro_gen[354].ro/ro_1
heat_gen[0].heat_inst/ro_gen[354].ro/ro_2.
Related violations: <none>

LUTLP-2#284 Warning
Combinatorial Loop Allowed  
3 LUT cells form a combinatorial loop. This can create a race condition. Timing analysis may not be accurate. The preferred resolution is to modify the design to remove combinatorial logic loops. This loop has been identified in the constraints as being known and understood by use of the ALLOW_COMBINATORIAL_LOOPS property on a net in the loop. The cells in the loop are: heat_gen[0].heat_inst/ro_gen[355].ro/ro_0,
heat_gen[0].heat_inst/ro_gen[355].ro/ro_1
heat_gen[0].heat_inst/ro_gen[355].ro/ro_2.
Related violations: <none>

LUTLP-2#285 Warning
Combinatorial Loop Allowed  
3 LUT cells form a combinatorial loop. This can create a race condition. Timing analysis may not be accurate. The preferred resolution is to modify the design to remove combinatorial logic loops. This loop has been identified in the constraints as being known and understood by use of the ALLOW_COMBINATORIAL_LOOPS property on a net in the loop. The cells in the loop are: heat_gen[0].heat_inst/ro_gen[356].ro/ro_0,
heat_gen[0].heat_inst/ro_gen[356].ro/ro_1
heat_gen[0].heat_inst/ro_gen[356].ro/ro_2.
Related violations: <none>

LUTLP-2#286 Warning
Combinatorial Loop Allowed  
3 LUT cells form a combinatorial loop. This can create a race condition. Timing analysis may not be accurate. The preferred resolution is to modify the design to remove combinatorial logic loops. This loop has been identified in the constraints as being known and understood by use of the ALLOW_COMBINATORIAL_LOOPS property on a net in the loop. The cells in the loop are: heat_gen[0].heat_inst/ro_gen[357].ro/ro_0,
heat_gen[0].heat_inst/ro_gen[357].ro/ro_1
heat_gen[0].heat_inst/ro_gen[357].ro/ro_2.
Related violations: <none>

LUTLP-2#287 Warning
Combinatorial Loop Allowed  
3 LUT cells form a combinatorial loop. This can create a race condition. Timing analysis may not be accurate. The preferred resolution is to modify the design to remove combinatorial logic loops. This loop has been identified in the constraints as being known and understood by use of the ALLOW_COMBINATORIAL_LOOPS property on a net in the loop. The cells in the loop are: heat_gen[0].heat_inst/ro_gen[358].ro/ro_0,
heat_gen[0].heat_inst/ro_gen[358].ro/ro_1
heat_gen[0].heat_inst/ro_gen[358].ro/ro_2.
Related violations: <none>

LUTLP-2#288 Warning
Combinatorial Loop Allowed  
3 LUT cells form a combinatorial loop. This can create a race condition. Timing analysis may not be accurate. The preferred resolution is to modify the design to remove combinatorial logic loops. This loop has been identified in the constraints as being known and understood by use of the ALLOW_COMBINATORIAL_LOOPS property on a net in the loop. The cells in the loop are: heat_gen[0].heat_inst/ro_gen[359].ro/ro_0,
heat_gen[0].heat_inst/ro_gen[359].ro/ro_1
heat_gen[0].heat_inst/ro_gen[359].ro/ro_2.
Related violations: <none>

LUTLP-2#289 Warning
Combinatorial Loop Allowed  
3 LUT cells form a combinatorial loop. This can create a race condition. Timing analysis may not be accurate. The preferred resolution is to modify the design to remove combinatorial logic loops. This loop has been identified in the constraints as being known and understood by use of the ALLOW_COMBINATORIAL_LOOPS property on a net in the loop. The cells in the loop are: heat_gen[0].heat_inst/ro_gen[35].ro/ro_0,
heat_gen[0].heat_inst/ro_gen[35].ro/ro_1
heat_gen[0].heat_inst/ro_gen[35].ro/ro_2.
Related violations: <none>

LUTLP-2#290 Warning
Combinatorial Loop Allowed  
3 LUT cells form a combinatorial loop. This can create a race condition. Timing analysis may not be accurate. The preferred resolution is to modify the design to remove combinatorial logic loops. This loop has been identified in the constraints as being known and understood by use of the ALLOW_COMBINATORIAL_LOOPS property on a net in the loop. The cells in the loop are: heat_gen[0].heat_inst/ro_gen[360].ro/ro_0,
heat_gen[0].heat_inst/ro_gen[360].ro/ro_1
heat_gen[0].heat_inst/ro_gen[360].ro/ro_2.
Related violations: <none>

LUTLP-2#291 Warning
Combinatorial Loop Allowed  
3 LUT cells form a combinatorial loop. This can create a race condition. Timing analysis may not be accurate. The preferred resolution is to modify the design to remove combinatorial logic loops. This loop has been identified in the constraints as being known and understood by use of the ALLOW_COMBINATORIAL_LOOPS property on a net in the loop. The cells in the loop are: heat_gen[0].heat_inst/ro_gen[361].ro/ro_0,
heat_gen[0].heat_inst/ro_gen[361].ro/ro_1
heat_gen[0].heat_inst/ro_gen[361].ro/ro_2.
Related violations: <none>

LUTLP-2#292 Warning
Combinatorial Loop Allowed  
3 LUT cells form a combinatorial loop. This can create a race condition. Timing analysis may not be accurate. The preferred resolution is to modify the design to remove combinatorial logic loops. This loop has been identified in the constraints as being known and understood by use of the ALLOW_COMBINATORIAL_LOOPS property on a net in the loop. The cells in the loop are: heat_gen[0].heat_inst/ro_gen[362].ro/ro_0,
heat_gen[0].heat_inst/ro_gen[362].ro/ro_1
heat_gen[0].heat_inst/ro_gen[362].ro/ro_2.
Related violations: <none>

LUTLP-2#293 Warning
Combinatorial Loop Allowed  
3 LUT cells form a combinatorial loop. This can create a race condition. Timing analysis may not be accurate. The preferred resolution is to modify the design to remove combinatorial logic loops. This loop has been identified in the constraints as being known and understood by use of the ALLOW_COMBINATORIAL_LOOPS property on a net in the loop. The cells in the loop are: heat_gen[0].heat_inst/ro_gen[363].ro/ro_0,
heat_gen[0].heat_inst/ro_gen[363].ro/ro_1
heat_gen[0].heat_inst/ro_gen[363].ro/ro_2.
Related violations: <none>

LUTLP-2#294 Warning
Combinatorial Loop Allowed  
3 LUT cells form a combinatorial loop. This can create a race condition. Timing analysis may not be accurate. The preferred resolution is to modify the design to remove combinatorial logic loops. This loop has been identified in the constraints as being known and understood by use of the ALLOW_COMBINATORIAL_LOOPS property on a net in the loop. The cells in the loop are: heat_gen[0].heat_inst/ro_gen[364].ro/ro_0,
heat_gen[0].heat_inst/ro_gen[364].ro/ro_1
heat_gen[0].heat_inst/ro_gen[364].ro/ro_2.
Related violations: <none>

LUTLP-2#295 Warning
Combinatorial Loop Allowed  
3 LUT cells form a combinatorial loop. This can create a race condition. Timing analysis may not be accurate. The preferred resolution is to modify the design to remove combinatorial logic loops. This loop has been identified in the constraints as being known and understood by use of the ALLOW_COMBINATORIAL_LOOPS property on a net in the loop. The cells in the loop are: heat_gen[0].heat_inst/ro_gen[365].ro/ro_0,
heat_gen[0].heat_inst/ro_gen[365].ro/ro_1
heat_gen[0].heat_inst/ro_gen[365].ro/ro_2.
Related violations: <none>

LUTLP-2#296 Warning
Combinatorial Loop Allowed  
3 LUT cells form a combinatorial loop. This can create a race condition. Timing analysis may not be accurate. The preferred resolution is to modify the design to remove combinatorial logic loops. This loop has been identified in the constraints as being known and understood by use of the ALLOW_COMBINATORIAL_LOOPS property on a net in the loop. The cells in the loop are: heat_gen[0].heat_inst/ro_gen[366].ro/ro_0,
heat_gen[0].heat_inst/ro_gen[366].ro/ro_1
heat_gen[0].heat_inst/ro_gen[366].ro/ro_2.
Related violations: <none>

LUTLP-2#297 Warning
Combinatorial Loop Allowed  
3 LUT cells form a combinatorial loop. This can create a race condition. Timing analysis may not be accurate. The preferred resolution is to modify the design to remove combinatorial logic loops. This loop has been identified in the constraints as being known and understood by use of the ALLOW_COMBINATORIAL_LOOPS property on a net in the loop. The cells in the loop are: heat_gen[0].heat_inst/ro_gen[367].ro/ro_0,
heat_gen[0].heat_inst/ro_gen[367].ro/ro_1
heat_gen[0].heat_inst/ro_gen[367].ro/ro_2.
Related violations: <none>

LUTLP-2#298 Warning
Combinatorial Loop Allowed  
3 LUT cells form a combinatorial loop. This can create a race condition. Timing analysis may not be accurate. The preferred resolution is to modify the design to remove combinatorial logic loops. This loop has been identified in the constraints as being known and understood by use of the ALLOW_COMBINATORIAL_LOOPS property on a net in the loop. The cells in the loop are: heat_gen[0].heat_inst/ro_gen[368].ro/ro_0,
heat_gen[0].heat_inst/ro_gen[368].ro/ro_1
heat_gen[0].heat_inst/ro_gen[368].ro/ro_2.
Related violations: <none>

LUTLP-2#299 Warning
Combinatorial Loop Allowed  
3 LUT cells form a combinatorial loop. This can create a race condition. Timing analysis may not be accurate. The preferred resolution is to modify the design to remove combinatorial logic loops. This loop has been identified in the constraints as being known and understood by use of the ALLOW_COMBINATORIAL_LOOPS property on a net in the loop. The cells in the loop are: heat_gen[0].heat_inst/ro_gen[369].ro/ro_0,
heat_gen[0].heat_inst/ro_gen[369].ro/ro_1
heat_gen[0].heat_inst/ro_gen[369].ro/ro_2.
Related violations: <none>

LUTLP-2#300 Warning
Combinatorial Loop Allowed  
3 LUT cells form a combinatorial loop. This can create a race condition. Timing analysis may not be accurate. The preferred resolution is to modify the design to remove combinatorial logic loops. This loop has been identified in the constraints as being known and understood by use of the ALLOW_COMBINATORIAL_LOOPS property on a net in the loop. The cells in the loop are: heat_gen[0].heat_inst/ro_gen[36].ro/ro_0,
heat_gen[0].heat_inst/ro_gen[36].ro/ro_1
heat_gen[0].heat_inst/ro_gen[36].ro/ro_2.
Related violations: <none>

LUTLP-2#301 Warning
Combinatorial Loop Allowed  
3 LUT cells form a combinatorial loop. This can create a race condition. Timing analysis may not be accurate. The preferred resolution is to modify the design to remove combinatorial logic loops. This loop has been identified in the constraints as being known and understood by use of the ALLOW_COMBINATORIAL_LOOPS property on a net in the loop. The cells in the loop are: heat_gen[0].heat_inst/ro_gen[370].ro/ro_0,
heat_gen[0].heat_inst/ro_gen[370].ro/ro_1
heat_gen[0].heat_inst/ro_gen[370].ro/ro_2.
Related violations: <none>

LUTLP-2#302 Warning
Combinatorial Loop Allowed  
3 LUT cells form a combinatorial loop. This can create a race condition. Timing analysis may not be accurate. The preferred resolution is to modify the design to remove combinatorial logic loops. This loop has been identified in the constraints as being known and understood by use of the ALLOW_COMBINATORIAL_LOOPS property on a net in the loop. The cells in the loop are: heat_gen[0].heat_inst/ro_gen[371].ro/ro_0,
heat_gen[0].heat_inst/ro_gen[371].ro/ro_1
heat_gen[0].heat_inst/ro_gen[371].ro/ro_2.
Related violations: <none>

LUTLP-2#303 Warning
Combinatorial Loop Allowed  
3 LUT cells form a combinatorial loop. This can create a race condition. Timing analysis may not be accurate. The preferred resolution is to modify the design to remove combinatorial logic loops. This loop has been identified in the constraints as being known and understood by use of the ALLOW_COMBINATORIAL_LOOPS property on a net in the loop. The cells in the loop are: heat_gen[0].heat_inst/ro_gen[372].ro/ro_0,
heat_gen[0].heat_inst/ro_gen[372].ro/ro_1
heat_gen[0].heat_inst/ro_gen[372].ro/ro_2.
Related violations: <none>

LUTLP-2#304 Warning
Combinatorial Loop Allowed  
3 LUT cells form a combinatorial loop. This can create a race condition. Timing analysis may not be accurate. The preferred resolution is to modify the design to remove combinatorial logic loops. This loop has been identified in the constraints as being known and understood by use of the ALLOW_COMBINATORIAL_LOOPS property on a net in the loop. The cells in the loop are: heat_gen[0].heat_inst/ro_gen[373].ro/ro_0,
heat_gen[0].heat_inst/ro_gen[373].ro/ro_1
heat_gen[0].heat_inst/ro_gen[373].ro/ro_2.
Related violations: <none>

LUTLP-2#305 Warning
Combinatorial Loop Allowed  
3 LUT cells form a combinatorial loop. This can create a race condition. Timing analysis may not be accurate. The preferred resolution is to modify the design to remove combinatorial logic loops. This loop has been identified in the constraints as being known and understood by use of the ALLOW_COMBINATORIAL_LOOPS property on a net in the loop. The cells in the loop are: heat_gen[0].heat_inst/ro_gen[374].ro/ro_0,
heat_gen[0].heat_inst/ro_gen[374].ro/ro_1
heat_gen[0].heat_inst/ro_gen[374].ro/ro_2.
Related violations: <none>

LUTLP-2#306 Warning
Combinatorial Loop Allowed  
3 LUT cells form a combinatorial loop. This can create a race condition. Timing analysis may not be accurate. The preferred resolution is to modify the design to remove combinatorial logic loops. This loop has been identified in the constraints as being known and understood by use of the ALLOW_COMBINATORIAL_LOOPS property on a net in the loop. The cells in the loop are: heat_gen[0].heat_inst/ro_gen[375].ro/ro_0,
heat_gen[0].heat_inst/ro_gen[375].ro/ro_1
heat_gen[0].heat_inst/ro_gen[375].ro/ro_2.
Related violations: <none>

LUTLP-2#307 Warning
Combinatorial Loop Allowed  
3 LUT cells form a combinatorial loop. This can create a race condition. Timing analysis may not be accurate. The preferred resolution is to modify the design to remove combinatorial logic loops. This loop has been identified in the constraints as being known and understood by use of the ALLOW_COMBINATORIAL_LOOPS property on a net in the loop. The cells in the loop are: heat_gen[0].heat_inst/ro_gen[376].ro/ro_0,
heat_gen[0].heat_inst/ro_gen[376].ro/ro_1
heat_gen[0].heat_inst/ro_gen[376].ro/ro_2.
Related violations: <none>

LUTLP-2#308 Warning
Combinatorial Loop Allowed  
3 LUT cells form a combinatorial loop. This can create a race condition. Timing analysis may not be accurate. The preferred resolution is to modify the design to remove combinatorial logic loops. This loop has been identified in the constraints as being known and understood by use of the ALLOW_COMBINATORIAL_LOOPS property on a net in the loop. The cells in the loop are: heat_gen[0].heat_inst/ro_gen[377].ro/ro_0,
heat_gen[0].heat_inst/ro_gen[377].ro/ro_1
heat_gen[0].heat_inst/ro_gen[377].ro/ro_2.
Related violations: <none>

LUTLP-2#309 Warning
Combinatorial Loop Allowed  
3 LUT cells form a combinatorial loop. This can create a race condition. Timing analysis may not be accurate. The preferred resolution is to modify the design to remove combinatorial logic loops. This loop has been identified in the constraints as being known and understood by use of the ALLOW_COMBINATORIAL_LOOPS property on a net in the loop. The cells in the loop are: heat_gen[0].heat_inst/ro_gen[378].ro/ro_0,
heat_gen[0].heat_inst/ro_gen[378].ro/ro_1
heat_gen[0].heat_inst/ro_gen[378].ro/ro_2.
Related violations: <none>

LUTLP-2#310 Warning
Combinatorial Loop Allowed  
3 LUT cells form a combinatorial loop. This can create a race condition. Timing analysis may not be accurate. The preferred resolution is to modify the design to remove combinatorial logic loops. This loop has been identified in the constraints as being known and understood by use of the ALLOW_COMBINATORIAL_LOOPS property on a net in the loop. The cells in the loop are: heat_gen[0].heat_inst/ro_gen[379].ro/ro_0,
heat_gen[0].heat_inst/ro_gen[379].ro/ro_1
heat_gen[0].heat_inst/ro_gen[379].ro/ro_2.
Related violations: <none>

LUTLP-2#311 Warning
Combinatorial Loop Allowed  
3 LUT cells form a combinatorial loop. This can create a race condition. Timing analysis may not be accurate. The preferred resolution is to modify the design to remove combinatorial logic loops. This loop has been identified in the constraints as being known and understood by use of the ALLOW_COMBINATORIAL_LOOPS property on a net in the loop. The cells in the loop are: heat_gen[0].heat_inst/ro_gen[37].ro/ro_0,
heat_gen[0].heat_inst/ro_gen[37].ro/ro_1
heat_gen[0].heat_inst/ro_gen[37].ro/ro_2.
Related violations: <none>

LUTLP-2#312 Warning
Combinatorial Loop Allowed  
3 LUT cells form a combinatorial loop. This can create a race condition. Timing analysis may not be accurate. The preferred resolution is to modify the design to remove combinatorial logic loops. This loop has been identified in the constraints as being known and understood by use of the ALLOW_COMBINATORIAL_LOOPS property on a net in the loop. The cells in the loop are: heat_gen[0].heat_inst/ro_gen[380].ro/ro_0,
heat_gen[0].heat_inst/ro_gen[380].ro/ro_1
heat_gen[0].heat_inst/ro_gen[380].ro/ro_2.
Related violations: <none>

LUTLP-2#313 Warning
Combinatorial Loop Allowed  
3 LUT cells form a combinatorial loop. This can create a race condition. Timing analysis may not be accurate. The preferred resolution is to modify the design to remove combinatorial logic loops. This loop has been identified in the constraints as being known and understood by use of the ALLOW_COMBINATORIAL_LOOPS property on a net in the loop. The cells in the loop are: heat_gen[0].heat_inst/ro_gen[381].ro/ro_0,
heat_gen[0].heat_inst/ro_gen[381].ro/ro_1
heat_gen[0].heat_inst/ro_gen[381].ro/ro_2.
Related violations: <none>

LUTLP-2#314 Warning
Combinatorial Loop Allowed  
3 LUT cells form a combinatorial loop. This can create a race condition. Timing analysis may not be accurate. The preferred resolution is to modify the design to remove combinatorial logic loops. This loop has been identified in the constraints as being known and understood by use of the ALLOW_COMBINATORIAL_LOOPS property on a net in the loop. The cells in the loop are: heat_gen[0].heat_inst/ro_gen[382].ro/ro_0,
heat_gen[0].heat_inst/ro_gen[382].ro/ro_1
heat_gen[0].heat_inst/ro_gen[382].ro/ro_2.
Related violations: <none>

LUTLP-2#315 Warning
Combinatorial Loop Allowed  
3 LUT cells form a combinatorial loop. This can create a race condition. Timing analysis may not be accurate. The preferred resolution is to modify the design to remove combinatorial logic loops. This loop has been identified in the constraints as being known and understood by use of the ALLOW_COMBINATORIAL_LOOPS property on a net in the loop. The cells in the loop are: heat_gen[0].heat_inst/ro_gen[383].ro/ro_0,
heat_gen[0].heat_inst/ro_gen[383].ro/ro_1
heat_gen[0].heat_inst/ro_gen[383].ro/ro_2.
Related violations: <none>

LUTLP-2#316 Warning
Combinatorial Loop Allowed  
3 LUT cells form a combinatorial loop. This can create a race condition. Timing analysis may not be accurate. The preferred resolution is to modify the design to remove combinatorial logic loops. This loop has been identified in the constraints as being known and understood by use of the ALLOW_COMBINATORIAL_LOOPS property on a net in the loop. The cells in the loop are: heat_gen[0].heat_inst/ro_gen[384].ro/ro_0,
heat_gen[0].heat_inst/ro_gen[384].ro/ro_1
heat_gen[0].heat_inst/ro_gen[384].ro/ro_2.
Related violations: <none>

LUTLP-2#317 Warning
Combinatorial Loop Allowed  
3 LUT cells form a combinatorial loop. This can create a race condition. Timing analysis may not be accurate. The preferred resolution is to modify the design to remove combinatorial logic loops. This loop has been identified in the constraints as being known and understood by use of the ALLOW_COMBINATORIAL_LOOPS property on a net in the loop. The cells in the loop are: heat_gen[0].heat_inst/ro_gen[385].ro/ro_0,
heat_gen[0].heat_inst/ro_gen[385].ro/ro_1
heat_gen[0].heat_inst/ro_gen[385].ro/ro_2.
Related violations: <none>

LUTLP-2#318 Warning
Combinatorial Loop Allowed  
3 LUT cells form a combinatorial loop. This can create a race condition. Timing analysis may not be accurate. The preferred resolution is to modify the design to remove combinatorial logic loops. This loop has been identified in the constraints as being known and understood by use of the ALLOW_COMBINATORIAL_LOOPS property on a net in the loop. The cells in the loop are: heat_gen[0].heat_inst/ro_gen[386].ro/ro_0,
heat_gen[0].heat_inst/ro_gen[386].ro/ro_1
heat_gen[0].heat_inst/ro_gen[386].ro/ro_2.
Related violations: <none>

LUTLP-2#319 Warning
Combinatorial Loop Allowed  
3 LUT cells form a combinatorial loop. This can create a race condition. Timing analysis may not be accurate. The preferred resolution is to modify the design to remove combinatorial logic loops. This loop has been identified in the constraints as being known and understood by use of the ALLOW_COMBINATORIAL_LOOPS property on a net in the loop. The cells in the loop are: heat_gen[0].heat_inst/ro_gen[387].ro/ro_0,
heat_gen[0].heat_inst/ro_gen[387].ro/ro_1
heat_gen[0].heat_inst/ro_gen[387].ro/ro_2.
Related violations: <none>

LUTLP-2#320 Warning
Combinatorial Loop Allowed  
3 LUT cells form a combinatorial loop. This can create a race condition. Timing analysis may not be accurate. The preferred resolution is to modify the design to remove combinatorial logic loops. This loop has been identified in the constraints as being known and understood by use of the ALLOW_COMBINATORIAL_LOOPS property on a net in the loop. The cells in the loop are: heat_gen[0].heat_inst/ro_gen[388].ro/ro_0,
heat_gen[0].heat_inst/ro_gen[388].ro/ro_1
heat_gen[0].heat_inst/ro_gen[388].ro/ro_2.
Related violations: <none>

LUTLP-2#321 Warning
Combinatorial Loop Allowed  
3 LUT cells form a combinatorial loop. This can create a race condition. Timing analysis may not be accurate. The preferred resolution is to modify the design to remove combinatorial logic loops. This loop has been identified in the constraints as being known and understood by use of the ALLOW_COMBINATORIAL_LOOPS property on a net in the loop. The cells in the loop are: heat_gen[0].heat_inst/ro_gen[389].ro/ro_0,
heat_gen[0].heat_inst/ro_gen[389].ro/ro_1
heat_gen[0].heat_inst/ro_gen[389].ro/ro_2.
Related violations: <none>

LUTLP-2#322 Warning
Combinatorial Loop Allowed  
3 LUT cells form a combinatorial loop. This can create a race condition. Timing analysis may not be accurate. The preferred resolution is to modify the design to remove combinatorial logic loops. This loop has been identified in the constraints as being known and understood by use of the ALLOW_COMBINATORIAL_LOOPS property on a net in the loop. The cells in the loop are: heat_gen[0].heat_inst/ro_gen[38].ro/ro_0,
heat_gen[0].heat_inst/ro_gen[38].ro/ro_1
heat_gen[0].heat_inst/ro_gen[38].ro/ro_2.
Related violations: <none>

LUTLP-2#323 Warning
Combinatorial Loop Allowed  
3 LUT cells form a combinatorial loop. This can create a race condition. Timing analysis may not be accurate. The preferred resolution is to modify the design to remove combinatorial logic loops. This loop has been identified in the constraints as being known and understood by use of the ALLOW_COMBINATORIAL_LOOPS property on a net in the loop. The cells in the loop are: heat_gen[0].heat_inst/ro_gen[390].ro/ro_0,
heat_gen[0].heat_inst/ro_gen[390].ro/ro_1
heat_gen[0].heat_inst/ro_gen[390].ro/ro_2.
Related violations: <none>

LUTLP-2#324 Warning
Combinatorial Loop Allowed  
3 LUT cells form a combinatorial loop. This can create a race condition. Timing analysis may not be accurate. The preferred resolution is to modify the design to remove combinatorial logic loops. This loop has been identified in the constraints as being known and understood by use of the ALLOW_COMBINATORIAL_LOOPS property on a net in the loop. The cells in the loop are: heat_gen[0].heat_inst/ro_gen[391].ro/ro_0,
heat_gen[0].heat_inst/ro_gen[391].ro/ro_1
heat_gen[0].heat_inst/ro_gen[391].ro/ro_2.
Related violations: <none>

LUTLP-2#325 Warning
Combinatorial Loop Allowed  
3 LUT cells form a combinatorial loop. This can create a race condition. Timing analysis may not be accurate. The preferred resolution is to modify the design to remove combinatorial logic loops. This loop has been identified in the constraints as being known and understood by use of the ALLOW_COMBINATORIAL_LOOPS property on a net in the loop. The cells in the loop are: heat_gen[0].heat_inst/ro_gen[392].ro/ro_0,
heat_gen[0].heat_inst/ro_gen[392].ro/ro_1
heat_gen[0].heat_inst/ro_gen[392].ro/ro_2.
Related violations: <none>

LUTLP-2#326 Warning
Combinatorial Loop Allowed  
3 LUT cells form a combinatorial loop. This can create a race condition. Timing analysis may not be accurate. The preferred resolution is to modify the design to remove combinatorial logic loops. This loop has been identified in the constraints as being known and understood by use of the ALLOW_COMBINATORIAL_LOOPS property on a net in the loop. The cells in the loop are: heat_gen[0].heat_inst/ro_gen[393].ro/ro_0,
heat_gen[0].heat_inst/ro_gen[393].ro/ro_1
heat_gen[0].heat_inst/ro_gen[393].ro/ro_2.
Related violations: <none>

LUTLP-2#327 Warning
Combinatorial Loop Allowed  
3 LUT cells form a combinatorial loop. This can create a race condition. Timing analysis may not be accurate. The preferred resolution is to modify the design to remove combinatorial logic loops. This loop has been identified in the constraints as being known and understood by use of the ALLOW_COMBINATORIAL_LOOPS property on a net in the loop. The cells in the loop are: heat_gen[0].heat_inst/ro_gen[394].ro/ro_0,
heat_gen[0].heat_inst/ro_gen[394].ro/ro_1
heat_gen[0].heat_inst/ro_gen[394].ro/ro_2.
Related violations: <none>

LUTLP-2#328 Warning
Combinatorial Loop Allowed  
3 LUT cells form a combinatorial loop. This can create a race condition. Timing analysis may not be accurate. The preferred resolution is to modify the design to remove combinatorial logic loops. This loop has been identified in the constraints as being known and understood by use of the ALLOW_COMBINATORIAL_LOOPS property on a net in the loop. The cells in the loop are: heat_gen[0].heat_inst/ro_gen[395].ro/ro_0,
heat_gen[0].heat_inst/ro_gen[395].ro/ro_1
heat_gen[0].heat_inst/ro_gen[395].ro/ro_2.
Related violations: <none>

LUTLP-2#329 Warning
Combinatorial Loop Allowed  
3 LUT cells form a combinatorial loop. This can create a race condition. Timing analysis may not be accurate. The preferred resolution is to modify the design to remove combinatorial logic loops. This loop has been identified in the constraints as being known and understood by use of the ALLOW_COMBINATORIAL_LOOPS property on a net in the loop. The cells in the loop are: heat_gen[0].heat_inst/ro_gen[396].ro/ro_0,
heat_gen[0].heat_inst/ro_gen[396].ro/ro_1
heat_gen[0].heat_inst/ro_gen[396].ro/ro_2.
Related violations: <none>

LUTLP-2#330 Warning
Combinatorial Loop Allowed  
3 LUT cells form a combinatorial loop. This can create a race condition. Timing analysis may not be accurate. The preferred resolution is to modify the design to remove combinatorial logic loops. This loop has been identified in the constraints as being known and understood by use of the ALLOW_COMBINATORIAL_LOOPS property on a net in the loop. The cells in the loop are: heat_gen[0].heat_inst/ro_gen[397].ro/ro_0,
heat_gen[0].heat_inst/ro_gen[397].ro/ro_1
heat_gen[0].heat_inst/ro_gen[397].ro/ro_2.
Related violations: <none>

LUTLP-2#331 Warning
Combinatorial Loop Allowed  
3 LUT cells form a combinatorial loop. This can create a race condition. Timing analysis may not be accurate. The preferred resolution is to modify the design to remove combinatorial logic loops. This loop has been identified in the constraints as being known and understood by use of the ALLOW_COMBINATORIAL_LOOPS property on a net in the loop. The cells in the loop are: heat_gen[0].heat_inst/ro_gen[398].ro/ro_0,
heat_gen[0].heat_inst/ro_gen[398].ro/ro_1
heat_gen[0].heat_inst/ro_gen[398].ro/ro_2.
Related violations: <none>

LUTLP-2#332 Warning
Combinatorial Loop Allowed  
3 LUT cells form a combinatorial loop. This can create a race condition. Timing analysis may not be accurate. The preferred resolution is to modify the design to remove combinatorial logic loops. This loop has been identified in the constraints as being known and understood by use of the ALLOW_COMBINATORIAL_LOOPS property on a net in the loop. The cells in the loop are: heat_gen[0].heat_inst/ro_gen[399].ro/ro_0,
heat_gen[0].heat_inst/ro_gen[399].ro/ro_1
heat_gen[0].heat_inst/ro_gen[399].ro/ro_2.
Related violations: <none>

LUTLP-2#333 Warning
Combinatorial Loop Allowed  
3 LUT cells form a combinatorial loop. This can create a race condition. Timing analysis may not be accurate. The preferred resolution is to modify the design to remove combinatorial logic loops. This loop has been identified in the constraints as being known and understood by use of the ALLOW_COMBINATORIAL_LOOPS property on a net in the loop. The cells in the loop are: heat_gen[0].heat_inst/ro_gen[39].ro/ro_0,
heat_gen[0].heat_inst/ro_gen[39].ro/ro_1
heat_gen[0].heat_inst/ro_gen[39].ro/ro_2.
Related violations: <none>

LUTLP-2#334 Warning
Combinatorial Loop Allowed  
3 LUT cells form a combinatorial loop. This can create a race condition. Timing analysis may not be accurate. The preferred resolution is to modify the design to remove combinatorial logic loops. This loop has been identified in the constraints as being known and understood by use of the ALLOW_COMBINATORIAL_LOOPS property on a net in the loop. The cells in the loop are: heat_gen[0].heat_inst/ro_gen[3].ro/ro_0,
heat_gen[0].heat_inst/ro_gen[3].ro/ro_1
heat_gen[0].heat_inst/ro_gen[3].ro/ro_2.
Related violations: <none>

LUTLP-2#335 Warning
Combinatorial Loop Allowed  
3 LUT cells form a combinatorial loop. This can create a race condition. Timing analysis may not be accurate. The preferred resolution is to modify the design to remove combinatorial logic loops. This loop has been identified in the constraints as being known and understood by use of the ALLOW_COMBINATORIAL_LOOPS property on a net in the loop. The cells in the loop are: heat_gen[0].heat_inst/ro_gen[400].ro/ro_0,
heat_gen[0].heat_inst/ro_gen[400].ro/ro_1
heat_gen[0].heat_inst/ro_gen[400].ro/ro_2.
Related violations: <none>

LUTLP-2#336 Warning
Combinatorial Loop Allowed  
3 LUT cells form a combinatorial loop. This can create a race condition. Timing analysis may not be accurate. The preferred resolution is to modify the design to remove combinatorial logic loops. This loop has been identified in the constraints as being known and understood by use of the ALLOW_COMBINATORIAL_LOOPS property on a net in the loop. The cells in the loop are: heat_gen[0].heat_inst/ro_gen[401].ro/ro_0,
heat_gen[0].heat_inst/ro_gen[401].ro/ro_1
heat_gen[0].heat_inst/ro_gen[401].ro/ro_2.
Related violations: <none>

LUTLP-2#337 Warning
Combinatorial Loop Allowed  
3 LUT cells form a combinatorial loop. This can create a race condition. Timing analysis may not be accurate. The preferred resolution is to modify the design to remove combinatorial logic loops. This loop has been identified in the constraints as being known and understood by use of the ALLOW_COMBINATORIAL_LOOPS property on a net in the loop. The cells in the loop are: heat_gen[0].heat_inst/ro_gen[402].ro/ro_0,
heat_gen[0].heat_inst/ro_gen[402].ro/ro_1
heat_gen[0].heat_inst/ro_gen[402].ro/ro_2.
Related violations: <none>

LUTLP-2#338 Warning
Combinatorial Loop Allowed  
3 LUT cells form a combinatorial loop. This can create a race condition. Timing analysis may not be accurate. The preferred resolution is to modify the design to remove combinatorial logic loops. This loop has been identified in the constraints as being known and understood by use of the ALLOW_COMBINATORIAL_LOOPS property on a net in the loop. The cells in the loop are: heat_gen[0].heat_inst/ro_gen[403].ro/ro_0,
heat_gen[0].heat_inst/ro_gen[403].ro/ro_1
heat_gen[0].heat_inst/ro_gen[403].ro/ro_2.
Related violations: <none>

LUTLP-2#339 Warning
Combinatorial Loop Allowed  
3 LUT cells form a combinatorial loop. This can create a race condition. Timing analysis may not be accurate. The preferred resolution is to modify the design to remove combinatorial logic loops. This loop has been identified in the constraints as being known and understood by use of the ALLOW_COMBINATORIAL_LOOPS property on a net in the loop. The cells in the loop are: heat_gen[0].heat_inst/ro_gen[404].ro/ro_0,
heat_gen[0].heat_inst/ro_gen[404].ro/ro_1
heat_gen[0].heat_inst/ro_gen[404].ro/ro_2.
Related violations: <none>

LUTLP-2#340 Warning
Combinatorial Loop Allowed  
3 LUT cells form a combinatorial loop. This can create a race condition. Timing analysis may not be accurate. The preferred resolution is to modify the design to remove combinatorial logic loops. This loop has been identified in the constraints as being known and understood by use of the ALLOW_COMBINATORIAL_LOOPS property on a net in the loop. The cells in the loop are: heat_gen[0].heat_inst/ro_gen[405].ro/ro_0,
heat_gen[0].heat_inst/ro_gen[405].ro/ro_1
heat_gen[0].heat_inst/ro_gen[405].ro/ro_2.
Related violations: <none>

LUTLP-2#341 Warning
Combinatorial Loop Allowed  
3 LUT cells form a combinatorial loop. This can create a race condition. Timing analysis may not be accurate. The preferred resolution is to modify the design to remove combinatorial logic loops. This loop has been identified in the constraints as being known and understood by use of the ALLOW_COMBINATORIAL_LOOPS property on a net in the loop. The cells in the loop are: heat_gen[0].heat_inst/ro_gen[406].ro/ro_0,
heat_gen[0].heat_inst/ro_gen[406].ro/ro_1
heat_gen[0].heat_inst/ro_gen[406].ro/ro_2.
Related violations: <none>

LUTLP-2#342 Warning
Combinatorial Loop Allowed  
3 LUT cells form a combinatorial loop. This can create a race condition. Timing analysis may not be accurate. The preferred resolution is to modify the design to remove combinatorial logic loops. This loop has been identified in the constraints as being known and understood by use of the ALLOW_COMBINATORIAL_LOOPS property on a net in the loop. The cells in the loop are: heat_gen[0].heat_inst/ro_gen[407].ro/ro_0,
heat_gen[0].heat_inst/ro_gen[407].ro/ro_1
heat_gen[0].heat_inst/ro_gen[407].ro/ro_2.
Related violations: <none>

LUTLP-2#343 Warning
Combinatorial Loop Allowed  
3 LUT cells form a combinatorial loop. This can create a race condition. Timing analysis may not be accurate. The preferred resolution is to modify the design to remove combinatorial logic loops. This loop has been identified in the constraints as being known and understood by use of the ALLOW_COMBINATORIAL_LOOPS property on a net in the loop. The cells in the loop are: heat_gen[0].heat_inst/ro_gen[408].ro/ro_0,
heat_gen[0].heat_inst/ro_gen[408].ro/ro_1
heat_gen[0].heat_inst/ro_gen[408].ro/ro_2.
Related violations: <none>

LUTLP-2#344 Warning
Combinatorial Loop Allowed  
3 LUT cells form a combinatorial loop. This can create a race condition. Timing analysis may not be accurate. The preferred resolution is to modify the design to remove combinatorial logic loops. This loop has been identified in the constraints as being known and understood by use of the ALLOW_COMBINATORIAL_LOOPS property on a net in the loop. The cells in the loop are: heat_gen[0].heat_inst/ro_gen[409].ro/ro_0,
heat_gen[0].heat_inst/ro_gen[409].ro/ro_1
heat_gen[0].heat_inst/ro_gen[409].ro/ro_2.
Related violations: <none>

LUTLP-2#345 Warning
Combinatorial Loop Allowed  
3 LUT cells form a combinatorial loop. This can create a race condition. Timing analysis may not be accurate. The preferred resolution is to modify the design to remove combinatorial logic loops. This loop has been identified in the constraints as being known and understood by use of the ALLOW_COMBINATORIAL_LOOPS property on a net in the loop. The cells in the loop are: heat_gen[0].heat_inst/ro_gen[40].ro/ro_0,
heat_gen[0].heat_inst/ro_gen[40].ro/ro_1
heat_gen[0].heat_inst/ro_gen[40].ro/ro_2.
Related violations: <none>

LUTLP-2#346 Warning
Combinatorial Loop Allowed  
3 LUT cells form a combinatorial loop. This can create a race condition. Timing analysis may not be accurate. The preferred resolution is to modify the design to remove combinatorial logic loops. This loop has been identified in the constraints as being known and understood by use of the ALLOW_COMBINATORIAL_LOOPS property on a net in the loop. The cells in the loop are: heat_gen[0].heat_inst/ro_gen[410].ro/ro_0,
heat_gen[0].heat_inst/ro_gen[410].ro/ro_1
heat_gen[0].heat_inst/ro_gen[410].ro/ro_2.
Related violations: <none>

LUTLP-2#347 Warning
Combinatorial Loop Allowed  
3 LUT cells form a combinatorial loop. This can create a race condition. Timing analysis may not be accurate. The preferred resolution is to modify the design to remove combinatorial logic loops. This loop has been identified in the constraints as being known and understood by use of the ALLOW_COMBINATORIAL_LOOPS property on a net in the loop. The cells in the loop are: heat_gen[0].heat_inst/ro_gen[411].ro/ro_0,
heat_gen[0].heat_inst/ro_gen[411].ro/ro_1
heat_gen[0].heat_inst/ro_gen[411].ro/ro_2.
Related violations: <none>

LUTLP-2#348 Warning
Combinatorial Loop Allowed  
3 LUT cells form a combinatorial loop. This can create a race condition. Timing analysis may not be accurate. The preferred resolution is to modify the design to remove combinatorial logic loops. This loop has been identified in the constraints as being known and understood by use of the ALLOW_COMBINATORIAL_LOOPS property on a net in the loop. The cells in the loop are: heat_gen[0].heat_inst/ro_gen[412].ro/ro_0,
heat_gen[0].heat_inst/ro_gen[412].ro/ro_1
heat_gen[0].heat_inst/ro_gen[412].ro/ro_2.
Related violations: <none>

LUTLP-2#349 Warning
Combinatorial Loop Allowed  
3 LUT cells form a combinatorial loop. This can create a race condition. Timing analysis may not be accurate. The preferred resolution is to modify the design to remove combinatorial logic loops. This loop has been identified in the constraints as being known and understood by use of the ALLOW_COMBINATORIAL_LOOPS property on a net in the loop. The cells in the loop are: heat_gen[0].heat_inst/ro_gen[413].ro/ro_0,
heat_gen[0].heat_inst/ro_gen[413].ro/ro_1
heat_gen[0].heat_inst/ro_gen[413].ro/ro_2.
Related violations: <none>

LUTLP-2#350 Warning
Combinatorial Loop Allowed  
3 LUT cells form a combinatorial loop. This can create a race condition. Timing analysis may not be accurate. The preferred resolution is to modify the design to remove combinatorial logic loops. This loop has been identified in the constraints as being known and understood by use of the ALLOW_COMBINATORIAL_LOOPS property on a net in the loop. The cells in the loop are: heat_gen[0].heat_inst/ro_gen[414].ro/ro_0,
heat_gen[0].heat_inst/ro_gen[414].ro/ro_1
heat_gen[0].heat_inst/ro_gen[414].ro/ro_2.
Related violations: <none>

LUTLP-2#351 Warning
Combinatorial Loop Allowed  
3 LUT cells form a combinatorial loop. This can create a race condition. Timing analysis may not be accurate. The preferred resolution is to modify the design to remove combinatorial logic loops. This loop has been identified in the constraints as being known and understood by use of the ALLOW_COMBINATORIAL_LOOPS property on a net in the loop. The cells in the loop are: heat_gen[0].heat_inst/ro_gen[415].ro/ro_0,
heat_gen[0].heat_inst/ro_gen[415].ro/ro_1
heat_gen[0].heat_inst/ro_gen[415].ro/ro_2.
Related violations: <none>

LUTLP-2#352 Warning
Combinatorial Loop Allowed  
3 LUT cells form a combinatorial loop. This can create a race condition. Timing analysis may not be accurate. The preferred resolution is to modify the design to remove combinatorial logic loops. This loop has been identified in the constraints as being known and understood by use of the ALLOW_COMBINATORIAL_LOOPS property on a net in the loop. The cells in the loop are: heat_gen[0].heat_inst/ro_gen[416].ro/ro_0,
heat_gen[0].heat_inst/ro_gen[416].ro/ro_1
heat_gen[0].heat_inst/ro_gen[416].ro/ro_2.
Related violations: <none>

LUTLP-2#353 Warning
Combinatorial Loop Allowed  
3 LUT cells form a combinatorial loop. This can create a race condition. Timing analysis may not be accurate. The preferred resolution is to modify the design to remove combinatorial logic loops. This loop has been identified in the constraints as being known and understood by use of the ALLOW_COMBINATORIAL_LOOPS property on a net in the loop. The cells in the loop are: heat_gen[0].heat_inst/ro_gen[417].ro/ro_0,
heat_gen[0].heat_inst/ro_gen[417].ro/ro_1
heat_gen[0].heat_inst/ro_gen[417].ro/ro_2.
Related violations: <none>

LUTLP-2#354 Warning
Combinatorial Loop Allowed  
3 LUT cells form a combinatorial loop. This can create a race condition. Timing analysis may not be accurate. The preferred resolution is to modify the design to remove combinatorial logic loops. This loop has been identified in the constraints as being known and understood by use of the ALLOW_COMBINATORIAL_LOOPS property on a net in the loop. The cells in the loop are: heat_gen[0].heat_inst/ro_gen[418].ro/ro_0,
heat_gen[0].heat_inst/ro_gen[418].ro/ro_1
heat_gen[0].heat_inst/ro_gen[418].ro/ro_2.
Related violations: <none>

LUTLP-2#355 Warning
Combinatorial Loop Allowed  
3 LUT cells form a combinatorial loop. This can create a race condition. Timing analysis may not be accurate. The preferred resolution is to modify the design to remove combinatorial logic loops. This loop has been identified in the constraints as being known and understood by use of the ALLOW_COMBINATORIAL_LOOPS property on a net in the loop. The cells in the loop are: heat_gen[0].heat_inst/ro_gen[419].ro/ro_0,
heat_gen[0].heat_inst/ro_gen[419].ro/ro_1
heat_gen[0].heat_inst/ro_gen[419].ro/ro_2.
Related violations: <none>

LUTLP-2#356 Warning
Combinatorial Loop Allowed  
3 LUT cells form a combinatorial loop. This can create a race condition. Timing analysis may not be accurate. The preferred resolution is to modify the design to remove combinatorial logic loops. This loop has been identified in the constraints as being known and understood by use of the ALLOW_COMBINATORIAL_LOOPS property on a net in the loop. The cells in the loop are: heat_gen[0].heat_inst/ro_gen[41].ro/ro_0,
heat_gen[0].heat_inst/ro_gen[41].ro/ro_1
heat_gen[0].heat_inst/ro_gen[41].ro/ro_2.
Related violations: <none>

LUTLP-2#357 Warning
Combinatorial Loop Allowed  
3 LUT cells form a combinatorial loop. This can create a race condition. Timing analysis may not be accurate. The preferred resolution is to modify the design to remove combinatorial logic loops. This loop has been identified in the constraints as being known and understood by use of the ALLOW_COMBINATORIAL_LOOPS property on a net in the loop. The cells in the loop are: heat_gen[0].heat_inst/ro_gen[420].ro/ro_0,
heat_gen[0].heat_inst/ro_gen[420].ro/ro_1
heat_gen[0].heat_inst/ro_gen[420].ro/ro_2.
Related violations: <none>

LUTLP-2#358 Warning
Combinatorial Loop Allowed  
3 LUT cells form a combinatorial loop. This can create a race condition. Timing analysis may not be accurate. The preferred resolution is to modify the design to remove combinatorial logic loops. This loop has been identified in the constraints as being known and understood by use of the ALLOW_COMBINATORIAL_LOOPS property on a net in the loop. The cells in the loop are: heat_gen[0].heat_inst/ro_gen[421].ro/ro_0,
heat_gen[0].heat_inst/ro_gen[421].ro/ro_1
heat_gen[0].heat_inst/ro_gen[421].ro/ro_2.
Related violations: <none>

LUTLP-2#359 Warning
Combinatorial Loop Allowed  
3 LUT cells form a combinatorial loop. This can create a race condition. Timing analysis may not be accurate. The preferred resolution is to modify the design to remove combinatorial logic loops. This loop has been identified in the constraints as being known and understood by use of the ALLOW_COMBINATORIAL_LOOPS property on a net in the loop. The cells in the loop are: heat_gen[0].heat_inst/ro_gen[422].ro/ro_0,
heat_gen[0].heat_inst/ro_gen[422].ro/ro_1
heat_gen[0].heat_inst/ro_gen[422].ro/ro_2.
Related violations: <none>

LUTLP-2#360 Warning
Combinatorial Loop Allowed  
3 LUT cells form a combinatorial loop. This can create a race condition. Timing analysis may not be accurate. The preferred resolution is to modify the design to remove combinatorial logic loops. This loop has been identified in the constraints as being known and understood by use of the ALLOW_COMBINATORIAL_LOOPS property on a net in the loop. The cells in the loop are: heat_gen[0].heat_inst/ro_gen[423].ro/ro_0,
heat_gen[0].heat_inst/ro_gen[423].ro/ro_1
heat_gen[0].heat_inst/ro_gen[423].ro/ro_2.
Related violations: <none>

LUTLP-2#361 Warning
Combinatorial Loop Allowed  
3 LUT cells form a combinatorial loop. This can create a race condition. Timing analysis may not be accurate. The preferred resolution is to modify the design to remove combinatorial logic loops. This loop has been identified in the constraints as being known and understood by use of the ALLOW_COMBINATORIAL_LOOPS property on a net in the loop. The cells in the loop are: heat_gen[0].heat_inst/ro_gen[424].ro/ro_0,
heat_gen[0].heat_inst/ro_gen[424].ro/ro_1
heat_gen[0].heat_inst/ro_gen[424].ro/ro_2.
Related violations: <none>

LUTLP-2#362 Warning
Combinatorial Loop Allowed  
3 LUT cells form a combinatorial loop. This can create a race condition. Timing analysis may not be accurate. The preferred resolution is to modify the design to remove combinatorial logic loops. This loop has been identified in the constraints as being known and understood by use of the ALLOW_COMBINATORIAL_LOOPS property on a net in the loop. The cells in the loop are: heat_gen[0].heat_inst/ro_gen[425].ro/ro_0,
heat_gen[0].heat_inst/ro_gen[425].ro/ro_1
heat_gen[0].heat_inst/ro_gen[425].ro/ro_2.
Related violations: <none>

LUTLP-2#363 Warning
Combinatorial Loop Allowed  
3 LUT cells form a combinatorial loop. This can create a race condition. Timing analysis may not be accurate. The preferred resolution is to modify the design to remove combinatorial logic loops. This loop has been identified in the constraints as being known and understood by use of the ALLOW_COMBINATORIAL_LOOPS property on a net in the loop. The cells in the loop are: heat_gen[0].heat_inst/ro_gen[426].ro/ro_0,
heat_gen[0].heat_inst/ro_gen[426].ro/ro_1
heat_gen[0].heat_inst/ro_gen[426].ro/ro_2.
Related violations: <none>

LUTLP-2#364 Warning
Combinatorial Loop Allowed  
3 LUT cells form a combinatorial loop. This can create a race condition. Timing analysis may not be accurate. The preferred resolution is to modify the design to remove combinatorial logic loops. This loop has been identified in the constraints as being known and understood by use of the ALLOW_COMBINATORIAL_LOOPS property on a net in the loop. The cells in the loop are: heat_gen[0].heat_inst/ro_gen[427].ro/ro_0,
heat_gen[0].heat_inst/ro_gen[427].ro/ro_1
heat_gen[0].heat_inst/ro_gen[427].ro/ro_2.
Related violations: <none>

LUTLP-2#365 Warning
Combinatorial Loop Allowed  
3 LUT cells form a combinatorial loop. This can create a race condition. Timing analysis may not be accurate. The preferred resolution is to modify the design to remove combinatorial logic loops. This loop has been identified in the constraints as being known and understood by use of the ALLOW_COMBINATORIAL_LOOPS property on a net in the loop. The cells in the loop are: heat_gen[0].heat_inst/ro_gen[428].ro/ro_0,
heat_gen[0].heat_inst/ro_gen[428].ro/ro_1
heat_gen[0].heat_inst/ro_gen[428].ro/ro_2.
Related violations: <none>

LUTLP-2#366 Warning
Combinatorial Loop Allowed  
3 LUT cells form a combinatorial loop. This can create a race condition. Timing analysis may not be accurate. The preferred resolution is to modify the design to remove combinatorial logic loops. This loop has been identified in the constraints as being known and understood by use of the ALLOW_COMBINATORIAL_LOOPS property on a net in the loop. The cells in the loop are: heat_gen[0].heat_inst/ro_gen[429].ro/ro_0,
heat_gen[0].heat_inst/ro_gen[429].ro/ro_1
heat_gen[0].heat_inst/ro_gen[429].ro/ro_2.
Related violations: <none>

LUTLP-2#367 Warning
Combinatorial Loop Allowed  
3 LUT cells form a combinatorial loop. This can create a race condition. Timing analysis may not be accurate. The preferred resolution is to modify the design to remove combinatorial logic loops. This loop has been identified in the constraints as being known and understood by use of the ALLOW_COMBINATORIAL_LOOPS property on a net in the loop. The cells in the loop are: heat_gen[0].heat_inst/ro_gen[42].ro/ro_0,
heat_gen[0].heat_inst/ro_gen[42].ro/ro_1
heat_gen[0].heat_inst/ro_gen[42].ro/ro_2.
Related violations: <none>

LUTLP-2#368 Warning
Combinatorial Loop Allowed  
3 LUT cells form a combinatorial loop. This can create a race condition. Timing analysis may not be accurate. The preferred resolution is to modify the design to remove combinatorial logic loops. This loop has been identified in the constraints as being known and understood by use of the ALLOW_COMBINATORIAL_LOOPS property on a net in the loop. The cells in the loop are: heat_gen[0].heat_inst/ro_gen[430].ro/ro_0,
heat_gen[0].heat_inst/ro_gen[430].ro/ro_1
heat_gen[0].heat_inst/ro_gen[430].ro/ro_2.
Related violations: <none>

LUTLP-2#369 Warning
Combinatorial Loop Allowed  
3 LUT cells form a combinatorial loop. This can create a race condition. Timing analysis may not be accurate. The preferred resolution is to modify the design to remove combinatorial logic loops. This loop has been identified in the constraints as being known and understood by use of the ALLOW_COMBINATORIAL_LOOPS property on a net in the loop. The cells in the loop are: heat_gen[0].heat_inst/ro_gen[431].ro/ro_0,
heat_gen[0].heat_inst/ro_gen[431].ro/ro_1
heat_gen[0].heat_inst/ro_gen[431].ro/ro_2.
Related violations: <none>

LUTLP-2#370 Warning
Combinatorial Loop Allowed  
3 LUT cells form a combinatorial loop. This can create a race condition. Timing analysis may not be accurate. The preferred resolution is to modify the design to remove combinatorial logic loops. This loop has been identified in the constraints as being known and understood by use of the ALLOW_COMBINATORIAL_LOOPS property on a net in the loop. The cells in the loop are: heat_gen[0].heat_inst/ro_gen[432].ro/ro_0,
heat_gen[0].heat_inst/ro_gen[432].ro/ro_1
heat_gen[0].heat_inst/ro_gen[432].ro/ro_2.
Related violations: <none>

LUTLP-2#371 Warning
Combinatorial Loop Allowed  
3 LUT cells form a combinatorial loop. This can create a race condition. Timing analysis may not be accurate. The preferred resolution is to modify the design to remove combinatorial logic loops. This loop has been identified in the constraints as being known and understood by use of the ALLOW_COMBINATORIAL_LOOPS property on a net in the loop. The cells in the loop are: heat_gen[0].heat_inst/ro_gen[433].ro/ro_0,
heat_gen[0].heat_inst/ro_gen[433].ro/ro_1
heat_gen[0].heat_inst/ro_gen[433].ro/ro_2.
Related violations: <none>

LUTLP-2#372 Warning
Combinatorial Loop Allowed  
3 LUT cells form a combinatorial loop. This can create a race condition. Timing analysis may not be accurate. The preferred resolution is to modify the design to remove combinatorial logic loops. This loop has been identified in the constraints as being known and understood by use of the ALLOW_COMBINATORIAL_LOOPS property on a net in the loop. The cells in the loop are: heat_gen[0].heat_inst/ro_gen[434].ro/ro_0,
heat_gen[0].heat_inst/ro_gen[434].ro/ro_1
heat_gen[0].heat_inst/ro_gen[434].ro/ro_2.
Related violations: <none>

LUTLP-2#373 Warning
Combinatorial Loop Allowed  
3 LUT cells form a combinatorial loop. This can create a race condition. Timing analysis may not be accurate. The preferred resolution is to modify the design to remove combinatorial logic loops. This loop has been identified in the constraints as being known and understood by use of the ALLOW_COMBINATORIAL_LOOPS property on a net in the loop. The cells in the loop are: heat_gen[0].heat_inst/ro_gen[435].ro/ro_0,
heat_gen[0].heat_inst/ro_gen[435].ro/ro_1
heat_gen[0].heat_inst/ro_gen[435].ro/ro_2.
Related violations: <none>

LUTLP-2#374 Warning
Combinatorial Loop Allowed  
3 LUT cells form a combinatorial loop. This can create a race condition. Timing analysis may not be accurate. The preferred resolution is to modify the design to remove combinatorial logic loops. This loop has been identified in the constraints as being known and understood by use of the ALLOW_COMBINATORIAL_LOOPS property on a net in the loop. The cells in the loop are: heat_gen[0].heat_inst/ro_gen[436].ro/ro_0,
heat_gen[0].heat_inst/ro_gen[436].ro/ro_1
heat_gen[0].heat_inst/ro_gen[436].ro/ro_2.
Related violations: <none>

LUTLP-2#375 Warning
Combinatorial Loop Allowed  
3 LUT cells form a combinatorial loop. This can create a race condition. Timing analysis may not be accurate. The preferred resolution is to modify the design to remove combinatorial logic loops. This loop has been identified in the constraints as being known and understood by use of the ALLOW_COMBINATORIAL_LOOPS property on a net in the loop. The cells in the loop are: heat_gen[0].heat_inst/ro_gen[437].ro/ro_0,
heat_gen[0].heat_inst/ro_gen[437].ro/ro_1
heat_gen[0].heat_inst/ro_gen[437].ro/ro_2.
Related violations: <none>

LUTLP-2#376 Warning
Combinatorial Loop Allowed  
3 LUT cells form a combinatorial loop. This can create a race condition. Timing analysis may not be accurate. The preferred resolution is to modify the design to remove combinatorial logic loops. This loop has been identified in the constraints as being known and understood by use of the ALLOW_COMBINATORIAL_LOOPS property on a net in the loop. The cells in the loop are: heat_gen[0].heat_inst/ro_gen[438].ro/ro_0,
heat_gen[0].heat_inst/ro_gen[438].ro/ro_1
heat_gen[0].heat_inst/ro_gen[438].ro/ro_2.
Related violations: <none>

LUTLP-2#377 Warning
Combinatorial Loop Allowed  
3 LUT cells form a combinatorial loop. This can create a race condition. Timing analysis may not be accurate. The preferred resolution is to modify the design to remove combinatorial logic loops. This loop has been identified in the constraints as being known and understood by use of the ALLOW_COMBINATORIAL_LOOPS property on a net in the loop. The cells in the loop are: heat_gen[0].heat_inst/ro_gen[439].ro/ro_0,
heat_gen[0].heat_inst/ro_gen[439].ro/ro_1
heat_gen[0].heat_inst/ro_gen[439].ro/ro_2.
Related violations: <none>

LUTLP-2#378 Warning
Combinatorial Loop Allowed  
3 LUT cells form a combinatorial loop. This can create a race condition. Timing analysis may not be accurate. The preferred resolution is to modify the design to remove combinatorial logic loops. This loop has been identified in the constraints as being known and understood by use of the ALLOW_COMBINATORIAL_LOOPS property on a net in the loop. The cells in the loop are: heat_gen[0].heat_inst/ro_gen[43].ro/ro_0,
heat_gen[0].heat_inst/ro_gen[43].ro/ro_1
heat_gen[0].heat_inst/ro_gen[43].ro/ro_2.
Related violations: <none>

LUTLP-2#379 Warning
Combinatorial Loop Allowed  
3 LUT cells form a combinatorial loop. This can create a race condition. Timing analysis may not be accurate. The preferred resolution is to modify the design to remove combinatorial logic loops. This loop has been identified in the constraints as being known and understood by use of the ALLOW_COMBINATORIAL_LOOPS property on a net in the loop. The cells in the loop are: heat_gen[0].heat_inst/ro_gen[440].ro/ro_0,
heat_gen[0].heat_inst/ro_gen[440].ro/ro_1
heat_gen[0].heat_inst/ro_gen[440].ro/ro_2.
Related violations: <none>

LUTLP-2#380 Warning
Combinatorial Loop Allowed  
3 LUT cells form a combinatorial loop. This can create a race condition. Timing analysis may not be accurate. The preferred resolution is to modify the design to remove combinatorial logic loops. This loop has been identified in the constraints as being known and understood by use of the ALLOW_COMBINATORIAL_LOOPS property on a net in the loop. The cells in the loop are: heat_gen[0].heat_inst/ro_gen[441].ro/ro_0,
heat_gen[0].heat_inst/ro_gen[441].ro/ro_1
heat_gen[0].heat_inst/ro_gen[441].ro/ro_2.
Related violations: <none>

LUTLP-2#381 Warning
Combinatorial Loop Allowed  
3 LUT cells form a combinatorial loop. This can create a race condition. Timing analysis may not be accurate. The preferred resolution is to modify the design to remove combinatorial logic loops. This loop has been identified in the constraints as being known and understood by use of the ALLOW_COMBINATORIAL_LOOPS property on a net in the loop. The cells in the loop are: heat_gen[0].heat_inst/ro_gen[442].ro/ro_0,
heat_gen[0].heat_inst/ro_gen[442].ro/ro_1
heat_gen[0].heat_inst/ro_gen[442].ro/ro_2.
Related violations: <none>

LUTLP-2#382 Warning
Combinatorial Loop Allowed  
3 LUT cells form a combinatorial loop. This can create a race condition. Timing analysis may not be accurate. The preferred resolution is to modify the design to remove combinatorial logic loops. This loop has been identified in the constraints as being known and understood by use of the ALLOW_COMBINATORIAL_LOOPS property on a net in the loop. The cells in the loop are: heat_gen[0].heat_inst/ro_gen[443].ro/ro_0,
heat_gen[0].heat_inst/ro_gen[443].ro/ro_1
heat_gen[0].heat_inst/ro_gen[443].ro/ro_2.
Related violations: <none>

LUTLP-2#383 Warning
Combinatorial Loop Allowed  
3 LUT cells form a combinatorial loop. This can create a race condition. Timing analysis may not be accurate. The preferred resolution is to modify the design to remove combinatorial logic loops. This loop has been identified in the constraints as being known and understood by use of the ALLOW_COMBINATORIAL_LOOPS property on a net in the loop. The cells in the loop are: heat_gen[0].heat_inst/ro_gen[444].ro/ro_0,
heat_gen[0].heat_inst/ro_gen[444].ro/ro_1
heat_gen[0].heat_inst/ro_gen[444].ro/ro_2.
Related violations: <none>

LUTLP-2#384 Warning
Combinatorial Loop Allowed  
3 LUT cells form a combinatorial loop. This can create a race condition. Timing analysis may not be accurate. The preferred resolution is to modify the design to remove combinatorial logic loops. This loop has been identified in the constraints as being known and understood by use of the ALLOW_COMBINATORIAL_LOOPS property on a net in the loop. The cells in the loop are: heat_gen[0].heat_inst/ro_gen[445].ro/ro_0,
heat_gen[0].heat_inst/ro_gen[445].ro/ro_1
heat_gen[0].heat_inst/ro_gen[445].ro/ro_2.
Related violations: <none>

LUTLP-2#385 Warning
Combinatorial Loop Allowed  
3 LUT cells form a combinatorial loop. This can create a race condition. Timing analysis may not be accurate. The preferred resolution is to modify the design to remove combinatorial logic loops. This loop has been identified in the constraints as being known and understood by use of the ALLOW_COMBINATORIAL_LOOPS property on a net in the loop. The cells in the loop are: heat_gen[0].heat_inst/ro_gen[446].ro/ro_0,
heat_gen[0].heat_inst/ro_gen[446].ro/ro_1
heat_gen[0].heat_inst/ro_gen[446].ro/ro_2.
Related violations: <none>

LUTLP-2#386 Warning
Combinatorial Loop Allowed  
3 LUT cells form a combinatorial loop. This can create a race condition. Timing analysis may not be accurate. The preferred resolution is to modify the design to remove combinatorial logic loops. This loop has been identified in the constraints as being known and understood by use of the ALLOW_COMBINATORIAL_LOOPS property on a net in the loop. The cells in the loop are: heat_gen[0].heat_inst/ro_gen[447].ro/ro_0,
heat_gen[0].heat_inst/ro_gen[447].ro/ro_1
heat_gen[0].heat_inst/ro_gen[447].ro/ro_2.
Related violations: <none>

LUTLP-2#387 Warning
Combinatorial Loop Allowed  
3 LUT cells form a combinatorial loop. This can create a race condition. Timing analysis may not be accurate. The preferred resolution is to modify the design to remove combinatorial logic loops. This loop has been identified in the constraints as being known and understood by use of the ALLOW_COMBINATORIAL_LOOPS property on a net in the loop. The cells in the loop are: heat_gen[0].heat_inst/ro_gen[448].ro/ro_0,
heat_gen[0].heat_inst/ro_gen[448].ro/ro_1
heat_gen[0].heat_inst/ro_gen[448].ro/ro_2.
Related violations: <none>

LUTLP-2#388 Warning
Combinatorial Loop Allowed  
3 LUT cells form a combinatorial loop. This can create a race condition. Timing analysis may not be accurate. The preferred resolution is to modify the design to remove combinatorial logic loops. This loop has been identified in the constraints as being known and understood by use of the ALLOW_COMBINATORIAL_LOOPS property on a net in the loop. The cells in the loop are: heat_gen[0].heat_inst/ro_gen[449].ro/ro_0,
heat_gen[0].heat_inst/ro_gen[449].ro/ro_1
heat_gen[0].heat_inst/ro_gen[449].ro/ro_2.
Related violations: <none>

LUTLP-2#389 Warning
Combinatorial Loop Allowed  
3 LUT cells form a combinatorial loop. This can create a race condition. Timing analysis may not be accurate. The preferred resolution is to modify the design to remove combinatorial logic loops. This loop has been identified in the constraints as being known and understood by use of the ALLOW_COMBINATORIAL_LOOPS property on a net in the loop. The cells in the loop are: heat_gen[0].heat_inst/ro_gen[44].ro/ro_0,
heat_gen[0].heat_inst/ro_gen[44].ro/ro_1
heat_gen[0].heat_inst/ro_gen[44].ro/ro_2.
Related violations: <none>

LUTLP-2#390 Warning
Combinatorial Loop Allowed  
3 LUT cells form a combinatorial loop. This can create a race condition. Timing analysis may not be accurate. The preferred resolution is to modify the design to remove combinatorial logic loops. This loop has been identified in the constraints as being known and understood by use of the ALLOW_COMBINATORIAL_LOOPS property on a net in the loop. The cells in the loop are: heat_gen[0].heat_inst/ro_gen[450].ro/ro_0,
heat_gen[0].heat_inst/ro_gen[450].ro/ro_1
heat_gen[0].heat_inst/ro_gen[450].ro/ro_2.
Related violations: <none>

LUTLP-2#391 Warning
Combinatorial Loop Allowed  
3 LUT cells form a combinatorial loop. This can create a race condition. Timing analysis may not be accurate. The preferred resolution is to modify the design to remove combinatorial logic loops. This loop has been identified in the constraints as being known and understood by use of the ALLOW_COMBINATORIAL_LOOPS property on a net in the loop. The cells in the loop are: heat_gen[0].heat_inst/ro_gen[451].ro/ro_0,
heat_gen[0].heat_inst/ro_gen[451].ro/ro_1
heat_gen[0].heat_inst/ro_gen[451].ro/ro_2.
Related violations: <none>

LUTLP-2#392 Warning
Combinatorial Loop Allowed  
3 LUT cells form a combinatorial loop. This can create a race condition. Timing analysis may not be accurate. The preferred resolution is to modify the design to remove combinatorial logic loops. This loop has been identified in the constraints as being known and understood by use of the ALLOW_COMBINATORIAL_LOOPS property on a net in the loop. The cells in the loop are: heat_gen[0].heat_inst/ro_gen[452].ro/ro_0,
heat_gen[0].heat_inst/ro_gen[452].ro/ro_1
heat_gen[0].heat_inst/ro_gen[452].ro/ro_2.
Related violations: <none>

LUTLP-2#393 Warning
Combinatorial Loop Allowed  
3 LUT cells form a combinatorial loop. This can create a race condition. Timing analysis may not be accurate. The preferred resolution is to modify the design to remove combinatorial logic loops. This loop has been identified in the constraints as being known and understood by use of the ALLOW_COMBINATORIAL_LOOPS property on a net in the loop. The cells in the loop are: heat_gen[0].heat_inst/ro_gen[453].ro/ro_0,
heat_gen[0].heat_inst/ro_gen[453].ro/ro_1
heat_gen[0].heat_inst/ro_gen[453].ro/ro_2.
Related violations: <none>

LUTLP-2#394 Warning
Combinatorial Loop Allowed  
3 LUT cells form a combinatorial loop. This can create a race condition. Timing analysis may not be accurate. The preferred resolution is to modify the design to remove combinatorial logic loops. This loop has been identified in the constraints as being known and understood by use of the ALLOW_COMBINATORIAL_LOOPS property on a net in the loop. The cells in the loop are: heat_gen[0].heat_inst/ro_gen[454].ro/ro_0,
heat_gen[0].heat_inst/ro_gen[454].ro/ro_1
heat_gen[0].heat_inst/ro_gen[454].ro/ro_2.
Related violations: <none>

LUTLP-2#395 Warning
Combinatorial Loop Allowed  
3 LUT cells form a combinatorial loop. This can create a race condition. Timing analysis may not be accurate. The preferred resolution is to modify the design to remove combinatorial logic loops. This loop has been identified in the constraints as being known and understood by use of the ALLOW_COMBINATORIAL_LOOPS property on a net in the loop. The cells in the loop are: heat_gen[0].heat_inst/ro_gen[455].ro/ro_0,
heat_gen[0].heat_inst/ro_gen[455].ro/ro_1
heat_gen[0].heat_inst/ro_gen[455].ro/ro_2.
Related violations: <none>

LUTLP-2#396 Warning
Combinatorial Loop Allowed  
3 LUT cells form a combinatorial loop. This can create a race condition. Timing analysis may not be accurate. The preferred resolution is to modify the design to remove combinatorial logic loops. This loop has been identified in the constraints as being known and understood by use of the ALLOW_COMBINATORIAL_LOOPS property on a net in the loop. The cells in the loop are: heat_gen[0].heat_inst/ro_gen[456].ro/ro_0,
heat_gen[0].heat_inst/ro_gen[456].ro/ro_1
heat_gen[0].heat_inst/ro_gen[456].ro/ro_2.
Related violations: <none>

LUTLP-2#397 Warning
Combinatorial Loop Allowed  
3 LUT cells form a combinatorial loop. This can create a race condition. Timing analysis may not be accurate. The preferred resolution is to modify the design to remove combinatorial logic loops. This loop has been identified in the constraints as being known and understood by use of the ALLOW_COMBINATORIAL_LOOPS property on a net in the loop. The cells in the loop are: heat_gen[0].heat_inst/ro_gen[457].ro/ro_0,
heat_gen[0].heat_inst/ro_gen[457].ro/ro_1
heat_gen[0].heat_inst/ro_gen[457].ro/ro_2.
Related violations: <none>

LUTLP-2#398 Warning
Combinatorial Loop Allowed  
3 LUT cells form a combinatorial loop. This can create a race condition. Timing analysis may not be accurate. The preferred resolution is to modify the design to remove combinatorial logic loops. This loop has been identified in the constraints as being known and understood by use of the ALLOW_COMBINATORIAL_LOOPS property on a net in the loop. The cells in the loop are: heat_gen[0].heat_inst/ro_gen[458].ro/ro_0,
heat_gen[0].heat_inst/ro_gen[458].ro/ro_1
heat_gen[0].heat_inst/ro_gen[458].ro/ro_2.
Related violations: <none>

LUTLP-2#399 Warning
Combinatorial Loop Allowed  
3 LUT cells form a combinatorial loop. This can create a race condition. Timing analysis may not be accurate. The preferred resolution is to modify the design to remove combinatorial logic loops. This loop has been identified in the constraints as being known and understood by use of the ALLOW_COMBINATORIAL_LOOPS property on a net in the loop. The cells in the loop are: heat_gen[0].heat_inst/ro_gen[459].ro/ro_0,
heat_gen[0].heat_inst/ro_gen[459].ro/ro_1
heat_gen[0].heat_inst/ro_gen[459].ro/ro_2.
Related violations: <none>

LUTLP-2#400 Warning
Combinatorial Loop Allowed  
3 LUT cells form a combinatorial loop. This can create a race condition. Timing analysis may not be accurate. The preferred resolution is to modify the design to remove combinatorial logic loops. This loop has been identified in the constraints as being known and understood by use of the ALLOW_COMBINATORIAL_LOOPS property on a net in the loop. The cells in the loop are: heat_gen[0].heat_inst/ro_gen[45].ro/ro_0,
heat_gen[0].heat_inst/ro_gen[45].ro/ro_1
heat_gen[0].heat_inst/ro_gen[45].ro/ro_2.
Related violations: <none>

LUTLP-2#401 Warning
Combinatorial Loop Allowed  
3 LUT cells form a combinatorial loop. This can create a race condition. Timing analysis may not be accurate. The preferred resolution is to modify the design to remove combinatorial logic loops. This loop has been identified in the constraints as being known and understood by use of the ALLOW_COMBINATORIAL_LOOPS property on a net in the loop. The cells in the loop are: heat_gen[0].heat_inst/ro_gen[460].ro/ro_0,
heat_gen[0].heat_inst/ro_gen[460].ro/ro_1
heat_gen[0].heat_inst/ro_gen[460].ro/ro_2.
Related violations: <none>

LUTLP-2#402 Warning
Combinatorial Loop Allowed  
3 LUT cells form a combinatorial loop. This can create a race condition. Timing analysis may not be accurate. The preferred resolution is to modify the design to remove combinatorial logic loops. This loop has been identified in the constraints as being known and understood by use of the ALLOW_COMBINATORIAL_LOOPS property on a net in the loop. The cells in the loop are: heat_gen[0].heat_inst/ro_gen[461].ro/ro_0,
heat_gen[0].heat_inst/ro_gen[461].ro/ro_1
heat_gen[0].heat_inst/ro_gen[461].ro/ro_2.
Related violations: <none>

LUTLP-2#403 Warning
Combinatorial Loop Allowed  
3 LUT cells form a combinatorial loop. This can create a race condition. Timing analysis may not be accurate. The preferred resolution is to modify the design to remove combinatorial logic loops. This loop has been identified in the constraints as being known and understood by use of the ALLOW_COMBINATORIAL_LOOPS property on a net in the loop. The cells in the loop are: heat_gen[0].heat_inst/ro_gen[462].ro/ro_0,
heat_gen[0].heat_inst/ro_gen[462].ro/ro_1
heat_gen[0].heat_inst/ro_gen[462].ro/ro_2.
Related violations: <none>

LUTLP-2#404 Warning
Combinatorial Loop Allowed  
3 LUT cells form a combinatorial loop. This can create a race condition. Timing analysis may not be accurate. The preferred resolution is to modify the design to remove combinatorial logic loops. This loop has been identified in the constraints as being known and understood by use of the ALLOW_COMBINATORIAL_LOOPS property on a net in the loop. The cells in the loop are: heat_gen[0].heat_inst/ro_gen[463].ro/ro_0,
heat_gen[0].heat_inst/ro_gen[463].ro/ro_1
heat_gen[0].heat_inst/ro_gen[463].ro/ro_2.
Related violations: <none>

LUTLP-2#405 Warning
Combinatorial Loop Allowed  
3 LUT cells form a combinatorial loop. This can create a race condition. Timing analysis may not be accurate. The preferred resolution is to modify the design to remove combinatorial logic loops. This loop has been identified in the constraints as being known and understood by use of the ALLOW_COMBINATORIAL_LOOPS property on a net in the loop. The cells in the loop are: heat_gen[0].heat_inst/ro_gen[464].ro/ro_0,
heat_gen[0].heat_inst/ro_gen[464].ro/ro_1
heat_gen[0].heat_inst/ro_gen[464].ro/ro_2.
Related violations: <none>

LUTLP-2#406 Warning
Combinatorial Loop Allowed  
3 LUT cells form a combinatorial loop. This can create a race condition. Timing analysis may not be accurate. The preferred resolution is to modify the design to remove combinatorial logic loops. This loop has been identified in the constraints as being known and understood by use of the ALLOW_COMBINATORIAL_LOOPS property on a net in the loop. The cells in the loop are: heat_gen[0].heat_inst/ro_gen[465].ro/ro_0,
heat_gen[0].heat_inst/ro_gen[465].ro/ro_1
heat_gen[0].heat_inst/ro_gen[465].ro/ro_2.
Related violations: <none>

LUTLP-2#407 Warning
Combinatorial Loop Allowed  
3 LUT cells form a combinatorial loop. This can create a race condition. Timing analysis may not be accurate. The preferred resolution is to modify the design to remove combinatorial logic loops. This loop has been identified in the constraints as being known and understood by use of the ALLOW_COMBINATORIAL_LOOPS property on a net in the loop. The cells in the loop are: heat_gen[0].heat_inst/ro_gen[466].ro/ro_0,
heat_gen[0].heat_inst/ro_gen[466].ro/ro_1
heat_gen[0].heat_inst/ro_gen[466].ro/ro_2.
Related violations: <none>

LUTLP-2#408 Warning
Combinatorial Loop Allowed  
3 LUT cells form a combinatorial loop. This can create a race condition. Timing analysis may not be accurate. The preferred resolution is to modify the design to remove combinatorial logic loops. This loop has been identified in the constraints as being known and understood by use of the ALLOW_COMBINATORIAL_LOOPS property on a net in the loop. The cells in the loop are: heat_gen[0].heat_inst/ro_gen[467].ro/ro_0,
heat_gen[0].heat_inst/ro_gen[467].ro/ro_1
heat_gen[0].heat_inst/ro_gen[467].ro/ro_2.
Related violations: <none>

LUTLP-2#409 Warning
Combinatorial Loop Allowed  
3 LUT cells form a combinatorial loop. This can create a race condition. Timing analysis may not be accurate. The preferred resolution is to modify the design to remove combinatorial logic loops. This loop has been identified in the constraints as being known and understood by use of the ALLOW_COMBINATORIAL_LOOPS property on a net in the loop. The cells in the loop are: heat_gen[0].heat_inst/ro_gen[468].ro/ro_0,
heat_gen[0].heat_inst/ro_gen[468].ro/ro_1
heat_gen[0].heat_inst/ro_gen[468].ro/ro_2.
Related violations: <none>

LUTLP-2#410 Warning
Combinatorial Loop Allowed  
3 LUT cells form a combinatorial loop. This can create a race condition. Timing analysis may not be accurate. The preferred resolution is to modify the design to remove combinatorial logic loops. This loop has been identified in the constraints as being known and understood by use of the ALLOW_COMBINATORIAL_LOOPS property on a net in the loop. The cells in the loop are: heat_gen[0].heat_inst/ro_gen[469].ro/ro_0,
heat_gen[0].heat_inst/ro_gen[469].ro/ro_1
heat_gen[0].heat_inst/ro_gen[469].ro/ro_2.
Related violations: <none>

LUTLP-2#411 Warning
Combinatorial Loop Allowed  
3 LUT cells form a combinatorial loop. This can create a race condition. Timing analysis may not be accurate. The preferred resolution is to modify the design to remove combinatorial logic loops. This loop has been identified in the constraints as being known and understood by use of the ALLOW_COMBINATORIAL_LOOPS property on a net in the loop. The cells in the loop are: heat_gen[0].heat_inst/ro_gen[46].ro/ro_0,
heat_gen[0].heat_inst/ro_gen[46].ro/ro_1
heat_gen[0].heat_inst/ro_gen[46].ro/ro_2.
Related violations: <none>

LUTLP-2#412 Warning
Combinatorial Loop Allowed  
3 LUT cells form a combinatorial loop. This can create a race condition. Timing analysis may not be accurate. The preferred resolution is to modify the design to remove combinatorial logic loops. This loop has been identified in the constraints as being known and understood by use of the ALLOW_COMBINATORIAL_LOOPS property on a net in the loop. The cells in the loop are: heat_gen[0].heat_inst/ro_gen[470].ro/ro_0,
heat_gen[0].heat_inst/ro_gen[470].ro/ro_1
heat_gen[0].heat_inst/ro_gen[470].ro/ro_2.
Related violations: <none>

LUTLP-2#413 Warning
Combinatorial Loop Allowed  
3 LUT cells form a combinatorial loop. This can create a race condition. Timing analysis may not be accurate. The preferred resolution is to modify the design to remove combinatorial logic loops. This loop has been identified in the constraints as being known and understood by use of the ALLOW_COMBINATORIAL_LOOPS property on a net in the loop. The cells in the loop are: heat_gen[0].heat_inst/ro_gen[471].ro/ro_0,
heat_gen[0].heat_inst/ro_gen[471].ro/ro_1
heat_gen[0].heat_inst/ro_gen[471].ro/ro_2.
Related violations: <none>

LUTLP-2#414 Warning
Combinatorial Loop Allowed  
3 LUT cells form a combinatorial loop. This can create a race condition. Timing analysis may not be accurate. The preferred resolution is to modify the design to remove combinatorial logic loops. This loop has been identified in the constraints as being known and understood by use of the ALLOW_COMBINATORIAL_LOOPS property on a net in the loop. The cells in the loop are: heat_gen[0].heat_inst/ro_gen[472].ro/ro_0,
heat_gen[0].heat_inst/ro_gen[472].ro/ro_1
heat_gen[0].heat_inst/ro_gen[472].ro/ro_2.
Related violations: <none>

LUTLP-2#415 Warning
Combinatorial Loop Allowed  
3 LUT cells form a combinatorial loop. This can create a race condition. Timing analysis may not be accurate. The preferred resolution is to modify the design to remove combinatorial logic loops. This loop has been identified in the constraints as being known and understood by use of the ALLOW_COMBINATORIAL_LOOPS property on a net in the loop. The cells in the loop are: heat_gen[0].heat_inst/ro_gen[473].ro/ro_0,
heat_gen[0].heat_inst/ro_gen[473].ro/ro_1
heat_gen[0].heat_inst/ro_gen[473].ro/ro_2.
Related violations: <none>

LUTLP-2#416 Warning
Combinatorial Loop Allowed  
3 LUT cells form a combinatorial loop. This can create a race condition. Timing analysis may not be accurate. The preferred resolution is to modify the design to remove combinatorial logic loops. This loop has been identified in the constraints as being known and understood by use of the ALLOW_COMBINATORIAL_LOOPS property on a net in the loop. The cells in the loop are: heat_gen[0].heat_inst/ro_gen[474].ro/ro_0,
heat_gen[0].heat_inst/ro_gen[474].ro/ro_1
heat_gen[0].heat_inst/ro_gen[474].ro/ro_2.
Related violations: <none>

LUTLP-2#417 Warning
Combinatorial Loop Allowed  
3 LUT cells form a combinatorial loop. This can create a race condition. Timing analysis may not be accurate. The preferred resolution is to modify the design to remove combinatorial logic loops. This loop has been identified in the constraints as being known and understood by use of the ALLOW_COMBINATORIAL_LOOPS property on a net in the loop. The cells in the loop are: heat_gen[0].heat_inst/ro_gen[475].ro/ro_0,
heat_gen[0].heat_inst/ro_gen[475].ro/ro_1
heat_gen[0].heat_inst/ro_gen[475].ro/ro_2.
Related violations: <none>

LUTLP-2#418 Warning
Combinatorial Loop Allowed  
3 LUT cells form a combinatorial loop. This can create a race condition. Timing analysis may not be accurate. The preferred resolution is to modify the design to remove combinatorial logic loops. This loop has been identified in the constraints as being known and understood by use of the ALLOW_COMBINATORIAL_LOOPS property on a net in the loop. The cells in the loop are: heat_gen[0].heat_inst/ro_gen[476].ro/ro_0,
heat_gen[0].heat_inst/ro_gen[476].ro/ro_1
heat_gen[0].heat_inst/ro_gen[476].ro/ro_2.
Related violations: <none>

LUTLP-2#419 Warning
Combinatorial Loop Allowed  
3 LUT cells form a combinatorial loop. This can create a race condition. Timing analysis may not be accurate. The preferred resolution is to modify the design to remove combinatorial logic loops. This loop has been identified in the constraints as being known and understood by use of the ALLOW_COMBINATORIAL_LOOPS property on a net in the loop. The cells in the loop are: heat_gen[0].heat_inst/ro_gen[477].ro/ro_0,
heat_gen[0].heat_inst/ro_gen[477].ro/ro_1
heat_gen[0].heat_inst/ro_gen[477].ro/ro_2.
Related violations: <none>

LUTLP-2#420 Warning
Combinatorial Loop Allowed  
3 LUT cells form a combinatorial loop. This can create a race condition. Timing analysis may not be accurate. The preferred resolution is to modify the design to remove combinatorial logic loops. This loop has been identified in the constraints as being known and understood by use of the ALLOW_COMBINATORIAL_LOOPS property on a net in the loop. The cells in the loop are: heat_gen[0].heat_inst/ro_gen[478].ro/ro_0,
heat_gen[0].heat_inst/ro_gen[478].ro/ro_1
heat_gen[0].heat_inst/ro_gen[478].ro/ro_2.
Related violations: <none>

LUTLP-2#421 Warning
Combinatorial Loop Allowed  
3 LUT cells form a combinatorial loop. This can create a race condition. Timing analysis may not be accurate. The preferred resolution is to modify the design to remove combinatorial logic loops. This loop has been identified in the constraints as being known and understood by use of the ALLOW_COMBINATORIAL_LOOPS property on a net in the loop. The cells in the loop are: heat_gen[0].heat_inst/ro_gen[479].ro/ro_0,
heat_gen[0].heat_inst/ro_gen[479].ro/ro_1
heat_gen[0].heat_inst/ro_gen[479].ro/ro_2.
Related violations: <none>

LUTLP-2#422 Warning
Combinatorial Loop Allowed  
3 LUT cells form a combinatorial loop. This can create a race condition. Timing analysis may not be accurate. The preferred resolution is to modify the design to remove combinatorial logic loops. This loop has been identified in the constraints as being known and understood by use of the ALLOW_COMBINATORIAL_LOOPS property on a net in the loop. The cells in the loop are: heat_gen[0].heat_inst/ro_gen[47].ro/ro_0,
heat_gen[0].heat_inst/ro_gen[47].ro/ro_1
heat_gen[0].heat_inst/ro_gen[47].ro/ro_2.
Related violations: <none>

LUTLP-2#423 Warning
Combinatorial Loop Allowed  
3 LUT cells form a combinatorial loop. This can create a race condition. Timing analysis may not be accurate. The preferred resolution is to modify the design to remove combinatorial logic loops. This loop has been identified in the constraints as being known and understood by use of the ALLOW_COMBINATORIAL_LOOPS property on a net in the loop. The cells in the loop are: heat_gen[0].heat_inst/ro_gen[480].ro/ro_0,
heat_gen[0].heat_inst/ro_gen[480].ro/ro_1
heat_gen[0].heat_inst/ro_gen[480].ro/ro_2.
Related violations: <none>

LUTLP-2#424 Warning
Combinatorial Loop Allowed  
3 LUT cells form a combinatorial loop. This can create a race condition. Timing analysis may not be accurate. The preferred resolution is to modify the design to remove combinatorial logic loops. This loop has been identified in the constraints as being known and understood by use of the ALLOW_COMBINATORIAL_LOOPS property on a net in the loop. The cells in the loop are: heat_gen[0].heat_inst/ro_gen[481].ro/ro_0,
heat_gen[0].heat_inst/ro_gen[481].ro/ro_1
heat_gen[0].heat_inst/ro_gen[481].ro/ro_2.
Related violations: <none>

LUTLP-2#425 Warning
Combinatorial Loop Allowed  
3 LUT cells form a combinatorial loop. This can create a race condition. Timing analysis may not be accurate. The preferred resolution is to modify the design to remove combinatorial logic loops. This loop has been identified in the constraints as being known and understood by use of the ALLOW_COMBINATORIAL_LOOPS property on a net in the loop. The cells in the loop are: heat_gen[0].heat_inst/ro_gen[482].ro/ro_0,
heat_gen[0].heat_inst/ro_gen[482].ro/ro_1
heat_gen[0].heat_inst/ro_gen[482].ro/ro_2.
Related violations: <none>

LUTLP-2#426 Warning
Combinatorial Loop Allowed  
3 LUT cells form a combinatorial loop. This can create a race condition. Timing analysis may not be accurate. The preferred resolution is to modify the design to remove combinatorial logic loops. This loop has been identified in the constraints as being known and understood by use of the ALLOW_COMBINATORIAL_LOOPS property on a net in the loop. The cells in the loop are: heat_gen[0].heat_inst/ro_gen[483].ro/ro_0,
heat_gen[0].heat_inst/ro_gen[483].ro/ro_1
heat_gen[0].heat_inst/ro_gen[483].ro/ro_2.
Related violations: <none>

LUTLP-2#427 Warning
Combinatorial Loop Allowed  
3 LUT cells form a combinatorial loop. This can create a race condition. Timing analysis may not be accurate. The preferred resolution is to modify the design to remove combinatorial logic loops. This loop has been identified in the constraints as being known and understood by use of the ALLOW_COMBINATORIAL_LOOPS property on a net in the loop. The cells in the loop are: heat_gen[0].heat_inst/ro_gen[484].ro/ro_0,
heat_gen[0].heat_inst/ro_gen[484].ro/ro_1
heat_gen[0].heat_inst/ro_gen[484].ro/ro_2.
Related violations: <none>

LUTLP-2#428 Warning
Combinatorial Loop Allowed  
3 LUT cells form a combinatorial loop. This can create a race condition. Timing analysis may not be accurate. The preferred resolution is to modify the design to remove combinatorial logic loops. This loop has been identified in the constraints as being known and understood by use of the ALLOW_COMBINATORIAL_LOOPS property on a net in the loop. The cells in the loop are: heat_gen[0].heat_inst/ro_gen[485].ro/ro_0,
heat_gen[0].heat_inst/ro_gen[485].ro/ro_1
heat_gen[0].heat_inst/ro_gen[485].ro/ro_2.
Related violations: <none>

LUTLP-2#429 Warning
Combinatorial Loop Allowed  
3 LUT cells form a combinatorial loop. This can create a race condition. Timing analysis may not be accurate. The preferred resolution is to modify the design to remove combinatorial logic loops. This loop has been identified in the constraints as being known and understood by use of the ALLOW_COMBINATORIAL_LOOPS property on a net in the loop. The cells in the loop are: heat_gen[0].heat_inst/ro_gen[486].ro/ro_0,
heat_gen[0].heat_inst/ro_gen[486].ro/ro_1
heat_gen[0].heat_inst/ro_gen[486].ro/ro_2.
Related violations: <none>

LUTLP-2#430 Warning
Combinatorial Loop Allowed  
3 LUT cells form a combinatorial loop. This can create a race condition. Timing analysis may not be accurate. The preferred resolution is to modify the design to remove combinatorial logic loops. This loop has been identified in the constraints as being known and understood by use of the ALLOW_COMBINATORIAL_LOOPS property on a net in the loop. The cells in the loop are: heat_gen[0].heat_inst/ro_gen[487].ro/ro_0,
heat_gen[0].heat_inst/ro_gen[487].ro/ro_1
heat_gen[0].heat_inst/ro_gen[487].ro/ro_2.
Related violations: <none>

LUTLP-2#431 Warning
Combinatorial Loop Allowed  
3 LUT cells form a combinatorial loop. This can create a race condition. Timing analysis may not be accurate. The preferred resolution is to modify the design to remove combinatorial logic loops. This loop has been identified in the constraints as being known and understood by use of the ALLOW_COMBINATORIAL_LOOPS property on a net in the loop. The cells in the loop are: heat_gen[0].heat_inst/ro_gen[488].ro/ro_0,
heat_gen[0].heat_inst/ro_gen[488].ro/ro_1
heat_gen[0].heat_inst/ro_gen[488].ro/ro_2.
Related violations: <none>

LUTLP-2#432 Warning
Combinatorial Loop Allowed  
3 LUT cells form a combinatorial loop. This can create a race condition. Timing analysis may not be accurate. The preferred resolution is to modify the design to remove combinatorial logic loops. This loop has been identified in the constraints as being known and understood by use of the ALLOW_COMBINATORIAL_LOOPS property on a net in the loop. The cells in the loop are: heat_gen[0].heat_inst/ro_gen[489].ro/ro_0,
heat_gen[0].heat_inst/ro_gen[489].ro/ro_1
heat_gen[0].heat_inst/ro_gen[489].ro/ro_2.
Related violations: <none>

LUTLP-2#433 Warning
Combinatorial Loop Allowed  
3 LUT cells form a combinatorial loop. This can create a race condition. Timing analysis may not be accurate. The preferred resolution is to modify the design to remove combinatorial logic loops. This loop has been identified in the constraints as being known and understood by use of the ALLOW_COMBINATORIAL_LOOPS property on a net in the loop. The cells in the loop are: heat_gen[0].heat_inst/ro_gen[48].ro/ro_0,
heat_gen[0].heat_inst/ro_gen[48].ro/ro_1
heat_gen[0].heat_inst/ro_gen[48].ro/ro_2.
Related violations: <none>

LUTLP-2#434 Warning
Combinatorial Loop Allowed  
3 LUT cells form a combinatorial loop. This can create a race condition. Timing analysis may not be accurate. The preferred resolution is to modify the design to remove combinatorial logic loops. This loop has been identified in the constraints as being known and understood by use of the ALLOW_COMBINATORIAL_LOOPS property on a net in the loop. The cells in the loop are: heat_gen[0].heat_inst/ro_gen[490].ro/ro_0,
heat_gen[0].heat_inst/ro_gen[490].ro/ro_1
heat_gen[0].heat_inst/ro_gen[490].ro/ro_2.
Related violations: <none>

LUTLP-2#435 Warning
Combinatorial Loop Allowed  
3 LUT cells form a combinatorial loop. This can create a race condition. Timing analysis may not be accurate. The preferred resolution is to modify the design to remove combinatorial logic loops. This loop has been identified in the constraints as being known and understood by use of the ALLOW_COMBINATORIAL_LOOPS property on a net in the loop. The cells in the loop are: heat_gen[0].heat_inst/ro_gen[491].ro/ro_0,
heat_gen[0].heat_inst/ro_gen[491].ro/ro_1
heat_gen[0].heat_inst/ro_gen[491].ro/ro_2.
Related violations: <none>

LUTLP-2#436 Warning
Combinatorial Loop Allowed  
3 LUT cells form a combinatorial loop. This can create a race condition. Timing analysis may not be accurate. The preferred resolution is to modify the design to remove combinatorial logic loops. This loop has been identified in the constraints as being known and understood by use of the ALLOW_COMBINATORIAL_LOOPS property on a net in the loop. The cells in the loop are: heat_gen[0].heat_inst/ro_gen[492].ro/ro_0,
heat_gen[0].heat_inst/ro_gen[492].ro/ro_1
heat_gen[0].heat_inst/ro_gen[492].ro/ro_2.
Related violations: <none>

LUTLP-2#437 Warning
Combinatorial Loop Allowed  
3 LUT cells form a combinatorial loop. This can create a race condition. Timing analysis may not be accurate. The preferred resolution is to modify the design to remove combinatorial logic loops. This loop has been identified in the constraints as being known and understood by use of the ALLOW_COMBINATORIAL_LOOPS property on a net in the loop. The cells in the loop are: heat_gen[0].heat_inst/ro_gen[493].ro/ro_0,
heat_gen[0].heat_inst/ro_gen[493].ro/ro_1
heat_gen[0].heat_inst/ro_gen[493].ro/ro_2.
Related violations: <none>

LUTLP-2#438 Warning
Combinatorial Loop Allowed  
3 LUT cells form a combinatorial loop. This can create a race condition. Timing analysis may not be accurate. The preferred resolution is to modify the design to remove combinatorial logic loops. This loop has been identified in the constraints as being known and understood by use of the ALLOW_COMBINATORIAL_LOOPS property on a net in the loop. The cells in the loop are: heat_gen[0].heat_inst/ro_gen[494].ro/ro_0,
heat_gen[0].heat_inst/ro_gen[494].ro/ro_1
heat_gen[0].heat_inst/ro_gen[494].ro/ro_2.
Related violations: <none>

LUTLP-2#439 Warning
Combinatorial Loop Allowed  
3 LUT cells form a combinatorial loop. This can create a race condition. Timing analysis may not be accurate. The preferred resolution is to modify the design to remove combinatorial logic loops. This loop has been identified in the constraints as being known and understood by use of the ALLOW_COMBINATORIAL_LOOPS property on a net in the loop. The cells in the loop are: heat_gen[0].heat_inst/ro_gen[495].ro/ro_0,
heat_gen[0].heat_inst/ro_gen[495].ro/ro_1
heat_gen[0].heat_inst/ro_gen[495].ro/ro_2.
Related violations: <none>

LUTLP-2#440 Warning
Combinatorial Loop Allowed  
3 LUT cells form a combinatorial loop. This can create a race condition. Timing analysis may not be accurate. The preferred resolution is to modify the design to remove combinatorial logic loops. This loop has been identified in the constraints as being known and understood by use of the ALLOW_COMBINATORIAL_LOOPS property on a net in the loop. The cells in the loop are: heat_gen[0].heat_inst/ro_gen[496].ro/ro_0,
heat_gen[0].heat_inst/ro_gen[496].ro/ro_1
heat_gen[0].heat_inst/ro_gen[496].ro/ro_2.
Related violations: <none>

LUTLP-2#441 Warning
Combinatorial Loop Allowed  
3 LUT cells form a combinatorial loop. This can create a race condition. Timing analysis may not be accurate. The preferred resolution is to modify the design to remove combinatorial logic loops. This loop has been identified in the constraints as being known and understood by use of the ALLOW_COMBINATORIAL_LOOPS property on a net in the loop. The cells in the loop are: heat_gen[0].heat_inst/ro_gen[497].ro/ro_0,
heat_gen[0].heat_inst/ro_gen[497].ro/ro_1
heat_gen[0].heat_inst/ro_gen[497].ro/ro_2.
Related violations: <none>

LUTLP-2#442 Warning
Combinatorial Loop Allowed  
3 LUT cells form a combinatorial loop. This can create a race condition. Timing analysis may not be accurate. The preferred resolution is to modify the design to remove combinatorial logic loops. This loop has been identified in the constraints as being known and understood by use of the ALLOW_COMBINATORIAL_LOOPS property on a net in the loop. The cells in the loop are: heat_gen[0].heat_inst/ro_gen[498].ro/ro_0,
heat_gen[0].heat_inst/ro_gen[498].ro/ro_1
heat_gen[0].heat_inst/ro_gen[498].ro/ro_2.
Related violations: <none>

LUTLP-2#443 Warning
Combinatorial Loop Allowed  
3 LUT cells form a combinatorial loop. This can create a race condition. Timing analysis may not be accurate. The preferred resolution is to modify the design to remove combinatorial logic loops. This loop has been identified in the constraints as being known and understood by use of the ALLOW_COMBINATORIAL_LOOPS property on a net in the loop. The cells in the loop are: heat_gen[0].heat_inst/ro_gen[499].ro/ro_0,
heat_gen[0].heat_inst/ro_gen[499].ro/ro_1
heat_gen[0].heat_inst/ro_gen[499].ro/ro_2.
Related violations: <none>

LUTLP-2#444 Warning
Combinatorial Loop Allowed  
3 LUT cells form a combinatorial loop. This can create a race condition. Timing analysis may not be accurate. The preferred resolution is to modify the design to remove combinatorial logic loops. This loop has been identified in the constraints as being known and understood by use of the ALLOW_COMBINATORIAL_LOOPS property on a net in the loop. The cells in the loop are: heat_gen[0].heat_inst/ro_gen[49].ro/ro_0,
heat_gen[0].heat_inst/ro_gen[49].ro/ro_1
heat_gen[0].heat_inst/ro_gen[49].ro/ro_2.
Related violations: <none>

LUTLP-2#445 Warning
Combinatorial Loop Allowed  
3 LUT cells form a combinatorial loop. This can create a race condition. Timing analysis may not be accurate. The preferred resolution is to modify the design to remove combinatorial logic loops. This loop has been identified in the constraints as being known and understood by use of the ALLOW_COMBINATORIAL_LOOPS property on a net in the loop. The cells in the loop are: heat_gen[0].heat_inst/ro_gen[4].ro/ro_0,
heat_gen[0].heat_inst/ro_gen[4].ro/ro_1
heat_gen[0].heat_inst/ro_gen[4].ro/ro_2.
Related violations: <none>

LUTLP-2#446 Warning
Combinatorial Loop Allowed  
3 LUT cells form a combinatorial loop. This can create a race condition. Timing analysis may not be accurate. The preferred resolution is to modify the design to remove combinatorial logic loops. This loop has been identified in the constraints as being known and understood by use of the ALLOW_COMBINATORIAL_LOOPS property on a net in the loop. The cells in the loop are: heat_gen[0].heat_inst/ro_gen[500].ro/ro_0,
heat_gen[0].heat_inst/ro_gen[500].ro/ro_1
heat_gen[0].heat_inst/ro_gen[500].ro/ro_2.
Related violations: <none>

LUTLP-2#447 Warning
Combinatorial Loop Allowed  
3 LUT cells form a combinatorial loop. This can create a race condition. Timing analysis may not be accurate. The preferred resolution is to modify the design to remove combinatorial logic loops. This loop has been identified in the constraints as being known and understood by use of the ALLOW_COMBINATORIAL_LOOPS property on a net in the loop. The cells in the loop are: heat_gen[0].heat_inst/ro_gen[501].ro/ro_0,
heat_gen[0].heat_inst/ro_gen[501].ro/ro_1
heat_gen[0].heat_inst/ro_gen[501].ro/ro_2.
Related violations: <none>

LUTLP-2#448 Warning
Combinatorial Loop Allowed  
3 LUT cells form a combinatorial loop. This can create a race condition. Timing analysis may not be accurate. The preferred resolution is to modify the design to remove combinatorial logic loops. This loop has been identified in the constraints as being known and understood by use of the ALLOW_COMBINATORIAL_LOOPS property on a net in the loop. The cells in the loop are: heat_gen[0].heat_inst/ro_gen[502].ro/ro_0,
heat_gen[0].heat_inst/ro_gen[502].ro/ro_1
heat_gen[0].heat_inst/ro_gen[502].ro/ro_2.
Related violations: <none>

LUTLP-2#449 Warning
Combinatorial Loop Allowed  
3 LUT cells form a combinatorial loop. This can create a race condition. Timing analysis may not be accurate. The preferred resolution is to modify the design to remove combinatorial logic loops. This loop has been identified in the constraints as being known and understood by use of the ALLOW_COMBINATORIAL_LOOPS property on a net in the loop. The cells in the loop are: heat_gen[0].heat_inst/ro_gen[503].ro/ro_0,
heat_gen[0].heat_inst/ro_gen[503].ro/ro_1
heat_gen[0].heat_inst/ro_gen[503].ro/ro_2.
Related violations: <none>

LUTLP-2#450 Warning
Combinatorial Loop Allowed  
3 LUT cells form a combinatorial loop. This can create a race condition. Timing analysis may not be accurate. The preferred resolution is to modify the design to remove combinatorial logic loops. This loop has been identified in the constraints as being known and understood by use of the ALLOW_COMBINATORIAL_LOOPS property on a net in the loop. The cells in the loop are: heat_gen[0].heat_inst/ro_gen[504].ro/ro_0,
heat_gen[0].heat_inst/ro_gen[504].ro/ro_1
heat_gen[0].heat_inst/ro_gen[504].ro/ro_2.
Related violations: <none>

LUTLP-2#451 Warning
Combinatorial Loop Allowed  
3 LUT cells form a combinatorial loop. This can create a race condition. Timing analysis may not be accurate. The preferred resolution is to modify the design to remove combinatorial logic loops. This loop has been identified in the constraints as being known and understood by use of the ALLOW_COMBINATORIAL_LOOPS property on a net in the loop. The cells in the loop are: heat_gen[0].heat_inst/ro_gen[505].ro/ro_0,
heat_gen[0].heat_inst/ro_gen[505].ro/ro_1
heat_gen[0].heat_inst/ro_gen[505].ro/ro_2.
Related violations: <none>

LUTLP-2#452 Warning
Combinatorial Loop Allowed  
3 LUT cells form a combinatorial loop. This can create a race condition. Timing analysis may not be accurate. The preferred resolution is to modify the design to remove combinatorial logic loops. This loop has been identified in the constraints as being known and understood by use of the ALLOW_COMBINATORIAL_LOOPS property on a net in the loop. The cells in the loop are: heat_gen[0].heat_inst/ro_gen[506].ro/ro_0,
heat_gen[0].heat_inst/ro_gen[506].ro/ro_1
heat_gen[0].heat_inst/ro_gen[506].ro/ro_2.
Related violations: <none>

LUTLP-2#453 Warning
Combinatorial Loop Allowed  
3 LUT cells form a combinatorial loop. This can create a race condition. Timing analysis may not be accurate. The preferred resolution is to modify the design to remove combinatorial logic loops. This loop has been identified in the constraints as being known and understood by use of the ALLOW_COMBINATORIAL_LOOPS property on a net in the loop. The cells in the loop are: heat_gen[0].heat_inst/ro_gen[507].ro/ro_0,
heat_gen[0].heat_inst/ro_gen[507].ro/ro_1
heat_gen[0].heat_inst/ro_gen[507].ro/ro_2.
Related violations: <none>

LUTLP-2#454 Warning
Combinatorial Loop Allowed  
3 LUT cells form a combinatorial loop. This can create a race condition. Timing analysis may not be accurate. The preferred resolution is to modify the design to remove combinatorial logic loops. This loop has been identified in the constraints as being known and understood by use of the ALLOW_COMBINATORIAL_LOOPS property on a net in the loop. The cells in the loop are: heat_gen[0].heat_inst/ro_gen[508].ro/ro_0,
heat_gen[0].heat_inst/ro_gen[508].ro/ro_1
heat_gen[0].heat_inst/ro_gen[508].ro/ro_2.
Related violations: <none>

LUTLP-2#455 Warning
Combinatorial Loop Allowed  
3 LUT cells form a combinatorial loop. This can create a race condition. Timing analysis may not be accurate. The preferred resolution is to modify the design to remove combinatorial logic loops. This loop has been identified in the constraints as being known and understood by use of the ALLOW_COMBINATORIAL_LOOPS property on a net in the loop. The cells in the loop are: heat_gen[0].heat_inst/ro_gen[509].ro/ro_0,
heat_gen[0].heat_inst/ro_gen[509].ro/ro_1
heat_gen[0].heat_inst/ro_gen[509].ro/ro_2.
Related violations: <none>

LUTLP-2#456 Warning
Combinatorial Loop Allowed  
3 LUT cells form a combinatorial loop. This can create a race condition. Timing analysis may not be accurate. The preferred resolution is to modify the design to remove combinatorial logic loops. This loop has been identified in the constraints as being known and understood by use of the ALLOW_COMBINATORIAL_LOOPS property on a net in the loop. The cells in the loop are: heat_gen[0].heat_inst/ro_gen[50].ro/ro_0,
heat_gen[0].heat_inst/ro_gen[50].ro/ro_1
heat_gen[0].heat_inst/ro_gen[50].ro/ro_2.
Related violations: <none>

LUTLP-2#457 Warning
Combinatorial Loop Allowed  
3 LUT cells form a combinatorial loop. This can create a race condition. Timing analysis may not be accurate. The preferred resolution is to modify the design to remove combinatorial logic loops. This loop has been identified in the constraints as being known and understood by use of the ALLOW_COMBINATORIAL_LOOPS property on a net in the loop. The cells in the loop are: heat_gen[0].heat_inst/ro_gen[510].ro/ro_0,
heat_gen[0].heat_inst/ro_gen[510].ro/ro_1
heat_gen[0].heat_inst/ro_gen[510].ro/ro_2.
Related violations: <none>

LUTLP-2#458 Warning
Combinatorial Loop Allowed  
3 LUT cells form a combinatorial loop. This can create a race condition. Timing analysis may not be accurate. The preferred resolution is to modify the design to remove combinatorial logic loops. This loop has been identified in the constraints as being known and understood by use of the ALLOW_COMBINATORIAL_LOOPS property on a net in the loop. The cells in the loop are: heat_gen[0].heat_inst/ro_gen[511].ro/ro_0,
heat_gen[0].heat_inst/ro_gen[511].ro/ro_1
heat_gen[0].heat_inst/ro_gen[511].ro/ro_2.
Related violations: <none>

LUTLP-2#459 Warning
Combinatorial Loop Allowed  
3 LUT cells form a combinatorial loop. This can create a race condition. Timing analysis may not be accurate. The preferred resolution is to modify the design to remove combinatorial logic loops. This loop has been identified in the constraints as being known and understood by use of the ALLOW_COMBINATORIAL_LOOPS property on a net in the loop. The cells in the loop are: heat_gen[0].heat_inst/ro_gen[512].ro/ro_0,
heat_gen[0].heat_inst/ro_gen[512].ro/ro_1
heat_gen[0].heat_inst/ro_gen[512].ro/ro_2.
Related violations: <none>

LUTLP-2#460 Warning
Combinatorial Loop Allowed  
3 LUT cells form a combinatorial loop. This can create a race condition. Timing analysis may not be accurate. The preferred resolution is to modify the design to remove combinatorial logic loops. This loop has been identified in the constraints as being known and understood by use of the ALLOW_COMBINATORIAL_LOOPS property on a net in the loop. The cells in the loop are: heat_gen[0].heat_inst/ro_gen[513].ro/ro_0,
heat_gen[0].heat_inst/ro_gen[513].ro/ro_1
heat_gen[0].heat_inst/ro_gen[513].ro/ro_2.
Related violations: <none>

LUTLP-2#461 Warning
Combinatorial Loop Allowed  
3 LUT cells form a combinatorial loop. This can create a race condition. Timing analysis may not be accurate. The preferred resolution is to modify the design to remove combinatorial logic loops. This loop has been identified in the constraints as being known and understood by use of the ALLOW_COMBINATORIAL_LOOPS property on a net in the loop. The cells in the loop are: heat_gen[0].heat_inst/ro_gen[514].ro/ro_0,
heat_gen[0].heat_inst/ro_gen[514].ro/ro_1
heat_gen[0].heat_inst/ro_gen[514].ro/ro_2.
Related violations: <none>

LUTLP-2#462 Warning
Combinatorial Loop Allowed  
3 LUT cells form a combinatorial loop. This can create a race condition. Timing analysis may not be accurate. The preferred resolution is to modify the design to remove combinatorial logic loops. This loop has been identified in the constraints as being known and understood by use of the ALLOW_COMBINATORIAL_LOOPS property on a net in the loop. The cells in the loop are: heat_gen[0].heat_inst/ro_gen[515].ro/ro_0,
heat_gen[0].heat_inst/ro_gen[515].ro/ro_1
heat_gen[0].heat_inst/ro_gen[515].ro/ro_2.
Related violations: <none>

LUTLP-2#463 Warning
Combinatorial Loop Allowed  
3 LUT cells form a combinatorial loop. This can create a race condition. Timing analysis may not be accurate. The preferred resolution is to modify the design to remove combinatorial logic loops. This loop has been identified in the constraints as being known and understood by use of the ALLOW_COMBINATORIAL_LOOPS property on a net in the loop. The cells in the loop are: heat_gen[0].heat_inst/ro_gen[516].ro/ro_0,
heat_gen[0].heat_inst/ro_gen[516].ro/ro_1
heat_gen[0].heat_inst/ro_gen[516].ro/ro_2.
Related violations: <none>

LUTLP-2#464 Warning
Combinatorial Loop Allowed  
3 LUT cells form a combinatorial loop. This can create a race condition. Timing analysis may not be accurate. The preferred resolution is to modify the design to remove combinatorial logic loops. This loop has been identified in the constraints as being known and understood by use of the ALLOW_COMBINATORIAL_LOOPS property on a net in the loop. The cells in the loop are: heat_gen[0].heat_inst/ro_gen[517].ro/ro_0,
heat_gen[0].heat_inst/ro_gen[517].ro/ro_1
heat_gen[0].heat_inst/ro_gen[517].ro/ro_2.
Related violations: <none>

LUTLP-2#465 Warning
Combinatorial Loop Allowed  
3 LUT cells form a combinatorial loop. This can create a race condition. Timing analysis may not be accurate. The preferred resolution is to modify the design to remove combinatorial logic loops. This loop has been identified in the constraints as being known and understood by use of the ALLOW_COMBINATORIAL_LOOPS property on a net in the loop. The cells in the loop are: heat_gen[0].heat_inst/ro_gen[518].ro/ro_0,
heat_gen[0].heat_inst/ro_gen[518].ro/ro_1
heat_gen[0].heat_inst/ro_gen[518].ro/ro_2.
Related violations: <none>

LUTLP-2#466 Warning
Combinatorial Loop Allowed  
3 LUT cells form a combinatorial loop. This can create a race condition. Timing analysis may not be accurate. The preferred resolution is to modify the design to remove combinatorial logic loops. This loop has been identified in the constraints as being known and understood by use of the ALLOW_COMBINATORIAL_LOOPS property on a net in the loop. The cells in the loop are: heat_gen[0].heat_inst/ro_gen[519].ro/ro_0,
heat_gen[0].heat_inst/ro_gen[519].ro/ro_1
heat_gen[0].heat_inst/ro_gen[519].ro/ro_2.
Related violations: <none>

LUTLP-2#467 Warning
Combinatorial Loop Allowed  
3 LUT cells form a combinatorial loop. This can create a race condition. Timing analysis may not be accurate. The preferred resolution is to modify the design to remove combinatorial logic loops. This loop has been identified in the constraints as being known and understood by use of the ALLOW_COMBINATORIAL_LOOPS property on a net in the loop. The cells in the loop are: heat_gen[0].heat_inst/ro_gen[51].ro/ro_0,
heat_gen[0].heat_inst/ro_gen[51].ro/ro_1
heat_gen[0].heat_inst/ro_gen[51].ro/ro_2.
Related violations: <none>

LUTLP-2#468 Warning
Combinatorial Loop Allowed  
3 LUT cells form a combinatorial loop. This can create a race condition. Timing analysis may not be accurate. The preferred resolution is to modify the design to remove combinatorial logic loops. This loop has been identified in the constraints as being known and understood by use of the ALLOW_COMBINATORIAL_LOOPS property on a net in the loop. The cells in the loop are: heat_gen[0].heat_inst/ro_gen[520].ro/ro_0,
heat_gen[0].heat_inst/ro_gen[520].ro/ro_1
heat_gen[0].heat_inst/ro_gen[520].ro/ro_2.
Related violations: <none>

LUTLP-2#469 Warning
Combinatorial Loop Allowed  
3 LUT cells form a combinatorial loop. This can create a race condition. Timing analysis may not be accurate. The preferred resolution is to modify the design to remove combinatorial logic loops. This loop has been identified in the constraints as being known and understood by use of the ALLOW_COMBINATORIAL_LOOPS property on a net in the loop. The cells in the loop are: heat_gen[0].heat_inst/ro_gen[521].ro/ro_0,
heat_gen[0].heat_inst/ro_gen[521].ro/ro_1
heat_gen[0].heat_inst/ro_gen[521].ro/ro_2.
Related violations: <none>

LUTLP-2#470 Warning
Combinatorial Loop Allowed  
3 LUT cells form a combinatorial loop. This can create a race condition. Timing analysis may not be accurate. The preferred resolution is to modify the design to remove combinatorial logic loops. This loop has been identified in the constraints as being known and understood by use of the ALLOW_COMBINATORIAL_LOOPS property on a net in the loop. The cells in the loop are: heat_gen[0].heat_inst/ro_gen[522].ro/ro_0,
heat_gen[0].heat_inst/ro_gen[522].ro/ro_1
heat_gen[0].heat_inst/ro_gen[522].ro/ro_2.
Related violations: <none>

LUTLP-2#471 Warning
Combinatorial Loop Allowed  
3 LUT cells form a combinatorial loop. This can create a race condition. Timing analysis may not be accurate. The preferred resolution is to modify the design to remove combinatorial logic loops. This loop has been identified in the constraints as being known and understood by use of the ALLOW_COMBINATORIAL_LOOPS property on a net in the loop. The cells in the loop are: heat_gen[0].heat_inst/ro_gen[523].ro/ro_0,
heat_gen[0].heat_inst/ro_gen[523].ro/ro_1
heat_gen[0].heat_inst/ro_gen[523].ro/ro_2.
Related violations: <none>

LUTLP-2#472 Warning
Combinatorial Loop Allowed  
3 LUT cells form a combinatorial loop. This can create a race condition. Timing analysis may not be accurate. The preferred resolution is to modify the design to remove combinatorial logic loops. This loop has been identified in the constraints as being known and understood by use of the ALLOW_COMBINATORIAL_LOOPS property on a net in the loop. The cells in the loop are: heat_gen[0].heat_inst/ro_gen[524].ro/ro_0,
heat_gen[0].heat_inst/ro_gen[524].ro/ro_1
heat_gen[0].heat_inst/ro_gen[524].ro/ro_2.
Related violations: <none>

LUTLP-2#473 Warning
Combinatorial Loop Allowed  
3 LUT cells form a combinatorial loop. This can create a race condition. Timing analysis may not be accurate. The preferred resolution is to modify the design to remove combinatorial logic loops. This loop has been identified in the constraints as being known and understood by use of the ALLOW_COMBINATORIAL_LOOPS property on a net in the loop. The cells in the loop are: heat_gen[0].heat_inst/ro_gen[525].ro/ro_0,
heat_gen[0].heat_inst/ro_gen[525].ro/ro_1
heat_gen[0].heat_inst/ro_gen[525].ro/ro_2.
Related violations: <none>

LUTLP-2#474 Warning
Combinatorial Loop Allowed  
3 LUT cells form a combinatorial loop. This can create a race condition. Timing analysis may not be accurate. The preferred resolution is to modify the design to remove combinatorial logic loops. This loop has been identified in the constraints as being known and understood by use of the ALLOW_COMBINATORIAL_LOOPS property on a net in the loop. The cells in the loop are: heat_gen[0].heat_inst/ro_gen[526].ro/ro_0,
heat_gen[0].heat_inst/ro_gen[526].ro/ro_1
heat_gen[0].heat_inst/ro_gen[526].ro/ro_2.
Related violations: <none>

LUTLP-2#475 Warning
Combinatorial Loop Allowed  
3 LUT cells form a combinatorial loop. This can create a race condition. Timing analysis may not be accurate. The preferred resolution is to modify the design to remove combinatorial logic loops. This loop has been identified in the constraints as being known and understood by use of the ALLOW_COMBINATORIAL_LOOPS property on a net in the loop. The cells in the loop are: heat_gen[0].heat_inst/ro_gen[527].ro/ro_0,
heat_gen[0].heat_inst/ro_gen[527].ro/ro_1
heat_gen[0].heat_inst/ro_gen[527].ro/ro_2.
Related violations: <none>

LUTLP-2#476 Warning
Combinatorial Loop Allowed  
3 LUT cells form a combinatorial loop. This can create a race condition. Timing analysis may not be accurate. The preferred resolution is to modify the design to remove combinatorial logic loops. This loop has been identified in the constraints as being known and understood by use of the ALLOW_COMBINATORIAL_LOOPS property on a net in the loop. The cells in the loop are: heat_gen[0].heat_inst/ro_gen[528].ro/ro_0,
heat_gen[0].heat_inst/ro_gen[528].ro/ro_1
heat_gen[0].heat_inst/ro_gen[528].ro/ro_2.
Related violations: <none>

LUTLP-2#477 Warning
Combinatorial Loop Allowed  
3 LUT cells form a combinatorial loop. This can create a race condition. Timing analysis may not be accurate. The preferred resolution is to modify the design to remove combinatorial logic loops. This loop has been identified in the constraints as being known and understood by use of the ALLOW_COMBINATORIAL_LOOPS property on a net in the loop. The cells in the loop are: heat_gen[0].heat_inst/ro_gen[529].ro/ro_0,
heat_gen[0].heat_inst/ro_gen[529].ro/ro_1
heat_gen[0].heat_inst/ro_gen[529].ro/ro_2.
Related violations: <none>

LUTLP-2#478 Warning
Combinatorial Loop Allowed  
3 LUT cells form a combinatorial loop. This can create a race condition. Timing analysis may not be accurate. The preferred resolution is to modify the design to remove combinatorial logic loops. This loop has been identified in the constraints as being known and understood by use of the ALLOW_COMBINATORIAL_LOOPS property on a net in the loop. The cells in the loop are: heat_gen[0].heat_inst/ro_gen[52].ro/ro_0,
heat_gen[0].heat_inst/ro_gen[52].ro/ro_1
heat_gen[0].heat_inst/ro_gen[52].ro/ro_2.
Related violations: <none>

LUTLP-2#479 Warning
Combinatorial Loop Allowed  
3 LUT cells form a combinatorial loop. This can create a race condition. Timing analysis may not be accurate. The preferred resolution is to modify the design to remove combinatorial logic loops. This loop has been identified in the constraints as being known and understood by use of the ALLOW_COMBINATORIAL_LOOPS property on a net in the loop. The cells in the loop are: heat_gen[0].heat_inst/ro_gen[530].ro/ro_0,
heat_gen[0].heat_inst/ro_gen[530].ro/ro_1
heat_gen[0].heat_inst/ro_gen[530].ro/ro_2.
Related violations: <none>

LUTLP-2#480 Warning
Combinatorial Loop Allowed  
3 LUT cells form a combinatorial loop. This can create a race condition. Timing analysis may not be accurate. The preferred resolution is to modify the design to remove combinatorial logic loops. This loop has been identified in the constraints as being known and understood by use of the ALLOW_COMBINATORIAL_LOOPS property on a net in the loop. The cells in the loop are: heat_gen[0].heat_inst/ro_gen[531].ro/ro_0,
heat_gen[0].heat_inst/ro_gen[531].ro/ro_1
heat_gen[0].heat_inst/ro_gen[531].ro/ro_2.
Related violations: <none>

LUTLP-2#481 Warning
Combinatorial Loop Allowed  
3 LUT cells form a combinatorial loop. This can create a race condition. Timing analysis may not be accurate. The preferred resolution is to modify the design to remove combinatorial logic loops. This loop has been identified in the constraints as being known and understood by use of the ALLOW_COMBINATORIAL_LOOPS property on a net in the loop. The cells in the loop are: heat_gen[0].heat_inst/ro_gen[532].ro/ro_0,
heat_gen[0].heat_inst/ro_gen[532].ro/ro_1
heat_gen[0].heat_inst/ro_gen[532].ro/ro_2.
Related violations: <none>

LUTLP-2#482 Warning
Combinatorial Loop Allowed  
3 LUT cells form a combinatorial loop. This can create a race condition. Timing analysis may not be accurate. The preferred resolution is to modify the design to remove combinatorial logic loops. This loop has been identified in the constraints as being known and understood by use of the ALLOW_COMBINATORIAL_LOOPS property on a net in the loop. The cells in the loop are: heat_gen[0].heat_inst/ro_gen[533].ro/ro_0,
heat_gen[0].heat_inst/ro_gen[533].ro/ro_1
heat_gen[0].heat_inst/ro_gen[533].ro/ro_2.
Related violations: <none>

LUTLP-2#483 Warning
Combinatorial Loop Allowed  
3 LUT cells form a combinatorial loop. This can create a race condition. Timing analysis may not be accurate. The preferred resolution is to modify the design to remove combinatorial logic loops. This loop has been identified in the constraints as being known and understood by use of the ALLOW_COMBINATORIAL_LOOPS property on a net in the loop. The cells in the loop are: heat_gen[0].heat_inst/ro_gen[534].ro/ro_0,
heat_gen[0].heat_inst/ro_gen[534].ro/ro_1
heat_gen[0].heat_inst/ro_gen[534].ro/ro_2.
Related violations: <none>

LUTLP-2#484 Warning
Combinatorial Loop Allowed  
3 LUT cells form a combinatorial loop. This can create a race condition. Timing analysis may not be accurate. The preferred resolution is to modify the design to remove combinatorial logic loops. This loop has been identified in the constraints as being known and understood by use of the ALLOW_COMBINATORIAL_LOOPS property on a net in the loop. The cells in the loop are: heat_gen[0].heat_inst/ro_gen[535].ro/ro_0,
heat_gen[0].heat_inst/ro_gen[535].ro/ro_1
heat_gen[0].heat_inst/ro_gen[535].ro/ro_2.
Related violations: <none>

LUTLP-2#485 Warning
Combinatorial Loop Allowed  
3 LUT cells form a combinatorial loop. This can create a race condition. Timing analysis may not be accurate. The preferred resolution is to modify the design to remove combinatorial logic loops. This loop has been identified in the constraints as being known and understood by use of the ALLOW_COMBINATORIAL_LOOPS property on a net in the loop. The cells in the loop are: heat_gen[0].heat_inst/ro_gen[536].ro/ro_0,
heat_gen[0].heat_inst/ro_gen[536].ro/ro_1
heat_gen[0].heat_inst/ro_gen[536].ro/ro_2.
Related violations: <none>

LUTLP-2#486 Warning
Combinatorial Loop Allowed  
3 LUT cells form a combinatorial loop. This can create a race condition. Timing analysis may not be accurate. The preferred resolution is to modify the design to remove combinatorial logic loops. This loop has been identified in the constraints as being known and understood by use of the ALLOW_COMBINATORIAL_LOOPS property on a net in the loop. The cells in the loop are: heat_gen[0].heat_inst/ro_gen[537].ro/ro_0,
heat_gen[0].heat_inst/ro_gen[537].ro/ro_1
heat_gen[0].heat_inst/ro_gen[537].ro/ro_2.
Related violations: <none>

LUTLP-2#487 Warning
Combinatorial Loop Allowed  
3 LUT cells form a combinatorial loop. This can create a race condition. Timing analysis may not be accurate. The preferred resolution is to modify the design to remove combinatorial logic loops. This loop has been identified in the constraints as being known and understood by use of the ALLOW_COMBINATORIAL_LOOPS property on a net in the loop. The cells in the loop are: heat_gen[0].heat_inst/ro_gen[538].ro/ro_0,
heat_gen[0].heat_inst/ro_gen[538].ro/ro_1
heat_gen[0].heat_inst/ro_gen[538].ro/ro_2.
Related violations: <none>

LUTLP-2#488 Warning
Combinatorial Loop Allowed  
3 LUT cells form a combinatorial loop. This can create a race condition. Timing analysis may not be accurate. The preferred resolution is to modify the design to remove combinatorial logic loops. This loop has been identified in the constraints as being known and understood by use of the ALLOW_COMBINATORIAL_LOOPS property on a net in the loop. The cells in the loop are: heat_gen[0].heat_inst/ro_gen[539].ro/ro_0,
heat_gen[0].heat_inst/ro_gen[539].ro/ro_1
heat_gen[0].heat_inst/ro_gen[539].ro/ro_2.
Related violations: <none>

LUTLP-2#489 Warning
Combinatorial Loop Allowed  
3 LUT cells form a combinatorial loop. This can create a race condition. Timing analysis may not be accurate. The preferred resolution is to modify the design to remove combinatorial logic loops. This loop has been identified in the constraints as being known and understood by use of the ALLOW_COMBINATORIAL_LOOPS property on a net in the loop. The cells in the loop are: heat_gen[0].heat_inst/ro_gen[53].ro/ro_0,
heat_gen[0].heat_inst/ro_gen[53].ro/ro_1
heat_gen[0].heat_inst/ro_gen[53].ro/ro_2.
Related violations: <none>

LUTLP-2#490 Warning
Combinatorial Loop Allowed  
3 LUT cells form a combinatorial loop. This can create a race condition. Timing analysis may not be accurate. The preferred resolution is to modify the design to remove combinatorial logic loops. This loop has been identified in the constraints as being known and understood by use of the ALLOW_COMBINATORIAL_LOOPS property on a net in the loop. The cells in the loop are: heat_gen[0].heat_inst/ro_gen[540].ro/ro_0,
heat_gen[0].heat_inst/ro_gen[540].ro/ro_1
heat_gen[0].heat_inst/ro_gen[540].ro/ro_2.
Related violations: <none>

LUTLP-2#491 Warning
Combinatorial Loop Allowed  
3 LUT cells form a combinatorial loop. This can create a race condition. Timing analysis may not be accurate. The preferred resolution is to modify the design to remove combinatorial logic loops. This loop has been identified in the constraints as being known and understood by use of the ALLOW_COMBINATORIAL_LOOPS property on a net in the loop. The cells in the loop are: heat_gen[0].heat_inst/ro_gen[541].ro/ro_0,
heat_gen[0].heat_inst/ro_gen[541].ro/ro_1
heat_gen[0].heat_inst/ro_gen[541].ro/ro_2.
Related violations: <none>

LUTLP-2#492 Warning
Combinatorial Loop Allowed  
3 LUT cells form a combinatorial loop. This can create a race condition. Timing analysis may not be accurate. The preferred resolution is to modify the design to remove combinatorial logic loops. This loop has been identified in the constraints as being known and understood by use of the ALLOW_COMBINATORIAL_LOOPS property on a net in the loop. The cells in the loop are: heat_gen[0].heat_inst/ro_gen[542].ro/ro_0,
heat_gen[0].heat_inst/ro_gen[542].ro/ro_1
heat_gen[0].heat_inst/ro_gen[542].ro/ro_2.
Related violations: <none>

LUTLP-2#493 Warning
Combinatorial Loop Allowed  
3 LUT cells form a combinatorial loop. This can create a race condition. Timing analysis may not be accurate. The preferred resolution is to modify the design to remove combinatorial logic loops. This loop has been identified in the constraints as being known and understood by use of the ALLOW_COMBINATORIAL_LOOPS property on a net in the loop. The cells in the loop are: heat_gen[0].heat_inst/ro_gen[543].ro/ro_0,
heat_gen[0].heat_inst/ro_gen[543].ro/ro_1
heat_gen[0].heat_inst/ro_gen[543].ro/ro_2.
Related violations: <none>

LUTLP-2#494 Warning
Combinatorial Loop Allowed  
3 LUT cells form a combinatorial loop. This can create a race condition. Timing analysis may not be accurate. The preferred resolution is to modify the design to remove combinatorial logic loops. This loop has been identified in the constraints as being known and understood by use of the ALLOW_COMBINATORIAL_LOOPS property on a net in the loop. The cells in the loop are: heat_gen[0].heat_inst/ro_gen[544].ro/ro_0,
heat_gen[0].heat_inst/ro_gen[544].ro/ro_1
heat_gen[0].heat_inst/ro_gen[544].ro/ro_2.
Related violations: <none>

LUTLP-2#495 Warning
Combinatorial Loop Allowed  
3 LUT cells form a combinatorial loop. This can create a race condition. Timing analysis may not be accurate. The preferred resolution is to modify the design to remove combinatorial logic loops. This loop has been identified in the constraints as being known and understood by use of the ALLOW_COMBINATORIAL_LOOPS property on a net in the loop. The cells in the loop are: heat_gen[0].heat_inst/ro_gen[545].ro/ro_0,
heat_gen[0].heat_inst/ro_gen[545].ro/ro_1
heat_gen[0].heat_inst/ro_gen[545].ro/ro_2.
Related violations: <none>

LUTLP-2#496 Warning
Combinatorial Loop Allowed  
3 LUT cells form a combinatorial loop. This can create a race condition. Timing analysis may not be accurate. The preferred resolution is to modify the design to remove combinatorial logic loops. This loop has been identified in the constraints as being known and understood by use of the ALLOW_COMBINATORIAL_LOOPS property on a net in the loop. The cells in the loop are: heat_gen[0].heat_inst/ro_gen[546].ro/ro_0,
heat_gen[0].heat_inst/ro_gen[546].ro/ro_1
heat_gen[0].heat_inst/ro_gen[546].ro/ro_2.
Related violations: <none>

LUTLP-2#497 Warning
Combinatorial Loop Allowed  
3 LUT cells form a combinatorial loop. This can create a race condition. Timing analysis may not be accurate. The preferred resolution is to modify the design to remove combinatorial logic loops. This loop has been identified in the constraints as being known and understood by use of the ALLOW_COMBINATORIAL_LOOPS property on a net in the loop. The cells in the loop are: heat_gen[0].heat_inst/ro_gen[547].ro/ro_0,
heat_gen[0].heat_inst/ro_gen[547].ro/ro_1
heat_gen[0].heat_inst/ro_gen[547].ro/ro_2.
Related violations: <none>

LUTLP-2#498 Warning
Combinatorial Loop Allowed  
3 LUT cells form a combinatorial loop. This can create a race condition. Timing analysis may not be accurate. The preferred resolution is to modify the design to remove combinatorial logic loops. This loop has been identified in the constraints as being known and understood by use of the ALLOW_COMBINATORIAL_LOOPS property on a net in the loop. The cells in the loop are: heat_gen[0].heat_inst/ro_gen[548].ro/ro_0,
heat_gen[0].heat_inst/ro_gen[548].ro/ro_1
heat_gen[0].heat_inst/ro_gen[548].ro/ro_2.
Related violations: <none>

LUTLP-2#499 Warning
Combinatorial Loop Allowed  
3 LUT cells form a combinatorial loop. This can create a race condition. Timing analysis may not be accurate. The preferred resolution is to modify the design to remove combinatorial logic loops. This loop has been identified in the constraints as being known and understood by use of the ALLOW_COMBINATORIAL_LOOPS property on a net in the loop. The cells in the loop are: heat_gen[0].heat_inst/ro_gen[549].ro/ro_0,
heat_gen[0].heat_inst/ro_gen[549].ro/ro_1
heat_gen[0].heat_inst/ro_gen[549].ro/ro_2.
Related violations: <none>

LUTLP-2#500 Warning
Combinatorial Loop Allowed  
3 LUT cells form a combinatorial loop. This can create a race condition. Timing analysis may not be accurate. The preferred resolution is to modify the design to remove combinatorial logic loops. This loop has been identified in the constraints as being known and understood by use of the ALLOW_COMBINATORIAL_LOOPS property on a net in the loop. The cells in the loop are: heat_gen[0].heat_inst/ro_gen[54].ro/ro_0,
heat_gen[0].heat_inst/ro_gen[54].ro/ro_1
heat_gen[0].heat_inst/ro_gen[54].ro/ro_2.
Related violations: <none>

LUTLP-2#501 Warning
Combinatorial Loop Allowed  
3 LUT cells form a combinatorial loop. This can create a race condition. Timing analysis may not be accurate. The preferred resolution is to modify the design to remove combinatorial logic loops. This loop has been identified in the constraints as being known and understood by use of the ALLOW_COMBINATORIAL_LOOPS property on a net in the loop. The cells in the loop are: heat_gen[0].heat_inst/ro_gen[550].ro/ro_0,
heat_gen[0].heat_inst/ro_gen[550].ro/ro_1
heat_gen[0].heat_inst/ro_gen[550].ro/ro_2.
Related violations: <none>

LUTLP-2#502 Warning
Combinatorial Loop Allowed  
3 LUT cells form a combinatorial loop. This can create a race condition. Timing analysis may not be accurate. The preferred resolution is to modify the design to remove combinatorial logic loops. This loop has been identified in the constraints as being known and understood by use of the ALLOW_COMBINATORIAL_LOOPS property on a net in the loop. The cells in the loop are: heat_gen[0].heat_inst/ro_gen[551].ro/ro_0,
heat_gen[0].heat_inst/ro_gen[551].ro/ro_1
heat_gen[0].heat_inst/ro_gen[551].ro/ro_2.
Related violations: <none>

LUTLP-2#503 Warning
Combinatorial Loop Allowed  
3 LUT cells form a combinatorial loop. This can create a race condition. Timing analysis may not be accurate. The preferred resolution is to modify the design to remove combinatorial logic loops. This loop has been identified in the constraints as being known and understood by use of the ALLOW_COMBINATORIAL_LOOPS property on a net in the loop. The cells in the loop are: heat_gen[0].heat_inst/ro_gen[552].ro/ro_0,
heat_gen[0].heat_inst/ro_gen[552].ro/ro_1
heat_gen[0].heat_inst/ro_gen[552].ro/ro_2.
Related violations: <none>

LUTLP-2#504 Warning
Combinatorial Loop Allowed  
3 LUT cells form a combinatorial loop. This can create a race condition. Timing analysis may not be accurate. The preferred resolution is to modify the design to remove combinatorial logic loops. This loop has been identified in the constraints as being known and understood by use of the ALLOW_COMBINATORIAL_LOOPS property on a net in the loop. The cells in the loop are: heat_gen[0].heat_inst/ro_gen[553].ro/ro_0,
heat_gen[0].heat_inst/ro_gen[553].ro/ro_1
heat_gen[0].heat_inst/ro_gen[553].ro/ro_2.
Related violations: <none>

LUTLP-2#505 Warning
Combinatorial Loop Allowed  
3 LUT cells form a combinatorial loop. This can create a race condition. Timing analysis may not be accurate. The preferred resolution is to modify the design to remove combinatorial logic loops. This loop has been identified in the constraints as being known and understood by use of the ALLOW_COMBINATORIAL_LOOPS property on a net in the loop. The cells in the loop are: heat_gen[0].heat_inst/ro_gen[554].ro/ro_0,
heat_gen[0].heat_inst/ro_gen[554].ro/ro_1
heat_gen[0].heat_inst/ro_gen[554].ro/ro_2.
Related violations: <none>

LUTLP-2#506 Warning
Combinatorial Loop Allowed  
3 LUT cells form a combinatorial loop. This can create a race condition. Timing analysis may not be accurate. The preferred resolution is to modify the design to remove combinatorial logic loops. This loop has been identified in the constraints as being known and understood by use of the ALLOW_COMBINATORIAL_LOOPS property on a net in the loop. The cells in the loop are: heat_gen[0].heat_inst/ro_gen[555].ro/ro_0,
heat_gen[0].heat_inst/ro_gen[555].ro/ro_1
heat_gen[0].heat_inst/ro_gen[555].ro/ro_2.
Related violations: <none>

LUTLP-2#507 Warning
Combinatorial Loop Allowed  
3 LUT cells form a combinatorial loop. This can create a race condition. Timing analysis may not be accurate. The preferred resolution is to modify the design to remove combinatorial logic loops. This loop has been identified in the constraints as being known and understood by use of the ALLOW_COMBINATORIAL_LOOPS property on a net in the loop. The cells in the loop are: heat_gen[0].heat_inst/ro_gen[556].ro/ro_0,
heat_gen[0].heat_inst/ro_gen[556].ro/ro_1
heat_gen[0].heat_inst/ro_gen[556].ro/ro_2.
Related violations: <none>

LUTLP-2#508 Warning
Combinatorial Loop Allowed  
3 LUT cells form a combinatorial loop. This can create a race condition. Timing analysis may not be accurate. The preferred resolution is to modify the design to remove combinatorial logic loops. This loop has been identified in the constraints as being known and understood by use of the ALLOW_COMBINATORIAL_LOOPS property on a net in the loop. The cells in the loop are: heat_gen[0].heat_inst/ro_gen[557].ro/ro_0,
heat_gen[0].heat_inst/ro_gen[557].ro/ro_1
heat_gen[0].heat_inst/ro_gen[557].ro/ro_2.
Related violations: <none>

LUTLP-2#509 Warning
Combinatorial Loop Allowed  
3 LUT cells form a combinatorial loop. This can create a race condition. Timing analysis may not be accurate. The preferred resolution is to modify the design to remove combinatorial logic loops. This loop has been identified in the constraints as being known and understood by use of the ALLOW_COMBINATORIAL_LOOPS property on a net in the loop. The cells in the loop are: heat_gen[0].heat_inst/ro_gen[558].ro/ro_0,
heat_gen[0].heat_inst/ro_gen[558].ro/ro_1
heat_gen[0].heat_inst/ro_gen[558].ro/ro_2.
Related violations: <none>

LUTLP-2#510 Warning
Combinatorial Loop Allowed  
3 LUT cells form a combinatorial loop. This can create a race condition. Timing analysis may not be accurate. The preferred resolution is to modify the design to remove combinatorial logic loops. This loop has been identified in the constraints as being known and understood by use of the ALLOW_COMBINATORIAL_LOOPS property on a net in the loop. The cells in the loop are: heat_gen[0].heat_inst/ro_gen[559].ro/ro_0,
heat_gen[0].heat_inst/ro_gen[559].ro/ro_1
heat_gen[0].heat_inst/ro_gen[559].ro/ro_2.
Related violations: <none>

LUTLP-2#511 Warning
Combinatorial Loop Allowed  
3 LUT cells form a combinatorial loop. This can create a race condition. Timing analysis may not be accurate. The preferred resolution is to modify the design to remove combinatorial logic loops. This loop has been identified in the constraints as being known and understood by use of the ALLOW_COMBINATORIAL_LOOPS property on a net in the loop. The cells in the loop are: heat_gen[0].heat_inst/ro_gen[55].ro/ro_0,
heat_gen[0].heat_inst/ro_gen[55].ro/ro_1
heat_gen[0].heat_inst/ro_gen[55].ro/ro_2.
Related violations: <none>

LUTLP-2#512 Warning
Combinatorial Loop Allowed  
3 LUT cells form a combinatorial loop. This can create a race condition. Timing analysis may not be accurate. The preferred resolution is to modify the design to remove combinatorial logic loops. This loop has been identified in the constraints as being known and understood by use of the ALLOW_COMBINATORIAL_LOOPS property on a net in the loop. The cells in the loop are: heat_gen[0].heat_inst/ro_gen[560].ro/ro_0,
heat_gen[0].heat_inst/ro_gen[560].ro/ro_1
heat_gen[0].heat_inst/ro_gen[560].ro/ro_2.
Related violations: <none>

LUTLP-2#513 Warning
Combinatorial Loop Allowed  
3 LUT cells form a combinatorial loop. This can create a race condition. Timing analysis may not be accurate. The preferred resolution is to modify the design to remove combinatorial logic loops. This loop has been identified in the constraints as being known and understood by use of the ALLOW_COMBINATORIAL_LOOPS property on a net in the loop. The cells in the loop are: heat_gen[0].heat_inst/ro_gen[561].ro/ro_0,
heat_gen[0].heat_inst/ro_gen[561].ro/ro_1
heat_gen[0].heat_inst/ro_gen[561].ro/ro_2.
Related violations: <none>

LUTLP-2#514 Warning
Combinatorial Loop Allowed  
3 LUT cells form a combinatorial loop. This can create a race condition. Timing analysis may not be accurate. The preferred resolution is to modify the design to remove combinatorial logic loops. This loop has been identified in the constraints as being known and understood by use of the ALLOW_COMBINATORIAL_LOOPS property on a net in the loop. The cells in the loop are: heat_gen[0].heat_inst/ro_gen[562].ro/ro_0,
heat_gen[0].heat_inst/ro_gen[562].ro/ro_1
heat_gen[0].heat_inst/ro_gen[562].ro/ro_2.
Related violations: <none>

LUTLP-2#515 Warning
Combinatorial Loop Allowed  
3 LUT cells form a combinatorial loop. This can create a race condition. Timing analysis may not be accurate. The preferred resolution is to modify the design to remove combinatorial logic loops. This loop has been identified in the constraints as being known and understood by use of the ALLOW_COMBINATORIAL_LOOPS property on a net in the loop. The cells in the loop are: heat_gen[0].heat_inst/ro_gen[563].ro/ro_0,
heat_gen[0].heat_inst/ro_gen[563].ro/ro_1
heat_gen[0].heat_inst/ro_gen[563].ro/ro_2.
Related violations: <none>

LUTLP-2#516 Warning
Combinatorial Loop Allowed  
3 LUT cells form a combinatorial loop. This can create a race condition. Timing analysis may not be accurate. The preferred resolution is to modify the design to remove combinatorial logic loops. This loop has been identified in the constraints as being known and understood by use of the ALLOW_COMBINATORIAL_LOOPS property on a net in the loop. The cells in the loop are: heat_gen[0].heat_inst/ro_gen[564].ro/ro_0,
heat_gen[0].heat_inst/ro_gen[564].ro/ro_1
heat_gen[0].heat_inst/ro_gen[564].ro/ro_2.
Related violations: <none>

LUTLP-2#517 Warning
Combinatorial Loop Allowed  
3 LUT cells form a combinatorial loop. This can create a race condition. Timing analysis may not be accurate. The preferred resolution is to modify the design to remove combinatorial logic loops. This loop has been identified in the constraints as being known and understood by use of the ALLOW_COMBINATORIAL_LOOPS property on a net in the loop. The cells in the loop are: heat_gen[0].heat_inst/ro_gen[565].ro/ro_0,
heat_gen[0].heat_inst/ro_gen[565].ro/ro_1
heat_gen[0].heat_inst/ro_gen[565].ro/ro_2.
Related violations: <none>

LUTLP-2#518 Warning
Combinatorial Loop Allowed  
3 LUT cells form a combinatorial loop. This can create a race condition. Timing analysis may not be accurate. The preferred resolution is to modify the design to remove combinatorial logic loops. This loop has been identified in the constraints as being known and understood by use of the ALLOW_COMBINATORIAL_LOOPS property on a net in the loop. The cells in the loop are: heat_gen[0].heat_inst/ro_gen[566].ro/ro_0,
heat_gen[0].heat_inst/ro_gen[566].ro/ro_1
heat_gen[0].heat_inst/ro_gen[566].ro/ro_2.
Related violations: <none>

LUTLP-2#519 Warning
Combinatorial Loop Allowed  
3 LUT cells form a combinatorial loop. This can create a race condition. Timing analysis may not be accurate. The preferred resolution is to modify the design to remove combinatorial logic loops. This loop has been identified in the constraints as being known and understood by use of the ALLOW_COMBINATORIAL_LOOPS property on a net in the loop. The cells in the loop are: heat_gen[0].heat_inst/ro_gen[567].ro/ro_0,
heat_gen[0].heat_inst/ro_gen[567].ro/ro_1
heat_gen[0].heat_inst/ro_gen[567].ro/ro_2.
Related violations: <none>

LUTLP-2#520 Warning
Combinatorial Loop Allowed  
3 LUT cells form a combinatorial loop. This can create a race condition. Timing analysis may not be accurate. The preferred resolution is to modify the design to remove combinatorial logic loops. This loop has been identified in the constraints as being known and understood by use of the ALLOW_COMBINATORIAL_LOOPS property on a net in the loop. The cells in the loop are: heat_gen[0].heat_inst/ro_gen[568].ro/ro_0,
heat_gen[0].heat_inst/ro_gen[568].ro/ro_1
heat_gen[0].heat_inst/ro_gen[568].ro/ro_2.
Related violations: <none>

LUTLP-2#521 Warning
Combinatorial Loop Allowed  
3 LUT cells form a combinatorial loop. This can create a race condition. Timing analysis may not be accurate. The preferred resolution is to modify the design to remove combinatorial logic loops. This loop has been identified in the constraints as being known and understood by use of the ALLOW_COMBINATORIAL_LOOPS property on a net in the loop. The cells in the loop are: heat_gen[0].heat_inst/ro_gen[569].ro/ro_0,
heat_gen[0].heat_inst/ro_gen[569].ro/ro_1
heat_gen[0].heat_inst/ro_gen[569].ro/ro_2.
Related violations: <none>

LUTLP-2#522 Warning
Combinatorial Loop Allowed  
3 LUT cells form a combinatorial loop. This can create a race condition. Timing analysis may not be accurate. The preferred resolution is to modify the design to remove combinatorial logic loops. This loop has been identified in the constraints as being known and understood by use of the ALLOW_COMBINATORIAL_LOOPS property on a net in the loop. The cells in the loop are: heat_gen[0].heat_inst/ro_gen[56].ro/ro_0,
heat_gen[0].heat_inst/ro_gen[56].ro/ro_1
heat_gen[0].heat_inst/ro_gen[56].ro/ro_2.
Related violations: <none>

LUTLP-2#523 Warning
Combinatorial Loop Allowed  
3 LUT cells form a combinatorial loop. This can create a race condition. Timing analysis may not be accurate. The preferred resolution is to modify the design to remove combinatorial logic loops. This loop has been identified in the constraints as being known and understood by use of the ALLOW_COMBINATORIAL_LOOPS property on a net in the loop. The cells in the loop are: heat_gen[0].heat_inst/ro_gen[570].ro/ro_0,
heat_gen[0].heat_inst/ro_gen[570].ro/ro_1
heat_gen[0].heat_inst/ro_gen[570].ro/ro_2.
Related violations: <none>

LUTLP-2#524 Warning
Combinatorial Loop Allowed  
3 LUT cells form a combinatorial loop. This can create a race condition. Timing analysis may not be accurate. The preferred resolution is to modify the design to remove combinatorial logic loops. This loop has been identified in the constraints as being known and understood by use of the ALLOW_COMBINATORIAL_LOOPS property on a net in the loop. The cells in the loop are: heat_gen[0].heat_inst/ro_gen[571].ro/ro_0,
heat_gen[0].heat_inst/ro_gen[571].ro/ro_1
heat_gen[0].heat_inst/ro_gen[571].ro/ro_2.
Related violations: <none>

LUTLP-2#525 Warning
Combinatorial Loop Allowed  
3 LUT cells form a combinatorial loop. This can create a race condition. Timing analysis may not be accurate. The preferred resolution is to modify the design to remove combinatorial logic loops. This loop has been identified in the constraints as being known and understood by use of the ALLOW_COMBINATORIAL_LOOPS property on a net in the loop. The cells in the loop are: heat_gen[0].heat_inst/ro_gen[572].ro/ro_0,
heat_gen[0].heat_inst/ro_gen[572].ro/ro_1
heat_gen[0].heat_inst/ro_gen[572].ro/ro_2.
Related violations: <none>

LUTLP-2#526 Warning
Combinatorial Loop Allowed  
3 LUT cells form a combinatorial loop. This can create a race condition. Timing analysis may not be accurate. The preferred resolution is to modify the design to remove combinatorial logic loops. This loop has been identified in the constraints as being known and understood by use of the ALLOW_COMBINATORIAL_LOOPS property on a net in the loop. The cells in the loop are: heat_gen[0].heat_inst/ro_gen[573].ro/ro_0,
heat_gen[0].heat_inst/ro_gen[573].ro/ro_1
heat_gen[0].heat_inst/ro_gen[573].ro/ro_2.
Related violations: <none>

LUTLP-2#527 Warning
Combinatorial Loop Allowed  
3 LUT cells form a combinatorial loop. This can create a race condition. Timing analysis may not be accurate. The preferred resolution is to modify the design to remove combinatorial logic loops. This loop has been identified in the constraints as being known and understood by use of the ALLOW_COMBINATORIAL_LOOPS property on a net in the loop. The cells in the loop are: heat_gen[0].heat_inst/ro_gen[574].ro/ro_0,
heat_gen[0].heat_inst/ro_gen[574].ro/ro_1
heat_gen[0].heat_inst/ro_gen[574].ro/ro_2.
Related violations: <none>

LUTLP-2#528 Warning
Combinatorial Loop Allowed  
3 LUT cells form a combinatorial loop. This can create a race condition. Timing analysis may not be accurate. The preferred resolution is to modify the design to remove combinatorial logic loops. This loop has been identified in the constraints as being known and understood by use of the ALLOW_COMBINATORIAL_LOOPS property on a net in the loop. The cells in the loop are: heat_gen[0].heat_inst/ro_gen[575].ro/ro_0,
heat_gen[0].heat_inst/ro_gen[575].ro/ro_1
heat_gen[0].heat_inst/ro_gen[575].ro/ro_2.
Related violations: <none>

LUTLP-2#529 Warning
Combinatorial Loop Allowed  
3 LUT cells form a combinatorial loop. This can create a race condition. Timing analysis may not be accurate. The preferred resolution is to modify the design to remove combinatorial logic loops. This loop has been identified in the constraints as being known and understood by use of the ALLOW_COMBINATORIAL_LOOPS property on a net in the loop. The cells in the loop are: heat_gen[0].heat_inst/ro_gen[576].ro/ro_0,
heat_gen[0].heat_inst/ro_gen[576].ro/ro_1
heat_gen[0].heat_inst/ro_gen[576].ro/ro_2.
Related violations: <none>

LUTLP-2#530 Warning
Combinatorial Loop Allowed  
3 LUT cells form a combinatorial loop. This can create a race condition. Timing analysis may not be accurate. The preferred resolution is to modify the design to remove combinatorial logic loops. This loop has been identified in the constraints as being known and understood by use of the ALLOW_COMBINATORIAL_LOOPS property on a net in the loop. The cells in the loop are: heat_gen[0].heat_inst/ro_gen[577].ro/ro_0,
heat_gen[0].heat_inst/ro_gen[577].ro/ro_1
heat_gen[0].heat_inst/ro_gen[577].ro/ro_2.
Related violations: <none>

LUTLP-2#531 Warning
Combinatorial Loop Allowed  
3 LUT cells form a combinatorial loop. This can create a race condition. Timing analysis may not be accurate. The preferred resolution is to modify the design to remove combinatorial logic loops. This loop has been identified in the constraints as being known and understood by use of the ALLOW_COMBINATORIAL_LOOPS property on a net in the loop. The cells in the loop are: heat_gen[0].heat_inst/ro_gen[578].ro/ro_0,
heat_gen[0].heat_inst/ro_gen[578].ro/ro_1
heat_gen[0].heat_inst/ro_gen[578].ro/ro_2.
Related violations: <none>

LUTLP-2#532 Warning
Combinatorial Loop Allowed  
3 LUT cells form a combinatorial loop. This can create a race condition. Timing analysis may not be accurate. The preferred resolution is to modify the design to remove combinatorial logic loops. This loop has been identified in the constraints as being known and understood by use of the ALLOW_COMBINATORIAL_LOOPS property on a net in the loop. The cells in the loop are: heat_gen[0].heat_inst/ro_gen[579].ro/ro_0,
heat_gen[0].heat_inst/ro_gen[579].ro/ro_1
heat_gen[0].heat_inst/ro_gen[579].ro/ro_2.
Related violations: <none>

LUTLP-2#533 Warning
Combinatorial Loop Allowed  
3 LUT cells form a combinatorial loop. This can create a race condition. Timing analysis may not be accurate. The preferred resolution is to modify the design to remove combinatorial logic loops. This loop has been identified in the constraints as being known and understood by use of the ALLOW_COMBINATORIAL_LOOPS property on a net in the loop. The cells in the loop are: heat_gen[0].heat_inst/ro_gen[57].ro/ro_0,
heat_gen[0].heat_inst/ro_gen[57].ro/ro_1
heat_gen[0].heat_inst/ro_gen[57].ro/ro_2.
Related violations: <none>

LUTLP-2#534 Warning
Combinatorial Loop Allowed  
3 LUT cells form a combinatorial loop. This can create a race condition. Timing analysis may not be accurate. The preferred resolution is to modify the design to remove combinatorial logic loops. This loop has been identified in the constraints as being known and understood by use of the ALLOW_COMBINATORIAL_LOOPS property on a net in the loop. The cells in the loop are: heat_gen[0].heat_inst/ro_gen[580].ro/ro_0,
heat_gen[0].heat_inst/ro_gen[580].ro/ro_1
heat_gen[0].heat_inst/ro_gen[580].ro/ro_2.
Related violations: <none>

LUTLP-2#535 Warning
Combinatorial Loop Allowed  
3 LUT cells form a combinatorial loop. This can create a race condition. Timing analysis may not be accurate. The preferred resolution is to modify the design to remove combinatorial logic loops. This loop has been identified in the constraints as being known and understood by use of the ALLOW_COMBINATORIAL_LOOPS property on a net in the loop. The cells in the loop are: heat_gen[0].heat_inst/ro_gen[581].ro/ro_0,
heat_gen[0].heat_inst/ro_gen[581].ro/ro_1
heat_gen[0].heat_inst/ro_gen[581].ro/ro_2.
Related violations: <none>

LUTLP-2#536 Warning
Combinatorial Loop Allowed  
3 LUT cells form a combinatorial loop. This can create a race condition. Timing analysis may not be accurate. The preferred resolution is to modify the design to remove combinatorial logic loops. This loop has been identified in the constraints as being known and understood by use of the ALLOW_COMBINATORIAL_LOOPS property on a net in the loop. The cells in the loop are: heat_gen[0].heat_inst/ro_gen[582].ro/ro_0,
heat_gen[0].heat_inst/ro_gen[582].ro/ro_1
heat_gen[0].heat_inst/ro_gen[582].ro/ro_2.
Related violations: <none>

LUTLP-2#537 Warning
Combinatorial Loop Allowed  
3 LUT cells form a combinatorial loop. This can create a race condition. Timing analysis may not be accurate. The preferred resolution is to modify the design to remove combinatorial logic loops. This loop has been identified in the constraints as being known and understood by use of the ALLOW_COMBINATORIAL_LOOPS property on a net in the loop. The cells in the loop are: heat_gen[0].heat_inst/ro_gen[583].ro/ro_0,
heat_gen[0].heat_inst/ro_gen[583].ro/ro_1
heat_gen[0].heat_inst/ro_gen[583].ro/ro_2.
Related violations: <none>

LUTLP-2#538 Warning
Combinatorial Loop Allowed  
3 LUT cells form a combinatorial loop. This can create a race condition. Timing analysis may not be accurate. The preferred resolution is to modify the design to remove combinatorial logic loops. This loop has been identified in the constraints as being known and understood by use of the ALLOW_COMBINATORIAL_LOOPS property on a net in the loop. The cells in the loop are: heat_gen[0].heat_inst/ro_gen[584].ro/ro_0,
heat_gen[0].heat_inst/ro_gen[584].ro/ro_1
heat_gen[0].heat_inst/ro_gen[584].ro/ro_2.
Related violations: <none>

LUTLP-2#539 Warning
Combinatorial Loop Allowed  
3 LUT cells form a combinatorial loop. This can create a race condition. Timing analysis may not be accurate. The preferred resolution is to modify the design to remove combinatorial logic loops. This loop has been identified in the constraints as being known and understood by use of the ALLOW_COMBINATORIAL_LOOPS property on a net in the loop. The cells in the loop are: heat_gen[0].heat_inst/ro_gen[585].ro/ro_0,
heat_gen[0].heat_inst/ro_gen[585].ro/ro_1
heat_gen[0].heat_inst/ro_gen[585].ro/ro_2.
Related violations: <none>

LUTLP-2#540 Warning
Combinatorial Loop Allowed  
3 LUT cells form a combinatorial loop. This can create a race condition. Timing analysis may not be accurate. The preferred resolution is to modify the design to remove combinatorial logic loops. This loop has been identified in the constraints as being known and understood by use of the ALLOW_COMBINATORIAL_LOOPS property on a net in the loop. The cells in the loop are: heat_gen[0].heat_inst/ro_gen[586].ro/ro_0,
heat_gen[0].heat_inst/ro_gen[586].ro/ro_1
heat_gen[0].heat_inst/ro_gen[586].ro/ro_2.
Related violations: <none>

LUTLP-2#541 Warning
Combinatorial Loop Allowed  
3 LUT cells form a combinatorial loop. This can create a race condition. Timing analysis may not be accurate. The preferred resolution is to modify the design to remove combinatorial logic loops. This loop has been identified in the constraints as being known and understood by use of the ALLOW_COMBINATORIAL_LOOPS property on a net in the loop. The cells in the loop are: heat_gen[0].heat_inst/ro_gen[587].ro/ro_0,
heat_gen[0].heat_inst/ro_gen[587].ro/ro_1
heat_gen[0].heat_inst/ro_gen[587].ro/ro_2.
Related violations: <none>

LUTLP-2#542 Warning
Combinatorial Loop Allowed  
3 LUT cells form a combinatorial loop. This can create a race condition. Timing analysis may not be accurate. The preferred resolution is to modify the design to remove combinatorial logic loops. This loop has been identified in the constraints as being known and understood by use of the ALLOW_COMBINATORIAL_LOOPS property on a net in the loop. The cells in the loop are: heat_gen[0].heat_inst/ro_gen[588].ro/ro_0,
heat_gen[0].heat_inst/ro_gen[588].ro/ro_1
heat_gen[0].heat_inst/ro_gen[588].ro/ro_2.
Related violations: <none>

LUTLP-2#543 Warning
Combinatorial Loop Allowed  
3 LUT cells form a combinatorial loop. This can create a race condition. Timing analysis may not be accurate. The preferred resolution is to modify the design to remove combinatorial logic loops. This loop has been identified in the constraints as being known and understood by use of the ALLOW_COMBINATORIAL_LOOPS property on a net in the loop. The cells in the loop are: heat_gen[0].heat_inst/ro_gen[589].ro/ro_0,
heat_gen[0].heat_inst/ro_gen[589].ro/ro_1
heat_gen[0].heat_inst/ro_gen[589].ro/ro_2.
Related violations: <none>

LUTLP-2#544 Warning
Combinatorial Loop Allowed  
3 LUT cells form a combinatorial loop. This can create a race condition. Timing analysis may not be accurate. The preferred resolution is to modify the design to remove combinatorial logic loops. This loop has been identified in the constraints as being known and understood by use of the ALLOW_COMBINATORIAL_LOOPS property on a net in the loop. The cells in the loop are: heat_gen[0].heat_inst/ro_gen[58].ro/ro_0,
heat_gen[0].heat_inst/ro_gen[58].ro/ro_1
heat_gen[0].heat_inst/ro_gen[58].ro/ro_2.
Related violations: <none>

LUTLP-2#545 Warning
Combinatorial Loop Allowed  
3 LUT cells form a combinatorial loop. This can create a race condition. Timing analysis may not be accurate. The preferred resolution is to modify the design to remove combinatorial logic loops. This loop has been identified in the constraints as being known and understood by use of the ALLOW_COMBINATORIAL_LOOPS property on a net in the loop. The cells in the loop are: heat_gen[0].heat_inst/ro_gen[590].ro/ro_0,
heat_gen[0].heat_inst/ro_gen[590].ro/ro_1
heat_gen[0].heat_inst/ro_gen[590].ro/ro_2.
Related violations: <none>

LUTLP-2#546 Warning
Combinatorial Loop Allowed  
3 LUT cells form a combinatorial loop. This can create a race condition. Timing analysis may not be accurate. The preferred resolution is to modify the design to remove combinatorial logic loops. This loop has been identified in the constraints as being known and understood by use of the ALLOW_COMBINATORIAL_LOOPS property on a net in the loop. The cells in the loop are: heat_gen[0].heat_inst/ro_gen[591].ro/ro_0,
heat_gen[0].heat_inst/ro_gen[591].ro/ro_1
heat_gen[0].heat_inst/ro_gen[591].ro/ro_2.
Related violations: <none>

LUTLP-2#547 Warning
Combinatorial Loop Allowed  
3 LUT cells form a combinatorial loop. This can create a race condition. Timing analysis may not be accurate. The preferred resolution is to modify the design to remove combinatorial logic loops. This loop has been identified in the constraints as being known and understood by use of the ALLOW_COMBINATORIAL_LOOPS property on a net in the loop. The cells in the loop are: heat_gen[0].heat_inst/ro_gen[592].ro/ro_0,
heat_gen[0].heat_inst/ro_gen[592].ro/ro_1
heat_gen[0].heat_inst/ro_gen[592].ro/ro_2.
Related violations: <none>

LUTLP-2#548 Warning
Combinatorial Loop Allowed  
3 LUT cells form a combinatorial loop. This can create a race condition. Timing analysis may not be accurate. The preferred resolution is to modify the design to remove combinatorial logic loops. This loop has been identified in the constraints as being known and understood by use of the ALLOW_COMBINATORIAL_LOOPS property on a net in the loop. The cells in the loop are: heat_gen[0].heat_inst/ro_gen[593].ro/ro_0,
heat_gen[0].heat_inst/ro_gen[593].ro/ro_1
heat_gen[0].heat_inst/ro_gen[593].ro/ro_2.
Related violations: <none>

LUTLP-2#549 Warning
Combinatorial Loop Allowed  
3 LUT cells form a combinatorial loop. This can create a race condition. Timing analysis may not be accurate. The preferred resolution is to modify the design to remove combinatorial logic loops. This loop has been identified in the constraints as being known and understood by use of the ALLOW_COMBINATORIAL_LOOPS property on a net in the loop. The cells in the loop are: heat_gen[0].heat_inst/ro_gen[594].ro/ro_0,
heat_gen[0].heat_inst/ro_gen[594].ro/ro_1
heat_gen[0].heat_inst/ro_gen[594].ro/ro_2.
Related violations: <none>

LUTLP-2#550 Warning
Combinatorial Loop Allowed  
3 LUT cells form a combinatorial loop. This can create a race condition. Timing analysis may not be accurate. The preferred resolution is to modify the design to remove combinatorial logic loops. This loop has been identified in the constraints as being known and understood by use of the ALLOW_COMBINATORIAL_LOOPS property on a net in the loop. The cells in the loop are: heat_gen[0].heat_inst/ro_gen[595].ro/ro_0,
heat_gen[0].heat_inst/ro_gen[595].ro/ro_1
heat_gen[0].heat_inst/ro_gen[595].ro/ro_2.
Related violations: <none>

LUTLP-2#551 Warning
Combinatorial Loop Allowed  
3 LUT cells form a combinatorial loop. This can create a race condition. Timing analysis may not be accurate. The preferred resolution is to modify the design to remove combinatorial logic loops. This loop has been identified in the constraints as being known and understood by use of the ALLOW_COMBINATORIAL_LOOPS property on a net in the loop. The cells in the loop are: heat_gen[0].heat_inst/ro_gen[596].ro/ro_0,
heat_gen[0].heat_inst/ro_gen[596].ro/ro_1
heat_gen[0].heat_inst/ro_gen[596].ro/ro_2.
Related violations: <none>

LUTLP-2#552 Warning
Combinatorial Loop Allowed  
3 LUT cells form a combinatorial loop. This can create a race condition. Timing analysis may not be accurate. The preferred resolution is to modify the design to remove combinatorial logic loops. This loop has been identified in the constraints as being known and understood by use of the ALLOW_COMBINATORIAL_LOOPS property on a net in the loop. The cells in the loop are: heat_gen[0].heat_inst/ro_gen[597].ro/ro_0,
heat_gen[0].heat_inst/ro_gen[597].ro/ro_1
heat_gen[0].heat_inst/ro_gen[597].ro/ro_2.
Related violations: <none>

LUTLP-2#553 Warning
Combinatorial Loop Allowed  
3 LUT cells form a combinatorial loop. This can create a race condition. Timing analysis may not be accurate. The preferred resolution is to modify the design to remove combinatorial logic loops. This loop has been identified in the constraints as being known and understood by use of the ALLOW_COMBINATORIAL_LOOPS property on a net in the loop. The cells in the loop are: heat_gen[0].heat_inst/ro_gen[598].ro/ro_0,
heat_gen[0].heat_inst/ro_gen[598].ro/ro_1
heat_gen[0].heat_inst/ro_gen[598].ro/ro_2.
Related violations: <none>

LUTLP-2#554 Warning
Combinatorial Loop Allowed  
3 LUT cells form a combinatorial loop. This can create a race condition. Timing analysis may not be accurate. The preferred resolution is to modify the design to remove combinatorial logic loops. This loop has been identified in the constraints as being known and understood by use of the ALLOW_COMBINATORIAL_LOOPS property on a net in the loop. The cells in the loop are: heat_gen[0].heat_inst/ro_gen[599].ro/ro_0,
heat_gen[0].heat_inst/ro_gen[599].ro/ro_1
heat_gen[0].heat_inst/ro_gen[599].ro/ro_2.
Related violations: <none>

LUTLP-2#555 Warning
Combinatorial Loop Allowed  
3 LUT cells form a combinatorial loop. This can create a race condition. Timing analysis may not be accurate. The preferred resolution is to modify the design to remove combinatorial logic loops. This loop has been identified in the constraints as being known and understood by use of the ALLOW_COMBINATORIAL_LOOPS property on a net in the loop. The cells in the loop are: heat_gen[0].heat_inst/ro_gen[59].ro/ro_0,
heat_gen[0].heat_inst/ro_gen[59].ro/ro_1
heat_gen[0].heat_inst/ro_gen[59].ro/ro_2.
Related violations: <none>

LUTLP-2#556 Warning
Combinatorial Loop Allowed  
3 LUT cells form a combinatorial loop. This can create a race condition. Timing analysis may not be accurate. The preferred resolution is to modify the design to remove combinatorial logic loops. This loop has been identified in the constraints as being known and understood by use of the ALLOW_COMBINATORIAL_LOOPS property on a net in the loop. The cells in the loop are: heat_gen[0].heat_inst/ro_gen[5].ro/ro_0,
heat_gen[0].heat_inst/ro_gen[5].ro/ro_1
heat_gen[0].heat_inst/ro_gen[5].ro/ro_2.
Related violations: <none>

LUTLP-2#557 Warning
Combinatorial Loop Allowed  
3 LUT cells form a combinatorial loop. This can create a race condition. Timing analysis may not be accurate. The preferred resolution is to modify the design to remove combinatorial logic loops. This loop has been identified in the constraints as being known and understood by use of the ALLOW_COMBINATORIAL_LOOPS property on a net in the loop. The cells in the loop are: heat_gen[0].heat_inst/ro_gen[600].ro/ro_0,
heat_gen[0].heat_inst/ro_gen[600].ro/ro_1
heat_gen[0].heat_inst/ro_gen[600].ro/ro_2.
Related violations: <none>

LUTLP-2#558 Warning
Combinatorial Loop Allowed  
3 LUT cells form a combinatorial loop. This can create a race condition. Timing analysis may not be accurate. The preferred resolution is to modify the design to remove combinatorial logic loops. This loop has been identified in the constraints as being known and understood by use of the ALLOW_COMBINATORIAL_LOOPS property on a net in the loop. The cells in the loop are: heat_gen[0].heat_inst/ro_gen[601].ro/ro_0,
heat_gen[0].heat_inst/ro_gen[601].ro/ro_1
heat_gen[0].heat_inst/ro_gen[601].ro/ro_2.
Related violations: <none>

LUTLP-2#559 Warning
Combinatorial Loop Allowed  
3 LUT cells form a combinatorial loop. This can create a race condition. Timing analysis may not be accurate. The preferred resolution is to modify the design to remove combinatorial logic loops. This loop has been identified in the constraints as being known and understood by use of the ALLOW_COMBINATORIAL_LOOPS property on a net in the loop. The cells in the loop are: heat_gen[0].heat_inst/ro_gen[602].ro/ro_0,
heat_gen[0].heat_inst/ro_gen[602].ro/ro_1
heat_gen[0].heat_inst/ro_gen[602].ro/ro_2.
Related violations: <none>

LUTLP-2#560 Warning
Combinatorial Loop Allowed  
3 LUT cells form a combinatorial loop. This can create a race condition. Timing analysis may not be accurate. The preferred resolution is to modify the design to remove combinatorial logic loops. This loop has been identified in the constraints as being known and understood by use of the ALLOW_COMBINATORIAL_LOOPS property on a net in the loop. The cells in the loop are: heat_gen[0].heat_inst/ro_gen[603].ro/ro_0,
heat_gen[0].heat_inst/ro_gen[603].ro/ro_1
heat_gen[0].heat_inst/ro_gen[603].ro/ro_2.
Related violations: <none>

LUTLP-2#561 Warning
Combinatorial Loop Allowed  
3 LUT cells form a combinatorial loop. This can create a race condition. Timing analysis may not be accurate. The preferred resolution is to modify the design to remove combinatorial logic loops. This loop has been identified in the constraints as being known and understood by use of the ALLOW_COMBINATORIAL_LOOPS property on a net in the loop. The cells in the loop are: heat_gen[0].heat_inst/ro_gen[604].ro/ro_0,
heat_gen[0].heat_inst/ro_gen[604].ro/ro_1
heat_gen[0].heat_inst/ro_gen[604].ro/ro_2.
Related violations: <none>

LUTLP-2#562 Warning
Combinatorial Loop Allowed  
3 LUT cells form a combinatorial loop. This can create a race condition. Timing analysis may not be accurate. The preferred resolution is to modify the design to remove combinatorial logic loops. This loop has been identified in the constraints as being known and understood by use of the ALLOW_COMBINATORIAL_LOOPS property on a net in the loop. The cells in the loop are: heat_gen[0].heat_inst/ro_gen[605].ro/ro_0,
heat_gen[0].heat_inst/ro_gen[605].ro/ro_1
heat_gen[0].heat_inst/ro_gen[605].ro/ro_2.
Related violations: <none>

LUTLP-2#563 Warning
Combinatorial Loop Allowed  
3 LUT cells form a combinatorial loop. This can create a race condition. Timing analysis may not be accurate. The preferred resolution is to modify the design to remove combinatorial logic loops. This loop has been identified in the constraints as being known and understood by use of the ALLOW_COMBINATORIAL_LOOPS property on a net in the loop. The cells in the loop are: heat_gen[0].heat_inst/ro_gen[606].ro/ro_0,
heat_gen[0].heat_inst/ro_gen[606].ro/ro_1
heat_gen[0].heat_inst/ro_gen[606].ro/ro_2.
Related violations: <none>

LUTLP-2#564 Warning
Combinatorial Loop Allowed  
3 LUT cells form a combinatorial loop. This can create a race condition. Timing analysis may not be accurate. The preferred resolution is to modify the design to remove combinatorial logic loops. This loop has been identified in the constraints as being known and understood by use of the ALLOW_COMBINATORIAL_LOOPS property on a net in the loop. The cells in the loop are: heat_gen[0].heat_inst/ro_gen[607].ro/ro_0,
heat_gen[0].heat_inst/ro_gen[607].ro/ro_1
heat_gen[0].heat_inst/ro_gen[607].ro/ro_2.
Related violations: <none>

LUTLP-2#565 Warning
Combinatorial Loop Allowed  
3 LUT cells form a combinatorial loop. This can create a race condition. Timing analysis may not be accurate. The preferred resolution is to modify the design to remove combinatorial logic loops. This loop has been identified in the constraints as being known and understood by use of the ALLOW_COMBINATORIAL_LOOPS property on a net in the loop. The cells in the loop are: heat_gen[0].heat_inst/ro_gen[608].ro/ro_0,
heat_gen[0].heat_inst/ro_gen[608].ro/ro_1
heat_gen[0].heat_inst/ro_gen[608].ro/ro_2.
Related violations: <none>

LUTLP-2#566 Warning
Combinatorial Loop Allowed  
3 LUT cells form a combinatorial loop. This can create a race condition. Timing analysis may not be accurate. The preferred resolution is to modify the design to remove combinatorial logic loops. This loop has been identified in the constraints as being known and understood by use of the ALLOW_COMBINATORIAL_LOOPS property on a net in the loop. The cells in the loop are: heat_gen[0].heat_inst/ro_gen[609].ro/ro_0,
heat_gen[0].heat_inst/ro_gen[609].ro/ro_1
heat_gen[0].heat_inst/ro_gen[609].ro/ro_2.
Related violations: <none>

LUTLP-2#567 Warning
Combinatorial Loop Allowed  
3 LUT cells form a combinatorial loop. This can create a race condition. Timing analysis may not be accurate. The preferred resolution is to modify the design to remove combinatorial logic loops. This loop has been identified in the constraints as being known and understood by use of the ALLOW_COMBINATORIAL_LOOPS property on a net in the loop. The cells in the loop are: heat_gen[0].heat_inst/ro_gen[60].ro/ro_0,
heat_gen[0].heat_inst/ro_gen[60].ro/ro_1
heat_gen[0].heat_inst/ro_gen[60].ro/ro_2.
Related violations: <none>

LUTLP-2#568 Warning
Combinatorial Loop Allowed  
3 LUT cells form a combinatorial loop. This can create a race condition. Timing analysis may not be accurate. The preferred resolution is to modify the design to remove combinatorial logic loops. This loop has been identified in the constraints as being known and understood by use of the ALLOW_COMBINATORIAL_LOOPS property on a net in the loop. The cells in the loop are: heat_gen[0].heat_inst/ro_gen[610].ro/ro_0,
heat_gen[0].heat_inst/ro_gen[610].ro/ro_1
heat_gen[0].heat_inst/ro_gen[610].ro/ro_2.
Related violations: <none>

LUTLP-2#569 Warning
Combinatorial Loop Allowed  
3 LUT cells form a combinatorial loop. This can create a race condition. Timing analysis may not be accurate. The preferred resolution is to modify the design to remove combinatorial logic loops. This loop has been identified in the constraints as being known and understood by use of the ALLOW_COMBINATORIAL_LOOPS property on a net in the loop. The cells in the loop are: heat_gen[0].heat_inst/ro_gen[611].ro/ro_0,
heat_gen[0].heat_inst/ro_gen[611].ro/ro_1
heat_gen[0].heat_inst/ro_gen[611].ro/ro_2.
Related violations: <none>

LUTLP-2#570 Warning
Combinatorial Loop Allowed  
3 LUT cells form a combinatorial loop. This can create a race condition. Timing analysis may not be accurate. The preferred resolution is to modify the design to remove combinatorial logic loops. This loop has been identified in the constraints as being known and understood by use of the ALLOW_COMBINATORIAL_LOOPS property on a net in the loop. The cells in the loop are: heat_gen[0].heat_inst/ro_gen[612].ro/ro_0,
heat_gen[0].heat_inst/ro_gen[612].ro/ro_1
heat_gen[0].heat_inst/ro_gen[612].ro/ro_2.
Related violations: <none>

LUTLP-2#571 Warning
Combinatorial Loop Allowed  
3 LUT cells form a combinatorial loop. This can create a race condition. Timing analysis may not be accurate. The preferred resolution is to modify the design to remove combinatorial logic loops. This loop has been identified in the constraints as being known and understood by use of the ALLOW_COMBINATORIAL_LOOPS property on a net in the loop. The cells in the loop are: heat_gen[0].heat_inst/ro_gen[613].ro/ro_0,
heat_gen[0].heat_inst/ro_gen[613].ro/ro_1
heat_gen[0].heat_inst/ro_gen[613].ro/ro_2.
Related violations: <none>

LUTLP-2#572 Warning
Combinatorial Loop Allowed  
3 LUT cells form a combinatorial loop. This can create a race condition. Timing analysis may not be accurate. The preferred resolution is to modify the design to remove combinatorial logic loops. This loop has been identified in the constraints as being known and understood by use of the ALLOW_COMBINATORIAL_LOOPS property on a net in the loop. The cells in the loop are: heat_gen[0].heat_inst/ro_gen[614].ro/ro_0,
heat_gen[0].heat_inst/ro_gen[614].ro/ro_1
heat_gen[0].heat_inst/ro_gen[614].ro/ro_2.
Related violations: <none>

LUTLP-2#573 Warning
Combinatorial Loop Allowed  
3 LUT cells form a combinatorial loop. This can create a race condition. Timing analysis may not be accurate. The preferred resolution is to modify the design to remove combinatorial logic loops. This loop has been identified in the constraints as being known and understood by use of the ALLOW_COMBINATORIAL_LOOPS property on a net in the loop. The cells in the loop are: heat_gen[0].heat_inst/ro_gen[615].ro/ro_0,
heat_gen[0].heat_inst/ro_gen[615].ro/ro_1
heat_gen[0].heat_inst/ro_gen[615].ro/ro_2.
Related violations: <none>

LUTLP-2#574 Warning
Combinatorial Loop Allowed  
3 LUT cells form a combinatorial loop. This can create a race condition. Timing analysis may not be accurate. The preferred resolution is to modify the design to remove combinatorial logic loops. This loop has been identified in the constraints as being known and understood by use of the ALLOW_COMBINATORIAL_LOOPS property on a net in the loop. The cells in the loop are: heat_gen[0].heat_inst/ro_gen[616].ro/ro_0,
heat_gen[0].heat_inst/ro_gen[616].ro/ro_1
heat_gen[0].heat_inst/ro_gen[616].ro/ro_2.
Related violations: <none>

LUTLP-2#575 Warning
Combinatorial Loop Allowed  
3 LUT cells form a combinatorial loop. This can create a race condition. Timing analysis may not be accurate. The preferred resolution is to modify the design to remove combinatorial logic loops. This loop has been identified in the constraints as being known and understood by use of the ALLOW_COMBINATORIAL_LOOPS property on a net in the loop. The cells in the loop are: heat_gen[0].heat_inst/ro_gen[617].ro/ro_0,
heat_gen[0].heat_inst/ro_gen[617].ro/ro_1
heat_gen[0].heat_inst/ro_gen[617].ro/ro_2.
Related violations: <none>

LUTLP-2#576 Warning
Combinatorial Loop Allowed  
3 LUT cells form a combinatorial loop. This can create a race condition. Timing analysis may not be accurate. The preferred resolution is to modify the design to remove combinatorial logic loops. This loop has been identified in the constraints as being known and understood by use of the ALLOW_COMBINATORIAL_LOOPS property on a net in the loop. The cells in the loop are: heat_gen[0].heat_inst/ro_gen[618].ro/ro_0,
heat_gen[0].heat_inst/ro_gen[618].ro/ro_1
heat_gen[0].heat_inst/ro_gen[618].ro/ro_2.
Related violations: <none>

LUTLP-2#577 Warning
Combinatorial Loop Allowed  
3 LUT cells form a combinatorial loop. This can create a race condition. Timing analysis may not be accurate. The preferred resolution is to modify the design to remove combinatorial logic loops. This loop has been identified in the constraints as being known and understood by use of the ALLOW_COMBINATORIAL_LOOPS property on a net in the loop. The cells in the loop are: heat_gen[0].heat_inst/ro_gen[619].ro/ro_0,
heat_gen[0].heat_inst/ro_gen[619].ro/ro_1
heat_gen[0].heat_inst/ro_gen[619].ro/ro_2.
Related violations: <none>

LUTLP-2#578 Warning
Combinatorial Loop Allowed  
3 LUT cells form a combinatorial loop. This can create a race condition. Timing analysis may not be accurate. The preferred resolution is to modify the design to remove combinatorial logic loops. This loop has been identified in the constraints as being known and understood by use of the ALLOW_COMBINATORIAL_LOOPS property on a net in the loop. The cells in the loop are: heat_gen[0].heat_inst/ro_gen[61].ro/ro_0,
heat_gen[0].heat_inst/ro_gen[61].ro/ro_1
heat_gen[0].heat_inst/ro_gen[61].ro/ro_2.
Related violations: <none>

LUTLP-2#579 Warning
Combinatorial Loop Allowed  
3 LUT cells form a combinatorial loop. This can create a race condition. Timing analysis may not be accurate. The preferred resolution is to modify the design to remove combinatorial logic loops. This loop has been identified in the constraints as being known and understood by use of the ALLOW_COMBINATORIAL_LOOPS property on a net in the loop. The cells in the loop are: heat_gen[0].heat_inst/ro_gen[620].ro/ro_0,
heat_gen[0].heat_inst/ro_gen[620].ro/ro_1
heat_gen[0].heat_inst/ro_gen[620].ro/ro_2.
Related violations: <none>

LUTLP-2#580 Warning
Combinatorial Loop Allowed  
3 LUT cells form a combinatorial loop. This can create a race condition. Timing analysis may not be accurate. The preferred resolution is to modify the design to remove combinatorial logic loops. This loop has been identified in the constraints as being known and understood by use of the ALLOW_COMBINATORIAL_LOOPS property on a net in the loop. The cells in the loop are: heat_gen[0].heat_inst/ro_gen[621].ro/ro_0,
heat_gen[0].heat_inst/ro_gen[621].ro/ro_1
heat_gen[0].heat_inst/ro_gen[621].ro/ro_2.
Related violations: <none>

LUTLP-2#581 Warning
Combinatorial Loop Allowed  
3 LUT cells form a combinatorial loop. This can create a race condition. Timing analysis may not be accurate. The preferred resolution is to modify the design to remove combinatorial logic loops. This loop has been identified in the constraints as being known and understood by use of the ALLOW_COMBINATORIAL_LOOPS property on a net in the loop. The cells in the loop are: heat_gen[0].heat_inst/ro_gen[622].ro/ro_0,
heat_gen[0].heat_inst/ro_gen[622].ro/ro_1
heat_gen[0].heat_inst/ro_gen[622].ro/ro_2.
Related violations: <none>

LUTLP-2#582 Warning
Combinatorial Loop Allowed  
3 LUT cells form a combinatorial loop. This can create a race condition. Timing analysis may not be accurate. The preferred resolution is to modify the design to remove combinatorial logic loops. This loop has been identified in the constraints as being known and understood by use of the ALLOW_COMBINATORIAL_LOOPS property on a net in the loop. The cells in the loop are: heat_gen[0].heat_inst/ro_gen[623].ro/ro_0,
heat_gen[0].heat_inst/ro_gen[623].ro/ro_1
heat_gen[0].heat_inst/ro_gen[623].ro/ro_2.
Related violations: <none>

LUTLP-2#583 Warning
Combinatorial Loop Allowed  
3 LUT cells form a combinatorial loop. This can create a race condition. Timing analysis may not be accurate. The preferred resolution is to modify the design to remove combinatorial logic loops. This loop has been identified in the constraints as being known and understood by use of the ALLOW_COMBINATORIAL_LOOPS property on a net in the loop. The cells in the loop are: heat_gen[0].heat_inst/ro_gen[624].ro/ro_0,
heat_gen[0].heat_inst/ro_gen[624].ro/ro_1
heat_gen[0].heat_inst/ro_gen[624].ro/ro_2.
Related violations: <none>

LUTLP-2#584 Warning
Combinatorial Loop Allowed  
3 LUT cells form a combinatorial loop. This can create a race condition. Timing analysis may not be accurate. The preferred resolution is to modify the design to remove combinatorial logic loops. This loop has been identified in the constraints as being known and understood by use of the ALLOW_COMBINATORIAL_LOOPS property on a net in the loop. The cells in the loop are: heat_gen[0].heat_inst/ro_gen[625].ro/ro_0,
heat_gen[0].heat_inst/ro_gen[625].ro/ro_1
heat_gen[0].heat_inst/ro_gen[625].ro/ro_2.
Related violations: <none>

LUTLP-2#585 Warning
Combinatorial Loop Allowed  
3 LUT cells form a combinatorial loop. This can create a race condition. Timing analysis may not be accurate. The preferred resolution is to modify the design to remove combinatorial logic loops. This loop has been identified in the constraints as being known and understood by use of the ALLOW_COMBINATORIAL_LOOPS property on a net in the loop. The cells in the loop are: heat_gen[0].heat_inst/ro_gen[626].ro/ro_0,
heat_gen[0].heat_inst/ro_gen[626].ro/ro_1
heat_gen[0].heat_inst/ro_gen[626].ro/ro_2.
Related violations: <none>

LUTLP-2#586 Warning
Combinatorial Loop Allowed  
3 LUT cells form a combinatorial loop. This can create a race condition. Timing analysis may not be accurate. The preferred resolution is to modify the design to remove combinatorial logic loops. This loop has been identified in the constraints as being known and understood by use of the ALLOW_COMBINATORIAL_LOOPS property on a net in the loop. The cells in the loop are: heat_gen[0].heat_inst/ro_gen[627].ro/ro_0,
heat_gen[0].heat_inst/ro_gen[627].ro/ro_1
heat_gen[0].heat_inst/ro_gen[627].ro/ro_2.
Related violations: <none>

LUTLP-2#587 Warning
Combinatorial Loop Allowed  
3 LUT cells form a combinatorial loop. This can create a race condition. Timing analysis may not be accurate. The preferred resolution is to modify the design to remove combinatorial logic loops. This loop has been identified in the constraints as being known and understood by use of the ALLOW_COMBINATORIAL_LOOPS property on a net in the loop. The cells in the loop are: heat_gen[0].heat_inst/ro_gen[628].ro/ro_0,
heat_gen[0].heat_inst/ro_gen[628].ro/ro_1
heat_gen[0].heat_inst/ro_gen[628].ro/ro_2.
Related violations: <none>

LUTLP-2#588 Warning
Combinatorial Loop Allowed  
3 LUT cells form a combinatorial loop. This can create a race condition. Timing analysis may not be accurate. The preferred resolution is to modify the design to remove combinatorial logic loops. This loop has been identified in the constraints as being known and understood by use of the ALLOW_COMBINATORIAL_LOOPS property on a net in the loop. The cells in the loop are: heat_gen[0].heat_inst/ro_gen[629].ro/ro_0,
heat_gen[0].heat_inst/ro_gen[629].ro/ro_1
heat_gen[0].heat_inst/ro_gen[629].ro/ro_2.
Related violations: <none>

LUTLP-2#589 Warning
Combinatorial Loop Allowed  
3 LUT cells form a combinatorial loop. This can create a race condition. Timing analysis may not be accurate. The preferred resolution is to modify the design to remove combinatorial logic loops. This loop has been identified in the constraints as being known and understood by use of the ALLOW_COMBINATORIAL_LOOPS property on a net in the loop. The cells in the loop are: heat_gen[0].heat_inst/ro_gen[62].ro/ro_0,
heat_gen[0].heat_inst/ro_gen[62].ro/ro_1
heat_gen[0].heat_inst/ro_gen[62].ro/ro_2.
Related violations: <none>

LUTLP-2#590 Warning
Combinatorial Loop Allowed  
3 LUT cells form a combinatorial loop. This can create a race condition. Timing analysis may not be accurate. The preferred resolution is to modify the design to remove combinatorial logic loops. This loop has been identified in the constraints as being known and understood by use of the ALLOW_COMBINATORIAL_LOOPS property on a net in the loop. The cells in the loop are: heat_gen[0].heat_inst/ro_gen[630].ro/ro_0,
heat_gen[0].heat_inst/ro_gen[630].ro/ro_1
heat_gen[0].heat_inst/ro_gen[630].ro/ro_2.
Related violations: <none>

LUTLP-2#591 Warning
Combinatorial Loop Allowed  
3 LUT cells form a combinatorial loop. This can create a race condition. Timing analysis may not be accurate. The preferred resolution is to modify the design to remove combinatorial logic loops. This loop has been identified in the constraints as being known and understood by use of the ALLOW_COMBINATORIAL_LOOPS property on a net in the loop. The cells in the loop are: heat_gen[0].heat_inst/ro_gen[631].ro/ro_0,
heat_gen[0].heat_inst/ro_gen[631].ro/ro_1
heat_gen[0].heat_inst/ro_gen[631].ro/ro_2.
Related violations: <none>

LUTLP-2#592 Warning
Combinatorial Loop Allowed  
3 LUT cells form a combinatorial loop. This can create a race condition. Timing analysis may not be accurate. The preferred resolution is to modify the design to remove combinatorial logic loops. This loop has been identified in the constraints as being known and understood by use of the ALLOW_COMBINATORIAL_LOOPS property on a net in the loop. The cells in the loop are: heat_gen[0].heat_inst/ro_gen[632].ro/ro_0,
heat_gen[0].heat_inst/ro_gen[632].ro/ro_1
heat_gen[0].heat_inst/ro_gen[632].ro/ro_2.
Related violations: <none>

LUTLP-2#593 Warning
Combinatorial Loop Allowed  
3 LUT cells form a combinatorial loop. This can create a race condition. Timing analysis may not be accurate. The preferred resolution is to modify the design to remove combinatorial logic loops. This loop has been identified in the constraints as being known and understood by use of the ALLOW_COMBINATORIAL_LOOPS property on a net in the loop. The cells in the loop are: heat_gen[0].heat_inst/ro_gen[633].ro/ro_0,
heat_gen[0].heat_inst/ro_gen[633].ro/ro_1
heat_gen[0].heat_inst/ro_gen[633].ro/ro_2.
Related violations: <none>

LUTLP-2#594 Warning
Combinatorial Loop Allowed  
3 LUT cells form a combinatorial loop. This can create a race condition. Timing analysis may not be accurate. The preferred resolution is to modify the design to remove combinatorial logic loops. This loop has been identified in the constraints as being known and understood by use of the ALLOW_COMBINATORIAL_LOOPS property on a net in the loop. The cells in the loop are: heat_gen[0].heat_inst/ro_gen[634].ro/ro_0,
heat_gen[0].heat_inst/ro_gen[634].ro/ro_1
heat_gen[0].heat_inst/ro_gen[634].ro/ro_2.
Related violations: <none>

LUTLP-2#595 Warning
Combinatorial Loop Allowed  
3 LUT cells form a combinatorial loop. This can create a race condition. Timing analysis may not be accurate. The preferred resolution is to modify the design to remove combinatorial logic loops. This loop has been identified in the constraints as being known and understood by use of the ALLOW_COMBINATORIAL_LOOPS property on a net in the loop. The cells in the loop are: heat_gen[0].heat_inst/ro_gen[635].ro/ro_0,
heat_gen[0].heat_inst/ro_gen[635].ro/ro_1
heat_gen[0].heat_inst/ro_gen[635].ro/ro_2.
Related violations: <none>

LUTLP-2#596 Warning
Combinatorial Loop Allowed  
3 LUT cells form a combinatorial loop. This can create a race condition. Timing analysis may not be accurate. The preferred resolution is to modify the design to remove combinatorial logic loops. This loop has been identified in the constraints as being known and understood by use of the ALLOW_COMBINATORIAL_LOOPS property on a net in the loop. The cells in the loop are: heat_gen[0].heat_inst/ro_gen[636].ro/ro_0,
heat_gen[0].heat_inst/ro_gen[636].ro/ro_1
heat_gen[0].heat_inst/ro_gen[636].ro/ro_2.
Related violations: <none>

LUTLP-2#597 Warning
Combinatorial Loop Allowed  
3 LUT cells form a combinatorial loop. This can create a race condition. Timing analysis may not be accurate. The preferred resolution is to modify the design to remove combinatorial logic loops. This loop has been identified in the constraints as being known and understood by use of the ALLOW_COMBINATORIAL_LOOPS property on a net in the loop. The cells in the loop are: heat_gen[0].heat_inst/ro_gen[637].ro/ro_0,
heat_gen[0].heat_inst/ro_gen[637].ro/ro_1
heat_gen[0].heat_inst/ro_gen[637].ro/ro_2.
Related violations: <none>

LUTLP-2#598 Warning
Combinatorial Loop Allowed  
3 LUT cells form a combinatorial loop. This can create a race condition. Timing analysis may not be accurate. The preferred resolution is to modify the design to remove combinatorial logic loops. This loop has been identified in the constraints as being known and understood by use of the ALLOW_COMBINATORIAL_LOOPS property on a net in the loop. The cells in the loop are: heat_gen[0].heat_inst/ro_gen[638].ro/ro_0,
heat_gen[0].heat_inst/ro_gen[638].ro/ro_1
heat_gen[0].heat_inst/ro_gen[638].ro/ro_2.
Related violations: <none>

LUTLP-2#599 Warning
Combinatorial Loop Allowed  
3 LUT cells form a combinatorial loop. This can create a race condition. Timing analysis may not be accurate. The preferred resolution is to modify the design to remove combinatorial logic loops. This loop has been identified in the constraints as being known and understood by use of the ALLOW_COMBINATORIAL_LOOPS property on a net in the loop. The cells in the loop are: heat_gen[0].heat_inst/ro_gen[639].ro/ro_0,
heat_gen[0].heat_inst/ro_gen[639].ro/ro_1
heat_gen[0].heat_inst/ro_gen[639].ro/ro_2.
Related violations: <none>

LUTLP-2#600 Warning
Combinatorial Loop Allowed  
3 LUT cells form a combinatorial loop. This can create a race condition. Timing analysis may not be accurate. The preferred resolution is to modify the design to remove combinatorial logic loops. This loop has been identified in the constraints as being known and understood by use of the ALLOW_COMBINATORIAL_LOOPS property on a net in the loop. The cells in the loop are: heat_gen[0].heat_inst/ro_gen[63].ro/ro_0,
heat_gen[0].heat_inst/ro_gen[63].ro/ro_1
heat_gen[0].heat_inst/ro_gen[63].ro/ro_2.
Related violations: <none>

LUTLP-2#601 Warning
Combinatorial Loop Allowed  
3 LUT cells form a combinatorial loop. This can create a race condition. Timing analysis may not be accurate. The preferred resolution is to modify the design to remove combinatorial logic loops. This loop has been identified in the constraints as being known and understood by use of the ALLOW_COMBINATORIAL_LOOPS property on a net in the loop. The cells in the loop are: heat_gen[0].heat_inst/ro_gen[640].ro/ro_0,
heat_gen[0].heat_inst/ro_gen[640].ro/ro_1
heat_gen[0].heat_inst/ro_gen[640].ro/ro_2.
Related violations: <none>

LUTLP-2#602 Warning
Combinatorial Loop Allowed  
3 LUT cells form a combinatorial loop. This can create a race condition. Timing analysis may not be accurate. The preferred resolution is to modify the design to remove combinatorial logic loops. This loop has been identified in the constraints as being known and understood by use of the ALLOW_COMBINATORIAL_LOOPS property on a net in the loop. The cells in the loop are: heat_gen[0].heat_inst/ro_gen[641].ro/ro_0,
heat_gen[0].heat_inst/ro_gen[641].ro/ro_1
heat_gen[0].heat_inst/ro_gen[641].ro/ro_2.
Related violations: <none>

LUTLP-2#603 Warning
Combinatorial Loop Allowed  
3 LUT cells form a combinatorial loop. This can create a race condition. Timing analysis may not be accurate. The preferred resolution is to modify the design to remove combinatorial logic loops. This loop has been identified in the constraints as being known and understood by use of the ALLOW_COMBINATORIAL_LOOPS property on a net in the loop. The cells in the loop are: heat_gen[0].heat_inst/ro_gen[642].ro/ro_0,
heat_gen[0].heat_inst/ro_gen[642].ro/ro_1
heat_gen[0].heat_inst/ro_gen[642].ro/ro_2.
Related violations: <none>

LUTLP-2#604 Warning
Combinatorial Loop Allowed  
3 LUT cells form a combinatorial loop. This can create a race condition. Timing analysis may not be accurate. The preferred resolution is to modify the design to remove combinatorial logic loops. This loop has been identified in the constraints as being known and understood by use of the ALLOW_COMBINATORIAL_LOOPS property on a net in the loop. The cells in the loop are: heat_gen[0].heat_inst/ro_gen[643].ro/ro_0,
heat_gen[0].heat_inst/ro_gen[643].ro/ro_1
heat_gen[0].heat_inst/ro_gen[643].ro/ro_2.
Related violations: <none>

LUTLP-2#605 Warning
Combinatorial Loop Allowed  
3 LUT cells form a combinatorial loop. This can create a race condition. Timing analysis may not be accurate. The preferred resolution is to modify the design to remove combinatorial logic loops. This loop has been identified in the constraints as being known and understood by use of the ALLOW_COMBINATORIAL_LOOPS property on a net in the loop. The cells in the loop are: heat_gen[0].heat_inst/ro_gen[644].ro/ro_0,
heat_gen[0].heat_inst/ro_gen[644].ro/ro_1
heat_gen[0].heat_inst/ro_gen[644].ro/ro_2.
Related violations: <none>

LUTLP-2#606 Warning
Combinatorial Loop Allowed  
3 LUT cells form a combinatorial loop. This can create a race condition. Timing analysis may not be accurate. The preferred resolution is to modify the design to remove combinatorial logic loops. This loop has been identified in the constraints as being known and understood by use of the ALLOW_COMBINATORIAL_LOOPS property on a net in the loop. The cells in the loop are: heat_gen[0].heat_inst/ro_gen[645].ro/ro_0,
heat_gen[0].heat_inst/ro_gen[645].ro/ro_1
heat_gen[0].heat_inst/ro_gen[645].ro/ro_2.
Related violations: <none>

LUTLP-2#607 Warning
Combinatorial Loop Allowed  
3 LUT cells form a combinatorial loop. This can create a race condition. Timing analysis may not be accurate. The preferred resolution is to modify the design to remove combinatorial logic loops. This loop has been identified in the constraints as being known and understood by use of the ALLOW_COMBINATORIAL_LOOPS property on a net in the loop. The cells in the loop are: heat_gen[0].heat_inst/ro_gen[646].ro/ro_0,
heat_gen[0].heat_inst/ro_gen[646].ro/ro_1
heat_gen[0].heat_inst/ro_gen[646].ro/ro_2.
Related violations: <none>

LUTLP-2#608 Warning
Combinatorial Loop Allowed  
3 LUT cells form a combinatorial loop. This can create a race condition. Timing analysis may not be accurate. The preferred resolution is to modify the design to remove combinatorial logic loops. This loop has been identified in the constraints as being known and understood by use of the ALLOW_COMBINATORIAL_LOOPS property on a net in the loop. The cells in the loop are: heat_gen[0].heat_inst/ro_gen[647].ro/ro_0,
heat_gen[0].heat_inst/ro_gen[647].ro/ro_1
heat_gen[0].heat_inst/ro_gen[647].ro/ro_2.
Related violations: <none>

LUTLP-2#609 Warning
Combinatorial Loop Allowed  
3 LUT cells form a combinatorial loop. This can create a race condition. Timing analysis may not be accurate. The preferred resolution is to modify the design to remove combinatorial logic loops. This loop has been identified in the constraints as being known and understood by use of the ALLOW_COMBINATORIAL_LOOPS property on a net in the loop. The cells in the loop are: heat_gen[0].heat_inst/ro_gen[648].ro/ro_0,
heat_gen[0].heat_inst/ro_gen[648].ro/ro_1
heat_gen[0].heat_inst/ro_gen[648].ro/ro_2.
Related violations: <none>

LUTLP-2#610 Warning
Combinatorial Loop Allowed  
3 LUT cells form a combinatorial loop. This can create a race condition. Timing analysis may not be accurate. The preferred resolution is to modify the design to remove combinatorial logic loops. This loop has been identified in the constraints as being known and understood by use of the ALLOW_COMBINATORIAL_LOOPS property on a net in the loop. The cells in the loop are: heat_gen[0].heat_inst/ro_gen[649].ro/ro_0,
heat_gen[0].heat_inst/ro_gen[649].ro/ro_1
heat_gen[0].heat_inst/ro_gen[649].ro/ro_2.
Related violations: <none>

LUTLP-2#611 Warning
Combinatorial Loop Allowed  
3 LUT cells form a combinatorial loop. This can create a race condition. Timing analysis may not be accurate. The preferred resolution is to modify the design to remove combinatorial logic loops. This loop has been identified in the constraints as being known and understood by use of the ALLOW_COMBINATORIAL_LOOPS property on a net in the loop. The cells in the loop are: heat_gen[0].heat_inst/ro_gen[64].ro/ro_0,
heat_gen[0].heat_inst/ro_gen[64].ro/ro_1
heat_gen[0].heat_inst/ro_gen[64].ro/ro_2.
Related violations: <none>

LUTLP-2#612 Warning
Combinatorial Loop Allowed  
3 LUT cells form a combinatorial loop. This can create a race condition. Timing analysis may not be accurate. The preferred resolution is to modify the design to remove combinatorial logic loops. This loop has been identified in the constraints as being known and understood by use of the ALLOW_COMBINATORIAL_LOOPS property on a net in the loop. The cells in the loop are: heat_gen[0].heat_inst/ro_gen[650].ro/ro_0,
heat_gen[0].heat_inst/ro_gen[650].ro/ro_1
heat_gen[0].heat_inst/ro_gen[650].ro/ro_2.
Related violations: <none>

LUTLP-2#613 Warning
Combinatorial Loop Allowed  
3 LUT cells form a combinatorial loop. This can create a race condition. Timing analysis may not be accurate. The preferred resolution is to modify the design to remove combinatorial logic loops. This loop has been identified in the constraints as being known and understood by use of the ALLOW_COMBINATORIAL_LOOPS property on a net in the loop. The cells in the loop are: heat_gen[0].heat_inst/ro_gen[651].ro/ro_0,
heat_gen[0].heat_inst/ro_gen[651].ro/ro_1
heat_gen[0].heat_inst/ro_gen[651].ro/ro_2.
Related violations: <none>

LUTLP-2#614 Warning
Combinatorial Loop Allowed  
3 LUT cells form a combinatorial loop. This can create a race condition. Timing analysis may not be accurate. The preferred resolution is to modify the design to remove combinatorial logic loops. This loop has been identified in the constraints as being known and understood by use of the ALLOW_COMBINATORIAL_LOOPS property on a net in the loop. The cells in the loop are: heat_gen[0].heat_inst/ro_gen[652].ro/ro_0,
heat_gen[0].heat_inst/ro_gen[652].ro/ro_1
heat_gen[0].heat_inst/ro_gen[652].ro/ro_2.
Related violations: <none>

LUTLP-2#615 Warning
Combinatorial Loop Allowed  
3 LUT cells form a combinatorial loop. This can create a race condition. Timing analysis may not be accurate. The preferred resolution is to modify the design to remove combinatorial logic loops. This loop has been identified in the constraints as being known and understood by use of the ALLOW_COMBINATORIAL_LOOPS property on a net in the loop. The cells in the loop are: heat_gen[0].heat_inst/ro_gen[653].ro/ro_0,
heat_gen[0].heat_inst/ro_gen[653].ro/ro_1
heat_gen[0].heat_inst/ro_gen[653].ro/ro_2.
Related violations: <none>

LUTLP-2#616 Warning
Combinatorial Loop Allowed  
3 LUT cells form a combinatorial loop. This can create a race condition. Timing analysis may not be accurate. The preferred resolution is to modify the design to remove combinatorial logic loops. This loop has been identified in the constraints as being known and understood by use of the ALLOW_COMBINATORIAL_LOOPS property on a net in the loop. The cells in the loop are: heat_gen[0].heat_inst/ro_gen[654].ro/ro_0,
heat_gen[0].heat_inst/ro_gen[654].ro/ro_1
heat_gen[0].heat_inst/ro_gen[654].ro/ro_2.
Related violations: <none>

LUTLP-2#617 Warning
Combinatorial Loop Allowed  
3 LUT cells form a combinatorial loop. This can create a race condition. Timing analysis may not be accurate. The preferred resolution is to modify the design to remove combinatorial logic loops. This loop has been identified in the constraints as being known and understood by use of the ALLOW_COMBINATORIAL_LOOPS property on a net in the loop. The cells in the loop are: heat_gen[0].heat_inst/ro_gen[655].ro/ro_0,
heat_gen[0].heat_inst/ro_gen[655].ro/ro_1
heat_gen[0].heat_inst/ro_gen[655].ro/ro_2.
Related violations: <none>

LUTLP-2#618 Warning
Combinatorial Loop Allowed  
3 LUT cells form a combinatorial loop. This can create a race condition. Timing analysis may not be accurate. The preferred resolution is to modify the design to remove combinatorial logic loops. This loop has been identified in the constraints as being known and understood by use of the ALLOW_COMBINATORIAL_LOOPS property on a net in the loop. The cells in the loop are: heat_gen[0].heat_inst/ro_gen[656].ro/ro_0,
heat_gen[0].heat_inst/ro_gen[656].ro/ro_1
heat_gen[0].heat_inst/ro_gen[656].ro/ro_2.
Related violations: <none>

LUTLP-2#619 Warning
Combinatorial Loop Allowed  
3 LUT cells form a combinatorial loop. This can create a race condition. Timing analysis may not be accurate. The preferred resolution is to modify the design to remove combinatorial logic loops. This loop has been identified in the constraints as being known and understood by use of the ALLOW_COMBINATORIAL_LOOPS property on a net in the loop. The cells in the loop are: heat_gen[0].heat_inst/ro_gen[657].ro/ro_0,
heat_gen[0].heat_inst/ro_gen[657].ro/ro_1
heat_gen[0].heat_inst/ro_gen[657].ro/ro_2.
Related violations: <none>

LUTLP-2#620 Warning
Combinatorial Loop Allowed  
3 LUT cells form a combinatorial loop. This can create a race condition. Timing analysis may not be accurate. The preferred resolution is to modify the design to remove combinatorial logic loops. This loop has been identified in the constraints as being known and understood by use of the ALLOW_COMBINATORIAL_LOOPS property on a net in the loop. The cells in the loop are: heat_gen[0].heat_inst/ro_gen[658].ro/ro_0,
heat_gen[0].heat_inst/ro_gen[658].ro/ro_1
heat_gen[0].heat_inst/ro_gen[658].ro/ro_2.
Related violations: <none>

LUTLP-2#621 Warning
Combinatorial Loop Allowed  
3 LUT cells form a combinatorial loop. This can create a race condition. Timing analysis may not be accurate. The preferred resolution is to modify the design to remove combinatorial logic loops. This loop has been identified in the constraints as being known and understood by use of the ALLOW_COMBINATORIAL_LOOPS property on a net in the loop. The cells in the loop are: heat_gen[0].heat_inst/ro_gen[659].ro/ro_0,
heat_gen[0].heat_inst/ro_gen[659].ro/ro_1
heat_gen[0].heat_inst/ro_gen[659].ro/ro_2.
Related violations: <none>

LUTLP-2#622 Warning
Combinatorial Loop Allowed  
3 LUT cells form a combinatorial loop. This can create a race condition. Timing analysis may not be accurate. The preferred resolution is to modify the design to remove combinatorial logic loops. This loop has been identified in the constraints as being known and understood by use of the ALLOW_COMBINATORIAL_LOOPS property on a net in the loop. The cells in the loop are: heat_gen[0].heat_inst/ro_gen[65].ro/ro_0,
heat_gen[0].heat_inst/ro_gen[65].ro/ro_1
heat_gen[0].heat_inst/ro_gen[65].ro/ro_2.
Related violations: <none>

LUTLP-2#623 Warning
Combinatorial Loop Allowed  
3 LUT cells form a combinatorial loop. This can create a race condition. Timing analysis may not be accurate. The preferred resolution is to modify the design to remove combinatorial logic loops. This loop has been identified in the constraints as being known and understood by use of the ALLOW_COMBINATORIAL_LOOPS property on a net in the loop. The cells in the loop are: heat_gen[0].heat_inst/ro_gen[660].ro/ro_0,
heat_gen[0].heat_inst/ro_gen[660].ro/ro_1
heat_gen[0].heat_inst/ro_gen[660].ro/ro_2.
Related violations: <none>

LUTLP-2#624 Warning
Combinatorial Loop Allowed  
3 LUT cells form a combinatorial loop. This can create a race condition. Timing analysis may not be accurate. The preferred resolution is to modify the design to remove combinatorial logic loops. This loop has been identified in the constraints as being known and understood by use of the ALLOW_COMBINATORIAL_LOOPS property on a net in the loop. The cells in the loop are: heat_gen[0].heat_inst/ro_gen[661].ro/ro_0,
heat_gen[0].heat_inst/ro_gen[661].ro/ro_1
heat_gen[0].heat_inst/ro_gen[661].ro/ro_2.
Related violations: <none>

LUTLP-2#625 Warning
Combinatorial Loop Allowed  
3 LUT cells form a combinatorial loop. This can create a race condition. Timing analysis may not be accurate. The preferred resolution is to modify the design to remove combinatorial logic loops. This loop has been identified in the constraints as being known and understood by use of the ALLOW_COMBINATORIAL_LOOPS property on a net in the loop. The cells in the loop are: heat_gen[0].heat_inst/ro_gen[662].ro/ro_0,
heat_gen[0].heat_inst/ro_gen[662].ro/ro_1
heat_gen[0].heat_inst/ro_gen[662].ro/ro_2.
Related violations: <none>

LUTLP-2#626 Warning
Combinatorial Loop Allowed  
3 LUT cells form a combinatorial loop. This can create a race condition. Timing analysis may not be accurate. The preferred resolution is to modify the design to remove combinatorial logic loops. This loop has been identified in the constraints as being known and understood by use of the ALLOW_COMBINATORIAL_LOOPS property on a net in the loop. The cells in the loop are: heat_gen[0].heat_inst/ro_gen[663].ro/ro_0,
heat_gen[0].heat_inst/ro_gen[663].ro/ro_1
heat_gen[0].heat_inst/ro_gen[663].ro/ro_2.
Related violations: <none>

LUTLP-2#627 Warning
Combinatorial Loop Allowed  
3 LUT cells form a combinatorial loop. This can create a race condition. Timing analysis may not be accurate. The preferred resolution is to modify the design to remove combinatorial logic loops. This loop has been identified in the constraints as being known and understood by use of the ALLOW_COMBINATORIAL_LOOPS property on a net in the loop. The cells in the loop are: heat_gen[0].heat_inst/ro_gen[664].ro/ro_0,
heat_gen[0].heat_inst/ro_gen[664].ro/ro_1
heat_gen[0].heat_inst/ro_gen[664].ro/ro_2.
Related violations: <none>

LUTLP-2#628 Warning
Combinatorial Loop Allowed  
3 LUT cells form a combinatorial loop. This can create a race condition. Timing analysis may not be accurate. The preferred resolution is to modify the design to remove combinatorial logic loops. This loop has been identified in the constraints as being known and understood by use of the ALLOW_COMBINATORIAL_LOOPS property on a net in the loop. The cells in the loop are: heat_gen[0].heat_inst/ro_gen[665].ro/ro_0,
heat_gen[0].heat_inst/ro_gen[665].ro/ro_1
heat_gen[0].heat_inst/ro_gen[665].ro/ro_2.
Related violations: <none>

LUTLP-2#629 Warning
Combinatorial Loop Allowed  
3 LUT cells form a combinatorial loop. This can create a race condition. Timing analysis may not be accurate. The preferred resolution is to modify the design to remove combinatorial logic loops. This loop has been identified in the constraints as being known and understood by use of the ALLOW_COMBINATORIAL_LOOPS property on a net in the loop. The cells in the loop are: heat_gen[0].heat_inst/ro_gen[666].ro/ro_0,
heat_gen[0].heat_inst/ro_gen[666].ro/ro_1
heat_gen[0].heat_inst/ro_gen[666].ro/ro_2.
Related violations: <none>

LUTLP-2#630 Warning
Combinatorial Loop Allowed  
3 LUT cells form a combinatorial loop. This can create a race condition. Timing analysis may not be accurate. The preferred resolution is to modify the design to remove combinatorial logic loops. This loop has been identified in the constraints as being known and understood by use of the ALLOW_COMBINATORIAL_LOOPS property on a net in the loop. The cells in the loop are: heat_gen[0].heat_inst/ro_gen[667].ro/ro_0,
heat_gen[0].heat_inst/ro_gen[667].ro/ro_1
heat_gen[0].heat_inst/ro_gen[667].ro/ro_2.
Related violations: <none>

LUTLP-2#631 Warning
Combinatorial Loop Allowed  
3 LUT cells form a combinatorial loop. This can create a race condition. Timing analysis may not be accurate. The preferred resolution is to modify the design to remove combinatorial logic loops. This loop has been identified in the constraints as being known and understood by use of the ALLOW_COMBINATORIAL_LOOPS property on a net in the loop. The cells in the loop are: heat_gen[0].heat_inst/ro_gen[668].ro/ro_0,
heat_gen[0].heat_inst/ro_gen[668].ro/ro_1
heat_gen[0].heat_inst/ro_gen[668].ro/ro_2.
Related violations: <none>

LUTLP-2#632 Warning
Combinatorial Loop Allowed  
3 LUT cells form a combinatorial loop. This can create a race condition. Timing analysis may not be accurate. The preferred resolution is to modify the design to remove combinatorial logic loops. This loop has been identified in the constraints as being known and understood by use of the ALLOW_COMBINATORIAL_LOOPS property on a net in the loop. The cells in the loop are: heat_gen[0].heat_inst/ro_gen[669].ro/ro_0,
heat_gen[0].heat_inst/ro_gen[669].ro/ro_1
heat_gen[0].heat_inst/ro_gen[669].ro/ro_2.
Related violations: <none>

LUTLP-2#633 Warning
Combinatorial Loop Allowed  
3 LUT cells form a combinatorial loop. This can create a race condition. Timing analysis may not be accurate. The preferred resolution is to modify the design to remove combinatorial logic loops. This loop has been identified in the constraints as being known and understood by use of the ALLOW_COMBINATORIAL_LOOPS property on a net in the loop. The cells in the loop are: heat_gen[0].heat_inst/ro_gen[66].ro/ro_0,
heat_gen[0].heat_inst/ro_gen[66].ro/ro_1
heat_gen[0].heat_inst/ro_gen[66].ro/ro_2.
Related violations: <none>

LUTLP-2#634 Warning
Combinatorial Loop Allowed  
3 LUT cells form a combinatorial loop. This can create a race condition. Timing analysis may not be accurate. The preferred resolution is to modify the design to remove combinatorial logic loops. This loop has been identified in the constraints as being known and understood by use of the ALLOW_COMBINATORIAL_LOOPS property on a net in the loop. The cells in the loop are: heat_gen[0].heat_inst/ro_gen[670].ro/ro_0,
heat_gen[0].heat_inst/ro_gen[670].ro/ro_1
heat_gen[0].heat_inst/ro_gen[670].ro/ro_2.
Related violations: <none>

LUTLP-2#635 Warning
Combinatorial Loop Allowed  
3 LUT cells form a combinatorial loop. This can create a race condition. Timing analysis may not be accurate. The preferred resolution is to modify the design to remove combinatorial logic loops. This loop has been identified in the constraints as being known and understood by use of the ALLOW_COMBINATORIAL_LOOPS property on a net in the loop. The cells in the loop are: heat_gen[0].heat_inst/ro_gen[671].ro/ro_0,
heat_gen[0].heat_inst/ro_gen[671].ro/ro_1
heat_gen[0].heat_inst/ro_gen[671].ro/ro_2.
Related violations: <none>

LUTLP-2#636 Warning
Combinatorial Loop Allowed  
3 LUT cells form a combinatorial loop. This can create a race condition. Timing analysis may not be accurate. The preferred resolution is to modify the design to remove combinatorial logic loops. This loop has been identified in the constraints as being known and understood by use of the ALLOW_COMBINATORIAL_LOOPS property on a net in the loop. The cells in the loop are: heat_gen[0].heat_inst/ro_gen[672].ro/ro_0,
heat_gen[0].heat_inst/ro_gen[672].ro/ro_1
heat_gen[0].heat_inst/ro_gen[672].ro/ro_2.
Related violations: <none>

LUTLP-2#637 Warning
Combinatorial Loop Allowed  
3 LUT cells form a combinatorial loop. This can create a race condition. Timing analysis may not be accurate. The preferred resolution is to modify the design to remove combinatorial logic loops. This loop has been identified in the constraints as being known and understood by use of the ALLOW_COMBINATORIAL_LOOPS property on a net in the loop. The cells in the loop are: heat_gen[0].heat_inst/ro_gen[673].ro/ro_0,
heat_gen[0].heat_inst/ro_gen[673].ro/ro_1
heat_gen[0].heat_inst/ro_gen[673].ro/ro_2.
Related violations: <none>

LUTLP-2#638 Warning
Combinatorial Loop Allowed  
3 LUT cells form a combinatorial loop. This can create a race condition. Timing analysis may not be accurate. The preferred resolution is to modify the design to remove combinatorial logic loops. This loop has been identified in the constraints as being known and understood by use of the ALLOW_COMBINATORIAL_LOOPS property on a net in the loop. The cells in the loop are: heat_gen[0].heat_inst/ro_gen[674].ro/ro_0,
heat_gen[0].heat_inst/ro_gen[674].ro/ro_1
heat_gen[0].heat_inst/ro_gen[674].ro/ro_2.
Related violations: <none>

LUTLP-2#639 Warning
Combinatorial Loop Allowed  
3 LUT cells form a combinatorial loop. This can create a race condition. Timing analysis may not be accurate. The preferred resolution is to modify the design to remove combinatorial logic loops. This loop has been identified in the constraints as being known and understood by use of the ALLOW_COMBINATORIAL_LOOPS property on a net in the loop. The cells in the loop are: heat_gen[0].heat_inst/ro_gen[675].ro/ro_0,
heat_gen[0].heat_inst/ro_gen[675].ro/ro_1
heat_gen[0].heat_inst/ro_gen[675].ro/ro_2.
Related violations: <none>

LUTLP-2#640 Warning
Combinatorial Loop Allowed  
3 LUT cells form a combinatorial loop. This can create a race condition. Timing analysis may not be accurate. The preferred resolution is to modify the design to remove combinatorial logic loops. This loop has been identified in the constraints as being known and understood by use of the ALLOW_COMBINATORIAL_LOOPS property on a net in the loop. The cells in the loop are: heat_gen[0].heat_inst/ro_gen[676].ro/ro_0,
heat_gen[0].heat_inst/ro_gen[676].ro/ro_1
heat_gen[0].heat_inst/ro_gen[676].ro/ro_2.
Related violations: <none>

LUTLP-2#641 Warning
Combinatorial Loop Allowed  
3 LUT cells form a combinatorial loop. This can create a race condition. Timing analysis may not be accurate. The preferred resolution is to modify the design to remove combinatorial logic loops. This loop has been identified in the constraints as being known and understood by use of the ALLOW_COMBINATORIAL_LOOPS property on a net in the loop. The cells in the loop are: heat_gen[0].heat_inst/ro_gen[677].ro/ro_0,
heat_gen[0].heat_inst/ro_gen[677].ro/ro_1
heat_gen[0].heat_inst/ro_gen[677].ro/ro_2.
Related violations: <none>

LUTLP-2#642 Warning
Combinatorial Loop Allowed  
3 LUT cells form a combinatorial loop. This can create a race condition. Timing analysis may not be accurate. The preferred resolution is to modify the design to remove combinatorial logic loops. This loop has been identified in the constraints as being known and understood by use of the ALLOW_COMBINATORIAL_LOOPS property on a net in the loop. The cells in the loop are: heat_gen[0].heat_inst/ro_gen[678].ro/ro_0,
heat_gen[0].heat_inst/ro_gen[678].ro/ro_1
heat_gen[0].heat_inst/ro_gen[678].ro/ro_2.
Related violations: <none>

LUTLP-2#643 Warning
Combinatorial Loop Allowed  
3 LUT cells form a combinatorial loop. This can create a race condition. Timing analysis may not be accurate. The preferred resolution is to modify the design to remove combinatorial logic loops. This loop has been identified in the constraints as being known and understood by use of the ALLOW_COMBINATORIAL_LOOPS property on a net in the loop. The cells in the loop are: heat_gen[0].heat_inst/ro_gen[679].ro/ro_0,
heat_gen[0].heat_inst/ro_gen[679].ro/ro_1
heat_gen[0].heat_inst/ro_gen[679].ro/ro_2.
Related violations: <none>

LUTLP-2#644 Warning
Combinatorial Loop Allowed  
3 LUT cells form a combinatorial loop. This can create a race condition. Timing analysis may not be accurate. The preferred resolution is to modify the design to remove combinatorial logic loops. This loop has been identified in the constraints as being known and understood by use of the ALLOW_COMBINATORIAL_LOOPS property on a net in the loop. The cells in the loop are: heat_gen[0].heat_inst/ro_gen[67].ro/ro_0,
heat_gen[0].heat_inst/ro_gen[67].ro/ro_1
heat_gen[0].heat_inst/ro_gen[67].ro/ro_2.
Related violations: <none>

LUTLP-2#645 Warning
Combinatorial Loop Allowed  
3 LUT cells form a combinatorial loop. This can create a race condition. Timing analysis may not be accurate. The preferred resolution is to modify the design to remove combinatorial logic loops. This loop has been identified in the constraints as being known and understood by use of the ALLOW_COMBINATORIAL_LOOPS property on a net in the loop. The cells in the loop are: heat_gen[0].heat_inst/ro_gen[680].ro/ro_0,
heat_gen[0].heat_inst/ro_gen[680].ro/ro_1
heat_gen[0].heat_inst/ro_gen[680].ro/ro_2.
Related violations: <none>

LUTLP-2#646 Warning
Combinatorial Loop Allowed  
3 LUT cells form a combinatorial loop. This can create a race condition. Timing analysis may not be accurate. The preferred resolution is to modify the design to remove combinatorial logic loops. This loop has been identified in the constraints as being known and understood by use of the ALLOW_COMBINATORIAL_LOOPS property on a net in the loop. The cells in the loop are: heat_gen[0].heat_inst/ro_gen[681].ro/ro_0,
heat_gen[0].heat_inst/ro_gen[681].ro/ro_1
heat_gen[0].heat_inst/ro_gen[681].ro/ro_2.
Related violations: <none>

LUTLP-2#647 Warning
Combinatorial Loop Allowed  
3 LUT cells form a combinatorial loop. This can create a race condition. Timing analysis may not be accurate. The preferred resolution is to modify the design to remove combinatorial logic loops. This loop has been identified in the constraints as being known and understood by use of the ALLOW_COMBINATORIAL_LOOPS property on a net in the loop. The cells in the loop are: heat_gen[0].heat_inst/ro_gen[682].ro/ro_0,
heat_gen[0].heat_inst/ro_gen[682].ro/ro_1
heat_gen[0].heat_inst/ro_gen[682].ro/ro_2.
Related violations: <none>

LUTLP-2#648 Warning
Combinatorial Loop Allowed  
3 LUT cells form a combinatorial loop. This can create a race condition. Timing analysis may not be accurate. The preferred resolution is to modify the design to remove combinatorial logic loops. This loop has been identified in the constraints as being known and understood by use of the ALLOW_COMBINATORIAL_LOOPS property on a net in the loop. The cells in the loop are: heat_gen[0].heat_inst/ro_gen[683].ro/ro_0,
heat_gen[0].heat_inst/ro_gen[683].ro/ro_1
heat_gen[0].heat_inst/ro_gen[683].ro/ro_2.
Related violations: <none>

LUTLP-2#649 Warning
Combinatorial Loop Allowed  
3 LUT cells form a combinatorial loop. This can create a race condition. Timing analysis may not be accurate. The preferred resolution is to modify the design to remove combinatorial logic loops. This loop has been identified in the constraints as being known and understood by use of the ALLOW_COMBINATORIAL_LOOPS property on a net in the loop. The cells in the loop are: heat_gen[0].heat_inst/ro_gen[684].ro/ro_0,
heat_gen[0].heat_inst/ro_gen[684].ro/ro_1
heat_gen[0].heat_inst/ro_gen[684].ro/ro_2.
Related violations: <none>

LUTLP-2#650 Warning
Combinatorial Loop Allowed  
3 LUT cells form a combinatorial loop. This can create a race condition. Timing analysis may not be accurate. The preferred resolution is to modify the design to remove combinatorial logic loops. This loop has been identified in the constraints as being known and understood by use of the ALLOW_COMBINATORIAL_LOOPS property on a net in the loop. The cells in the loop are: heat_gen[0].heat_inst/ro_gen[685].ro/ro_0,
heat_gen[0].heat_inst/ro_gen[685].ro/ro_1
heat_gen[0].heat_inst/ro_gen[685].ro/ro_2.
Related violations: <none>

LUTLP-2#651 Warning
Combinatorial Loop Allowed  
3 LUT cells form a combinatorial loop. This can create a race condition. Timing analysis may not be accurate. The preferred resolution is to modify the design to remove combinatorial logic loops. This loop has been identified in the constraints as being known and understood by use of the ALLOW_COMBINATORIAL_LOOPS property on a net in the loop. The cells in the loop are: heat_gen[0].heat_inst/ro_gen[686].ro/ro_0,
heat_gen[0].heat_inst/ro_gen[686].ro/ro_1
heat_gen[0].heat_inst/ro_gen[686].ro/ro_2.
Related violations: <none>

LUTLP-2#652 Warning
Combinatorial Loop Allowed  
3 LUT cells form a combinatorial loop. This can create a race condition. Timing analysis may not be accurate. The preferred resolution is to modify the design to remove combinatorial logic loops. This loop has been identified in the constraints as being known and understood by use of the ALLOW_COMBINATORIAL_LOOPS property on a net in the loop. The cells in the loop are: heat_gen[0].heat_inst/ro_gen[687].ro/ro_0,
heat_gen[0].heat_inst/ro_gen[687].ro/ro_1
heat_gen[0].heat_inst/ro_gen[687].ro/ro_2.
Related violations: <none>

LUTLP-2#653 Warning
Combinatorial Loop Allowed  
3 LUT cells form a combinatorial loop. This can create a race condition. Timing analysis may not be accurate. The preferred resolution is to modify the design to remove combinatorial logic loops. This loop has been identified in the constraints as being known and understood by use of the ALLOW_COMBINATORIAL_LOOPS property on a net in the loop. The cells in the loop are: heat_gen[0].heat_inst/ro_gen[688].ro/ro_0,
heat_gen[0].heat_inst/ro_gen[688].ro/ro_1
heat_gen[0].heat_inst/ro_gen[688].ro/ro_2.
Related violations: <none>

LUTLP-2#654 Warning
Combinatorial Loop Allowed  
3 LUT cells form a combinatorial loop. This can create a race condition. Timing analysis may not be accurate. The preferred resolution is to modify the design to remove combinatorial logic loops. This loop has been identified in the constraints as being known and understood by use of the ALLOW_COMBINATORIAL_LOOPS property on a net in the loop. The cells in the loop are: heat_gen[0].heat_inst/ro_gen[689].ro/ro_0,
heat_gen[0].heat_inst/ro_gen[689].ro/ro_1
heat_gen[0].heat_inst/ro_gen[689].ro/ro_2.
Related violations: <none>

LUTLP-2#655 Warning
Combinatorial Loop Allowed  
3 LUT cells form a combinatorial loop. This can create a race condition. Timing analysis may not be accurate. The preferred resolution is to modify the design to remove combinatorial logic loops. This loop has been identified in the constraints as being known and understood by use of the ALLOW_COMBINATORIAL_LOOPS property on a net in the loop. The cells in the loop are: heat_gen[0].heat_inst/ro_gen[68].ro/ro_0,
heat_gen[0].heat_inst/ro_gen[68].ro/ro_1
heat_gen[0].heat_inst/ro_gen[68].ro/ro_2.
Related violations: <none>

LUTLP-2#656 Warning
Combinatorial Loop Allowed  
3 LUT cells form a combinatorial loop. This can create a race condition. Timing analysis may not be accurate. The preferred resolution is to modify the design to remove combinatorial logic loops. This loop has been identified in the constraints as being known and understood by use of the ALLOW_COMBINATORIAL_LOOPS property on a net in the loop. The cells in the loop are: heat_gen[0].heat_inst/ro_gen[690].ro/ro_0,
heat_gen[0].heat_inst/ro_gen[690].ro/ro_1
heat_gen[0].heat_inst/ro_gen[690].ro/ro_2.
Related violations: <none>

LUTLP-2#657 Warning
Combinatorial Loop Allowed  
3 LUT cells form a combinatorial loop. This can create a race condition. Timing analysis may not be accurate. The preferred resolution is to modify the design to remove combinatorial logic loops. This loop has been identified in the constraints as being known and understood by use of the ALLOW_COMBINATORIAL_LOOPS property on a net in the loop. The cells in the loop are: heat_gen[0].heat_inst/ro_gen[691].ro/ro_0,
heat_gen[0].heat_inst/ro_gen[691].ro/ro_1
heat_gen[0].heat_inst/ro_gen[691].ro/ro_2.
Related violations: <none>

LUTLP-2#658 Warning
Combinatorial Loop Allowed  
3 LUT cells form a combinatorial loop. This can create a race condition. Timing analysis may not be accurate. The preferred resolution is to modify the design to remove combinatorial logic loops. This loop has been identified in the constraints as being known and understood by use of the ALLOW_COMBINATORIAL_LOOPS property on a net in the loop. The cells in the loop are: heat_gen[0].heat_inst/ro_gen[692].ro/ro_0,
heat_gen[0].heat_inst/ro_gen[692].ro/ro_1
heat_gen[0].heat_inst/ro_gen[692].ro/ro_2.
Related violations: <none>

LUTLP-2#659 Warning
Combinatorial Loop Allowed  
3 LUT cells form a combinatorial loop. This can create a race condition. Timing analysis may not be accurate. The preferred resolution is to modify the design to remove combinatorial logic loops. This loop has been identified in the constraints as being known and understood by use of the ALLOW_COMBINATORIAL_LOOPS property on a net in the loop. The cells in the loop are: heat_gen[0].heat_inst/ro_gen[693].ro/ro_0,
heat_gen[0].heat_inst/ro_gen[693].ro/ro_1
heat_gen[0].heat_inst/ro_gen[693].ro/ro_2.
Related violations: <none>

LUTLP-2#660 Warning
Combinatorial Loop Allowed  
3 LUT cells form a combinatorial loop. This can create a race condition. Timing analysis may not be accurate. The preferred resolution is to modify the design to remove combinatorial logic loops. This loop has been identified in the constraints as being known and understood by use of the ALLOW_COMBINATORIAL_LOOPS property on a net in the loop. The cells in the loop are: heat_gen[0].heat_inst/ro_gen[694].ro/ro_0,
heat_gen[0].heat_inst/ro_gen[694].ro/ro_1
heat_gen[0].heat_inst/ro_gen[694].ro/ro_2.
Related violations: <none>

LUTLP-2#661 Warning
Combinatorial Loop Allowed  
3 LUT cells form a combinatorial loop. This can create a race condition. Timing analysis may not be accurate. The preferred resolution is to modify the design to remove combinatorial logic loops. This loop has been identified in the constraints as being known and understood by use of the ALLOW_COMBINATORIAL_LOOPS property on a net in the loop. The cells in the loop are: heat_gen[0].heat_inst/ro_gen[695].ro/ro_0,
heat_gen[0].heat_inst/ro_gen[695].ro/ro_1
heat_gen[0].heat_inst/ro_gen[695].ro/ro_2.
Related violations: <none>

LUTLP-2#662 Warning
Combinatorial Loop Allowed  
3 LUT cells form a combinatorial loop. This can create a race condition. Timing analysis may not be accurate. The preferred resolution is to modify the design to remove combinatorial logic loops. This loop has been identified in the constraints as being known and understood by use of the ALLOW_COMBINATORIAL_LOOPS property on a net in the loop. The cells in the loop are: heat_gen[0].heat_inst/ro_gen[696].ro/ro_0,
heat_gen[0].heat_inst/ro_gen[696].ro/ro_1
heat_gen[0].heat_inst/ro_gen[696].ro/ro_2.
Related violations: <none>

LUTLP-2#663 Warning
Combinatorial Loop Allowed  
3 LUT cells form a combinatorial loop. This can create a race condition. Timing analysis may not be accurate. The preferred resolution is to modify the design to remove combinatorial logic loops. This loop has been identified in the constraints as being known and understood by use of the ALLOW_COMBINATORIAL_LOOPS property on a net in the loop. The cells in the loop are: heat_gen[0].heat_inst/ro_gen[697].ro/ro_0,
heat_gen[0].heat_inst/ro_gen[697].ro/ro_1
heat_gen[0].heat_inst/ro_gen[697].ro/ro_2.
Related violations: <none>

LUTLP-2#664 Warning
Combinatorial Loop Allowed  
3 LUT cells form a combinatorial loop. This can create a race condition. Timing analysis may not be accurate. The preferred resolution is to modify the design to remove combinatorial logic loops. This loop has been identified in the constraints as being known and understood by use of the ALLOW_COMBINATORIAL_LOOPS property on a net in the loop. The cells in the loop are: heat_gen[0].heat_inst/ro_gen[698].ro/ro_0,
heat_gen[0].heat_inst/ro_gen[698].ro/ro_1
heat_gen[0].heat_inst/ro_gen[698].ro/ro_2.
Related violations: <none>

LUTLP-2#665 Warning
Combinatorial Loop Allowed  
3 LUT cells form a combinatorial loop. This can create a race condition. Timing analysis may not be accurate. The preferred resolution is to modify the design to remove combinatorial logic loops. This loop has been identified in the constraints as being known and understood by use of the ALLOW_COMBINATORIAL_LOOPS property on a net in the loop. The cells in the loop are: heat_gen[0].heat_inst/ro_gen[699].ro/ro_0,
heat_gen[0].heat_inst/ro_gen[699].ro/ro_1
heat_gen[0].heat_inst/ro_gen[699].ro/ro_2.
Related violations: <none>

LUTLP-2#666 Warning
Combinatorial Loop Allowed  
3 LUT cells form a combinatorial loop. This can create a race condition. Timing analysis may not be accurate. The preferred resolution is to modify the design to remove combinatorial logic loops. This loop has been identified in the constraints as being known and understood by use of the ALLOW_COMBINATORIAL_LOOPS property on a net in the loop. The cells in the loop are: heat_gen[0].heat_inst/ro_gen[69].ro/ro_0,
heat_gen[0].heat_inst/ro_gen[69].ro/ro_1
heat_gen[0].heat_inst/ro_gen[69].ro/ro_2.
Related violations: <none>

LUTLP-2#667 Warning
Combinatorial Loop Allowed  
3 LUT cells form a combinatorial loop. This can create a race condition. Timing analysis may not be accurate. The preferred resolution is to modify the design to remove combinatorial logic loops. This loop has been identified in the constraints as being known and understood by use of the ALLOW_COMBINATORIAL_LOOPS property on a net in the loop. The cells in the loop are: heat_gen[0].heat_inst/ro_gen[6].ro/ro_0,
heat_gen[0].heat_inst/ro_gen[6].ro/ro_1
heat_gen[0].heat_inst/ro_gen[6].ro/ro_2.
Related violations: <none>

LUTLP-2#668 Warning
Combinatorial Loop Allowed  
3 LUT cells form a combinatorial loop. This can create a race condition. Timing analysis may not be accurate. The preferred resolution is to modify the design to remove combinatorial logic loops. This loop has been identified in the constraints as being known and understood by use of the ALLOW_COMBINATORIAL_LOOPS property on a net in the loop. The cells in the loop are: heat_gen[0].heat_inst/ro_gen[700].ro/ro_0,
heat_gen[0].heat_inst/ro_gen[700].ro/ro_1
heat_gen[0].heat_inst/ro_gen[700].ro/ro_2.
Related violations: <none>

LUTLP-2#669 Warning
Combinatorial Loop Allowed  
3 LUT cells form a combinatorial loop. This can create a race condition. Timing analysis may not be accurate. The preferred resolution is to modify the design to remove combinatorial logic loops. This loop has been identified in the constraints as being known and understood by use of the ALLOW_COMBINATORIAL_LOOPS property on a net in the loop. The cells in the loop are: heat_gen[0].heat_inst/ro_gen[701].ro/ro_0,
heat_gen[0].heat_inst/ro_gen[701].ro/ro_1
heat_gen[0].heat_inst/ro_gen[701].ro/ro_2.
Related violations: <none>

LUTLP-2#670 Warning
Combinatorial Loop Allowed  
3 LUT cells form a combinatorial loop. This can create a race condition. Timing analysis may not be accurate. The preferred resolution is to modify the design to remove combinatorial logic loops. This loop has been identified in the constraints as being known and understood by use of the ALLOW_COMBINATORIAL_LOOPS property on a net in the loop. The cells in the loop are: heat_gen[0].heat_inst/ro_gen[702].ro/ro_0,
heat_gen[0].heat_inst/ro_gen[702].ro/ro_1
heat_gen[0].heat_inst/ro_gen[702].ro/ro_2.
Related violations: <none>

LUTLP-2#671 Warning
Combinatorial Loop Allowed  
3 LUT cells form a combinatorial loop. This can create a race condition. Timing analysis may not be accurate. The preferred resolution is to modify the design to remove combinatorial logic loops. This loop has been identified in the constraints as being known and understood by use of the ALLOW_COMBINATORIAL_LOOPS property on a net in the loop. The cells in the loop are: heat_gen[0].heat_inst/ro_gen[703].ro/ro_0,
heat_gen[0].heat_inst/ro_gen[703].ro/ro_1
heat_gen[0].heat_inst/ro_gen[703].ro/ro_2.
Related violations: <none>

LUTLP-2#672 Warning
Combinatorial Loop Allowed  
3 LUT cells form a combinatorial loop. This can create a race condition. Timing analysis may not be accurate. The preferred resolution is to modify the design to remove combinatorial logic loops. This loop has been identified in the constraints as being known and understood by use of the ALLOW_COMBINATORIAL_LOOPS property on a net in the loop. The cells in the loop are: heat_gen[0].heat_inst/ro_gen[704].ro/ro_0,
heat_gen[0].heat_inst/ro_gen[704].ro/ro_1
heat_gen[0].heat_inst/ro_gen[704].ro/ro_2.
Related violations: <none>

LUTLP-2#673 Warning
Combinatorial Loop Allowed  
3 LUT cells form a combinatorial loop. This can create a race condition. Timing analysis may not be accurate. The preferred resolution is to modify the design to remove combinatorial logic loops. This loop has been identified in the constraints as being known and understood by use of the ALLOW_COMBINATORIAL_LOOPS property on a net in the loop. The cells in the loop are: heat_gen[0].heat_inst/ro_gen[705].ro/ro_0,
heat_gen[0].heat_inst/ro_gen[705].ro/ro_1
heat_gen[0].heat_inst/ro_gen[705].ro/ro_2.
Related violations: <none>

LUTLP-2#674 Warning
Combinatorial Loop Allowed  
3 LUT cells form a combinatorial loop. This can create a race condition. Timing analysis may not be accurate. The preferred resolution is to modify the design to remove combinatorial logic loops. This loop has been identified in the constraints as being known and understood by use of the ALLOW_COMBINATORIAL_LOOPS property on a net in the loop. The cells in the loop are: heat_gen[0].heat_inst/ro_gen[706].ro/ro_0,
heat_gen[0].heat_inst/ro_gen[706].ro/ro_1
heat_gen[0].heat_inst/ro_gen[706].ro/ro_2.
Related violations: <none>

LUTLP-2#675 Warning
Combinatorial Loop Allowed  
3 LUT cells form a combinatorial loop. This can create a race condition. Timing analysis may not be accurate. The preferred resolution is to modify the design to remove combinatorial logic loops. This loop has been identified in the constraints as being known and understood by use of the ALLOW_COMBINATORIAL_LOOPS property on a net in the loop. The cells in the loop are: heat_gen[0].heat_inst/ro_gen[707].ro/ro_0,
heat_gen[0].heat_inst/ro_gen[707].ro/ro_1
heat_gen[0].heat_inst/ro_gen[707].ro/ro_2.
Related violations: <none>

LUTLP-2#676 Warning
Combinatorial Loop Allowed  
3 LUT cells form a combinatorial loop. This can create a race condition. Timing analysis may not be accurate. The preferred resolution is to modify the design to remove combinatorial logic loops. This loop has been identified in the constraints as being known and understood by use of the ALLOW_COMBINATORIAL_LOOPS property on a net in the loop. The cells in the loop are: heat_gen[0].heat_inst/ro_gen[708].ro/ro_0,
heat_gen[0].heat_inst/ro_gen[708].ro/ro_1
heat_gen[0].heat_inst/ro_gen[708].ro/ro_2.
Related violations: <none>

LUTLP-2#677 Warning
Combinatorial Loop Allowed  
3 LUT cells form a combinatorial loop. This can create a race condition. Timing analysis may not be accurate. The preferred resolution is to modify the design to remove combinatorial logic loops. This loop has been identified in the constraints as being known and understood by use of the ALLOW_COMBINATORIAL_LOOPS property on a net in the loop. The cells in the loop are: heat_gen[0].heat_inst/ro_gen[709].ro/ro_0,
heat_gen[0].heat_inst/ro_gen[709].ro/ro_1
heat_gen[0].heat_inst/ro_gen[709].ro/ro_2.
Related violations: <none>

LUTLP-2#678 Warning
Combinatorial Loop Allowed  
3 LUT cells form a combinatorial loop. This can create a race condition. Timing analysis may not be accurate. The preferred resolution is to modify the design to remove combinatorial logic loops. This loop has been identified in the constraints as being known and understood by use of the ALLOW_COMBINATORIAL_LOOPS property on a net in the loop. The cells in the loop are: heat_gen[0].heat_inst/ro_gen[70].ro/ro_0,
heat_gen[0].heat_inst/ro_gen[70].ro/ro_1
heat_gen[0].heat_inst/ro_gen[70].ro/ro_2.
Related violations: <none>

LUTLP-2#679 Warning
Combinatorial Loop Allowed  
3 LUT cells form a combinatorial loop. This can create a race condition. Timing analysis may not be accurate. The preferred resolution is to modify the design to remove combinatorial logic loops. This loop has been identified in the constraints as being known and understood by use of the ALLOW_COMBINATORIAL_LOOPS property on a net in the loop. The cells in the loop are: heat_gen[0].heat_inst/ro_gen[710].ro/ro_0,
heat_gen[0].heat_inst/ro_gen[710].ro/ro_1
heat_gen[0].heat_inst/ro_gen[710].ro/ro_2.
Related violations: <none>

LUTLP-2#680 Warning
Combinatorial Loop Allowed  
3 LUT cells form a combinatorial loop. This can create a race condition. Timing analysis may not be accurate. The preferred resolution is to modify the design to remove combinatorial logic loops. This loop has been identified in the constraints as being known and understood by use of the ALLOW_COMBINATORIAL_LOOPS property on a net in the loop. The cells in the loop are: heat_gen[0].heat_inst/ro_gen[711].ro/ro_0,
heat_gen[0].heat_inst/ro_gen[711].ro/ro_1
heat_gen[0].heat_inst/ro_gen[711].ro/ro_2.
Related violations: <none>

LUTLP-2#681 Warning
Combinatorial Loop Allowed  
3 LUT cells form a combinatorial loop. This can create a race condition. Timing analysis may not be accurate. The preferred resolution is to modify the design to remove combinatorial logic loops. This loop has been identified in the constraints as being known and understood by use of the ALLOW_COMBINATORIAL_LOOPS property on a net in the loop. The cells in the loop are: heat_gen[0].heat_inst/ro_gen[712].ro/ro_0,
heat_gen[0].heat_inst/ro_gen[712].ro/ro_1
heat_gen[0].heat_inst/ro_gen[712].ro/ro_2.
Related violations: <none>

LUTLP-2#682 Warning
Combinatorial Loop Allowed  
3 LUT cells form a combinatorial loop. This can create a race condition. Timing analysis may not be accurate. The preferred resolution is to modify the design to remove combinatorial logic loops. This loop has been identified in the constraints as being known and understood by use of the ALLOW_COMBINATORIAL_LOOPS property on a net in the loop. The cells in the loop are: heat_gen[0].heat_inst/ro_gen[713].ro/ro_0,
heat_gen[0].heat_inst/ro_gen[713].ro/ro_1
heat_gen[0].heat_inst/ro_gen[713].ro/ro_2.
Related violations: <none>

LUTLP-2#683 Warning
Combinatorial Loop Allowed  
3 LUT cells form a combinatorial loop. This can create a race condition. Timing analysis may not be accurate. The preferred resolution is to modify the design to remove combinatorial logic loops. This loop has been identified in the constraints as being known and understood by use of the ALLOW_COMBINATORIAL_LOOPS property on a net in the loop. The cells in the loop are: heat_gen[0].heat_inst/ro_gen[714].ro/ro_0,
heat_gen[0].heat_inst/ro_gen[714].ro/ro_1
heat_gen[0].heat_inst/ro_gen[714].ro/ro_2.
Related violations: <none>

LUTLP-2#684 Warning
Combinatorial Loop Allowed  
3 LUT cells form a combinatorial loop. This can create a race condition. Timing analysis may not be accurate. The preferred resolution is to modify the design to remove combinatorial logic loops. This loop has been identified in the constraints as being known and understood by use of the ALLOW_COMBINATORIAL_LOOPS property on a net in the loop. The cells in the loop are: heat_gen[0].heat_inst/ro_gen[715].ro/ro_0,
heat_gen[0].heat_inst/ro_gen[715].ro/ro_1
heat_gen[0].heat_inst/ro_gen[715].ro/ro_2.
Related violations: <none>

LUTLP-2#685 Warning
Combinatorial Loop Allowed  
3 LUT cells form a combinatorial loop. This can create a race condition. Timing analysis may not be accurate. The preferred resolution is to modify the design to remove combinatorial logic loops. This loop has been identified in the constraints as being known and understood by use of the ALLOW_COMBINATORIAL_LOOPS property on a net in the loop. The cells in the loop are: heat_gen[0].heat_inst/ro_gen[716].ro/ro_0,
heat_gen[0].heat_inst/ro_gen[716].ro/ro_1
heat_gen[0].heat_inst/ro_gen[716].ro/ro_2.
Related violations: <none>

LUTLP-2#686 Warning
Combinatorial Loop Allowed  
3 LUT cells form a combinatorial loop. This can create a race condition. Timing analysis may not be accurate. The preferred resolution is to modify the design to remove combinatorial logic loops. This loop has been identified in the constraints as being known and understood by use of the ALLOW_COMBINATORIAL_LOOPS property on a net in the loop. The cells in the loop are: heat_gen[0].heat_inst/ro_gen[717].ro/ro_0,
heat_gen[0].heat_inst/ro_gen[717].ro/ro_1
heat_gen[0].heat_inst/ro_gen[717].ro/ro_2.
Related violations: <none>

LUTLP-2#687 Warning
Combinatorial Loop Allowed  
3 LUT cells form a combinatorial loop. This can create a race condition. Timing analysis may not be accurate. The preferred resolution is to modify the design to remove combinatorial logic loops. This loop has been identified in the constraints as being known and understood by use of the ALLOW_COMBINATORIAL_LOOPS property on a net in the loop. The cells in the loop are: heat_gen[0].heat_inst/ro_gen[718].ro/ro_0,
heat_gen[0].heat_inst/ro_gen[718].ro/ro_1
heat_gen[0].heat_inst/ro_gen[718].ro/ro_2.
Related violations: <none>

LUTLP-2#688 Warning
Combinatorial Loop Allowed  
3 LUT cells form a combinatorial loop. This can create a race condition. Timing analysis may not be accurate. The preferred resolution is to modify the design to remove combinatorial logic loops. This loop has been identified in the constraints as being known and understood by use of the ALLOW_COMBINATORIAL_LOOPS property on a net in the loop. The cells in the loop are: heat_gen[0].heat_inst/ro_gen[719].ro/ro_0,
heat_gen[0].heat_inst/ro_gen[719].ro/ro_1
heat_gen[0].heat_inst/ro_gen[719].ro/ro_2.
Related violations: <none>

LUTLP-2#689 Warning
Combinatorial Loop Allowed  
3 LUT cells form a combinatorial loop. This can create a race condition. Timing analysis may not be accurate. The preferred resolution is to modify the design to remove combinatorial logic loops. This loop has been identified in the constraints as being known and understood by use of the ALLOW_COMBINATORIAL_LOOPS property on a net in the loop. The cells in the loop are: heat_gen[0].heat_inst/ro_gen[71].ro/ro_0,
heat_gen[0].heat_inst/ro_gen[71].ro/ro_1
heat_gen[0].heat_inst/ro_gen[71].ro/ro_2.
Related violations: <none>

LUTLP-2#690 Warning
Combinatorial Loop Allowed  
3 LUT cells form a combinatorial loop. This can create a race condition. Timing analysis may not be accurate. The preferred resolution is to modify the design to remove combinatorial logic loops. This loop has been identified in the constraints as being known and understood by use of the ALLOW_COMBINATORIAL_LOOPS property on a net in the loop. The cells in the loop are: heat_gen[0].heat_inst/ro_gen[720].ro/ro_0,
heat_gen[0].heat_inst/ro_gen[720].ro/ro_1
heat_gen[0].heat_inst/ro_gen[720].ro/ro_2.
Related violations: <none>

LUTLP-2#691 Warning
Combinatorial Loop Allowed  
3 LUT cells form a combinatorial loop. This can create a race condition. Timing analysis may not be accurate. The preferred resolution is to modify the design to remove combinatorial logic loops. This loop has been identified in the constraints as being known and understood by use of the ALLOW_COMBINATORIAL_LOOPS property on a net in the loop. The cells in the loop are: heat_gen[0].heat_inst/ro_gen[721].ro/ro_0,
heat_gen[0].heat_inst/ro_gen[721].ro/ro_1
heat_gen[0].heat_inst/ro_gen[721].ro/ro_2.
Related violations: <none>

LUTLP-2#692 Warning
Combinatorial Loop Allowed  
3 LUT cells form a combinatorial loop. This can create a race condition. Timing analysis may not be accurate. The preferred resolution is to modify the design to remove combinatorial logic loops. This loop has been identified in the constraints as being known and understood by use of the ALLOW_COMBINATORIAL_LOOPS property on a net in the loop. The cells in the loop are: heat_gen[0].heat_inst/ro_gen[722].ro/ro_0,
heat_gen[0].heat_inst/ro_gen[722].ro/ro_1
heat_gen[0].heat_inst/ro_gen[722].ro/ro_2.
Related violations: <none>

LUTLP-2#693 Warning
Combinatorial Loop Allowed  
3 LUT cells form a combinatorial loop. This can create a race condition. Timing analysis may not be accurate. The preferred resolution is to modify the design to remove combinatorial logic loops. This loop has been identified in the constraints as being known and understood by use of the ALLOW_COMBINATORIAL_LOOPS property on a net in the loop. The cells in the loop are: heat_gen[0].heat_inst/ro_gen[723].ro/ro_0,
heat_gen[0].heat_inst/ro_gen[723].ro/ro_1
heat_gen[0].heat_inst/ro_gen[723].ro/ro_2.
Related violations: <none>

LUTLP-2#694 Warning
Combinatorial Loop Allowed  
3 LUT cells form a combinatorial loop. This can create a race condition. Timing analysis may not be accurate. The preferred resolution is to modify the design to remove combinatorial logic loops. This loop has been identified in the constraints as being known and understood by use of the ALLOW_COMBINATORIAL_LOOPS property on a net in the loop. The cells in the loop are: heat_gen[0].heat_inst/ro_gen[724].ro/ro_0,
heat_gen[0].heat_inst/ro_gen[724].ro/ro_1
heat_gen[0].heat_inst/ro_gen[724].ro/ro_2.
Related violations: <none>

LUTLP-2#695 Warning
Combinatorial Loop Allowed  
3 LUT cells form a combinatorial loop. This can create a race condition. Timing analysis may not be accurate. The preferred resolution is to modify the design to remove combinatorial logic loops. This loop has been identified in the constraints as being known and understood by use of the ALLOW_COMBINATORIAL_LOOPS property on a net in the loop. The cells in the loop are: heat_gen[0].heat_inst/ro_gen[725].ro/ro_0,
heat_gen[0].heat_inst/ro_gen[725].ro/ro_1
heat_gen[0].heat_inst/ro_gen[725].ro/ro_2.
Related violations: <none>

LUTLP-2#696 Warning
Combinatorial Loop Allowed  
3 LUT cells form a combinatorial loop. This can create a race condition. Timing analysis may not be accurate. The preferred resolution is to modify the design to remove combinatorial logic loops. This loop has been identified in the constraints as being known and understood by use of the ALLOW_COMBINATORIAL_LOOPS property on a net in the loop. The cells in the loop are: heat_gen[0].heat_inst/ro_gen[726].ro/ro_0,
heat_gen[0].heat_inst/ro_gen[726].ro/ro_1
heat_gen[0].heat_inst/ro_gen[726].ro/ro_2.
Related violations: <none>

LUTLP-2#697 Warning
Combinatorial Loop Allowed  
3 LUT cells form a combinatorial loop. This can create a race condition. Timing analysis may not be accurate. The preferred resolution is to modify the design to remove combinatorial logic loops. This loop has been identified in the constraints as being known and understood by use of the ALLOW_COMBINATORIAL_LOOPS property on a net in the loop. The cells in the loop are: heat_gen[0].heat_inst/ro_gen[727].ro/ro_0,
heat_gen[0].heat_inst/ro_gen[727].ro/ro_1
heat_gen[0].heat_inst/ro_gen[727].ro/ro_2.
Related violations: <none>

LUTLP-2#698 Warning
Combinatorial Loop Allowed  
3 LUT cells form a combinatorial loop. This can create a race condition. Timing analysis may not be accurate. The preferred resolution is to modify the design to remove combinatorial logic loops. This loop has been identified in the constraints as being known and understood by use of the ALLOW_COMBINATORIAL_LOOPS property on a net in the loop. The cells in the loop are: heat_gen[0].heat_inst/ro_gen[728].ro/ro_0,
heat_gen[0].heat_inst/ro_gen[728].ro/ro_1
heat_gen[0].heat_inst/ro_gen[728].ro/ro_2.
Related violations: <none>

LUTLP-2#699 Warning
Combinatorial Loop Allowed  
3 LUT cells form a combinatorial loop. This can create a race condition. Timing analysis may not be accurate. The preferred resolution is to modify the design to remove combinatorial logic loops. This loop has been identified in the constraints as being known and understood by use of the ALLOW_COMBINATORIAL_LOOPS property on a net in the loop. The cells in the loop are: heat_gen[0].heat_inst/ro_gen[729].ro/ro_0,
heat_gen[0].heat_inst/ro_gen[729].ro/ro_1
heat_gen[0].heat_inst/ro_gen[729].ro/ro_2.
Related violations: <none>

LUTLP-2#700 Warning
Combinatorial Loop Allowed  
3 LUT cells form a combinatorial loop. This can create a race condition. Timing analysis may not be accurate. The preferred resolution is to modify the design to remove combinatorial logic loops. This loop has been identified in the constraints as being known and understood by use of the ALLOW_COMBINATORIAL_LOOPS property on a net in the loop. The cells in the loop are: heat_gen[0].heat_inst/ro_gen[72].ro/ro_0,
heat_gen[0].heat_inst/ro_gen[72].ro/ro_1
heat_gen[0].heat_inst/ro_gen[72].ro/ro_2.
Related violations: <none>

LUTLP-2#701 Warning
Combinatorial Loop Allowed  
3 LUT cells form a combinatorial loop. This can create a race condition. Timing analysis may not be accurate. The preferred resolution is to modify the design to remove combinatorial logic loops. This loop has been identified in the constraints as being known and understood by use of the ALLOW_COMBINATORIAL_LOOPS property on a net in the loop. The cells in the loop are: heat_gen[0].heat_inst/ro_gen[730].ro/ro_0,
heat_gen[0].heat_inst/ro_gen[730].ro/ro_1
heat_gen[0].heat_inst/ro_gen[730].ro/ro_2.
Related violations: <none>

LUTLP-2#702 Warning
Combinatorial Loop Allowed  
3 LUT cells form a combinatorial loop. This can create a race condition. Timing analysis may not be accurate. The preferred resolution is to modify the design to remove combinatorial logic loops. This loop has been identified in the constraints as being known and understood by use of the ALLOW_COMBINATORIAL_LOOPS property on a net in the loop. The cells in the loop are: heat_gen[0].heat_inst/ro_gen[731].ro/ro_0,
heat_gen[0].heat_inst/ro_gen[731].ro/ro_1
heat_gen[0].heat_inst/ro_gen[731].ro/ro_2.
Related violations: <none>

LUTLP-2#703 Warning
Combinatorial Loop Allowed  
3 LUT cells form a combinatorial loop. This can create a race condition. Timing analysis may not be accurate. The preferred resolution is to modify the design to remove combinatorial logic loops. This loop has been identified in the constraints as being known and understood by use of the ALLOW_COMBINATORIAL_LOOPS property on a net in the loop. The cells in the loop are: heat_gen[0].heat_inst/ro_gen[732].ro/ro_0,
heat_gen[0].heat_inst/ro_gen[732].ro/ro_1
heat_gen[0].heat_inst/ro_gen[732].ro/ro_2.
Related violations: <none>

LUTLP-2#704 Warning
Combinatorial Loop Allowed  
3 LUT cells form a combinatorial loop. This can create a race condition. Timing analysis may not be accurate. The preferred resolution is to modify the design to remove combinatorial logic loops. This loop has been identified in the constraints as being known and understood by use of the ALLOW_COMBINATORIAL_LOOPS property on a net in the loop. The cells in the loop are: heat_gen[0].heat_inst/ro_gen[733].ro/ro_0,
heat_gen[0].heat_inst/ro_gen[733].ro/ro_1
heat_gen[0].heat_inst/ro_gen[733].ro/ro_2.
Related violations: <none>

LUTLP-2#705 Warning
Combinatorial Loop Allowed  
3 LUT cells form a combinatorial loop. This can create a race condition. Timing analysis may not be accurate. The preferred resolution is to modify the design to remove combinatorial logic loops. This loop has been identified in the constraints as being known and understood by use of the ALLOW_COMBINATORIAL_LOOPS property on a net in the loop. The cells in the loop are: heat_gen[0].heat_inst/ro_gen[734].ro/ro_0,
heat_gen[0].heat_inst/ro_gen[734].ro/ro_1
heat_gen[0].heat_inst/ro_gen[734].ro/ro_2.
Related violations: <none>

LUTLP-2#706 Warning
Combinatorial Loop Allowed  
3 LUT cells form a combinatorial loop. This can create a race condition. Timing analysis may not be accurate. The preferred resolution is to modify the design to remove combinatorial logic loops. This loop has been identified in the constraints as being known and understood by use of the ALLOW_COMBINATORIAL_LOOPS property on a net in the loop. The cells in the loop are: heat_gen[0].heat_inst/ro_gen[735].ro/ro_0,
heat_gen[0].heat_inst/ro_gen[735].ro/ro_1
heat_gen[0].heat_inst/ro_gen[735].ro/ro_2.
Related violations: <none>

LUTLP-2#707 Warning
Combinatorial Loop Allowed  
3 LUT cells form a combinatorial loop. This can create a race condition. Timing analysis may not be accurate. The preferred resolution is to modify the design to remove combinatorial logic loops. This loop has been identified in the constraints as being known and understood by use of the ALLOW_COMBINATORIAL_LOOPS property on a net in the loop. The cells in the loop are: heat_gen[0].heat_inst/ro_gen[736].ro/ro_0,
heat_gen[0].heat_inst/ro_gen[736].ro/ro_1
heat_gen[0].heat_inst/ro_gen[736].ro/ro_2.
Related violations: <none>

LUTLP-2#708 Warning
Combinatorial Loop Allowed  
3 LUT cells form a combinatorial loop. This can create a race condition. Timing analysis may not be accurate. The preferred resolution is to modify the design to remove combinatorial logic loops. This loop has been identified in the constraints as being known and understood by use of the ALLOW_COMBINATORIAL_LOOPS property on a net in the loop. The cells in the loop are: heat_gen[0].heat_inst/ro_gen[737].ro/ro_0,
heat_gen[0].heat_inst/ro_gen[737].ro/ro_1
heat_gen[0].heat_inst/ro_gen[737].ro/ro_2.
Related violations: <none>

LUTLP-2#709 Warning
Combinatorial Loop Allowed  
3 LUT cells form a combinatorial loop. This can create a race condition. Timing analysis may not be accurate. The preferred resolution is to modify the design to remove combinatorial logic loops. This loop has been identified in the constraints as being known and understood by use of the ALLOW_COMBINATORIAL_LOOPS property on a net in the loop. The cells in the loop are: heat_gen[0].heat_inst/ro_gen[738].ro/ro_0,
heat_gen[0].heat_inst/ro_gen[738].ro/ro_1
heat_gen[0].heat_inst/ro_gen[738].ro/ro_2.
Related violations: <none>

LUTLP-2#710 Warning
Combinatorial Loop Allowed  
3 LUT cells form a combinatorial loop. This can create a race condition. Timing analysis may not be accurate. The preferred resolution is to modify the design to remove combinatorial logic loops. This loop has been identified in the constraints as being known and understood by use of the ALLOW_COMBINATORIAL_LOOPS property on a net in the loop. The cells in the loop are: heat_gen[0].heat_inst/ro_gen[739].ro/ro_0,
heat_gen[0].heat_inst/ro_gen[739].ro/ro_1
heat_gen[0].heat_inst/ro_gen[739].ro/ro_2.
Related violations: <none>

LUTLP-2#711 Warning
Combinatorial Loop Allowed  
3 LUT cells form a combinatorial loop. This can create a race condition. Timing analysis may not be accurate. The preferred resolution is to modify the design to remove combinatorial logic loops. This loop has been identified in the constraints as being known and understood by use of the ALLOW_COMBINATORIAL_LOOPS property on a net in the loop. The cells in the loop are: heat_gen[0].heat_inst/ro_gen[73].ro/ro_0,
heat_gen[0].heat_inst/ro_gen[73].ro/ro_1
heat_gen[0].heat_inst/ro_gen[73].ro/ro_2.
Related violations: <none>

LUTLP-2#712 Warning
Combinatorial Loop Allowed  
3 LUT cells form a combinatorial loop. This can create a race condition. Timing analysis may not be accurate. The preferred resolution is to modify the design to remove combinatorial logic loops. This loop has been identified in the constraints as being known and understood by use of the ALLOW_COMBINATORIAL_LOOPS property on a net in the loop. The cells in the loop are: heat_gen[0].heat_inst/ro_gen[740].ro/ro_0,
heat_gen[0].heat_inst/ro_gen[740].ro/ro_1
heat_gen[0].heat_inst/ro_gen[740].ro/ro_2.
Related violations: <none>

LUTLP-2#713 Warning
Combinatorial Loop Allowed  
3 LUT cells form a combinatorial loop. This can create a race condition. Timing analysis may not be accurate. The preferred resolution is to modify the design to remove combinatorial logic loops. This loop has been identified in the constraints as being known and understood by use of the ALLOW_COMBINATORIAL_LOOPS property on a net in the loop. The cells in the loop are: heat_gen[0].heat_inst/ro_gen[741].ro/ro_0,
heat_gen[0].heat_inst/ro_gen[741].ro/ro_1
heat_gen[0].heat_inst/ro_gen[741].ro/ro_2.
Related violations: <none>

LUTLP-2#714 Warning
Combinatorial Loop Allowed  
3 LUT cells form a combinatorial loop. This can create a race condition. Timing analysis may not be accurate. The preferred resolution is to modify the design to remove combinatorial logic loops. This loop has been identified in the constraints as being known and understood by use of the ALLOW_COMBINATORIAL_LOOPS property on a net in the loop. The cells in the loop are: heat_gen[0].heat_inst/ro_gen[742].ro/ro_0,
heat_gen[0].heat_inst/ro_gen[742].ro/ro_1
heat_gen[0].heat_inst/ro_gen[742].ro/ro_2.
Related violations: <none>

LUTLP-2#715 Warning
Combinatorial Loop Allowed  
3 LUT cells form a combinatorial loop. This can create a race condition. Timing analysis may not be accurate. The preferred resolution is to modify the design to remove combinatorial logic loops. This loop has been identified in the constraints as being known and understood by use of the ALLOW_COMBINATORIAL_LOOPS property on a net in the loop. The cells in the loop are: heat_gen[0].heat_inst/ro_gen[743].ro/ro_0,
heat_gen[0].heat_inst/ro_gen[743].ro/ro_1
heat_gen[0].heat_inst/ro_gen[743].ro/ro_2.
Related violations: <none>

LUTLP-2#716 Warning
Combinatorial Loop Allowed  
3 LUT cells form a combinatorial loop. This can create a race condition. Timing analysis may not be accurate. The preferred resolution is to modify the design to remove combinatorial logic loops. This loop has been identified in the constraints as being known and understood by use of the ALLOW_COMBINATORIAL_LOOPS property on a net in the loop. The cells in the loop are: heat_gen[0].heat_inst/ro_gen[744].ro/ro_0,
heat_gen[0].heat_inst/ro_gen[744].ro/ro_1
heat_gen[0].heat_inst/ro_gen[744].ro/ro_2.
Related violations: <none>

LUTLP-2#717 Warning
Combinatorial Loop Allowed  
3 LUT cells form a combinatorial loop. This can create a race condition. Timing analysis may not be accurate. The preferred resolution is to modify the design to remove combinatorial logic loops. This loop has been identified in the constraints as being known and understood by use of the ALLOW_COMBINATORIAL_LOOPS property on a net in the loop. The cells in the loop are: heat_gen[0].heat_inst/ro_gen[745].ro/ro_0,
heat_gen[0].heat_inst/ro_gen[745].ro/ro_1
heat_gen[0].heat_inst/ro_gen[745].ro/ro_2.
Related violations: <none>

LUTLP-2#718 Warning
Combinatorial Loop Allowed  
3 LUT cells form a combinatorial loop. This can create a race condition. Timing analysis may not be accurate. The preferred resolution is to modify the design to remove combinatorial logic loops. This loop has been identified in the constraints as being known and understood by use of the ALLOW_COMBINATORIAL_LOOPS property on a net in the loop. The cells in the loop are: heat_gen[0].heat_inst/ro_gen[746].ro/ro_0,
heat_gen[0].heat_inst/ro_gen[746].ro/ro_1
heat_gen[0].heat_inst/ro_gen[746].ro/ro_2.
Related violations: <none>

LUTLP-2#719 Warning
Combinatorial Loop Allowed  
3 LUT cells form a combinatorial loop. This can create a race condition. Timing analysis may not be accurate. The preferred resolution is to modify the design to remove combinatorial logic loops. This loop has been identified in the constraints as being known and understood by use of the ALLOW_COMBINATORIAL_LOOPS property on a net in the loop. The cells in the loop are: heat_gen[0].heat_inst/ro_gen[747].ro/ro_0,
heat_gen[0].heat_inst/ro_gen[747].ro/ro_1
heat_gen[0].heat_inst/ro_gen[747].ro/ro_2.
Related violations: <none>

LUTLP-2#720 Warning
Combinatorial Loop Allowed  
3 LUT cells form a combinatorial loop. This can create a race condition. Timing analysis may not be accurate. The preferred resolution is to modify the design to remove combinatorial logic loops. This loop has been identified in the constraints as being known and understood by use of the ALLOW_COMBINATORIAL_LOOPS property on a net in the loop. The cells in the loop are: heat_gen[0].heat_inst/ro_gen[748].ro/ro_0,
heat_gen[0].heat_inst/ro_gen[748].ro/ro_1
heat_gen[0].heat_inst/ro_gen[748].ro/ro_2.
Related violations: <none>

LUTLP-2#721 Warning
Combinatorial Loop Allowed  
3 LUT cells form a combinatorial loop. This can create a race condition. Timing analysis may not be accurate. The preferred resolution is to modify the design to remove combinatorial logic loops. This loop has been identified in the constraints as being known and understood by use of the ALLOW_COMBINATORIAL_LOOPS property on a net in the loop. The cells in the loop are: heat_gen[0].heat_inst/ro_gen[749].ro/ro_0,
heat_gen[0].heat_inst/ro_gen[749].ro/ro_1
heat_gen[0].heat_inst/ro_gen[749].ro/ro_2.
Related violations: <none>

LUTLP-2#722 Warning
Combinatorial Loop Allowed  
3 LUT cells form a combinatorial loop. This can create a race condition. Timing analysis may not be accurate. The preferred resolution is to modify the design to remove combinatorial logic loops. This loop has been identified in the constraints as being known and understood by use of the ALLOW_COMBINATORIAL_LOOPS property on a net in the loop. The cells in the loop are: heat_gen[0].heat_inst/ro_gen[74].ro/ro_0,
heat_gen[0].heat_inst/ro_gen[74].ro/ro_1
heat_gen[0].heat_inst/ro_gen[74].ro/ro_2.
Related violations: <none>

LUTLP-2#723 Warning
Combinatorial Loop Allowed  
3 LUT cells form a combinatorial loop. This can create a race condition. Timing analysis may not be accurate. The preferred resolution is to modify the design to remove combinatorial logic loops. This loop has been identified in the constraints as being known and understood by use of the ALLOW_COMBINATORIAL_LOOPS property on a net in the loop. The cells in the loop are: heat_gen[0].heat_inst/ro_gen[750].ro/ro_0,
heat_gen[0].heat_inst/ro_gen[750].ro/ro_1
heat_gen[0].heat_inst/ro_gen[750].ro/ro_2.
Related violations: <none>

LUTLP-2#724 Warning
Combinatorial Loop Allowed  
3 LUT cells form a combinatorial loop. This can create a race condition. Timing analysis may not be accurate. The preferred resolution is to modify the design to remove combinatorial logic loops. This loop has been identified in the constraints as being known and understood by use of the ALLOW_COMBINATORIAL_LOOPS property on a net in the loop. The cells in the loop are: heat_gen[0].heat_inst/ro_gen[751].ro/ro_0,
heat_gen[0].heat_inst/ro_gen[751].ro/ro_1
heat_gen[0].heat_inst/ro_gen[751].ro/ro_2.
Related violations: <none>

LUTLP-2#725 Warning
Combinatorial Loop Allowed  
3 LUT cells form a combinatorial loop. This can create a race condition. Timing analysis may not be accurate. The preferred resolution is to modify the design to remove combinatorial logic loops. This loop has been identified in the constraints as being known and understood by use of the ALLOW_COMBINATORIAL_LOOPS property on a net in the loop. The cells in the loop are: heat_gen[0].heat_inst/ro_gen[752].ro/ro_0,
heat_gen[0].heat_inst/ro_gen[752].ro/ro_1
heat_gen[0].heat_inst/ro_gen[752].ro/ro_2.
Related violations: <none>

LUTLP-2#726 Warning
Combinatorial Loop Allowed  
3 LUT cells form a combinatorial loop. This can create a race condition. Timing analysis may not be accurate. The preferred resolution is to modify the design to remove combinatorial logic loops. This loop has been identified in the constraints as being known and understood by use of the ALLOW_COMBINATORIAL_LOOPS property on a net in the loop. The cells in the loop are: heat_gen[0].heat_inst/ro_gen[753].ro/ro_0,
heat_gen[0].heat_inst/ro_gen[753].ro/ro_1
heat_gen[0].heat_inst/ro_gen[753].ro/ro_2.
Related violations: <none>

LUTLP-2#727 Warning
Combinatorial Loop Allowed  
3 LUT cells form a combinatorial loop. This can create a race condition. Timing analysis may not be accurate. The preferred resolution is to modify the design to remove combinatorial logic loops. This loop has been identified in the constraints as being known and understood by use of the ALLOW_COMBINATORIAL_LOOPS property on a net in the loop. The cells in the loop are: heat_gen[0].heat_inst/ro_gen[754].ro/ro_0,
heat_gen[0].heat_inst/ro_gen[754].ro/ro_1
heat_gen[0].heat_inst/ro_gen[754].ro/ro_2.
Related violations: <none>

LUTLP-2#728 Warning
Combinatorial Loop Allowed  
3 LUT cells form a combinatorial loop. This can create a race condition. Timing analysis may not be accurate. The preferred resolution is to modify the design to remove combinatorial logic loops. This loop has been identified in the constraints as being known and understood by use of the ALLOW_COMBINATORIAL_LOOPS property on a net in the loop. The cells in the loop are: heat_gen[0].heat_inst/ro_gen[755].ro/ro_0,
heat_gen[0].heat_inst/ro_gen[755].ro/ro_1
heat_gen[0].heat_inst/ro_gen[755].ro/ro_2.
Related violations: <none>

LUTLP-2#729 Warning
Combinatorial Loop Allowed  
3 LUT cells form a combinatorial loop. This can create a race condition. Timing analysis may not be accurate. The preferred resolution is to modify the design to remove combinatorial logic loops. This loop has been identified in the constraints as being known and understood by use of the ALLOW_COMBINATORIAL_LOOPS property on a net in the loop. The cells in the loop are: heat_gen[0].heat_inst/ro_gen[756].ro/ro_0,
heat_gen[0].heat_inst/ro_gen[756].ro/ro_1
heat_gen[0].heat_inst/ro_gen[756].ro/ro_2.
Related violations: <none>

LUTLP-2#730 Warning
Combinatorial Loop Allowed  
3 LUT cells form a combinatorial loop. This can create a race condition. Timing analysis may not be accurate. The preferred resolution is to modify the design to remove combinatorial logic loops. This loop has been identified in the constraints as being known and understood by use of the ALLOW_COMBINATORIAL_LOOPS property on a net in the loop. The cells in the loop are: heat_gen[0].heat_inst/ro_gen[757].ro/ro_0,
heat_gen[0].heat_inst/ro_gen[757].ro/ro_1
heat_gen[0].heat_inst/ro_gen[757].ro/ro_2.
Related violations: <none>

LUTLP-2#731 Warning
Combinatorial Loop Allowed  
3 LUT cells form a combinatorial loop. This can create a race condition. Timing analysis may not be accurate. The preferred resolution is to modify the design to remove combinatorial logic loops. This loop has been identified in the constraints as being known and understood by use of the ALLOW_COMBINATORIAL_LOOPS property on a net in the loop. The cells in the loop are: heat_gen[0].heat_inst/ro_gen[758].ro/ro_0,
heat_gen[0].heat_inst/ro_gen[758].ro/ro_1
heat_gen[0].heat_inst/ro_gen[758].ro/ro_2.
Related violations: <none>

LUTLP-2#732 Warning
Combinatorial Loop Allowed  
3 LUT cells form a combinatorial loop. This can create a race condition. Timing analysis may not be accurate. The preferred resolution is to modify the design to remove combinatorial logic loops. This loop has been identified in the constraints as being known and understood by use of the ALLOW_COMBINATORIAL_LOOPS property on a net in the loop. The cells in the loop are: heat_gen[0].heat_inst/ro_gen[759].ro/ro_0,
heat_gen[0].heat_inst/ro_gen[759].ro/ro_1
heat_gen[0].heat_inst/ro_gen[759].ro/ro_2.
Related violations: <none>

LUTLP-2#733 Warning
Combinatorial Loop Allowed  
3 LUT cells form a combinatorial loop. This can create a race condition. Timing analysis may not be accurate. The preferred resolution is to modify the design to remove combinatorial logic loops. This loop has been identified in the constraints as being known and understood by use of the ALLOW_COMBINATORIAL_LOOPS property on a net in the loop. The cells in the loop are: heat_gen[0].heat_inst/ro_gen[75].ro/ro_0,
heat_gen[0].heat_inst/ro_gen[75].ro/ro_1
heat_gen[0].heat_inst/ro_gen[75].ro/ro_2.
Related violations: <none>

LUTLP-2#734 Warning
Combinatorial Loop Allowed  
3 LUT cells form a combinatorial loop. This can create a race condition. Timing analysis may not be accurate. The preferred resolution is to modify the design to remove combinatorial logic loops. This loop has been identified in the constraints as being known and understood by use of the ALLOW_COMBINATORIAL_LOOPS property on a net in the loop. The cells in the loop are: heat_gen[0].heat_inst/ro_gen[760].ro/ro_0,
heat_gen[0].heat_inst/ro_gen[760].ro/ro_1
heat_gen[0].heat_inst/ro_gen[760].ro/ro_2.
Related violations: <none>

LUTLP-2#735 Warning
Combinatorial Loop Allowed  
3 LUT cells form a combinatorial loop. This can create a race condition. Timing analysis may not be accurate. The preferred resolution is to modify the design to remove combinatorial logic loops. This loop has been identified in the constraints as being known and understood by use of the ALLOW_COMBINATORIAL_LOOPS property on a net in the loop. The cells in the loop are: heat_gen[0].heat_inst/ro_gen[761].ro/ro_0,
heat_gen[0].heat_inst/ro_gen[761].ro/ro_1
heat_gen[0].heat_inst/ro_gen[761].ro/ro_2.
Related violations: <none>

LUTLP-2#736 Warning
Combinatorial Loop Allowed  
3 LUT cells form a combinatorial loop. This can create a race condition. Timing analysis may not be accurate. The preferred resolution is to modify the design to remove combinatorial logic loops. This loop has been identified in the constraints as being known and understood by use of the ALLOW_COMBINATORIAL_LOOPS property on a net in the loop. The cells in the loop are: heat_gen[0].heat_inst/ro_gen[762].ro/ro_0,
heat_gen[0].heat_inst/ro_gen[762].ro/ro_1
heat_gen[0].heat_inst/ro_gen[762].ro/ro_2.
Related violations: <none>

LUTLP-2#737 Warning
Combinatorial Loop Allowed  
3 LUT cells form a combinatorial loop. This can create a race condition. Timing analysis may not be accurate. The preferred resolution is to modify the design to remove combinatorial logic loops. This loop has been identified in the constraints as being known and understood by use of the ALLOW_COMBINATORIAL_LOOPS property on a net in the loop. The cells in the loop are: heat_gen[0].heat_inst/ro_gen[763].ro/ro_0,
heat_gen[0].heat_inst/ro_gen[763].ro/ro_1
heat_gen[0].heat_inst/ro_gen[763].ro/ro_2.
Related violations: <none>

LUTLP-2#738 Warning
Combinatorial Loop Allowed  
3 LUT cells form a combinatorial loop. This can create a race condition. Timing analysis may not be accurate. The preferred resolution is to modify the design to remove combinatorial logic loops. This loop has been identified in the constraints as being known and understood by use of the ALLOW_COMBINATORIAL_LOOPS property on a net in the loop. The cells in the loop are: heat_gen[0].heat_inst/ro_gen[764].ro/ro_0,
heat_gen[0].heat_inst/ro_gen[764].ro/ro_1
heat_gen[0].heat_inst/ro_gen[764].ro/ro_2.
Related violations: <none>

LUTLP-2#739 Warning
Combinatorial Loop Allowed  
3 LUT cells form a combinatorial loop. This can create a race condition. Timing analysis may not be accurate. The preferred resolution is to modify the design to remove combinatorial logic loops. This loop has been identified in the constraints as being known and understood by use of the ALLOW_COMBINATORIAL_LOOPS property on a net in the loop. The cells in the loop are: heat_gen[0].heat_inst/ro_gen[765].ro/ro_0,
heat_gen[0].heat_inst/ro_gen[765].ro/ro_1
heat_gen[0].heat_inst/ro_gen[765].ro/ro_2.
Related violations: <none>

LUTLP-2#740 Warning
Combinatorial Loop Allowed  
3 LUT cells form a combinatorial loop. This can create a race condition. Timing analysis may not be accurate. The preferred resolution is to modify the design to remove combinatorial logic loops. This loop has been identified in the constraints as being known and understood by use of the ALLOW_COMBINATORIAL_LOOPS property on a net in the loop. The cells in the loop are: heat_gen[0].heat_inst/ro_gen[766].ro/ro_0,
heat_gen[0].heat_inst/ro_gen[766].ro/ro_1
heat_gen[0].heat_inst/ro_gen[766].ro/ro_2.
Related violations: <none>

LUTLP-2#741 Warning
Combinatorial Loop Allowed  
3 LUT cells form a combinatorial loop. This can create a race condition. Timing analysis may not be accurate. The preferred resolution is to modify the design to remove combinatorial logic loops. This loop has been identified in the constraints as being known and understood by use of the ALLOW_COMBINATORIAL_LOOPS property on a net in the loop. The cells in the loop are: heat_gen[0].heat_inst/ro_gen[767].ro/ro_0,
heat_gen[0].heat_inst/ro_gen[767].ro/ro_1
heat_gen[0].heat_inst/ro_gen[767].ro/ro_2.
Related violations: <none>

LUTLP-2#742 Warning
Combinatorial Loop Allowed  
3 LUT cells form a combinatorial loop. This can create a race condition. Timing analysis may not be accurate. The preferred resolution is to modify the design to remove combinatorial logic loops. This loop has been identified in the constraints as being known and understood by use of the ALLOW_COMBINATORIAL_LOOPS property on a net in the loop. The cells in the loop are: heat_gen[0].heat_inst/ro_gen[768].ro/ro_0,
heat_gen[0].heat_inst/ro_gen[768].ro/ro_1
heat_gen[0].heat_inst/ro_gen[768].ro/ro_2.
Related violations: <none>

LUTLP-2#743 Warning
Combinatorial Loop Allowed  
3 LUT cells form a combinatorial loop. This can create a race condition. Timing analysis may not be accurate. The preferred resolution is to modify the design to remove combinatorial logic loops. This loop has been identified in the constraints as being known and understood by use of the ALLOW_COMBINATORIAL_LOOPS property on a net in the loop. The cells in the loop are: heat_gen[0].heat_inst/ro_gen[769].ro/ro_0,
heat_gen[0].heat_inst/ro_gen[769].ro/ro_1
heat_gen[0].heat_inst/ro_gen[769].ro/ro_2.
Related violations: <none>

LUTLP-2#744 Warning
Combinatorial Loop Allowed  
3 LUT cells form a combinatorial loop. This can create a race condition. Timing analysis may not be accurate. The preferred resolution is to modify the design to remove combinatorial logic loops. This loop has been identified in the constraints as being known and understood by use of the ALLOW_COMBINATORIAL_LOOPS property on a net in the loop. The cells in the loop are: heat_gen[0].heat_inst/ro_gen[76].ro/ro_0,
heat_gen[0].heat_inst/ro_gen[76].ro/ro_1
heat_gen[0].heat_inst/ro_gen[76].ro/ro_2.
Related violations: <none>

LUTLP-2#745 Warning
Combinatorial Loop Allowed  
3 LUT cells form a combinatorial loop. This can create a race condition. Timing analysis may not be accurate. The preferred resolution is to modify the design to remove combinatorial logic loops. This loop has been identified in the constraints as being known and understood by use of the ALLOW_COMBINATORIAL_LOOPS property on a net in the loop. The cells in the loop are: heat_gen[0].heat_inst/ro_gen[770].ro/ro_0,
heat_gen[0].heat_inst/ro_gen[770].ro/ro_1
heat_gen[0].heat_inst/ro_gen[770].ro/ro_2.
Related violations: <none>

LUTLP-2#746 Warning
Combinatorial Loop Allowed  
3 LUT cells form a combinatorial loop. This can create a race condition. Timing analysis may not be accurate. The preferred resolution is to modify the design to remove combinatorial logic loops. This loop has been identified in the constraints as being known and understood by use of the ALLOW_COMBINATORIAL_LOOPS property on a net in the loop. The cells in the loop are: heat_gen[0].heat_inst/ro_gen[771].ro/ro_0,
heat_gen[0].heat_inst/ro_gen[771].ro/ro_1
heat_gen[0].heat_inst/ro_gen[771].ro/ro_2.
Related violations: <none>

LUTLP-2#747 Warning
Combinatorial Loop Allowed  
3 LUT cells form a combinatorial loop. This can create a race condition. Timing analysis may not be accurate. The preferred resolution is to modify the design to remove combinatorial logic loops. This loop has been identified in the constraints as being known and understood by use of the ALLOW_COMBINATORIAL_LOOPS property on a net in the loop. The cells in the loop are: heat_gen[0].heat_inst/ro_gen[772].ro/ro_0,
heat_gen[0].heat_inst/ro_gen[772].ro/ro_1
heat_gen[0].heat_inst/ro_gen[772].ro/ro_2.
Related violations: <none>

LUTLP-2#748 Warning
Combinatorial Loop Allowed  
3 LUT cells form a combinatorial loop. This can create a race condition. Timing analysis may not be accurate. The preferred resolution is to modify the design to remove combinatorial logic loops. This loop has been identified in the constraints as being known and understood by use of the ALLOW_COMBINATORIAL_LOOPS property on a net in the loop. The cells in the loop are: heat_gen[0].heat_inst/ro_gen[773].ro/ro_0,
heat_gen[0].heat_inst/ro_gen[773].ro/ro_1
heat_gen[0].heat_inst/ro_gen[773].ro/ro_2.
Related violations: <none>

LUTLP-2#749 Warning
Combinatorial Loop Allowed  
3 LUT cells form a combinatorial loop. This can create a race condition. Timing analysis may not be accurate. The preferred resolution is to modify the design to remove combinatorial logic loops. This loop has been identified in the constraints as being known and understood by use of the ALLOW_COMBINATORIAL_LOOPS property on a net in the loop. The cells in the loop are: heat_gen[0].heat_inst/ro_gen[774].ro/ro_0,
heat_gen[0].heat_inst/ro_gen[774].ro/ro_1
heat_gen[0].heat_inst/ro_gen[774].ro/ro_2.
Related violations: <none>

LUTLP-2#750 Warning
Combinatorial Loop Allowed  
3 LUT cells form a combinatorial loop. This can create a race condition. Timing analysis may not be accurate. The preferred resolution is to modify the design to remove combinatorial logic loops. This loop has been identified in the constraints as being known and understood by use of the ALLOW_COMBINATORIAL_LOOPS property on a net in the loop. The cells in the loop are: heat_gen[0].heat_inst/ro_gen[775].ro/ro_0,
heat_gen[0].heat_inst/ro_gen[775].ro/ro_1
heat_gen[0].heat_inst/ro_gen[775].ro/ro_2.
Related violations: <none>

LUTLP-2#751 Warning
Combinatorial Loop Allowed  
3 LUT cells form a combinatorial loop. This can create a race condition. Timing analysis may not be accurate. The preferred resolution is to modify the design to remove combinatorial logic loops. This loop has been identified in the constraints as being known and understood by use of the ALLOW_COMBINATORIAL_LOOPS property on a net in the loop. The cells in the loop are: heat_gen[0].heat_inst/ro_gen[776].ro/ro_0,
heat_gen[0].heat_inst/ro_gen[776].ro/ro_1
heat_gen[0].heat_inst/ro_gen[776].ro/ro_2.
Related violations: <none>

LUTLP-2#752 Warning
Combinatorial Loop Allowed  
3 LUT cells form a combinatorial loop. This can create a race condition. Timing analysis may not be accurate. The preferred resolution is to modify the design to remove combinatorial logic loops. This loop has been identified in the constraints as being known and understood by use of the ALLOW_COMBINATORIAL_LOOPS property on a net in the loop. The cells in the loop are: heat_gen[0].heat_inst/ro_gen[777].ro/ro_0,
heat_gen[0].heat_inst/ro_gen[777].ro/ro_1
heat_gen[0].heat_inst/ro_gen[777].ro/ro_2.
Related violations: <none>

LUTLP-2#753 Warning
Combinatorial Loop Allowed  
3 LUT cells form a combinatorial loop. This can create a race condition. Timing analysis may not be accurate. The preferred resolution is to modify the design to remove combinatorial logic loops. This loop has been identified in the constraints as being known and understood by use of the ALLOW_COMBINATORIAL_LOOPS property on a net in the loop. The cells in the loop are: heat_gen[0].heat_inst/ro_gen[778].ro/ro_0,
heat_gen[0].heat_inst/ro_gen[778].ro/ro_1
heat_gen[0].heat_inst/ro_gen[778].ro/ro_2.
Related violations: <none>

LUTLP-2#754 Warning
Combinatorial Loop Allowed  
3 LUT cells form a combinatorial loop. This can create a race condition. Timing analysis may not be accurate. The preferred resolution is to modify the design to remove combinatorial logic loops. This loop has been identified in the constraints as being known and understood by use of the ALLOW_COMBINATORIAL_LOOPS property on a net in the loop. The cells in the loop are: heat_gen[0].heat_inst/ro_gen[779].ro/ro_0,
heat_gen[0].heat_inst/ro_gen[779].ro/ro_1
heat_gen[0].heat_inst/ro_gen[779].ro/ro_2.
Related violations: <none>

LUTLP-2#755 Warning
Combinatorial Loop Allowed  
3 LUT cells form a combinatorial loop. This can create a race condition. Timing analysis may not be accurate. The preferred resolution is to modify the design to remove combinatorial logic loops. This loop has been identified in the constraints as being known and understood by use of the ALLOW_COMBINATORIAL_LOOPS property on a net in the loop. The cells in the loop are: heat_gen[0].heat_inst/ro_gen[77].ro/ro_0,
heat_gen[0].heat_inst/ro_gen[77].ro/ro_1
heat_gen[0].heat_inst/ro_gen[77].ro/ro_2.
Related violations: <none>

LUTLP-2#756 Warning
Combinatorial Loop Allowed  
3 LUT cells form a combinatorial loop. This can create a race condition. Timing analysis may not be accurate. The preferred resolution is to modify the design to remove combinatorial logic loops. This loop has been identified in the constraints as being known and understood by use of the ALLOW_COMBINATORIAL_LOOPS property on a net in the loop. The cells in the loop are: heat_gen[0].heat_inst/ro_gen[780].ro/ro_0,
heat_gen[0].heat_inst/ro_gen[780].ro/ro_1
heat_gen[0].heat_inst/ro_gen[780].ro/ro_2.
Related violations: <none>

LUTLP-2#757 Warning
Combinatorial Loop Allowed  
3 LUT cells form a combinatorial loop. This can create a race condition. Timing analysis may not be accurate. The preferred resolution is to modify the design to remove combinatorial logic loops. This loop has been identified in the constraints as being known and understood by use of the ALLOW_COMBINATORIAL_LOOPS property on a net in the loop. The cells in the loop are: heat_gen[0].heat_inst/ro_gen[781].ro/ro_0,
heat_gen[0].heat_inst/ro_gen[781].ro/ro_1
heat_gen[0].heat_inst/ro_gen[781].ro/ro_2.
Related violations: <none>

LUTLP-2#758 Warning
Combinatorial Loop Allowed  
3 LUT cells form a combinatorial loop. This can create a race condition. Timing analysis may not be accurate. The preferred resolution is to modify the design to remove combinatorial logic loops. This loop has been identified in the constraints as being known and understood by use of the ALLOW_COMBINATORIAL_LOOPS property on a net in the loop. The cells in the loop are: heat_gen[0].heat_inst/ro_gen[782].ro/ro_0,
heat_gen[0].heat_inst/ro_gen[782].ro/ro_1
heat_gen[0].heat_inst/ro_gen[782].ro/ro_2.
Related violations: <none>

LUTLP-2#759 Warning
Combinatorial Loop Allowed  
3 LUT cells form a combinatorial loop. This can create a race condition. Timing analysis may not be accurate. The preferred resolution is to modify the design to remove combinatorial logic loops. This loop has been identified in the constraints as being known and understood by use of the ALLOW_COMBINATORIAL_LOOPS property on a net in the loop. The cells in the loop are: heat_gen[0].heat_inst/ro_gen[783].ro/ro_0,
heat_gen[0].heat_inst/ro_gen[783].ro/ro_1
heat_gen[0].heat_inst/ro_gen[783].ro/ro_2.
Related violations: <none>

LUTLP-2#760 Warning
Combinatorial Loop Allowed  
3 LUT cells form a combinatorial loop. This can create a race condition. Timing analysis may not be accurate. The preferred resolution is to modify the design to remove combinatorial logic loops. This loop has been identified in the constraints as being known and understood by use of the ALLOW_COMBINATORIAL_LOOPS property on a net in the loop. The cells in the loop are: heat_gen[0].heat_inst/ro_gen[784].ro/ro_0,
heat_gen[0].heat_inst/ro_gen[784].ro/ro_1
heat_gen[0].heat_inst/ro_gen[784].ro/ro_2.
Related violations: <none>

LUTLP-2#761 Warning
Combinatorial Loop Allowed  
3 LUT cells form a combinatorial loop. This can create a race condition. Timing analysis may not be accurate. The preferred resolution is to modify the design to remove combinatorial logic loops. This loop has been identified in the constraints as being known and understood by use of the ALLOW_COMBINATORIAL_LOOPS property on a net in the loop. The cells in the loop are: heat_gen[0].heat_inst/ro_gen[785].ro/ro_0,
heat_gen[0].heat_inst/ro_gen[785].ro/ro_1
heat_gen[0].heat_inst/ro_gen[785].ro/ro_2.
Related violations: <none>

LUTLP-2#762 Warning
Combinatorial Loop Allowed  
3 LUT cells form a combinatorial loop. This can create a race condition. Timing analysis may not be accurate. The preferred resolution is to modify the design to remove combinatorial logic loops. This loop has been identified in the constraints as being known and understood by use of the ALLOW_COMBINATORIAL_LOOPS property on a net in the loop. The cells in the loop are: heat_gen[0].heat_inst/ro_gen[786].ro/ro_0,
heat_gen[0].heat_inst/ro_gen[786].ro/ro_1
heat_gen[0].heat_inst/ro_gen[786].ro/ro_2.
Related violations: <none>

LUTLP-2#763 Warning
Combinatorial Loop Allowed  
3 LUT cells form a combinatorial loop. This can create a race condition. Timing analysis may not be accurate. The preferred resolution is to modify the design to remove combinatorial logic loops. This loop has been identified in the constraints as being known and understood by use of the ALLOW_COMBINATORIAL_LOOPS property on a net in the loop. The cells in the loop are: heat_gen[0].heat_inst/ro_gen[787].ro/ro_0,
heat_gen[0].heat_inst/ro_gen[787].ro/ro_1
heat_gen[0].heat_inst/ro_gen[787].ro/ro_2.
Related violations: <none>

LUTLP-2#764 Warning
Combinatorial Loop Allowed  
3 LUT cells form a combinatorial loop. This can create a race condition. Timing analysis may not be accurate. The preferred resolution is to modify the design to remove combinatorial logic loops. This loop has been identified in the constraints as being known and understood by use of the ALLOW_COMBINATORIAL_LOOPS property on a net in the loop. The cells in the loop are: heat_gen[0].heat_inst/ro_gen[788].ro/ro_0,
heat_gen[0].heat_inst/ro_gen[788].ro/ro_1
heat_gen[0].heat_inst/ro_gen[788].ro/ro_2.
Related violations: <none>

LUTLP-2#765 Warning
Combinatorial Loop Allowed  
3 LUT cells form a combinatorial loop. This can create a race condition. Timing analysis may not be accurate. The preferred resolution is to modify the design to remove combinatorial logic loops. This loop has been identified in the constraints as being known and understood by use of the ALLOW_COMBINATORIAL_LOOPS property on a net in the loop. The cells in the loop are: heat_gen[0].heat_inst/ro_gen[789].ro/ro_0,
heat_gen[0].heat_inst/ro_gen[789].ro/ro_1
heat_gen[0].heat_inst/ro_gen[789].ro/ro_2.
Related violations: <none>

LUTLP-2#766 Warning
Combinatorial Loop Allowed  
3 LUT cells form a combinatorial loop. This can create a race condition. Timing analysis may not be accurate. The preferred resolution is to modify the design to remove combinatorial logic loops. This loop has been identified in the constraints as being known and understood by use of the ALLOW_COMBINATORIAL_LOOPS property on a net in the loop. The cells in the loop are: heat_gen[0].heat_inst/ro_gen[78].ro/ro_0,
heat_gen[0].heat_inst/ro_gen[78].ro/ro_1
heat_gen[0].heat_inst/ro_gen[78].ro/ro_2.
Related violations: <none>

LUTLP-2#767 Warning
Combinatorial Loop Allowed  
3 LUT cells form a combinatorial loop. This can create a race condition. Timing analysis may not be accurate. The preferred resolution is to modify the design to remove combinatorial logic loops. This loop has been identified in the constraints as being known and understood by use of the ALLOW_COMBINATORIAL_LOOPS property on a net in the loop. The cells in the loop are: heat_gen[0].heat_inst/ro_gen[790].ro/ro_0,
heat_gen[0].heat_inst/ro_gen[790].ro/ro_1
heat_gen[0].heat_inst/ro_gen[790].ro/ro_2.
Related violations: <none>

LUTLP-2#768 Warning
Combinatorial Loop Allowed  
3 LUT cells form a combinatorial loop. This can create a race condition. Timing analysis may not be accurate. The preferred resolution is to modify the design to remove combinatorial logic loops. This loop has been identified in the constraints as being known and understood by use of the ALLOW_COMBINATORIAL_LOOPS property on a net in the loop. The cells in the loop are: heat_gen[0].heat_inst/ro_gen[791].ro/ro_0,
heat_gen[0].heat_inst/ro_gen[791].ro/ro_1
heat_gen[0].heat_inst/ro_gen[791].ro/ro_2.
Related violations: <none>

LUTLP-2#769 Warning
Combinatorial Loop Allowed  
3 LUT cells form a combinatorial loop. This can create a race condition. Timing analysis may not be accurate. The preferred resolution is to modify the design to remove combinatorial logic loops. This loop has been identified in the constraints as being known and understood by use of the ALLOW_COMBINATORIAL_LOOPS property on a net in the loop. The cells in the loop are: heat_gen[0].heat_inst/ro_gen[792].ro/ro_0,
heat_gen[0].heat_inst/ro_gen[792].ro/ro_1
heat_gen[0].heat_inst/ro_gen[792].ro/ro_2.
Related violations: <none>

LUTLP-2#770 Warning
Combinatorial Loop Allowed  
3 LUT cells form a combinatorial loop. This can create a race condition. Timing analysis may not be accurate. The preferred resolution is to modify the design to remove combinatorial logic loops. This loop has been identified in the constraints as being known and understood by use of the ALLOW_COMBINATORIAL_LOOPS property on a net in the loop. The cells in the loop are: heat_gen[0].heat_inst/ro_gen[793].ro/ro_0,
heat_gen[0].heat_inst/ro_gen[793].ro/ro_1
heat_gen[0].heat_inst/ro_gen[793].ro/ro_2.
Related violations: <none>

LUTLP-2#771 Warning
Combinatorial Loop Allowed  
3 LUT cells form a combinatorial loop. This can create a race condition. Timing analysis may not be accurate. The preferred resolution is to modify the design to remove combinatorial logic loops. This loop has been identified in the constraints as being known and understood by use of the ALLOW_COMBINATORIAL_LOOPS property on a net in the loop. The cells in the loop are: heat_gen[0].heat_inst/ro_gen[794].ro/ro_0,
heat_gen[0].heat_inst/ro_gen[794].ro/ro_1
heat_gen[0].heat_inst/ro_gen[794].ro/ro_2.
Related violations: <none>

LUTLP-2#772 Warning
Combinatorial Loop Allowed  
3 LUT cells form a combinatorial loop. This can create a race condition. Timing analysis may not be accurate. The preferred resolution is to modify the design to remove combinatorial logic loops. This loop has been identified in the constraints as being known and understood by use of the ALLOW_COMBINATORIAL_LOOPS property on a net in the loop. The cells in the loop are: heat_gen[0].heat_inst/ro_gen[795].ro/ro_0,
heat_gen[0].heat_inst/ro_gen[795].ro/ro_1
heat_gen[0].heat_inst/ro_gen[795].ro/ro_2.
Related violations: <none>

LUTLP-2#773 Warning
Combinatorial Loop Allowed  
3 LUT cells form a combinatorial loop. This can create a race condition. Timing analysis may not be accurate. The preferred resolution is to modify the design to remove combinatorial logic loops. This loop has been identified in the constraints as being known and understood by use of the ALLOW_COMBINATORIAL_LOOPS property on a net in the loop. The cells in the loop are: heat_gen[0].heat_inst/ro_gen[796].ro/ro_0,
heat_gen[0].heat_inst/ro_gen[796].ro/ro_1
heat_gen[0].heat_inst/ro_gen[796].ro/ro_2.
Related violations: <none>

LUTLP-2#774 Warning
Combinatorial Loop Allowed  
3 LUT cells form a combinatorial loop. This can create a race condition. Timing analysis may not be accurate. The preferred resolution is to modify the design to remove combinatorial logic loops. This loop has been identified in the constraints as being known and understood by use of the ALLOW_COMBINATORIAL_LOOPS property on a net in the loop. The cells in the loop are: heat_gen[0].heat_inst/ro_gen[797].ro/ro_0,
heat_gen[0].heat_inst/ro_gen[797].ro/ro_1
heat_gen[0].heat_inst/ro_gen[797].ro/ro_2.
Related violations: <none>

LUTLP-2#775 Warning
Combinatorial Loop Allowed  
3 LUT cells form a combinatorial loop. This can create a race condition. Timing analysis may not be accurate. The preferred resolution is to modify the design to remove combinatorial logic loops. This loop has been identified in the constraints as being known and understood by use of the ALLOW_COMBINATORIAL_LOOPS property on a net in the loop. The cells in the loop are: heat_gen[0].heat_inst/ro_gen[798].ro/ro_0,
heat_gen[0].heat_inst/ro_gen[798].ro/ro_1
heat_gen[0].heat_inst/ro_gen[798].ro/ro_2.
Related violations: <none>

LUTLP-2#776 Warning
Combinatorial Loop Allowed  
3 LUT cells form a combinatorial loop. This can create a race condition. Timing analysis may not be accurate. The preferred resolution is to modify the design to remove combinatorial logic loops. This loop has been identified in the constraints as being known and understood by use of the ALLOW_COMBINATORIAL_LOOPS property on a net in the loop. The cells in the loop are: heat_gen[0].heat_inst/ro_gen[799].ro/ro_0,
heat_gen[0].heat_inst/ro_gen[799].ro/ro_1
heat_gen[0].heat_inst/ro_gen[799].ro/ro_2.
Related violations: <none>

LUTLP-2#777 Warning
Combinatorial Loop Allowed  
3 LUT cells form a combinatorial loop. This can create a race condition. Timing analysis may not be accurate. The preferred resolution is to modify the design to remove combinatorial logic loops. This loop has been identified in the constraints as being known and understood by use of the ALLOW_COMBINATORIAL_LOOPS property on a net in the loop. The cells in the loop are: heat_gen[0].heat_inst/ro_gen[79].ro/ro_0,
heat_gen[0].heat_inst/ro_gen[79].ro/ro_1
heat_gen[0].heat_inst/ro_gen[79].ro/ro_2.
Related violations: <none>

LUTLP-2#778 Warning
Combinatorial Loop Allowed  
3 LUT cells form a combinatorial loop. This can create a race condition. Timing analysis may not be accurate. The preferred resolution is to modify the design to remove combinatorial logic loops. This loop has been identified in the constraints as being known and understood by use of the ALLOW_COMBINATORIAL_LOOPS property on a net in the loop. The cells in the loop are: heat_gen[0].heat_inst/ro_gen[7].ro/ro_0,
heat_gen[0].heat_inst/ro_gen[7].ro/ro_1
heat_gen[0].heat_inst/ro_gen[7].ro/ro_2.
Related violations: <none>

LUTLP-2#779 Warning
Combinatorial Loop Allowed  
3 LUT cells form a combinatorial loop. This can create a race condition. Timing analysis may not be accurate. The preferred resolution is to modify the design to remove combinatorial logic loops. This loop has been identified in the constraints as being known and understood by use of the ALLOW_COMBINATORIAL_LOOPS property on a net in the loop. The cells in the loop are: heat_gen[0].heat_inst/ro_gen[800].ro/ro_0,
heat_gen[0].heat_inst/ro_gen[800].ro/ro_1
heat_gen[0].heat_inst/ro_gen[800].ro/ro_2.
Related violations: <none>

LUTLP-2#780 Warning
Combinatorial Loop Allowed  
3 LUT cells form a combinatorial loop. This can create a race condition. Timing analysis may not be accurate. The preferred resolution is to modify the design to remove combinatorial logic loops. This loop has been identified in the constraints as being known and understood by use of the ALLOW_COMBINATORIAL_LOOPS property on a net in the loop. The cells in the loop are: heat_gen[0].heat_inst/ro_gen[801].ro/ro_0,
heat_gen[0].heat_inst/ro_gen[801].ro/ro_1
heat_gen[0].heat_inst/ro_gen[801].ro/ro_2.
Related violations: <none>

LUTLP-2#781 Warning
Combinatorial Loop Allowed  
3 LUT cells form a combinatorial loop. This can create a race condition. Timing analysis may not be accurate. The preferred resolution is to modify the design to remove combinatorial logic loops. This loop has been identified in the constraints as being known and understood by use of the ALLOW_COMBINATORIAL_LOOPS property on a net in the loop. The cells in the loop are: heat_gen[0].heat_inst/ro_gen[802].ro/ro_0,
heat_gen[0].heat_inst/ro_gen[802].ro/ro_1
heat_gen[0].heat_inst/ro_gen[802].ro/ro_2.
Related violations: <none>

LUTLP-2#782 Warning
Combinatorial Loop Allowed  
3 LUT cells form a combinatorial loop. This can create a race condition. Timing analysis may not be accurate. The preferred resolution is to modify the design to remove combinatorial logic loops. This loop has been identified in the constraints as being known and understood by use of the ALLOW_COMBINATORIAL_LOOPS property on a net in the loop. The cells in the loop are: heat_gen[0].heat_inst/ro_gen[803].ro/ro_0,
heat_gen[0].heat_inst/ro_gen[803].ro/ro_1
heat_gen[0].heat_inst/ro_gen[803].ro/ro_2.
Related violations: <none>

LUTLP-2#783 Warning
Combinatorial Loop Allowed  
3 LUT cells form a combinatorial loop. This can create a race condition. Timing analysis may not be accurate. The preferred resolution is to modify the design to remove combinatorial logic loops. This loop has been identified in the constraints as being known and understood by use of the ALLOW_COMBINATORIAL_LOOPS property on a net in the loop. The cells in the loop are: heat_gen[0].heat_inst/ro_gen[804].ro/ro_0,
heat_gen[0].heat_inst/ro_gen[804].ro/ro_1
heat_gen[0].heat_inst/ro_gen[804].ro/ro_2.
Related violations: <none>

LUTLP-2#784 Warning
Combinatorial Loop Allowed  
3 LUT cells form a combinatorial loop. This can create a race condition. Timing analysis may not be accurate. The preferred resolution is to modify the design to remove combinatorial logic loops. This loop has been identified in the constraints as being known and understood by use of the ALLOW_COMBINATORIAL_LOOPS property on a net in the loop. The cells in the loop are: heat_gen[0].heat_inst/ro_gen[805].ro/ro_0,
heat_gen[0].heat_inst/ro_gen[805].ro/ro_1
heat_gen[0].heat_inst/ro_gen[805].ro/ro_2.
Related violations: <none>

LUTLP-2#785 Warning
Combinatorial Loop Allowed  
3 LUT cells form a combinatorial loop. This can create a race condition. Timing analysis may not be accurate. The preferred resolution is to modify the design to remove combinatorial logic loops. This loop has been identified in the constraints as being known and understood by use of the ALLOW_COMBINATORIAL_LOOPS property on a net in the loop. The cells in the loop are: heat_gen[0].heat_inst/ro_gen[806].ro/ro_0,
heat_gen[0].heat_inst/ro_gen[806].ro/ro_1
heat_gen[0].heat_inst/ro_gen[806].ro/ro_2.
Related violations: <none>

LUTLP-2#786 Warning
Combinatorial Loop Allowed  
3 LUT cells form a combinatorial loop. This can create a race condition. Timing analysis may not be accurate. The preferred resolution is to modify the design to remove combinatorial logic loops. This loop has been identified in the constraints as being known and understood by use of the ALLOW_COMBINATORIAL_LOOPS property on a net in the loop. The cells in the loop are: heat_gen[0].heat_inst/ro_gen[807].ro/ro_0,
heat_gen[0].heat_inst/ro_gen[807].ro/ro_1
heat_gen[0].heat_inst/ro_gen[807].ro/ro_2.
Related violations: <none>

LUTLP-2#787 Warning
Combinatorial Loop Allowed  
3 LUT cells form a combinatorial loop. This can create a race condition. Timing analysis may not be accurate. The preferred resolution is to modify the design to remove combinatorial logic loops. This loop has been identified in the constraints as being known and understood by use of the ALLOW_COMBINATORIAL_LOOPS property on a net in the loop. The cells in the loop are: heat_gen[0].heat_inst/ro_gen[808].ro/ro_0,
heat_gen[0].heat_inst/ro_gen[808].ro/ro_1
heat_gen[0].heat_inst/ro_gen[808].ro/ro_2.
Related violations: <none>

LUTLP-2#788 Warning
Combinatorial Loop Allowed  
3 LUT cells form a combinatorial loop. This can create a race condition. Timing analysis may not be accurate. The preferred resolution is to modify the design to remove combinatorial logic loops. This loop has been identified in the constraints as being known and understood by use of the ALLOW_COMBINATORIAL_LOOPS property on a net in the loop. The cells in the loop are: heat_gen[0].heat_inst/ro_gen[809].ro/ro_0,
heat_gen[0].heat_inst/ro_gen[809].ro/ro_1
heat_gen[0].heat_inst/ro_gen[809].ro/ro_2.
Related violations: <none>

LUTLP-2#789 Warning
Combinatorial Loop Allowed  
3 LUT cells form a combinatorial loop. This can create a race condition. Timing analysis may not be accurate. The preferred resolution is to modify the design to remove combinatorial logic loops. This loop has been identified in the constraints as being known and understood by use of the ALLOW_COMBINATORIAL_LOOPS property on a net in the loop. The cells in the loop are: heat_gen[0].heat_inst/ro_gen[80].ro/ro_0,
heat_gen[0].heat_inst/ro_gen[80].ro/ro_1
heat_gen[0].heat_inst/ro_gen[80].ro/ro_2.
Related violations: <none>

LUTLP-2#790 Warning
Combinatorial Loop Allowed  
3 LUT cells form a combinatorial loop. This can create a race condition. Timing analysis may not be accurate. The preferred resolution is to modify the design to remove combinatorial logic loops. This loop has been identified in the constraints as being known and understood by use of the ALLOW_COMBINATORIAL_LOOPS property on a net in the loop. The cells in the loop are: heat_gen[0].heat_inst/ro_gen[810].ro/ro_0,
heat_gen[0].heat_inst/ro_gen[810].ro/ro_1
heat_gen[0].heat_inst/ro_gen[810].ro/ro_2.
Related violations: <none>

LUTLP-2#791 Warning
Combinatorial Loop Allowed  
3 LUT cells form a combinatorial loop. This can create a race condition. Timing analysis may not be accurate. The preferred resolution is to modify the design to remove combinatorial logic loops. This loop has been identified in the constraints as being known and understood by use of the ALLOW_COMBINATORIAL_LOOPS property on a net in the loop. The cells in the loop are: heat_gen[0].heat_inst/ro_gen[811].ro/ro_0,
heat_gen[0].heat_inst/ro_gen[811].ro/ro_1
heat_gen[0].heat_inst/ro_gen[811].ro/ro_2.
Related violations: <none>

LUTLP-2#792 Warning
Combinatorial Loop Allowed  
3 LUT cells form a combinatorial loop. This can create a race condition. Timing analysis may not be accurate. The preferred resolution is to modify the design to remove combinatorial logic loops. This loop has been identified in the constraints as being known and understood by use of the ALLOW_COMBINATORIAL_LOOPS property on a net in the loop. The cells in the loop are: heat_gen[0].heat_inst/ro_gen[812].ro/ro_0,
heat_gen[0].heat_inst/ro_gen[812].ro/ro_1
heat_gen[0].heat_inst/ro_gen[812].ro/ro_2.
Related violations: <none>

LUTLP-2#793 Warning
Combinatorial Loop Allowed  
3 LUT cells form a combinatorial loop. This can create a race condition. Timing analysis may not be accurate. The preferred resolution is to modify the design to remove combinatorial logic loops. This loop has been identified in the constraints as being known and understood by use of the ALLOW_COMBINATORIAL_LOOPS property on a net in the loop. The cells in the loop are: heat_gen[0].heat_inst/ro_gen[813].ro/ro_0,
heat_gen[0].heat_inst/ro_gen[813].ro/ro_1
heat_gen[0].heat_inst/ro_gen[813].ro/ro_2.
Related violations: <none>

LUTLP-2#794 Warning
Combinatorial Loop Allowed  
3 LUT cells form a combinatorial loop. This can create a race condition. Timing analysis may not be accurate. The preferred resolution is to modify the design to remove combinatorial logic loops. This loop has been identified in the constraints as being known and understood by use of the ALLOW_COMBINATORIAL_LOOPS property on a net in the loop. The cells in the loop are: heat_gen[0].heat_inst/ro_gen[814].ro/ro_0,
heat_gen[0].heat_inst/ro_gen[814].ro/ro_1
heat_gen[0].heat_inst/ro_gen[814].ro/ro_2.
Related violations: <none>

LUTLP-2#795 Warning
Combinatorial Loop Allowed  
3 LUT cells form a combinatorial loop. This can create a race condition. Timing analysis may not be accurate. The preferred resolution is to modify the design to remove combinatorial logic loops. This loop has been identified in the constraints as being known and understood by use of the ALLOW_COMBINATORIAL_LOOPS property on a net in the loop. The cells in the loop are: heat_gen[0].heat_inst/ro_gen[815].ro/ro_0,
heat_gen[0].heat_inst/ro_gen[815].ro/ro_1
heat_gen[0].heat_inst/ro_gen[815].ro/ro_2.
Related violations: <none>

LUTLP-2#796 Warning
Combinatorial Loop Allowed  
3 LUT cells form a combinatorial loop. This can create a race condition. Timing analysis may not be accurate. The preferred resolution is to modify the design to remove combinatorial logic loops. This loop has been identified in the constraints as being known and understood by use of the ALLOW_COMBINATORIAL_LOOPS property on a net in the loop. The cells in the loop are: heat_gen[0].heat_inst/ro_gen[816].ro/ro_0,
heat_gen[0].heat_inst/ro_gen[816].ro/ro_1
heat_gen[0].heat_inst/ro_gen[816].ro/ro_2.
Related violations: <none>

LUTLP-2#797 Warning
Combinatorial Loop Allowed  
3 LUT cells form a combinatorial loop. This can create a race condition. Timing analysis may not be accurate. The preferred resolution is to modify the design to remove combinatorial logic loops. This loop has been identified in the constraints as being known and understood by use of the ALLOW_COMBINATORIAL_LOOPS property on a net in the loop. The cells in the loop are: heat_gen[0].heat_inst/ro_gen[817].ro/ro_0,
heat_gen[0].heat_inst/ro_gen[817].ro/ro_1
heat_gen[0].heat_inst/ro_gen[817].ro/ro_2.
Related violations: <none>

LUTLP-2#798 Warning
Combinatorial Loop Allowed  
3 LUT cells form a combinatorial loop. This can create a race condition. Timing analysis may not be accurate. The preferred resolution is to modify the design to remove combinatorial logic loops. This loop has been identified in the constraints as being known and understood by use of the ALLOW_COMBINATORIAL_LOOPS property on a net in the loop. The cells in the loop are: heat_gen[0].heat_inst/ro_gen[818].ro/ro_0,
heat_gen[0].heat_inst/ro_gen[818].ro/ro_1
heat_gen[0].heat_inst/ro_gen[818].ro/ro_2.
Related violations: <none>

LUTLP-2#799 Warning
Combinatorial Loop Allowed  
3 LUT cells form a combinatorial loop. This can create a race condition. Timing analysis may not be accurate. The preferred resolution is to modify the design to remove combinatorial logic loops. This loop has been identified in the constraints as being known and understood by use of the ALLOW_COMBINATORIAL_LOOPS property on a net in the loop. The cells in the loop are: heat_gen[0].heat_inst/ro_gen[819].ro/ro_0,
heat_gen[0].heat_inst/ro_gen[819].ro/ro_1
heat_gen[0].heat_inst/ro_gen[819].ro/ro_2.
Related violations: <none>

LUTLP-2#800 Warning
Combinatorial Loop Allowed  
3 LUT cells form a combinatorial loop. This can create a race condition. Timing analysis may not be accurate. The preferred resolution is to modify the design to remove combinatorial logic loops. This loop has been identified in the constraints as being known and understood by use of the ALLOW_COMBINATORIAL_LOOPS property on a net in the loop. The cells in the loop are: heat_gen[0].heat_inst/ro_gen[81].ro/ro_0,
heat_gen[0].heat_inst/ro_gen[81].ro/ro_1
heat_gen[0].heat_inst/ro_gen[81].ro/ro_2.
Related violations: <none>

LUTLP-2#801 Warning
Combinatorial Loop Allowed  
3 LUT cells form a combinatorial loop. This can create a race condition. Timing analysis may not be accurate. The preferred resolution is to modify the design to remove combinatorial logic loops. This loop has been identified in the constraints as being known and understood by use of the ALLOW_COMBINATORIAL_LOOPS property on a net in the loop. The cells in the loop are: heat_gen[0].heat_inst/ro_gen[820].ro/ro_0,
heat_gen[0].heat_inst/ro_gen[820].ro/ro_1
heat_gen[0].heat_inst/ro_gen[820].ro/ro_2.
Related violations: <none>

LUTLP-2#802 Warning
Combinatorial Loop Allowed  
3 LUT cells form a combinatorial loop. This can create a race condition. Timing analysis may not be accurate. The preferred resolution is to modify the design to remove combinatorial logic loops. This loop has been identified in the constraints as being known and understood by use of the ALLOW_COMBINATORIAL_LOOPS property on a net in the loop. The cells in the loop are: heat_gen[0].heat_inst/ro_gen[821].ro/ro_0,
heat_gen[0].heat_inst/ro_gen[821].ro/ro_1
heat_gen[0].heat_inst/ro_gen[821].ro/ro_2.
Related violations: <none>

LUTLP-2#803 Warning
Combinatorial Loop Allowed  
3 LUT cells form a combinatorial loop. This can create a race condition. Timing analysis may not be accurate. The preferred resolution is to modify the design to remove combinatorial logic loops. This loop has been identified in the constraints as being known and understood by use of the ALLOW_COMBINATORIAL_LOOPS property on a net in the loop. The cells in the loop are: heat_gen[0].heat_inst/ro_gen[822].ro/ro_0,
heat_gen[0].heat_inst/ro_gen[822].ro/ro_1
heat_gen[0].heat_inst/ro_gen[822].ro/ro_2.
Related violations: <none>

LUTLP-2#804 Warning
Combinatorial Loop Allowed  
3 LUT cells form a combinatorial loop. This can create a race condition. Timing analysis may not be accurate. The preferred resolution is to modify the design to remove combinatorial logic loops. This loop has been identified in the constraints as being known and understood by use of the ALLOW_COMBINATORIAL_LOOPS property on a net in the loop. The cells in the loop are: heat_gen[0].heat_inst/ro_gen[823].ro/ro_0,
heat_gen[0].heat_inst/ro_gen[823].ro/ro_1
heat_gen[0].heat_inst/ro_gen[823].ro/ro_2.
Related violations: <none>

LUTLP-2#805 Warning
Combinatorial Loop Allowed  
3 LUT cells form a combinatorial loop. This can create a race condition. Timing analysis may not be accurate. The preferred resolution is to modify the design to remove combinatorial logic loops. This loop has been identified in the constraints as being known and understood by use of the ALLOW_COMBINATORIAL_LOOPS property on a net in the loop. The cells in the loop are: heat_gen[0].heat_inst/ro_gen[824].ro/ro_0,
heat_gen[0].heat_inst/ro_gen[824].ro/ro_1
heat_gen[0].heat_inst/ro_gen[824].ro/ro_2.
Related violations: <none>

LUTLP-2#806 Warning
Combinatorial Loop Allowed  
3 LUT cells form a combinatorial loop. This can create a race condition. Timing analysis may not be accurate. The preferred resolution is to modify the design to remove combinatorial logic loops. This loop has been identified in the constraints as being known and understood by use of the ALLOW_COMBINATORIAL_LOOPS property on a net in the loop. The cells in the loop are: heat_gen[0].heat_inst/ro_gen[825].ro/ro_0,
heat_gen[0].heat_inst/ro_gen[825].ro/ro_1
heat_gen[0].heat_inst/ro_gen[825].ro/ro_2.
Related violations: <none>

LUTLP-2#807 Warning
Combinatorial Loop Allowed  
3 LUT cells form a combinatorial loop. This can create a race condition. Timing analysis may not be accurate. The preferred resolution is to modify the design to remove combinatorial logic loops. This loop has been identified in the constraints as being known and understood by use of the ALLOW_COMBINATORIAL_LOOPS property on a net in the loop. The cells in the loop are: heat_gen[0].heat_inst/ro_gen[826].ro/ro_0,
heat_gen[0].heat_inst/ro_gen[826].ro/ro_1
heat_gen[0].heat_inst/ro_gen[826].ro/ro_2.
Related violations: <none>

LUTLP-2#808 Warning
Combinatorial Loop Allowed  
3 LUT cells form a combinatorial loop. This can create a race condition. Timing analysis may not be accurate. The preferred resolution is to modify the design to remove combinatorial logic loops. This loop has been identified in the constraints as being known and understood by use of the ALLOW_COMBINATORIAL_LOOPS property on a net in the loop. The cells in the loop are: heat_gen[0].heat_inst/ro_gen[827].ro/ro_0,
heat_gen[0].heat_inst/ro_gen[827].ro/ro_1
heat_gen[0].heat_inst/ro_gen[827].ro/ro_2.
Related violations: <none>

LUTLP-2#809 Warning
Combinatorial Loop Allowed  
3 LUT cells form a combinatorial loop. This can create a race condition. Timing analysis may not be accurate. The preferred resolution is to modify the design to remove combinatorial logic loops. This loop has been identified in the constraints as being known and understood by use of the ALLOW_COMBINATORIAL_LOOPS property on a net in the loop. The cells in the loop are: heat_gen[0].heat_inst/ro_gen[828].ro/ro_0,
heat_gen[0].heat_inst/ro_gen[828].ro/ro_1
heat_gen[0].heat_inst/ro_gen[828].ro/ro_2.
Related violations: <none>

LUTLP-2#810 Warning
Combinatorial Loop Allowed  
3 LUT cells form a combinatorial loop. This can create a race condition. Timing analysis may not be accurate. The preferred resolution is to modify the design to remove combinatorial logic loops. This loop has been identified in the constraints as being known and understood by use of the ALLOW_COMBINATORIAL_LOOPS property on a net in the loop. The cells in the loop are: heat_gen[0].heat_inst/ro_gen[829].ro/ro_0,
heat_gen[0].heat_inst/ro_gen[829].ro/ro_1
heat_gen[0].heat_inst/ro_gen[829].ro/ro_2.
Related violations: <none>

LUTLP-2#811 Warning
Combinatorial Loop Allowed  
3 LUT cells form a combinatorial loop. This can create a race condition. Timing analysis may not be accurate. The preferred resolution is to modify the design to remove combinatorial logic loops. This loop has been identified in the constraints as being known and understood by use of the ALLOW_COMBINATORIAL_LOOPS property on a net in the loop. The cells in the loop are: heat_gen[0].heat_inst/ro_gen[82].ro/ro_0,
heat_gen[0].heat_inst/ro_gen[82].ro/ro_1
heat_gen[0].heat_inst/ro_gen[82].ro/ro_2.
Related violations: <none>

LUTLP-2#812 Warning
Combinatorial Loop Allowed  
3 LUT cells form a combinatorial loop. This can create a race condition. Timing analysis may not be accurate. The preferred resolution is to modify the design to remove combinatorial logic loops. This loop has been identified in the constraints as being known and understood by use of the ALLOW_COMBINATORIAL_LOOPS property on a net in the loop. The cells in the loop are: heat_gen[0].heat_inst/ro_gen[830].ro/ro_0,
heat_gen[0].heat_inst/ro_gen[830].ro/ro_1
heat_gen[0].heat_inst/ro_gen[830].ro/ro_2.
Related violations: <none>

LUTLP-2#813 Warning
Combinatorial Loop Allowed  
3 LUT cells form a combinatorial loop. This can create a race condition. Timing analysis may not be accurate. The preferred resolution is to modify the design to remove combinatorial logic loops. This loop has been identified in the constraints as being known and understood by use of the ALLOW_COMBINATORIAL_LOOPS property on a net in the loop. The cells in the loop are: heat_gen[0].heat_inst/ro_gen[831].ro/ro_0,
heat_gen[0].heat_inst/ro_gen[831].ro/ro_1
heat_gen[0].heat_inst/ro_gen[831].ro/ro_2.
Related violations: <none>

LUTLP-2#814 Warning
Combinatorial Loop Allowed  
3 LUT cells form a combinatorial loop. This can create a race condition. Timing analysis may not be accurate. The preferred resolution is to modify the design to remove combinatorial logic loops. This loop has been identified in the constraints as being known and understood by use of the ALLOW_COMBINATORIAL_LOOPS property on a net in the loop. The cells in the loop are: heat_gen[0].heat_inst/ro_gen[832].ro/ro_0,
heat_gen[0].heat_inst/ro_gen[832].ro/ro_1
heat_gen[0].heat_inst/ro_gen[832].ro/ro_2.
Related violations: <none>

LUTLP-2#815 Warning
Combinatorial Loop Allowed  
3 LUT cells form a combinatorial loop. This can create a race condition. Timing analysis may not be accurate. The preferred resolution is to modify the design to remove combinatorial logic loops. This loop has been identified in the constraints as being known and understood by use of the ALLOW_COMBINATORIAL_LOOPS property on a net in the loop. The cells in the loop are: heat_gen[0].heat_inst/ro_gen[833].ro/ro_0,
heat_gen[0].heat_inst/ro_gen[833].ro/ro_1
heat_gen[0].heat_inst/ro_gen[833].ro/ro_2.
Related violations: <none>

LUTLP-2#816 Warning
Combinatorial Loop Allowed  
3 LUT cells form a combinatorial loop. This can create a race condition. Timing analysis may not be accurate. The preferred resolution is to modify the design to remove combinatorial logic loops. This loop has been identified in the constraints as being known and understood by use of the ALLOW_COMBINATORIAL_LOOPS property on a net in the loop. The cells in the loop are: heat_gen[0].heat_inst/ro_gen[834].ro/ro_0,
heat_gen[0].heat_inst/ro_gen[834].ro/ro_1
heat_gen[0].heat_inst/ro_gen[834].ro/ro_2.
Related violations: <none>

LUTLP-2#817 Warning
Combinatorial Loop Allowed  
3 LUT cells form a combinatorial loop. This can create a race condition. Timing analysis may not be accurate. The preferred resolution is to modify the design to remove combinatorial logic loops. This loop has been identified in the constraints as being known and understood by use of the ALLOW_COMBINATORIAL_LOOPS property on a net in the loop. The cells in the loop are: heat_gen[0].heat_inst/ro_gen[835].ro/ro_0,
heat_gen[0].heat_inst/ro_gen[835].ro/ro_1
heat_gen[0].heat_inst/ro_gen[835].ro/ro_2.
Related violations: <none>

LUTLP-2#818 Warning
Combinatorial Loop Allowed  
3 LUT cells form a combinatorial loop. This can create a race condition. Timing analysis may not be accurate. The preferred resolution is to modify the design to remove combinatorial logic loops. This loop has been identified in the constraints as being known and understood by use of the ALLOW_COMBINATORIAL_LOOPS property on a net in the loop. The cells in the loop are: heat_gen[0].heat_inst/ro_gen[836].ro/ro_0,
heat_gen[0].heat_inst/ro_gen[836].ro/ro_1
heat_gen[0].heat_inst/ro_gen[836].ro/ro_2.
Related violations: <none>

LUTLP-2#819 Warning
Combinatorial Loop Allowed  
3 LUT cells form a combinatorial loop. This can create a race condition. Timing analysis may not be accurate. The preferred resolution is to modify the design to remove combinatorial logic loops. This loop has been identified in the constraints as being known and understood by use of the ALLOW_COMBINATORIAL_LOOPS property on a net in the loop. The cells in the loop are: heat_gen[0].heat_inst/ro_gen[837].ro/ro_0,
heat_gen[0].heat_inst/ro_gen[837].ro/ro_1
heat_gen[0].heat_inst/ro_gen[837].ro/ro_2.
Related violations: <none>

LUTLP-2#820 Warning
Combinatorial Loop Allowed  
3 LUT cells form a combinatorial loop. This can create a race condition. Timing analysis may not be accurate. The preferred resolution is to modify the design to remove combinatorial logic loops. This loop has been identified in the constraints as being known and understood by use of the ALLOW_COMBINATORIAL_LOOPS property on a net in the loop. The cells in the loop are: heat_gen[0].heat_inst/ro_gen[838].ro/ro_0,
heat_gen[0].heat_inst/ro_gen[838].ro/ro_1
heat_gen[0].heat_inst/ro_gen[838].ro/ro_2.
Related violations: <none>

LUTLP-2#821 Warning
Combinatorial Loop Allowed  
3 LUT cells form a combinatorial loop. This can create a race condition. Timing analysis may not be accurate. The preferred resolution is to modify the design to remove combinatorial logic loops. This loop has been identified in the constraints as being known and understood by use of the ALLOW_COMBINATORIAL_LOOPS property on a net in the loop. The cells in the loop are: heat_gen[0].heat_inst/ro_gen[839].ro/ro_0,
heat_gen[0].heat_inst/ro_gen[839].ro/ro_1
heat_gen[0].heat_inst/ro_gen[839].ro/ro_2.
Related violations: <none>

LUTLP-2#822 Warning
Combinatorial Loop Allowed  
3 LUT cells form a combinatorial loop. This can create a race condition. Timing analysis may not be accurate. The preferred resolution is to modify the design to remove combinatorial logic loops. This loop has been identified in the constraints as being known and understood by use of the ALLOW_COMBINATORIAL_LOOPS property on a net in the loop. The cells in the loop are: heat_gen[0].heat_inst/ro_gen[83].ro/ro_0,
heat_gen[0].heat_inst/ro_gen[83].ro/ro_1
heat_gen[0].heat_inst/ro_gen[83].ro/ro_2.
Related violations: <none>

LUTLP-2#823 Warning
Combinatorial Loop Allowed  
3 LUT cells form a combinatorial loop. This can create a race condition. Timing analysis may not be accurate. The preferred resolution is to modify the design to remove combinatorial logic loops. This loop has been identified in the constraints as being known and understood by use of the ALLOW_COMBINATORIAL_LOOPS property on a net in the loop. The cells in the loop are: heat_gen[0].heat_inst/ro_gen[840].ro/ro_0,
heat_gen[0].heat_inst/ro_gen[840].ro/ro_1
heat_gen[0].heat_inst/ro_gen[840].ro/ro_2.
Related violations: <none>

LUTLP-2#824 Warning
Combinatorial Loop Allowed  
3 LUT cells form a combinatorial loop. This can create a race condition. Timing analysis may not be accurate. The preferred resolution is to modify the design to remove combinatorial logic loops. This loop has been identified in the constraints as being known and understood by use of the ALLOW_COMBINATORIAL_LOOPS property on a net in the loop. The cells in the loop are: heat_gen[0].heat_inst/ro_gen[841].ro/ro_0,
heat_gen[0].heat_inst/ro_gen[841].ro/ro_1
heat_gen[0].heat_inst/ro_gen[841].ro/ro_2.
Related violations: <none>

LUTLP-2#825 Warning
Combinatorial Loop Allowed  
3 LUT cells form a combinatorial loop. This can create a race condition. Timing analysis may not be accurate. The preferred resolution is to modify the design to remove combinatorial logic loops. This loop has been identified in the constraints as being known and understood by use of the ALLOW_COMBINATORIAL_LOOPS property on a net in the loop. The cells in the loop are: heat_gen[0].heat_inst/ro_gen[842].ro/ro_0,
heat_gen[0].heat_inst/ro_gen[842].ro/ro_1
heat_gen[0].heat_inst/ro_gen[842].ro/ro_2.
Related violations: <none>

LUTLP-2#826 Warning
Combinatorial Loop Allowed  
3 LUT cells form a combinatorial loop. This can create a race condition. Timing analysis may not be accurate. The preferred resolution is to modify the design to remove combinatorial logic loops. This loop has been identified in the constraints as being known and understood by use of the ALLOW_COMBINATORIAL_LOOPS property on a net in the loop. The cells in the loop are: heat_gen[0].heat_inst/ro_gen[843].ro/ro_0,
heat_gen[0].heat_inst/ro_gen[843].ro/ro_1
heat_gen[0].heat_inst/ro_gen[843].ro/ro_2.
Related violations: <none>

LUTLP-2#827 Warning
Combinatorial Loop Allowed  
3 LUT cells form a combinatorial loop. This can create a race condition. Timing analysis may not be accurate. The preferred resolution is to modify the design to remove combinatorial logic loops. This loop has been identified in the constraints as being known and understood by use of the ALLOW_COMBINATORIAL_LOOPS property on a net in the loop. The cells in the loop are: heat_gen[0].heat_inst/ro_gen[844].ro/ro_0,
heat_gen[0].heat_inst/ro_gen[844].ro/ro_1
heat_gen[0].heat_inst/ro_gen[844].ro/ro_2.
Related violations: <none>

LUTLP-2#828 Warning
Combinatorial Loop Allowed  
3 LUT cells form a combinatorial loop. This can create a race condition. Timing analysis may not be accurate. The preferred resolution is to modify the design to remove combinatorial logic loops. This loop has been identified in the constraints as being known and understood by use of the ALLOW_COMBINATORIAL_LOOPS property on a net in the loop. The cells in the loop are: heat_gen[0].heat_inst/ro_gen[845].ro/ro_0,
heat_gen[0].heat_inst/ro_gen[845].ro/ro_1
heat_gen[0].heat_inst/ro_gen[845].ro/ro_2.
Related violations: <none>

LUTLP-2#829 Warning
Combinatorial Loop Allowed  
3 LUT cells form a combinatorial loop. This can create a race condition. Timing analysis may not be accurate. The preferred resolution is to modify the design to remove combinatorial logic loops. This loop has been identified in the constraints as being known and understood by use of the ALLOW_COMBINATORIAL_LOOPS property on a net in the loop. The cells in the loop are: heat_gen[0].heat_inst/ro_gen[846].ro/ro_0,
heat_gen[0].heat_inst/ro_gen[846].ro/ro_1
heat_gen[0].heat_inst/ro_gen[846].ro/ro_2.
Related violations: <none>

LUTLP-2#830 Warning
Combinatorial Loop Allowed  
3 LUT cells form a combinatorial loop. This can create a race condition. Timing analysis may not be accurate. The preferred resolution is to modify the design to remove combinatorial logic loops. This loop has been identified in the constraints as being known and understood by use of the ALLOW_COMBINATORIAL_LOOPS property on a net in the loop. The cells in the loop are: heat_gen[0].heat_inst/ro_gen[847].ro/ro_0,
heat_gen[0].heat_inst/ro_gen[847].ro/ro_1
heat_gen[0].heat_inst/ro_gen[847].ro/ro_2.
Related violations: <none>

LUTLP-2#831 Warning
Combinatorial Loop Allowed  
3 LUT cells form a combinatorial loop. This can create a race condition. Timing analysis may not be accurate. The preferred resolution is to modify the design to remove combinatorial logic loops. This loop has been identified in the constraints as being known and understood by use of the ALLOW_COMBINATORIAL_LOOPS property on a net in the loop. The cells in the loop are: heat_gen[0].heat_inst/ro_gen[848].ro/ro_0,
heat_gen[0].heat_inst/ro_gen[848].ro/ro_1
heat_gen[0].heat_inst/ro_gen[848].ro/ro_2.
Related violations: <none>

LUTLP-2#832 Warning
Combinatorial Loop Allowed  
3 LUT cells form a combinatorial loop. This can create a race condition. Timing analysis may not be accurate. The preferred resolution is to modify the design to remove combinatorial logic loops. This loop has been identified in the constraints as being known and understood by use of the ALLOW_COMBINATORIAL_LOOPS property on a net in the loop. The cells in the loop are: heat_gen[0].heat_inst/ro_gen[849].ro/ro_0,
heat_gen[0].heat_inst/ro_gen[849].ro/ro_1
heat_gen[0].heat_inst/ro_gen[849].ro/ro_2.
Related violations: <none>

LUTLP-2#833 Warning
Combinatorial Loop Allowed  
3 LUT cells form a combinatorial loop. This can create a race condition. Timing analysis may not be accurate. The preferred resolution is to modify the design to remove combinatorial logic loops. This loop has been identified in the constraints as being known and understood by use of the ALLOW_COMBINATORIAL_LOOPS property on a net in the loop. The cells in the loop are: heat_gen[0].heat_inst/ro_gen[84].ro/ro_0,
heat_gen[0].heat_inst/ro_gen[84].ro/ro_1
heat_gen[0].heat_inst/ro_gen[84].ro/ro_2.
Related violations: <none>

LUTLP-2#834 Warning
Combinatorial Loop Allowed  
3 LUT cells form a combinatorial loop. This can create a race condition. Timing analysis may not be accurate. The preferred resolution is to modify the design to remove combinatorial logic loops. This loop has been identified in the constraints as being known and understood by use of the ALLOW_COMBINATORIAL_LOOPS property on a net in the loop. The cells in the loop are: heat_gen[0].heat_inst/ro_gen[850].ro/ro_0,
heat_gen[0].heat_inst/ro_gen[850].ro/ro_1
heat_gen[0].heat_inst/ro_gen[850].ro/ro_2.
Related violations: <none>

LUTLP-2#835 Warning
Combinatorial Loop Allowed  
3 LUT cells form a combinatorial loop. This can create a race condition. Timing analysis may not be accurate. The preferred resolution is to modify the design to remove combinatorial logic loops. This loop has been identified in the constraints as being known and understood by use of the ALLOW_COMBINATORIAL_LOOPS property on a net in the loop. The cells in the loop are: heat_gen[0].heat_inst/ro_gen[851].ro/ro_0,
heat_gen[0].heat_inst/ro_gen[851].ro/ro_1
heat_gen[0].heat_inst/ro_gen[851].ro/ro_2.
Related violations: <none>

LUTLP-2#836 Warning
Combinatorial Loop Allowed  
3 LUT cells form a combinatorial loop. This can create a race condition. Timing analysis may not be accurate. The preferred resolution is to modify the design to remove combinatorial logic loops. This loop has been identified in the constraints as being known and understood by use of the ALLOW_COMBINATORIAL_LOOPS property on a net in the loop. The cells in the loop are: heat_gen[0].heat_inst/ro_gen[852].ro/ro_0,
heat_gen[0].heat_inst/ro_gen[852].ro/ro_1
heat_gen[0].heat_inst/ro_gen[852].ro/ro_2.
Related violations: <none>

LUTLP-2#837 Warning
Combinatorial Loop Allowed  
3 LUT cells form a combinatorial loop. This can create a race condition. Timing analysis may not be accurate. The preferred resolution is to modify the design to remove combinatorial logic loops. This loop has been identified in the constraints as being known and understood by use of the ALLOW_COMBINATORIAL_LOOPS property on a net in the loop. The cells in the loop are: heat_gen[0].heat_inst/ro_gen[853].ro/ro_0,
heat_gen[0].heat_inst/ro_gen[853].ro/ro_1
heat_gen[0].heat_inst/ro_gen[853].ro/ro_2.
Related violations: <none>

LUTLP-2#838 Warning
Combinatorial Loop Allowed  
3 LUT cells form a combinatorial loop. This can create a race condition. Timing analysis may not be accurate. The preferred resolution is to modify the design to remove combinatorial logic loops. This loop has been identified in the constraints as being known and understood by use of the ALLOW_COMBINATORIAL_LOOPS property on a net in the loop. The cells in the loop are: heat_gen[0].heat_inst/ro_gen[854].ro/ro_0,
heat_gen[0].heat_inst/ro_gen[854].ro/ro_1
heat_gen[0].heat_inst/ro_gen[854].ro/ro_2.
Related violations: <none>

LUTLP-2#839 Warning
Combinatorial Loop Allowed  
3 LUT cells form a combinatorial loop. This can create a race condition. Timing analysis may not be accurate. The preferred resolution is to modify the design to remove combinatorial logic loops. This loop has been identified in the constraints as being known and understood by use of the ALLOW_COMBINATORIAL_LOOPS property on a net in the loop. The cells in the loop are: heat_gen[0].heat_inst/ro_gen[855].ro/ro_0,
heat_gen[0].heat_inst/ro_gen[855].ro/ro_1
heat_gen[0].heat_inst/ro_gen[855].ro/ro_2.
Related violations: <none>

LUTLP-2#840 Warning
Combinatorial Loop Allowed  
3 LUT cells form a combinatorial loop. This can create a race condition. Timing analysis may not be accurate. The preferred resolution is to modify the design to remove combinatorial logic loops. This loop has been identified in the constraints as being known and understood by use of the ALLOW_COMBINATORIAL_LOOPS property on a net in the loop. The cells in the loop are: heat_gen[0].heat_inst/ro_gen[856].ro/ro_0,
heat_gen[0].heat_inst/ro_gen[856].ro/ro_1
heat_gen[0].heat_inst/ro_gen[856].ro/ro_2.
Related violations: <none>

LUTLP-2#841 Warning
Combinatorial Loop Allowed  
3 LUT cells form a combinatorial loop. This can create a race condition. Timing analysis may not be accurate. The preferred resolution is to modify the design to remove combinatorial logic loops. This loop has been identified in the constraints as being known and understood by use of the ALLOW_COMBINATORIAL_LOOPS property on a net in the loop. The cells in the loop are: heat_gen[0].heat_inst/ro_gen[857].ro/ro_0,
heat_gen[0].heat_inst/ro_gen[857].ro/ro_1
heat_gen[0].heat_inst/ro_gen[857].ro/ro_2.
Related violations: <none>

LUTLP-2#842 Warning
Combinatorial Loop Allowed  
3 LUT cells form a combinatorial loop. This can create a race condition. Timing analysis may not be accurate. The preferred resolution is to modify the design to remove combinatorial logic loops. This loop has been identified in the constraints as being known and understood by use of the ALLOW_COMBINATORIAL_LOOPS property on a net in the loop. The cells in the loop are: heat_gen[0].heat_inst/ro_gen[858].ro/ro_0,
heat_gen[0].heat_inst/ro_gen[858].ro/ro_1
heat_gen[0].heat_inst/ro_gen[858].ro/ro_2.
Related violations: <none>

LUTLP-2#843 Warning
Combinatorial Loop Allowed  
3 LUT cells form a combinatorial loop. This can create a race condition. Timing analysis may not be accurate. The preferred resolution is to modify the design to remove combinatorial logic loops. This loop has been identified in the constraints as being known and understood by use of the ALLOW_COMBINATORIAL_LOOPS property on a net in the loop. The cells in the loop are: heat_gen[0].heat_inst/ro_gen[859].ro/ro_0,
heat_gen[0].heat_inst/ro_gen[859].ro/ro_1
heat_gen[0].heat_inst/ro_gen[859].ro/ro_2.
Related violations: <none>

LUTLP-2#844 Warning
Combinatorial Loop Allowed  
3 LUT cells form a combinatorial loop. This can create a race condition. Timing analysis may not be accurate. The preferred resolution is to modify the design to remove combinatorial logic loops. This loop has been identified in the constraints as being known and understood by use of the ALLOW_COMBINATORIAL_LOOPS property on a net in the loop. The cells in the loop are: heat_gen[0].heat_inst/ro_gen[85].ro/ro_0,
heat_gen[0].heat_inst/ro_gen[85].ro/ro_1
heat_gen[0].heat_inst/ro_gen[85].ro/ro_2.
Related violations: <none>

LUTLP-2#845 Warning
Combinatorial Loop Allowed  
3 LUT cells form a combinatorial loop. This can create a race condition. Timing analysis may not be accurate. The preferred resolution is to modify the design to remove combinatorial logic loops. This loop has been identified in the constraints as being known and understood by use of the ALLOW_COMBINATORIAL_LOOPS property on a net in the loop. The cells in the loop are: heat_gen[0].heat_inst/ro_gen[860].ro/ro_0,
heat_gen[0].heat_inst/ro_gen[860].ro/ro_1
heat_gen[0].heat_inst/ro_gen[860].ro/ro_2.
Related violations: <none>

LUTLP-2#846 Warning
Combinatorial Loop Allowed  
3 LUT cells form a combinatorial loop. This can create a race condition. Timing analysis may not be accurate. The preferred resolution is to modify the design to remove combinatorial logic loops. This loop has been identified in the constraints as being known and understood by use of the ALLOW_COMBINATORIAL_LOOPS property on a net in the loop. The cells in the loop are: heat_gen[0].heat_inst/ro_gen[861].ro/ro_0,
heat_gen[0].heat_inst/ro_gen[861].ro/ro_1
heat_gen[0].heat_inst/ro_gen[861].ro/ro_2.
Related violations: <none>

LUTLP-2#847 Warning
Combinatorial Loop Allowed  
3 LUT cells form a combinatorial loop. This can create a race condition. Timing analysis may not be accurate. The preferred resolution is to modify the design to remove combinatorial logic loops. This loop has been identified in the constraints as being known and understood by use of the ALLOW_COMBINATORIAL_LOOPS property on a net in the loop. The cells in the loop are: heat_gen[0].heat_inst/ro_gen[862].ro/ro_0,
heat_gen[0].heat_inst/ro_gen[862].ro/ro_1
heat_gen[0].heat_inst/ro_gen[862].ro/ro_2.
Related violations: <none>

LUTLP-2#848 Warning
Combinatorial Loop Allowed  
3 LUT cells form a combinatorial loop. This can create a race condition. Timing analysis may not be accurate. The preferred resolution is to modify the design to remove combinatorial logic loops. This loop has been identified in the constraints as being known and understood by use of the ALLOW_COMBINATORIAL_LOOPS property on a net in the loop. The cells in the loop are: heat_gen[0].heat_inst/ro_gen[863].ro/ro_0,
heat_gen[0].heat_inst/ro_gen[863].ro/ro_1
heat_gen[0].heat_inst/ro_gen[863].ro/ro_2.
Related violations: <none>

LUTLP-2#849 Warning
Combinatorial Loop Allowed  
3 LUT cells form a combinatorial loop. This can create a race condition. Timing analysis may not be accurate. The preferred resolution is to modify the design to remove combinatorial logic loops. This loop has been identified in the constraints as being known and understood by use of the ALLOW_COMBINATORIAL_LOOPS property on a net in the loop. The cells in the loop are: heat_gen[0].heat_inst/ro_gen[864].ro/ro_0,
heat_gen[0].heat_inst/ro_gen[864].ro/ro_1
heat_gen[0].heat_inst/ro_gen[864].ro/ro_2.
Related violations: <none>

LUTLP-2#850 Warning
Combinatorial Loop Allowed  
3 LUT cells form a combinatorial loop. This can create a race condition. Timing analysis may not be accurate. The preferred resolution is to modify the design to remove combinatorial logic loops. This loop has been identified in the constraints as being known and understood by use of the ALLOW_COMBINATORIAL_LOOPS property on a net in the loop. The cells in the loop are: heat_gen[0].heat_inst/ro_gen[865].ro/ro_0,
heat_gen[0].heat_inst/ro_gen[865].ro/ro_1
heat_gen[0].heat_inst/ro_gen[865].ro/ro_2.
Related violations: <none>

LUTLP-2#851 Warning
Combinatorial Loop Allowed  
3 LUT cells form a combinatorial loop. This can create a race condition. Timing analysis may not be accurate. The preferred resolution is to modify the design to remove combinatorial logic loops. This loop has been identified in the constraints as being known and understood by use of the ALLOW_COMBINATORIAL_LOOPS property on a net in the loop. The cells in the loop are: heat_gen[0].heat_inst/ro_gen[866].ro/ro_0,
heat_gen[0].heat_inst/ro_gen[866].ro/ro_1
heat_gen[0].heat_inst/ro_gen[866].ro/ro_2.
Related violations: <none>

LUTLP-2#852 Warning
Combinatorial Loop Allowed  
3 LUT cells form a combinatorial loop. This can create a race condition. Timing analysis may not be accurate. The preferred resolution is to modify the design to remove combinatorial logic loops. This loop has been identified in the constraints as being known and understood by use of the ALLOW_COMBINATORIAL_LOOPS property on a net in the loop. The cells in the loop are: heat_gen[0].heat_inst/ro_gen[867].ro/ro_0,
heat_gen[0].heat_inst/ro_gen[867].ro/ro_1
heat_gen[0].heat_inst/ro_gen[867].ro/ro_2.
Related violations: <none>

LUTLP-2#853 Warning
Combinatorial Loop Allowed  
3 LUT cells form a combinatorial loop. This can create a race condition. Timing analysis may not be accurate. The preferred resolution is to modify the design to remove combinatorial logic loops. This loop has been identified in the constraints as being known and understood by use of the ALLOW_COMBINATORIAL_LOOPS property on a net in the loop. The cells in the loop are: heat_gen[0].heat_inst/ro_gen[868].ro/ro_0,
heat_gen[0].heat_inst/ro_gen[868].ro/ro_1
heat_gen[0].heat_inst/ro_gen[868].ro/ro_2.
Related violations: <none>

LUTLP-2#854 Warning
Combinatorial Loop Allowed  
3 LUT cells form a combinatorial loop. This can create a race condition. Timing analysis may not be accurate. The preferred resolution is to modify the design to remove combinatorial logic loops. This loop has been identified in the constraints as being known and understood by use of the ALLOW_COMBINATORIAL_LOOPS property on a net in the loop. The cells in the loop are: heat_gen[0].heat_inst/ro_gen[869].ro/ro_0,
heat_gen[0].heat_inst/ro_gen[869].ro/ro_1
heat_gen[0].heat_inst/ro_gen[869].ro/ro_2.
Related violations: <none>

LUTLP-2#855 Warning
Combinatorial Loop Allowed  
3 LUT cells form a combinatorial loop. This can create a race condition. Timing analysis may not be accurate. The preferred resolution is to modify the design to remove combinatorial logic loops. This loop has been identified in the constraints as being known and understood by use of the ALLOW_COMBINATORIAL_LOOPS property on a net in the loop. The cells in the loop are: heat_gen[0].heat_inst/ro_gen[86].ro/ro_0,
heat_gen[0].heat_inst/ro_gen[86].ro/ro_1
heat_gen[0].heat_inst/ro_gen[86].ro/ro_2.
Related violations: <none>

LUTLP-2#856 Warning
Combinatorial Loop Allowed  
3 LUT cells form a combinatorial loop. This can create a race condition. Timing analysis may not be accurate. The preferred resolution is to modify the design to remove combinatorial logic loops. This loop has been identified in the constraints as being known and understood by use of the ALLOW_COMBINATORIAL_LOOPS property on a net in the loop. The cells in the loop are: heat_gen[0].heat_inst/ro_gen[870].ro/ro_0,
heat_gen[0].heat_inst/ro_gen[870].ro/ro_1
heat_gen[0].heat_inst/ro_gen[870].ro/ro_2.
Related violations: <none>

LUTLP-2#857 Warning
Combinatorial Loop Allowed  
3 LUT cells form a combinatorial loop. This can create a race condition. Timing analysis may not be accurate. The preferred resolution is to modify the design to remove combinatorial logic loops. This loop has been identified in the constraints as being known and understood by use of the ALLOW_COMBINATORIAL_LOOPS property on a net in the loop. The cells in the loop are: heat_gen[0].heat_inst/ro_gen[871].ro/ro_0,
heat_gen[0].heat_inst/ro_gen[871].ro/ro_1
heat_gen[0].heat_inst/ro_gen[871].ro/ro_2.
Related violations: <none>

LUTLP-2#858 Warning
Combinatorial Loop Allowed  
3 LUT cells form a combinatorial loop. This can create a race condition. Timing analysis may not be accurate. The preferred resolution is to modify the design to remove combinatorial logic loops. This loop has been identified in the constraints as being known and understood by use of the ALLOW_COMBINATORIAL_LOOPS property on a net in the loop. The cells in the loop are: heat_gen[0].heat_inst/ro_gen[872].ro/ro_0,
heat_gen[0].heat_inst/ro_gen[872].ro/ro_1
heat_gen[0].heat_inst/ro_gen[872].ro/ro_2.
Related violations: <none>

LUTLP-2#859 Warning
Combinatorial Loop Allowed  
3 LUT cells form a combinatorial loop. This can create a race condition. Timing analysis may not be accurate. The preferred resolution is to modify the design to remove combinatorial logic loops. This loop has been identified in the constraints as being known and understood by use of the ALLOW_COMBINATORIAL_LOOPS property on a net in the loop. The cells in the loop are: heat_gen[0].heat_inst/ro_gen[873].ro/ro_0,
heat_gen[0].heat_inst/ro_gen[873].ro/ro_1
heat_gen[0].heat_inst/ro_gen[873].ro/ro_2.
Related violations: <none>

LUTLP-2#860 Warning
Combinatorial Loop Allowed  
3 LUT cells form a combinatorial loop. This can create a race condition. Timing analysis may not be accurate. The preferred resolution is to modify the design to remove combinatorial logic loops. This loop has been identified in the constraints as being known and understood by use of the ALLOW_COMBINATORIAL_LOOPS property on a net in the loop. The cells in the loop are: heat_gen[0].heat_inst/ro_gen[874].ro/ro_0,
heat_gen[0].heat_inst/ro_gen[874].ro/ro_1
heat_gen[0].heat_inst/ro_gen[874].ro/ro_2.
Related violations: <none>

LUTLP-2#861 Warning
Combinatorial Loop Allowed  
3 LUT cells form a combinatorial loop. This can create a race condition. Timing analysis may not be accurate. The preferred resolution is to modify the design to remove combinatorial logic loops. This loop has been identified in the constraints as being known and understood by use of the ALLOW_COMBINATORIAL_LOOPS property on a net in the loop. The cells in the loop are: heat_gen[0].heat_inst/ro_gen[875].ro/ro_0,
heat_gen[0].heat_inst/ro_gen[875].ro/ro_1
heat_gen[0].heat_inst/ro_gen[875].ro/ro_2.
Related violations: <none>

LUTLP-2#862 Warning
Combinatorial Loop Allowed  
3 LUT cells form a combinatorial loop. This can create a race condition. Timing analysis may not be accurate. The preferred resolution is to modify the design to remove combinatorial logic loops. This loop has been identified in the constraints as being known and understood by use of the ALLOW_COMBINATORIAL_LOOPS property on a net in the loop. The cells in the loop are: heat_gen[0].heat_inst/ro_gen[876].ro/ro_0,
heat_gen[0].heat_inst/ro_gen[876].ro/ro_1
heat_gen[0].heat_inst/ro_gen[876].ro/ro_2.
Related violations: <none>

LUTLP-2#863 Warning
Combinatorial Loop Allowed  
3 LUT cells form a combinatorial loop. This can create a race condition. Timing analysis may not be accurate. The preferred resolution is to modify the design to remove combinatorial logic loops. This loop has been identified in the constraints as being known and understood by use of the ALLOW_COMBINATORIAL_LOOPS property on a net in the loop. The cells in the loop are: heat_gen[0].heat_inst/ro_gen[877].ro/ro_0,
heat_gen[0].heat_inst/ro_gen[877].ro/ro_1
heat_gen[0].heat_inst/ro_gen[877].ro/ro_2.
Related violations: <none>

LUTLP-2#864 Warning
Combinatorial Loop Allowed  
3 LUT cells form a combinatorial loop. This can create a race condition. Timing analysis may not be accurate. The preferred resolution is to modify the design to remove combinatorial logic loops. This loop has been identified in the constraints as being known and understood by use of the ALLOW_COMBINATORIAL_LOOPS property on a net in the loop. The cells in the loop are: heat_gen[0].heat_inst/ro_gen[878].ro/ro_0,
heat_gen[0].heat_inst/ro_gen[878].ro/ro_1
heat_gen[0].heat_inst/ro_gen[878].ro/ro_2.
Related violations: <none>

LUTLP-2#865 Warning
Combinatorial Loop Allowed  
3 LUT cells form a combinatorial loop. This can create a race condition. Timing analysis may not be accurate. The preferred resolution is to modify the design to remove combinatorial logic loops. This loop has been identified in the constraints as being known and understood by use of the ALLOW_COMBINATORIAL_LOOPS property on a net in the loop. The cells in the loop are: heat_gen[0].heat_inst/ro_gen[879].ro/ro_0,
heat_gen[0].heat_inst/ro_gen[879].ro/ro_1
heat_gen[0].heat_inst/ro_gen[879].ro/ro_2.
Related violations: <none>

LUTLP-2#866 Warning
Combinatorial Loop Allowed  
3 LUT cells form a combinatorial loop. This can create a race condition. Timing analysis may not be accurate. The preferred resolution is to modify the design to remove combinatorial logic loops. This loop has been identified in the constraints as being known and understood by use of the ALLOW_COMBINATORIAL_LOOPS property on a net in the loop. The cells in the loop are: heat_gen[0].heat_inst/ro_gen[87].ro/ro_0,
heat_gen[0].heat_inst/ro_gen[87].ro/ro_1
heat_gen[0].heat_inst/ro_gen[87].ro/ro_2.
Related violations: <none>

LUTLP-2#867 Warning
Combinatorial Loop Allowed  
3 LUT cells form a combinatorial loop. This can create a race condition. Timing analysis may not be accurate. The preferred resolution is to modify the design to remove combinatorial logic loops. This loop has been identified in the constraints as being known and understood by use of the ALLOW_COMBINATORIAL_LOOPS property on a net in the loop. The cells in the loop are: heat_gen[0].heat_inst/ro_gen[880].ro/ro_0,
heat_gen[0].heat_inst/ro_gen[880].ro/ro_1
heat_gen[0].heat_inst/ro_gen[880].ro/ro_2.
Related violations: <none>

LUTLP-2#868 Warning
Combinatorial Loop Allowed  
3 LUT cells form a combinatorial loop. This can create a race condition. Timing analysis may not be accurate. The preferred resolution is to modify the design to remove combinatorial logic loops. This loop has been identified in the constraints as being known and understood by use of the ALLOW_COMBINATORIAL_LOOPS property on a net in the loop. The cells in the loop are: heat_gen[0].heat_inst/ro_gen[881].ro/ro_0,
heat_gen[0].heat_inst/ro_gen[881].ro/ro_1
heat_gen[0].heat_inst/ro_gen[881].ro/ro_2.
Related violations: <none>

LUTLP-2#869 Warning
Combinatorial Loop Allowed  
3 LUT cells form a combinatorial loop. This can create a race condition. Timing analysis may not be accurate. The preferred resolution is to modify the design to remove combinatorial logic loops. This loop has been identified in the constraints as being known and understood by use of the ALLOW_COMBINATORIAL_LOOPS property on a net in the loop. The cells in the loop are: heat_gen[0].heat_inst/ro_gen[882].ro/ro_0,
heat_gen[0].heat_inst/ro_gen[882].ro/ro_1
heat_gen[0].heat_inst/ro_gen[882].ro/ro_2.
Related violations: <none>

LUTLP-2#870 Warning
Combinatorial Loop Allowed  
3 LUT cells form a combinatorial loop. This can create a race condition. Timing analysis may not be accurate. The preferred resolution is to modify the design to remove combinatorial logic loops. This loop has been identified in the constraints as being known and understood by use of the ALLOW_COMBINATORIAL_LOOPS property on a net in the loop. The cells in the loop are: heat_gen[0].heat_inst/ro_gen[883].ro/ro_0,
heat_gen[0].heat_inst/ro_gen[883].ro/ro_1
heat_gen[0].heat_inst/ro_gen[883].ro/ro_2.
Related violations: <none>

LUTLP-2#871 Warning
Combinatorial Loop Allowed  
3 LUT cells form a combinatorial loop. This can create a race condition. Timing analysis may not be accurate. The preferred resolution is to modify the design to remove combinatorial logic loops. This loop has been identified in the constraints as being known and understood by use of the ALLOW_COMBINATORIAL_LOOPS property on a net in the loop. The cells in the loop are: heat_gen[0].heat_inst/ro_gen[884].ro/ro_0,
heat_gen[0].heat_inst/ro_gen[884].ro/ro_1
heat_gen[0].heat_inst/ro_gen[884].ro/ro_2.
Related violations: <none>

LUTLP-2#872 Warning
Combinatorial Loop Allowed  
3 LUT cells form a combinatorial loop. This can create a race condition. Timing analysis may not be accurate. The preferred resolution is to modify the design to remove combinatorial logic loops. This loop has been identified in the constraints as being known and understood by use of the ALLOW_COMBINATORIAL_LOOPS property on a net in the loop. The cells in the loop are: heat_gen[0].heat_inst/ro_gen[885].ro/ro_0,
heat_gen[0].heat_inst/ro_gen[885].ro/ro_1
heat_gen[0].heat_inst/ro_gen[885].ro/ro_2.
Related violations: <none>

LUTLP-2#873 Warning
Combinatorial Loop Allowed  
3 LUT cells form a combinatorial loop. This can create a race condition. Timing analysis may not be accurate. The preferred resolution is to modify the design to remove combinatorial logic loops. This loop has been identified in the constraints as being known and understood by use of the ALLOW_COMBINATORIAL_LOOPS property on a net in the loop. The cells in the loop are: heat_gen[0].heat_inst/ro_gen[886].ro/ro_0,
heat_gen[0].heat_inst/ro_gen[886].ro/ro_1
heat_gen[0].heat_inst/ro_gen[886].ro/ro_2.
Related violations: <none>

LUTLP-2#874 Warning
Combinatorial Loop Allowed  
3 LUT cells form a combinatorial loop. This can create a race condition. Timing analysis may not be accurate. The preferred resolution is to modify the design to remove combinatorial logic loops. This loop has been identified in the constraints as being known and understood by use of the ALLOW_COMBINATORIAL_LOOPS property on a net in the loop. The cells in the loop are: heat_gen[0].heat_inst/ro_gen[887].ro/ro_0,
heat_gen[0].heat_inst/ro_gen[887].ro/ro_1
heat_gen[0].heat_inst/ro_gen[887].ro/ro_2.
Related violations: <none>

LUTLP-2#875 Warning
Combinatorial Loop Allowed  
3 LUT cells form a combinatorial loop. This can create a race condition. Timing analysis may not be accurate. The preferred resolution is to modify the design to remove combinatorial logic loops. This loop has been identified in the constraints as being known and understood by use of the ALLOW_COMBINATORIAL_LOOPS property on a net in the loop. The cells in the loop are: heat_gen[0].heat_inst/ro_gen[888].ro/ro_0,
heat_gen[0].heat_inst/ro_gen[888].ro/ro_1
heat_gen[0].heat_inst/ro_gen[888].ro/ro_2.
Related violations: <none>

LUTLP-2#876 Warning
Combinatorial Loop Allowed  
3 LUT cells form a combinatorial loop. This can create a race condition. Timing analysis may not be accurate. The preferred resolution is to modify the design to remove combinatorial logic loops. This loop has been identified in the constraints as being known and understood by use of the ALLOW_COMBINATORIAL_LOOPS property on a net in the loop. The cells in the loop are: heat_gen[0].heat_inst/ro_gen[889].ro/ro_0,
heat_gen[0].heat_inst/ro_gen[889].ro/ro_1
heat_gen[0].heat_inst/ro_gen[889].ro/ro_2.
Related violations: <none>

LUTLP-2#877 Warning
Combinatorial Loop Allowed  
3 LUT cells form a combinatorial loop. This can create a race condition. Timing analysis may not be accurate. The preferred resolution is to modify the design to remove combinatorial logic loops. This loop has been identified in the constraints as being known and understood by use of the ALLOW_COMBINATORIAL_LOOPS property on a net in the loop. The cells in the loop are: heat_gen[0].heat_inst/ro_gen[88].ro/ro_0,
heat_gen[0].heat_inst/ro_gen[88].ro/ro_1
heat_gen[0].heat_inst/ro_gen[88].ro/ro_2.
Related violations: <none>

LUTLP-2#878 Warning
Combinatorial Loop Allowed  
3 LUT cells form a combinatorial loop. This can create a race condition. Timing analysis may not be accurate. The preferred resolution is to modify the design to remove combinatorial logic loops. This loop has been identified in the constraints as being known and understood by use of the ALLOW_COMBINATORIAL_LOOPS property on a net in the loop. The cells in the loop are: heat_gen[0].heat_inst/ro_gen[890].ro/ro_0,
heat_gen[0].heat_inst/ro_gen[890].ro/ro_1
heat_gen[0].heat_inst/ro_gen[890].ro/ro_2.
Related violations: <none>

LUTLP-2#879 Warning
Combinatorial Loop Allowed  
3 LUT cells form a combinatorial loop. This can create a race condition. Timing analysis may not be accurate. The preferred resolution is to modify the design to remove combinatorial logic loops. This loop has been identified in the constraints as being known and understood by use of the ALLOW_COMBINATORIAL_LOOPS property on a net in the loop. The cells in the loop are: heat_gen[0].heat_inst/ro_gen[891].ro/ro_0,
heat_gen[0].heat_inst/ro_gen[891].ro/ro_1
heat_gen[0].heat_inst/ro_gen[891].ro/ro_2.
Related violations: <none>

LUTLP-2#880 Warning
Combinatorial Loop Allowed  
3 LUT cells form a combinatorial loop. This can create a race condition. Timing analysis may not be accurate. The preferred resolution is to modify the design to remove combinatorial logic loops. This loop has been identified in the constraints as being known and understood by use of the ALLOW_COMBINATORIAL_LOOPS property on a net in the loop. The cells in the loop are: heat_gen[0].heat_inst/ro_gen[892].ro/ro_0,
heat_gen[0].heat_inst/ro_gen[892].ro/ro_1
heat_gen[0].heat_inst/ro_gen[892].ro/ro_2.
Related violations: <none>

LUTLP-2#881 Warning
Combinatorial Loop Allowed  
3 LUT cells form a combinatorial loop. This can create a race condition. Timing analysis may not be accurate. The preferred resolution is to modify the design to remove combinatorial logic loops. This loop has been identified in the constraints as being known and understood by use of the ALLOW_COMBINATORIAL_LOOPS property on a net in the loop. The cells in the loop are: heat_gen[0].heat_inst/ro_gen[893].ro/ro_0,
heat_gen[0].heat_inst/ro_gen[893].ro/ro_1
heat_gen[0].heat_inst/ro_gen[893].ro/ro_2.
Related violations: <none>

LUTLP-2#882 Warning
Combinatorial Loop Allowed  
3 LUT cells form a combinatorial loop. This can create a race condition. Timing analysis may not be accurate. The preferred resolution is to modify the design to remove combinatorial logic loops. This loop has been identified in the constraints as being known and understood by use of the ALLOW_COMBINATORIAL_LOOPS property on a net in the loop. The cells in the loop are: heat_gen[0].heat_inst/ro_gen[894].ro/ro_0,
heat_gen[0].heat_inst/ro_gen[894].ro/ro_1
heat_gen[0].heat_inst/ro_gen[894].ro/ro_2.
Related violations: <none>

LUTLP-2#883 Warning
Combinatorial Loop Allowed  
3 LUT cells form a combinatorial loop. This can create a race condition. Timing analysis may not be accurate. The preferred resolution is to modify the design to remove combinatorial logic loops. This loop has been identified in the constraints as being known and understood by use of the ALLOW_COMBINATORIAL_LOOPS property on a net in the loop. The cells in the loop are: heat_gen[0].heat_inst/ro_gen[895].ro/ro_0,
heat_gen[0].heat_inst/ro_gen[895].ro/ro_1
heat_gen[0].heat_inst/ro_gen[895].ro/ro_2.
Related violations: <none>

LUTLP-2#884 Warning
Combinatorial Loop Allowed  
3 LUT cells form a combinatorial loop. This can create a race condition. Timing analysis may not be accurate. The preferred resolution is to modify the design to remove combinatorial logic loops. This loop has been identified in the constraints as being known and understood by use of the ALLOW_COMBINATORIAL_LOOPS property on a net in the loop. The cells in the loop are: heat_gen[0].heat_inst/ro_gen[896].ro/ro_0,
heat_gen[0].heat_inst/ro_gen[896].ro/ro_1
heat_gen[0].heat_inst/ro_gen[896].ro/ro_2.
Related violations: <none>

LUTLP-2#885 Warning
Combinatorial Loop Allowed  
3 LUT cells form a combinatorial loop. This can create a race condition. Timing analysis may not be accurate. The preferred resolution is to modify the design to remove combinatorial logic loops. This loop has been identified in the constraints as being known and understood by use of the ALLOW_COMBINATORIAL_LOOPS property on a net in the loop. The cells in the loop are: heat_gen[0].heat_inst/ro_gen[897].ro/ro_0,
heat_gen[0].heat_inst/ro_gen[897].ro/ro_1
heat_gen[0].heat_inst/ro_gen[897].ro/ro_2.
Related violations: <none>

LUTLP-2#886 Warning
Combinatorial Loop Allowed  
3 LUT cells form a combinatorial loop. This can create a race condition. Timing analysis may not be accurate. The preferred resolution is to modify the design to remove combinatorial logic loops. This loop has been identified in the constraints as being known and understood by use of the ALLOW_COMBINATORIAL_LOOPS property on a net in the loop. The cells in the loop are: heat_gen[0].heat_inst/ro_gen[898].ro/ro_0,
heat_gen[0].heat_inst/ro_gen[898].ro/ro_1
heat_gen[0].heat_inst/ro_gen[898].ro/ro_2.
Related violations: <none>

LUTLP-2#887 Warning
Combinatorial Loop Allowed  
3 LUT cells form a combinatorial loop. This can create a race condition. Timing analysis may not be accurate. The preferred resolution is to modify the design to remove combinatorial logic loops. This loop has been identified in the constraints as being known and understood by use of the ALLOW_COMBINATORIAL_LOOPS property on a net in the loop. The cells in the loop are: heat_gen[0].heat_inst/ro_gen[899].ro/ro_0,
heat_gen[0].heat_inst/ro_gen[899].ro/ro_1
heat_gen[0].heat_inst/ro_gen[899].ro/ro_2.
Related violations: <none>

LUTLP-2#888 Warning
Combinatorial Loop Allowed  
3 LUT cells form a combinatorial loop. This can create a race condition. Timing analysis may not be accurate. The preferred resolution is to modify the design to remove combinatorial logic loops. This loop has been identified in the constraints as being known and understood by use of the ALLOW_COMBINATORIAL_LOOPS property on a net in the loop. The cells in the loop are: heat_gen[0].heat_inst/ro_gen[89].ro/ro_0,
heat_gen[0].heat_inst/ro_gen[89].ro/ro_1
heat_gen[0].heat_inst/ro_gen[89].ro/ro_2.
Related violations: <none>

LUTLP-2#889 Warning
Combinatorial Loop Allowed  
3 LUT cells form a combinatorial loop. This can create a race condition. Timing analysis may not be accurate. The preferred resolution is to modify the design to remove combinatorial logic loops. This loop has been identified in the constraints as being known and understood by use of the ALLOW_COMBINATORIAL_LOOPS property on a net in the loop. The cells in the loop are: heat_gen[0].heat_inst/ro_gen[8].ro/ro_0,
heat_gen[0].heat_inst/ro_gen[8].ro/ro_1
heat_gen[0].heat_inst/ro_gen[8].ro/ro_2.
Related violations: <none>

LUTLP-2#890 Warning
Combinatorial Loop Allowed  
3 LUT cells form a combinatorial loop. This can create a race condition. Timing analysis may not be accurate. The preferred resolution is to modify the design to remove combinatorial logic loops. This loop has been identified in the constraints as being known and understood by use of the ALLOW_COMBINATORIAL_LOOPS property on a net in the loop. The cells in the loop are: heat_gen[0].heat_inst/ro_gen[900].ro/ro_0,
heat_gen[0].heat_inst/ro_gen[900].ro/ro_1
heat_gen[0].heat_inst/ro_gen[900].ro/ro_2.
Related violations: <none>

LUTLP-2#891 Warning
Combinatorial Loop Allowed  
3 LUT cells form a combinatorial loop. This can create a race condition. Timing analysis may not be accurate. The preferred resolution is to modify the design to remove combinatorial logic loops. This loop has been identified in the constraints as being known and understood by use of the ALLOW_COMBINATORIAL_LOOPS property on a net in the loop. The cells in the loop are: heat_gen[0].heat_inst/ro_gen[901].ro/ro_0,
heat_gen[0].heat_inst/ro_gen[901].ro/ro_1
heat_gen[0].heat_inst/ro_gen[901].ro/ro_2.
Related violations: <none>

LUTLP-2#892 Warning
Combinatorial Loop Allowed  
3 LUT cells form a combinatorial loop. This can create a race condition. Timing analysis may not be accurate. The preferred resolution is to modify the design to remove combinatorial logic loops. This loop has been identified in the constraints as being known and understood by use of the ALLOW_COMBINATORIAL_LOOPS property on a net in the loop. The cells in the loop are: heat_gen[0].heat_inst/ro_gen[902].ro/ro_0,
heat_gen[0].heat_inst/ro_gen[902].ro/ro_1
heat_gen[0].heat_inst/ro_gen[902].ro/ro_2.
Related violations: <none>

LUTLP-2#893 Warning
Combinatorial Loop Allowed  
3 LUT cells form a combinatorial loop. This can create a race condition. Timing analysis may not be accurate. The preferred resolution is to modify the design to remove combinatorial logic loops. This loop has been identified in the constraints as being known and understood by use of the ALLOW_COMBINATORIAL_LOOPS property on a net in the loop. The cells in the loop are: heat_gen[0].heat_inst/ro_gen[903].ro/ro_0,
heat_gen[0].heat_inst/ro_gen[903].ro/ro_1
heat_gen[0].heat_inst/ro_gen[903].ro/ro_2.
Related violations: <none>

LUTLP-2#894 Warning
Combinatorial Loop Allowed  
3 LUT cells form a combinatorial loop. This can create a race condition. Timing analysis may not be accurate. The preferred resolution is to modify the design to remove combinatorial logic loops. This loop has been identified in the constraints as being known and understood by use of the ALLOW_COMBINATORIAL_LOOPS property on a net in the loop. The cells in the loop are: heat_gen[0].heat_inst/ro_gen[904].ro/ro_0,
heat_gen[0].heat_inst/ro_gen[904].ro/ro_1
heat_gen[0].heat_inst/ro_gen[904].ro/ro_2.
Related violations: <none>

LUTLP-2#895 Warning
Combinatorial Loop Allowed  
3 LUT cells form a combinatorial loop. This can create a race condition. Timing analysis may not be accurate. The preferred resolution is to modify the design to remove combinatorial logic loops. This loop has been identified in the constraints as being known and understood by use of the ALLOW_COMBINATORIAL_LOOPS property on a net in the loop. The cells in the loop are: heat_gen[0].heat_inst/ro_gen[905].ro/ro_0,
heat_gen[0].heat_inst/ro_gen[905].ro/ro_1
heat_gen[0].heat_inst/ro_gen[905].ro/ro_2.
Related violations: <none>

LUTLP-2#896 Warning
Combinatorial Loop Allowed  
3 LUT cells form a combinatorial loop. This can create a race condition. Timing analysis may not be accurate. The preferred resolution is to modify the design to remove combinatorial logic loops. This loop has been identified in the constraints as being known and understood by use of the ALLOW_COMBINATORIAL_LOOPS property on a net in the loop. The cells in the loop are: heat_gen[0].heat_inst/ro_gen[906].ro/ro_0,
heat_gen[0].heat_inst/ro_gen[906].ro/ro_1
heat_gen[0].heat_inst/ro_gen[906].ro/ro_2.
Related violations: <none>

LUTLP-2#897 Warning
Combinatorial Loop Allowed  
3 LUT cells form a combinatorial loop. This can create a race condition. Timing analysis may not be accurate. The preferred resolution is to modify the design to remove combinatorial logic loops. This loop has been identified in the constraints as being known and understood by use of the ALLOW_COMBINATORIAL_LOOPS property on a net in the loop. The cells in the loop are: heat_gen[0].heat_inst/ro_gen[907].ro/ro_0,
heat_gen[0].heat_inst/ro_gen[907].ro/ro_1
heat_gen[0].heat_inst/ro_gen[907].ro/ro_2.
Related violations: <none>

LUTLP-2#898 Warning
Combinatorial Loop Allowed  
3 LUT cells form a combinatorial loop. This can create a race condition. Timing analysis may not be accurate. The preferred resolution is to modify the design to remove combinatorial logic loops. This loop has been identified in the constraints as being known and understood by use of the ALLOW_COMBINATORIAL_LOOPS property on a net in the loop. The cells in the loop are: heat_gen[0].heat_inst/ro_gen[908].ro/ro_0,
heat_gen[0].heat_inst/ro_gen[908].ro/ro_1
heat_gen[0].heat_inst/ro_gen[908].ro/ro_2.
Related violations: <none>

LUTLP-2#899 Warning
Combinatorial Loop Allowed  
3 LUT cells form a combinatorial loop. This can create a race condition. Timing analysis may not be accurate. The preferred resolution is to modify the design to remove combinatorial logic loops. This loop has been identified in the constraints as being known and understood by use of the ALLOW_COMBINATORIAL_LOOPS property on a net in the loop. The cells in the loop are: heat_gen[0].heat_inst/ro_gen[909].ro/ro_0,
heat_gen[0].heat_inst/ro_gen[909].ro/ro_1
heat_gen[0].heat_inst/ro_gen[909].ro/ro_2.
Related violations: <none>

LUTLP-2#900 Warning
Combinatorial Loop Allowed  
3 LUT cells form a combinatorial loop. This can create a race condition. Timing analysis may not be accurate. The preferred resolution is to modify the design to remove combinatorial logic loops. This loop has been identified in the constraints as being known and understood by use of the ALLOW_COMBINATORIAL_LOOPS property on a net in the loop. The cells in the loop are: heat_gen[0].heat_inst/ro_gen[90].ro/ro_0,
heat_gen[0].heat_inst/ro_gen[90].ro/ro_1
heat_gen[0].heat_inst/ro_gen[90].ro/ro_2.
Related violations: <none>

LUTLP-2#901 Warning
Combinatorial Loop Allowed  
3 LUT cells form a combinatorial loop. This can create a race condition. Timing analysis may not be accurate. The preferred resolution is to modify the design to remove combinatorial logic loops. This loop has been identified in the constraints as being known and understood by use of the ALLOW_COMBINATORIAL_LOOPS property on a net in the loop. The cells in the loop are: heat_gen[0].heat_inst/ro_gen[910].ro/ro_0,
heat_gen[0].heat_inst/ro_gen[910].ro/ro_1
heat_gen[0].heat_inst/ro_gen[910].ro/ro_2.
Related violations: <none>

LUTLP-2#902 Warning
Combinatorial Loop Allowed  
3 LUT cells form a combinatorial loop. This can create a race condition. Timing analysis may not be accurate. The preferred resolution is to modify the design to remove combinatorial logic loops. This loop has been identified in the constraints as being known and understood by use of the ALLOW_COMBINATORIAL_LOOPS property on a net in the loop. The cells in the loop are: heat_gen[0].heat_inst/ro_gen[911].ro/ro_0,
heat_gen[0].heat_inst/ro_gen[911].ro/ro_1
heat_gen[0].heat_inst/ro_gen[911].ro/ro_2.
Related violations: <none>

LUTLP-2#903 Warning
Combinatorial Loop Allowed  
3 LUT cells form a combinatorial loop. This can create a race condition. Timing analysis may not be accurate. The preferred resolution is to modify the design to remove combinatorial logic loops. This loop has been identified in the constraints as being known and understood by use of the ALLOW_COMBINATORIAL_LOOPS property on a net in the loop. The cells in the loop are: heat_gen[0].heat_inst/ro_gen[912].ro/ro_0,
heat_gen[0].heat_inst/ro_gen[912].ro/ro_1
heat_gen[0].heat_inst/ro_gen[912].ro/ro_2.
Related violations: <none>

LUTLP-2#904 Warning
Combinatorial Loop Allowed  
3 LUT cells form a combinatorial loop. This can create a race condition. Timing analysis may not be accurate. The preferred resolution is to modify the design to remove combinatorial logic loops. This loop has been identified in the constraints as being known and understood by use of the ALLOW_COMBINATORIAL_LOOPS property on a net in the loop. The cells in the loop are: heat_gen[0].heat_inst/ro_gen[913].ro/ro_0,
heat_gen[0].heat_inst/ro_gen[913].ro/ro_1
heat_gen[0].heat_inst/ro_gen[913].ro/ro_2.
Related violations: <none>

LUTLP-2#905 Warning
Combinatorial Loop Allowed  
3 LUT cells form a combinatorial loop. This can create a race condition. Timing analysis may not be accurate. The preferred resolution is to modify the design to remove combinatorial logic loops. This loop has been identified in the constraints as being known and understood by use of the ALLOW_COMBINATORIAL_LOOPS property on a net in the loop. The cells in the loop are: heat_gen[0].heat_inst/ro_gen[914].ro/ro_0,
heat_gen[0].heat_inst/ro_gen[914].ro/ro_1
heat_gen[0].heat_inst/ro_gen[914].ro/ro_2.
Related violations: <none>

LUTLP-2#906 Warning
Combinatorial Loop Allowed  
3 LUT cells form a combinatorial loop. This can create a race condition. Timing analysis may not be accurate. The preferred resolution is to modify the design to remove combinatorial logic loops. This loop has been identified in the constraints as being known and understood by use of the ALLOW_COMBINATORIAL_LOOPS property on a net in the loop. The cells in the loop are: heat_gen[0].heat_inst/ro_gen[915].ro/ro_0,
heat_gen[0].heat_inst/ro_gen[915].ro/ro_1
heat_gen[0].heat_inst/ro_gen[915].ro/ro_2.
Related violations: <none>

LUTLP-2#907 Warning
Combinatorial Loop Allowed  
3 LUT cells form a combinatorial loop. This can create a race condition. Timing analysis may not be accurate. The preferred resolution is to modify the design to remove combinatorial logic loops. This loop has been identified in the constraints as being known and understood by use of the ALLOW_COMBINATORIAL_LOOPS property on a net in the loop. The cells in the loop are: heat_gen[0].heat_inst/ro_gen[916].ro/ro_0,
heat_gen[0].heat_inst/ro_gen[916].ro/ro_1
heat_gen[0].heat_inst/ro_gen[916].ro/ro_2.
Related violations: <none>

LUTLP-2#908 Warning
Combinatorial Loop Allowed  
3 LUT cells form a combinatorial loop. This can create a race condition. Timing analysis may not be accurate. The preferred resolution is to modify the design to remove combinatorial logic loops. This loop has been identified in the constraints as being known and understood by use of the ALLOW_COMBINATORIAL_LOOPS property on a net in the loop. The cells in the loop are: heat_gen[0].heat_inst/ro_gen[917].ro/ro_0,
heat_gen[0].heat_inst/ro_gen[917].ro/ro_1
heat_gen[0].heat_inst/ro_gen[917].ro/ro_2.
Related violations: <none>

LUTLP-2#909 Warning
Combinatorial Loop Allowed  
3 LUT cells form a combinatorial loop. This can create a race condition. Timing analysis may not be accurate. The preferred resolution is to modify the design to remove combinatorial logic loops. This loop has been identified in the constraints as being known and understood by use of the ALLOW_COMBINATORIAL_LOOPS property on a net in the loop. The cells in the loop are: heat_gen[0].heat_inst/ro_gen[918].ro/ro_0,
heat_gen[0].heat_inst/ro_gen[918].ro/ro_1
heat_gen[0].heat_inst/ro_gen[918].ro/ro_2.
Related violations: <none>

LUTLP-2#910 Warning
Combinatorial Loop Allowed  
3 LUT cells form a combinatorial loop. This can create a race condition. Timing analysis may not be accurate. The preferred resolution is to modify the design to remove combinatorial logic loops. This loop has been identified in the constraints as being known and understood by use of the ALLOW_COMBINATORIAL_LOOPS property on a net in the loop. The cells in the loop are: heat_gen[0].heat_inst/ro_gen[919].ro/ro_0,
heat_gen[0].heat_inst/ro_gen[919].ro/ro_1
heat_gen[0].heat_inst/ro_gen[919].ro/ro_2.
Related violations: <none>

LUTLP-2#911 Warning
Combinatorial Loop Allowed  
3 LUT cells form a combinatorial loop. This can create a race condition. Timing analysis may not be accurate. The preferred resolution is to modify the design to remove combinatorial logic loops. This loop has been identified in the constraints as being known and understood by use of the ALLOW_COMBINATORIAL_LOOPS property on a net in the loop. The cells in the loop are: heat_gen[0].heat_inst/ro_gen[91].ro/ro_0,
heat_gen[0].heat_inst/ro_gen[91].ro/ro_1
heat_gen[0].heat_inst/ro_gen[91].ro/ro_2.
Related violations: <none>

LUTLP-2#912 Warning
Combinatorial Loop Allowed  
3 LUT cells form a combinatorial loop. This can create a race condition. Timing analysis may not be accurate. The preferred resolution is to modify the design to remove combinatorial logic loops. This loop has been identified in the constraints as being known and understood by use of the ALLOW_COMBINATORIAL_LOOPS property on a net in the loop. The cells in the loop are: heat_gen[0].heat_inst/ro_gen[920].ro/ro_0,
heat_gen[0].heat_inst/ro_gen[920].ro/ro_1
heat_gen[0].heat_inst/ro_gen[920].ro/ro_2.
Related violations: <none>

LUTLP-2#913 Warning
Combinatorial Loop Allowed  
3 LUT cells form a combinatorial loop. This can create a race condition. Timing analysis may not be accurate. The preferred resolution is to modify the design to remove combinatorial logic loops. This loop has been identified in the constraints as being known and understood by use of the ALLOW_COMBINATORIAL_LOOPS property on a net in the loop. The cells in the loop are: heat_gen[0].heat_inst/ro_gen[921].ro/ro_0,
heat_gen[0].heat_inst/ro_gen[921].ro/ro_1
heat_gen[0].heat_inst/ro_gen[921].ro/ro_2.
Related violations: <none>

LUTLP-2#914 Warning
Combinatorial Loop Allowed  
3 LUT cells form a combinatorial loop. This can create a race condition. Timing analysis may not be accurate. The preferred resolution is to modify the design to remove combinatorial logic loops. This loop has been identified in the constraints as being known and understood by use of the ALLOW_COMBINATORIAL_LOOPS property on a net in the loop. The cells in the loop are: heat_gen[0].heat_inst/ro_gen[922].ro/ro_0,
heat_gen[0].heat_inst/ro_gen[922].ro/ro_1
heat_gen[0].heat_inst/ro_gen[922].ro/ro_2.
Related violations: <none>

LUTLP-2#915 Warning
Combinatorial Loop Allowed  
3 LUT cells form a combinatorial loop. This can create a race condition. Timing analysis may not be accurate. The preferred resolution is to modify the design to remove combinatorial logic loops. This loop has been identified in the constraints as being known and understood by use of the ALLOW_COMBINATORIAL_LOOPS property on a net in the loop. The cells in the loop are: heat_gen[0].heat_inst/ro_gen[923].ro/ro_0,
heat_gen[0].heat_inst/ro_gen[923].ro/ro_1
heat_gen[0].heat_inst/ro_gen[923].ro/ro_2.
Related violations: <none>

LUTLP-2#916 Warning
Combinatorial Loop Allowed  
3 LUT cells form a combinatorial loop. This can create a race condition. Timing analysis may not be accurate. The preferred resolution is to modify the design to remove combinatorial logic loops. This loop has been identified in the constraints as being known and understood by use of the ALLOW_COMBINATORIAL_LOOPS property on a net in the loop. The cells in the loop are: heat_gen[0].heat_inst/ro_gen[924].ro/ro_0,
heat_gen[0].heat_inst/ro_gen[924].ro/ro_1
heat_gen[0].heat_inst/ro_gen[924].ro/ro_2.
Related violations: <none>

LUTLP-2#917 Warning
Combinatorial Loop Allowed  
3 LUT cells form a combinatorial loop. This can create a race condition. Timing analysis may not be accurate. The preferred resolution is to modify the design to remove combinatorial logic loops. This loop has been identified in the constraints as being known and understood by use of the ALLOW_COMBINATORIAL_LOOPS property on a net in the loop. The cells in the loop are: heat_gen[0].heat_inst/ro_gen[925].ro/ro_0,
heat_gen[0].heat_inst/ro_gen[925].ro/ro_1
heat_gen[0].heat_inst/ro_gen[925].ro/ro_2.
Related violations: <none>

LUTLP-2#918 Warning
Combinatorial Loop Allowed  
3 LUT cells form a combinatorial loop. This can create a race condition. Timing analysis may not be accurate. The preferred resolution is to modify the design to remove combinatorial logic loops. This loop has been identified in the constraints as being known and understood by use of the ALLOW_COMBINATORIAL_LOOPS property on a net in the loop. The cells in the loop are: heat_gen[0].heat_inst/ro_gen[926].ro/ro_0,
heat_gen[0].heat_inst/ro_gen[926].ro/ro_1
heat_gen[0].heat_inst/ro_gen[926].ro/ro_2.
Related violations: <none>

LUTLP-2#919 Warning
Combinatorial Loop Allowed  
3 LUT cells form a combinatorial loop. This can create a race condition. Timing analysis may not be accurate. The preferred resolution is to modify the design to remove combinatorial logic loops. This loop has been identified in the constraints as being known and understood by use of the ALLOW_COMBINATORIAL_LOOPS property on a net in the loop. The cells in the loop are: heat_gen[0].heat_inst/ro_gen[927].ro/ro_0,
heat_gen[0].heat_inst/ro_gen[927].ro/ro_1
heat_gen[0].heat_inst/ro_gen[927].ro/ro_2.
Related violations: <none>

LUTLP-2#920 Warning
Combinatorial Loop Allowed  
3 LUT cells form a combinatorial loop. This can create a race condition. Timing analysis may not be accurate. The preferred resolution is to modify the design to remove combinatorial logic loops. This loop has been identified in the constraints as being known and understood by use of the ALLOW_COMBINATORIAL_LOOPS property on a net in the loop. The cells in the loop are: heat_gen[0].heat_inst/ro_gen[928].ro/ro_0,
heat_gen[0].heat_inst/ro_gen[928].ro/ro_1
heat_gen[0].heat_inst/ro_gen[928].ro/ro_2.
Related violations: <none>

LUTLP-2#921 Warning
Combinatorial Loop Allowed  
3 LUT cells form a combinatorial loop. This can create a race condition. Timing analysis may not be accurate. The preferred resolution is to modify the design to remove combinatorial logic loops. This loop has been identified in the constraints as being known and understood by use of the ALLOW_COMBINATORIAL_LOOPS property on a net in the loop. The cells in the loop are: heat_gen[0].heat_inst/ro_gen[929].ro/ro_0,
heat_gen[0].heat_inst/ro_gen[929].ro/ro_1
heat_gen[0].heat_inst/ro_gen[929].ro/ro_2.
Related violations: <none>

LUTLP-2#922 Warning
Combinatorial Loop Allowed  
3 LUT cells form a combinatorial loop. This can create a race condition. Timing analysis may not be accurate. The preferred resolution is to modify the design to remove combinatorial logic loops. This loop has been identified in the constraints as being known and understood by use of the ALLOW_COMBINATORIAL_LOOPS property on a net in the loop. The cells in the loop are: heat_gen[0].heat_inst/ro_gen[92].ro/ro_0,
heat_gen[0].heat_inst/ro_gen[92].ro/ro_1
heat_gen[0].heat_inst/ro_gen[92].ro/ro_2.
Related violations: <none>

LUTLP-2#923 Warning
Combinatorial Loop Allowed  
3 LUT cells form a combinatorial loop. This can create a race condition. Timing analysis may not be accurate. The preferred resolution is to modify the design to remove combinatorial logic loops. This loop has been identified in the constraints as being known and understood by use of the ALLOW_COMBINATORIAL_LOOPS property on a net in the loop. The cells in the loop are: heat_gen[0].heat_inst/ro_gen[930].ro/ro_0,
heat_gen[0].heat_inst/ro_gen[930].ro/ro_1
heat_gen[0].heat_inst/ro_gen[930].ro/ro_2.
Related violations: <none>

LUTLP-2#924 Warning
Combinatorial Loop Allowed  
3 LUT cells form a combinatorial loop. This can create a race condition. Timing analysis may not be accurate. The preferred resolution is to modify the design to remove combinatorial logic loops. This loop has been identified in the constraints as being known and understood by use of the ALLOW_COMBINATORIAL_LOOPS property on a net in the loop. The cells in the loop are: heat_gen[0].heat_inst/ro_gen[931].ro/ro_0,
heat_gen[0].heat_inst/ro_gen[931].ro/ro_1
heat_gen[0].heat_inst/ro_gen[931].ro/ro_2.
Related violations: <none>

LUTLP-2#925 Warning
Combinatorial Loop Allowed  
3 LUT cells form a combinatorial loop. This can create a race condition. Timing analysis may not be accurate. The preferred resolution is to modify the design to remove combinatorial logic loops. This loop has been identified in the constraints as being known and understood by use of the ALLOW_COMBINATORIAL_LOOPS property on a net in the loop. The cells in the loop are: heat_gen[0].heat_inst/ro_gen[932].ro/ro_0,
heat_gen[0].heat_inst/ro_gen[932].ro/ro_1
heat_gen[0].heat_inst/ro_gen[932].ro/ro_2.
Related violations: <none>

LUTLP-2#926 Warning
Combinatorial Loop Allowed  
3 LUT cells form a combinatorial loop. This can create a race condition. Timing analysis may not be accurate. The preferred resolution is to modify the design to remove combinatorial logic loops. This loop has been identified in the constraints as being known and understood by use of the ALLOW_COMBINATORIAL_LOOPS property on a net in the loop. The cells in the loop are: heat_gen[0].heat_inst/ro_gen[933].ro/ro_0,
heat_gen[0].heat_inst/ro_gen[933].ro/ro_1
heat_gen[0].heat_inst/ro_gen[933].ro/ro_2.
Related violations: <none>

LUTLP-2#927 Warning
Combinatorial Loop Allowed  
3 LUT cells form a combinatorial loop. This can create a race condition. Timing analysis may not be accurate. The preferred resolution is to modify the design to remove combinatorial logic loops. This loop has been identified in the constraints as being known and understood by use of the ALLOW_COMBINATORIAL_LOOPS property on a net in the loop. The cells in the loop are: heat_gen[0].heat_inst/ro_gen[934].ro/ro_0,
heat_gen[0].heat_inst/ro_gen[934].ro/ro_1
heat_gen[0].heat_inst/ro_gen[934].ro/ro_2.
Related violations: <none>

LUTLP-2#928 Warning
Combinatorial Loop Allowed  
3 LUT cells form a combinatorial loop. This can create a race condition. Timing analysis may not be accurate. The preferred resolution is to modify the design to remove combinatorial logic loops. This loop has been identified in the constraints as being known and understood by use of the ALLOW_COMBINATORIAL_LOOPS property on a net in the loop. The cells in the loop are: heat_gen[0].heat_inst/ro_gen[935].ro/ro_0,
heat_gen[0].heat_inst/ro_gen[935].ro/ro_1
heat_gen[0].heat_inst/ro_gen[935].ro/ro_2.
Related violations: <none>

LUTLP-2#929 Warning
Combinatorial Loop Allowed  
3 LUT cells form a combinatorial loop. This can create a race condition. Timing analysis may not be accurate. The preferred resolution is to modify the design to remove combinatorial logic loops. This loop has been identified in the constraints as being known and understood by use of the ALLOW_COMBINATORIAL_LOOPS property on a net in the loop. The cells in the loop are: heat_gen[0].heat_inst/ro_gen[936].ro/ro_0,
heat_gen[0].heat_inst/ro_gen[936].ro/ro_1
heat_gen[0].heat_inst/ro_gen[936].ro/ro_2.
Related violations: <none>

LUTLP-2#930 Warning
Combinatorial Loop Allowed  
3 LUT cells form a combinatorial loop. This can create a race condition. Timing analysis may not be accurate. The preferred resolution is to modify the design to remove combinatorial logic loops. This loop has been identified in the constraints as being known and understood by use of the ALLOW_COMBINATORIAL_LOOPS property on a net in the loop. The cells in the loop are: heat_gen[0].heat_inst/ro_gen[937].ro/ro_0,
heat_gen[0].heat_inst/ro_gen[937].ro/ro_1
heat_gen[0].heat_inst/ro_gen[937].ro/ro_2.
Related violations: <none>

LUTLP-2#931 Warning
Combinatorial Loop Allowed  
3 LUT cells form a combinatorial loop. This can create a race condition. Timing analysis may not be accurate. The preferred resolution is to modify the design to remove combinatorial logic loops. This loop has been identified in the constraints as being known and understood by use of the ALLOW_COMBINATORIAL_LOOPS property on a net in the loop. The cells in the loop are: heat_gen[0].heat_inst/ro_gen[938].ro/ro_0,
heat_gen[0].heat_inst/ro_gen[938].ro/ro_1
heat_gen[0].heat_inst/ro_gen[938].ro/ro_2.
Related violations: <none>

LUTLP-2#932 Warning
Combinatorial Loop Allowed  
3 LUT cells form a combinatorial loop. This can create a race condition. Timing analysis may not be accurate. The preferred resolution is to modify the design to remove combinatorial logic loops. This loop has been identified in the constraints as being known and understood by use of the ALLOW_COMBINATORIAL_LOOPS property on a net in the loop. The cells in the loop are: heat_gen[0].heat_inst/ro_gen[939].ro/ro_0,
heat_gen[0].heat_inst/ro_gen[939].ro/ro_1
heat_gen[0].heat_inst/ro_gen[939].ro/ro_2.
Related violations: <none>

LUTLP-2#933 Warning
Combinatorial Loop Allowed  
3 LUT cells form a combinatorial loop. This can create a race condition. Timing analysis may not be accurate. The preferred resolution is to modify the design to remove combinatorial logic loops. This loop has been identified in the constraints as being known and understood by use of the ALLOW_COMBINATORIAL_LOOPS property on a net in the loop. The cells in the loop are: heat_gen[0].heat_inst/ro_gen[93].ro/ro_0,
heat_gen[0].heat_inst/ro_gen[93].ro/ro_1
heat_gen[0].heat_inst/ro_gen[93].ro/ro_2.
Related violations: <none>

LUTLP-2#934 Warning
Combinatorial Loop Allowed  
3 LUT cells form a combinatorial loop. This can create a race condition. Timing analysis may not be accurate. The preferred resolution is to modify the design to remove combinatorial logic loops. This loop has been identified in the constraints as being known and understood by use of the ALLOW_COMBINATORIAL_LOOPS property on a net in the loop. The cells in the loop are: heat_gen[0].heat_inst/ro_gen[940].ro/ro_0,
heat_gen[0].heat_inst/ro_gen[940].ro/ro_1
heat_gen[0].heat_inst/ro_gen[940].ro/ro_2.
Related violations: <none>

LUTLP-2#935 Warning
Combinatorial Loop Allowed  
3 LUT cells form a combinatorial loop. This can create a race condition. Timing analysis may not be accurate. The preferred resolution is to modify the design to remove combinatorial logic loops. This loop has been identified in the constraints as being known and understood by use of the ALLOW_COMBINATORIAL_LOOPS property on a net in the loop. The cells in the loop are: heat_gen[0].heat_inst/ro_gen[941].ro/ro_0,
heat_gen[0].heat_inst/ro_gen[941].ro/ro_1
heat_gen[0].heat_inst/ro_gen[941].ro/ro_2.
Related violations: <none>

LUTLP-2#936 Warning
Combinatorial Loop Allowed  
3 LUT cells form a combinatorial loop. This can create a race condition. Timing analysis may not be accurate. The preferred resolution is to modify the design to remove combinatorial logic loops. This loop has been identified in the constraints as being known and understood by use of the ALLOW_COMBINATORIAL_LOOPS property on a net in the loop. The cells in the loop are: heat_gen[0].heat_inst/ro_gen[942].ro/ro_0,
heat_gen[0].heat_inst/ro_gen[942].ro/ro_1
heat_gen[0].heat_inst/ro_gen[942].ro/ro_2.
Related violations: <none>

LUTLP-2#937 Warning
Combinatorial Loop Allowed  
3 LUT cells form a combinatorial loop. This can create a race condition. Timing analysis may not be accurate. The preferred resolution is to modify the design to remove combinatorial logic loops. This loop has been identified in the constraints as being known and understood by use of the ALLOW_COMBINATORIAL_LOOPS property on a net in the loop. The cells in the loop are: heat_gen[0].heat_inst/ro_gen[943].ro/ro_0,
heat_gen[0].heat_inst/ro_gen[943].ro/ro_1
heat_gen[0].heat_inst/ro_gen[943].ro/ro_2.
Related violations: <none>

LUTLP-2#938 Warning
Combinatorial Loop Allowed  
3 LUT cells form a combinatorial loop. This can create a race condition. Timing analysis may not be accurate. The preferred resolution is to modify the design to remove combinatorial logic loops. This loop has been identified in the constraints as being known and understood by use of the ALLOW_COMBINATORIAL_LOOPS property on a net in the loop. The cells in the loop are: heat_gen[0].heat_inst/ro_gen[944].ro/ro_0,
heat_gen[0].heat_inst/ro_gen[944].ro/ro_1
heat_gen[0].heat_inst/ro_gen[944].ro/ro_2.
Related violations: <none>

LUTLP-2#939 Warning
Combinatorial Loop Allowed  
3 LUT cells form a combinatorial loop. This can create a race condition. Timing analysis may not be accurate. The preferred resolution is to modify the design to remove combinatorial logic loops. This loop has been identified in the constraints as being known and understood by use of the ALLOW_COMBINATORIAL_LOOPS property on a net in the loop. The cells in the loop are: heat_gen[0].heat_inst/ro_gen[945].ro/ro_0,
heat_gen[0].heat_inst/ro_gen[945].ro/ro_1
heat_gen[0].heat_inst/ro_gen[945].ro/ro_2.
Related violations: <none>

LUTLP-2#940 Warning
Combinatorial Loop Allowed  
3 LUT cells form a combinatorial loop. This can create a race condition. Timing analysis may not be accurate. The preferred resolution is to modify the design to remove combinatorial logic loops. This loop has been identified in the constraints as being known and understood by use of the ALLOW_COMBINATORIAL_LOOPS property on a net in the loop. The cells in the loop are: heat_gen[0].heat_inst/ro_gen[946].ro/ro_0,
heat_gen[0].heat_inst/ro_gen[946].ro/ro_1
heat_gen[0].heat_inst/ro_gen[946].ro/ro_2.
Related violations: <none>

LUTLP-2#941 Warning
Combinatorial Loop Allowed  
3 LUT cells form a combinatorial loop. This can create a race condition. Timing analysis may not be accurate. The preferred resolution is to modify the design to remove combinatorial logic loops. This loop has been identified in the constraints as being known and understood by use of the ALLOW_COMBINATORIAL_LOOPS property on a net in the loop. The cells in the loop are: heat_gen[0].heat_inst/ro_gen[947].ro/ro_0,
heat_gen[0].heat_inst/ro_gen[947].ro/ro_1
heat_gen[0].heat_inst/ro_gen[947].ro/ro_2.
Related violations: <none>

LUTLP-2#942 Warning
Combinatorial Loop Allowed  
3 LUT cells form a combinatorial loop. This can create a race condition. Timing analysis may not be accurate. The preferred resolution is to modify the design to remove combinatorial logic loops. This loop has been identified in the constraints as being known and understood by use of the ALLOW_COMBINATORIAL_LOOPS property on a net in the loop. The cells in the loop are: heat_gen[0].heat_inst/ro_gen[948].ro/ro_0,
heat_gen[0].heat_inst/ro_gen[948].ro/ro_1
heat_gen[0].heat_inst/ro_gen[948].ro/ro_2.
Related violations: <none>

LUTLP-2#943 Warning
Combinatorial Loop Allowed  
3 LUT cells form a combinatorial loop. This can create a race condition. Timing analysis may not be accurate. The preferred resolution is to modify the design to remove combinatorial logic loops. This loop has been identified in the constraints as being known and understood by use of the ALLOW_COMBINATORIAL_LOOPS property on a net in the loop. The cells in the loop are: heat_gen[0].heat_inst/ro_gen[949].ro/ro_0,
heat_gen[0].heat_inst/ro_gen[949].ro/ro_1
heat_gen[0].heat_inst/ro_gen[949].ro/ro_2.
Related violations: <none>

LUTLP-2#944 Warning
Combinatorial Loop Allowed  
3 LUT cells form a combinatorial loop. This can create a race condition. Timing analysis may not be accurate. The preferred resolution is to modify the design to remove combinatorial logic loops. This loop has been identified in the constraints as being known and understood by use of the ALLOW_COMBINATORIAL_LOOPS property on a net in the loop. The cells in the loop are: heat_gen[0].heat_inst/ro_gen[94].ro/ro_0,
heat_gen[0].heat_inst/ro_gen[94].ro/ro_1
heat_gen[0].heat_inst/ro_gen[94].ro/ro_2.
Related violations: <none>

LUTLP-2#945 Warning
Combinatorial Loop Allowed  
3 LUT cells form a combinatorial loop. This can create a race condition. Timing analysis may not be accurate. The preferred resolution is to modify the design to remove combinatorial logic loops. This loop has been identified in the constraints as being known and understood by use of the ALLOW_COMBINATORIAL_LOOPS property on a net in the loop. The cells in the loop are: heat_gen[0].heat_inst/ro_gen[950].ro/ro_0,
heat_gen[0].heat_inst/ro_gen[950].ro/ro_1
heat_gen[0].heat_inst/ro_gen[950].ro/ro_2.
Related violations: <none>

LUTLP-2#946 Warning
Combinatorial Loop Allowed  
3 LUT cells form a combinatorial loop. This can create a race condition. Timing analysis may not be accurate. The preferred resolution is to modify the design to remove combinatorial logic loops. This loop has been identified in the constraints as being known and understood by use of the ALLOW_COMBINATORIAL_LOOPS property on a net in the loop. The cells in the loop are: heat_gen[0].heat_inst/ro_gen[951].ro/ro_0,
heat_gen[0].heat_inst/ro_gen[951].ro/ro_1
heat_gen[0].heat_inst/ro_gen[951].ro/ro_2.
Related violations: <none>

LUTLP-2#947 Warning
Combinatorial Loop Allowed  
3 LUT cells form a combinatorial loop. This can create a race condition. Timing analysis may not be accurate. The preferred resolution is to modify the design to remove combinatorial logic loops. This loop has been identified in the constraints as being known and understood by use of the ALLOW_COMBINATORIAL_LOOPS property on a net in the loop. The cells in the loop are: heat_gen[0].heat_inst/ro_gen[952].ro/ro_0,
heat_gen[0].heat_inst/ro_gen[952].ro/ro_1
heat_gen[0].heat_inst/ro_gen[952].ro/ro_2.
Related violations: <none>

LUTLP-2#948 Warning
Combinatorial Loop Allowed  
3 LUT cells form a combinatorial loop. This can create a race condition. Timing analysis may not be accurate. The preferred resolution is to modify the design to remove combinatorial logic loops. This loop has been identified in the constraints as being known and understood by use of the ALLOW_COMBINATORIAL_LOOPS property on a net in the loop. The cells in the loop are: heat_gen[0].heat_inst/ro_gen[953].ro/ro_0,
heat_gen[0].heat_inst/ro_gen[953].ro/ro_1
heat_gen[0].heat_inst/ro_gen[953].ro/ro_2.
Related violations: <none>

LUTLP-2#949 Warning
Combinatorial Loop Allowed  
3 LUT cells form a combinatorial loop. This can create a race condition. Timing analysis may not be accurate. The preferred resolution is to modify the design to remove combinatorial logic loops. This loop has been identified in the constraints as being known and understood by use of the ALLOW_COMBINATORIAL_LOOPS property on a net in the loop. The cells in the loop are: heat_gen[0].heat_inst/ro_gen[954].ro/ro_0,
heat_gen[0].heat_inst/ro_gen[954].ro/ro_1
heat_gen[0].heat_inst/ro_gen[954].ro/ro_2.
Related violations: <none>

LUTLP-2#950 Warning
Combinatorial Loop Allowed  
3 LUT cells form a combinatorial loop. This can create a race condition. Timing analysis may not be accurate. The preferred resolution is to modify the design to remove combinatorial logic loops. This loop has been identified in the constraints as being known and understood by use of the ALLOW_COMBINATORIAL_LOOPS property on a net in the loop. The cells in the loop are: heat_gen[0].heat_inst/ro_gen[955].ro/ro_0,
heat_gen[0].heat_inst/ro_gen[955].ro/ro_1
heat_gen[0].heat_inst/ro_gen[955].ro/ro_2.
Related violations: <none>

LUTLP-2#951 Warning
Combinatorial Loop Allowed  
3 LUT cells form a combinatorial loop. This can create a race condition. Timing analysis may not be accurate. The preferred resolution is to modify the design to remove combinatorial logic loops. This loop has been identified in the constraints as being known and understood by use of the ALLOW_COMBINATORIAL_LOOPS property on a net in the loop. The cells in the loop are: heat_gen[0].heat_inst/ro_gen[956].ro/ro_0,
heat_gen[0].heat_inst/ro_gen[956].ro/ro_1
heat_gen[0].heat_inst/ro_gen[956].ro/ro_2.
Related violations: <none>

LUTLP-2#952 Warning
Combinatorial Loop Allowed  
3 LUT cells form a combinatorial loop. This can create a race condition. Timing analysis may not be accurate. The preferred resolution is to modify the design to remove combinatorial logic loops. This loop has been identified in the constraints as being known and understood by use of the ALLOW_COMBINATORIAL_LOOPS property on a net in the loop. The cells in the loop are: heat_gen[0].heat_inst/ro_gen[957].ro/ro_0,
heat_gen[0].heat_inst/ro_gen[957].ro/ro_1
heat_gen[0].heat_inst/ro_gen[957].ro/ro_2.
Related violations: <none>

LUTLP-2#953 Warning
Combinatorial Loop Allowed  
3 LUT cells form a combinatorial loop. This can create a race condition. Timing analysis may not be accurate. The preferred resolution is to modify the design to remove combinatorial logic loops. This loop has been identified in the constraints as being known and understood by use of the ALLOW_COMBINATORIAL_LOOPS property on a net in the loop. The cells in the loop are: heat_gen[0].heat_inst/ro_gen[958].ro/ro_0,
heat_gen[0].heat_inst/ro_gen[958].ro/ro_1
heat_gen[0].heat_inst/ro_gen[958].ro/ro_2.
Related violations: <none>

LUTLP-2#954 Warning
Combinatorial Loop Allowed  
3 LUT cells form a combinatorial loop. This can create a race condition. Timing analysis may not be accurate. The preferred resolution is to modify the design to remove combinatorial logic loops. This loop has been identified in the constraints as being known and understood by use of the ALLOW_COMBINATORIAL_LOOPS property on a net in the loop. The cells in the loop are: heat_gen[0].heat_inst/ro_gen[959].ro/ro_0,
heat_gen[0].heat_inst/ro_gen[959].ro/ro_1
heat_gen[0].heat_inst/ro_gen[959].ro/ro_2.
Related violations: <none>

LUTLP-2#955 Warning
Combinatorial Loop Allowed  
3 LUT cells form a combinatorial loop. This can create a race condition. Timing analysis may not be accurate. The preferred resolution is to modify the design to remove combinatorial logic loops. This loop has been identified in the constraints as being known and understood by use of the ALLOW_COMBINATORIAL_LOOPS property on a net in the loop. The cells in the loop are: heat_gen[0].heat_inst/ro_gen[95].ro/ro_0,
heat_gen[0].heat_inst/ro_gen[95].ro/ro_1
heat_gen[0].heat_inst/ro_gen[95].ro/ro_2.
Related violations: <none>

LUTLP-2#956 Warning
Combinatorial Loop Allowed  
3 LUT cells form a combinatorial loop. This can create a race condition. Timing analysis may not be accurate. The preferred resolution is to modify the design to remove combinatorial logic loops. This loop has been identified in the constraints as being known and understood by use of the ALLOW_COMBINATORIAL_LOOPS property on a net in the loop. The cells in the loop are: heat_gen[0].heat_inst/ro_gen[960].ro/ro_0,
heat_gen[0].heat_inst/ro_gen[960].ro/ro_1
heat_gen[0].heat_inst/ro_gen[960].ro/ro_2.
Related violations: <none>

LUTLP-2#957 Warning
Combinatorial Loop Allowed  
3 LUT cells form a combinatorial loop. This can create a race condition. Timing analysis may not be accurate. The preferred resolution is to modify the design to remove combinatorial logic loops. This loop has been identified in the constraints as being known and understood by use of the ALLOW_COMBINATORIAL_LOOPS property on a net in the loop. The cells in the loop are: heat_gen[0].heat_inst/ro_gen[961].ro/ro_0,
heat_gen[0].heat_inst/ro_gen[961].ro/ro_1
heat_gen[0].heat_inst/ro_gen[961].ro/ro_2.
Related violations: <none>

LUTLP-2#958 Warning
Combinatorial Loop Allowed  
3 LUT cells form a combinatorial loop. This can create a race condition. Timing analysis may not be accurate. The preferred resolution is to modify the design to remove combinatorial logic loops. This loop has been identified in the constraints as being known and understood by use of the ALLOW_COMBINATORIAL_LOOPS property on a net in the loop. The cells in the loop are: heat_gen[0].heat_inst/ro_gen[962].ro/ro_0,
heat_gen[0].heat_inst/ro_gen[962].ro/ro_1
heat_gen[0].heat_inst/ro_gen[962].ro/ro_2.
Related violations: <none>

LUTLP-2#959 Warning
Combinatorial Loop Allowed  
3 LUT cells form a combinatorial loop. This can create a race condition. Timing analysis may not be accurate. The preferred resolution is to modify the design to remove combinatorial logic loops. This loop has been identified in the constraints as being known and understood by use of the ALLOW_COMBINATORIAL_LOOPS property on a net in the loop. The cells in the loop are: heat_gen[0].heat_inst/ro_gen[963].ro/ro_0,
heat_gen[0].heat_inst/ro_gen[963].ro/ro_1
heat_gen[0].heat_inst/ro_gen[963].ro/ro_2.
Related violations: <none>

LUTLP-2#960 Warning
Combinatorial Loop Allowed  
3 LUT cells form a combinatorial loop. This can create a race condition. Timing analysis may not be accurate. The preferred resolution is to modify the design to remove combinatorial logic loops. This loop has been identified in the constraints as being known and understood by use of the ALLOW_COMBINATORIAL_LOOPS property on a net in the loop. The cells in the loop are: heat_gen[0].heat_inst/ro_gen[964].ro/ro_0,
heat_gen[0].heat_inst/ro_gen[964].ro/ro_1
heat_gen[0].heat_inst/ro_gen[964].ro/ro_2.
Related violations: <none>

LUTLP-2#961 Warning
Combinatorial Loop Allowed  
3 LUT cells form a combinatorial loop. This can create a race condition. Timing analysis may not be accurate. The preferred resolution is to modify the design to remove combinatorial logic loops. This loop has been identified in the constraints as being known and understood by use of the ALLOW_COMBINATORIAL_LOOPS property on a net in the loop. The cells in the loop are: heat_gen[0].heat_inst/ro_gen[965].ro/ro_0,
heat_gen[0].heat_inst/ro_gen[965].ro/ro_1
heat_gen[0].heat_inst/ro_gen[965].ro/ro_2.
Related violations: <none>

LUTLP-2#962 Warning
Combinatorial Loop Allowed  
3 LUT cells form a combinatorial loop. This can create a race condition. Timing analysis may not be accurate. The preferred resolution is to modify the design to remove combinatorial logic loops. This loop has been identified in the constraints as being known and understood by use of the ALLOW_COMBINATORIAL_LOOPS property on a net in the loop. The cells in the loop are: heat_gen[0].heat_inst/ro_gen[966].ro/ro_0,
heat_gen[0].heat_inst/ro_gen[966].ro/ro_1
heat_gen[0].heat_inst/ro_gen[966].ro/ro_2.
Related violations: <none>

LUTLP-2#963 Warning
Combinatorial Loop Allowed  
3 LUT cells form a combinatorial loop. This can create a race condition. Timing analysis may not be accurate. The preferred resolution is to modify the design to remove combinatorial logic loops. This loop has been identified in the constraints as being known and understood by use of the ALLOW_COMBINATORIAL_LOOPS property on a net in the loop. The cells in the loop are: heat_gen[0].heat_inst/ro_gen[967].ro/ro_0,
heat_gen[0].heat_inst/ro_gen[967].ro/ro_1
heat_gen[0].heat_inst/ro_gen[967].ro/ro_2.
Related violations: <none>

LUTLP-2#964 Warning
Combinatorial Loop Allowed  
3 LUT cells form a combinatorial loop. This can create a race condition. Timing analysis may not be accurate. The preferred resolution is to modify the design to remove combinatorial logic loops. This loop has been identified in the constraints as being known and understood by use of the ALLOW_COMBINATORIAL_LOOPS property on a net in the loop. The cells in the loop are: heat_gen[0].heat_inst/ro_gen[968].ro/ro_0,
heat_gen[0].heat_inst/ro_gen[968].ro/ro_1
heat_gen[0].heat_inst/ro_gen[968].ro/ro_2.
Related violations: <none>

LUTLP-2#965 Warning
Combinatorial Loop Allowed  
3 LUT cells form a combinatorial loop. This can create a race condition. Timing analysis may not be accurate. The preferred resolution is to modify the design to remove combinatorial logic loops. This loop has been identified in the constraints as being known and understood by use of the ALLOW_COMBINATORIAL_LOOPS property on a net in the loop. The cells in the loop are: heat_gen[0].heat_inst/ro_gen[969].ro/ro_0,
heat_gen[0].heat_inst/ro_gen[969].ro/ro_1
heat_gen[0].heat_inst/ro_gen[969].ro/ro_2.
Related violations: <none>

LUTLP-2#966 Warning
Combinatorial Loop Allowed  
3 LUT cells form a combinatorial loop. This can create a race condition. Timing analysis may not be accurate. The preferred resolution is to modify the design to remove combinatorial logic loops. This loop has been identified in the constraints as being known and understood by use of the ALLOW_COMBINATORIAL_LOOPS property on a net in the loop. The cells in the loop are: heat_gen[0].heat_inst/ro_gen[96].ro/ro_0,
heat_gen[0].heat_inst/ro_gen[96].ro/ro_1
heat_gen[0].heat_inst/ro_gen[96].ro/ro_2.
Related violations: <none>

LUTLP-2#967 Warning
Combinatorial Loop Allowed  
3 LUT cells form a combinatorial loop. This can create a race condition. Timing analysis may not be accurate. The preferred resolution is to modify the design to remove combinatorial logic loops. This loop has been identified in the constraints as being known and understood by use of the ALLOW_COMBINATORIAL_LOOPS property on a net in the loop. The cells in the loop are: heat_gen[0].heat_inst/ro_gen[970].ro/ro_0,
heat_gen[0].heat_inst/ro_gen[970].ro/ro_1
heat_gen[0].heat_inst/ro_gen[970].ro/ro_2.
Related violations: <none>

LUTLP-2#968 Warning
Combinatorial Loop Allowed  
3 LUT cells form a combinatorial loop. This can create a race condition. Timing analysis may not be accurate. The preferred resolution is to modify the design to remove combinatorial logic loops. This loop has been identified in the constraints as being known and understood by use of the ALLOW_COMBINATORIAL_LOOPS property on a net in the loop. The cells in the loop are: heat_gen[0].heat_inst/ro_gen[971].ro/ro_0,
heat_gen[0].heat_inst/ro_gen[971].ro/ro_1
heat_gen[0].heat_inst/ro_gen[971].ro/ro_2.
Related violations: <none>

LUTLP-2#969 Warning
Combinatorial Loop Allowed  
3 LUT cells form a combinatorial loop. This can create a race condition. Timing analysis may not be accurate. The preferred resolution is to modify the design to remove combinatorial logic loops. This loop has been identified in the constraints as being known and understood by use of the ALLOW_COMBINATORIAL_LOOPS property on a net in the loop. The cells in the loop are: heat_gen[0].heat_inst/ro_gen[972].ro/ro_0,
heat_gen[0].heat_inst/ro_gen[972].ro/ro_1
heat_gen[0].heat_inst/ro_gen[972].ro/ro_2.
Related violations: <none>

LUTLP-2#970 Warning
Combinatorial Loop Allowed  
3 LUT cells form a combinatorial loop. This can create a race condition. Timing analysis may not be accurate. The preferred resolution is to modify the design to remove combinatorial logic loops. This loop has been identified in the constraints as being known and understood by use of the ALLOW_COMBINATORIAL_LOOPS property on a net in the loop. The cells in the loop are: heat_gen[0].heat_inst/ro_gen[973].ro/ro_0,
heat_gen[0].heat_inst/ro_gen[973].ro/ro_1
heat_gen[0].heat_inst/ro_gen[973].ro/ro_2.
Related violations: <none>

LUTLP-2#971 Warning
Combinatorial Loop Allowed  
3 LUT cells form a combinatorial loop. This can create a race condition. Timing analysis may not be accurate. The preferred resolution is to modify the design to remove combinatorial logic loops. This loop has been identified in the constraints as being known and understood by use of the ALLOW_COMBINATORIAL_LOOPS property on a net in the loop. The cells in the loop are: heat_gen[0].heat_inst/ro_gen[974].ro/ro_0,
heat_gen[0].heat_inst/ro_gen[974].ro/ro_1
heat_gen[0].heat_inst/ro_gen[974].ro/ro_2.
Related violations: <none>

LUTLP-2#972 Warning
Combinatorial Loop Allowed  
3 LUT cells form a combinatorial loop. This can create a race condition. Timing analysis may not be accurate. The preferred resolution is to modify the design to remove combinatorial logic loops. This loop has been identified in the constraints as being known and understood by use of the ALLOW_COMBINATORIAL_LOOPS property on a net in the loop. The cells in the loop are: heat_gen[0].heat_inst/ro_gen[975].ro/ro_0,
heat_gen[0].heat_inst/ro_gen[975].ro/ro_1
heat_gen[0].heat_inst/ro_gen[975].ro/ro_2.
Related violations: <none>

LUTLP-2#973 Warning
Combinatorial Loop Allowed  
3 LUT cells form a combinatorial loop. This can create a race condition. Timing analysis may not be accurate. The preferred resolution is to modify the design to remove combinatorial logic loops. This loop has been identified in the constraints as being known and understood by use of the ALLOW_COMBINATORIAL_LOOPS property on a net in the loop. The cells in the loop are: heat_gen[0].heat_inst/ro_gen[976].ro/ro_0,
heat_gen[0].heat_inst/ro_gen[976].ro/ro_1
heat_gen[0].heat_inst/ro_gen[976].ro/ro_2.
Related violations: <none>

LUTLP-2#974 Warning
Combinatorial Loop Allowed  
3 LUT cells form a combinatorial loop. This can create a race condition. Timing analysis may not be accurate. The preferred resolution is to modify the design to remove combinatorial logic loops. This loop has been identified in the constraints as being known and understood by use of the ALLOW_COMBINATORIAL_LOOPS property on a net in the loop. The cells in the loop are: heat_gen[0].heat_inst/ro_gen[977].ro/ro_0,
heat_gen[0].heat_inst/ro_gen[977].ro/ro_1
heat_gen[0].heat_inst/ro_gen[977].ro/ro_2.
Related violations: <none>

LUTLP-2#975 Warning
Combinatorial Loop Allowed  
3 LUT cells form a combinatorial loop. This can create a race condition. Timing analysis may not be accurate. The preferred resolution is to modify the design to remove combinatorial logic loops. This loop has been identified in the constraints as being known and understood by use of the ALLOW_COMBINATORIAL_LOOPS property on a net in the loop. The cells in the loop are: heat_gen[0].heat_inst/ro_gen[978].ro/ro_0,
heat_gen[0].heat_inst/ro_gen[978].ro/ro_1
heat_gen[0].heat_inst/ro_gen[978].ro/ro_2.
Related violations: <none>

LUTLP-2#976 Warning
Combinatorial Loop Allowed  
3 LUT cells form a combinatorial loop. This can create a race condition. Timing analysis may not be accurate. The preferred resolution is to modify the design to remove combinatorial logic loops. This loop has been identified in the constraints as being known and understood by use of the ALLOW_COMBINATORIAL_LOOPS property on a net in the loop. The cells in the loop are: heat_gen[0].heat_inst/ro_gen[979].ro/ro_0,
heat_gen[0].heat_inst/ro_gen[979].ro/ro_1
heat_gen[0].heat_inst/ro_gen[979].ro/ro_2.
Related violations: <none>

LUTLP-2#977 Warning
Combinatorial Loop Allowed  
3 LUT cells form a combinatorial loop. This can create a race condition. Timing analysis may not be accurate. The preferred resolution is to modify the design to remove combinatorial logic loops. This loop has been identified in the constraints as being known and understood by use of the ALLOW_COMBINATORIAL_LOOPS property on a net in the loop. The cells in the loop are: heat_gen[0].heat_inst/ro_gen[97].ro/ro_0,
heat_gen[0].heat_inst/ro_gen[97].ro/ro_1
heat_gen[0].heat_inst/ro_gen[97].ro/ro_2.
Related violations: <none>

LUTLP-2#978 Warning
Combinatorial Loop Allowed  
3 LUT cells form a combinatorial loop. This can create a race condition. Timing analysis may not be accurate. The preferred resolution is to modify the design to remove combinatorial logic loops. This loop has been identified in the constraints as being known and understood by use of the ALLOW_COMBINATORIAL_LOOPS property on a net in the loop. The cells in the loop are: heat_gen[0].heat_inst/ro_gen[980].ro/ro_0,
heat_gen[0].heat_inst/ro_gen[980].ro/ro_1
heat_gen[0].heat_inst/ro_gen[980].ro/ro_2.
Related violations: <none>

LUTLP-2#979 Warning
Combinatorial Loop Allowed  
3 LUT cells form a combinatorial loop. This can create a race condition. Timing analysis may not be accurate. The preferred resolution is to modify the design to remove combinatorial logic loops. This loop has been identified in the constraints as being known and understood by use of the ALLOW_COMBINATORIAL_LOOPS property on a net in the loop. The cells in the loop are: heat_gen[0].heat_inst/ro_gen[981].ro/ro_0,
heat_gen[0].heat_inst/ro_gen[981].ro/ro_1
heat_gen[0].heat_inst/ro_gen[981].ro/ro_2.
Related violations: <none>

LUTLP-2#980 Warning
Combinatorial Loop Allowed  
3 LUT cells form a combinatorial loop. This can create a race condition. Timing analysis may not be accurate. The preferred resolution is to modify the design to remove combinatorial logic loops. This loop has been identified in the constraints as being known and understood by use of the ALLOW_COMBINATORIAL_LOOPS property on a net in the loop. The cells in the loop are: heat_gen[0].heat_inst/ro_gen[982].ro/ro_0,
heat_gen[0].heat_inst/ro_gen[982].ro/ro_1
heat_gen[0].heat_inst/ro_gen[982].ro/ro_2.
Related violations: <none>

LUTLP-2#981 Warning
Combinatorial Loop Allowed  
3 LUT cells form a combinatorial loop. This can create a race condition. Timing analysis may not be accurate. The preferred resolution is to modify the design to remove combinatorial logic loops. This loop has been identified in the constraints as being known and understood by use of the ALLOW_COMBINATORIAL_LOOPS property on a net in the loop. The cells in the loop are: heat_gen[0].heat_inst/ro_gen[983].ro/ro_0,
heat_gen[0].heat_inst/ro_gen[983].ro/ro_1
heat_gen[0].heat_inst/ro_gen[983].ro/ro_2.
Related violations: <none>

LUTLP-2#982 Warning
Combinatorial Loop Allowed  
3 LUT cells form a combinatorial loop. This can create a race condition. Timing analysis may not be accurate. The preferred resolution is to modify the design to remove combinatorial logic loops. This loop has been identified in the constraints as being known and understood by use of the ALLOW_COMBINATORIAL_LOOPS property on a net in the loop. The cells in the loop are: heat_gen[0].heat_inst/ro_gen[984].ro/ro_0,
heat_gen[0].heat_inst/ro_gen[984].ro/ro_1
heat_gen[0].heat_inst/ro_gen[984].ro/ro_2.
Related violations: <none>

LUTLP-2#983 Warning
Combinatorial Loop Allowed  
3 LUT cells form a combinatorial loop. This can create a race condition. Timing analysis may not be accurate. The preferred resolution is to modify the design to remove combinatorial logic loops. This loop has been identified in the constraints as being known and understood by use of the ALLOW_COMBINATORIAL_LOOPS property on a net in the loop. The cells in the loop are: heat_gen[0].heat_inst/ro_gen[985].ro/ro_0,
heat_gen[0].heat_inst/ro_gen[985].ro/ro_1
heat_gen[0].heat_inst/ro_gen[985].ro/ro_2.
Related violations: <none>

LUTLP-2#984 Warning
Combinatorial Loop Allowed  
3 LUT cells form a combinatorial loop. This can create a race condition. Timing analysis may not be accurate. The preferred resolution is to modify the design to remove combinatorial logic loops. This loop has been identified in the constraints as being known and understood by use of the ALLOW_COMBINATORIAL_LOOPS property on a net in the loop. The cells in the loop are: heat_gen[0].heat_inst/ro_gen[986].ro/ro_0,
heat_gen[0].heat_inst/ro_gen[986].ro/ro_1
heat_gen[0].heat_inst/ro_gen[986].ro/ro_2.
Related violations: <none>

LUTLP-2#985 Warning
Combinatorial Loop Allowed  
3 LUT cells form a combinatorial loop. This can create a race condition. Timing analysis may not be accurate. The preferred resolution is to modify the design to remove combinatorial logic loops. This loop has been identified in the constraints as being known and understood by use of the ALLOW_COMBINATORIAL_LOOPS property on a net in the loop. The cells in the loop are: heat_gen[0].heat_inst/ro_gen[987].ro/ro_0,
heat_gen[0].heat_inst/ro_gen[987].ro/ro_1
heat_gen[0].heat_inst/ro_gen[987].ro/ro_2.
Related violations: <none>

LUTLP-2#986 Warning
Combinatorial Loop Allowed  
3 LUT cells form a combinatorial loop. This can create a race condition. Timing analysis may not be accurate. The preferred resolution is to modify the design to remove combinatorial logic loops. This loop has been identified in the constraints as being known and understood by use of the ALLOW_COMBINATORIAL_LOOPS property on a net in the loop. The cells in the loop are: heat_gen[0].heat_inst/ro_gen[988].ro/ro_0,
heat_gen[0].heat_inst/ro_gen[988].ro/ro_1
heat_gen[0].heat_inst/ro_gen[988].ro/ro_2.
Related violations: <none>

LUTLP-2#987 Warning
Combinatorial Loop Allowed  
3 LUT cells form a combinatorial loop. This can create a race condition. Timing analysis may not be accurate. The preferred resolution is to modify the design to remove combinatorial logic loops. This loop has been identified in the constraints as being known and understood by use of the ALLOW_COMBINATORIAL_LOOPS property on a net in the loop. The cells in the loop are: heat_gen[0].heat_inst/ro_gen[989].ro/ro_0,
heat_gen[0].heat_inst/ro_gen[989].ro/ro_1
heat_gen[0].heat_inst/ro_gen[989].ro/ro_2.
Related violations: <none>

LUTLP-2#988 Warning
Combinatorial Loop Allowed  
3 LUT cells form a combinatorial loop. This can create a race condition. Timing analysis may not be accurate. The preferred resolution is to modify the design to remove combinatorial logic loops. This loop has been identified in the constraints as being known and understood by use of the ALLOW_COMBINATORIAL_LOOPS property on a net in the loop. The cells in the loop are: heat_gen[0].heat_inst/ro_gen[98].ro/ro_0,
heat_gen[0].heat_inst/ro_gen[98].ro/ro_1
heat_gen[0].heat_inst/ro_gen[98].ro/ro_2.
Related violations: <none>

LUTLP-2#989 Warning
Combinatorial Loop Allowed  
3 LUT cells form a combinatorial loop. This can create a race condition. Timing analysis may not be accurate. The preferred resolution is to modify the design to remove combinatorial logic loops. This loop has been identified in the constraints as being known and understood by use of the ALLOW_COMBINATORIAL_LOOPS property on a net in the loop. The cells in the loop are: heat_gen[0].heat_inst/ro_gen[990].ro/ro_0,
heat_gen[0].heat_inst/ro_gen[990].ro/ro_1
heat_gen[0].heat_inst/ro_gen[990].ro/ro_2.
Related violations: <none>

LUTLP-2#990 Warning
Combinatorial Loop Allowed  
3 LUT cells form a combinatorial loop. This can create a race condition. Timing analysis may not be accurate. The preferred resolution is to modify the design to remove combinatorial logic loops. This loop has been identified in the constraints as being known and understood by use of the ALLOW_COMBINATORIAL_LOOPS property on a net in the loop. The cells in the loop are: heat_gen[0].heat_inst/ro_gen[991].ro/ro_0,
heat_gen[0].heat_inst/ro_gen[991].ro/ro_1
heat_gen[0].heat_inst/ro_gen[991].ro/ro_2.
Related violations: <none>

LUTLP-2#991 Warning
Combinatorial Loop Allowed  
3 LUT cells form a combinatorial loop. This can create a race condition. Timing analysis may not be accurate. The preferred resolution is to modify the design to remove combinatorial logic loops. This loop has been identified in the constraints as being known and understood by use of the ALLOW_COMBINATORIAL_LOOPS property on a net in the loop. The cells in the loop are: heat_gen[0].heat_inst/ro_gen[992].ro/ro_0,
heat_gen[0].heat_inst/ro_gen[992].ro/ro_1
heat_gen[0].heat_inst/ro_gen[992].ro/ro_2.
Related violations: <none>

LUTLP-2#992 Warning
Combinatorial Loop Allowed  
3 LUT cells form a combinatorial loop. This can create a race condition. Timing analysis may not be accurate. The preferred resolution is to modify the design to remove combinatorial logic loops. This loop has been identified in the constraints as being known and understood by use of the ALLOW_COMBINATORIAL_LOOPS property on a net in the loop. The cells in the loop are: heat_gen[0].heat_inst/ro_gen[993].ro/ro_0,
heat_gen[0].heat_inst/ro_gen[993].ro/ro_1
heat_gen[0].heat_inst/ro_gen[993].ro/ro_2.
Related violations: <none>

LUTLP-2#993 Warning
Combinatorial Loop Allowed  
3 LUT cells form a combinatorial loop. This can create a race condition. Timing analysis may not be accurate. The preferred resolution is to modify the design to remove combinatorial logic loops. This loop has been identified in the constraints as being known and understood by use of the ALLOW_COMBINATORIAL_LOOPS property on a net in the loop. The cells in the loop are: heat_gen[0].heat_inst/ro_gen[994].ro/ro_0,
heat_gen[0].heat_inst/ro_gen[994].ro/ro_1
heat_gen[0].heat_inst/ro_gen[994].ro/ro_2.
Related violations: <none>

LUTLP-2#994 Warning
Combinatorial Loop Allowed  
3 LUT cells form a combinatorial loop. This can create a race condition. Timing analysis may not be accurate. The preferred resolution is to modify the design to remove combinatorial logic loops. This loop has been identified in the constraints as being known and understood by use of the ALLOW_COMBINATORIAL_LOOPS property on a net in the loop. The cells in the loop are: heat_gen[0].heat_inst/ro_gen[995].ro/ro_0,
heat_gen[0].heat_inst/ro_gen[995].ro/ro_1
heat_gen[0].heat_inst/ro_gen[995].ro/ro_2.
Related violations: <none>

LUTLP-2#995 Warning
Combinatorial Loop Allowed  
3 LUT cells form a combinatorial loop. This can create a race condition. Timing analysis may not be accurate. The preferred resolution is to modify the design to remove combinatorial logic loops. This loop has been identified in the constraints as being known and understood by use of the ALLOW_COMBINATORIAL_LOOPS property on a net in the loop. The cells in the loop are: heat_gen[0].heat_inst/ro_gen[996].ro/ro_0,
heat_gen[0].heat_inst/ro_gen[996].ro/ro_1
heat_gen[0].heat_inst/ro_gen[996].ro/ro_2.
Related violations: <none>

LUTLP-2#996 Warning
Combinatorial Loop Allowed  
3 LUT cells form a combinatorial loop. This can create a race condition. Timing analysis may not be accurate. The preferred resolution is to modify the design to remove combinatorial logic loops. This loop has been identified in the constraints as being known and understood by use of the ALLOW_COMBINATORIAL_LOOPS property on a net in the loop. The cells in the loop are: heat_gen[0].heat_inst/ro_gen[997].ro/ro_0,
heat_gen[0].heat_inst/ro_gen[997].ro/ro_1
heat_gen[0].heat_inst/ro_gen[997].ro/ro_2.
Related violations: <none>

LUTLP-2#997 Warning
Combinatorial Loop Allowed  
3 LUT cells form a combinatorial loop. This can create a race condition. Timing analysis may not be accurate. The preferred resolution is to modify the design to remove combinatorial logic loops. This loop has been identified in the constraints as being known and understood by use of the ALLOW_COMBINATORIAL_LOOPS property on a net in the loop. The cells in the loop are: heat_gen[0].heat_inst/ro_gen[998].ro/ro_0,
heat_gen[0].heat_inst/ro_gen[998].ro/ro_1
heat_gen[0].heat_inst/ro_gen[998].ro/ro_2.
Related violations: <none>

LUTLP-2#998 Warning
Combinatorial Loop Allowed  
3 LUT cells form a combinatorial loop. This can create a race condition. Timing analysis may not be accurate. The preferred resolution is to modify the design to remove combinatorial logic loops. This loop has been identified in the constraints as being known and understood by use of the ALLOW_COMBINATORIAL_LOOPS property on a net in the loop. The cells in the loop are: heat_gen[0].heat_inst/ro_gen[999].ro/ro_0,
heat_gen[0].heat_inst/ro_gen[999].ro/ro_1
heat_gen[0].heat_inst/ro_gen[999].ro/ro_2.
Related violations: <none>

LUTLP-2#999 Warning
Combinatorial Loop Allowed  
3 LUT cells form a combinatorial loop. This can create a race condition. Timing analysis may not be accurate. The preferred resolution is to modify the design to remove combinatorial logic loops. This loop has been identified in the constraints as being known and understood by use of the ALLOW_COMBINATORIAL_LOOPS property on a net in the loop. The cells in the loop are: heat_gen[0].heat_inst/ro_gen[99].ro/ro_0,
heat_gen[0].heat_inst/ro_gen[99].ro/ro_1
heat_gen[0].heat_inst/ro_gen[99].ro/ro_2.
Related violations: <none>

LUTLP-2#1000 Warning
Combinatorial Loop Allowed  
3 LUT cells form a combinatorial loop. This can create a race condition. Timing analysis may not be accurate. The preferred resolution is to modify the design to remove combinatorial logic loops. This loop has been identified in the constraints as being known and understood by use of the ALLOW_COMBINATORIAL_LOOPS property on a net in the loop. The cells in the loop are: heat_gen[0].heat_inst/ro_gen[9].ro/ro_0,
heat_gen[0].heat_inst/ro_gen[9].ro/ro_1
heat_gen[0].heat_inst/ro_gen[9].ro/ro_2.
Related violations: <none>

LUTLP-3#1 Warning
Combinatorial Loops exceed allowed limit  
1000 combinatorial loops (LUTLP) have been found per current limit and messages issued, but there may be more loops.  The loops checking limit may be adjusted using the drc.maxLimitLUTLP parameter. The limit has a default of 1000 because of potential DRC performance issues if many more such loops are found.
Related violations: <none>


