rep,heat_enabled,transmitter_bit,transmitter_mask,ctrl_0_ro_0,ctrl_0_ro_1,ctrl_0_ro_2,ctrl_0_ro_3,ctrl_0_ro_4,ctrl_1_ro_0,ctrl_1_ro_1,ctrl_1_ro_2,ctrl_1_ro_3,ctrl_1_ro_4,ctrl_2_ro_0,ctrl_2_ro_1,ctrl_2_ro_2,ctrl_2_ro_3,ctrl_2_ro_4,ctrl_3_ro_0,ctrl_3_ro_1,ctrl_3_ro_2,ctrl_3_ro_3,ctrl_3_ro_4
0,1,0,20,76775,76326,75571,75552,76168,69475,68286,68838,68449,68313,77020,76340,75802,76249,75910,65949,65193,65407,65915,65309
1,0,0,20,77360,76898,76147,76107,76733,69927,68740,69298,68910,68771,77608,76905,76376,76821,76480,66401,65651,65851,66377,65776
2,1,0,20,76808,76344,75606,75566,76186,69492,68310,68859,68476,68328,77039,76357,75829,76268,75920,65963,65221,65416,65952,65338
3,0,0,20,77377,76909,76152,76124,76752,69936,68757,69312,68940,68787,77617,76920,76383,76837,76478,66414,65664,65852,66389,65785
4,1,0,20,76803,76354,75620,75568,76186,69496,68313,68863,68486,68325,77045,76364,75828,76274,75910,65964,65225,65417,65946,65344
5,0,0,20,77362,76926,76169,76131,76754,69942,68771,69317,68927,68780,77615,76914,76394,76839,76474,66409,65667,65861,66380,65793
6,1,0,20,76799,76360,75614,75568,76193,69483,68330,68857,68482,68338,77050,76345,75825,76270,75916,65970,65235,65418,65941,65344
7,0,0,20,77368,76926,76167,76116,76749,69934,68779,69314,68928,68780,77617,76909,76400,76838,76480,66408,65672,65855,66397,65781
8,1,0,20,76805,76362,75616,75562,76180,69490,68314,68855,68484,68332,77047,76338,75825,76271,75919,65967,65232,65415,65960,65336
9,0,0,20,77367,76937,76170,76103,76747,69934,68757,69310,68930,68772,77604,76899,76388,76832,76471,66396,65659,65860,66394,65774
10,1,0,20,76805,76374,75627,75566,76205,69502,68336,68873,68493,68352,77046,76351,75831,76281,75922,65975,65237,65420,65963,65342
11,0,0,20,77383,76946,76187,76123,76777,69964,68782,69323,68947,68796,77621,76936,76408,76850,76490,66419,65675,65862,66409,65791
12,1,0,20,76798,76367,75610,75554,76204,69493,68329,68851,68484,68331,77031,76351,75818,76260,75907,65963,65226,65408,65950,65332
13,0,0,20,77377,76942,76170,76115,76766,69955,68789,69316,68942,68791,77622,76931,76402,76845,76480,66410,65670,65857,66400,65784
14,1,0,20,76818,76380,75619,75557,76219,69507,68347,68866,68494,68345,77059,76367,75836,76289,75927,65977,65231,65416,65955,65340
15,0,0,20,77369,76944,76162,76116,76774,69945,68785,69317,68938,68795,77612,76933,76401,76859,76481,66420,65679,65861,66405,65783
16,1,0,20,76799,76368,75595,75545,76201,69489,68330,68857,68487,68348,77037,76353,75830,76282,75920,65964,65228,65418,65940,65340
17,0,0,20,77359,76934,76159,76097,76765,69948,68780,69311,68929,68794,77594,76915,76392,76850,76479,66411,65670,65859,66400,65781
18,1,0,20,76804,76381,75626,75560,76207,69502,68340,68862,68484,68350,77026,76357,75831,76287,75926,65985,65237,65427,65972,65344
19,0,0,20,77365,76931,76164,76096,76762,69945,68776,69304,68921,68790,77587,76912,76384,76842,76460,66417,65672,65859,66400,65775
20,1,0,20,76793,76360,75612,75551,76203,69506,68331,68846,68477,68345,77018,76349,75819,76284,75901,65973,65222,65421,65945,65341
21,0,0,20,77367,76934,76170,76106,76776,69960,68790,69313,68938,68800,77596,76915,76385,76859,76471,66413,65655,65871,66392,65779
22,1,0,20,76805,76389,75634,75563,76226,69526,68358,68875,68500,68365,77047,76370,75837,76311,75930,65986,65234,65441,65959,65346
23,0,0,20,77361,76938,76175,76110,76769,69952,68785,69316,68942,68802,77608,76920,76406,76867,76478,66417,65669,65867,66386,65788
24,1,0,20,76793,76371,75618,75565,76206,69507,68342,68862,68498,68366,77027,76356,75820,76307,75915,65970,65236,65427,65945,65340
25,0,0,20,77335,76903,76136,76094,76752,69938,68768,69304,68923,68793,77580,76896,76367,76852,76458,66393,65649,65839,66378,65773
26,1,0,20,76776,76359,75599,75556,76198,69496,68333,68868,68490,68355,77030,76353,75827,76306,75913,65967,65228,65414,65956,65340
27,0,0,20,77353,76932,76161,76109,76772,69952,68785,69321,68943,68806,77608,76921,76410,76875,76483,66424,65668,65868,66405,65795
28,1,0,20,76793,76359,75606,75559,76205,69495,68337,68864,68486,68354,77040,76344,75837,76297,75915,65972,65226,65425,65949,65346
29,0,0,20,77376,76937,76164,76114,76761,69949,68774,69312,68938,68810,77607,76914,76412,76863,76488,66419,65677,65870,66399,65787
30,1,0,20,76816,76364,75615,75577,76208,69506,68329,68869,68502,68365,77035,76360,75843,76304,75931,65971,65235,65426,65962,65342
31,0,0,20,77363,76928,76147,76107,76763,69946,68769,69305,68934,68794,77588,76905,76402,76858,76470,66404,65660,65853,66386,65770
32,1,0,20,76805,76386,75600,75563,76211,69499,68339,68865,68497,68364,77026,76352,75845,76307,75921,65970,65227,65421,65950,65347
33,0,0,20,77361,76953,76163,76111,76771,69950,68782,69328,68935,68800,77599,76914,76410,76859,76480,66409,65664,65865,66389,65786
34,1,0,20,76805,76395,75611,75574,76209,69515,68347,68872,68498,68358,77044,76362,75844,76304,75929,65972,65232,65429,65949,65349
35,0,0,20,77356,76933,76145,76109,76756,69942,68776,69315,68930,68790,77584,76914,76387,76850,76471,66393,65660,65853,66370,65769
36,1,0,20,76796,76398,75612,75563,76216,69501,68340,68870,68497,68364,77026,76363,75836,76309,75919,65962,65231,65428,65935,65346
37,0,0,20,77370,76965,76181,76126,76783,69965,68781,69332,68958,68822,77606,76932,76414,76867,76484,66407,65682,65881,66387,65796
38,1,0,20,76798,76384,75615,75560,76219,69507,68340,68879,68516,68365,77026,76363,75839,76306,75922,65969,65242,65436,65936,65349
39,0,0,20,77370,76963,76158,76109,76780,69961,68782,69331,68955,68812,77598,76933,76411,76870,76478,66408,65679,65877,66378,65794
40,1,0,20,76814,76401,75609,75569,76219,69509,68344,68878,68510,68364,77036,76368,75851,76300,75926,65970,65239,65439,65956,65354
41,0,0,20,77382,76970,76167,76121,76787,69952,68797,69336,68958,68822,77598,76926,76419,76871,76491,66414,65683,65874,66404,65795
42,1,0,20,76802,76407,75607,75564,76225,69501,68343,68872,68503,68357,77030,76353,75849,76300,75925,65971,65238,65437,65959,65352
43,0,0,20,77366,76959,76158,76109,76783,69946,68787,69321,68941,68801,77595,76922,76408,76855,76477,66409,65673,65869,66390,65792
44,1,0,20,76798,76380,75603,75563,76226,69492,68346,68869,68504,68357,77032,76359,75835,76305,75922,65978,65241,65432,65949,65345
45,0,0,20,77361,76946,76163,76113,76781,69944,68789,69323,68947,68803,77592,76919,76412,76874,76478,66422,65684,65873,66395,65785
46,1,0,20,76779,76372,75600,75543,76210,69478,68324,68855,68482,68345,77002,76346,75820,76294,75903,65964,65229,65425,65940,65323
47,0,0,20,77354,76942,76161,76104,76775,69939,68778,69319,68945,68790,77596,76925,76400,76868,76467,66414,65675,65866,66396,65775
48,1,0,20,76813,76396,75619,75554,76217,69495,68341,68879,68495,68351,77031,76363,75828,76313,75917,65983,65234,65421,65962,65343
49,0,0,20,77375,76948,76166,76107,76775,69938,68786,69333,68943,68802,77586,76929,76400,76874,76467,66418,65679,65861,66397,65789
50,1,0,20,76804,76399,75598,75563,76218,69498,68342,68886,68501,68359,77013,76362,75845,76311,75919,65976,65234,65430,65951,65346
51,0,0,20,77395,76980,76181,76127,76806,69970,68813,69357,68974,68822,77612,76944,76427,76893,76504,66436,65691,65892,66409,65809
52,1,0,20,76800,76385,75607,75542,76222,69500,68339,68884,68502,68358,77018,76355,75825,76310,75912,65975,65228,65429,65944,65341
53,0,0,20,77367,76946,76157,76092,76779,69948,68790,69329,68949,68804,77587,76925,76398,76875,76472,66420,65674,65871,66385,65785
54,1,0,20,76827,76409,75631,75561,76238,69514,68365,68887,68513,68367,77042,76376,75846,76327,75939,65994,65254,65450,65958,65351
55,0,0,20,77379,76947,76156,76095,76781,69948,68792,69326,68945,68804,77588,76923,76397,76872,76474,66409,65675,65873,66397,65773
56,1,0,20,76819,76381,75605,75542,76223,69505,68348,68882,68508,68365,77028,76356,75836,76308,75930,65979,65235,65440,65948,65343
57,0,0,20,77382,76959,76161,76094,76784,69954,68799,69341,68950,68813,77608,76924,76408,76874,76483,66422,65684,65890,66397,65788
58,1,0,20,76805,76381,75597,75532,76206,69496,68347,68870,68493,68355,77029,76342,75838,76302,75912,65964,65235,65436,65945,65343
59,0,0,20,77384,76966,76183,76103,76790,69962,68804,69347,68962,68822,77610,76930,76420,76884,76493,66423,65686,65890,66404,65801
60,1,0,20,76810,76391,75623,75546,76219,69518,68355,68881,68508,68368,77031,76351,75861,76316,75934,65967,65236,65443,65963,65351
61,0,0,20,77383,76954,76172,76095,76773,69960,68794,69325,68938,68809,77594,76912,76428,76876,76486,66399,65672,65879,66401,65781
62,1,0,20,76824,76382,75614,75551,76218,69516,68356,68885,68484,68365,77028,76352,75868,76309,75928,65974,65239,65445,65957,65345
63,0,0,20,77384,76946,76149,76090,76767,69954,68791,69326,68921,68797,77578,76911,76414,76852,76463,66410,65663,65881,66393,65788
64,1,0,20,76823,76395,75609,75550,76220,69514,68354,68881,68491,68363,77033,76367,75863,76306,75920,65977,65234,65448,65959,65351
65,0,0,20,77368,76934,76145,76080,76758,69940,68780,69324,68926,68787,77581,76903,76403,76849,76459,66392,65657,65870,66384,65762
66,1,0,20,76817,76391,75605,75543,76215,69504,68343,68884,68480,68353,77028,76355,75849,76301,75908,65959,65226,65432,65947,65340
67,0,0,20,77392,76962,76172,76102,76784,69942,68798,69334,68934,68799,77606,76928,76426,76865,76469,66400,65673,65878,66383,65781
68,1,0,20,76807,76382,75602,75534,76204,69488,68335,68864,68483,68344,77019,76346,75838,76286,75900,65946,65229,65432,65934,65322
69,0,0,20,77366,76946,76154,76073,76760,69933,68783,69319,68922,68786,77567,76898,76396,76847,76447,66387,65656,65864,66373,65758
70,1,0,20,76810,76396,75598,75536,76212,69500,68348,68866,68482,68349,77016,76343,75844,76298,75899,65955,65226,65439,65937,65329
71,0,0,20,77400,76975,76174,76106,76797,69956,68813,69336,68946,68818,77614,76933,76428,76878,76482,66409,65686,65902,66394,65788
72,1,0,20,76803,76380,75604,75527,76212,69483,68336,68862,68481,68342,77020,76344,75831,76280,75900,65952,65224,65438,65937,65327
73,0,0,20,77377,76947,76160,76093,76771,69939,68792,69330,68945,68797,77597,76912,76408,76863,76458,66394,65673,65876,66380,65771
74,1,0,20,76818,76399,75616,75548,76218,69501,68350,68881,68497,68355,77033,76369,75852,76314,75913,65965,65235,65443,65957,65342
75,0,0,20,77385,76946,76164,76100,76783,69955,68803,69329,68953,68806,77598,76932,76412,76875,76469,66409,65681,65891,66402,65792
76,1,0,20,76827,76386,75604,75557,76224,69499,68363,68866,68503,68365,77027,76365,75847,76312,75920,65972,65247,65451,65960,65350
77,0,0,20,77384,76960,76165,76104,76776,69956,68798,69328,68952,68802,77593,76924,76398,76874,76477,66410,65682,65891,66398,65788
78,1,0,20,76819,76394,75613,75552,76221,69500,68347,68870,68504,68352,77027,76353,75829,76313,75913,65968,65241,65450,65953,65351
79,0,0,20,77383,76964,76167,76096,76781,69939,68787,69329,68950,68802,77584,76924,76405,76882,76464,66408,65667,65877,66395,65775
80,1,0,20,76825,76405,75628,75556,76219,69506,68355,68878,68504,68363,77017,76362,75843,76337,75922,65975,65249,65443,65957,65346
81,0,0,20,77376,76950,76169,76092,76768,69933,68783,69321,68937,68791,77558,76910,76398,76882,76464,66405,65670,65871,66390,65770
82,1,0,20,76823,76390,75624,75547,76219,69494,68342,68873,68508,68355,77003,76355,75834,76322,75920,65971,65229,65441,65968,65338
83,0,0,20,77368,76927,76160,76083,76759,69912,68761,69304,68923,68782,77559,76898,76394,76870,76454,66392,65656,65862,66396,65766
84,1,0,20,76816,76380,75619,75536,76218,69478,68338,68855,68488,68348,77001,76335,75834,76317,75903,65962,65224,65427,65949,65329
85,0,0,20,77386,76939,76174,76095,76793,69929,68785,69316,68935,68807,77581,76912,76406,76881,76466,66405,65660,65870,66391,65776
86,1,0,20,76807,76385,75612,75545,76224,69482,68341,68861,68487,68356,77016,76352,75837,76315,75911,65964,65224,65433,65947,65340
87,0,0,20,77372,76944,76167,76095,76786,69933,68785,69315,68937,68805,77590,76914,76411,76880,76470,66409,65668,65873,66395,65776
88,1,0,20,76824,76398,75623,75564,76233,69499,68346,68873,68512,68362,77038,76363,75862,76324,75923,65981,65234,65445,65963,65351
89,0,0,20,77382,76951,76166,76105,76779,69950,68788,69319,68944,68799,77594,76909,76416,76873,76481,66416,65668,65873,66390,65797
90,1,0,20,76815,76397,75616,75548,76231,69510,68342,68871,68503,68359,77027,76358,75855,76314,75927,65982,65231,65443,65954,65348
91,0,0,20,77370,76960,76170,76096,76787,69957,68781,69322,68951,68800,77587,76912,76414,76879,76479,66417,65670,65875,66387,65789
92,1,0,20,76813,76388,75631,75557,76236,69511,68346,68875,68509,68353,77024,76350,75855,76323,75926,65988,65241,65441,65946,65355
93,0,0,20,77361,76947,76152,76090,76768,69943,68777,69310,68936,68786,77580,76901,76398,76863,76453,66414,65665,65868,66377,65789
94,1,0,20,76819,76382,75603,75549,76224,69509,68344,68872,68503,68351,77028,76354,75841,76316,75910,65982,65238,65448,65944,65364
95,0,0,20,77396,76965,76165,76102,76780,69960,68799,69333,68955,68798,77602,76923,76413,76878,76483,66424,65680,65888,66390,65803
96,1,0,20,76816,76405,75622,75543,76216,69502,68353,68878,68500,68352,77033,76357,75849,76321,75908,65977,65247,65430,65937,65360
97,0,0,20,77377,76960,76175,76114,76782,69954,68805,69342,68947,68799,77590,76917,76436,76882,76466,66425,65691,65882,66385,65804
98,1,0,20,76809,76404,75623,75560,76225,69508,68354,68878,68504,68354,77036,76354,75850,76311,75912,65976,65242,65439,65944,65357
99,0,0,20,77382,76961,76169,76107,76786,69954,68797,69328,68954,68808,77602,76923,76414,76875,76480,66424,65683,65883,66386,65809
100,1,0,20,76815,76393,75614,75567,76227,69506,68361,68884,68503,68355,77032,76356,75848,76317,75928,65981,65231,65435,65960,65361
101,0,0,20,77388,76969,76176,76117,76790,69973,68809,69339,68958,68807,77609,76937,76415,76883,76495,66424,65680,65883,66406,65808
102,1,0,20,76826,76404,75618,75554,76222,69506,68357,68869,68507,68349,77022,76360,75839,76312,75926,65980,65247,65453,65965,65374
103,0,0,20,77394,76963,76173,76107,76778,69959,68805,69320,68940,68803,77589,76919,76405,76879,76489,66419,65686,65887,66407,65815
104,1,0,20,76831,76402,75627,75567,76225,69503,68359,68870,68503,68358,77032,76372,75857,76321,75932,65973,65248,65452,65963,65371
105,0,0,20,77386,76953,76169,76103,76777,69952,68799,69308,68946,68805,77603,76930,76417,76883,76487,66404,65682,65890,66410,65801
106,1,0,20,76806,76379,75601,75542,76208,69486,68337,68844,68476,68332,77012,76355,75837,76304,75914,65954,65233,65434,65941,65337
107,0,0,20,77380,76944,76162,76095,76780,69946,68794,69305,68929,68793,77584,76929,76419,76870,76479,66405,65677,65901,66395,65795
108,1,0,20,76818,76380,75609,75550,76210,69496,68345,68858,68494,68350,77027,76362,75841,76318,75918,65966,65238,65454,65948,65358
109,0,0,20,77394,76957,76171,76117,76788,69957,68794,69319,68945,68797,77608,76930,76411,76888,76481,66412,65680,65896,66405,65805
110,1,0,20,76818,76391,75621,75556,76217,69509,68338,68860,68496,68347,77024,76355,75852,76319,75927,65964,65238,65455,65964,65360
111,0,0,20,77395,76961,76172,76103,76786,69954,68785,69313,68942,68796,77599,76924,76420,76887,76492,66406,65683,65906,66393,65803
112,1,0,20,76819,76383,75606,75549,76204,69497,68332,68845,68472,68342,77014,76353,75833,76305,75908,65963,65213,65442,65946,65343
113,0,0,20,77386,76956,76165,76101,76764,69942,68783,69313,68934,68787,77585,76910,76399,76880,76467,66403,65659,65878,66393,65790
114,1,0,20,76824,76389,75607,75550,76203,69495,68344,68871,68491,68341,77019,76358,75843,76322,75916,65965,65222,65442,65944,65356
115,0,0,20,77372,76945,76138,76077,76749,69929,68776,69313,68922,68778,77580,76902,76409,76881,76459,66396,65661,65869,66378,65789
116,1,0,20,76818,76393,75596,75548,76202,69486,68343,68868,68484,68347,77020,76355,75849,76316,75905,65967,65234,65439,65948,65346
117,0,0,20,77380,76944,76144,76090,76756,69932,68774,69325,68932,68793,77585,76908,76409,76873,76473,66411,65669,65878,66395,65781
118,1,0,20,76811,76384,75592,75526,76186,69485,68334,68863,68481,68338,77021,76338,75831,76312,75908,65957,65228,65438,65942,65342
119,0,0,20,77377,76957,76157,76088,76768,69937,68785,69321,68937,68788,77590,76915,76405,76869,76473,66406,65675,65882,66389,65778
120,1,0,20,76807,76386,75595,75548,76201,69483,68332,68858,68477,68328,77019,76350,75836,76309,75914,65965,65216,65436,65943,65341
121,0,0,20,77371,76957,76150,76096,76762,69944,68784,69316,68931,68789,77594,76916,76416,76873,76475,66405,65675,65882,66391,65791
122,1,0,20,76809,76388,75590,75542,76203,69489,68334,68855,68483,68343,77009,76338,75846,76300,75903,65962,65226,65429,65947,65339
123,0,0,20,77371,76944,76144,76091,76755,69939,68775,69306,68926,68788,77566,76905,76404,76862,76465,66408,65666,65871,66390,65785
124,1,0,20,76797,76374,75597,75542,76197,69484,68328,68843,68487,68342,76996,76331,75837,76292,75907,65968,65222,65438,65943,65344
125,0,0,20,77368,76940,76157,76105,76757,69936,68772,69308,68938,68789,77571,76909,76409,76877,76466,66405,65665,65879,66386,65782
126,1,0,20,76798,76378,75596,75550,76191,69480,68332,68851,68491,68338,77008,76341,75822,76304,75900,65965,65227,65431,65938,65334
127,0,0,20,77372,76953,76163,76099,76768,69940,68781,69311,68942,68792,77582,76920,76400,76874,76477,66407,65673,65877,66393,65791
128,1,0,20,76806,76381,75601,75556,76212,69494,68344,68850,68484,68349,77008,76342,75838,76309,75920,65968,65236,65443,65941,65351
129,0,0,20,77366,76937,76155,76088,76767,69936,68785,69310,68934,68790,77579,76909,76399,76870,76474,66410,65671,65879,66379,65785
130,1,0,20,76803,76371,75594,75528,76196,69489,68325,68848,68472,68339,77008,76349,75819,76306,75905,65964,65228,65434,65934,65342
131,0,0,20,77359,76925,76133,76067,76744,69920,68766,69285,68912,68778,77563,76898,76377,76853,76455,66390,65654,65859,66355,65769
132,1,0,20,76809,76373,75606,75540,76206,69488,68332,68851,68492,68349,77003,76352,75823,76307,75916,65963,65232,65438,65943,65348
133,0,0,20,77355,76923,76151,76084,76758,69927,68765,69304,68932,68782,77568,76903,76384,76862,76458,66398,65653,65868,66373,65777
134,1,0,20,76799,76370,75609,75546,76195,69479,68331,68865,68501,68344,76998,76346,75823,76311,75906,65963,65216,65436,65940,65341
135,0,0,20,77364,76938,76156,76095,76756,69938,68779,69313,68940,68795,77573,76909,76396,76877,76466,66390,65644,65874,66383,65782
136,1,0,20,76790,76373,75597,75531,76200,69480,68320,68865,68487,68344,77009,76348,75831,76315,75905,65966,65213,65428,65943,65337
137,0,0,20,77388,76953,76178,76113,76780,69955,68791,69338,68951,68821,77593,76934,76422,76900,76486,66416,65674,65892,66397,65802
138,1,0,20,76817,76374,75619,75546,76207,69490,68339,68867,68495,68358,77015,76349,75843,76322,75917,65970,65213,65432,65947,65349
139,0,0,20,77375,76937,76167,76096,76761,69937,68782,69317,68937,68805,77577,76916,76400,76876,76470,66405,65651,65871,66390,65789
140,1,0,20,76800,76373,75615,75547,76203,69493,68343,68866,68499,68356,77016,76349,75836,76321,75908,65965,65216,65430,65943,65349
141,0,0,20,77364,76947,76160,76098,76763,69955,68784,69316,68953,68797,77593,76921,76412,76879,76469,66410,65658,65876,66394,65801
142,1,0,20,76812,76389,75617,75563,76208,69515,68349,68873,68504,68368,77040,76365,75844,76330,75918,65973,65225,65442,65959,65358
143,0,0,20,77380,76956,76172,76112,76775,69966,68792,69326,68954,68812,77603,76935,76412,76888,76468,66420,65662,65882,66400,65800
144,1,0,20,76822,76381,75618,75550,76201,69507,68342,68862,68493,68358,77022,76358,75826,76317,75911,65966,65215,65439,65946,65352
145,0,0,20,77390,76948,76182,76113,76784,69956,68792,69329,68954,68804,77594,76927,76420,76881,76483,66414,65663,65894,66398,65803
146,1,0,20,76829,76380,75623,75563,76223,69504,68344,68875,68507,68356,77027,76362,75838,76327,75917,65977,65226,65457,65966,65349
147,0,0,20,77371,76941,76165,76096,76768,69937,68781,69321,68936,68799,77576,76915,76397,76873,76472,66410,65657,65883,66390,65788
148,1,0,20,76838,76402,75634,75570,76230,69512,68358,68886,68504,68368,77036,76367,75843,76332,75935,65986,65242,65471,65963,65370
149,0,0,20,77374,76945,76156,76093,76765,69945,68781,69319,68934,68788,77571,76914,76391,76862,76457,66402,65667,65883,66390,65785
150,1,0,20,76812,76386,75622,75553,76216,69508,68342,68883,68497,68347,77020,76358,75832,76312,75906,65962,65232,65448,65952,65352
151,0,0,20,77370,76934,76161,76098,76760,69948,68778,69330,68947,68784,77576,76919,76392,76879,76462,66406,65663,65878,66386,65789
152,1,0,20,76823,76382,75619,75556,76218,69508,68341,68883,68503,68348,77013,76368,75841,76325,75921,65976,65233,65441,65950,65353
153,0,0,20,77361,76933,76153,76086,76754,69940,68773,69316,68935,68777,77574,76916,76394,76868,76472,66404,65655,65870,66375,65776
154,1,0,20,76805,76376,75613,75544,76206,69500,68336,68877,68503,68337,77010,76358,75834,76316,75918,65970,65224,65438,65952,65343
155,0,0,20,77381,76947,76168,76100,76771,69952,68785,69313,68950,68782,77571,76929,76411,76876,76476,66416,65656,65875,66393,65778
156,1,0,20,76815,76381,75619,75547,76211,69491,68329,68864,68504,68340,77003,76359,75840,76314,75917,65973,65224,65430,65941,65335
157,0,0,20,77381,76929,76163,76093,76771,69940,68769,69309,68944,68785,77567,76914,76393,76872,76465,66404,65661,65863,66375,65769
158,1,0,20,76815,76377,75614,75563,76212,69503,68340,68863,68495,68348,76999,76363,75842,76320,75915,65971,65228,65429,65936,65337
159,0,0,20,77372,76928,76168,76102,76765,69941,68775,69314,68945,68784,77556,76931,76413,76881,76475,66403,65664,65870,66376,65781
160,1,0,20,76819,76380,75623,75554,76218,69503,68354,68873,68513,68342,77004,76373,75840,76323,75928,65972,65231,65447,65948,65347
161,0,0,20,77383,76958,76183,76113,76792,69959,68795,69335,68960,68804,77599,76944,76408,76895,76494,66416,65668,65894,66393,65799
162,1,0,20,76814,76395,75619,75555,76212,69499,68337,68873,68495,68348,77028,76372,75843,76320,75916,65972,65229,65443,65950,65357
163,0,0,20,77385,76957,76164,76112,76780,69952,68784,69328,68946,68799,77600,76933,76407,76880,76469,66408,65674,65886,66394,65783
164,1,0,20,76804,76379,75616,75549,76214,69486,68315,68873,68489,68348,77043,76349,75827,76295,75914,65965,65227,65425,65933,65351
165,0,0,20,77395,76951,76189,76114,76794,69956,68785,69352,68960,68809,77635,76932,76410,76878,76483,66415,65682,65881,66397,65812
166,1,0,20,76787,76363,75614,75551,76209,69494,68317,68893,68480,68352,77068,76364,75829,76307,75923,65976,65239,65456,65943,65351
167,0,0,20,77368,76928,76168,76100,76782,69938,68767,69337,68927,68788,77627,76929,76398,76880,76489,66407,65670,65884,66391,65783
168,1,0,20,76805,76375,75620,75564,76209,69511,68328,68888,68501,68331,77056,76367,75826,76282,75920,65985,65238,65435,65939,65349
169,0,0,20,77375,76943,76164,76117,76778,69962,68771,69345,68955,68780,77614,76930,76382,76862,76470,66438,65671,65866,66384,65783
170,1,0,20,76800,76396,75593,75559,76210,69507,68316,68886,68471,68316,77072,76340,75829,76314,75922,65983,65237,65443,65937,65338
171,0,0,20,77383,76961,76156,76113,76773,69957,68775,69339,68933,68782,77631,76899,76393,76868,76476,66427,65678,65880,66378,65784
172,1,0,20,76797,76376,75581,75558,76193,69494,68300,68861,68476,68316,77053,76323,75817,76294,75902,65977,65228,65433,65936,65326
173,0,0,20,77366,76940,76148,76107,76767,69931,68756,69326,68912,68769,77633,76901,76388,76862,76465,66422,65675,65875,66373,65784
174,1,0,20,76788,76402,75589,75553,76202,69505,68303,68867,68478,68325,77077,76333,75825,76298,75929,65998,65238,65450,65939,65341
175,0,0,20,77388,76981,76161,76123,76794,69969,68773,69322,68960,68783,77656,76912,76408,76884,76498,66457,65693,65896,66385,65795
176,1,0,20,76809,76385,75594,75546,76204,69502,68309,68873,68490,68330,77058,76340,75813,76312,75931,65987,65238,65455,65928,65347
177,0,0,20,77372,76945,76145,76094,76760,69928,68752,69317,68934,68787,77607,76894,76387,76870,76470,66418,65672,65882,66376,65786
178,1,0,20,76813,76395,75606,75547,76194,69504,68317,68879,68493,68342,77064,76339,75819,76295,75925,65984,65244,65446,65941,65374
179,0,0,20,77393,76978,76160,76098,76774,69958,68761,69340,68945,68805,77638,76915,76416,76868,76487,66420,65680,65902,66382,65826
180,1,0,20,76813,76408,75612,75573,76217,69511,68323,68878,68490,68347,77080,76360,75855,76329,75930,66002,65241,65444,65959,65365
181,0,0,20,77378,76959,76163,76119,76770,69944,68762,69327,68939,68791,77649,76922,76414,76889,76487,66440,65682,65888,66400,65797
182,1,0,20,76811,76404,75615,75570,76212,69508,68316,68886,68482,68334,77069,76344,75851,76326,75929,66003,65238,65459,65949,65362
183,0,0,20,77386,76975,76184,76132,76793,69948,68782,69355,68949,68794,77653,76922,76419,76911,76488,66445,65684,65902,66400,65813
184,1,0,20,76795,76382,75604,75566,76195,69502,68322,68877,68464,68322,77038,76344,75834,76308,75909,65957,65241,65445,65926,65351
185,0,0,20,77372,76958,76176,76118,76777,69953,68773,69334,68910,68780,77622,76915,76411,76891,76482,66409,65686,65892,66379,65805
186,1,0,20,76793,76382,75602,75551,76198,69492,68304,68880,68458,68336,77031,76330,75844,76299,75909,65959,65238,65436,65934,65344
187,0,0,20,77391,76953,76170,76114,76774,69952,68768,69334,68925,68789,77612,76907,76424,76879,76469,66410,65670,65880,66373,65802
188,1,0,20,76806,76386,75616,75565,76192,69480,68304,68884,68487,68324,77034,76337,75840,76296,75912,65976,65220,65419,65921,65348
189,0,0,20,77387,76960,76177,76125,76780,69939,68761,69343,68948,68788,77629,76913,76423,76882,76470,66413,65663,65878,66374,65787
190,1,0,20,76816,76381,75613,75547,76214,69487,68312,68872,68483,68323,77045,76345,75846,76293,75923,65969,65243,65425,65944,65344
191,0,0,20,77387,76956,76183,76112,76790,69949,68769,69323,68935,68783,77613,76911,76403,76874,76496,66419,65683,65880,66384,65795
192,1,0,20,76789,76380,75591,75555,76216,69476,68308,68842,68464,68326,77053,76339,75833,76311,75895,65987,65231,65428,65935,65331
193,0,0,20,77357,76951,76142,76106,76785,69933,68760,69304,68929,68782,77630,76911,76415,76885,76468,66425,65679,65866,66377,65774
194,1,0,20,76808,76371,75608,75543,76201,69491,68321,68849,68481,68315,77060,76347,75833,76311,75920,65980,65235,65434,65936,65322
195,0,0,20,77375,76941,76166,76102,76758,69920,68775,69311,68936,68773,77627,76917,76397,76868,76484,66416,65671,65885,66382,65773
196,1,0,20,76797,76372,75593,75542,76199,69476,68302,68849,68458,68302,77051,76327,75817,76291,75887,65947,65214,65423,65913,65313
197,0,0,20,77373,76945,76169,76109,76777,69938,68775,69307,68925,68773,77634,76907,76401,76886,76462,66401,65666,65886,66370,65769
198,1,0,20,76804,76402,75598,75560,76208,69481,68306,68879,68477,68321,77064,76342,75824,76308,75913,65998,65225,65442,65929,65336
199,0,0,20,77383,76968,76175,76119,76791,69947,68768,69341,68934,68788,77644,76927,76393,76898,76494,66438,65674,65893,66373,65773
200,1,0,20,76800,76378,75609,75555,76202,69485,68304,68862,68453,68318,77055,76344,75822,76318,75911,65977,65212,65431,65918,65326
201,0,0,20,77371,76949,76176,76108,76769,69932,68752,69319,68904,68768,77625,76911,76398,76891,76475,66414,65649,65877,66361,65767
202,1,0,20,76809,76396,75613,75551,76212,69501,68308,68866,68483,68324,77047,76339,75839,76311,75913,65968,65219,65441,65943,65331
203,0,0,20,77385,76958,76174,76112,76782,69951,68751,69326,68940,68775,77612,76908,76402,76879,76475,66412,65663,65879,66382,65771
204,1,0,20,76782,76372,75602,75541,76210,69469,68303,68839,68438,68303,77035,76329,75824,76291,75900,65960,65215,65423,65910,65312
205,0,0,20,77381,76947,76174,76120,76795,69937,68769,69307,68912,68783,77629,76909,76431,76894,76477,66421,65672,65880,66372,65770
206,1,0,20,76787,76370,75583,75543,76202,69482,68301,68863,68468,68308,77040,76329,75832,76329,75911,65965,65213,65441,65926,65331
207,0,0,20,77362,76944,76147,76101,76776,69937,68758,69315,68925,68764,77599,76916,76394,76901,76470,66405,65659,65887,66364,65775
208,1,0,20,76783,76395,75592,75548,76196,69477,68307,68874,68452,68306,77044,76344,75830,76319,75918,65964,65215,65434,65922,65323
209,0,0,20,77363,76937,76153,76097,76759,69926,68755,69320,68906,68749,77608,76914,76413,76897,76483,66406,65652,65870,66363,65765
210,1,0,20,76768,76366,75587,75544,76194,69469,68302,68857,68447,68311,77036,76337,75807,76313,75900,65956,65207,65420,65917,65324
211,0,0,20,77369,76944,76166,76122,76777,69946,68773,69337,68915,68783,77617,76910,76389,76903,76479,66412,65657,65879,66376,65786
212,1,0,20,76778,76365,75597,75548,76204,69458,68304,68867,68460,68303,77042,76337,75809,76317,75891,65957,65214,65424,65943,65330
213,0,0,20,77376,76932,76164,76103,76782,69928,68763,69325,68915,68778,77607,76918,76382,76894,76466,66406,65660,65866,66388,65775
214,1,0,20,76802,76373,75608,75547,76195,69478,68311,68866,68462,68311,77044,76346,75823,76330,75907,65955,65219,65428,65931,65331
215,0,0,20,77375,76927,76151,76103,76762,69912,68752,69310,68911,68770,77617,76928,76387,76885,76451,66395,65652,65859,66376,65767
216,1,0,20,76792,76385,75588,75551,76190,69480,68311,68877,68450,68301,77061,76330,75814,76323,75898,65957,65218,65427,65934,65328
217,0,0,20,77369,76939,76157,76102,76762,69927,68756,69324,68907,68756,77628,76902,76384,76892,76456,66403,65648,65865,66372,65772
218,1,0,20,76797,76358,75607,75541,76179,69474,68313,68861,68457,68287,77060,76347,75830,76306,75896,65963,65212,65424,65925,65336
219,0,0,20,77376,76940,76178,76113,76754,69944,68784,69335,68932,68763,77642,76927,76421,76901,76475,66427,65667,65874,66387,65783
220,1,0,20,76778,76357,75579,75529,76171,69463,68300,68840,68449,68299,77033,76332,75814,76317,75891,65941,65196,65406,65919,65316
221,0,0,20,77373,76931,76146,76094,76760,69928,68767,69310,68922,68775,77626,76918,76390,76904,76462,66411,65659,65864,66375,65772
222,1,0,20,76764,76358,75588,75537,76190,69464,68295,68858,68459,68319,77047,76334,75818,76309,75890,65953,65201,65402,65917,65312
223,0,0,20,77349,76936,76164,76102,76775,69928,68763,69317,68928,68784,77634,76923,76395,76890,76469,66408,65663,65857,66372,65769
224,1,0,20,76761,76358,75575,75536,76172,69450,68275,68839,68432,68296,77034,76327,75800,76309,75891,65950,65189,65413,65901,65300
225,0,0,20,77367,76958,76156,76129,76769,69927,68756,69322,68919,68778,77639,76929,76390,76907,76469,66412,65659,65872,66379,65776
226,1,0,20,76803,76396,75612,75556,76206,69473,68320,68873,68462,68323,77062,76353,75823,76327,75910,65973,65222,65440,65935,65341
227,0,0,20,77390,76971,76193,76113,76784,69932,68778,69321,68917,68773,77624,76921,76402,76900,76470,66422,65663,65871,66387,65778
228,1,0,20,76787,76384,75611,75553,76189,69480,68315,68857,68449,68312,77054,76341,75820,76310,75903,65950,65223,65434,65926,65340
229,0,0,20,77368,76943,76163,76103,76761,69921,68767,69303,68915,68772,77628,76912,76399,76888,76457,66385,65664,65868,66369,65774
230,1,0,20,76769,76365,75593,75547,76180,69466,68304,68843,68457,68306,77053,76334,75811,76320,75900,65963,65218,65414,65919,65329
231,0,0,20,77364,76936,76158,76114,76764,69936,68766,69325,68914,68779,77631,76911,76398,76898,76478,66415,65658,65863,66377,65779
232,1,0,20,76783,76382,75618,75561,76187,69489,68312,68867,68470,68303,77054,76344,75822,76309,75899,65960,65234,65439,65944,65353
233,0,0,20,77383,76950,76191,76121,76777,69951,68773,69338,68936,68759,77632,76927,76408,76891,76476,66404,65685,65880,66400,65800
234,1,0,20,76775,76373,75600,75559,76191,69486,68312,68864,68454,68317,77052,76355,75829,76302,75922,65965,65224,65427,65919,65329
235,0,0,20,77362,76952,76177,76120,76774,69942,68773,69328,68922,68782,77633,76929,76396,76897,76500,66414,65672,65884,66369,65782
236,1,0,20,76799,76381,75593,75569,76209,69498,68326,68862,68461,68326,77067,76349,75839,76308,75940,65985,65227,65434,65942,65341
237,0,0,20,77385,76953,76154,76130,76779,69954,68784,69324,68930,68786,77636,76914,76403,76886,76497,66427,65682,65876,66391,65797
238,1,0,20,76803,76389,75603,75548,76206,69486,68309,68864,68488,68323,77069,76351,75855,76322,75925,65980,65239,65418,65949,65350
239,0,0,20,77388,76956,76161,76126,76790,69953,68767,69325,68946,68787,77652,76931,76428,76893,76488,66422,65689,65871,66391,65796
240,1,0,20,76789,76385,75615,75551,76209,69492,68307,68877,68461,68308,77052,76344,75840,76325,75923,65968,65230,65430,65932,65341
241,0,0,20,77375,76955,76173,76125,76774,69949,68767,69318,68917,68775,77615,76920,76403,76891,76480,66411,65671,65875,66387,65788
242,1,0,20,76809,76384,75597,75554,76188,69490,68300,68852,68438,68312,77062,76346,75839,76308,75895,65965,65211,65413,65933,65342
243,0,0,20,77382,76939,76166,76110,76764,69944,68762,69317,68904,68778,77634,76925,76412,76879,76461,66411,65655,65859,66380,65776
244,1,0,20,76800,76388,75595,75573,76191,69486,68310,68879,68455,68314,77079,76351,75820,76318,75936,65979,65221,65435,65952,65337
245,0,0,20,77394,76954,76166,76134,76770,69957,68773,69345,68936,68780,77641,76936,76410,76903,76501,66428,65671,65879,66405,65784
246,1,0,20,76778,76380,75606,75559,76193,69490,68312,68867,68474,68299,77052,76351,75825,76314,75911,65959,65215,65421,65943,65328
247,0,0,20,77360,76963,76171,76118,76771,69936,68765,69326,68930,68757,77626,76916,76401,76889,76465,66411,65663,65862,66387,65774
248,1,0,20,76808,76395,75616,75567,76217,69498,68326,68875,68470,68312,77058,76362,75842,76334,75928,65982,65231,65439,65952,65336
249,0,0,20,77384,76961,76167,76117,76784,69941,68779,69329,68925,68776,77631,76926,76414,76898,76479,66432,65671,65888,66399,65786
250,1,0,20,76772,76355,75602,75551,76185,69467,68304,68859,68459,68309,77033,76333,75806,76313,75901,65955,65212,65415,65926,65318
251,0,0,20,77349,76928,76166,76109,76766,69916,68762,69317,68912,68768,77603,76897,76379,76895,76464,66406,65658,65866,66369,65766
252,1,0,20,76784,76388,75582,75551,76197,69469,68306,68878,68454,68293,77036,76343,75799,76310,75911,65956,65215,65408,65926,65315
253,0,0,20,77368,76952,76150,76100,76764,69926,68763,69335,68907,68754,77610,76920,76373,76878,76481,66402,65655,65869,66378,65761
254,1,0,20,76801,76383,75587,75555,76214,69478,68321,68859,68463,68316,77060,76349,75797,76315,75916,65957,65227,65415,65942,65334
255,0,0,20,77377,76944,76146,76112,76774,69925,68768,69308,68914,68776,77624,76910,76362,76884,76479,66399,65664,65864,66388,65785
256,1,0,20,76793,76374,75587,75545,76189,69485,68314,68875,68454,68314,77040,76349,75809,76322,75916,65962,65232,65423,65946,65339
257,0,0,20,77393,76963,76161,76109,76776,69947,68788,69350,68913,68788,77635,76946,76399,76908,76494,66415,65687,65881,66397,65796
258,1,0,20,76796,76375,75610,75557,76212,69482,68320,68860,68458,68311,77059,76337,75811,76306,75924,65972,65243,65425,65947,65331
259,0,0,20,77381,76936,76169,76116,76782,69934,68780,69328,68909,68773,77647,76915,76388,76872,76487,66402,65684,65870,66402,65776
260,1,0,20,76789,76377,75595,75562,76207,69490,68312,68854,68451,68320,77068,76348,75801,76306,75906,65964,65220,65419,65933,65320
261,0,0,20,77374,76960,76170,76141,76783,69948,68782,69319,68915,68792,77629,76931,76387,76893,76485,66431,65672,65886,66389,65773
262,1,0,20,76769,76356,75577,75551,76187,69471,68292,68852,68438,68304,77053,76331,75798,76287,75876,65947,65214,65411,65928,65322
263,0,0,20,77372,76930,76152,76113,76763,69935,68763,69317,68898,68766,77637,76914,76392,76873,76449,66401,65667,65864,66387,65773
264,1,0,20,76812,76376,75606,75570,76203,69499,68318,68882,68467,68325,77072,76356,75814,76306,75926,65977,65249,65439,65945,65346
265,0,0,20,77396,76944,76178,76129,76777,69961,68780,69353,68940,68792,77643,76933,76403,76901,76497,66423,65696,65889,66402,65799
266,1,0,20,76801,76363,75604,75570,76191,69484,68307,68876,68467,68328,77073,76356,75820,76299,75921,65973,65219,65425,65935,65355
267,0,0,20,77386,76932,76174,76127,76775,69946,68771,69337,68926,68795,77640,76935,76397,76879,76493,66434,65670,65880,66403,65791
268,1,0,20,76791,76336,75597,75558,76193,69482,68308,68868,68474,68312,77067,76340,75804,76306,75909,65960,65202,65429,65945,65329
269,0,0,20,77372,76899,76159,76117,76773,69928,68763,69323,68921,68764,77629,76915,76380,76882,76475,66414,65653,65872,66396,65784
270,1,0,20,76791,76348,75618,75546,76205,69473,68313,68866,68457,68305,77047,76334,75808,76308,75908,65974,65222,65429,65933,65338
271,0,0,20,77377,76926,76176,76128,76789,69938,68777,69327,68909,68768,77637,76909,76399,76892,76485,66426,65672,65876,66390,65789
272,1,0,20,76798,76360,75608,75560,76208,69498,68317,68882,68467,68330,77086,76361,75827,76311,75915,65984,65227,65434,65952,65343
273,0,0,20,77389,76939,76183,76128,76792,69947,68782,69332,68937,68789,77662,76937,76416,76897,76483,66437,65684,65888,66422,65796
274,1,0,20,76805,76372,75602,75551,76207,69481,68313,68874,68452,68324,77058,76355,75841,76318,75914,65984,65214,65426,65949,65340
275,0,0,20,77401,76968,76179,76114,76796,69949,68782,69346,68934,68790,77644,76940,76413,76894,76492,66438,65668,65881,66406,65794
276,1,0,20,76813,76364,75611,75557,76228,69494,68321,68887,68468,68344,77070,76360,75839,76325,75922,65996,65241,65438,65940,65355
277,0,0,20,77397,76942,76181,76125,76792,69958,68777,69360,68923,68800,77652,76935,76418,76896,76481,66445,65682,65888,66395,65815
278,1,0,20,76822,76374,75623,75556,76200,69497,68334,68868,68467,68322,77078,76359,75836,76324,75918,65991,65232,65438,65953,65350
279,0,0,20,77424,76955,76200,76127,76790,69963,68796,69337,68943,68790,77671,76953,76422,76911,76487,66440,65693,65899,66407,65810
280,1,0,20,76803,76377,75604,75545,76190,69497,68309,68878,68465,68327,77060,76346,75840,76305,75930,65975,65215,65429,65944,65348
281,0,0,20,77389,76953,76173,76130,76789,69958,68781,69352,68942,68796,77651,76935,76427,76902,76511,66441,65673,65887,66406,65808
282,1,0,20,76800,76362,75592,75549,76196,69486,68317,68873,68467,68320,77066,76343,75813,76307,75919,65966,65230,65432,65945,65339
283,0,0,20,77386,76947,76174,76120,76772,69952,68774,69342,68941,68792,77652,76927,76411,76888,76493,66409,65675,65873,66404,65805
284,1,0,20,76793,76370,75590,75556,76194,69467,68302,68864,68457,68321,77072,76335,75833,76313,75919,65953,65225,65427,65942,65343
285,0,0,20,77378,76951,76163,76119,76780,69922,68765,69322,68919,68790,77631,76910,76402,76889,76493,66402,65662,65868,66386,65799
286,1,0,20,76808,76379,75607,75549,76191,69502,68320,68864,68470,68318,77050,76343,75826,76316,75917,65977,65219,65427,65950,65349
287,0,0,20,77391,76944,76170,76115,76760,69945,68777,69324,68936,68778,77626,76920,76409,76898,76474,66426,65668,65874,66409,65797
288,1,0,20,76809,76401,75611,75560,76206,69502,68324,68874,68476,68332,77076,76360,75849,76334,75932,65974,65231,65423,65963,65357
289,0,0,20,77391,76961,76165,76100,76767,69944,68762,69321,68934,68787,77627,76924,76408,76900,76480,66413,65664,65868,66406,65791
290,1,0,20,76796,76388,75599,75555,76199,69504,68317,68870,68457,68316,77078,76340,75826,76333,75903,65965,65208,65419,65945,65340
291,0,0,20,77387,76965,76177,76114,76774,69961,68789,69329,68928,68777,77663,76922,76416,76924,76483,66430,65667,65884,66400,65805
292,1,0,20,76816,76411,75616,75575,76199,69515,68334,68892,68480,68329,77095,76364,75854,76337,75941,65993,65246,65461,65970,65370
293,0,0,20,77404,76984,76174,76129,76782,69968,68778,69353,68936,68788,77663,76937,76431,76903,76493,66439,65691,65893,66408,65821
294,1,0,20,76812,76387,75605,75580,76191,69505,68318,68884,68455,68320,77042,76362,75827,76339,75927,65971,65233,65449,65954,65341
295,0,0,20,77383,76948,76159,76126,76766,69936,68765,69325,68909,68771,77608,76935,76404,76902,76484,66411,65672,65888,66396,65783
296,1,0,20,76792,76366,75602,75546,76188,69477,68311,68863,68442,68300,77041,76328,75822,76315,75917,65963,65230,65434,65931,65331
297,0,0,20,77381,76942,76157,76107,76770,69930,68764,69316,68904,68754,77619,76909,76393,76892,76480,66421,65666,65866,66381,65774
298,1,0,20,76795,76382,75597,75548,76208,69484,68303,68878,68468,68327,77067,76348,75827,76324,75916,65968,65234,65442,65951,65343
299,0,0,20,77374,76948,76160,76104,76781,69936,68754,69335,68923,68787,77619,76919,76390,76897,76475,66410,65686,65874,66403,65789
300,1,0,20,76786,76392,75590,75537,76192,69474,68294,68863,68449,68313,77047,76329,75831,76316,75916,65959,65215,65434,65933,65339
301,0,0,20,77376,76967,76171,76107,76769,69936,68753,69326,68903,68776,77629,76914,76408,76899,76474,66411,65666,65887,66403,65795
302,1,0,20,76797,76401,75595,75549,76217,69485,68303,68865,68438,68330,77063,76344,75829,76305,75903,65976,65245,65442,65955,65353
303,0,0,20,77396,76973,76176,76121,76785,69953,68782,69337,68920,68804,77635,76932,76423,76900,76498,66451,65707,65901,66419,65811
304,1,0,20,76800,76374,75602,75538,76195,69470,68309,68864,68455,68324,77073,76338,75820,76299,75909,65972,65231,65431,65945,65347
305,0,0,20,77399,76956,76185,76112,76789,69939,68766,69321,68912,68787,77644,76916,76396,76894,76472,66420,65688,65884,66407,65809
306,1,0,20,76789,76383,75595,75546,76183,69481,68313,68852,68450,68318,77077,76337,75819,76304,75927,65973,65232,65429,65939,65338
307,0,0,20,77384,76974,76172,76129,76779,69948,68779,69327,68930,68789,77661,76917,76406,76893,76503,66434,65687,65893,66407,65800
308,1,0,20,76804,76383,75609,75563,76213,69468,68312,68889,68451,68323,77064,76340,75823,76331,75931,65989,65243,65443,65944,65323
309,0,0,20,77375,76944,76157,76109,76788,69920,68765,69334,68910,68786,77625,76900,76405,76893,76475,66424,65678,65891,66388,65770
310,1,0,20,76801,76375,75596,75543,76201,69475,68303,68869,68446,68329,77053,76350,75805,76312,75899,65971,65237,65435,65953,65331
311,0,0,20,77398,76950,76177,76116,76782,69943,68773,69347,68925,68810,77640,76937,76406,76899,76492,66427,65701,65893,66417,65795
312,1,0,20,76804,76375,75612,75553,76206,69484,68316,68875,68479,68331,77066,76349,75827,76325,75913,65974,65237,65442,65943,65332
313,0,0,20,77418,76976,76204,76156,76816,69967,68809,69369,68958,68816,77659,76945,76430,76921,76504,66451,65707,65915,66417,65809
314,1,0,20,76814,76382,75621,75585,76211,69472,68328,68885,68468,68325,77076,76345,75839,76326,75924,65984,65235,65436,65960,65353
315,0,0,20,77419,76967,76195,76161,76813,69940,68798,69345,68941,68794,77662,76945,76440,76912,76504,66447,65699,65893,66429,65810
316,1,0,20,76800,76370,75618,75567,76215,69477,68316,68874,68465,68324,77071,76362,75832,76328,75929,65978,65246,65440,65953,65350
317,0,0,20,77385,76943,76186,76131,76798,69955,68769,69332,68934,68790,77648,76932,76398,76896,76489,66431,65684,65888,66410,65795
318,1,0,20,76823,76378,75615,75589,76231,69503,68334,68888,68492,68359,77061,76352,75848,76343,75947,66019,65248,65444,65987,65380
319,0,0,20,77392,76942,76177,76139,76801,69946,68787,69333,68943,68800,77643,76916,76427,76907,76486,66447,65676,65880,66427,65818
320,1,0,20,76804,76350,75597,75546,76213,69465,68302,68854,68451,68310,77057,76323,75826,76308,75899,65970,65224,65407,65945,65348
321,0,0,20,77397,76936,76177,76126,76795,69928,68771,69324,68918,68781,77661,76908,76415,76902,76490,66429,65685,65878,66405,65806
322,1,0,20,76804,76377,75594,75553,76194,69468,68302,68846,68457,68322,77068,76339,75822,76318,75910,65982,65226,65414,65934,65351
323,0,0,20,77396,76946,76161,76119,76781,69927,68756,69302,68907,68781,77645,76912,76402,76900,76463,66417,65666,65863,66391,65788
324,1,0,20,76798,76361,75593,75540,76202,69464,68305,68846,68444,68304,77041,76346,75804,76332,75908,65982,65225,65421,65949,65335
325,0,0,20,77368,76924,76153,76090,76778,69912,68764,69296,68903,68757,77611,76914,76374,76891,76472,66419,65666,65868,66368,65787
326,1,0,20,76807,76369,75602,75567,76207,69472,68323,68874,68455,68330,77078,76357,75820,76340,75915,65989,65227,65427,65961,65359
327,0,0,20,77388,76934,76160,76121,76769,69914,68764,69327,68920,68788,77638,76928,76391,76905,76470,66423,65671,65876,66391,65795
328,1,0,20,76798,76367,75596,75570,76204,69491,68301,68868,68450,68317,77071,76332,75831,76319,75915,65998,65233,65437,65962,65354
329,0,0,20,77383,76945,76157,76124,76773,69930,68772,69324,68922,68774,77644,76915,76410,76890,76479,66439,65678,65889,66409,65812
330,1,0,20,76802,76359,75601,75556,76191,69493,68314,68850,68461,68328,77054,76325,75827,76320,75903,65989,65220,65433,65960,65360
331,0,0,20,77396,76945,76172,76124,76780,69947,68774,69319,68934,68785,77633,76906,76402,76901,76484,66438,65671,65883,66407,65800
332,1,0,20,76801,76376,75620,75572,76203,69486,68305,68877,68463,68334,77074,76344,75824,76319,75917,65985,65220,65437,65956,65362
333,0,0,20,77383,76932,76178,76122,76771,69922,68745,69315,68923,68785,77626,76904,76376,76894,76471,66422,65665,65877,66397,65791
334,1,0,20,76813,76377,75606,75575,76202,69492,68324,68868,68464,68332,77084,76336,75832,76318,75930,65989,65228,65455,65946,65369
335,0,0,20,77378,76936,76148,76116,76762,69928,68770,69322,68916,68781,77652,76903,76387,76876,76479,66420,65662,65880,66388,65805
336,1,0,20,76830,76377,75608,75558,76205,69494,68330,68871,68475,68322,77075,76339,75824,76302,75925,65982,65206,65453,65957,65366
337,0,0,20,77417,76961,76174,76123,76790,69956,68794,69329,68933,68794,77644,76922,76413,76888,76500,66423,65668,65895,66415,65821
338,1,0,20,76794,76367,75585,75555,76189,69465,68304,68870,68450,68312,77043,76330,75806,76296,75918,65975,65197,65426,65919,65337
339,0,0,20,77385,76937,76144,76117,76767,69923,68765,69329,68918,68773,77632,76907,76396,76879,76471,66420,65641,65880,66375,65794
340,1,0,20,76793,76368,75603,75563,76194,69479,68316,68861,68485,68338,77048,76343,75829,76309,75935,65988,65229,65428,65950,65348
341,0,0,20,77394,76944,76176,76128,76780,69939,68782,69324,68958,68809,77648,76932,76421,76898,76504,66461,65683,65881,66409,65812
342,1,0,20,76814,76392,75607,75567,76213,69493,68322,68877,68477,68359,77075,76350,75852,76322,75940,65994,65247,65447,65959,65363
343,0,0,20,77400,76978,76175,76127,76801,69946,68792,69339,68940,68820,77644,76933,76428,76900,76510,66447,65699,65900,66411,65822
344,1,0,20,76804,76373,75609,75568,76222,69490,68320,68879,68486,68336,77085,76346,75830,76324,75921,65984,65241,65443,65975,65368
345,0,0,20,77386,76948,76172,76139,76802,69958,68781,69335,68943,68797,77665,76919,76414,76904,76496,66434,65689,65896,66425,65823
346,1,0,20,76793,76361,75605,75567,76210,69480,68310,68867,68460,68321,77045,76333,75831,76309,75904,65980,65233,65455,65947,65350
347,0,0,20,77373,76934,76174,76140,76794,69948,68776,69338,68922,68785,77630,76912,76414,76892,76480,66438,65676,65897,66407,65800
348,1,0,20,76791,76370,75599,75573,76211,69492,68321,68881,68463,68328,77086,76335,75825,76297,75894,65983,65236,65449,65958,65348
349,0,0,20,77388,76959,76177,76145,76792,69953,68788,69338,68944,68810,77670,76917,76413,76893,76481,66433,65693,65903,66413,65818
350,1,0,20,76791,76358,75602,75560,76212,69476,68316,68884,68471,68324,77057,76340,75828,76305,75908,65980,65224,65443,65951,65340
351,0,0,20,77385,76939,76171,76124,76794,69948,68777,69343,68935,68785,77627,76923,76416,76890,76485,66430,65677,65894,66418,65809
352,1,0,20,76809,76377,75600,75573,76223,69486,68313,68883,68456,68333,77060,76343,75838,76316,75915,65992,65240,65436,65945,65358
353,0,0,20,77384,76952,76164,76135,76795,69945,68768,69337,68921,68797,77627,76922,76408,76888,76486,66448,65683,65891,66402,65800
354,1,0,20,76794,76369,75575,75555,76203,69509,68297,68867,68462,68319,77055,76340,75820,76303,75910,65979,65205,65435,65950,65343
355,0,0,20,77390,76968,76168,76151,76806,69968,68782,69344,68950,68806,77644,76929,76416,76906,76497,66451,65674,65908,66412,65810
356,1,0,20,76795,76372,75581,75569,76201,69485,68317,68874,68473,68318,77063,76351,75819,76314,75934,65986,65209,65436,65939,65348
357,0,0,20,77395,76953,76147,76135,76784,69947,68778,69329,68946,68789,77641,76929,76406,76903,76510,66432,65674,65898,66401,65812
358,1,0,20,76797,76347,75573,75541,76186,69474,68300,68859,68455,68314,77044,76331,75816,76286,75898,65958,65205,65423,65934,65326
359,0,0,20,77386,76942,76162,76116,76767,69950,68779,69334,68931,68798,77640,76923,76402,76888,76482,66419,65659,65882,66396,65783
360,1,0,20,76803,76381,75597,75566,76207,69496,68307,68879,68485,68346,77062,76354,75849,76319,75936,66001,65227,65451,65951,65338
361,0,0,20,77381,76935,76154,76121,76784,69940,68760,69321,68933,68798,77631,76907,76409,76900,76498,66428,65655,65886,66389,65777
362,1,0,20,76797,76358,75596,75567,76197,69494,68319,68880,68475,68339,77047,76346,75827,76308,75915,65972,65220,65432,65938,65354
363,0,0,20,77395,76961,76174,76158,76795,69966,68797,69341,68950,68815,77641,76937,76407,76905,76506,66446,65684,65903,66413,65824
364,1,0,20,76801,76374,75597,75582,76204,69481,68321,68871,68478,68325,77069,76344,75837,76314,75922,65992,65227,65450,65945,65368
365,0,0,20,77384,76941,76156,76131,76782,69938,68779,69328,68928,68789,77642,76909,76400,76881,76480,66434,65672,65891,66399,65809
366,1,0,20,76795,76346,75590,75544,76201,69480,68312,68867,68465,68306,77051,76346,75817,76299,75924,65971,65218,65435,65934,65339
367,0,0,20,77377,76921,76162,76112,76772,69929,68781,69332,68925,68775,77620,76917,76400,76879,76489,66419,65667,65888,66397,65798
368,1,0,20,76791,76365,75608,75554,76189,69465,68305,68870,68448,68312,77063,76340,75811,76295,75932,65967,65229,65426,65924,65349
369,0,0,20,77384,76947,76188,76129,76779,69935,68781,69341,68919,68782,77642,76912,76408,76900,76508,66427,65674,65885,66384,65805
370,1,0,20,76799,76370,75593,75560,76190,69490,68310,68873,68479,68319,77059,76334,75831,76309,75927,65980,65209,65418,65943,65351
371,0,0,20,77395,76954,76171,76131,76788,69950,68785,69347,68931,68788,77650,76921,76424,76899,76522,66433,65654,65873,66404,65821
372,1,0,20,76792,76381,75612,75565,76194,69492,68328,68891,68490,68313,77091,76347,75828,76343,75936,65987,65235,65449,65962,65347
373,0,0,20,77376,76931,76182,76123,76764,69938,68776,69343,68912,68763,77662,76917,76385,76913,76496,66426,65672,65889,66401,65787
374,1,0,20,76781,76355,75589,75540,76178,69462,68300,68841,68449,68297,77035,76340,75803,76294,75914,65965,65204,65430,65928,65323
375,0,0,20,77375,76936,76167,76107,76767,69927,68766,69308,68910,68771,77621,76909,76381,76878,76488,66416,65666,65872,66380,65776
376,1,0,20,76805,76368,75604,75571,76192,69479,68332,68856,68479,68329,77042,76336,75820,76311,75924,65964,65244,65440,65936,65353
377,0,0,20,77364,76926,76152,76120,76746,69922,68770,69309,68921,68775,77604,76892,76400,76885,76475,66404,65677,65888,66389,65786
378,1,0,20,76787,76348,75575,75546,76179,69463,68313,68844,68457,68309,77032,76327,75788,76303,75897,65949,65217,65406,65914,65334
379,0,0,20,77374,76932,76148,76102,76760,69923,68779,69316,68927,68777,77597,76911,76385,76889,76476,66403,65671,65870,66381,65792
380,1,0,20,76790,76357,75583,75547,76178,69463,68320,68872,68463,68308,77035,76327,75813,76311,75896,65965,65228,65429,65923,65329
381,0,0,20,77391,76941,76152,76121,76768,69937,68787,69335,68936,68779,77619,76909,76399,76903,76475,66420,65681,65878,66386,65786
382,1,0,20,76793,76372,75594,75557,76182,69489,68317,68884,68456,68328,77032,76352,75809,76316,75912,65972,65227,65424,65932,65340
383,0,0,20,77393,76947,76168,76145,76785,69967,68799,69351,68942,68798,77612,76936,76405,76909,76491,66434,65698,65892,66412,65797
384,1,0,20,76798,76364,75587,75550,76194,69496,68314,68876,68463,68315,77044,76344,75811,76314,75895,65978,65227,65435,65928,65334
385,0,0,20,77389,76941,76148,76107,76772,69945,68765,69328,68919,68770,77617,76927,76377,76892,76473,66416,65668,65882,66383,65784
386,1,0,20,76796,76367,75574,75554,76202,69489,68333,68887,68470,68325,77045,76344,75796,76314,75908,65970,65209,65424,65922,65337
387,0,0,20,77387,76958,76159,76130,76787,69949,68799,69352,68943,68800,77632,76929,76398,76911,76491,66440,65667,65889,66377,65797
388,1,0,20,76803,76364,75591,75569,76216,69471,68333,68889,68462,68314,77041,76331,75805,76319,75923,65970,65218,65447,65935,65341
389,0,0,20,77382,76938,76156,76128,76787,69925,68788,69337,68916,68779,77606,76899,76388,76894,76488,66421,65669,65882,66389,65795
390,1,0,20,76807,76369,75580,75555,76206,69478,68320,68866,68469,68308,77062,76352,75800,76336,75926,65970,65229,65434,65942,65357
391,0,0,20,77375,76944,76159,76103,76770,69936,68777,69323,68926,68767,77618,76913,76370,76901,76488,66420,65668,65875,66391,65795
392,1,0,20,76792,76364,75587,75558,76206,69487,68312,68876,68472,68315,77055,76351,75812,76339,75921,65973,65223,65426,65934,65345
393,0,0,20,77377,76947,76160,76125,76782,69941,68772,69340,68932,68780,77642,76932,76386,76908,76489,66427,65676,65887,66386,65783
394,1,0,20,76811,76401,75597,75558,76200,69486,68320,68888,68478,68321,77078,76365,75823,76337,75922,65985,65230,65440,65941,65360
395,0,0,20,77401,76971,76150,76122,76780,69945,68785,69339,68932,68782,77642,76941,76391,76912,76487,66430,65677,65886,66402,65801
396,1,0,20,76781,76375,75597,75554,76197,69498,68312,68881,68464,68319,77042,76351,75815,76313,75918,65966,65238,65437,65932,65342
397,0,0,20,77382,76952,76163,76131,76778,69964,68776,69354,68933,68780,77627,76937,76397,76916,76495,66415,65694,65882,66387,65798
398,1,0,20,76790,76356,75585,75556,76202,69477,68308,68872,68462,68309,77056,76336,75805,76319,75892,65964,65216,65433,65936,65343
399,0,0,20,77379,76948,76160,76128,76789,69956,68786,69348,68929,68782,77635,76931,76398,76909,76492,66428,65673,65886,66395,65800
400,1,0,20,76807,76374,75586,75562,76204,69493,68333,68878,68478,68339,77068,76357,75833,76332,75921,65970,65224,65439,65948,65350
401,0,0,20,77392,76958,76170,76129,76785,69945,68796,69338,68931,68802,77648,76933,76407,76921,76488,66416,65674,65885,66408,65803
402,1,0,20,76796,76363,75597,75552,76213,69477,68322,68874,68466,68322,77077,76344,75790,76330,75902,65967,65234,65430,65942,65352
403,0,0,20,77384,76926,76161,76115,76789,69927,68778,69336,68930,68797,77634,76923,76382,76905,76462,66412,65682,65882,66382,65788
404,1,0,20,76814,76375,75602,75552,76218,69489,68325,68860,68473,68336,77080,76363,75806,76341,75938,65983,65232,65452,65929,65363
405,0,0,20,77389,76934,76154,76107,76782,69931,68788,69310,68935,68789,77640,76914,76368,76907,76491,66424,65660,65887,66379,65811
406,1,0,20,76785,76375,75583,75551,76209,69475,68307,68862,68454,68324,77057,76342,75813,76324,75927,65979,65206,65434,65925,65353
407,0,0,20,77371,76942,76147,76101,76790,69927,68760,69312,68922,68781,77624,76904,76400,76896,76489,66411,65660,65871,66375,65799
408,1,0,20,76790,76386,75576,75557,76219,69467,68303,68868,68475,68312,77058,76341,75817,76318,75909,65976,65208,65432,65932,65342
409,0,0,20,77363,76953,76134,76109,76783,69923,68756,69313,68925,68755,77628,76912,76373,76889,76470,66406,65645,65872,66366,65789
410,1,0,20,76778,76373,75571,75551,76206,69462,68291,68854,68444,68310,77040,76327,75807,76313,75910,65956,65217,65421,65916,65351
411,0,0,20,77351,76926,76134,76114,76765,69920,68742,69309,68896,68755,77611,76903,76363,76887,76462,66391,65663,65856,66364,65795
412,1,0,20,76773,76361,75587,75546,76204,69465,68292,68860,68444,68295,77042,76322,75802,76315,75909,65955,65190,65411,65929,65342
413,0,0,20,77360,76926,76148,76105,76785,69919,68743,69325,68908,68764,77620,76906,76382,76901,76479,66399,65651,65860,66386,65791
414,1,0,20,76793,76394,75606,75554,76225,69503,68322,68873,68469,68327,77072,76351,75823,76336,75929,65963,65249,65435,65955,65367
415,0,0,20,77377,76963,76174,76118,76804,69950,68779,69332,68926,68777,77647,76927,76409,76911,76486,66429,65697,65890,66405,65819
416,1,0,20,76791,76380,75580,75551,76192,69497,68314,68862,68463,68321,77075,76334,75825,76322,75923,65963,65226,65430,65939,65345
417,0,0,20,77345,76929,76134,76081,76761,69928,68755,69303,68897,68763,77627,76880,76371,76870,76471,66386,65667,65861,66363,65779
418,1,0,20,76789,76370,75578,75551,76199,69476,68324,68875,68460,68319,77077,76316,75807,76327,75919,65961,65215,65429,65932,65342
419,0,0,20,77388,76935,76142,76113,76777,69926,68775,69327,68920,68757,77643,76897,76390,76902,76481,66409,65664,65879,66383,65790
420,1,0,20,76814,76367,75592,75551,76234,69475,68314,68881,68455,68318,77070,76334,75810,76315,75926,65983,65215,65443,65944,65352
421,0,0,20,77394,76955,76165,76126,76819,69937,68794,69345,68918,68781,77656,76914,76405,76898,76502,66428,65679,65892,66412,65810
422,1,0,20,76818,76367,75590,75561,76209,69486,68300,68876,68448,68303,77068,76335,75805,76317,75918,65966,65233,65434,65945,65319
423,0,0,20,77394,76941,76148,76107,76787,69940,68753,69328,68919,68757,77645,76907,76388,76894,76482,66410,65670,65870,66386,65771
424,1,0,20,76808,76375,75582,75558,76213,69484,68303,68886,68468,68313,77076,76334,75820,76321,75925,65983,65224,65449,65948,65354
425,0,0,20,77401,76952,76155,76131,76796,69942,68770,69346,68928,68786,77642,76917,76398,76918,76506,66433,65675,65901,66398,65808
426,1,0,20,76805,76385,75593,75564,76208,69501,68302,68891,68470,68327,77058,76326,75821,76328,75934,65977,65240,65440,65935,65356
427,0,0,20,77382,76952,76149,76114,76791,69950,68750,69346,68935,68784,77629,76889,76396,76894,76493,66425,65680,65875,66391,65804
428,1,0,20,76792,76376,75595,75542,76220,69490,68306,68887,68457,68315,77060,76330,75826,76316,75933,65968,65206,65427,65939,65351
429,0,0,20,77386,76964,76163,76119,76799,69958,68771,69347,68929,68785,77645,76921,76406,76903,76516,66420,65672,65887,66396,65800
430,1,0,20,76823,76380,75613,75574,76241,69510,68334,68903,68470,68340,77075,76353,75832,76325,75940,65978,65224,65440,65959,65363
431,0,0,20,77405,76954,76170,76132,76813,69950,68786,69353,68930,68798,77645,76920,76395,76898,76505,66428,65672,65885,66402,65816
432,1,0,20,76818,76382,75604,75586,76228,69504,68348,68903,68484,68332,77064,76355,75820,76345,75942,65996,65262,65452,65945,65369
433,0,0,20,77409,76954,76176,76151,76825,69971,68818,69362,68942,68795,77660,76926,76405,76927,76515,66450,65706,65901,66393,65816
434,1,0,20,76825,76392,75608,75565,76233,69506,68327,68897,68468,68348,77075,76372,75825,76345,75936,65985,65247,65450,65951,65377
435,0,0,20,77395,76957,76169,76140,76821,69964,68784,69353,68924,68806,77628,76939,76405,76922,76504,66434,65689,65892,66398,65818
436,1,0,20,76821,76377,75600,75573,76241,69513,68323,68876,68471,68330,77075,76342,75828,76339,75934,66000,65237,65442,65934,65372
437,0,0,20,77400,76942,76167,76132,76796,69958,68790,69339,68937,68788,77641,76906,76394,76906,76493,66442,65683,65887,66390,65816
438,1,0,20,76820,76377,75601,75568,76222,69518,68313,68888,68471,68323,77067,76354,75813,76333,75924,65979,65239,65434,65944,65363
439,0,0,20,77388,76926,76152,76117,76784,69955,68761,69331,68919,68757,77634,76913,76380,76897,76489,66408,65678,65867,66381,65806
440,1,0,20,76813,76359,75592,75561,76227,69486,68321,68879,68470,68316,77075,76343,75804,76322,75906,65978,65219,65443,65944,65346
441,0,0,20,77393,76937,76153,76122,76798,69931,68774,69337,68923,68775,77638,76918,76379,76895,76485,66425,65665,65881,66397,65783
442,1,0,20,76780,76342,75569,75520,76202,69475,68302,68865,68446,68304,77034,76320,75799,76295,75895,65953,65218,65421,65917,65326
443,0,0,20,77389,76938,76148,76117,76797,69947,68770,69337,68911,68777,77622,76907,76402,76891,76475,66413,65673,65882,66382,65798
444,1,0,20,76819,76378,75608,75562,76221,69500,68338,68880,68464,68333,77072,76346,75842,76324,75930,65989,65244,65449,65943,65354
445,0,0,20,77383,76943,76173,76129,76789,69949,68803,69333,68924,68794,77643,76906,76401,76892,76489,66429,65693,65891,66395,65808
446,1,0,20,76795,76356,75577,75541,76217,69468,68319,68884,68457,68307,77038,76337,75826,76302,75904,65975,65230,65416,65935,65345
447,0,0,20,77379,76914,76142,76094,76782,69923,68768,69332,68918,68762,77606,76906,76384,76871,76469,66412,65663,65857,66386,65794
448,1,0,20,76787,76355,75592,75570,76235,69492,68299,68887,68458,68309,77055,76340,75836,76306,75915,65997,65237,65427,65940,65366
449,0,0,20,77371,76922,76143,76114,76796,69939,68756,69327,68912,68763,77613,76907,76393,76871,76472,66430,65672,65860,66396,65800
450,1,0,20,76805,76371,75591,75559,76203,69484,68307,68861,68460,68319,77043,76325,75816,76306,75915,65967,65212,65429,65947,65335
451,0,0,20,77379,76938,76151,76112,76780,69941,68760,69331,68908,68764,77611,76911,76390,76891,76477,66420,65660,65875,66392,65784
452,1,0,20,76798,76332,75589,75556,76217,69505,68308,68869,68450,68307,77048,76339,75813,76311,75917,65978,65230,65428,65941,65332
453,0,0,20,77396,76932,76171,76126,76804,69952,68777,69336,68914,68780,77635,76923,76407,76894,76503,66438,65671,65884,66412,65798
454,1,0,20,76802,76356,75595,75551,76214,69500,68309,68866,68444,68293,77058,76336,75803,76302,75928,65981,65224,65429,65944,65348
455,0,0,20,77386,76933,76170,76120,76803,69942,68762,69338,68917,68763,77636,76916,76391,76872,76503,66424,65672,65884,66393,65800
456,1,0,20,76834,76369,75623,75577,76233,69513,68334,68897,68490,68320,77077,76353,75824,76317,75950,65993,65252,65462,65966,65373
457,0,0,20,77402,76921,76163,76127,76797,69948,68766,69341,68945,68766,77624,76914,76387,76884,76495,66424,65689,65895,66403,65796
458,1,0,20,76805,76368,75596,75580,76219,69515,68318,68866,68465,68300,77049,76353,75826,76322,75931,65975,65232,65452,65955,65349
459,0,0,20,77387,76937,76158,76142,76794,69968,68771,69333,68934,68756,77631,76929,76396,76904,76494,66427,65675,65900,66405,65794
460,1,0,20,76809,76360,75602,75564,76217,69495,68333,68876,68477,68303,77051,76338,75841,76319,75931,65974,65234,65428,65940,65362
461,0,0,20,77382,76915,76153,76111,76783,69944,68781,69340,68927,68746,77618,76887,76391,76889,76494,66401,65672,65862,66370,65802
462,1,0,20,76824,76378,75619,75571,76226,69505,68339,68882,68483,68315,77042,76344,75835,76338,75920,65980,65228,65438,65955,65366
463,0,0,20,77386,76945,76173,76132,76802,69948,68788,69327,68932,68769,77619,76911,76407,76899,76480,66413,65675,65884,66406,65808
464,1,0,20,76816,76379,75608,75561,76223,69498,68325,68871,68442,68317,77080,76335,75814,76326,75918,65973,65244,65450,65958,65372
465,0,0,20,77394,76952,76170,76122,76792,69952,68788,69319,68907,68778,77641,76911,76394,76902,76483,66406,65685,65886,66406,65812
466,1,0,20,76812,76339,75580,75538,76211,69477,68322,68886,68469,68299,77054,76338,75820,76301,75921,65966,65231,65420,65930,65347
467,0,0,20,77401,76929,76161,76102,76791,69938,68791,69350,68943,68780,77634,76925,76415,76881,76491,66419,65683,65878,66396,65798
468,1,0,20,76809,76381,75600,75560,76216,69507,68326,68871,68462,68320,77079,76337,75823,76320,75918,65981,65240,65439,65946,65371
469,0,0,20,77408,76949,76170,76113,76789,69955,68769,69335,68918,68791,77655,76916,76410,76899,76481,66433,65682,65892,66404,65807
470,1,0,20,76824,76371,75606,75549,76221,69485,68319,68874,68468,68308,77074,76347,75814,76336,75922,65982,65242,65452,65953,65353
471,0,0,20,77418,76959,76169,76111,76805,69941,68798,69343,68932,68770,77653,76934,76409,76921,76495,66442,65700,65906,66419,65814
472,1,0,20,76805,76371,75581,75565,76214,69498,68324,68867,68473,68296,77068,76349,75815,76324,75929,65976,65247,65455,65934,65347
473,0,0,20,77402,76959,76160,76139,76812,69951,68801,69329,68946,68761,77659,76936,76406,76914,76502,66428,65706,65912,66394,65798
474,1,0,20,76838,76398,75607,75562,76235,69514,68341,68887,68495,68329,77090,76359,75837,76347,75938,66004,65284,65470,65972,65376
475,0,0,20,77406,76952,76155,76110,76795,69955,68790,69328,68936,68769,77647,76908,76400,76910,76495,66435,65710,65901,66413,65824
476,1,0,20,76812,76385,75573,75557,76209,69494,68335,68863,68467,68314,77083,76340,75819,76312,75921,65968,65246,65462,65946,65344
477,0,0,20,77388,76954,76149,76118,76797,69950,68794,69329,68927,68769,77651,76918,76390,76888,76496,66422,65689,65900,66394,65788
478,1,0,20,76821,76388,75613,75577,76238,69508,68331,68886,68480,68327,77095,76362,75834,76325,75913,66001,65262,65468,65960,65370
479,0,0,20,77388,76955,76182,76136,76824,69971,68793,69339,68940,68776,77674,76935,76398,76903,76496,66443,65712,65903,66408,65820
480,1,0,20,76816,76389,75586,75569,76231,69490,68340,68880,68465,68313,77083,76349,75834,76325,75915,65980,65244,65453,65950,65363
481,0,0,20,77383,76951,76156,76129,76795,69936,68790,69323,68926,68764,77643,76909,76401,76883,76485,66423,65680,65891,66397,65797
482,1,0,20,76800,76361,75591,75548,76219,69474,68314,68873,68480,68309,77041,76344,75801,76311,75920,65974,65226,65437,65942,65342
483,0,0,20,77376,76931,76165,76117,76802,69929,68775,69328,68939,68765,77613,76911,76383,76890,76491,66416,65686,65889,66396,65804
484,1,0,20,76799,76368,75600,75554,76201,69490,68326,68854,68477,68296,77062,76324,75813,76296,75917,65966,65242,65437,65943,65353
485,0,0,20,77381,76948,76176,76126,76797,69949,68793,69318,68951,68755,77645,76905,76392,76880,76494,66429,65690,65901,66396,65809
486,1,0,20,76811,76379,75596,75566,76222,69513,68333,68877,68471,68314,77068,76357,75820,76306,75922,65980,65254,65463,65952,65372
487,0,0,20,77409,76960,76177,76130,76801,69981,68803,69343,68945,68780,77656,76940,76412,76891,76500,66440,65707,65932,66406,65817
488,1,0,20,76813,76374,75607,75564,76208,69495,68319,68858,68460,68315,77071,76350,75816,76302,75928,65986,65228,65440,65909,65356
489,0,0,20,77384,76927,76166,76127,76779,69956,68770,69327,68918,68776,77628,76916,76390,76872,76491,66424,65678,65888,66353,65806
490,1,0,20,76803,76369,75578,75570,76178,69490,68321,68857,68458,68306,77036,76338,75814,76288,75907,65967,65221,65430,65925,65357
491,0,0,20,77393,76957,76140,76145,76774,69956,68795,69329,68930,68775,77634,76923,76401,76877,76474,66437,65688,65899,66387,65815
492,1,0,20,76819,76383,75581,75569,76217,69497,68317,68870,68481,68308,77068,76345,75814,76330,75928,65996,65244,65437,65940,65364
493,0,0,20,77409,76957,76164,76131,76796,69954,68781,69334,68939,68777,77630,76927,76400,76910,76491,66449,65687,65894,66398,65829
494,1,0,20,76831,76401,75603,75577,76222,69518,68326,68881,68488,68314,77059,76345,75817,76320,75930,65977,65242,65445,65938,65359
495,0,0,20,77393,76966,76175,76135,76790,69977,68788,69334,68946,68776,77626,76904,76394,76895,76504,66430,65692,65883,66389,65804
496,1,0,20,76799,76376,75597,75541,76195,69489,68314,68849,68464,68300,77062,76317,75821,76304,75905,65954,65221,65413,65919,65334
497,0,0,20,77404,76968,76181,76132,76799,69961,68788,69336,68948,68782,77648,76924,76419,76911,76496,66423,65688,65886,66384,65803
498,1,0,20,76824,76395,75613,75586,76202,69496,68345,68872,68478,68324,77079,76365,75829,76318,75933,65987,65246,65442,65952,65356
499,0,0,20,77394,76964,76174,76130,76777,69949,68802,69330,68932,68780,77650,76929,76398,76888,76491,66423,65675,65876,66394,65796
500,1,0,20,76823,76383,75588,75545,76208,69488,68333,68870,68463,68309,77081,76350,75814,76288,75915,65956,65229,65420,65929,65331
501,0,0,20,77390,76944,76140,76087,76777,69937,68783,69314,68912,68757,77637,76910,76382,76862,76477,66389,65662,65850,66373,65768
502,1,0,20,76799,76378,75593,75547,76184,69484,68319,68869,68452,68309,77066,76342,75807,76307,75900,65941,65226,65416,65935,65341
503,0,0,20,77378,76942,76137,76112,76763,69922,68766,69317,68901,68762,77625,76910,76374,76869,76465,66382,65656,65868,66378,65778
504,1,0,20,76816,76379,75586,75556,76193,69480,68299,68862,68459,68309,77067,76328,75806,76304,75896,65969,65215,65405,65923,65349
505,0,0,20,77392,76948,76165,76116,76774,69936,68765,69324,68929,68764,77635,76898,76397,76889,76472,66405,65662,65865,66372,65795
506,1,0,20,76810,76391,75605,75566,76225,69498,68325,68877,68468,68310,77061,76337,75810,76304,75920,65968,65225,65418,65933,65341
507,0,0,20,77392,76969,76162,76118,76785,69944,68782,69332,68925,68778,77643,76918,76386,76884,76484,66414,65666,65868,66380,65798
508,1,0,20,76810,76382,75603,75556,76207,69480,68314,68875,68474,68302,77070,76324,75795,76299,75914,65970,65234,65421,65928,65345
509,0,0,20,77407,76947,76165,76123,76797,69948,68783,69337,68952,68768,77654,76902,76383,76898,76478,66428,65687,65885,66379,65791
510,1,0,20,76821,76405,75600,75561,76209,69493,68330,68863,68486,68329,77082,76347,75808,76306,75931,65978,65231,65455,65942,65358
511,0,0,20,77382,76967,76158,76114,76774,69936,68767,69312,68940,68786,77648,76911,76375,76874,76470,66417,65664,65889,66378,65798
512,1,0,20,76795,76359,75595,75562,76212,69490,68318,68860,68459,68331,77059,76342,75793,76309,75909,65971,65247,65435,65936,65352
513,0,0,20,77384,76942,76176,76134,76784,69954,68781,69316,68927,68793,77633,76917,76376,76892,76478,66418,65695,65886,66391,65799
514,1,0,20,76805,76380,75604,75572,76211,69506,68330,68888,68478,68338,77092,76341,75815,76305,75932,65981,65239,65448,65935,65347
515,0,0,20,77393,76949,76172,76141,76786,69967,68792,69348,68952,68791,77656,76912,76398,76884,76497,66425,65692,65887,66385,65797
516,1,0,20,76816,76366,75601,75562,76181,69492,68320,68889,68469,68313,77080,76312,75801,76297,75930,65980,65219,65418,65932,65348
517,0,0,20,77392,76952,76176,76122,76775,69956,68778,69342,68934,68776,77656,76896,76384,76877,76501,66426,65671,65871,66383,65802
518,1,0,20,76810,76365,75592,75547,76192,69479,68306,68854,68448,68307,77067,76326,75787,76295,75912,65949,65218,65414,65915,65355
519,0,0,20,77384,76941,76155,76109,76758,69934,68767,69311,68918,68767,77632,76898,76358,76873,76467,66399,65650,65858,66368,65797
520,1,0,20,76807,76351,75587,75547,76198,69493,68307,68859,68466,68309,77072,76334,75801,76292,75900,65967,65231,65419,65918,65331
521,0,0,20,77410,76948,76171,76128,76800,69965,68788,69347,68950,68781,77654,76928,76404,76901,76490,66430,65686,65886,66386,65799
522,1,0,20,76806,76370,75605,75553,76222,69505,68317,68862,68481,68323,77085,76338,75793,76293,75907,65962,65223,65419,65926,65353
523,0,0,20,77401,76946,76168,76130,76812,69961,68783,69331,68942,68788,77667,76919,76386,76881,76483,66419,65673,65877,66388,65823
524,1,0,20,76786,76346,75547,75541,76180,69470,68292,68834,68452,68282,77018,76311,75772,76270,75875,65954,65199,65401,65898,65340
525,0,0,20,77386,76923,76125,76118,76768,69929,68763,69306,68926,68755,77605,76888,76360,76875,76451,66418,65663,65855,66375,65795
526,1,0,20,76787,76362,75575,75539,76184,69486,68288,68847,68456,68293,77039,76315,75798,76270,75888,65950,65218,65395,65923,65342
527,0,0,20,77393,76949,76156,76106,76766,69946,68758,69322,68932,68766,77631,76907,76395,76867,76471,66417,65679,65860,66376,65801
528,1,0,20,76805,76401,75599,75558,76197,69485,68315,68854,68470,68328,77059,76334,75815,76292,75913,65965,65220,65422,65926,65360
529,0,0,20,77381,76963,76163,76106,76764,69933,68765,69313,68926,68770,77626,76892,76374,76861,76477,66403,65655,65860,66373,65809
530,1,0,20,76796,76359,75584,75541,76188,69471,68313,68843,68446,68322,77069,76310,75794,76295,75926,65960,65224,65416,65922,65327
531,0,0,20,77389,76947,76164,76109,76775,69928,68767,69312,68911,68782,77649,76890,76377,76879,76494,66417,65680,65864,66370,65784
532,1,0,20,76818,76380,75580,75563,76193,69499,68320,68843,68464,68318,77055,76327,75804,76293,75893,65979,65221,65423,65913,65330
533,0,0,20,77393,76944,76136,76112,76756,69942,68757,69298,68920,68778,77630,76882,76364,76859,76456,66418,65669,65861,66360,65779
534,1,0,20,76827,76386,75594,75550,76205,69479,68319,68860,68465,68334,77070,76324,75812,76311,75914,65973,65226,65413,65934,65345
535,0,0,20,77391,76943,76140,76105,76765,69924,68762,69304,68921,68775,77635,76886,76374,76878,76451,66403,65652,65852,66362,65784
536,1,0,20,76832,76358,75586,75540,76216,69503,68323,68870,68481,68340,77059,76331,75798,76313,75932,65974,65239,65440,65936,65352
537,0,0,20,77424,76940,76149,76113,76797,69973,68800,69352,68950,68795,77658,76924,76387,76910,76505,66433,65691,65894,66398,65808
538,1,0,20,76816,76390,75602,75572,76215,69516,68334,68899,68479,68352,77092,76333,75826,76313,75924,65985,65245,65438,65943,65354
539,0,0,20,77394,76968,76158,76130,76790,69983,68786,69356,68939,68819,77663,76898,76398,76889,76482,66428,65694,65877,66393,65797
540,1,0,20,76809,76379,75605,75550,76209,69511,68331,68879,68482,68332,77082,76326,75819,76329,75923,65979,65210,65441,65936,65357
541,0,0,20,77394,76957,76168,76134,76790,69967,68808,69338,68947,68805,77657,76915,76404,76915,76500,66432,65673,65898,66396,65814
542,1,0,20,76819,76371,75589,75571,76199,69502,68323,68867,68492,68361,77069,76351,75835,76317,75919,65988,65237,65447,65949,65361
543,0,0,20,77404,76953,76150,76140,76786,69952,68785,69341,68949,68817,77629,76913,76409,76893,76492,66441,65676,65895,66394,65816
544,1,0,20,76818,76395,75604,75569,76216,69498,68332,68878,68485,68354,77078,76338,75809,76325,75923,65994,65254,65425,65942,65351
545,0,0,20,77394,76970,76162,76117,76779,69941,68792,69333,68940,68797,77640,76899,76382,76894,76486,66429,65691,65868,66382,65809
546,1,0,20,76820,76376,75604,75563,76195,69498,68319,68865,68465,68334,77068,76328,75814,76312,75924,65973,65224,65428,65930,65341
547,0,0,20,77395,76969,76160,76127,76781,69951,68776,69329,68927,68803,77647,76907,76387,76888,76484,66426,65665,65880,66383,65794
548,1,0,20,76800,76362,75598,75574,76196,69478,68318,68867,68470,68343,77080,76334,75810,76315,75916,65970,65225,65425,65920,65332
549,0,0,20,77398,76932,76159,76126,76779,69940,68783,69318,68938,68794,77641,76900,76383,76887,76478,66405,65675,65878,66365,65791
550,1,0,20,76798,76342,75571,75552,76194,69480,68310,68866,68479,68321,77048,76321,75794,76325,75904,65958,65225,65407,65931,65341
551,0,0,20,77383,76917,76149,76116,76774,69950,68783,69327,68941,68795,77631,76902,76381,76905,76470,66414,65663,65857,66380,65800
552,1,0,20,76800,76355,75603,75574,76206,69485,68315,68863,68474,68323,77072,76334,75810,76303,75920,65976,65233,65425,65937,65359
553,0,0,20,77385,76914,76169,76132,76775,69944,68767,69325,68926,68788,77649,76901,76380,76876,76479,66425,65680,65873,66379,65797
554,1,0,20,76823,76371,75596,75590,76208,69518,68325,68893,68492,68343,77097,76336,75829,76307,75910,65982,65237,65437,65951,65387
555,0,0,20,77379,76931,76139,76135,76775,69953,68764,69331,68946,68783,77652,76887,76394,76880,76462,66406,65666,65861,66378,65817
556,1,0,20,76799,76382,75596,75559,76214,69504,68320,68876,68468,68336,77075,76329,75811,76300,75920,65966,65223,65431,65942,65364
557,0,0,20,77387,76941,76155,76126,76784,69955,68778,69333,68950,68794,77658,76904,76382,76879,76488,66410,65663,65873,66388,65810
558,1,0,20,76802,76377,75576,75566,76186,69496,68308,68873,68463,68332,77055,76326,75811,76309,75904,65962,65227,65434,65932,65345
559,0,0,20,77400,76956,76151,76134,76783,69960,68783,69348,68929,68802,77645,76910,76405,76897,76483,66424,65683,65883,66394,65806
560,1,0,20,76808,76391,75590,75572,76183,69496,68309,68865,68477,68334,77068,76320,75834,76305,75915,65957,65232,65421,65937,65335
561,0,0,20,77387,76973,76156,76123,76761,69951,68765,69322,68934,68788,77618,76902,76403,76877,76486,66409,65681,65861,66378,65781
562,1,0,20,76812,76368,75582,75552,76201,69498,68316,68872,68481,68334,77078,76331,75816,76301,75931,65969,65230,65443,65943,65352
563,0,0,20,77396,76971,76160,76128,76787,69958,68791,69337,68954,68795,77660,76927,76409,76895,76500,66424,65698,65900,66412,65812
564,1,0,20,76818,76380,75590,75560,76203,69494,68330,68879,68481,68334,77085,76342,75836,76318,75918,65983,65256,65419,65947,65361
565,0,0,20,77396,76943,76152,76117,76775,69945,68780,69332,68937,68797,77637,76908,76409,76891,76479,66423,65700,65869,66398,65795
566,1,0,20,76806,76369,75567,75561,76186,69501,68319,68883,68478,68324,77052,76341,75815,76301,75908,65979,65228,65428,65955,65351
567,0,0,20,77384,76950,76136,76126,76762,69960,68773,69335,68945,68793,77623,76924,76391,76888,76478,66432,65676,65879,66402,65809
568,1,0,20,76810,76384,75583,75554,76209,69508,68334,68878,68483,68321,77085,76353,75829,76313,75915,65986,65243,65422,65942,65360
569,0,0,20,77393,76944,76135,76110,76797,69961,68794,69326,68936,68773,77651,76913,76400,76879,76479,66429,65686,65862,66389,65799
570,1,0,20,76790,76353,75579,75554,76191,69493,68313,68860,68456,68318,77057,76317,75809,76288,75915,65975,65210,65409,65920,65340
571,0,0,20,77364,76928,76151,76109,76763,69953,68766,69330,68916,68781,77618,76898,76384,76864,76470,66416,65653,65856,66363,65771
572,1,0,20,76831,76404,75601,75569,76227,69514,68340,68903,68503,68345,77093,76353,75837,76326,75949,66001,65251,65442,65961,65379
573,0,0,20,77407,76982,76178,76144,76815,69979,68814,69356,68965,68809,77666,76942,76423,76918,76523,66449,65699,65884,66406,65836
574,1,0,20,76824,76385,75600,75573,76200,69520,68340,68867,68492,68341,77079,76342,75837,76321,75940,65993,65251,65444,65961,65369
575,0,0,20,77419,76954,76173,76135,76784,69981,68808,69337,68954,68801,77646,76922,76412,76898,76513,66447,65701,65885,66415,65831
576,1,0,20,76826,76390,75596,75575,76210,69516,68331,68881,68492,68354,77086,76351,75835,76311,75926,65988,65247,65438,65953,65358
577,0,0,20,77405,76957,76162,76139,76780,69958,68779,69332,68951,68803,77644,76919,76398,76879,76496,66424,65690,65873,66402,65798
578,1,0,20,76838,76391,75601,75577,76213,69504,68340,68880,68466,68342,77092,76350,75845,76318,75945,66003,65254,65448,65967,65376
579,0,0,20,77420,76973,76166,76153,76798,69965,68802,69337,68942,68804,77658,76919,76426,76896,76515,66460,65702,65901,66420,65813
580,1,0,20,76818,76399,75597,75570,76215,69514,68342,68885,68487,68349,77095,76342,75847,76325,75944,66005,65261,65451,65965,65378
581,0,0,20,77400,76969,76160,76135,76799,69961,68794,69346,68956,68813,77660,76916,76419,76899,76502,66443,65704,65899,66413,65824
582,1,0,20,76811,76380,75590,75570,76215,69517,68319,68875,68505,68336,77090,76333,75822,76309,75933,65995,65252,65436,65955,65368
583,0,0,20,77390,76945,76161,76132,76803,69960,68773,69332,68960,68796,77660,76914,76400,76892,76505,66440,65694,65883,66392,65813
584,1,0,20,76817,76373,75604,75558,76217,69510,68331,68881,68480,68343,77086,76355,75818,76309,75937,65980,65246,65432,65951,65366
585,0,0,20,77409,76966,76171,76122,76799,69973,68809,69351,68961,68820,77678,76941,76416,76898,76513,66443,65702,65895,66413,65823
586,1,0,20,76800,76387,75588,75577,76200,69496,68312,68866,68471,68332,77086,76340,75828,76303,75919,65985,65223,65427,65946,65371
587,0,0,20,77355,76944,76140,76119,76757,69936,68766,69319,68921,68776,77640,76902,76388,76863,76470,66417,65657,65868,66390,65796
588,1,0,20,76808,76385,75597,75562,76213,69496,68331,68890,68476,68332,77098,76356,75816,76298,75947,66001,65237,65442,65953,65370
589,0,0,20,77404,76956,76162,76133,76791,69946,68787,69344,68941,68786,77665,76914,76403,76884,76499,66440,65682,65879,66407,65819
590,1,0,20,76813,76388,75576,75561,76204,69493,68314,68883,68472,68341,77093,76332,75836,76307,75934,65981,65223,65430,65948,65359
591,0,0,20,77405,76958,76156,76137,76785,69946,68772,69350,68955,68808,77665,76920,76419,76887,76495,66439,65678,65891,66391,65804
592,1,0,20,76812,76386,75591,75568,76222,69496,68316,68888,68491,68325,77086,76338,75814,76299,75921,65984,65229,65416,65939,65365
593,0,0,20,77395,76954,76157,76140,76795,69953,68787,69357,68948,68788,77656,76917,76398,76872,76485,66429,65676,65858,66391,65812
594,1,0,20,76815,76368,75581,75572,76208,69499,68332,68874,68470,68321,77072,76335,75817,76302,75931,65984,65227,65416,65941,65345
595,0,0,20,77397,76943,76151,76147,76793,69943,68787,69336,68934,68789,77646,76921,76398,76873,76500,66439,65692,65860,66400,65808
596,1,0,20,76811,76383,75597,75559,76199,69491,68320,68888,68467,68326,77077,76347,75822,76301,75916,65969,65242,65416,65953,65368
597,0,0,20,77394,76941,76166,76124,76785,69946,68776,69336,68928,68799,77646,76915,76384,76878,76479,66413,65691,65851,66414,65812
598,1,0,20,76818,76390,75600,75573,76210,69497,68333,68894,68475,68337,77073,76351,75823,76309,75923,65974,65240,65435,65964,65373
599,0,0,20,77378,76948,76156,76127,76779,69939,68786,69332,68933,68790,77638,76911,76384,76862,76480,66402,65674,65858,66401,65812
600,1,0,20,76824,76375,75583,75544,76222,69489,68311,68874,68465,68311,77041,76339,75799,76301,75905,65958,65218,65418,65949,65375
601,0,0,20,77403,76965,76165,76126,76816,69954,68790,69349,68945,68783,77628,76922,76400,76885,76493,66421,65693,65872,66410,65837
602,1,0,20,76816,76395,75613,75564,76230,69509,68336,68892,68469,68328,77067,76357,75836,76319,75931,65993,65262,65427,65934,65387
603,0,0,20,77401,76953,76162,76116,76800,69945,68778,69337,68940,68782,77641,76925,76404,76892,76501,66435,65695,65885,66392,65834
604,1,0,20,76798,76355,75594,75565,76215,69488,68330,68879,68465,68329,77053,76353,75819,76302,75917,65985,65233,65431,65939,65365
605,0,0,20,77386,76945,76165,76142,76795,69961,68796,69349,68942,68796,77640,76932,76424,76888,76493,66438,65691,65894,66406,65826
606,1,0,20,76805,76377,75586,75557,76208,69502,68316,68865,68479,68311,77037,76341,75815,76310,75913,65968,65219,65429,65944,65370
607,0,0,20,77397,76961,76166,76136,76789,69977,68786,69342,68957,68791,77621,76942,76419,76911,76479,66432,65671,65889,66407,65834
608,1,0,20,76816,76381,75588,75556,76220,69492,68321,68877,68483,68319,77070,76360,75804,76296,75896,65984,65236,65434,65945,65371
609,0,0,20,77382,76954,76159,76112,76793,69946,68773,69341,68950,68786,77636,76930,76391,76872,76468,66428,65692,65878,66390,65821
610,1,0,20,76825,76403,75610,75560,76221,69521,68335,68890,68485,68340,77091,76351,75835,76313,75923,65993,65257,65448,65947,65384
611,0,0,20,77407,76981,76182,76125,76789,69975,68788,69346,68947,68791,77673,76924,76414,76894,76486,66440,65715,65898,66407,65841
612,1,0,20,76816,76391,75617,75571,76241,69499,68334,68881,68464,68301,77076,76342,75831,76305,75933,65987,65247,65451,65948,65377
613,0,0,20,77416,76978,76180,76129,76805,69965,68794,69354,68917,68760,77650,76914,76414,76893,76490,66441,65699,65898,66402,65828
614,1,0,20,76836,76394,75597,75566,76222,69517,68327,68876,68468,68322,77077,76351,75801,76308,75929,65988,65251,65432,65958,65373
615,0,0,20,77406,76962,76158,76119,76788,69951,68782,69331,68936,68775,77642,76908,76381,76884,76488,66429,65679,65877,66399,65819
616,1,0,20,76819,76391,75586,75565,76222,69506,68335,68888,68472,68324,77082,76352,75831,76307,75929,66001,65245,65448,65947,65377
617,0,0,20,77413,76972,76158,76132,76805,69966,68795,69344,68940,68796,77668,76938,76408,76890,76506,66441,65693,65896,66407,65838
618,1,0,20,76783,76370,75577,75562,76206,69487,68301,68861,68462,68314,77061,76329,75817,76294,75899,65966,65207,65430,65933,65347
619,0,0,20,77395,76962,76154,76140,76798,69964,68782,69343,68937,68786,77662,76923,76401,76892,76481,66433,65670,65881,66399,65814
620,1,0,20,76787,76373,75581,75543,76204,69476,68310,68855,68467,68295,77046,76338,75801,76303,75895,65972,65209,65429,65931,65361
621,0,0,20,77374,76963,76151,76111,76781,69935,68776,69315,68940,68764,77624,76908,76390,76885,76469,66427,65660,65874,66388,65823
622,1,0,20,76810,76393,75590,75571,76218,69493,68319,68871,68477,68343,77085,76343,75828,76316,75922,65990,65235,65458,65953,65379
623,0,0,20,77382,76938,76158,76119,76780,69947,68769,69314,68934,68781,77636,76903,76400,76881,76474,66420,65672,65890,66385,65810
624,1,0,20,76801,76363,75585,75565,76221,69500,68309,68862,68476,68316,77059,76333,75817,76307,75920,65975,65215,65423,65936,65373
625,0,0,20,77399,76952,76161,76127,76796,69959,68777,69329,68944,68798,77640,76907,76403,76890,76493,66431,65676,65881,66397,65825
626,1,0,20,76804,76379,75586,75550,76206,69501,68307,68876,68472,68326,77051,76347,75822,76306,75915,65977,65223,65430,65938,65374
627,0,0,20,77387,76948,76165,76114,76788,69960,68766,69337,68943,68801,77626,76921,76409,76890,76485,66425,65674,65897,66393,65826
628,1,0,20,76793,76371,75583,75552,76190,69474,68293,68880,68466,68311,77057,76315,75801,76294,75891,65959,65229,65417,65923,65337
629,0,0,20,77379,76953,76163,76119,76770,69936,68773,69335,68941,68787,77625,76908,76399,76891,76476,66422,65686,65873,66383,65801
630,1,0,20,76822,76411,75611,75588,76229,69525,68322,68901,68493,68344,77096,76366,75849,76338,75931,65999,65257,65461,65963,65371
631,0,0,20,77400,76965,76163,76117,76780,69969,68786,69351,68942,68788,77660,76921,76405,76892,76478,66430,65701,65902,66392,65810
632,1,0,20,76812,76383,75589,75563,76226,69511,68329,68882,68489,68320,77079,76346,75828,76317,75922,65989,65243,65434,65953,65353
633,0,0,20,77407,76977,76183,76138,76807,69973,68809,69347,68982,68796,77663,76938,76417,76908,76504,66452,65706,65899,66418,65819
634,1,0,20,76811,76391,75588,75567,76222,69512,68330,68884,68491,68325,77097,76338,75818,76330,75915,66000,65248,65432,65942,65368
635,0,0,20,77387,76973,76168,76134,76799,69971,68791,69346,68954,68785,77663,76913,76400,76904,76477,66450,65695,65874,66396,65815
636,1,0,20,76814,76388,75595,75560,76225,69503,68322,68888,68483,68318,77088,76359,75823,76338,75927,66002,65245,65437,65954,65364
637,0,0,20,77392,76952,76170,76137,76800,69969,68794,69351,68943,68780,77671,76936,76406,76923,76497,66458,65697,65896,66410,65825
638,1,0,20,76814,76400,75594,75571,76229,69504,68326,68889,68490,68321,77093,76344,75821,76323,75937,66005,65241,65421,65954,65381
639,0,0,20,77397,76953,76145,76123,76794,69945,68783,69353,68945,68763,77652,76914,76393,76894,76477,66438,65681,65862,66392,65817
640,1,0,20,76801,76370,75579,75550,76200,69499,68314,68875,68473,68294,77061,76331,75800,76304,75904,65976,65215,65399,65951,65333
641,0,0,20,77389,76939,76158,76118,76782,69958,68768,69331,68927,68759,77648,76907,76387,76889,76479,66425,65674,65849,66409,65786
642,1,0,20,76791,76381,75594,75565,76219,69492,68318,68879,68468,68297,77093,76332,75831,76319,75934,65984,65234,65416,65945,65358
643,0,0,20,77382,76965,76169,76134,76805,69959,68785,69353,68946,68770,77666,76907,76424,76912,76501,66436,65686,65876,66402,65803
644,1,0,20,76793,76389,75609,75563,76218,69495,68323,68888,68480,68294,77088,76339,75837,76334,75931,65985,65257,65426,65933,65358
645,0,0,20,77371,76943,76148,76105,76782,69944,68768,69334,68939,68748,77644,76909,76394,76896,76482,66426,65688,65868,66375,65801
646,1,0,20,76801,76372,75589,75548,76219,69497,68330,68871,68476,68324,77051,76358,75811,76327,75912,65972,65235,65405,65943,65351
647,0,0,20,77386,76960,76151,76109,76790,69967,68783,69329,68931,68777,77631,76926,76400,76905,76493,66427,65686,65853,66400,65789
648,1,0,20,76801,76378,75590,75550,76208,69487,68325,68863,68458,68312,77054,76343,75826,76306,75919,65976,65233,65432,65938,65343
649,0,0,20,77400,76978,76162,76133,76799,69955,68784,69337,68933,68788,77641,76923,76410,76884,76484,66429,65684,65883,66406,65802
650,1,0,20,76826,76398,75591,75553,76213,69488,68325,68893,68478,68303,77077,76343,75822,76302,75908,65992,65247,65426,65947,65369
651,0,0,20,77424,76967,76167,76135,76800,69974,68796,69358,68949,68784,77669,76921,76414,76895,76493,66452,65706,65887,66401,65823
652,1,0,20,76797,76385,75594,75556,76208,69504,68329,68887,68488,68305,77061,76347,75819,76317,75930,65966,65231,65425,65934,65363
653,0,0,20,77392,76944,76170,76129,76791,69964,68792,69353,68952,68779,77634,76932,76405,76900,76506,66424,65680,65867,66400,65819
654,1,0,20,76817,76394,75604,75565,76222,69513,68316,68881,68487,68332,77066,76344,75817,76326,75915,65985,65228,65432,65945,65354
655,0,0,20,77407,76968,76193,76148,76811,69975,68786,69354,68970,68798,77651,76928,76409,76926,76501,66441,65692,65897,66413,65818
656,1,0,20,76804,76394,75598,75558,76211,69502,68306,68866,68485,68313,77072,76337,75817,76342,75914,65969,65242,65438,65956,65348
657,0,0,20,77380,76942,76149,76107,76769,69933,68754,69315,68942,68757,77637,76900,76388,76897,76462,66411,65674,65881,66386,65795
658,1,0,20,76785,76375,75572,75525,76206,69498,68307,68873,68460,68293,77031,76330,75792,76312,75928,65964,65222,65416,65919,65341
659,0,0,20,77392,76960,76152,76106,76804,69964,68789,69342,68941,68768,77623,76916,76389,76910,76505,66431,65679,65870,66385,65808
660,1,0,20,76825,76382,75595,75551,76235,69510,68311,68876,68492,68304,77072,76343,75824,76327,75922,65976,65222,65434,65943,65352
661,0,0,20,77376,76928,76139,76095,76789,69941,68747,69300,68929,68747,77622,76894,76380,76880,76477,66401,65658,65864,66375,65779
662,1,0,20,76814,76387,75596,75553,76215,69507,68296,68883,68475,68283,77039,76320,75800,76316,75910,65980,65228,65416,65928,65352
663,0,0,20,77418,76978,76166,76124,76800,69963,68765,69350,68946,68760,77620,76909,76381,76902,76477,66433,65688,65883,66399,65810
664,1,0,20,76820,76399,75609,75581,76235,69512,68318,68892,68493,68317,77075,76348,75807,76330,75929,65995,65251,65423,65939,65351
665,0,0,20,77408,76964,76170,76135,76800,69960,68780,69343,68946,68775,77641,76918,76379,76897,76485,66440,65692,65876,66387,65805
666,1,0,20,76810,76377,75583,75562,76213,69496,68318,68877,68467,68333,77053,76344,75813,76307,75904,65985,65242,65411,65960,65361
667,0,0,20,77382,76950,76148,76110,76786,69951,68768,69333,68930,68792,77621,76926,76388,76881,76468,66427,65678,65867,66399,65796
668,1,0,20,76816,76384,75586,75551,76220,69496,68309,68877,68475,68337,77042,76337,75813,76300,75907,65973,65229,65435,65953,65349
669,0,0,20,77386,76959,76131,76123,76793,69953,68762,69333,68933,68787,77613,76906,76387,76877,76469,66412,65667,65879,66406,65795
670,1,0,20,76799,76369,75575,75549,76198,69496,68301,68858,68449,68322,77057,76328,75805,76303,75913,65978,65219,65415,65928,65340
671,0,0,20,77397,76953,76158,76126,76792,69961,68769,69337,68916,68797,77643,76916,76394,76901,76490,66427,65673,65887,66405,65805
672,1,0,20,76800,76362,75597,75539,76215,69490,68303,68871,68450,68319,77062,76332,75786,76298,75893,65959,65216,65417,65924,65341
673,0,0,20,77397,76936,76174,76104,76798,69950,68765,69328,68907,68790,77646,76910,76362,76884,76466,66411,65670,65876,66384,65794
674,1,0,20,76817,76378,75599,75571,76231,69519,68325,68877,68461,68333,77081,76348,75823,76319,75920,65974,65220,65430,65941,65351
675,0,0,20,77397,76948,76157,76140,76791,69974,68779,69335,68924,68799,77649,76929,76402,76897,76489,66430,65677,65884,66399,65807
676,1,0,20,76842,76375,75631,75566,76226,69529,68346,68885,68490,68342,77074,76369,75821,76329,75920,65980,65252,65440,65958,65376
677,0,0,20,77411,76921,76171,76124,76794,69964,68793,69334,68952,68784,77630,76922,76391,76892,76470,66415,65697,65885,66392,65810
678,1,0,20,76807,76348,75603,75568,76200,69517,68321,68871,68472,68316,77070,76342,75793,76306,75899,65951,65247,65410,65940,65352
679,0,0,20,77389,76918,76159,76122,76772,69965,68780,69322,68919,68774,77639,76919,76364,76881,76459,66387,65683,65851,66392,65787
680,1,0,20,76814,76366,75612,75579,76224,69518,68322,68870,68484,68332,77076,76357,75808,76334,75931,65982,65246,65430,65963,65353
681,0,0,20,77381,76928,76173,76119,76793,69956,68778,69308,68943,68768,77640,76913,76374,76897,76494,66417,65682,65872,66398,65792
682,1,0,20,76802,76381,75621,75557,76202,69503,68333,68880,68470,68326,77061,76334,75804,76326,75912,65979,65230,65428,65948,65358
683,0,0,20,77409,76945,76194,76126,76796,69975,68805,69347,68937,68810,77648,76926,76391,76910,76495,66435,65678,65890,66402,65818
684,1,0,20,76793,76366,75596,75567,76216,69488,68306,68860,68491,68326,77055,76338,75796,76319,75914,65970,65225,65427,65936,65349
685,0,0,20,77369,76934,76156,76123,76778,69942,68761,69299,68937,68766,77631,76894,76372,76886,76472,66402,65666,65858,66370,65794
686,1,0,20,76809,76373,75602,75558,76207,69491,68308,68879,68489,68321,77069,76345,75825,76318,75929,65988,65226,65430,65947,65355
687,0,0,20,77394,76940,76176,76125,76787,69949,68782,69323,68944,68782,77638,76913,76396,76896,76503,66430,65667,65874,66399,65791
688,1,0,20,76806,76367,75598,75554,76209,69501,68304,68866,68465,68340,77062,76338,75801,76312,75923,65963,65222,65421,65954,65345
689,0,0,20,77387,76940,76164,76109,76782,69948,68753,69330,68919,68790,77626,76909,76370,76880,76488,66410,65671,65871,66403,65783
690,1,0,20,76802,76375,75609,75553,76200,69487,68311,68884,68471,68315,77049,76332,75794,76308,75913,65978,65231,65422,65943,65353
691,0,0,20,77401,76970,76184,76127,76794,69954,68776,69350,68941,68789,77640,76922,76388,76885,76489,66422,65677,65868,66395,65805
692,1,0,20,76786,76381,75581,75557,76199,69487,68313,68879,68454,68314,77067,76329,75803,76301,75913,65967,65211,65414,65924,65333
693,0,0,20,77379,76948,76153,76108,76774,69939,68769,69334,68916,68767,77637,76902,76372,76874,76471,66411,65660,65859,66380,65776
694,1,0,20,76787,76361,75588,75553,76212,69498,68311,68862,68468,68312,77057,76326,75805,76304,75912,65959,65222,65420,65934,65327
695,0,0,20,77371,76934,76158,76125,76782,69952,68770,69322,68925,68766,77629,76892,76390,76876,76469,66405,65677,65872,66387,65761
696,1,0,20,76797,76347,75603,75551,76203,69485,68317,68862,68445,68319,77037,76338,75799,76292,75904,65947,65232,65415,65926,65322
697,0,0,20,77395,76930,76182,76132,76791,69958,68785,69347,68934,68801,77621,76917,76391,76883,76470,66410,65691,65875,66401,65788
698,1,0,20,76826,76365,75619,75562,76221,69505,68334,68874,68491,68346,77054,76346,75827,76318,75933,66000,65227,65435,65940,65355
699,0,0,20,77407,76921,76183,76135,76797,69951,68788,69333,68945,68801,77627,76927,76401,76892,76496,66445,65671,65882,66380,65802
700,1,0,20,76816,76384,75620,75572,76214,69506,68324,68878,68477,68320,77059,76335,75810,76322,75922,65975,65222,65422,65922,65344
701,0,0,20,77394,76939,76174,76131,76784,69962,68783,69332,68939,68782,77613,76891,76384,76898,76464,66420,65663,65859,66373,65791
702,1,0,20,76828,76386,75630,75579,76223,69501,68338,68879,68477,68323,77082,76343,75814,76343,75930,65993,65231,65445,65957,65328
703,0,0,20,77391,76950,76175,76135,76789,69945,68786,69334,68941,68781,77623,76899,76389,76911,76486,66427,65666,65881,66402,65773
704,1,0,20,76813,76391,75618,75564,76222,69510,68324,68871,68470,68329,77065,76347,75821,76334,75929,65973,65233,65431,65949,65345
705,0,0,20,77373,76941,76157,76103,76778,69943,68767,69318,68918,68772,77618,76901,76382,76886,76475,66398,65660,65856,66383,65787
706,1,0,20,76813,76349,75579,75551,76200,69488,68302,68853,68464,68302,77031,76329,75798,76304,75902,65961,65218,65419,65915,65332
707,0,0,20,77405,76938,76166,76120,76791,69955,68784,69321,68925,68773,77627,76917,76390,76903,76480,66415,65681,65882,66379,65792
708,1,0,20,76818,76351,75606,75576,76221,69511,68327,68883,68473,68321,77059,76339,75823,76321,75915,65978,65231,65432,65947,65356
709,0,0,20,77397,76927,76182,76140,76800,69964,68793,69358,68940,68792,77642,76909,76406,76894,76493,66417,65686,65884,66409,65805
710,1,0,20,76803,76342,75598,75550,76204,69503,68308,68852,68460,68302,77045,76328,75805,76300,75910,65937,65237,65417,65924,65340
711,0,0,20,77399,76932,76173,76131,76795,69969,68779,69334,68946,68780,77621,76916,76391,76897,76471,66407,65691,65867,66401,65798
712,1,0,20,76790,76354,75572,75545,76194,69478,68294,68838,68444,68308,77043,76316,75773,76300,75908,65939,65212,65392,65914,65332
713,0,0,20,77389,76940,76157,76124,76790,69953,68777,69320,68930,68788,77628,76908,76376,76893,76484,66404,65666,65858,66379,65799
714,1,0,20,76815,76368,75599,75567,76215,69501,68320,68887,68464,68331,77049,76339,75818,76328,75918,65972,65229,65448,65947,65338
715,0,0,20,77392,76932,76149,76119,76773,69950,68766,69318,68928,68776,77615,76896,76379,76891,76477,66401,65660,65882,66390,65779
716,1,0,20,76807,76362,75596,75561,76193,69474,68311,68861,68475,68305,77054,76327,75813,76329,75912,65951,65219,65414,65947,65325
717,0,0,20,77384,76913,76156,76118,76765,69926,68765,69313,68925,68754,77609,76892,76376,76894,76470,66391,65660,65862,66383,65763
718,1,0,20,76804,76352,75604,75551,76185,69489,68309,68851,68473,68314,77057,76327,75818,76310,75922,65950,65221,65412,65919,65345
719,0,0,20,77380,76922,76163,76115,76767,69934,68773,69306,68934,68759,77613,76891,76380,76873,76467,66388,65656,65857,66371,65792
720,1,0,20,76802,76342,75582,75548,76192,69480,68306,68843,68479,68299,77028,76321,75790,76300,75901,65946,65207,65401,65916,65300
721,0,0,20,77376,76928,76150,76107,76769,69929,68765,69303,68931,68766,77600,76897,76376,76878,76467,66394,65655,65841,66372,65758
722,1,0,20,76813,76366,75575,75570,76210,69490,68309,68860,68476,68303,77061,76332,75809,76310,75910,65962,65236,65437,65940,65338
723,0,0,20,77382,76950,76139,76125,76790,69945,68772,69305,68941,68759,77627,76903,76390,76875,76463,66397,65664,65870,66392,65769
724,1,0,20,76818,76360,75586,75557,76215,69478,68320,68862,68487,68327,77058,76331,75807,76303,75912,65949,65223,65427,65925,65340
725,0,0,20,77390,76934,76145,76123,76785,69927,68776,69319,68947,68790,77633,76917,76396,76871,76482,66399,65669,65879,66377,65790
726,1,0,20,76812,76351,75596,75563,76210,69486,68304,68867,68453,68330,77070,76337,75791,76318,75903,65952,65235,65422,65924,65335
727,0,0,20,77386,76920,76151,76110,76791,69936,68763,69324,68919,68785,77630,76906,76359,76887,76468,66408,65673,65867,66376,65782
728,1,0,20,76812,76339,75587,75565,76212,69480,68312,68875,68458,68326,77067,76337,75792,76315,75915,65972,65230,65407,65939,65327
729,0,0,20,77382,76898,76144,76125,76786,69937,68750,69313,68903,68772,77625,76903,76350,76871,76465,66392,65654,65848,66384,65771
730,1,0,20,76794,76354,75597,75543,76190,69482,68293,68862,68454,68311,77044,76309,75782,76292,75897,65962,65212,65405,65923,65327
731,0,0,20,77376,76926,76162,76107,76774,69935,68755,69318,68928,68779,77616,76886,76359,76865,76463,66405,65660,65836,66354,65772
732,1,0,20,76815,76360,75588,75554,76203,69489,68310,68883,68474,68317,77050,76329,75804,76320,75893,65960,65214,65414,65930,65327
733,0,0,20,77409,76943,76164,76118,76786,69948,68779,69343,68950,68772,77629,76903,76377,76910,76461,66417,65668,65867,66394,65792
734,1,0,20,76813,76376,75598,75567,76195,69485,68317,68866,68447,68321,77061,76324,75797,76319,75891,65952,65229,65404,65917,65314
735,0,0,20,77392,76946,76160,76115,76767,69928,68766,69319,68899,68777,77610,76897,76373,76891,76444,66397,65667,65847,66372,65758
736,1,0,20,76809,76379,75593,75564,76201,69508,68295,68845,68466,68324,77068,76321,75812,76299,75908,65963,65222,65412,65935,65332
737,0,0,20,77390,76958,76159,76129,76762,69963,68750,69307,68929,68787,77636,76897,76388,76881,76468,66410,65673,65859,66386,65788
738,1,0,20,76790,76351,75600,75544,76199,69472,68285,68845,68452,68327,77055,76316,75796,76302,75897,65938,65211,65385,65936,65320
739,0,0,20,77370,76928,76159,76121,76775,69935,68740,69306,68914,68768,77622,76898,76366,76873,76463,66383,65659,65832,66379,65769
740,1,0,20,76795,76369,75586,75559,76199,69479,68301,68846,68449,68324,77063,76331,75804,76313,75905,65961,65212,65398,65926,65333
741,0,0,20,77369,76933,76148,76111,76766,69930,68748,69306,68909,68788,77615,76899,76360,76875,76456,66392,65656,65846,66386,65774
742,1,0,20,76807,76381,75598,75554,76185,69466,68298,68856,68447,68312,77044,76324,75791,76310,75908,65966,65220,65398,65933,65345
743,0,0,20,77393,76950,76150,76114,76764,69929,68756,69330,68918,68779,77606,76892,76381,76900,76482,66415,65672,65855,66398,65788
744,1,0,20,76791,76365,75570,75529,76178,69468,68264,68841,68437,68302,77023,76302,75780,76307,75888,65921,65194,65390,65923,65305
745,0,0,20,77368,76938,76138,76098,76756,69929,68723,69297,68895,68763,77588,76879,76358,76890,76452,66364,65634,65846,66382,65762
746,1,0,20,76820,76384,75598,75550,76214,69481,68309,68885,68472,68336,77039,76346,75813,76329,75911,65961,65241,65413,65944,65346
747,0,0,20,77403,76946,76160,76115,76788,69938,68754,69335,68934,68794,77613,76907,76390,76900,76481,66411,65677,65865,66406,65798
748,1,0,20,76800,76374,75597,75556,76211,69477,68303,68857,68465,68326,77046,76320,75793,76319,75917,65958,65209,65403,65926,65316
749,0,0,20,77388,76941,76156,76120,76788,69927,68761,69321,68919,68795,77609,76889,76368,76897,76481,66399,65666,65853,66381,65763
750,1,0,20,76807,76364,75596,75560,76211,69489,68300,68862,68461,68330,77034,76316,75800,76319,75905,65951,65216,65399,65946,65328
751,0,0,20,77387,76940,76159,76106,76793,69939,68753,69316,68917,68794,77600,76893,76369,76892,76458,66401,65656,65844,66393,65766
752,1,0,20,76803,76351,75597,75542,76217,69483,68300,68866,68468,68312,77046,76326,75797,76300,75898,65958,65219,65396,65933,65331
753,0,0,20,77398,76942,76173,76097,76798,69953,68762,69332,68928,68777,77614,76906,76373,76895,76463,66407,65668,65842,66391,65789
754,1,0,20,76800,76371,75605,75543,76216,69481,68300,68865,68479,68338,77056,76332,75810,76324,75895,65959,65220,65415,65950,65352
755,0,0,20,77376,76947,76143,76109,76790,69930,68755,69321,68929,68796,77617,76892,76363,76875,76454,66393,65663,65854,66389,65795
756,1,0,20,76805,76331,75588,75535,76198,69477,68281,68856,68462,68299,77016,76323,75783,76305,75902,65950,65198,65404,65920,65324
757,0,0,20,77393,76901,76143,76109,76784,69936,68748,69327,68945,68763,77596,76903,76364,76885,76476,66395,65654,65858,66383,65767
758,1,0,20,76807,76353,75577,75549,76184,69474,68283,68869,68462,68313,77040,76329,75790,76316,75915,65950,65202,65411,65934,65331
759,0,0,20,77376,76914,76136,76095,76754,69934,68735,69321,68910,68763,77598,76893,76374,76883,76470,66394,65637,65856,66384,65771
760,1,0,20,76801,76359,75600,75557,76202,69503,68293,68878,68466,68304,77024,76333,75802,76296,75921,65955,65231,65413,65942,65333
761,0,0,20,77387,76935,76167,76118,76784,69949,68761,69329,68934,68774,77611,76906,76382,76882,76482,66410,65682,65865,66397,65791
762,1,0,20,76778,76358,75581,75548,76207,69478,68275,68846,68460,68295,77033,76322,75792,76293,75899,65945,65216,65402,65933,65320
763,0,0,20,77367,76938,76146,76116,76775,69944,68746,69322,68928,68766,77606,76900,76367,76872,76475,66390,65662,65852,66387,65773
764,1,0,20,76798,76366,75611,75545,76194,69504,68286,68875,68482,68332,77054,76328,75808,76294,75924,65948,65220,65408,65926,65333
765,0,0,20,77384,76923,76172,76110,76773,69941,68752,69326,68925,68796,77622,76891,76383,76867,76474,66397,65668,65855,66378,65774
766,1,0,20,76814,76384,75590,75553,76199,69483,68301,68865,68473,68324,77047,76322,75792,76308,75900,65953,65229,65410,65931,65332
767,0,0,20,77406,76953,76166,76112,76773,69949,68765,69328,68951,68786,77628,76889,76363,76885,76469,66406,65675,65862,66392,65781
768,1,0,20,76812,76366,75591,75549,76193,69492,68295,68856,68486,68319,77037,76313,75798,76323,75911,65958,65213,65394,65936,65330
769,0,0,20,77399,76953,76168,76112,76772,69947,68753,69320,68950,68780,77609,76888,76377,76902,76481,66399,65652,65851,66387,65783
770,1,0,20,76819,76381,75593,75560,76194,69509,68300,68857,68488,68327,77055,76327,75810,76324,75911,65967,65236,65419,65945,65347
771,0,0,20,77381,76942,76150,76115,76758,69949,68751,69315,68935,68778,77623,76881,76380,76876,76461,66396,65675,65856,66392,65768
772,1,0,20,76804,76385,75579,75560,76189,69493,68317,68861,68489,68312,77050,76334,75794,76307,75910,65966,65232,65429,65945,65345
773,0,0,20,77380,76948,76140,76117,76748,69941,68776,69326,68945,68764,77615,76907,76381,76885,76473,66407,65674,65867,66392,65774
774,1,0,20,76822,76368,75604,75571,76204,69500,68314,68858,68486,68317,77040,76334,75805,76324,75913,65970,65230,65432,65939,65335
775,0,0,20,77397,76952,76170,76122,76783,69963,68763,69333,68950,68782,77625,76917,76380,76912,76484,66418,65679,65875,66392,65783
776,1,0,20,76793,76370,75585,75551,76189,69473,68293,68852,68473,68312,77054,76326,75795,76306,75906,65955,65236,65412,65931,65319
777,0,0,20,77393,76964,76164,76131,76792,69941,68773,69323,68949,68790,77648,76911,76398,76903,76490,66416,65689,65868,66406,65783
778,1,0,20,76818,76384,75591,75582,76217,69492,68308,68869,68486,68323,77059,76336,75814,76322,75928,65980,65223,65416,65945,65333
779,0,0,20,77388,76946,76152,76136,76786,69935,68760,69322,68937,68783,77636,76915,76379,76899,76488,66433,65651,65860,66382,65773
780,1,0,20,76781,76372,75593,75562,76202,69491,68308,68845,68487,68307,77047,76331,75781,76302,75887,65965,65220,65411,65933,65322
781,0,0,20,77368,76939,76163,76097,76771,69942,68768,69305,68947,68763,77611,76908,76377,76886,76462,66406,65664,65863,66371,65781
782,1,0,20,76784,76363,75568,75534,76186,69474,68279,68841,68465,68299,77021,76320,75780,76280,75890,65958,65202,65395,65920,65320
783,0,0,20,77361,76941,76141,76092,76769,69940,68747,69292,68920,68761,77594,76892,76353,76872,76465,66401,65653,65848,66375,65768
784,1,0,20,76797,76390,75589,75567,76210,69493,68317,68858,68487,68341,77041,76331,75805,76302,75915,65965,65233,65450,65956,65340
785,0,0,20,77363,76937,76135,76088,76759,69934,68747,69298,68920,68779,77606,76885,76372,76864,76463,66382,65655,65876,66397,65765
786,1,0,20,76831,76376,75614,75582,76203,69485,68316,68880,68494,68331,77075,76346,75796,76328,75916,65958,65248,65440,65953,65355
787,0,0,20,77416,76955,76172,76142,76784,69948,68779,69344,68955,68786,77655,76914,76378,76908,76477,66402,65678,65889,66396,65803
788,1,0,20,76800,76359,75590,75559,76187,69501,68302,68850,68484,68312,77046,76324,75787,76328,75896,65962,65221,65414,65951,65343
789,0,0,20,77388,76928,76146,76118,76766,69946,68752,69309,68945,68755,77631,76891,76364,76897,76461,66405,65670,65857,66397,65779
790,1,0,20,76812,76378,75582,75562,76209,69521,68316,68881,68486,68328,77054,76327,75815,76339,75901,65958,65247,65422,65956,65339
791,0,0,20,77386,76941,76151,76129,76777,69950,68768,69329,68936,68780,77634,76898,76379,76914,76470,66396,65687,65873,66392,65783
792,1,0,20,76794,76360,75612,75554,76203,69504,68313,68856,68493,68328,77044,76341,75807,76321,75904,65960,65229,65435,65958,65332
793,0,0,20,77364,76927,76154,76111,76761,69946,68751,69307,68941,68771,77595,76893,76359,76882,76461,66395,65667,65866,66387,65764
794,1,0,20,76813,76388,75619,75573,76219,69520,68321,68870,68499,68334,77066,76336,75814,76346,75913,65980,65252,65448,65961,65352
795,0,0,20,77388,76955,76171,76130,76779,69972,68772,69323,68947,68783,77632,76902,76379,76916,76466,66417,65697,65871,66406,65788
796,1,0,20,76786,76367,75597,75558,76198,69517,68309,68865,68473,68329,77038,76320,75807,76320,75911,65980,65239,65434,65955,65343
797,0,0,20,77366,76935,76166,76124,76770,69971,68778,69296,68941,68788,77615,76893,76372,76895,76475,66422,65694,65874,66412,65796
798,1,0,20,76803,76372,75594,75569,76209,69510,68317,68875,68487,68337,77051,76338,75816,76330,75912,65982,65241,65457,65958,65351
799,0,0,20,77374,76949,76157,76114,76779,69954,68765,69329,68942,68784,77611,76895,76382,76901,76473,66419,65682,65896,66402,65788
800,1,0,20,76827,76395,75636,75602,76226,69525,68341,68899,68510,68356,77072,76363,75837,76334,75934,66011,65263,65459,65973,65370
801,0,0,20,77400,76944,76182,76151,76788,69981,68793,69344,68958,68809,77620,76935,76392,76899,76483,66448,65686,65906,66406,65809
802,1,0,20,76807,76363,75587,75570,76202,69502,68310,68880,68469,68321,77052,76336,75793,76298,75913,65975,65227,65425,65952,65345
803,0,0,20,77386,76935,76157,76127,76766,69960,68776,69334,68923,68779,77629,76907,76380,76881,76475,66419,65664,65866,66404,65790
804,1,0,20,76797,76368,75586,75556,76193,69490,68293,68856,68475,68332,77042,76327,75794,76321,75891,65957,65228,65421,65944,65344
805,0,0,20,77366,76918,76149,76113,76774,69935,68744,69313,68934,68778,77598,76898,76368,76892,76453,66409,65673,65867,66391,65792
806,1,0,20,76808,76372,75593,75578,76212,69514,68316,68883,68479,68322,77052,76331,75801,76326,75912,65965,65237,65443,65956,65364
807,0,0,20,77385,76926,76147,76124,76780,69956,68757,69334,68934,68780,77596,76894,76364,76884,76456,66407,65674,65881,66391,65798
808,1,0,20,76827,76368,75593,75565,76214,69495,68319,68879,68496,68345,77035,76330,75800,76321,75901,65970,65214,65433,65948,65367
809,0,0,20,77392,76918,76132,76121,76780,69944,68757,69317,68932,68789,77601,76888,76364,76888,76460,66408,65647,65867,66374,65797
810,1,0,20,76810,76362,75589,75560,76189,69513,68313,68879,68472,68336,77049,76348,75810,76338,75913,65977,65234,65428,65959,65372
811,0,0,20,77389,76934,76147,76122,76770,69941,68777,69323,68931,68784,77631,76913,76380,76914,76476,66425,65679,65874,66410,65815
812,1,0,20,76788,76365,75600,75565,76202,69504,68297,68873,68471,68333,77043,76322,75797,76314,75909,65969,65240,65443,65942,65350
813,0,0,20,77391,76953,76174,76134,76782,69967,68769,69335,68951,68796,77636,76915,76393,76916,76482,66429,65697,65903,66405,65820
814,1,0,20,76831,76401,75621,75579,76226,69522,68335,68895,68505,68344,77070,76356,75814,76330,75938,65980,65237,65449,65965,65377
815,0,0,20,77391,76952,76161,76129,76780,69964,68774,69334,68943,68789,77627,76912,76370,76909,76489,66421,65685,65879,66394,65807
816,1,0,20,76799,76367,75588,75558,76207,69503,68290,68878,68480,68329,77044,76323,75793,76328,75899,65964,65233,65422,65932,65357
817,0,0,20,77383,76932,76146,76130,76782,69954,68751,69329,68927,68779,77612,76890,76374,76903,76460,66404,65673,65867,66384,65806
818,1,0,20,76806,76371,75598,75569,76213,69496,68302,68874,68483,68324,77054,76334,75807,76322,75905,65970,65226,65429,65942,65361
819,0,0,20,77366,76921,76137,76099,76775,69935,68747,69321,68918,68772,77604,76881,76368,76893,76461,66392,65647,65861,66376,65792
820,1,0,20,76788,76362,75596,75568,76197,69496,68291,68870,68454,68329,77041,76309,75789,76297,75906,65957,65238,65429,65914,65355
821,0,0,20,77375,76937,76164,76124,76789,69957,68743,69342,68920,68794,77624,76884,76368,76891,76479,66408,65682,65879,66361,65807
822,1,0,20,76800,76374,75580,75569,76206,69503,68312,68873,68485,68329,77042,76329,75815,76316,75926,65960,65239,65421,65937,65353
823,0,0,20,77381,76948,76149,76123,76792,69952,68775,69339,68941,68807,77615,76897,76384,76888,76487,66406,65682,65875,66389,65803
824,1,0,20,76795,76359,75573,75557,76208,69490,68306,68869,68474,68331,77066,76329,75801,76312,75930,65959,65236,65440,65937,65338
825,0,0,20,77380,76934,76156,76124,76781,69954,68771,69327,68943,68798,77641,76909,76392,76883,76493,66396,65687,65884,66377,65779
826,1,0,20,76811,76381,75617,75572,76224,69513,68324,68910,68495,68348,77070,76345,75811,76331,75924,65963,65257,65452,65938,65372
827,0,0,20,77368,76940,76172,76126,76788,69964,68777,69348,68952,68805,77640,76914,76388,76901,76484,66392,65693,65889,66383,65817
828,1,0,20,76799,76381,75599,75567,76208,69498,68313,68880,68482,68336,77057,76327,75815,76314,75924,65973,65239,65445,65925,65366
829,0,0,20,77400,76964,76176,76137,76797,69969,68774,69343,68955,68801,77638,76909,76405,76894,76499,66428,65686,65891,66380,65811
830,1,0,20,76792,76373,75596,75567,76201,69474,68296,68866,68465,68313,77039,76324,75781,76303,75888,65944,65219,65429,65918,65350
831,0,0,20,77383,76957,76167,76139,76787,69940,68754,69333,68922,68780,77611,76900,76372,76876,76466,66394,65673,65867,66376,65792
832,1,0,20,76821,76399,75603,75582,76219,69512,68323,68888,68492,68340,77066,76336,75811,76332,75928,65966,65232,65434,65939,65368
833,0,0,20,77381,76954,76156,76131,76779,69948,68778,69339,68942,68792,77614,76905,76372,76902,76480,66416,65665,65878,66383,65807
834,1,0,20,76815,76380,75593,75563,76213,69502,68311,68886,68483,68344,77066,76337,75812,76329,75924,65977,65221,65438,65938,65374
835,0,0,20,77398,76966,76150,76121,76783,69947,68757,69330,68954,68797,77637,76920,76398,76905,76484,66425,65679,65884,66391,65831
836,1,0,20,76806,76369,75591,75549,76212,69502,68307,68852,68477,68331,77054,76316,75814,76302,75911,65975,65215,65427,65924,65346
837,0,0,20,77384,76940,76163,76123,76783,69952,68764,69324,68935,68785,77633,76897,76392,76877,76480,66426,65660,65873,66387,65790
838,1,0,20,76795,76384,75602,75544,76208,69491,68316,68866,68470,68338,77055,76332,75804,76300,75927,65979,65217,65427,65929,65341
839,0,0,20,77389,76958,76175,76127,76789,69943,68776,69333,68942,68812,77639,76912,76394,76892,76501,66432,65667,65883,66383,65792
840,1,0,20,76811,76385,75619,75563,76219,69517,68331,68871,68470,68366,77072,76342,75827,76326,75926,65988,65256,65455,65957,65368
841,0,0,20,77395,76954,76177,76129,76786,69971,68792,69326,68934,68827,77648,76925,76396,76903,76496,66436,65694,65908,66399,65813
842,1,0,20,76794,76359,75580,75555,76201,69492,68313,68865,68449,68311,77062,76316,75778,76291,75925,65955,65217,65423,65922,65344
843,0,0,20,77373,76928,76143,76117,76781,69932,68780,69326,68925,68766,77633,76890,76361,76867,76488,66404,65665,65873,66378,65781
844,1,0,20,76794,76365,75583,75545,76192,69475,68318,68858,68465,68314,77047,76300,75798,76307,75915,65966,65217,65434,65926,65330
845,0,0,20,77367,76942,76126,76105,76760,69923,68761,69308,68911,68775,77612,76865,76363,76884,76472,66398,65647,65875,66365,65774
846,1,0,20,76807,76390,75587,75562,76198,69500,68320,68868,68492,68328,77048,76328,75805,76317,75920,65979,65215,65434,65934,65337
847,0,0,20,77395,76957,76159,76135,76788,69967,68779,69335,68967,68792,77630,76906,76390,76907,76494,66434,65666,65887,66400,65790
848,1,0,20,76796,76380,75586,75579,76207,69500,68319,68874,68488,68325,77069,76314,75806,76301,75915,65956,65191,65426,65926,65346
849,0,0,20,77374,76938,76140,76129,76776,69943,68773,69326,68945,68775,77617,76877,76375,76875,76484,66407,65629,65869,66364,65786
850,1,0,20,76788,76351,75574,75573,76197,69483,68308,68852,68467,68329,77053,76322,75798,76341,75904,65972,65226,65418,65949,65354
851,0,0,20,77386,76940,76157,76141,76782,69953,68773,69321,68926,68799,77636,76903,76388,76928,76483,66432,65682,65864,66392,65806
852,1,0,20,76793,76374,75578,75544,76172,69481,68294,68856,68465,68329,77051,76302,75784,76323,75885,65962,65190,65407,65918,65332
853,0,0,20,77371,76945,76130,76124,76769,69955,68759,69321,68927,68791,77631,76891,76371,76910,76457,66412,65654,65868,66389,65793
854,1,0,20,76782,76363,75579,75552,76193,69481,68303,68874,68451,68321,77049,76336,75790,76321,75903,65955,65201,65410,65915,65334
855,0,0,20,77362,76930,76145,76110,76762,69927,68761,69326,68910,68781,77628,76904,76372,76897,76464,66405,65641,65846,66372,65771
856,1,0,20,76809,76391,75603,75571,76207,69487,68328,68855,68478,68335,77053,76336,75806,76322,75916,65979,65221,65430,65964,65343
857,0,0,20,77383,76948,76151,76117,76780,69946,68777,69322,68937,68802,77628,76900,76385,76895,76474,66419,65667,65870,66406,65783
858,1,0,20,76807,76375,75584,75572,76217,69511,68325,68883,68459,68355,77064,76340,75823,76336,75927,65998,65228,65422,65965,65340
859,0,0,20,77378,76947,76143,76119,76793,69957,68769,69345,68913,68804,77632,76911,76384,76914,76473,66438,65675,65862,66422,65777
860,1,0,20,76787,76347,75577,75540,76201,69467,68302,68870,68467,68323,77038,76320,75778,76314,75914,65964,65222,65402,65924,65334
861,0,0,20,77374,76942,76166,76117,76796,69942,68768,69340,68949,68793,77629,76911,76379,76911,76503,66421,65665,65859,66387,65801
862,1,0,20,76795,76373,75583,75548,76211,69499,68295,68862,68476,68340,77048,76332,75791,76343,75917,65968,65217,65423,65943,65339
863,0,0,20,77366,76926,76135,76109,76789,69943,68749,69301,68926,68795,77612,76893,76364,76911,76472,66409,65647,65858,66367,65773
864,1,0,20,76802,76370,75582,75551,76211,69490,68295,68860,68476,68345,77038,76316,75791,76327,75906,65957,65197,65408,65933,65336
865,0,0,20,77395,76944,76150,76113,76792,69937,68752,69313,68937,68796,77614,76893,76369,76899,76474,66402,65652,65852,66390,65790
866,1,0,20,76815,76400,75604,75580,76222,69509,68316,68880,68479,68338,77065,76340,75819,76338,75919,65981,65230,65422,65939,65355
867,0,0,20,77372,76958,76147,76114,76795,69958,68749,69328,68937,68791,77631,76887,76374,76903,76471,66411,65659,65863,66378,65784
868,1,0,20,76812,76384,75589,75573,76221,69514,68314,68882,68487,68347,77066,76346,75808,76332,75931,65988,65236,65439,65956,65348
869,0,0,20,77398,76956,76144,76134,76792,69957,68773,69337,68955,68800,77631,76915,76392,76911,76500,66434,65675,65880,66393,65787
870,1,0,20,76791,76366,75565,75553,76209,69495,68314,68872,68462,68327,77050,76329,75799,76335,75904,65969,65203,65392,65920,65334
871,0,0,20,77370,76933,76137,76126,76787,69937,68754,69324,68917,68782,77620,76904,76376,76910,76473,66411,65640,65844,66362,65795
872,1,0,20,76783,76364,75579,75566,76205,69493,68292,68862,68459,68335,77049,76330,75802,76326,75917,65957,65202,65412,65918,65350
873,0,0,20,77369,76926,76138,76117,76783,69938,68766,69321,68920,68792,77614,76896,76388,76896,76476,66416,65646,65850,66374,65795
874,1,0,20,76768,76361,75576,75546,76216,69493,68298,68859,68466,68324,77040,76313,75801,76330,75914,65979,65216,65427,65937,65352
875,0,0,20,77378,76956,76171,76127,76811,69972,68774,69342,68945,68815,77647,76921,76405,76932,76514,66444,65690,65891,66408,65832
876,1,0,20,76799,76367,75579,75552,76212,69489,68304,68861,68447,68336,77028,76323,75795,76323,75919,65976,65222,65425,65936,65344
877,0,0,20,77393,76944,76165,76128,76795,69943,68774,69338,68938,68814,77615,76912,76393,76910,76498,66438,65690,65878,66398,65813
878,1,0,20,76795,76362,75590,75567,76215,69481,68307,68868,68466,68340,77056,76339,75801,76311,75905,65962,65212,65431,65946,65341
879,0,0,20,77382,76938,76157,76133,76790,69953,68763,69328,68950,68807,77634,76920,76395,76892,76481,66410,65666,65881,66395,65800
880,1,0,20,76791,76366,75577,75563,76208,69498,68301,68873,68476,68326,77059,76330,75800,76336,75915,65978,65224,65442,65937,65347
881,0,0,20,77374,76943,76146,76125,76780,69956,68764,69334,68945,68796,77641,76914,76380,76910,76491,66428,65672,65883,66399,65802
882,1,0,20,76792,76373,75597,75568,76200,69500,68294,68858,68464,68325,77042,76329,75799,76329,75912,65962,65221,65412,65937,65342
883,0,0,20,77384,76944,76158,76131,76782,69956,68764,69320,68931,68796,77627,76914,76393,76925,76484,66415,65670,65862,66410,65812
884,1,0,20,76786,76359,75577,75558,76205,69511,68294,68845,68465,68332,77043,76328,75808,76337,75930,65968,65226,65421,65945,65363
885,0,0,20,77386,76937,76147,76115,76785,69968,68762,69317,68937,68806,77635,76913,76398,76924,76505,66426,65675,65883,66407,65824
886,1,0,20,76792,76379,75579,75568,76204,69508,68296,68859,68463,68330,77041,76338,75799,76345,75938,65971,65214,65416,65932,65340
887,0,0,20,77393,76955,76156,76148,76792,69975,68769,69332,68942,68817,77632,76919,76395,76930,76513,66432,65675,65887,66398,65802
888,1,0,20,76787,76360,75581,75555,76188,69486,68296,68845,68450,68324,77024,76320,75781,76313,75890,65952,65214,65394,65923,65347
889,0,0,20,77394,76947,76168,76131,76783,69955,68771,69323,68921,68797,77620,76909,76380,76901,76474,66416,65664,65854,66389,65817
890,1,0,20,76790,76351,75572,75559,76190,69479,68286,68872,68469,68323,77040,76328,75789,76315,75914,65939,65213,65395,65934,65333
891,0,0,20,77360,76925,76139,76135,76768,69943,68742,69334,68934,68784,77609,76904,76369,76899,76479,66401,65665,65843,66381,65773
892,1,0,20,76768,76358,75583,75541,76202,69472,68297,68870,68459,68326,77036,76322,75788,76315,75902,65963,65212,65404,65916,65336
893,0,0,20,77362,76932,76156,76110,76775,69950,68760,69329,68933,68802,77603,76912,76379,76898,76473,66412,65668,65854,66382,65799
894,1,0,20,76775,76364,75591,75561,76194,69489,68312,68872,68466,68353,77042,76339,75808,76334,75919,65969,65236,65415,65941,65338
895,0,0,20,77361,76928,76160,76113,76774,69944,68774,69326,68921,68815,77629,76915,76379,76907,76482,66414,65676,65861,66383,65786
896,1,0,20,76792,76359,75587,75554,76190,69483,68303,68879,68470,68334,77031,76330,75811,76318,75907,65973,65209,65426,65934,65355
897,0,0,20,77380,76924,76150,76105,76771,69937,68772,69332,68957,68791,77609,76907,76389,76899,76476,66418,65667,65866,66380,65799
898,1,0,20,76804,76362,75580,75546,76198,69494,68305,68860,68463,68337,77048,76338,75806,76335,75898,65974,65228,65429,65933,65346
899,0,0,20,77389,76949,76146,76117,76783,69948,68757,69326,68919,68791,77628,76916,76378,76913,76462,66413,65674,65880,66385,65795
900,1,0,20,76805,76366,75579,75551,76185,69478,68308,68848,68465,68343,77019,76330,75789,76323,75924,65973,65232,65421,65942,65351
901,0,0,20,77386,76931,76137,76129,76776,69951,68758,69312,68942,68808,77604,76901,76371,76911,76483,66425,65674,65864,66394,65800
902,1,0,20,76804,76358,75573,75566,76191,69475,68287,68868,68453,68330,77031,76333,75794,76323,75902,65970,65223,65410,65920,65348
903,0,0,20,77387,76933,76129,76131,76766,69931,68750,69333,68922,68799,77618,76902,76374,76901,76476,66427,65666,65861,66387,65806
904,1,0,20,76800,76359,75589,75563,76199,69485,68291,68870,68474,68337,77045,76341,75798,76315,75908,65969,65236,65420,65947,65343
905,0,0,20,77383,76920,76144,76113,76763,69937,68754,69323,68933,68791,77617,76901,76349,76878,76454,66406,65675,65854,66389,65780
906,1,0,20,76816,76360,75593,75570,76201,69506,68311,68880,68493,68340,77064,76351,75801,76332,75913,65970,65228,65420,65943,65354
907,0,0,20,77387,76928,76141,76123,76781,69955,68757,69317,68947,68795,77622,76909,76371,76903,76468,66407,65645,65846,66380,65790
908,1,0,20,76824,76393,75588,75575,76208,69497,68311,68880,68479,68350,77066,76350,75818,76342,75925,65990,65224,65420,65959,65350
909,0,0,20,77387,76948,76151,76123,76775,69941,68766,69333,68940,68800,77611,76904,76383,76900,76473,66428,65667,65861,66399,65787
910,1,0,20,76792,76357,75568,75555,76195,69486,68294,68866,68467,68323,77036,76323,75809,76325,75893,65971,65205,65404,65928,65329
911,0,0,20,77366,76918,76142,76112,76780,69950,68751,69318,68922,68791,77602,76901,76377,76900,76467,66422,65663,65845,66372,65768
912,1,0,20,76816,76384,75599,75586,76228,69508,68324,68877,68488,68349,77065,76355,75811,76355,75917,65992,65240,65429,65948,65356
913,0,0,20,77385,76940,76137,76125,76778,69940,68763,69316,68937,68790,77614,76902,76372,76905,76466,66412,65666,65858,66376,65779
914,1,0,20,76790,76371,75570,75557,76209,69495,68303,68857,68480,68328,77057,76330,75784,76316,75893,65964,65217,65411,65928,65333
915,0,0,20,77377,76948,76143,76127,76783,69950,68761,69326,68936,68788,77620,76904,76364,76896,76460,66417,65663,65859,66372,65783
916,1,0,20,76797,76369,75585,75557,76197,69497,68307,68870,68490,68334,77045,76336,75804,76316,75901,65960,65225,65416,65932,65324
917,0,0,20,77393,76952,76157,76137,76787,69952,68764,69329,68947,68798,77630,76918,76387,76901,76483,66411,65673,65868,66378,65778
918,1,0,20,76806,76365,75580,75562,76223,69512,68308,68870,68489,68352,77056,76330,75803,76317,75903,65986,65230,65428,65945,65334
919,0,0,20,77385,76927,76142,76117,76791,69971,68766,69335,68950,68806,77620,76889,76372,76903,76452,66436,65684,65868,66385,65777
920,1,0,20,76797,76370,75583,75565,76213,69499,68297,68873,68485,68338,77042,76325,75795,76312,75896,65970,65217,65419,65935,65342
921,0,0,20,77384,76941,76145,76130,76783,69955,68763,69323,68954,68813,77626,76899,76378,76890,76464,66433,65666,65876,66388,65803
922,1,0,20,76813,76358,75591,75565,76230,69507,68312,68868,68489,68346,77070,76326,75810,76339,75910,65971,65230,65434,65939,65358
923,0,0,20,77387,76925,76153,76130,76795,69957,68755,69319,68931,68809,77642,76901,76382,76905,76470,66419,65666,65885,66391,65803
924,1,0,20,76806,76370,75588,75575,76223,69502,68305,68868,68470,68329,77062,76345,75811,76333,75909,65993,65236,65424,65952,65349
925,0,0,20,77376,76928,76141,76119,76788,69949,68754,69317,68934,68768,77615,76901,76378,76898,76455,66431,65669,65860,66401,65793
926,1,0,20,76797,76347,75594,75560,76206,69509,68302,68874,68483,68338,77044,76342,75808,76332,75919,66002,65223,65423,65941,65330
927,0,0,20,77388,76916,76165,76123,76784,69966,68760,69334,68938,68798,77621,76918,76394,76915,76487,66445,65666,65864,66394,65784
928,1,0,20,76786,76338,75576,75541,76205,69495,68295,68854,68475,68311,77054,76330,75785,76321,75894,65964,65209,65403,65933,65327
929,0,0,20,77378,76917,76151,76107,76779,69955,68751,69329,68942,68786,77642,76915,76372,76899,76464,66423,65668,65858,66384,65792
930,1,0,20,76796,76368,75578,75542,76203,69486,68291,68859,68462,68317,77040,76324,75799,76329,75906,65968,65225,65415,65926,65324
931,0,0,20,77378,76941,76147,76097,76780,69951,68764,69323,68916,68784,77617,76902,76394,76902,76469,66424,65677,65851,66380,65769
932,1,0,20,76782,76354,75576,75563,76198,69478,68288,68880,68463,68326,77048,76319,75786,76322,75906,65965,65219,65405,65931,65319
933,0,0,20,77379,76937,76157,76128,76789,69956,68757,69343,68941,68798,77628,76898,76377,76913,76479,66414,65672,65866,66381,65777
934,1,0,20,76803,76363,75584,75575,76216,69501,68305,68894,68489,68332,77061,76329,75804,76338,75914,65990,65226,65430,65950,65342
935,0,0,20,77384,76932,76143,76127,76796,69962,68760,69350,68938,68788,77639,76898,76383,76922,76474,66433,65670,65875,66393,65787
936,1,0,20,76799,76368,75589,75560,76199,69511,68304,68863,68457,68324,77060,76317,75786,76322,75909,65972,65232,65424,65940,65343
937,0,0,20,77379,76929,76143,76124,76785,69960,68771,69323,68928,68790,77634,76891,76372,76902,76467,66415,65671,65865,66386,65794
938,1,0,20,76802,76346,75589,75558,76201,69511,68293,68868,68473,68322,77061,76335,75807,76334,75913,65968,65236,65422,65924,65336
939,0,0,20,77387,76921,76144,76136,76782,69967,68764,69322,68925,68788,77636,76914,76390,76918,76482,66414,65693,65864,66366,65785
940,1,0,20,76783,76343,75566,75550,76174,69495,68275,68848,68443,68312,77043,76333,75786,76327,75893,65971,65226,65404,65907,65333
941,0,0,20,77384,76918,76133,76115,76767,69961,68748,69335,68940,68780,77632,76900,76372,76925,76467,66431,65675,65867,66361,65784
942,1,0,20,76788,76365,75590,75566,76183,69497,68297,68869,68477,68300,77059,76342,75808,76323,75900,65968,65232,65423,65910,65347
943,0,0,20,77378,76928,76162,76132,76769,69948,68768,69332,68931,68774,77640,76909,76381,76911,76471,66429,65674,65871,66367,65796
944,1,0,20,76796,76364,75591,75546,76209,69505,68289,68881,68479,68316,77054,76325,75804,76331,75921,65976,65229,65418,65916,65342
945,0,0,20,77393,76934,76146,76101,76774,69963,68754,69326,68938,68769,77621,76895,76373,76906,76485,66422,65667,65860,66377,65793
946,1,0,20,76799,76339,75581,75548,76183,69501,68285,68877,68478,68310,77047,76328,75772,76327,75907,65976,65222,65414,65923,65333
947,0,0,20,77399,76910,76165,76128,76767,69966,68751,69335,68940,68778,77619,76905,76355,76913,76486,66432,65666,65867,66378,65781
948,1,0,20,76802,76360,75576,75566,76202,69494,68295,68870,68477,68319,77062,76343,75801,76322,75924,65986,65220,65427,65926,65344
949,0,0,20,77414,76949,76149,76144,76781,69967,68760,69342,68951,68791,77630,76927,76388,76919,76508,66440,65690,65882,66380,65810
950,1,0,20,76790,76345,75576,75556,76191,69497,68306,68875,68489,68328,77060,76329,75808,76330,75917,65979,65235,65442,65936,65355
951,0,0,20,77390,76923,76148,76124,76782,69958,68765,69338,68949,68780,77647,76914,76398,76917,76497,66432,65676,65894,66399,65803
952,1,0,20,76793,76326,75590,75558,76178,69492,68306,68857,68452,68321,77044,76319,75788,76326,75894,65982,65222,65417,65934,65329
953,0,0,20,77390,76907,76165,76133,76774,69957,68780,69317,68927,68802,77633,76905,76380,76909,76471,66430,65673,65873,66398,65779
954,1,0,20,76822,76353,75586,75586,76214,69511,68316,68884,68485,68340,77075,76352,75810,76328,75921,65986,65237,65439,65948,65355
955,0,0,20,77400,76912,76146,76139,76787,69967,68759,69333,68948,68795,77638,76918,76380,76903,76493,66424,65676,65887,66385,65794
956,1,0,20,76825,76361,75606,75563,76202,69504,68334,68878,68493,68343,77069,76336,75814,76346,75936,65998,65235,65443,65954,65352
957,0,0,20,77384,76920,76157,76113,76763,69958,68781,69323,68941,68792,77629,76908,76395,76923,76486,66435,65675,65876,66390,65794
958,1,0,20,76811,76343,75589,75559,76206,69504,68316,68872,68489,68333,77071,76345,75813,76318,75936,65990,65236,65436,65925,65348
959,0,0,20,77387,76917,76147,76110,76778,69956,68772,69332,68947,68788,77639,76909,76383,76895,76485,66444,65680,65871,66374,65793
960,1,0,20,76812,76362,75571,75554,76181,69492,68301,68873,68462,68330,77045,76341,75806,76319,75918,65975,65233,65408,65927,65333
961,0,0,20,77396,76933,76143,76121,76764,69948,68762,69341,68925,68789,77619,76911,76386,76897,76489,66427,65669,65860,66379,65787
962,1,0,20,76790,76356,75563,75537,76192,69479,68291,68873,68445,68304,77034,76321,75794,76315,75892,65972,65210,65408,65922,65328
963,0,0,20,77391,76928,76144,76105,76792,69948,68752,69350,68933,68782,77623,76904,76392,76907,76469,66435,65678,65873,66382,65794
964,1,0,20,76803,76344,75606,75563,76206,69487,68302,68863,68452,68327,77070,76331,75806,76327,75926,65979,65206,65401,65926,65328
965,0,0,20,77379,76892,76144,76093,76758,69928,68746,69303,68897,68769,77613,76882,76362,76886,76460,66403,65641,65826,66363,65768
966,1,0,20,76801,76357,75568,75533,76182,69465,68279,68857,68458,68320,77038,76315,75781,76323,75902,65975,65202,65396,65923,65331
967,0,0,20,77403,76943,76147,76112,76793,69944,68756,69322,68931,68793,77616,76905,76376,76919,76493,66452,65665,65859,66380,65786
968,1,0,20,76810,76396,75596,75554,76214,69501,68316,68877,68478,68350,77095,76353,75817,76361,75940,66021,65235,65427,65951,65344
969,0,0,20,77389,76943,76149,76106,76769,69951,68766,69317,68926,68798,77634,76920,76374,76921,76489,66455,65677,65862,66389,65789
970,1,0,20,76810,76369,75583,75553,76204,69494,68311,68871,68475,68331,77063,76342,75811,76326,75920,66001,65218,65424,65931,65339
971,0,0,20,77395,76943,76146,76116,76783,69948,68763,69332,68931,68795,77646,76903,76399,76904,76490,66441,65672,65862,66389,65799
972,1,0,20,76805,76353,75577,75546,76215,69502,68290,68873,68478,68331,77067,76336,75783,76337,75914,65990,65218,65410,65925,65346
973,0,0,20,77381,76919,76137,76106,76787,69953,68746,69325,68924,68793,77638,76905,76368,76916,76472,66439,65672,65848,66371,65793
974,1,0,20,76812,76374,75603,75568,76213,69502,68317,68883,68469,68346,77065,76329,75830,76361,75932,66009,65237,65433,65946,65348
975,0,0,20,77380,76927,76159,76125,76773,69941,68764,69337,68923,68799,77640,76891,76395,76929,76487,66440,65675,65878,66396,65789
976,1,0,20,76787,76372,75561,75558,76189,69495,68289,68860,68459,68322,77057,76318,75791,76326,75902,65982,65226,65406,65922,65339
977,0,0,20,77380,76948,76131,76118,76775,69956,68755,69326,68919,68793,77639,76902,76367,76901,76472,66422,65673,65853,66372,65780
978,1,0,20,76804,76374,75581,75555,76195,69495,68300,68874,68454,68323,77041,76336,75801,76316,75907,65965,65225,65398,65926,65346
979,0,0,20,77383,76945,76142,76117,76768,69947,68763,69329,68915,68789,77626,76902,76372,76902,76480,66414,65660,65845,66369,65788
980,1,0,20,76810,76380,75588,75556,76206,69494,68302,68872,68491,68328,77044,76344,75811,76344,75915,65981,65238,65422,65924,65335
981,0,0,20,77391,76952,76146,76118,76775,69958,68760,69333,68944,68778,77615,76913,76400,76921,76482,66433,65667,65867,66381,65772
982,1,0,20,76819,76411,75592,75590,76224,69526,68326,68904,68498,68344,77079,76361,75826,76355,75939,66009,65264,65449,65954,65372
983,0,0,20,77400,76990,76165,76151,76809,69973,68784,69361,68954,68807,77651,76936,76400,76942,76511,66453,65703,65906,66409,65816
984,1,0,20,76802,76372,75578,75554,76200,69493,68295,68873,68466,68324,77064,76331,75803,76322,75903,65965,65214,65422,65922,65324
985,0,0,20,77388,76959,76145,76124,76776,69954,68756,69328,68928,68785,77648,76918,76389,76906,76468,66410,65668,65870,66379,65773
986,1,0,20,76827,76408,75606,75581,76220,69505,68330,68893,68494,68339,77084,76358,75825,76359,75943,65993,65251,65439,65945,65366
987,0,0,20,77399,76971,76174,76141,76791,69960,68785,69343,68956,68805,77651,76931,76408,76931,76509,66439,65684,65883,66397,65803
988,1,0,20,76828,76402,75605,75574,76223,69516,68313,68896,68486,68333,77064,76366,75835,76361,75930,65995,65231,65447,65943,65357
989,0,0,20,77379,76952,76147,76120,76784,69946,68746,69324,68926,68786,77623,76922,76376,76907,76479,66418,65662,65873,66382,65785
990,1,0,20,76809,76389,75589,75578,76214,69500,68302,68866,68467,68332,77067,76345,75824,76340,75911,65985,65225,65435,65939,65354
991,0,0,20,77399,76944,76157,76141,76779,69959,68779,69334,68922,68790,77628,76918,76398,76915,76485,66421,65668,65886,66392,65797
992,1,0,20,76812,76377,75605,75571,76224,69505,68318,68866,68482,68337,77061,76337,75832,76344,75932,65986,65233,65431,65941,65362
993,0,0,20,77386,76938,76172,76126,76787,69959,68764,69316,68935,68789,77643,76904,76402,76921,76479,66423,65673,65892,66389,65810
994,1,0,20,76786,76363,75579,75567,76207,69514,68290,68866,68478,68331,77059,76335,75792,76328,75929,65979,65227,65437,65931,65346
995,0,0,20,77372,76934,76144,76131,76786,69968,68756,69332,68941,68792,77631,76907,76387,76913,76495,66428,65674,65886,66385,65805
996,1,0,20,76798,76367,75579,75554,76208,69500,68298,68884,68460,68328,77069,76345,75810,76345,75923,65982,65231,65426,65939,65343
997,0,0,20,77361,76929,76132,76104,76773,69945,68740,69328,68908,68777,77638,76898,76368,76899,76468,66406,65663,65866,66367,65785
998,1,0,20,76818,76380,75602,75591,76218,69525,68324,68892,68465,68335,77086,76348,75808,76353,75936,66003,65242,65446,65943,65374
999,0,0,20,77394,76948,76163,76138,76792,69984,68784,69348,68924,68787,77651,76937,76385,76929,76496,66453,65688,65894,66391,65825
1000,1,0,20,76823,76396,75613,75584,76225,69523,68331,68902,68495,68343,77088,76344,75819,76357,75941,65994,65248,65454,65965,65360
1001,0,0,20,77407,76968,76174,76142,76779,69968,68777,69355,68929,68793,77659,76917,76388,76927,76507,66441,65685,65893,66411,65812
1002,1,0,20,76807,76368,75584,75562,76198,69493,68310,68871,68451,68312,77055,76322,75805,76325,75908,65965,65210,65425,65930,65355
1003,0,0,20,77384,76924,76147,76116,76775,69944,68768,69321,68911,68767,77618,76897,76381,76892,76475,66408,65650,65862,66371,65791
1004,1,0,20,76795,76353,75593,75580,76197,69493,68305,68879,68459,68356,77056,76336,75819,76319,75920,65970,65210,65432,65921,65339
1005,0,0,20,77394,76920,76166,76128,76775,69950,68755,69337,68921,68812,77622,76916,76407,76900,76489,66414,65659,65867,66376,65792
1006,1,0,20,76813,76365,75585,75576,76211,69506,68320,68879,68448,68334,77061,76331,75820,76326,75929,65981,65235,65424,65948,65360
1007,0,0,20,77396,76919,76146,76135,76778,69950,68783,69337,68909,68796,77626,76907,76399,76900,76502,66428,65684,65880,66400,65804
1008,1,0,20,76799,76385,75591,75575,76226,69515,68342,68887,68489,68353,77081,76362,75842,76360,75960,66001,65248,65441,65962,65372
1009,0,0,20,77375,76950,76150,76136,76783,69973,68798,69334,68955,68816,77632,76922,76409,76930,76507,66439,65688,65882,66403,65817
1010,1,0,20,76820,76380,75587,75565,76198,69495,68310,68882,68479,68321,77074,76342,75816,76334,75939,65975,65217,65419,65941,65348
1011,0,0,20,77406,76959,76157,76137,76773,69955,68775,69341,68932,68790,77644,76914,76392,76922,76504,66423,65678,65882,66395,65795
1012,1,0,20,76796,76376,75585,75554,76187,69491,68307,68873,68451,68318,77038,76336,75791,76304,75923,65969,65225,65435,65907,65313
1013,0,0,20,77391,76953,76157,76125,76779,69945,68778,69341,68912,68783,77627,76916,76399,76903,76503,66422,65685,65882,66375,65784
1014,1,0,20,76796,76372,75591,75567,76216,69503,68311,68879,68455,68334,77073,76335,75820,76333,75941,65977,65227,65445,65931,65351
1015,0,0,20,77374,76959,76150,76116,76789,69964,68780,69339,68929,68784,77634,76913,76393,76904,76503,66419,65678,65887,66397,65800
1016,1,0,20,76817,76398,75615,75578,76241,69527,68326,68897,68493,68348,77094,76353,75827,76353,75943,65995,65243,65455,65946,65362
1017,0,0,20,77392,76968,76166,76148,76800,69975,68778,69351,68950,68805,77665,76909,76402,76923,76510,66444,65689,65902,66387,65805
1018,1,0,20,76805,76383,75579,75582,76223,69517,68320,68892,68476,68336,77055,76338,75827,76334,75948,65987,65229,65444,65944,65353
1019,0,0,20,77380,76951,76152,76144,76800,69982,68776,69354,68949,68794,77630,76914,76406,76921,76509,66434,65679,65884,66396,65799
1020,1,0,20,76827,76392,75600,75591,76227,69517,68317,68890,68484,68336,77100,76347,75841,76338,75950,65994,65240,65462,65947,65355
1021,0,0,20,77394,76951,76145,76132,76791,69947,68759,69333,68921,68784,77661,76899,76387,76887,76502,66427,65662,65893,66389,65784
1022,1,0,20,76805,76369,75589,75561,76209,69494,68296,68889,68455,68317,77080,76335,75810,76316,75932,65980,65229,65422,65941,65349
1023,0,0,20,77403,76956,76173,76139,76802,69954,68772,69357,68935,68798,77664,76921,76407,76911,76503,66432,65695,65890,66398,65806
1024,1,0,20,76796,76385,75571,75565,76209,69502,68320,68869,68443,68329,77068,76337,75798,76322,75921,65990,65223,65434,65939,65346
1025,0,0,20,77389,76964,76149,76133,76801,69970,68786,69337,68929,68795,77647,76918,76406,76902,76504,66448,65673,65891,66395,65805
1026,1,0,20,76819,76382,75592,75547,76204,69503,68308,68874,68473,68322,77057,76341,75814,76307,75948,65971,65224,65439,65910,65344
1027,0,0,20,77381,76933,76139,76101,76764,69947,68753,69320,68925,68780,77629,76908,76380,76870,76497,66409,65657,65873,66364,65786
1028,1,0,20,76815,76379,75606,75569,76218,69504,68323,68897,68478,68337,77070,76346,75811,76335,75931,65984,65238,65453,65938,65367
1029,0,0,20,77391,76953,76169,76123,76805,69962,68784,69358,68944,68798,77648,76925,76387,76906,76493,66431,65682,65898,66392,65801
1030,1,0,20,76797,76383,75593,75579,76220,69507,68320,68879,68472,68339,77051,76347,75801,76328,75935,65975,65225,65447,65931,65354
1031,0,0,20,77382,76962,76161,76132,76796,69965,68784,69340,68926,68786,77627,76909,76367,76907,76497,66416,65674,65894,66380,65799
1032,1,0,20,76801,76368,75594,75559,76209,69490,68300,68868,68464,68323,77025,76332,75788,76309,75920,65966,65216,65431,65929,65334
1033,0,0,20,77372,76933,76148,76112,76787,69938,68755,69321,68927,68791,77587,76902,76362,76884,76484,66406,65657,65884,66364,65778
1034,1,0,20,76790,76369,75586,75573,76206,69512,68322,68887,68479,68334,77059,76353,75814,76321,75926,65974,65233,65439,65922,65350
1035,0,0,20,77381,76942,76153,76139,76783,69968,68778,69334,68935,68792,77631,76928,76395,76903,76479,66416,65677,65883,66364,65809
1036,1,0,20,76807,76376,75588,75575,76222,69510,68318,68895,68473,68331,77050,76345,75817,76336,75923,65984,65221,65451,65936,65364
1037,0,0,20,77383,76952,76161,76135,76784,69961,68770,69338,68927,68785,77637,76909,76388,76904,76473,66431,65660,65892,66376,65811
1038,1,0,20,76794,76366,75585,75574,76204,69493,68299,68883,68463,68335,77033,76339,75808,76327,75927,65964,65232,65427,65925,65351
1039,0,0,20,77383,76943,76152,76129,76797,69950,68778,69340,68922,68806,77619,76923,76390,76917,76496,66403,65681,65874,66379,65806
1040,1,0,20,76813,76371,75585,75571,76222,69509,68318,68877,68485,68332,77057,76340,75820,76331,75924,65972,65234,65431,65937,65366
1041,0,0,20,77381,76931,76142,76132,76785,69959,68780,69329,68941,68791,77600,76898,76394,76896,76484,66422,65680,65872,66383,65805
1042,1,0,20,76821,76360,75572,75552,76200,69486,68312,68865,68470,68323,77051,76325,75800,76310,75903,65956,65220,65423,65914,65344
1043,0,0,20,77418,76951,76149,76127,76786,69945,68783,69338,68953,68794,77626,76907,76390,76896,76485,66418,65679,65883,66378,65802
1044,1,0,20,76804,76362,75590,75557,76212,69499,68318,68875,68477,68322,77061,76332,75796,76315,75923,65961,65242,65437,65926,65340
1045,0,0,20,77386,76940,76164,76119,76781,69942,68778,69336,68947,68771,77632,76912,76378,76886,76494,66404,65682,65879,66369,65792
1046,1,0,20,76794,76339,75563,75555,76194,69492,68299,68877,68467,68320,77066,76328,75801,76309,75929,65954,65217,65410,65918,65344
1047,0,0,20,77382,76912,76114,76105,76761,69931,68746,69332,68905,68777,77628,76902,76372,76884,76477,66390,65668,65858,66379,65785
1048,1,0,20,76796,76354,75580,75564,76205,69502,68296,68870,68473,68311,77057,76324,75804,76318,75933,65972,65229,65428,65913,65337
1049,0,0,20,77367,76915,76147,76111,76764,69944,68761,69316,68915,68759,77629,76897,76382,76881,76494,66403,65668,65863,66360,65786
1050,1,0,20,76795,76361,75583,75559,76208,69486,68303,68864,68447,68316,77076,76338,75809,76318,75926,65970,65230,65428,65922,65342
1051,0,0,20,77387,76935,76148,76123,76785,69936,68753,69320,68913,68781,77633,76917,76387,76896,76491,66412,65670,65881,66381,65780
1052,1,0,20,76783,76362,75566,75561,76192,69494,68303,68857,68455,68329,77040,76324,75787,76310,75922,65961,65215,65427,65918,65336
1053,0,0,20,77369,76929,76135,76127,76772,69941,68759,69316,68918,68791,77607,76908,76366,76890,76482,66410,65654,65884,66372,65775
1054,1,0,20,76797,76360,75578,75567,76192,69482,68303,68857,68455,68328,77072,76332,75801,76308,75905,65954,65225,65429,65920,65345
1055,0,0,20,77378,76931,76130,76127,76761,69931,68764,69314,68918,68790,77651,76892,76386,76891,76476,66416,65662,65878,66379,65800
1056,1,0,20,76801,76353,75570,75541,76203,69486,68305,68857,68465,68306,77054,76325,75815,76303,75917,65965,65203,65415,65909,65343
1057,0,0,20,77402,76929,76138,76122,76791,69952,68767,69333,68935,68775,77640,76916,76392,76890,76492,66423,65660,65889,66368,65803
1058,1,0,20,76815,76350,75578,75550,76198,69479,68307,68860,68463,68319,77056,76339,75813,76316,75933,65963,65224,65431,65927,65335
1059,0,0,20,77386,76919,76139,76109,76772,69932,68764,69321,68918,68774,77622,76902,76376,76883,76485,66400,65666,65863,66367,65778
1060,1,0,20,76777,76330,75571,75548,76179,69476,68295,68855,68431,68307,77042,76305,75793,76295,75910,65952,65204,65412,65903,65322
1061,0,0,20,77374,76899,76148,76111,76748,69935,68753,69313,68903,68772,77618,76885,76366,76875,76469,66408,65646,65863,66363,65781
1062,1,0,20,76782,76331,75567,75552,76185,69482,68294,68867,68461,68324,77032,76323,75798,76305,75914,65966,65211,65412,65896,65325
1063,0,0,20,77382,76920,76148,76112,76769,69949,68768,69322,68931,68795,77639,76915,76387,76891,76498,66424,65670,65870,66363,65789
1064,1,0,20,76808,76341,75568,75545,76198,69495,68313,68880,68450,68319,77060,76321,75806,76303,75905,65975,65223,65422,65918,65331
1065,0,0,20,77388,76903,76125,76107,76781,69940,68769,69335,68920,68773,77621,76904,76389,76880,76459,66417,65665,65878,66356,65778
1066,1,0,20,76807,76356,75582,75553,76199,69504,68313,68876,68459,68321,77062,76324,75819,76327,75914,65965,65217,65417,65926,65326
1067,0,0,20,77392,76928,76146,76113,76776,69950,68767,69325,68919,68784,77625,76906,76394,76891,76487,66417,65660,65874,66369,65774
1068,1,0,20,76785,76338,75581,75524,76197,69478,68295,68851,68442,68309,77060,76311,75798,76290,75899,65945,65197,65411,65882,65317
1069,0,0,20,77376,76905,76147,76094,76777,69936,68757,69316,68910,68769,77640,76895,76388,76873,76466,66408,65639,65857,66339,65779
1070,1,0,20,76788,76365,75584,75544,76190,69490,68292,68879,68452,68315,77072,76337,75805,76314,75911,65968,65188,65434,65919,65331
1071,0,0,20,77366,76931,76135,76094,76760,69938,68740,69318,68906,68772,77621,76903,76377,76884,76469,66407,65641,65865,66350,65766
1072,1,0,20,76802,76370,75603,75547,76211,69494,68321,68866,68477,68336,77045,76340,75810,76333,75913,65979,65196,65434,65928,65341
1073,0,0,20,77387,76941,76172,76124,76801,69951,68780,69332,68940,68789,77625,76926,76403,76912,76486,66431,65653,65894,66393,65795
1074,1,0,20,76799,76375,75593,75555,76192,69491,68317,68863,68475,68313,77042,76331,75805,76322,75913,65961,65205,65424,65927,65347
1075,0,0,20,77389,76959,76152,76127,76785,69954,68765,69329,68940,68780,77619,76903,76391,76901,76490,66421,65644,65874,66384,65792
1076,1,0,20,76787,76371,75597,75559,76209,69500,68316,68869,68465,68314,77058,76333,75817,76306,75916,65972,65200,65432,65933,65346
1077,0,0,20,77379,76943,76165,76125,76787,69948,68786,69334,68935,68783,77623,76900,76391,76903,76489,66429,65667,65886,66389,65801
1078,1,0,20,76799,76375,75599,75558,76208,69484,68311,68855,68467,68316,77049,76331,75817,76333,75923,65981,65216,65436,65951,65346
1079,0,0,20,77359,76922,76138,76087,76769,69932,68761,69291,68901,68752,77606,76885,76370,76887,76457,66399,65632,65868,66382,65779
1080,1,0,20,76781,76363,75585,75539,76182,69474,68294,68870,68439,68291,77037,76291,75799,76314,75910,65958,65202,65389,65906,65314
1081,0,0,20,77356,76933,76147,76098,76754,69927,68754,69330,68906,68764,77595,76861,76364,76881,76481,66402,65640,65846,66363,65766
1082,1,0,20,76789,76386,75580,75533,76204,69472,68319,68875,68470,68314,77049,76316,75807,76318,75919,65972,65207,65417,65936,65335
1083,0,0,20,77375,76948,76138,76090,76785,69928,68770,69323,68917,68775,77618,76880,76383,76894,76487,66417,65647,65855,66372,65781
1084,1,0,20,76793,76369,75560,75548,76206,69492,68310,68857,68467,68316,77044,76322,75796,76316,75906,65976,65201,65408,65918,65331
1085,0,0,20,77368,76945,76122,76100,76777,69945,68762,69310,68931,68782,77611,76903,76383,76886,76468,66425,65648,65857,66377,65783
1086,1,0,20,76786,76352,75582,75537,76181,69475,68303,68850,68473,68314,77049,76308,75805,76320,75907,65969,65207,65400,65905,65313
1087,0,0,20,77359,76927,76142,76084,76752,69916,68756,69312,68925,68767,77613,76873,76368,76890,76474,66403,65653,65849,66361,65760
1088,1,0,20,76778,76353,75560,75541,76181,69471,68284,68855,68454,68310,77041,76305,75792,76295,75906,65961,65219,65410,65910,65319
1089,0,0,20,77365,76928,76130,76117,76757,69923,68752,69323,68908,68773,77611,76876,76369,76876,76471,66408,65662,65866,66366,65778
1090,1,0,20,76805,76376,75592,75554,76203,69477,68317,68868,68464,68312,77045,76322,75816,76318,75914,65975,65222,65429,65926,65332
1091,0,0,20,77392,76947,76163,76122,76781,69941,68786,69331,68933,68785,77627,76899,76412,76902,76493,66426,65676,65875,66392,65795
1092,1,0,20,76786,76355,75583,75552,76204,69487,68314,68881,68467,68322,77038,76304,75806,76298,75907,65957,65210,65430,65919,65328
1093,0,0,20,77366,76924,76129,76104,76771,69940,68758,69333,68928,68773,77598,76881,76371,76862,76469,66399,65658,65865,66358,65764
1094,1,0,20,76807,76368,75603,75579,76215,69502,68333,68896,68487,68340,77061,76338,75821,76335,75945,65987,65227,65441,65945,65345
1095,0,0,20,77384,76946,76155,76133,76794,69955,68791,69354,68942,68799,77624,76911,76417,76913,76508,66434,65684,65893,66396,65794
1096,1,0,20,76793,76360,75572,75549,76206,69487,68304,68863,68464,68318,77019,76332,75794,76303,75917,65970,65208,65410,65918,65324
1097,0,0,20,77366,76918,76127,76092,76775,69936,68751,69322,68912,68749,77605,76896,76370,76882,76479,66410,65639,65850,66359,65768
1098,1,0,20,76809,76370,75576,75549,76207,69488,68316,68872,68479,68314,77040,76335,75811,76312,75931,65969,65225,65443,65922,65342
1099,0,0,20,77407,76956,76154,76114,76793,69955,68783,69342,68950,68793,77624,76917,76395,76902,76507,66426,65680,65890,66379,65792
1100,1,0,20,76797,76379,75566,75551,76202,69485,68322,68871,68476,68327,77038,76329,75814,76318,75935,65977,65223,65430,65930,65338
1101,0,0,20,77390,76955,76147,76120,76795,69941,68789,69348,68949,68802,77615,76916,76407,76909,76517,66430,65681,65884,66386,65810
1102,1,0,20,76803,76360,75575,75540,76199,69481,68305,68865,68459,68320,77050,76327,75808,76310,75922,65965,65200,65419,65934,65328
1103,0,0,20,77366,76927,76129,76103,76766,69920,68756,69311,68913,68774,77620,76891,76376,76885,76481,66405,65636,65854,66371,65773
1104,1,0,20,76798,76369,75587,75551,76208,69481,68320,68884,68473,68310,77053,76342,75808,76319,75925,65984,65208,65431,65939,65338
1105,0,0,20,77384,76941,76155,76115,76789,69951,68787,69340,68941,68776,77633,76911,76378,76896,76496,66422,65651,65877,66385,65787
1106,1,0,20,76799,76349,75561,75555,76205,69483,68301,68859,68474,68329,77037,76326,75805,76282,75905,65958,65214,65419,65902,65342
1107,0,0,20,77376,76932,76144,76115,76782,69943,68758,69316,68933,68795,77617,76914,76390,76863,76480,66417,65662,65873,66361,65790
1108,1,0,20,76840,76406,75604,75571,76230,69525,68326,68899,68490,68352,77055,76351,75830,76359,75943,66008,65256,65463,65949,65354
1109,0,0,20,77402,76962,76159,76124,76789,69967,68773,69341,68933,68792,77637,76912,76386,76917,76491,66440,65685,65899,66394,65780
1110,1,0,20,76811,76381,75581,75551,76210,69493,68300,68858,68457,68311,77039,76334,75807,76336,75916,65976,65209,65421,65932,65345
1111,0,0,20,77380,76958,76147,76119,76780,69955,68761,69323,68926,68773,77621,76896,76387,76905,76477,66418,65673,65873,66389,65785
1112,1,0,20,76818,76395,75609,75563,76198,69505,68305,68870,68495,68329,77062,76346,75818,76319,75934,65980,65219,65435,65937,65347
1113,0,0,20,77373,76945,76150,76090,76754,69938,68743,69308,68915,68766,77606,76891,76380,76874,76477,66401,65650,65866,66369,65772
1114,1,0,20,76804,76369,75591,75550,76197,69500,68298,68863,68462,68338,77041,76339,75810,76322,75924,65964,65206,65428,65919,65340
1115,0,0,20,77378,76921,76141,76092,76762,69936,68743,69285,68897,68782,77601,76894,76361,76879,76467,66389,65631,65857,66351,65767
1116,1,0,20,76828,76389,75608,75579,76237,69510,68323,68885,68467,68339,77060,76340,75839,76339,75936,65975,65223,65439,65950,65343
1117,0,0,20,77404,76952,76162,76124,76819,69958,68780,69335,68927,68793,77638,76913,76401,76911,76500,66422,65679,65885,66390,65788
1118,1,0,20,76785,76350,75583,75525,76196,69487,68305,68849,68453,68318,77054,76334,75789,76299,75913,65973,65211,65428,65927,65339
1119,0,0,20,77393,76919,76156,76113,76784,69953,68779,69318,68934,68791,77633,76905,76385,76896,76491,66429,65650,65878,66387,65800
1120,1,0,20,76777,76345,75554,75530,76179,69465,68282,68854,68461,68297,77028,76291,75784,76301,75911,65949,65196,65419,65897,65329
1121,0,0,20,77376,76925,76141,76116,76778,69931,68760,69324,68935,68783,77619,76887,76382,76898,76498,66424,65669,65878,66375,65793
1122,1,0,20,76807,76373,75591,75572,76218,69498,68327,68889,68482,68332,77052,76333,75815,76324,75932,65983,65216,65437,65928,65361
1123,0,0,20,77376,76944,76136,76118,76775,69938,68784,69329,68942,68779,77616,76903,76390,76889,76479,66425,65653,65873,66372,65788
1124,1,0,20,76797,76346,75569,75559,76208,69463,68307,68850,68463,68326,77048,76319,75813,76308,75908,65982,65199,65406,65917,65345
1125,0,0,20,77398,76955,76154,76140,76798,69949,68793,69326,68947,68806,77636,76914,76399,76901,76485,66447,65678,65876,66394,65810
1126,1,0,20,76804,76376,75572,75553,76203,69496,68304,68868,68467,68323,77041,76330,75814,76315,75911,65979,65217,65404,65929,65344
1127,0,0,20,77389,76958,76134,76124,76781,69954,68766,69319,68933,68786,77626,76908,76388,76896,76478,66430,65663,65872,66391,65801
1128,1,0,20,76798,76376,75585,75569,76213,69510,68315,68858,68452,68326,77056,76342,75809,76333,75934,65985,65229,65431,65930,65354
1129,0,0,20,77355,76921,76119,76103,76765,69943,68751,69294,68895,68763,77603,76881,76372,76883,76462,66409,65652,65846,66352,65780
1130,1,0,20,76809,76353,75580,75554,76190,69491,68311,68850,68447,68327,77052,76324,75813,76338,75919,65976,65220,65428,65937,65341
1131,0,0,20,77403,76934,76146,76118,76781,69944,68773,69314,68893,68784,77627,76896,76389,76907,76479,66420,65660,65870,66387,65774
1132,1,0,20,76805,76361,75568,75567,76199,69495,68317,68862,68448,68327,77065,76322,75796,76324,75919,65968,65219,65438,65933,65341
1133,0,0,20,77395,76953,76139,76140,76794,69956,68779,69341,68916,68802,77656,76900,76391,76909,76493,66429,65669,65880,66387,65797
1134,1,0,20,76798,76359,75581,75554,76199,69489,68300,68870,68463,68319,77064,76332,75814,76338,75923,65985,65232,65426,65931,65340
1135,0,0,20,77381,76940,76157,76123,76789,69943,68770,69320,68935,68779,77622,76904,76408,76910,76496,66435,65690,65878,66394,65789
1136,1,0,20,76799,76374,75588,75574,76204,69494,68313,68859,68446,68332,77057,76323,75824,76337,75919,65981,65226,65442,65935,65341
1137,0,0,20,77400,76962,76171,76142,76792,69969,68791,69337,68926,68807,77655,76915,76416,76931,76509,66440,65690,65906,66406,65802
1138,1,0,20,76820,76369,75578,75565,76205,69497,68309,68859,68475,68327,77054,76308,75818,76319,75931,65974,65212,65435,65929,65351
1139,0,0,20,77400,76945,76141,76130,76778,69949,68780,69309,68936,68796,77617,76875,76398,76896,76489,66422,65659,65880,66374,65795
1140,1,0,20,76807,76365,75558,75552,76183,69486,68289,68847,68433,68314,77042,76309,75801,76311,75923,65963,65200,65406,65913,65340
1141,0,0,20,77384,76924,76117,76115,76770,69934,68751,69304,68905,68763,77605,76883,76381,76885,76484,66408,65638,65849,66360,65793
1142,1,0,20,76802,76373,75580,75562,76211,69495,68305,68852,68457,68333,77037,76333,75809,76307,75921,65956,65211,65422,65922,65336
1143,0,0,20,77373,76932,76122,76108,76777,69940,68758,69301,68920,68775,77606,76893,76393,76874,76478,66404,65647,65858,66369,65768
1144,1,0,20,76811,76380,75583,75564,76214,69508,68306,68873,68465,68328,77075,76310,75814,76315,75923,65977,65232,65427,65920,65343
1145,0,0,20,77400,76948,76151,76128,76782,69961,68764,69341,68918,68792,77634,76883,76410,76895,76487,66426,65678,65874,66379,65800
1146,1,0,20,76825,76358,75579,75568,76215,69495,68301,68869,68473,68339,77063,76327,75828,76328,75916,65979,65219,65441,65942,65356
1147,0,0,20,77398,76936,76154,76138,76789,69960,68763,69318,68941,68808,77634,76894,76413,76896,76487,66420,65672,65887,66371,65804
1148,1,0,20,76805,76346,75578,75567,76221,69486,68312,68849,68471,68330,77065,76310,75831,76317,75930,65955,65211,65414,65906,65345
1149,0,0,20,77384,76911,76137,76123,76792,69945,68763,69302,68927,68793,77622,76879,76399,76891,76490,66410,65659,65859,66361,65791
1150,1,0,20,76818,76372,75592,75583,76216,69497,68311,68876,68471,68320,77096,76343,75822,76337,75945,65983,65232,65442,65916,65363
1151,0,0,20,77389,76951,76152,76138,76782,69951,68769,69329,68933,68782,77655,76905,76404,76906,76503,66424,65678,65891,66363,65813
1152,1,0,20,76784,76340,75552,75539,76190,69478,68281,68843,68440,68278,77039,76296,75795,76295,75897,65958,65218,65411,65903,65339
1153,0,0,20,77381,76925,76125,76118,76771,69935,68752,69312,68919,68745,77625,76889,76387,76894,76471,66416,65666,65868,66365,65799
1154,1,0,20,76786,76342,75551,75539,76181,69482,68288,68833,68445,68290,77064,76310,75806,76315,75898,65951,65200,65410,65884,65343
1155,0,0,20,77365,76923,76120,76092,76756,69934,68739,69293,68905,68742,77630,76870,76379,76884,76463,66395,65647,65861,66338,65791
1156,1,0,20,76796,76350,75573,75562,76188,69480,68288,68849,68463,68284,77047,76320,75815,76323,75922,65960,65204,65415,65933,65344
1157,0,0,20,77362,76910,76126,76123,76765,69917,68732,69296,68915,68756,77614,76883,76384,76888,76489,66397,65631,65860,66369,65790
1158,1,0,20,76787,76352,75550,75546,76184,69485,68297,68833,68446,68301,77061,76316,75804,76315,75915,65970,65201,65415,65920,65347
1159,0,0,20,77363,76924,76113,76114,76749,69925,68753,69291,68897,68748,77621,76879,76379,76887,76473,66412,65648,65849,66367,65790
1160,1,0,20,76792,76358,75569,75556,76189,69479,68296,68857,68456,68297,77061,76321,75812,76326,75910,65959,65231,65420,65919,65349
1161,0,0,20,77388,76958,76147,76130,76774,69949,68773,69332,68924,68776,77638,76919,76402,76919,76487,66430,65686,65880,66387,65815
1162,1,0,20,76797,76376,75570,75555,76188,69481,68302,68840,68457,68290,77040,76323,75814,76327,75908,65960,65214,65397,65932,65354
1163,0,0,20,77388,76958,76145,76129,76765,69938,68764,69305,68914,68749,77640,76891,76396,76902,76470,66406,65659,65836,66384,65799
1164,1,0,20,76803,76352,75584,75539,76183,69476,68294,68858,68436,68287,77045,76337,75802,76305,75931,65961,65204,65407,65914,65356
1165,0,0,20,77371,76934,76141,76090,76756,69924,68751,69306,68888,68739,77614,76897,76371,76875,76487,66409,65642,65857,66353,65790
1166,1,0,20,76819,76380,75596,75545,76207,69489,68309,68873,68456,68299,77061,76335,75813,76338,75933,65975,65222,65427,65927,65361
1167,0,0,20,77394,76948,76140,76095,76780,69941,68754,69315,68910,68749,77617,76901,76391,76904,76492,66427,65664,65865,66371,65797
1168,1,0,20,76813,76365,75557,75548,76179,69490,68296,68846,68451,68293,77045,76331,75799,76327,75914,65962,65201,65418,65916,65350
1169,0,0,20,77395,76935,76143,76117,76770,69952,68766,69317,68929,68767,77626,76918,76395,76912,76506,66424,65662,65869,66391,65818
1170,1,0,20,76792,76377,75568,75550,76173,69495,68295,68869,68463,68301,77055,76313,75803,76319,75895,65960,65214,65409,65898,65343
1171,0,0,20,77390,76967,76166,76129,76797,69966,68776,69346,68944,68778,77644,76913,76417,76912,76494,66428,65683,65872,66371,65818
1172,1,0,20,76799,76394,75575,75551,76199,69492,68298,68856,68463,68317,77063,76334,75812,76329,75912,65972,65210,65404,65919,65354
1173,0,0,20,77375,76957,76138,76117,76785,69956,68768,69329,68923,68785,77639,76924,76394,76904,76475,66421,65657,65854,66363,65803
1174,1,0,20,76818,76382,75559,75554,76200,69494,68300,68859,68469,68313,77048,76332,75817,76325,75935,65976,65212,65405,65911,65352
1175,0,0,20,77390,76947,76125,76111,76771,69944,68761,69307,68921,68761,77617,76905,76389,76901,76496,66407,65658,65845,66354,65787
1176,1,0,20,76809,76371,75577,75558,76203,69482,68299,68861,68454,68320,77052,76326,75804,76318,75925,65967,65221,65415,65913,65344
1177,0,0,20,77394,76943,76146,76115,76783,69945,68764,69327,68923,68778,77623,76914,76392,76898,76488,66419,65667,65871,66375,65792
1178,1,0,20,76801,76364,75591,75559,76197,69482,68291,68857,68459,68302,77065,76342,75814,76310,75918,65968,65211,65420,65909,65361
1179,0,0,20,77376,76931,76148,76108,76768,69939,68750,69309,68925,68756,77635,76907,76382,76890,76473,66411,65659,65864,66355,65802
1180,1,0,20,76794,76371,75585,75554,76212,69501,68309,68848,68454,68313,77074,76330,75827,76328,75937,65972,65232,65431,65934,65338
1181,0,0,20,77393,76949,76160,76134,76791,69958,68769,69320,68927,68770,77643,76913,76409,76906,76506,66416,65677,65881,66387,65794
1182,1,0,20,76799,76375,75568,75553,76190,69488,68296,68845,68460,68313,77064,76336,75820,76316,75930,65956,65223,65414,65931,65329
1183,0,0,20,77393,76951,76143,76118,76779,69950,68758,69315,68933,68784,77646,76928,76399,76914,76512,66416,65675,65881,66389,65786
1184,1,0,20,76804,76410,75593,75563,76204,69502,68301,68871,68490,68327,77091,76339,75828,76330,75927,65992,65232,65439,65941,65360
1185,0,0,20,77370,76960,76146,76104,76764,69961,68758,69317,68943,68770,77653,76911,76394,76895,76487,66422,65668,65876,66377,65804
1186,1,0,20,76802,76378,75567,75556,76200,69502,68303,68828,68460,68302,77072,76329,75797,76337,75911,65971,65224,65413,65919,65336
1187,0,0,20,77396,76964,76137,76111,76778,69954,68762,69307,68933,68775,77640,76905,76386,76921,76486,66417,65667,65866,66371,65789
1188,1,0,20,76797,76373,75575,75545,76214,69492,68287,68861,68460,68298,77068,76333,75828,76323,75923,65977,65198,65423,65928,65335
1189,0,0,20,77381,76940,76137,76109,76781,69945,68754,69319,68914,68761,77626,76901,76395,76908,76493,66436,65654,65882,66383,65799
1190,1,0,20,76777,76362,75569,75534,76203,69476,68290,68836,68444,68312,77065,76312,75792,76305,75927,65959,65221,65428,65908,65342
1191,0,0,20,77382,76945,76152,76116,76793,69943,68754,69305,68902,68783,77665,76902,76391,76898,76505,66415,65674,65883,66369,65798
1192,1,0,20,76825,76339,75581,75561,76208,69502,68302,68864,68473,68336,77085,76338,75825,76352,75938,65973,65228,65437,65942,65353
1193,0,0,20,77403,76904,76141,76124,76777,69950,68762,69313,68923,68791,77653,76916,76397,76916,76500,66427,65676,65880,66385,65813
1194,1,0,20,76809,76346,75568,75559,76191,69470,68305,68842,68452,68307,77087,76342,75809,76319,75918,65959,65189,65404,65917,65345
1195,0,0,20,77386,76912,76118,76120,76759,69929,68758,69300,68911,68769,77643,76910,76387,76893,76479,66407,65631,65851,66363,65799
1196,1,0,20,76806,76359,75595,75565,76212,69508,68312,68870,68456,68328,77067,76367,75829,76333,75947,65988,65212,65435,65923,65364
1197,0,0,20,77375,76919,76138,76115,76771,69953,68767,69322,68909,68778,77632,76915,76382,76898,76503,66426,65646,65876,66370,65804
1198,1,0,20,76785,76329,75565,75540,76182,69481,68276,68842,68432,68291,77063,76328,75799,76313,75909,65949,65224,65407,65909,65327
1199,0,0,20,77360,76880,76132,76094,76754,69925,68741,69294,68884,68744,77628,76899,76383,76900,76478,66393,65656,65852,66351,65770
