rep,heat_enabled,transmitter_bit,transmitter_mask,ctrl_0_ro_0,ctrl_0_ro_1,ctrl_0_ro_2,ctrl_0_ro_3,ctrl_0_ro_4,ctrl_1_ro_0,ctrl_1_ro_1,ctrl_1_ro_2,ctrl_1_ro_3,ctrl_1_ro_4,ctrl_2_ro_0,ctrl_2_ro_1,ctrl_2_ro_2,ctrl_2_ro_3,ctrl_2_ro_4,ctrl_3_ro_0,ctrl_3_ro_1,ctrl_3_ro_2,ctrl_3_ro_3,ctrl_3_ro_4
0,1,1,20,76776,76310,75570,75531,76171,69477,68276,68834,68458,68305,77035,76331,75822,76278,75913,65988,65222,65404,65911,65320
1,0,1,20,77347,76883,76132,76090,76752,69932,68730,69297,68909,68774,77611,76883,76397,76840,76460,66430,65664,65852,66357,65749
2,1,1,20,76790,76324,75591,75544,76206,69486,68302,68848,68466,68337,77047,76324,75832,76283,75907,65984,65225,65409,65928,65319
3,0,1,20,77349,76883,76135,76097,76767,69936,68746,69300,68913,68775,77609,76884,76385,76845,76463,66423,65665,65853,66370,65762
4,1,1,20,76788,76329,75588,75553,76206,69495,68307,68856,68474,68334,77049,76330,75828,76288,75911,65984,65229,65414,65936,65329
5,0,1,20,77360,76894,76138,76099,76766,69936,68754,69305,68922,68786,77610,76879,76399,76845,76459,66430,65664,65854,66368,65774
6,1,1,20,76806,76342,75600,75545,76221,69493,68328,68854,68492,68353,77050,76325,75839,76284,75909,65978,65237,65428,65929,65339
7,0,1,20,77358,76882,76135,76077,76770,69929,68756,69293,68922,68789,77614,76881,76394,76832,76452,66404,65658,65845,66368,65764
8,1,1,20,76800,76321,75589,75526,76210,69480,68310,68846,68480,68336,77042,76324,75817,76270,75894,65969,65201,65400,65922,65318
9,0,1,20,77375,76899,76166,76094,76789,69947,68774,69325,68935,68805,77621,76910,76424,76852,76484,66433,65673,65857,66382,65780
10,1,1,20,76800,76335,75608,75541,76219,69484,68322,68868,68479,68349,77057,76341,75838,76290,75925,65982,65231,65402,65941,65330
11,0,1,20,77366,76892,76157,76095,76780,69933,68761,69315,68925,68790,77615,76897,76394,76848,76476,66419,65651,65837,66378,65765
12,1,1,20,76799,76337,75596,75555,76223,69490,68324,68862,68473,68330,77062,76340,75833,76286,75915,65985,65226,65406,65941,65339
13,0,1,20,77357,76902,76138,76095,76758,69930,68753,69304,68919,68776,77607,76890,76394,76840,76461,66417,65665,65835,66370,65774
14,1,1,20,76789,76338,75589,75552,76195,69487,68318,68859,68478,68336,77045,76331,75832,76275,75906,65980,65226,65403,65931,65331
15,0,1,20,77372,76901,76157,76096,76764,69937,68769,69311,68933,68792,77638,76894,76418,76845,76474,66417,65668,65861,66370,65781
16,1,1,20,76804,76337,75607,75555,76219,69493,68316,68868,68488,68344,77070,76335,75840,76290,75919,65984,65224,65414,65925,65344
17,0,1,20,77372,76911,76162,76108,76785,69944,68769,69321,68937,68797,77634,76910,76420,76866,76482,66426,65669,65861,66379,65785
18,1,1,20,76800,76342,75600,75546,76225,69491,68315,68868,68477,68344,77054,76333,75841,76295,75915,65976,65224,65417,65934,65337
19,0,1,20,77370,76903,76158,76102,76785,69941,68765,69323,68934,68793,77627,76910,76409,76861,76478,66419,65669,65859,66384,65785
20,1,1,20,76804,76350,75603,75557,76224,69488,68323,68863,68502,68348,77065,76342,75840,76307,75920,65986,65227,65423,65944,65348
21,0,1,20,77368,76907,76148,76098,76780,69939,68768,69311,68938,68779,77644,76906,76401,76859,76472,66421,65663,65868,66372,65782
22,1,1,20,76815,76367,75617,75559,76240,69499,68344,68870,68505,68348,77083,76358,75849,76311,75926,65994,65236,65436,65953,65351
23,0,1,20,77364,76908,76149,76100,76786,69948,68780,69328,68956,68792,77635,76907,76409,76872,76475,66421,65665,65866,66390,65781
24,1,1,20,76787,76339,75586,75537,76209,69490,68326,68853,68496,68329,77059,76344,75835,76295,75905,65980,65219,65418,65941,65329
25,0,1,20,77365,76911,76151,76095,76781,69935,68771,69309,68947,68792,77628,76913,76407,76861,76474,66428,65673,65863,66395,65778
26,1,1,20,76793,76349,75596,75548,76217,69494,68326,68859,68499,68347,77063,76338,75846,76301,75916,65982,65228,65418,65941,65328
27,0,1,20,77358,76903,76148,76105,76792,69949,68781,69322,68951,68787,77631,76913,76423,76856,76475,66425,65666,65859,66379,65772
28,1,1,20,76786,76335,75586,75531,76229,69485,68321,68857,68483,68335,77046,76343,75832,76289,75917,65974,65218,65408,65929,65321
29,0,1,20,77368,76911,76153,76091,76789,69938,68770,69322,68934,68797,77619,76916,76412,76856,76479,66424,65661,65844,66392,65776
30,1,1,20,76779,76323,75594,75527,76216,69481,68312,68855,68477,68334,77031,76330,75824,76278,75908,65967,65198,65390,65933,65316
31,0,1,20,77349,76901,76139,76087,76791,69926,68763,69309,68938,68772,77610,76892,76411,76852,76469,66407,65654,65841,66377,65756
32,1,1,20,76788,76349,75595,75543,76225,69490,68324,68860,68483,68331,77034,76338,75848,76290,75917,65977,65228,65405,65943,65324
33,0,1,20,77355,76909,76138,76092,76771,69938,68767,69311,68949,68781,77609,76895,76415,76849,76476,66418,65666,65846,66385,65759
34,1,1,20,76780,76334,75582,75539,76209,69472,68310,68853,68491,68322,77034,76317,75835,76281,75907,65965,65207,65403,65929,65306
35,0,1,20,77361,76897,76135,76088,76781,69930,68762,69309,68944,68769,77616,76885,76401,76854,76474,66410,65654,65842,66383,65749
36,1,1,20,76802,76335,75585,75532,76229,69479,68321,68867,68492,68328,77056,76340,75841,76296,75923,65973,65217,65411,65945,65315
37,0,1,20,77357,76903,76140,76090,76795,69930,68775,69323,68946,68779,77618,76891,76410,76859,76473,66416,65644,65847,66383,65760
38,1,1,20,76801,76333,75586,75546,76229,69479,68323,68868,68499,68330,77047,76329,75844,76293,75925,65972,65205,65414,65943,65323
39,0,1,20,77356,76890,76148,76097,76788,69926,68766,69315,68946,68776,77612,76897,76408,76858,76485,66411,65654,65848,66393,65757
40,1,1,20,76799,76338,75606,75553,76238,69493,68334,68872,68509,68337,77058,76342,75853,76308,75937,65984,65235,65419,65954,65328
41,0,1,20,77366,76913,76151,76111,76801,69946,68777,69324,68959,68790,77618,76903,76420,76870,76492,66430,65673,65856,66401,65770
42,1,1,20,76806,76346,75600,75554,76235,69499,68334,68865,68509,68351,77066,76341,75843,76304,75934,65982,65230,65422,65957,65329
43,0,1,20,77370,76909,76157,76117,76801,69944,68779,69318,68957,68793,77631,76901,76420,76870,76494,66430,65666,65865,66406,65775
44,1,1,20,76790,76335,75589,75550,76227,69480,68321,68859,68494,68332,77045,76333,75841,76292,75922,65980,65220,65407,65949,65327
45,0,1,20,77370,76921,76156,76121,76805,69941,68781,69325,68949,68791,77619,76924,76418,76867,76500,66430,65664,65857,66393,65778
46,1,1,20,76802,76341,75585,75562,76228,69488,68326,68865,68500,68340,77045,76342,75841,76288,75927,65977,65216,65407,65932,65319
47,0,1,20,77369,76918,76152,76114,76793,69941,68776,69317,68950,68792,77623,76911,76408,76860,76480,66419,65657,65845,66385,65760
48,1,1,20,76797,76349,75592,75556,76227,69489,68328,68859,68495,68338,77047,76348,75843,76286,75912,65972,65215,65402,65935,65322
49,0,1,20,77354,76928,76149,76101,76789,69941,68772,69309,68942,68786,77621,76913,76398,76853,76470,66417,65655,65847,66375,65763
50,1,1,20,76785,76359,75588,75551,76228,69494,68325,68862,68491,68332,77051,76359,75835,76289,75910,65983,65215,65397,65936,65321
51,0,1,20,77349,76930,76138,76104,76788,69948,68776,69319,68939,68795,77624,76923,76410,76861,76479,66422,65659,65847,66387,65765
52,1,1,20,76783,76353,75589,75554,76221,69500,68330,68857,68489,68337,77046,76346,75827,76301,75915,65977,65224,65410,65949,65325
53,0,1,20,77353,76919,76139,76084,76783,69941,68773,69306,68937,68781,77614,76909,76403,76855,76466,66420,65655,65842,66377,65759
54,1,1,20,76775,76354,75580,75534,76224,69495,68326,68851,68493,68338,77049,76349,75828,76289,75915,65978,65219,65406,65936,65313
55,0,1,20,77367,76934,76146,76102,76799,69950,68790,69324,68952,68797,77632,76928,76403,76872,76484,66433,65671,65863,66390,65772
56,1,1,20,76803,76359,75589,75552,76238,69490,68330,68858,68491,68344,77059,76355,75834,76302,75915,65990,65226,65416,65939,65323
57,0,1,20,77366,76926,76144,76102,76794,69940,68781,69311,68939,68789,77626,76924,76395,76865,76474,66428,65673,65868,66391,65767
58,1,1,20,76795,76359,75593,75555,76227,69489,68331,68862,68491,68335,77050,76359,75840,76298,75926,65987,65230,65422,65938,65326
59,0,1,20,77367,76935,76159,76111,76799,69949,68776,69323,68953,68802,77624,76932,76422,76874,76491,66438,65688,65865,66396,65772
60,1,1,20,76794,76369,75588,75562,76227,69492,68329,68859,68499,68355,77054,76356,75848,76301,75929,65993,65237,65418,65939,65333
61,0,1,20,77363,76924,76141,76096,76784,69943,68772,69312,68939,68796,77625,76933,76417,76864,76488,66422,65672,65846,66379,65780
62,1,1,20,76780,76357,75571,75538,76214,69480,68316,68853,68473,68339,77039,76348,75829,76276,75917,65978,65215,65397,65927,65322
63,0,1,20,77355,76927,76146,76100,76779,69930,68768,69316,68926,68794,77616,76922,76411,76850,76494,66424,65667,65842,66385,65763
64,1,1,20,76793,76360,75590,75553,76207,69486,68324,68865,68490,68350,77050,76353,75844,76292,75932,65990,65230,65405,65937,65316
65,0,1,20,77370,76934,76151,76108,76791,69951,68778,69324,68947,68795,77612,76931,76417,76866,76506,66440,65679,65866,66390,65766
66,1,1,20,76785,76342,75583,75536,76217,69495,68314,68860,68478,68334,77026,76334,75831,76284,75926,65977,65223,65410,65924,65305
67,0,1,20,77373,76924,76155,76106,76787,69955,68782,69329,68943,68788,77612,76922,76418,76872,76507,66439,65682,65861,66389,65759
68,1,1,20,76781,76347,75590,75537,76216,69489,68317,68854,68479,68327,77040,76342,75835,76298,75933,65987,65229,65404,65934,65310
69,0,1,20,77354,76903,76140,76074,76770,69940,68758,69313,68935,68774,77606,76910,76400,76860,76485,66427,65664,65852,66379,65762
70,1,1,20,76786,76343,75592,75536,76211,69487,68315,68862,68496,68330,77045,76342,75844,76302,75924,65986,65234,65407,65935,65316
71,0,1,20,77364,76916,76141,76090,76780,69948,68767,69322,68938,68792,77630,76908,76418,76869,76488,66431,65676,65865,66386,65761
72,1,1,20,76776,76336,75575,75515,76201,69477,68309,68851,68480,68326,77050,76337,75827,76294,75911,65978,65213,65403,65928,65303
73,0,1,20,77352,76914,76141,76086,76773,69941,68768,69323,68938,68793,77626,76919,76414,76866,76495,66439,65667,65861,66384,65755
74,1,1,20,76788,76353,75588,75536,76222,69496,68321,68862,68491,68349,77047,76362,75838,76297,75934,65987,65224,65419,65940,65315
75,0,1,20,77375,76940,76154,76097,76791,69956,68777,69337,68955,68807,77625,76926,76426,76868,76515,66451,65677,65863,66399,65773
76,1,1,20,76808,76370,75600,75547,76230,69509,68326,68880,68508,68354,77059,76366,75855,76309,75949,66005,65228,65424,65951,65334
77,0,1,20,77361,76937,76149,76096,76800,69956,68780,69333,68960,68802,77640,76926,76424,76877,76510,66446,65675,65868,66396,65771
78,1,1,20,76798,76367,75595,75550,76234,69516,68332,68880,68510,68361,77065,76360,75860,76312,75946,66003,65246,65424,65960,65329
79,0,1,20,77351,76925,76132,76088,76780,69945,68767,69317,68942,68798,77612,76910,76410,76867,76496,66428,65673,65857,66386,65761
80,1,1,20,76803,76369,75597,75552,76231,69505,68328,68859,68512,68359,77042,76364,75855,76315,75949,66002,65239,65422,65956,65330
81,0,1,20,77356,76922,76122,76092,76776,69932,68755,69303,68942,68794,77584,76909,76399,76857,76488,66426,65654,65848,66383,65765
82,1,1,20,76801,76364,75581,75553,76221,69486,68315,68851,68500,68348,77020,76349,75843,76301,75933,65994,65223,65418,65946,65324
83,0,1,20,77364,76928,76141,76114,76779,69945,68761,69309,68949,68795,77590,76911,76408,76871,76487,66434,65659,65861,66385,65763
84,1,1,20,76796,76369,75585,75553,76220,69499,68319,68867,68503,68355,77024,76361,75842,76316,75933,65997,65221,65415,65947,65316
85,0,1,20,77359,76922,76144,76102,76774,69951,68767,69311,68962,68806,77606,76922,76409,76874,76485,66433,65670,65852,66397,65771
86,1,1,20,76792,76366,75591,75563,76208,69500,68321,68867,68510,68352,77048,76366,75848,76310,75933,65993,65234,65417,65961,65332
87,0,1,20,77371,76931,76152,76122,76784,69955,68783,69332,68962,68806,77631,76935,76419,76886,76506,66440,65686,65880,66413,65778
88,1,1,20,76784,76342,75572,75540,76204,69489,68313,68859,68489,68334,77038,76343,75828,76295,75921,65978,65230,65422,65939,65325
89,0,1,20,77365,76923,76142,76098,76773,69936,68769,69324,68951,68796,77615,76914,76403,76874,76496,66432,65666,65860,66402,65774
90,1,1,20,76784,76350,75575,75536,76205,69484,68313,68852,68485,68331,77028,76332,75829,76293,75915,65969,65204,65405,65926,65316
91,0,1,20,77368,76928,76148,76098,76785,69945,68775,69329,68945,68800,77615,76922,76417,76868,76488,66429,65667,65859,66389,65762
92,1,1,20,76788,76358,75585,75532,76212,69486,68322,68860,68501,68353,77040,76341,75842,76281,75920,65982,65219,65405,65942,65315
93,0,1,20,77352,76916,76133,76085,76774,69930,68766,69315,68943,68796,77614,76908,76410,76855,76478,66423,65659,65854,66393,65750
94,1,1,20,76799,76372,75602,75549,76236,69503,68333,68868,68505,68357,77054,76355,75852,76300,75927,65996,65224,65423,65954,65323
95,0,1,20,77361,76929,76137,76097,76767,69934,68772,69307,68933,68798,77597,76901,76408,76856,76483,66431,65653,65851,66388,65750
96,1,1,20,76804,76365,75593,75565,76225,69502,68341,68866,68499,68366,77039,76347,75853,76314,75933,66000,65222,65426,65958,65328
97,0,1,20,77371,76924,76157,76110,76803,69952,68787,69326,68954,68815,77616,76930,76428,76886,76494,66449,65671,65874,66411,65769
98,1,1,20,76792,76359,75597,75547,76221,69500,68326,68869,68500,68359,77039,76358,75837,76304,75922,65989,65223,65420,65950,65314
99,0,1,20,77378,76958,76160,76119,76793,69970,68791,69336,68963,68822,77635,76930,76436,76889,76511,66452,65674,65881,66416,65767
100,1,1,20,76803,76375,75595,75562,76221,69517,68335,68878,68498,68363,77050,76359,75854,76313,75941,65996,65230,65423,65967,65315
101,0,1,20,77368,76942,76153,76112,76798,69964,68790,69337,68950,68816,77623,76929,76421,76883,76500,66430,65668,65865,66405,65770
102,1,1,20,76799,76376,75608,75556,76234,69512,68334,68880,68500,68375,77051,76362,75857,76319,75943,65995,65223,65422,65971,65329
103,0,1,20,77360,76931,76154,76107,76793,69961,68781,69322,68954,68824,77619,76926,76429,76881,76495,66431,65667,65862,66413,65770
104,1,1,20,76800,76370,75604,75565,76228,69512,68336,68876,68519,68385,77056,76369,75853,76322,75946,65998,65230,65433,65964,65333
105,0,1,20,77371,76941,76142,76115,76786,69957,68783,69323,68968,68824,77619,76927,76420,76885,76505,66433,65669,65876,66406,65770
106,1,1,20,76792,76366,75586,75541,76212,69496,68330,68864,68507,68352,77036,76349,75840,76311,75931,65989,65218,65421,65944,65320
107,0,1,20,77353,76913,76149,76104,76775,69939,68770,69317,68955,68798,77619,76920,76414,76880,76484,66425,65663,65853,66393,65770
108,1,1,20,76798,76368,75603,75559,76221,69493,68333,68867,68512,68365,77050,76363,75843,76315,75928,65985,65233,65418,65951,65330
109,0,1,20,77363,76924,76130,76099,76765,69930,68763,69321,68955,68802,77605,76916,76397,76872,76481,66418,65669,65858,66378,65770
110,1,1,20,76802,76372,75591,75553,76228,69500,68333,68877,68523,68361,77042,76368,75847,76316,75933,65984,65233,65415,65953,65337
111,0,1,20,77357,76925,76128,76094,76770,69935,68767,69319,68950,68800,77601,76918,76397,76854,76473,66413,65650,65857,66383,65760
112,1,1,20,76791,76359,75575,75552,76210,69484,68317,68863,68501,68353,77033,76351,75833,76296,75924,65976,65230,65405,65932,65318
113,0,1,20,77369,76937,76153,76127,76790,69951,68782,69323,68957,68816,77634,76933,76419,76880,76502,66431,65686,65870,66396,65777
114,1,1,20,76785,76347,75572,75552,76204,69480,68316,68848,68497,68344,77032,76344,75835,76292,75910,65968,65219,65406,65930,65310
115,0,1,20,77359,76905,76129,76102,76772,69935,68770,69310,68947,68801,77602,76915,76414,76860,76482,66411,65664,65850,66375,65760
116,1,1,20,76802,76353,75581,75562,76221,69496,68322,68862,68500,68355,77035,76349,75837,76306,75926,65977,65230,65413,65930,65314
117,0,1,20,77384,76933,76153,76123,76787,69943,68778,69317,68948,68804,77613,76923,76423,76884,76486,66427,65676,65861,66384,65765
118,1,1,20,76811,76359,75592,75561,76220,69499,68324,68861,68506,68352,77036,76362,75853,76306,75931,65991,65225,65417,65947,65331
119,0,1,20,77355,76911,76121,76094,76777,69933,68758,69290,68931,68788,77595,76906,76410,76857,76475,66420,65658,65847,66373,65755
120,1,1,20,76788,76355,75579,75545,76221,69492,68313,68852,68499,68340,77024,76347,75859,76292,75928,65983,65223,65412,65934,65311
121,0,1,20,77379,76936,76139,76104,76793,69943,68777,69312,68961,68788,77617,76923,76440,76874,76502,66430,65684,65869,66393,65761
122,1,1,20,76777,76347,75560,75529,76208,69469,68310,68837,68482,68319,77020,76334,75834,76280,75913,65962,65222,65403,65927,65295
123,0,1,20,77359,76914,76130,76101,76776,69922,68759,69304,68930,68777,77602,76908,76395,76849,76490,66410,65668,65851,66371,65747
124,1,1,20,76796,76354,75588,75555,76222,69479,68321,68855,68486,68330,77045,76353,75844,76305,75926,65973,65230,65408,65943,65312
125,0,1,20,77367,76922,76143,76109,76786,69933,68772,69308,68944,68775,77611,76912,76413,76853,76481,66416,65667,65851,66388,65757
126,1,1,20,76777,76345,75578,75537,76205,69481,68318,68845,68481,68319,77031,76343,75838,76291,75907,65965,65212,65399,65934,65301
127,0,1,20,77347,76913,76139,76089,76766,69928,68773,69320,68934,68773,77604,76913,76403,76874,76477,66414,65658,65851,66394,65755
128,1,1,20,76801,76376,75593,75557,76224,69487,68336,68875,68497,68344,77053,76364,75847,76317,75932,65979,65232,65422,65960,65333
129,0,1,20,77379,76931,76153,76118,76793,69940,68787,69326,68945,68791,77626,76928,76418,76884,76495,66420,65667,65870,66397,65765
130,1,1,20,76804,76360,75594,75560,76227,69484,68332,68869,68483,68337,77052,76350,75847,76313,75931,65985,65222,65416,65946,65323
131,0,1,20,77381,76937,76158,76117,76811,69940,68790,69338,68952,68791,77638,76927,76436,76895,76499,66438,65677,65878,66411,65771
132,1,1,20,76790,76339,75580,75533,76223,69474,68313,68856,68479,68316,77039,76343,75847,76299,75912,65968,65212,65402,65937,65305
133,0,1,20,77377,76933,76157,76111,76796,69937,68769,69323,68945,68782,77620,76928,76426,76878,76482,66420,65664,65864,66383,65767
134,1,1,20,76803,76363,75598,75561,76222,69496,68336,68864,68498,68330,77041,76358,75858,76313,75914,65984,65222,65424,65940,65317
135,0,1,20,77373,76930,76152,76107,76799,69946,68788,69331,68951,68786,77623,76933,76433,76884,76493,66428,65664,65875,66403,65778
136,1,1,20,76801,76367,75592,75556,76230,69487,68334,68867,68492,68335,77047,76363,75861,76313,75928,65981,65230,65418,65956,65328
137,0,1,20,77369,76938,76144,76113,76796,69943,68787,69326,68942,68783,77623,76927,76432,76876,76497,66429,65667,65875,66398,65772
138,1,1,20,76808,76362,75585,75551,76226,69494,68347,68874,68492,68330,77047,76362,75855,76319,75932,65981,65223,65428,65949,65314
139,0,1,20,77358,76922,76125,76101,76791,69939,68781,69314,68933,68779,77600,76920,76415,76871,76485,66412,65665,65856,66392,65757
140,1,1,20,76793,76355,75571,75544,76222,69487,68335,68863,68486,68334,77031,76358,75858,76310,75929,65968,65227,65420,65948,65323
141,0,1,20,77374,76924,76130,76103,76794,69941,68780,69307,68915,68787,77606,76923,76439,76879,76500,66415,65664,65852,66387,65765
142,1,1,20,76792,76352,75570,75542,76231,69479,68327,68847,68470,68331,77024,76336,75855,76301,75929,65961,65210,65397,65934,65315
143,0,1,20,77359,76917,76118,76099,76780,69931,68774,69298,68920,68776,77598,76918,76416,76863,76481,66403,65649,65838,66368,65761
144,1,1,20,76812,76372,75588,75558,76243,69492,68346,68853,68496,68347,77046,76373,75867,76316,75945,65991,65220,65423,65949,65335
145,0,1,20,77374,76929,76138,76096,76807,69940,68788,69306,68952,68790,77617,76932,76442,76873,76499,66424,65656,65859,66377,65778
146,1,1,20,76795,76353,75578,75548,76224,69491,68337,68851,68499,68341,77045,76368,75857,76313,75936,65973,65222,65416,65933,65329
147,0,1,20,77360,76921,76145,76114,76789,69942,68783,69321,68941,68798,77617,76935,76427,76877,76497,66419,65672,65862,66391,65780
148,1,1,20,76785,76353,75594,75550,76234,69495,68337,68856,68493,68350,77039,76371,75860,76313,75927,65975,65219,65422,65940,65327
149,0,1,20,77364,76917,76137,76110,76800,69946,68778,69311,68946,68797,77605,76940,76429,76883,76483,66414,65662,65861,66389,65762
150,1,1,20,76776,76354,75577,75553,76229,69489,68324,68851,68485,68346,77032,76369,75845,76309,75914,65967,65221,65417,65936,65323
151,0,1,20,77360,76913,76133,76100,76786,69937,68772,69312,68929,68796,77598,76929,76414,76865,76480,66410,65671,65854,66383,65763
152,1,1,20,76795,76351,75584,75567,76229,69494,68329,68862,68503,68350,77039,76378,75844,76316,75922,65971,65235,65417,65937,65325
153,0,1,20,77363,76923,76144,76114,76804,69955,68785,69327,68951,68808,77614,76946,76416,76887,76483,66421,65687,65855,66390,65766
154,1,1,20,76790,76344,75588,75542,76219,69483,68327,68853,68496,68340,77029,76357,75835,76310,75915,65970,65226,65406,65928,65306
155,0,1,20,77361,76915,76145,76103,76783,69932,68781,69307,68939,68780,77601,76934,76409,76881,76479,66412,65661,65850,66366,65747
156,1,1,20,76802,76358,75586,75554,76226,69493,68337,68854,68490,68328,77039,76362,75847,76311,75917,65971,65224,65417,65918,65314
157,0,1,20,77362,76918,76134,76098,76792,69936,68783,69315,68938,68782,77600,76931,76417,76882,76479,66414,65662,65854,66359,65752
158,1,1,20,76801,76358,75596,75549,76236,69492,68344,68863,68502,68334,77041,76367,75855,76329,75925,65977,65231,65418,65939,65321
159,0,1,20,77359,76924,76145,76100,76792,69938,68784,69317,68945,68789,77603,76926,76422,76885,76480,66419,65670,65866,66382,65763
160,1,1,20,76789,76347,75572,75534,76228,69474,68332,68861,68486,68328,77030,76346,75849,76303,75904,65962,65214,65411,65914,65309
161,0,1,20,77368,76923,76146,76090,76797,69947,68790,69325,68950,68793,77615,76935,76433,76884,76481,66419,65662,65867,66380,65767
162,1,1,20,76806,76361,75601,75542,76231,69504,68345,68862,68500,68338,77041,76368,75859,76316,75914,65974,65232,65432,65937,65338
163,0,1,20,77381,76935,76157,76101,76801,69956,68792,69325,68958,68803,77615,76937,76431,76887,76484,66428,65675,65875,66382,65783
164,1,1,20,76796,76359,75590,75551,76207,69500,68307,68861,68491,68335,77062,76355,75836,76288,75941,65974,65227,65437,65942,65323
165,0,1,20,77381,76937,76167,76116,76795,69949,68770,69332,68955,68803,77634,76940,76428,76866,76518,66432,65683,65885,66403,65782
166,1,1,20,76791,76338,75572,75548,76209,69496,68283,68852,68477,68315,77034,76334,75828,76292,75926,65988,65227,65416,65923,65307
167,0,1,20,77383,76914,76135,76108,76787,69950,68751,69325,68938,68780,77596,76905,76397,76864,76488,66436,65654,65869,66396,65758
168,1,1,20,76794,76336,75579,75550,76205,69486,68299,68874,68485,68322,77029,76336,75830,76309,75924,65972,65216,65417,65929,65299
169,0,1,20,77368,76910,76152,76122,76788,69938,68761,69331,68953,68792,77600,76910,76405,76881,76487,66422,65654,65864,66388,65733
170,1,1,20,76775,76333,75566,75528,76178,69477,68280,68830,68468,68304,76999,76331,75809,76258,75899,65974,65193,65404,65909,65302
171,0,1,20,77371,76917,76144,76106,76780,69944,68748,69317,68940,68784,77605,76917,76401,76856,76483,66433,65658,65869,66372,65759
172,1,1,20,76774,76332,75576,75535,76198,69492,68295,68851,68487,68327,77037,76319,75810,76287,75906,65975,65208,65411,65940,65304
173,0,1,20,77363,76903,76147,76103,76771,69943,68745,69308,68940,68789,77598,76907,76401,76872,76463,66415,65657,65858,66381,65754
174,1,1,20,76769,76318,75564,75531,76198,69478,68274,68855,68460,68304,77036,76297,75808,76272,75892,65963,65209,65402,65919,65303
175,0,1,20,77373,76904,76132,76106,76766,69942,68757,69321,68941,68784,77634,76880,76399,76866,76461,66428,65670,65864,66368,65764
176,1,1,20,76750,76326,75554,75517,76174,69467,68278,68843,68455,68306,77028,76308,75809,76276,75889,65959,65210,65383,65919,65280
177,0,1,20,77351,76897,76115,76093,76762,69932,68748,69311,68923,68772,77595,76892,76390,76858,76460,66410,65652,65851,66358,65736
178,1,1,20,76775,76344,75578,75557,76200,69485,68299,68849,68467,68324,77058,76338,75825,76286,75908,65981,65224,65426,65915,65330
179,0,1,20,77370,76907,76150,76117,76792,69945,68759,69317,68941,68785,77637,76924,76413,76871,76486,66428,65672,65874,66368,65776
180,1,1,20,76778,76329,75587,75565,76210,69504,68309,68881,68477,68308,77044,76332,75817,76293,75909,65978,65229,65425,65936,65325
181,0,1,20,77379,76923,76154,76134,76798,69962,68773,69348,68956,68781,77629,76920,76416,76886,76485,66443,65680,65871,66394,65779
182,1,1,20,76799,76347,75596,75563,76235,69503,68322,68873,68499,68330,77058,76349,75842,76309,75923,66000,65222,65431,65947,65338
183,0,1,20,77366,76914,76161,76129,76798,69957,68778,69318,68946,68780,77620,76927,76413,76875,76472,66442,65672,65875,66395,65781
184,1,1,20,76771,76335,75587,75572,76217,69493,68300,68868,68483,68313,77052,76341,75827,76303,75925,65977,65234,65421,65932,65323
185,0,1,20,77365,76913,76146,76138,76799,69955,68766,69324,68947,68783,77621,76915,76407,76875,76495,66433,65685,65872,66392,65780
186,1,1,20,76783,76342,75599,75567,76217,69503,68312,68877,68489,68325,77065,76351,75829,76305,75927,65987,65229,65422,65944,65313
187,0,1,20,77356,76909,76145,76103,76785,69944,68763,69317,68929,68781,77633,76921,76400,76864,76477,66422,65680,65874,66384,65755
188,1,1,20,76787,76340,75590,75554,76224,69497,68306,68852,68474,68336,77069,76337,75837,76303,75926,65986,65236,65419,65932,65326
189,0,1,20,77366,76913,76154,76106,76793,69951,68764,69304,68931,68779,77624,76921,76417,76877,76501,66432,65679,65864,66380,65775
190,1,1,20,76766,76332,75568,75550,76210,69475,68291,68844,68482,68311,77023,76347,75838,76288,75904,65970,65217,65417,65912,65303
191,0,1,20,77349,76904,76143,76109,76795,69938,68755,69308,68955,68780,77589,76920,76424,76865,76478,66424,65672,65871,66374,65759
192,1,1,20,76769,76348,75592,75555,76223,69511,68291,68854,68482,68314,77036,76346,75824,76312,75912,65986,65213,65424,65930,65307
193,0,1,20,77351,76917,76156,76118,76791,69964,68754,69306,68940,68787,77624,76924,76416,76893,76476,66440,65662,65874,66384,65754
194,1,1,20,76799,76344,75600,75571,76219,69506,68307,68875,68485,68352,77058,76358,75852,76326,75931,65986,65244,65452,65960,65331
195,0,1,20,77372,76917,76148,76123,76795,69952,68761,69317,68940,68789,77611,76920,76421,76889,76501,66429,65681,65881,66407,65765
196,1,1,20,76782,76346,75573,75547,76209,69491,68291,68868,68476,68319,77050,76338,75819,76300,75915,65980,65214,65419,65925,65302
197,0,1,20,77382,76928,76148,76115,76796,69955,68762,69331,68938,68789,77631,76925,76402,76886,76492,66437,65673,65883,66392,65757
198,1,1,20,76778,76321,75587,75527,76202,69496,68290,68854,68478,68317,77055,76345,75827,76295,75915,65988,65228,65413,65922,65298
199,0,1,20,77372,76904,76163,76102,76785,69962,68756,69319,68948,68792,77636,76929,76421,76880,76481,66444,65676,65877,66388,65765
200,1,1,20,76784,76330,75571,75548,76202,69472,68296,68843,68476,68320,77058,76344,75808,76283,75915,65979,65229,65421,65925,65312
201,0,1,20,77376,76916,76148,76123,76792,69944,68754,69306,68953,68784,77651,76931,76410,76880,76497,66439,65679,65872,66381,65767
202,1,1,20,76769,76318,75575,75562,76190,69472,68293,68854,68477,68320,77045,76336,75816,76288,75917,65984,65205,65410,65931,65317
203,0,1,20,77348,76880,76132,76111,76774,69932,68755,69308,68937,68782,77611,76912,76399,76866,76482,66427,65655,65873,66375,65760
204,1,1,20,76791,76329,75583,75569,76217,69504,68289,68854,68486,68320,77056,76360,75833,76306,75918,65984,65233,65432,65933,65321
205,0,1,20,77377,76911,76156,76123,76795,69947,68750,69305,68945,68779,77631,76931,76415,76880,76487,66425,65684,65881,66380,65761
206,1,1,20,76774,76331,75563,75544,76172,69470,68279,68839,68459,68308,77038,76333,75802,76298,75899,65978,65217,65401,65918,65287
207,0,1,20,77390,76925,76163,76127,76778,69937,68768,69313,68940,68793,77636,76931,76406,76890,76484,66443,65678,65866,66394,65757
208,1,1,20,76778,76330,75574,75543,76196,69471,68295,68829,68470,68320,77037,76335,75793,76291,75912,65988,65212,65398,65929,65291
209,0,1,20,77380,76918,76167,76118,76782,69948,68765,69315,68940,68779,77619,76936,76394,76883,76488,66442,65674,65860,66393,65754
210,1,1,20,76779,76330,75581,75553,76197,69480,68285,68855,68470,68310,77041,76333,75794,76288,75894,65984,65210,65407,65921,65307
211,0,1,20,77348,76909,76148,76104,76768,69934,68746,69304,68925,68771,77617,76917,76375,76865,76464,66432,65663,65848,66383,65751
212,1,1,20,76780,76344,75581,75551,76185,69489,68298,68862,68470,68332,77042,76343,75810,76304,75906,65991,65229,65418,65936,65324
213,0,1,20,77356,76919,76156,76118,76779,69959,68762,69326,68946,68802,77623,76936,76395,76880,76476,66440,65687,65874,66394,65786
214,1,1,20,76782,76356,75587,75568,76216,69496,68301,68877,68480,68341,77059,76364,75839,76298,75912,66000,65240,65423,65937,65330
215,0,1,20,77364,76919,76151,76130,76777,69954,68761,69328,68938,68801,77629,76936,76415,76887,76485,66445,65692,65872,66386,65781
216,1,1,20,76764,76327,75574,75556,76203,69482,68288,68858,68487,68327,77052,76332,75815,76292,75903,65992,65215,65406,65918,65313
217,0,1,20,77336,76882,76135,76109,76767,69940,68728,69298,68932,68777,77619,76904,76384,76866,76467,66427,65651,65854,66383,65749
218,1,1,20,76776,76334,75581,75569,76213,69478,68297,68866,68478,68329,77051,76344,75822,76306,75913,65977,65230,65416,65947,65337
219,0,1,20,77361,76891,76136,76121,76798,69930,68748,69320,68937,68775,77613,76927,76394,76877,76473,66419,65669,65856,66392,65780
220,1,1,20,76789,76331,75583,75547,76202,69490,68307,68862,68481,68314,77034,76352,75814,76306,75916,65968,65216,65419,65926,65313
221,0,1,20,77347,76887,76138,76099,76763,69925,68750,69299,68922,68763,77598,76901,76382,76858,76462,66410,65655,65853,66360,65755
222,1,1,20,76792,76347,75575,75547,76211,69479,68303,68859,68487,68313,77053,76335,75810,76303,75914,65999,65219,65424,65932,65343
223,0,1,20,77359,76914,76136,76118,76796,69943,68769,69322,68950,68781,77625,76911,76397,76881,76487,66438,65671,65865,66378,65794
224,1,1,20,76774,76339,75573,75552,76210,69474,68295,68876,68483,68322,77036,76339,75820,76281,75905,65998,65227,65413,65930,65325
225,0,1,20,77360,76914,76143,76107,76796,69931,68755,69340,68944,68785,77615,76933,76408,76872,76471,66450,65670,65864,66380,65774
226,1,1,20,76772,76336,75566,75543,76216,69478,68278,68860,68462,68320,77032,76333,75817,76291,75900,65992,65202,65402,65927,65327
227,0,1,20,77374,76917,76154,76128,76791,69952,68752,69327,68939,68795,77622,76922,76416,76884,76480,66444,65675,65865,66403,65794
228,1,1,20,76789,76338,75601,75559,76230,69488,68296,68880,68497,68342,77077,76348,75819,76308,75937,65983,65220,65421,65947,65333
229,0,1,20,77359,76906,76153,76122,76793,69948,68753,69329,68951,68800,77659,76913,76384,76883,76483,66428,65660,65866,66388,65774
230,1,1,20,76779,76324,75569,75567,76198,69493,68276,68857,68479,68318,77068,76335,75827,76300,75909,65982,65221,65417,65944,65317
231,0,1,20,77358,76897,76131,76123,76776,69944,68727,69321,68933,68779,77640,76907,76404,76877,76473,66425,65667,65857,66388,65763
232,1,1,20,76776,76342,75561,75557,76213,69498,68275,68858,68490,68324,77059,76340,75819,76315,75909,65984,65221,65419,65947,65337
233,0,1,20,77355,76912,76125,76119,76784,69953,68727,69312,68953,68781,77627,76919,76400,76884,76464,66431,65674,65870,66397,65776
234,1,1,20,76788,76346,75601,75567,76222,69500,68306,68886,68511,68349,77065,76366,75835,76309,75929,65998,65243,65435,65958,65344
235,0,1,20,77369,76928,76160,76126,76788,69942,68760,69339,68963,68804,77635,76939,76418,76884,76487,66448,65673,65878,66397,65789
236,1,1,20,76772,76317,75557,75539,76200,69472,68268,68840,68471,68323,77027,76334,75815,76273,75907,65964,65207,65422,65924,65318
237,0,1,20,77364,76902,76128,76112,76791,69938,68730,69310,68964,68782,77606,76933,76402,76872,76483,66418,65667,65880,66383,65770
238,1,1,20,76784,76308,75568,75557,76191,69467,68273,68840,68470,68326,77043,76347,75827,76292,75899,65982,65218,65409,65931,65329
239,0,1,20,77355,76893,76137,76109,76772,69921,68729,69300,68921,68779,77616,76903,76393,76861,76460,66423,65660,65848,66388,65774
240,1,1,20,76781,76328,75578,75547,76215,69479,68297,68842,68474,68327,77055,76344,75842,76302,75911,65982,65218,65431,65931,65325
241,0,1,20,77368,76918,76156,76129,76798,69950,68752,69312,68942,68799,77628,76925,76429,76888,76468,66434,65675,65876,66391,65786
242,1,1,20,76785,76346,75568,75556,76192,69475,68297,68855,68474,68326,77062,76329,75825,76285,75904,65981,65205,65402,65915,65328
243,0,1,20,77371,76929,76136,76128,76785,69948,68766,69317,68947,68781,77648,76917,76415,76873,76475,66436,65659,65871,66385,65778
244,1,1,20,76747,76341,75546,75535,76185,69462,68275,68817,68470,68290,77029,76323,75820,76279,75895,65951,65191,65402,65900,65301
245,0,1,20,77326,76915,76119,76108,76758,69932,68756,69289,68950,68770,77612,76904,76392,76866,76471,66406,65640,65863,66370,65760
246,1,1,20,76779,76346,75581,75547,76207,69498,68284,68849,68490,68334,77057,76330,75825,76290,75924,65974,65210,65428,65922,65331
247,0,1,20,77378,76925,76159,76121,76798,69952,68761,69316,68958,68806,77643,76917,76413,76871,76487,66439,65672,65893,66377,65784
248,1,1,20,76773,76346,75580,75554,76216,69494,68298,68857,68473,68309,77054,76326,75822,76293,75902,65965,65195,65419,65934,65318
249,0,1,20,77350,76904,76145,76108,76780,69952,68756,69301,68932,68763,77614,76888,76401,76870,76470,66404,65645,65856,66387,65750
250,1,1,20,76765,76312,75568,75541,76193,69482,68305,68859,68472,68302,77048,76314,75819,76275,75920,65953,65200,65425,65939,65313
251,0,1,20,77345,76900,76143,76107,76788,69949,68768,69318,68935,68772,77642,76900,76410,76867,76492,66405,65637,65880,66387,65771
252,1,1,20,76773,76337,75579,75542,76204,69488,68277,68867,68454,68325,77047,76330,75816,76289,75902,65951,65196,65425,65916,65294
253,0,1,20,77361,76906,76153,76114,76785,69952,68747,69322,68932,68787,77628,76917,76412,76873,76460,66409,65644,65869,66370,65743
254,1,1,20,76763,76320,75564,75534,76190,69485,68280,68835,68465,68301,77058,76313,75818,76288,75908,65946,65188,65408,65912,65294
255,0,1,20,77346,76888,76117,76085,76769,69933,68734,69309,68932,68762,77625,76880,76390,76859,76480,66394,65628,65858,66356,65746
256,1,1,20,76793,76349,75592,75548,76211,69499,68288,68877,68463,68329,77056,76330,75821,76299,75923,65986,65192,65429,65927,65318
257,0,1,20,77372,76918,76161,76121,76793,69965,68760,69343,68932,68793,77647,76919,76413,76882,76496,66435,65637,65881,66390,65781
258,1,1,20,76770,76340,75562,75551,76205,69487,68281,68841,68455,68301,77047,76334,75827,76278,75920,65973,65199,65406,65919,65284
259,0,1,20,77372,76925,76144,76119,76792,69960,68759,69316,68927,68779,77623,76917,76418,76872,76483,66431,65644,65862,66389,65753
260,1,1,20,76785,76358,75585,75562,76208,69493,68298,68852,68465,68314,77057,76334,75836,76287,75914,65974,65221,65427,65940,65313
261,0,1,20,77350,76917,76143,76107,76788,69943,68749,69320,68916,68768,77622,76902,76416,76861,76470,66406,65654,65867,66381,65750
262,1,1,20,76772,76324,75560,75534,76188,69476,68273,68850,68452,68303,77020,76307,75819,76269,75910,65959,65177,65411,65911,65308
263,0,1,20,77376,76909,76147,76123,76778,69952,68761,69313,68942,68793,77625,76909,76423,76864,76495,66431,65662,65894,66385,65774
264,1,1,20,76779,76333,75577,75541,76202,69475,68273,68845,68474,68333,77015,76321,75816,76273,75895,65965,65181,65415,65913,65301
265,0,1,20,77346,76891,76142,76096,76763,69924,68729,69299,68931,68779,77592,76894,76388,76835,76446,66398,65622,65856,66360,65738
266,1,1,20,76759,76337,75585,75546,76186,69482,68289,68856,68466,68304,77052,76323,75814,76285,75904,65976,65183,65419,65920,65300
267,0,1,20,77341,76896,76141,76101,76763,69939,68743,69313,68933,68770,77622,76900,76407,76871,76471,66419,65641,65871,66378,65758
268,1,1,20,76790,76339,75589,75551,76203,69472,68290,68854,68476,68323,77048,76340,75832,76289,75922,65976,65215,65428,65916,65317
269,0,1,20,77351,76892,76135,76093,76762,69915,68729,69295,68909,68768,77602,76891,76403,76853,76458,66406,65653,65857,66356,65751
270,1,1,20,76763,76335,75574,75549,76180,69481,68281,68834,68468,68319,77029,76321,75821,76291,75897,65960,65207,65433,65910,65305
271,0,1,20,77354,76929,76148,76117,76764,69942,68759,69311,68926,68780,77625,76909,76412,76868,76470,66421,65657,65882,66362,65759
272,1,1,20,76752,76332,75561,75536,76181,69455,68264,68845,68456,68294,77023,76322,75807,76270,75900,65959,65184,65412,65915,65292
273,0,1,20,77336,76905,76123,76101,76756,69907,68730,69303,68922,68756,77594,76896,76393,76846,76461,66407,65642,65860,66363,65743
274,1,1,20,76790,76347,75557,75552,76180,69458,68286,68848,68463,68295,77042,76328,75828,76287,75918,65962,65196,65416,65919,65311
275,0,1,20,77376,76923,76121,76108,76752,69910,68745,69306,68923,68764,77614,76906,76418,76855,76483,66407,65650,65850,66370,65758
276,1,1,20,76795,76349,75555,75563,76198,69475,68288,68876,68469,68315,77057,76359,75833,76305,75919,65981,65219,65418,65933,65329
277,0,1,20,77361,76911,76129,76119,76761,69933,68743,69316,68923,68761,77611,76916,76402,76874,76471,66428,65652,65858,66373,65766
278,1,1,20,76792,76345,75582,75550,76191,69470,68281,68862,68470,68303,77055,76339,75824,76290,75904,65993,65210,65416,65930,65311
279,0,1,20,77371,76906,76142,76114,76766,69914,68746,69314,68937,68770,77625,76917,76406,76872,76476,66440,65656,65863,66372,65763
280,1,1,20,76784,76340,75575,75563,76185,69467,68289,68847,68465,68315,77043,76345,75829,76299,75926,65981,65204,65416,65922,65315
281,0,1,20,77360,76912,76155,76136,76759,69928,68753,69305,68924,68777,77615,76916,76404,76880,76489,66431,65653,65866,66370,65758
282,1,1,20,76767,76343,75572,75540,76183,69462,68279,68842,68438,68302,77047,76328,75803,76275,75900,65967,65195,65412,65898,65309
283,0,1,20,77378,76928,76153,76110,76765,69920,68754,69301,68913,68768,77622,76907,76386,76868,76477,66416,65652,65867,66369,65765
284,1,1,20,76788,76351,75586,75569,76206,69487,68295,68869,68476,68315,77052,76343,75825,76290,75921,65997,65222,65438,65930,65320
285,0,1,20,77351,76902,76146,76126,76766,69935,68744,69302,68916,68761,77617,76904,76386,76855,76468,66428,65648,65867,66363,65752
286,1,1,20,76791,76345,75594,75561,76192,69470,68294,68839,68462,68301,77047,76323,75821,76292,75890,65972,65191,65431,65922,65308
287,0,1,20,77349,76906,76134,76086,76746,69917,68732,69289,68909,68751,77598,76884,76387,76848,76438,66401,65632,65866,66354,65731
288,1,1,20,76800,76340,75584,75555,76194,69480,68295,68846,68471,68312,77037,76349,75835,76292,75922,65981,65226,65426,65919,65311
289,0,1,20,77368,76916,76155,76114,76772,69926,68742,69305,68929,68787,77609,76917,76406,76859,76485,66415,65667,65877,66374,65751
290,1,1,20,76797,76356,75585,75570,76213,69493,68306,68861,68493,68321,77064,76358,75835,76303,75917,65995,65214,65443,65932,65329
291,0,1,20,77385,76939,76154,76113,76791,69937,68773,69310,68942,68780,77634,76925,76411,76883,76481,66436,65653,65887,66385,65781
292,1,1,20,76780,76338,75560,75551,76213,69467,68278,68839,68452,68301,77035,76330,75812,76294,75906,65963,65214,65426,65909,65310
293,0,1,20,77373,76911,76135,76123,76779,69931,68742,69295,68921,68772,77611,76916,76394,76879,76467,66410,65670,65882,66359,65768
294,1,1,20,76786,76356,75604,75573,76217,69493,68315,68871,68478,68337,77063,76364,75835,76324,75922,65981,65214,65446,65936,65332
295,0,1,20,77368,76913,76168,76123,76784,69936,68757,69326,68921,68788,77632,76921,76408,76884,76479,66416,65657,65882,66369,65766
296,1,1,20,76775,76329,75578,75552,76187,69479,68290,68836,68475,68305,77036,76336,75825,76297,75896,65960,65194,65420,65939,65318
297,0,1,20,77381,76922,76162,76139,76786,69961,68769,69320,68950,68788,77638,76933,76423,76887,76498,66424,65662,65891,66407,65792
298,1,1,20,76798,76351,75597,75583,76206,69504,68308,68876,68484,68337,77062,76354,75846,76306,75916,65992,65234,65436,65938,65334
299,0,1,20,77395,76941,76160,76164,76804,69968,68777,69346,68953,68810,77650,76937,76443,76896,76501,66449,65687,65894,66396,65791
300,1,1,20,76801,76344,75610,75571,76220,69482,68303,68861,68480,68323,77066,76351,75842,76311,75919,65982,65232,65449,65934,65328
301,0,1,20,77401,76923,76175,76140,76795,69955,68770,69332,68935,68789,77644,76914,76420,76883,76489,66439,65675,65893,66376,65774
302,1,1,20,76801,76361,75602,75580,76217,69489,68314,68854,68463,68332,77060,76348,75823,76299,75928,65988,65215,65442,65929,65318
303,0,1,20,77368,76929,76173,76132,76795,69954,68758,69317,68920,68794,77635,76908,76407,76878,76506,66438,65665,65875,66382,65775
304,1,1,20,76788,76347,75586,75568,76206,69483,68304,68854,68467,68323,77060,76351,75824,76290,75914,65984,65227,65438,65930,65321
305,0,1,20,77368,76913,76147,76131,76776,69930,68758,69300,68917,68778,77639,76906,76398,76871,76470,66417,65668,65879,66377,65762
306,1,1,20,76791,76357,75581,75565,76206,69497,68292,68868,68463,68319,77076,76361,75826,76300,75924,65990,65234,65434,65928,65322
307,0,1,20,77370,76934,76159,76130,76794,69956,68755,69344,68920,68790,77643,76942,76409,76881,76502,66437,65679,65884,66379,65772
308,1,1,20,76781,76361,75598,75553,76221,69490,68302,68868,68471,68318,77064,76367,75833,76301,75918,65990,65227,65452,65931,65329
309,0,1,20,77345,76916,76145,76106,76788,69928,68755,69313,68914,68765,77619,76926,76394,76872,76467,66422,65665,65889,66378,65775
310,1,1,20,76793,76373,75601,75573,76230,69504,68312,68882,68484,68333,77079,76366,75838,76310,75930,65997,65247,65457,65947,65346
311,0,1,20,77361,76929,76176,76122,76787,69954,68753,69333,68933,68780,77640,76936,76401,76878,76486,66437,65675,65886,66391,65784
312,1,1,20,76787,76352,75585,75541,76197,69494,68281,68847,68447,68303,77062,76333,75827,76296,75898,65979,65228,65426,65930,65311
313,0,1,20,77384,76944,76158,76115,76790,69956,68748,69320,68919,68785,77643,76921,76408,76884,76471,66433,65673,65891,66388,65760
314,1,1,20,76785,76367,75586,75559,76207,69484,68288,68878,68454,68314,77049,76351,75822,76272,75923,65992,65229,65446,65937,65311
315,0,1,20,77381,76953,76159,76128,76786,69946,68761,69338,68939,68791,77652,76942,76410,76869,76500,66443,65687,65903,66409,65772
316,1,1,20,76789,76372,75588,75556,76218,69487,68306,68862,68466,68324,77062,76353,75852,76304,75918,65993,65247,65454,65960,65329
317,0,1,20,77372,76930,76159,76108,76777,69941,68768,69316,68931,68791,77629,76921,76415,76866,76480,66437,65684,65896,66399,65777
318,1,1,20,76771,76330,75584,75538,76195,69464,68297,68832,68446,68298,77013,76338,75807,76275,75913,65970,65224,65425,65933,65284
319,0,1,20,77366,76908,76154,76112,76778,69929,68751,69299,68894,68758,77596,76908,76388,76858,76485,66426,65669,65883,66387,65742
320,1,1,20,76786,76361,75609,75559,76231,69492,68306,68875,68475,68332,77057,76362,75841,76298,75910,65996,65232,65450,65947,65328
321,0,1,20,77380,76944,76188,76122,76809,69959,68769,69339,68935,68799,77628,76938,76430,76882,76491,66449,65687,65888,66406,65786
322,1,1,20,76791,76334,75588,75538,76205,69493,68286,68849,68449,68307,77035,76331,75816,76285,75904,65984,65206,65431,65944,65304
323,0,1,20,77380,76913,76155,76104,76781,69948,68758,69315,68912,68764,77612,76911,76396,76878,76476,66425,65652,65889,66404,65761
324,1,1,20,76784,76346,75580,75542,76197,69492,68276,68861,68477,68316,77039,76341,75812,76281,75907,65966,65208,65415,65936,65297
325,0,1,20,77374,76929,76150,76105,76778,69951,68754,69327,68933,68782,77619,76928,76393,76860,76480,66417,65642,65870,66398,65761
326,1,1,20,76792,76352,75576,75537,76210,69474,68282,68862,68468,68309,77045,76351,75812,76268,75918,65978,65207,65420,65933,65309
327,0,1,20,77381,76924,76133,76100,76790,69941,68740,69315,68932,68792,77615,76940,76394,76857,76477,66429,65658,65878,66390,65756
328,1,1,20,76777,76332,75583,75547,76201,69486,68272,68855,68457,68312,77034,76330,75820,76268,75900,65979,65231,65443,65928,65309
329,0,1,20,77361,76918,76155,76119,76789,69953,68739,69321,68933,68786,77624,76908,76407,76848,76471,66426,65677,65896,66381,65757
330,1,1,20,76785,76331,75595,75539,76187,69490,68266,68836,68449,68307,77023,76332,75818,76266,75893,65964,65205,65424,65913,65296
331,0,1,20,77371,76906,76158,76104,76768,69947,68733,69312,68917,68773,77610,76914,76416,76846,76470,66418,65666,65883,66379,65756
332,1,1,20,76790,76331,75586,75547,76198,69477,68287,68857,68470,68299,77011,76347,75826,76261,75897,65970,65217,65430,65926,65316
333,0,1,20,77388,76909,76161,76120,76783,69942,68749,69327,68932,68766,77610,76932,76405,76854,76473,66433,65682,65892,66390,65779
334,1,1,20,76788,76327,75588,75553,76199,69487,68299,68868,68477,68315,77052,76350,75836,76295,75915,65980,65213,65436,65926,65307
335,0,1,20,77373,76909,76148,76108,76774,69937,68753,69337,68946,68782,77630,76926,76424,76883,76476,66435,65666,65883,66370,65757
336,1,1,20,76777,76340,75569,75543,76185,69471,68286,68845,68456,68288,77051,76356,75822,76289,75890,65968,65207,65427,65903,65309
337,0,1,20,77363,76907,76139,76099,76760,69933,68745,69311,68926,68747,77614,76918,76413,76870,76467,66421,65651,65872,66353,65753
338,1,1,20,76765,76345,75588,75558,76197,69503,68303,68857,68473,68300,77042,76340,75824,76283,75899,65968,65195,65434,65908,65292
339,0,1,20,77367,76895,76146,76119,76769,69953,68757,69316,68936,68757,77606,76916,76403,76860,76464,66409,65644,65887,66360,65746
340,1,1,20,76807,76345,75584,75545,76196,69481,68309,68871,68483,68310,77042,76333,75844,76280,75897,65988,65225,65430,65934,65312
341,0,1,20,77380,76923,76147,76109,76772,69926,68770,69326,68938,68776,77617,76909,76415,76863,76468,66437,65687,65890,66370,65758
342,1,1,20,76801,76355,75590,75562,76196,69497,68305,68857,68474,68315,77037,76348,75820,76287,75916,65987,65224,65440,65932,65317
343,0,1,20,77398,76930,76160,76129,76783,69969,68767,69327,68960,68781,77626,76928,76413,76887,76492,66436,65679,65900,66391,65771
344,1,1,20,76790,76346,75598,75555,76207,69491,68306,68891,68480,68320,77050,76346,75834,76292,75924,65986,65241,65450,65950,65315
345,0,1,20,77357,76910,76145,76104,76773,69941,68753,69337,68931,68773,77610,76912,76401,76862,76479,66433,65679,65892,66392,65766
346,1,1,20,76788,76348,75594,75553,76198,69483,68302,68857,68480,68325,77056,76354,75820,76290,75926,65996,65245,65442,65936,65325
347,0,1,20,77380,76923,76174,76132,76787,69954,68768,69328,68957,68793,77635,76931,76403,76866,76506,66443,65702,65886,66385,65776
348,1,1,20,76796,76378,75608,75553,76210,69497,68302,68868,68502,68320,77035,76358,75828,76294,75918,65989,65234,65441,65933,65321
349,0,1,20,77394,76951,76181,76124,76802,69951,68764,69343,68955,68785,77631,76943,76419,76869,76490,66450,65693,65899,66395,65792
350,1,1,20,76811,76359,75580,75551,76228,69509,68290,68853,68480,68315,77033,76345,75837,76294,75928,65988,65221,65447,65950,65328
351,0,1,20,77375,76921,76140,76097,76785,69946,68739,69307,68938,68757,77608,76912,76403,76873,76471,66423,65657,65892,66387,65766
352,1,1,20,76813,76368,75587,75553,76195,69490,68285,68865,68472,68319,77046,76368,75854,76292,75929,65989,65245,65443,65941,65330
353,0,1,20,77394,76938,76156,76107,76777,69955,68744,69326,68938,68776,77599,76934,76421,76870,76494,66437,65676,65891,66391,65776
354,1,1,20,76803,76358,75587,75564,76209,69490,68301,68863,68467,68320,77042,76352,75828,76299,75909,65972,65229,65443,65930,65325
355,0,1,20,77374,76926,76145,76115,76788,69950,68756,69319,68920,68771,77605,76911,76399,76865,76459,66419,65678,65890,66377,65780
356,1,1,20,76794,76370,75591,75567,76212,69504,68300,68862,68488,68331,77048,76362,75844,76296,75925,65987,65228,65435,65946,65320
357,0,1,20,77361,76922,76137,76114,76774,69939,68739,69305,68932,68776,77607,76924,76406,76859,76474,66415,65666,65869,66380,65774
358,1,1,20,76799,76377,75606,75590,76211,69508,68304,68880,68490,68348,77065,76360,75828,76310,75924,65999,65250,65469,65956,65331
359,0,1,20,77384,76929,76153,76144,76769,69944,68759,69329,68938,68795,77624,76928,76397,76880,76481,66433,65677,65896,66394,65766
360,1,1,20,76778,76363,75589,75543,76210,69485,68315,68877,68477,68344,77069,76360,75829,76290,75925,65974,65231,65436,65940,65327
361,0,1,20,77367,76942,76169,76126,76787,69943,68779,69342,68936,68798,77644,76940,76414,76864,76511,66431,65681,65893,66397,65780
362,1,1,20,76784,76366,75588,75565,76221,69495,68307,68861,68493,68325,77059,76368,75842,76311,75925,65995,65238,65439,65963,65334
363,0,1,20,77358,76923,76144,76116,76797,69937,68753,69304,68945,68772,77629,76925,76403,76873,76479,66430,65657,65875,66399,65778
364,1,1,20,76771,76350,75597,75561,76201,69489,68299,68868,68472,68327,77066,76361,75831,76297,75927,65992,65229,65432,65933,65301
365,0,1,20,77365,76926,76168,76118,76778,69934,68764,69325,68944,68790,77639,76941,76414,76877,76493,66441,65685,65876,66385,65758
366,1,1,20,76771,76338,75590,75549,76203,69488,68283,68863,68476,68331,77061,76358,75841,76299,75912,65978,65237,65445,65940,65319
367,0,1,20,77345,76920,76162,76106,76779,69927,68744,69313,68927,68780,77642,76922,76415,76871,76478,66420,65681,65889,66391,65759
368,1,1,20,76786,76359,75598,75566,76216,69499,68300,68872,68483,68332,77055,76362,75835,76295,75934,65979,65233,65447,65948,65314
369,0,1,20,77369,76927,76172,76125,76793,69955,68762,69333,68948,68803,77638,76931,76410,76875,76495,66427,65689,65893,66395,65764
370,1,1,20,76773,76368,75595,75562,76216,69489,68314,68860,68496,68336,77081,76353,75841,76294,75934,66002,65239,65459,65957,65310
371,0,1,20,77360,76939,76168,76124,76794,69945,68773,69317,68950,68797,77661,76925,76407,76877,76483,66441,65682,65903,66397,65754
372,1,1,20,76766,76357,75605,75559,76203,69494,68299,68870,68479,68330,77060,76353,75842,76284,75923,65992,65229,65454,65938,65322
373,0,1,20,77360,76929,76165,76124,76776,69956,68762,69324,68952,68800,77642,76950,76424,76875,76482,66447,65690,65910,66396,65767
374,1,1,20,76785,76351,75591,75557,76193,69480,68292,68860,68489,68327,77049,76355,75829,76289,75928,65995,65232,65459,65931,65324
375,0,1,20,77372,76925,76174,76116,76775,69945,68756,69326,68962,68814,77640,76931,76432,76872,76497,66448,65697,65900,66392,65767
376,1,1,20,76784,76349,75578,75547,76216,69492,68293,68872,68492,68331,77058,76342,75844,76266,75910,65988,65213,65437,65940,65322
377,0,1,20,77369,76928,76149,76120,76802,69953,68764,69334,68953,68806,77629,76924,76424,76841,76487,66434,65684,65892,66390,65780
378,1,1,20,76775,76355,75585,75554,76220,69502,68306,68870,68472,68328,77070,76367,75837,76292,75939,66000,65233,65446,65935,65308
379,0,1,20,77348,76932,76140,76114,76794,69956,68763,69321,68940,68795,77645,76924,76420,76872,76503,66448,65675,65894,66377,65760
380,1,1,20,76787,76371,75582,75560,76233,69504,68313,68851,68491,68329,77070,76361,75829,76291,75925,66016,65248,65452,65943,65321
381,0,1,20,77364,76942,76159,76115,76812,69963,68775,69328,68956,68803,77644,76933,76419,76874,76501,66453,65698,65903,66401,65766
382,1,1,20,76783,76370,75597,75580,76227,69516,68307,68868,68505,68341,77067,76361,75847,76286,75935,65999,65234,65463,65936,65324
383,0,1,20,77376,76937,76172,76137,76831,69976,68773,69344,68971,68809,77652,76938,76423,76879,76508,66467,65689,65912,66404,65788
384,1,1,20,76793,76353,75596,75578,76233,69510,68300,68874,68485,68330,77072,76343,75856,76290,75922,66020,65230,65454,65946,65322
385,0,1,20,77371,76935,76161,76148,76807,69969,68755,69330,68942,68781,77657,76924,76437,76871,76489,66460,65691,65900,66388,65773
386,1,1,20,76802,76349,75608,75564,76221,69486,68301,68870,68482,68325,77070,76348,75834,76291,75915,65996,65227,65454,65931,65328
387,0,1,20,77383,76927,76174,76123,76801,69949,68767,69338,68944,68784,77642,76921,76420,76867,76477,66449,65672,65897,66378,65774
388,1,1,20,76785,76333,75576,75543,76213,69496,68265,68867,68467,68323,77048,76319,75843,76282,75900,65993,65218,65432,65916,65311
389,0,1,20,77386,76937,76160,76143,76802,69971,68758,69349,68945,68804,77622,76929,76437,76878,76493,66472,65678,65893,66377,65782
390,1,1,20,76778,76354,75588,75556,76214,69480,68283,68858,68466,68314,77041,76340,75843,76291,75921,66006,65228,65429,65920,65320
391,0,1,20,77333,76916,76142,76114,76781,69923,68732,69313,68911,68764,77595,76905,76406,76853,76474,66445,65652,65863,66349,65756
392,1,1,20,76779,76338,75575,75544,76204,69485,68284,68857,68465,68300,77047,76345,75823,76298,75919,65985,65196,65431,65912,65311
393,0,1,20,77368,76901,76140,76098,76781,69942,68737,69315,68918,68767,77625,76928,76401,76871,76478,66420,65640,65871,66361,65755
394,1,1,20,76784,76342,75579,75558,76202,69470,68296,68848,68477,68308,77055,76346,75836,76290,75930,65980,65197,65431,65924,65313
395,0,1,20,77373,76919,76144,76112,76786,69932,68758,69311,68941,68765,77628,76926,76414,76864,76503,66424,65646,65871,66376,65755
396,1,1,20,76789,76345,75593,75568,76236,69494,68306,68858,68453,68301,77053,76366,75831,76295,75924,65994,65229,65442,65937,65325
397,0,1,20,77375,76909,76147,76124,76794,69955,68764,69310,68908,68764,77620,76935,76410,76875,76497,66434,65658,65879,66368,65756
398,1,1,20,76797,76358,75587,75575,76233,69489,68310,68854,68480,68322,77059,76370,75836,76314,75926,65997,65228,65438,65921,65320
399,0,1,20,77376,76923,76155,76130,76806,69940,68762,69309,68950,68775,77628,76934,76414,76881,76483,66440,65668,65872,66371,65768
400,1,1,20,76787,76345,75599,75558,76206,69491,68285,68856,68487,68303,77055,76337,75830,76299,75910,65978,65191,65432,65914,65305
401,0,1,20,77363,76927,76169,76120,76786,69964,68746,69330,68950,68773,77638,76926,76425,76885,76482,66435,65653,65882,66370,65759
402,1,1,20,76769,76344,75576,75552,76219,69483,68295,68851,68488,68296,77040,76354,75825,76280,75903,65970,65190,65425,65919,65313
403,0,1,20,77354,76913,76141,76132,76802,69941,68755,69315,68950,68751,77622,76929,76405,76873,76471,66427,65647,65881,66373,65773
404,1,1,20,76775,76372,75578,75565,76215,69477,68290,68865,68481,68321,77042,76345,75827,76293,75906,65986,65203,65417,65928,65320
405,0,1,20,77347,76932,76143,76117,76777,69933,68742,69301,68941,68774,77607,76912,76396,76858,76455,66424,65647,65867,66370,65755
406,1,1,20,76787,76368,75606,75577,76229,69490,68300,68880,68477,68315,77066,76361,75840,76293,75915,65998,65215,65438,65924,65334
407,0,1,20,77365,76923,76157,76115,76790,69941,68746,69329,68931,68754,77619,76911,76395,76863,76473,66430,65648,65876,66373,65772
408,1,1,20,76784,76361,75600,75568,76228,69488,68299,68870,68506,68310,77049,76362,75840,76303,75918,65979,65211,65433,65942,65315
409,0,1,20,77351,76936,76156,76117,76792,69945,68744,69325,68957,68763,77636,76938,76422,76870,76481,66438,65657,65883,66372,65754
410,1,1,20,76766,76337,75566,75542,76189,69484,68268,68843,68472,68281,77042,76350,75830,76269,75885,65970,65201,65412,65914,65309
411,0,1,20,77367,76922,76148,76136,76785,69942,68740,69324,68959,68757,77629,76936,76415,76874,76471,66433,65652,65883,66375,65768
412,1,1,20,76778,76353,75594,75553,76205,69486,68296,68857,68494,68297,77063,76368,75826,76272,75910,65982,65197,65435,65921,65312
413,0,1,20,77379,76930,76168,76129,76790,69947,68766,69324,68964,68779,77633,76949,76424,76868,76489,66440,65660,65896,66391,65769
414,1,1,20,76773,76349,75583,75553,76204,69487,68283,68868,68476,68293,77024,76331,75822,76273,75901,65987,65207,65419,65911,65305
415,0,1,20,77373,76912,76151,76116,76771,69948,68736,69335,68931,68753,77602,76915,76404,76851,76461,66428,65647,65878,66358,65753
416,1,1,20,76800,76377,75587,75561,76213,69500,68292,68864,68485,68319,77065,76368,75852,76292,75914,66003,65231,65449,65938,65320
417,0,1,20,77365,76955,76144,76120,76784,69953,68749,69310,68951,68773,77632,76940,76422,76855,76460,66437,65664,65878,66373,65752
418,1,1,20,76758,76335,75556,75539,76194,69472,68275,68851,68469,68301,77036,76329,75832,76273,75903,65983,65210,65420,65917,65303
419,0,1,20,77374,76919,76133,76123,76784,69947,68755,69325,68952,68778,77614,76928,76434,76868,76481,66446,65673,65882,66387,65764
420,1,1,20,76804,76348,75573,75563,76208,69476,68272,68857,68486,68310,77032,76346,75823,76272,75893,65961,65215,65433,65918,65308
421,0,1,20,77376,76918,76140,76119,76792,69938,68740,69312,68934,68772,77607,76915,76388,76856,76473,66406,65653,65879,66366,65756
422,1,1,20,76783,76352,75581,75545,76189,69464,68289,68847,68474,68310,77047,76336,75814,76279,75920,65968,65210,65427,65916,65299
423,0,1,20,77376,76936,76159,76119,76792,69944,68762,69320,68941,68786,77628,76916,76411,76873,76487,66416,65662,65890,66366,65756
424,1,1,20,76770,76336,75586,75548,76190,69489,68281,68862,68464,68293,77040,76317,75807,76269,75903,65964,65184,65412,65897,65292
425,0,1,20,77352,76907,76148,76101,76770,69950,68730,69321,68918,68767,77625,76889,76389,76862,76472,66415,65649,65858,66354,65736
426,1,1,20,76787,76351,75597,75560,76219,69498,68320,68887,68501,68320,77061,76345,75839,76311,75940,65997,65245,65444,65932,65324
427,0,1,20,77363,76918,76152,76113,76786,69950,68773,69342,68946,68775,77630,76918,76413,76873,76490,66432,65678,65884,66387,65763
428,1,1,20,76746,76335,75563,75524,76180,69457,68270,68836,68454,68288,77034,76304,75806,76266,75879,65953,65158,65409,65897,65285
429,0,1,20,77349,76920,76142,76109,76777,69934,68752,69309,68927,68751,77635,76902,76388,76856,76482,66427,65628,65881,66370,65749
430,1,1,20,76793,76358,75593,75568,76206,69498,68306,68868,68458,68326,77062,76330,75844,76289,75926,65997,65212,65434,65920,65319
431,0,1,20,77399,76946,76163,76141,76798,69967,68771,69341,68944,68796,77645,76918,76437,76881,76502,66455,65672,65891,66389,65781
432,1,1,20,76801,76395,75594,75577,76211,69509,68312,68876,68497,68340,77047,76355,75854,76314,75932,66001,65247,65452,65944,65344
433,0,1,20,77375,76947,76149,76121,76776,69955,68755,69325,68951,68784,77614,76915,76417,76869,76490,66437,65675,65891,66391,65772
434,1,1,20,76789,76355,75579,75556,76194,69472,68281,68863,68488,68321,77058,76327,75826,76274,75911,65975,65226,65412,65916,65310
435,0,1,20,77367,76925,76133,76126,76787,69928,68729,69328,68943,68777,77627,76907,76391,76862,76472,66412,65665,65863,66369,65765
436,1,1,20,76783,76353,75584,75571,76203,69496,68299,68865,68460,68305,77043,76336,75826,76292,75932,65982,65221,65430,65923,65326
437,0,1,20,77362,76918,76149,76132,76773,69948,68756,69318,68922,68765,77609,76913,76406,76849,76497,66429,65663,65875,66375,65771
438,1,1,20,76780,76349,75581,75552,76189,69477,68287,68867,68480,68312,77025,76345,75833,76277,75906,65970,65210,65428,65919,65298
439,0,1,20,77351,76913,76123,76095,76763,69931,68730,69317,68919,68754,77591,76890,76407,76842,76460,66405,65639,65863,66363,65733
440,1,1,20,76791,76352,75596,75557,76201,69493,68294,68876,68490,68317,77051,76354,75824,76272,75932,65988,65213,65437,65927,65309
441,0,1,20,77375,76925,76160,76119,76771,69949,68743,69337,68944,68774,77625,76920,76402,76846,76496,66435,65653,65878,66367,65759
442,1,1,20,76803,76359,75606,75558,76215,69491,68306,68862,68500,68336,77038,76352,75840,76289,75917,65987,65228,65443,65926,65317
443,0,1,20,77372,76914,76162,76119,76789,69938,68764,69321,68955,68797,77609,76920,76416,76858,76481,66423,65663,65882,66381,65757
444,1,1,20,76793,76342,75571,75551,76198,69484,68286,68866,68468,68328,77037,76348,75840,76300,75913,65976,65200,65433,65936,65306
445,0,1,20,77374,76927,76147,76120,76782,69945,68745,69327,68934,68786,77605,76928,76412,76871,76486,66424,65657,65886,66380,65752
446,1,1,20,76784,76334,75577,75557,76214,69473,68285,68867,68476,68315,77014,76339,75835,76290,75911,65983,65204,65431,65918,65297
447,0,1,20,77374,76924,76149,76123,76794,69941,68757,69329,68941,68777,77594,76917,76427,76880,76480,66429,65652,65880,66379,65756
448,1,1,20,76780,76348,75583,75559,76201,69485,68281,68858,68458,68302,77047,76343,75839,76285,75930,65967,65206,65436,65920,65308
449,0,1,20,77360,76924,76152,76116,76787,69929,68735,69325,68924,68754,77626,76928,76422,76858,76497,66417,65650,65880,66379,65759
450,1,1,20,76766,76345,75583,75566,76216,69494,68280,68863,68470,68318,77043,76351,75842,76289,75923,65970,65201,65441,65906,65309
451,0,1,20,77367,76931,76153,76136,76809,69956,68754,69336,68947,68797,77635,76928,76431,76880,76506,66434,65669,65902,66390,65771
452,1,1,20,76787,76363,75609,75573,76236,69509,68298,68874,68481,68318,77065,76361,75857,76297,75932,65985,65234,65434,65925,65316
453,0,1,20,77380,76932,76181,76131,76804,69962,68754,69333,68939,68791,77635,76936,76432,76878,76506,66434,65678,65875,66366,65771
454,1,1,20,76781,76357,75588,75565,76212,69504,68282,68856,68485,68311,77036,76362,75842,76296,75907,65973,65221,65433,65916,65312
455,0,1,20,77365,76931,76155,76127,76787,69959,68750,69327,68952,68779,77605,76931,76423,76877,76485,66429,65670,65884,66370,65762
456,1,1,20,76772,76333,75593,75571,76205,69502,68288,68864,68474,68324,77035,76346,75839,76292,75890,65986,65198,65435,65920,65304
457,0,1,20,77358,76902,76150,76128,76776,69961,68740,69318,68921,68789,77605,76925,76408,76857,76465,66441,65648,65879,66366,65755
458,1,1,20,76777,76360,75590,75565,76214,69488,68290,68857,68468,68297,77027,76333,75842,76285,75915,65965,65208,65420,65898,65300
459,0,1,20,77357,76916,76146,76122,76775,69932,68745,69306,68913,68765,77588,76906,76415,76860,76474,66403,65650,65860,66343,65743
460,1,1,20,76763,76335,75570,75556,76176,69466,68263,68848,68458,68302,77007,76319,75832,76267,75896,65962,65178,65408,65888,65287
461,0,1,20,77352,76924,76136,76122,76767,69941,68732,69331,68932,68767,77603,76909,76420,76856,76464,66418,65641,65863,66358,65743
462,1,1,20,76796,76361,75593,75565,76206,69500,68300,68873,68484,68311,77036,76341,75846,76291,75919,65989,65214,65430,65931,65306
463,0,1,20,77373,76920,76165,76132,76771,69948,68762,69332,68930,68773,77600,76924,76426,76859,76472,66431,65661,65887,66376,65755
464,1,1,20,76773,76340,75574,75555,76180,69481,68287,68858,68474,68291,77041,76337,75826,76278,75913,65977,65200,65424,65910,65299
465,0,1,20,77360,76923,76145,76112,76763,69943,68746,69318,68939,68748,77614,76920,76407,76850,76478,66430,65658,65879,66378,65749
466,1,1,20,76792,76343,75588,75574,76224,69494,68299,68876,68482,68328,77043,76347,75852,76287,75924,65988,65227,65449,65924,65318
467,0,1,20,77352,76887,76137,76120,76772,69927,68734,69310,68939,68775,77597,76909,76402,76831,76462,66414,65645,65878,66361,65754
468,1,1,20,76799,76341,75596,75568,76213,69499,68294,68870,68476,68314,77057,76347,75821,76302,75923,65993,65233,65445,65924,65310
469,0,1,20,77388,76934,76178,76150,76782,69957,68773,69337,68952,68788,77635,76931,76420,76895,76501,66458,65688,65898,66385,65765
470,1,1,20,76767,76330,75578,75543,76200,69474,68280,68846,68475,68295,77038,76336,75827,76264,75906,65972,65211,65415,65905,65296
471,0,1,20,77353,76911,76150,76103,76778,69931,68730,69296,68931,68750,77614,76893,76406,76843,76462,66425,65651,65867,66361,65750
472,1,1,20,76796,76373,75582,75548,76206,69483,68298,68843,68472,68306,77036,76355,75826,76267,75892,65980,65216,65417,65923,65292
473,0,1,20,77387,76949,76155,76126,76792,69954,68759,69311,68935,68782,77635,76937,76418,76869,76464,66429,65668,65893,66388,65759
474,1,1,20,76776,76374,75566,75547,76189,69472,68287,68845,68465,68301,77051,76353,75844,76275,75923,65986,65214,65441,65931,65322
475,0,1,20,77370,76956,76147,76131,76784,69947,68757,69316,68942,68780,77645,76927,76439,76870,76504,66443,65667,65892,66392,65780
476,1,1,20,76792,76350,75586,75565,76204,69496,68297,68860,68482,68340,77053,76335,75832,76297,75943,66000,65212,65445,65941,65334
477,0,1,20,77367,76918,76149,76115,76793,69931,68752,69308,68935,68791,77622,76902,76407,76870,76493,66442,65648,65891,66380,65776
478,1,1,20,76794,76352,75603,75569,76215,69499,68295,68858,68473,68324,77030,76334,75843,76294,75918,66008,65230,65438,65930,65327
479,0,1,20,77381,76920,76163,76133,76788,69942,68757,69313,68932,68782,77595,76910,76412,76866,76488,66453,65671,65885,66380,65767
480,1,1,20,76780,76353,75600,75561,76202,69494,68306,68868,68473,68305,77045,76335,75841,76300,75928,66004,65212,65451,65920,65329
481,0,1,20,77371,76939,76184,76125,76797,69955,68770,69341,68939,68769,77615,76912,76421,76879,76499,66458,65678,65910,66376,65778
482,1,1,20,76775,76330,75588,75554,76209,69473,68297,68846,68487,68300,77020,76330,75834,76274,75902,65988,65211,65434,65926,65302
483,0,1,20,77367,76907,76168,76124,76790,69935,68765,69311,68950,68768,77610,76914,76414,76863,76491,66444,65668,65895,66379,65763
484,1,1,20,76771,76353,75592,75556,76218,69490,68306,68847,68493,68316,77050,76344,75833,76265,75920,65995,65220,65438,65902,65313
485,0,1,20,77357,76913,76153,76115,76793,69942,68763,69310,68946,68777,77607,76924,76403,76840,76493,66437,65666,65877,66374,65755
486,1,1,20,76771,76323,75579,75543,76191,69483,68293,68855,68479,68297,77035,76343,75833,76271,75915,65995,65207,65435,65915,65301
487,0,1,20,77349,76899,76143,76101,76768,69939,68752,69313,68932,68754,77601,76915,76402,76849,76485,66438,65668,65878,66360,65750
488,1,1,20,76748,76308,75554,75529,76188,69466,68287,68834,68455,68296,77023,76335,75810,76265,75912,65978,65190,65418,65898,65297
489,0,1,20,77370,76902,76138,76103,76780,69920,68761,69299,68927,68766,77602,76919,76404,76863,76487,66437,65647,65889,66368,65765
490,1,1,20,76784,76335,75576,75533,76189,69480,68281,68877,68461,68306,77024,76342,75824,76274,75907,65969,65203,65429,65914,65296
491,0,1,20,77359,76910,76143,76087,76773,69928,68733,69328,68923,68746,77590,76911,76396,76844,76467,66417,65652,65882,66369,65748
492,1,1,20,76809,76360,75592,75564,76208,69498,68310,68872,68484,68308,77059,76346,75831,76291,75939,66009,65232,65461,65932,65328
493,0,1,20,77386,76932,76158,76117,76783,69955,68776,69337,68947,68770,77632,76918,76416,76869,76497,66452,65677,65904,66375,65762
494,1,1,20,76795,76339,75569,75565,76193,69492,68315,68855,68471,68317,77041,76335,75813,76272,75906,65989,65218,65419,65913,65306
495,0,1,20,77409,76939,76163,76144,76799,69966,68800,69334,68953,68795,77638,76936,76420,76876,76507,66462,65684,65896,66397,65778
496,1,1,20,76758,76343,75563,75534,76193,69466,68282,68846,68450,68288,77015,76337,75821,76279,75898,65967,65212,65419,65921,65299
497,0,1,20,77350,76932,76138,76108,76780,69938,68750,69319,68928,68770,77600,76916,76410,76864,76478,66426,65679,65874,66382,65755
498,1,1,20,76788,76355,75593,75555,76193,69480,68314,68863,68477,68295,77028,76344,75826,76277,75914,65982,65221,65415,65926,65318
499,0,1,20,77361,76913,76146,76106,76759,69935,68758,69313,68921,68745,77594,76907,76396,76843,76475,66430,65655,65860,66370,65761
500,1,1,20,76789,76330,75578,75548,76182,69483,68288,68840,68475,68292,77024,76338,75813,76270,75908,65977,65209,65415,65914,65291
501,0,1,20,77371,76896,76148,76108,76767,69939,68744,69317,68945,68755,77601,76912,76405,76862,76479,66435,65653,65857,66363,65747
502,1,1,20,76800,76353,75600,75564,76213,69490,68289,68858,68492,68319,77043,76342,75821,76272,75911,65993,65222,65431,65931,65318
503,0,1,20,77386,76928,76178,76136,76801,69966,68758,69326,68960,68785,77632,76938,76414,76858,76492,66447,65673,65889,66380,65773
504,1,1,20,76787,76369,75605,75587,76219,69524,68318,68886,68496,68339,77063,76357,75847,76303,75929,66013,65248,65447,65951,65320
505,0,1,20,77377,76940,76166,76146,76792,69978,68773,69333,68965,68803,77629,76929,76428,76876,76497,66458,65693,65882,66410,65767
506,1,1,20,76788,76328,75589,75560,76200,69501,68279,68860,68487,68294,77033,76352,75828,76287,75918,65986,65195,65427,65922,65298
507,0,1,20,77362,76907,76152,76126,76772,69952,68740,69313,68942,68756,77604,76925,76398,76854,76481,66425,65650,65862,66374,65748
508,1,1,20,76784,76341,75586,75567,76209,69502,68279,68864,68471,68291,77032,76341,75832,76288,75914,65981,65216,65420,65938,65292
509,0,1,20,77378,76925,76163,76139,76800,69965,68751,69331,68932,68755,77631,76934,76428,76879,76490,66436,65670,65891,66389,65748
510,1,1,20,76783,76336,75582,75557,76199,69482,68268,68829,68453,68292,77025,76330,75846,76271,75912,65955,65185,65405,65897,65285
511,0,1,20,77372,76914,76159,76131,76792,69933,68732,69302,68917,68753,77615,76916,76423,76855,76485,66420,65644,65877,66361,65749
512,1,1,20,76793,76337,75591,75585,76210,69489,68294,68855,68470,68294,77044,76340,75827,76289,75913,65982,65210,65421,65918,65304
513,0,1,20,77352,76904,76143,76129,76783,69933,68740,69305,68924,68742,77617,76901,76403,76860,76470,66419,65651,65860,66367,65755
514,1,1,20,76779,76342,75578,75565,76194,69475,68272,68864,68484,68294,77024,76344,75839,76278,75908,65969,65194,65432,65920,65298
515,0,1,20,77352,76912,76144,76125,76768,69928,68729,69324,68932,68753,77593,76914,76417,76855,76472,66418,65645,65870,66369,65746
516,1,1,20,76787,76354,75576,75574,76209,69488,68289,68853,68473,68306,77053,76341,75839,76281,75909,65977,65198,65429,65933,65312
517,0,1,20,77374,76938,76148,76147,76790,69949,68752,69319,68943,68773,77628,76928,76427,76863,76485,66428,65648,65867,66386,65760
518,1,1,20,76784,76353,75595,75550,76188,69479,68271,68854,68474,68293,77022,76343,75816,76276,75889,65988,65213,65420,65913,65306
519,0,1,20,77369,76938,76169,76114,76798,69953,68748,69306,68947,68768,77606,76933,76412,76865,76463,66442,65669,65884,66372,65764
520,1,1,20,76774,76347,75585,75556,76193,69494,68279,68849,68483,68301,77038,76352,75818,76269,75915,65973,65215,65422,65932,65317
521,0,1,20,77382,76938,76162,76131,76790,69963,68762,69322,68960,68776,77635,76946,76428,76869,76496,66449,65668,65894,66386,65790
522,1,1,20,76780,76340,75585,75565,76190,69488,68274,68854,68466,68296,77041,76334,75824,76293,75894,65968,65215,65433,65914,65307
523,0,1,20,77373,76920,76154,76133,76768,69950,68747,69328,68940,68768,77615,76910,76415,76873,76479,66426,65673,65890,66379,65778
524,1,1,20,76775,76339,75567,75543,76197,69486,68275,68851,68472,68285,77044,76329,75821,76273,75890,65953,65205,65401,65908,65295
525,0,1,20,77367,76928,76156,76129,76797,69963,68752,69324,68943,68763,77643,76933,76421,76865,76482,66427,65667,65880,66391,65760
526,1,1,20,76819,76366,75599,75573,76228,69505,68308,68878,68480,68325,77053,76360,75857,76308,75934,66004,65255,65447,65936,65322
527,0,1,20,77393,76947,76173,76141,76804,69964,68765,69342,68945,68787,77630,76948,76434,76886,76504,66452,65693,65908,66393,65781
528,1,1,20,76773,76321,75562,75531,76190,69477,68270,68843,68455,68271,77038,76324,75803,76272,75911,65975,65211,65414,65918,65288
529,0,1,20,77360,76911,76147,76107,76789,69953,68743,69318,68932,68760,77630,76917,76404,76866,76488,66439,65656,65880,66391,65758
530,1,1,20,76796,76335,75593,75569,76205,69500,68296,68857,68478,68313,77050,76345,75848,76280,75916,66004,65232,65441,65926,65312
531,0,1,20,77358,76898,76142,76115,76765,69934,68752,69308,68923,68755,77625,76903,76411,76845,76470,66439,65665,65872,66361,65745
532,1,1,20,76789,76324,75578,75544,76184,69487,68277,68836,68471,68279,77027,76326,75831,76265,75909,65970,65209,65418,65917,65295
533,0,1,20,77357,76895,76148,76101,76764,69923,68733,69298,68925,68735,77600,76900,76404,76842,76474,66413,65652,65852,66373,65747
534,1,1,20,76785,76329,75576,75547,76195,69472,68273,68851,68462,68285,77032,76329,75827,76276,75909,65963,65198,65415,65922,65313
535,0,1,20,77372,76910,76141,76112,76776,69928,68736,69313,68937,68755,77615,76916,76424,76859,76489,66423,65654,65866,66370,65772
536,1,1,20,76780,76327,75576,75555,76192,69474,68286,68838,68452,68280,77041,76338,75829,76268,75908,65973,65182,65424,65920,65302
537,0,1,20,77360,76884,76135,76114,76768,69924,68731,69298,68904,68732,77611,76923,76405,76846,76476,66415,65639,65875,66360,65740
538,1,1,20,76769,76335,75576,75557,76193,69483,68286,68838,68447,68289,77023,76332,75830,76276,75909,65968,65218,65429,65928,65310
539,0,1,20,77374,76927,76163,76133,76784,69961,68762,69321,68937,68761,77616,76932,76425,76874,76502,66443,65676,65904,66401,65787
540,1,1,20,76786,76348,75573,75537,76200,69506,68301,68854,68475,68300,77044,76347,75836,76288,75918,65980,65227,65425,65926,65325
541,0,1,20,77367,76906,76134,76100,76775,69944,68754,69305,68927,68756,77603,76918,76411,76864,76484,66415,65669,65863,66385,65769
542,1,1,20,76780,76351,75572,75542,76176,69491,68291,68850,68480,68313,77051,76360,75830,76290,75913,65981,65224,65441,65942,65315
543,0,1,20,77371,76919,76147,76110,76783,69945,68756,69307,68941,68774,77632,76929,76412,76870,76484,66433,65670,65880,66401,65773
544,1,1,20,76795,76344,75566,75542,76194,69482,68283,68858,68477,68287,77030,76353,75834,76295,75912,65980,65208,65420,65917,65325
545,0,1,20,77359,76912,76135,76103,76776,69933,68751,69307,68922,68752,77605,76934,76410,76865,76481,66423,65647,65861,66375,65767
546,1,1,20,76758,76331,75562,75534,76170,69464,68279,68830,68452,68295,77053,76351,75820,76272,75914,65963,65209,65421,65917,65311
547,0,1,20,77351,76906,76127,76100,76753,69910,68738,69287,68911,68755,77622,76928,76401,76866,76490,66421,65665,65869,66383,65772
548,1,1,20,76795,76359,75588,75555,76214,69491,68302,68872,68482,68304,77049,76364,75846,76290,75927,65988,65221,65444,65943,65343
549,0,1,20,77383,76930,76157,76124,76789,69953,68754,69325,68945,68761,77613,76937,76430,76879,76492,66428,65690,65889,66401,65789
550,1,1,20,76773,76334,75594,75546,76197,69488,68279,68851,68459,68296,77049,76348,75824,76268,75927,65970,65215,65420,65926,65318
551,0,1,20,77363,76906,76152,76113,76778,69946,68736,69315,68931,68743,77628,76925,76413,76845,76492,66418,65658,65871,66388,65768
552,1,1,20,76782,76367,75599,75562,76216,69503,68300,68863,68485,68290,77068,76357,75828,76296,75922,65992,65232,65441,65928,65332
553,0,1,20,77363,76937,76166,76122,76793,69969,68761,69317,68946,68746,77647,76935,76406,76875,76493,66431,65683,65884,66379,65782
554,1,1,20,76775,76344,75567,75548,76190,69487,68283,68852,68468,68289,77054,76350,75830,76272,75908,65969,65223,65430,65923,65333
555,0,1,20,77373,76918,76140,76125,76785,69948,68767,69316,68938,68754,77634,76930,76418,76865,76491,66428,65670,65885,66388,65788
556,1,1,20,76775,76341,75591,75544,76183,69479,68271,68834,68470,68285,77034,76340,75816,76273,75931,65953,65209,65426,65922,65316
557,0,1,20,77358,76906,76161,76107,76763,69942,68726,69299,68937,68749,77621,76920,76402,76858,76504,66410,65663,65881,66370,65768
558,1,1,20,76763,76346,75577,75553,76185,69488,68276,68843,68464,68303,77041,76339,75808,76273,75907,65956,65214,65413,65920,65315
559,0,1,20,77355,76913,76146,76123,76763,69942,68733,69313,68929,68761,77611,76921,76397,76851,76472,66406,65666,65863,66365,65767
560,1,1,20,76759,76343,75572,75556,76180,69489,68290,68861,68445,68297,77016,76337,75808,76249,75911,65970,65204,65432,65903,65318
561,0,1,20,77368,76933,76150,76137,76777,69963,68764,69322,68929,68777,77595,76924,76414,76843,76496,66439,65663,65895,66379,65771
562,1,1,20,76797,76379,75603,75560,76200,69503,68299,68868,68473,68326,77041,76353,75841,76272,75920,65977,65203,65435,65932,65340
563,0,1,20,77365,76919,76147,76114,76756,69939,68750,69321,68922,68774,77610,76907,76398,76835,76470,66414,65641,65877,66378,65775
564,1,1,20,76765,76340,75561,75540,76172,69477,68283,68849,68455,68283,77052,76328,75816,76268,75916,65948,65206,65403,65908,65312
565,0,1,20,77347,76910,76118,76098,76733,69926,68733,69307,68915,68736,77636,76892,76407,76842,76471,66395,65653,65855,66348,65758
566,1,1,20,76765,76353,75574,75564,76185,69484,68285,68849,68464,68315,77055,76337,75825,76280,75912,65967,65218,65422,65937,65328
567,0,1,20,77368,76934,76163,76140,76780,69949,68769,69330,68949,68790,77653,76938,76433,76866,76511,66436,65677,65892,66409,65797
568,1,1,20,76774,76326,75583,75555,76200,69488,68312,68867,68480,68303,77059,76346,75836,76286,75917,65978,65224,65429,65931,65327
569,0,1,20,77368,76914,76154,76120,76787,69950,68765,69340,68945,68771,77634,76923,76420,76875,76496,66436,65672,65880,66397,65789
570,1,1,20,76765,76335,75561,75532,76198,69482,68294,68849,68484,68290,77033,76327,75821,76283,75903,65962,65195,65426,65924,65322
571,0,1,20,77352,76915,76140,76100,76784,69947,68758,69309,68955,68761,77621,76917,76399,76871,76494,66414,65651,65873,66374,65774
572,1,1,20,76767,76336,75577,75582,76197,69482,68307,68859,68465,68309,77050,76344,75836,76297,75911,65983,65216,65438,65926,65342
573,0,1,20,77348,76904,76133,76142,76775,69928,68756,69320,68920,68766,77621,76917,76412,76862,76470,66424,65656,65874,66385,65774
574,1,1,20,76782,76342,75576,75552,76195,69502,68302,68872,68469,68307,77040,76339,75844,76289,75920,65986,65215,65440,65931,65331
575,0,1,20,77365,76919,76148,76127,76775,69945,68771,69337,68948,68776,77627,76910,76411,76874,76491,66437,65657,65899,66382,65791
576,1,1,20,76783,76354,75585,75574,76188,69513,68297,68859,68476,68316,77036,76336,75823,76290,75922,65979,65219,65444,65929,65337
577,0,1,20,77376,76944,76143,76131,76783,69971,68765,69328,68942,68786,77619,76932,76415,76875,76490,66433,65679,65904,66382,65794
578,1,1,20,76781,76357,75577,75557,76195,69497,68306,68859,68472,68314,77032,76332,75830,76299,75911,65987,65206,65443,65924,65323
579,0,1,20,77358,76939,76146,76126,76777,69955,68768,69315,68935,68791,77603,76908,76411,76879,76490,66429,65656,65899,66378,65780
580,1,1,20,76785,76366,75570,75555,76191,69494,68294,68858,68458,68316,77046,76333,75823,76296,75932,65984,65198,65442,65937,65323
581,0,1,20,77361,76932,76138,76110,76780,69945,68757,69312,68914,68777,77609,76902,76398,76866,76493,66420,65641,65884,66382,65775
582,1,1,20,76783,76361,75592,75567,76199,69499,68293,68857,68485,68321,77049,76331,75818,76284,75905,65965,65204,65433,65931,65330
583,0,1,20,77347,76931,76155,76122,76775,69945,68754,69306,68939,68788,77623,76900,76399,76863,76470,66413,65644,65877,66378,65779
584,1,1,20,76772,76346,75586,75554,76193,69485,68291,68849,68476,68320,77049,76342,75833,76295,75899,65959,65193,65432,65929,65322
585,0,1,20,77350,76921,76143,76113,76758,69933,68744,69304,68941,68777,77617,76921,76396,76870,76462,66406,65646,65884,66378,65772
586,1,1,20,76759,76367,75566,75559,76196,69500,68291,68860,68484,68319,77034,76332,75839,76294,75907,65980,65211,65450,65911,65327
587,0,1,20,77357,76953,76158,76135,76776,69963,68760,69328,68951,68782,77632,76918,76428,76886,76486,66425,65671,65904,66377,65792
588,1,1,20,76784,76372,75585,75573,76180,69491,68307,68869,68490,68323,77033,76340,75822,76298,75913,65971,65202,65425,65922,65347
589,0,1,20,77372,76953,76166,76149,76773,69954,68767,69338,68952,68787,77633,76914,76410,76896,76490,66430,65668,65889,66381,65812
590,1,1,20,76774,76365,75576,75556,76182,69483,68288,68846,68485,68305,77024,76333,75833,76302,75917,65972,65198,65422,65917,65322
591,0,1,20,77370,76939,76157,76122,76761,69944,68747,69304,68942,68772,77606,76912,76409,76871,76487,66418,65644,65882,66369,65770
592,1,1,20,76766,76361,75569,75546,76189,69489,68284,68855,68461,68306,77018,76334,75819,76280,75903,65958,65198,65420,65909,65318
593,0,1,20,77364,76931,76142,76119,76758,69942,68746,69322,68931,68766,77594,76906,76399,76860,76476,66418,65659,65879,66383,65780
594,1,1,20,76762,76353,75582,75550,76184,69489,68289,68859,68474,68311,77047,76339,75823,76287,75912,65976,65216,65416,65917,65327
595,0,1,20,77367,76936,76156,76133,76771,69952,68769,69327,68959,68779,77629,76931,76414,76872,76493,66434,65676,65879,66389,65782
596,1,1,20,76785,76366,75584,75563,76186,69507,68312,68856,68480,68334,77039,76349,75846,76294,75923,65983,65216,65424,65940,65335
597,0,1,20,77369,76935,76159,76122,76756,69969,68776,69318,68949,68799,77616,76928,76430,76873,76491,66424,65658,65884,66378,65785
598,1,1,20,76761,76345,75591,75556,76189,69490,68290,68845,68480,68316,77039,76346,75833,76295,75927,65990,65219,65443,65931,65331
599,0,1,20,77370,76927,76163,76135,76787,69956,68760,69317,68943,68786,77627,76935,76424,76889,76508,66440,65681,65902,66391,65787
600,1,1,20,76770,76343,75583,75551,76194,69493,68276,68857,68470,68315,77038,76342,75856,76285,75906,65981,65230,65435,65928,65326
601,0,1,20,77368,76937,76163,76118,76789,69950,68750,69330,68942,68772,77632,76928,76439,76874,76485,66433,65686,65895,66391,65790
602,1,1,20,76756,76338,75570,75539,76184,69477,68257,68835,68448,68304,77017,76332,75822,76278,75907,65964,65202,65416,65910,65300
603,0,1,20,77345,76919,76142,76113,76761,69939,68723,69308,68929,68775,77608,76916,76421,76861,76482,66425,65661,65869,66378,65751
604,1,1,20,76774,76335,75606,75545,76193,69472,68283,68842,68456,68307,77049,76345,75835,76268,75910,65976,65218,65428,65928,65321
605,0,1,20,77337,76893,76157,76098,76763,69925,68721,69305,68911,68759,77609,76923,76417,76848,76474,66407,65658,65868,66368,65774
606,1,1,20,76786,76327,75582,75559,76186,69482,68288,68857,68455,68304,77056,76349,75841,76272,75901,65985,65227,65436,65907,65313
607,0,1,20,77379,76905,76155,76131,76768,69932,68749,69321,68929,68768,77628,76932,76431,76865,76483,66430,65671,65893,66361,65768
608,1,1,20,76798,76338,75580,75568,76197,69505,68292,68851,68471,68316,77051,76359,75849,76282,75925,65981,65215,65443,65907,65330
609,0,1,20,77380,76915,76161,76132,76789,69963,68760,69322,68937,68783,77631,76935,76419,76870,76492,66426,65680,65898,66372,65788
610,1,1,20,76754,76330,75561,75559,76197,69469,68284,68832,68453,68283,77037,76327,75827,76270,75908,65960,65221,65427,65901,65311
611,0,1,20,77337,76902,76121,76118,76758,69924,68733,69289,68924,68752,77603,76906,76398,76840,76469,66397,65658,65870,66341,65763
612,1,1,20,76759,76327,75559,75536,76179,69478,68277,68842,68454,68296,77039,76323,75818,76273,75904,65959,65195,65421,65902,65297
613,0,1,20,77366,76917,76137,76113,76771,69939,68750,69305,68935,68764,77621,76912,76407,76863,76481,66425,65664,65882,66359,65759
614,1,1,20,76767,76317,75573,75547,76181,69478,68271,68840,68464,68296,77024,76332,75826,76292,75921,65953,65210,65434,65924,65303
615,0,1,20,77349,76891,76135,76112,76762,69930,68725,69295,68934,68761,77604,76907,76414,76868,76491,66398,65648,65882,66368,65751
616,1,1,20,76779,76339,75585,75555,76181,69495,68291,68860,68483,68313,77041,76355,75850,76294,75924,65972,65218,65451,65931,65319
617,0,1,20,77352,76913,76143,76110,76754,69944,68745,69314,68936,68770,77608,76924,76427,76866,76492,66406,65667,65885,66381,65759
618,1,1,20,76763,76321,75572,75549,76169,69483,68268,68856,68462,68289,77028,76336,75826,76288,75889,65946,65197,65423,65912,65296
619,0,1,20,77355,76890,76130,76101,76748,69950,68733,69318,68923,68756,77622,76914,76411,76870,76474,66407,65652,65877,66376,65752
620,1,1,20,76766,76350,75571,75547,76187,69490,68286,68867,68472,68312,77067,76346,75844,76292,75929,65963,65237,65448,65934,65311
621,0,1,20,77356,76938,76156,76129,76775,69953,68756,69350,68947,68792,77636,76934,76452,76890,76497,66436,65684,65909,66401,65770
622,1,1,20,76767,76359,75593,75562,76193,69495,68293,68872,68468,68326,77064,76355,75840,76301,75910,65974,65227,65451,65926,65323
623,0,1,20,77346,76922,76146,76114,76770,69946,68759,69328,68933,68784,77628,76914,76423,76878,76476,66418,65671,65887,66369,65774
624,1,1,20,76764,76346,75593,75543,76187,69477,68279,68856,68468,68318,77035,76344,75842,76289,75899,65952,65222,65428,65926,65312
625,0,1,20,77336,76917,76155,76105,76765,69933,68744,69302,68923,68766,77603,76918,76418,76864,76469,66399,65663,65869,66377,65765
626,1,1,20,76766,76333,75595,75567,76191,69466,68284,68851,68481,68312,77037,76329,75842,76291,75905,65971,65221,65407,65918,65312
627,0,1,20,77341,76905,76144,76122,76756,69918,68738,69297,68931,68764,77596,76900,76404,76862,76462,66410,65656,65858,66371,65755
628,1,1,20,76758,76329,75571,75542,76193,69466,68278,68849,68464,68305,77023,76337,75823,76282,75909,65980,65212,65429,65912,65298
629,0,1,20,77333,76892,76126,76080,76747,69914,68720,69301,68920,68757,77575,76893,76380,76837,76450,66400,65641,65859,66354,65723
630,1,1,20,76792,76358,75579,75556,76205,69489,68297,68849,68480,68331,77051,76354,75837,76295,75919,65967,65216,65448,65932,65329
631,0,1,20,77356,76912,76139,76109,76758,69931,68743,69304,68918,68779,77604,76916,76416,76868,76470,66403,65656,65884,66373,65767
632,1,1,20,76764,76323,75575,75536,76172,69457,68281,68836,68456,68302,77023,76332,75833,76274,75893,65949,65208,65417,65902,65301
633,0,1,20,77363,76932,76181,76127,76777,69938,68761,69324,68945,68793,77617,76936,76439,76881,76480,66428,65679,65891,66386,65783
634,1,1,20,76769,76344,75592,75592,76206,69500,68296,68864,68491,68333,77052,76344,75850,76286,75933,65990,65231,65436,65948,65327
635,0,1,20,77350,76927,76153,76142,76771,69953,68762,69312,68951,68794,77610,76912,76421,76867,76491,66432,65663,65882,66383,65767
636,1,1,20,76773,76353,75597,75577,76196,69493,68307,68865,68492,68343,77052,76344,75851,76288,75932,66007,65234,65442,65948,65327
637,0,1,20,77369,76932,76155,76149,76783,69954,68756,69326,68944,68805,77630,76918,76433,76868,76505,66452,65680,65879,66397,65775
638,1,1,20,76773,76351,75590,75561,76168,69478,68272,68863,68466,68323,77025,76330,75853,76276,75910,65979,65208,65421,65920,65320
639,0,1,20,77369,76942,76158,76144,76768,69946,68741,69340,68952,68803,77602,76922,76434,76867,76485,66453,65663,65888,66378,65788
640,1,1,20,76775,76363,75598,75547,76192,69480,68280,68859,68476,68321,77021,76326,75829,76300,75911,65988,65227,65428,65923,65326
641,0,1,20,77377,76954,76178,76132,76795,69945,68754,69330,68955,68790,77615,76921,76423,76884,76495,66447,65686,65881,66394,65796
642,1,1,20,76763,76348,75595,75529,76188,69467,68275,68872,68476,68315,77036,76319,75809,76283,75909,65955,65225,65422,65915,65324
643,0,1,20,77355,76934,76169,76107,76771,69930,68746,69331,68945,68795,77624,76919,76417,76874,76496,66413,65665,65874,66380,65783
644,1,1,20,76757,76340,75586,75541,76178,69492,68284,68853,68455,68321,77055,76339,75836,76278,75903,65977,65224,65416,65924,65311
645,0,1,20,77347,76913,76150,76102,76754,69948,68732,69297,68920,68770,77624,76913,76406,76859,76454,66422,65662,65867,66366,65757
646,1,1,20,76769,76361,75605,75557,76192,69496,68297,68884,68465,68321,77048,76344,75843,76293,75906,65987,65224,65440,65925,65330
647,0,1,20,77355,76922,76160,76124,76779,69960,68758,69347,68942,68780,77617,76922,76426,76862,76479,66425,65671,65878,66386,65780
648,1,1,20,76763,76344,75574,75560,76195,69480,68274,68846,68457,68321,77049,76328,75842,76279,75912,65962,65211,65421,65923,65301
649,0,1,20,77360,76929,76165,76139,76785,69949,68750,69313,68944,68790,77637,76921,76423,76858,76487,66423,65664,65877,66385,65761
650,1,1,20,76792,76358,75615,75570,76217,69487,68297,68868,68489,68339,77054,76363,75859,76292,75917,65987,65247,65437,65935,65326
651,0,1,20,77373,76933,76184,76123,76795,69964,68764,69327,68956,68810,77636,76931,76435,76868,76483,66433,65698,65874,66392,65775
652,1,1,20,76756,76348,75565,75536,76177,69457,68259,68838,68462,68289,77029,76319,75838,76271,75911,65953,65209,65410,65910,65303
653,0,1,20,77353,76938,76150,76113,76768,69932,68744,69311,68938,68766,77620,76915,76427,76868,76485,66413,65670,65878,66379,65755
654,1,1,20,76792,76371,75587,75560,76203,69489,68273,68877,68460,68303,77047,76336,75844,76292,75916,65980,65214,65425,65915,65310
655,0,1,20,77384,76943,76155,76128,76790,69944,68742,69346,68926,68767,77636,76921,76434,76871,76502,66430,65668,65877,66384,65777
656,1,1,20,76766,76366,75572,75537,76194,69481,68276,68857,68456,68295,77033,76340,75846,76285,75909,65958,65199,65398,65916,65321
657,0,1,20,77349,76935,76153,76114,76786,69948,68746,69323,68934,68759,77628,76916,76430,76869,76483,66414,65658,65855,66363,65782
658,1,1,20,76774,76366,75579,75572,76188,69488,68288,68850,68468,68291,77046,76328,75855,76302,75913,65974,65228,65409,65922,65320
659,0,1,20,77377,76947,76168,76155,76795,69964,68766,69329,68955,68776,77631,76920,76445,76889,76502,66440,65689,65878,66400,65787
660,1,1,20,76763,76353,75579,75540,76198,69504,68279,68847,68483,68304,77035,76318,75831,76300,75917,65974,65219,65428,65933,65311
661,0,1,20,77353,76931,76166,76118,76779,69959,68750,69309,68956,68771,77610,76903,76427,76873,76492,66418,65673,65876,66392,65757
662,1,1,20,76756,76338,75564,75550,76193,69480,68256,68839,68474,68296,77015,76328,75836,76289,75891,65966,65229,65413,65928,65298
663,0,1,20,77340,76917,76148,76113,76785,69949,68733,69319,68947,68769,77604,76919,76427,76886,76465,66429,65677,65865,66377,65752
664,1,1,20,76783,76368,75581,75556,76205,69499,68298,68871,68500,68310,77058,76351,75841,76297,75914,65978,65243,65431,65929,65316
665,0,1,20,77361,76933,76142,76135,76779,69962,68766,69334,68959,68775,77640,76915,76434,76869,76481,66425,65700,65880,66377,65765
666,1,1,20,76772,76323,75574,75550,76189,69481,68275,68844,68464,68301,77032,76334,75820,76285,75898,65962,65211,65415,65917,65315
667,0,1,20,77358,76918,76142,76115,76780,69936,68736,69313,68940,68759,77615,76912,76414,76877,76481,66423,65673,65864,66387,65772
668,1,1,20,76773,76373,75570,75553,76212,69495,68290,68850,68479,68304,77045,76337,75843,76291,75914,65988,65222,65417,65917,65318
669,0,1,20,77344,76925,76125,76103,76783,69932,68737,69302,68927,68752,77611,76901,76391,76844,76464,66423,65661,65848,66364,65760
670,1,1,20,76790,76360,75587,75565,76202,69480,68286,68853,68476,68304,77046,76341,75821,76290,75919,65983,65211,65421,65927,65309
671,0,1,20,77392,76949,76182,76144,76792,69952,68759,69337,68952,68785,77632,76934,76413,76885,76505,66454,65673,65885,66400,65778
672,1,1,20,76772,76376,75601,75576,76201,69488,68300,68865,68481,68319,77049,76342,75844,76307,75935,65987,65230,65412,65935,65320
673,0,1,20,77354,76936,76169,76131,76774,69939,68745,69321,68927,68773,77626,76900,76410,76886,76483,66418,65670,65851,66372,65768
674,1,1,20,76783,76361,75595,75561,76192,69479,68285,68858,68477,68320,77040,76331,75829,76293,75914,65980,65206,65425,65916,65316
675,0,1,20,77369,76952,76167,76126,76783,69939,68755,69334,68948,68776,77632,76910,76407,76873,76483,66447,65666,65878,66381,65769
676,1,1,20,76813,76365,75592,75557,76205,69486,68295,68876,68473,68324,77073,76342,75857,76323,75938,66012,65227,65429,65950,65326
677,0,1,20,77378,76939,76145,76109,76786,69943,68743,69323,68928,68779,77617,76912,76420,76890,76494,66439,65662,65875,66387,65756
678,1,1,20,76781,76367,75580,75559,76206,69488,68295,68851,68493,68320,77064,76353,75858,76302,75920,65995,65222,65419,65937,65331
679,0,1,20,77342,76953,76149,76123,76773,69939,68762,69317,68941,68784,77629,76921,76438,76869,76491,66435,65671,65857,66384,65770
680,1,1,20,76775,76354,75569,75552,76195,69479,68301,68857,68464,68309,77044,76350,75831,76284,75918,65968,65222,65402,65921,65321
681,0,1,20,77375,76945,76148,76122,76787,69947,68772,69331,68927,68783,77644,76939,76436,76867,76498,66424,65684,65855,66382,65783
682,1,1,20,76785,76362,75593,75542,76194,69476,68296,68867,68470,68321,77054,76343,75845,76287,75922,65978,65232,65400,65929,65318
683,0,1,20,77373,76929,76159,76114,76776,69941,68762,69322,68932,68784,77623,76921,76420,76867,76492,66418,65670,65856,66383,65759
684,1,1,20,76766,76343,75564,75547,76181,69478,68282,68852,68447,68304,77042,76332,75826,76284,75911,65981,65226,65394,65908,65294
685,0,1,20,77355,76918,76137,76122,76770,69930,68748,69314,68915,68768,77618,76908,76414,76869,76481,66431,65681,65854,66373,65745
686,1,1,20,76772,76351,75587,75561,76188,69483,68285,68876,68485,68303,77052,76334,75844,76286,75918,65985,65234,65404,65913,65309
687,0,1,20,77356,76928,76165,76127,76775,69937,68744,69335,68949,68764,77627,76910,76411,76870,76490,66423,65676,65850,66368,65741
688,1,1,20,76780,76358,75581,75558,76202,69493,68301,68861,68481,68295,77058,76347,75842,76299,75909,65986,65232,65395,65922,65302
689,0,1,20,77353,76917,76138,76109,76766,69922,68764,69309,68916,68759,77617,76913,76416,76878,76476,66423,65660,65836,66362,65738
690,1,1,20,76785,76351,75603,75560,76203,69497,68313,68873,68478,68319,77062,76367,75861,76307,75934,65990,65240,65417,65935,65317
691,0,1,20,77367,76915,76167,76108,76775,69949,68768,69320,68929,68769,77626,76939,76415,76877,76499,66433,65687,65865,66388,65768
692,1,1,20,76799,76368,75605,75560,76220,69502,68315,68881,68475,68318,77070,76357,75849,76307,75918,65991,65238,65417,65941,65322
693,0,1,20,77384,76956,76175,76147,76817,69971,68780,69346,68948,68782,77645,76936,76434,76892,76506,66447,65701,65884,66412,65781
694,1,1,20,76784,76357,75567,75550,76180,69475,68284,68863,68479,68305,77034,76341,75846,76308,75937,65981,65238,65407,65930,65307
695,0,1,20,77357,76911,76122,76094,76755,69927,68729,69311,68947,68764,77605,76905,76423,76878,76492,66419,65671,65857,66368,65752
696,1,1,20,76775,76354,75581,75545,76187,69493,68295,68860,68482,68302,77040,76335,75853,76287,75924,65990,65228,65412,65937,65294
697,0,1,20,77356,76932,76145,76110,76770,69954,68744,69324,68931,68765,77614,76918,76416,76867,76494,66432,65668,65864,66390,65746
698,1,1,20,76782,76343,75585,75541,76189,69481,68288,68867,68472,68294,77047,76351,75846,76288,75918,65986,65204,65414,65910,65299
699,0,1,20,77370,76930,76155,76117,76766,69964,68764,69346,68930,68769,77610,76920,76430,76872,76490,66440,65650,65865,66370,65759
700,1,1,20,76760,76331,75570,75547,76190,69490,68301,68864,68474,68315,77048,76341,75855,76297,75911,65972,65216,65397,65921,65287
701,0,1,20,77355,76907,76142,76121,76775,69953,68760,69327,68939,68773,77614,76930,76423,76879,76490,66436,65668,65855,66375,65741
702,1,1,20,76768,76339,75575,75536,76188,69474,68268,68849,68452,68307,77016,76337,75839,76300,75916,65984,65228,65404,65902,65297
703,0,1,20,77352,76912,76137,76110,76765,69925,68729,69321,68922,68772,77601,76914,76420,76885,76478,66433,65673,65851,66364,65744
704,1,1,20,76770,76349,75595,75551,76206,69489,68280,68868,68480,68310,77043,76341,75838,76288,75923,65990,65216,65411,65905,65293
705,0,1,20,77351,76910,76157,76109,76773,69951,68755,69328,68946,68780,77608,76914,76427,76861,76483,66436,65658,65846,66341,65750
706,1,1,20,76771,76343,75582,75544,76204,69479,68269,68838,68468,68313,77019,76349,75848,76287,75932,65976,65204,65395,65903,65298
707,0,1,20,77360,76924,76147,76117,76785,69933,68734,69296,68937,68778,77609,76922,76413,76871,76507,66438,65658,65857,66354,65745
708,1,1,20,76775,76354,75597,75539,76186,69477,68287,68826,68476,68304,77038,76331,75836,76291,75918,65973,65199,65394,65899,65309
709,0,1,20,77341,76909,76145,76098,76758,69925,68738,69292,68937,68762,77604,76908,76416,76861,76473,66416,65641,65851,66350,65753
710,1,1,20,76772,76345,75597,75556,76195,69476,68282,68840,68470,68303,77033,76331,75841,76293,75918,65975,65222,65401,65897,65291
711,0,1,20,77367,76943,76164,76128,76783,69947,68744,69311,68946,68777,77620,76918,76435,76884,76496,66438,65687,65863,66359,65751
712,1,1,20,76763,76330,75571,75532,76180,69472,68274,68824,68457,68309,77027,76326,75822,76288,75903,65964,65210,65390,65890,65277
713,0,1,20,77379,76932,76169,76132,76792,69961,68754,69315,68955,68801,77626,76936,76422,76879,76499,66440,65688,65867,66372,65757
714,1,1,20,76785,76329,75591,75553,76187,69488,68275,68838,68472,68307,77032,76340,75824,76292,75922,65974,65220,65404,65912,65294
715,0,1,20,77372,76917,76166,76113,76780,69953,68745,69295,68940,68773,77617,76921,76414,76877,76496,66435,65677,65857,66373,65749
716,1,1,20,76768,76322,75601,75557,76200,69477,68275,68839,68455,68292,77031,76332,75840,76285,75916,65972,65206,65404,65905,65288
717,0,1,20,77352,76902,76173,76116,76777,69925,68741,69291,68930,68756,77621,76915,76424,76879,76488,66430,65654,65874,66373,65742
718,1,1,20,76758,76342,75579,75544,76179,69470,68267,68836,68465,68304,77047,76332,75841,76285,75907,65986,65204,65387,65905,65283
719,0,1,20,77354,76905,76156,76101,76758,69932,68730,69303,68927,68762,77617,76909,76418,76859,76472,66433,65649,65843,66357,65739
720,1,1,20,76795,76343,75609,75535,76193,69489,68278,68832,68468,68307,77038,76347,75850,76291,75918,65988,65210,65404,65909,65300
721,0,1,20,77368,76908,76172,76100,76769,69943,68741,69295,68921,68761,77612,76916,76412,76855,76476,66426,65662,65846,66352,65747
722,1,1,20,76754,76309,75575,75529,76182,69480,68270,68842,68441,68288,77040,76330,75831,76284,75900,65980,65198,65396,65906,65283
723,0,1,20,77345,76886,76145,76096,76764,69948,68737,69302,68898,68749,77618,76922,76416,76869,76470,66437,65656,65849,66344,65739
724,1,1,20,76761,76320,75594,75547,76170,69481,68273,68858,68464,68288,77051,76330,75821,76287,75904,65967,65205,65387,65901,65304
725,0,1,20,77349,76894,76160,76113,76743,69938,68733,69307,68926,68745,77625,76903,76398,76874,76473,66415,65651,65835,66355,65756
726,1,1,20,76786,76316,75603,75556,76207,69490,68291,68862,68473,68304,77073,76361,75851,76304,75913,65998,65224,65404,65928,65300
727,0,1,20,77353,76883,76156,76108,76763,69936,68735,69313,68916,68754,77614,76924,76416,76853,76460,66430,65651,65830,66367,65737
728,1,1,20,76794,76351,75581,75558,76205,69483,68289,68866,68472,68312,77076,76361,75850,76312,75913,65987,65227,65420,65927,65319
729,0,1,20,77374,76918,76144,76112,76779,69935,68752,69323,68924,68766,77632,76928,76432,76887,76476,66442,65663,65855,66377,65763
730,1,1,20,76794,76338,75578,75557,76200,69485,68281,68871,68476,68291,77040,76325,75839,76282,75932,65993,65207,65425,65930,65294
731,0,1,20,77395,76932,76146,76134,76788,69949,68745,69348,68950,68776,77612,76919,76440,76883,76513,66443,65663,65880,66389,65759
732,1,1,20,76793,76347,75590,75576,76211,69504,68304,68859,68489,68311,77078,76351,75851,76317,75940,65988,65231,65446,65939,65326
733,0,1,20,77359,76906,76142,76115,76769,69942,68742,69315,68935,68771,77628,76924,76425,76886,76500,66429,65665,65879,66377,65764
734,1,1,20,76765,76329,75562,75535,76179,69481,68271,68839,68460,68298,77044,76327,75827,76290,75915,65973,65225,65419,65922,65306
735,0,1,20,77359,76923,76140,76108,76791,69938,68746,69323,68942,68771,77632,76924,76438,76889,76501,66438,65673,65867,66389,65769
736,1,1,20,76739,76330,75568,75530,76175,69470,68283,68865,68463,68309,77020,76333,75830,76289,75931,65974,65233,65427,65922,65293
737,0,1,20,77341,76903,76138,76101,76765,69946,68750,69316,68936,68768,77616,76926,76419,76885,76500,66425,65685,65880,66371,65756
738,1,1,20,76768,76343,75585,75542,76192,69460,68286,68853,68461,68290,77059,76338,75826,76304,75918,65965,65220,65421,65918,65297
739,0,1,20,77353,76920,76149,76105,76772,69932,68739,69307,68931,68744,77633,76907,76413,76876,76490,66409,65671,65863,66375,65740
740,1,1,20,76769,76339,75562,75534,76172,69469,68278,68839,68437,68277,77040,76302,75827,76286,75914,65979,65216,65424,65903,65295
741,0,1,20,77369,76915,76156,76124,76770,69938,68739,69319,68931,68762,77623,76909,76437,76879,76487,66437,65667,65888,66373,65751
742,1,1,20,76759,76311,75568,75533,76193,69462,68281,68861,68471,68288,77033,76327,75822,76300,75913,65976,65201,65402,65910,65292
743,0,1,20,77343,76897,76139,76098,76774,69927,68743,69334,68936,68755,77605,76917,76415,76886,76496,66443,65674,65858,66372,65748
744,1,1,20,76779,76335,75584,75554,76203,69473,68288,68881,68452,68303,77050,76329,75852,76287,75923,65986,65202,65430,65936,65314
745,0,1,20,77388,76936,76177,76145,76804,69954,68762,69356,68950,68787,77640,76930,76447,76879,76508,66459,65684,65895,66405,65776
746,1,1,20,76771,76326,75586,75556,76212,69465,68284,68873,68470,68311,77051,76336,75853,76288,75924,65978,65230,65432,65933,65301
747,0,1,20,77361,76892,76153,76120,76773,69920,68741,69333,68911,68761,77622,76902,76424,76856,76484,66420,65677,65865,66385,65740
748,1,1,20,76787,76328,75583,75553,76188,69478,68279,68863,68470,68283,77057,76348,75844,76283,75937,65980,65233,65424,65933,65313
749,0,1,20,77379,76903,76148,76119,76772,69940,68744,69336,68944,68751,77637,76928,76441,76880,76515,66435,65683,65873,66390,65771
750,1,1,20,76789,76361,75604,75573,76216,69488,68306,68892,68473,68316,77068,76353,75858,76296,75947,65995,65239,65446,65954,65324
751,0,1,20,77353,76914,76142,76108,76769,69929,68742,69328,68922,68751,77625,76908,76415,76853,76493,66425,65668,65868,66383,65751
752,1,1,20,76780,76336,75576,75556,76185,69476,68281,68869,68452,68298,77033,76332,75817,76278,75922,65980,65221,65422,65921,65287
753,0,1,20,77384,76921,76170,76140,76775,69940,68753,69352,68945,68776,77632,76916,76418,76881,76510,66449,65677,65888,66393,65756
754,1,1,20,76784,76342,75579,75563,76192,69492,68298,68875,68476,68300,77058,76336,75844,76293,75939,65974,65221,65421,65918,65284
755,0,1,20,77366,76918,76145,76130,76762,69957,68759,69332,68934,68765,77640,76920,76425,76876,76502,66424,65669,65870,66361,65731
756,1,1,20,76810,76364,75603,75579,76211,69514,68313,68878,68480,68327,77064,76360,75840,76308,75943,65984,65240,65420,65926,65299
757,0,1,20,77389,76939,76177,76145,76799,69964,68780,69351,68944,68781,77642,76932,76430,76892,76505,66437,65695,65867,66380,65760
758,1,1,20,76794,76375,75599,75568,76208,69518,68311,68882,68474,68325,77065,76357,75868,76301,75936,66000,65226,65432,65933,65307
759,0,1,20,77369,76930,76141,76114,76774,69970,68762,69334,68920,68763,77619,76918,76415,76862,76499,66418,65663,65864,66381,65751
760,1,1,20,76786,76360,75608,75574,76188,69496,68307,68871,68473,68307,77073,76349,75834,76301,75943,65984,65243,65444,65939,65304
761,0,1,20,77375,76950,76181,76131,76768,69966,68773,69343,68950,68777,77643,76948,76432,76887,76514,66434,65690,65878,66393,65759
762,1,1,20,76781,76369,75578,75561,76182,69500,68299,68881,68484,68318,77058,76386,75839,76295,75948,65996,65238,65432,65943,65321
763,0,1,20,77375,76955,76160,76136,76768,69974,68773,69349,68944,68790,77661,76970,76440,76894,76522,66460,65695,65887,66413,65778
764,1,1,20,76769,76341,75569,75543,76167,69486,68272,68855,68464,68306,77034,76348,75819,76281,75914,65963,65211,65412,65905,65300
765,0,1,20,77361,76911,76155,76113,76760,69951,68736,69335,68939,68777,77619,76925,76419,76873,76496,66424,65678,65876,66366,65765
766,1,1,20,76772,76328,75569,75562,76187,69476,68282,68873,68467,68297,77034,76348,75825,76303,75912,65962,65212,65414,65916,65299
767,0,1,20,77347,76885,76121,76112,76759,69926,68727,69314,68919,68753,77600,76902,76394,76856,76467,66400,65653,65852,66354,65744
768,1,1,20,76763,76325,75566,75556,76181,69471,68285,68860,68463,68302,77043,76341,75826,76293,75926,65964,65211,65390,65907,65307
769,0,1,20,77335,76895,76132,76111,76768,69925,68738,69315,68911,68759,77609,76911,76401,76868,76485,66411,65643,65846,66357,65755
770,1,1,20,76792,76345,75606,75577,76202,69491,68296,68863,68493,68322,77042,76361,75843,76302,75937,65989,65238,65432,65933,65326
771,0,1,20,77361,76896,76159,76129,76767,69943,68737,69318,68936,68771,77606,76918,76418,76868,76483,66426,65679,65860,66371,65758
772,1,1,20,76790,76330,75586,75579,76189,69496,68300,68879,68470,68312,77039,76346,75837,76310,75923,65977,65236,65403,65927,65319
773,0,1,20,77362,76905,76133,76134,76770,69939,68758,69342,68931,68773,77599,76927,76418,76883,76473,66418,65668,65853,66364,65769
774,1,1,20,76797,76359,75596,75573,76205,69502,68311,68886,68483,68322,77048,76363,75843,76305,75923,65989,65248,65420,65921,65329
775,0,1,20,77360,76930,76150,76126,76768,69958,68764,69328,68924,68785,77609,76915,76406,76873,76484,66425,65692,65862,66364,65763
776,1,1,20,76755,76348,75553,75546,76173,69485,68279,68854,68465,68303,77033,76331,75823,76284,75915,65974,65226,65397,65907,65311
777,0,1,20,77349,76926,76132,76123,76758,69958,68747,69325,68920,68784,77621,76920,76405,76863,76489,66429,65682,65853,66361,65765
778,1,1,20,76799,76353,75607,75576,76199,69508,68305,68880,68474,68327,77068,76358,75837,76314,75939,65998,65234,65428,65927,65330
779,0,1,20,77352,76908,76153,76127,76767,69945,68744,69320,68924,68773,77626,76913,76393,76879,76490,66428,65649,65860,66369,65763
780,1,1,20,76778,76332,75571,75554,76192,69488,68290,68866,68453,68313,77031,76336,75845,76295,75911,65979,65223,65401,65916,65297
781,0,1,20,77361,76900,76132,76109,76758,69943,68746,69324,68903,68756,77594,76899,76414,76879,76473,66426,65656,65847,66365,65743
782,1,1,20,76777,76323,75579,75560,76196,69492,68284,68853,68468,68317,77057,76349,75835,76298,75922,65986,65207,65415,65908,65328
783,0,1,20,77353,76905,76142,76118,76774,69939,68744,69312,68921,68781,77636,76932,76403,76876,76487,66424,65665,65870,66358,65767
784,1,1,20,76783,76342,75572,75565,76179,69484,68280,68854,68467,68312,77038,76343,75843,76288,75903,65976,65224,65414,65904,65316
785,0,1,20,77365,76922,76142,76130,76766,69953,68746,69318,68936,68769,77608,76930,76425,76867,76497,66426,65684,65866,66349,65774
786,1,1,20,76786,76363,75593,75560,76192,69500,68303,68878,68471,68324,77049,76361,75857,76298,75935,65988,65251,65437,65926,65339
787,0,1,20,77354,76937,76153,76123,76775,69956,68761,69332,68934,68790,77626,76924,76432,76883,76502,66437,65691,65878,66373,65788
788,1,1,20,76767,76356,75584,75547,76179,69470,68271,68852,68459,68298,77044,76333,75833,76284,75908,65966,65220,65417,65907,65301
789,0,1,20,77363,76930,76155,76117,76774,69937,68739,69310,68931,68774,77621,76914,76417,76869,76483,66431,65668,65874,66367,65755
790,1,1,20,76779,76359,75595,75569,76201,69498,68286,68889,68474,68318,77065,76358,75859,76282,75912,65987,65228,65433,65926,65314
791,0,1,20,77356,76945,76157,76121,76789,69957,68752,69339,68936,68780,77641,76934,76434,76872,76484,66436,65674,65878,66375,65769
792,1,1,20,76759,76342,75569,75551,76186,69471,68274,68844,68439,68290,77041,76346,75830,76266,75896,65964,65201,65419,65905,65311
793,0,1,20,77358,76914,76136,76112,76775,69936,68745,69308,68907,68759,77614,76929,76411,76852,76473,66418,65653,65872,66357,65762
794,1,1,20,76772,76367,75575,75568,76198,69493,68302,68853,68459,68315,77059,76364,75847,76286,75915,65984,65242,65426,65925,65331
795,0,1,20,77364,76942,76145,76122,76785,69949,68745,69321,68919,68780,77624,76940,76431,76860,76476,66431,65680,65873,66365,65775
796,1,1,20,76771,76356,75596,75569,76213,69492,68300,68865,68456,68303,77029,76347,75835,76295,75908,65981,65232,65418,65941,65301
797,0,1,20,77362,76930,76164,76131,76795,69942,68778,69326,68921,68771,77615,76937,76426,76884,76481,66428,65684,65878,66407,65769
798,1,1,20,76741,76330,75548,75514,76162,69475,68257,68833,68438,68270,77015,76320,75806,76244,75891,65943,65195,65384,65899,65270
799,0,1,20,77337,76925,76138,76086,76764,69941,68734,69308,68908,68750,77614,76917,76399,76835,76470,66392,65647,65850,66361,65733
800,1,1,20,76753,76336,75558,75538,76169,69480,68283,68837,68442,68287,77033,76337,75810,76269,75897,65965,65206,65399,65902,65295
801,0,1,20,77357,76920,76136,76132,76768,69955,68756,69303,68921,68771,77620,76928,76405,76872,76476,66427,65667,65861,66370,65769
802,1,1,20,76761,76329,75556,75552,76191,69488,68274,68845,68438,68290,77032,76332,75809,76275,75898,65960,65215,65416,65906,65309
803,0,1,20,77358,76915,76139,76127,76777,69959,68738,69325,68900,68759,77620,76918,76403,76852,76480,66415,65669,65868,66359,65766
804,1,1,20,76779,76346,75587,75560,76193,69495,68295,68874,68473,68305,77070,76354,75816,76291,75918,65976,65215,65424,65929,65314
805,0,1,20,77361,76933,76154,76135,76772,69938,68753,69327,68945,68773,77630,76938,76411,76874,76498,66424,65660,65873,66378,65770
806,1,1,20,76793,76359,75592,75573,76195,69496,68290,68867,68486,68325,77074,76356,75850,76292,75930,65984,65223,65442,65921,65333
807,0,1,20,77370,76923,76157,76140,76786,69956,68754,69318,68946,68782,77630,76935,76433,76865,76495,66428,65672,65895,66378,65783
808,1,1,20,76775,76355,75593,75577,76193,69508,68295,68858,68461,68308,77070,76377,75842,76301,75921,65984,65224,65443,65937,65326
809,0,1,20,77340,76912,76148,76119,76757,69942,68739,69308,68912,68758,77634,76928,76418,76867,76469,66418,65658,65878,66360,65746
810,1,1,20,76767,76333,75591,75570,76208,69494,68288,68848,68469,68309,77065,76350,75826,76287,75915,65981,65223,65434,65913,65306
811,0,1,20,77360,76905,76160,76123,76790,69951,68742,69316,68928,68778,77644,76929,76410,76863,76489,66426,65676,65892,66377,65759
812,1,1,20,76779,76334,75567,75569,76191,69473,68287,68847,68461,68295,77049,76346,75829,76277,75897,65965,65222,65434,65904,65295
813,0,1,20,77369,76918,76156,76147,76781,69946,68745,69320,68934,68764,77632,76934,76413,76870,76484,66437,65693,65896,66381,65767
814,1,1,20,76787,76372,75593,75585,76209,69490,68306,68864,68495,68323,77077,76372,75857,76327,75926,66004,65239,65455,65939,65326
815,0,1,20,77358,76908,76143,76133,76773,69941,68749,69305,68933,68767,77621,76939,76421,76883,76469,66442,65675,65882,66371,65760
816,1,1,20,76773,76347,75587,75571,76200,69499,68294,68860,68483,68307,77059,76358,75831,76301,75916,65986,65227,65441,65922,65314
817,0,1,20,77357,76936,76163,76138,76781,69955,68755,69321,68941,68778,77636,76940,76410,76886,76487,66437,65681,65896,66381,65766
818,1,1,20,76788,76377,75594,75577,76200,69502,68289,68878,68483,68324,77050,76365,75840,76309,75916,65985,65242,65437,65936,65335
819,0,1,20,77368,76950,76155,76148,76797,69954,68745,69333,68927,68776,77624,76942,76421,76876,76485,66429,65689,65885,66373,65791
820,1,1,20,76779,76362,75579,75572,76208,69509,68292,68850,68462,68316,77042,76365,75845,76291,75918,65999,65238,65440,65939,65335
821,0,1,20,77361,76940,76153,76146,76797,69967,68771,69312,68929,68790,77625,76953,76430,76873,76493,66446,65686,65899,66384,65782
822,1,1,20,76781,76371,75589,75576,76211,69507,68297,68861,68480,68310,77060,76360,75852,76305,75926,65983,65225,65441,65923,65330
823,0,1,20,77379,76945,76159,76133,76802,69963,68758,69321,68950,68778,77646,76941,76432,76891,76497,66435,65678,65897,66385,65779
824,1,1,20,76802,76371,75593,75575,76213,69500,68269,68861,68466,68319,77060,76358,75832,76309,75910,65978,65236,65446,65939,65331
825,0,1,20,77382,76938,76150,76125,76784,69944,68743,69311,68910,68786,77620,76926,76415,76885,76485,66436,65672,65880,66392,65765
826,1,1,20,76777,76375,75591,75574,76202,69501,68296,68862,68481,68331,77054,76345,75855,76315,75919,65981,65242,65469,65948,65327
827,0,1,20,77373,76947,76156,76145,76777,69966,68768,69326,68952,68809,77628,76930,76431,76903,76499,66443,65685,65911,66407,65780
828,1,1,20,76780,76384,75595,75589,76210,69515,68309,68860,68493,68347,77080,76374,75840,76309,75910,65990,65229,65474,65941,65339
829,0,1,20,77369,76962,76173,76152,76803,69972,68769,69331,68959,68808,77653,76965,76438,76909,76496,66447,65682,65931,66410,65787
830,1,1,20,76771,76369,75606,75593,76225,69511,68306,68883,68478,68319,77031,76371,75854,76303,75908,65982,65245,65439,65938,65329
831,0,1,20,77351,76932,76162,76132,76777,69955,68748,69325,68924,68764,77601,76941,76411,76881,76461,66422,65673,65873,66354,65769
832,1,1,20,76779,76355,75601,75574,76220,69528,68304,68876,68483,68324,77035,76367,75841,76310,75929,65983,65233,65448,65934,65321
833,0,1,20,77358,76920,76151,76132,76777,69970,68757,69320,68932,68784,77602,76931,76414,76875,76495,66409,65663,65874,66372,65761
834,1,1,20,76786,76353,75598,75567,76208,69506,68290,68867,68473,68321,77063,76369,75855,76312,75925,65980,65221,65426,65946,65323
835,0,1,20,77364,76917,76160,76129,76781,69957,68743,69325,68926,68772,77625,76927,76436,76886,76487,66420,65665,65875,66391,65760
836,1,1,20,76782,76352,75569,75569,76213,69496,68295,68866,68465,68312,77061,76352,75856,76308,75920,65965,65218,65437,65940,65327
837,0,1,20,77365,76926,76152,76126,76795,69960,68751,69322,68925,68775,77640,76934,76431,76882,76485,66417,65662,65873,66385,65774
838,1,1,20,76780,76341,75601,75571,76195,69495,68277,68860,68450,68313,77056,76362,75838,76303,75910,65979,65218,65432,65930,65309
839,0,1,20,77364,76914,76171,76131,76781,69956,68739,69320,68917,68769,77628,76935,76405,76880,76478,66430,65656,65884,66388,65758
840,1,1,20,76793,76352,75586,75571,76220,69501,68298,68867,68483,68336,77066,76357,75861,76317,75907,65985,65234,65442,65941,65316
841,0,1,20,77367,76914,76148,76128,76795,69950,68746,69320,68936,68770,77630,76931,76422,76895,76466,66435,65674,65894,66378,65760
842,1,1,20,76783,76357,75588,75576,76218,69505,68299,68865,68478,68320,77068,76343,75839,76322,75928,65981,65237,65435,65937,65325
843,0,1,20,77366,76944,76165,76144,76795,69965,68765,69338,68951,68783,77629,76929,76424,76911,76503,66436,65687,65894,66398,65790
844,1,1,20,76775,76358,75591,75571,76219,69501,68304,68870,68474,68327,77051,76370,75845,76339,75916,65989,65231,65441,65948,65330
845,0,1,20,77362,76935,76158,76138,76796,69957,68759,69335,68947,68785,77637,76957,76432,76915,76488,66440,65680,65896,66412,65786
846,1,1,20,76769,76356,75597,75565,76202,69507,68300,68862,68473,68339,77047,76368,75844,76320,75941,65972,65224,65457,65946,65329
847,0,1,20,77346,76923,76138,76115,76783,69963,68756,69318,68930,68791,77618,76932,76419,76891,76497,66414,65669,65893,66396,65778
848,1,1,20,76780,76355,75590,75558,76218,69507,68298,68865,68485,68323,77044,76351,75831,76317,75930,65977,65233,65446,65925,65319
849,0,1,20,77368,76920,76153,76113,76773,69964,68759,69330,68945,68782,77613,76929,76406,76903,76490,66430,65676,65884,66375,65774
850,1,1,20,76793,76369,75595,75573,76219,69504,68302,68874,68478,68317,77047,76361,75841,76323,75926,65982,65226,65450,65946,65332
851,0,1,20,77370,76933,76160,76133,76792,69951,68771,69327,68946,68779,77632,76943,76416,76904,76484,66431,65675,65905,66410,65777
852,1,1,20,76806,76352,75597,75588,76208,69514,68321,68876,68503,68337,77055,76378,75849,76330,75945,65996,65240,65463,65963,65325
853,0,1,20,77396,76927,76159,76141,76796,69973,68783,69329,68967,68796,77643,76961,76429,76918,76501,66445,65686,65915,66408,65777
854,1,1,20,76766,76328,75580,75554,76211,69489,68298,68862,68470,68303,77031,76350,75822,76300,75907,65966,65207,65429,65934,65306
855,0,1,20,77365,76914,76152,76137,76801,69955,68772,69339,68933,68784,77623,76948,76411,76890,76485,66426,65682,65895,66403,65781
856,1,1,20,76798,76361,75598,75587,76224,69501,68308,68886,68490,68336,77061,76374,75852,76324,75925,66002,65245,65434,65951,65338
857,0,1,20,77373,76936,76170,76146,76803,69963,68770,69342,68968,68807,77637,76954,76430,76894,76504,66455,65692,65881,66410,65779
858,1,1,20,76797,76347,75596,75577,76209,69517,68323,68885,68498,68335,77047,76374,75843,76331,75932,66005,65254,65452,65957,65348
859,0,1,20,77386,76927,76173,76138,76784,69968,68771,69337,68962,68794,77615,76946,76413,76907,76498,66444,65700,65892,66407,65793
860,1,1,20,76773,76342,75568,75553,76190,69487,68293,68860,68487,68304,77046,76328,75825,76304,75908,65955,65216,65428,65928,65309
861,0,1,20,77365,76927,76152,76131,76786,69950,68763,69329,68953,68772,77619,76920,76409,76888,76481,66418,65676,65884,66402,65765
862,1,1,20,76776,76343,75592,75571,76200,69491,68289,68863,68495,68320,77043,76337,75811,76304,75914,65968,65229,65432,65943,65330
863,0,1,20,77366,76933,76168,76142,76788,69952,68753,69336,68960,68790,77611,76925,76412,76899,76488,66427,65688,65891,66408,65782
864,1,1,20,76784,76349,75603,75570,76213,69502,68309,68866,68494,68313,77065,76370,75835,76314,75920,65989,65247,65442,65941,65336
865,0,1,20,77389,76947,76185,76152,76806,69965,68776,69328,68974,68782,77642,76957,76437,76905,76500,66457,65705,65901,66403,65799
866,1,1,20,76780,76354,75599,75566,76200,69501,68298,68859,68489,68324,77055,76363,75821,76309,75922,65983,65240,65420,65944,65331
867,0,1,20,77377,76934,76169,76137,76784,69959,68765,69328,68956,68786,77636,76942,76412,76900,76499,66438,65689,65882,66401,65794
868,1,1,20,76787,76367,75577,75576,76203,69513,68297,68872,68497,68327,77049,76363,75824,76308,75913,65985,65248,65421,65948,65331
869,0,1,20,77391,76945,76135,76140,76795,69973,68775,69340,68964,68801,77630,76952,76424,76895,76477,66434,65701,65877,66403,65793
870,1,1,20,76802,76373,75583,75581,76223,69523,68305,68874,68503,68342,77074,76361,75839,76325,75925,65993,65255,65444,65941,65331
871,0,1,20,77378,76933,76138,76143,76796,69985,68763,69333,68961,68802,77654,76936,76428,76895,76484,66438,65703,65891,66393,65774
872,1,1,20,76778,76364,75590,75588,76193,69503,68314,68878,68488,68329,77050,76347,75841,76325,75924,65995,65251,65434,65932,65333
873,0,1,20,77370,76938,76169,76147,76775,69969,68767,69330,68941,68797,77642,76929,76424,76908,76492,66446,65699,65887,66385,65782
874,1,1,20,76791,76376,75590,75579,76224,69509,68321,68875,68479,68321,77047,76362,75853,76329,75929,65998,65260,65446,65950,65347
875,0,1,20,77380,76955,76167,76162,76810,69989,68786,69331,68943,68790,77629,76943,76437,76909,76502,66454,65711,65901,66413,65809
876,1,1,20,76771,76333,75586,75574,76204,69485,68296,68861,68467,68311,77049,76349,75832,76316,75915,65998,65228,65419,65935,65325
877,0,1,20,77358,76922,76158,76141,76797,69951,68772,69320,68943,68779,77608,76930,76418,76903,76486,66449,65685,65871,66386,65779
878,1,1,20,76787,76337,75579,75569,76182,69489,68307,68867,68466,68310,77037,76340,75817,76307,75926,65987,65225,65410,65919,65318
879,0,1,20,77383,76921,76145,76137,76771,69955,68767,69312,68945,68783,77617,76923,76406,76900,76502,66446,65677,65865,66369,65771
880,1,1,20,76794,76351,75593,75580,76211,69500,68308,68876,68487,68337,77056,76366,75853,76326,75933,66001,65236,65449,65937,65345
881,0,1,20,77363,76911,76154,76145,76787,69943,68772,69325,68943,68784,77616,76932,76418,76893,76485,66442,65672,65884,66378,65790
882,1,1,20,76803,76352,75586,75574,76200,69485,68319,68880,68489,68347,77056,76367,75844,76320,75924,66002,65243,65434,65946,65346
883,0,1,20,77372,76925,76162,76147,76788,69945,68788,69342,68966,68809,77631,76953,76433,76894,76490,66441,65693,65882,66395,65796
884,1,1,20,76775,76332,75563,75567,76204,69498,68297,68877,68486,68342,77068,76360,75838,76314,75904,66012,65247,65423,65929,65326
885,0,1,20,77386,76921,76173,76161,76803,69974,68781,69354,68973,68825,77656,76954,76437,76917,76498,66470,65715,65891,66410,65807
886,1,1,20,76804,76359,75603,75574,76214,69497,68308,68869,68505,68341,77072,76368,75834,76313,75922,66011,65248,65454,65952,65345
887,0,1,20,77389,76930,76176,76145,76807,69953,68774,69339,68963,68812,77663,76949,76428,76910,76511,66466,65704,65907,66409,65804
888,1,1,20,76824,76362,75616,75597,76230,69517,68345,68906,68512,68356,77099,76389,75859,76355,75935,66028,65262,65471,65966,65365
889,0,1,20,77400,76939,76174,76159,76804,69960,68804,69360,68969,68814,77660,76968,76428,76924,76494,66458,65703,65908,66410,65804
890,1,1,20,76783,76359,75589,75568,76223,69498,68316,68869,68494,68346,77053,76346,75838,76325,75923,66003,65248,65435,65942,65326
891,0,1,20,77374,76924,76162,76138,76806,69961,68782,69335,68955,68812,77634,76923,76420,76896,76486,66458,65699,65891,66403,65783
892,1,1,20,76794,76355,75587,75576,76210,69490,68310,68866,68488,68315,77045,76356,75829,76305,75919,65993,65244,65432,65939,65341
893,0,1,20,77376,76929,76151,76139,76788,69952,68773,69326,68950,68793,77635,76935,76402,76897,76491,66450,65692,65881,66394,65780
894,1,1,20,76788,76345,75567,75562,76215,69487,68295,68870,68478,68326,77067,76352,75852,76322,75936,65989,65224,65421,65925,65340
895,0,1,20,77380,76906,76137,76120,76793,69935,68752,69325,68935,68779,77633,76920,76436,76901,76497,66438,65664,65879,66383,65787
896,1,1,20,76791,76344,75589,75559,76224,69497,68308,68876,68483,68315,77036,76340,75841,76304,75922,65989,65235,65418,65948,65332
897,0,1,20,77374,76921,76163,76140,76803,69952,68769,69342,68947,68786,77612,76923,76425,76876,76499,66434,65691,65873,66405,65783
898,1,1,20,76787,76357,75579,75566,76210,69493,68310,68875,68467,68331,77055,76355,75838,76321,75938,66004,65245,65435,65942,65339
899,0,1,20,77380,76927,76159,76131,76787,69961,68784,69334,68946,68789,77635,76936,76414,76907,76510,66449,65690,65876,66391,65794
900,1,1,20,76795,76348,75592,75560,76217,69490,68296,68852,68486,68335,77063,76364,75834,76313,75917,65993,65226,65415,65947,65342
901,0,1,20,77373,76914,76158,76127,76797,69952,68759,69317,68943,68794,77624,76945,76420,76884,76487,66440,65676,65865,66395,65799
902,1,1,20,76776,76323,75566,75559,76205,69476,68288,68853,68473,68315,77038,76351,75833,76306,75909,65983,65212,65414,65924,65326
903,0,1,20,77382,76909,76150,76153,76791,69951,68762,69330,68956,68796,77613,76949,76429,76909,76491,66448,65669,65875,66392,65795
904,1,1,20,76801,76318,75580,75551,76207,69493,68303,68852,68489,68323,77031,76358,75822,76308,75921,65990,65219,65433,65945,65338
905,0,1,20,77377,76902,76147,76123,76794,69951,68765,69329,68953,68779,77607,76936,76416,76895,76490,66447,65684,65880,66399,65792
906,1,1,20,76771,76324,75581,75564,76212,69486,68299,68864,68483,68309,77045,76346,75839,76322,75916,65983,65206,65423,65926,65346
907,0,1,20,77357,76886,76138,76121,76782,69933,68747,69325,68936,68769,77614,76913,76410,76897,76488,66431,65648,65863,66374,65785
908,1,1,20,76791,76343,75580,75581,76227,69508,68309,68875,68480,68323,77060,76372,75842,76327,75934,66002,65225,65431,65943,65348
909,0,1,20,77383,76938,76173,76149,76812,69978,68782,69342,68953,68807,77645,76960,76437,76926,76508,66469,65687,65896,66398,65812
910,1,1,20,76794,76350,75600,75569,76230,69499,68319,68882,68486,68323,77034,76358,75841,76326,75906,65987,65244,65445,65934,65354
911,0,1,20,77366,76919,76166,76127,76790,69960,68771,69337,68942,68777,77609,76932,76410,76899,76463,66441,65689,65887,66392,65810
912,1,1,20,76776,76332,75580,75573,76222,69485,68308,68858,68479,68313,77048,76356,75850,76313,75923,65991,65227,65424,65933,65344
913,0,1,20,77363,76922,76158,76141,76797,69952,68781,69326,68958,68781,77639,76945,76442,76899,76499,66444,65690,65884,66383,65806
914,1,1,20,76780,76339,75610,75572,76214,69510,68296,68877,68487,68325,77067,76359,75832,76334,75928,66010,65239,65446,65937,65362
915,0,1,20,77364,76912,76167,76138,76783,69960,68757,69327,68944,68791,77633,76933,76406,76910,76489,66450,65685,65885,66383,65794
916,1,1,20,76780,76325,75584,75549,76214,69495,68294,68864,68464,68319,77041,76354,75850,76337,75926,65988,65231,65431,65927,65343
917,0,1,20,77379,76910,76146,76119,76794,69948,68757,69328,68941,68789,77623,76937,76436,76913,76503,66442,65678,65889,66392,65798
918,1,1,20,76765,76324,75587,75559,76207,69499,68290,68860,68472,68317,77061,76351,75832,76324,75904,65979,65218,65431,65914,65326
919,0,1,20,77358,76904,76153,76123,76785,69957,68745,69310,68936,68778,77623,76926,76407,76901,76477,66431,65659,65874,66370,65784
920,1,1,20,76776,76332,75577,75561,76217,69496,68295,68852,68469,68296,77046,76347,75842,76310,75918,65981,65235,65430,65929,65338
921,0,1,20,77377,76914,76151,76137,76805,69962,68764,69320,68945,68773,77646,76947,76437,76890,76495,66455,65688,65892,66400,65807
922,1,1,20,76781,76341,75571,75559,76202,69480,68281,68849,68454,68309,77031,76365,75834,76307,75930,65985,65223,65444,65919,65336
923,0,1,20,77369,76926,76145,76132,76778,69951,68746,69316,68922,68778,77610,76936,76426,76883,76497,66430,65688,65885,66368,65789
924,1,1,20,76792,76353,75587,75555,76212,69498,68316,68854,68487,68316,77051,76370,75852,76295,75937,65997,65231,65430,65923,65340
925,0,1,20,77374,76926,76151,76123,76794,69961,68768,69318,68950,68787,77633,76933,76429,76885,76492,66448,65677,65888,66396,65784
926,1,1,20,76773,76322,75575,75541,76189,69490,68303,68838,68467,68295,77039,76346,75847,76301,75896,65976,65209,65442,65912,65333
927,0,1,20,77375,76916,76159,76134,76793,69963,68778,69322,68953,68776,77636,76942,76439,76896,76486,66444,65684,65904,66387,65802
928,1,1,20,76779,76359,75582,75574,76215,69490,68318,68846,68488,68317,77068,76365,75862,76320,75934,65988,65245,65449,65933,65339
929,0,1,20,77365,76939,76171,76150,76803,69953,68781,69313,68960,68790,77644,76947,76446,76910,76498,66443,65690,65900,66389,65797
930,1,1,20,76766,76337,75561,75567,76192,69493,68301,68845,68484,68321,77045,76349,75832,76293,75908,65967,65222,65435,65917,65319
931,0,1,20,77358,76917,76138,76138,76777,69957,68774,69315,68950,68788,77634,76939,76419,76876,76493,66430,65678,65897,66369,65786
932,1,1,20,76788,76338,75572,75567,76207,69503,68301,68854,68475,68320,77055,76364,75837,76327,75911,65980,65227,65439,65928,65346
933,0,1,20,77371,76914,76124,76113,76775,69951,68756,69291,68927,68780,77623,76932,76403,76889,76473,66412,65657,65874,66368,65770
934,1,1,20,76811,76358,75584,75561,76208,69494,68322,68860,68487,68322,77057,76356,75846,76311,75902,65994,65215,65445,65947,65349
935,0,1,20,77366,76918,76139,76103,76776,69936,68772,69304,68947,68771,77609,76927,76402,76882,76471,66435,65651,65880,66371,65773
936,1,1,20,76786,76345,75576,75560,76203,69484,68290,68861,68463,68311,77075,76350,75832,76316,75910,65988,65221,65424,65923,65338
937,0,1,20,77375,76914,76146,76122,76789,69941,68758,69330,68933,68780,77652,76926,76415,76893,76482,66442,65664,65873,66388,65777
938,1,1,20,76771,76346,75548,75549,76190,69472,68285,68849,68469,68311,77049,76346,75818,76295,75894,65994,65220,65420,65923,65325
939,0,1,20,77339,76906,76110,76104,76768,69935,68737,69305,68931,68761,77623,76911,76400,76874,76461,66436,65659,65863,66385,65776
940,1,1,20,76793,76346,75588,75556,76215,69485,68300,68854,68486,68315,77059,76351,75846,76310,75910,66008,65222,65431,65922,65336
941,0,1,20,77369,76897,76151,76110,76782,69944,68759,69313,68940,68777,77629,76923,76411,76891,76468,66456,65678,65882,66377,65783
942,1,1,20,76784,76341,75588,75559,76216,69499,68273,68868,68485,68320,77051,76342,75838,76323,75920,65994,65233,65426,65937,65330
943,0,1,20,77368,76931,76145,76122,76794,69949,68738,69326,68947,68784,77620,76925,76408,76899,76497,66448,65673,65884,66385,65796
944,1,1,20,76773,76331,75567,75538,76190,69471,68279,68866,68476,68302,77059,76347,75821,76301,75916,65990,65197,65432,65913,65322
945,0,1,20,77364,76910,76138,76117,76782,69928,68758,69327,68956,68769,77638,76930,76412,76885,76484,66437,65665,65892,66364,65780
946,1,1,20,76797,76354,75579,75571,76194,69484,68293,68859,68491,68306,77047,76361,75834,76309,75928,65999,65226,65435,65926,65334
947,0,1,20,77395,76934,76159,76137,76774,69949,68768,69333,68954,68780,77617,76944,76417,76889,76494,66447,65682,65893,66373,65793
948,1,1,20,76803,76366,75603,75557,76218,69490,68301,68879,68498,68331,77074,76354,75845,76318,75931,66020,65246,65445,65933,65353
949,0,1,20,77369,76928,76164,76119,76785,69938,68743,69331,68955,68772,77648,76922,76417,76887,76493,66458,65693,65889,66388,65799
950,1,1,20,76777,76338,75585,75550,76185,69483,68299,68871,68471,68325,77055,76336,75826,76311,75899,65991,65225,65425,65932,65327
951,0,1,20,77366,76927,76168,76127,76768,69958,68768,69346,68943,68806,77654,76938,76425,76905,76487,66455,65696,65880,66399,65797
952,1,1,20,76777,76356,75579,75549,76195,69480,68302,68859,68471,68319,77057,76339,75826,76317,75922,65996,65221,65437,65940,65337
953,0,1,20,77370,76928,76149,76109,76776,69943,68773,69315,68943,68790,77633,76925,76413,76892,76489,66453,65676,65889,66392,65798
954,1,1,20,76791,76366,75589,75553,76198,69506,68304,68874,68480,68318,77074,76349,75837,76312,75914,65997,65222,65447,65933,65340
955,0,1,20,77389,76958,76178,76130,76793,69975,68787,69344,68968,68799,77662,76940,76444,76909,76501,66468,65680,65921,66401,65798
956,1,1,20,76783,76328,75586,75556,76196,69497,68301,68871,68475,68335,77064,76334,75837,76306,75914,65993,65214,65451,65930,65344
957,0,1,20,77371,76917,76152,76115,76775,69960,68763,69329,68950,68799,77647,76918,76421,76893,76483,66443,65663,65900,66390,65796
958,1,1,20,76778,76358,75591,75559,76198,69483,68297,68867,68487,68316,77091,76347,75835,76317,75913,66004,65214,65452,65932,65341
959,0,1,20,77340,76910,76148,76112,76768,69942,68742,69307,68949,68765,77646,76903,76396,76883,76471,66437,65644,65886,66367,65784
960,1,1,20,76795,76344,75592,75563,76202,69491,68300,68872,68490,68327,77043,76353,75833,76322,75933,65996,65244,65462,65950,65347
961,0,1,20,77386,76915,76158,76128,76779,69939,68757,69331,68940,68802,77623,76927,76419,76904,76500,66451,65682,65911,66406,65795
962,1,1,20,76800,76350,75574,75535,76192,69481,68284,68854,68492,68320,77063,76342,75823,76301,75922,66002,65231,65445,65932,65320
963,0,1,20,77370,76928,76136,76105,76780,69940,68750,69322,68944,68790,77633,76925,76405,76873,76489,66447,65667,65898,66386,65768
964,1,1,20,76798,76342,75579,75560,76184,69488,68299,68869,68485,68330,77059,76344,75834,76318,75910,65996,65224,65439,65923,65324
965,0,1,20,77371,76902,76138,76106,76748,69935,68754,69319,68943,68783,77610,76916,76404,76886,76462,66432,65658,65881,66366,65765
966,1,1,20,76812,76352,75599,75552,76205,69489,68315,68890,68475,68325,77064,76358,75843,76324,75925,65991,65228,65451,65920,65357
967,0,1,20,77384,76927,76166,76112,76791,69947,68774,69350,68943,68793,77648,76951,76420,76909,76501,66447,65680,65910,66381,65809
968,1,1,20,76808,76359,75591,75549,76197,69492,68321,68857,68485,68317,77058,76355,75836,76322,75918,66004,65235,65451,65928,65331
969,0,1,20,77392,76931,76171,76119,76789,69945,68787,69332,68949,68788,77639,76951,76421,76911,76490,66453,65677,65903,66380,65780
970,1,1,20,76806,76358,75602,75575,76185,69494,68307,68870,68490,68322,77049,76352,75855,76308,75927,65994,65240,65461,65926,65329
971,0,1,20,77389,76942,76173,76148,76777,69957,68777,69334,68952,68780,77637,76934,76431,76893,76500,66440,65689,65913,66382,65783
972,1,1,20,76777,76318,75575,75547,76180,69465,68285,68867,68464,68315,77051,76338,75828,76294,75895,65973,65223,65438,65918,65318
973,0,1,20,77368,76894,76158,76118,76759,69918,68758,69326,68929,68785,77610,76923,76413,76867,76456,66427,65683,65881,66365,65774
974,1,1,20,76789,76358,75586,75575,76211,69494,68322,68867,68482,68325,77077,76380,75855,76312,75930,66001,65236,65439,65931,65332
975,0,1,20,77362,76916,76154,76139,76792,69933,68781,69325,68955,68777,77643,76956,76423,76886,76486,66434,65685,65884,66385,65788
976,1,1,20,76805,76376,75607,75581,76231,69499,68323,68881,68503,68340,77066,76376,75859,76323,75942,65998,65254,65473,65965,65356
977,0,1,20,77384,76936,76156,76127,76792,69940,68768,69334,68960,68786,77622,76935,76427,76879,76495,66429,65690,65903,66396,65804
978,1,1,20,76782,76370,75618,75565,76204,69497,68306,68881,68507,68326,77055,76362,75847,76321,75938,65988,65241,65465,65939,65350
979,0,1,20,77366,76931,76183,76114,76784,69956,68766,69341,68964,68796,77638,76942,76419,76897,76508,66439,65681,65920,66387,65794
980,1,1,20,76789,76362,75609,75548,76213,69496,68321,68864,68474,68340,77040,76338,75837,76305,75919,65982,65232,65446,65929,65339
981,0,1,20,77376,76933,76171,76116,76791,69948,68775,69330,68945,68795,77611,76918,76424,76881,76485,66430,65680,65905,66390,65774
982,1,1,20,76783,76368,75621,75569,76206,69496,68312,68874,68499,68338,77064,76357,75842,76315,75918,65981,65235,65456,65945,65348
983,0,1,20,77369,76938,76189,76126,76783,69958,68789,69342,68975,68800,77638,76935,76440,76900,76498,66429,65693,65909,66406,65810
984,1,1,20,76789,76359,75600,75571,76198,69487,68311,68878,68499,68331,77043,76361,75831,76306,75925,65978,65226,65452,65935,65336
985,0,1,20,77396,76955,76201,76154,76802,69958,68788,69348,68975,68810,77643,76954,76436,76910,76512,66447,65693,65914,66414,65809
986,1,1,20,76795,76359,75590,75561,76216,69503,68302,68873,68494,68317,77055,76350,75851,76313,75923,66002,65243,65448,65925,65345
987,0,1,20,77389,76940,76154,76126,76799,69964,68777,69336,68961,68793,77635,76942,76431,76897,76504,66455,65690,65893,66388,65799
988,1,1,20,76791,76346,75604,75546,76202,69495,68297,68864,68486,68338,77054,76347,75832,76306,75920,65972,65235,65446,65938,65331
989,0,1,20,77384,76931,76174,76115,76778,69957,68765,69323,68948,68805,77633,76910,76407,76887,76487,66425,65679,65897,66388,65780
990,1,1,20,76809,76372,75593,75571,76206,69509,68314,68875,68498,68331,77055,76360,75847,76317,75930,65978,65241,65462,65947,65335
991,0,1,20,77376,76944,76157,76136,76781,69952,68763,69335,68959,68794,77638,76938,76420,76891,76502,66424,65681,65910,66397,65792
992,1,1,20,76790,76365,75611,75557,76185,69488,68299,68877,68478,68338,77031,76347,75839,76310,75928,65989,65220,65439,65947,65337
993,0,1,20,77365,76938,76171,76114,76758,69939,68766,69324,68926,68797,77598,76908,76410,76876,76479,66416,65675,65884,66393,65778
994,1,1,20,76803,76359,75594,75568,76186,69496,68300,68863,68475,68337,77042,76353,75857,76311,75924,66004,65215,65443,65950,65320
995,0,1,20,77390,76935,76171,76126,76765,69959,68754,69329,68939,68795,77635,76940,76431,76895,76479,66449,65665,65893,66399,65771
996,1,1,20,76800,76363,75591,75561,76205,69482,68305,68859,68478,68331,77041,76352,75839,76305,75904,66002,65231,65440,65939,65334
997,0,1,20,77386,76931,76152,76139,76773,69938,68758,69322,68944,68787,77621,76922,76420,76891,76480,66458,65683,65890,66397,65776
998,1,1,20,76787,76356,75576,75556,76214,69482,68312,68861,68491,68322,77032,76349,75843,76306,75937,65989,65232,65437,65933,65330
999,0,1,20,77380,76925,76147,76117,76800,69952,68779,69312,68955,68797,77605,76929,76430,76886,76490,66446,65676,65882,66381,65783
1000,1,1,20,76799,76340,75596,75566,76183,69497,68294,68858,68477,68310,77045,76347,75834,76307,75917,65989,65230,65429,65939,65332
1001,0,1,20,77383,76920,76171,76133,76762,69948,68758,69308,68940,68772,77621,76930,76425,76897,76494,66450,65681,65884,66394,65787
1002,1,1,20,76778,76334,75592,75545,76192,69455,68275,68825,68457,68313,77038,76339,75825,76298,75899,65958,65202,65410,65926,65307
1003,0,1,20,77367,76919,76154,76115,76774,69928,68737,69294,68930,68780,77618,76929,76414,76887,76483,66421,65658,65869,66375,65774
1004,1,1,20,76778,76351,75596,75558,76197,69485,68295,68867,68484,68302,77043,76366,75847,76303,75918,65983,65214,65433,65918,65329
1005,0,1,20,77347,76910,76154,76108,76758,69936,68742,69310,68933,68779,77607,76931,76415,76870,76481,66438,65657,65889,66378,65772
1006,1,1,20,76779,76379,75581,75568,76196,69493,68291,68842,68462,68320,77046,76359,75830,76310,75907,65978,65219,65424,65956,65321
1007,0,1,20,77364,76928,76136,76119,76767,69945,68739,69299,68908,68776,77618,76928,76409,76885,76463,66418,65652,65856,66391,65768
1008,1,1,20,76791,76327,75591,75529,76168,69486,68281,68855,68465,68312,77031,76350,75835,76302,75913,65976,65202,65432,65929,65322
1009,0,1,20,77372,76891,76147,76096,76756,69932,68745,69303,68926,68759,77598,76919,76416,76881,76470,66415,65650,65862,66375,65762
1010,1,1,20,76818,76331,75586,75557,76208,69503,68298,68863,68479,68317,77057,76365,75845,76310,75931,65994,65210,65434,65926,65340
1011,0,1,20,77419,76922,76185,76139,76801,69972,68774,69334,68953,68800,77649,76956,76431,76891,76502,66466,65680,65893,66403,65814
1012,1,1,20,76796,76336,75590,75556,76203,69484,68302,68851,68469,68306,77053,76372,75838,76308,75911,65988,65207,65430,65942,65306
1013,0,1,20,77370,76896,76158,76111,76763,69940,68757,69305,68934,68762,77621,76933,76417,76870,76480,66429,65647,65884,66392,65761
1014,1,1,20,76807,76364,75591,75556,76201,69463,68300,68866,68487,68319,77042,76356,75844,76298,75925,65994,65206,65453,65937,65323
1015,0,1,20,77386,76931,76149,76114,76767,69921,68757,69313,68950,68784,77613,76929,76417,76875,76478,66442,65654,65889,66381,65759
1016,1,1,20,76802,76368,75610,75567,76212,69512,68322,68878,68505,68319,77047,76376,75848,76323,75935,66009,65233,65462,65948,65329
1017,0,1,20,77395,76948,76174,76137,76788,69967,68775,69324,68971,68787,77629,76951,76428,76903,76497,66460,65677,65908,66414,65785
1018,1,1,20,76785,76346,75598,75569,76187,69471,68298,68849,68470,68330,77053,76348,75835,76306,75924,65984,65207,65433,65932,65313
1019,0,1,20,77366,76929,76156,76121,76776,69925,68752,69305,68933,68787,77626,76912,76413,76884,76497,66437,65663,65880,66382,65767
1020,1,1,20,76783,76347,75599,75556,76194,69469,68305,68863,68475,68316,77051,76346,75820,76283,75910,65993,65221,65422,65931,65323
1021,0,1,20,77374,76922,76166,76127,76777,69942,68769,69322,68950,68788,77626,76927,76422,76874,76488,66446,65660,65887,66390,65776
1022,1,1,20,76796,76352,75585,75555,76194,69481,68301,68856,68491,68318,77037,76348,75856,76306,75912,65985,65222,65429,65930,65329
1023,0,1,20,77360,76923,76147,76112,76769,69929,68752,69318,68949,68778,77604,76918,76426,76876,76478,66431,65665,65865,66379,65775
1024,1,1,20,76787,76329,75588,75549,76179,69465,68284,68844,68461,68305,77028,76341,75819,76297,75916,65991,65226,65422,65925,65322
1025,0,1,20,77367,76913,76171,76115,76775,69928,68741,69304,68922,68768,77613,76921,76400,76879,76487,66436,65672,65886,66370,65775
1026,1,1,20,76788,76358,75594,75568,76201,69478,68287,68859,68478,68313,77042,76363,75843,76304,75929,65998,65227,65447,65932,65329
1027,0,1,20,77364,76939,76158,76119,76778,69929,68744,69308,68936,68772,77622,76935,76422,76874,76495,66441,65671,65876,66380,65767
1028,1,1,20,76791,76356,75574,75541,76181,69476,68279,68845,68474,68324,77035,76346,75836,76299,75912,65986,65198,65431,65914,65333
1029,0,1,20,77398,76958,76165,76109,76773,69948,68761,69312,68966,68802,77622,76936,76437,76891,76490,66452,65656,65892,66383,65799
1030,1,1,20,76799,76357,75600,75537,76208,69507,68311,68852,68490,68318,77049,76356,75840,76310,75922,65997,65217,65450,65932,65343
1031,0,1,20,77374,76931,76162,76092,76776,69961,68752,69303,68948,68766,77619,76926,76418,76890,76479,66436,65663,65884,66381,65783
1032,1,1,20,76792,76344,75579,75552,76187,69478,68289,68846,68480,68310,77039,76346,75835,76309,75912,65995,65210,65422,65920,65331
1033,0,1,20,77376,76909,76148,76109,76755,69939,68757,69302,68930,68774,77612,76915,76419,76885,76485,66447,65636,65862,66363,65776
1034,1,1,20,76775,76318,75573,75532,76187,69471,68292,68831,68461,68293,77036,76328,75818,76302,75902,65971,65193,65415,65911,65309
1035,0,1,20,77361,76894,76138,76097,76764,69936,68745,69290,68912,68745,77602,76892,76390,76872,76473,66418,65630,65861,66366,65757
1036,1,1,20,76785,76346,75581,75548,76174,69485,68287,68844,68464,68297,77050,76325,75823,76297,75905,65972,65216,65430,65917,65326
1037,0,1,20,77377,76928,76167,76126,76775,69949,68755,69307,68942,68776,77612,76921,76414,76894,76488,66435,65680,65882,66376,65792
1038,1,1,20,76797,76347,75583,75557,76205,69500,68287,68851,68485,68318,77038,76337,75838,76302,75925,65994,65227,65431,65929,65338
1039,0,1,20,77397,76924,76159,76129,76784,69967,68758,69313,68950,68791,77622,76918,76429,76887,76498,66445,65675,65884,66388,65797
1040,1,1,20,76803,76349,75597,75570,76201,69504,68311,68867,68502,68319,77047,76338,75858,76323,75948,66003,65217,65435,65940,65335
1041,0,1,20,77390,76933,76154,76132,76782,69955,68773,69318,68966,68784,77622,76926,76449,76897,76518,66455,65670,65882,66384,65778
1042,1,1,20,76768,76347,75585,75546,76189,69475,68292,68841,68467,68292,77028,76329,75834,76295,75919,65975,65204,65413,65923,65307
1043,0,1,20,77359,76920,76162,76113,76777,69938,68759,69291,68933,68766,77614,76909,76434,76893,76487,66434,65651,65868,66379,65770
1044,1,1,20,76792,76345,75586,75562,76211,69502,68301,68835,68493,68314,77036,76342,75854,76316,75934,65999,65232,65433,65942,65322
1045,0,1,20,77387,76913,76160,76130,76792,69968,68760,69300,68951,68773,77625,76920,76422,76894,76499,66441,65671,65873,66393,65768
1046,1,1,20,76780,76342,75588,75547,76197,69495,68291,68843,68474,68292,77040,76342,75834,76311,75919,65979,65212,65423,65929,65314
1047,0,1,20,77365,76907,76139,76114,76775,69939,68752,69301,68929,68750,77602,76899,76410,76880,76480,66419,65661,65870,66381,65750
1048,1,1,20,76792,76363,75570,75552,76200,69482,68299,68856,68488,68316,77039,76333,75845,76314,75925,65984,65189,65423,65929,65315
1049,0,1,20,77370,76923,76148,76122,76778,69934,68761,69313,68938,68772,77613,76909,76417,76888,76488,66431,65637,65869,66390,65766
1050,1,1,20,76770,76358,75577,75544,76194,69494,68275,68838,68477,68308,77034,76327,75827,76312,75901,65982,65208,65420,65915,65309
1051,0,1,20,77342,76925,76137,76108,76779,69951,68724,69301,68937,68758,77614,76897,76403,76886,76467,66414,65658,65871,66373,65751
1052,1,1,20,76771,76355,75588,75557,76199,69498,68289,68854,68459,68293,77036,76331,75825,76309,75910,65993,65202,65427,65947,65339
1053,0,1,20,77354,76928,76129,76103,76769,69944,68738,69307,68906,68749,77600,76910,76404,76874,76475,66433,65644,65860,66383,65774
1054,1,1,20,76773,76352,75578,75545,76193,69471,68280,68854,68471,68292,77030,76331,75815,76308,75901,65995,65213,65416,65932,65319
1055,0,1,20,77367,76922,76154,76117,76788,69927,68756,69324,68938,68759,77604,76910,76401,76887,76481,66447,65669,65872,66385,65770
1056,1,1,20,76769,76320,75563,75540,76182,69460,68273,68836,68453,68284,77042,76330,75822,76303,75905,65978,65195,65420,65922,65297
1057,0,1,20,77371,76900,76140,76117,76773,69928,68753,69316,68925,68749,77634,76919,76412,76894,76488,66441,65659,65873,66385,65759
1058,1,1,20,76784,76347,75581,75564,76211,69490,68312,68840,68471,68312,77041,76339,75839,76321,75906,65988,65224,65438,65924,65334
1059,0,1,20,77363,76926,76148,76110,76779,69941,68770,69295,68929,68767,77599,76902,76417,76893,76471,66438,65653,65884,66381,65776
1060,1,1,20,76786,76333,75589,75564,76194,69487,68296,68827,68476,68301,77054,76324,75839,76322,75911,66001,65209,65420,65921,65317
1061,0,1,20,77363,76898,76149,76122,76770,69932,68750,69295,68936,68781,77612,76898,76410,76890,76478,66446,65646,65855,66375,65769
1062,1,1,20,76785,76304,75580,75541,76188,69475,68281,68828,68489,68295,77025,76318,75824,76288,75903,65984,65212,65407,65917,65308
1063,0,1,20,77386,76895,76159,76108,76779,69931,68757,69298,68940,68761,77621,76904,76402,76878,76474,66447,65670,65862,66374,65756
1064,1,1,20,76797,76329,75592,75576,76203,69493,68302,68859,68474,68319,77055,76335,75846,76310,75908,65989,65224,65429,65948,65331
1065,0,1,20,77366,76889,76151,76116,76770,69941,68749,69307,68938,68764,77607,76899,76413,76882,76456,66433,65649,65868,66390,65757
1066,1,1,20,76759,76322,75566,75548,76184,69470,68267,68837,68462,68306,77038,76325,75830,76293,75903,65977,65194,65410,65919,65302
1067,0,1,20,77359,76913,76145,76117,76763,69933,68746,69305,68933,68771,77627,76921,76409,76896,76480,66445,65646,65866,66379,65759
1068,1,1,20,76791,76351,75577,75557,76182,69478,68281,68851,68457,68295,77055,76335,75830,76294,75904,65998,65221,65415,65913,65313
1069,0,1,20,77371,76923,76140,76130,76767,69937,68749,69307,68927,68760,77620,76913,76410,76874,76480,66454,65669,65864,66376,65773
1070,1,1,20,76765,76329,75574,75556,76189,69471,68282,68831,68457,68282,77014,76333,75819,76288,75913,65984,65204,65419,65901,65311
1071,0,1,20,77368,76924,76142,76124,76780,69934,68755,69311,68926,68762,77601,76902,76398,76873,76487,66440,65668,65871,66366,65768
1072,1,1,20,76779,76348,75568,75565,76202,69487,68293,68851,68481,68305,77030,76334,75844,76295,75913,65988,65204,65416,65925,65312
1073,0,1,20,77363,76913,76147,76134,76778,69941,68755,69305,68948,68760,77617,76911,76416,76870,76488,66441,65657,65876,66374,65760
1074,1,1,20,76791,76350,75595,75569,76201,69478,68302,68850,68473,68308,77055,76328,75833,76302,75917,65994,65222,65429,65929,65323
1075,0,1,20,77370,76932,76165,76136,76779,69943,68759,69319,68936,68763,77642,76906,76409,76881,76484,66437,65680,65879,66371,65771
1076,1,1,20,76788,76354,75588,75563,76205,69505,68300,68858,68491,68313,77052,76330,75845,76305,75923,66003,65225,65435,65918,65320
1077,0,1,20,77386,76930,76165,76136,76780,69957,68761,69319,68948,68773,77621,76928,76423,76886,76498,66462,65677,65891,66371,65786
1078,1,1,20,76758,76321,75584,75558,76183,69475,68284,68837,68441,68278,77037,76336,75830,76280,75910,65983,65219,65416,65895,65309
1079,0,1,20,77331,76888,76148,76115,76757,69932,68747,69294,68900,68742,77603,76913,76388,76860,76470,66431,65658,65864,66342,65751
1080,1,1,20,76775,76344,75571,75545,76205,69494,68287,68837,68437,68282,77045,76352,75824,76292,75897,65990,65216,65422,65895,65313
1081,0,1,20,77382,76935,76155,76120,76797,69977,68766,69320,68933,68773,77639,76945,76413,76883,76492,66451,65678,65897,66362,65775
1082,1,1,20,76806,76353,75593,75574,76219,69520,68309,68870,68485,68300,77076,76355,75847,76311,75911,66014,65232,65451,65929,65332
1083,0,1,20,77383,76928,76158,76128,76805,69983,68771,69334,68950,68771,77653,76933,76434,76892,76498,66462,65683,65906,66385,65789
1084,1,1,20,76790,76331,75578,75555,76195,69495,68300,68833,68455,68296,77040,76344,75821,76303,75900,65991,65216,65447,65918,65318
1085,0,1,20,77378,76894,76157,76120,76777,69961,68753,69301,68933,68765,77628,76920,76400,76877,76484,66435,65664,65896,66372,65768
1086,1,1,20,76790,76349,75596,75574,76207,69514,68303,68855,68486,68320,77055,76350,75850,76302,75922,66016,65238,65447,65917,65333
1087,0,1,20,77373,76918,76162,76127,76777,69966,68759,69307,68940,68772,77620,76916,76417,76878,76474,66463,65688,65884,66356,65781
1088,1,1,20,76803,76347,75595,75579,76175,69503,68292,68849,68468,68297,77059,76346,75826,76299,75926,65993,65236,65444,65926,65317
1089,0,1,20,77393,76928,76168,76137,76770,69960,68755,69315,68940,68757,77631,76930,76407,76878,76495,66442,65686,65892,66386,65768
1090,1,1,20,76784,76343,75587,75556,76205,69481,68291,68839,68470,68298,77054,76340,75827,76306,75905,65997,65229,65423,65924,65312
1091,0,1,20,77375,76907,76143,76110,76785,69941,68743,69303,68941,68772,77618,76916,76410,76890,76477,66446,65671,65878,66369,65753
1092,1,1,20,76795,76364,75608,75579,76219,69508,68310,68874,68480,68305,77070,76353,75834,76322,75934,65998,65235,65455,65939,65321
1093,0,1,20,77363,76927,76153,76124,76788,69948,68754,69320,68947,68766,77623,76920,76405,76883,76485,66437,65657,65887,66380,65767
1094,1,1,20,76762,76340,75579,75550,76209,69473,68300,68830,68463,68300,77027,76339,75828,76308,75891,65978,65223,65428,65921,65308
1095,0,1,20,77340,76902,76132,76109,76774,69930,68763,69295,68924,68751,77595,76906,76400,76875,76459,66426,65660,65872,66364,65757
1096,1,1,20,76779,76350,75576,75545,76215,69500,68305,68852,68474,68313,77051,76342,75831,76307,75911,65988,65227,65448,65925,65327
1097,0,1,20,77378,76941,76158,76125,76795,69960,68759,69316,68932,68786,77630,76931,76412,76890,76487,66445,65683,65897,66384,65779
1098,1,1,20,76772,76365,75604,75582,76224,69515,68319,68868,68494,68322,77067,76351,75850,76329,75937,65994,65243,65450,65930,65353
1099,0,1,20,77363,76937,76161,76140,76792,69962,68770,69328,68944,68778,77632,76924,76423,76897,76508,66436,65683,65887,66383,65801
1100,1,1,20,76791,76366,75596,75561,76207,69508,68308,68854,68491,68338,77048,76360,75837,76303,75918,65977,65235,65427,65921,65317
1101,0,1,20,77371,76940,76162,76131,76775,69958,68765,69314,68954,68788,77615,76920,76409,76868,76477,66421,65680,65880,66375,65764
1102,1,1,20,76791,76352,75604,75573,76220,69496,68316,68859,68497,68330,77048,76340,75847,76313,75905,65979,65243,65432,65933,65340
1103,0,1,20,77385,76932,76173,76134,76801,69962,68768,69326,68965,68788,77625,76919,76421,76894,76476,66437,65695,65889,66392,65789
1104,1,1,20,76783,76351,75581,75561,76184,69502,68298,68841,68476,68311,77048,76334,75829,76302,75915,65978,65233,65432,65929,65319
1105,0,1,20,77356,76917,76160,76126,76759,69950,68762,69302,68940,68771,77630,76912,76411,76890,76487,66425,65681,65881,66380,65772
1106,1,1,20,76787,76342,75584,75559,76199,69505,68329,68859,68490,68308,77068,76339,75831,76318,75913,66007,65247,65445,65923,65345
1107,0,1,20,77370,76924,76164,76122,76775,69961,68784,69325,68954,68773,77646,76924,76412,76895,76481,66455,65703,65884,66377,65792
1108,1,1,20,76828,76371,75615,75569,76211,69527,68338,68872,68509,68336,77075,76361,75857,76340,75936,66018,65254,65451,65954,65343
1109,0,1,20,77396,76923,76155,76136,76781,69968,68788,69314,68955,68789,77629,76942,76431,76900,76496,66448,65686,65889,66390,65786
1110,1,1,20,76794,76368,75607,75553,76190,69498,68318,68864,68480,68315,77059,76374,75842,76318,75924,65996,65220,65431,65916,65329
1111,0,1,20,77388,76952,76177,76130,76787,69964,68783,69343,68954,68786,77639,76959,76431,76910,76498,66457,65682,65893,66391,65788
1112,1,1,20,76819,76348,75617,75570,76218,69504,68335,68884,68489,68325,77070,76354,75845,76327,75919,66009,65251,65448,65943,65338
1113,0,1,20,77380,76914,76169,76121,76780,69955,68784,69339,68947,68780,77630,76920,76411,76878,76467,66437,65689,65893,66387,65780
1114,1,1,20,76803,76355,75617,75576,76227,69510,68325,68880,68510,68328,77068,76362,75850,76311,75931,66001,65243,65438,65932,65343
1115,0,1,20,77375,76936,76180,76139,76800,69965,68789,69338,68966,68800,77636,76938,76420,76898,76492,66451,65693,65888,66378,65800
1116,1,1,20,76794,76367,75605,75588,76217,69494,68325,68879,68501,68330,77064,76355,75854,76311,75918,66004,65236,65455,65919,65334
1117,0,1,20,77381,76947,76164,76143,76791,69955,68789,69328,68959,68789,77635,76933,76428,76890,76489,66455,65691,65907,66381,65775
1118,1,1,20,76791,76359,75590,75570,76203,69506,68320,68871,68480,68326,77050,76348,75844,76318,75925,65989,65234,65439,65927,65336
1119,0,1,20,77364,76921,76162,76134,76793,69960,68783,69316,68939,68790,77620,76913,76428,76894,76479,66435,65682,65884,66381,65781
1120,1,1,20,76756,76350,75602,75564,76202,69487,68309,68856,68476,68313,77026,76339,75827,76308,75903,65966,65220,65429,65917,65308
1121,0,1,20,77352,76908,76167,76128,76790,69941,68769,69309,68957,68777,77620,76905,76411,76893,76477,66428,65664,65882,66368,65755
1122,1,1,20,76790,76358,75614,75566,76229,69497,68307,68875,68499,68315,77051,76348,75868,76329,75916,65995,65230,65452,65923,65313
1123,0,1,20,77352,76921,76168,76127,76793,69950,68750,69315,68952,68782,77613,76914,76433,76888,76473,66424,65683,65888,66380,65759
1124,1,1,20,76795,76362,75597,75584,76228,69520,68308,68864,68495,68321,77067,76351,75868,76322,75922,65995,65235,65454,65931,65343
1125,0,1,20,77371,76914,76144,76129,76793,69957,68753,69301,68943,68767,77618,76914,76424,76878,76484,66434,65668,65892,66379,65780
1126,1,1,20,76775,76335,75582,75543,76200,69489,68297,68850,68460,68304,77043,76340,75835,76279,75914,65973,65208,65407,65924,65315
1127,0,1,20,77385,76937,76170,76128,76808,69967,68781,69336,68943,68789,77626,76933,76432,76883,76498,66449,65679,65886,66388,65780
1128,1,1,20,76794,76348,75600,75561,76204,69489,68301,68871,68494,68314,77055,76348,75844,76327,75925,65986,65231,65436,65944,65321
1129,0,1,20,77369,76928,76169,76119,76794,69953,68763,69324,68955,68779,77634,76920,76439,76902,76488,66435,65678,65891,66389,65772
1130,1,1,20,76794,76340,75595,75573,76211,69486,68295,68863,68483,68299,77064,76361,75854,76321,75922,65990,65239,65437,65947,65319
1131,0,1,20,77377,76911,76163,76128,76772,69935,68742,69303,68941,68754,77635,76914,76412,76884,76474,66426,65673,65887,66392,65755
1132,1,1,20,76790,76348,75600,75560,76197,69492,68308,68869,68465,68307,77040,76357,75834,76312,75903,65974,65221,65409,65935,65314
1133,0,1,20,77386,76925,76181,76127,76781,69954,68774,69326,68939,68771,77638,76931,76417,76901,76496,66437,65681,65865,66396,65769
1134,1,1,20,76790,76342,75597,75553,76202,69492,68311,68847,68479,68300,77053,76346,75834,76303,75907,65982,65227,65446,65929,65315
1135,0,1,20,77376,76914,76165,76122,76785,69949,68775,69309,68946,68758,77629,76921,76428,76888,76464,66430,65683,65900,66385,65771
1136,1,1,20,76796,76391,75615,75585,76211,69515,68325,68865,68508,68314,77056,76364,75855,76315,75919,65992,65244,65449,65949,65335
1137,0,1,20,77372,76954,76184,76145,76790,69965,68783,69342,68961,68778,77645,76932,76436,76907,76494,66438,65692,65895,66398,65790
1138,1,1,20,76792,76350,75598,75578,76215,69501,68312,68865,68503,68316,77070,76360,75859,76341,75932,65984,65236,65433,65938,65330
1139,0,1,20,77367,76928,76163,76134,76797,69952,68770,69322,68960,68766,77635,76932,76436,76910,76497,66435,65679,65888,66388,65778
1140,1,1,20,76774,76353,75587,75562,76192,69486,68301,68844,68481,68287,77054,76330,75841,76300,75923,65965,65232,65414,65912,65309
1141,0,1,20,77372,76937,76154,76124,76781,69954,68765,69310,68945,68751,77619,76906,76428,76883,76497,66413,65685,65870,66367,65761
1142,1,1,20,76806,76371,75600,75578,76222,69522,68314,68872,68495,68315,77077,76367,75855,76327,75948,65978,65236,65443,65931,65319
1143,0,1,20,77387,76940,76168,76140,76798,69978,68781,69330,68952,68771,77649,76930,76434,76905,76510,66430,65680,65886,66385,65770
1144,1,1,20,76760,76356,75591,75570,76217,69495,68317,68851,68481,68297,77047,76336,75830,76316,75926,65974,65217,65415,65918,65312
1145,0,1,20,77364,76944,76175,76149,76797,69966,68774,69323,68943,68763,77639,76918,76422,76906,76505,66431,65677,65879,66390,65760
1146,1,1,20,76807,76370,75629,75571,76224,69515,68312,68875,68510,68317,77049,76376,75849,76334,75926,65998,65235,65450,65956,65331
1147,0,1,20,77372,76937,76183,76130,76797,69957,68764,69325,68957,68776,77618,76950,76431,76910,76489,66433,65671,65890,66391,65777
1148,1,1,20,76818,76372,75617,75591,76237,69521,68318,68887,68506,68324,77059,76369,75868,76320,75955,66007,65250,65471,65960,65334
1149,0,1,20,77390,76934,76167,76140,76799,69956,68767,69330,68954,68770,77615,76935,76442,76898,76508,66438,65679,65905,66399,65778
1150,1,1,20,76784,76370,75604,75562,76218,69496,68302,68861,68503,68322,77037,76347,75847,76322,75935,66002,65232,65453,65935,65329
1151,0,1,20,77362,76936,76161,76119,76796,69956,68762,69321,68956,68788,77621,76922,76426,76898,76502,66450,65670,65901,66382,65777
1152,1,1,20,76787,76368,75600,75562,76218,69488,68297,68858,68488,68299,77046,76347,75844,76318,75923,65990,65228,65439,65927,65320
1153,0,1,20,77365,76937,76161,76133,76797,69951,68748,69312,68940,68778,77630,76940,76417,76894,76499,66432,65677,65885,66378,65765
1154,1,1,20,76766,76343,75601,75567,76217,69496,68291,68848,68494,68304,77052,76350,75860,76313,75923,65978,65228,65448,65931,65336
1155,0,1,20,77372,76917,76167,76127,76796,69952,68751,69303,68953,68759,77635,76930,76426,76899,76484,66433,65668,65897,66390,65793
1156,1,1,20,76781,76351,75602,75593,76212,69507,68308,68865,68499,68333,77068,76359,75842,76331,75926,66004,65249,65464,65948,65342
1157,0,1,20,77350,76907,76148,76130,76777,69947,68746,69311,68934,68777,77626,76915,76409,76889,76473,66434,65668,65885,66393,65768
1158,1,1,20,76774,76340,75585,75570,76199,69483,68301,68850,68484,68303,77038,76359,75847,76322,75933,65998,65223,65444,65959,65320
1159,0,1,20,77370,76912,76176,76148,76793,69961,68757,69321,68970,68767,77615,76940,76435,76911,76503,66457,65687,65900,66410,65777
1160,1,1,20,76780,76341,75603,75577,76203,69494,68298,68870,68475,68304,77058,76362,75832,76319,75936,65987,65224,65450,65955,65329
1161,0,1,20,77373,76922,76170,76128,76789,69955,68764,69327,68932,68762,77636,76938,76431,76908,76505,66430,65677,65900,66405,65771
1162,1,1,20,76797,76353,75600,75575,76206,69484,68301,68867,68492,68318,77057,76352,75862,76324,75927,65985,65244,65431,65948,65337
1163,0,1,20,77379,76921,76169,76139,76787,69947,68772,69335,68956,68777,77635,76929,76431,76895,76502,66441,65679,65885,66408,65787
1164,1,1,20,76777,76344,75601,75565,76187,69495,68300,68858,68477,68307,77043,76361,75838,76299,75907,65997,65221,65436,65938,65314
1165,0,1,20,77359,76919,76149,76129,76761,69950,68762,69321,68938,68777,77606,76931,76411,76878,76474,66437,65655,65883,66388,65772
1166,1,1,20,76777,76340,75608,75564,76192,69492,68298,68863,68486,68321,77056,76349,75851,76312,75934,65986,65224,65430,65931,65320
1167,0,1,20,77348,76912,76165,76124,76765,69943,68754,69321,68947,68774,77633,76911,76426,76886,76497,66433,65669,65884,66391,65763
1168,1,1,20,76784,76330,75600,75556,76190,69487,68284,68864,68478,68330,77043,76347,75844,76304,75906,65979,65227,65416,65930,65307
1169,0,1,20,77355,76877,76166,76107,76766,69939,68724,69309,68935,68774,77602,76910,76402,76880,76461,66419,65669,65859,66369,65742
1170,1,1,20,76793,76338,75604,75562,76217,69498,68300,68855,68467,68317,77040,76358,75834,76309,75926,65995,65218,65424,65931,65311
1171,0,1,20,77366,76886,76144,76102,76770,69939,68751,69298,68918,68762,77592,76920,76392,76863,76472,66424,65658,65856,66379,65740
1172,1,1,20,76794,76373,75612,75587,76224,69507,68306,68882,68486,68348,77081,76362,75874,76329,75948,66026,65262,65454,65969,65341
1173,0,1,20,77367,76914,76170,76139,76791,69954,68753,69334,68930,68778,77636,76925,76441,76888,76489,66456,65688,65882,66399,65774
1174,1,1,20,76783,76365,75623,75566,76223,69496,68303,68873,68484,68329,77066,76352,75860,76313,75923,66001,65239,65432,65955,65328
1175,0,1,20,77362,76928,76174,76111,76787,69940,68750,69322,68944,68776,77634,76908,76417,76879,76483,66439,65679,65875,66390,65773
1176,1,1,20,76778,76359,75598,75563,76217,69492,68304,68861,68502,68331,77056,76344,75836,76320,75927,65987,65252,65445,65946,65326
1177,0,1,20,77366,76938,76165,76131,76791,69945,68756,69303,68961,68780,77634,76924,76415,76896,76495,66437,65685,65886,66395,65777
1178,1,1,20,76791,76369,75610,75564,76217,69498,68310,68868,68501,68314,77059,76335,75846,76319,75932,65997,65251,65458,65960,65347
1179,0,1,20,77378,76945,76172,76127,76791,69952,68782,69330,68966,68785,77627,76930,76427,76893,76501,66442,65701,65909,66412,65790
1180,1,1,20,76790,76353,75607,75585,76218,69500,68306,68873,68489,68314,77062,76356,75846,76323,75914,65975,65241,65441,65938,65329
1181,0,1,20,77388,76942,76194,76154,76807,69959,68772,69335,68960,68786,77655,76931,76446,76905,76500,66440,65705,65902,66390,65787
1182,1,1,20,76782,76351,75624,75573,76210,69495,68302,68865,68496,68332,77071,76363,75849,76320,75934,65992,65234,65441,65950,65336
1183,0,1,20,77367,76936,76189,76141,76794,69961,68775,69337,68964,68801,77647,76951,76443,76903,76502,66446,65693,65899,66407,65800
1184,1,1,20,76773,76345,75605,75568,76205,69502,68300,68859,68477,68311,77066,76349,75854,76315,75922,65983,65234,65440,65937,65327
1185,0,1,20,77359,76912,76170,76124,76773,69948,68757,69309,68935,68775,77622,76923,76412,76882,76480,66429,65679,65887,66388,65780
1186,1,1,20,76796,76328,75606,75570,76212,69476,68278,68873,68484,68306,77068,76358,75841,76317,75922,65983,65247,65452,65945,65334
1187,0,1,20,77379,76907,76184,76139,76793,69948,68742,69339,68948,68773,77633,76929,76411,76890,76487,66429,65686,65902,66398,65786
1188,1,1,20,76785,76355,75621,75575,76221,69494,68311,68865,68481,68319,77053,76362,75858,76309,75938,65995,65246,65456,65951,65331
1189,0,1,20,77363,76917,76185,76122,76789,69941,68760,69315,68933,68772,77632,76922,76426,76875,76491,66421,65680,65888,66385,65769
1190,1,1,20,76786,76340,75612,75568,76224,69487,68297,68874,68494,68328,77069,76358,75862,76326,75926,65993,65240,65454,65945,65333
1191,0,1,20,77367,76922,76177,76139,76803,69954,68762,69342,68957,68795,77647,76941,76440,76903,76494,66438,65681,65903,66397,65789
1192,1,1,20,76815,76360,75634,75592,76233,69519,68325,68903,68519,68350,77108,76378,75875,76328,75954,66019,65269,65469,65964,65362
1193,0,1,20,77391,76929,76197,76150,76813,69984,68790,69351,68979,68812,77667,76959,76449,76912,76538,66471,65716,65914,66414,65804
1194,1,1,20,76806,76370,75625,75599,76227,69508,68320,68901,68521,68339,77090,76379,75868,76335,75945,66015,65252,65473,65953,65345
1195,0,1,20,77374,76927,76170,76139,76792,69933,68756,69343,68954,68777,77641,76932,76422,76884,76482,66437,65671,65895,66379,65781
1196,1,1,20,76808,76342,75612,75594,76222,69505,68313,68876,68496,68341,77074,76380,75856,76327,75944,66005,65258,65441,65943,65343
1197,0,1,20,77391,76924,76190,76160,76800,69964,68773,69330,68962,68789,77648,76958,76430,76906,76513,66464,65697,65898,66388,65793
1198,1,1,20,76804,76363,75630,75592,76221,69504,68327,68899,68504,68323,77086,76371,75874,76319,75926,65997,65253,65446,65948,65341
1199,0,1,20,77374,76926,76186,76140,76773,69957,68773,69345,68954,68778,77649,76944,76443,76891,76484,66436,65688,65886,66391,65785
