rep,heat_enabled,transmitter_bit,transmitter_mask,ctrl_0_ro_0,ctrl_0_ro_1,ctrl_0_ro_2,ctrl_0_ro_3,ctrl_0_ro_4,ctrl_1_ro_0,ctrl_1_ro_1,ctrl_1_ro_2,ctrl_1_ro_3,ctrl_1_ro_4,ctrl_2_ro_0,ctrl_2_ro_1,ctrl_2_ro_2,ctrl_2_ro_3,ctrl_2_ro_4,ctrl_3_ro_0,ctrl_3_ro_1,ctrl_3_ro_2,ctrl_3_ro_3,ctrl_3_ro_4
0,1,0,2,76767,76387,75567,75572,76164,69505,68293,68836,68484,68302,77017,76329,75794,76255,75884,65973,65238,65417,65900,65310
1,0,0,2,77354,76947,76129,76140,76745,69966,68746,69295,68939,68758,77601,76921,76376,76827,76448,66421,65672,65859,66345,65746
2,1,0,2,76793,76371,75579,75580,76161,69520,68300,68824,68487,68311,77019,76342,75809,76252,75882,65972,65227,65414,65897,65298
3,0,0,2,77365,76935,76134,76138,76733,69967,68748,69283,68947,68770,77589,76912,76378,76819,76446,66408,65669,65855,66336,65736
4,1,0,2,76805,76379,75583,75590,76176,69522,68306,68837,68510,68333,77022,76343,75811,76263,75894,65967,65228,65417,65905,65297
5,0,0,2,77358,76934,76123,76126,76717,69968,68752,69281,68946,68781,77577,76897,76365,76809,76452,66391,65655,65848,66333,65734
6,1,0,2,76797,76377,75582,75580,76167,69521,68315,68836,68510,68347,77020,76350,75821,76259,75905,65959,65232,65424,65910,65304
7,0,0,2,77362,76935,76132,76129,76734,69956,68750,69287,68954,68783,77591,76918,76379,76826,76457,66395,65666,65860,66349,65745
8,1,0,2,76783,76368,75567,75560,76162,69502,68299,68825,68497,68341,77023,76348,75798,76264,75892,65959,65226,65410,65905,65309
9,0,0,2,77369,76958,76132,76121,76737,69954,68764,69300,68949,68790,77606,76918,76383,76841,76457,66411,65680,65862,66362,65753
10,1,0,2,76787,76388,75571,75573,76165,69512,68308,68838,68495,68337,77016,76342,75814,76267,75895,65966,65239,65424,65913,65299
11,0,0,2,77364,76956,76136,76127,76740,69965,68766,69298,68950,68788,77595,76920,76382,76831,76465,66417,65679,65862,66349,65739
12,1,0,2,76801,76398,75582,75575,76168,69513,68321,68836,68511,68339,77024,76347,75808,76268,75902,65974,65226,65420,65901,65294
13,0,0,2,77371,76957,76134,76131,76735,69964,68769,69297,68959,68792,77590,76920,76381,76842,76448,66421,65673,65861,66358,65748
14,1,0,2,76807,76403,75590,75587,76179,69521,68333,68837,68514,68351,77018,76356,75804,76283,75887,65982,65246,65416,65917,65304
15,0,0,2,77369,76964,76152,76142,76742,69970,68774,69302,68963,68797,77596,76928,76382,76852,76451,66419,65685,65863,66361,65745
16,1,0,2,76808,76384,75585,75582,76183,69515,68327,68837,68509,68342,77011,76353,75795,76284,75878,65966,65238,65405,65915,65301
17,0,0,2,77370,76948,76134,76131,76725,69959,68773,69281,68952,68786,77582,76912,76382,76846,76445,66405,65672,65844,66350,65740
18,1,0,2,76796,76392,75596,75590,76175,69513,68334,68846,68511,68337,77008,76361,75815,76286,75892,65976,65238,65416,65920,65306
19,0,0,2,77370,76943,76150,76122,76729,69960,68772,69296,68946,68785,77578,76928,76390,76855,76462,66415,65685,65868,66360,65741
20,1,0,2,76800,76391,75595,75574,76172,69519,68329,68839,68504,68343,77027,76364,75824,76294,75905,65972,65250,65431,65917,65311
21,0,0,2,77376,76961,76148,76135,76738,69978,68780,69304,68968,68798,77614,76931,76397,76866,76464,66422,65684,65886,66372,65767
22,1,0,2,76817,76411,75599,75589,76187,69523,68339,68846,68514,68344,77042,76371,75833,76301,75895,65981,65249,65428,65927,65322
23,0,0,2,77372,76953,76143,76131,76736,69965,68780,69287,68958,68793,77603,76933,76396,76857,76451,66417,65682,65858,66367,65754
24,1,0,2,76808,76399,75603,75586,76180,69512,68341,68846,68518,68356,77039,76381,75837,76302,75899,65980,65243,65426,65926,65310
25,0,0,2,77374,76960,76148,76130,76740,69967,68779,69303,68964,68792,77613,76940,76402,76857,76449,66418,65683,65866,66367,65755
26,1,0,2,76809,76404,75600,75583,76182,69526,68343,68863,68521,68350,77050,76378,75842,76296,75904,65990,65243,65436,65928,65311
27,0,0,2,77369,76945,76139,76128,76737,69958,68780,69299,68968,68796,77605,76939,76401,76861,76456,66422,65671,65877,66361,65754
28,1,0,2,76802,76391,75581,75571,76171,69509,68339,68839,68510,68340,77042,76369,75833,76297,75898,65978,65231,65435,65926,65321
29,0,0,2,77363,76957,76138,76125,76740,69957,68787,69303,68960,68794,77606,76930,76403,76856,76457,66426,65667,65878,66359,65766
30,1,0,2,76817,76399,75601,75590,76194,69511,68343,68852,68522,68353,77045,76376,75852,76307,75908,65988,65234,65447,65925,65328
31,0,0,2,77379,76947,76148,76126,76743,69957,68785,69302,68972,68789,77613,76939,76404,76866,76466,66422,65663,65875,66370,65758
32,1,0,2,76828,76387,75597,75579,76180,69504,68338,68856,68524,68348,77041,76376,75844,76296,75916,65991,65237,65441,65930,65321
33,0,0,2,77395,76968,76159,76130,76748,69956,68790,69313,68972,68797,77616,76937,76414,76870,76472,66422,65682,65880,66386,65765
34,1,0,2,76813,76392,75582,75563,76171,69496,68331,68846,68509,68337,77028,76363,75834,76291,75899,65970,65230,65438,65926,65314
35,0,0,2,77384,76959,76145,76133,76736,69959,68783,69314,68959,68793,77610,76939,76397,76866,76473,66425,65689,65885,66374,65767
36,1,0,2,76825,76402,75600,75594,76193,69514,68353,68869,68524,68351,77044,76384,75836,76318,75936,65990,65236,65452,65933,65325
37,0,0,2,77389,76961,76149,76135,76740,69959,68788,69322,68963,68790,77617,76949,76397,76870,76486,66431,65674,65884,66371,65772
38,1,0,2,76797,76383,75579,75549,76168,69501,68329,68845,68500,68322,77028,76363,75814,76292,75899,65984,65231,65432,65918,65313
39,0,0,2,77367,76958,76136,76112,76732,69949,68778,69307,68951,68770,77599,76940,76392,76863,76470,66425,65672,65879,66362,65755
40,1,0,2,76797,76394,75587,75565,76175,69502,68334,68860,68508,68335,77040,76372,75816,76303,75908,65986,65243,65436,65921,65314
41,0,0,2,77359,76941,76125,76107,76731,69936,68769,69296,68950,68773,77594,76929,76377,76849,76455,66424,65673,65868,66357,65749
42,1,0,2,76813,76390,75581,75569,76176,69494,68335,68845,68499,68340,77033,76369,75817,76298,75896,65994,65245,65437,65927,65313
43,0,0,2,77382,76953,76131,76121,76728,69939,68780,69294,68945,68773,77597,76922,76387,76855,76459,66423,65674,65875,66358,65740
44,1,0,2,76827,76398,75600,75586,76195,69495,68348,68859,68522,68349,77043,76376,75843,76308,75922,65996,65259,65456,65932,65319
45,0,0,2,77382,76956,76144,76126,76747,69934,68774,69303,68956,68782,77598,76940,76398,76863,76477,66428,65687,65894,66361,65759
46,1,0,2,76820,76399,75578,75569,76186,69478,68322,68852,68499,68330,77033,76381,75832,76300,75910,65989,65227,65442,65918,65310
47,0,0,2,77374,76948,76121,76116,76740,69923,68765,69295,68950,68765,77602,76935,76383,76852,76462,66421,65667,65874,66350,65748
48,1,0,2,76805,76391,75577,75574,76180,69491,68337,68853,68498,68326,77045,76371,75817,76300,75911,65992,65229,65443,65921,65321
49,0,0,2,77375,76955,76140,76130,76756,69941,68787,69311,68957,68774,77604,76929,76397,76872,76482,66429,65684,65885,66359,65768
50,1,0,2,76795,76380,75573,75569,76176,69482,68325,68844,68504,68319,77020,76356,75815,76292,75906,65981,65233,65433,65899,65308
51,0,0,2,77360,76947,76131,76108,76724,69938,68769,69296,68946,68765,77586,76912,76397,76852,76477,66419,65673,65882,66343,65744
52,1,0,2,76820,76407,75595,75586,76190,69502,68348,68866,68512,68334,77040,76376,75844,76319,75935,65992,65247,65457,65921,65329
53,0,0,2,77374,76959,76152,76134,76754,69945,68795,69305,68958,68780,77598,76931,76400,76872,76479,66438,65685,65889,66367,65772
54,1,0,2,76824,76415,75602,75581,76203,69504,68349,68857,68517,68353,77041,76369,75844,76320,75924,65999,65256,65456,65932,65328
55,0,0,2,77378,76961,76136,76114,76744,69937,68786,69296,68939,68785,77599,76935,76400,76874,76467,66437,65681,65877,66372,65755
56,1,0,2,76810,76389,75591,75566,76190,69484,68345,68841,68498,68336,77029,76363,75830,76304,75916,65995,65247,65448,65937,65313
57,0,0,2,77388,76960,76143,76127,76734,69943,68788,69295,68942,68783,77597,76926,76396,76867,76478,66436,65678,65888,66371,65753
58,1,0,2,76829,76406,75602,75576,76182,69502,68336,68852,68501,68342,77020,76362,75834,76309,75928,66003,65246,65450,65931,65317
59,0,0,2,77384,76955,76151,76123,76734,69947,68777,69295,68945,68789,77591,76918,76383,76868,76474,66440,65688,65882,66362,65754
60,1,0,2,76824,76401,75600,75579,76181,69502,68338,68847,68504,68339,77028,76357,75822,76311,75926,65995,65257,65451,65919,65323
61,0,0,2,77405,76968,76166,76146,76753,69965,68797,69317,68973,68800,77610,76931,76410,76884,76493,66453,65709,65892,66376,65772
62,1,0,2,76826,76401,75614,75599,76190,69525,68356,68869,68530,68359,77039,76355,75835,76334,75941,66018,65263,65461,65940,65342
63,0,0,2,77365,76948,76144,76122,76732,69956,68781,69311,68956,68784,77599,76903,76378,76881,76470,66444,65685,65871,66361,65769
64,1,0,2,76804,76393,75596,75581,76180,69518,68335,68860,68517,68350,77033,76347,75823,76320,75915,66007,65236,65440,65926,65329
65,0,0,2,77380,76966,76148,76138,76746,69963,68790,69310,68950,68795,77605,76916,76391,76892,76483,66457,65689,65890,66377,65765
66,1,0,2,76816,76407,75602,75579,76185,69515,68340,68861,68506,68354,77028,76363,75817,76328,75926,66017,65248,65451,65934,65332
67,0,0,2,77372,76959,76147,76125,76750,69960,68782,69310,68945,68793,77607,76926,76396,76889,76475,66442,65672,65891,66371,65763
68,1,0,2,76809,76396,75600,75576,76172,69501,68341,68861,68502,68343,77037,76360,75830,76318,75919,65998,65235,65446,65929,65324
69,0,0,2,77382,76950,76156,76130,76747,69957,68789,69320,68959,68786,77600,76939,76403,76883,76483,66443,65689,65892,66370,65774
70,1,0,2,76806,76383,75599,75571,76174,69507,68337,68854,68499,68334,77027,76372,75816,76311,75916,65995,65242,65433,65927,65321
71,0,0,2,77394,76976,76158,76144,76744,69974,68796,69324,68959,68796,77619,76936,76401,76890,76493,66448,65685,65896,66388,65772
72,1,0,2,76799,76376,75585,75581,76164,69501,68322,68848,68495,68327,77031,76341,75810,76303,75912,65992,65224,65433,65925,65314
73,0,0,2,77380,76946,76146,76133,76729,69962,68772,69308,68948,68787,77597,76915,76387,76864,76478,66438,65678,65878,66365,65763
74,1,0,2,76815,76404,75600,75595,76179,69512,68333,68863,68495,68347,77035,76359,75830,76316,75930,66001,65240,65439,65928,65322
75,0,0,2,77372,76957,76153,76129,76729,69954,68771,69310,68937,68786,77600,76904,76383,76869,76475,66425,65682,65871,66369,65748
76,1,0,2,76797,76383,75589,75564,76164,69496,68311,68847,68484,68334,77027,76345,75803,76291,75915,65979,65238,65426,65917,65296
77,0,0,2,77385,76962,76158,76141,76744,69969,68758,69312,68952,68801,77603,76929,76397,76876,76488,66445,65694,65886,66377,65758
78,1,0,2,76798,76380,75599,75573,76170,69507,68303,68850,68505,68344,77026,76354,75821,76309,75919,65997,65245,65435,65936,65308
79,0,0,2,77382,76966,76162,76151,76749,69965,68759,69319,68962,68805,77610,76924,76395,76881,76486,66449,65695,65887,66372,65768
80,1,0,2,76808,76396,75604,75583,76181,69512,68319,68860,68512,68354,77048,76371,75838,76314,75920,66008,65246,65449,65929,65328
81,0,0,2,77385,76961,76169,76144,76741,69964,68765,69313,68965,68805,77619,76927,76396,76878,76493,66446,65689,65889,66379,65771
82,1,0,2,76823,76394,75602,75588,76186,69518,68325,68855,68517,68359,77040,76370,75829,76314,75931,66009,65258,65446,65927,65328
83,0,0,2,77391,76961,76157,76145,76741,69970,68761,69313,68960,68793,77600,76933,76394,76873,76481,66439,65687,65889,66364,65764
84,1,0,2,76840,76415,75615,75609,76195,69527,68328,68862,68509,68356,77048,76370,75836,76327,75937,66007,65256,65462,65933,65328
85,0,0,2,77399,76965,76164,76161,76759,69972,68768,69317,68956,68799,77616,76934,76404,76886,76488,66444,65704,65905,66385,65780
86,1,0,2,76836,76398,75616,75605,76201,69527,68326,68874,68526,68355,77046,76389,75845,76319,75934,66002,65247,65457,65937,65339
87,0,0,2,77390,76950,76164,76148,76755,69975,68764,69327,68970,68794,77612,76947,76415,76880,76481,66443,65675,65893,66380,65764
88,1,0,2,76827,76391,75592,75590,76188,69516,68318,68870,68514,68334,77039,76376,75827,76318,75919,65988,65234,65444,65928,65319
89,0,0,2,77402,76970,76155,76157,76759,69975,68775,69327,68968,68805,77619,76943,76411,76892,76485,66437,65665,65895,66384,65772
90,1,0,2,76814,76397,75595,75590,76189,69517,68328,68859,68512,68343,77040,76369,75843,76313,75915,65996,65220,65447,65928,65323
91,0,0,2,77392,76961,76148,76148,76754,69963,68782,69319,68968,68799,77591,76936,76410,76879,76474,66440,65673,65900,66374,65767
92,1,0,2,76813,76408,75598,75582,76186,69513,68326,68858,68519,68338,77035,76366,75828,76309,75915,65986,65222,65446,65922,65323
93,0,0,2,77394,76989,76161,76152,76760,69976,68774,69326,68980,68801,77600,76944,76417,76890,76488,66439,65669,65911,66375,65764
94,1,0,2,76791,76397,75581,75569,76161,69489,68301,68843,68503,68318,77003,76349,75815,76301,75911,65972,65209,65437,65912,65304
95,0,0,2,77378,76970,76160,76144,76751,69962,68773,69315,68962,68791,77591,76931,76408,76888,76499,66441,65668,65888,66371,65766
96,1,0,2,76814,76404,75594,75582,76180,69515,68323,68846,68509,68335,77007,76367,75825,76316,75922,65988,65222,65443,65923,65322
97,0,0,2,77382,76965,76135,76138,76746,69964,68767,69306,68955,68774,77571,76926,76395,76875,76470,66424,65655,65884,66367,65757
98,1,0,2,76823,76423,75598,75594,76196,69523,68332,68869,68519,68349,77026,76375,75840,76327,75925,65999,65230,65452,65932,65317
99,0,0,2,77387,76977,76147,76140,76741,69973,68775,69325,68962,68779,77590,76934,76396,76877,76470,66432,65664,65889,66368,65754
100,1,0,2,76820,76405,75605,75593,76189,69517,68338,68872,68518,68330,77033,76371,75832,76318,75920,65993,65234,65450,65925,65314
101,0,0,2,77382,76977,76150,76138,76755,69968,68783,69320,68967,68771,77595,76930,76387,76875,76475,66419,65676,65894,66372,65763
102,1,0,2,76821,76420,75598,75595,76206,69513,68339,68873,68521,68349,77032,76378,75828,76327,75916,65985,65235,65455,65936,65328
103,0,0,2,77374,76963,76122,76125,76749,69947,68772,69307,68955,68775,77575,76922,76378,76868,76453,66403,65660,65883,66363,65750
104,1,0,2,76826,76413,75593,75596,76202,69511,68345,68867,68520,68341,77018,76376,75838,76317,75917,65985,65238,65455,65930,65322
105,0,0,2,77390,76967,76143,76140,76753,69969,68779,69301,68959,68780,77574,76936,76397,76873,76479,66427,65660,65888,66362,65760
106,1,0,2,76813,76398,75575,75577,76182,69509,68326,68856,68496,68332,77005,76360,75830,76306,75907,65982,65212,65435,65916,65317
107,0,0,2,77385,76965,76145,76141,76753,69962,68778,69321,68959,68797,77591,76941,76402,76882,76474,66423,65673,65888,66376,65765
108,1,0,2,76823,76405,75588,75587,76190,69516,68337,68863,68501,68343,77017,76370,75828,76319,75913,65981,65238,65443,65928,65312
109,0,0,2,77391,76969,76147,76140,76749,69973,68792,69326,68954,68797,77579,76937,76403,76885,76472,66423,65679,65884,66375,65756
110,1,0,2,76817,76404,75598,75576,76191,69517,68332,68865,68508,68352,77006,76372,75832,76322,75908,65984,65229,65449,65926,65319
111,0,0,2,77403,76991,76156,76151,76763,69967,68795,69323,68965,68801,77594,76948,76418,76899,76487,66444,65680,65907,66378,65776
112,1,0,2,76809,76396,75568,75565,76174,69494,68332,68842,68488,68327,76994,76362,75819,76305,75903,65983,65216,65434,65903,65304
113,0,0,2,77374,76958,76124,76116,76730,69952,68769,69307,68942,68772,77566,76926,76390,76867,76463,66433,65669,65876,66352,65748
114,1,0,2,76819,76415,75596,75590,76188,69522,68334,68871,68517,68341,77018,76372,75840,76322,75919,65999,65245,65450,65932,65315
115,0,0,2,77382,76985,76147,76135,76750,69969,68783,69309,68967,68790,77586,76934,76402,76887,76474,66425,65683,65888,66370,65755
116,1,0,2,76818,76406,75583,75581,76175,69511,68326,68850,68509,68340,77005,76355,75830,76313,75904,65979,65239,65444,65919,65303
117,0,0,2,77395,76979,76144,76145,76745,69971,68783,69315,68966,68794,77584,76930,76403,76883,76477,66432,65680,65896,66378,65747
118,1,0,2,76823,76402,75591,75602,76194,69516,68337,68867,68513,68352,77014,76358,75832,76320,75925,65989,65248,65442,65942,65320
119,0,0,2,77384,76968,76148,76151,76749,69961,68780,69327,68957,68805,77582,76936,76399,76892,76497,66440,65687,65887,66396,65767
120,1,0,2,76814,76406,75593,75600,76190,69507,68334,68861,68512,68356,77009,76382,75835,76328,75937,65988,65246,65451,65940,65324
121,0,0,2,77391,76977,76141,76145,76754,69960,68780,69308,68962,68803,77581,76947,76398,76876,76492,66430,65676,65891,66383,65756
122,1,0,2,76821,76414,75594,75591,76190,69504,68328,68856,68504,68350,77011,76374,75824,76320,75921,65989,65238,65436,65937,65306
123,0,0,2,77390,76990,76166,76148,76766,69970,68784,69324,68966,68804,77596,76951,76407,76894,76487,66443,65690,65885,66387,65770
124,1,0,2,76802,76410,75581,75576,76182,69508,68317,68851,68494,68337,77012,76360,75818,76317,75911,65984,65251,65427,65919,65309
125,0,0,2,77394,76987,76144,76142,76767,69969,68773,69324,68971,68809,77587,76942,76414,76899,76482,66443,65696,65892,66397,65760
126,1,0,2,76810,76410,75568,75576,76179,69512,68316,68862,68504,68346,77004,76364,75822,76320,75908,65984,65243,65441,65942,65310
127,0,0,2,77373,76984,76130,76130,76748,69952,68755,69312,68946,68795,77581,76936,76399,76895,76478,66430,65690,65885,66393,65761
128,1,0,2,76814,76424,75595,75595,76200,69517,68316,68865,68503,68344,77014,76376,75823,76330,75919,65999,65257,65448,65950,65324
129,0,0,2,77373,76980,76135,76136,76757,69960,68758,69314,68953,68786,77586,76927,76385,76889,76481,66439,65688,65878,66373,65751
130,1,0,2,76815,76413,75580,75595,76201,69509,68323,68861,68518,68342,77026,76362,75825,76331,75928,66004,65249,65441,65936,65328
131,0,0,2,77369,76970,76135,76126,76752,69945,68761,69298,68948,68785,77586,76920,76376,76885,76482,66444,65701,65870,66379,65767
132,1,0,2,76801,76412,75577,75583,76195,69496,68328,68857,68513,68338,77020,76352,75827,76319,75913,65990,65256,65435,65925,65320
133,0,0,2,77370,76974,76139,76142,76753,69957,68767,69316,68970,68796,77583,76930,76407,76890,76480,66435,65704,65890,66367,65768
134,1,0,2,76803,76407,75587,75575,76186,69506,68319,68863,68514,68337,77013,76366,75826,76321,75917,65982,65253,65437,65924,65318
135,0,0,2,77366,76962,76131,76115,76738,69946,68768,69308,68955,68766,77574,76928,76385,76879,76464,66422,65676,65863,66364,65758
136,1,0,2,76821,76434,75589,75595,76194,69517,68343,68875,68532,68340,77018,76385,75836,76333,75930,66001,65247,65437,65928,65329
137,0,0,2,77374,76987,76137,76134,76746,69960,68775,69324,68972,68781,77581,76937,76399,76889,76480,66434,65686,65883,66365,65763
138,1,0,2,76804,76414,75583,75577,76177,69506,68327,68865,68522,68329,77006,76374,75825,76327,75913,65992,65240,65435,65915,65325
139,0,0,2,77388,77001,76152,76151,76763,69982,68794,69333,68983,68793,77598,76947,76413,76910,76487,66455,65696,65891,66376,65784
140,1,0,2,76802,76412,75575,75584,76183,69521,68329,68858,68519,68329,77001,76361,75828,76331,75907,65999,65249,65442,65924,65333
141,0,0,2,77383,76983,76143,76134,76755,69971,68784,69321,68962,68779,77588,76934,76408,76895,76469,66433,65688,65878,66356,65776
142,1,0,2,76820,76426,75591,75593,76199,69524,68344,68880,68518,68340,77022,76375,75844,76333,75909,66002,65257,65450,65926,65342
143,0,0,2,77375,76980,76146,76138,76745,69972,68789,69320,68963,68783,77582,76936,76407,76891,76468,66432,65690,65882,66366,65774
144,1,0,2,76804,76421,75591,75579,76179,69516,68337,68856,68508,68326,77014,76368,75838,76331,75909,65996,65243,65434,65915,65329
145,0,0,2,77376,76992,76155,76135,76746,69971,68785,69311,68952,68785,77590,76940,76401,76892,76465,66439,65687,65890,66368,65773
146,1,0,2,76815,76423,75597,75577,76187,69516,68337,68851,68499,68339,77017,76366,75842,76324,75913,65990,65245,65445,65916,65321
147,0,0,2,77370,76982,76138,76117,76741,69947,68778,69305,68944,68788,77573,76933,76406,76883,76466,66432,65676,65879,66360,65763
148,1,0,2,76823,76429,75604,75601,76199,69527,68352,68865,68521,68355,77027,76379,75846,76341,75925,66009,65257,65453,65937,65344
149,0,0,2,77394,76984,76172,76147,76759,69968,68792,69318,68966,68799,77590,76950,76416,76901,76483,66448,65691,65891,66362,65777
150,1,0,2,76820,76414,75602,75594,76202,69515,68340,68844,68514,68354,77023,76372,75834,76328,75917,66002,65238,65449,65922,65339
151,0,0,2,77382,76978,76146,76136,76759,69975,68782,69305,68964,68800,77588,76933,76394,76888,76480,66445,65681,65891,66359,65784
152,1,0,2,76825,76415,75608,75590,76202,69526,68335,68857,68524,68353,77022,76378,75838,76338,75923,66002,65246,65457,65924,65346
153,0,0,2,77383,76966,76152,76133,76741,69970,68767,69303,68966,68795,77583,76928,76386,76891,76464,66433,65686,65874,66363,65772
154,1,0,2,76811,76418,75598,75585,76192,69525,68331,68853,68518,68353,77018,76363,75835,76334,75915,65993,65259,65448,65931,65338
155,0,0,2,77403,77003,76182,76165,76779,70001,68807,69323,68992,68828,77609,76955,76427,76912,76506,66462,65719,65906,66395,65803
156,1,0,2,76821,76416,75603,75586,76187,69522,68340,68842,68519,68349,77013,76358,75827,76324,75917,65993,65255,65433,65929,65339
157,0,0,2,77387,76970,76149,76138,76757,69967,68788,69287,68956,68803,77580,76930,76391,76894,76473,66430,65684,65877,66364,65774
158,1,0,2,76820,76426,75601,75599,76202,69529,68350,68839,68524,68366,77020,76381,75847,76350,75933,65993,65261,65444,65930,65341
159,0,0,2,77392,76983,76150,76148,76761,69977,68780,69295,68978,68808,77583,76933,76407,76899,76483,66435,65700,65888,66368,65786
160,1,0,2,76819,76419,75602,75598,76195,69526,68338,68840,68525,68359,77019,76364,75832,76333,75917,65992,65259,65448,65926,65338
161,0,0,2,77379,76982,76153,76148,76748,69961,68784,69295,68967,68802,77590,76927,76402,76895,76465,66435,65689,65886,66355,65766
162,1,0,2,76820,76424,75602,75600,76189,69512,68348,68850,68518,68354,77029,76371,75834,76327,75915,66002,65250,65445,65929,65333
163,0,0,2,77384,76990,76150,76154,76748,69967,68796,69307,68963,68812,77592,76949,76413,76892,76471,66442,65694,65892,66369,65779
164,1,0,2,76806,76412,75583,75580,76198,69508,68324,68847,68503,68340,77053,76384,75825,76323,75921,65994,65245,65440,65912,65319
165,0,0,2,77382,76986,76150,76142,76760,69975,68790,69313,68966,68799,77621,76965,76402,76912,76490,66449,65685,65893,66385,65786
166,1,0,2,76788,76406,75581,75584,76163,69511,68314,68848,68514,68330,77035,76371,75819,76313,75932,65994,65239,65437,65889,65321
167,0,0,2,77375,76967,76156,76150,76744,69975,68775,69302,68974,68788,77624,76941,76402,76894,76509,66440,65691,65885,66351,65774
168,1,0,2,76796,76408,75568,75584,76179,69519,68329,68839,68495,68331,77035,76363,75830,76299,75917,65977,65235,65445,65911,65327
169,0,0,2,77390,76986,76151,76148,76759,69980,68799,69304,68972,68800,77633,76942,76415,76888,76485,66446,65694,65900,66366,65784
170,1,0,2,76790,76409,75562,75562,76160,69522,68299,68843,68486,68320,77033,76347,75827,76292,75918,65979,65238,65447,65906,65310
171,0,0,2,77367,76965,76122,76121,76732,69965,68756,69292,68926,68782,77599,76926,76396,76865,76487,66417,65675,65874,66352,65756
172,1,0,2,76778,76417,75579,75585,76183,69519,68304,68858,68502,68341,77049,76348,75831,76304,75928,65991,65255,65434,65916,65321
173,0,0,2,77365,76990,76137,76137,76760,69962,68767,69309,68960,68797,77613,76935,76418,76881,76494,66442,65696,65888,66370,65770
174,1,0,2,76776,76393,75563,75581,76162,69505,68303,68831,68491,68312,77042,76360,75842,76284,75912,65982,65232,65431,65893,65308
175,0,0,2,77352,76960,76130,76141,76741,69966,68764,69295,68954,68782,77627,76932,76428,76867,76482,66425,65681,65877,66361,65762
176,1,0,2,76788,76390,75564,75572,76158,69491,68296,68832,68470,68324,77025,76357,75828,76289,75909,65977,65239,65432,65913,65298
177,0,0,2,77373,76961,76131,76148,76733,69956,68758,69298,68927,68790,77600,76934,76414,76864,76481,66428,65694,65885,66368,65747
178,1,0,2,76786,76385,75562,75579,76157,69491,68290,68823,68463,68303,77022,76341,75795,76298,75900,65972,65212,65414,65896,65288
179,0,0,2,77384,76956,76149,76152,76750,69957,68757,69296,68934,68775,77604,76938,76402,76871,76480,66435,65673,65880,66356,65752
180,1,0,2,76771,76385,75561,75571,76164,69511,68303,68836,68475,68300,77026,76356,75815,76271,75898,65968,65232,65427,65884,65299
181,0,0,2,77371,76967,76144,76148,76755,69973,68767,69310,68945,68772,77599,76934,76405,76866,76470,66428,65692,65882,66361,65757
182,1,0,2,76782,76390,75558,75575,76165,69506,68289,68842,68467,68304,77021,76354,75831,76282,75892,65972,65225,65427,65883,65281
183,0,0,2,77355,76960,76138,76136,76749,69964,68764,69300,68927,68766,77604,76936,76400,76862,76455,66428,65679,65877,66349,65739
184,1,0,2,76766,76376,75563,75562,76143,69491,68299,68830,68466,68299,77020,76367,75811,76287,75891,65975,65225,65412,65890,65284
185,0,0,2,77350,76956,76130,76134,76729,69946,68769,69300,68930,68765,77601,76948,76379,76867,76469,66419,65678,65866,66344,65736
186,1,0,2,76780,76405,75559,75584,76154,69502,68314,68841,68476,68313,77042,76350,75809,76292,75915,65983,65222,65430,65880,65282
187,0,0,2,77365,76976,76129,76158,76736,69965,68769,69299,68934,68776,77604,76928,76391,76876,76475,66427,65667,65873,66341,65737
188,1,0,2,76786,76415,75595,75588,76181,69510,68322,68847,68496,68324,77053,76371,75824,76304,75917,65980,65239,65437,65923,65304
189,0,0,2,77364,76971,76135,76135,76742,69955,68768,69291,68956,68777,77597,76927,76395,76858,76469,66406,65676,65876,66365,65740
190,1,0,2,76789,76399,75585,75573,76168,69502,68315,68831,68484,68316,77049,76352,75808,76294,75903,65985,65226,65421,65904,65307
191,0,0,2,77373,76986,76160,76149,76745,69956,68787,69297,68957,68778,77627,76934,76384,76876,76476,66437,65697,65875,66355,65761
192,1,0,2,76770,76377,75545,75553,76160,69482,68294,68806,68472,68287,77032,76328,75806,76281,75892,65970,65218,65434,65892,65279
193,0,0,2,77370,76959,76121,76125,76734,69949,68758,69283,68935,68759,77606,76920,76388,76868,76469,66428,65682,65891,66355,65733
194,1,0,2,76794,76377,75558,75565,76165,69486,68279,68798,68464,68309,77025,76342,75831,76272,75905,65983,65243,65422,65893,65304
195,0,0,2,77367,76944,76113,76125,76744,69959,68755,69269,68927,68778,77588,76916,76404,76854,76476,66428,65691,65875,66339,65754
196,1,0,2,76794,76395,75581,75592,76175,69506,68295,68842,68496,68330,77062,76349,75813,76305,75917,65986,65239,65429,65904,65313
197,0,0,2,77369,76974,76146,76151,76751,69957,68751,69295,68948,68778,77652,76911,76386,76869,76485,66435,65684,65878,66357,65754
198,1,0,2,76791,76379,75577,75569,76180,69506,68302,68834,68470,68320,77053,76337,75830,76303,75901,65978,65227,65423,65894,65298
199,0,0,2,77367,76959,76157,76129,76755,69970,68763,69296,68933,68788,77633,76917,76406,76884,76477,66426,65671,65880,66357,65747
200,1,0,2,76793,76368,75558,75554,76173,69500,68288,68838,68470,68313,77057,76336,75818,76277,75893,65975,65229,65429,65882,65308
201,0,0,2,77392,76956,76146,76141,76772,69959,68759,69303,68950,68773,77626,76927,76417,76858,76473,66435,65680,65896,66348,65758
202,1,0,2,76787,76379,75564,75573,76185,69509,68304,68830,68478,68325,77048,76345,75813,76284,75894,65995,65250,65434,65905,65302
203,0,0,2,77386,76962,76140,76150,76766,69976,68769,69290,68955,68802,77629,76920,76388,76874,76475,66443,65701,65895,66362,65756
204,1,0,2,76792,76385,75573,75582,76182,69507,68297,68835,68491,68334,77079,76347,75814,76298,75910,65980,65238,65424,65909,65300
205,0,0,2,77371,76952,76137,76134,76767,69969,68752,69296,68940,68791,77636,76918,76394,76874,76471,66430,65686,65887,66364,65750
206,1,0,2,76791,76356,75572,75551,76170,69503,68284,68839,68460,68314,77035,76340,75815,76282,75899,65970,65234,65397,65890,65286
207,0,0,2,77351,76936,76138,76118,76744,69953,68739,69291,68930,68772,77614,76919,76391,76855,76464,66411,65671,65850,66348,65727
208,1,0,2,76771,76380,75565,75565,76180,69488,68288,68846,68478,68308,77063,76327,75815,76286,75884,65980,65220,65422,65911,65295
209,0,0,2,77347,76940,76122,76110,76745,69948,68748,69292,68936,68765,77634,76895,76385,76858,76446,66408,65666,65864,66342,65735
210,1,0,2,76781,76352,75588,75560,76164,69507,68291,68837,68480,68319,77057,76340,75802,76290,75898,65977,65231,65427,65899,65306
211,0,0,2,77361,76925,76150,76128,76751,69968,68742,69301,68945,68778,77625,76923,76381,76854,76466,66430,65687,65878,66358,65761
212,1,0,2,76767,76356,75555,75565,76157,69508,68290,68835,68464,68313,77018,76329,75814,76282,75899,65965,65222,65415,65897,65293
213,0,0,2,77340,76933,76123,76135,76745,69960,68745,69295,68933,68777,77595,76913,76393,76868,76464,66419,65666,65860,66352,65732
214,1,0,2,76775,76375,75557,75567,76162,69507,68296,68852,68480,68319,77054,76350,75806,76297,75904,65972,65236,65422,65918,65303
215,0,0,2,77355,76940,76116,76122,76734,69960,68747,69303,68950,68792,77623,76921,76394,76876,76470,66417,65679,65874,66360,65753
216,1,0,2,76766,76346,75570,75548,76159,69499,68304,68830,68475,68314,77036,76351,75799,76291,75896,65952,65222,65410,65901,65307
217,0,0,2,77364,76940,76146,76121,76745,69951,68764,69287,68937,68777,77614,76919,76394,76876,76472,66419,65688,65875,66369,65755
218,1,0,2,76747,76354,75551,75540,76127,69484,68285,68815,68470,68295,77025,76313,75769,76264,75877,65958,65218,65397,65890,65285
219,0,0,2,77371,76951,76144,76122,76735,69964,68779,69308,68945,68786,77627,76914,76382,76868,76473,66427,65693,65876,66351,65742
220,1,0,2,76778,76398,75565,75567,76163,69507,68306,68832,68469,68311,77034,76333,75804,76290,75892,65972,65234,65419,65916,65319
221,0,0,2,77345,76960,76119,76126,76730,69951,68757,69284,68931,68768,77612,76897,76373,76866,76450,66406,65677,65856,66348,65758
222,1,0,2,76798,76389,75570,75564,76164,69508,68294,68826,68486,68321,77030,76344,75802,76285,75889,65969,65235,65424,65912,65308
223,0,0,2,77378,76968,76125,76136,76742,69964,68762,69300,68951,68780,77610,76925,76383,76855,76468,66431,65694,65874,66364,65767
224,1,0,2,76791,76399,75578,75586,76171,69514,68311,68847,68505,68337,77032,76357,75794,76293,75915,65993,65248,65438,65920,65335
225,0,0,2,77377,76955,76135,76138,76737,69971,68764,69308,68965,68784,77607,76930,76373,76867,76476,66433,65701,65874,66362,65782
226,1,0,2,76774,76396,75577,75577,76170,69509,68294,68835,68512,68319,77050,76330,75804,76294,75914,65981,65251,65424,65923,65320
227,0,0,2,77371,76979,76151,76150,76754,69974,68759,69303,68971,68784,77632,76919,76390,76882,76488,66441,65704,65880,66373,65781
228,1,0,2,76801,76395,75591,75585,76174,69509,68305,68857,68510,68334,77041,76367,75813,76316,75919,65996,65247,65426,65918,65331
229,0,0,2,77374,76962,76165,76133,76744,69957,68762,69311,68962,68789,77611,76933,76375,76885,76475,66434,65688,65879,66368,65761
230,1,0,2,76780,76373,75568,75577,76166,69492,68301,68860,68492,68322,77040,76342,75798,76289,75897,65980,65248,65418,65927,65316
231,0,0,2,77370,76946,76153,76124,76744,69955,68757,69311,68956,68789,77615,76910,76377,76869,76458,66424,65690,65867,66362,65765
232,1,0,2,76786,76361,75542,75570,76154,69491,68294,68832,68490,68312,77028,76337,75786,76272,75885,65958,65220,65427,65897,65300
233,0,0,2,77383,76946,76122,76145,76747,69956,68769,69311,68961,68784,77595,76920,76377,76860,76459,66416,65682,65874,66369,65756
234,1,0,2,76769,76386,75563,75565,76171,69504,68299,68844,68503,68325,77055,76352,75799,76272,75894,65978,65259,65436,65910,65307
235,0,0,2,77364,76964,76143,76140,76761,69979,68770,69302,68961,68799,77641,76926,76388,76872,76477,66440,65714,65892,66379,65774
236,1,0,2,76784,76393,75588,75581,76177,69517,68313,68846,68501,68321,77062,76355,75821,76307,75899,65984,65241,65437,65932,65326
237,0,0,2,77373,76968,76158,76144,76765,69983,68778,69322,68968,68791,77642,76937,76402,76889,76464,66435,65692,65892,66383,65779
238,1,0,2,76775,76376,75583,75581,76168,69497,68306,68847,68488,68313,77045,76350,75816,76287,75870,65983,65247,65451,65913,65306
239,0,0,2,77390,76983,76168,76167,76761,69980,68786,69336,68975,68808,77657,76966,76432,76892,76476,66453,65716,65920,66393,65791
240,1,0,2,76772,76381,75553,75561,76166,69506,68285,68839,68490,68328,77055,76345,75822,76278,75886,65982,65257,65427,65905,65307
241,0,0,2,77384,76969,76137,76136,76765,69982,68774,69317,68967,68802,77635,76946,76413,76878,76481,66449,65724,65898,66370,65766
242,1,0,2,76779,76389,75555,75566,76162,69512,68305,68842,68495,68317,77049,76351,75827,76293,75895,65980,65247,65434,65912,65312
243,0,0,2,77366,76952,76129,76128,76740,69958,68762,69311,68961,68783,77630,76921,76408,76857,76469,66427,65694,65887,66360,65758
244,1,0,2,76790,76387,75572,75570,76165,69516,68307,68843,68495,68326,77036,76359,75815,76280,75912,65989,65245,65434,65924,65309
245,0,0,2,77382,76960,76147,76143,76742,69973,68780,69303,68983,68795,77635,76942,76406,76869,76486,66441,65706,65887,66383,65777
246,1,0,2,76798,76400,75582,75583,76173,69506,68305,68841,68480,68321,77046,76362,75820,76274,75903,65960,65239,65420,65914,65299
247,0,0,2,77361,76958,76147,76133,76736,69947,68762,69296,68937,68780,77601,76927,76389,76848,76462,66404,65675,65853,66357,65739
248,1,0,2,76770,76362,75554,75561,76146,69472,68283,68814,68466,68299,77005,76320,75801,76255,75884,65954,65219,65406,65903,65293
249,0,0,2,77364,76936,76127,76124,76738,69932,68750,69285,68930,68770,77589,76905,76393,76841,76449,66403,65669,65861,66364,65752
250,1,0,2,76811,76398,75591,75587,76176,69505,68329,68841,68484,68326,77060,76360,75827,76303,75894,65981,65236,65442,65941,65326
251,0,0,2,77386,76964,76148,76139,76755,69953,68783,69303,68952,68796,77622,76922,76392,76870,76467,66412,65675,65875,66386,65758
252,1,0,2,76801,76370,75588,75577,76173,69505,68315,68844,68471,68318,77062,76347,75812,76300,75900,65970,65228,65425,65915,65325
253,0,0,2,77393,76944,76157,76137,76748,69971,68781,69301,68931,68779,77626,76929,76402,76878,76476,66427,65680,65873,66374,65774
254,1,0,2,76812,76391,75571,75578,76188,69517,68313,68840,68484,68350,77070,76357,75825,76315,75909,65976,65237,65432,65936,65328
255,0,0,2,77395,76952,76136,76139,76753,69952,68762,69290,68931,68807,77628,76922,76400,76886,76464,66407,65680,65876,66384,65757
256,1,0,2,76798,76377,75598,75578,76176,69504,68315,68844,68482,68342,77055,76363,75831,76303,75909,65964,65232,65432,65937,65315
257,0,0,2,77373,76943,76144,76134,76757,69959,68764,69294,68949,68793,77619,76928,76393,76864,76476,66401,65678,65878,66383,65765
258,1,0,2,76816,76393,75592,75586,76196,69521,68321,68852,68500,68335,77070,76355,75816,76328,75907,65993,65249,65445,65927,65338
259,0,0,2,77394,76957,76131,76135,76763,69961,68776,69306,68954,68786,77637,76911,76388,76888,76469,66423,65696,65882,66371,65779
260,1,0,2,76799,76396,75575,75575,76180,69507,68318,68851,68494,68330,77058,76354,75815,76289,75895,65965,65234,65445,65906,65305
261,0,0,2,77372,76963,76138,76121,76749,69958,68766,69300,68946,68780,77622,76910,76376,76869,76438,66412,65668,65881,66353,65741
262,1,0,2,76774,76373,75544,75591,76183,69499,68297,68840,68491,68317,77054,76352,75803,76291,75893,65966,65224,65419,65902,65322
263,0,0,2,77357,76948,76121,76156,76762,69956,68759,69306,68959,68784,77637,76931,76388,76870,76457,66421,65684,65877,66351,65768
264,1,0,2,76794,76367,75571,75575,76163,69486,68300,68840,68494,68308,77053,76335,75811,76290,75886,65965,65239,65421,65894,65291
265,0,0,2,77401,76957,76158,76157,76765,69950,68774,69317,68961,68791,77635,76936,76402,76895,76473,66435,65701,65892,66354,65768
266,1,0,2,76787,76392,75574,75567,76171,69506,68299,68828,68497,68308,77043,76351,75820,76294,75889,65968,65234,65440,65911,65320
267,0,0,2,77349,76948,76132,76123,76747,69953,68745,69285,68939,68763,77603,76923,76390,76868,76450,66401,65669,65878,66369,65755
268,1,0,2,76764,76338,75549,75554,76156,69465,68274,68826,68464,68309,77026,76319,75804,76278,75867,65941,65203,65406,65900,65286
269,0,0,2,77361,76931,76110,76125,76741,69935,68746,69300,68937,68772,77626,76904,76393,76867,76450,66404,65677,65866,66354,65743
270,1,0,2,76787,76368,75573,75576,76193,69491,68294,68837,68480,68341,77067,76357,75814,76302,75909,65964,65226,65430,65903,65315
271,0,0,2,77361,76935,76128,76126,76768,69946,68758,69294,68941,68813,77622,76923,76391,76878,76476,66422,65673,65873,66350,65769
272,1,0,2,76794,76371,75570,75586,76169,69491,68314,68832,68484,68340,77058,76361,75823,76311,75899,65974,65232,65415,65905,65312
273,0,0,2,77371,76946,76122,76144,76738,69943,68758,69285,68938,68791,77628,76920,76397,76865,76454,66417,65661,65858,66349,65753
274,1,0,2,76801,76368,75573,75588,76167,69497,68292,68854,68485,68324,77062,76342,75814,76290,75899,65972,65228,65420,65897,65316
275,0,0,2,77375,76930,76129,76144,76741,69948,68745,69297,68925,68783,77613,76908,76396,76848,76456,66420,65673,65869,66339,65761
276,1,0,2,76805,76385,75570,75576,76181,69504,68302,68844,68493,68335,77063,76341,75821,76290,75900,65978,65227,65437,65908,65324
277,0,0,2,77396,76947,76143,76141,76760,69977,68767,69305,68958,68801,77633,76913,76400,76872,76472,66426,65685,65876,66353,65775
278,1,0,2,76793,76383,75573,75562,76186,69506,68312,68853,68473,68328,77051,76330,75826,76295,75906,65977,65259,65426,65905,65320
279,0,0,2,77386,76955,76144,76137,76765,69963,68780,69323,68932,68798,77641,76906,76410,76880,76479,66419,65710,65879,66362,65772
280,1,0,2,76810,76399,75575,75579,76162,69497,68291,68842,68470,68317,77051,76340,75804,76282,75884,65965,65231,65419,65906,65317
281,0,0,2,77398,76968,76133,76131,76752,69959,68766,69313,68941,68785,77637,76916,76394,76857,76466,66423,65690,65878,66358,65769
282,1,0,2,76782,76374,75570,75569,76179,69494,68295,68832,68469,68305,77044,76347,75800,76292,75882,65941,65244,65422,65915,65303
283,0,0,2,77364,76951,76141,76123,76759,69961,68756,69300,68933,68767,77618,76923,76387,76881,76443,66398,65686,65870,66366,65761
284,1,0,2,76792,76390,75580,75571,76172,69510,68292,68849,68484,68316,77041,76364,75810,76310,75907,65960,65234,65451,65928,65321
285,0,0,2,77371,76964,76132,76136,76742,69953,68747,69302,68929,68773,77611,76916,76388,76896,76463,66410,65670,65885,66375,65766
286,1,0,2,76798,76397,75561,75568,76181,69504,68289,68830,68475,68320,77051,76357,75809,76287,75883,65945,65241,65423,65909,65322
287,0,0,2,77388,76979,76128,76129,76760,69964,68750,69302,68943,68796,77632,76940,76399,76877,76461,66392,65685,65877,66368,65776
288,1,0,2,76808,76378,75580,75569,76192,69508,68309,68862,68499,68332,77058,76360,75821,76304,75907,65963,65247,65442,65911,65328
289,0,0,2,77381,76931,76142,76139,76750,69959,68763,69304,68956,68778,77617,76926,76394,76875,76468,66411,65688,65867,66366,65777
290,1,0,2,76791,76382,75568,75576,76163,69491,68293,68845,68477,68326,77045,76351,75815,76290,75886,65947,65240,65414,65908,65325
291,0,0,2,77382,76983,76142,76137,76749,69957,68763,69330,68959,68799,77633,76931,76399,76882,76469,66409,65700,65870,66360,65783
292,1,0,2,76784,76380,75564,75564,76174,69496,68304,68841,68466,68336,77044,76345,75815,76297,75893,65964,65249,65421,65923,65322
293,0,0,2,77380,76966,76138,76123,76749,69960,68764,69303,68935,68807,77621,76924,76391,76869,76461,66414,65694,65874,66374,65783
294,1,0,2,76765,76377,75564,75572,76161,69484,68286,68830,68459,68311,77031,76348,75800,76283,75879,65947,65235,65411,65913,65325
295,0,0,2,77366,76944,76122,76122,76738,69936,68743,69298,68928,68781,77611,76928,76375,76857,76448,66399,65672,65862,66351,65777
296,1,0,2,76795,76411,75568,75575,76186,69514,68323,68858,68465,68348,77063,76371,75819,76294,75901,65975,65249,65436,65916,65347
297,0,0,2,77352,76959,76122,76135,76748,69952,68765,69304,68916,68792,77605,76930,76373,76854,76449,66409,65677,65872,66366,65788
298,1,0,2,76788,76384,75563,75570,76163,69490,68309,68850,68479,68334,77046,76364,75813,76297,75889,65966,65232,65426,65925,65339
299,0,0,2,77365,76954,76132,76135,76738,69966,68765,69319,68945,68795,77617,76942,76385,76880,76451,66414,65675,65869,66373,65774
300,1,0,2,76779,76378,75549,75559,76170,69477,68288,68830,68463,68328,77056,76352,75802,76278,75882,65976,65228,65419,65900,65312
301,0,0,2,77368,76952,76125,76140,76757,69943,68756,69298,68938,68790,77628,76946,76398,76869,76462,66442,65688,65885,66354,65771
302,1,0,2,76790,76381,75573,75573,76167,69486,68292,68840,68466,68328,77045,76364,75812,76295,75891,65975,65217,65425,65894,65331
303,0,0,2,77385,76964,76146,76134,76742,69950,68762,69312,68944,68797,77624,76943,76395,76876,76465,66429,65671,65874,66359,65774
304,1,0,2,76786,76375,75568,75555,76170,69474,68305,68847,68466,68317,77043,76358,75800,76290,75896,65965,65229,65422,65904,65315
305,0,0,2,77371,76940,76122,76124,76740,69928,68759,69304,68927,68769,77603,76926,76380,76867,76455,66405,65669,65866,66345,65762
306,1,0,2,76799,76388,75570,75570,76189,69486,68314,68858,68497,68327,77043,76358,75828,76303,75920,65973,65230,65414,65927,65336
307,0,0,2,77383,76973,76132,76135,76756,69938,68769,69310,68959,68786,77619,76941,76398,76881,76477,66415,65678,65855,66375,65781
308,1,0,2,76781,76388,75549,75545,76150,69477,68284,68833,68466,68292,77037,76346,75790,76288,75874,65958,65215,65414,65910,65313
309,0,0,2,77374,76979,76135,76116,76752,69950,68766,69306,68942,68784,77625,76940,76389,76884,76455,66408,65668,65864,66376,65770
310,1,0,2,76787,76380,75550,75549,76164,69480,68296,68815,68464,68317,77034,76345,75810,76291,75884,65960,65215,65403,65892,65307
311,0,0,2,77377,76957,76106,76112,76749,69938,68762,69281,68930,68787,77613,76919,76405,76875,76447,66402,65670,65856,66344,65761
312,1,0,2,76768,76373,75544,75544,76172,69496,68299,68830,68457,68314,77043,76343,75804,76289,75889,65970,65233,65410,65904,65327
313,0,0,2,77341,76934,76104,76099,76725,69936,68735,69280,68913,68769,77592,76893,76372,76854,76450,66410,65667,65861,66346,65753
314,1,0,2,76755,76361,75543,75524,76159,69483,68288,68821,68459,68312,77042,76332,75817,76283,75873,65955,65222,65412,65888,65294
315,0,0,2,77355,76949,76121,76099,76739,69943,68761,69289,68916,68775,77608,76916,76396,76860,76443,66408,65670,65862,66354,65748
316,1,0,2,76765,76379,75576,75570,76174,69491,68303,68846,68471,68319,77040,76357,75834,76290,75904,65981,65241,65415,65901,65319
317,0,0,2,77353,76960,76140,76133,76753,69949,68756,69302,68939,68781,77600,76939,76411,76865,76471,66433,65688,65868,66362,65772
318,1,0,2,76795,76388,75567,75573,76176,69511,68318,68857,68474,68339,77059,76364,75808,76289,75921,65975,65243,65428,65898,65324
319,0,0,2,77373,76968,76141,76128,76749,69967,68787,69307,68931,68789,77651,76929,76400,76868,76474,66430,65693,65873,66353,65771
320,1,0,2,76799,76386,75578,75573,76172,69501,68329,68844,68475,68337,77062,76374,75834,76309,75896,65986,65241,65445,65928,65337
321,0,0,2,77372,76952,76134,76122,76748,69949,68772,69286,68923,68788,77615,76930,76400,76878,76457,66424,65685,65877,66370,65776
322,1,0,2,76767,76365,75576,75547,76176,69488,68297,68843,68457,68313,77015,76347,75817,76281,75884,65964,65220,65412,65894,65333
323,0,0,2,77353,76931,76147,76117,76746,69943,68760,69299,68913,68771,77586,76922,76393,76859,76449,66419,65662,65862,66344,65776
324,1,0,2,76783,76371,75578,75544,76159,69491,68303,68838,68462,68321,77057,76379,75817,76284,75907,65968,65256,65413,65885,65325
325,0,0,2,77376,76948,76141,76119,76740,69948,68766,69303,68938,68784,77616,76958,76414,76862,76472,66419,65710,65868,66368,65782
326,1,0,2,76770,76361,75565,75537,76154,69492,68298,68842,68456,68314,77041,76349,75809,76279,75890,65967,65240,65419,65902,65311
327,0,0,2,77370,76944,76134,76102,76744,69962,68758,69301,68927,68776,77600,76941,76398,76867,76465,66426,65689,65872,66357,65766
328,1,0,2,76782,76368,75573,75558,76164,69492,68302,68839,68462,68320,77052,76358,75827,76276,75891,65988,65244,65423,65905,65313
329,0,0,2,77366,76919,76121,76106,76730,69936,68747,69283,68915,68762,77611,76924,76395,76845,76455,66411,65672,65854,66342,65751
330,1,0,2,76786,76382,75562,75563,76174,69498,68326,68854,68469,68334,77053,76354,75836,76298,75904,65992,65235,65420,65912,65328
331,0,0,2,77374,76951,76144,76125,76744,69956,68790,69313,68930,68798,77645,76938,76414,76878,76479,66442,65687,65872,66375,65780
332,1,0,2,76784,76356,75572,75547,76139,69475,68290,68845,68463,68305,77004,76334,75812,76274,75890,65969,65222,65390,65898,65295
333,0,0,2,77391,76956,76154,76135,76737,69955,68777,69323,68954,68787,77593,76935,76408,76880,76481,66430,65684,65856,66362,65774
334,1,0,2,76781,76384,75579,75549,76157,69481,68303,68850,68496,68319,77032,76349,75832,76274,75888,65983,65231,65420,65909,65325
335,0,0,2,77359,76941,76138,76110,76723,69926,68744,69302,68933,68761,77586,76910,76409,76843,76444,66411,65670,65863,66350,65762
336,1,0,2,76773,76372,75573,75552,76157,69484,68293,68836,68466,68309,77029,76339,75803,76253,75871,65970,65209,65407,65899,65302
337,0,0,2,77346,76943,76119,76112,76716,69935,68734,69281,68919,68757,77589,76912,76384,76825,76438,66409,65657,65852,66349,65745
338,1,0,2,76788,76373,75565,75551,76159,69483,68307,68840,68487,68312,77031,76352,75823,76260,75894,65964,65222,65406,65906,65320
339,0,0,2,77355,76950,76118,76115,76728,69932,68767,69304,68946,68769,77599,76919,76395,76837,76454,66411,65655,65859,66357,65751
340,1,0,2,76779,76369,75561,75561,76154,69481,68316,68834,68474,68307,77039,76342,75827,76268,75889,65977,65214,65410,65902,65310
341,0,0,2,77345,76928,76122,76117,76725,69932,68767,69285,68931,68758,77611,76922,76400,76838,76450,66415,65667,65847,66351,65757
342,1,0,2,76787,76383,75575,75573,76157,69486,68325,68839,68465,68317,77044,76357,75817,76274,75893,65971,65221,65431,65914,65308
343,0,0,2,77376,76941,76130,76134,76737,69947,68779,69303,68923,68779,77612,76925,76407,76857,76453,66420,65670,65869,66369,65753
344,1,0,2,76791,76381,75591,75577,76166,69492,68321,68857,68480,68321,77057,76343,75828,76293,75905,65983,65254,65435,65901,65316
345,0,0,2,77362,76931,76136,76128,76732,69932,68769,69301,68925,68762,77602,76913,76402,76861,76449,66419,65684,65870,66343,65752
346,1,0,2,76785,76370,75583,75585,76155,69505,68314,68849,68484,68316,77045,76350,75821,76293,75894,65989,65254,65416,65910,65325
347,0,0,2,77359,76937,76138,76127,76726,69954,68762,69293,68931,68769,77615,76917,76400,76860,76453,66423,65687,65857,66345,65770
348,1,0,2,76809,76392,75578,75582,76166,69508,68306,68847,68489,68313,77060,76361,75834,76281,75903,66000,65233,65439,65927,65325
349,0,0,2,77402,76957,76145,76139,76751,69975,68779,69309,68961,68781,77641,76948,76410,76870,76471,66441,65664,65882,66380,65780
350,1,0,2,76787,76361,75583,75568,76183,69492,68314,68839,68476,68339,77039,76362,75837,76282,75883,65979,65227,65429,65919,65332
351,0,0,2,77380,76954,76156,76134,76753,69960,68786,69304,68947,68804,77625,76939,76410,76864,76465,66428,65667,65876,66370,65777
352,1,0,2,76755,76377,75564,75551,76163,69501,68316,68837,68484,68310,77060,76351,75815,76283,75885,65971,65218,65421,65912,65316
353,0,0,2,77364,76962,76144,76132,76758,69976,68800,69307,68966,68788,77641,76960,76406,76875,76474,66438,65684,65882,66386,65791
354,1,0,2,76797,76396,75591,75573,76169,69504,68315,68837,68497,68333,77070,76369,75844,76308,75904,65987,65247,65445,65918,65307
355,0,0,2,77360,76969,76156,76131,76737,69948,68768,69287,68954,68785,77651,76938,76400,76869,76466,66428,65692,65878,66355,65749
356,1,0,2,76797,76382,75571,75590,76180,69495,68321,68861,68487,68316,77057,76370,75834,76304,75909,65984,65251,65441,65917,65320
357,0,0,2,77366,76946,76113,76124,76739,69939,68760,69288,68931,68766,77612,76925,76397,76851,76455,66414,65679,65871,66343,65751
358,1,0,2,76772,76376,75549,75553,76139,69498,68295,68821,68472,68284,77045,76328,75801,76278,75873,65962,65230,65404,65884,65285
359,0,0,2,77372,76966,76149,76138,76735,69962,68761,69297,68954,68771,77646,76918,76401,76872,76453,66426,65695,65862,66357,65748
360,1,0,2,76792,76382,75576,75546,76152,69500,68299,68832,68479,68310,77043,76341,75815,76283,75881,65960,65230,65412,65904,65302
361,0,0,2,77372,76958,76135,76099,76735,69951,68742,69280,68926,68762,77611,76913,76377,76856,76445,66412,65661,65849,66351,65741
362,1,0,2,76774,76386,75572,75561,76153,69495,68285,68814,68475,68306,77058,76340,75824,76283,75886,65970,65227,65400,65890,65316
363,0,0,2,77357,76960,76143,76121,76740,69964,68743,69289,68941,68767,77634,76922,76386,76862,76451,66424,65670,65844,66332,65754
364,1,0,2,76786,76393,75552,75561,76153,69485,68299,68821,68491,68326,77039,76352,75809,76294,75871,65976,65217,65408,65893,65309
365,0,0,2,77363,76944,76116,76121,76724,69943,68756,69276,68945,68775,77600,76918,76387,76870,76439,66413,65660,65853,66336,65755
366,1,0,2,76789,76379,75554,75533,76134,69498,68299,68803,68477,68312,77056,76346,75802,76279,75886,65971,65215,65398,65888,65292
367,0,0,2,77391,76964,76137,76118,76735,69952,68774,69280,68947,68790,77630,76928,76402,76876,76464,66426,65677,65869,66356,65765
368,1,0,2,76796,76361,75578,75569,76141,69510,68298,68829,68478,68315,77073,76359,75821,76304,75882,65969,65229,65426,65898,65302
369,0,0,2,77374,76916,76132,76129,76711,69960,68751,69277,68926,68780,77627,76927,76404,76868,76452,66406,65673,65875,66349,65759
370,1,0,2,76797,76367,75552,75564,76146,69495,68298,68811,68460,68306,77056,76342,75800,76288,75879,65962,65226,65428,65898,65306
371,0,0,2,77384,76950,76142,76138,76739,69964,68765,69289,68947,68783,77651,76932,76394,76879,76469,66411,65694,65876,66365,65771
372,1,0,2,76790,76368,75539,75550,76146,69488,68284,68819,68467,68310,77034,76339,75781,76281,75860,65943,65211,65405,65890,65296
373,0,0,2,77372,76939,76094,76111,76723,69939,68738,69281,68926,68771,77605,76918,76369,76860,76428,66396,65656,65851,66329,65744
374,1,0,2,76780,76384,75582,75568,76170,69496,68297,68830,68490,68332,77045,76348,75814,76289,75892,65967,65232,65417,65908,65323
375,0,0,2,77360,76951,76139,76137,76735,69949,68747,69285,68941,68782,77603,76907,76391,76863,76446,66404,65669,65863,66348,65756
376,1,0,2,76803,76385,75575,75579,76147,69496,68292,68833,68494,68319,77042,76346,75807,76298,75891,65972,65224,65424,65895,65310
377,0,0,2,77377,76947,76134,76138,76723,69949,68745,69284,68945,68780,77618,76923,76393,76871,76459,66415,65668,65868,66333,65758
378,1,0,2,76779,76399,75560,75568,76158,69499,68287,68822,68477,68334,77036,76355,75819,76303,75888,65974,65231,65422,65887,65304
379,0,0,2,77366,76964,76125,76124,76737,69946,68753,69280,68941,68789,77614,76915,76399,76874,76448,66422,65672,65869,66332,65755
380,1,0,2,76768,76359,75544,75528,76128,69471,68269,68805,68457,68292,77012,76324,75796,76257,75851,65940,65192,65399,65871,65294
381,0,0,2,77341,76926,76106,76092,76702,69932,68723,69264,68917,68745,77586,76894,76386,76844,76413,66389,65642,65859,66318,65734
382,1,0,2,76799,76386,75587,75556,76157,69502,68299,68829,68485,68317,77036,76364,75822,76301,75895,65971,65236,65425,65899,65325
383,0,0,2,77374,76946,76128,76104,76733,69963,68757,69287,68933,68770,77597,76924,76388,76867,76455,66410,65679,65861,66351,65765
384,1,0,2,76762,76374,75565,75544,76126,69483,68280,68809,68465,68285,77015,76330,75796,76264,75860,65942,65217,65416,65875,65285
385,0,0,2,77342,76944,76128,76100,76713,69947,68737,69270,68929,68735,77591,76908,76373,76845,76427,66389,65651,65853,66335,65727
386,1,0,2,76769,76385,75568,75553,76135,69494,68293,68822,68469,68289,77014,76334,75799,76280,75866,65951,65221,65422,65879,65311
387,0,0,2,77358,76968,76139,76107,76716,69948,68750,69278,68937,68748,77593,76914,76376,76858,76430,66399,65668,65864,66334,65761
388,1,0,2,76773,76367,75561,75556,76149,69489,68286,68821,68448,68283,76996,76330,75793,76273,75864,65960,65215,65404,65888,65286
389,0,0,2,77366,76959,76138,76135,76730,69949,68749,69280,68928,68742,77590,76906,76395,76866,76446,66411,65669,65866,66345,65745
390,1,0,2,76780,76378,75558,75565,76160,69489,68283,68832,68455,68289,77023,76356,75810,76273,75880,65958,65223,65418,65908,65301
391,0,0,2,77381,76962,76139,76141,76736,69959,68757,69297,68925,68758,77611,76932,76403,76866,76454,66419,65664,65866,66360,65760
392,1,0,2,76781,76392,75566,75554,76161,69495,68287,68833,68450,68290,77022,76337,75802,76276,75883,65951,65222,65416,65889,65306
393,0,0,2,77351,76947,76116,76111,76717,69936,68743,69281,68908,68754,77597,76903,76375,76850,76431,66388,65663,65859,66334,65754
394,1,0,2,76769,76366,75549,75548,76144,69490,68273,68799,68455,68289,77008,76306,75786,76277,75868,65943,65206,65408,65874,65280
395,0,0,2,77349,76935,76121,76121,76727,69951,68735,69258,68920,68750,77582,76882,76370,76853,76430,66389,65654,65852,66326,65733
396,1,0,2,76783,76363,75562,75567,76157,69494,68284,68819,68455,68304,77026,76321,75787,76289,75883,65955,65230,65406,65893,65297
397,0,0,2,77381,76949,76145,76145,76748,69968,68747,69294,68931,68768,77620,76893,76379,76879,76461,66409,65682,65866,66364,65759
398,1,0,2,76780,76338,75541,75561,76148,69481,68268,68808,68449,68276,77021,76314,75783,76282,75865,65938,65224,65406,65883,65303
399,0,0,2,77364,76916,76121,76137,76730,69944,68738,69281,68924,68746,77607,76913,76372,76876,76443,66403,65671,65854,66343,65751
400,1,0,2,76775,76362,75558,75559,76160,69491,68281,68826,68471,68282,77024,76335,75801,76288,75855,65946,65219,65418,65876,65294
401,0,0,2,77378,76941,76134,76132,76755,69958,68765,69283,68944,68755,77613,76921,76389,76883,76443,66403,65687,65880,66351,65744
402,1,0,2,76777,76372,75565,75561,76164,69498,68296,68829,68474,68299,77040,76353,75813,76302,75882,65964,65230,65420,65895,65298
403,0,0,2,77367,76959,76140,76131,76747,69962,68765,69287,68934,68764,77617,76918,76385,76883,76451,66414,65693,65867,66356,65751
404,1,0,2,76755,76362,75538,75543,76137,69484,68270,68827,68443,68277,77012,76326,75790,76268,75872,65957,65211,65391,65888,65281
405,0,0,2,77360,76952,76129,76120,76728,69952,68746,69292,68918,68758,77598,76911,76383,76865,76457,66411,65674,65847,66359,65734
406,1,0,2,76759,76363,75561,75551,76149,69497,68285,68821,68454,68297,77023,76340,75801,76286,75862,65958,65221,65402,65891,65284
407,0,0,2,77369,76963,76146,76140,76756,69969,68761,69297,68935,68786,77620,76939,76397,76884,76444,66427,65682,65875,66360,65756
408,1,0,2,76764,76358,75558,75568,76153,69499,68270,68835,68451,68291,77028,76334,75801,76266,75855,65952,65225,65397,65887,65295
409,0,0,2,77348,76933,76122,76128,76721,69958,68737,69285,68903,68760,77596,76915,76380,76843,76426,66403,65676,65849,66345,65754
410,1,0,2,76791,76395,75563,75578,76165,69505,68300,68838,68472,68309,77029,76340,75806,76273,75871,65970,65243,65411,65910,65312
411,0,0,2,77379,76961,76128,76152,76752,69953,68755,69291,68944,68770,77592,76914,76397,76857,76443,66421,65696,65863,66361,65759
412,1,0,2,76777,76372,75571,75568,76143,69488,68282,68821,68464,68292,77007,76334,75806,76265,75857,65963,65234,65399,65894,65291
413,0,0,2,77356,76936,76135,76127,76712,69947,68743,69275,68916,68747,77581,76901,76383,76837,76418,66415,65673,65839,66344,65737
414,1,0,2,76775,76366,75561,75565,76144,69487,68288,68817,68480,68317,77021,76346,75812,76277,75869,65964,65232,65417,65895,65288
415,0,0,2,77374,76958,76132,76138,76716,69945,68749,69281,68938,68775,77613,76936,76393,76857,76436,66408,65676,65868,66363,65745
416,1,0,2,76792,76390,75578,75575,76153,69497,68303,68830,68484,68297,77021,76344,75807,76288,75871,65979,65223,65417,65889,65297
417,0,0,2,77366,76948,76137,76129,76722,69951,68759,69287,68936,68739,77589,76923,76376,76858,76437,66428,65674,65858,66332,65739
418,1,0,2,76798,76383,75562,75582,76170,69513,68325,68838,68474,68309,77011,76357,75812,76275,75859,65986,65240,65424,65901,65299
419,0,0,2,77380,76968,76136,76157,76741,69972,68788,69304,68934,68780,77582,76928,76393,76856,76441,66429,65686,65873,66355,65746
420,1,0,2,76772,76365,75548,75572,76157,69481,68292,68814,68460,68288,77011,76350,75807,76264,75860,65960,65223,65405,65877,65277
421,0,0,2,77370,76948,76122,76144,76742,69939,68752,69280,68933,68757,77586,76924,76393,76858,76433,66410,65664,65858,66331,65725
422,1,0,2,76783,76377,75570,75563,76159,69486,68288,68827,68463,68291,77010,76362,75806,76285,75872,65974,65236,65416,65907,65289
423,0,0,2,77363,76933,76120,76129,76717,69941,68738,69279,68925,68754,77583,76917,76378,76844,76433,66413,65671,65855,66342,65727
424,1,0,2,76791,76377,75575,75567,76153,69484,68284,68837,68462,68295,77033,76339,75811,76267,75877,65968,65228,65411,65886,65288
425,0,0,2,77373,76946,76158,76134,76737,69946,68751,69297,68923,68766,77606,76925,76397,76852,76446,66418,65670,65868,66333,65744
426,1,0,2,76785,76382,75567,75589,76171,69492,68293,68836,68478,68312,77042,76363,75820,76285,75883,65980,65232,65430,65904,65317
427,0,0,2,77365,76962,76139,76144,76753,69958,68761,69308,68944,68775,77622,76939,76390,76878,76454,66424,65676,65870,66360,65771
428,1,0,2,76776,76364,75543,75557,76157,69501,68292,68827,68456,68286,77041,76345,75796,76262,75849,65958,65207,65398,65889,65291
429,0,0,2,77374,76939,76124,76127,76741,69958,68754,69290,68929,68756,77611,76923,76377,76858,76414,66411,65666,65854,66335,65738
430,1,0,2,76802,76386,75583,75565,76173,69489,68298,68838,68473,68321,77078,76359,75811,76291,75879,65986,65255,65439,65920,65306
431,0,0,2,77395,76973,76149,76136,76755,69951,68760,69299,68933,68766,77654,76938,76397,76871,76454,66432,65705,65892,66371,65772
432,1,0,2,76775,76370,75550,75560,76165,69484,68277,68831,68457,68288,77032,76353,75781,76257,75863,65958,65217,65409,65887,65289
433,0,0,2,77358,76946,76122,76133,76743,69946,68734,69291,68912,68761,77606,76932,76372,76838,76438,66407,65666,65865,66355,65751
434,1,0,2,76783,76395,75562,75564,76148,69488,68277,68822,68467,68303,77030,76349,75772,76259,75861,65979,65223,65418,65889,65287
435,0,0,2,77374,76975,76142,76141,76728,69962,68749,69289,68933,68784,77620,76941,76384,76848,76444,66433,65686,65883,66363,65747
436,1,0,2,76781,76380,75570,75564,76164,69489,68292,68835,68470,68308,77030,76355,75785,76269,75869,65974,65236,65427,65897,65296
437,0,0,2,77373,76962,76152,76137,76744,69940,68747,69299,68936,68775,77603,76928,76365,76853,76441,66426,65683,65879,66355,65761
438,1,0,2,76787,76377,75552,75545,76155,69484,68266,68823,68456,68297,77027,76341,75789,76276,75857,65968,65223,65416,65880,65287
439,0,0,2,77378,76960,76132,76125,76731,69940,68740,69277,68910,68765,77605,76920,76380,76857,76438,66409,65688,65866,66335,65738
440,1,0,2,76803,76384,75572,75554,76163,69486,68296,68836,68470,68304,77026,76340,75797,76273,75869,65966,65238,65424,65882,65300
441,0,0,2,77391,76964,76146,76126,76743,69952,68761,69304,68936,68777,77619,76928,76381,76857,76447,66417,65686,65868,66341,65750
442,1,0,2,76808,76394,75572,75557,76162,69493,68297,68834,68460,68322,77027,76360,75797,76271,75878,65938,65230,65427,65904,65308
443,0,0,2,77385,76958,76132,76116,76729,69941,68755,69287,68915,68775,77599,76927,76372,76844,76436,66386,65673,65860,66336,65751
444,1,0,2,76779,76363,75555,75542,76152,69486,68282,68833,68436,68296,77044,76349,75773,76268,75859,65947,65218,65406,65871,65297
445,0,0,2,77367,76956,76133,76119,76733,69935,68749,69299,68911,68768,77623,76926,76366,76845,76446,66411,65680,65860,66338,65745
446,1,0,2,76792,76412,75573,75561,76182,69483,68291,68845,68475,68307,77031,76354,75799,76297,75865,65976,65235,65413,65886,65299
447,0,0,2,77357,76958,76122,76112,76744,69946,68749,69295,68938,68762,77592,76925,76366,76869,76421,66412,65675,65850,66321,65749
448,1,0,2,76776,76372,75570,75537,76149,69477,68285,68819,68465,68299,77041,76347,75787,76270,75870,65952,65224,65392,65881,65281
449,0,0,2,77375,76965,76142,76111,76736,69947,68751,69298,68941,68782,77604,76936,76384,76859,76437,66402,65680,65857,66345,65748
450,1,0,2,76770,76385,75560,75558,76139,69480,68282,68828,68457,68308,77028,76337,75790,76284,75854,65966,65226,65401,65872,65297
451,0,0,2,77371,76964,76138,76140,76734,69953,68752,69292,68934,68789,77607,76930,76374,76877,76439,66425,65679,65862,66346,65756
452,1,0,2,76771,76363,75577,75554,76141,69494,68294,68833,68456,68299,77033,76335,75798,76275,75875,65967,65209,65407,65906,65304
453,0,0,2,77351,76937,76127,76121,76716,69955,68751,69290,68926,68759,77597,76909,76380,76852,76436,66413,65656,65862,66354,65744
454,1,0,2,76790,76396,75571,75569,76163,69487,68304,68849,68477,68310,77031,76363,75807,76285,75892,65985,65237,65427,65908,65319
455,0,0,2,77368,76959,76127,76128,76737,69936,68760,69297,68938,68768,77597,76926,76374,76854,76452,66434,65686,65873,66355,65766
456,1,0,2,76777,76388,75586,75573,76165,69491,68298,68843,68477,68316,77045,76362,75799,76293,75888,65976,65245,65424,65921,65318
457,0,0,2,77355,76956,76142,76132,76731,69957,68757,69303,68933,68779,77610,76930,76380,76862,76456,66428,65686,65871,66372,65766
458,1,0,2,76752,76372,75558,75541,76142,69468,68274,68820,68453,68301,77024,76326,75792,76246,75856,65958,65217,65402,65881,65297
459,0,0,2,77370,76969,76148,76128,76732,69948,68750,69303,68929,68776,77610,76924,76392,76842,76432,66427,65673,65869,66352,65754
460,1,0,2,76775,76388,75584,75571,76163,69488,68273,68839,68465,68288,77027,76341,75794,76274,75873,65984,65236,65417,65900,65314
461,0,0,2,77351,76958,76154,76125,76742,69940,68731,69294,68924,68753,77602,76912,76384,76861,76445,66428,65675,65871,66360,65755
462,1,0,2,76780,76407,75596,75556,76173,69502,68296,68853,68473,68315,77048,76347,75823,76282,75884,65989,65239,65419,65910,65311
463,0,0,2,77347,76969,76147,76120,76750,69951,68753,69295,68923,68772,77602,76908,76395,76860,76443,66424,65683,65850,66355,65746
464,1,0,2,76772,76393,75556,75557,76160,69490,68286,68836,68461,68298,77020,76333,75816,76279,75864,65972,65240,65406,65908,65316
465,0,0,2,77361,76964,76112,76110,76731,69944,68736,69289,68910,68746,77588,76906,76387,76847,76424,66410,65678,65854,66362,65761
466,1,0,2,76769,76385,75558,75546,76147,69490,68278,68820,68446,68280,77032,76333,75769,76277,75858,65954,65239,65399,65885,65277
467,0,0,2,77373,76981,76149,76130,76740,69954,68754,69306,68929,68764,77622,76917,76377,76867,76446,66415,65705,65873,66343,65745
468,1,0,2,76772,76387,75562,75545,76148,69465,68273,68836,68458,68288,77036,76344,75798,76273,75870,65971,65238,65398,65901,65306
469,0,0,2,77346,76963,76131,76099,76715,69930,68727,69293,68916,68764,77605,76914,76374,76853,76435,66425,65682,65846,66333,65752
470,1,0,2,76795,76391,75585,75566,76158,69483,68299,68843,68471,68303,77049,76360,75798,76277,75880,65965,65243,65420,65891,65297
471,0,0,2,77382,76983,76152,76134,76754,69962,68765,69305,68943,68765,77634,76942,76382,76867,76456,66424,65696,65876,66349,65763
472,1,0,2,76781,76371,75555,75540,76152,69470,68289,68819,68453,68308,77023,76334,75771,76267,75865,65955,65232,65403,65881,65293
473,0,0,2,77360,76936,76119,76105,76725,69923,68750,69280,68915,68759,77594,76902,76342,76847,76421,66393,65676,65844,66326,65732
474,1,0,2,76767,76372,75557,75545,76152,69474,68299,68827,68448,68310,77039,76334,75785,76283,75867,65966,65221,65409,65888,65298
475,0,0,2,77355,76955,76132,76120,76734,69919,68762,69290,68913,68767,77611,76903,76372,76868,76447,66420,65662,65850,66340,65737
476,1,0,2,76783,76378,75561,75571,76159,69485,68307,68836,68445,68304,77026,76337,75798,76296,75878,65974,65231,65422,65891,65303
477,0,0,2,77353,76940,76116,76122,76733,69933,68768,69283,68913,68769,77601,76906,76375,76869,76435,66419,65681,65869,66342,65749
478,1,0,2,76794,76414,75564,75569,76165,69496,68299,68850,68457,68324,77036,76344,75810,76307,75885,65974,65233,65418,65900,65300
479,0,0,2,77371,76963,76119,76117,76724,69949,68752,69291,68910,68784,77588,76906,76377,76873,76438,66407,65673,65857,66346,65751
480,1,0,2,76778,76386,75561,75520,76126,69473,68290,68817,68453,68287,77019,76344,75779,76289,75861,65955,65207,65400,65884,65270
481,0,0,2,77363,76975,76141,76112,76725,69938,68764,69292,68922,68753,77606,76931,76380,76887,76442,66417,65666,65858,66349,65733
482,1,0,2,76802,76382,75557,75553,76153,69487,68298,68822,68456,68298,77050,76343,75809,76291,75873,65973,65234,65416,65899,65297
483,0,0,2,77386,76970,76122,76112,76724,69947,68754,69279,68919,68753,77606,76920,76384,76872,76439,66424,65669,65861,66342,65753
484,1,0,2,76794,76394,75559,75566,76146,69488,68309,68854,68483,68329,77036,76357,75816,76295,75893,65967,65246,65429,65903,65319
485,0,0,2,77361,76952,76131,76125,76719,69932,68759,69299,68942,68784,77605,76919,76383,76869,76461,66407,65690,65865,66352,65758
486,1,0,2,76795,76392,75578,75561,76155,69491,68305,68855,68478,68317,77056,76358,75810,76298,75880,65975,65246,65428,65895,65329
487,0,0,2,77366,76947,76120,76107,76720,69930,68757,69303,68921,68759,77609,76923,76387,76840,76446,66409,65675,65860,66326,65760
488,1,0,2,76810,76375,75573,75555,76161,69483,68304,68828,68475,68312,77038,76331,75804,76288,75863,65965,65229,65402,65892,65291
489,0,0,2,77399,76959,76151,76120,76753,69959,68770,69307,68940,68780,77609,76916,76391,76878,76450,66419,65692,65866,66366,65758
490,1,0,2,76770,76372,75547,75549,76143,69475,68282,68818,68451,68298,77022,76327,75775,76285,75869,65946,65206,65401,65898,65284
491,0,0,2,77352,76942,76109,76096,76714,69924,68749,69272,68905,68760,77597,76907,76354,76857,76432,66387,65652,65840,66345,65731
492,1,0,2,76778,76357,75550,75539,76165,69480,68303,68835,68441,68302,77040,76332,75789,76283,75881,65952,65222,65400,65899,65292
493,0,0,2,77356,76947,76126,76092,76739,69944,68755,69299,68917,68758,77607,76903,76368,76854,76441,66409,65672,65851,66352,65746
494,1,0,2,76767,76386,75558,75537,76166,69468,68303,68832,68469,68321,77040,76343,75799,76290,75878,65959,65219,65390,65894,65298
495,0,0,2,77371,76970,76138,76120,76760,69947,68769,69303,68938,68791,77620,76929,76393,76885,76452,66427,65676,65853,66372,65775
496,1,0,2,76770,76358,75557,75548,76131,69476,68289,68833,68459,68314,77021,76320,75794,76297,75857,65950,65215,65403,65891,65306
497,0,0,2,77363,76932,76145,76119,76732,69944,68748,69286,68927,68788,77605,76912,76376,76888,76440,66414,65666,65852,66344,65756
498,1,0,2,76770,76362,75577,75559,76157,69493,68291,68829,68462,68325,77037,76346,75781,76294,75878,65958,65225,65400,65884,65306
499,0,0,2,77367,76936,76148,76137,76736,69944,68754,69297,68935,68788,77621,76920,76373,76880,76454,66421,65684,65863,66350,65761
500,1,0,2,76748,76356,75552,75538,76141,69485,68272,68827,68470,68325,76996,76326,75800,76295,75853,65964,65215,65403,65875,65304
501,0,0,2,77330,76942,76125,76096,76712,69947,68730,69290,68925,68774,77576,76899,76380,76868,76422,66416,65669,65850,66332,65742
502,1,0,2,76765,76374,75548,75550,76142,69479,68269,68823,68444,68323,77037,76325,75784,76270,75874,65956,65204,65386,65876,65301
503,0,0,2,77364,76964,76133,76140,76746,69951,68754,69296,68919,68802,77625,76929,76380,76875,76464,66426,65661,65852,66351,65769
504,1,0,2,76773,76369,75558,75555,76166,69496,68301,68838,68477,68319,77037,76354,75808,76296,75877,65965,65218,65404,65895,65326
505,0,0,2,77382,76953,76133,76139,76755,69969,68771,69310,68948,68789,77627,76942,76392,76887,76461,66422,65672,65852,66353,65773
506,1,0,2,76804,76386,75566,75570,76169,69511,68307,68829,68479,68343,77040,76354,75808,76301,75873,65977,65222,65417,65910,65324
507,0,0,2,77381,76946,76132,76118,76731,69953,68757,69283,68931,68796,77591,76928,76376,76876,76433,66405,65657,65850,66353,65744
508,1,0,2,76787,76356,75581,75554,76160,69499,68301,68832,68467,68328,77043,76338,75801,76273,75884,65970,65236,65402,65891,65313
509,0,0,2,77392,76938,76156,76147,76748,69957,68778,69296,68918,68799,77615,76917,76383,76864,76454,66432,65694,65871,66365,65768
510,1,0,2,76798,76379,75570,75566,76173,69499,68317,68850,68464,68328,77030,76335,75794,76296,75880,65987,65231,65409,65903,65314
511,0,0,2,77376,76954,76137,76131,76753,69959,68777,69308,68918,68796,77610,76917,76378,76879,76449,66444,65686,65857,66368,65771
512,1,0,2,76801,76399,75579,75576,76164,69507,68306,68845,68469,68353,77044,76377,75806,76286,75892,65982,65252,65424,65914,65311
513,0,0,2,77379,76962,76139,76134,76749,69951,68778,69301,68924,68810,77610,76927,76378,76854,76458,66429,65693,65869,66368,65762
514,1,0,2,76813,76400,75580,75580,76181,69507,68329,68845,68473,68354,77047,76353,75825,76306,75899,65995,65247,65435,65929,65322
515,0,0,2,77390,76978,76148,76139,76756,69973,68789,69309,68931,68806,77613,76945,76410,76888,76457,66440,65703,65887,66380,65775
516,1,0,2,76806,76398,75593,75590,76183,69509,68317,68831,68480,68355,77044,76343,75809,76301,75893,65986,65243,65438,65927,65315
517,0,0,2,77390,76964,76151,76139,76758,69960,68763,69293,68939,68820,77604,76922,76389,76873,76453,66430,65689,65886,66365,65760
518,1,0,2,76795,76385,75572,75562,76159,69505,68297,68838,68459,68324,77041,76334,75813,76282,75875,65966,65229,65418,65895,65299
519,0,0,2,77389,76976,76129,76125,76731,69966,68755,69303,68919,68793,77616,76906,76381,76858,76445,66416,65677,65863,66350,65754
520,1,0,2,76779,76373,75559,75562,76141,69495,68293,68821,68452,68324,77047,76330,75817,76283,75873,65964,65229,65418,65902,65300
521,0,0,2,77356,76926,76108,76104,76714,69935,68739,69276,68900,68757,77600,76906,76378,76840,76427,66398,65671,65840,66349,65729
522,1,0,2,76794,76379,75577,75560,76161,69513,68299,68835,68457,68353,77033,76343,75800,76283,75886,65975,65260,65414,65906,65310
523,0,0,2,77377,76975,76150,76137,76745,69971,68774,69296,68935,68821,77616,76925,76394,76876,76453,66430,65708,65863,66359,65770
524,1,0,2,76782,76382,75564,75571,76149,69488,68285,68829,68452,68336,77035,76351,75810,76271,75879,65973,65237,65415,65916,65301
525,0,0,2,77374,76955,76135,76133,76721,69945,68749,69294,68917,68783,77612,76919,76392,76858,76440,66418,65685,65855,66350,65752
526,1,0,2,76772,76344,75536,75546,76150,69471,68282,68823,68426,68303,77020,76322,75776,76260,75848,65949,65201,65400,65898,65276
527,0,0,2,77380,76941,76129,76135,76736,69960,68755,69299,68905,68782,77607,76908,76375,76864,76427,66409,65667,65866,66352,65751
528,1,0,2,76810,76383,75583,75568,76169,69495,68291,68843,68464,68336,77036,76340,75803,76292,75887,65990,65240,65425,65910,65306
529,0,0,2,77389,76966,76156,76151,76755,69963,68769,69312,68931,68804,77620,76932,76397,76881,76467,66446,65709,65886,66378,65765
530,1,0,2,76771,76364,75569,75557,76149,69483,68287,68816,68450,68309,77036,76316,75790,76279,75857,65966,65227,65409,65890,65282
531,0,0,2,77359,76940,76147,76130,76729,69938,68747,69281,68908,68772,77609,76897,76383,76860,76425,66425,65669,65864,66340,65730
532,1,0,2,76793,76382,75570,75571,76166,69484,68293,68830,68458,68320,77023,76331,75806,76277,75868,65968,65243,65416,65907,65295
533,0,0,2,77366,76935,76130,76125,76735,69935,68750,69270,68907,68776,77588,76891,76373,76848,76406,66412,65674,65864,66351,65748
534,1,0,2,76771,76386,75577,75552,76148,69480,68294,68817,68469,68322,77027,76340,75801,76268,75873,65975,65242,65422,65889,65304
535,0,0,2,77355,76960,76135,76106,76725,69938,68746,69285,68933,68780,77590,76900,76380,76842,76441,66414,65682,65865,66337,65742
536,1,0,2,76789,76380,75564,75575,76153,69488,68289,68821,68472,68342,77040,76330,75813,76290,75875,65965,65236,65414,65894,65286
537,0,0,2,77371,76948,76128,76141,76727,69946,68751,69284,68938,68793,77604,76916,76392,76868,76438,66414,65686,65878,66353,65743
538,1,0,2,76791,76382,75560,75557,76156,69483,68292,68824,68458,68324,77032,76327,75803,76259,75867,65972,65238,65417,65907,65310
539,0,0,2,77362,76949,76122,76111,76723,69948,68746,69282,68916,68774,77608,76895,76376,76842,76426,66420,65685,65859,66351,65748
540,1,0,2,76776,76383,75569,75558,76146,69483,68291,68823,68470,68324,77027,76333,75787,76259,75855,65956,65230,65400,65897,65282
541,0,0,2,77364,76969,76134,76130,76714,69949,68758,69285,68940,68789,77616,76912,76385,76835,76426,66414,65684,65851,66362,65750
542,1,0,2,76794,76391,75583,75585,76157,69511,68305,68844,68493,68335,77060,76336,75821,76281,75887,65979,65261,65435,65902,65309
543,0,0,2,77384,76963,76158,76149,76740,69961,68781,69311,68972,68800,77627,76925,76406,76863,76464,66435,65717,65890,66363,65773
544,1,0,2,76784,76385,75558,75566,76156,69488,68298,68833,68459,68330,77041,76329,75814,76278,75877,65981,65234,65401,65896,65306
545,0,0,2,77355,76951,76135,76121,76724,69949,68764,69283,68920,68793,77614,76902,76386,76853,76436,66425,65683,65847,66354,65749
546,1,0,2,76777,76369,75569,75564,76163,69503,68314,68833,68471,68338,77041,76339,75804,76286,75894,65990,65235,65418,65920,65304
547,0,0,2,77369,76934,76139,76134,76746,69959,68778,69298,68931,68802,77604,76910,76389,76865,76468,66438,65675,65858,66368,65742
548,1,0,2,76786,76361,75559,75549,76143,69478,68296,68810,68461,68320,77035,76326,75790,76276,75879,65973,65256,65398,65894,65286
549,0,0,2,77382,76939,76142,76116,76736,69954,68765,69289,68924,68794,77611,76904,76378,76866,76455,66425,65703,65864,66349,65750
550,1,0,2,76784,76346,75560,75549,76147,69489,68296,68806,68456,68305,77039,76325,75784,76276,75881,65973,65247,65401,65894,65291
551,0,0,2,77373,76927,76132,76119,76732,69945,68757,69275,68930,68777,77618,76914,76373,76858,76462,66425,65689,65851,66340,65748
552,1,0,2,76780,76365,75562,75550,76143,69475,68291,68827,68467,68308,77021,76323,75808,76276,75879,65964,65246,65428,65891,65295
553,0,0,2,77354,76940,76127,76111,76729,69935,68750,69290,68925,68774,77603,76888,76390,76851,76449,66412,65686,65864,66355,65749
554,1,0,2,76782,76375,75568,75556,76154,69496,68297,68828,68464,68326,77035,76348,75814,76280,75880,65967,65241,65423,65880,65312
555,0,0,2,77383,76966,76159,76136,76747,69960,68763,69299,68924,68799,77625,76931,76402,76868,76463,66423,65704,65880,66355,65776
556,1,0,2,76801,76386,75577,75552,76150,69490,68290,68830,68474,68320,77036,76345,75791,76285,75868,65968,65250,65420,65899,65306
557,0,0,2,77377,76952,76127,76106,76733,69936,68743,69282,68931,68767,77591,76915,76368,76850,76440,66412,65683,65866,66336,65748
558,1,0,2,76780,76371,75556,75548,76146,69480,68293,68837,68447,68317,77055,76334,75812,76285,75880,65974,65219,65413,65895,65283
559,0,0,2,77357,76956,76130,76114,76728,69943,68748,69294,68922,68778,77618,76920,76384,76858,76451,66426,65671,65859,66355,65742
560,1,0,2,76775,76361,75559,75550,76142,69482,68286,68799,68456,68298,77009,76317,75790,76277,75880,65958,65222,65410,65891,65283
561,0,0,2,77353,76932,76123,76118,76720,69934,68743,69263,68925,68752,77594,76887,76384,76848,76437,66399,65671,65857,66345,65736
562,1,0,2,76759,76362,75575,75558,76144,69481,68274,68815,68442,68304,77036,76329,75789,76267,75888,65953,65226,65420,65886,65283
563,0,0,2,77359,76943,76152,76117,76735,69939,68744,69276,68913,68777,77611,76911,76388,76857,76448,66416,65672,65860,66342,65740
564,1,0,2,76779,76377,75573,75551,76145,69485,68282,68822,68474,68327,77031,76341,75804,76278,75885,65965,65219,65423,65897,65288
565,0,0,2,77357,76931,76133,76109,76722,69932,68742,69287,68924,68788,77595,76903,76370,76849,76450,66411,65661,65869,66352,65736
566,1,0,2,76790,76365,75584,75564,76160,69482,68283,68831,68468,68331,77028,76347,75801,76283,75877,65969,65236,65411,65898,65291
567,0,0,2,77370,76925,76136,76131,76727,69922,68742,69286,68936,68785,77603,76911,76370,76854,76437,66418,65685,65852,66345,65732
568,1,0,2,76772,76368,75587,75549,76147,69477,68287,68832,68473,68333,77035,76337,75797,76279,75895,65974,65250,65401,65898,65294
569,0,0,2,77366,76940,76157,76106,76718,69937,68740,69286,68933,68790,77610,76917,76368,76864,76463,66422,65687,65845,66347,65740
570,1,0,2,76777,76371,75569,75540,76153,69480,68286,68813,68469,68309,77040,76327,75807,76283,75881,65973,65233,65381,65898,65288
571,0,0,2,77369,76948,76134,76103,76729,69943,68748,69265,68928,68778,77611,76915,76386,76859,76448,66419,65692,65845,66355,65748
572,1,0,2,76786,76382,75559,75545,76176,69482,68283,68835,68477,68323,77041,76340,75810,76286,75898,65976,65220,65416,65900,65298
573,0,0,2,77356,76934,76111,76105,76744,69932,68738,69279,68918,68776,77604,76901,76386,76849,76463,66410,65659,65850,66335,65733
574,1,0,2,76757,76360,75560,75553,76160,69491,68310,68820,68466,68318,77046,76326,75791,76271,75899,65978,65235,65393,65887,65297
575,0,0,2,77366,76949,76139,76122,76747,69948,68765,69290,68936,68805,77616,76906,76366,76856,76460,66440,65683,65854,66346,65738
576,1,0,2,76794,76362,75583,75561,76174,69501,68307,68841,68473,68330,77052,76357,75805,76288,75891,65970,65236,65403,65898,65298
577,0,0,2,77381,76948,76150,76130,76737,69950,68762,69298,68943,68794,77619,76939,76385,76861,76464,66426,65680,65850,66353,65748
578,1,0,2,76762,76361,75557,75549,76150,69445,68282,68822,68449,68313,77015,76321,75784,76276,75876,65970,65214,65392,65892,65294
579,0,0,2,77343,76941,76122,76117,76738,69905,68738,69292,68919,68779,77589,76903,76362,76858,76449,66409,65659,65843,66340,65732
580,1,0,2,76788,76367,75557,75559,76148,69477,68282,68835,68468,68319,77037,76337,75800,76252,75878,65975,65214,65402,65890,65296
581,0,0,2,77368,76931,76129,76118,76734,69935,68740,69288,68923,68783,77610,76912,76367,76841,76439,66419,65664,65845,66342,65755
582,1,0,2,76771,76369,75563,75572,76167,69500,68299,68832,68464,68347,77051,76353,75806,76284,75894,65992,65254,65417,65915,65312
583,0,0,2,77348,76928,76133,76124,76731,69944,68742,69287,68925,68804,77614,76913,76366,76848,76451,66433,65696,65859,66349,65743
584,1,0,2,76777,76363,75568,75563,76162,69497,68288,68834,68481,68334,77059,76349,75812,76270,75900,65975,65243,65404,65918,65300
585,0,0,2,77366,76934,76140,76136,76732,69951,68748,69301,68940,68794,77641,76916,76395,76848,76465,66424,65678,65852,66371,65743
586,1,0,2,76770,76358,75569,75558,76142,69479,68287,68831,68463,68330,77052,76330,75806,76270,75869,65970,65224,65401,65896,65291
587,0,0,2,77360,76938,76138,76135,76733,69954,68760,69299,68935,68796,77633,76920,76388,76859,76455,66431,65669,65859,66353,65751
588,1,0,2,76805,76381,75567,75572,76166,69494,68294,68833,68470,68336,77048,76350,75815,76281,75916,65985,65235,65407,65907,65312
589,0,0,2,77380,76943,76140,76121,76746,69945,68748,69299,68933,68794,77614,76917,76388,76859,76474,66423,65679,65862,66353,65764
590,1,0,2,76786,76360,75563,75566,76182,69472,68290,68857,68456,68325,77036,76339,75800,76273,75873,65990,65227,65405,65892,65290
591,0,0,2,77374,76937,76135,76131,76755,69941,68745,69296,68932,68784,77636,76924,76371,76852,76446,66438,65679,65867,66350,65755
592,1,0,2,76775,76343,75564,75555,76166,69472,68284,68826,68463,68307,77046,76349,75811,76288,75883,65970,65218,65389,65903,65292
593,0,0,2,77352,76915,76125,76118,76728,69924,68740,69291,68930,68777,77612,76925,76397,76862,76435,66419,65660,65842,66361,65747
594,1,0,2,76794,76373,75591,75583,76188,69497,68308,68864,68484,68337,77070,76350,75835,76304,75897,65998,65231,65429,65923,65337
595,0,0,2,77378,76951,76168,76159,76763,69960,68773,69331,68959,68807,77651,76935,76421,76887,76477,66448,65686,65884,66383,65791
596,1,0,2,76765,76376,75575,75569,76161,69479,68295,68830,68480,68326,77060,76346,75812,76286,75893,65983,65230,65402,65913,65313
597,0,0,2,77332,76927,76135,76127,76728,69923,68748,69286,68933,68777,77623,76907,76371,76845,76450,66421,65652,65831,66348,65746
598,1,0,2,76772,76351,75573,75561,76156,69488,68289,68845,68470,68328,77056,76350,75809,76291,75902,65967,65239,65402,65903,65305
599,0,0,2,77357,76930,76147,76133,76732,69939,68742,69302,68936,68787,77618,76933,76396,76868,76461,66423,65685,65863,66353,65761
600,1,0,2,76775,76353,75556,75544,76131,69461,68265,68808,68456,68325,77034,76342,75786,76283,75880,65957,65225,65399,65872,65273
601,0,0,2,77355,76941,76125,76110,76716,69936,68736,69285,68929,68792,77605,76916,76378,76860,76461,66424,65672,65846,66340,65735
602,1,0,2,76779,76369,75577,75555,76163,69487,68296,68839,68482,68333,77039,76335,75806,76292,75896,65981,65237,65409,65906,65320
603,0,0,2,77377,76954,76151,76127,76749,69960,68763,69313,68956,68807,77617,76920,76390,76885,76462,66421,65696,65868,66366,65768
604,1,0,2,76800,76353,75579,75563,76150,69481,68279,68823,68484,68325,77035,76350,75803,76296,75862,65971,65220,65409,65906,65316
605,0,0,2,77371,76926,76140,76118,76718,69926,68736,69284,68933,68772,77607,76916,76374,76875,76422,66415,65654,65844,66345,65746
606,1,0,2,76786,76366,75589,75567,76167,69486,68286,68837,68491,68325,77027,76339,75814,76298,75872,65977,65220,65408,65912,65314
607,0,0,2,77376,76930,76152,76138,76734,69943,68751,69301,68950,68788,77606,76909,76392,76874,76444,66419,65677,65854,66358,65762
608,1,0,2,76788,76372,75577,75579,76151,69487,68296,68836,68496,68314,77050,76334,75817,76290,75886,65964,65231,65408,65898,65301
609,0,0,2,77374,76939,76147,76133,76735,69946,68764,69300,68956,68778,77599,76909,76389,76861,76462,66413,65685,65860,66348,65744
610,1,0,2,76760,76341,75535,75531,76137,69478,68266,68808,68465,68300,77019,76306,75790,76256,75856,65941,65199,65380,65855,65269
611,0,0,2,77357,76921,76122,76105,76730,69937,68732,69281,68943,68780,77611,76901,76370,76844,76436,66396,65666,65835,66322,65738
612,1,0,2,76774,76356,75573,75566,76160,69496,68280,68821,68494,68317,77056,76331,75803,76285,75898,65970,65232,65417,65901,65299
613,0,0,2,77371,76928,76151,76128,76745,69965,68748,69296,68961,68786,77633,76929,76390,76874,76477,66425,65676,65873,66366,65759
614,1,0,2,76779,76363,75567,75557,76152,69493,68288,68829,68473,68315,77030,76334,75790,76272,75873,65966,65225,65404,65892,65284
615,0,0,2,77351,76928,76131,76115,76735,69940,68750,69281,68927,68771,77590,76894,76366,76848,76438,66401,65668,65845,66327,65734
616,1,0,2,76785,76373,75584,75569,76181,69515,68300,68846,68492,68330,77052,76347,75818,76281,75902,65969,65238,65416,65905,65302
617,0,0,2,77371,76953,76150,76142,76760,69957,68762,69302,68951,68797,77622,76927,76407,76856,76486,66421,65687,65866,66362,65751
618,1,0,2,76777,76345,75551,75559,76145,69489,68282,68829,68471,68315,77030,76335,75804,76268,75887,65971,65222,65412,65906,65294
619,0,0,2,77360,76934,76139,76128,76736,69956,68752,69297,68946,68790,77619,76913,76399,76862,76456,66434,65683,65868,66360,65753
620,1,0,2,76770,76391,75569,75562,76160,69491,68300,68824,68482,68328,77064,76358,75817,76284,75894,65984,65247,65431,65906,65321
621,0,0,2,77340,76953,76137,76127,76739,69949,68764,69292,68940,68782,77617,76923,76393,76862,76457,66425,65677,65875,66358,65757
622,1,0,2,76791,76395,75582,75579,76171,69521,68317,68830,68487,68332,77067,76345,75814,76280,75887,65999,65253,65429,65918,65313
623,0,0,2,77365,76958,76142,76131,76754,69963,68770,69289,68937,68795,77627,76925,76390,76857,76447,66436,65697,65876,66365,65763
624,1,0,2,76764,76360,75561,75556,76152,69478,68291,68827,68452,68316,77040,76339,75820,76270,75877,65980,65229,65389,65896,65291
625,0,0,2,77348,76943,76128,76120,76734,69941,68758,69285,68920,68780,77609,76923,76397,76843,76442,66423,65667,65858,66345,65742
626,1,0,2,76771,76385,75577,75560,76163,69511,68297,68844,68472,68327,77046,76346,75814,76281,75891,65975,65219,65418,65917,65292
627,0,0,2,77360,76953,76135,76128,76738,69960,68767,69303,68939,68787,77619,76912,76397,76863,76455,66416,65666,65858,66354,65741
628,1,0,2,76776,76371,75563,75555,76169,69502,68307,68840,68465,68330,77036,76332,75825,76293,75894,65970,65235,65431,65917,65312
629,0,0,2,77357,76956,76138,76129,76755,69965,68777,69299,68928,68793,77634,76915,76412,76887,76467,66430,65688,65867,66359,65769
630,1,0,2,76764,76382,75548,75557,76171,69489,68301,68824,68462,68316,77029,76333,75801,76288,75865,65963,65216,65391,65876,65293
631,0,0,2,77359,76955,76132,76129,76743,69953,68776,69289,68926,68792,77617,76928,76388,76878,76446,66418,65668,65851,66356,65761
632,1,0,2,76781,76380,75579,75580,76186,69497,68325,68857,68464,68340,77061,76352,75823,76289,75886,65985,65240,65433,65910,65313
633,0,0,2,77365,76955,76147,76148,76753,69949,68785,69311,68945,68806,77642,76928,76405,76868,76466,66438,65688,65888,66363,65763
634,1,0,2,76758,76366,75546,75553,76161,69492,68291,68822,68459,68305,77022,76335,75805,76275,75874,65959,65203,65413,65890,65282
635,0,0,2,77352,76948,76128,76123,76755,69938,68765,69296,68931,68779,77613,76918,76399,76869,76449,66428,65663,65868,66360,65747
636,1,0,2,76765,76382,75552,75545,76159,69470,68291,68813,68455,68310,77032,76347,75814,76279,75857,65969,65227,65399,65882,65286
637,0,0,2,77356,76945,76137,76111,76744,69932,68769,69278,68921,68780,77605,76926,76400,76852,76440,66414,65668,65852,66344,65732
638,1,0,2,76781,76376,75566,75580,76164,69513,68308,68847,68480,68332,77033,76346,75831,76289,75882,65960,65243,65422,65905,65312
639,0,0,2,77352,76947,76124,76136,76734,69962,68766,69302,68937,68790,77595,76899,76394,76860,76445,66400,65683,65868,66351,65748
640,1,0,2,76760,76391,75568,75547,76169,69490,68305,68826,68480,68316,77023,76347,75830,76287,75865,65952,65218,65408,65880,65289
641,0,0,2,77353,76964,76136,76116,76754,69940,68752,69284,68935,68761,77612,76922,76415,76855,76446,66400,65659,65865,66338,65742
642,1,0,2,76772,76390,75576,75571,76181,69506,68306,68830,68475,68324,77057,76359,75826,76287,75893,65972,65226,65424,65906,65301
643,0,0,2,77360,76970,76162,76137,76772,69972,68778,69296,68933,68810,77638,76948,76410,76873,76471,66426,65670,65869,66370,65763
644,1,0,2,76762,76375,75551,75558,76151,69479,68280,68822,68457,68289,77017,76339,75809,76268,75859,65967,65224,65404,65892,65282
645,0,0,2,77359,76954,76136,76131,76738,69947,68756,69305,68944,68765,77603,76940,76412,76867,76440,66420,65679,65863,66353,65752
646,1,0,2,76785,76393,75569,75580,76186,69516,68302,68833,68502,68317,77025,76361,75832,76297,75875,65987,65239,65432,65921,65317
647,0,0,2,77350,76943,76129,76129,76755,69952,68751,69288,68956,68773,77586,76918,76398,76865,76434,66413,65671,65876,66358,65758
648,1,0,2,76763,76397,75578,75555,76172,69489,68289,68834,68500,68314,77036,76346,75813,76271,75884,65975,65226,65419,65916,65297
649,0,0,2,77347,76971,76149,76131,76750,69966,68758,69298,68955,68790,77622,76920,76410,76848,76454,66425,65673,65870,66369,65755
650,1,0,2,76788,76407,75582,75591,76181,69506,68322,68851,68500,68337,77039,76370,75818,76295,75912,65990,65250,65434,65932,65342
651,0,0,2,77384,76982,76148,76143,76772,69965,68786,69310,68973,68810,77597,76951,76403,76884,76486,66438,65708,65895,66392,65792
652,1,0,2,76780,76353,75568,75568,76165,69491,68285,68835,68488,68321,77042,76350,75802,76273,75889,65960,65232,65416,65902,65295
653,0,0,2,77357,76916,76125,76115,76735,69937,68735,69270,68939,68771,77607,76918,76378,76846,76448,66406,65668,65856,66341,65740
654,1,0,2,76771,76340,75568,75569,76170,69497,68290,68825,68472,68311,77038,76344,75802,76286,75870,65967,65230,65416,65914,65290
655,0,0,2,77349,76910,76128,76126,76742,69960,68742,69280,68935,68768,77612,76919,76390,76852,76429,66413,65669,65849,66367,65743
656,1,0,2,76769,76366,75572,75559,76162,69485,68289,68822,68486,68317,77056,76349,75812,76312,75885,65968,65214,65408,65892,65305
657,0,0,2,77364,76960,76163,76142,76749,69965,68771,69299,68964,68800,77647,76936,76415,76910,76469,66428,65673,65883,66366,65771
658,1,0,2,76744,76366,75572,75559,76159,69493,68284,68812,68480,68313,77037,76333,75815,76279,75866,65953,65213,65414,65895,65273
659,0,0,2,77340,76944,76138,76125,76734,69951,68741,69276,68945,68771,77610,76911,76396,76860,76442,66411,65667,65863,66350,65742
660,1,0,2,76762,76362,75566,75541,76163,69498,68288,68815,68471,68316,77025,76345,75814,76288,75896,65970,65238,65430,65913,65295
661,0,0,2,77359,76956,76150,76130,76752,69960,68754,69284,68956,68794,77604,76933,76412,76872,76470,66429,65698,65871,66369,65753
662,1,0,2,76749,76348,75541,75556,76116,69485,68272,68824,68470,68304,77014,76319,75798,76248,75861,65938,65219,65395,65892,65283
663,0,0,2,77337,76927,76126,76127,76721,69947,68741,69280,68945,68765,77603,76910,76385,76837,76451,66403,65672,65858,66356,65745
664,1,0,2,76762,76371,75568,75563,76150,69485,68290,68822,68468,68322,77041,76350,75801,76267,75873,65966,65228,65399,65901,65291
665,0,0,2,77329,76939,76124,76109,76713,69935,68735,69273,68926,68780,77605,76918,76368,76836,76433,66404,65673,65850,66337,65735
666,1,0,2,76728,76365,75566,75553,76146,69479,68276,68830,68474,68319,77024,76331,75813,76266,75878,65958,65225,65402,65904,65284
667,0,0,2,77338,76955,76146,76146,76745,69955,68740,69295,68949,68793,77609,76925,76398,76860,76462,66417,65686,65872,66370,65744
668,1,0,2,76736,76369,75574,75559,76152,69485,68268,68823,68481,68321,77035,76314,75810,76272,75869,65951,65208,65406,65872,65277
669,0,0,2,77333,76967,76151,76127,76734,69957,68739,69291,68943,68787,77620,76909,76395,76861,76452,66413,65666,65867,66338,65741
670,1,0,2,76747,76378,75557,75562,76150,69476,68272,68813,68460,68302,77020,76318,75793,76269,75866,65955,65219,65398,65877,65275
671,0,0,2,77346,76969,76135,76133,76738,69941,68751,69284,68943,68775,77608,76914,76379,76857,76441,66408,65660,65866,66344,65733
672,1,0,2,76752,76390,75581,75555,76157,69488,68293,68813,68469,68315,77026,76336,75790,76280,75890,65963,65227,65424,65888,65287
673,0,0,2,77353,76982,76159,76132,76751,69952,68771,69285,68943,68784,77615,76925,76381,76877,76468,66427,65685,65886,66350,65751
674,1,0,2,76752,76396,75589,75562,76147,69476,68292,68832,68466,68303,77037,76334,75811,76259,75893,65971,65224,65411,65889,65286
675,0,0,2,77327,76953,76148,76118,76723,69930,68755,69288,68925,68759,77608,76912,76389,76835,76461,66417,65669,65854,66342,65737
676,1,0,2,76765,76394,75595,75569,76160,69498,68301,68822,68462,68307,77038,76338,75821,76266,75894,65958,65227,65414,65895,65298
677,0,0,2,77337,76954,76144,76121,76734,69959,68746,69280,68927,68768,77605,76902,76380,76846,76454,66401,65662,65853,66347,65745
678,1,0,2,76767,76392,75590,75552,76164,69492,68302,68827,68468,68304,77037,76343,75803,76268,75875,65983,65236,65421,65902,65313
679,0,0,2,77362,76973,76158,76134,76745,69957,68771,69283,68946,68764,77625,76931,76388,76850,76449,66434,65685,65881,66361,65761
680,1,0,2,76760,76356,75565,75560,76153,69479,68300,68823,68457,68313,77022,76345,75812,76271,75875,65963,65204,65403,65891,65283
681,0,0,2,77343,76923,76128,76123,76737,69939,68758,69279,68919,68762,77598,76918,76375,76840,76440,66410,65657,65854,66346,65743
682,1,0,2,76776,76386,75595,75580,76179,69513,68317,68840,68484,68338,77041,76347,75829,76294,75916,66001,65246,65442,65913,65304
683,0,0,2,77360,76957,76157,76139,76752,69966,68769,69306,68952,68799,77604,76917,76414,76867,76476,66444,65681,65888,66360,65751
684,1,0,2,76776,76396,75579,75573,76163,69505,68325,68853,68484,68311,77056,76367,75816,76292,75913,65986,65239,65441,65917,65304
685,0,0,2,77368,76964,76150,76143,76738,69961,68794,69301,68941,68794,77623,76932,76397,76862,76484,66437,65689,65882,66362,65757
686,1,0,2,76757,76362,75557,75553,76142,69468,68271,68817,68464,68292,77037,76334,75809,76274,75891,65962,65212,65415,65914,65276
687,0,0,2,77343,76931,76127,76119,76726,69925,68728,69270,68921,68754,77600,76902,76389,76847,76457,66408,65657,65856,66358,65724
688,1,0,2,76769,76401,75572,75573,76163,69502,68289,68821,68477,68329,77018,76342,75821,76271,75906,65976,65216,65423,65892,65295
689,0,0,2,77351,76973,76120,76125,76729,69952,68745,69283,68943,68778,77561,76919,76385,76847,76471,66422,65661,65867,66342,65736
690,1,0,2,76761,76387,75573,75572,76153,69502,68296,68823,68466,68306,77032,76337,75802,76283,75902,65971,65226,65413,65920,65308
691,0,0,2,77346,76976,76142,76147,76742,69948,68754,69283,68938,68783,77606,76932,76394,76858,76471,66422,65681,65864,66372,65756
692,1,0,2,76765,76381,75566,75575,76150,69492,68285,68823,68466,68318,77040,76339,75806,76282,75889,65963,65212,65411,65903,65296
693,0,0,2,77363,76961,76144,76136,76740,69961,68748,69287,68927,68795,77597,76908,76392,76853,76464,66412,65661,65852,66362,65747
694,1,0,2,76768,76363,75558,75562,76161,69487,68286,68813,68471,68312,77025,76333,75786,76270,75880,65972,65221,65392,65892,65287
695,0,0,2,77364,76971,76139,76140,76748,69968,68749,69292,68951,68780,77621,76912,76383,76859,76474,66425,65678,65857,66360,65747
696,1,0,2,76778,76388,75565,75572,76164,69499,68293,68831,68495,68327,77036,76347,75809,76272,75902,65967,65212,65401,65911,65281
697,0,0,2,77348,76943,76108,76122,76725,69934,68740,69276,68941,68770,77606,76908,76370,76842,76451,66405,65644,65850,66358,65721
698,1,0,2,76781,76402,75573,75577,76170,69504,68299,68833,68479,68321,77076,76367,75821,76291,75904,65986,65251,65425,65928,65310
699,0,0,2,77354,76979,76127,76132,76742,69940,68751,69289,68946,68786,77621,76933,76400,76866,76470,66431,65691,65872,66375,65764
700,1,0,2,76782,76383,75588,75583,76183,69504,68302,68841,68494,68316,77049,76356,75813,76292,75899,65974,65244,65429,65898,65303
701,0,0,2,77344,76937,76132,76120,76738,69942,68734,69282,68945,68764,77608,76914,76375,76847,76446,66411,65665,65850,66334,65735
702,1,0,2,76780,76382,75571,75569,76189,69495,68314,68831,68493,68321,77031,76356,75819,76288,75910,65979,65231,65412,65920,65315
703,0,0,2,77363,76938,76130,76139,76759,69953,68761,69282,68945,68776,77602,76927,76398,76875,76468,66427,65672,65862,66356,65750
704,1,0,2,76761,76355,75560,75571,76173,69501,68292,68836,68487,68321,77041,76348,75793,76275,75883,65974,65226,65422,65896,65290
705,0,0,2,77366,76937,76130,76141,76740,69973,68750,69297,68953,68785,77634,76928,76389,76863,76458,66434,65672,65876,66360,65756
706,1,0,2,76773,76370,75563,75572,76168,69489,68284,68829,68476,68295,77035,76346,75817,76294,75892,65982,65215,65400,65905,65306
707,0,0,2,77351,76930,76129,76137,76733,69940,68729,69276,68925,68762,77606,76913,76387,76856,76459,66422,65667,65849,66355,65746
708,1,0,2,76783,76389,75583,75590,76186,69496,68308,68848,68490,68323,77038,76347,75823,76289,75899,65989,65233,65435,65912,65320
709,0,0,2,77371,76972,76147,76148,76758,69952,68766,69297,68951,68774,77614,76924,76408,76867,76460,66441,65671,65883,66349,65769
710,1,0,2,76776,76405,75584,75580,76165,69506,68315,68840,68490,68337,77042,76353,75828,76307,75906,65996,65241,65436,65920,65342
711,0,0,2,77374,76966,76149,76140,76754,69957,68766,69292,68970,68795,77626,76934,76413,76889,76469,66438,65678,65881,66369,65782
712,1,0,2,76766,76366,75564,75542,76151,69479,68265,68812,68468,68304,77031,76334,75803,76272,75891,65970,65219,65405,65881,65314
713,0,0,2,77353,76932,76130,76105,76726,69938,68731,69273,68928,68764,77600,76899,76373,76848,76460,66409,65675,65860,66335,65758
714,1,0,2,76791,76363,75598,75572,76166,69508,68309,68842,68488,68327,77054,76353,75813,76301,75909,65980,65239,65430,65922,65330
715,0,0,2,77368,76942,76154,76140,76741,69949,68756,69287,68941,68777,77623,76913,76395,76879,76472,66422,65678,65868,66369,65772
716,1,0,2,76764,76378,75572,75568,76175,69491,68311,68834,68472,68307,77065,76337,75827,76292,75898,65991,65232,65412,65910,65322
717,0,0,2,77354,76955,76149,76131,76758,69946,68759,69296,68950,68770,77635,76916,76406,76869,76459,66435,65686,65866,66372,65770
718,1,0,2,76766,76370,75578,75561,76174,69502,68297,68821,68478,68307,77027,76337,75831,76283,75897,65972,65227,65428,65906,65302
719,0,0,2,77355,76952,76150,76130,76755,69951,68762,69284,68945,68775,77602,76915,76408,76875,76476,66433,65677,65886,66374,65769
720,1,0,2,76776,76377,75591,75577,76169,69514,68297,68828,68487,68320,77049,76362,75837,76284,75908,65995,65223,65431,65921,65336
721,0,0,2,77355,76932,76133,76122,76746,69962,68755,69278,68931,68774,77598,76924,76398,76859,76451,66439,65650,65869,66362,65775
722,1,0,2,76782,76369,75593,75579,76177,69505,68302,68841,68491,68318,77047,76346,75844,76311,75920,66003,65232,65437,65919,65332
723,0,0,2,77375,76954,76167,76140,76758,69967,68778,69296,68945,68771,77629,76919,76417,76884,76481,66451,65673,65885,66368,65776
724,1,0,2,76797,76377,75588,75583,76177,69522,68317,68833,68495,68325,77049,76340,75825,76312,75912,66011,65246,65439,65927,65346
725,0,0,2,77393,76970,76169,76159,76783,69989,68781,69304,68966,68802,77650,76935,76415,76906,76489,66461,65707,65902,66385,65807
726,1,0,2,76787,76360,75580,75572,76179,69496,68292,68825,68486,68316,77046,76347,75825,76314,75889,65977,65236,65434,65906,65327
727,0,0,2,77373,76944,76155,76131,76758,69958,68756,69288,68947,68781,77628,76929,76397,76883,76470,66425,65680,65884,66365,65780
728,1,0,2,76785,76383,75586,75573,76165,69493,68299,68831,68485,68320,77052,76348,75821,76296,75900,65987,65231,65442,65910,65331
729,0,0,2,77368,76959,76159,76142,76741,69955,68764,69291,68965,68784,77616,76935,76396,76897,76468,66445,65681,65897,66367,65802
730,1,0,2,76769,76373,75590,75559,76160,69477,68296,68826,68489,68320,77050,76342,75833,76290,75893,65988,65226,65414,65884,65332
731,0,0,2,77362,76951,76157,76129,76738,69941,68762,69288,68958,68786,77625,76925,76420,76876,76466,66447,65686,65872,66342,65780
732,1,0,2,76782,76374,75586,75552,76162,69487,68305,68821,68501,68318,77059,76349,75836,76299,75897,65988,65226,65429,65911,65325
733,0,0,2,77377,76956,76160,76134,76741,69958,68768,69283,68969,68781,77645,76936,76412,76890,76464,66446,65678,65898,66366,65781
734,1,0,2,76762,76363,75578,75557,76158,69485,68294,68802,68470,68323,77039,76341,75824,76286,75894,65980,65218,65410,65888,65308
735,0,0,2,77361,76964,76150,76138,76740,69946,68755,69272,68943,68797,77624,76920,76403,76873,76465,66430,65662,65876,66345,65758
736,1,0,2,76791,76384,75598,75568,76153,69492,68297,68819,68485,68313,77048,76349,75832,76301,75891,65989,65223,65409,65899,65326
737,0,0,2,77366,76953,76148,76135,76733,69940,68748,69277,68938,68762,77621,76914,76407,76871,76454,66433,65657,65851,66346,65771
738,1,0,2,76756,76378,75566,75558,76145,69482,68283,68796,68487,68302,77032,76317,75818,76281,75889,65962,65210,65399,65902,65308
739,0,0,2,77340,76949,76135,76118,76723,69926,68735,69251,68946,68760,77605,76900,76402,76865,76447,66410,65646,65838,66345,65752
740,1,0,2,76791,76395,75576,75576,76171,69495,68305,68826,68490,68321,77055,76365,75834,76306,75907,65997,65228,65429,65907,65336
741,0,0,2,77368,76978,76158,76139,76750,69947,68762,69284,68962,68783,77630,76941,76418,76885,76470,66436,65680,65877,66350,65790
742,1,0,2,76789,76388,75575,75572,76162,69488,68297,68823,68469,68314,77047,76361,75810,76297,75891,65975,65225,65422,65927,65319
743,0,0,2,77376,76973,76144,76136,76743,69950,68757,69293,68937,68770,77625,76938,76392,76880,76461,66435,65676,65872,66377,65774
744,1,0,2,76770,76388,75564,75562,76154,69483,68298,68822,68471,68304,77033,76333,75821,76291,75884,65979,65224,65412,65908,65323
745,0,0,2,77360,76962,76130,76126,76735,69940,68765,69276,68938,68771,77621,76902,76406,76876,76451,66425,65660,65865,66361,65773
746,1,0,2,76812,76406,75596,75581,76187,69505,68326,68834,68509,68340,77069,76360,75845,76316,75916,66002,65245,65441,65934,65332
747,0,0,2,77402,76987,76170,76155,76760,69973,68778,69303,68974,68806,77650,76949,76434,76898,76487,66458,65693,65891,66399,65790
748,1,0,2,76790,76412,75592,75584,76180,69493,68307,68842,68492,68344,77063,76376,75836,76309,75913,66011,65240,65450,65934,65342
749,0,0,2,77372,76979,76164,76133,76767,69951,68753,69296,68954,68788,77628,76932,76404,76884,76468,66449,65689,65891,66375,65781
750,1,0,2,76781,76402,75602,75574,76184,69502,68294,68828,68507,68338,77045,76347,75804,76303,75899,65986,65239,65437,65928,65311
751,0,0,2,77361,76966,76160,76139,76754,69961,68749,69279,68961,68779,77610,76916,76385,76874,76472,66434,65683,65879,66374,65764
752,1,0,2,76775,76399,75568,75567,76186,69483,68293,68831,68500,68325,77048,76345,75821,76303,75885,65986,65231,65424,65917,65312
753,0,0,2,77355,76975,76140,76138,76757,69949,68758,69287,68973,68790,77629,76928,76407,76885,76463,66430,65680,65874,66366,65771
754,1,0,2,76777,76395,75570,75551,76158,69488,68299,68834,68487,68319,77041,76347,75809,76293,75901,65967,65226,65417,65909,65312
755,0,0,2,77364,76985,76153,76126,76741,69949,68768,69294,68957,68797,77634,76938,76405,76891,76476,66423,65690,65891,66370,65779
756,1,0,2,76761,76379,75568,75572,76173,69490,68295,68832,68480,68320,77041,76348,75812,76293,75901,65979,65220,65413,65907,65322
757,0,0,2,77351,76958,76139,76131,76755,69953,68765,69303,68943,68797,77622,76940,76397,76873,76471,66431,65671,65863,66366,65773
758,1,0,2,76777,76392,75583,75552,76170,69488,68292,68823,68481,68323,77054,76357,75812,76280,75900,65975,65219,65427,65923,65323
759,0,0,2,77365,76962,76146,76126,76751,69949,68762,69284,68960,68784,77632,76927,76392,76866,76459,66432,65672,65883,66367,65783
760,1,0,2,76796,76392,75589,75571,76170,69510,68318,68831,68496,68316,77054,76354,75827,76290,75900,65981,65217,65437,65913,65325
761,0,0,2,77366,76968,76147,76131,76748,69965,68765,69301,68960,68768,77645,76930,76401,76864,76470,66425,65667,65888,66368,65776
762,1,0,2,76775,76377,75588,75557,76185,69473,68308,68839,68496,68311,77046,76358,75824,76280,75900,65976,65214,65412,65912,65306
763,0,0,2,77368,76967,76165,76138,76763,69941,68776,69311,68960,68794,77629,76947,76407,76871,76480,66427,65672,65865,66385,65774
764,1,0,2,76789,76382,75584,75561,76181,69491,68304,68830,68483,68320,77060,76368,75832,76289,75898,65991,65234,65412,65910,65320
765,0,0,2,77366,76948,76141,76119,76754,69940,68767,69286,68951,68782,77619,76931,76399,76854,76465,66431,65669,65851,66359,65753
766,1,0,2,76793,76374,75584,75551,76163,69502,68309,68837,68490,68327,77037,76363,75830,76285,75902,65994,65227,65411,65927,65326
767,0,0,2,77379,76953,76151,76129,76738,69967,68778,69306,68957,68794,77622,76941,76413,76873,76471,66451,65681,65867,66385,65780
768,1,0,2,76804,76368,75572,75573,76186,69495,68319,68839,68479,68327,77047,76363,75838,76283,75883,65991,65235,65431,65914,65323
769,0,0,2,77380,76936,76152,76145,76776,69962,68789,69303,68960,68802,77632,76940,76421,76866,76464,66441,65687,65878,66376,65778
770,1,0,2,76813,76382,75572,75569,76181,69519,68315,68845,68483,68341,77044,76376,75845,76295,75911,66001,65247,65415,65928,65324
771,0,0,2,77386,76956,76128,76139,76759,69965,68772,69302,68940,68806,77620,76943,76410,76884,76480,66435,65685,65857,66374,65769
772,1,0,2,76783,76380,75563,75562,76162,69497,68303,68837,68481,68322,77039,76364,75826,76297,75898,65980,65211,65414,65922,65312
773,0,0,2,77379,76958,76143,76146,76760,69958,68773,69302,68948,68789,77615,76952,76413,76886,76471,66444,65673,65868,66373,65770
774,1,0,2,76797,76365,75576,75568,76173,69503,68303,68834,68484,68312,77043,76353,75813,76278,75878,65981,65245,65402,65899,65320
775,0,0,2,77378,76946,76147,76139,76755,69966,68769,69301,68941,68790,77630,76947,76401,76876,76465,66447,65695,65859,66363,65785
776,1,0,2,76784,76394,75575,75576,76187,69503,68300,68831,68493,68330,77056,76376,75827,76295,75898,65998,65227,65421,65908,65325
777,0,0,2,77371,76966,76143,76145,76759,69966,68775,69306,68956,68793,77621,76946,76389,76874,76463,66434,65686,65877,66368,65783
778,1,0,2,76783,76392,75576,75571,76175,69502,68314,68841,68497,68343,77041,76372,75829,76300,75906,65994,65240,65421,65927,65322
779,0,0,2,77365,76966,76139,76145,76761,69963,68781,69302,68956,68802,77613,76939,76412,76886,76474,66438,65672,65882,66393,65777
780,1,0,2,76792,76403,75598,75559,76183,69503,68325,68835,68495,68336,77053,76359,75831,76301,75911,65987,65240,65438,65937,65322
781,0,0,2,77370,76969,76160,76127,76755,69959,68769,69287,68947,68800,77634,76929,76398,76871,76472,66428,65681,65877,66392,65767
782,1,0,2,76772,76396,75568,75564,76168,69482,68282,68829,68454,68315,77049,76367,75815,76283,75888,65968,65212,65423,65895,65317
783,0,0,2,77351,76952,76122,76118,76744,69939,68734,69290,68922,68761,77601,76932,76391,76860,76451,66406,65653,65862,66346,65763
784,1,0,2,76795,76378,75565,75556,76165,69489,68290,68833,68475,68316,77067,76355,75805,76274,75886,65976,65223,65419,65913,65313
785,0,0,2,77382,76959,76131,76105,76741,69935,68753,69293,68930,68771,77624,76920,76388,76861,76460,66422,65658,65853,66356,65762
786,1,0,2,76775,76375,75562,75565,76178,69512,68287,68826,68473,68307,77038,76348,75800,76278,75875,65986,65229,65413,65890,65323
787,0,0,2,77370,76954,76156,76138,76759,69979,68764,69302,68947,68788,77634,76932,76397,76879,76475,66442,65688,65876,66355,65790
788,1,0,2,76775,76380,75586,75559,76176,69480,68304,68825,68475,68319,77031,76343,75807,76293,75885,65975,65229,65428,65890,65321
789,0,0,2,77352,76959,76147,76120,76745,69949,68755,69289,68923,68783,77607,76905,76380,76868,76454,66415,65673,65871,66340,65767
790,1,0,2,76803,76400,75586,75578,76173,69516,68307,68846,68503,68343,77057,76353,75823,76300,75911,65990,65233,65439,65907,65331
791,0,0,2,77393,76981,76163,76140,76760,69970,68775,69310,68956,68814,77630,76941,76413,76876,76489,66449,65695,65898,66366,65793
792,1,0,2,76775,76394,75582,75569,76156,69503,68299,68820,68485,68324,77053,76366,75812,76300,75893,65998,65231,65430,65902,65321
793,0,0,2,77358,76966,76145,76133,76744,69956,68754,69280,68952,68790,77624,76943,76390,76874,76458,66435,65674,65873,66360,65783
794,1,0,2,76778,76408,75593,75568,76168,69509,68301,68825,68484,68335,77046,76350,75813,76285,75917,66001,65237,65439,65914,65323
795,0,0,2,77354,76977,76143,76137,76743,69957,68757,69283,68944,68793,77611,76930,76392,76864,76481,66442,65687,65886,66367,65768
796,1,0,2,76784,76389,75565,75573,76150,69498,68300,68819,68469,68333,77044,76345,75815,76296,75896,66003,65222,65423,65913,65310
797,0,0,2,77361,76957,76128,76137,76728,69948,68753,69273,68936,68788,77608,76922,76392,76873,76462,66441,65671,65862,66361,65758
798,1,0,2,76786,76386,75580,75561,76163,69485,68288,68816,68466,68328,77033,76347,75809,76290,75896,65976,65219,65420,65900,65314
799,0,0,2,77366,76956,76150,76124,76743,69943,68750,69282,68942,68793,77610,76924,76384,76853,76458,66427,65662,65865,66339,65754
800,1,0,2,76784,76398,75579,75559,76174,69488,68300,68828,68480,68307,77048,76335,75813,76280,75899,65985,65224,65417,65911,65318
801,0,0,2,77350,76961,76149,76119,76746,69944,68760,69277,68955,68770,77604,76914,76385,76852,76467,66426,65664,65863,66352,65755
802,1,0,2,76779,76394,75577,75559,76178,69498,68301,68825,68468,68308,77029,76341,75817,76292,75899,65974,65237,65411,65896,65302
803,0,0,2,77371,76974,76151,76130,76753,69954,68764,69297,68932,68782,77606,76924,76412,76876,76476,66431,65684,65869,66357,65754
804,1,0,2,76779,76389,75569,75563,76174,69482,68303,68819,68470,68325,77030,76345,75820,76288,75898,65972,65231,65410,65906,65312
805,0,0,2,77364,76968,76143,76131,76750,69960,68776,69291,68940,68790,77609,76920,76394,76879,76474,66429,65685,65870,66369,65770
806,1,0,2,76796,76410,75577,75563,76167,69486,68300,68827,68486,68314,77043,76350,75835,76285,75910,65979,65233,65420,65905,65322
807,0,0,2,77379,76975,76141,76120,76726,69938,68761,69279,68944,68769,77613,76913,76412,76870,76469,66426,65678,65868,66356,65760
808,1,0,2,76796,76406,75601,75573,76174,69487,68317,68825,68484,68313,77063,76349,75830,76298,75911,66003,65227,65447,65920,65321
809,0,0,2,77368,76956,76147,76135,76735,69929,68763,69275,68932,68770,77618,76929,76401,76862,76474,66436,65666,65889,66365,65760
810,1,0,2,76781,76369,75578,75570,76159,69495,68308,68833,68476,68304,77034,76344,75827,76285,75870,65972,65219,65420,65910,65293
811,0,0,2,77360,76933,76134,76124,76736,69935,68765,69290,68929,68767,77597,76909,76391,76858,76441,66409,65651,65860,66359,65731
812,1,0,2,76765,76357,75564,75548,76158,69483,68304,68826,68466,68311,77021,76338,75801,76273,75880,65972,65219,65418,65890,65288
813,0,0,2,77339,76936,76128,76108,76728,69930,68756,69272,68925,68759,77592,76913,76385,76838,76437,66410,65663,65851,66350,65739
814,1,0,2,76794,76391,75582,75562,76158,69494,68307,68821,68486,68306,77054,76347,75804,76292,75881,65980,65231,65420,65884,65300
815,0,0,2,77391,76974,76162,76140,76751,69958,68776,69295,68953,68775,77642,76929,76406,76880,76469,66438,65682,65880,66364,65768
816,1,0,2,76770,76380,75571,75556,76154,69481,68297,68834,68486,68296,77041,76346,75806,76285,75884,65959,65218,65415,65900,65294
817,0,0,2,77334,76948,76121,76111,76726,69932,68754,69282,68938,68754,77594,76921,76385,76860,76448,66402,65656,65849,66339,65728
818,1,0,2,76767,76371,75566,75560,76161,69478,68295,68820,68469,68305,77050,76337,75797,76305,75898,65969,65211,65420,65900,65301
819,0,0,2,77349,76945,76129,76116,76736,69937,68746,69278,68919,68764,77613,76919,76377,76870,76459,66411,65658,65865,66351,65740
820,1,0,2,76765,76374,75574,75566,76152,69491,68301,68827,68462,68310,77053,76352,75797,76290,75905,65962,65213,65417,65885,65286
821,0,0,2,77350,76964,76150,76136,76733,69948,68765,69294,68945,68784,77627,76927,76377,76878,76469,66422,65668,65864,66339,65741
822,1,0,2,76781,76390,75578,75573,76183,69484,68306,68833,68480,68305,77050,76362,75811,76299,75901,65976,65212,65419,65905,65304
823,0,0,2,77358,76955,76142,76127,76742,69941,68757,69291,68934,68759,77621,76926,76396,76871,76461,66415,65659,65864,66351,65752
824,1,0,2,76764,76382,75561,75559,76161,69479,68292,68826,68472,68311,77026,76355,75797,76289,75878,65971,65223,65409,65892,65292
825,0,0,2,77351,76958,76131,76128,76747,69933,68760,69283,68939,68782,77612,76934,76381,76874,76454,66430,65674,65863,66343,65750
826,1,0,2,76789,76399,75584,75581,76176,69487,68295,68839,68499,68330,77046,76355,75814,76301,75909,65990,65235,65418,65897,65311
827,0,0,2,77369,76967,76151,76143,76749,69944,68741,69302,68961,68786,77608,76932,76386,76877,76480,66424,65687,65873,66345,65754
828,1,0,2,76783,76369,75548,75553,76163,69485,68280,68824,68476,68306,77024,76354,75809,76281,75895,65958,65216,65399,65892,65315
829,0,0,2,77360,76939,76122,76119,76751,69943,68746,69291,68940,68757,77600,76927,76396,76862,76449,66408,65662,65858,66352,65768
830,1,0,2,76774,76376,75567,75572,76161,69481,68294,68835,68490,68319,77033,76354,75827,76292,75892,65959,65226,65429,65913,65310
831,0,0,2,77350,76942,76133,76134,76745,69945,68738,69289,68949,68778,77611,76934,76405,76872,76464,66409,65680,65879,66359,65748
832,1,0,2,76794,76395,75604,75586,76179,69506,68306,68849,68511,68341,77051,76363,75817,76319,75912,65990,65245,65448,65924,65334
833,0,0,2,77366,76956,76152,76128,76745,69959,68756,69294,68955,68782,77627,76931,76383,76884,76472,66423,65686,65889,66371,65768
834,1,0,2,76785,76371,75572,75572,76187,69504,68299,68843,68489,68325,77043,76367,75818,76298,75896,65983,65234,65438,65912,65312
835,0,0,2,77369,76936,76142,76135,76761,69952,68761,69295,68946,68789,77609,76924,76390,76872,76467,66423,65676,65888,66358,65758
836,1,0,2,76780,76379,75577,75568,76168,69500,68292,68841,68476,68314,77056,76347,75799,76300,75897,65979,65245,65426,65914,65308
837,0,0,2,77386,76962,76154,76146,76764,69958,68767,69313,68954,68790,77645,76942,76384,76879,76486,66437,65701,65891,66380,65773
838,1,0,2,76775,76359,75559,75540,76150,69472,68279,68814,68479,68301,77031,76320,75790,76285,75899,65962,65209,65418,65894,65286
839,0,0,2,77357,76938,76119,76095,76736,69948,68743,69281,68946,68758,77601,76888,76373,76861,76460,66401,65658,65860,66342,65737
840,1,0,2,76788,76377,75584,75565,76171,69507,68301,68866,68490,68334,77037,76350,75822,76315,75903,65986,65251,65448,65917,65321
841,0,0,2,77368,76955,76158,76133,76752,69973,68763,69327,68949,68804,77619,76927,76403,76900,76477,66442,65699,65895,66374,65764
842,1,0,2,76781,76381,75586,75587,76172,69513,68301,68872,68496,68328,77048,76369,75823,76313,75909,66003,65233,65457,65919,65317
843,0,0,2,77358,76961,76162,76149,76756,69978,68760,69325,68966,68791,77619,76945,76408,76906,76489,66449,65678,65901,66382,65771
844,1,0,2,76791,76395,75607,75587,76192,69508,68314,68853,68504,68333,77061,76373,75825,76323,75922,66004,65217,65452,65938,65329
845,0,0,2,77364,76967,76164,76152,76765,69967,68765,69310,68963,68789,77635,76940,76398,76891,76479,66437,65664,65896,66381,65764
846,1,0,2,76786,76382,75595,75587,76179,69518,68297,68857,68498,68343,77037,76363,75817,76320,75935,65998,65221,65451,65932,65324
847,0,0,2,77368,76960,76164,76138,76756,69971,68752,69317,68951,68800,77613,76924,76381,76893,76496,66434,65667,65890,66381,65765
848,1,0,2,76790,76357,75572,75570,76171,69506,68293,68839,68497,68314,77049,76346,75790,76292,75909,65969,65212,65414,65899,65297
849,0,0,2,77372,76953,76158,76145,76759,69965,68766,69307,68965,68779,77650,76931,76379,76881,76471,66429,65662,65879,66369,65753
850,1,0,2,76792,76357,75600,75569,76168,69490,68296,68846,68500,68327,77040,76365,75823,76315,75912,65985,65219,65441,65922,65301
851,0,0,2,77377,76924,76155,76121,76741,69943,68761,69303,68959,68785,77615,76939,76396,76895,76477,66428,65662,65883,66368,65754
852,1,0,2,76809,76363,75581,75577,76164,69507,68281,68847,68481,68323,77048,76368,75821,76308,75892,65989,65209,65418,65901,65307
853,0,0,2,77394,76949,76153,76143,76753,69977,68755,69330,68948,68799,77632,76947,76410,76900,76465,66434,65663,65881,66368,65779
854,1,0,2,76812,76394,75612,75577,76197,69522,68322,68854,68511,68337,77059,76388,75847,76328,75942,65992,65241,65438,65923,65331
855,0,0,2,77375,76941,76153,76123,76751,69948,68758,69307,68956,68781,77611,76938,76395,76885,76478,66416,65667,65870,66358,65763
856,1,0,2,76793,76375,75576,75555,76186,69489,68307,68839,68499,68326,77041,76341,75805,76306,75905,65972,65223,65429,65912,65316
857,0,0,2,77376,76951,76156,76126,76761,69955,68775,69300,68970,68796,77619,76928,76392,76892,76486,66429,65674,65881,66361,65766
858,1,0,2,76791,76390,75601,75581,76181,69534,68312,68867,68498,68328,77048,76352,75832,76321,75921,65983,65228,65444,65919,65324
859,0,0,2,77364,76949,76154,76120,76745,69966,68748,69291,68932,68786,77600,76920,76399,76888,76465,66424,65658,65868,66347,65756
860,1,0,2,76800,76378,75598,75557,76188,69515,68302,68869,68501,68344,77043,76358,75833,76311,75925,65978,65248,65426,65914,65316
861,0,0,2,77393,76957,76171,76139,76772,69978,68754,69330,68957,68808,77622,76929,76418,76889,76484,66426,65699,65873,66365,65772
862,1,0,2,76779,76347,75566,75550,76151,69475,68285,68821,68454,68323,77031,76340,75786,76297,75878,65957,65216,65405,65879,65292
863,0,0,2,77366,76911,76123,76105,76718,69923,68739,69266,68918,68779,77605,76910,76357,76872,76444,66403,65650,65846,66343,65730
864,1,0,2,76773,76363,75568,75556,76173,69493,68284,68821,68476,68306,77037,76343,75808,76296,75883,65980,65232,65407,65909,65305
865,0,0,2,77374,76945,76137,76127,76747,69954,68755,69288,68947,68774,77624,76923,76391,76886,76450,66440,65691,65866,66361,65762
866,1,0,2,76789,76384,75589,75571,76161,69495,68291,68855,68488,68319,77061,76350,75822,76311,75889,65993,65246,65427,65920,65320
867,0,0,2,77370,76933,76127,76118,76721,69952,68737,69297,68939,68768,77603,76903,76379,76869,76442,66431,65677,65858,66355,65754
868,1,0,2,76788,76359,75556,75554,76159,69474,68283,68832,68467,68319,77045,76338,75822,76299,75897,65990,65223,65410,65902,65301
869,0,0,2,77381,76946,76139,76120,76743,69947,68751,69303,68932,68775,77622,76920,76406,76878,76470,66440,65675,65853,66362,65755
870,1,0,2,76816,76397,75599,75587,76204,69518,68331,68872,68497,68351,77071,76361,75839,76326,75930,66022,65260,65439,65937,65321
871,0,0,2,77382,76950,76159,76130,76766,69959,68777,69319,68946,68809,77622,76926,76410,76894,76476,66455,65706,65874,66371,65761
872,1,0,2,76772,76364,75601,75570,76177,69514,68304,68856,68501,68333,77068,76367,75839,76296,75900,66001,65249,65423,65922,65323
873,0,0,2,77375,76945,76168,76119,76759,69959,68771,69316,68972,68793,77636,76936,76419,76870,76469,66449,65690,65868,66368,65780
874,1,0,2,76799,76398,75584,75586,76206,69525,68335,68863,68516,68333,77069,76361,75846,76322,75922,66004,65243,65435,65934,65342
875,0,0,2,77379,76957,76156,76142,76778,69976,68791,69317,68972,68796,77635,76923,76421,76891,76478,66451,65699,65881,66374,65793
876,1,0,2,76780,76366,75571,75552,76159,69493,68298,68830,68469,68297,77044,76329,75815,76287,75886,65974,65219,65404,65893,65290
877,0,0,2,77379,76942,76145,76124,76738,69963,68761,69300,68942,68781,77625,76919,76402,76881,76466,66425,65684,65859,66358,65747
878,1,0,2,76788,76396,75576,75564,76184,69507,68290,68840,68488,68339,77054,76343,75810,76312,75893,65996,65244,65421,65902,65311
879,0,0,2,77374,76969,76134,76128,76754,69957,68755,69298,68957,68795,77625,76919,76393,76893,76467,66441,65692,65871,66350,65763
880,1,0,2,76761,76386,75560,75547,76161,69509,68295,68828,68483,68313,77050,76339,75808,76299,75894,65971,65240,65408,65899,65289
881,0,0,2,77364,76960,76128,76124,76746,69968,68763,69293,68951,68773,77621,76915,76394,76888,76468,66424,65694,65857,66341,65739
882,1,0,2,76790,76408,75573,75564,76179,69508,68312,68841,68494,68333,77057,76351,75812,76299,75913,65984,65263,65428,65890,65307
883,0,0,2,77381,76980,76131,76118,76746,69961,68768,69292,68959,68792,77620,76918,76381,76887,76474,66425,65694,65873,66331,65749
884,1,0,2,76781,76397,75585,75570,76169,69488,68305,68830,68489,68316,77036,76345,75816,76296,75890,65974,65252,65439,65907,65303
885,0,0,2,77380,76969,76153,76144,76767,69951,68768,69291,68949,68793,77607,76929,76402,76871,76474,66426,65708,65887,66380,65755
886,1,0,2,76779,76387,75569,75578,76167,69499,68310,68846,68491,68321,77030,76341,75816,76303,75891,65959,65242,65429,65895,65285
887,0,0,2,77364,76979,76141,76150,76746,69965,68788,69316,68970,68784,77615,76923,76400,76884,76471,66417,65698,65876,66357,65736
888,1,0,2,76797,76399,75589,75597,76181,69520,68326,68838,68504,68331,77080,76363,75847,76316,75922,65997,65260,65448,65919,65316
889,0,0,2,77374,76967,76150,76160,76740,69969,68777,69299,68955,68783,77643,76929,76409,76890,76468,66446,65704,65886,66371,65760
890,1,0,2,76784,76374,75567,75552,76166,69486,68307,68835,68466,68307,77052,76339,75814,76311,75893,65977,65246,65427,65913,65291
891,0,0,2,77367,76956,76129,76131,76753,69949,68778,69302,68931,68776,77632,76927,76396,76891,76459,66429,65690,65880,66356,65742
892,1,0,2,76793,76388,75582,75579,76169,69513,68322,68848,68514,68317,77066,76355,75831,76306,75886,66005,65257,65438,65928,65324
893,0,0,2,77357,76936,76145,76123,76744,69959,68774,69297,68957,68774,77638,76919,76391,76872,76432,66436,65680,65875,66360,65756
894,1,0,2,76788,76398,75579,75581,76176,69502,68320,68854,68501,68314,77061,76343,75826,76304,75908,65994,65239,65448,65914,65327
895,0,0,2,77379,76971,76150,76147,76753,69964,68786,69316,68953,68774,77642,76917,76424,76884,76488,66444,65696,65905,66382,65785
896,1,0,2,76799,76392,75571,75589,76165,69515,68314,68850,68476,68315,77038,76336,75821,76301,75900,65979,65224,65431,65905,65303
897,0,0,2,77375,76957,76144,76149,76747,69971,68775,69324,68957,68779,77618,76924,76400,76882,76469,66436,65680,65890,66369,65768
898,1,0,2,76781,76389,75567,75565,76152,69505,68311,68836,68493,68312,77044,76345,75802,76296,75898,65982,65232,65423,65921,65321
899,0,0,2,77377,76955,76148,76134,76737,69957,68773,69305,68966,68772,77624,76920,76395,76870,76476,66437,65688,65880,66377,65778
900,1,0,2,76777,76377,75580,75566,76160,69509,68297,68839,68490,68318,77036,76333,75811,76294,75888,65991,65225,65437,65920,65312
901,0,0,2,77376,76976,76170,76143,76751,69976,68780,69301,68952,68795,77638,76926,76420,76894,76479,66455,65698,65898,66394,65779
902,1,0,2,76769,76357,75575,75563,76154,69501,68313,68825,68493,68292,77052,76347,75803,76291,75895,65976,65224,65438,65911,65300
903,0,0,2,77358,76939,76139,76132,76726,69959,68762,69289,68960,68760,77631,76925,76391,76867,76451,66421,65673,65887,66363,65753
904,1,0,2,76767,76373,75574,75564,76137,69493,68292,68821,68490,68317,77036,76347,75812,76289,75886,65978,65241,65422,65909,65299
905,0,0,2,77346,76959,76145,76133,76717,69947,68759,69292,68960,68779,77603,76926,76399,76866,76437,66425,65679,65871,66354,65748
906,1,0,2,76786,76379,75580,75578,76166,69504,68300,68848,68503,68316,77048,76360,75824,76313,75886,65980,65251,65440,65913,65307
907,0,0,2,77372,76961,76138,76137,76747,69960,68764,69311,68972,68775,77613,76933,76407,76887,76461,66435,65692,65885,66370,65763
908,1,0,2,76776,76374,75560,75562,76167,69499,68304,68833,68479,68291,77037,76354,75801,76285,75890,65968,65224,65427,65905,65293
909,0,0,2,77360,76940,76116,76112,76733,69948,68762,69286,68936,68749,77608,76918,76382,76860,76461,66404,65660,65870,66362,65748
910,1,0,2,76775,76378,75569,75552,76151,69497,68317,68820,68491,68300,77038,76348,75813,76296,75880,65973,65223,65425,65919,65308
911,0,0,2,77367,76961,76142,76129,76733,69961,68781,69298,68956,68775,77614,76929,76389,76875,76458,66434,65673,65873,66361,65758
912,1,0,2,76795,76408,75570,75586,76185,69513,68319,68859,68506,68322,77061,76360,75804,76308,75899,65985,65239,65434,65929,65317
913,0,0,2,77364,76966,76124,76126,76752,69953,68770,69300,68961,68769,77617,76918,76379,76881,76464,66432,65676,65877,66371,65764
914,1,0,2,76779,76390,75573,75572,76174,69515,68309,68833,68499,68321,77063,76364,75819,76308,75894,65987,65235,65441,65902,65310
915,0,0,2,77359,76965,76151,76135,76747,69960,68768,69293,68948,68781,77632,76938,76407,76877,76462,66425,65682,65888,66358,65759
916,1,0,2,76778,76375,75560,75561,76166,69505,68305,68838,68503,68322,77026,76337,75821,76284,75892,65976,65242,65424,65900,65315
917,0,0,2,77337,76946,76119,76123,76725,69962,68763,69295,68961,68772,77604,76912,76391,76857,76456,66413,65683,65867,66351,65758
918,1,0,2,76780,76356,75580,75564,76175,69502,68316,68822,68502,68302,77041,76342,75804,76288,75885,65961,65224,65420,65887,65296
919,0,0,2,77353,76921,76140,76122,76744,69964,68765,69281,68956,68765,77602,76917,76387,76863,76447,66412,65676,65860,66336,65743
920,1,0,2,76781,76345,75564,75573,76146,69493,68305,68825,68475,68302,77026,76335,75814,76273,75874,65990,65224,65431,65904,65313
921,0,0,2,77391,76924,76155,76165,76754,69972,68783,69312,68959,68788,77615,76937,76415,76867,76453,66449,65705,65889,66374,65777
922,1,0,2,76774,76341,75571,75581,76162,69500,68309,68831,68492,68302,77044,76352,75805,76283,75875,65980,65236,65413,65897,65305
923,0,0,2,77354,76906,76122,76121,76738,69955,68761,69287,68942,68756,77604,76917,76378,76856,76435,66416,65673,65860,66333,65753
924,1,0,2,76787,76355,75570,75565,76158,69497,68308,68831,68464,68311,77037,76351,75813,76300,75898,65984,65228,65424,65893,65310
925,0,0,2,77379,76918,76128,76139,76725,69961,68779,69299,68939,68772,77607,76934,76400,76873,76459,66442,65676,65872,66347,65760
926,1,0,2,76779,76343,75569,75574,76155,69493,68313,68830,68477,68322,77050,76341,75817,76279,75896,65976,65241,65424,65897,65320
927,0,0,2,77365,76913,76141,76144,76743,69955,68771,69292,68932,68785,77626,76928,76392,76853,76461,66429,65678,65877,66354,65780
928,1,0,2,76790,76373,75569,75579,76169,69509,68310,68845,68499,68317,77050,76361,75819,76295,75910,65991,65237,65438,65906,65328
929,0,0,2,77379,76949,76131,76133,76749,69959,68767,69312,68958,68779,77623,76933,76420,76871,76472,66435,65672,65900,66346,65771
930,1,0,2,76791,76390,75596,75596,76174,69516,68309,68846,68507,68331,77044,76359,75834,76324,75889,66005,65253,65453,65914,65348
931,0,0,2,77369,76950,76158,76164,76759,69966,68761,69312,68972,68802,77614,76937,76408,76896,76462,66450,65704,65891,66363,65791
932,1,0,2,76804,76371,75580,75586,76175,69513,68308,68857,68492,68324,77044,76348,75819,76297,75900,65995,65241,65435,65907,65334
933,0,0,2,77377,76955,76159,76155,76752,69956,68769,69315,68940,68788,77625,76918,76408,76880,76468,66449,65702,65896,66359,65770
934,1,0,2,76792,76378,75594,75581,76165,69515,68319,68832,68493,68330,77064,76354,75830,76299,75912,66004,65237,65445,65914,65338
935,0,0,2,77369,76950,76152,76143,76748,69965,68773,69292,68951,68785,77636,76931,76409,76871,76476,66445,65678,65890,66352,65781
936,1,0,2,76796,76387,75577,75586,76179,69508,68306,68834,68497,68324,77072,76362,75829,76291,75908,65977,65240,65437,65922,65316
937,0,0,2,77374,76937,76130,76136,76746,69946,68763,69287,68947,68777,77634,76928,76396,76859,76463,66415,65689,65888,66375,65766
938,1,0,2,76770,76362,75556,75569,76158,69483,68290,68826,68466,68296,77024,76330,75790,76277,75896,65961,65207,65397,65887,65294
939,0,0,2,77357,76932,76117,76128,76733,69931,68739,69274,68927,68752,77597,76899,76372,76851,76454,66403,65656,65859,66337,65741
940,1,0,2,76801,76358,75575,75570,76158,69507,68289,68818,68484,68307,77051,76346,75801,76282,75913,65981,65220,65431,65919,65323
941,0,0,2,77389,76926,76127,76123,76721,69951,68741,69273,68937,68765,77617,76914,76379,76851,76470,66420,65674,65873,66369,65760
942,1,0,2,76792,76351,75577,75583,76155,69524,68296,68831,68485,68311,77050,76348,75804,76311,75897,65970,65232,65423,65913,65327
943,0,0,2,77367,76913,76136,76123,76731,69959,68756,69283,68938,68771,77623,76926,76389,76882,76459,66411,65670,65863,66351,65757
944,1,0,2,76789,76354,75579,75556,76146,69518,68301,68836,68489,68308,77050,76326,75799,76296,75899,65967,65227,65425,65898,65331
945,0,0,2,77376,76937,76154,76123,76739,69976,68759,69299,68947,68785,77629,76910,76383,76885,76476,66424,65685,65885,66345,65778
946,1,0,2,76758,76351,75530,75536,76136,69485,68276,68798,68455,68289,77027,76316,75776,76270,75854,65944,65215,65390,65878,65284
947,0,0,2,77362,76937,76122,76122,76724,69965,68747,69265,68920,68750,77621,76901,76372,76868,76453,66412,65669,65863,66338,65741
948,1,0,2,76779,76367,75581,75585,76155,69508,68302,68825,68483,68324,77055,76347,75807,76303,75879,65962,65229,65430,65914,65313
949,0,0,2,77355,76936,76142,76142,76728,69957,68759,69271,68934,68780,77606,76915,76366,76866,76434,66406,65668,65867,66357,65752
950,1,0,2,76779,76367,75580,75569,76169,69490,68284,68827,68468,68308,77047,76334,75798,76295,75893,65976,65232,65418,65900,65315
951,0,0,2,77368,76939,76148,76148,76748,69950,68746,69281,68930,68777,77626,76922,76388,76889,76467,66419,65685,65877,66360,65766
952,1,0,2,76780,76354,75574,75571,76173,69515,68306,68827,68503,68321,77053,76339,75824,76313,75894,65971,65237,65427,65909,65308
953,0,0,2,77355,76921,76134,76123,76740,69963,68755,69281,68953,68776,77614,76905,76391,76882,76457,66403,65682,65869,66362,65757
954,1,0,2,76792,76385,75581,75578,76180,69519,68308,68842,68497,68326,77051,76357,75820,76328,75901,65975,65247,65433,65926,65325
955,0,0,2,77369,76946,76147,76131,76754,69961,68764,69292,68955,68789,77619,76922,76399,76898,76468,66425,65694,65881,66368,65769
956,1,0,2,76796,76356,75578,75584,76180,69505,68302,68831,68490,68331,77036,76362,75821,76297,75899,65968,65243,65439,65923,65320
957,0,0,2,77393,76939,76149,76145,76767,69970,68762,69301,68956,68801,77631,76938,76412,76886,76479,66420,65689,65891,66382,65784
958,1,0,2,76792,76377,75579,75587,76188,69530,68311,68839,68503,68338,77063,76365,75822,76305,75904,65982,65262,65440,65942,65344
959,0,0,2,77379,76944,76145,76142,76781,69990,68779,69311,68981,68803,77642,76950,76407,76893,76491,66437,65713,65901,66394,65809
960,1,0,2,76794,76360,75589,75577,76167,69516,68304,68836,68507,68326,77063,76347,75828,76308,75895,65983,65258,65431,65915,65320
961,0,0,2,77374,76934,76156,76137,76751,69981,68778,69296,68973,68797,77633,76935,76412,76891,76466,66438,65708,65886,66361,65780
962,1,0,2,76786,76356,75585,75561,76174,69506,68287,68842,68498,68358,77058,76353,75822,76309,75887,65983,65242,65423,65897,65320
963,0,0,2,77368,76915,76143,76119,76744,69966,68745,69295,68946,68805,77631,76925,76403,76881,76453,66426,65684,65876,66340,65766
964,1,0,2,76779,76327,75552,75553,76140,69494,68281,68827,68480,68321,77039,76333,75804,76274,75870,65961,65227,65406,65894,65315
965,0,0,2,77378,76937,76146,76149,76749,69975,68770,69303,68966,68803,77636,76938,76403,76887,76457,66438,65692,65876,66367,65787
966,1,0,2,76798,76392,75593,75581,76171,69524,68315,68835,68510,68353,77065,76359,75826,76320,75900,65978,65240,65439,65909,65328
967,0,0,2,77374,76942,76148,76139,76749,69972,68777,69293,68962,68807,77614,76927,76404,76888,76468,66424,65688,65888,66361,65777
968,1,0,2,76778,76352,75568,75554,76156,69514,68302,68826,68479,68321,77039,76337,75795,76305,75880,65981,65233,65419,65885,65298
969,0,0,2,77362,76918,76124,76120,76735,69963,68770,69296,68932,68781,77617,76923,76371,76874,76452,66426,65691,65866,66345,65760
970,1,0,2,76805,76376,75579,75556,76171,69520,68296,68832,68491,68328,77044,76344,75811,76300,75885,65974,65236,65421,65907,65324
971,0,0,2,77406,76953,76145,76117,76747,69989,68756,69290,68952,68785,77636,76924,76384,76888,76456,66428,65685,65869,66353,65780
972,1,0,2,76803,76363,75573,75556,76151,69513,68287,68828,68496,68320,77044,76354,75816,76282,75883,65964,65239,65419,65904,65316
973,0,0,2,77382,76939,76130,76129,76740,69971,68747,69298,68960,68795,77634,76937,76402,76868,76438,66423,65688,65878,66364,65770
974,1,0,2,76794,76368,75567,75568,76168,69514,68298,68844,68491,68332,77064,76356,75822,76303,75902,65983,65251,65428,65916,65333
975,0,0,2,77364,76938,76124,76126,76741,69968,68756,69296,68948,68795,77629,76917,76404,76868,76455,66426,65688,65862,66362,65779
976,1,0,2,76782,76369,75554,75563,76154,69504,68287,68825,68475,68316,77034,76359,75797,76292,75878,65974,65244,65417,65913,65307
977,0,0,2,77378,76949,76131,76135,76743,69976,68761,69297,68946,68796,77631,76948,76407,76882,76467,66434,65698,65879,66367,65770
978,1,0,2,76775,76350,75557,75554,76156,69488,68302,68827,68467,68305,77030,76355,75811,76277,75878,65968,65229,65417,65903,65307
979,0,0,2,77389,76942,76142,76133,76733,69950,68765,69292,68936,68779,77602,76944,76394,76856,76453,66426,65687,65873,66369,65765
980,1,0,2,76777,76356,75548,75554,76149,69499,68281,68830,68464,68308,77023,76338,75810,76275,75879,65969,65235,65415,65886,65309
981,0,0,2,77366,76927,76115,76127,76733,69946,68745,69289,68925,68774,77613,76910,76385,76875,76452,66428,65681,65871,66334,65755
982,1,0,2,76803,76357,75561,75589,76161,69498,68297,68842,68487,68325,77063,76355,75820,76290,75885,65992,65241,65424,65923,65322
983,0,0,2,77387,76917,76131,76129,76734,69952,68742,69299,68948,68780,77615,76921,76390,76859,76454,66422,65678,65871,66357,65772
984,1,0,2,76809,76372,75570,75573,76170,69519,68293,68848,68492,68345,77064,76355,75822,76288,75894,65974,65251,65422,65928,65324
985,0,0,2,77380,76950,76140,76140,76737,69981,68761,69309,68951,68810,77635,76929,76402,76871,76459,66418,65689,65869,66379,65776
986,1,0,2,76797,76379,75592,75588,76183,69524,68305,68844,68480,68335,77072,76351,75823,76309,75901,65976,65249,65423,65938,65347
987,0,0,2,77369,76925,76134,76146,76739,69967,68763,69296,68941,68783,77622,76922,76384,76874,76461,66415,65689,65863,66366,65794
988,1,0,2,76799,76382,75550,75563,76156,69502,68301,68842,68486,68327,77037,76348,75808,76284,75893,65965,65226,65401,65904,65324
989,0,0,2,77394,76958,76127,76137,76736,69967,68767,69307,68948,68787,77616,76924,76388,76867,76461,66414,65679,65870,66355,65782
990,1,0,2,76797,76370,75556,75575,76161,69511,68291,68833,68478,68327,77034,76342,75794,76291,75871,65965,65225,65395,65898,65327
991,0,0,2,77346,76938,76112,76128,76721,69953,68737,69283,68930,68780,77594,76904,76371,76859,76436,66404,65669,65830,66352,65754
992,1,0,2,76785,76363,75552,75568,76164,69501,68295,68832,68483,68310,77051,76341,75821,76274,75890,65976,65233,65400,65911,65328
993,0,0,2,77355,76957,76126,76124,76737,69951,68764,69297,68946,68776,77629,76919,76408,76852,76464,66415,65679,65849,66361,65784
994,1,0,2,76802,76392,75578,75572,76159,69511,68319,68849,68502,68345,77063,76359,75831,76292,75896,65978,65238,65424,65921,65339
995,0,0,2,77395,76981,76155,76162,76751,69984,68793,69325,68985,68819,77655,76953,76423,76879,76479,66440,65691,65887,66382,65797
996,1,0,2,76794,76397,75585,75578,76156,69523,68299,68839,68506,68328,77052,76344,75821,76274,75885,65989,65245,65418,65910,65332
997,0,0,2,77391,76966,76155,76140,76746,69990,68762,69296,68977,68797,77637,76928,76415,76871,76468,66435,65699,65881,66363,65789
998,1,0,2,76806,76400,75592,75583,76169,69536,68319,68861,68502,68347,77076,76378,75836,76308,75923,65994,65265,65437,65930,65353
999,0,0,2,77366,76945,76141,76122,76736,69976,68768,69300,68949,68791,77623,76926,76396,76860,76470,66426,65674,65863,66373,65781
1000,1,0,2,76780,76352,75585,75558,76162,69494,68296,68841,68474,68315,77051,76360,75826,76280,75895,65989,65242,65420,65902,65333
1001,0,0,2,77370,76926,76144,76133,76742,69958,68758,69292,68946,68780,77619,76931,76409,76846,76468,66433,65694,65875,66355,65779
1002,1,0,2,76780,76357,75575,75565,76169,69505,68308,68847,68489,68320,77061,76351,75823,76280,75896,65977,65247,65436,65902,65339
1003,0,0,2,77377,76956,76176,76145,76753,69975,68778,69323,68958,68803,77654,76943,76421,76882,76488,66440,65710,65906,66376,65792
1004,1,0,2,76785,76380,75589,75560,76180,69507,68293,68832,68489,68330,77052,76352,75808,76285,75900,65989,65222,65419,65903,65330
1005,0,0,2,77369,76946,76147,76127,76750,69966,68755,69298,68961,68791,77636,76932,76394,76872,76473,66427,65677,65871,66356,65787
1006,1,0,2,76788,76369,75579,75572,76170,69490,68310,68836,68501,68317,77074,76376,75827,76292,75913,65986,65237,65422,65923,65338
1007,0,0,2,77363,76946,76143,76130,76736,69955,68771,69296,68959,68778,77644,76942,76407,76866,76490,66432,65678,65866,66371,65783
1008,1,0,2,76786,76376,75578,75577,76158,69504,68305,68840,68489,68319,77056,76341,75817,76292,75923,65989,65267,65422,65918,65327
1009,0,0,2,77368,76939,76142,76135,76725,69957,68762,69295,68948,68775,77633,76919,76404,76869,76475,66435,65698,65868,66366,65773
1010,1,0,2,76789,76388,75591,75586,76161,69528,68326,68861,68497,68328,77055,76360,75823,76291,75900,66000,65252,65443,65924,65345
1011,0,0,2,77374,76974,76169,76147,76756,69985,68796,69322,68968,68795,77643,76948,76422,76885,76479,66458,65716,65900,66393,65797
1012,1,0,2,76787,76399,75578,75589,76181,69530,68333,68861,68513,68343,77056,76372,75839,76303,75919,66000,65256,65441,65936,65348
1013,0,0,2,77370,76970,76143,76146,76762,69988,68795,69313,68971,68797,77643,76945,76424,76877,76482,66448,65704,65894,66388,65805
1014,1,0,2,76771,76389,75576,75561,76163,69509,68308,68843,68496,68312,77042,76346,75832,76289,75900,65983,65233,65450,65913,65330
1015,0,0,2,77363,76974,76159,76137,76754,69985,68785,69313,68975,68772,77644,76933,76425,76874,76485,66445,65694,65908,66375,65785
1016,1,0,2,76804,76386,75565,75578,76174,69501,68306,68844,68514,68320,77043,76339,75825,76291,75882,65978,65237,65425,65923,65332
1017,0,0,2,77382,76967,76143,76143,76759,69972,68768,69310,68978,68800,77619,76924,76402,76875,76450,66437,65701,65881,66370,65793
1018,1,0,2,76800,76375,75571,75585,76177,69521,68316,68840,68508,68330,77062,76360,75850,76280,75912,65982,65260,65442,65930,65339
1019,0,0,2,77391,76972,76159,76161,76764,69988,68794,69322,68980,68821,77648,76955,76440,76877,76499,66456,65723,65910,66395,65819
1020,1,0,2,76788,76380,75570,75566,76169,69509,68302,68852,68484,68330,77045,76343,75843,76278,75895,65980,65230,65430,65912,65324
1021,0,0,2,77388,76961,76158,76149,76755,69983,68780,69318,68977,68791,77643,76940,76431,76883,76491,66442,65699,65889,66378,65791
1022,1,0,2,76787,76370,75559,75557,76144,69507,68300,68841,68492,68308,77040,76337,75817,76276,75893,65984,65227,65442,65919,65327
1023,0,0,2,77390,76955,76147,76141,76743,69979,68789,69310,68980,68780,77637,76942,76412,76868,76483,66448,65701,65906,66383,65794
1024,1,0,2,76771,76371,75557,75551,76156,69486,68294,68829,68477,68307,77043,76345,75818,76276,75885,65956,65228,65420,65905,65313
1025,0,0,2,77359,76947,76128,76119,76730,69948,68760,69283,68935,68769,77612,76918,76402,76858,76459,66402,65675,65866,66365,65758
1026,1,0,2,76786,76369,75585,75570,76176,69521,68319,68832,68484,68310,77050,76346,75813,76278,75901,65972,65236,65427,65918,65319
1027,0,0,2,77383,76956,76169,76142,76774,69975,68789,69311,68952,68789,77619,76929,76408,76869,76487,66427,65696,65884,66386,65788
1028,1,0,2,76767,76357,75552,75544,76143,69479,68299,68822,68460,68300,77020,76325,75791,76273,75896,65958,65228,65422,65886,65288
1029,0,0,2,77362,76936,76124,76114,76740,69949,68762,69295,68930,68766,77615,76915,76400,76873,76473,66427,65679,65877,66358,65757
1030,1,0,2,76783,76374,75562,75553,76153,69497,68286,68830,68468,68323,77037,76343,75817,76271,75898,65971,65230,65416,65909,65294
1031,0,0,2,77361,76951,76123,76116,76743,69950,68750,69297,68932,68783,77616,76932,76400,76864,76466,66417,65675,65855,66357,65754
1032,1,0,2,76784,76374,75585,75567,76175,69508,68305,68834,68464,68307,77047,76361,75811,76276,75903,65984,65252,65433,65916,65319
1033,0,0,2,77366,76932,76135,76123,76745,69962,68771,69282,68927,68776,77609,76928,76385,76847,76455,66428,65704,65885,66348,65766
1034,1,0,2,76816,76376,75585,75562,76156,69509,68307,68853,68485,68315,77044,76359,75807,76302,75902,65975,65239,65438,65906,65309
1035,0,0,2,77383,76950,76141,76134,76730,69970,68767,69290,68952,68779,77622,76922,76380,76874,76463,66416,65672,65884,66362,65756
1036,1,0,2,76781,76353,75563,75566,76163,69520,68290,68826,68492,68307,77032,76359,75805,76289,75889,65980,65246,65432,65915,65303
1037,0,0,2,77342,76920,76122,76125,76732,69954,68740,69278,68938,68766,77591,76921,76379,76855,76444,66410,65673,65878,66354,65752
1038,1,0,2,76765,76353,75561,75556,76136,69504,68280,68829,68492,68299,77046,76336,75792,76274,75879,65947,65210,65414,65885,65299
1039,0,0,2,77351,76928,76131,76122,76726,69963,68746,69286,68951,68770,77626,76914,76388,76860,76446,66406,65657,65862,66344,65755
1040,1,0,2,76786,76370,75569,75571,76162,69504,68291,68847,68490,68309,77035,76347,75823,76282,75884,65969,65219,65438,65898,65307
1041,0,0,2,77365,76948,76148,76136,76746,69967,68757,69303,68959,68777,77617,76927,76399,76862,76447,66419,65679,65881,66355,65760
1042,1,0,2,76789,76370,75579,75576,76173,69499,68303,68839,68510,68320,77037,76358,75830,76299,75890,65992,65240,65429,65905,65326
1043,0,0,2,77360,76933,76132,76135,76734,69950,68757,69284,68952,68768,77595,76917,76391,76851,76440,66421,65675,65868,66345,65769
1044,1,0,2,76770,76355,75560,75561,76165,69499,68275,68838,68473,68301,77024,76346,75805,76272,75877,65974,65225,65426,65902,65304
1045,0,0,2,77342,76915,76125,76118,76733,69949,68730,69274,68924,68755,77591,76906,76379,76846,76437,66414,65670,65861,66337,65743
1046,1,0,2,76800,76359,75557,75567,76177,69491,68285,68847,68491,68329,77051,76340,75790,76275,75899,65970,65246,65451,65922,65312
1047,0,0,2,77383,76937,76127,76131,76742,69962,68750,69306,68953,68790,77616,76916,76386,76855,76457,66424,65689,65905,66362,65761
1048,1,0,2,76785,76374,75575,75580,76187,69529,68309,68860,68498,68330,77054,76346,75810,76294,75912,65996,65245,65445,65929,65314
1049,0,0,2,77364,76943,76135,76141,76754,69969,68754,69313,68964,68794,77625,76916,76397,76874,76481,66437,65691,65885,66371,65763
1050,1,0,2,76789,76368,75584,75567,76171,69513,68293,68849,68499,68322,77056,76345,75822,76302,75903,65995,65252,65436,65915,65331
1051,0,0,2,77360,76914,76131,76119,76734,69957,68742,69294,68943,68772,77614,76894,76382,76862,76455,66425,65689,65877,66352,65762
1052,1,0,2,76804,76374,75585,75592,76184,69527,68305,68857,68503,68342,77069,76369,75823,76300,75909,66009,65252,65449,65911,65335
1053,0,0,2,77372,76938,76144,76139,76741,69976,68748,69306,68960,68790,77620,76926,76407,76875,76471,66445,65689,65888,66353,65768
1054,1,0,2,76767,76355,75563,75554,76156,69490,68275,68824,68469,68287,77043,76345,75779,76285,75877,65981,65214,65434,65885,65308
1055,0,0,2,77361,76931,76133,76128,76742,69964,68736,69297,68937,68773,77614,76917,76374,76865,76451,66428,65673,65876,66344,65758
1056,1,0,2,76784,76392,75596,75585,76195,69535,68300,68859,68498,68327,77049,76362,75815,76295,75907,65992,65251,65472,65910,65342
1057,0,0,2,77377,76953,76165,76149,76768,69992,68759,69306,68962,68792,77619,76938,76392,76884,76473,66435,65696,65921,66363,65784
1058,1,0,2,76788,76362,75578,75563,76176,69519,68296,68848,68487,68338,77055,76341,75819,76305,75901,65978,65240,65453,65906,65335
1059,0,0,2,77379,76948,76160,76142,76764,69980,68770,69317,68964,68806,77657,76923,76403,76895,76478,66440,65697,65906,66372,65791
1060,1,0,2,76779,76374,75584,75589,76182,69521,68313,68847,68502,68351,77051,76357,75823,76289,75903,65999,65266,65457,65903,65323
1061,0,0,2,77358,76941,76147,76146,76749,69982,68778,69314,68972,68814,77625,76924,76388,76870,76470,66449,65712,65901,66368,65767
1062,1,0,2,76768,76343,75587,75567,76161,69514,68305,68840,68495,68313,77030,76357,75803,76286,75899,65963,65245,65436,65885,65297
1063,0,0,2,77358,76914,76147,76138,76739,69971,68766,69297,68945,68775,77609,76922,76383,76872,76460,66408,65690,65885,66337,65751
1064,1,0,2,76787,76359,75604,75579,76175,69526,68320,68861,68486,68336,77069,76365,75828,76317,75904,66003,65248,65468,65903,65323
1065,0,0,2,77384,76964,76179,76157,76774,70006,68789,69328,68964,68819,77652,76957,76414,76908,76492,66476,65702,65928,66373,65792
1066,1,0,2,76806,76371,75592,75588,76174,69535,68326,68865,68498,68334,77062,76359,75838,76303,75922,66010,65236,65456,65911,65336
1067,0,0,2,77386,76941,76157,76147,76751,69990,68782,69318,68962,68803,77641,76941,76401,76882,76476,66453,65675,65908,66370,65784
1068,1,0,2,76791,76358,75585,75597,76171,69536,68302,68844,68494,68327,77062,76365,75828,76296,75901,65979,65245,65439,65915,65313
1069,0,0,2,77361,76920,76134,76148,76735,69979,68754,69293,68945,68760,77614,76926,76382,76871,76459,66417,65673,65884,66349,65748
1070,1,0,2,76794,76359,75597,75579,76171,69522,68299,68853,68493,68318,77048,76372,75811,76295,75903,65991,65247,65457,65902,65317
1071,0,0,2,77374,76941,76157,76138,76743,69964,68764,69308,68953,68773,77619,76933,76395,76860,76460,66436,65690,65904,66350,65763
1072,1,0,2,76774,76370,75590,75566,76156,69496,68297,68847,68482,68315,77045,76346,75817,76294,75886,65977,65219,65437,65891,65313
1073,0,0,2,77362,76938,76158,76139,76735,69962,68754,69310,68936,68789,77628,76927,76398,76869,76445,66418,65680,65883,66334,65763
1074,1,0,2,76775,76355,75580,75568,76166,69515,68299,68825,68497,68321,77030,76350,75801,76267,75900,65971,65235,65443,65902,65301
1075,0,0,2,77362,76948,76152,76144,76763,69990,68763,69297,68975,68797,77606,76930,76390,76864,76484,66432,65696,65909,66370,65767
1076,1,0,2,76798,76384,75614,75600,76176,69532,68300,68848,68489,68334,77068,76351,75817,76297,75922,65975,65238,65460,65909,65311
1077,0,0,2,77374,76941,76157,76150,76740,69982,68755,69297,68957,68792,77628,76933,76395,76875,76472,66409,65672,65901,66355,65754
1078,1,0,2,76792,76361,75597,75586,76184,69534,68312,68846,68507,68337,77086,76352,75821,76303,75897,65979,65246,65447,65918,65318
1079,0,0,2,77357,76926,76150,76133,76744,69968,68763,69299,68958,68792,77636,76907,76382,76859,76449,66421,65679,65882,66358,65751
1080,1,0,2,76780,76354,75594,75569,76170,69523,68286,68829,68483,68310,77038,76336,75801,76270,75894,65960,65230,65428,65885,65298
1081,0,0,2,77357,76917,76141,76114,76722,69962,68736,69285,68941,68774,77602,76897,76369,76837,76449,66398,65669,65866,66325,65737
1082,1,0,2,76777,76383,75600,75584,76166,69528,68303,68865,68506,68338,77057,76354,75820,76300,75893,65980,65226,65464,65910,65318
1083,0,0,2,77356,76952,76159,76131,76733,69982,68758,69301,68954,68786,77617,76922,76382,76873,76467,66414,65669,65910,66355,65765
1084,1,0,2,76778,76387,75587,75564,76163,69521,68308,68840,68491,68328,77056,76348,75815,76299,75892,65969,65233,65450,65914,65312
1085,0,0,2,77371,76967,76165,76127,76749,69984,68768,69306,68951,68790,77633,76931,76394,76887,76461,66421,65676,65903,66369,65765
1086,1,0,2,76785,76383,75582,75576,76185,69521,68295,68845,68488,68327,77061,76349,75822,76295,75902,65976,65236,65470,65911,65317
1087,0,0,2,77368,76946,76149,76138,76767,69980,68762,69316,68956,68802,77626,76928,76415,76867,76464,66433,65683,65926,66359,65775
1088,1,0,2,76774,76406,75588,75581,76173,69534,68317,68849,68520,68337,77041,76349,75827,76299,75903,65991,65235,65479,65919,65315
1089,0,0,2,77355,76971,76151,76127,76742,69976,68769,69303,68969,68778,77614,76922,76401,76865,76465,66422,65675,65919,66352,65756
1090,1,0,2,76781,76385,75585,75586,76186,69524,68314,68866,68499,68340,77074,76352,75828,76304,75898,65979,65242,65453,65899,65319
1091,0,0,2,77340,76942,76136,76136,76746,69970,68763,69305,68952,68783,77623,76922,76391,76859,76446,66428,65672,65901,66334,65755
1092,1,0,2,76786,76367,75578,75558,76158,69518,68298,68832,68483,68335,77052,76353,75821,76290,75903,65996,65243,65444,65904,65306
1093,0,0,2,77352,76931,76138,76117,76731,69967,68748,69297,68933,68781,77616,76922,76394,76852,76464,66435,65690,65884,66346,65754
1094,1,0,2,76798,76390,75595,75581,76177,69525,68311,68845,68482,68334,77062,76366,75816,76303,75923,66008,65261,65464,65910,65315
1095,0,0,2,77391,76973,76181,76145,76764,69992,68775,69317,68957,68797,77649,76944,76404,76890,76499,66448,65715,65919,66362,65772
1096,1,0,2,76781,76393,75588,75576,76170,69519,68302,68853,68508,68335,77050,76363,75814,76304,75903,65990,65242,65464,65902,65309
1097,0,0,2,77348,76967,76131,76124,76737,69961,68743,69284,68956,68778,77609,76920,76373,76858,76447,66420,65680,65910,66344,65755
1098,1,0,2,76791,76407,75605,75592,76175,69536,68322,68850,68471,68330,77065,76362,75815,76288,75901,66001,65237,65453,65915,65313
1099,0,0,2,77377,76988,76167,76156,76750,69995,68777,69307,68944,68786,77640,76930,76407,76870,76472,66441,65688,65889,66361,65764
1100,1,0,2,76779,76376,75601,75580,76174,69524,68302,68833,68500,68316,77060,76358,75809,76273,75914,65981,65229,65439,65899,65308
1101,0,0,2,77371,76966,76177,76148,76746,69990,68774,69299,68978,68793,77639,76932,76391,76857,76485,66436,65692,65898,66359,65772
1102,1,0,2,76776,76373,75581,75575,76181,69512,68305,68841,68493,68321,77055,76354,75807,76285,75904,65987,65250,65439,65897,65300
1103,0,0,2,77350,76946,76142,76122,76743,69958,68756,69291,68952,68777,77614,76927,76383,76854,76463,66429,65684,65883,66342,65741
1104,1,0,2,76780,76356,75591,75565,76175,69513,68313,68834,68497,68335,77076,76366,75819,76290,75909,65991,65238,65442,65904,65315
1105,0,0,2,77366,76927,76152,76129,76741,69977,68776,69298,68969,68796,77648,76930,76398,76867,76474,66435,65675,65883,66347,65767
1106,1,0,2,76778,76377,75581,75579,76176,69524,68314,68857,68485,68332,77052,76351,75818,76283,75889,65981,65229,65445,65922,65326
1107,0,0,2,77375,76948,76147,76140,76759,69970,68767,69315,68953,68805,77636,76940,76409,76876,76467,66433,65676,65890,66369,65775
1108,1,0,2,76802,76380,75598,75617,76169,69540,68310,68858,68509,68343,77065,76372,75833,76298,75920,65993,65241,65453,65914,65335
1109,0,0,2,77359,76932,76152,76150,76732,69974,68744,69299,68953,68787,77621,76924,76393,76861,76461,66424,65673,65886,66334,65766
1110,1,0,2,76794,76381,75594,75577,76178,69533,68301,68866,68510,68331,77047,76359,75845,76295,75918,65996,65243,65440,65906,65313
1111,0,0,2,77372,76950,76155,76142,76753,69985,68754,69320,68959,68789,77615,76916,76419,76873,76481,66450,65685,65884,66362,65761
1112,1,0,2,76779,76378,75584,75573,76165,69504,68296,68842,68489,68331,77052,76343,75810,76289,75906,65974,65239,65434,65901,65302
1113,0,0,2,77345,76942,76146,76129,76749,69977,68761,69293,68943,68795,77630,76914,76389,76864,76477,66419,65685,65888,66361,65758
1114,1,0,2,76786,76380,75594,75581,76179,69517,68303,68845,68487,68333,77064,76353,75817,76312,75911,65984,65247,65444,65927,65315
1115,0,0,2,77373,76942,76149,76142,76746,69971,68755,69297,68957,68790,77625,76931,76399,76875,76472,66429,65686,65881,66363,65762
1116,1,0,2,76794,76385,75605,75587,76171,69516,68315,68860,68503,68334,77055,76354,75820,76290,75899,65997,65250,65420,65912,65311
1117,0,0,2,77380,76963,76187,76150,76763,69977,68782,69325,68961,68796,77647,76943,76414,76878,76472,66451,65706,65893,66370,65777
1118,1,0,2,76805,76392,75602,75600,76205,69536,68315,68856,68509,68352,77079,76356,75844,76306,75913,66008,65275,65459,65908,65331
1119,0,0,2,77395,76969,76182,76166,76778,69993,68784,69331,68990,68820,77647,76929,76432,76890,76484,66463,65728,65906,66378,65794
1120,1,0,2,76778,76363,75596,75574,76163,69524,68307,68835,68502,68338,77052,76351,75825,76292,75890,65980,65247,65410,65888,65316
1121,0,0,2,77357,76930,76152,76121,76739,69972,68759,69295,68960,68792,77627,76917,76391,76854,76442,66433,65696,65861,66344,65758
1122,1,0,2,76802,76372,75601,75581,76173,69526,68303,68828,68492,68354,77044,76354,75828,76290,75892,65997,65256,65448,65898,65325
1123,0,0,2,77396,76961,76182,76150,76767,69983,68769,69299,68957,68824,77629,76929,76415,76876,76461,66449,65711,65898,66350,65776
1124,1,0,2,76780,76376,75585,75575,76175,69514,68295,68836,68496,68336,77059,76355,75827,76289,75891,65980,65239,65440,65899,65322
1125,0,0,2,77383,76967,76174,76156,76774,69990,68780,69319,68977,68803,77646,76953,76426,76884,76476,66446,65709,65904,66366,65790
1126,1,0,2,76797,76413,75610,75588,76182,69539,68329,68866,68507,68335,77053,76371,75834,76294,75896,66005,65253,65450,65911,65338
1127,0,0,2,77373,76969,76172,76142,76753,69982,68781,69310,68965,68790,77609,76938,76407,76873,76456,66436,65692,65883,66351,65772
1128,1,0,2,76800,76394,75608,75577,76191,69533,68332,68850,68505,68331,77077,76369,75821,76297,75913,66002,65245,65453,65919,65334
1129,0,0,2,77377,76960,76166,76146,76769,69980,68792,69311,68968,68794,77633,76932,76403,76876,76474,66439,65693,65893,66370,65791
1130,1,0,2,76794,76388,75584,75570,76165,69521,68303,68849,68474,68327,77061,76349,75830,76286,75893,65983,65249,65428,65899,65310
1131,0,0,2,77364,76950,76147,76127,76739,69975,68765,69303,68937,68783,77626,76923,76400,76859,76457,66414,65683,65876,66348,65760
1132,1,0,2,76769,76394,75598,75588,76174,69519,68327,68858,68489,68341,77078,76359,75824,76300,75919,66002,65237,65441,65905,65332
1133,0,0,2,77366,76957,76148,76134,76740,69962,68772,69314,68947,68796,77644,76927,76394,76869,76466,66437,65695,65882,66362,65763
1134,1,0,2,76781,76376,75584,75579,76164,69508,68320,68843,68499,68319,77060,76355,75810,76288,75905,65980,65248,65427,65902,65319
1135,0,0,2,77370,76955,76163,76153,76749,69979,68786,69314,68974,68785,77642,76938,76399,76869,76484,66434,65704,65886,66350,65780
1136,1,0,2,76790,76381,75588,75555,76154,69518,68305,68839,68481,68318,77063,76340,75797,76292,75901,65967,65247,65428,65885,65318
1137,0,0,2,77376,76959,76159,76124,76739,69966,68763,69302,68945,68785,77639,76920,76384,76877,76463,66423,65700,65866,66341,65771
1138,1,0,2,76765,76363,75579,75574,76155,69518,68311,68856,68478,68335,77050,76349,75829,76292,75897,65987,65234,65432,65892,65324
1139,0,0,2,77368,76942,76151,76137,76741,69982,68777,69323,68938,68795,77634,76939,76411,76868,76466,66435,65679,65881,66351,65781
1140,1,0,2,76767,76366,75585,75579,76152,69514,68304,68845,68484,68323,77025,76357,75819,76274,75886,65986,65242,65430,65892,65318
1141,0,0,2,77365,76965,76164,76157,76747,69974,68782,69316,68945,68798,77628,76944,76408,76872,76484,66447,65693,65884,66354,65780
1142,1,0,2,76797,76409,75599,75606,76191,69541,68333,68851,68497,68347,77076,76368,75826,76290,75916,65991,65250,65448,65922,65337
1143,0,0,2,77378,76972,76158,76175,76762,69984,68794,69315,68963,68810,77647,76946,76415,76875,76484,66433,65695,65892,66369,65781
1144,1,0,2,76770,76370,75578,75582,76149,69516,68303,68842,68492,68328,77038,76354,75813,76262,75885,65967,65239,65414,65900,65318
1145,0,0,2,77364,76953,76158,76149,76736,69979,68778,69303,68957,68792,77628,76944,76389,76853,76470,66420,65703,65872,66351,65771
1146,1,0,2,76793,76401,75602,75598,76169,69537,68328,68866,68505,68340,77085,76377,75840,76322,75920,65996,65272,65454,65926,65343
1147,0,0,2,77390,76988,76179,76170,76752,69999,68805,69334,68981,68809,77666,76953,76425,76909,76490,66453,65725,65908,66395,65798
1148,1,0,2,76781,76371,75583,75562,76146,69509,68310,68838,68489,68314,77049,76350,75799,76273,75884,65959,65245,65424,65886,65295
1149,0,0,2,77355,76940,76137,76127,76730,69949,68765,69293,68953,68785,77607,76917,76385,76858,76443,66412,65695,65869,66341,65756
1150,1,0,2,76765,76392,75577,75564,76171,69509,68312,68851,68508,68344,77056,76343,75823,76276,75903,65985,65242,65450,65906,65309
1151,0,0,2,77365,76968,76169,76125,76755,69978,68784,69318,68970,68807,77628,76922,76419,76863,76477,66430,65697,65895,66364,65769
1152,1,0,2,76751,76384,75588,75558,76166,69506,68297,68838,68482,68314,77062,76341,75818,76298,75899,65976,65253,65444,65901,65302
1153,0,0,2,77354,76958,76161,76128,76747,69969,68760,69301,68945,68778,77627,76926,76405,76882,76481,66433,65704,65898,66363,65765
1154,1,0,2,76744,76390,75599,75570,76151,69505,68304,68839,68483,68318,77024,76345,75811,76280,75904,65961,65243,65439,65910,65311
1155,0,0,2,77358,76978,76171,76142,76740,69966,68773,69308,68948,68778,77604,76920,76385,76866,76479,66416,65702,65888,66365,65776
1156,1,0,2,76766,76366,75577,75561,76157,69498,68304,68832,68467,68321,77034,76334,75799,76268,75887,65964,65246,65426,65902,65313
1157,0,0,2,77350,76941,76142,76127,76736,69957,68767,69305,68928,68787,77604,76923,76383,76864,76468,66419,65698,65880,66347,65761
1158,1,0,2,76783,76391,75579,75575,76169,69524,68317,68842,68489,68328,77051,76350,75812,76287,75911,65978,65254,65447,65908,65317
1159,0,0,2,77369,76968,76146,76134,76744,69976,68773,69307,68969,68789,77626,76932,76378,76873,76475,66430,65703,65890,66365,65774
1160,1,0,2,76776,76384,75574,75571,76170,69503,68296,68826,68485,68322,77056,76332,75795,76283,75889,65966,65250,65425,65899,65308
1161,0,0,2,77371,76973,76155,76139,76752,69969,68771,69310,68956,68789,77634,76919,76394,76883,76473,66421,65704,65884,66354,65764
1162,1,0,2,76764,76376,75556,75556,76149,69505,68290,68835,68477,68304,77019,76338,75794,76280,75882,65954,65237,65425,65885,65296
1163,0,0,2,77351,76966,76141,76135,76740,69976,68767,69301,68950,68779,77609,76919,76390,76873,76454,66414,65708,65882,66361,65752
1164,1,0,2,76766,76370,75579,75567,76154,69501,68294,68825,68463,68316,77029,76328,75793,76295,75873,65957,65217,65431,65895,65291
1165,0,0,2,77343,76935,76144,76134,76720,69961,68757,69277,68917,68774,77592,76893,76383,76870,76451,66414,65668,65882,66344,65738
1166,1,0,2,76776,76389,75597,75593,76178,69515,68314,68848,68500,68327,77046,76352,75840,76280,75907,65990,65261,65451,65906,65315
1167,0,0,2,77359,76945,76155,76146,76740,69964,68764,69293,68943,68771,77618,76921,76400,76841,76461,66419,65692,65880,66340,65757
1168,1,0,2,76783,76391,75595,75577,76184,69508,68309,68846,68495,68335,77060,76366,75808,76284,75924,65979,65261,65444,65912,65313
1169,0,0,2,77369,76967,76157,76137,76750,69971,68766,69308,68944,68786,77620,76933,76396,76865,76495,66420,65709,65900,66361,65777
1170,1,0,2,76790,76395,75603,75581,76175,69515,68329,68877,68500,68316,77041,76361,75807,76306,75911,65988,65268,65446,65914,65338
1171,0,0,2,77369,76976,76172,76153,76748,69975,68794,69339,68967,68791,77619,76951,76395,76882,76473,66429,65714,65896,66375,65785
1172,1,0,2,76789,76374,75580,75564,76157,69499,68301,68843,68489,68313,77056,76348,75796,76286,75898,65975,65249,65421,65901,65303
1173,0,0,2,77361,76946,76126,76127,76731,69940,68748,69285,68940,68774,77614,76919,76365,76859,76462,66407,65685,65857,66343,65751
1174,1,0,2,76790,76388,75593,75572,76171,69528,68308,68843,68482,68332,77043,76373,75809,76294,75910,65988,65259,65437,65908,65325
1175,0,0,2,77383,76960,76163,76138,76757,69981,68784,69313,68954,68799,77629,76949,76401,76883,76479,66434,65710,65902,66372,65787
1176,1,0,2,76776,76381,75575,75578,76175,69510,68308,68840,68468,68304,77039,76351,75791,76283,75910,65952,65244,65429,65895,65295
1177,0,0,2,77344,76941,76149,76135,76752,69968,68752,69286,68921,68758,77611,76919,76360,76863,76478,66403,65681,65883,66343,65745
1178,1,0,2,76771,76383,75577,75558,76164,69512,68282,68836,68477,68319,77047,76352,75807,76284,75909,65964,65250,65424,65906,65329
1179,0,0,2,77377,76983,76160,76146,76777,69999,68771,69322,68961,68802,77650,76950,76401,76890,76499,66440,65722,65897,66373,65797
1180,1,0,2,76771,76401,75594,75581,76166,69518,68318,68855,68493,68318,77069,76375,75815,76300,75919,65981,65261,65442,65924,65325
1181,0,0,2,77348,76967,76145,76136,76748,69967,68761,69308,68951,68775,77636,76941,76382,76874,76466,66433,65701,65894,66379,65757
1182,1,0,2,76786,76397,75600,75571,76186,69518,68309,68836,68488,68328,77058,76348,75823,76297,75917,65990,65260,65435,65921,65332
1183,0,0,2,77366,76957,76173,76135,76769,69973,68767,69300,68964,68793,77642,76933,76413,76880,76483,66434,65721,65890,66383,65789
1184,1,0,2,76781,76396,75590,75580,76183,69516,68324,68858,68493,68327,77050,76381,75818,76301,75941,65984,65277,65445,65927,65341
1185,0,0,2,77362,76960,76159,76135,76757,69970,68779,69316,68945,68781,77628,76940,76398,76883,76497,66421,65706,65879,66369,65789
1186,1,0,2,76794,76377,75595,75582,76176,69526,68331,68857,68501,68324,77061,76376,75824,76308,75922,65993,65270,65455,65924,65331
1187,0,0,2,77364,76936,76154,76141,76755,69964,68779,69308,68945,68783,77625,76940,76383,76880,76490,66438,65709,65892,66374,65765
1188,1,0,2,76777,76341,75577,75560,76166,69507,68308,68838,68475,68326,77031,76336,75793,76288,75894,65956,65254,65418,65893,65312
1189,0,0,2,77375,76932,76168,76148,76753,69979,68781,69318,68945,68797,77622,76939,76391,76883,76482,66414,65721,65884,66356,65773
1190,1,0,2,76798,76358,75578,75567,76158,69519,68316,68850,68480,68311,77043,76340,75802,76293,75905,65972,65246,65438,65912,65318
1191,0,0,2,77385,76943,76167,76155,76746,69983,68794,69332,68964,68790,77638,76932,76404,76888,76484,66436,65706,65896,66369,65790
1192,1,0,2,76799,76380,75592,75566,76162,69517,68308,68850,68486,68306,77026,76340,75805,76295,75903,65977,65245,65450,65888,65313
1193,0,0,2,77374,76938,76152,76116,76730,69977,68764,69304,68949,68762,77609,76920,76374,76870,76468,66413,65683,65892,66352,65766
1194,1,0,2,76777,76381,75585,75572,76157,69491,68301,68838,68474,68316,77031,76342,75809,76297,75907,65968,65237,65431,65892,65314
1195,0,0,2,77362,76966,76146,76142,76743,69951,68756,69304,68936,68778,77598,76920,76379,76865,76471,66411,65674,65873,66349,65763
1196,1,0,2,76784,76398,75595,75573,76167,69511,68307,68844,68487,68304,77050,76333,75796,76291,75903,65965,65250,65432,65901,65313
1197,0,0,2,77376,76955,76169,76135,76747,69963,68772,69310,68947,68771,77626,76907,76384,76879,76474,66409,65692,65879,66353,65762
1198,1,0,2,76796,76392,75585,75575,76172,69508,68314,68853,68489,68342,77060,76362,75814,76306,75917,65972,65248,65442,65916,65321
1199,0,0,2,77360,76948,76140,76137,76731,69957,68762,69300,68940,68785,77629,76922,76380,76857,76470,66411,65686,65891,66359,65768
