rep,heat_enabled,transmitter_bit,transmitter_mask,ctrl_0_ro_0,ctrl_0_ro_1,ctrl_0_ro_2,ctrl_0_ro_3,ctrl_0_ro_4,ctrl_1_ro_0,ctrl_1_ro_1,ctrl_1_ro_2,ctrl_1_ro_3,ctrl_1_ro_4,ctrl_2_ro_0,ctrl_2_ro_1,ctrl_2_ro_2,ctrl_2_ro_3,ctrl_2_ro_4,ctrl_3_ro_0,ctrl_3_ro_1,ctrl_3_ro_2,ctrl_3_ro_3,ctrl_3_ro_4
0,31,1,63,6726184,6699595,6580629,6619975,6556253,6605216,6599799,6575223,6657852,6549152,6648714,6588547,6505493,6613215,6586151,6518847,6553962,6514208,6533756,6411595
1,0,1,63,6739251,6711603,6592919,6632709,6569356,6617970,6612159,6587578,6671341,6560956,6662189,6601970,6518274,6626206,6599042,6532175,6568244,6527098,6546907,6424502
2,31,1,63,6725754,6698939,6579156,6620519,6555990,6604476,6599298,6574464,6657746,6548392,6648158,6589354,6504815,6614339,6585785,6518145,6554392,6514075,6533343,6411684
3,0,1,63,6738606,6712896,6592818,6633757,6569216,6618430,6613017,6588010,6671523,6561624,6662868,6603368,6519116,6627817,6599313,6533497,6568980,6527604,6547229,6425867
4,31,1,63,6726642,6701396,6580016,6621388,6557472,6606393,6600244,6576077,6658841,6548597,6650116,6590868,6506754,6614375,6586129,6520809,6555147,6514919,6534629,6413766
5,0,1,63,6739215,6713523,6592739,6634434,6568638,6619401,6612567,6587501,6671690,6561129,6663503,6603484,6518889,6627585,6598869,6534063,6568238,6527791,6547654,6426523
6,31,1,63,6726834,6701488,6580480,6622595,6556439,6606989,6599984,6575464,6658427,6548625,6650395,6591157,6506591,6614488,6586280,6520925,6555841,6514990,6536024,6413268
7,0,1,63,6738808,6713547,6592809,6635107,6568976,6618241,6612758,6587742,6670653,6561243,6663368,6603615,6518931,6627753,6599564,6533585,6567936,6528244,6548721,6426355
8,31,1,63,6726276,6700620,6579730,6621880,6556199,6605461,6599983,6575361,6657873,6548370,6648777,6590213,6506192,6614016,6585749,6519881,6554861,6514592,6535708,6413872
9,0,1,63,6738997,6712914,6592021,6634457,6568689,6618142,6613011,6588540,6670921,6561543,6662375,6602739,6518539,6626775,6598773,6532716,6568977,6527690,6548867,6427193
10,31,1,63,6726733,6701269,6580228,6621847,6556489,6605647,6600479,6575510,6657928,6548491,6650057,6590276,6506044,6614836,6586262,6519692,6555980,6514478,6535694,6414021
11,0,1,63,6739084,6713572,6592924,6634017,6569642,6618231,6613656,6588280,6671068,6561649,6662488,6602846,6518635,6627673,6598782,6533436,6569233,6527553,6549371,6426428
12,31,1,63,6726087,6700578,6579977,6622089,6557007,6605518,6600949,6575709,6657974,6548326,6649299,6589986,6506228,6614816,6586276,6520209,6556325,6514110,6536790,6413090
13,0,1,63,6738483,6713045,6592407,6634200,6568433,6618180,6613211,6588242,6671002,6561535,6662342,6602488,6518829,6626673,6598746,6532900,6568990,6527499,6549080,6425972
14,31,1,63,6725951,6700180,6579652,6621540,6556132,6605758,6600374,6575414,6658065,6548174,6649217,6589626,6506233,6613431,6585571,6520198,6555651,6514228,6535205,6412479
15,0,1,63,6737742,6711904,6591787,6632819,6567240,6617012,6611641,6586995,6669812,6560197,6661610,6601493,6517916,6624913,6596659,6532129,6567727,6526164,6547049,6424918
16,31,1,63,6725420,6700004,6580310,6621751,6555727,6605413,6600309,6574934,6658173,6547712,6649426,6589730,6506679,6613627,6586202,6519836,6555040,6514247,6535168,6413943
17,0,1,63,6738483,6712597,6592575,6634056,6568422,6617995,6613526,6587234,6670869,6560865,6662525,6602269,6519673,6626001,6598849,6533236,6568613,6527570,6549095,6426661
18,31,1,63,6725194,6699881,6579575,6620639,6555529,6605168,6601274,6574814,6657664,6547560,6649028,6589064,6506030,6611964,6585534,6519556,6554543,6514468,6535581,6412607
19,0,1,63,6737278,6711054,6590710,6632856,6567238,6617551,6612828,6586573,6670161,6560113,6661447,6601281,6518380,6624685,6598347,6531713,6566840,6526066,6547901,6424551
20,31,1,63,6726248,6699684,6579458,6621764,6555755,6606143,6600496,6575443,6658485,6548580,6649016,6589224,6506648,6613576,6586263,6520264,6554792,6514542,6536042,6413340
21,0,1,63,6738376,6712314,6591563,6633923,6568132,6618073,6612732,6587419,6670818,6561379,6661726,6601037,6518747,6625570,6599849,6533147,6568048,6527393,6549113,6426109
22,31,1,63,6726261,6699996,6579069,6621174,6555807,6605431,6600343,6575082,6658489,6547810,6649311,6588941,6506252,6612980,6587457,6519506,6554637,6513457,6536228,6412789
23,0,1,63,6738624,6712776,6591555,6634291,6568655,6617356,6612676,6587632,6671324,6560431,6662189,6602184,6519527,6625396,6599601,6533322,6568479,6526585,6549197,6426586
24,31,1,63,6725608,6699606,6578290,6621467,6555794,6604963,6601268,6575103,6658952,6547673,6649307,6588918,6506791,6612215,6586641,6519790,6555205,6513339,6536389,6413007
25,0,1,63,6739503,6712382,6590781,6633598,6568765,6618115,6614105,6588407,6671564,6560170,6663571,6601595,6519852,6625479,6599615,6533233,6568319,6526712,6548547,6425973
26,31,1,63,6726134,6700373,6578280,6620729,6555844,6605695,6601053,6575935,6658433,6546965,6650071,6589250,6507375,6613119,6586104,6519687,6554844,6513882,6536009,6412720
27,0,1,63,6738649,6712834,6591281,6633896,6569149,6618091,6614153,6588638,6671494,6559632,6663484,6601088,6519816,6626450,6599809,6533638,6568532,6526798,6549204,6426295
28,31,1,63,6726589,6700525,6579386,6621669,6557227,6605633,6601658,6576506,6658576,6547449,6649963,6589253,6507027,6614352,6587332,6520353,6555106,6513847,6535641,6414115
29,0,1,63,6738179,6712036,6590783,6632876,6568263,6617329,6612871,6588430,6669885,6559198,6661832,6601090,6518000,6626540,6599019,6532952,6566866,6525571,6547545,6425902
30,31,1,63,6726155,6699664,6579160,6621804,6556571,6604335,6600666,6575973,6657182,6547459,6649135,6588606,6506081,6614197,6586307,6520534,6554178,6513147,6535480,6413430
31,0,1,63,6738144,6712362,6592153,6634849,6568642,6616908,6613006,6589125,6670528,6560399,6662619,6601438,6519746,6626678,6599280,6533463,6567509,6526531,6548868,6426094
32,31,1,63,6727074,6700669,6579594,6622561,6556349,6605310,6601064,6576488,6658548,6548363,6650011,6589471,6507569,6614383,6586432,6520638,6555575,6515266,6536477,6414507
33,0,1,63,6738847,6711748,6590866,6634707,6568067,6617242,6613640,6587842,6670823,6560149,6662329,6601297,6519357,6625774,6598478,6532485,6567947,6526781,6548444,6425591
34,31,1,63,6726871,6699936,6579840,6623325,6556929,6605959,6601975,6576324,6659096,6548365,6650072,6589435,6507209,6614228,6586640,6520162,6555855,6514268,6536288,6414249
35,0,1,63,6739637,6711481,6591556,6635525,6568879,6618064,6614019,6588580,6670463,6561077,6662954,6602299,6519273,6626239,6599775,6533161,6568355,6527183,6548142,6426314
36,31,1,63,6727683,6699477,6579937,6622822,6557047,6606354,6601831,6576810,6658219,6549634,6650665,6590535,6507895,6613239,6587731,6520543,6555833,6514620,6536690,6414953
37,0,1,63,6739342,6711180,6591258,6634006,6568379,6618580,6614132,6588261,6670214,6560635,6663238,6602404,6519392,6625485,6599659,6533068,6568402,6526109,6548596,6426942
38,31,1,63,6726339,6698613,6578130,6622213,6555319,6605380,6600865,6575349,6657774,6547500,6649969,6589325,6506429,6611913,6586963,6519811,6554902,6513314,6535274,6413851
39,0,1,63,6738916,6711489,6591802,6635211,6568275,6618192,6613920,6588296,6670939,6560988,6662904,6602128,6519493,6624493,6599993,6532991,6568181,6526386,6548994,6426852
40,31,1,63,6726556,6698939,6579641,6622536,6556406,6605717,6601511,6576225,6658194,6549020,6649616,6590112,6507088,6612484,6587146,6520094,6554714,6513808,6535929,6413532
41,0,1,63,6739652,6711908,6591943,6635424,6568827,6618110,6614196,6588674,6670950,6561551,6662166,6603412,6519974,6625896,6599692,6532956,6567949,6526538,6548867,6427171
42,31,1,63,6726497,6699463,6579569,6622446,6555723,6605266,6601564,6576089,6658273,6548288,6649205,6590612,6507371,6612362,6586969,6519428,6555085,6513154,6536107,6414143
43,0,1,63,6738492,6710938,6591357,6634084,6567500,6617400,6613388,6587712,6670022,6560381,6661362,6602209,6518890,6624866,6599492,6531840,6567466,6525583,6547733,6426347
44,31,1,63,6725258,6698820,6579065,6621726,6555224,6604930,6601044,6575470,6657569,6547247,6648211,6589387,6505730,6612387,6586857,6518791,6554537,6513131,6534419,6412940
45,0,1,63,6737559,6711368,6591844,6634381,6567478,6617656,6613459,6587951,6670293,6560915,6662007,6602252,6519101,6624976,6599395,6532574,6567629,6525883,6547935,6425834
46,31,1,63,6725589,6698386,6578670,6621462,6555031,6604301,6600382,6575124,6657491,6547645,6648334,6589191,6506650,6611946,6586964,6519773,6554686,6512791,6535595,6413339
47,0,1,63,6737553,6710719,6591087,6633525,6567858,6617026,6613299,6588428,6669968,6561488,6662067,6602341,6519616,6624727,6599286,6533096,6567852,6526618,6548581,6426042
48,31,1,63,6726063,6698964,6579192,6621179,6556093,6605564,6601417,6576521,6657574,6548386,6649276,6590213,6507978,6612425,6587586,6520288,6554932,6514116,6536136,6414138
49,0,1,63,6738318,6711219,6591480,6633500,6567561,6617667,6613736,6588992,6669872,6560900,6662492,6602672,6519800,6625181,6599473,6532980,6568223,6526487,6548810,6425662
50,31,1,63,6725865,6699707,6579271,6620587,6555731,6605013,6601067,6575816,6657358,6548489,6648341,6590064,6507195,6612317,6586641,6519907,6555733,6513605,6535328,6413232
51,0,1,63,6738962,6711729,6591570,6633177,6567692,6617365,6613196,6588233,6669725,6560789,6660693,6602774,6519199,6624566,6599194,6532844,6568037,6525986,6548145,6425623
52,31,1,63,6726434,6699166,6579228,6620860,6555677,6604807,6600457,6575329,6657801,6548114,6648465,6590558,6506683,6612425,6586512,6519847,6555605,6513558,6535596,6412432
53,0,1,63,6738532,6710660,6591021,6633494,6567674,6616505,6613339,6587380,6669986,6560993,6661246,6602086,6518923,6624315,6598689,6532487,6568390,6525471,6547804,6425316
54,31,1,63,6726182,6697956,6578744,6621211,6555534,6604823,6600698,6574443,6657895,6548092,6648166,6589779,6506413,6611629,6586703,6519175,6555783,6513461,6535286,6413186
55,0,1,63,6739279,6710768,6591377,6633272,6567653,6617198,6613254,6586909,6670582,6561001,6661285,6602708,6518271,6624179,6598332,6531525,6568367,6526213,6548375,6426372
56,31,1,63,6727244,6699283,6580170,6622055,6555674,6605559,6601586,6575601,6657634,6548811,6648452,6590173,6506262,6612182,6586403,6519661,6555615,6514476,6536264,6414273
57,0,1,63,6739393,6711857,6592329,6634548,6568201,6618181,6615404,6588464,6670868,6561833,6661514,6602757,6519121,6626013,6599526,6532793,6569124,6527087,6548998,6427131
58,31,1,63,6726224,6699028,6579795,6622164,6555680,6605441,6601267,6575330,6657793,6547876,6648469,6590044,6506123,6613508,6586437,6519520,6554979,6513420,6535469,6413835
59,0,1,63,6737853,6710625,6591009,6633950,6567532,6616960,6613494,6586751,6670035,6560194,6660595,6601424,6517933,6624799,6598471,6531702,6567216,6525790,6547890,6425497
60,31,1,63,6726526,6698782,6580126,6622363,6556661,6605136,6601979,6575014,6658996,6548801,6649003,6589459,6506325,6613446,6586995,6519613,6555141,6514309,6536001,6414205
61,0,1,63,6737798,6710503,6591533,6634475,6568035,6616345,6613556,6586505,6670672,6560898,6661268,6601507,6517918,6625453,6598547,6531581,6567417,6525963,6547261,6426149
62,31,1,63,6725482,6698728,6578955,6621608,6556094,6603656,6600834,6574609,6657939,6547928,6648069,6588933,6505685,6612141,6585982,6518820,6554568,6513305,6535051,6413989
63,0,1,63,6738534,6711870,6592009,6635163,6569142,6617004,6614058,6587683,6671349,6561859,6662089,6602155,6518784,6625672,6599630,6532414,6568514,6527160,6548690,6427573
64,31,1,63,6725861,6698484,6579066,6622244,6556101,6603915,6601338,6574911,6657633,6548120,6648457,6589264,6505867,6612878,6586229,6518632,6554739,6513956,6534757,6414038
65,0,1,63,6738875,6711918,6591118,6634345,6568281,6616900,6613501,6587392,6670077,6560585,6661609,6602380,6518551,6625735,6599162,6532394,6567114,6527203,6547537,6426893
66,31,1,63,6727410,6700753,6580167,6622468,6556344,6604356,6601343,6575841,6658103,6548894,6649244,6590112,6506922,6613030,6587216,6520284,6555232,6514549,6535214,6414728
67,0,1,63,6739331,6713228,6592585,6634788,6568675,6617079,6613994,6588707,6671082,6561660,6661364,6602660,6519141,6625837,6600309,6533178,6568688,6526823,6547319,6427113
68,31,1,63,6727681,6700787,6581154,6622346,6556890,6604739,6601786,6576540,6659522,6549621,6649065,6589966,6506927,6613137,6587735,6519860,6556450,6514374,6534585,6414663
69,0,1,63,6739214,6712637,6592359,6634562,6568353,6616884,6614246,6588409,6671233,6561736,6661891,6602090,6518006,6625475,6599076,6532043,6568285,6526768,6547783,6426513
70,31,1,63,6727681,6700753,6581494,6622794,6557318,6605432,6602310,6577343,6659643,6549999,6649799,6590300,6507034,6613626,6587590,6520170,6556028,6514396,6537072,6414795
71,0,1,63,6738517,6711504,6591266,6633323,6568080,6616140,6613396,6588282,6670400,6561277,6660929,6601106,6517970,6625019,6599023,6532053,6568211,6526200,6548238,6425803
72,31,1,63,6726411,6698728,6579132,6621230,6556507,6604085,6601239,6575561,6657724,6548262,6647389,6588431,6506286,6612632,6586075,6519268,6554493,6512684,6535379,6413130
73,0,1,63,6738256,6710222,6590759,6632912,6568379,6616396,6613055,6587468,6670492,6561046,6660357,6601783,6517781,6624949,6599160,6532068,6566878,6525891,6547749,6425851
74,31,1,63,6727079,6698306,6579778,6621534,6557255,6604624,6601116,6575513,6658388,6549205,6648305,6589640,6506429,6612711,6586309,6520601,6554737,6514084,6535618,6414545
75,0,1,63,6739394,6710729,6591865,6634077,6570349,6617336,6613740,6588283,6670678,6561962,6661635,6602604,6519473,6625323,6599240,6533381,6567350,6527251,6548667,6426721
76,31,1,63,6726230,6697615,6579039,6621135,6556582,6604176,6600128,6575003,6656870,6547808,6647480,6588906,6506364,6612288,6586389,6519465,6553735,6513326,6534358,6413119
77,0,1,63,6738639,6710676,6591605,6633865,6569248,6617008,6612957,6587599,6670091,6561020,6661143,6601994,6518934,6625479,6599578,6532529,6567721,6526766,6547492,6426385
78,31,1,63,6726126,6697942,6579200,6621661,6556880,6604855,6601066,6575197,6657310,6548396,6647391,6589109,6505592,6612325,6586563,6519524,6554909,6513461,6534200,6414099
79,0,1,63,6737916,6710181,6591099,6634016,6569162,6616868,6612882,6587251,6669798,6560953,6659583,6601333,6518112,6624951,6598300,6531994,6566975,6526093,6547007,6426029
80,31,1,63,6726253,6698609,6579345,6622452,6557369,6604012,6601527,6575185,6657874,6549137,6647949,6588910,6505990,6613006,6586522,6519374,6555453,6513852,6535217,6413406
81,0,1,63,6737871,6710956,6591480,6634397,6569376,6616606,6614117,6587842,6670279,6561516,6660836,6600833,6517372,6625688,6598668,6531946,6567690,6526658,6547363,6425734
82,31,1,63,6726484,6698989,6579371,6621696,6557023,6604605,6601301,6575404,6657412,6549006,6647811,6589118,6506158,6613361,6587037,6520082,6554599,6513889,6534865,6413794
83,0,1,63,6739000,6711510,6592077,6634990,6569584,6617152,6613926,6588053,6670240,6561832,6660907,6601916,6518500,6626088,6600448,6532995,6568086,6526985,6547673,6426868
84,31,1,63,6727141,6699052,6579472,6622722,6557316,6604688,6600977,6575391,6657533,6548213,6647992,6588903,6505937,6613035,6586174,6519489,6555259,6513662,6534707,6413615
85,0,1,63,6739717,6710955,6591749,6635270,6569472,6616671,6614462,6588417,6670002,6561015,6660988,6602292,6518451,6625939,6599187,6533129,6568935,6526829,6547388,6426437
86,31,1,63,6726341,6698591,6579615,6623105,6557372,6603853,6601239,6575828,6657427,6548819,6648329,6589149,6505356,6613066,6585945,6520092,6555469,6513576,6534263,6413893
87,0,1,63,6738984,6712045,6593412,6635620,6569573,6616752,6614266,6588691,6670454,6562012,6661371,6602425,6518346,6625566,6598999,6533091,6568276,6526689,6547766,6426465
88,31,1,63,6726665,6699638,6580707,6622406,6557263,6604056,6600887,6576090,6658220,6548539,6649105,6589858,6506204,6612376,6585327,6520039,6554604,6513785,6534677,6414242
89,0,1,63,6739083,6711268,6592109,6633889,6569734,6616077,6612967,6587803,6670157,6560513,6661430,6601560,6518186,6625689,6598347,6532683,6567873,6525924,6547017,6426774
90,31,1,63,6726987,6699791,6580382,6621829,6558036,6604757,6601317,6576129,6657953,6548822,6649251,6589353,6506036,6613454,6585720,6519937,6555404,6513780,6534473,6414747
91,0,1,63,6739219,6710914,6592602,6634254,6569576,6617565,6612839,6588935,6670534,6561277,6662133,6602059,6518631,6625764,6598525,6532538,6568090,6526423,6546849,6426554
92,31,1,63,6726187,6697906,6579717,6621736,6557072,6604339,6600039,6575197,6657219,6547674,6647817,6588590,6505733,6612516,6585729,6519089,6554652,6513336,6533627,6413289
93,0,1,63,6738477,6711338,6592503,6635466,6570298,6617474,6613381,6588517,6671127,6561063,6661409,6602013,6519407,6626197,6599232,6533026,6568342,6527369,6547549,6426582
94,31,1,63,6726033,6699382,6579508,6622654,6557637,6604971,6601131,6575432,6658323,6548270,6648685,6588981,6506343,6613015,6586033,6519594,6555231,6513728,6534611,6413682
95,0,1,63,6737522,6711129,6591430,6634890,6569426,6616669,6613553,6587530,6670967,6561333,6661117,6601448,6517929,6625240,6598859,6531972,6568361,6526808,6547059,6425841
96,31,1,63,6725497,6698527,6579184,6621876,6556184,6603960,6600858,6575201,6658122,6548497,6647999,6588492,6505486,6613099,6586045,6518725,6554534,6513469,6534379,6412967
97,0,1,63,6737762,6710529,6591233,6634020,6568199,6616301,6612510,6587483,6670798,6560815,6660999,6600916,6517940,6624684,6598606,6531595,6567436,6525413,6546976,6426055
98,31,1,63,6726124,6698361,6579369,6622111,6555923,6604657,6600816,6575070,6658064,6548241,6648189,6588885,6505173,6612315,6585908,6519249,6554888,6512827,6533999,6414234
99,0,1,63,6738304,6710932,6592076,6634150,6568232,6617484,6613944,6587628,6670628,6561117,6661564,6601453,6517600,6625396,6598256,6532385,6568156,6526502,6547634,6426870
100,31,1,63,6725856,6698040,6579232,6621078,6556409,6604343,6600915,6574879,6657718,6547752,6648301,6588450,6505224,6611973,6584684,6519137,6554430,6513951,6534827,6413636
101,0,1,63,6739198,6711772,6592669,6634537,6569545,6617667,6613823,6588028,6671038,6561754,6661206,6601946,6518771,6625272,6599356,6532785,6568591,6527102,6548135,6427233
102,31,1,63,6726807,6698953,6579956,6621972,6556924,6604821,6601278,6575396,6657876,6549319,6647825,6588967,6506197,6612415,6585723,6519930,6555608,6514225,6534933,6414568
103,0,1,63,6738902,6711755,6591396,6633607,6568933,6617647,6613549,6588163,6670352,6561432,6660364,6601509,6518038,6624391,6597888,6532744,6567915,6527134,6547535,6426317
104,31,1,63,6727218,6699763,6579969,6622070,6557932,6605651,6601942,6576128,6658476,6549625,6648113,6589710,6506287,6612644,6586080,6520214,6555331,6514768,6534916,6414980
105,0,1,63,6738999,6712089,6591784,6634866,6570010,6617658,6613169,6588106,6670541,6561836,6661426,6602478,6519172,6626523,6598752,6532982,6567770,6527528,6547604,6427433
106,31,1,63,6726869,6700584,6579935,6623010,6558567,6605349,6601296,6576580,6658235,6548823,6649061,6589948,6506465,6614117,6586102,6520841,6555486,6515259,6535076,6414618
107,0,1,63,6739485,6712324,6592225,6635225,6570921,6617770,6614459,6588828,6671001,6561080,6662114,6602471,6519076,6626709,6598861,6533492,6568502,6527898,6547745,6427018
108,31,1,63,6726299,6699453,6579532,6622865,6558928,6605425,6602184,6576074,6658496,6547396,6649273,6589268,6506469,6614001,6585142,6520217,6555747,6514589,6534823,6414676
109,0,1,63,6739126,6712804,6591783,6636007,6571211,6618015,6614868,6588548,6671622,6560929,6663155,6602260,6519236,6626281,6598970,6533756,6568665,6527342,6548187,6427591
110,31,1,63,6725536,6699647,6578988,6622523,6557667,6605301,6600977,6575878,6658312,6547274,6649183,6589589,6506185,6612957,6585805,6520182,6554408,6514368,6534603,6414169
111,0,1,63,6737840,6711511,6590839,6635061,6568935,6617243,6612895,6587558,6670242,6560599,6661470,6601734,6517912,6625490,6598318,6532831,6567016,6527048,6547214,6426279
112,31,1,63,6725403,6699398,6579377,6622302,6556890,6604752,6601190,6575462,6658217,6548194,6649194,6589780,6505467,6612955,6585959,6519918,6554285,6514621,6535022,6414694
113,0,1,63,6737770,6710882,6591084,6634776,6569031,6616892,6613440,6587397,6670697,6560289,6661871,6602132,6518314,6625363,6598723,6532594,6567560,6527005,6547633,6427502
114,31,1,63,6725198,6698000,6579041,6621893,6556506,6604349,6600445,6574332,6657719,6547120,6648381,6589084,6504985,6612353,6586124,6519317,6554505,6513813,6533988,6413949
115,0,1,63,6738507,6710990,6591509,6635207,6569664,6617478,6613707,6587454,6670986,6560657,6662362,6601993,6517791,6625778,6599519,6533259,6568226,6527383,6547638,6427604
116,31,1,63,6726047,6698361,6579616,6623424,6556609,6605094,6601233,6574583,6658754,6547635,6649257,6589631,6505473,6612848,6586785,6519578,6555622,6514354,6534430,6415617
117,0,1,63,6738275,6710715,6591945,6635752,6569588,6617082,6613688,6587410,6671100,6560366,6662010,6602232,6516853,6625153,6599429,6532609,6568133,6526804,6547132,6427493
118,31,1,63,6725295,6698616,6578874,6621658,6556293,6604420,6600656,6574293,6657844,6547195,6647278,6588486,6503833,6612384,6585851,6518283,6553683,6512820,6533720,6412943
119,0,1,63,6738233,6710802,6591406,6634636,6568074,6616215,6613311,6587447,6670900,6560652,6660611,6601799,6516508,6625454,6598835,6532246,6567444,6526452,6546802,6426007
120,31,1,63,6727286,6698945,6579754,6623130,6556475,6605243,6601336,6575624,6658688,6548393,6648591,6589660,6505376,6613662,6586872,6519853,6555399,6514514,6534700,6414394
121,0,1,63,6739119,6711619,6591580,6635738,6569298,6617371,6613999,6588316,6671259,6560647,6661620,6601911,6517580,6626269,6599532,6532749,6567835,6527503,6547675,6427330
122,31,1,63,6727381,6700412,6579306,6623515,6556501,6605374,6601707,6575491,6659285,6548708,6649156,6589549,6505934,6614609,6586859,6520034,6555403,6515040,6535475,6414663
123,0,1,63,6737434,6711267,6590954,6633942,6567876,6616081,6612809,6587234,6670476,6559774,6660840,6600909,6517541,6625725,6598757,6532361,6567144,6525851,6546884,6425914
124,31,1,63,6726481,6698903,6579274,6621961,6556103,6604779,6601108,6575098,6657989,6547898,6648840,6588688,6505431,6613422,6585880,6519780,6555011,6514213,6534384,6413753
125,0,1,63,6738641,6711338,6591156,6633915,6568395,6616888,6613424,6587603,6670741,6560504,6661395,6601806,6517969,6624786,6598786,6532864,6568478,6526786,6546758,6426994
126,31,1,63,6725301,6699014,6578391,6620714,6555563,6604053,6600159,6574848,6657596,6547717,6648192,6588744,6505417,6612833,6585323,6519211,6554861,6513623,6533541,6413324
127,0,1,63,6737561,6711687,6590421,6633632,6567954,6616741,6613457,6588215,6670224,6560451,6661032,6601788,6518808,6625220,6598323,6532452,6568335,6526773,6547168,6426239
128,31,1,63,6725347,6699174,6578423,6621964,6555970,6604908,6600728,6575807,6657576,6548072,6648257,6589430,6506067,6613227,6586212,6520121,6556058,6514123,6534532,6414163
129,0,1,63,6737705,6711086,6590729,6634948,6568270,6617380,6613511,6587164,6670566,6560682,6662018,6602266,6518224,6625395,6599057,6532463,6568274,6526832,6547027,6427193
130,31,1,63,6725282,6699577,6579121,6623182,6558043,6605737,6601707,6575202,6658837,6548658,6649180,6590029,6506894,6613851,6586837,6519791,6556026,6515002,6534852,6415100
131,0,1,63,6737188,6710730,6590454,6634628,6569126,6617724,6613908,6587300,6670306,6560677,6661063,6601597,6518860,6626092,6599223,6531962,6568159,6525990,6546941,6426246
132,31,1,63,6725357,6698350,6578345,6622862,6557175,6605367,6602004,6575322,6658569,6548934,6648977,6589406,6506959,6614373,6587533,6519747,6555550,6514367,6534134,6414566
133,0,1,63,6738878,6711669,6591753,6635700,6570438,6618581,6615076,6588920,6672086,6562427,6662685,6602162,6519877,6627656,6600525,6533959,6569262,6528152,6547666,6428099
134,31,1,63,6725999,6699374,6578649,6623017,6557631,6606148,6602518,6575797,6658902,6549201,6649674,6589487,6506634,6613906,6587404,6520552,6556269,6515203,6534887,6414992
135,0,1,63,6738001,6711009,6590272,6634808,6568970,6617444,6614181,6587833,6670991,6561289,6662458,6601659,6518474,6626242,6599523,6532902,6568758,6527230,6547303,6427120
136,31,1,63,6725735,6698957,6578461,6622739,6556596,6604991,6602369,6575475,6657794,6548539,6649407,6589466,6506453,6613345,6587518,6520107,6555682,6514196,6534033,6415121
137,0,1,63,6738236,6711529,6591202,6635838,6569636,6618213,6614536,6588550,6671114,6562059,6662834,6602081,6519471,6626868,6599373,6533980,6569643,6527642,6547815,6427636
138,31,1,63,6725446,6698760,6579027,6623370,6556917,6605266,6601724,6575114,6657987,6548667,6648964,6589246,6505786,6613065,6586781,6519956,6555492,6514134,6534679,6414346
139,0,1,63,6738621,6711982,6591184,6635488,6569235,6617103,6613824,6587965,6671007,6561064,6662415,6602322,6518624,6625704,6600162,6532461,6568262,6527155,6547469,6427198
140,31,1,63,6726375,6699587,6579410,6623421,6557672,6604778,6602011,6575547,6658844,6548407,6649637,6589558,6505977,6614300,6587155,6520189,6554828,6513832,6534729,6414870
141,0,1,63,6737482,6710849,6590823,6634415,6568465,6617084,6613605,6587283,6670119,6561370,6662409,6601930,6518196,6625795,6599280,6532086,6567468,6526376,6547016,6426782
142,31,1,63,6725103,6698748,6577977,6622072,6556236,6604947,6601250,6575166,6657649,6548111,6649638,6589124,6504973,6613395,6586131,6519473,6554505,6513557,6534400,6413833
143,0,1,63,6737728,6711157,6590331,6635161,6568460,6617384,6614405,6587477,6670449,6560742,6662924,6601846,6518137,6625488,6598276,6532526,6568405,6526370,6547911,6426646
144,31,1,63,6725885,6699799,6578901,6623465,6556980,6605118,6602433,6575461,6657749,6548483,6650788,6590130,6506483,6613875,6586517,6520755,6556364,6514349,6535539,6415278
145,0,1,63,6736281,6710550,6589833,6633496,6567656,6615595,6613346,6586968,6668692,6559749,6662079,6601089,6517292,6624773,6598844,6531668,6567898,6525598,6547069,6425851
146,31,1,63,6725286,6699185,6578671,6621992,6556457,6604837,6601780,6575005,6658166,6548213,6649769,6589316,6505666,6612989,6587244,6519623,6555679,6513618,6535211,6414096
147,0,1,63,6737031,6711177,6590556,6634103,6568901,6617016,6613996,6587013,6670185,6560679,6662424,6601864,6517827,6625210,6598894,6532301,6568016,6526961,6547047,6426172
148,31,1,63,6724841,6698590,6578335,6621749,6555906,6605354,6601171,6574371,6657372,6548012,6649675,6589014,6504909,6611783,6585247,6519829,6554496,6513969,6534501,6413704
149,0,1,63,6737313,6711689,6591249,6634713,6568460,6617953,6614629,6587466,6671004,6561252,6663075,6602645,6518474,6624929,6599264,6533628,6568509,6526480,6548189,6426773
150,31,1,63,6724389,6699350,6578504,6621651,6555719,6604857,6601577,6574693,6657584,6547878,6649343,6589388,6505845,6611887,6586080,6520234,6555504,6514223,6534666,6413622
151,0,1,63,6737079,6712187,6590788,6634137,6569177,6617745,6613839,6587759,6670940,6560939,6663150,6602431,6518046,6624596,6599120,6533030,6568172,6527341,6548071,6426578
152,31,1,63,6725017,6700066,6578544,6621814,6556807,6605253,6600839,6574805,6657821,6547938,6649540,6589663,6505196,6612111,6586072,6519287,6554757,6514319,6535031,6413889
153,0,1,63,6738707,6712332,6591026,6634837,6569192,6618265,6614142,6587871,6670805,6560806,6662843,6602901,6518750,6625826,6599631,6532143,6568193,6527753,6547580,6426844
154,31,1,63,6725030,6699618,6578806,6621006,6556737,6605510,6601287,6575273,6657949,6547213,6650123,6589572,6505767,6612394,6586190,6519225,6554482,6515002,6534346,6414502
155,0,1,63,6738780,6713025,6591639,6635114,6569446,6618802,6614569,6587550,6671109,6560631,6664192,6602851,6519075,6625326,6599075,6533509,6568754,6528471,6548320,6427565
156,31,1,63,6725828,6699787,6579162,6622206,6557481,6605535,6602089,6575440,6657391,6548046,6650519,6589692,6505484,6613177,6586073,6519163,6555634,6514475,6535306,6414200
157,0,1,63,6739322,6712091,6591248,6634957,6569824,6618499,6614845,6588492,6670913,6561545,6663701,6602795,6518536,6626499,6599479,6532841,6568574,6527569,6548657,6427582
158,31,1,63,6726753,6699634,6578568,6622392,6557254,6606155,6602277,6575428,6657801,6548632,6650435,6589720,6506398,6614007,6586303,6519596,6555297,6514752,6535606,6414557
159,0,1,63,6739214,6712124,6589967,6635038,6568464,6618216,6614158,6588187,6670130,6561349,6662936,6602196,6518621,6626430,6598702,6532416,6568404,6527168,6548157,6426418
160,31,1,63,6726048,6699569,6577713,6622598,6556429,6604942,6601632,6575704,6657564,6547588,6649709,6589045,6506132,6612919,6586456,6518822,6555126,6514976,6535545,6413462
161,0,1,63,6738806,6711484,6589624,6634953,6568498,6618158,6614165,6588111,6670281,6560539,6662316,6602268,6518950,6625459,6600175,6532334,6568884,6527727,6548317,6426776
162,31,1,63,6726590,6698997,6577810,6622490,6556259,6605448,6602148,6575387,6657586,6548146,6649122,6589490,6506248,6612715,6586908,6519208,6556216,6514684,6534616,6413488
163,0,1,63,6739221,6711785,6591117,6634846,6569669,6617997,6615397,6588914,6671414,6561810,6663477,6602621,6519188,6626563,6599807,6533915,6569640,6528252,6548241,6427066
164,31,1,63,6726239,6699101,6578265,6622391,6557377,6605464,6602386,6575531,6658297,6548629,6649956,6589567,6506436,6612924,6587468,6520169,6556553,6515689,6535620,6414069
165,0,1,63,6737814,6711231,6589817,6634370,6568277,6616999,6613189,6587396,6670496,6560249,6661422,6602058,6518117,6624952,6599329,6532169,6569061,6528032,6547929,6426662
166,31,1,63,6726240,6699166,6577809,6621738,6556253,6605123,6601275,6574965,6657888,6547771,6648540,6588934,6505353,6612984,6586418,6519341,6555726,6514600,6535357,6414274
167,0,1,63,6739244,6712065,6591442,6634850,6569012,6618440,6614442,6587944,6671090,6560871,6661671,6602468,6518626,6626231,6600201,6533328,6568714,6527869,6548505,6427507
168,31,1,63,6726602,6699844,6579040,6622919,6556609,6606138,6601419,6574938,6658562,6548104,6648741,6589885,6506154,6613413,6586675,6520331,6555450,6514601,6535997,6414358
169,0,1,63,6739147,6711843,6591076,6635236,6569702,6618113,6613755,6587648,6671033,6560617,6662043,6602916,6518560,6625685,6600136,6533472,6568686,6528602,6548582,6426627
170,31,1,63,6726738,6699296,6578617,6622407,6557044,6606314,6601557,6575527,6657956,6548165,6649313,6589606,6506227,6612277,6587230,6521198,6555883,6515827,6535431,6413523
171,0,1,63,6739056,6711853,6591155,6635543,6569297,6618502,6614229,6587959,6670516,6560465,6662737,6602296,6518440,6625003,6599832,6533722,6568986,6528204,6548554,6426268
172,31,1,63,6726028,6699000,6577930,6622255,6556423,6605689,6600961,6574886,6657412,6547137,6649044,6589405,6505360,6611793,6586241,6520780,6555261,6514492,6535188,6413137
173,0,1,63,6738711,6711465,6589806,6634497,6568700,6618341,6613658,6587552,6670419,6559374,6661824,6602403,6518226,6624563,6598607,6533740,6568413,6527057,6548049,6426390
174,31,1,63,6725977,6699255,6578222,6622880,6556573,6605859,6601318,6575488,6657941,6547206,6649134,6589968,6506218,6612262,6585854,6520537,6555497,6514811,6535451,6414089
175,0,1,63,6739206,6712717,6591387,6635708,6569270,6618380,6614328,6588671,6670663,6560159,6662657,6603158,6519420,6625392,6599476,6534102,6569487,6528466,6548813,6427070
176,31,1,63,6725663,6698998,6578036,6621328,6556175,6604850,6600972,6574337,6656637,6546097,6648184,6589004,6505801,6612210,6584937,6520185,6555179,6514109,6535162,6412440
177,0,1,63,6738703,6712362,6591291,6634767,6568799,6618578,6614181,6587409,6670391,6559514,6662427,6602890,6518887,6625812,6599045,6533511,6568816,6527272,6548947,6426727
178,31,1,63,6726411,6699703,6579395,6622677,6556807,6606131,6601989,6575426,6658209,6547157,6648980,6590431,6506066,6613764,6587229,6521289,6555314,6514814,6536215,6414587
179,0,1,63,6738967,6711099,6591427,6634840,6568844,6618195,6614457,6587473,6670605,6559902,6661924,6602401,6518588,6624984,6600053,6534230,6567719,6527516,6548779,6427082
180,31,1,63,6726289,6698606,6579017,6621883,6557284,6605502,6601515,6574234,6658847,6547181,6648633,6589683,6506076,6612326,6587804,6520980,6555562,6514681,6535646,6414380
181,0,1,63,6738432,6710738,6590764,6633654,6569270,6617674,6613965,6587189,6670265,6559531,6661114,6601816,6517811,6624966,6599920,6533244,6568169,6526865,6547677,6426364
182,31,1,63,6726233,6697840,6578881,6621466,6557080,6605616,6601992,6574990,6657582,6546903,6648177,6589633,6505974,6612959,6587213,6520306,6555255,6513784,6534642,6414267
183,0,1,63,6738988,6711363,6591315,6634232,6569273,6617959,6615313,6587620,6671000,6560126,6662051,6602892,6518208,6627227,6600940,6534236,6569051,6527216,6547944,6427415
184,31,1,63,6726923,6699480,6579524,6622167,6556644,6606221,6602631,6575002,6658464,6548012,6649357,6590114,6506223,6613489,6587659,6521291,6555994,6514795,6534852,6415050
185,0,1,63,6738417,6710860,6590969,6634417,6568515,6618412,6614045,6586698,6670782,6559946,6661214,6601732,6517593,6625478,6598983,6534103,6568529,6525997,6546716,6426862
186,31,1,63,6726527,6698975,6579147,6622628,6556682,6607017,6601754,6574963,6658427,6547965,6648917,6589632,6506389,6613237,6586830,6521421,6556538,6513538,6534708,6414763
187,0,1,63,6738663,6711440,6591001,6634526,6568523,6619028,6614163,6587571,6670886,6560330,6662086,6602448,6518182,6626603,6600328,6534218,6569676,6526508,6547584,6427020
188,31,1,63,6726676,6699487,6578937,6621806,6556982,6606394,6602486,6575779,6658581,6547614,6649172,6590682,6506493,6613886,6587502,6521158,6557253,6513547,6534875,6414525
189,0,1,63,6738872,6711522,6590495,6633487,6568694,6618326,6614167,6587076,6670062,6560261,6661781,6602783,6518247,6626081,6600228,6533702,6569875,6526060,6547434,6426278
190,31,1,63,6726785,6699552,6578226,6621631,6556043,6606110,6602214,6574900,6657696,6547931,6649135,6590453,6506374,6613756,6587806,6521100,6556605,6513541,6534476,6413738
191,0,1,63,6738493,6711348,6590130,6634189,6567804,6617716,6614081,6586814,6669796,6559840,6661467,6602137,6517581,6626066,6599489,6532878,6569418,6525633,6547614,6426661
192,31,1,63,6725889,6697985,6576775,6621860,6554867,6603786,6600781,6574010,6656134,6545988,6647939,6588463,6505077,6612678,6586630,6519569,6555344,6512733,6533990,6413574
193,0,1,63,6739407,6712065,6590485,6635566,6569035,6617767,6614874,6587239,6671123,6560547,6661928,6602291,6519269,6625851,6600518,6534093,6570104,6526677,6548605,6427196
194,31,1,63,6726294,6699211,6578156,6621938,6555702,6605356,6601905,6574615,6658617,6547742,6648236,6589271,6506327,6613229,6587144,6521129,6556603,6513459,6534596,6414214
195,0,1,63,6737742,6711763,6589880,6634581,6567738,6617667,6614520,6586348,6669521,6559959,6660945,6601158,6518017,6625085,6599295,6533635,6568855,6526372,6546372,6426427
196,31,1,63,6725213,6698463,6577286,6621355,6555000,6604654,6601170,6573101,6656932,6547148,6647187,6588920,6504852,6612388,6586251,6520293,6555037,6513180,6534264,6413643
197,0,1,63,6737938,6710710,6589809,6633837,6567750,6616615,6613929,6585843,6670263,6560082,6660674,6602142,6517635,6624833,6599868,6533543,6568610,6526399,6546602,6426702
198,31,1,63,6725576,6699035,6577891,6622442,6556107,6604345,6601835,6574228,6658572,6548733,6648912,6590259,6505772,6613270,6587493,6521107,6556567,6514360,6534844,6414919
199,0,1,63,6738302,6711457,6589200,6634628,6568056,6616893,6614002,6586180,6670253,6560950,6661452,6601444,6517480,6625344,6598920,6533726,6568293,6526573,6546928,6426990
200,31,1,63,6726413,6699028,6577708,6622168,6556584,6604818,6601153,6573567,6657903,6548665,6648438,6588731,6505173,6612097,6586735,6520993,6555915,6513785,6534635,6415242
201,0,1,63,6739322,6711750,6591314,6634708,6569756,6617966,6614232,6586955,6671512,6561721,6662178,6602189,6518584,6624380,6600137,6533915,6569656,6526941,6547744,6428000
202,31,1,63,6725571,6697629,6577245,6620748,6557002,6604759,6600548,6573715,6658268,6548286,6648207,6588641,6505159,6610844,6586071,6519149,6556130,6513167,6533671,6414673
203,0,1,63,6739119,6711237,6590464,6634503,6569386,6617698,6614287,6587009,6670949,6562069,6661551,6601823,6518466,6624482,6600139,6532937,6569893,6526806,6547425,6427843
204,31,1,63,6725632,6698896,6577882,6621464,6556080,6604601,6600912,6574134,6658106,6548495,6648574,6588469,6505457,6611714,6587130,6519920,6556656,6513863,6534153,6414307
205,0,1,63,6738335,6711842,6590390,6633956,6569118,6617871,6614566,6587019,6671090,6561500,6661186,6602070,6518341,6624394,6599896,6533168,6569665,6526943,6547501,6427321
206,31,1,63,6726408,6699193,6578047,6621791,6556296,6605052,6601693,6575104,6658578,6548651,6648297,6590591,6505774,6612426,6587010,6519974,6555936,6513954,6534689,6415084
207,0,1,63,6738158,6711167,6590197,6633875,6568476,6616050,6614095,6587188,6670936,6561439,6661139,6602845,6518243,6624802,6599284,6533070,6568764,6526643,6547534,6426717
208,31,1,63,6725205,6698806,6577767,6621071,6556074,6604106,6600598,6574230,6657681,6548506,6648117,6589651,6505182,6611212,6586102,6519357,6555596,6513720,6534016,6413846
209,0,1,63,6738885,6711672,6591144,6634537,6569640,6618203,6614135,6587094,6671111,6561788,6660667,6603710,6517945,6625965,6599021,6533191,6569546,6526825,6548151,6427485
210,31,1,63,6725380,6698873,6578178,6621533,6556571,6605440,6601423,6574049,6658486,6547966,6648505,6590670,6504882,6613247,6585841,6519397,6555280,6513113,6534769,6414145
211,0,1,63,6739185,6712545,6591491,6633834,6569232,6618383,6614521,6587367,6672201,6561985,6662568,6604093,6518324,6626136,6599688,6533316,6569090,6527387,6548674,6427464
212,31,1,63,6725735,6699007,6578612,6621042,6556642,6604913,6602107,6573650,6658811,6548278,6648620,6590536,6505483,6613205,6586846,6519795,6555272,6513740,6534897,6414307
213,0,1,63,6738323,6711480,6590672,6633660,6568910,6617785,6615003,6587270,6671931,6561446,6661398,6603865,6518060,6626184,6600023,6533726,6569213,6526792,6548153,6427145
214,31,1,63,6726078,6699218,6578228,6621427,6557028,6605259,6601720,6574908,6658678,6548715,6648876,6590908,6505492,6612991,6586932,6520217,6556442,6513974,6535025,6413829
215,0,1,63,6738484,6711915,6590641,6634607,6569156,6618095,6614996,6586986,6671514,6562071,6661978,6603157,6518488,6625162,6599523,6533144,6569799,6527041,6547692,6426676
216,31,1,63,6725936,6699957,6578459,6621931,6556658,6605250,6601755,6574853,6658629,6549117,6649445,6590853,6506055,6612858,6586612,6520251,6556524,6513871,6534330,6413725
217,0,1,63,6737838,6712287,6590535,6634468,6568638,6617458,6614474,6586446,6670997,6561292,6661164,6602827,6517914,6625377,6599157,6532994,6568364,6526568,6546812,6425836
218,31,1,63,6725593,6699674,6578511,6622155,6556657,6605295,6602125,6574626,6658533,6548299,6648197,6590615,6505296,6613644,6587077,6519785,6555868,6513544,6533844,6413382
219,0,1,63,6738894,6712270,6590755,6634788,6568678,6618410,6614578,6587236,6671332,6562236,6661000,6603387,6518608,6626009,6599564,6533417,6569505,6526454,6547360,6426279
220,31,1,63,6726009,6699884,6579015,6622390,6557007,6605932,6601962,6574493,6659356,6548911,6648641,6591017,6506302,6612789,6586863,6520238,6556390,6513678,6535139,6414262
221,0,1,63,6738220,6712238,6591429,6634789,6569891,6618304,6614369,6587702,6671061,6562004,6662282,6603514,6518296,6626460,6600259,6533149,6569278,6526590,6547817,6426357
222,31,1,63,6724996,6699809,6578768,6621657,6557600,6605400,6602019,6574949,6658581,6548547,6648766,6590445,6505509,6614039,6587195,6519907,6555795,6513982,6534188,6414252
223,0,1,63,6738021,6711459,6591336,6633725,6569674,6617909,6614552,6587334,6670766,6561281,6661669,6602877,6517706,6626114,6600414,6533104,6569121,6527014,6547108,6427085
224,31,1,63,6726184,6699288,6579633,6621974,6557485,6604920,6602166,6574527,6657638,6548449,6648580,6590293,6505625,6614134,6587721,6520396,6556524,6514406,6534449,6414797
225,0,1,63,6738358,6712338,6591798,6633781,6569842,6617896,6614476,6587581,6670632,6562023,6661129,6603017,6518724,6627039,6600342,6533453,6569635,6527536,6547204,6427599
226,31,1,63,6725229,6699570,6578900,6621582,6557187,6604850,6601915,6574788,6657574,6547808,6647520,6590021,6505674,6613548,6586868,6520056,6555488,6514301,6533886,6414513
227,0,1,63,6738394,6712523,6591563,6634258,6569869,6617900,6615008,6587376,6671124,6560871,6661660,6603588,6519173,6627074,6600879,6533024,6568754,6527290,6547802,6427190
228,31,1,63,6725388,6700658,6579592,6622135,6556592,6605910,6602233,6574526,6658115,6548482,6647894,6590592,6506376,6614062,6587998,6519282,6555982,6514385,6534245,6414483
229,0,1,63,6737754,6713283,6591403,6634346,6568806,6617902,6614547,6587646,6670421,6560704,6661003,6602754,6518622,6626053,6600191,6531824,6568943,6527108,6546811,6426728
230,31,1,63,6725399,6700372,6579244,6621587,6555873,6604829,6601342,6575129,6657690,6547592,6647356,6589183,6505208,6613267,6587240,6517941,6555822,6513424,6533459,6413786
231,0,1,63,6739228,6713268,6592629,6635183,6570168,6619083,6615118,6588635,6671417,6562607,6662043,6603726,6519248,6627377,6600844,6533075,6570513,6528421,6548184,6427916
232,31,1,63,6726234,6700267,6579946,6622803,6558348,6605979,6601627,6575022,6658460,6549510,6648639,6590963,6506235,6613808,6587570,6519637,6556502,6515074,6535507,6414781
233,0,1,63,6737441,6711945,6590201,6634059,6568947,6617479,6612980,6586644,6669638,6560870,6660392,6602241,6518173,6624060,6599084,6531730,6567984,6526744,6547478,6426141
234,31,1,63,6725401,6700460,6578858,6621981,6557406,6606198,6602181,6574979,6658167,6549129,6648991,6590550,6506105,6612989,6587188,6519840,6556082,6514812,6535926,6414823
235,0,1,63,6738380,6712991,6590832,6634673,6569840,6618507,6614682,6587205,6670923,6561628,6661941,6603298,6518221,6625675,6599351,6532688,6569366,6527696,6548461,6426620
236,31,1,63,6725789,6700206,6577604,6621342,6556239,6605932,6601813,6574114,6657935,6548802,6647849,6589806,6505087,6613492,6586123,6518864,6555908,6514157,6534770,6413975
237,0,1,63,6738331,6713749,6590873,6634562,6568943,6619053,6614971,6586979,6670836,6561918,6661204,6603438,6517959,6626330,6598285,6532853,6569282,6527539,6548423,6427591
238,31,1,63,6725647,6700964,6578924,6622113,6556716,6606107,6602449,6575013,6658326,6548894,6647972,6590631,6505364,6613518,6586469,6519862,6556102,6514251,6535125,6415179
239,0,1,63,6737131,6712576,6590394,6633672,6569214,6617792,6614069,6587036,6670469,6561235,6660083,6602699,6517394,6625643,6598928,6532629,6568629,6526518,6547102,6427524
240,31,1,63,6725392,6700325,6578345,6621623,6556867,6605522,6601107,6574356,6657725,6548901,6648188,6589681,6504761,6613380,6585638,6519809,6556424,6514148,6534829,6414791
241,0,1,63,6739346,6714511,6591901,6635050,6570447,6618557,6614323,6587710,6670694,6561585,6661959,6603269,6517855,6626078,6600087,6532942,6569283,6528021,6547659,6427492
242,31,1,63,6726370,6702028,6579069,6622913,6558404,6606183,6601648,6575104,6657835,6549547,6648360,6590647,6505467,6613312,6587113,6520183,6556151,6514245,6534786,6415262
243,0,1,63,6739058,6714205,6591088,6635100,6570411,6618075,6614480,6588006,6670692,6562802,6661534,6602725,6517311,6625589,6599858,6532715,6569388,6527529,6548010,6427786
244,31,1,63,6725968,6700284,6578826,6621938,6557288,6605517,6601892,6574229,6657776,6549788,6648907,6590144,6504633,6612962,6586869,6519603,6556045,6513871,6535086,6414982
245,0,1,63,6738615,6712838,6590429,6634063,6569496,6618001,6614300,6586773,6670568,6562228,6661514,6602304,6517285,6625287,6599652,6532330,6569390,6526597,6548141,6427649
246,31,1,63,6726380,6700019,6578989,6622368,6557066,6605671,6601807,6574931,6658058,6549714,6649426,6589779,6505030,6612715,6586971,6519365,6556293,6514269,6535410,6415132
247,0,1,63,6738224,6712735,6591543,6634460,6569498,6618818,6614986,6587696,6670834,6562362,6662181,6602805,6517959,6626245,6600340,6532505,6569688,6527379,6548385,6427749
248,31,1,63,6724797,6699591,6578484,6621818,6557063,6605851,6601061,6575022,6657565,6549055,6648632,6589728,6504875,6612538,6586679,6519250,6555387,6514207,6534923,6414277
249,0,1,63,6738422,6712886,6590678,6633621,6570206,6618644,6614241,6588107,6670619,6562639,6662126,6603146,6518206,6626687,6599554,6533004,6569178,6527578,6548694,6427425
250,31,1,63,6725429,6699068,6577665,6620340,6556764,6605507,6601124,6575137,6657654,6549026,6647844,6589577,6505424,6612895,6586866,6519440,6555336,6514106,6534688,6413726
251,0,1,63,6738556,6712046,6590354,6633190,6569875,6617745,6613918,6587020,6670678,6561886,6661039,6602594,6518241,6625710,6599877,6532589,6568682,6526845,6547229,6426428
252,31,1,63,6726246,6700397,6578429,6622000,6557804,6605489,6600980,6574303,6658072,6549187,6648735,6589991,6504871,6612665,6586740,6519734,6555779,6514246,6534603,6414050
253,0,1,63,6738302,6712486,6590521,6634436,6569858,6617908,6613300,6586901,6670085,6562109,6661491,6602761,6517518,6625261,6599225,6532450,6568949,6526882,6547282,6426321
254,31,1,63,6725972,6699942,6578712,6621746,6557529,6605349,6600788,6574541,6657490,6549304,6648763,6590283,6504955,6612106,6586534,6519953,6556510,6514187,6534935,6413734
255,0,1,63,6739307,6713028,6591074,6634117,6569831,6617993,6613807,6586652,6670432,6562196,6661676,6603315,6517301,6625450,6599405,6532834,6569399,6526949,6547890,6426347
256,31,1,63,6727228,6701487,6579151,6622026,6558268,6605819,6602590,6574689,6657974,6549794,6649135,6590862,6504819,6614164,6586815,6519946,6555654,6514985,6534955,6414831
257,0,1,63,6738981,6713542,6591271,6634193,6570216,6618909,6614572,6587029,6670202,6562288,6661638,6602838,6517275,6625590,6599454,6532311,6568394,6527025,6547629,6426556
258,31,1,63,6726199,6701135,6578620,6621436,6557763,6606410,6602404,6574152,6657707,6549765,6648669,6590489,6504643,6612465,6586604,6519694,6555223,6513731,6534388,6413767
259,0,1,63,6739401,6713655,6591780,6633859,6570251,6619067,6614600,6587112,6671087,6563008,6662056,6603773,6517686,6626291,6600050,6533597,6569214,6527994,6546964,6426709
260,31,1,63,6726478,6701917,6579389,6621992,6557667,6606692,6601622,6575021,6658555,6550806,6648778,6591365,6505571,6613281,6587547,6520778,6555947,6514464,6534610,6414873
261,0,1,63,6738067,6713357,6590860,6634539,6568825,6618062,6613555,6586584,6670931,6562216,6661622,6603071,6517297,6625105,6598940,6532670,6567665,6525705,6546889,6425710
262,31,1,63,6726164,6700713,6578327,6621990,6556546,6604940,6601590,6573188,6657765,6549676,6647807,6589950,6504491,6612095,6585837,6519459,6554932,6513070,6533443,6412776
263,0,1,63,6739618,6714043,6591686,6635875,6570656,6618587,6615202,6586647,6670741,6562915,6662132,6603334,6518311,6626164,6600879,6533795,6569506,6527080,6548180,6426621
264,31,1,63,6728065,6701965,6580210,6623837,6558621,6606819,6602577,6574866,6658464,6551446,6650212,6590989,6506479,6614339,6588067,6521659,6557174,6514741,6536027,6415508
265,0,1,63,6739848,6715096,6591976,6635455,6570674,6619785,6614943,6587685,6670617,6563737,6662650,6604270,6518519,6626692,6600717,6534146,6569480,6527739,6548029,6427463
266,31,1,63,6726800,6701948,6579666,6623183,6558431,6606676,6601689,6575340,6658965,6550316,6649619,6590807,6506231,6613292,6587650,6520581,6556192,6514110,6534947,6415087
267,0,1,63,6739931,6714361,6591827,6636110,6571042,6618474,6614675,6587381,6671400,6563530,6662135,6603284,6518382,6627023,6600997,6533442,6569731,6527310,6548447,6427234
268,31,1,63,6727853,6701223,6579133,6622612,6558203,6605906,6601720,6574275,6658496,6550608,6648712,6589503,6505586,6613556,6587770,6519942,6556409,6513983,6534230,6414368
269,0,1,63,6739346,6713327,6590871,6634601,6570849,6617982,6613804,6586523,6670493,6562627,6662163,6601614,6517623,6625769,6600551,6532767,6569508,6526344,6546855,6427495
270,31,1,63,6727318,6701190,6578858,6623103,6558119,6606114,6602084,6574489,6658170,6550817,6649607,6589135,6505397,6613520,6587702,6520574,6556922,6514757,6534614,6415431
271,0,1,63,6739284,6712973,6590747,6634214,6570157,6617950,6614109,6586508,6670613,6562868,6662945,6601594,6517701,6625972,6600188,6532958,6569202,6527158,6547322,6427588
272,31,1,63,6727038,6701066,6578361,6622444,6558017,6605152,6601647,6574151,6658206,6550842,6649914,6589398,6504968,6613834,6586974,6520292,6556394,6514953,6535173,6414937
273,0,1,63,6739408,6713512,6590726,6634550,6570614,6617625,6614013,6587114,6670448,6562950,6661882,6602206,6517529,6626205,6599917,6533372,6569692,6527771,6547863,6427530
274,31,1,63,6727144,6701780,6578987,6622866,6558433,6605264,6602116,6574519,6658050,6551128,6649586,6590576,6505589,6614276,6587657,6520689,6557620,6514628,6535028,6415389
275,0,1,63,6738936,6712628,6590329,6634099,6569867,6617176,6613909,6586568,6670008,6562735,6662209,6602727,6517145,6625838,6599517,6533152,6569378,6527076,6547450,6426682
276,31,1,63,6726235,6699226,6578182,6622220,6558412,6604070,6601301,6573596,6657154,6550245,6648392,6589293,6504703,6612790,6587039,6520061,6556233,6513907,6534515,6413807
277,0,1,63,6739691,6712437,6591433,6635594,6570698,6617616,6614343,6587114,6670555,6563773,6661817,6602821,6518165,6626654,6600802,6533804,6569940,6527671,6547969,6427129
278,31,1,63,6726787,6700769,6578668,6623345,6558159,6605824,6601722,6574780,6658177,6550049,6648677,6590624,6505172,6613692,6586793,6520556,6556443,6514316,6535040,6414895
279,0,1,63,6738607,6712290,6590609,6634753,6569412,6618047,6613313,6586700,6669520,6562645,6661220,6602752,6517481,6624265,6598802,6532805,6568709,6526486,6546698,6426930
280,31,1,63,6726726,6700298,6578409,6622119,6557570,6606059,6601531,6574397,6656637,6550028,6648586,6590353,6505100,6612790,6587233,6520010,6556452,6514027,6534171,6414767
281,0,1,63,6738670,6712100,6590491,6634094,6569773,6618374,6613704,6586008,6669786,6562812,6661452,6602467,6517415,6626128,6599244,6532467,6569557,6527109,6546922,6426788
282,31,1,63,6726217,6699200,6578193,6621784,6557934,6605694,6601422,6573909,6657275,6549488,6648228,6590139,6504585,6612725,6586614,6519113,6556268,6513406,6533594,6414488
283,0,1,63,6739087,6712893,6590977,6634914,6571250,6618658,6614342,6587724,6670487,6562908,6661779,6603043,6518129,6626642,6600611,6532984,6569699,6526672,6547371,6427503
284,31,1,63,6726686,6699921,6578855,6621744,6557994,6605430,6601711,6574489,6657671,6549274,6648245,6590298,6505176,6613306,6586518,6519574,6556035,6513791,6534663,6414625
285,0,1,63,6740059,6712888,6591194,6635153,6570860,6618193,6615137,6587956,6670951,6562406,6662583,6604013,6517902,6626681,6599619,6533017,6569442,6527518,6548342,6428168
286,31,1,63,6727596,6700190,6579180,6623249,6558019,6605830,6601949,6575727,6658180,6549349,6649773,6591685,6504594,6614270,6587195,6521219,6556019,6513751,6535100,6415170
287,0,1,63,6738462,6711501,6590223,6633580,6569592,6617457,6613406,6586641,6669564,6561143,6660951,6602655,6515969,6624780,6599148,6532441,6568448,6525887,6545975,6426833
288,31,1,63,6727283,6699556,6578823,6621405,6558525,6605979,6601805,6575168,6658002,6549336,6649165,6590663,6504021,6613264,6586307,6520199,6556239,6514104,6533625,6414924
289,0,1,63,6738620,6711661,6590195,6633300,6569706,6618002,6614122,6587087,6670039,6561568,6661290,6603145,6516294,6625407,6597538,6532567,6568055,6526198,6546395,6425961
290,31,1,63,6726174,6699576,6577582,6621176,6556929,6605324,6601433,6574296,6657628,6548366,6648046,6590232,6503830,6612860,6585032,6519590,6555745,6513383,6533321,6413490
291,0,1,63,6739663,6713260,6590692,6634526,6570618,6618280,6614664,6587655,6670505,6561278,6662287,6603248,6517248,6626283,6599424,6533906,6569969,6526737,6547317,6426508
292,31,1,63,6726499,6700062,6577831,6622114,6557895,6606081,6601765,6574751,6657353,6548916,6648943,6589884,6504442,6613597,6586423,6520345,6556038,6513469,6534585,6414078
293,0,1,63,6738972,6711873,6590240,6634569,6569649,6618432,6614207,6587551,6670680,6562200,6662451,6602744,6516556,6626029,6600020,6533635,6569517,6526893,6548365,6426929
294,31,1,63,6726142,6699246,6578604,6621854,6557591,6605826,6601977,6574063,6657801,6549070,6649076,6590557,6504053,6612878,6586606,6520149,6556073,6513637,6534145,6413922
295,0,1,63,6738632,6712436,6591234,6634923,6569428,6618229,6613697,6586983,6670535,6561857,6661842,6603790,6516543,6625006,6599555,6533155,6569243,6526724,6546861,6426322
296,31,1,63,6726440,6699771,6578406,6622646,6557078,6605882,6601624,6574564,6657528,6548792,6648501,6590536,6504222,6612993,6586912,6519739,6556145,6513965,6534517,6413798
297,0,1,63,6737604,6711643,6589659,6634439,6569299,6617577,6613625,6586689,6669321,6561353,6660990,6603164,6515910,6624732,6598560,6531782,6568505,6526016,6546550,6426050
298,31,1,63,6725436,6700449,6578440,6622259,6557732,6605560,6602028,6574618,6657486,6548603,6648747,6590362,6503914,6612448,6587031,6519189,6555859,6513930,6534256,6414260
299,0,1,63,6737134,6712451,6590195,6634646,6569393,6617540,6614001,6587007,6670232,6561501,6660827,6603382,6516611,6625943,6599531,6531886,6569016,6526407,6547512,6427008
300,31,1,63,6726242,6700547,6578677,6622778,6557627,6605589,6601888,6574610,6657877,6549323,6648871,6590811,6504999,6613783,6587608,6519744,6556174,6514430,6535250,6415513
301,0,1,63,6737800,6712166,6589905,6634152,6568320,6617290,6613627,6586632,6669761,6561991,6660689,6602285,6517014,6625753,6598896,6532298,6568416,6526091,6547140,6426626
302,31,1,63,6727471,6701389,6579058,6623364,6558155,6606158,6602474,6575342,6658784,6550495,6649421,6590839,6505388,6614988,6588057,6519967,6556156,6514613,6535247,6415239
303,0,1,63,6738044,6712907,6590630,6635269,6569303,6617262,6614035,6587110,6670345,6562031,6660794,6602703,6517131,6625985,6599903,6532349,6568083,6526657,6547290,6426572
304,31,1,63,6725349,6700520,6578469,6622222,6556426,6604258,6600464,6574292,6657711,6549289,6648293,6589851,6504511,6612870,6586610,6518890,6555620,6513098,6533887,6413447
305,0,1,63,6737875,6711934,6590659,6634628,6568642,6616718,6612589,6586481,6670437,6562329,6661184,6602295,6517124,6625402,6598773,6531649,6569052,6526539,6547408,6425901
306,31,1,63,6725930,6700512,6578247,6622391,6557321,6604439,6601292,6574026,6657624,6549413,6648432,6589421,6505144,6612666,6586405,6518833,6556370,6513741,6534620,6414012
307,0,1,63,6738645,6712777,6591099,6634948,6570072,6617483,6613771,6587043,6671561,6562366,6661912,6602451,6517425,6626311,6599015,6531686,6569312,6527110,6547713,6426441
308,31,1,63,6725842,6700390,6578507,6622468,6557037,6605040,6600660,6574690,6658798,6548685,6648435,6589058,6504854,6613727,6586238,6518366,6556273,6513871,6534459,6413810
309,0,1,63,6738072,6713345,6591196,6635192,6569495,6617549,6613531,6587385,6671251,6562300,6661594,6602568,6517636,6625886,6599283,6531940,6569059,6526724,6548069,6426697
310,31,1,63,6725635,6700222,6578192,6622709,6556998,6604675,6600757,6574146,6657492,6549338,6648466,6589711,6504409,6612915,6586243,6518943,6555290,6514156,6534355,6413804
311,0,1,63,6738802,6712868,6590149,6635170,6569728,6617684,6614501,6586717,6670506,6562204,6661691,6602133,6517145,6625599,6599939,6531913,6568708,6527762,6547966,6427100
312,31,1,63,6726257,6700497,6578020,6622610,6557168,6605070,6601791,6574102,6657464,6548502,6648642,6590298,6504269,6612268,6586175,6519154,6555960,6514604,6534730,6414267
313,0,1,63,6738910,6712558,6590117,6634715,6569212,6617728,6613856,6585942,6670586,6561738,6660784,6602688,6516414,6625410,6599390,6532801,6569005,6527512,6547442,6427183
314,31,1,63,6726537,6700655,6578726,6622026,6557028,6606100,6601693,6574745,6658009,6549183,6648461,6590625,6504431,6613856,6586153,6519564,6556486,6514583,6535167,6414448
315,0,1,63,6738839,6714105,6590901,6635218,6569510,6618203,6614180,6587538,6671076,6562145,6661473,6603617,6516984,6627041,6598700,6533390,6568904,6528324,6547528,6427715
316,31,1,63,6726103,6700694,6578940,6622686,6557401,6605321,6601423,6574008,6658117,6549097,6648128,6590250,6504353,6613663,6585552,6520404,6555096,6514686,6533885,6414712
317,0,1,63,6738465,6711719,6590443,6633850,6569454,6617329,6613351,6585463,6670841,6561341,6660684,6602285,6516169,6625670,6597815,6533158,6568437,6526997,6547005,6426913
318,31,1,63,6726833,6699963,6578359,6621856,6556758,6605617,6601832,6573773,6658146,6549737,6648238,6589773,6504132,6613483,6585544,6520128,6555856,6514463,6534501,6414373
319,0,1,63,6739554,6713096,6590848,6635135,6570021,6618303,6614616,6586864,6671403,6562852,6661729,6602991,6517734,6627288,6599281,6533925,6569697,6527556,6548244,6427582
320,31,1,63,6727252,6700909,6578143,6621852,6557350,6606103,6601650,6574389,6657746,6549861,6648757,6590402,6505240,6613767,6585809,6520677,6555839,6514214,6535077,6414849
321,0,1,63,6739833,6713698,6590433,6634242,6569694,6619223,6614384,6587342,6670929,6562795,6662062,6603091,6517749,6626537,6599160,6534126,6569264,6527417,6547946,6428015
322,31,1,63,6727432,6701098,6579127,6622890,6557959,6606591,6602260,6574194,6658174,6549762,6649790,6590439,6505430,6614690,6585988,6520890,6556528,6514211,6534805,6414489
323,0,1,63,6739780,6712684,6591350,6635137,6570431,6618991,6614712,6586854,6670261,6562146,6662305,6603298,6517610,6626144,6599611,6532788,6569641,6527252,6547148,6427096
324,31,1,63,6728410,6701233,6580108,6623273,6560365,6607386,6604268,6575448,6659273,6551174,6650033,6591499,6506274,6615115,6587448,6521154,6557806,6514878,6535289,6415145
325,0,1,63,6739509,6713269,6591664,6635356,6571255,6618865,6615486,6587320,6671254,6563276,6661871,6603418,6518387,6627336,6599425,6533423,6569884,6527691,6547470,6426885
326,31,1,63,6726710,6699971,6578175,6621711,6557641,6605709,6601645,6574016,6658391,6549730,6648130,6589658,6504903,6613081,6586245,6519825,6555755,6513955,6533798,6413702
327,0,1,63,6740073,6713867,6592702,6635336,6571297,6619196,6615805,6588064,6671667,6563563,6662489,6603731,6518439,6627045,6600399,6533679,6569906,6528256,6547525,6427204
328,31,1,63,6727054,6700707,6579965,6622369,6558813,6605748,6602599,6574756,6658336,6549969,6649058,6590443,6505106,6614238,6586800,6520695,6556386,6515026,6534150,6413825
329,0,1,63,6739559,6713305,6592267,6634985,6570429,6618337,6615367,6587496,6671510,6562464,6662191,6603097,6517640,6626626,6600174,6533667,6569862,6527685,6546381,6426061
330,31,1,63,6727616,6701181,6579526,6622473,6558344,6605793,6602267,6575191,6658075,6549230,6648673,6590318,6505158,6613678,6587207,6519943,6556848,6514526,6533649,6413825
331,0,1,63,6739705,6712922,6591846,6634661,6570456,6617412,6614558,6587527,6670417,6562257,6661849,6603267,6517528,6626506,6599921,6533106,6569637,6527263,6546773,6426406
332,31,1,63,6728489,6701630,6580223,6624283,6558430,6606154,6602990,6575872,6658842,6550794,6650382,6591443,6506267,6614845,6587927,6521220,6557172,6515774,6535427,6415313
333,0,1,63,6738906,6712987,6591153,6635257,6569815,6617993,6614507,6587679,6670606,6562124,6662228,6602819,6518218,6626838,6599976,6533451,6569665,6527342,6547352,6426775
334,31,1,63,6727662,6701525,6580068,6623223,6558636,6606224,6602617,6575973,6659151,6550770,6649932,6590596,6506284,6615512,6588730,6520929,6557362,6515605,6535172,6415320
335,0,1,63,6739410,6713421,6591494,6634794,6570538,6618090,6614544,6587734,6670723,6562238,6662178,6602719,6517922,6626854,6600587,6533080,6569357,6528146,6547383,6427232
336,31,1,63,6726890,6700972,6578971,6622581,6557630,6605379,6601723,6575000,6657260,6549268,6648810,6590425,6505351,6614284,6587480,6519330,6555181,6514830,6534533,6414202
337,0,1,63,6739859,6713431,6592214,6635312,6570577,6619224,6614687,6588951,6671381,6562600,6663408,6604029,6518570,6627423,6601013,6534117,6569188,6528315,6548809,6427516
338,31,1,63,6726607,6700772,6579113,6622536,6558240,6606219,6602227,6575550,6658025,6549721,6650274,6590993,6505517,6614990,6588065,6520304,6555908,6514869,6534960,6414096
339,0,1,63,6738758,6712272,6590493,6634667,6570312,6617423,6614344,6587191,6669846,6562203,6662244,6602703,6517237,6627045,6598944,6532818,6568627,6527871,6547244,6426527
340,31,1,63,6725674,6698771,6577211,6621065,6557648,6604721,6600908,6573763,6657141,6547984,6648453,6589430,6504060,6613676,6585709,6519054,6555032,6513777,6533283,6413622
341,0,1,63,6738884,6712192,6590956,6634581,6570361,6618027,6614433,6586527,6670569,6561315,6661771,6602944,6517557,6627062,6598306,6532574,6568386,6527728,6546948,6427029
342,31,1,63,6726529,6699480,6578445,6622373,6558305,6605447,6601795,6574745,6657918,6548609,6648877,6590171,6504948,6613593,6586153,6518429,6556069,6514658,6533971,6414334
343,0,1,63,6739071,6712259,6591069,6634799,6571510,6617748,6614083,6587459,6670896,6561070,6662376,6603253,6517589,6627112,6598780,6532718,6569336,6527947,6547597,6427239
344,31,1,63,6726100,6699544,6578347,6622098,6557559,6604886,6601164,6573861,6658072,6548309,6648502,6589233,6504086,6613873,6585481,6518823,6555872,6514409,6534009,6413414
345,0,1,63,6739216,6712095,6591221,6634247,6570426,6617160,6613936,6587466,6671442,6561242,6661582,6602554,6517304,6626968,6600387,6532068,6569614,6526963,6547283,6426237
346,31,1,63,6726304,6699986,6578837,6621524,6557436,6604776,6601369,6573719,6657932,6548452,6648487,6589348,6504919,6614227,6586755,6518281,6555896,6513557,6534776,6413778
347,0,1,63,6739152,6712070,6591502,6634562,6570484,6617487,6613943,6587003,6670948,6561907,6661791,6602150,6517058,6626759,6599622,6531372,6569252,6527156,6548749,6426520
348,31,1,63,6726285,6699408,6578849,6622299,6557278,6604287,6601753,6574219,6658038,6548899,6649093,6589455,6504604,6614102,6586158,6518453,6556087,6514414,6535145,6412926
349,0,1,63,6738654,6711721,6590778,6634490,6570040,6616993,6614388,6587470,6670424,6561211,6661737,6601955,6517229,6626680,6599900,6531345,6569295,6526970,6547447,6425346
350,31,1,63,6727037,6700230,6578447,6622081,6557749,6604632,6601607,6575255,6658159,6548531,6649483,6589787,6504938,6613838,6587578,6518887,6556177,6514577,6535295,6413608
351,0,1,63,6739681,6713097,6591006,6634858,6570393,6617535,6614124,6587186,6670889,6561835,6662756,6602789,6517774,6627365,6600096,6532184,6569495,6528136,6548501,6426479
352,31,1,63,6727456,6700899,6579089,6622711,6557990,6605450,6601319,6574983,6658335,6549858,6649665,6590408,6505547,6614727,6586838,6519761,6556572,6515214,6536038,6414414
353,0,1,63,6738777,6713405,6591639,6634909,6570281,6618090,6614387,6587003,6671218,6562465,6662645,6603161,6518033,6626996,6600531,6532696,6569650,6527822,6548576,6427391
354,31,1,63,6727028,6701126,6579479,6623095,6557925,6606304,6602058,6575122,6658723,6550214,6650102,6590602,6506116,6615480,6587459,6519675,6557012,6515031,6535858,6414823
355,0,1,63,6738992,6712834,6590896,6634211,6569838,6618057,6614272,6587201,6671178,6562291,6662022,6602543,6517473,6627448,6600391,6531717,6569578,6527644,6547691,6426897
356,31,1,63,6727730,6700897,6579904,6622572,6557822,6605920,6602173,6574889,6658647,6549688,6650225,6590804,6505268,6614762,6587634,6519196,6557253,6515289,6534794,6414887
357,0,1,63,6738871,6712718,6591263,6634286,6569530,6618293,6613361,6586877,6670909,6561483,6662165,6603363,6517381,6627181,6599948,6531952,6569389,6527335,6547141,6426611
358,31,1,63,6726550,6700358,6578767,6622497,6557326,6606215,6601186,6574122,6658419,6548928,6649404,6590369,6505438,6614349,6586906,6519317,6556006,6514693,6533985,6414574
359,0,1,63,6738401,6712202,6590658,6635091,6569191,6618717,6613575,6587182,6671510,6562267,6660802,6602306,6517801,6626441,6599442,6531694,6569339,6527811,6545857,6426268
360,31,1,63,6727745,6700870,6579385,6624125,6558743,6606393,6602050,6575765,6659307,6550039,6649444,6590783,6505630,6614770,6587243,6519788,6556876,6515990,6534344,6415692
361,0,1,63,6739784,6713237,6591822,6636451,6570514,6618448,6614723,6588637,6672485,6562689,6662711,6603715,6517922,6628043,6599608,6532846,6570227,6529348,6547874,6427637
362,31,1,63,6727298,6700441,6579346,6623116,6557170,6606117,6601679,6575388,6659310,6549751,6649802,6590698,6504885,6615016,6587274,6519838,6555737,6515732,6534720,6414736
363,0,1,63,6740263,6713477,6592173,6636015,6569660,6618916,6614379,6587504,6671639,6562206,6662658,6602910,6518030,6627738,6600095,6533031,6568303,6528333,6547041,6427091
364,31,1,63,6727012,6700727,6579636,6623330,6557543,6606159,6601833,6574971,6658888,6549196,6649429,6590307,6504885,6614993,6586401,6519974,6554982,6515458,6533688,6414338
365,0,1,63,6740020,6713438,6591808,6635425,6569759,6618759,6613920,6586995,6671780,6562253,6663118,6602952,6518074,6627593,6600172,6533108,6568656,6528169,6547256,6426792
366,31,1,63,6726976,6700216,6578871,6622140,6556866,6605846,6600835,6574958,6658537,6548470,6648986,6589428,6505155,6614707,6585549,6519045,6554737,6514874,6534145,6413364
367,0,1,63,6738770,6712173,6591437,6635205,6570516,6617944,6613166,6586758,6670617,6561659,6661527,6601802,6516911,6625947,6598165,6532219,6567888,6527327,6547093,6426211
368,31,1,63,6726273,6699599,6578832,6620868,6557083,6604744,6600762,6574048,6657774,6548667,6647819,6589024,6504249,6612478,6584670,6518452,6553878,6514181,6533718,6412728
369,0,1,63,6739547,6712896,6592164,6634035,6570100,6617923,6614246,6588068,6671635,6562729,6661932,6602524,6516994,6625995,6600113,6533151,6568927,6528306,6547997,6426814
370,31,1,63,6727392,6700037,6579635,6621245,6557183,6604701,6600460,6574921,6658391,6549021,6649344,6589371,6504956,6613014,6586639,6519407,6555428,6515344,6534335,6414111
371,0,1,63,6739078,6711878,6591537,6633390,6569421,6617311,6613031,6586945,6671385,6561103,6661970,6601904,6517369,6624890,6598935,6532314,6568380,6528239,6547204,6426853
372,31,1,63,6727089,6700073,6579945,6621417,6557590,6604784,6601577,6575273,6659030,6548795,6649510,6590251,6505127,6612063,6586811,6519702,6555723,6515440,6534962,6414899
373,0,1,63,6739593,6712379,6591927,6634953,6569888,6617424,6613774,6587216,6670959,6562153,6661970,6602809,6517224,6625094,6599354,6532684,6568197,6527986,6547479,6426847
374,31,1,63,6727496,6700411,6580127,6622834,6558480,6605757,6601933,6575528,6659414,6549313,6649431,6590364,6505197,6612972,6586715,6520228,6555877,6516193,6535212,6415007
375,0,1,63,6739013,6711820,6592353,6635087,6570092,6617124,6614034,6587844,6671123,6561546,6662010,6602378,6517107,6624959,6599355,6532397,6568405,6528197,6547051,6426693
376,31,1,63,6727337,6699628,6579792,6622911,6558192,6604513,6601346,6575075,6658625,6549354,6649154,6589920,6504953,6613050,6586911,6519462,6555601,6515119,6534107,6414431
377,0,1,63,6739848,6712604,6592575,6636182,6570274,6617728,6614652,6588447,6671522,6562315,6662124,6602804,6518101,6626542,6600267,6533020,6568381,6528629,6547372,6427187
378,31,1,63,6726505,6700047,6579730,6622999,6557697,6604590,6601291,6575348,6658385,6549413,6649215,6589519,6504923,6613628,6586997,6519957,6554586,6514958,6534516,6413530
379,0,1,63,6738964,6712578,6591709,6635690,6570107,6616709,6613366,6587628,6670991,6561868,6662053,6601847,6517496,6626848,6600153,6532627,6568027,6527633,6547841,6426853
380,31,1,63,6726647,6699209,6578862,6622789,6557357,6604167,6601061,6574833,6658067,6548373,6648948,6588969,6505050,6613264,6587151,6519167,6555227,6514799,6534538,6414325
381,0,1,63,6738619,6711403,6591071,6635865,6569388,6616761,6613478,6587194,6670719,6560916,6661758,6601228,6517550,6626171,6599428,6531994,6568232,6527606,6547006,6426224
382,31,1,63,6726467,6699614,6579296,6623128,6557269,6604918,6601191,6574487,6658191,6547734,6649330,6589348,6505034,6613253,6586793,6519603,6555518,6514130,6534421,6414104
383,0,1,63,6739073,6711902,6591725,6635691,6569534,6617751,6614072,6586750,6670990,6561332,6662615,6602082,6516966,6626706,6599540,6532745,6568064,6527462,6547537,6426606
384,31,1,63,6727473,6700643,6579583,6623347,6557806,6605959,6601921,6574858,6658049,6548938,6650432,6589837,6505608,6614577,6587447,6520516,6555078,6515730,6535512,6414868
385,0,1,63,6739469,6711936,6591923,6635161,6570298,6618200,6614242,6586934,6670327,6561196,6662253,6602018,6517941,6626359,6599461,6532817,6568429,6527606,6547744,6427347
386,31,1,63,6726933,6699751,6579551,6622969,6558361,6605990,6601812,6575371,6658690,6548844,6649257,6589877,6506134,6614535,6587452,6520172,6555469,6514698,6534746,6415175
387,0,1,63,6739238,6712276,6591834,6635564,6570479,6618085,6614552,6587916,6671546,6561042,6662300,6603231,6518663,6626900,6599953,6533150,6568951,6528301,6548074,6427848
388,31,1,63,6726997,6699492,6578941,6622731,6557325,6605848,6601411,6574979,6658695,6548496,6649185,6590123,6505925,6614237,6587754,6520127,6555895,6515109,6534669,6414610
389,0,1,63,6740143,6712732,6591423,6635470,6569655,6618599,6614671,6587207,6671463,6561378,6662787,6603346,6518341,6626440,6600998,6533190,6569638,6528033,6547751,6427229
390,31,1,63,6727278,6699658,6578392,6622530,6556726,6605308,6601546,6574691,6657986,6547943,6649074,6589796,6505315,6613007,6587269,6519280,6555631,6515163,6534756,6413803
391,0,1,63,6739011,6712351,6591852,6635609,6569657,6618108,6614148,6587779,6671000,6561734,6662308,6603112,6517639,6626584,6599297,6533186,6569069,6528388,6547683,6427001
392,31,1,63,6726571,6699809,6579046,6622838,6557533,6605448,6601000,6574813,6657991,6548496,6648818,6589846,6505141,6613185,6586805,6519834,6556064,6515316,6534478,6414122
393,0,1,63,6738516,6711867,6590782,6635145,6570081,6617918,6613316,6587691,6671145,6560641,6661873,6602017,6517149,6626163,6599086,6532919,6569188,6528270,6547380,6427098
394,31,1,63,6726582,6699866,6578348,6622906,6557739,6604926,6601683,6574551,6658239,6547977,6649650,6589652,6504625,6613398,6586333,6519495,6556028,6514965,6534738,6413603
395,0,1,63,6739213,6711768,6591237,6635353,6569349,6616955,6614088,6586991,6670834,6560845,6661995,6602083,6517326,6625831,6598975,6532466,6568968,6526779,6547225,6426589
396,31,1,63,6726892,6699411,6579159,6622821,6557168,6604302,6600874,6575027,6658259,6547791,6649024,6589570,6504670,6613058,6587440,6519394,6555183,6514012,6535092,6414081
397,0,1,63,6739837,6712134,6591824,6636269,6569304,6618016,6613700,6587361,6671231,6561303,6662671,6602539,6517554,6625655,6600070,6533476,6569003,6527655,6548023,6426886
398,31,1,63,6727129,6698898,6578932,6623515,6556999,6604866,6600685,6574543,6657915,6548306,6649720,6590368,6504543,6612319,6586152,6519468,6555809,6514164,6535046,6413639
399,0,1,63,6738446,6711400,6590796,6635109,6569951,6617141,6612555,6586801,6670984,6560801,6662437,6603054,6518508,6625550,6598173,6532730,6568272,6527353,6547493,6426496
400,31,1,63,6726043,6698557,6579034,6622835,6557365,6605277,6599547,6574354,6658209,6548167,6649721,6589900,6505611,6612541,6586095,6519215,6555592,6513685,6534745,6414018
401,0,1,63,6737714,6710635,6590925,6634097,6568984,6616495,6611372,6586449,6670074,6559926,6661167,6601769,6516714,6625256,6598289,6531847,6567937,6526225,6546398,6425919
402,31,1,63,6725696,6699188,6578763,6622398,6557167,6605525,6600020,6574837,6657709,6547789,6649537,6589675,6505115,6613075,6586009,6519285,6555184,6513869,6534697,6413754
403,0,1,63,6738298,6711674,6590715,6634808,6570013,6617686,6612204,6587469,6670453,6559991,6662895,6602232,6517661,6625412,6598321,6532430,6568269,6526274,6546925,6426581
404,31,1,63,6725737,6699020,6578482,6622952,6557974,6605155,6600080,6574408,6657493,6547455,6649745,6588980,6504949,6613018,6587007,6519361,6555134,6513403,6533900,6413550
405,0,1,63,6737386,6711726,6590369,6634751,6569497,6617495,6612135,6586789,6669916,6559855,6661386,6601785,6516653,6625141,6598679,6531491,6567430,6525887,6546585,6426309
406,31,1,63,6724760,6699916,6578616,6621896,6557667,6605278,6599161,6574177,6657259,6547266,6648888,6589325,6504522,6612325,6586356,6518636,6554713,6513246,6534118,6412970
407,0,1,63,6737535,6711959,6590406,6634610,6569768,6617251,6611943,6586750,6669637,6559968,6662027,6602078,6516780,6625177,6599223,6532020,6567639,6526689,6547336,6426496
408,31,1,63,6725238,6699043,6577887,6621127,6556659,6604328,6598901,6573475,6657492,6546840,6648669,6588902,6503804,6611397,6586121,6518748,6554643,6513975,6533907,6413108
409,0,1,63,6737560,6711832,6590797,6634900,6568687,6617436,6611984,6586993,6670607,6560169,6661907,6602617,6516441,6625601,6599200,6532418,6568219,6526386,6547352,6426335
410,31,1,63,6725677,6699952,6578714,6622937,6556544,6605521,6600498,6574669,6658150,6547827,6648851,6589940,6504747,6611540,6587201,6518943,6555615,6513621,6534500,6413525
411,0,1,63,6738117,6710997,6590442,6634212,6568947,6617182,6612013,6586464,6670420,6560573,6661554,6601730,6516433,6623948,6599033,6532241,6567833,6526665,6546269,6425282
412,31,1,63,6727127,6699569,6580167,6623279,6557645,6606074,6600976,6575154,6659305,6548926,6649513,6590356,6505181,6612955,6587555,6520609,6555400,6515358,6535273,6414357
413,0,1,63,6738057,6710573,6591548,6634764,6569118,6617274,6612435,6586582,6670111,6560737,6661526,6601396,6516367,6625552,6599427,6531910,6567673,6527081,6546988,6425632
414,31,1,63,6724989,6698244,6579141,6622834,6557763,6605092,6599955,6574259,6657866,6548542,6648412,6588821,6504071,6612727,6587384,6518702,6555792,6514290,6533830,6412629
415,0,1,63,6737101,6709763,6590714,6634675,6569007,6616977,6612460,6586426,6670424,6560412,6661172,6601360,6517081,6623868,6599158,6532176,6568186,6526523,6546743,6424742
416,31,1,63,6724988,6697302,6578729,6623020,6556734,6604898,6600258,6574228,6657758,6547655,6648450,6588857,6504472,6611353,6587198,6518912,6555193,6513958,6534111,6412517
417,0,1,63,6736807,6709853,6590742,6634785,6568825,6616817,6612405,6586032,6670027,6560568,6661114,6601004,6516955,6624188,6599803,6530950,6567450,6526623,6546963,6424249
418,31,1,63,6726064,6699098,6579769,6622631,6557654,6605483,6600985,6574744,6658174,6548920,6649021,6589664,6505686,6613328,6587652,6519628,6555669,6514175,6534637,6413230
419,0,1,63,6739094,6711338,6591250,6635833,6570584,6617555,6614306,6587854,6671528,6561248,6662408,6602611,6517966,6626994,6600116,6532714,6569223,6527637,6547789,6426476
420,31,1,63,6725562,6699435,6578965,6623217,6558180,6605439,6601989,6574227,6658337,6548220,6648979,6589362,6505028,6613782,6587010,6518927,6555393,6513790,6534028,6413396
421,0,1,63,6737732,6711898,6591686,6635330,6570674,6617232,6613590,6586970,6670890,6561351,6661442,6601259,6517902,6625865,6600423,6531917,6567954,6526212,6547376,6425924
422,31,1,63,6725926,6699840,6578668,6622619,6558055,6605021,6601292,6574967,6658481,6548261,6648718,6588516,6505726,6613098,6587601,6519089,6554996,6513688,6534796,6413441
423,0,1,63,6739300,6712308,6591715,6636041,6570639,6618038,6614238,6587085,6671321,6561182,6662545,6602187,6517920,6626052,6600401,6532632,6568581,6526706,6547899,6426754
424,31,1,63,6726957,6699228,6579355,6623699,6558438,6605770,6601842,6574395,6658498,6548908,6650058,6589842,6505499,6612990,6588165,6520067,6555812,6514522,6535103,6414572
425,0,1,63,6738734,6711297,6590822,6635808,6569594,6618312,6613925,6586420,6670465,6560848,6662006,6601495,6516736,6625528,6600043,6532453,6569137,6527212,6546908,6425910
426,31,1,63,6726995,6698814,6578682,6623250,6557725,6605770,6602007,6574708,6658288,6548217,6649732,6588912,6504921,6613133,6588023,6519618,6555574,6514201,6533734,6413982
427,0,1,63,6739306,6711678,6591054,6635248,6570010,6617372,6614802,6587331,6671011,6561888,6662413,6601965,6518007,6625869,6600290,6533050,6569150,6527602,6546692,6427030
428,31,1,63,6726838,6699600,6578939,6623042,6557993,6605261,6601830,6574867,6658670,6549092,6650273,6589213,6505308,6614102,6587592,6520239,6555907,6514922,6533787,6413903
429,0,1,63,6739366,6712130,6591633,6635988,6571347,6618721,6615456,6587827,6671726,6561969,6663169,6602908,6518295,6626788,6601056,6534106,6569206,6528315,6547836,6427498
430,31,1,63,6726849,6699355,6578627,6622623,6558141,6605226,6601852,6574440,6658444,6548718,6649406,6589564,6505452,6613297,6586879,6519970,6555797,6513920,6534483,6414315
431,0,1,63,6739231,6712237,6591114,6635504,6570259,6617774,6614184,6587406,6670172,6560572,6662429,6602261,6517552,6625478,6600346,6532899,6569103,6527850,6547219,6427446
432,31,1,63,6726806,6699644,6579721,6623591,6558015,6606052,6602396,6574886,6658045,6548773,6650026,6590137,6505371,6612529,6588336,6520658,6556234,6515441,6535590,6415404
433,0,1,63,6738802,6711635,6590538,6634754,6568965,6617525,6613335,6586442,6669866,6560262,6662034,6601944,6517055,6624232,6599765,6532414,6567927,6526720,6547102,6426787
434,31,1,63,6726587,6699529,6578944,6622186,6556989,6604991,6601204,6573787,6657375,6547647,6649388,6589254,6504293,6611845,6586754,6519610,6554444,6514249,6534478,6413808
435,0,1,63,6738690,6712078,6591061,6634668,6569325,6617873,6613334,6586973,6670016,6560484,6662391,6601894,6517073,6624568,6598861,6532230,6567777,6527475,6547085,6427040
436,31,1,63,6726235,6700396,6579176,6622365,6557870,6605708,6601090,6574628,6657664,6547788,6649590,6589500,6504944,6611809,6588024,6519770,6555465,6514194,6534645,6414661
437,0,1,63,6739082,6712222,6591339,6635588,6569140,6618286,6613489,6587577,6670197,6560499,6663030,6602373,6517322,6623538,6599731,6532696,6569175,6527033,6548074,6427077
438,31,1,63,6726502,6699143,6578430,6622883,6556637,6604480,6600706,6573542,6657672,6547167,6649309,6589014,6504713,6611896,6586848,6519533,6555958,6513799,6533987,6414212
439,0,1,63,6739007,6711876,6591040,6635729,6569536,6617659,6613946,6586619,6671027,6560064,6662460,6602649,6517709,6624629,6599135,6532895,6569015,6527190,6547032,6426874
440,31,1,63,6725896,6699274,6578656,6623411,6556576,6604647,6600322,6573641,6657966,6547218,6648907,6588968,6504373,6611376,6585534,6518784,6555472,6513122,6533330,6413817
441,0,1,63,6738575,6711817,6591209,6635796,6569153,6617419,6613128,6586881,6670725,6560917,6662830,6601855,6517372,6624041,6598838,6532135,6568617,6526679,6546758,6427321
442,31,1,63,6725886,6699653,6579491,6623304,6556968,6605284,6601097,6574663,6657606,6548499,6649528,6589314,6504905,6611973,6586373,6519795,6555313,6513576,6534393,6414887
443,0,1,63,6739342,6712089,6591663,6635996,6569393,6617892,6614348,6587103,6671076,6561028,6662554,6602455,6517436,6626491,6600067,6533207,6568126,6527076,6548029,6428082
444,31,1,63,6726640,6700173,6579016,6622795,6556822,6605301,6601483,6574145,6658397,6548084,6649472,6589370,6505065,6613404,6586633,6519465,6555392,6514374,6534264,6414400
445,0,1,63,6738787,6712716,6591254,6635025,6569499,6617261,6613451,6586777,6670954,6561127,6663017,6602062,6518350,6625767,6599748,6532719,6568398,6527153,6547466,6427363
446,31,1,63,6726123,6699634,6578020,6621852,6556611,6605233,6601027,6574213,6657857,6547750,6649328,6588394,6504814,6612476,6585914,6519767,6554747,6513027,6534149,6414360
447,0,1,63,6739482,6713048,6590950,6634372,6569833,6618668,6613656,6588204,6670760,6560739,6663228,6602038,6517978,6625873,6599906,6533732,6568214,6526752,6548220,6428082
448,31,1,63,6725445,6700029,6577423,6621038,6556558,6605358,6600646,6574542,6657651,6548090,6649605,6588750,6504703,6612547,6586811,6519313,6553576,6513288,6534798,6413934
449,0,1,63,6738855,6712544,6590768,6635189,6569445,6618158,6613444,6587895,6670496,6561686,6663043,6602648,6518050,6626637,6600578,6533902,6568327,6527136,6548499,6427429
450,31,1,63,6726963,6700242,6579163,6623743,6557984,6605552,6601411,6575730,6658814,6548974,6650520,6589967,6505688,6614065,6587488,6521331,6556211,6514160,6535561,6415159
451,0,1,63,6739673,6713298,6590861,6636027,6569802,6617766,6614343,6588091,6671749,6562281,6663348,6603085,6518992,6627180,6600796,6534091,6569489,6527599,6548459,6428193
452,31,1,63,6726518,6700956,6579438,6623382,6557592,6605287,6601232,6575620,6658939,6549666,6650231,6590317,6506289,6613911,6587972,6521568,6556582,6514856,6535809,6415431
453,0,1,63,6739401,6713263,6591445,6635918,6569830,6617345,6614077,6588568,6672105,6562325,6663759,6602857,6518414,6625913,6600454,6534288,6568879,6527795,6548537,6427847
454,31,1,63,6726446,6700337,6578946,6622234,6557620,6604990,6601799,6575470,6659454,6549029,6650338,6589510,6504837,6613408,6587045,6521231,6555920,6514348,6534921,6414049
455,0,1,63,6739675,6711678,6590289,6635132,6569521,6617329,6613575,6587450,6671172,6561305,6663047,6602124,6516846,6625288,6599889,6533201,6568585,6526506,6547890,6426038
456,31,1,63,6727447,6699142,6578611,6623523,6557909,6605503,6601798,6575459,6658784,6549790,6650596,6589519,6505169,6613580,6588575,6520403,6555690,6514477,6535389,6414141
457,0,1,63,6739567,6711384,6590938,6635760,6570257,6617589,6613505,6587665,6671100,6561891,6662982,6602228,6517977,6626357,6600569,6534210,6568002,6527544,6547840,6426564
458,31,1,63,6727155,6699243,6578605,6623035,6557534,6605650,6601244,6575317,6658871,6549532,6649716,6589604,6505558,6613211,6588428,6521237,6555177,6514866,6534614,6414107
459,0,1,63,6738832,6711179,6590698,6635586,6569321,6617903,6613368,6587390,6669994,6562467,6662434,6601873,6517913,6625628,6600547,6533595,6567410,6527397,6547225,6426368
460,31,1,63,6726091,6698296,6577461,6622549,6556766,6604658,6601031,6573842,6656855,6548794,6648513,6588669,6504232,6612711,6586683,6519661,6553622,6513639,6533756,6413581
461,0,1,63,6738647,6711725,6589831,6635265,6569034,6617374,6613004,6586482,6669958,6561454,6661834,6601109,6516487,6625167,6599750,6533190,6567405,6526453,6546633,6425859
462,31,1,63,6726579,6700229,6578100,6623277,6557125,6605416,6601204,6574688,6657922,6549529,6649087,6588640,6504859,6612965,6588220,6520231,6555492,6513824,6534498,6414611
463,0,1,63,6739904,6712822,6590786,6636479,6569986,6617600,6613978,6587168,6670620,6562643,6662973,6601937,6517920,6625289,6600604,6534233,6569130,6527560,6548016,6427832
464,31,1,63,6727917,6700725,6578351,6624385,6558213,6605479,6601473,6574552,6658040,6549770,6650381,6589294,6505221,6613581,6587826,6521487,6556178,6515561,6535823,6414971
465,0,1,63,6739805,6712349,6590513,6635946,6569788,6617144,6612733,6587235,6670138,6561358,6663155,6601744,6517335,6625179,6600376,6533967,6568810,6527638,6548300,6427403
466,31,1,63,6727030,6698891,6577950,6622686,6557459,6604728,6600549,6573947,6657047,6548265,6649823,6588698,6503797,6611359,6586595,6520210,6555186,6514357,6534610,6414062
467,0,1,63,6739997,6711530,6590127,6635571,6569701,6617161,6614159,6587153,6670313,6561759,6663111,6601797,6517349,6625395,6600724,6533879,6569162,6527950,6547946,6427035
468,31,1,63,6727299,6699474,6578126,6623028,6557413,6604220,6600815,6573972,6657497,6548679,6650064,6588330,6504685,6612791,6587479,6520586,6555207,6514442,6534327,6413463
469,0,1,63,6739487,6711566,6590351,6634870,6569253,6617278,6612794,6586447,6670877,6561443,6662758,6601200,6516809,6625831,6599511,6533320,6568536,6527784,6547306,6427138
470,31,1,63,6725945,6698211,6576398,6622220,6556063,6604050,6599842,6573121,6657729,6548117,6648814,6587954,6503491,6612537,6586801,6519652,6554835,6513743,6533207,6414354
471,0,1,63,6739030,6710987,6589342,6635141,6569089,6617223,6613038,6586210,6670864,6561580,6662070,6601398,6516556,6625148,6600392,6532271,6567671,6526868,6546586,6427493
472,31,1,63,6726860,6699163,6578053,6622119,6557242,6605341,6600313,6574130,6658649,6548435,6649674,6588651,6504196,6613016,6587211,6519845,6555097,6514283,6533652,6414574
473,0,1,63,6739466,6711266,6589618,6634184,6569799,6618051,6613056,6586789,6671978,6561984,6662802,6601357,6517027,6625123,6600256,6533115,6568880,6527038,6546666,6427082
474,31,1,63,6727589,6699807,6578076,6622782,6558256,6605581,6601392,6574436,6659326,6549993,6650138,6589584,6505354,6613182,6588154,6519976,6555699,6514946,6534732,6414937
475,0,1,63,6739097,6711775,6589719,6634137,6569539,6616933,6612896,6585898,6671167,6561547,6661915,6601506,6517253,6625005,6600516,6532348,6568471,6527089,6546728,6425751
476,31,1,63,6726747,6699728,6577934,6621544,6557712,6604654,6600268,6574138,6658752,6549420,6649886,6588830,6505977,6612602,6587721,6518982,6555986,6514374,6533883,6413884
477,0,1,63,6738030,6711184,6589081,6633607,6569852,6617107,6612104,6586376,6670537,6561585,6661993,6601418,6517382,6624229,6599699,6531062,6568127,6526854,6546254,6425763
478,31,1,63,6726033,6699438,6577622,6621279,6557554,6604682,6599450,6573884,6657596,6549175,6649183,6588682,6505654,6611704,6587131,6518468,6555278,6513822,6534074,6413714
479,0,1,63,6739917,6713024,6590886,6634789,6570645,6618340,6614094,6587256,6671971,6562880,6663434,6602679,6518949,6625365,6600968,6532917,6569829,6527798,6548181,6427686
480,31,1,63,6727600,6700579,6578884,6621915,6558076,6605742,6601396,6575114,6659000,6549946,6650820,6589915,6506550,6612995,6587835,6520414,6556771,6515459,6534934,6415903
481,0,1,63,6739552,6712183,6590410,6633955,6569913,6617262,6612613,6586956,6670566,6561886,6663055,6601855,6517967,6624129,6600390,6532944,6568932,6527548,6546460,6428284
482,31,1,63,6726440,6699350,6577775,6621892,6556764,6604458,6599933,6573629,6657099,6549006,6649354,6589181,6504800,6611184,6586675,6519348,6555710,6514415,6533767,6414893
483,0,1,63,6739329,6711152,6590774,6634692,6569263,6617229,6613031,6586924,6669938,6561936,6662758,6602096,6517866,6623651,6599364,6533152,6569061,6527965,6547156,6427492
484,31,1,63,6726703,6698762,6577711,6622808,6556841,6604033,6600719,6573994,6657240,6548688,6649555,6589141,6505175,6611380,6585362,6519913,6556469,6515108,6534245,6414899
485,0,1,63,6739327,6710961,6589958,6635356,6569213,6617726,6613801,6586867,6670728,6561795,6662859,6601635,6518016,6624848,6598877,6532988,6569707,6527215,6547064,6426947
486,31,1,63,6727226,6699371,6578336,6622657,6557966,6605016,6600804,6574529,6658539,6548338,6650069,6589108,6505791,6612245,6586135,6520187,6556507,6515011,6534879,6415108
487,0,1,63,6739263,6712242,6590535,6635508,6570727,6617572,6613742,6587008,6671165,6562516,6662621,6602147,6518339,6625361,6600082,6533236,6569995,6527380,6547338,6427657
488,31,1,63,6726172,6699367,6578385,6622995,6557404,6605360,6601097,6574500,6658470,6548948,6649147,6589496,6505743,6611831,6587531,6519464,6556782,6514210,6533781,6415027
489,0,1,63,6739017,6711918,6590767,6634890,6570025,6617538,6613662,6587185,6671440,6562134,6662490,6601874,6518099,6624460,6600796,6532744,6569763,6527341,6547638,6427372
490,31,1,63,6727164,6700788,6579197,6622942,6558281,6605547,6601337,6575187,6659315,6550142,6650557,6589117,6505993,6613130,6587608,6519922,6557154,6515077,6534723,6415278
491,0,1,63,6739789,6712848,6591317,6635340,6570594,6618209,6613273,6587008,6672291,6562269,6662995,6601937,6518123,6625861,6600919,6533340,6570390,6527415,6547294,6428306
492,31,1,63,6727296,6700347,6578727,6622448,6558455,6605604,6601380,6574557,6659631,6548853,6650420,6589061,6505816,6614080,6587562,6519639,6557852,6515578,6534717,6415540
493,0,1,63,6740129,6712517,6590800,6635053,6570671,6617932,6613870,6586668,6672095,6562578,6663484,6602276,6518441,6626886,6600218,6533041,6570515,6528189,6547264,6428291
494,31,1,63,6727451,6699713,6578284,6621503,6557732,6604568,6601392,6574077,6658014,6549112,6650024,6589319,6505802,6613253,6587024,6519696,6555974,6514652,6533974,6415465
495,0,1,63,6740238,6713680,6591088,6634279,6570589,6617462,6613643,6587163,6671461,6562309,6663823,6602742,6518659,6626554,6600818,6533794,6569223,6528176,6547142,6428568
496,31,1,63,6727386,6700312,6577850,6621375,6557832,6604961,6600947,6574117,6658177,6548320,6649824,6589447,6505239,6612812,6587225,6520337,6556399,6514817,6534383,6414909
497,0,1,63,6739787,6712674,6590641,6634777,6570050,6617451,6613024,6586724,6671255,6561511,6662892,6602453,6518070,6625972,6599925,6533718,6569694,6527243,6547628,6427853
498,31,1,63,6727872,6700294,6579417,6623606,6558314,6605167,6601669,6574418,6659135,6549417,6650514,6590098,6505740,6613827,6587886,6520799,6556282,6515032,6535384,6414952
499,0,1,63,6739625,6712106,6590841,6635442,6570279,6617805,6613784,6586865,6671804,6561747,6662557,6601900,6518086,6626595,6599771,6533640,6569411,6527517,6547305,6427546
500,31,1,63,6727261,6700128,6579408,6623125,6558335,6605395,6601805,6574909,6658871,6549448,6650422,6590037,6504702,6613368,6587629,6520802,6556868,6514543,6534173,6415697
501,0,1,63,6741141,6713459,6592700,6636923,6571597,6619232,6614751,6588180,6672884,6562955,6664008,6603712,6519022,6626662,6601598,6535170,6570771,6528004,6548262,6429861
502,31,1,63,6727519,6699987,6579660,6622787,6558171,6604843,6600464,6574391,6658987,6548548,6650041,6589841,6505497,6613039,6586977,6520919,6556095,6514137,6534081,6415812
503,0,1,63,6739871,6712445,6591448,6634755,6570500,6616865,6613251,6586792,6671740,6561263,6662506,6601722,6517174,6625133,6600011,6533045,6569463,6526801,6546637,6426996
504,31,1,63,6727370,6699592,6579241,6622279,6558777,6605022,6600689,6574940,6659245,6548468,6649551,6589460,6505335,6613279,6586785,6520346,6556673,6514170,6534356,6414717
505,0,1,63,6739755,6711721,6591520,6634622,6570740,6617601,6613307,6587682,6671641,6561675,6662710,6602173,6517550,6625964,6599055,6533785,6569583,6526936,6547379,6427433
506,31,1,63,6726764,6699327,6579452,6621857,6557734,6605326,6600655,6575035,6658380,6548401,6649308,6589670,6504200,6613313,6585190,6520262,6556413,6514331,6534353,6415465
507,0,1,63,6739336,6711992,6592314,6634378,6570289,6618347,6613294,6587483,6671079,6561529,6662391,6602234,6516624,6625985,6598828,6533548,6569894,6527548,6547229,6428013
508,31,1,63,6727457,6699517,6580196,6622901,6558464,6605795,6601273,6575271,6659169,6548447,6648984,6589672,6504645,6612483,6587594,6520796,6556600,6515016,6534858,6415822
509,0,1,63,6739120,6711463,6590899,6633905,6570180,6617698,6613672,6586597,6670933,6560649,6661388,6601461,6516722,6624532,6599736,6532771,6568268,6527049,6547726,6427276
510,31,1,63,6727346,6700058,6579913,6622285,6558222,6604439,6601180,6574711,6658539,6548506,6649433,6590108,6504831,6612910,6587154,6520368,6556147,6514363,6535031,6415111
511,0,1,63,6740099,6712402,6592464,6635742,6571465,6617778,6613982,6588012,6671929,6562249,6663497,6602941,6517900,6626116,6600679,6534142,6570268,6527171,6548674,6428698
512,31,1,63,6727080,6699984,6578874,6622026,6558297,6604095,6601002,6574622,6658247,6548112,6649840,6589291,6505256,6612960,6586923,6520548,6555979,6513947,6534904,6415364
513,0,1,63,6739206,6711373,6590279,6633984,6570235,6615527,6612900,6586438,6670517,6560797,6662016,6601279,6516683,6625667,6598831,6532591,6568292,6526015,6547099,6427222
514,31,1,63,6727651,6700178,6579069,6622732,6559400,6604529,6601250,6574434,6659046,6549022,6649971,6589821,6504954,6613475,6587342,6520619,6556462,6513702,6533842,6416177
515,0,1,63,6740099,6712402,6591190,6635465,6571149,6616648,6613644,6586699,6671312,6562139,6663206,6602658,6518131,6626302,6600072,6533788,6569667,6526642,6546819,6428294
516,31,1,63,6728247,6700648,6579458,6623062,6558404,6604544,6601663,6574924,6658880,6549790,6650713,6589571,6506188,6612919,6587732,6520886,6556768,6514577,6534493,6415970
517,0,1,63,6740601,6712539,6591543,6635454,6570415,6616502,6614043,6586798,6670908,6562313,6663440,6601888,6517803,6625687,6600396,6533361,6569144,6526738,6546887,6427694
518,31,1,63,6727433,6700269,6578947,6622755,6557497,6604024,6601240,6574278,6658099,6549846,6650122,6589935,6504751,6613542,6587484,6520813,6556169,6514302,6534392,6415678
519,0,1,63,6739805,6712045,6590782,6634755,6569354,6616147,6613380,6586668,6670324,6562030,6662886,6602234,6517490,6626527,6599175,6533046,6569093,6526690,6547416,6427721
520,31,1,63,6727636,6700721,6579883,6623664,6558042,6604283,6602085,6575783,6659032,6550213,6650818,6590102,6506180,6614219,6588049,6520698,6556698,6515210,6535738,6415801
521,0,1,63,6739652,6712793,6591506,6636143,6570030,6616452,6613477,6587364,6670606,6561954,6662985,6602481,6518490,6625651,6600796,6533568,6569279,6526889,6547543,6427512
522,31,1,63,6727052,6700086,6579015,6622651,6557755,6603734,6600744,6574488,6657582,6548867,6649242,6589659,6505377,6613071,6587538,6519765,6555408,6513537,6534662,6413992
523,0,1,63,6739307,6712351,6591874,6635251,6570061,6617003,6614041,6586891,6670722,6561922,6662726,6602623,6517515,6625826,6600558,6532524,6569163,6526968,6547872,6428232
524,31,1,63,6726153,6699695,6578833,6622939,6557343,6604364,6601348,6574073,6657167,6548429,6648565,6589681,6504754,6613212,6586742,6519625,6555218,6513677,6533700,6414703
525,0,1,63,6738481,6712248,6590217,6634876,6569873,6616925,6614005,6586475,6668787,6561629,6662115,6602648,6517487,6625619,6599652,6532640,6568351,6526318,6546381,6427357
526,31,1,63,6726533,6699906,6577839,6622543,6557145,6604907,6601520,6574294,6656842,6549138,6649669,6589929,6504972,6613689,6586535,6520271,6555489,6513389,6533290,6415262
527,0,1,63,6738978,6712659,6591005,6634896,6569536,6617318,6614198,6587584,6670067,6562731,6662960,6602676,6517887,6626251,6599884,6533584,6568603,6526562,6547245,6428164
528,31,1,63,6727030,6699921,6578816,6622575,6557201,6605485,6601705,6574990,6657561,6549634,6649718,6590003,6504985,6614003,6587540,6520401,6555729,6514104,6534378,6415724
529,0,1,63,6739715,6712448,6591317,6635172,6569553,6617514,6614337,6587638,6670448,6562427,6662473,6602653,6517933,6626803,6600349,6533458,6568935,6527002,6547548,6427889
530,31,1,63,6726871,6699456,6578656,6622213,6556531,6603987,6601094,6574322,6657217,6548800,6649160,6589341,6505102,6613398,6587176,6519837,6554913,6513411,6534330,6414817
531,0,1,63,6739398,6712506,6591752,6635668,6569572,6617062,6614102,6587460,6670520,6562108,6663056,6602583,6517908,6626381,6599689,6534069,6568644,6526944,6548198,6427511
532,31,1,63,6727030,6699971,6579028,6623164,6557010,6604597,6601093,6574838,6657561,6549514,6649731,6589744,6505218,6613252,6586216,6520331,6555332,6513188,6534834,6414687
533,0,1,63,6739744,6711996,6590936,6635377,6569613,6616186,6613618,6587399,6670523,6562227,6662438,6602491,6517568,6625237,6599341,6533318,6568352,6526759,6547485,6427362
534,31,1,63,6726585,6699105,6578649,6622745,6556788,6603318,6600883,6574562,6657399,6548835,6648792,6589092,6504590,6612088,6586263,6520010,6555214,6513284,6534233,6414745
535,0,1,63,6739115,6711666,6590483,6635195,6569284,6616279,6613272,6587298,6670351,6562292,6662028,6601915,6517161,6625570,6599128,6533002,6568415,6526942,6546962,6427373
536,31,1,63,6727499,6699740,6578397,6622819,6557283,6604807,6600393,6574770,6657695,6549593,6649124,6589797,6505106,6612293,6587183,6520061,6555887,6514411,6534534,6414706
537,0,1,63,6739321,6711770,6590666,6635034,6569115,6617410,6612517,6587560,6670987,6562927,6661942,6602322,6517211,6625114,6600346,6532415,6569334,6526571,6547510,6427134
538,31,1,63,6727134,6699676,6578500,6623322,6557249,6603980,6600921,6574888,6658371,6549941,6649125,6589583,6504736,6613347,6586952,6519930,6556364,6514169,6534664,6414578
539,0,1,63,6738994,6712105,6590570,6634965,6568889,6615987,6613665,6587534,6670732,6562803,6662364,6602282,6517317,6625506,6600455,6532735,6569407,6527907,6547227,6426885
540,31,1,63,6726587,6699502,6577876,6622492,6556509,6603675,6600589,6574998,6657587,6549853,6649293,6589047,6504592,6613061,6588192,6518884,6555424,6513789,6534068,6414446
541,0,1,63,6739389,6712412,6590717,6635468,6569405,6616625,6613330,6587510,6670847,6563564,6663196,6602635,6517621,6626068,6600433,6532405,6568691,6527123,6547441,6427867
542,31,1,63,6726776,6698741,6578533,6622813,6557126,6603840,6599684,6574269,6657824,6550218,6649463,6589692,6504361,6612658,6587354,6519014,6555685,6514014,6534249,6414849
543,0,1,63,6739467,6710867,6590176,6635357,6569352,6615398,6612489,6587030,6670619,6562759,6661804,6602195,6517110,6625627,6599475,6531875,6568515,6526516,6546792,6427540
544,31,1,63,6726780,6699047,6578264,6622541,6556883,6602570,6599737,6574283,6657556,6549882,6648411,6589052,6504647,6612167,6585254,6518851,6555166,6513601,6533301,6414751
545,0,1,63,6739817,6712258,6590884,6635528,6569036,6616339,6613348,6587305,6670854,6563311,6662745,6601928,6517533,6625527,6599290,6532471,6568826,6527275,6546696,6427388
546,31,1,63,6726972,6699002,6578174,6622475,6556846,6603828,6600630,6575050,6657063,6550475,6649666,6588682,6505112,6612139,6586772,6519239,6554923,6513801,6533794,6413831
547,0,1,63,6740274,6711148,6591669,6635114,6570097,6617973,6613073,6587836,6670871,6563831,6663238,6602270,6518450,6625898,6600449,6533095,6568596,6527000,6547019,6426785
548,31,1,63,6727655,6698293,6578860,6622651,6557672,6605574,6600024,6574579,6657975,6550466,6649557,6589367,6505458,6612991,6587517,6519989,6555442,6513919,6533859,6414125
549,0,1,63,6738752,6710299,6589841,6634253,6569453,6617226,6612305,6586289,6670356,6562395,6662459,6601484,6517238,6624922,6600482,6532357,6568008,6526483,6546319,6426185
550,31,1,63,6726776,6698773,6578169,6621884,6556761,6604677,6600706,6573484,6658144,6549779,6649694,6589286,6504615,6611830,6587561,6519711,6554551,6514224,6534101,6413526
551,0,1,63,6740123,6711838,6591620,6635277,6570175,6617947,6613641,6587250,6671503,6563845,6663594,6602639,6518351,6626581,6601590,6533719,6569122,6527505,6547603,6427229
552,31,1,63,6727064,6699629,6579071,6622117,6557863,6605252,6600254,6574265,6658319,6550199,6650015,6589675,6506029,6613083,6588232,6519932,6556376,6514434,6534157,6414399
553,0,1,63,6739336,6710092,6590818,6633894,6568561,6616632,6612335,6585810,6670014,6561950,6662226,6601589,6517630,6625049,6600066,6532099,6568982,6526113,6546667,6426683
554,31,1,63,6726972,6698066,6578664,6622650,6557215,6604079,6599909,6574429,6657913,6549515,6650181,6589578,6505515,6613459,6587918,6519610,6555557,6514065,6534080,6414748
555,0,1,63,6738654,6710075,6590145,6634171,6569214,6615742,6611716,6586320,6669767,6561540,6662301,6601635,6517102,6624895,6599462,6531477,6567561,6526483,6546342,6426747
556,31,1,63,6727111,6698454,6579044,6622787,6557677,6604055,6600282,6574422,6657883,6550410,6650333,6589743,6504892,6613508,6587498,6519084,6555125,6514059,6534601,6414516
557,0,1,63,6738298,6711235,6589725,6634200,6568797,6615750,6612175,6586308,6669963,6562151,6661247,6601169,6516566,6624461,6599022,6530836,6567159,6525544,6545775,6426201
558,31,1,63,6726871,6698302,6578063,6621591,6556740,6603733,6599220,6573976,6657753,6549642,6648282,6589116,6505068,6612423,6587172,6518624,6555275,6513625,6533850,6414010
559,0,1,63,6739543,6711035,6590751,6634432,6569147,6616472,6612047,6587210,6670848,6562768,6661464,6602130,6518025,6626187,6600410,6532275,6568332,6526867,6547319,6426355
560,31,1,63,6727173,6698829,6578749,6622074,6557219,6604495,6599447,6574516,6658347,6550291,6648969,6589834,6505467,6612910,6587366,6519499,6554378,6514097,6534212,6414265
561,0,1,63,6739615,6711391,6591338,6635730,6569542,6617215,6613090,6587541,6671652,6562752,6662347,6602648,6518140,6625756,6600333,6532894,6568525,6527991,6547765,6427038
562,31,1,63,6726228,6698415,6578621,6622774,6556446,6604227,6599767,6573906,6658016,6549129,6648516,6588950,6504964,6612608,6587039,6519665,6555198,6514049,6533140,6414140
563,0,1,63,6739167,6710934,6591351,6634705,6569394,6617415,6612920,6586534,6670556,6562138,6661923,6601677,6517948,6624309,6600065,6532610,6568328,6526566,6545979,6426348
564,31,1,63,6726600,6698160,6578282,6622057,6557008,6604590,6599698,6573223,6657119,6549295,6648660,6588710,6504565,6612033,6586131,6519184,6554817,6513355,6532724,6413113
565,0,1,63,6739381,6710274,6591045,6635089,6569596,6617411,6612966,6586368,6670671,6562523,6662288,6602376,6517335,6626076,6600265,6532395,6569088,6527108,6546151,6426709
566,31,1,63,6726386,6697034,6578065,6621645,6556085,6604392,6599896,6572876,6657371,6549443,6647852,6588147,6503486,6611687,6585767,6518190,6553952,6512868,6532177,6412443
567,0,1,63,6739214,6710501,6590459,6634661,6569055,6617083,6612676,6585555,6670498,6562940,6661494,6601381,6516717,6624950,6599365,6531158,6567275,6526782,6545433,6426050
568,31,1,63,6727271,6698700,6579329,6622279,6556687,6604812,6599791,6573392,6657467,6549613,6649053,6589045,6504309,6612056,6587110,6518284,6554642,6513318,6532995,6413555
569,0,1,63,6738673,6710733,6591074,6633592,6568308,6617244,6612854,6586129,6669981,6562239,6661354,6601448,6517487,6624656,6599528,6531334,6567929,6526410,6545749,6425946
570,31,1,63,6726543,6698938,6578388,6621603,6556456,6604549,6600401,6573313,6658019,6549875,6648687,6588859,6504668,6611716,6586208,6518442,6555038,6513310,6533030,6413194
571,0,1,63,6738072,6711315,6589970,6632926,6568316,6615908,6611958,6585681,6669854,6561435,6660866,6600855,6516682,6624067,6599303,6531244,6567027,6525370,6545522,6426178
572,31,1,63,6726763,6699296,6578613,6621568,6556836,6603740,6599956,6573805,6657946,6549403,6648478,6588122,6505123,6612310,6587027,6518883,6554743,6513593,6532828,6413680
573,0,1,63,6738699,6710911,6590518,6634145,6567712,6616551,6612706,6585937,6669571,6561964,6660718,6600569,6517028,6624697,6599236,6530855,6567440,6526399,6545896,6425864
574,31,1,63,6725766,6698927,6578361,6622006,6555910,6603886,6599834,6573421,6657020,6549850,6647906,6588520,6504576,6612086,6586072,6517855,6555004,6514138,6533289,6413289
575,0,1,63,6738241,6712071,6590849,6635079,6568928,6615805,6612020,6585682,6669567,6562585,6660667,6601344,6517132,6625123,6599481,6530351,6568047,6526654,6546598,6425769
576,31,1,63,6725634,6699173,6578016,6622555,6555707,6603500,6600148,6572913,6656713,6549743,6647271,6588469,6504773,6612053,6586087,6517965,6554725,6513435,6533226,6413257
577,0,1,63,6738483,6711220,6589998,6634632,6568529,6615940,6613144,6586032,6670308,6562336,6660909,6601743,6516899,6624634,6598803,6531686,6568061,6526284,6546550,6426037
578,31,1,63,6726318,6698536,6578373,6622365,6556353,6603800,6600867,6574300,6658340,6549176,6648458,6589529,6505002,6612228,6586053,6518935,6555896,6514175,6534948,6413765
579,0,1,63,6739391,6710821,6591022,6635327,6568691,6616501,6613560,6586502,6670874,6562510,6661114,6601798,6518610,6625641,6598844,6532397,6569162,6527042,6548071,6427208
580,31,1,63,6726872,6697666,6578020,6622622,6555462,6602793,6600656,6573473,6657876,6549551,6648169,6589194,6505138,6612810,6585426,6518887,6555460,6513683,6534676,6414106
581,0,1,63,6739618,6710696,6590877,6635053,6568225,6616080,6613769,6586637,6670844,6562275,6661239,6601833,6517860,6625585,6599286,6531903,6568075,6527132,6547347,6426753
582,31,1,63,6726835,6698619,6578425,6621880,6555737,6604459,6600667,6574116,6657596,6549633,6647885,6588905,6505525,6612538,6586329,6519044,6555355,6514474,6534225,6414247
583,0,1,63,6739148,6711104,6591002,6634430,6568531,6617625,6613030,6586535,6670527,6562316,6660996,6601630,6518170,6625013,6599882,6531884,6568888,6526920,6547160,6427323
584,31,1,63,6726966,6698931,6578816,6622236,6555856,6604500,6600566,6574411,6658419,6549481,6647772,6589307,6505664,6612722,6586805,6519279,6555332,6514293,6534842,6414656
585,0,1,63,6739183,6710423,6590100,6634392,6567721,6616490,6612131,6586074,6670657,6562106,6659696,6601083,6517325,6624671,6599584,6531483,6567368,6526608,6547500,6426896
586,31,1,63,6726043,6698852,6578295,6622756,6555323,6603821,6599657,6573342,6657793,6548776,6646653,6588277,6505298,6611034,6586008,6518850,6553304,6513816,6534565,6413579
587,0,1,63,6738318,6711756,6590357,6635188,6568074,6616595,6613010,6586465,6670458,6562609,6660516,6600910,6517951,6624118,6599223,6532286,6566789,6526568,6547275,6426691
588,31,1,63,6726183,6699698,6578324,6622605,6556202,6604416,6599943,6573761,6657924,6549779,6647601,6588343,6505091,6612073,6586311,6518672,6554237,6514128,6533959,6414090
589,0,1,63,6737231,6711634,6589601,6634327,6567272,6615773,6612368,6585529,6670063,6561638,6659270,6600939,6516798,6624372,6597413,6530966,6566733,6526456,6545639,6426101
590,31,1,63,6726851,6700718,6579401,6623879,6556212,6604593,6600927,6574450,6658923,6549370,6648253,6589840,6505367,6612127,6586039,6519486,6554509,6515587,6533931,6414801
591,0,1,63,6739638,6712444,6590946,6635766,6568653,6617019,6612718,6586986,6670874,6562212,6661020,6602582,6518398,6624464,6598727,6532568,6567894,6528005,6546559,6427121
592,31,1,63,6727431,6699214,6578416,6622334,6555714,6603848,6600794,6574425,6658188,6549266,6647845,6589724,6505322,6612335,6586058,6519706,6555138,6514598,6534194,6414044
593,0,1,63,6739546,6711579,6590622,6634599,6567836,6615885,6612877,6586692,6670157,6561882,6660851,6602026,6517776,6625653,6599568,6532686,6567622,6527276,6547036,6426175
594,31,1,63,6726520,6698968,6578720,6621402,6555549,6603421,6600187,6574122,6657895,6548733,6647593,6588711,6505268,6612698,6587167,6519275,6554588,6513960,6534537,6413789
595,0,1,63,6739148,6711551,6590609,6634335,6567936,6616562,6612581,6586673,6670359,6561769,6660738,6601703,6518205,6625403,6599840,6532609,6567886,6526849,6547642,6426366
596,31,1,63,6726816,6699243,6579301,6623339,6556121,6605126,6600711,6575207,6658051,6549241,6648441,6589767,6505696,6613616,6587510,6519954,6555489,6514340,6535180,6414525
597,0,1,63,6737895,6711315,6590895,6635576,6567888,6617180,6612733,6586677,6670432,6561799,6661021,6601120,6517639,6625769,6599003,6532598,6569028,6526359,6547505,6426547
598,31,1,63,6726215,6699570,6578538,6622656,6555233,6604107,6599871,6574028,6657513,6549279,6648607,6588808,6504908,6612738,6586403,6519411,6555908,6513793,6534299,6414258
599,0,1,63,6737994,6711626,6590963,6635091,6567269,6617202,6613160,6586807,6670715,6562452,6660923,6601724,6517112,6626119,6599687,6532167,6568730,6526667,6546658,6426801
600,31,1,63,6726043,6699508,6578771,6622954,6554994,6604586,6600588,6574056,6657514,6548656,6648431,6589294,6504909,6613413,6586532,6519481,6555349,6514049,6534009,6414148
601,0,1,63,6738674,6711526,6591285,6635208,6567870,6617750,6612861,6586167,6670481,6562420,6661146,6601743,6517210,6626637,6599241,6532455,6568969,6526987,6546867,6426787
602,31,1,63,6724944,6698278,6578383,6622822,6554795,6603851,6599712,6573175,6657080,6549463,6647483,6588504,6504545,6612852,6585749,6519012,6555100,6513614,6533466,6414289
603,0,1,63,6737950,6710846,6590934,6635524,6567782,6617157,6613045,6585974,6670213,6562760,6660983,6601582,6518018,6626146,6599570,6532485,6568197,6527255,6546622,6426732
604,31,1,63,6725646,6698808,6578691,6623708,6555419,6604950,6600529,6573780,6657143,6549351,6647787,6588878,6505137,6613321,6587069,6519698,6554757,6514204,6534454,6414366
605,0,1,63,6737774,6711405,6591410,6634863,6567786,6617322,6612808,6585999,6669876,6562305,6660861,6601039,6517342,6625468,6599528,6531916,6568336,6526763,6547133,6427028
606,31,1,63,6725978,6699633,6579854,6623405,6556174,6605060,6600805,6573954,6658395,6549957,6648645,6589848,6505793,6613216,6587328,6519361,6556317,6514575,6534521,6414766
607,0,1,63,6737450,6711212,6591482,6635432,6567890,6616489,6612502,6585958,6670286,6561729,6660701,6601469,6517199,6625347,6599319,6531814,6567941,6526590,6546383,6426955
608,31,1,63,6725378,6699848,6578658,6623184,6555512,6604765,6600074,6573226,6657763,6548978,6647715,6588378,6504675,6612491,6586161,6518990,6554706,6513028,6533381,6414305
609,0,1,63,6738482,6712189,6590890,6635732,6568224,6617584,6612922,6586231,6670316,6561918,6660817,6601656,6518238,6625283,6599048,6532612,6568299,6526707,6547319,6426756
610,31,1,63,6726159,6699837,6578417,6622977,6555646,6604974,6599772,6573236,6657738,6548997,6648049,6588927,6504954,6612387,6586726,6519143,6555004,6513703,6534415,6413798
611,0,1,63,6738410,6711347,6590113,6635513,6567449,6616445,6612547,6585174,6670192,6560980,6660348,6600820,6517098,6625872,6598268,6531934,6567681,6526385,6547223,6426231
612,31,1,63,6725572,6698343,6578203,6622745,6555219,6604137,6600494,6573093,6658221,6548681,6647844,6587978,6505091,6612390,6585858,6519705,6554609,6513816,6534329,6414012
613,0,1,63,6739100,6711782,6590900,6635194,6568352,6617283,6613298,6585902,6671505,6562868,6661895,6601196,6517953,6625290,6600111,6533074,6568949,6526817,6547448,6427158
614,31,1,63,6726742,6699267,6578950,6623002,6555565,6605007,6600781,6573500,6658621,6550236,6648382,6589036,6505156,6613172,6586816,6519617,6555801,6513982,6534622,6415025
615,0,1,63,6739186,6711386,6590937,6634852,6568003,6616958,6613280,6585814,6670962,6562228,6660700,6601382,6516854,6625540,6599667,6533112,6568811,6526568,6547243,6427007
616,31,1,63,6725920,6698680,6578676,6622184,6554883,6603727,6600338,6572807,6658316,6549346,6646981,6588428,6504479,6612353,6586728,6519605,6555309,6513696,6534421,6413460
617,0,1,63,6738442,6709961,6590481,6634529,6567042,6616144,6613007,6584774,6670279,6561718,6659787,6601161,6515937,6625365,6598229,6532486,6567411,6526147,6546464,6426547
618,31,1,63,6725955,6697430,6578180,6622844,6554739,6604812,6600033,6572911,6657020,6548821,6647509,6588532,6503780,6612232,6586147,6519391,6553064,6513130,6533150,6413647
619,0,1,63,6739182,6711189,6591218,6636069,6567752,6617871,6613583,6586195,6671155,6561982,6661727,6602459,6517205,6625962,6600102,6533816,6568302,6526944,6547358,6426975
620,31,1,63,6727228,6699668,6579509,6624283,6556052,6606069,6602079,6574225,6659140,6549908,6649191,6589369,6505648,6613089,6587170,6520701,6555635,6514760,6534811,6414903
621,0,1,63,6739168,6711662,6590728,6635282,6567894,6617977,6613449,6585856,6670924,6562406,6661062,6601493,6517938,6625695,6599779,6533088,6568592,6526052,6546475,6426595
622,31,1,63,6726753,6699337,6578749,6623040,6555866,6605749,6601350,6573373,6658201,6549804,6648140,6589106,6505519,6612877,6586795,6520773,6555355,6513679,6533920,6414469
623,0,1,63,6738599,6711257,6590231,6635374,6566917,6617541,6612564,6585400,6670399,6561423,6660280,6600730,6516229,6625126,6598556,6533264,6567638,6525385,6546537,6425817
624,31,1,63,6727470,6699629,6579761,6624299,6556220,6606233,6601416,6573781,6658942,6550320,6648467,6589229,6504813,6613453,6586916,6520232,6555665,6514273,6535066,6414332
625,0,1,63,6739656,6712453,6591552,6636523,6568155,6617975,6613993,6586159,6671600,6562809,6661021,6601545,6517336,6625738,6599529,6533065,6568198,6527399,6548021,6426643
626,31,1,63,6726792,6699716,6579075,6623865,6555589,6605009,6600548,6574003,6658371,6549450,6648279,6588722,6504848,6613566,6587060,6519588,6554502,6513674,6534329,6413076
627,0,1,63,6738434,6710868,6590748,6635850,6567998,6617346,6612599,6585928,6670624,6561689,6661197,6601199,6516775,6625696,6599318,6532038,6567447,6525920,6546777,6425928
628,31,1,63,6726479,6698489,6578559,6623860,6555906,6604983,6600159,6574056,6658045,6549877,6647761,6589299,6504541,6613458,6585842,6519304,6554491,6513268,6534286,6414014
629,0,1,63,6739053,6711429,6590721,6636051,6568097,6617006,6613315,6587233,6670793,6562960,6661260,6601809,6516925,6624561,6599261,6532753,6567744,6526311,6547548,6427286
630,31,1,63,6726383,6699381,6578383,6623252,6554823,6604801,6600067,6574039,6658108,6549590,6648317,6588179,6504640,6611523,6586173,6519397,6554169,6513949,6534141,6414051
631,0,1,63,6739610,6712664,6590954,6636115,6568151,6617894,6613422,6586738,6671033,6562801,6662064,6601563,6517985,6625017,6599576,6533624,6567994,6527435,6547597,6427359
632,31,1,63,6727436,6700927,6579143,6624503,6556170,6605617,6601266,6575061,6658618,6549680,6649883,6589934,6506256,6613293,6586969,6521723,6555574,6514857,6535582,6415616
633,0,1,63,6739732,6712988,6590575,6636686,6568543,6617976,6614182,6587551,6671568,6562268,6662038,6602147,6518030,6625936,6600270,6534243,6567538,6527293,6548313,6428160
634,31,1,63,6726423,6700825,6579214,6623919,6555775,6604881,6601600,6574641,6658826,6549728,6649025,6589494,6505122,6612235,6588010,6520659,6554707,6514899,6534720,6414948
635,0,1,63,6738289,6711921,6590722,6635356,6567634,6617450,6613513,6587005,6670641,6561526,6661111,6601424,6517103,6625297,6599596,6533184,6567408,6527132,6546102,6427411
636,31,1,63,6727272,6698908,6579216,6624213,6555792,6605096,6601873,6575006,6658354,6549273,6648570,6589007,6505230,6613160,6586756,6520153,6554743,6513872,6534450,6415622
637,0,1,63,6739203,6710896,6590830,6636583,6567272,6616978,6613460,6587028,6670769,6561023,6661000,6601504,6517049,6625306,6599030,6532953,6567395,6525908,6546432,6427378
638,31,1,63,6727319,6699713,6579034,6624853,6556020,6605478,6601896,6574857,6658831,6549298,6649215,6589655,6504867,6612782,6587762,6520947,6554933,6514052,6534127,6415489
639,0,1,63,6739012,6711766,6591086,6636568,6567497,6617609,6613850,6586606,6671192,6562116,6661284,6602272,6517819,6625643,6598827,6533614,6566968,6526762,6546908,6427725
640,31,1,63,6727148,6699753,6578967,6624511,6556190,6605374,6601541,6574476,6658802,6549597,6648357,6589677,6505156,6612511,6587030,6520589,6554263,6514495,6533731,6415011
641,0,1,63,6738543,6711817,6590274,6635603,6567403,6617011,6613847,6586329,6670302,6560910,6660030,6601589,6516910,6623676,6599305,6532375,6566887,6526575,6546033,6426558
642,31,1,63,6725673,6699450,6577952,6623120,6555018,6604665,6600675,6573998,6657640,6548829,6647849,6589176,6505092,6612337,6585971,6519686,6554554,6513229,6533160,6414202
643,0,1,63,6738577,6712149,6591053,6636559,6568195,6617205,6613753,6587210,6670981,6562102,6661468,6602440,6517653,6625675,6599560,6533455,6568513,6526543,6547181,6427146
644,31,1,63,6725574,6699976,6578441,6623204,6554916,6604203,6600694,6574470,6658391,6548955,6648653,6589076,6504842,6613069,6586589,6520437,6554557,6514078,6533667,6414077
645,0,1,63,6737616,6712126,6590608,6635567,6566412,6616347,6612690,6586732,6670880,6561861,6661255,6601360,6517685,6624907,6598858,6532703,6566594,6526630,6546411,6426334
646,31,1,63,6725780,6699930,6578597,6623222,6554297,6604834,6600940,6574519,6658386,6549363,6648416,6588991,6505458,6613027,6586630,6520239,6553827,6513292,6533531,6414522
647,0,1,63,6738702,6712786,6591193,6635987,6567578,6617145,6614013,6587561,6671392,6562972,6661833,6602238,6518228,6625261,6600269,6533573,6568002,6526630,6547300,6427622
648,31,1,63,6726764,6699926,6579585,6623548,6555374,6605474,6601838,6575425,6659075,6550324,6648956,6589728,6506390,6613135,6587635,6520662,6555822,6514488,6534586,6414747
649,0,1,63,6738051,6711540,6591019,6635093,6566449,6616801,6612996,6587046,6670396,6561329,6660986,6602099,6517809,6625270,6599317,6532691,6567794,6526322,6547131,6426081
650,31,1,63,6725850,6699741,6579139,6623619,6554606,6604678,6601424,6574674,6658617,6548492,6648005,6589711,6505796,6612498,6586923,6519690,6555333,6513920,6534869,6413949
651,0,1,63,6738719,6711705,6591221,6635986,6567395,6617126,6614217,6587647,6671325,6561689,6661502,6602522,6518421,6625524,6599803,6532570,6568433,6526936,6547696,6427145
652,31,1,63,6726991,6700327,6579168,6623073,6556589,6605017,6601807,6575703,6658953,6549645,6648721,6590478,6506098,6613746,6588232,6520301,6555797,6513961,6535592,6414935
653,0,1,63,6739418,6713100,6591447,6635159,6569342,6617799,6614441,6587654,6671880,6563273,6662018,6603271,6517974,6625949,6600749,6533542,6569008,6526835,6548506,6427836
654,31,1,63,6727196,6700642,6579093,6623882,6556820,6605639,6602402,6575054,6658905,6550358,6649006,6590537,6505457,6613913,6587998,6520284,6555384,6514409,6535518,6415169
655,0,1,63,6738257,6712482,6590045,6635526,6568279,6618385,6613998,6586709,6670448,6562238,6661231,6601691,6517479,6625725,6600274,6532501,6567626,6525887,6547567,6426108
656,31,1,63,6726562,6700324,6578718,6622762,6556624,6605812,6602184,6574792,6658054,6549534,6648699,6589504,6505273,6613047,6588002,6519880,6555730,6513475,6535049,6414211
657,0,1,63,6739781,6713515,6591639,6635859,6569946,6618810,6615077,6587780,6671353,6563600,6662427,6602930,6518445,6626482,6600832,6533832,6569281,6527084,6549085,6427806
658,31,1,63,6727938,6700833,6579900,6623524,6557189,6606471,6602006,6574918,6658705,6549863,6648797,6590474,6505698,6613661,6588273,6520214,6555353,6513885,6535172,6415713
659,0,1,63,6740103,6713393,6592009,6635622,6569122,6619012,6614787,6587083,6671888,6562240,6661328,6602992,6518306,6626138,6600636,6532967,6568576,6526604,6547682,6428054
660,31,1,63,6727526,6701436,6578844,6622757,6556427,6606868,6602212,6574520,6659380,6549553,6648856,6589907,6505905,6614216,6587586,6520091,6556053,6514261,6534373,6414248
661,0,1,63,6738850,6712133,6590875,6635066,6567880,6619119,6614383,6586018,6670948,6562021,6661078,6602203,6517542,6626061,6599816,6532725,6567915,6525952,6547099,6426170
662,31,1,63,6726962,6700465,6579413,6623962,6556376,6606547,6601638,6574365,6658175,6549724,6649003,6589443,6505428,6613684,6587007,6520150,6555441,6513457,6534109,6414243
663,0,1,63,6738667,6712109,6591419,6635860,6568521,6618217,6613627,6586461,6670603,6562587,6662199,6602005,6517764,6625205,6599913,6532991,6568027,6526193,6547334,6426799
664,31,1,63,6726518,6699680,6579361,6623999,6557095,6606326,6601517,6573757,6659002,6550450,6649916,6589842,6506015,6613208,6588198,6520378,6555867,6513979,6535109,6414874
665,0,1,63,6738755,6712343,6591053,6635486,6569454,6618951,6614225,6586441,6671360,6563018,6661958,6602256,6517999,6625973,6600349,6533492,6568344,6526210,6547453,6427267
666,31,1,63,6726410,6699603,6578227,6623309,6556476,6606193,6601196,6573287,6658530,6549751,6649012,6589026,6504549,6612228,6586685,6520055,6554873,6513422,6534474,6414791
667,0,1,63,6739144,6711847,6591367,6635782,6568405,6618557,6613450,6586019,6671407,6562371,6662236,6602339,6517075,6624978,6600021,6533440,6568743,6526108,6547350,6427176
668,31,1,63,6725820,6698700,6578829,6622820,6555305,6606184,6600446,6573426,6658513,6549348,6649011,6589305,6504215,6612126,6586447,6520233,6555186,6512989,6534069,6414196
669,0,1,63,6739286,6711014,6590576,6635393,6568113,6617730,6612963,6585891,6670790,6561958,6661314,6601746,6517140,6624558,6599346,6533055,6567875,6525641,6547280,6426633
670,31,1,63,6726769,6698708,6578095,6622480,6555333,6605549,6600235,6572987,6658327,6549062,6648284,6588769,6504282,6610724,6586688,6520194,6554657,6512393,6534246,6413729
671,0,1,63,6739180,6711042,6590717,6634835,6567567,6618351,6613000,6586110,6671193,6561183,6661712,6601850,6517053,6624065,6599079,6533409,6567812,6525580,6546507,6426510
672,31,1,63,6726237,6698554,6578268,6622298,6555043,6605703,6600722,6572945,6658350,6548862,6648832,6588634,6504355,6610931,6586464,6519661,6554833,6512482,6532727,6413154
673,0,1,63,6738818,6710592,6590881,6635107,6568381,6617797,6612935,6586151,6671671,6562093,6662582,6602004,6517238,6624883,6599366,6532797,6568702,6525574,6546087,6427062
674,31,1,63,6725473,6698237,6578722,6621650,6555498,6605210,6600097,6573243,6658386,6548300,6649027,6589183,6503949,6612422,6586266,6519120,6554288,6512921,6532950,6414435
675,0,1,63,6738026,6711108,6591291,6634780,6568538,6618024,6613535,6586071,6670672,6562358,6662537,6602008,6515846,6626087,6599445,6532031,6567733,6525024,6546655,6426898
676,31,1,63,6725812,6699355,6579225,6622843,6556490,6605215,6601266,6573514,6657850,6550275,6649196,6589309,6503907,6613921,6587008,6519643,6555632,6512781,6534754,6414432
677,0,1,63,6737936,6711496,6591224,6635007,6567896,6617128,6613166,6585269,6670247,6561857,6661440,6601529,6516259,6625155,6599118,6532314,6568125,6525731,6547026,6426505
678,31,1,63,6726286,6699668,6579057,6623267,6556237,6606058,6601401,6574235,6658117,6549615,6648435,6589372,6504493,6613016,6587817,6520245,6555132,6513658,6534625,6414623
679,0,1,63,6739018,6711931,6591201,6635996,6568912,6617751,6614389,6586893,6671403,6562305,6662059,6602360,6517087,6625699,6599987,6533199,6568348,6527003,6547904,6427249
680,31,1,63,6726409,6698599,6578866,6623279,6556530,6604539,6601836,6573299,6658198,6548701,6648452,6589370,6504455,6612981,6585249,6520053,6554883,6513338,6534473,6413947
681,0,1,63,6737546,6710827,6590925,6635124,6568496,6616784,6613119,6585447,6670198,6561113,6661459,6601770,6516228,6625219,6598910,6532484,6567606,6525594,6546472,6426216
682,31,1,63,6725601,6699544,6579512,6622843,6557414,6605669,6601279,6573741,6658450,6549260,6649576,6589785,6504334,6612580,6586833,6520633,6555401,6513274,6534188,6414655
683,0,1,63,6738403,6711864,6591460,6634431,6569974,6617863,6613584,6586198,6670453,6562600,6662028,6601870,6516991,6624832,6599539,6533127,6568605,6525889,6547497,6426995
684,31,1,63,6725801,6699270,6579078,6621727,6556887,6604783,6600610,6573978,6657900,6549082,6648890,6589154,6504071,6611629,6586173,6520069,6554266,6512685,6534537,6414420
685,0,1,63,6738534,6711323,6591307,6634316,6568488,6617562,6613237,6586677,6670604,6562431,6662055,6602045,6516347,6625037,6599673,6532848,6566738,6525358,6547139,6426842
686,31,1,63,6726173,6698898,6579203,6622612,6556303,6604774,6601221,6573907,6658337,6549795,6649398,6589388,6504127,6613027,6586247,6519186,6553975,6512117,6533996,6414592
687,0,1,63,6738370,6711178,6591556,6635902,6568938,6616827,6614039,6586966,6670776,6563113,6662525,6601832,6516739,6625430,6599572,6532918,6567645,6525241,6547256,6427061
688,31,1,63,6725405,6698471,6578121,6621032,6555427,6604143,6600577,6573299,6657909,6549288,6648267,6588203,6503721,6611444,6586667,6519241,6554039,6512115,6533873,6412851
689,0,1,63,6738569,6711216,6590489,6633992,6568587,6616581,6613339,6586255,6670665,6562224,6661619,6601357,6516722,6623457,6599758,6532371,6567193,6525391,6546895,6426248
690,31,1,63,6725131,6698293,6577743,6621387,6555614,6603380,6601129,6573363,6657827,6549435,6649077,6588692,6503679,6611603,6586474,6519240,6553958,6512471,6533781,6414307
691,0,1,63,6736984,6710087,6589902,6632732,6567540,6615180,6613168,6585550,6670029,6561772,6662005,6601265,6516066,6624265,6598668,6531774,6566528,6525272,6545866,6425874
692,31,1,63,6724994,6698242,6578314,6620971,6555870,6603608,6600290,6574051,6657213,6549401,6649319,6589702,6503860,6612480,6586832,6518999,6553763,6513060,6533951,6413820
693,0,1,63,6737272,6710234,6589890,6633582,6567701,6615517,6612949,6585730,6669862,6561892,6661710,6601898,6515732,6624546,6598880,6531292,6566822,6525726,6546059,6426291
694,31,1,63,6726317,6699355,6578557,6621781,6556064,6604617,6601112,6574063,6658148,6549330,6649406,6590291,6504438,6612972,6587207,6519078,6555131,6513553,6533743,6414689
695,0,1,63,6738252,6711859,6590821,6634802,6569305,6617237,6613658,6586294,6670982,6561524,6662401,6602837,6517435,6625642,6599840,6532319,6568186,6527034,6546788,6427206
696,31,1,63,6726461,6698908,6577905,6622280,6556727,6603603,6601158,6573698,6658362,6548921,6649593,6589207,6504506,6612579,6586203,6519307,6555132,6512133,6534227,6414544
697,0,1,63,6738661,6710593,6590373,6634498,6568878,6616233,6613150,6585954,6670560,6561372,6662122,6601284,6517127,6625671,6599272,6532444,6568539,6525644,6546930,6427133
698,31,1,63,6725824,6698929,6579239,6622005,6556534,6603770,6600695,6573199,6658135,6548648,6648812,6588604,6504760,6614268,6586442,6519176,6555443,6513488,6534383,6414553
699,0,1,63,6738239,6711407,6591440,6634866,6568863,6616690,6613705,6585768,6671334,6561235,6662652,6601940,6517151,6626049,6599816,6532687,6569533,6526962,6548296,6427137
700,31,1,63,6725659,6699081,6579065,6622442,6556665,6603898,6601395,6573437,6658724,6548964,6649210,6588576,6504452,6613159,6586334,6519704,6555549,6513586,6535506,6414852
701,0,1,63,6738153,6711795,6591199,6634900,6568320,6616782,6613462,6586208,6670972,6561531,6662124,6601051,6516803,6624557,6598697,6532796,6569301,6526391,6548628,6427351
702,31,1,63,6726218,6699972,6578801,6623219,6556296,6604456,6600681,6573533,6658487,6548640,6649160,6589070,6504343,6612281,6586113,6520092,6555932,6513597,6535487,6414529
703,0,1,63,6738265,6711346,6590914,6634692,6568581,6616673,6613116,6586072,6670889,6561696,6661762,6601073,6516320,6624682,6598242,6532642,6568549,6526708,6547906,6426939
704,31,1,63,6726269,6699802,6579389,6622906,6556434,6605071,6601933,6574290,6658534,6549564,6649765,6589250,6504339,6613749,6586085,6520507,6556118,6514109,6535408,6415476
705,0,1,63,6738483,6711491,6591033,6635015,6568554,6617395,6613618,6586709,6671351,6561261,6662175,6601142,6516284,6625921,6599117,6533049,6568337,6525989,6548197,6427017
706,31,1,63,6726281,6699650,6579607,6622881,6556661,6604377,6601226,6573814,6658872,6548646,6649692,6588711,6504471,6613014,6587008,6520201,6556215,6513812,6535415,6414761
707,0,1,63,6737714,6711290,6590637,6634682,6567955,6615419,6612694,6585665,6670967,6560814,6662196,6600764,6516059,6624261,6599353,6532366,6568207,6525838,6546956,6426547
708,31,1,63,6725887,6699261,6578977,6622127,6555833,6603893,6600389,6573950,6658465,6549365,6648799,6588492,6504043,6612387,6586548,6519585,6555725,6512910,6534446,6414227
709,0,1,63,6738054,6711885,6591185,6634439,6568287,6615549,6613202,6585847,6671726,6561925,6661904,6600907,6516366,6625772,6598916,6533029,6568592,6526325,6547473,6426327
710,31,1,63,6725961,6698658,6578543,6621716,6555505,6603328,6600236,6573797,6658650,6548282,6649178,6588379,6503128,6612586,6586574,6520035,6555332,6513096,6534067,6413829
711,0,1,63,6738476,6711574,6591905,6634693,6568966,6616732,6614217,6587019,6672138,6562445,6662676,6601638,6516325,6625522,6600203,6533921,6569401,6525562,6547592,6427044
712,31,1,63,6726306,6700403,6580342,6622972,6556872,6604582,6602268,6575051,6659633,6550257,6649841,6589425,6504454,6613976,6587867,6521282,6556466,6513507,6535054,6414880
713,0,1,63,6737780,6711909,6591124,6635121,6568107,6616758,6613815,6586227,6671476,6562065,6661872,6601212,6516116,6626354,6599054,6532790,6568948,6525730,6546811,6426105
714,31,1,63,6724675,6699423,6578731,6623190,6556073,6603769,6600885,6574124,6658069,6548356,6649037,6588722,6503520,6613299,6585999,6519443,6555073,6512716,6533050,6413560
715,0,1,63,6738188,6712043,6591407,6635458,6568916,6617048,6613393,6586309,6670248,6561606,6661650,6601565,6515975,6626130,6598800,6532737,6568238,6525297,6546481,6426831
716,31,1,63,6725562,6699971,6578879,6622891,6556215,6604144,6601357,6574122,6658021,6548744,6648475,6589044,6503932,6613749,6586435,6520264,6555469,6513206,6533890,6414631
717,0,1,63,6737124,6711430,6590738,6634783,6567862,6615804,6612937,6586166,6670396,6561690,6660853,6601795,6515707,6625195,6598387,6533140,6567897,6524851,6546723,6426722
718,31,1,63,6725315,6699266,6578906,6623657,6556011,6603550,6600834,6573575,6658202,6549734,6647992,6589357,6502941,6612285,6586111,6519610,6554468,6512596,6534066,6413993
719,0,1,63,6737823,6711519,6591348,6635549,6568211,6615829,6613313,6585805,6670643,6561861,6660916,6601661,6515451,6624529,6598596,6532759,6566584,6525191,6547021,6426576
720,31,1,63,6725797,6699912,6579376,6623375,6556778,6604907,6600821,6574828,6658654,6549893,6648470,6589306,6503295,6611932,6586739,6519597,6554358,6512684,6534651,6413974
721,0,1,63,6736662,6711088,6589564,6634952,6567714,6615200,6611924,6586161,6669481,6560906,6660064,6600635,6514747,6623680,6598303,6531102,6566455,6524294,6546310,6425098
722,31,1,63,6726242,6699262,6578498,6623062,6556057,6603765,6600820,6573976,6657706,6548884,6647439,6588950,6503116,6611886,6585837,6518892,6554601,6512730,6534198,6413546
723,0,1,63,6738714,6712357,6591338,6635527,6569492,6616378,6613840,6586416,6670477,6561654,6661002,6602154,6515647,6624322,6599629,6532487,6568481,6525289,6547035,6426382
724,31,1,63,6724737,6699832,6578702,6622804,6556608,6603861,6601071,6573661,6657790,6549228,6648072,6589253,6503931,6611799,6586789,6519176,6555396,6512852,6533563,6413471
725,0,1,63,6737031,6711610,6590374,6634137,6568554,6615842,6612749,6585465,6670346,6561569,6661009,6601369,6515894,6624543,6599443,6532191,6568535,6525918,6546575,6425611
726,31,1,63,6725109,6699232,6578495,6622076,6556256,6603409,6601359,6573170,6657614,6548532,6648772,6588460,6503937,6612183,6586177,6519921,6555374,6512751,6533890,6413485
727,0,1,63,6738677,6712308,6591046,6634846,6569119,6616635,6614154,6586444,6671420,6562277,6661918,6601877,6516692,6625434,6599313,6532684,6568664,6526261,6547225,6426369
728,31,1,63,6726963,6700175,6579000,6622928,6557160,6604080,6601200,6574892,6658967,6549393,6648814,6589919,6503970,6612554,6586834,6520184,6556394,6514009,6535056,6414024
729,0,1,63,6738684,6711713,6589826,6634829,6569047,6616350,6613002,6586018,6670777,6561484,6660516,6601816,6515516,6624353,6599143,6532590,6568172,6525700,6546795,6426348
730,31,1,63,6726786,6699631,6578628,6622928,6556864,6604262,6601100,6574203,6657853,6549662,6648747,6589223,6503486,6612459,6586793,6519612,6555634,6513647,6534259,6413923
731,0,1,63,6738762,6711544,6590923,6635414,6569212,6615822,6613425,6586425,6670837,6561923,6661185,6601685,6516123,6624766,6599629,6532019,6568929,6526092,6546917,6425723
732,31,1,63,6726034,6699395,6578968,6623368,6557335,6603994,6600848,6573604,6658231,6549649,6648697,6589305,6504083,6612702,6586445,6518595,6555812,6513544,6534490,6413405
733,0,1,63,6737424,6711600,6590399,6635145,6568623,6616224,6612192,6585354,6670490,6561944,6661490,6601635,6515807,6625134,6598833,6530991,6568163,6525842,6547339,6425068
734,31,1,63,6725780,6699038,6578028,6622702,6557161,6604559,6600085,6573348,6657547,6548290,6648603,6588391,6504060,6612870,6586892,6518886,6555274,6512634,6533855,6412668
735,0,1,63,6737417,6711293,6589497,6635290,6568260,6616273,6612160,6585476,6669641,6560768,6660638,6600275,6515329,6625379,6598531,6530608,6567672,6524908,6545940,6425220
736,31,1,63,6724920,6699690,6577747,6622623,6556841,6604237,6600364,6573770,6657449,6547990,6648140,6588132,6503744,6612767,6586077,6518771,6554714,6512132,6533869,6413706
737,0,1,63,6737635,6712652,6590277,6635369,6569016,6617515,6612801,6585822,6670591,6561335,6661065,6601490,6516175,6625380,6598180,6532182,6567631,6525243,6546998,6425892
738,31,1,63,6724688,6699674,6577201,6622743,6555637,6604430,6600060,6573125,6656696,6548441,6647818,6588261,6503017,6613018,6584911,6518504,6553844,6512843,6534003,6413472
739,0,1,63,6736886,6711653,6589596,6634748,6568406,6616615,6612724,6585638,6670001,6561224,6661331,6600940,6515571,6624757,6598391,6531704,6566674,6526019,6546738,6425727
740,31,1,63,6725517,6699490,6578051,6622217,6556184,6604908,6600532,6573380,6658058,6549287,6648819,6588471,6503545,6613148,6586634,6518989,6553821,6513455,6533887,6413224
741,0,1,63,6737087,6711174,6589826,6634451,6568090,6616370,6613121,6585725,6669885,6561349,6662223,6601090,6515665,6625099,6598654,6532074,6566834,6526111,6546321,6425787
742,31,1,63,6725473,6699673,6578237,6622950,6556519,6603894,6601413,6574205,6657550,6549317,6648914,6589124,6503807,6613400,6586038,6519911,6554333,6514319,6533816,6414273
743,0,1,63,6738284,6712586,6590705,6635455,6568461,6617008,6613404,6586248,6670228,6562429,6661516,6600918,6515595,6625987,6600387,6532268,6567140,6526343,6547071,6426831
744,31,1,63,6725815,6700863,6579207,6623288,6557102,6605856,6600903,6574434,6658316,6549651,6649191,6589136,6503781,6614207,6586414,6520024,6554647,6513276,6535030,6415350
745,0,1,63,6738312,6712127,6591155,6635145,6568871,6617359,6612492,6586192,6670180,6562420,6661514,6601366,6516275,6625378,6598172,6532435,6566959,6525562,6546781,6427607
746,31,1,63,6725077,6699830,6578832,6622765,6556805,6604822,6599904,6573752,6657296,6549292,6648343,6588459,6503436,6612356,6584968,6518654,6554061,6512969,6533597,6415079
747,0,1,63,6738215,6711881,6591226,6635465,6568719,6617513,6612850,6586359,6670017,6562533,6662001,6601427,6517184,6625063,6598977,6532206,6567472,6526753,6546707,6427177
748,31,1,63,6726042,6699045,6578987,6622496,6555636,6604523,6600054,6574053,6658010,6549896,6648442,6588604,6504507,6613081,6586278,6518783,6554521,6513743,6534751,6414554
749,0,1,63,6737781,6710558,6590745,6634670,6567141,6616642,6612322,6585974,6669425,6562888,6661358,6600886,6516477,6625267,6597916,6531641,6566171,6526245,6546839,6426507
750,31,1,63,6725543,6697724,6578283,6622860,6555056,6604591,6599692,6573201,6658019,6550227,6648908,6588714,6504290,6612429,6586334,6518706,6553529,6513164,6534086,6414302
751,0,1,63,6737971,6710892,6590426,6635655,6567767,6617235,6612934,6586223,6670357,6562635,6662132,6601603,6517202,6625701,6599531,6532030,6566928,6526807,6547250,6427091
752,31,1,63,6726094,6699093,6578177,6623211,6555589,6604937,6600968,6574221,6658213,6550371,6648869,6589569,6504910,6612646,6586650,6519317,6554455,6513428,6533950,6414792
753,0,1,63,6738764,6711322,6590073,6635679,6568473,6617169,6613583,6586888,6671012,6562248,6661739,6602477,6517645,6625902,6599595,6531949,6567541,6526544,6546946,6427407
754,31,1,63,6725659,6698469,6577261,6623135,6555301,6604902,6600857,6573844,6658662,6549961,6648960,6589314,6504743,6612654,6586532,6518406,6554318,6513331,6533949,6414656
755,0,1,63,6739117,6711782,6590009,6635976,6567912,6617410,6613668,6587269,6671076,6563275,6662201,6602856,6517213,6626188,6600203,6532236,6567816,6526734,6547018,6427005
756,31,1,63,6726747,6699005,6577744,6622758,6555600,6604700,6601051,6574211,6657892,6550271,6649212,6589718,6505467,6612435,6587185,6519701,6554164,6513310,6533700,6414935
757,0,1,63,6737923,6709777,6588862,6634102,6567104,6615947,6612806,6585900,6669948,6561732,6660968,6601709,6516283,6624848,6598547,6531759,6566360,6525324,6546258,6427173
758,31,1,63,6725825,6697934,6577433,6622260,6556033,6604542,6600645,6574157,6657930,6549160,6648366,6589429,6504208,6612136,6586622,6519043,6554236,6513118,6533827,6414254
759,0,1,63,6738322,6710681,6589810,6635276,6567864,6617021,6613434,6587198,6670316,6562533,6661556,6601737,6516667,6624852,6599620,6532281,6567535,6526037,6546626,6426939
760,31,1,63,6725666,6698811,6577143,6622341,6554737,6603827,6600165,6573745,6656935,6548571,6647988,6588978,6504272,6611619,6585963,6518617,6553034,6512227,6533581,6414281
761,0,1,63,6738269,6711593,6590183,6634831,6567879,6616559,6612629,6586798,6669816,6561791,6661426,6601833,6517428,6624367,6599400,6531752,6567459,6526394,6546855,6426973
762,31,1,63,6725366,6698072,6577613,6621390,6554441,6603810,6598936,6573411,6656791,6548449,6647629,6588497,6504413,6610969,6585545,6518017,6553891,6512609,6533352,6413665
763,0,1,63,6737785,6711061,6589205,6633450,6566565,6616282,6611729,6585813,6669557,6560927,6660921,6601334,6516996,6623853,6599102,6531196,6566326,6525532,6546154,6425518
764,31,1,63,6726337,6699137,6577773,6621674,6554813,6603768,6600308,6574206,6657849,6548741,6648563,6588816,6504951,6611280,6586596,6518303,6553736,6512843,6533593,6414074
765,0,1,63,6738897,6711190,6590519,6634576,6567451,6616449,6612670,6587425,6670770,6561690,6661565,6602049,6517375,6624219,6599356,6532284,6566785,6526140,6547174,6426660
766,31,1,63,6726522,6698686,6578440,6622903,6555922,6605216,6600654,6575216,6658232,6550109,6649015,6589239,6505223,6612209,6586954,6519621,6554873,6514457,6534655,6414150
767,0,1,63,6738667,6710733,6590782,6635089,6567941,6617306,6612666,6587262,6670268,6561814,6662255,6602246,6517605,6624959,6599631,6532226,6567334,6526620,6547387,6426556
768,31,1,63,6725187,6698112,6578261,6622262,6555937,6605467,6600208,6574625,6657379,6548970,6648839,6589677,6504572,6613065,6586950,6519416,6553847,6513825,6533666,6413826
769,0,1,63,6737962,6711193,6590794,6634853,6568824,6618368,6613218,6587305,6670865,6562707,6662115,6602407,6517055,6625889,6599918,6532203,6566682,6526877,6547727,6427155
770,31,1,63,6725087,6698362,6577424,6621184,6555551,6604815,6599880,6573408,6656831,6548751,6648151,6589012,6504054,6611505,6586342,6517770,6552441,6512506,6533373,6413664
771,0,1,63,6738099,6711329,6590886,6634059,6567922,6617493,6612743,6586106,6669831,6561375,6661282,6601966,6516603,6624680,6598887,6531764,6566686,6525890,6546897,6426794
772,31,1,63,6725584,6699241,6578000,6621844,6556503,6605475,6600262,6573808,6657468,6549600,6648844,6589886,6504404,6612857,6586514,6518795,6553413,6513174,6534585,6414486
773,0,1,63,6737345,6710442,6589479,6633707,6568187,6617325,6612191,6585521,6669694,6561739,6660847,6601650,6516412,6624714,6598803,6530978,6565994,6524976,6546181,6425957
774,31,1,63,6725763,6698635,6577970,6621822,6556721,6605439,6600073,6573833,6657755,6549298,6649090,6589626,6504630,6612955,6586518,6518724,6552546,6513158,6534095,6413703
775,0,1,63,6738167,6711600,6590028,6634593,6568194,6617838,6611841,6586012,6670189,6562106,6662283,6602644,6517215,6625747,6598762,6532215,6565600,6526021,6546891,6426497
776,31,1,63,6725935,6699554,6578425,6622189,6556327,6605229,6600900,6574050,6657718,6549093,6649250,6589978,6504733,6613334,6586323,6519261,6553065,6513501,6534562,6413949
777,0,1,63,6738622,6712318,6590174,6633731,6568635,6617874,6613322,6586819,6670333,6562890,6662457,6602878,6518080,6625380,6600405,6532914,6566406,6526456,6547874,6427423
778,31,1,63,6725225,6697832,6577008,6620606,6555299,6604645,6600132,6573136,6656986,6548946,6648402,6589077,6504205,6612333,6585597,6518418,6553050,6512767,6533768,6413899
779,0,1,63,6737899,6710916,6590365,6634437,6568086,6617200,6613274,6586159,6670398,6561717,6661745,6602313,6517120,6624989,6599420,6532751,6565696,6525961,6546743,6427504
780,31,1,63,6724861,6698477,6577896,6621538,6555273,6604078,6600807,6573594,6657002,6548837,6648026,6589588,6504203,6612144,6585657,6519248,6552141,6512929,6533089,6414430
781,0,1,63,6738544,6710867,6590927,6634758,6568210,6617426,6613551,6587246,6670056,6562216,6661833,6602253,6517830,6625183,6599445,6532182,6566277,6526468,6546882,6427658
782,31,1,63,6725774,6698313,6577972,6621655,6555337,6605065,6600667,6574306,6656933,6548805,6648596,6589059,6504657,6611815,6586764,6518358,6551720,6512619,6533863,6414173
783,0,1,63,6738017,6710871,6590335,6633791,6568146,6617668,6612892,6586659,6669639,6560854,6661492,6601838,6516498,6624157,6599166,6531727,6564643,6525940,6546713,6427173
784,31,1,63,6723912,6697621,6577079,6620368,6554254,6603373,6599161,6573135,6656583,6547166,6647141,6587974,6503132,6611259,6585241,6517826,6550838,6511422,6532616,6412634
785,0,1,63,6737280,6711333,6590089,6633527,6567453,6616653,6612319,6586007,6669848,6561566,6661572,6601755,6516313,6624700,6599062,6531123,6565361,6525806,6546448,6426018
786,31,1,63,6725710,6699437,6578208,6620871,6555989,6604913,6600677,6574331,6657782,6548677,6648295,6589160,6504082,6611583,6587123,6519037,6553142,6513137,6533948,6413745
787,0,1,63,6738222,6712058,6590087,6633830,6568577,6617500,6613111,6587094,6670218,6561593,6661836,6601874,6517088,6624274,6599198,6532121,6566181,6525861,6547108,6426479
788,31,1,63,6725941,6699487,6577559,6621556,6556204,6604671,6600558,6574789,6657386,6549439,6648706,6589058,6504540,6611677,6586078,6518850,6552933,6513081,6534312,6414021
789,0,1,63,6737623,6710951,6589325,6633021,6568524,6616276,6612573,6586237,6669802,6561673,6661050,6600771,6516410,6624036,6598836,6531454,6564964,6525954,6546038,6425539
790,31,1,63,6724757,6697829,6577287,6621333,6556335,6603459,6599411,6573635,6657089,6548012,6647382,6587624,6503365,6611556,6585035,6517797,6551533,6512432,6533120,6412814
791,0,1,63,6737619,6709935,6589607,6633814,6568723,6615883,6612049,6586493,6669601,6560965,6660624,6600631,6516115,6624764,6598732,6530863,6565332,6525169,6546432,6425793
792,31,1,63,6726101,6699085,6578511,6622618,6557358,6604757,6600874,6574233,6658500,6549871,6648752,6589615,6504687,6613013,6587519,6519162,6553522,6513681,6534274,6414144
793,0,1,63,6738585,6711620,6590601,6634750,6569230,6617132,6613616,6587160,6670920,6562286,6661592,6602193,6516963,6625141,6600214,6532048,6567258,6526196,6547486,6426680
794,31,1,63,6725158,6698668,6577547,6621381,6555546,6604050,6599742,6573855,6657700,6548794,6648452,6588596,6503969,6612267,6586735,6517969,6553400,6512708,6533639,6413712
795,0,1,63,6737857,6710946,6589636,6633749,6567694,6616478,6612114,6586211,6670318,6561906,6661114,6601631,6516349,6624281,6598763,6530955,6566635,6524773,6546591,6426778
796,31,1,63,6725599,6698714,6577414,6621346,6555768,6604181,6599830,6574636,6658066,6549829,6648019,6588911,6503602,6611870,6586287,6519182,6553886,6512714,6533477,6414739
797,0,1,63,6738043,6711874,6590450,6634555,6568880,6617861,6612440,6587072,6670746,6562719,6662074,6602183,6516691,6625014,6599936,6532191,6568056,6526196,6546574,6428086
798,31,1,63,6725808,6699452,6577830,6622324,6556368,6604881,6600446,6574975,6658398,6549142,6648283,6589393,6504514,6612440,6586545,6518567,6554717,6512994,6533859,6414801
799,0,1,63,6738461,6712231,6590637,6635556,6568991,6617438,6613806,6588194,6671768,6561659,6662523,6602947,6517379,6626628,6599147,6532116,6567703,6526647,6547634,6427573
800,31,1,63,6724429,6698536,6577529,6621625,6555443,6603028,6600038,6574377,6657937,6548608,6648137,6588479,6503881,6612969,6585093,6517649,6552788,6512315,6533773,6412905
801,0,1,63,6737113,6710770,6589415,6633414,6568000,6615788,6611889,6586378,6670548,6561529,6661331,6600790,6515914,6625246,6598571,6530974,6565860,6525070,6546262,6425596
802,31,1,63,6726331,6699736,6578748,6622970,6556790,6604721,6600536,6573908,6659025,6549917,6649123,6589633,6504823,6613281,6586258,6519069,6554657,6513559,6534605,6414619
803,0,1,63,6737958,6711347,6590121,6635080,6568061,6616906,6612456,6586326,6670954,6562048,6661704,6601794,6516179,6625136,6598027,6531375,6566734,6525443,6546929,6426946
804,31,1,63,6726023,6699244,6578255,6622567,6555617,6604430,6600568,6574353,6658528,6549641,6649220,6589231,6504140,6612617,6586846,6518880,6554044,6512403,6534165,6414823
805,0,1,63,6737646,6710921,6589691,6634197,6568328,6616613,6613178,6586330,6670297,6561991,6661694,6601187,6515720,6624830,6599390,6530820,6566712,6525550,6546334,6426567
806,31,1,63,6724958,6698079,6577500,6620797,6555695,6604174,6600130,6573683,6657326,6548762,6648728,6588520,6503489,6611662,6586825,6518206,6554176,6512246,6533770,6413855
807,0,1,63,6737733,6710503,6590259,6634248,6567774,6616460,6612366,6585481,6670249,6561685,6661321,6601460,6515681,6624170,6598960,6531588,6567267,6525460,6546601,6426564
808,31,1,63,6724531,6697279,6577567,6621866,6555542,6603790,6599337,6572827,6657138,6548839,6648234,6587996,6503052,6611542,6585127,6517897,6554124,6512259,6532507,6413454
809,0,1,63,6736866,6709857,6589640,6633877,6566998,6616272,6612414,6585698,6670594,6561909,6661025,6600999,6515985,6623775,6597956,6531132,6566504,6525415,6544799,6426274
810,31,1,63,6726251,6698911,6578301,6621773,6556134,6604732,6600812,6574715,6658586,6550394,6649433,6589344,6504698,6612599,6586408,6519557,6554786,6513718,6533576,6414582
811,0,1,63,6737672,6710860,6590188,6634300,6567748,6617107,6613001,6586893,6671044,6561793,6661922,6601849,6516731,6624773,6598882,6531997,6567368,6526348,6545893,6426340
812,31,1,63,6725073,6698472,6577402,6621824,6555169,6604205,6599484,6574634,6657967,6548653,6647935,6588977,6504312,6612041,6586503,6518535,6554583,6512727,6533298,6414111
813,0,1,63,6737883,6710724,6590459,6634693,6568353,6616772,6612127,6587148,6671130,6561695,6661420,6601776,6516850,6625228,6599505,6531591,6567374,6525798,6546503,6427281
814,31,1,63,6725007,6697775,6577761,6621598,6555414,6603246,6599084,6574060,6657609,6547765,6647764,6588532,6504024,6611369,6585918,6518172,6553801,6512714,6533746,6413946
815,0,1,63,6737607,6710864,6590331,6634908,6568444,6616842,6612414,6586919,6670958,6560391,6661173,6601413,6516836,6625065,6598277,6531381,6567031,6525773,6547264,6426614
816,31,1,63,6726507,6699288,6578296,6623197,6557217,6605206,6600532,6574550,6658933,6548580,6649238,6589605,6505614,6613195,6587021,6519534,6554287,6514356,6535409,6414797
817,0,1,63,6738631,6711342,6590967,6635239,6569645,6617620,6613352,6586991,6671484,6561308,6662179,6602691,6517416,6626076,6599464,6532550,6567398,6527480,6548436,6427387
818,31,1,63,6725906,6698622,6578058,6621955,6556597,6603951,6600266,6573399,6657759,6548102,6648560,6589642,6504463,6612196,6586491,6519223,6553449,6514090,6534052,6414163
819,0,1,63,6737475,6710540,6589539,6633817,6568237,6615948,6612341,6585535,6669746,6559958,6661621,6601438,6516885,6624027,6598420,6531806,6565963,6525924,6546754,6425963
820,31,1,63,6726057,6698860,6578771,6622316,6557564,6604309,6600305,6573786,6658424,6548752,6649043,6590260,6504953,6612316,6587227,6519598,6554217,6514181,6534332,6414615
821,0,1,63,6739132,6710980,6590936,6634284,6569611,6616945,6612861,6586841,6671591,6561038,6661789,6602298,6517147,6624940,6599621,6532705,6567274,6526686,6547460,6427116
822,31,1,63,6725701,6698089,6578090,6621903,6556566,6603980,6600212,6574251,6658363,6548297,6648723,6588874,6504292,6612126,6585703,6519316,6554352,6513393,6534290,6414227
823,0,1,63,6739705,6711975,6591070,6635481,6571008,6617305,6614134,6587956,6672143,6562646,6663009,6602969,6518523,6625132,6599748,6533051,6569283,6527435,6548763,6427828
824,31,1,63,6726724,6699400,6578147,6622205,6557432,6604755,6601338,6575013,6659184,6549739,6649230,6589617,6505756,6612365,6587292,6520184,6555552,6514592,6535010,6414950
825,0,1,63,6738955,6712256,6590953,6635495,6569812,6617542,6613614,6587893,6671244,6562851,6662191,6602862,6518774,6626193,6600671,6533317,6568202,6527212,6548560,6428532
826,31,1,63,6724952,6698014,6577891,6622256,6556133,6603792,6599869,6574164,6657549,6549034,6648154,6589084,6504683,6611598,6586230,6518697,6554455,6513427,6535155,6414568
827,0,1,63,6738409,6710537,6590235,6634790,6568905,6616665,6612556,6586853,6670812,6562237,6662106,6601987,6517662,6625054,6599746,6532762,6567319,6527044,6548296,6427717
828,31,1,63,6726894,6699190,6579411,6623515,6557388,6605425,6601254,6575868,6659081,6550175,6649818,6590788,6506483,6613571,6587931,6520975,6555280,6514883,6536372,6415564
829,0,1,63,6738783,6710936,6590299,6635717,6569229,6618069,6613023,6587767,6670923,6562485,6661962,6603411,6518029,6626131,6600744,6533496,6567586,6527347,6548653,6427721
830,31,1,63,6725603,6698036,6577496,6622588,6555648,6604359,6599860,6574181,6657738,6548993,6648101,6589782,6504535,6612153,6587466,6520003,6553423,6513756,6534535,6414377
831,0,1,63,6738750,6709978,6589364,6635093,6568006,6616823,6612512,6586323,6670632,6561761,6661312,6602389,6517252,6624406,6599446,6533288,6566440,6526289,6547661,6426364
832,31,1,63,6726996,6698452,6577324,6622448,6556119,6604577,6600824,6573944,6658948,6550505,6649070,6589447,6505326,6612744,6587404,6520660,6553208,6514414,6534928,6414249
833,0,1,63,6739090,6710653,6589536,6634358,6569138,6616689,6613528,6586703,6671694,6563172,6661888,6602375,6517552,6625568,6600027,6533350,6566341,6527237,6547910,6427660
834,31,1,63,6726827,6698549,6577177,6621776,6555976,6604244,6600338,6573703,6658778,6549471,6648918,6589903,6504596,6612564,6587769,6519924,6553516,6514003,6535131,6414971
835,0,1,63,6738260,6710345,6588705,6634078,6567379,6617076,6612783,6585984,6670689,6562700,6660860,6601907,6516945,6624986,6600069,6532287,6566170,6526009,6547093,6426571
836,31,1,63,6726089,6698048,6577634,6622380,6556520,6605146,6600088,6574309,6658394,6549710,6648308,6589702,6505028,6612540,6587096,6519570,6553764,6514169,6534841,6413989
837,0,1,63,6738385,6710745,6589074,6634924,6569422,6616803,6612238,6586360,6670756,6562910,6662008,6602306,6517513,6625198,6600209,6532943,6566920,6526732,6547922,6426210
838,31,1,63,6726576,6698874,6577468,6622753,6556741,6604296,6600584,6574457,6658241,6549931,6649526,6589771,6505466,6612776,6586897,6519900,6554441,6514464,6534964,6413905
839,0,1,63,6738618,6711418,6590078,6634954,6568498,6617198,6613696,6586556,6671125,6562833,6661961,6602762,6517276,6625618,6599041,6533112,6567141,6526963,6547104,6426569
840,31,1,63,6726223,6699300,6578115,6622273,6556121,6604707,6600420,6573921,6658440,6549812,6648945,6589271,6505404,6612736,6586909,6520047,6554079,6514173,6534250,6414035
841,0,1,63,6738142,6711575,6589955,6633456,6567932,6616601,6612175,6586419,6670629,6562173,6661553,6601562,6517124,6624483,6599204,6532404,6567624,6526717,6546624,6426115
842,31,1,63,6725586,6699454,6578414,6622299,6555869,6604433,6601223,6574587,6657645,6549345,6649187,6589638,6505534,6612196,6587024,6519877,6555026,6514414,6534773,6414335
843,0,1,63,6737693,6711343,6589408,6633789,6567579,6616276,6612764,6587033,6669778,6561635,6662405,6601677,6516826,6623712,6599242,6532866,6567251,6526085,6547611,6426130
844,31,1,63,6725617,6698499,6577057,6621248,6555864,6603424,6599574,6573506,6656650,6548313,6648688,6588539,6503318,6610188,6585552,6519064,6553219,6512666,6534313,6413538
845,0,1,63,6738823,6711927,6590563,6634843,6569377,6617784,6613004,6587593,6670588,6561541,6662595,6602376,6517964,6624115,6599629,6533007,6568031,6526628,6547792,6427220
846,31,1,63,6726041,6699673,6577534,6621346,6556359,6604282,6599611,6574345,6657776,6549014,6649062,6589023,6504472,6611371,6586850,6518976,6553046,6512194,6534242,6414744
847,0,1,63,6738411,6711535,6588970,6633873,6568944,6616815,6612839,6587065,6669836,6561991,6662067,6602210,6516719,6624683,6598980,6532538,6565795,6525480,6546990,6427296
848,31,1,63,6726706,6699229,6577186,6621926,6556544,6604273,6600508,6574276,6657580,6549171,6649042,6589285,6504364,6611857,6585846,6519127,6553966,6512886,6533840,6415223
849,0,1,63,6738853,6711513,6589910,6634397,6568631,6616945,6613144,6587360,6670505,6561951,6662273,6602129,6517599,6624793,6598564,6532394,6567727,6525895,6547433,6427523
850,31,1,63,6726630,6699074,6577794,6622043,6556299,6604727,6600228,6575042,6657516,6549409,6649808,6589446,6504534,6612065,6586449,6518542,6554626,6513304,6534659,6414912
851,0,1,63,6739264,6711690,6589858,6634189,6568334,6617353,6613295,6587759,6670555,6562148,6662736,6602567,6517369,6624564,6599508,6531653,6567202,6526812,6547595,6427533
852,31,1,63,6726622,6699544,6577966,6622141,6556416,6604587,6600599,6575153,6657967,6549759,6649695,6589834,6505047,6612389,6587034,6519160,6554456,6513797,6535723,6415149
853,0,1,63,6739572,6712897,6590118,6634978,6569461,6617572,6613086,6587991,6670524,6562951,6662605,6602415,6517436,6625061,6599776,6532579,6568246,6527021,6547763,6428283
854,31,1,63,6726431,6700063,6577614,6622064,6556707,6605860,6600613,6575154,6658028,6549794,6649514,6589700,6504933,6613238,6586187,6520067,6554791,6514251,6534595,6415293
855,0,1,63,6738885,6712201,6590005,6633928,6568594,6617315,6613210,6588088,6670623,6561912,6661805,6602003,6516682,6626233,6599111,6532749,6567792,6526691,6547967,6427503
856,31,1,63,6725827,6699818,6578433,6621431,6556526,6605754,6600369,6575780,6658350,6550135,6649356,6589827,6505135,6612998,6586768,6519852,6554358,6514057,6535330,6415530
857,0,1,63,6737913,6711480,6589616,6632882,6568285,6617332,6612467,6587229,6670187,6561870,6661473,6601568,6517009,6624398,6598840,6532142,6567095,6526127,6547498,6426819
858,31,1,63,6724869,6698604,6576723,6621045,6555470,6603946,6599395,6574295,6657426,6548894,6648221,6589011,6503722,6611134,6586705,6519225,6554082,6513271,6534086,6414098
859,0,1,63,6738484,6711932,6589845,6634210,6568852,6617323,6612625,6586881,6670522,6561646,6661506,6602213,6517345,6624761,6599534,6532246,6567391,6526380,6547335,6427492
860,31,1,63,6726252,6699427,6577460,6622489,6556662,6605231,6600180,6574944,6658228,6549050,6649314,6589773,6505140,6612125,6587187,6519428,6553764,6513642,6534356,6415052
861,0,1,63,6738315,6712077,6589476,6634739,6568407,6617050,6612984,6587236,6670562,6561408,6662761,6602659,6518013,6625352,6600227,6532155,6567167,6526871,6547062,6427210
862,31,1,63,6726470,6700207,6577763,6622558,6556159,6604519,6600602,6575354,6658239,6548572,6649619,6589515,6505726,6612284,6587127,6519829,6554721,6513908,6534601,6415421
863,0,1,63,6738651,6712889,6589844,6634683,6568846,6617628,6613202,6588272,6670932,6561837,6662361,6602333,6517940,6625461,6599957,6533655,6567927,6526990,6547346,6427413
864,31,1,63,6727072,6700819,6578492,6622926,6556148,6605886,6600905,6575978,6658258,6550064,6649684,6589778,6505833,6612902,6588058,6521037,6554968,6514076,6535116,6414633
865,0,1,63,6739846,6713087,6590876,6634955,6568533,6618835,6613958,6588382,6671117,6563453,6662560,6602992,6518271,6625365,6600545,6533738,6568083,6527050,6548183,6427287
866,31,1,63,6726269,6699449,6577633,6620763,6555204,6605202,6599531,6574777,6657310,6549060,6648686,6589032,6504733,6611009,6586749,6519587,6552768,6513075,6533818,6413244
867,0,1,63,6738929,6712141,6590254,6633780,6568417,6618001,6612466,6587868,6670894,6562179,6662047,6602427,6518183,6624898,6599695,6533192,6566130,6527070,6547674,6426458
868,31,1,63,6725676,6699272,6577345,6620561,6555893,6604989,6599873,6574527,6657490,6549555,6647605,6588822,6504421,6612055,6586078,6518987,6552083,6512792,6533712,6413785
869,0,1,63,6739394,6712432,6590117,6633979,6568674,6618029,6613200,6587556,6670693,6562301,6661776,6601730,6517914,6625240,6600210,6532843,6565820,6526523,6546441,6426619
870,31,1,63,6726972,6700126,6578637,6621880,6556343,6605865,6600666,6574933,6658123,6549791,6648593,6589349,6506109,6612291,6587114,6519825,6553256,6513968,6534305,6414181
871,0,1,63,6739514,6712364,6591277,6634366,6568972,6618531,6613561,6587352,6671234,6562912,6662331,6603064,6518418,6625121,6599882,6533369,6566509,6527342,6547175,6427406
872,31,1,63,6726056,6697960,6577632,6621201,6555636,6604893,6599778,6573858,6657707,6548733,6648151,6589434,6505255,6611795,6586477,6519383,6552745,6513183,6533448,6413794
873,0,1,63,6738425,6710096,6589286,6634420,6567913,6618139,6612669,6586275,6670308,6562075,6661457,6602631,6517729,6624530,6599116,6532275,6566368,6526434,6546993,6425845
874,31,1,63,6727046,6698372,6577721,6622643,6556382,6605967,6601084,6574012,6658058,6549844,6649346,6589953,6506021,6612040,6586736,6518959,6553737,6513868,6534630,6413835
875,0,1,63,6737772,6710770,6589470,6635122,6567937,6617129,6612600,6586305,6669562,6561508,6662098,6601870,6517118,6624023,6599291,6531576,6566525,6526262,6546451,6425818
876,31,1,63,6725103,6697960,6577045,6621898,6555248,6603998,6598807,6573268,6656550,6548712,6648234,6588817,6504762,6610976,6586013,6519209,6553280,6513224,6533947,6412967
877,0,1,63,6737931,6711328,6589904,6634514,6568417,6617286,6612368,6586885,6670095,6561285,6661995,6602395,6517139,6624936,6599197,6532596,6566902,6527033,6546776,6426607
878,31,1,63,6725233,6699006,6577598,6621768,6555773,6605072,6600022,6573964,6658323,6548810,6649260,6589261,6505206,6612391,6586531,6519502,6553608,6512757,6533731,6414089
879,0,1,63,6738241,6711805,6589893,6635130,6568771,6617668,6613655,6586992,6671006,6561316,6662143,6602152,6518446,6624269,6599761,6532662,6566170,6526635,6547321,6426764
880,31,1,63,6726536,6699980,6577531,6622955,6556396,6606028,6601454,6574514,6658776,6549088,6650249,6590299,6505880,6612072,6588252,6519750,6552667,6514107,6535009,6414059
881,0,1,63,6737687,6711581,6589371,6634548,6568496,6617654,6613060,6586609,6670566,6560587,6662427,6601822,6517452,6624161,6599936,6532032,6565399,6526309,6547502,6425884
882,31,1,63,6726050,6698923,6576803,6621855,6555859,6604322,6600407,6574096,6657685,6547736,6648563,6588738,6505137,6611198,6587278,6518985,6552835,6512977,6534306,6413976
883,0,1,63,6737961,6711473,6588865,6633548,6567977,6616780,6612516,6586340,6669981,6560328,6661044,6601792,6516847,6623226,6598811,6531490,6565407,6526180,6546907,6426324
884,31,1,63,6725745,6699704,6577652,6621456,6556773,6604828,6601061,6574433,6657548,6547775,6649340,6589471,6505386,6612092,6587391,6519392,6552673,6513487,6534551,6414646
885,0,1,63,6738268,6712074,6589697,6634216,6568622,6617123,6613131,6586659,6670608,6560710,6662564,6601457,6517694,6624030,6600252,6531708,6566196,6526030,6546891,6426097
886,31,1,63,6725478,6699370,6577326,6621920,6556332,6604516,6599816,6574339,6657856,6548456,6648678,6588591,6504558,6611170,6586851,6518565,6552717,6513307,6533882,6413426
887,0,1,63,6738108,6712449,6589517,6634603,6568788,6616702,6613232,6587783,6670599,6561229,6661727,6601683,6517741,6624413,6599823,6532390,6567262,6526362,6547869,6426998
888,31,1,63,6725181,6699316,6576452,6621458,6555904,6603792,6599844,6574951,6657713,6547405,6648318,6588590,6503947,6611318,6586324,6518595,6553448,6512884,6533814,6413532
889,0,1,63,6738210,6712010,6588855,6634223,6567807,6616942,6613026,6587760,6670350,6560430,6661575,6601044,6516305,6623922,6599347,6531948,6566359,6525768,6546667,6425646
890,31,1,63,6725671,6700095,6577007,6622455,6556720,6604710,6600541,6574864,6658037,6548702,6649564,6589170,6504040,6611472,6586718,6519158,6553423,6513284,6534374,6413594
891,0,1,63,6738925,6712531,6589958,6635158,6569384,6617277,6613547,6588665,6671322,6562279,6662977,6602776,6517416,6625095,6600522,6532768,6566791,6527016,6548027,6427139
892,31,1,63,6725942,6699066,6576714,6621168,6556458,6603899,6600149,6575781,6657416,6548594,6649288,6588732,6504176,6611845,6586722,6519387,6552777,6513542,6534235,6414012
893,0,1,63,6737765,6711269,6589760,6634049,6568735,6616238,6612624,6587674,6670103,6561041,6662996,6601634,6517319,6625369,6600095,6532537,6566607,6526269,6547152,6426949
894,31,1,63,6725040,6698602,6577251,6620656,6556178,6603510,6599729,6574476,6657543,6548180,6649614,6589072,6504281,6612232,6586369,6519168,6554164,6513581,6533506,6413879
895,0,1,63,6737858,6711575,6589443,6633045,6568592,6616290,6612649,6587337,6670356,6560287,6662300,6601716,6517288,6624505,6599310,6531697,6566085,6526389,6545955,6426701
896,31,1,63,6724425,6699040,6577167,6620744,6555509,6603940,6599650,6574327,6656953,6548015,6648755,6588605,6504853,6611587,6586699,6518328,6552888,6512773,6532656,6413900
897,0,1,63,6737507,6711161,6589532,6633033,6568248,6616039,6612251,6587133,6669548,6561042,6661882,6601352,6516870,6624199,6599360,6531321,6566175,6525941,6546158,6425838
898,31,1,63,6724898,6699076,6577388,6621149,6556330,6603972,6600356,6574412,6657166,6548319,6649178,6588986,6504141,6612054,6586326,6518656,6552735,6513280,6533635,6413017
899,0,1,63,6737782,6711965,6589988,6634715,6568904,6617166,6612715,6587204,6669961,6561051,6662422,6602002,6517020,6624336,6599969,6531537,6566710,6525899,6545796,6425494
900,31,1,63,6725378,6700523,6577882,6622486,6556524,6604752,6601138,6575182,6658096,6550171,6650133,6590232,6505053,6612521,6587200,6519565,6554428,6513308,6533580,6414281
901,0,1,63,6737461,6712567,6589940,6635086,6568471,6616749,6613174,6586804,6670134,6562649,6661974,6602247,6517737,6625004,6599655,6531812,6567140,6526165,6546386,6426170
902,31,1,63,6726372,6700753,6578776,6623742,6556194,6605099,6601532,6575292,6658424,6550459,6650059,6590610,6506145,6612945,6587338,6519899,6554137,6514292,6534807,6414612
903,0,1,63,6736647,6711920,6590293,6635189,6567567,6615855,6612610,6586697,6670144,6562137,6662096,6601722,6516739,6623873,6599229,6531257,6566402,6525689,6546636,6425894
904,31,1,63,6723749,6699498,6577097,6622148,6555136,6603443,6599885,6573902,6657466,6548380,6648690,6588785,6503725,6610790,6586123,6518004,6553118,6512146,6533077,6412790
905,0,1,63,6737640,6712397,6589795,6635537,6567359,6616779,6613486,6587326,6670917,6561553,6662608,6601899,6517240,6623435,6599764,6531836,6566616,6525254,6546751,6426360
906,31,1,63,6725169,6699823,6577579,6622498,6555441,6604539,6600682,6574471,6657915,6548985,6649388,6589021,6504686,6611221,6586779,6519256,6553050,6513413,6533464,6414485
907,0,1,63,6737845,6711387,6590084,6635322,6568188,6616686,6613457,6586819,6670541,6561808,6662171,6601622,6517015,6624008,6599230,6532326,6565960,6526264,6545781,6426778
908,31,1,63,6725320,6699452,6577523,6622520,6555444,6604411,6600286,6574039,6657957,6549163,6649098,6588641,6504662,6611234,6586381,6518923,6552728,6513046,6532483,6413495
909,0,1,63,6738886,6712252,6589765,6635406,6567388,6617865,6612518,6587080,6670606,6562300,6662555,6602221,6517867,6624502,6599455,6532417,6566733,6526875,6546346,6426966
910,31,1,63,6726089,6699853,6577768,6623577,6555938,6605779,6600892,6574851,6658434,6549921,6650062,6590109,6505158,6612816,6586820,6519699,6553766,6514240,6534097,6415332
911,0,1,63,6737539,6711580,6590213,6636053,6569147,6618048,6612948,6587454,6671032,6563154,6662959,6602628,6517576,6625768,6599723,6532696,6567035,6526866,6547561,6427606
912,31,1,63,6725179,6699519,6578254,6622885,6556338,6605242,6600493,6574868,6657980,6549716,6649243,6589656,6504370,6612473,6586725,6519558,6553338,6513643,6533869,6414572
913,0,1,63,6737744,6711960,6590136,6635202,6568510,6617429,6612661,6586755,6670728,6562118,6662071,6602634,6517008,6624821,6599297,6532059,6567127,6525908,6546487,6426803
914,31,1,63,6725597,6699970,6578208,6623397,6556938,6605141,6600429,6574937,6659070,6549550,6649307,6590399,6505198,6613251,6586903,6519620,6553404,6513478,6533991,6414722
915,0,1,63,6738677,6711709,6589806,6635501,6569080,6617099,6612795,6587577,6671234,6562208,6661831,6602132,6516999,6625002,6598910,6532703,6565958,6525930,6546861,6426053
916,31,1,63,6725509,6699332,6577733,6622982,6555835,6604517,6600298,6574943,6658161,6549420,6649254,6589255,6504690,6611801,6586735,6519855,6553242,6512842,6533457,6413612
917,0,1,63,6737957,6711804,6589834,6634564,6568456,6617467,6612737,6588020,6671104,6561937,6661393,6601661,6517235,6624521,6599455,6532947,6566885,6525281,6545853,6426507
918,31,1,63,6725692,6698922,6577147,6622327,6555514,6604919,6600360,6574800,6658095,6549162,6647934,6589131,6504570,6611576,6586485,6519329,6554588,6512634,6532510,6413028
919,0,1,63,6738282,6712005,6588958,6634783,6567317,6617613,6612017,6587083,6670871,6562002,6661260,6601778,6516678,6624719,6598650,6532184,6567360,6525590,6546688,6425720
920,31,1,63,6725829,6699102,6576669,6622299,6555349,6604772,6599863,6574439,6658235,6548860,6647733,6589377,6504183,6611981,6586388,6519137,6554311,6512431,6533325,6413710
921,0,1,63,6738338,6711993,6589019,6635103,6567850,6617466,6612013,6587148,6670830,6561861,6661191,6602070,6516533,6624777,6598853,6532749,6567185,6525276,6546760,6425632
922,31,1,63,6724970,6699100,6577397,6622141,6555284,6604270,6599016,6573642,6658076,6548740,6648417,6589142,6504441,6612040,6585189,6519526,6553361,6512411,6532962,6412875
923,0,1,63,6737316,6711314,6588800,6634396,6567740,6615475,6611248,6586267,6669867,6561193,6660689,6601010,6516316,6624135,6596868,6531905,6566087,6525169,6546066,6425645
924,31,1,63,6725410,6699032,6577003,6621920,6554978,6603296,6599268,6574636,6657939,6549038,6647299,6588916,6504043,6611579,6585113,6518838,6553522,6512818,6532917,6413873
925,0,1,63,6737989,6710932,6588840,6633499,6566541,6615822,6611928,6586586,6670119,6560931,6660046,6601102,6516262,6624320,6598318,6531500,6566666,6525061,6545664,6426167
926,31,1,63,6725434,6698869,6576880,6621710,6555066,6603775,6599154,6574313,6657891,6548018,6647932,6588487,6503851,6611914,6585802,6518366,6553558,6511685,6532905,6414157
927,0,1,63,6736893,6710531,6588176,6633998,6566821,6615597,6611671,6585698,6669384,6559941,6659499,6600545,6515542,6624407,6597810,6530894,6566679,6524308,6545468,6426393
928,31,1,63,6726076,6698486,6576801,6623049,6555941,6603755,6600079,6574341,6658378,6549675,6647551,6589215,6504100,6612957,6586178,6519124,6554065,6512850,6533082,6415071
929,0,1,63,6738392,6711349,6590191,6634915,6568106,6616706,6612572,6587215,6671009,6562589,6660275,6601872,6516643,6624392,6598710,6532177,6566769,6525602,6546754,6426499
930,31,1,63,6726397,6700114,6578523,6623921,6556934,6604884,6601013,6575557,6659252,6550158,6648115,6590015,6505188,6613733,6586491,6519907,6555055,6513424,6534591,6415288
931,0,1,63,6737985,6711076,6589330,6635002,6567927,6616108,6612430,6587385,6670520,6561722,6659905,6601647,6516647,6626039,6598291,6531936,6567477,6525199,6546491,6426653
932,31,1,63,6725883,6698677,6577277,6622039,6555863,6604009,6599487,6574686,6657480,6549092,6646977,6588387,6504156,6613644,6585078,6518663,6554434,6511914,6533180,6413615
933,0,1,63,6737384,6710987,6589650,6634650,6567889,6616040,6611308,6586902,6669795,6561368,6659116,6601232,6516513,6625632,6597999,6531817,6567599,6524995,6545606,6425991
934,31,1,63,6725921,6699449,6578013,6623174,6557344,6604652,6599443,6574958,6657870,6550133,6647308,6589280,6504871,6613974,6586884,6519466,6555521,6513069,6533319,6414085
935,0,1,63,6738552,6712239,6590381,6635298,6569332,6617276,6611663,6587291,6670831,6562796,6660460,6601669,6517617,6626070,6599840,6532173,6568521,6525818,6546821,6427053
936,31,1,63,6726017,6699346,6578464,6623020,6556773,6604756,6599503,6574542,6658146,6549688,6647758,6588352,6504371,6612864,6586117,6518901,6554999,6512785,6533381,6414413
937,0,1,63,6738651,6712070,6591570,6636076,6570116,6616941,6612758,6587409,6671231,6562803,6661072,6602121,6517408,6626110,6599231,6532781,6568201,6526027,6547178,6427168
938,31,1,63,6724912,6698810,6577987,6622727,6555900,6604598,6599051,6574412,6657633,6548649,6646857,6588757,6503582,6611193,6585487,6519171,6554077,6512427,6533072,6413571
939,0,1,63,6737081,6711349,6590184,6635096,6568533,6616766,6612051,6586627,6670256,6562381,6660345,6601593,6516813,6623926,6599238,6532619,6567550,6525780,6545931,6426099
940,31,1,63,6726254,6699205,6579247,6623441,6557271,6605621,6600302,6574639,6658192,6550887,6648593,6589599,6504796,6612682,6586333,6519980,6555082,6512943,6534651,6414537
941,0,1,63,6737533,6711536,6590460,6635913,6569255,6617692,6612862,6587223,6670232,6563055,6661464,6601805,6516774,6625564,6599127,6533493,6567992,6525985,6547222,6426653
942,31,1,63,6725951,6700198,6578565,6623697,6556697,6605758,6600817,6574373,6657757,6550598,6648153,6589733,6504663,6613448,6586526,6520620,6554950,6513427,6534941,6414156
943,0,1,63,6737419,6712062,6589889,6635668,6568754,6617136,6612588,6586377,6669956,6562867,6661037,6602150,6516458,6625533,6597914,6532721,6566531,6525748,6546859,6425846
944,31,1,63,6723975,6699427,6577189,6622738,6555961,6604135,6599864,6573750,6657055,6549712,6647060,6588384,6503498,6611986,6584809,6519311,6553164,6512287,6533269,6413552
945,0,1,63,6737846,6712437,6590021,6635551,6569085,6617871,6613396,6587417,6670834,6563808,6661713,6602035,6516433,6626524,6598909,6532832,6566659,6526538,6546905,6425933
946,31,1,63,6725711,6699760,6577430,6622403,6556505,6604564,6599662,6574749,6658056,6550260,6648789,6589104,6503688,6613579,6586290,6519996,6553425,6512811,6533893,6413391
947,0,1,63,6737243,6712160,6589805,6634029,6568127,6617259,6612063,6586835,6669480,6562620,6660631,6601661,6516092,6624539,6598313,6532998,6566304,6525697,6546449,6425980
948,31,1,63,6726075,6700056,6577903,6623430,6556439,6606082,6600525,6575569,6658224,6550710,6648619,6590395,6505224,6613239,6586615,6520096,6554225,6513761,6534529,6414593
949,0,1,63,6738064,6711741,6589636,6635419,6568270,6617055,6612307,6587446,6670597,6562632,6661314,6602282,6517342,6625298,6598223,6532987,6567757,6526244,6546879,6426414
950,31,1,63,6725132,6699247,6577459,6622256,6556009,6604299,6599525,6574671,6657522,6550415,6647960,6589314,6504808,6612233,6585943,6519845,6554055,6513039,6533599,6413680
951,0,1,63,6736799,6711814,6589301,6634312,6568105,6616607,6612427,6587635,6670359,6562550,6660793,6601800,6517371,6625134,6598540,6532203,6567143,6525619,6546799,6426438
952,31,1,63,6724932,6699106,6576951,6622266,6556029,6604998,6599571,6575175,6657499,6549649,6648085,6589503,6505606,6612631,6586270,6519520,6553925,6512756,6533705,6414184
953,0,1,63,6737338,6711500,6589037,6634461,6567856,6617519,6611519,6586793,6670116,6561967,6660589,6601816,6518082,6625436,6598799,6532740,6566272,6525623,6546486,6427206
954,31,1,63,6724542,6698738,6576421,6621408,6555084,6604834,6598891,6574025,6656876,6549142,6647245,6588652,6504703,6611896,6586015,6519214,6553421,6512557,6533124,6413888
955,0,1,63,6738084,6712427,6589478,6634892,6567931,6617744,6612991,6587604,6670228,6562578,6660504,6601924,6517937,6625182,6599108,6532247,6567623,6525885,6546981,6427151
956,31,1,63,6724515,6698997,6577138,6621494,6555897,6604574,6599768,6574541,6657300,6548646,6647291,6589205,6504603,6611451,6585325,6518962,6553732,6512779,6533847,6413779
957,0,1,63,6737563,6711822,6589914,6634969,6569417,6617679,6613006,6587503,6670644,6562484,6660889,6602380,6517553,6625381,6598960,6532227,6568076,6525738,6548020,6427639
958,31,1,63,6725315,6699564,6577597,6622252,6556008,6604815,6600082,6574772,6658014,6548932,6647580,6589301,6504935,6613197,6585752,6519176,6553508,6512955,6534430,6415041
959,0,1,63,6738476,6712388,6589959,6634399,6568379,6617237,6612818,6587451,6670307,6561750,6660616,6602368,6517684,6625573,6598708,6532526,6567529,6525871,6547469,6427775
960,31,1,63,6725095,6700305,6577514,6622304,6555839,6604806,6599550,6574507,6657787,6548709,6647858,6589773,6505020,6612859,6585744,6519631,6553359,6512441,6534592,6414574
961,0,1,63,6738146,6712612,6589456,6634776,6568388,6617416,6612838,6587536,6670806,6561350,6661193,6602495,6518650,6625500,6598438,6532299,6567027,6526245,6547160,6426840
962,31,1,63,6725622,6699885,6576742,6621677,6556050,6604661,6599156,6574747,6658058,6549091,6647748,6589888,6505811,6613077,6585847,6519057,6554018,6513640,6533540,6414295
963,0,1,63,6738011,6711601,6589510,6634503,6568222,6617195,6611835,6587131,6670373,6562493,6660656,6602757,6517843,6624849,6598615,6532127,6567682,6525670,6547041,6426850
964,31,1,63,6726340,6699165,6577273,6623131,6556050,6604476,6600088,6575090,6658064,6549714,6648273,6589954,6505494,6611516,6586593,6519246,6554953,6512963,6533811,6414185
965,0,1,63,6738098,6711425,6589623,6634439,6568139,6617087,6612745,6586506,6670984,6562433,6660874,6602760,6517334,6624371,6598599,6531898,6567470,6526058,6546441,6425832
966,31,1,63,6726463,6699779,6577426,6622678,6556253,6605154,6601207,6574988,6658448,6550019,6648001,6590393,6504981,6612645,6587229,6519473,6555315,6513519,6534459,6413789
967,0,1,63,6737791,6711603,6589328,6634989,6567951,6616752,6613092,6587244,6669831,6562143,6660173,6602402,6516767,6624298,6598012,6532365,6567425,6525273,6546901,6425921
968,31,1,63,6725576,6699569,6577497,6623185,6556598,6605359,6600760,6575355,6657619,6549118,6647998,6589588,6504610,6612260,6585980,6519523,6554710,6512870,6534297,6414043
969,0,1,63,6736962,6710495,6588371,6634223,6567250,6616448,6611334,6586458,6669346,6560893,6659982,6600867,6515832,6623662,6597177,6529998,6567111,6525146,6545983,6425407
970,31,1,63,6725647,6699203,6577560,6622631,6555850,6604883,6600463,6575005,6657823,6549910,6648307,6589424,6504998,6612159,6585514,6518572,6554071,6512600,6533953,6414299
971,0,1,63,6738032,6710863,6588803,6634582,6567548,6616795,6612560,6586416,6670175,6562284,6660506,6601673,6516673,6624389,6597217,6531699,6567142,6524603,6546223,6426535
972,31,1,63,6725679,6698352,6576335,6622446,6555206,6604150,6599490,6574189,6657340,6549828,6647929,6588841,6504167,6611437,6585401,6518610,6553926,6512002,6533424,6413225
973,0,1,63,6738289,6711074,6588826,6634750,6568013,6616428,6612531,6587331,6669492,6562640,6661123,6602049,6517195,6624388,6598263,6531732,6567160,6524862,6546507,6425572
974,31,1,63,6726847,6699949,6577617,6622499,6556830,6605602,6601322,6574927,6657846,6550949,6648634,6589601,6505252,6613020,6586474,6519720,6554815,6512386,6533583,6413848
975,0,1,63,6739439,6711502,6589217,6634467,6568282,6617164,6612706,6586970,6669501,6562971,6661334,6602138,6517318,6624337,6599057,6532277,6567494,6525168,6546379,6426458
976,31,1,63,6726180,6699375,6577070,6621935,6555671,6604191,6600458,6574922,6657660,6550344,6648275,6589664,6504838,6611657,6585943,6519263,6554008,6513062,6532945,6414300
977,0,1,63,6739190,6711342,6589815,6634484,6567834,6616765,6612747,6587530,6670410,6562516,6661098,6602511,6517116,6624391,6598541,6532014,6567205,6525349,6546340,6426503
978,31,1,63,6725939,6698459,6575976,6621521,6555280,6603864,6600254,6574193,6657228,6548875,6647200,6589445,6503863,6611682,6584745,6518422,6553528,6512164,6533021,6413399
979,0,1,63,6738327,6711367,6588057,6633990,6567981,6616450,6613033,6586832,6669896,6562741,6661195,6601902,6516699,6624577,6597689,6531779,6567500,6525492,6546864,6426227
980,31,1,63,6725784,6698618,6576117,6621944,6555979,6603572,6600190,6574039,6657266,6549759,6647776,6588688,6504790,6612078,6585387,6518693,6554385,6512504,6533922,6414137
981,0,1,63,6737093,6711377,6588234,6633770,6568260,6616755,6612538,6586696,6669795,6562003,6661270,6601431,6517025,6625142,6598516,6532078,6567404,6526091,6546077,6426619
982,31,1,63,6724775,6698931,6575932,6621938,6556041,6604262,6600371,6574510,6657219,6549582,6648366,6588601,6504290,6612330,6585852,6518895,6553975,6513204,6532897,6413903
983,0,1,63,6737975,6711567,6588846,6634356,6568066,6616162,6612751,6587005,6670547,6561641,6660995,6601772,6517019,6624081,6598372,6532155,6566893,6526219,6546307,6425756
984,31,1,63,6725624,6699334,6576527,6621618,6556023,6604308,6600322,6574101,6657484,6549348,6648298,6589688,6504589,6611649,6585792,6519393,6553563,6513095,6533403,6414217
985,0,1,63,6737924,6711564,6588893,6633874,6568761,6616765,6613104,6586683,6670131,6562112,6661383,6601778,6516918,6624521,6599251,6532521,6567346,6526018,6546376,6427047
986,31,1,63,6725349,6698750,6575703,6621084,6555833,6603472,6600269,6573490,6656960,6548348,6647302,6588042,6504229,6611092,6586087,6518566,6553662,6512243,6531991,6413377
987,0,1,63,6737718,6711698,6588869,6633707,6568928,6616233,6613301,6586695,6670118,6562153,6661074,6601178,6517546,6623918,6599023,6532480,6567833,6525983,6545657,6426939
988,31,1,63,6726234,6700354,6577518,6622495,6556393,6604657,6600514,6574331,6657783,6549302,6648756,6588570,6505177,6612410,6586010,6519563,6554555,6513494,6533655,6414444
989,0,1,63,6737859,6711813,6588390,6633882,6568202,6616105,6612252,6586096,6669398,6561899,6660888,6600822,6516661,6624472,6597528,6531947,6566034,6525282,6546004,6425761
990,31,1,63,6726406,6700116,6576664,6622532,6556646,6604757,6600836,6574525,6658295,6550172,6648556,6589140,6505060,6612769,6586162,6520299,6554062,6513381,6533815,6414525
991,0,1,63,6738597,6711417,6589136,6634013,6568012,6617169,6612929,6587086,6670798,6562337,6661305,6601804,6517417,6624638,6598521,6532500,6566442,6525523,6546599,6426789
992,31,1,63,6724793,6698983,6576522,6621949,6555403,6604029,6599950,6574561,6657437,6549417,6647801,6588956,6504679,6611847,6585447,6519091,6553058,6512483,6533664,6413677
993,0,1,63,6737053,6711240,6588821,6634584,6567385,6615915,6612736,6586201,6670092,6562724,6660711,6602394,6517169,6623940,6598666,6531582,6566341,6525525,6546136,6426359
994,31,1,63,6725116,6698653,6576756,6621598,6555487,6602860,6599798,6574179,6657527,6549625,6647797,6589681,6504269,6610959,6585398,6519030,6552820,6512493,6533322,6413455
995,0,1,63,6737258,6710836,6588519,6634524,6567840,6615505,6611865,6586608,6669422,6561222,6659861,6601592,6516625,6624312,6598164,6532244,6565362,6524890,6546447,6426418
996,31,1,63,6724811,6698683,6576674,6622137,6556277,6603675,6600476,6574614,6657461,6548805,6647423,6588949,6504669,6612932,6585856,6519308,6552407,6512724,6533401,6414135
997,0,1,63,6737459,6711807,6589320,6635389,6568781,6617390,6613455,6587440,6671563,6561961,6661170,6602695,6518006,6625637,6599744,6533526,6566269,6526058,6546672,6427314
998,31,1,63,6725351,6698978,6576952,6622724,6555497,6604543,6600505,6574650,6658078,6548990,6647491,6589282,6505006,6612417,6586442,6519172,6552465,6512620,6533515,6413984
999,0,1,63,6738365,6711240,6589165,6634326,6567892,6617598,6612599,6586963,6669949,6561997,6660208,6601969,6517596,6625800,6599575,6532263,6566098,6525913,6546714,6426076
